[21:56:13] [main/INFO] (FabricLoader/GameProvider) Loading Minecraft 1.16.1 with Fabric Loader 0.16.7
[21:56:13] [ForkJoinPool-1-worker-4/WARN] (FabricLoader/Metadata) Mod tungsten uses the version ALPHA-1.6.0-1.16.1-SNAPSHOT which isn't compatible with Loader's extended semantic version format (Could not parse version number component 'ALPHA'!), SemVer is recommended for reliably evaluating dependencies and prioritizing newer version
[21:56:13] [main/INFO] (FabricLoader) Loading 46 mods:
	- altoclef 1.16.1-0.19
	- baritone 1.16.1-ostinato
	- fabric 0.18.0+build.387-1.16.1
	- fabric-api-base 0.1.3+12a8474c02
	- fabric-biomes-v1 0.2.7+059ea86602
	- fabric-blockrenderlayer-v1 1.1.4+c6a8ea8902
	- fabric-command-api-v1 1.0.8+5ce5339802
	- fabric-commands-v0 0.2.0+52d3083602
	- fabric-containers-v0 0.1.8+045df74f02
	- fabric-content-registries-v0 0.1.9+059ea86602
	- fabric-crash-report-info-v1 0.1.2+b7f9825d02
	- fabric-dimensions-v1 1.0.0+a71b305302
	- fabric-events-interaction-v0 0.4.0+e540c58402
	- fabric-events-lifecycle-v0 0.2.0+16acbe5b02
	- fabric-game-rule-api-v1 1.0.0+fe81e12502
	- fabric-item-api-v1 1.0.0+16acbe5b02
	- fabric-item-groups-v0 0.2.0+438f963602
	- fabric-key-binding-api-v1 1.0.1+f404f3be02
	- fabric-keybindings-v0 0.2.0+3fa9f7c502
	- fabric-lifecycle-events-v1 1.2.0+e83e061c02
	- fabric-loot-tables-v1 1.0.0+386eb69e02
	- fabric-mining-levels-v0 0.1.2+b764ce9902
	- fabric-models-v0 0.1.0+dfdb52d602
	- fabric-networking-blockentity-v0 0.2.5+b50ffc7b02
	- fabric-networking-v0 0.1.10+e00ecb5f02
	- fabric-object-builder-api-v1 1.5.7+2242e77202
	- fabric-object-builders-v0 0.6.1+a2d21ddd02
	- fabric-particles-v1 0.2.1+0a6f2a7002
	- fabric-registry-sync-v0 0.3.8+7dba2d6c02
	- fabric-renderer-api-v1 0.2.13+eae12eb802
	- fabric-renderer-indigo 0.3.4+34d6c87102
	- fabric-renderer-registries-v1 2.1.0+be551d3c02
	- fabric-rendering-data-attachment-v1 0.1.3+b7f9825d02
	- fabric-rendering-fluids-v1 0.1.8+b7084faa02
	- fabric-rendering-v0 1.1.0+5341049002
	- fabric-rendering-v1 1.1.2+346247d702
	- fabric-resource-loader-v0 0.2.6+f41e209802
	- fabric-screen-handler-api-v1 1.1.0+97324d1102
	- fabric-tag-extensions-v0 0.2.7+a4c57d8e02
	- fabric-textures-v0 1.0.4+eae12eb802
	- fabric-tool-attribute-api-v1 1.2.1+91fca5cd02
	- fabricloader 0.16.7
	- java 21
	- minecraft 1.16.1
	- mixinextras 0.4.1
	- tungsten ALPHA-1.6.0-1.16.1-SNAPSHOT
[21:56:13] [main/INFO] (FabricLoader/Mixin) SpongePowered MIXIN Subsystem Version=0.8.7 Source=file:/C:/Users/redfa/.gradle/caches/modules-2/files-2.1/net.fabricmc/sponge-mixin/0.15.3+mixin.0.8.7/51ee0a44ab05f6fddd66b09e66b3a16904f9c55d/sponge-mixin-0.15.3+mixin.0.8.7.jar Service=Knot/Fabric Env=CLIENT
[21:56:13] [main/INFO] (FabricLoader/Mixin) Loaded Fabric development mappings for mixin remapper!
[21:56:13] [main/INFO] (FabricLoader/Mixin) Compatibility level set to JAVA_17
[21:56:13] [main/INFO] (FabricLoader/Mixin) Compatibility level set to JAVA_21
[21:56:14] [main/WARN] (FabricLoader/Mixin) Error loading class: me/jellysquid/mods/sodium/client/world/SodiumChunkManager (java.lang.ClassNotFoundException: me/jellysquid/mods/sodium/client/world/SodiumChunkManager)
[21:56:14] [main/WARN] (FabricLoader/Mixin) Error loading class: me/jellysquid/mods/sodium/client/util/collections/FixedLongHashTable (java.lang.ClassNotFoundException: me/jellysquid/mods/sodium/client/util/collections/FixedLongHashTable)
[21:56:14] [main/INFO] (FabricLoader/MixinExtras|Service) Initializing MixinExtras via com.llamalad7.mixinextras.service.MixinExtrasServiceImpl(version=0.4.1).
[21:56:17] [main/INFO] (FabricLoader/Mixin) altoclef.mixins.json:AxeItemAccessor from mod altoclef->@Accessor[FIELD_GETTER]::getEffectiveMaterials()Ljava/util/Set; should be static as its target is
[21:56:19] [main/INFO] (Minecraft) Environment: authHost='https://authserver.mojang.com', accountsHost='https://api.mojang.com', sessionHost='https://sessionserver.mojang.com', name='PROD'
[21:56:19] [main/INFO] (Minecraft) Setting user: Player652
[21:56:19] [main/INFO] (Indigo) [Indigo] Registering Indigo renderer!
[21:56:19] [main/INFO] (Minecraft) [STDERR]: [LWJGL] [ThreadLocalUtil] Unsupported JNI version detected, this may result in a crash. Please inform LWJGL developers.
[21:56:19] [main/INFO] (Minecraft) Backend library: LWJGL version 3.3.2-snapshot
[21:56:21] [main/INFO] (Minecraft) Narrator library for x64 successfully loaded
[21:56:21] [main/INFO] (Minecraft) [STDOUT]: TENORCLEF: Global Init
[21:56:21] [main/INFO] (Minecraft) [CHAT] [Baritone] Baritone settings file not found, resetting.
[21:56:23] [main/INFO] (Minecraft) Reloading ResourceManager: Default, Fabric Tag Extensions (v0), Tungsten, Fabric Rendering Data Attachment (v1), Fabric Models (v0), Fabric Networking Block Entity (v0), Fabric Game Rule API (v1), Fabric Content Registries (v0), Fabric Renderer Registries (v1), Fabric Screen Handler API (v1), Fabric BlockRenderLayer Registration (v1), Fabric Loot Tables (v1), Fabric Events Interaction (v0), Fabric Rendering (v0), Fabric Renderer API (v1), Fabric Item Groups (v0), Fabric Object Builders (v0), Fabric Crash Report Info (v1), Fabric Registry Sync (v0), Fabric Mining Levels (v0), Fabric Rendering (v1), Fabric Renderer - Indigo, Fabric Containers (v0), Fabric Lifecycle Events (v1), Fabric API Base, Fabric Tool Attribute API (v1), Fabric Object Builder API (v1), Fabric Biomes (v1), Fabric Networking (v0), Alto Clef, Fabric Resource Loader (v0), Fabric API, Fabric Item API (v1), Fabric Events Lifecycle (v0), Fabric Key Bindings (v0), Fabric Textures (v0), Fabric Rendering Fluids (v1), Fabric Loader, Fabric Key Binding API (v1)
[21:56:23] [main/INFO] (Minecraft) [STDOUT]: TENORCLEF: MIXIN OK ClientTickMixin injected into MinecraftClient.tick()
[21:56:23] [main/INFO] (Minecraft) [STDOUT]: TENORCLEF: HARNESS: AUTOWORLD: fresh-world create armed (firing in 3s)
[21:56:26] [main/INFO] (Minecraft) [STDOUT]: TENORCLEF: HARNESS: AUTOWORLD: creating fresh world 'AutoRun_20260924_215626' mode=survival difficulty=easy hardcore=false
[21:56:27] [main/WARN] (Minecraft) Ambiguity between arguments [teleport, destination] and [teleport, targets] with inputs: [Player, 0123, @e, dd12be42-52a9-4a91-a8a1-11c01849e498]
[21:56:27] [main/WARN] (Minecraft) Ambiguity between arguments [teleport, location] and [teleport, destination] with inputs: [0.1 -0.5 .9, 0 0 0]
[21:56:27] [main/WARN] (Minecraft) Ambiguity between arguments [teleport, location] and [teleport, targets] with inputs: [0.1 -0.5 .9, 0 0 0]
[21:56:27] [main/WARN] (Minecraft) Ambiguity between arguments [teleport, targets] and [teleport, destination] with inputs: [Player, 0123, dd12be42-52a9-4a91-a8a1-11c01849e498]
[21:56:27] [main/WARN] (Minecraft) Ambiguity between arguments [teleport, targets, location] and [teleport, targets, destination] with inputs: [0.1 -0.5 .9, 0 0 0]
[21:56:27] [main/INFO] (Minecraft) Reloading ResourceManager: Default, Fabric Tag Extensions (v0), Tungsten, Fabric Rendering Data Attachment (v1), Fabric Models (v0), Fabric Networking Block Entity (v0), Fabric Game Rule API (v1), Fabric Content Registries (v0), Fabric Renderer Registries (v1), Fabric Screen Handler API (v1), Fabric BlockRenderLayer Registration (v1), Fabric Loot Tables (v1), Fabric Events Interaction (v0), Fabric Rendering (v0), Fabric Renderer API (v1), Fabric Item Groups (v0), Fabric Object Builders (v0), Fabric Crash Report Info (v1), Fabric Registry Sync (v0), Fabric Mining Levels (v0), Fabric Rendering (v1), Fabric Renderer - Indigo, Fabric Containers (v0), Fabric Lifecycle Events (v1), Fabric API Base, Fabric Tool Attribute API (v1), Fabric Object Builder API (v1), Fabric Biomes (v1), Fabric Networking (v0), Alto Clef, Fabric Resource Loader (v0), Fabric API, Fabric Item API (v1), Fabric Events Lifecycle (v0), Fabric Key Bindings (v0), Fabric Textures (v0), Fabric Rendering Fluids (v1), Fabric Loader, Fabric Key Binding API (v1), Fabric Tool Attribute API (v1)
[21:56:29] [main/INFO] (Minecraft) Loaded 7 recipes
[21:56:29] [main/INFO] (Minecraft) Loaded 927 advancements
[21:56:30] [main/INFO] (Minecraft) Environment: authHost='https://authserver.mojang.com', accountsHost='https://api.mojang.com', sessionHost='https://sessionserver.mojang.com', name='PROD'
[21:56:30] [Server thread/INFO] (Minecraft) Starting integrated minecraft server version 1.16.1
[21:56:30] [Server thread/INFO] (Minecraft) Generating keypair
[21:56:35] [Server thread/INFO] (Minecraft) Preparing start region for dimension minecraft:overworld
[21:56:35] [main/INFO] (Minecraft) Preparing spawn area: 0%
[21:56:36] [main/INFO] (Minecraft) Preparing spawn area: 0%
[21:56:36] [main/INFO] (Minecraft) Preparing spawn area: 3%
[21:56:37] [main/INFO] (Minecraft) Preparing spawn area: 7%
[21:56:37] [main/INFO] (Minecraft) Preparing spawn area: 7%
[21:56:38] [main/INFO] (Minecraft) Preparing spawn area: 10%
[21:56:38] [main/INFO] (Minecraft) Preparing spawn area: 15%
[21:56:39] [main/INFO] (Minecraft) Preparing spawn area: 18%
[21:56:39] [main/INFO] (Minecraft) Preparing spawn area: 18%
[21:56:40] [main/INFO] (Minecraft) Preparing spawn area: 23%
[21:56:40] [main/INFO] (Minecraft) Preparing spawn area: 26%
[21:56:41] [main/INFO] (Minecraft) Preparing spawn area: 26%
[21:56:41] [main/INFO] (Minecraft) Preparing spawn area: 33%
[21:56:42] [main/INFO] (Minecraft) Preparing spawn area: 40%
[21:56:42] [main/INFO] (Minecraft) Preparing spawn area: 43%
[21:56:43] [main/INFO] (Minecraft) Preparing spawn area: 47%
[21:56:43] [main/INFO] (Minecraft) Preparing spawn area: 47%
[21:56:44] [main/INFO] (Minecraft) Preparing spawn area: 57%
[21:56:44] [main/INFO] (Minecraft) Preparing spawn area: 57%
[21:56:45] [main/INFO] (Minecraft) Preparing spawn area: 71%
[21:56:45] [main/INFO] (Minecraft) Preparing spawn area: 79%
[21:56:46] [main/INFO] (Minecraft) Preparing spawn area: 86%
[21:56:46] [main/INFO] (Minecraft) Preparing spawn area: 93%
[21:56:46] [main/INFO] (Minecraft) Time elapsed: 11227 ms
[21:56:46] [Server thread/INFO] (Minecraft) Changing view distance to 11, from 10
[21:56:47] [main/INFO] (Minecraft) [STDOUT]: TENORCLEF: HARNESS: AUTOWORLD: create call returned — waiting for join
[21:56:47] [Server thread/INFO] (Minecraft) Player652[local:E:fb769df5] logged in with entity id 291 at (-36.5, 69.0, 87.5)
[21:56:47] [Server thread/INFO] (Minecraft) Player652 joined the game
[21:56:47] [main/INFO] (Minecraft) OpenAL initialized.
[21:56:47] [main/INFO] (Minecraft) Sound engine started
[21:56:47] [main/INFO] (Minecraft) Created: 1024x1024x4 minecraft:textures/atlas/blocks.png-atlas
[21:56:48] [main/INFO] (Minecraft) Created: 256x128x4 minecraft:textures/atlas/signs.png-atlas
[21:56:48] [main/INFO] (Minecraft) Created: 1024x512x4 minecraft:textures/atlas/banner_patterns.png-atlas
[21:56:48] [main/INFO] (Minecraft) Created: 1024x512x4 minecraft:textures/atlas/shield_patterns.png-atlas
[21:56:48] [main/INFO] (Minecraft) Created: 256x256x4 minecraft:textures/atlas/chest.png-atlas
[21:56:48] [main/INFO] (Minecraft) Created: 512x256x4 minecraft:textures/atlas/beds.png-atlas
[21:56:48] [main/INFO] (Minecraft) Created: 512x256x4 minecraft:textures/atlas/shulker_boxes.png-atlas
[21:56:49] [main/INFO] (Minecraft) Created: 256x256x0 minecraft:textures/atlas/particles.png-atlas
[21:56:49] [main/INFO] (Minecraft) Created: 256x256x0 minecraft:textures/atlas/paintings.png-atlas
[21:56:49] [main/INFO] (Minecraft) Created: 256x128x0 minecraft:textures/atlas/mob_effects.png-atlas
[21:56:49] [main/INFO] (Minecraft) [STDOUT]: Baritone world data dir: C:\Users\redfa\Documents\MinecraftDev\altoclef\versions\1.16.1\run\saves\AutoRun_20260924_215626\.\baritone
[21:56:49] [main/INFO] (Minecraft) [STDOUT]: Cached world directory: C:\Users\redfa\Documents\MinecraftDev\altoclef\versions\1.16.1\run\saves\AutoRun_20260924_215626\.\baritone\cache
[21:56:49] [main/INFO] (Minecraft) [STDOUT]: Would save waypoints to C:\Users\redfa\Documents\MinecraftDev\altoclef\versions\1.16.1\run\saves\AutoRun_20260924_215626\.\baritone\waypoints
[21:56:49] [Server thread/INFO] (Minecraft) Saving and pausing game...
[21:56:49] [Server thread/INFO] (Minecraft) Saving chunks for level 'ServerLevel[AutoRun_20260924_215626]'/minecraft:overworld
[21:56:49] [main/INFO] (Minecraft) Loaded 0 advancements
[21:56:49] [main/WARN] (Minecraft) Received passengers for unknown entity
[21:56:49] [main/INFO] (Minecraft) [STDOUT]: TENORCLEF: HARNESS: AUTORUN: armed 'testrun2' (firing in 5s)
[21:56:50] [Server thread/INFO] (Minecraft) Saving chunks for level 'ServerLevel[AutoRun_20260924_215626]'/minecraft:the_nether
[21:56:50] [Server thread/INFO] (Minecraft) Saving chunks for level 'ServerLevel[AutoRun_20260924_215626]'/minecraft:the_end
[21:56:54] [main/INFO] (Minecraft) [STDOUT]: TENORCLEF: HARNESS: AUTORUN: executing 'testrun2'
[21:56:54] [main/INFO] (Minecraft) [CHAT] §2§l§o[TenorClef] §rAUTORUN: executing 'testrun2'
[21:56:54] [main/INFO] (Minecraft) [CHAT] §2§l§o[TenorClef] §rTESRUN2 start — @stop to cancel
[21:56:54] [main/INFO] (Minecraft) [CHAT] §2§l§o[TenorClef] §rUser Task Set: <testrun2/BOOTSTRAP> 
[21:56:54] [main/INFO] (Minecraft) [CHAT] §2§l§o[TenorClef] §rTESRUN2 clock 0:00.0
[21:56:54] [main/INFO] (Minecraft) [CHAT] §2§l§o[TenorClef] §rTungstenBridge: kaptainwutax.tungsten bound
[21:56:54] [main/INFO] (Minecraft) [CHAT] §2§l§o[TenorClef] §rTESRUN2 start Tungsten backend: AVAILABLE (kaptainwutax.tungsten bound; mover=BARITONE) eyes=12 rods=6 skipDiamond=true
[21:56:54] [main/INFO] (Minecraft) [CHAT] §2§l§o[TenorClef] §rT2 [HIST] 0:00.0 PHASE  -> BOOTSTRAP
[21:56:54] [main/INFO] (Minecraft) [CHAT] §2§l§o[TenorClef] §rT2 [HIST] 0:00.0 DIM  -> OVERWORLD at -37,69,87
[21:56:54] [main/INFO] (Minecraft) [CHAT] §2§l§o[TenorClef] §rT2 [HIST] 0:00.0 CHILD  -> - ph=BOOTSTRAP @-37,69,87 sky=14 wet=false ground=true pick=0 buck=0 iron=0 ore=0 rods=0 pearls=0 eyes=0
[21:56:54] [main/INFO] (Minecraft) [CHAT] §2§l§o[TenorClef] §rT2 [HIST] 0:00.0 WHY wood: mine 1.16 logs only (no air)
[21:56:54] [main/INFO] (Minecraft) [CHAT] §2§l§o[TenorClef] §rT2 [HIST] 0:00.0 CHILD - -> MineAndCollectTask ph=BOOTSTRAP @-37,69,87 sky=14 wet=false ground=true pick=0 buck=0 iron=0 ore=0 rods=0 pearls=0 eyes=0
[21:56:54] [main/INFO] (Minecraft) [STDOUT]: ALTO CLEF: WARNING: T2 [S176] one client tick took 30501ms (limit 8000ms) — BOOTSTRAP @-37,69,87 child=MineAndCollectTask
[21:56:54] [main/INFO] (Minecraft) [CHAT] §2§l§o[TenorClef] §cT2 [S176] one client tick took 30501ms (limit 8000ms) — BOOTSTRAP @-37,69,87 child=MineAndCollectTask§r
[21:56:54] [main/INFO] (Minecraft) [CHAT] §2§l§o[TenorClef] §rT2 [HIST] 0:00.0 FORCE S176 one client tick took 30501ms (limit 8000ms) — BOOTSTRAP @-37,69,87 child=MineAndCollectTask
[21:56:54] [main/INFO] (Minecraft) [STDOUT]: TENORCLEF: HARNESS: DEADMAN: watchdog started (warn 30s, fatal 120s, worst-tick limit 8s)
[21:56:55] [main/INFO] (Minecraft) [CHAT] §2§l§o[TenorClef] §rT2 [NOW] t=0:00.9 ph=BOOTSTRAP @-37,69,87 do=<Mine And Collect: [[oak_log,birch_log,spruce_log,jungle_log,acacia_log,dark_oak_log] x 2]>  eq=air woodpick=0 stonepick=0 pick=0 iron=0 buck=0
[21:56:56] [main/INFO] (Minecraft) [CHAT] §2§l§o[TenorClef] §rT2 [NOW] t=0:01.9 ph=BOOTSTRAP @-37,69,87 do=<Mine And Collect: [[oak_log,birch_log,spruce_log,jungle_log,acacia_log,dark_oak_log] x 2]>  eq=air woodpick=0 stonepick=0 pick=0 iron=0 buck=0
[21:56:56] [main/INFO] (Minecraft) [CHAT] §2§l§o[TenorClef] §rT2 [HIST] 0:02.4 SNAP ph=BOOTSTRAP @-37,69,87 sky=14 wet=false ground=true pick=0 buck=0 iron=0 ore=0 rods=0 pearls=0 eyes=0 child=MineAndCollectTask dbg=<Mine And Collect: [[oak_log,birch_log,spruce_log,jungle_log,acacia_log,dark_oak_log] x 2]>  mobs=none
[21:56:57] [main/INFO] (Minecraft) [CHAT] §2§l§o[TenorClef] §rT2 [NOW] t=0:02.9 ph=BOOTSTRAP @-37,69,87 do=<Mine And Collect: [[oak_log,birch_log,spruce_log,jungle_log,acacia_log,dark_oak_log] x 2]>  eq=air woodpick=0 stonepick=0 pick=0 iron=0 buck=0
[21:56:58] [main/INFO] (Minecraft) [CHAT] §2§l§o[TenorClef] §rT2 [NOW] t=0:03.9 ph=BOOTSTRAP @-37,69,87 do=<Mine And Collect: [[oak_log,birch_log,spruce_log,jungle_log,acacia_log,dark_oak_log] x 2]>  eq=air woodpick=0 stonepick=0 pick=0 iron=0 buck=0
[21:56:58] [main/INFO] (Minecraft) [CHAT] §2§l§o[TenorClef] §rT2 [HIST] 0:04.0 WHY wood: mine 1.16 logs only (no air)
[21:56:59] [main/INFO] (Minecraft) [CHAT] §2§l§o[TenorClef] §rT2 [NOW] t=0:04.9 ph=BOOTSTRAP @-37,69,87 do=<Mine And Collect: [[oak_log,birch_log,spruce_log,jungle_log,acacia_log,dark_oak_log] x 2]>  eq=air woodpick=0 stonepick=0 pick=0 iron=0 buck=0
[21:56:59] [main/INFO] (Minecraft) [CHAT] §2§l§o[TenorClef] §rT2 [HIST] 0:04.9 SNAP ph=BOOTSTRAP @-37,69,87 sky=14 wet=false ground=true pick=0 buck=0 iron=0 ore=0 rods=0 pearls=0 eyes=0 child=MineAndCollectTask dbg=<Mine And Collect: [[oak_log,birch_log,spruce_log,jungle_log,acacia_log,dark_oak_log] x 2]>  mobs=none
[21:57:00] [main/INFO] (Minecraft) [CHAT] §2§l§o[TenorClef] §rT2 [NOW] t=0:05.9 ph=BOOTSTRAP @-37,69,87 do=<Mine And Collect: [[oak_log,birch_log,spruce_log,jungle_log,acacia_log,dark_oak_log] x 2]>  eq=air woodpick=0 stonepick=0 pick=0 iron=0 buck=0
[21:57:01] [main/INFO] (Minecraft) [CHAT] §2§l§o[TenorClef] §rT2 [NOW] t=0:06.9 ph=BOOTSTRAP @-37,69,87 do=<Mine And Collect: [[oak_log,birch_log,spruce_log,jungle_log,acacia_log,dark_oak_log] x 2]>  eq=air woodpick=0 stonepick=0 pick=0 iron=0 buck=0
[21:57:01] [main/INFO] (Minecraft) [CHAT] §2§l§o[TenorClef] §rT2 [HIST] 0:07.4 SNAP ph=BOOTSTRAP @-37,69,87 sky=14 wet=false ground=true pick=0 buck=0 iron=0 ore=0 rods=0 pearls=0 eyes=0 child=MineAndCollectTask dbg=<Mine And Collect: [[oak_log,birch_log,spruce_log,jungle_log,acacia_log,dark_oak_log] x 2]>  mobs=none
[21:57:02] [main/INFO] (Minecraft) [CHAT] §2§l§o[TenorClef] §rT2 [NOW] t=0:07.9 ph=BOOTSTRAP @-37,69,87 do=<Mine And Collect: [[oak_log,birch_log,spruce_log,jungle_log,acacia_log,dark_oak_log] x 2]>  eq=air woodpick=0 stonepick=0 pick=0 iron=0 buck=0
[21:57:02] [main/INFO] (Minecraft) [STDOUT]: ALTO CLEF: WARNING: T2 [S179] wood oscillation — pinned in a 1x1 box for 8s @-37,87 box[-37..-37,87..87] — retarget nearest log churn=1
[21:57:02] [main/INFO] (Minecraft) [CHAT] §2§l§o[TenorClef] §cT2 [S179] wood oscillation — pinned in a 1x1 box for 8s @-37,87 box[-37..-37,87..87] — retarget nearest log churn=1§r
[21:57:02] [main/INFO] (Minecraft) [CHAT] §2§l§o[TenorClef] §rBlacklist RESET: BlockPos{x=-39, y=71, z=88}
[21:57:02] [main/INFO] (Minecraft) [CHAT] §2§l§o[TenorClef] §rBlacklist: BlockPos{x=-39, y=71, z=88}: Try 1 / 0
[21:57:02] [main/INFO] (Minecraft) [CHAT] §2§l§o[TenorClef] §rBlacklist RESET: BlockPos{x=-39, y=72, z=88}
[21:57:02] [main/INFO] (Minecraft) [CHAT] §2§l§o[TenorClef] §rBlacklist: BlockPos{x=-39, y=72, z=88}: Try 1 / 0
[21:57:02] [main/INFO] (Minecraft) [CHAT] §2§l§o[TenorClef] §rBlacklist RESET: BlockPos{x=-39, y=73, z=88}
[21:57:02] [main/INFO] (Minecraft) [CHAT] §2§l§o[TenorClef] §rBlacklist: BlockPos{x=-39, y=73, z=88}: Try 1 / 0
[21:57:02] [main/INFO] (Minecraft) [CHAT] §2§l§o[TenorClef] §rBlacklist RESET: BlockPos{x=-39, y=74, z=88}
[21:57:02] [main/INFO] (Minecraft) [CHAT] §2§l§o[TenorClef] §rBlacklist: BlockPos{x=-39, y=74, z=88}: Try 1 / 0
[21:57:02] [main/INFO] (Minecraft) [CHAT] §2§l§o[TenorClef] §rBlacklist RESET: BlockPos{x=-39, y=75, z=88}
[21:57:02] [main/INFO] (Minecraft) [CHAT] §2§l§o[TenorClef] §rBlacklist: BlockPos{x=-39, y=75, z=88}: Try 1 / 0
[21:57:02] [main/INFO] (Minecraft) [STDOUT]: ALTO CLEF: WARNING: T2 [S140] replace MineAndCollectTask after 8s same xz
[21:57:02] [main/INFO] (Minecraft) [CHAT] §2§l§o[TenorClef] §cT2 [S140] replace MineAndCollectTask after 8s same xz§r
[21:57:02] [main/INFO] (Minecraft) [CHAT] §2§l§o[TenorClef] §rT2 [HIST] 0:08.0 SOLVE S140 replace MineAndCollectTask after 8s same xz
[21:57:02] [main/INFO] (Minecraft) [CHAT] §2§l§o[TenorClef] §rT2 [HIST] 0:08.0 CHILD MineAndCollectTask -> TimeoutWanderTask ph=BOOTSTRAP @-37,69,87 sky=14 wet=false ground=true pick=0 buck=0 iron=0 ore=0 rods=0 pearls=0 eyes=0
[21:57:02] [pool-5-thread-4/INFO] (Minecraft) [STDOUT]: 454784 movements considered
[21:57:02] [pool-5-thread-4/INFO] (Minecraft) [STDOUT]: Open set size: 22984
[21:57:02] [pool-5-thread-4/INFO] (Minecraft) [STDOUT]: PathNode map size: 43648
[21:57:02] [pool-5-thread-4/INFO] (Minecraft) [STDOUT]: 41261 nodes per second
[21:57:02] [pool-5-thread-4/INFO] (Minecraft) [STDOUT]: Path goes for 90.34378783292186 blocks
[21:57:03] [main/INFO] (Minecraft) [CHAT] §2§l§o[TenorClef] §rT2 [NOW] t=0:08.9 ph=BOOTSTRAP @-36,69,87 do=<Wander for Infinity blocks> Exploring. eq=air woodpick=0 stonepick=0 pick=0 iron=0 buck=0
[21:57:04] [main/INFO] (Minecraft) [CHAT] §2§l§o[TenorClef] §rT2 [NOW] t=0:09.9 ph=BOOTSTRAP @-31,69,83 do=<Wander for Infinity blocks> Exploring. eq=air woodpick=0 stonepick=0 pick=0 iron=0 buck=0
[21:57:05] [pool-5-thread-4/INFO] (Minecraft) [STDOUT]: 328064 movements considered
[21:57:05] [pool-5-thread-4/INFO] (Minecraft) [STDOUT]: Open set size: 18036
[21:57:05] [pool-5-thread-4/INFO] (Minecraft) [STDOUT]: PathNode map size: 32943
[21:57:05] [pool-5-thread-4/INFO] (Minecraft) [STDOUT]: 29705 nodes per second
[21:57:05] [pool-5-thread-4/INFO] (Minecraft) [STDOUT]: Path goes for 79.40403012442127 blocks
[21:57:05] [main/INFO] (Minecraft) [CHAT] §2§l§o[TenorClef] §rT2 [NOW] t=0:10.9 ph=BOOTSTRAP @-30,69,81 do=<Wander for Infinity blocks> Exploring. eq=air woodpick=0 stonepick=0 pick=0 iron=0 buck=0
[21:57:06] [main/INFO] (Minecraft) [CHAT] §2§l§o[TenorClef] §rT2 [HIST] 0:11.8 SNAP ph=BOOTSTRAP @-33,69,78 sky=14 wet=false ground=true pick=0 buck=0 iron=0 ore=0 rods=0 pearls=0 eyes=0 child=TimeoutWanderTask dbg=<Wander for Infinity blocks> Exploring. mobs=none
[21:57:06] [main/INFO] (Minecraft) [CHAT] §2§l§o[TenorClef] §rT2 [HB] t=0:11.8 ph=BOOTSTRAP y=69 child=TimeoutWanderTask logs=0 pick=0 woodpick=0
[21:57:06] [main/INFO] (Minecraft) [CHAT] §2§l§o[TenorClef] §rT2 [NOW] t=0:11.9 ph=BOOTSTRAP @-33,69,78 do=<Wander for Infinity blocks> Exploring. eq=air woodpick=0 stonepick=0 pick=0 iron=0 buck=0
[21:57:06] [pool-5-thread-4/INFO] (Minecraft) [STDOUT]: 515328 movements considered
[21:57:06] [pool-5-thread-4/INFO] (Minecraft) [STDOUT]: Open set size: 24342
[21:57:06] [pool-5-thread-4/INFO] (Minecraft) [STDOUT]: PathNode map size: 47761
[21:57:06] [pool-5-thread-4/INFO] (Minecraft) [STDOUT]: 46754 nodes per second
[21:57:06] [pool-5-thread-4/INFO] (Minecraft) [STDOUT]: Path goes for 91.09335870413386 blocks
[21:57:07] [pool-5-thread-4/INFO] (Minecraft) [STDOUT]: 658944 movements considered
[21:57:07] [pool-5-thread-4/INFO] (Minecraft) [STDOUT]: Open set size: 31084
[21:57:07] [pool-5-thread-4/INFO] (Minecraft) [STDOUT]: PathNode map size: 61030
[21:57:07] [pool-5-thread-4/INFO] (Minecraft) [STDOUT]: 59784 nodes per second
[21:57:07] [pool-5-thread-4/INFO] (Minecraft) [STDOUT]: Path goes for 132.41223508422476 blocks
[21:57:07] [main/INFO] (Minecraft) [CHAT] §2§l§o[TenorClef] §rT2 [NOW] t=0:12.9 ph=BOOTSTRAP @-34,69,78 do=<Wander for Infinity blocks> Exploring. eq=air woodpick=0 stonepick=0 pick=0 iron=0 buck=0
[21:57:08] [main/INFO] (Minecraft) [CHAT] §2§l§o[TenorClef] §rT2 [NOW] t=0:13.9 ph=BOOTSTRAP @-38,68,77 do=<Wander for Infinity blocks> Exploring. eq=air woodpick=0 stonepick=0 pick=0 iron=0 buck=0
[21:57:09] [main/INFO] (Minecraft) [CHAT] §2§l§o[TenorClef] §rT2 [NOW] t=0:14.9 ph=BOOTSTRAP @-44,68,77 do=<Wander for Infinity blocks> Exploring. eq=air woodpick=0 stonepick=0 pick=0 iron=0 buck=0
[21:57:10] [main/INFO] (Minecraft) [CHAT] §2§l§o[TenorClef] §rT2 [NOW] t=0:15.9 ph=BOOTSTRAP @-49,67,77 do=<Wander for Infinity blocks> Exploring. eq=air woodpick=0 stonepick=0 pick=0 iron=0 buck=0
[21:57:10] [main/INFO] (Minecraft) [CHAT] §2§l§o[TenorClef] §rT2 [HIST] 0:16.0 WHY wood: mine 1.16 logs only (no air)
[21:57:10] [main/INFO] (Minecraft) [CHAT] §2§l§o[TenorClef] §rT2 [HIST] 0:16.0 CHILD TimeoutWanderTask -> MineAndCollectTask ph=BOOTSTRAP @-50,67,77 sky=14 wet=false ground=true pick=0 buck=0 iron=0 ore=0 rods=0 pearls=0 eyes=0
[21:57:10] [main/INFO] (Minecraft) [STDOUT]: ALTO CLEF: WARNING: T2 [S194] dig-down in progress y=67 child=MineAndCollectTask - pillar/jump nudges stand aside
[21:57:10] [main/INFO] (Minecraft) [CHAT] §2§l§o[TenorClef] §cT2 [S194] dig-down in progress y=67 child=MineAndCollectTask - pillar/jump nudges stand aside§r
[21:57:10] [main/INFO] (Minecraft) [CHAT] §2§l§o[TenorClef] §rT2 [HIST] 0:16.1 SOLVE S194 dig-down in progress y=67 child=MineAndCollectTask - pillar/jump nudges stand aside
[21:57:10] [main/INFO] (Minecraft) [CHAT] §2§l§o[TenorClef] §rT2 [HIST] 0:16.4 SNAP ph=BOOTSTRAP @-50,68,77 sky=14 wet=false ground=false pick=0 buck=0 iron=0 ore=0 rods=0 pearls=0 eyes=0 child=MineAndCollectTask dbg=<Mine And Collect: [[oak_log,birch_log,spruce_log,jungle_log,acacia_log,dark_oak_log] x 2]>  mobs=none
[21:57:11] [main/INFO] (Minecraft) [CHAT] §2§l§o[TenorClef] §rT2 [NOW] t=0:16.9 ph=BOOTSTRAP @-51,67,77 do=<Mine And Collect: [[oak_log,birch_log,spruce_log,jungle_log,acacia_log,dark_oak_log] x 2]>  eq=air woodpick=0 stonepick=0 pick=0 iron=0 buck=0
[21:57:12] [main/INFO] (Minecraft) [CHAT] §2§l§o[TenorClef] §rT2 [NOW] t=0:17.8 ph=BOOTSTRAP @-52,67,77 do=<Mine And Collect: [[oak_log,birch_log,spruce_log,jungle_log,acacia_log,dark_oak_log] x 2]>  eq=air woodpick=0 stonepick=0 pick=0 iron=0 buck=0
[21:57:13] [main/INFO] (Minecraft) [CHAT] §2§l§o[TenorClef] §rT2 [NOW] t=0:18.9 ph=BOOTSTRAP @-52,67,77 do=<Mine And Collect: [[oak_log,birch_log,spruce_log,jungle_log,acacia_log,dark_oak_log] x 2]>  eq=air woodpick=0 stonepick=0 pick=0 iron=0 buck=0
[21:57:13] [main/INFO] (Minecraft) [CHAT] §2§l§o[TenorClef] §rT2 [HIST] 0:18.9 SNAP ph=BOOTSTRAP @-52,67,77 sky=15 wet=false ground=true pick=0 buck=0 iron=0 ore=0 rods=0 pearls=0 eyes=0 child=MineAndCollectTask dbg=<Mine And Collect: [[oak_log,birch_log,spruce_log,jungle_log,acacia_log,dark_oak_log] x 2]>  mobs=none
[21:57:13] [main/INFO] (Minecraft) [CHAT] §2§l§o[TenorClef] §rT2 [HB] t=0:18.9 ph=BOOTSTRAP y=67 child=MineAndCollectTask logs=0 pick=0 woodpick=0
[21:57:14] [main/INFO] (Minecraft) [CHAT] §2§l§o[TenorClef] §rT2 [NOW] t=0:19.9 ph=BOOTSTRAP @-52,67,77 do=<Mine And Collect: [[oak_log,birch_log,spruce_log,jungle_log,acacia_log,dark_oak_log] x 2]>  eq=air woodpick=0 stonepick=0 pick=0 iron=0 buck=0
[21:57:14] [main/INFO] (Minecraft) [CHAT] §2§l§o[TenorClef] §rTESRUN2 spawn biome=TaigaBiome trees~=7 villageHint=false rpHint=true surfaceLava=0 vDist=199 rpDist=87  playable
[21:57:14] [main/INFO] (Minecraft) [STDOUT]: ALTO CLEF: WARNING: T2 [S159] spawn ACCEPTED biome=TaigaBiome village=false rp=true vDist=199 rpDist=87 @-52,67,77 probes=0 t=0:19.9
[21:57:14] [main/INFO] (Minecraft) [CHAT] §2§l§o[TenorClef] §cT2 [S159] spawn ACCEPTED biome=TaigaBiome village=false rp=true vDist=199 rpDist=87 @-52,67,77 probes=0 t=0:19.9§r
[21:57:14] [main/INFO] (Minecraft) [CHAT] §2§l§o[TenorClef] §rT2 [HIST] 0:19.9 FORCE S159 spawn ACCEPTED biome=TaigaBiome village=false rp=true vDist=199 rpDist=87 @-52,67,77 probes=0 t=0:19.9
[21:57:14] [main/INFO] (Minecraft) [CHAT] §2§l§o[TenorClef] §rT2 [HIST] 0:20.0 WHY wood: mine 1.16 logs only (no air)
[21:57:15] [main/INFO] (Minecraft) [CHAT] §2§l§o[TenorClef] §rT2 [NOW] t=0:20.9 ph=BOOTSTRAP @-52,67,77 do=<Mine And Collect: [[oak_log,birch_log,spruce_log,jungle_log,acacia_log,dark_oak_log] x 2]>  eq=air woodpick=0 stonepick=0 pick=0 iron=0 buck=0
[21:57:15] [main/INFO] (Minecraft) [CHAT] §2§l§o[TenorClef] §rT2 [HIST] 0:21.4 SNAP ph=BOOTSTRAP @-52,67,77 sky=15 wet=false ground=true pick=0 buck=0 iron=0 ore=0 rods=0 pearls=0 eyes=0 child=MineAndCollectTask dbg=<Mine And Collect: [[oak_log,birch_log,spruce_log,jungle_log,acacia_log,dark_oak_log] x 2]>  mobs=none
[21:57:16] [main/INFO] (Minecraft) [CHAT] §2§l§o[TenorClef] §rT2 [NOW] t=0:21.9 ph=BOOTSTRAP @-52,67,77 do=<Mine And Collect: [[oak_log,birch_log,spruce_log,jungle_log,acacia_log,dark_oak_log] x 2]>  eq=air woodpick=0 stonepick=0 pick=0 iron=0 buck=0
[21:57:17] [main/INFO] (Minecraft) [CHAT] §2§l§o[TenorClef] §rT2 [NOW] t=0:22.9 ph=BOOTSTRAP @-52,67,77 do=<Mine And Collect: [[oak_log,birch_log,spruce_log,jungle_log,acacia_log,dark_oak_log] x 2]>  eq=air woodpick=0 stonepick=0 pick=0 iron=0 buck=0
[21:57:18] [main/INFO] (Minecraft) [CHAT] §2§l§o[TenorClef] §rT2 [NOW] t=0:23.9 ph=BOOTSTRAP @-52,67,77 do=<Mine And Collect: [[oak_log,birch_log,spruce_log,jungle_log,acacia_log,dark_oak_log] x 2]>  eq=air woodpick=0 stonepick=0 pick=0 iron=0 buck=0
[21:57:18] [main/INFO] (Minecraft) [CHAT] §2§l§o[TenorClef] §rT2 [HIST] 0:23.9 SNAP ph=BOOTSTRAP @-52,67,77 sky=15 wet=false ground=true pick=0 buck=0 iron=0 ore=0 rods=0 pearls=0 eyes=0 child=MineAndCollectTask dbg=<Mine And Collect: [[oak_log,birch_log,spruce_log,jungle_log,acacia_log,dark_oak_log] x 2]>  mobs=none
[21:57:18] [main/INFO] (Minecraft) [CHAT] §2§l§o[TenorClef] §rT2 [HB] t=0:23.9 ph=BOOTSTRAP y=67 child=MineAndCollectTask logs=0 pick=0 woodpick=0
[21:57:18] [main/INFO] (Minecraft) [STDOUT]: ALTO CLEF: WARNING: T2 [S179] wood oscillation — pinned in a 3x1 box for 8s @-52,77 box[-52..-50,77..77] — retarget nearest log churn=2
[21:57:18] [main/INFO] (Minecraft) [CHAT] §2§l§o[TenorClef] §cT2 [S179] wood oscillation — pinned in a 3x1 box for 8s @-52,77 box[-52..-50,77..77] — retarget nearest log churn=2§r
[21:57:18] [main/INFO] (Minecraft) [CHAT] §2§l§o[TenorClef] §rBlacklist RESET: BlockPos{x=-53, y=68, z=76}
[21:57:18] [main/INFO] (Minecraft) [CHAT] §2§l§o[TenorClef] §rBlacklist: BlockPos{x=-53, y=68, z=76}: Try 1 / 0
[21:57:18] [main/INFO] (Minecraft) [CHAT] §2§l§o[TenorClef] §rBlacklist RESET: BlockPos{x=-53, y=69, z=76}
[21:57:18] [main/INFO] (Minecraft) [CHAT] §2§l§o[TenorClef] §rBlacklist: BlockPos{x=-53, y=69, z=76}: Try 1 / 0
[21:57:18] [main/INFO] (Minecraft) [CHAT] §2§l§o[TenorClef] §rBlacklist RESET: BlockPos{x=-53, y=70, z=76}
[21:57:18] [main/INFO] (Minecraft) [CHAT] §2§l§o[TenorClef] §rBlacklist: BlockPos{x=-53, y=70, z=76}: Try 1 / 0
[21:57:18] [main/INFO] (Minecraft) [CHAT] §2§l§o[TenorClef] §rBlacklist RESET: BlockPos{x=-53, y=71, z=76}
[21:57:18] [main/INFO] (Minecraft) [CHAT] §2§l§o[TenorClef] §rBlacklist: BlockPos{x=-53, y=71, z=76}: Try 1 / 0
[21:57:18] [main/INFO] (Minecraft) [CHAT] §2§l§o[TenorClef] §rBlacklist RESET: BlockPos{x=-53, y=72, z=76}
[21:57:18] [main/INFO] (Minecraft) [CHAT] §2§l§o[TenorClef] §rBlacklist: BlockPos{x=-53, y=72, z=76}: Try 1 / 0
[21:57:18] [main/INFO] (Minecraft) [CHAT] §2§l§o[TenorClef] §rBlacklist RESET: BlockPos{x=-53, y=73, z=76}
[21:57:18] [main/INFO] (Minecraft) [CHAT] §2§l§o[TenorClef] §rBlacklist: BlockPos{x=-53, y=73, z=76}: Try 1 / 0
[21:57:19] [main/INFO] (Minecraft) [CHAT] §2§l§o[TenorClef] §rT2 [HIST] 0:24.8 CHILD MineAndCollectTask -> CraftInInventoryTask ph=BOOTSTRAP @-54,67,76 sky=14 wet=false ground=true pick=0 buck=0 iron=0 ore=0 rods=0 pearls=0 eyes=0
[21:57:19] [main/INFO] (Minecraft) Loaded 4 advancements
[21:57:19] [main/INFO] (Minecraft) [CHAT] §2§l§o[TenorClef] §rT2 [NOW] t=0:24.9 ph=BOOTSTRAP @-54,67,76 do=<Craft 2x2 Task Recipe{crafting_table}: [[crafting_table]]> Collecting materials eq=air woodpick=0 stonepick=0 pick=0 iron=0 buck=0
[21:57:19] [main/INFO] (Minecraft) Loaded 16 advancements
[21:57:19] [pool-5-thread-2/INFO] (Minecraft) [STDOUT]: Saving region -1,0 to disk C:\Users\redfa\Documents\MinecraftDev\altoclef\versions\1.16.1\run\saves\AutoRun_20260924_215626\.\baritone\cache
[21:57:19] [ForkJoinPool.commonPool-worker-1/INFO] (Minecraft) [STDOUT]: Saving region 0,-1 to disk C:\Users\redfa\Documents\MinecraftDev\altoclef\versions\1.16.1\run\saves\AutoRun_20260924_215626\.\baritone\cache
[21:57:19] [ForkJoinPool.commonPool-worker-3/INFO] (Minecraft) [STDOUT]: Saving region 0,0 to disk C:\Users\redfa\Documents\MinecraftDev\altoclef\versions\1.16.1\run\saves\AutoRun_20260924_215626\.\baritone\cache
[21:57:19] [ForkJoinPool.commonPool-worker-2/INFO] (Minecraft) [STDOUT]: Saving region -1,-1 to disk C:\Users\redfa\Documents\MinecraftDev\altoclef\versions\1.16.1\run\saves\AutoRun_20260924_215626\.\baritone\cache
[21:57:19] [ForkJoinPool.commonPool-worker-1/INFO] (Minecraft) [STDOUT]: Saved region successfully
[21:57:19] [ForkJoinPool.commonPool-worker-2/INFO] (Minecraft) [STDOUT]: Saved region successfully
[21:57:19] [ForkJoinPool.commonPool-worker-3/INFO] (Minecraft) [STDOUT]: Saved region successfully
[21:57:19] [pool-5-thread-2/INFO] (Minecraft) [STDOUT]: Saved region successfully
[21:57:19] [pool-5-thread-2/INFO] (Minecraft) [STDOUT]: World save took 192ms
[21:57:19] [main/INFO] (Minecraft) Loaded 19 advancements
[21:57:19] [main/INFO] (Minecraft) [CHAT] §2§l§o[TenorClef] §rT2 [HIST] 0:25.6 WHY bootstrap: table exists — wooden pick, not more logs
[21:57:19] [main/INFO] (Minecraft) [CHAT] §2§l§o[TenorClef] §rT2 [HIST] 0:25.6 CHILD CraftInInventoryTask -> CraftInTableTask ph=BOOTSTRAP @-54,67,71 sky=13 wet=false ground=false pick=0 buck=0 iron=0 ore=0 rods=0 pearls=0 eyes=0
[21:57:20] [main/INFO] (Minecraft) [CHAT] §2§l§o[TenorClef] §rT2 [NOW] t=0:25.9 ph=BOOTSTRAP @-54,66,70 do=<Doing stuff in crafting_table container: [[wooden_pickaxe]]>  eq=air woodpick=0 stonepick=0 pick=0 iron=0 buck=0
[21:57:20] [main/INFO] (Minecraft) [CHAT] §2§l§o[TenorClef] §rT2 [HIST] 0:26.4 SNAP ph=BOOTSTRAP @-54,66,70 sky=12 wet=false ground=false pick=0 buck=0 iron=0 ore=0 rods=0 pearls=0 eyes=0 child=CraftInTableTask dbg=<Doing stuff in crafting_table container: [[wooden_pickaxe]]>  mobs=none
[21:57:20] [main/INFO] (Minecraft) [CHAT] §2§l§o[TenorClef] §rRefreshed inventory...
[21:57:21] [main/INFO] (Minecraft) [CHAT] §2§l§o[TenorClef] §rT2 [NOW] t=0:26.9 ph=BOOTSTRAP @-55,66,70 do=<Doing stuff in crafting_table container: [[wooden_pickaxe]]>  eq=air woodpick=0 stonepick=0 pick=0 iron=0 buck=0
[21:57:22] [main/INFO] (Minecraft) [CHAT] §2§l§o[TenorClef] §rT2 [NOW] t=0:27.9 ph=BOOTSTRAP @-55,66,70 do=<Doing stuff in crafting_table container: [[wooden_pickaxe]]>  eq=air woodpick=0 stonepick=0 pick=0 iron=0 buck=0
[21:57:23] [main/INFO] (Minecraft) [CHAT] §2§l§o[TenorClef] §rT2 [NOW] t=0:28.9 ph=BOOTSTRAP @-55,66,70 do=<Doing stuff in crafting_table container: [[wooden_pickaxe]]>  eq=air woodpick=0 stonepick=0 pick=0 iron=0 buck=0
[21:57:23] [main/INFO] (Minecraft) [CHAT] §2§l§o[TenorClef] §rT2 [HIST] 0:28.9 SNAP ph=BOOTSTRAP @-55,66,70 sky=11 wet=false ground=true pick=0 buck=0 iron=0 ore=0 rods=0 pearls=0 eyes=0 child=CraftInTableTask dbg=<Doing stuff in crafting_table container: [[wooden_pickaxe]]>  mobs=none
[21:57:23] [main/INFO] (Minecraft) [CHAT] §2§l§o[TenorClef] §rT2 [HB] t=0:28.9 ph=BOOTSTRAP y=66 child=CraftInTableTask logs=0 pick=0 woodpick=0
[21:57:24] [main/INFO] (Minecraft) [CHAT] §2§l§o[TenorClef] §rT2 [NOW] t=0:29.9 ph=BOOTSTRAP @-55,66,70 do=<Doing stuff in crafting_table container: [[wooden_pickaxe]]>  eq=air woodpick=0 stonepick=0 pick=0 iron=0 buck=0
[21:57:25] [main/INFO] (Minecraft) [CHAT] §2§l§o[TenorClef] §rT2 [NOW] t=0:30.9 ph=BOOTSTRAP @-55,66,70 do=<Doing stuff in crafting_table container: [[wooden_pickaxe]]>  eq=air woodpick=0 stonepick=0 pick=0 iron=0 buck=0
[21:57:25] [main/INFO] (Minecraft) [CHAT] §2§l§o[TenorClef] §rT2 [HIST] 0:31.3 SNAP ph=BOOTSTRAP @-55,66,70 sky=11 wet=false ground=true pick=0 buck=0 iron=0 ore=0 rods=0 pearls=0 eyes=0 child=CraftInTableTask dbg=<Doing stuff in crafting_table container: [[wooden_pickaxe]]>  mobs=none
[21:57:26] [main/INFO] (Minecraft) [CHAT] §2§l§o[TenorClef] §rT2 [NOW] t=0:31.9 ph=BOOTSTRAP @-55,66,70 do=<Doing stuff in crafting_table container: [[wooden_pickaxe]]>  eq=air woodpick=0 stonepick=0 pick=0 iron=0 buck=0
[21:57:27] [main/INFO] (Minecraft) [CHAT] §2§l§o[TenorClef] §rT2 [NOW] t=0:32.9 ph=BOOTSTRAP @-55,66,70 do=<Doing stuff in crafting_table container: [[wooden_pickaxe]]>  eq=air woodpick=0 stonepick=0 pick=0 iron=0 buck=0
[21:57:28] [main/INFO] (Minecraft) [CHAT] §2§l§o[TenorClef] §rT2 [NOW] t=0:33.9 ph=BOOTSTRAP @-55,66,70 do=<Doing stuff in crafting_table container: [[wooden_pickaxe]]>  eq=air woodpick=0 stonepick=0 pick=0 iron=0 buck=0
[21:57:28] [main/INFO] (Minecraft) [CHAT] §2§l§o[TenorClef] §rT2 [HIST] 0:33.9 SNAP ph=BOOTSTRAP @-55,66,70 sky=11 wet=false ground=true pick=0 buck=0 iron=0 ore=0 rods=0 pearls=0 eyes=0 child=CraftInTableTask dbg=<Doing stuff in crafting_table container: [[wooden_pickaxe]]>  mobs=none
[21:57:28] [main/INFO] (Minecraft) [CHAT] §2§l§o[TenorClef] §rT2 [HB] t=0:33.9 ph=BOOTSTRAP y=66 child=CraftInTableTask logs=0 pick=0 woodpick=0
[21:57:29] [main/INFO] (Minecraft) [CHAT] §2§l§o[TenorClef] §rT2 [NOW] t=0:34.8 ph=BOOTSTRAP @-55,66,70 do=<Doing stuff in crafting_table container: [[wooden_pickaxe]]>  eq=air woodpick=0 stonepick=0 pick=0 iron=0 buck=0
[21:57:30] [main/INFO] (Minecraft) [CHAT] §2§l§o[TenorClef] §rT2 [NOW] t=0:35.9 ph=BOOTSTRAP @-55,66,70 do=<Doing stuff in crafting_table container: [[wooden_pickaxe]]>  eq=air woodpick=0 stonepick=0 pick=0 iron=0 buck=0
[21:57:30] [main/INFO] (Minecraft) [CHAT] §2§l§o[TenorClef] §rT2 [HIST] 0:36.4 SNAP ph=BOOTSTRAP @-55,66,70 sky=11 wet=false ground=true pick=0 buck=0 iron=0 ore=0 rods=0 pearls=0 eyes=0 child=CraftInTableTask dbg=<Doing stuff in crafting_table container: [[wooden_pickaxe]]>  mobs=none
[21:57:31] [main/INFO] (Minecraft) [CHAT] §2§l§o[TenorClef] §rT2 [NOW] t=0:36.9 ph=BOOTSTRAP @-55,66,70 do=<Doing stuff in crafting_table container: [[wooden_pickaxe]]>  eq=spruce_log woodpick=0 stonepick=0 pick=0 iron=0 buck=0
[21:57:32] [main/INFO] (Minecraft) Loaded 28 advancements
[21:57:32] [main/INFO] (Minecraft) [CHAT] §2§l§o[TenorClef] §rT2 [NOW] t=0:37.9 ph=BOOTSTRAP @-55,66,70 do=<Doing stuff in crafting_table container: [[wooden_pickaxe]]>  eq=spruce_log woodpick=0 stonepick=0 pick=0 iron=0 buck=0
[21:57:32] [main/INFO] (Minecraft) [STDOUT]: ALTO CLEF: WARNING: T2 [E91] craft stall 12s @-55,70 n=1 ph=BOOTSTRAP
[21:57:32] [main/INFO] (Minecraft) [CHAT] §2§l§o[TenorClef] §cT2 [E91] craft stall 12s @-55,70 n=1 ph=BOOTSTRAP§r
[21:57:32] [main/INFO] (Minecraft) [CHAT] §2§l§o[TenorClef] §rT2 [HIST] 0:38.6 WHY E91: finish wooden pick before any PORTAL
[21:57:32] [main/INFO] (Minecraft) [CHAT] §2§l§o[TenorClef] §rT2 [HIST] 0:38.6 WHY bootstrap: table exists — wooden pick, not more logs
[21:57:33] [main/INFO] (Minecraft) [CHAT] §2§l§o[TenorClef] §rT2 [NOW] t=0:38.9 ph=BOOTSTRAP @-55,66,70 do=<Doing stuff in crafting_table container: [[wooden_pickaxe]]>  eq=spruce_log woodpick=0 stonepick=0 pick=0 iron=0 buck=0
[21:57:33] [main/INFO] (Minecraft) [CHAT] §2§l§o[TenorClef] §rT2 [HIST] 0:38.9 SNAP ph=BOOTSTRAP @-55,66,70 sky=11 wet=false ground=true pick=0 buck=0 iron=0 ore=0 rods=0 pearls=0 eyes=0 child=CraftInTableTask dbg=<Doing stuff in crafting_table container: [[wooden_pickaxe]]>  mobs=none
[21:57:34] [main/INFO] (Minecraft) [CHAT] §2§l§o[TenorClef] §rPRESSED
[21:57:34] [main/INFO] (Minecraft) [CHAT] §2§l§o[TenorClef] §rT2 [NOW] t=0:39.9 ph=BOOTSTRAP @-55,66,70 do=<Doing stuff in crafting_table container: [[wooden_pickaxe]]>  eq=air woodpick=0 stonepick=0 pick=0 iron=0 buck=0
[21:57:34] [main/INFO] (Minecraft) [STDOUT]: ALTO CLEF: WARNING: T2 [S120] craft-gui jump @-55,66,70 age=0s child=CraftInTableTask
[21:57:34] [main/INFO] (Minecraft) [CHAT] §2§l§o[TenorClef] §cT2 [S120] craft-gui jump @-55,66,70 age=0s child=CraftInTableTask§r
[21:57:34] [main/INFO] (Minecraft) [CHAT] §2§l§o[TenorClef] §rT2 [HIST] 0:40.0 SOLVE S120 craft-gui jump @-55,66,70 age=0s child=CraftInTableTask
[21:57:34] [main/INFO] (Minecraft) [CHAT] §2§l§o[TenorClef] §rT2 [I01] BOOTSTRAP -> IRON t=0:40.5
[21:57:34] [main/INFO] (Minecraft) [CHAT] §2§l§o[TenorClef] §rTESRUN2 split IRON  0:40.5
[21:57:34] [main/INFO] (Minecraft) [STDOUT]: ALTO CLEF: WARNING: T2 [S146] iron target locked want=8 at ingot=0 ore=0 metal=0
[21:57:34] [main/INFO] (Minecraft) [CHAT] §2§l§o[TenorClef] §cT2 [S146] iron target locked want=8 at ingot=0 ore=0 metal=0§r
[21:57:34] [main/INFO] (Minecraft) [CHAT] §2§l§o[TenorClef] §rT2 [HIST] 0:40.5 FORCE S146 iron target locked want=8 at ingot=0 ore=0 metal=0
[21:57:34] [main/INFO] (Minecraft) [CHAT] §2§l§o[TenorClef] §rT2 [HIST] 0:40.5 WHY iron: smelt 8 in one furnace
[21:57:34] [main/INFO] (Minecraft) [CHAT] §2§l§o[TenorClef] §rT2 [HIST] 0:40.5 PHASE BOOTSTRAP -> IRON
[21:57:34] [main/INFO] (Minecraft) [CHAT] §2§l§o[TenorClef] §rT2 [HIST] 0:40.5 CHILD CraftInTableTask -> CollectIronIngotTask ph=IRON @-55,66,70 sky=11 wet=false ground=true pick=0 buck=0 iron=0 ore=0 rods=0 pearls=0 eyes=0
[21:57:35] [main/INFO] (Minecraft) [STDOUT]: ALTO CLEF: WARNING: T2 [E109] mine/collect with no pick child=CollectIronIngotTask
[21:57:35] [main/INFO] (Minecraft) [CHAT] §2§l§o[TenorClef] §cT2 [E109] mine/collect with no pick child=CollectIronIngotTask§r
[21:57:35] [main/INFO] (Minecraft) [CHAT] §2§l§o[TenorClef] §rT2 [HIST] 0:40.7 [E109] mine/collect with no pick child=CollectIronIngotTask
[21:57:35] [main/INFO] (Minecraft) [CHAT] §2§l§o[TenorClef] §rT2 [NOW] t=0:40.9 ph=IRON @-55,66,70 do=<Collecting 8 iron.: [[iron_ingot] x 8]>  eq=stick woodpick=0 stonepick=0 pick=0 iron=0 buck=0
[21:57:35] [main/INFO] (Minecraft) [CHAT] §2§l§o[TenorClef] §rT2 [HIST] 0:41.4 SNAP ph=IRON @-54,66,71 sky=13 wet=false ground=true pick=0 buck=0 iron=0 ore=0 rods=0 pearls=0 eyes=0 child=CollectIronIngotTask dbg=<Collecting 8 iron.: [[iron_ingot] x 8]>  mobs=none
[21:57:35] [main/INFO] (Minecraft) [CHAT] §2§l§o[TenorClef] §rTESRUN2 split BOOTSTRAP  0:41.5
[21:57:35] [main/INFO] (Minecraft) [CHAT] §2§l§o[TenorClef] §rT2 [HIST] 0:41.5 PHASE IRON -> BOOTSTRAP
[21:57:35] [main/INFO] (Minecraft) [CHAT] §2§l§o[TenorClef] §rT2 [HIST] 0:41.5 CHILD CollectIronIngotTask -> CraftInTableTask ph=BOOTSTRAP @-54,66,72 sky=13 wet=false ground=true pick=0 buck=0 iron=0 ore=0 rods=0 pearls=0 eyes=0
[21:57:35] [main/INFO] (Minecraft) [STDOUT]: ALTO CLEF: WARNING: T2 [E112] ph IRON->BOOTSTRAP in 995ms
[21:57:35] [main/INFO] (Minecraft) [CHAT] §2§l§o[TenorClef] §cT2 [E112] ph IRON->BOOTSTRAP in 995ms§r
[21:57:35] [main/INFO] (Minecraft) [CHAT] §2§l§o[TenorClef] §rT2 [HIST] 0:41.5 [E112] ph IRON->BOOTSTRAP in 995ms
[21:57:36] [main/INFO] (Minecraft) [CHAT] §2§l§o[TenorClef] §rT2 [NOW] t=0:41.9 ph=BOOTSTRAP @-54,66,72 do=<Doing stuff in crafting_table container: [[wooden_pickaxe]]> Picking up eq=stick woodpick=0 stonepick=0 pick=0 iron=0 buck=0
[21:57:36] [main/INFO] (Minecraft) [CHAT] §2§l§o[TenorClef] §rT2 [HIST] 0:42.6 WHY bootstrap: table exists — wooden pick, not more logs
[21:57:37] [main/INFO] (Minecraft) [CHAT] §2§l§o[TenorClef] §rTESRUN2 split IRON  0:42.7
[21:57:37] [main/INFO] (Minecraft) [STDOUT]: ALTO CLEF: WARNING: T2 [S146] iron target locked want=8 at ingot=0 ore=0 metal=0
[21:57:37] [main/INFO] (Minecraft) [CHAT] §2§l§o[TenorClef] §cT2 [S146] iron target locked want=8 at ingot=0 ore=0 metal=0§r
[21:57:37] [main/INFO] (Minecraft) [CHAT] §2§l§o[TenorClef] §rT2 [HIST] 0:42.7 PHASE BOOTSTRAP -> IRON
[21:57:37] [main/INFO] (Minecraft) [CHAT] §2§l§o[TenorClef] §rT2 [HIST] 0:42.7 CHILD CraftInTableTask -> CollectIronIngotTask ph=IRON @-54,66,72 sky=13 wet=false ground=true pick=0 buck=0 iron=0 ore=0 rods=0 pearls=0 eyes=0
[21:57:37] [main/INFO] (Minecraft) [CHAT] §2§l§o[TenorClef] §rT2 [HIST] 0:42.8 [E112] ph BOOTSTRAP->IRON in 1246ms
[21:57:37] [main/INFO] (Minecraft) [CHAT] §2§l§o[TenorClef] §rT2 [NOW] t=0:42.9 ph=IRON @-54,66,72 do=<Collecting 8 iron.: [[iron_ingot] x 8]>  eq=spruce_planks woodpick=1 stonepick=0 pick=0 iron=0 buck=0
[21:57:38] [main/INFO] (Minecraft) [CHAT] §2§l§o[TenorClef] §rT2 [NOW] t=0:43.9 ph=IRON @-54,66,72 do=<Collecting 8 iron.: [[iron_ingot] x 8]>  eq=spruce_planks woodpick=1 stonepick=0 pick=0 iron=0 buck=0
[21:57:38] [main/INFO] (Minecraft) [CHAT] §2§l§o[TenorClef] §rT2 [HIST] 0:43.9 SNAP ph=IRON @-54,66,72 sky=13 wet=false ground=true pick=0 buck=0 iron=0 ore=0 rods=0 pearls=0 eyes=0 child=CollectIronIngotTask dbg=<Collecting 8 iron.: [[iron_ingot] x 8]>  mobs=none
[21:57:38] [main/INFO] (Minecraft) [STDOUT]: ALTO CLEF: WARNING: T2 [S194] dig-down in progress y=65 child=CollectIronIngotTask - pillar/jump nudges stand aside
[21:57:38] [main/INFO] (Minecraft) [CHAT] §2§l§o[TenorClef] §cT2 [S194] dig-down in progress y=65 child=CollectIronIngotTask - pillar/jump nudges stand aside§r
[21:57:38] [main/INFO] (Minecraft) [CHAT] §2§l§o[TenorClef] §rT2 [HIST] 0:44.0 SOLVE S194 dig-down in progress y=65 child=CollectIronIngotTask - pillar/jump nudges stand aside
[21:57:38] [main/INFO] (Minecraft) [CHAT] §2§l§o[TenorClef] §rT2 [HIST] 0:44.5 WHY iron: smelt 8 in one furnace
[21:57:39] [main/INFO] (Minecraft) [CHAT] §2§l§o[TenorClef] §rT2 [NOW] t=0:44.9 ph=IRON @-54,65,72 do=<Collecting 8 iron.: [[iron_ingot] x 8]>  eq=spruce_planks woodpick=1 stonepick=0 pick=0 iron=0 buck=0
[21:57:40] [main/INFO] (Minecraft) [CHAT] §2§l§o[TenorClef] §rT2 [NOW] t=0:45.8 ph=IRON @-54,64,72 do=<Collecting 8 iron.: [[iron_ingot] x 8]>  eq=spruce_planks woodpick=1 stonepick=0 pick=0 iron=0 buck=0
[21:57:40] [main/INFO] (Minecraft) [STDOUT]: ALTO CLEF: WARNING: T2 [E100] jumps=6 @-54,63,72 ph=IRON child=CollectIronIngotTask
[21:57:40] [main/INFO] (Minecraft) [CHAT] §2§l§o[TenorClef] §cT2 [E100] jumps=6 @-54,63,72 ph=IRON child=CollectIronIngotTask§r
[21:57:40] [main/INFO] (Minecraft) [CHAT] §2§l§o[TenorClef] §rT2 [HIST] 0:46.3 [E100] jumps=6 @-54,63,72 ph=IRON child=CollectIronIngotTask
[21:57:40] [main/INFO] (Minecraft) [CHAT] §2§l§o[TenorClef] §rT2 [HIST] 0:46.4 SNAP ph=IRON @-54,63,72 sky=10 wet=false ground=true pick=0 buck=0 iron=0 ore=0 rods=0 pearls=0 eyes=0 child=CollectIronIngotTask dbg=<Collecting 8 iron.: [[iron_ingot] x 8]>  mobs=none
[21:57:41] [main/INFO] (Minecraft) [CHAT] §2§l§o[TenorClef] §rT2 [NOW] t=0:46.9 ph=IRON @-54,63,72 do=<Collecting 8 iron.: [[iron_ingot] x 8]>  eq=spruce_planks woodpick=1 stonepick=0 pick=0 iron=0 buck=0
[21:57:42] [main/INFO] (Minecraft) [CHAT] §2§l§o[TenorClef] §rT2 [HB] t=0:47.7 ph=IRON y=62 child=CollectIronIngotTask logs=0 pick=0 woodpick=1
[21:57:42] [main/INFO] (Minecraft) [CHAT] §2§l§o[TenorClef] §rT2 [NOW] t=0:47.9 ph=IRON @-54,62,72 do=<Collecting 8 iron.: [[iron_ingot] x 8]>  eq=wooden_pickaxe woodpick=1 stonepick=0 pick=0 iron=0 buck=0
[21:57:42] [main/INFO] (Minecraft) [CHAT] §2§l§o[TenorClef] §rT2 [HIST] 0:48.5 WHY iron: smelt 8 in one furnace
[21:57:43] [main/INFO] (Minecraft) [STDOUT]: ALTO CLEF: WARNING: T2 [E70] iron stall 6s @-54,72 — clear blacklist + re-pick ore
[21:57:43] [main/INFO] (Minecraft) [CHAT] §2§l§o[TenorClef] §cT2 [E70] iron stall 6s @-54,72 — clear blacklist + re-pick ore§r
[21:57:43] [main/INFO] (Minecraft) [CHAT] §2§l§o[TenorClef] §rT2 [NOW] t=0:48.9 ph=IRON @-54,61,72 do=<Collecting 8 iron.: [[iron_ingot] x 8]>  eq=wooden_pickaxe woodpick=1 stonepick=0 pick=0 iron=0 buck=0
[21:57:43] [main/INFO] (Minecraft) [CHAT] §2§l§o[TenorClef] §rT2 [HIST] 0:48.9 SNAP ph=IRON @-54,61,72 sky=8 wet=false ground=false pick=0 buck=0 iron=0 ore=0 rods=0 pearls=0 eyes=0 child=CollectIronIngotTask dbg=<Collecting 8 iron.: [[iron_ingot] x 8]>  mobs=none
[21:57:43] [Server thread/INFO] (Minecraft) Player652 has made the advancement [Stone Age]
[21:57:43] [main/INFO] (Minecraft) [CHAT] Player652 has made the advancement [Stone Age]
[21:57:43] [main/INFO] (Minecraft) Loaded 43 advancements
[21:57:44] [main/INFO] (Minecraft) [CHAT] §2§l§o[TenorClef] §rT2 [NOW] t=0:49.9 ph=IRON @-54,61,72 do=<Collecting 8 iron.: [[iron_ingot] x 8]>  eq=wooden_pickaxe woodpick=1 stonepick=0 pick=0 iron=0 buck=0
[21:57:45] [main/INFO] (Minecraft) [CHAT] §2§l§o[TenorClef] §rT2 [HIST] 0:50.8 [E100] jumps=6 @-54,60,72 ph=IRON child=CollectIronIngotTask
[21:57:45] [main/INFO] (Minecraft) [CHAT] §2§l§o[TenorClef] §rT2 [NOW] t=0:50.9 ph=IRON @-54,60,72 do=<Collecting 8 iron.: [[iron_ingot] x 8]>  eq=wooden_pickaxe woodpick=1 stonepick=0 pick=0 iron=0 buck=0
[21:57:45] [main/INFO] (Minecraft) [CHAT] §2§l§o[TenorClef] §rT2 [HIST] 0:51.3 SNAP ph=IRON @-54,60,72 sky=7 wet=false ground=true pick=0 buck=0 iron=0 ore=0 rods=0 pearls=0 eyes=0 child=CollectIronIngotTask dbg=<Collecting 8 iron.: [[iron_ingot] x 8]>  mobs=none
[21:57:46] [main/INFO] (Minecraft) [CHAT] §2§l§o[TenorClef] §rT2 [NOW] t=0:51.9 ph=IRON @-54,60,72 do=<Collecting 8 iron.: [[iron_ingot] x 8]>  eq=wooden_pickaxe woodpick=1 stonepick=0 pick=0 iron=0 buck=0
[21:57:46] [main/INFO] (Minecraft) [CHAT] §2§l§o[TenorClef] §rT2 [HIST] 0:52.6 WHY iron: smelt 8 in one furnace
[21:57:47] [main/INFO] (Minecraft) [CHAT] §2§l§o[TenorClef] §rT2 [NOW] t=0:52.9 ph=IRON @-54,59,72 do=<Collecting 8 iron.: [[iron_ingot] x 8]>  eq=wooden_pickaxe woodpick=1 stonepick=0 pick=0 iron=0 buck=0
[21:57:48] [main/INFO] (Minecraft) [STDOUT]: ALTO CLEF: WARNING: T2 [E100] jumps=6 @-54,61,72 ph=IRON child=CollectIronIngotTask
[21:57:48] [main/INFO] (Minecraft) [CHAT] §2§l§o[TenorClef] §cT2 [E100] jumps=6 @-54,61,72 ph=IRON child=CollectIronIngotTask§r
[21:57:48] [main/INFO] (Minecraft) [CHAT] §2§l§o[TenorClef] §rT2 [HIST] 0:53.8 [E100] jumps=6 @-54,61,72 ph=IRON child=CollectIronIngotTask
[21:57:48] [main/INFO] (Minecraft) [CHAT] §2§l§o[TenorClef] §rT2 [NOW] t=0:53.9 ph=IRON @-54,61,72 do=<Collecting 8 iron.: [[iron_ingot] x 8]>  eq=dirt woodpick=1 stonepick=0 pick=0 iron=0 buck=0
[21:57:48] [main/INFO] (Minecraft) [CHAT] §2§l§o[TenorClef] §rT2 [HIST] 0:53.9 SNAP ph=IRON @-54,61,72 sky=8 wet=false ground=false pick=0 buck=0 iron=0 ore=0 rods=0 pearls=0 eyes=0 child=CollectIronIngotTask dbg=<Collecting 8 iron.: [[iron_ingot] x 8]>  mobs=none
[21:57:49] [main/INFO] (Minecraft) [STDOUT]: ALTO CLEF: WARNING: T2 [E70] iron stall 6s @-54,72 — clear blacklist + re-pick ore
[21:57:49] [main/INFO] (Minecraft) [CHAT] §2§l§o[TenorClef] §cT2 [E70] iron stall 6s @-54,72 — clear blacklist + re-pick ore§r
[21:57:49] [main/INFO] (Minecraft) [CHAT] §2§l§o[TenorClef] §rT2 [NOW] t=0:54.9 ph=IRON @-54,64,72 do=<Collecting 8 iron.: [[iron_ingot] x 8]>  eq=air woodpick=1 stonepick=0 pick=0 iron=0 buck=0
[21:57:49] [main/INFO] (Minecraft) [CHAT] §2§l§o[TenorClef] §rT2 [HIST] 0:55.3 [E100] jumps=6 @-54,63,72 ph=IRON child=CollectIronIngotTask
[21:57:50] [main/INFO] (Minecraft) [CHAT] §2§l§o[TenorClef] §rT2 [NOW] t=0:55.9 ph=IRON @-54,63,72 do=<Collecting 8 iron.: [[iron_ingot] x 8]>  eq=air woodpick=1 stonepick=0 pick=0 iron=0 buck=0
[21:57:50] [main/INFO] (Minecraft) [CHAT] §2§l§o[TenorClef] §rT2 [HIST] 0:56.4 SNAP ph=IRON @-54,63,72 sky=10 wet=false ground=false pick=0 buck=0 iron=0 ore=0 rods=0 pearls=0 eyes=0 child=CollectIronIngotTask dbg=<Collecting 8 iron.: [[iron_ingot] x 8]>  mobs=none
[21:57:50] [main/INFO] (Minecraft) [CHAT] §2§l§o[TenorClef] §rRefreshed inventory...
[21:57:50] [main/INFO] (Minecraft) [CHAT] §2§l§o[TenorClef] §rT2 [HIST] 0:56.6 WHY iron: smelt 8 in one furnace
[21:57:51] [main/INFO] (Minecraft) [CHAT] §2§l§o[TenorClef] §rT2 [NOW] t=0:56.9 ph=IRON @-54,64,72 do=<Collecting 8 iron.: [[iron_ingot] x 8]>  eq=air woodpick=1 stonepick=0 pick=0 iron=0 buck=0
[21:57:51] [main/INFO] (Minecraft) [STDOUT]: ALTO CLEF: WARNING: T2 [E109b] eq=block.minecraft.air held=4s woodpick=1 stonepick=0 child=CollectIronIngotTask ph=IRON
[21:57:51] [main/INFO] (Minecraft) [CHAT] §2§l§o[TenorClef] §cT2 [E109b] eq=block.minecraft.air held=4s woodpick=1 stonepick=0 child=CollectIronIngotTask ph=IRON§r
[21:57:51] [main/INFO] (Minecraft) [CHAT] §2§l§o[TenorClef] §rT2 [HIST] 0:57.0 [E109b] eq=block.minecraft.air held=4s woodpick=1 stonepick=0 child=CollectIronIngotTask ph=IRON
[21:57:52] [main/INFO] (Minecraft) [CHAT] §2§l§o[TenorClef] §rT2 [HB] t=0:57.8 ph=IRON y=63 child=CollectIronIngotTask logs=0 pick=0 woodpick=1
[21:57:52] [main/INFO] (Minecraft) [CHAT] §2§l§o[TenorClef] §rT2 [NOW] t=0:57.9 ph=IRON @-54,64,72 do=<Collecting 8 iron.: [[iron_ingot] x 8]>  eq=air woodpick=1 stonepick=0 pick=0 iron=0 buck=0
[21:57:53] [main/INFO] (Minecraft) [CHAT] §2§l§o[TenorClef] §rT2 [NOW] t=0:58.9 ph=IRON @-54,63,72 do=<Collecting 8 iron.: [[iron_ingot] x 8]>  eq=air woodpick=1 stonepick=0 pick=0 iron=0 buck=0
[21:57:53] [main/INFO] (Minecraft) [CHAT] §2§l§o[TenorClef] §rT2 [HIST] 0:58.9 SNAP ph=IRON @-54,63,72 sky=10 wet=false ground=false pick=0 buck=0 iron=0 ore=0 rods=0 pearls=0 eyes=0 child=CollectIronIngotTask dbg=<Collecting 8 iron.: [[iron_ingot] x 8]>  mobs=none
[21:57:53] [main/INFO] (Minecraft) [STDOUT]: ALTO CLEF: WARNING: T2 [E100] jumps=6 @-54,63,72 ph=IRON child=CollectIronIngotTask
[21:57:53] [main/INFO] (Minecraft) [CHAT] §2§l§o[TenorClef] §cT2 [E100] jumps=6 @-54,63,72 ph=IRON child=CollectIronIngotTask§r
[21:57:54] [main/INFO] (Minecraft) [CHAT] §2§l§o[TenorClef] §rT2 [NOW] t=0:59.9 ph=IRON @-54,64,72 do=<Collecting 8 iron.: [[iron_ingot] x 8]>  eq=air woodpick=1 stonepick=0 pick=0 iron=0 buck=0
[21:57:54] [main/INFO] (Minecraft) [CHAT] §2§l§o[TenorClef] §rT2 [HIST] 1:00.6 WHY iron: smelt 8 in one furnace
[21:57:55] [main/INFO] (Minecraft) [STDOUT]: ALTO CLEF: WARNING: T2 [E70] iron stall 6s @-54,72 — clear blacklist + re-pick ore
[21:57:55] [main/INFO] (Minecraft) [CHAT] §2§l§o[TenorClef] §cT2 [E70] iron stall 6s @-54,72 — clear blacklist + re-pick ore§r
[21:57:55] [main/INFO] (Minecraft) [CHAT] §2§l§o[TenorClef] §rT2 [HIST] 1:00.7 [E100] jumps=6 @-54,63,72 ph=IRON child=CollectIronIngotTask
[21:57:55] [main/INFO] (Minecraft) [CHAT] §2§l§o[TenorClef] §rT2 [NOW] t=1:00.9 ph=IRON @-54,64,72 do=<Collecting 8 iron.: [[iron_ingot] x 8]>  eq=air woodpick=1 stonepick=0 pick=0 iron=0 buck=0
[21:57:55] [main/INFO] (Minecraft) [CHAT] §2§l§o[TenorClef] §rT2 [HIST] 1:01.0 [E109b] eq=block.minecraft.air held=4s woodpick=1 stonepick=0 child=CollectIronIngotTask ph=IRON
[21:57:55] [main/INFO] (Minecraft) [CHAT] §2§l§o[TenorClef] §rT2 [HIST] 1:01.4 SNAP ph=IRON @-54,63,72 sky=10 wet=false ground=false pick=0 buck=0 iron=0 ore=0 rods=0 pearls=0 eyes=0 child=CollectIronIngotTask dbg=<Collecting 8 iron.: [[iron_ingot] x 8]>  mobs=none
[21:57:56] [main/INFO] (Minecraft) [CHAT] §2§l§o[TenorClef] §rT2 [NOW] t=1:01.9 ph=IRON @-54,63,72 do=<Collecting 8 iron.: [[iron_ingot] x 8]>  eq=air woodpick=1 stonepick=0 pick=0 iron=0 buck=0
[21:57:57] [main/INFO] (Minecraft) [CHAT] §2§l§o[TenorClef] §rT2 [NOW] t=1:02.9 ph=IRON @-54,64,72 do=<Collecting 8 iron.: [[iron_ingot] x 8]>  eq=air woodpick=1 stonepick=0 pick=0 iron=0 buck=0
[21:57:58] [main/INFO] (Minecraft) [CHAT] §2§l§o[TenorClef] §rT2 [NOW] t=1:03.9 ph=IRON @-54,64,72 do=<Collecting 8 iron.: [[iron_ingot] x 8]>  eq=air woodpick=1 stonepick=0 pick=0 iron=0 buck=0
[21:57:58] [main/INFO] (Minecraft) [CHAT] §2§l§o[TenorClef] §rT2 [HIST] 1:03.9 SNAP ph=IRON @-54,64,72 sky=11 wet=false ground=false pick=0 buck=0 iron=0 ore=0 rods=0 pearls=0 eyes=0 child=CollectIronIngotTask dbg=<Collecting 8 iron.: [[iron_ingot] x 8]>  mobs=none
[21:57:58] [main/INFO] (Minecraft) [STDOUT]: ALTO CLEF: WARNING: T2 [E100] jumps=6 @-54,63,72 ph=IRON child=CollectIronIngotTask
[21:57:58] [main/INFO] (Minecraft) [CHAT] §2§l§o[TenorClef] §cT2 [E100] jumps=6 @-54,63,72 ph=IRON child=CollectIronIngotTask§r
[21:57:58] [main/INFO] (Minecraft) [CHAT] §2§l§o[TenorClef] §rT2 [HIST] 1:04.6 WHY iron: smelt 8 in one furnace
[21:57:59] [main/INFO] (Minecraft) [CHAT] §2§l§o[TenorClef] §rT2 [NOW] t=1:04.9 ph=IRON @-54,63,72 do=<Collecting 8 iron.: [[iron_ingot] x 8]>  eq=air woodpick=1 stonepick=0 pick=0 iron=0 buck=0
[21:57:59] [main/INFO] (Minecraft) [STDOUT]: ALTO CLEF: WARNING: T2 [E109b] eq=block.minecraft.air held=4s woodpick=1 stonepick=0 child=CollectIronIngotTask ph=IRON
[21:57:59] [main/INFO] (Minecraft) [CHAT] §2§l§o[TenorClef] §cT2 [E109b] eq=block.minecraft.air held=4s woodpick=1 stonepick=0 child=CollectIronIngotTask ph=IRON§r
[21:57:59] [main/INFO] (Minecraft) [CHAT] §2§l§o[TenorClef] §rT2 [HIST] 1:05.1 [E109b] eq=block.minecraft.air held=4s woodpick=1 stonepick=0 child=CollectIronIngotTask ph=IRON
[21:58:00] [main/INFO] (Minecraft) [CHAT] §2§l§o[TenorClef] §rT2 [NOW] t=1:05.9 ph=IRON @-54,64,72 do=<Collecting 8 iron.: [[iron_ingot] x 8]>  eq=air woodpick=1 stonepick=0 pick=0 iron=0 buck=0
[21:58:00] [main/INFO] (Minecraft) [CHAT] §2§l§o[TenorClef] §rT2 [HIST] 1:06.1 [E100] jumps=6 @-54,63,72 ph=IRON child=CollectIronIngotTask
[21:58:00] [main/INFO] (Minecraft) [CHAT] §2§l§o[TenorClef] §rT2 [HIST] 1:06.4 SNAP ph=IRON @-54,64,72 sky=11 wet=false ground=false pick=0 buck=0 iron=0 ore=0 rods=0 pearls=0 eyes=0 child=CollectIronIngotTask dbg=<Collecting 8 iron.: [[iron_ingot] x 8]>  mobs=none
[21:58:01] [main/INFO] (Minecraft) [STDOUT]: ALTO CLEF: WARNING: T2 [E70] iron stall 6s @-54,72 — clear blacklist + re-pick ore
[21:58:01] [main/INFO] (Minecraft) [CHAT] §2§l§o[TenorClef] §cT2 [E70] iron stall 6s @-54,72 — clear blacklist + re-pick ore§r
[21:58:01] [main/INFO] (Minecraft) [CHAT] §2§l§o[TenorClef] §rT2 [NOW] t=1:06.9 ph=IRON @-54,64,72 do=<Collecting 8 iron.: [[iron_ingot] x 8]>  eq=air woodpick=1 stonepick=0 pick=0 iron=0 buck=0
[21:58:02] [main/INFO] (Minecraft) [CHAT] §2§l§o[TenorClef] §rT2 [HB] t=1:07.8 ph=IRON y=63 child=CollectIronIngotTask logs=0 pick=0 woodpick=1
[21:58:02] [main/INFO] (Minecraft) [CHAT] §2§l§o[TenorClef] §rT2 [NOW] t=1:07.9 ph=IRON @-54,63,72 do=<Collecting 8 iron.: [[iron_ingot] x 8]>  eq=air woodpick=1 stonepick=0 pick=0 iron=0 buck=0
[21:58:03] [main/INFO] (Minecraft) [CHAT] §2§l§o[TenorClef] §rT2 [HIST] 1:08.7 WHY iron: smelt 8 in one furnace
[21:58:03] [main/INFO] (Minecraft) [CHAT] §2§l§o[TenorClef] §rT2 [NOW] t=1:08.9 ph=IRON @-54,64,72 do=<Collecting 8 iron.: [[iron_ingot] x 8]>  eq=air woodpick=1 stonepick=0 pick=0 iron=0 buck=0
[21:58:03] [main/INFO] (Minecraft) [CHAT] §2§l§o[TenorClef] §rT2 [HIST] 1:08.9 SNAP ph=IRON @-54,64,72 sky=11 wet=false ground=false pick=0 buck=0 iron=0 ore=0 rods=0 pearls=0 eyes=0 child=CollectIronIngotTask dbg=<Collecting 8 iron.: [[iron_ingot] x 8]>  mobs=none
[21:58:03] [main/INFO] (Minecraft) [CHAT] §2§l§o[TenorClef] §rT2 [HIST] 1:09.1 [E109b] eq=block.minecraft.air held=4s woodpick=1 stonepick=0 child=CollectIronIngotTask ph=IRON
[21:58:04] [main/INFO] (Minecraft) [STDOUT]: ALTO CLEF: WARNING: T2 [E100] jumps=6 @-54,63,72 ph=IRON child=CollectIronIngotTask
[21:58:04] [main/INFO] (Minecraft) [CHAT] §2§l§o[TenorClef] §cT2 [E100] jumps=6 @-54,63,72 ph=IRON child=CollectIronIngotTask§r
[21:58:04] [main/INFO] (Minecraft) [CHAT] §2§l§o[TenorClef] §rT2 [NOW] t=1:09.9 ph=IRON @-54,64,72 do=<Collecting 8 iron.: [[iron_ingot] x 8]>  eq=air woodpick=1 stonepick=0 pick=0 iron=0 buck=0
[21:58:05] [main/INFO] (Minecraft) [CHAT] §2§l§o[TenorClef] §rT2 [NOW] t=1:10.9 ph=IRON @-54,63,72 do=<Collecting 8 iron.: [[iron_ingot] x 8]>  eq=air woodpick=1 stonepick=0 pick=0 iron=0 buck=0
[21:58:05] [main/INFO] (Minecraft) [CHAT] §2§l§o[TenorClef] §rT2 [HIST] 1:11.4 SNAP ph=IRON @-54,63,72 sky=10 wet=false ground=false pick=0 buck=0 iron=0 ore=0 rods=0 pearls=0 eyes=0 child=CollectIronIngotTask dbg=<Collecting 8 iron.: [[iron_ingot] x 8]>  mobs=none
[21:58:05] [main/INFO] (Minecraft) [CHAT] §2§l§o[TenorClef] §rT2 [HIST] 1:11.5 [E100] jumps=6 @-54,63,72 ph=IRON child=CollectIronIngotTask
[21:58:06] [main/INFO] (Minecraft) [CHAT] §2§l§o[TenorClef] §rT2 [NOW] t=1:11.9 ph=IRON @-54,64,72 do=<Collecting 8 iron.: [[iron_ingot] x 8]>  eq=air woodpick=1 stonepick=0 pick=0 iron=0 buck=0
[21:58:07] [main/INFO] (Minecraft) [STDOUT]: ALTO CLEF: WARNING: T2 [E70] iron stall 6s @-54,72 — clear blacklist + re-pick ore
[21:58:07] [main/INFO] (Minecraft) [CHAT] §2§l§o[TenorClef] §cT2 [E70] iron stall 6s @-54,72 — clear blacklist + re-pick ore§r
[21:58:07] [main/INFO] (Minecraft) [CHAT] §2§l§o[TenorClef] §rT2 [HIST] 1:12.7 WHY iron: smelt 8 in one furnace
[21:58:07] [main/INFO] (Minecraft) [CHAT] §2§l§o[TenorClef] §rT2 [NOW] t=1:12.9 ph=IRON @-54,64,72 do=<Collecting 8 iron.: [[iron_ingot] x 8]>  eq=air woodpick=1 stonepick=0 pick=0 iron=0 buck=0
[21:58:07] [main/INFO] (Minecraft) [STDOUT]: ALTO CLEF: WARNING: T2 [E109b] eq=block.minecraft.air held=4s woodpick=1 stonepick=0 child=CollectIronIngotTask ph=IRON
[21:58:07] [main/INFO] (Minecraft) [CHAT] §2§l§o[TenorClef] §cT2 [E109b] eq=block.minecraft.air held=4s woodpick=1 stonepick=0 child=CollectIronIngotTask ph=IRON§r
[21:58:07] [main/INFO] (Minecraft) [CHAT] §2§l§o[TenorClef] §rT2 [HIST] 1:13.2 [E109b] eq=block.minecraft.air held=4s woodpick=1 stonepick=0 child=CollectIronIngotTask ph=IRON
[21:58:08] [main/INFO] (Minecraft) [CHAT] §2§l§o[TenorClef] §rT2 [NOW] t=1:13.9 ph=IRON @-54,63,72 do=<Collecting 8 iron.: [[iron_ingot] x 8]>  eq=air woodpick=1 stonepick=0 pick=0 iron=0 buck=0
[21:58:08] [main/INFO] (Minecraft) [CHAT] §2§l§o[TenorClef] §rT2 [HIST] 1:13.9 SNAP ph=IRON @-54,63,72 sky=10 wet=false ground=false pick=0 buck=0 iron=0 ore=0 rods=0 pearls=0 eyes=0 child=CollectIronIngotTask dbg=<Collecting 8 iron.: [[iron_ingot] x 8]>  mobs=none
[21:58:09] [main/INFO] (Minecraft) [CHAT] §2§l§o[TenorClef] §rT2 [NOW] t=1:14.9 ph=IRON @-54,64,72 do=<Collecting 8 iron.: [[iron_ingot] x 8]>  eq=air woodpick=1 stonepick=0 pick=0 iron=0 buck=0
[21:58:09] [main/INFO] (Minecraft) [STDOUT]: ALTO CLEF: WARNING: T2 [E100] jumps=6 @-54,63,72 ph=IRON child=CollectIronIngotTask
[21:58:09] [main/INFO] (Minecraft) [CHAT] §2§l§o[TenorClef] §cT2 [E100] jumps=6 @-54,63,72 ph=IRON child=CollectIronIngotTask§r
[21:58:10] [main/INFO] (Minecraft) [CHAT] §2§l§o[TenorClef] §rT2 [NOW] t=1:15.9 ph=IRON @-54,64,72 do=<Collecting 8 iron.: [[iron_ingot] x 8]>  eq=air woodpick=1 stonepick=0 pick=0 iron=0 buck=0
[21:58:10] [main/INFO] (Minecraft) [CHAT] §2§l§o[TenorClef] §rT2 [HIST] 1:16.4 SNAP ph=IRON @-54,63,72 sky=10 wet=false ground=false pick=0 buck=0 iron=0 ore=0 rods=0 pearls=0 eyes=0 child=CollectIronIngotTask dbg=<Collecting 8 iron.: [[iron_ingot] x 8]>  mobs=none
[21:58:11] [main/INFO] (Minecraft) [CHAT] §2§l§o[TenorClef] §rT2 [HIST] 1:16.8 WHY iron: smelt 8 in one furnace
[21:58:11] [main/INFO] (Minecraft) [CHAT] §2§l§o[TenorClef] §rT2 [NOW] t=1:16.9 ph=IRON @-54,63,72 do=<Collecting 8 iron.: [[iron_ingot] x 8]>  eq=air woodpick=1 stonepick=0 pick=0 iron=0 buck=0
[21:58:11] [main/INFO] (Minecraft) [CHAT] §2§l§o[TenorClef] §rT2 [HIST] 1:16.9 [E100] jumps=6 @-54,63,72 ph=IRON child=CollectIronIngotTask
[21:58:11] [main/INFO] (Minecraft) [CHAT] §2§l§o[TenorClef] §rT2 [HIST] 1:17.2 [E109b] eq=block.minecraft.air held=4s woodpick=1 stonepick=0 child=CollectIronIngotTask ph=IRON
[21:58:12] [main/INFO] (Minecraft) [CHAT] §2§l§o[TenorClef] §rT2 [NOW] t=1:17.9 ph=IRON @-54,64,72 do=<Collecting 8 iron.: [[iron_ingot] x 8]>  eq=air woodpick=1 stonepick=0 pick=0 iron=0 buck=0
[21:58:13] [main/INFO] (Minecraft) [STDOUT]: ALTO CLEF: WARNING: T2 [E70] iron stall 6s @-54,72 — clear blacklist + re-pick ore
[21:58:13] [main/INFO] (Minecraft) [CHAT] §2§l§o[TenorClef] §cT2 [E70] iron stall 6s @-54,72 — clear blacklist + re-pick ore§r
[21:58:13] [main/INFO] (Minecraft) [CHAT] §2§l§o[TenorClef] §rT2 [NOW] t=1:18.9 ph=IRON @-54,64,72 do=<Collecting 8 iron.: [[iron_ingot] x 8]>  eq=air woodpick=1 stonepick=0 pick=0 iron=0 buck=0
[21:58:13] [main/INFO] (Minecraft) [CHAT] §2§l§o[TenorClef] §rT2 [HIST] 1:18.9 SNAP ph=IRON @-54,64,72 sky=11 wet=false ground=false pick=0 buck=0 iron=0 ore=0 rods=0 pearls=0 eyes=0 child=CollectIronIngotTask dbg=<Collecting 8 iron.: [[iron_ingot] x 8]>  mobs=none
[21:58:14] [main/INFO] (Minecraft) [CHAT] §2§l§o[TenorClef] §rT2 [NOW] t=1:19.9 ph=IRON @-54,63,72 do=<Collecting 8 iron.: [[iron_ingot] x 8]>  eq=air woodpick=1 stonepick=0 pick=0 iron=0 buck=0
[21:58:14] [main/INFO] (Minecraft) [STDOUT]: ALTO CLEF: WARNING: T2 [E100] jumps=6 @-54,63,72 ph=IRON child=CollectIronIngotTask
[21:58:14] [main/INFO] (Minecraft) [CHAT] §2§l§o[TenorClef] §cT2 [E100] jumps=6 @-54,63,72 ph=IRON child=CollectIronIngotTask§r
[21:58:15] [main/INFO] (Minecraft) [CHAT] §2§l§o[TenorClef] §rT2 [HIST] 1:20.8 WHY iron: smelt 8 in one furnace
[21:58:15] [main/INFO] (Minecraft) [CHAT] §2§l§o[TenorClef] §rT2 [NOW] t=1:20.9 ph=IRON @-54,64,72 do=<Collecting 8 iron.: [[iron_ingot] x 8]>  eq=air woodpick=1 stonepick=0 pick=0 iron=0 buck=0
[21:58:15] [main/INFO] (Minecraft) [STDOUT]: ALTO CLEF: WARNING: T2 [E109b] eq=block.minecraft.air held=4s woodpick=1 stonepick=0 child=CollectIronIngotTask ph=IRON
[21:58:15] [main/INFO] (Minecraft) [CHAT] §2§l§o[TenorClef] §cT2 [E109b] eq=block.minecraft.air held=4s woodpick=1 stonepick=0 child=CollectIronIngotTask ph=IRON§r
[21:58:15] [main/INFO] (Minecraft) [CHAT] §2§l§o[TenorClef] §rT2 [HIST] 1:21.3 [E109b] eq=block.minecraft.air held=4s woodpick=1 stonepick=0 child=CollectIronIngotTask ph=IRON
[21:58:15] [main/INFO] (Minecraft) [CHAT] §2§l§o[TenorClef] §rT2 [HIST] 1:21.4 SNAP ph=IRON @-54,64,72 sky=11 wet=false ground=false pick=0 buck=0 iron=0 ore=0 rods=0 pearls=0 eyes=0 child=CollectIronIngotTask dbg=<Collecting 8 iron.: [[iron_ingot] x 8]>  mobs=none
[21:58:16] [main/INFO] (Minecraft) [CHAT] §2§l§o[TenorClef] §rT2 [NOW] t=1:21.9 ph=IRON @-54,64,72 do=<Collecting 8 iron.: [[iron_ingot] x 8]>  eq=air woodpick=1 stonepick=0 pick=0 iron=0 buck=0
[21:58:16] [main/INFO] (Minecraft) [CHAT] §2§l§o[TenorClef] §rT2 [HIST] 1:22.3 [E100] jumps=6 @-54,63,72 ph=IRON child=CollectIronIngotTask
[21:58:17] [main/INFO] (Minecraft) [CHAT] §2§l§o[TenorClef] §rT2 [NOW] t=1:22.8 ph=IRON @-54,63,72 do=<Collecting 8 iron.: [[iron_ingot] x 8]>  eq=air woodpick=1 stonepick=0 pick=0 iron=0 buck=0
[21:58:17] [main/INFO] (Minecraft) [CHAT] §2§l§o[TenorClef] §rT2 [HB] t=1:22.9 ph=IRON y=63 child=CollectIronIngotTask logs=0 pick=0 woodpick=1
[21:58:18] [main/INFO] (Minecraft) [CHAT] §2§l§o[TenorClef] §rT2 [NOW] t=1:23.9 ph=IRON @-54,64,72 do=<Collecting 8 iron.: [[iron_ingot] x 8]>  eq=air woodpick=1 stonepick=0 pick=0 iron=0 buck=0
[21:58:18] [main/INFO] (Minecraft) [CHAT] §2§l§o[TenorClef] §rT2 [HIST] 1:23.9 SNAP ph=IRON @-54,64,72 sky=11 wet=false ground=false pick=0 buck=0 iron=0 ore=0 rods=0 pearls=0 eyes=0 child=CollectIronIngotTask dbg=<Collecting 8 iron.: [[iron_ingot] x 8]>  mobs=none
[21:58:19] [main/INFO] (Minecraft) [STDOUT]: ALTO CLEF: WARNING: T2 [E70] iron stall 6s @-54,72 — clear blacklist + re-pick ore
[21:58:19] [main/INFO] (Minecraft) [CHAT] §2§l§o[TenorClef] §cT2 [E70] iron stall 6s @-54,72 — clear blacklist + re-pick ore§r
[21:58:19] [main/INFO] (Minecraft) [CHAT] §2§l§o[TenorClef] §rT2 [HIST] 1:24.8 WHY iron: smelt 8 in one furnace
[21:58:19] [main/INFO] (Minecraft) [CHAT] §2§l§o[TenorClef] §rT2 [NOW] t=1:24.9 ph=IRON @-54,64,72 do=<Collecting 8 iron.: [[iron_ingot] x 8]>  eq=air woodpick=1 stonepick=0 pick=0 iron=0 buck=0
[21:58:19] [main/INFO] (Minecraft) [CHAT] §2§l§o[TenorClef] §rT2 [HIST] 1:25.3 [E109b] eq=block.minecraft.air held=4s woodpick=1 stonepick=0 child=CollectIronIngotTask ph=IRON
[21:58:20] [main/INFO] (Minecraft) [CHAT] §2§l§o[TenorClef] §rT2 [NOW] t=1:25.9 ph=IRON @-54,63,72 do=<Collecting 8 iron.: [[iron_ingot] x 8]>  eq=air woodpick=1 stonepick=0 pick=0 iron=0 buck=0
[21:58:20] [main/INFO] (Minecraft) [STDOUT]: ALTO CLEF: WARNING: T2 [E100] jumps=6 @-54,63,72 ph=IRON child=CollectIronIngotTask
[21:58:20] [main/INFO] (Minecraft) [CHAT] §2§l§o[TenorClef] §cT2 [E100] jumps=6 @-54,63,72 ph=IRON child=CollectIronIngotTask§r
[21:58:20] [main/INFO] (Minecraft) [CHAT] §2§l§o[TenorClef] §rT2 [HIST] 1:26.4 SNAP ph=IRON @-54,63,72 sky=10 wet=false ground=false pick=0 buck=0 iron=0 ore=0 rods=0 pearls=0 eyes=0 child=CollectIronIngotTask dbg=<Collecting 8 iron.: [[iron_ingot] x 8]>  mobs=none
[21:58:20] [main/INFO] (Minecraft) [CHAT] §2§l§o[TenorClef] §rRefreshed inventory...
[21:58:21] [main/INFO] (Minecraft) [CHAT] §2§l§o[TenorClef] §rT2 [NOW] t=1:26.9 ph=IRON @-54,64,72 do=<Collecting 8 iron.: [[iron_ingot] x 8]>  eq=air woodpick=1 stonepick=0 pick=0 iron=0 buck=0
[21:58:22] [main/INFO] (Minecraft) [CHAT] §2§l§o[TenorClef] §rT2 [HIST] 1:27.7 [E100] jumps=6 @-54,63,72 ph=IRON child=CollectIronIngotTask
[21:58:22] [main/INFO] (Minecraft) [CHAT] §2§l§o[TenorClef] §rT2 [NOW] t=1:27.9 ph=IRON @-54,64,72 do=<Collecting 8 iron.: [[iron_ingot] x 8]>  eq=air woodpick=1 stonepick=0 pick=0 iron=0 buck=0
[21:58:23] [main/INFO] (Minecraft) [CHAT] §2§l§o[TenorClef] §rT2 [HIST] 1:28.8 WHY iron: smelt 8 in one furnace
[21:58:23] [main/INFO] (Minecraft) [CHAT] §2§l§o[TenorClef] §rT2 [NOW] t=1:28.9 ph=IRON @-54,63,72 do=<Collecting 8 iron.: [[iron_ingot] x 8]>  eq=air woodpick=1 stonepick=0 pick=0 iron=0 buck=0
[21:58:23] [main/INFO] (Minecraft) [CHAT] §2§l§o[TenorClef] §rT2 [HIST] 1:28.9 SNAP ph=IRON @-54,63,72 sky=10 wet=false ground=false pick=0 buck=0 iron=0 ore=0 rods=0 pearls=0 eyes=0 child=CollectIronIngotTask dbg=<Collecting 8 iron.: [[iron_ingot] x 8]>  mobs=none
[21:58:23] [main/INFO] (Minecraft) [STDOUT]: ALTO CLEF: WARNING: T2 [E109b] eq=block.minecraft.air held=4s woodpick=1 stonepick=0 child=CollectIronIngotTask ph=IRON
[21:58:23] [main/INFO] (Minecraft) [CHAT] §2§l§o[TenorClef] §cT2 [E109b] eq=block.minecraft.air held=4s woodpick=1 stonepick=0 child=CollectIronIngotTask ph=IRON§r
[21:58:23] [main/INFO] (Minecraft) [CHAT] §2§l§o[TenorClef] §rT2 [HIST] 1:29.4 [E109b] eq=block.minecraft.air held=4s woodpick=1 stonepick=0 child=CollectIronIngotTask ph=IRON
[21:58:24] [main/INFO] (Minecraft) [CHAT] §2§l§o[TenorClef] §rT2 [NOW] t=1:29.9 ph=IRON @-54,64,72 do=<Collecting 8 iron.: [[iron_ingot] x 8]>  eq=air woodpick=1 stonepick=0 pick=0 iron=0 buck=0
[21:58:25] [main/INFO] (Minecraft) [STDOUT]: ALTO CLEF: WARNING: T2 [E70] iron stall 6s @-54,72 — clear blacklist + re-pick ore
[21:58:25] [main/INFO] (Minecraft) [CHAT] §2§l§o[TenorClef] §cT2 [E70] iron stall 6s @-54,72 — clear blacklist + re-pick ore§r
[21:58:25] [main/INFO] (Minecraft) [CHAT] §2§l§o[TenorClef] §rT2 [NOW] t=1:30.9 ph=IRON @-54,64,72 do=<Collecting 8 iron.: [[iron_ingot] x 8]>  eq=air woodpick=1 stonepick=0 pick=0 iron=0 buck=0
[21:58:25] [main/INFO] (Minecraft) [STDOUT]: ALTO CLEF: WARNING: T2 [E100] jumps=6 @-54,63,72 ph=IRON child=CollectIronIngotTask
[21:58:25] [main/INFO] (Minecraft) [CHAT] §2§l§o[TenorClef] §cT2 [E100] jumps=6 @-54,63,72 ph=IRON child=CollectIronIngotTask§r
[21:58:25] [main/INFO] (Minecraft) [CHAT] §2§l§o[TenorClef] §rT2 [HIST] 1:31.4 SNAP ph=IRON @-54,63,72 sky=10 wet=false ground=false pick=0 buck=0 iron=0 ore=0 rods=0 pearls=0 eyes=0 child=CollectIronIngotTask dbg=<Collecting 8 iron.: [[iron_ingot] x 8]>  mobs=none
[21:58:26] [main/INFO] (Minecraft) [CHAT] §2§l§o[TenorClef] §rT2 [NOW] t=1:31.8 ph=IRON @-54,63,72 do=<Collecting 8 iron.: [[iron_ingot] x 8]>  eq=air woodpick=1 stonepick=0 pick=0 iron=0 buck=0
[21:58:27] [main/INFO] (Minecraft) [CHAT] §2§l§o[TenorClef] §rT2 [NOW] t=1:32.9 ph=IRON @-54,64,72 do=<Collecting 8 iron.: [[iron_ingot] x 8]>  eq=air woodpick=1 stonepick=0 pick=0 iron=0 buck=0
[21:58:27] [main/INFO] (Minecraft) [CHAT] §2§l§o[TenorClef] §rT2 [HIST] 1:32.9 WHY iron: smelt 8 in one furnace
[21:58:27] [main/INFO] (Minecraft) [CHAT] §2§l§o[TenorClef] §rT2 [HB] t=1:32.9 ph=IRON y=64 child=CollectIronIngotTask logs=0 pick=0 woodpick=1
[21:58:27] [main/INFO] (Minecraft) [CHAT] §2§l§o[TenorClef] §rT2 [HIST] 1:33.1 [E100] jumps=6 @-54,63,72 ph=IRON child=CollectIronIngotTask
[21:58:27] [main/INFO] (Minecraft) [CHAT] §2§l§o[TenorClef] §rT2 [HIST] 1:33.4 [E109b] eq=block.minecraft.air held=4s woodpick=1 stonepick=0 child=CollectIronIngotTask ph=IRON
[21:58:28] [main/INFO] (Minecraft) [CHAT] §2§l§o[TenorClef] §rT2 [NOW] t=1:33.9 ph=IRON @-54,64,72 do=<Collecting 8 iron.: [[iron_ingot] x 8]>  eq=air woodpick=1 stonepick=0 pick=0 iron=0 buck=0
[21:58:28] [main/INFO] (Minecraft) [CHAT] §2§l§o[TenorClef] §rT2 [HIST] 1:33.9 SNAP ph=IRON @-54,64,72 sky=11 wet=false ground=false pick=0 buck=0 iron=0 ore=0 rods=0 pearls=0 eyes=0 child=CollectIronIngotTask dbg=<Collecting 8 iron.: [[iron_ingot] x 8]>  mobs=none
[21:58:29] [main/INFO] (Minecraft) [CHAT] §2§l§o[TenorClef] §rT2 [NOW] t=1:34.9 ph=IRON @-54,63,72 do=<Collecting 8 iron.: [[iron_ingot] x 8]>  eq=air woodpick=1 stonepick=0 pick=0 iron=0 buck=0
[21:58:30] [main/INFO] (Minecraft) [CHAT] §2§l§o[TenorClef] §rT2 [NOW] t=1:35.9 ph=IRON @-54,64,72 do=<Collecting 8 iron.: [[iron_ingot] x 8]>  eq=air woodpick=1 stonepick=0 pick=0 iron=0 buck=0
[21:58:30] [main/INFO] (Minecraft) [CHAT] §2§l§o[TenorClef] §rT2 [HIST] 1:36.4 SNAP ph=IRON @-54,64,72 sky=11 wet=false ground=false pick=0 buck=0 iron=0 ore=0 rods=0 pearls=0 eyes=0 child=CollectIronIngotTask dbg=<Collecting 8 iron.: [[iron_ingot] x 8]>  mobs=none
[21:58:31] [main/INFO] (Minecraft) [STDOUT]: ALTO CLEF: WARNING: T2 [E70] iron stall 6s @-54,72 — clear blacklist + re-pick ore
[21:58:31] [main/INFO] (Minecraft) [CHAT] §2§l§o[TenorClef] §cT2 [E70] iron stall 6s @-54,72 — clear blacklist + re-pick ore§r
[21:58:31] [main/INFO] (Minecraft) [STDOUT]: ALTO CLEF: WARNING: T2 [E100] jumps=6 @-54,63,72 ph=IRON child=CollectIronIngotTask
[21:58:31] [main/INFO] (Minecraft) [CHAT] §2§l§o[TenorClef] §cT2 [E100] jumps=6 @-54,63,72 ph=IRON child=CollectIronIngotTask§r
[21:58:31] [main/INFO] (Minecraft) [CHAT] §2§l§o[TenorClef] §rT2 [NOW] t=1:36.9 ph=IRON @-54,64,72 do=<Collecting 8 iron.: [[iron_ingot] x 8]>  eq=air woodpick=1 stonepick=0 pick=0 iron=0 buck=0
[21:58:31] [main/INFO] (Minecraft) [CHAT] §2§l§o[TenorClef] §rT2 [HIST] 1:36.9 WHY iron: smelt 8 in one furnace
[21:58:31] [main/INFO] (Minecraft) [STDOUT]: ALTO CLEF: WARNING: T2 [E109b] eq=block.minecraft.air held=4s woodpick=1 stonepick=0 child=CollectIronIngotTask ph=IRON
[21:58:31] [main/INFO] (Minecraft) [CHAT] §2§l§o[TenorClef] §cT2 [E109b] eq=block.minecraft.air held=4s woodpick=1 stonepick=0 child=CollectIronIngotTask ph=IRON§r
[21:58:31] [main/INFO] (Minecraft) [CHAT] §2§l§o[TenorClef] §rT2 [HIST] 1:37.5 [E109b] eq=block.minecraft.air held=4s woodpick=1 stonepick=0 child=CollectIronIngotTask ph=IRON
[21:58:32] [main/INFO] (Minecraft) [CHAT] §2§l§o[TenorClef] §rT2 [NOW] t=1:37.9 ph=IRON @-54,63,72 do=<Collecting 8 iron.: [[iron_ingot] x 8]>  eq=air woodpick=1 stonepick=0 pick=0 iron=0 buck=0
[21:58:32] [main/INFO] (Minecraft) [CHAT] §2§l§o[TenorClef] §rT2 [HIST] 1:38.5 [E100] jumps=6 @-54,63,72 ph=IRON child=CollectIronIngotTask
[21:58:33] [main/INFO] (Minecraft) [CHAT] §2§l§o[TenorClef] §rT2 [NOW] t=1:38.9 ph=IRON @-54,64,72 do=<Collecting 8 iron.: [[iron_ingot] x 8]>  eq=air woodpick=1 stonepick=0 pick=0 iron=0 buck=0
[21:58:33] [main/INFO] (Minecraft) [CHAT] §2§l§o[TenorClef] §rT2 [HIST] 1:38.9 SNAP ph=IRON @-54,64,72 sky=11 wet=false ground=false pick=0 buck=0 iron=0 ore=0 rods=0 pearls=0 eyes=0 child=CollectIronIngotTask dbg=<Collecting 8 iron.: [[iron_ingot] x 8]>  mobs=none
[21:58:34] [main/INFO] (Minecraft) [CHAT] §2§l§o[TenorClef] §rT2 [NOW] t=1:39.9 ph=IRON @-54,64,72 do=<Collecting 8 iron.: [[iron_ingot] x 8]>  eq=air woodpick=1 stonepick=0 pick=0 iron=0 buck=0
[21:58:35] [main/INFO] (Minecraft) [CHAT] §2§l§o[TenorClef] §rT2 [NOW] t=1:40.9 ph=IRON @-54,63,72 do=<Collecting 8 iron.: [[iron_ingot] x 8]>  eq=air woodpick=1 stonepick=0 pick=0 iron=0 buck=0
[21:58:35] [main/INFO] (Minecraft) [CHAT] §2§l§o[TenorClef] §rT2 [HIST] 1:40.9 WHY iron: smelt 8 in one furnace
[21:58:35] [main/INFO] (Minecraft) [CHAT] §2§l§o[TenorClef] §rT2 [HIST] 1:41.4 SNAP ph=IRON @-54,63,72 sky=10 wet=false ground=false pick=0 buck=0 iron=0 ore=0 rods=0 pearls=0 eyes=0 child=CollectIronIngotTask dbg=<Collecting 8 iron.: [[iron_ingot] x 8]>  mobs=none
[21:58:35] [main/INFO] (Minecraft) [CHAT] §2§l§o[TenorClef] §rT2 [HIST] 1:41.5 [E109b] eq=block.minecraft.air held=4s woodpick=1 stonepick=0 child=CollectIronIngotTask ph=IRON
[21:58:36] [main/INFO] (Minecraft) [CHAT] §2§l§o[TenorClef] §rT2 [NOW] t=1:41.9 ph=IRON @-54,64,72 do=<Collecting 8 iron.: [[iron_ingot] x 8]>  eq=air woodpick=1 stonepick=0 pick=0 iron=0 buck=0
[21:58:36] [main/INFO] (Minecraft) [STDOUT]: ALTO CLEF: WARNING: T2 [E100] jumps=6 @-54,63,72 ph=IRON child=CollectIronIngotTask
[21:58:36] [main/INFO] (Minecraft) [CHAT] §2§l§o[TenorClef] §cT2 [E100] jumps=6 @-54,63,72 ph=IRON child=CollectIronIngotTask§r
[21:58:37] [main/INFO] (Minecraft) [STDOUT]: ALTO CLEF: WARNING: T2 [E70] iron stall 6s @-54,72 — clear blacklist + re-pick ore
[21:58:37] [main/INFO] (Minecraft) [CHAT] §2§l§o[TenorClef] §cT2 [E70] iron stall 6s @-54,72 — clear blacklist + re-pick ore§r
[21:58:37] [main/INFO] (Minecraft) [CHAT] §2§l§o[TenorClef] §rT2 [NOW] t=1:42.8 ph=IRON @-54,64,72 do=<Collecting 8 iron.: [[iron_ingot] x 8]>  eq=air woodpick=1 stonepick=0 pick=0 iron=0 buck=0
[21:58:37] [main/INFO] (Minecraft) [CHAT] §2§l§o[TenorClef] §rT2 [HB] t=1:43.0 ph=IRON y=64 child=CollectIronIngotTask logs=0 pick=0 woodpick=1
[21:58:38] [main/INFO] (Minecraft) [CHAT] §2§l§o[TenorClef] §rT2 [NOW] t=1:43.9 ph=IRON @-54,63,72 do=<Collecting 8 iron.: [[iron_ingot] x 8]>  eq=air woodpick=1 stonepick=0 pick=0 iron=0 buck=0
[21:58:38] [main/INFO] (Minecraft) [CHAT] §2§l§o[TenorClef] §rT2 [HIST] 1:43.9 SNAP ph=IRON @-54,63,72 sky=10 wet=false ground=false pick=0 buck=0 iron=0 ore=0 rods=0 pearls=0 eyes=0 child=CollectIronIngotTask dbg=<Collecting 8 iron.: [[iron_ingot] x 8]>  mobs=none
[21:58:38] [main/INFO] (Minecraft) [CHAT] §2§l§o[TenorClef] §rT2 [HIST] 1:43.9 [E100] jumps=6 @-54,63,72 ph=IRON child=CollectIronIngotTask
[21:58:39] [main/INFO] (Minecraft) [CHAT] §2§l§o[TenorClef] §rT2 [NOW] t=1:44.9 ph=IRON @-54,64,72 do=<Collecting 8 iron.: [[iron_ingot] x 8]>  eq=air woodpick=1 stonepick=0 pick=0 iron=0 buck=0
[21:58:39] [main/INFO] (Minecraft) [CHAT] §2§l§o[TenorClef] §rT2 [HIST] 1:44.9 WHY iron: smelt 8 in one furnace
[21:58:39] [main/INFO] (Minecraft) [STDOUT]: ALTO CLEF: WARNING: T2 [E109b] eq=block.minecraft.air held=4s woodpick=1 stonepick=0 child=CollectIronIngotTask ph=IRON
[21:58:39] [main/INFO] (Minecraft) [CHAT] §2§l§o[TenorClef] §cT2 [E109b] eq=block.minecraft.air held=4s woodpick=1 stonepick=0 child=CollectIronIngotTask ph=IRON§r
[21:58:39] [main/INFO] (Minecraft) [CHAT] §2§l§o[TenorClef] §rT2 [HIST] 1:45.6 [E109b] eq=block.minecraft.air held=4s woodpick=1 stonepick=0 child=CollectIronIngotTask ph=IRON
[21:58:40] [main/INFO] (Minecraft) [CHAT] §2§l§o[TenorClef] §rT2 [NOW] t=1:45.8 ph=IRON @-54,64,72 do=<Collecting 8 iron.: [[iron_ingot] x 8]>  eq=air woodpick=1 stonepick=0 pick=0 iron=0 buck=0
[21:58:40] [main/INFO] (Minecraft) [CHAT] §2§l§o[TenorClef] §rT2 [HIST] 1:46.4 SNAP ph=IRON @-54,63,72 sky=10 wet=false ground=false pick=0 buck=0 iron=0 ore=0 rods=0 pearls=0 eyes=0 child=CollectIronIngotTask dbg=<Collecting 8 iron.: [[iron_ingot] x 8]>  mobs=none
[21:58:41] [main/INFO] (Minecraft) [CHAT] §2§l§o[TenorClef] §rT2 [NOW] t=1:46.9 ph=IRON @-54,63,72 do=<Collecting 8 iron.: [[iron_ingot] x 8]>  eq=air woodpick=1 stonepick=0 pick=0 iron=0 buck=0
[21:58:41] [main/INFO] (Minecraft) [STDOUT]: ALTO CLEF: WARNING: T2 [E100] jumps=6 @-54,63,72 ph=IRON child=CollectIronIngotTask
[21:58:41] [main/INFO] (Minecraft) [CHAT] §2§l§o[TenorClef] §cT2 [E100] jumps=6 @-54,63,72 ph=IRON child=CollectIronIngotTask§r
[21:58:42] [main/INFO] (Minecraft) [CHAT] §2§l§o[TenorClef] §rT2 [NOW] t=1:47.9 ph=IRON @-54,64,72 do=<Collecting 8 iron.: [[iron_ingot] x 8]>  eq=air woodpick=1 stonepick=0 pick=0 iron=0 buck=0
[21:58:42] [main/INFO] (Minecraft) [CHAT] §2§l§o[TenorClef] §rT2 [HB] t=1:48.0 ph=IRON y=63 child=CollectIronIngotTask logs=0 pick=0 woodpick=1
[21:58:43] [main/INFO] (Minecraft) [STDOUT]: ALTO CLEF: WARNING: T2 [E70] iron stall 6s @-54,72 — clear blacklist + re-pick ore
[21:58:43] [main/INFO] (Minecraft) [CHAT] §2§l§o[TenorClef] §cT2 [E70] iron stall 6s @-54,72 — clear blacklist + re-pick ore§r
[21:58:43] [main/INFO] (Minecraft) [CHAT] §2§l§o[TenorClef] §rT2 [NOW] t=1:48.9 ph=IRON @-54,64,72 do=<Collecting 8 iron.: [[iron_ingot] x 8]>  eq=air woodpick=1 stonepick=0 pick=0 iron=0 buck=0
[21:58:43] [main/INFO] (Minecraft) [CHAT] §2§l§o[TenorClef] §rT2 [HIST] 1:48.9 SNAP ph=IRON @-54,64,72 sky=11 wet=false ground=false pick=0 buck=0 iron=0 ore=0 rods=0 pearls=0 eyes=0 child=CollectIronIngotTask dbg=<Collecting 8 iron.: [[iron_ingot] x 8]>  mobs=none
[21:58:43] [main/INFO] (Minecraft) [CHAT] §2§l§o[TenorClef] §rT2 [HIST] 1:48.9 WHY iron: smelt 8 in one furnace
[21:58:43] [main/INFO] (Minecraft) [CHAT] §2§l§o[TenorClef] §rT2 [HIST] 1:49.3 [E100] jumps=6 @-54,63,72 ph=IRON child=CollectIronIngotTask
[21:58:43] [main/INFO] (Minecraft) [CHAT] §2§l§o[TenorClef] §rT2 [HIST] 1:49.6 [E109b] eq=block.minecraft.air held=4s woodpick=1 stonepick=0 child=CollectIronIngotTask ph=IRON
[21:58:44] [main/INFO] (Minecraft) [CHAT] §2§l§o[TenorClef] §rT2 [NOW] t=1:49.9 ph=IRON @-54,63,72 do=<Collecting 8 iron.: [[iron_ingot] x 8]>  eq=air woodpick=1 stonepick=0 pick=0 iron=0 buck=0
[21:58:45] [main/INFO] (Minecraft) [CHAT] §2§l§o[TenorClef] §rT2 [NOW] t=1:50.9 ph=IRON @-54,64,72 do=<Collecting 8 iron.: [[iron_ingot] x 8]>  eq=air woodpick=1 stonepick=0 pick=0 iron=0 buck=0
[21:58:45] [main/INFO] (Minecraft) [CHAT] §2§l§o[TenorClef] §rT2 [HIST] 1:51.4 SNAP ph=IRON @-54,64,72 sky=11 wet=false ground=false pick=0 buck=0 iron=0 ore=0 rods=0 pearls=0 eyes=0 child=CollectIronIngotTask dbg=<Collecting 8 iron.: [[iron_ingot] x 8]>  mobs=none
[21:58:46] [main/INFO] (Minecraft) [CHAT] §2§l§o[TenorClef] §rT2 [NOW] t=1:51.9 ph=IRON @-54,64,72 do=<Collecting 8 iron.: [[iron_ingot] x 8]>  eq=air woodpick=1 stonepick=0 pick=0 iron=0 buck=0
[21:58:47] [main/INFO] (Minecraft) [CHAT] §2§l§o[TenorClef] §rT2 [NOW] t=1:52.9 ph=IRON @-54,63,72 do=<Collecting 8 iron.: [[iron_ingot] x 8]>  eq=air woodpick=1 stonepick=0 pick=0 iron=0 buck=0
[21:58:47] [main/INFO] (Minecraft) [STDOUT]: ALTO CLEF: WARNING: T2 [E100] jumps=6 @-54,63,72 ph=IRON child=CollectIronIngotTask
[21:58:47] [main/INFO] (Minecraft) [CHAT] §2§l§o[TenorClef] §cT2 [E100] jumps=6 @-54,63,72 ph=IRON child=CollectIronIngotTask§r
[21:58:47] [main/INFO] (Minecraft) [CHAT] §2§l§o[TenorClef] §rT2 [HIST] 1:53.0 WHY iron: smelt 8 in one furnace
[21:58:48] [main/INFO] (Minecraft) [STDOUT]: ALTO CLEF: WARNING: T2 [E109b] eq=block.minecraft.air held=4s woodpick=1 stonepick=0 child=CollectIronIngotTask ph=IRON
[21:58:48] [main/INFO] (Minecraft) [CHAT] §2§l§o[TenorClef] §cT2 [E109b] eq=block.minecraft.air held=4s woodpick=1 stonepick=0 child=CollectIronIngotTask ph=IRON§r
[21:58:48] [main/INFO] (Minecraft) [CHAT] §2§l§o[TenorClef] §rT2 [HIST] 1:53.7 [E109b] eq=block.minecraft.air held=4s woodpick=1 stonepick=0 child=CollectIronIngotTask ph=IRON
[21:58:48] [main/INFO] (Minecraft) [CHAT] §2§l§o[TenorClef] §rT2 [NOW] t=1:53.9 ph=IRON @-54,64,72 do=<Collecting 8 iron.: [[iron_ingot] x 8]>  eq=air woodpick=1 stonepick=0 pick=0 iron=0 buck=0
[21:58:48] [main/INFO] (Minecraft) [CHAT] §2§l§o[TenorClef] §rT2 [HIST] 1:53.9 SNAP ph=IRON @-54,64,72 sky=11 wet=false ground=false pick=0 buck=0 iron=0 ore=0 rods=0 pearls=0 eyes=0 child=CollectIronIngotTask dbg=<Collecting 8 iron.: [[iron_ingot] x 8]>  mobs=none
[21:58:49] [main/INFO] (Minecraft) [STDOUT]: ALTO CLEF: WARNING: T2 [E70] iron stall 6s @-54,72 — clear blacklist + re-pick ore
[21:58:49] [main/INFO] (Minecraft) [CHAT] §2§l§o[TenorClef] §cT2 [E70] iron stall 6s @-54,72 — clear blacklist + re-pick ore§r
[21:58:49] [main/INFO] (Minecraft) [CHAT] §2§l§o[TenorClef] §rT2 [HIST] 1:54.7 [E100] jumps=6 @-54,63,72 ph=IRON child=CollectIronIngotTask
[21:58:49] [main/INFO] (Minecraft) [CHAT] §2§l§o[TenorClef] §rT2 [NOW] t=1:54.9 ph=IRON @-54,64,72 do=<Collecting 8 iron.: [[iron_ingot] x 8]>  eq=air woodpick=1 stonepick=0 pick=0 iron=0 buck=0
[21:58:50] [main/INFO] (Minecraft) [CHAT] §2§l§o[TenorClef] §rT2 [NOW] t=1:55.9 ph=IRON @-54,63,72 do=<Collecting 8 iron.: [[iron_ingot] x 8]>  eq=air woodpick=1 stonepick=0 pick=0 iron=0 buck=0
[21:58:50] [main/INFO] (Minecraft) [CHAT] §2§l§o[TenorClef] §rT2 [HIST] 1:56.4 SNAP ph=IRON @-54,63,72 sky=10 wet=false ground=false pick=0 buck=0 iron=0 ore=0 rods=0 pearls=0 eyes=0 child=CollectIronIngotTask dbg=<Collecting 8 iron.: [[iron_ingot] x 8]>  mobs=none
[21:58:50] [main/INFO] (Minecraft) [CHAT] §2§l§o[TenorClef] §rRefreshed inventory...
[21:58:51] [main/INFO] (Minecraft) [CHAT] §2§l§o[TenorClef] §rT2 [NOW] t=1:56.9 ph=IRON @-54,64,72 do=<Collecting 8 iron.: [[iron_ingot] x 8]>  eq=air woodpick=1 stonepick=0 pick=0 iron=0 buck=0
[21:58:51] [main/INFO] (Minecraft) [CHAT] §2§l§o[TenorClef] §rT2 [HIST] 1:57.0 WHY iron: smelt 8 in one furnace
[21:58:52] [main/INFO] (Minecraft) [CHAT] §2§l§o[TenorClef] §rT2 [HIST] 1:57.7 [E109b] eq=block.minecraft.air held=4s woodpick=1 stonepick=0 child=CollectIronIngotTask ph=IRON
[21:58:52] [main/INFO] (Minecraft) [CHAT] §2§l§o[TenorClef] §rT2 [NOW] t=1:57.9 ph=IRON @-54,64,72 do=<Collecting 8 iron.: [[iron_ingot] x 8]>  eq=air woodpick=1 stonepick=0 pick=0 iron=0 buck=0
[21:58:52] [main/INFO] (Minecraft) [CHAT] §2§l§o[TenorClef] §rT2 [HB] t=1:58.0 ph=IRON y=64 child=CollectIronIngotTask logs=0 pick=0 woodpick=1
[21:58:52] [main/INFO] (Minecraft) [STDOUT]: ALTO CLEF: WARNING: T2 [E100] jumps=6 @-54,63,72 ph=IRON child=CollectIronIngotTask
[21:58:52] [main/INFO] (Minecraft) [CHAT] §2§l§o[TenorClef] §cT2 [E100] jumps=6 @-54,63,72 ph=IRON child=CollectIronIngotTask§r
[21:58:53] [main/INFO] (Minecraft) [CHAT] §2§l§o[TenorClef] §rT2 [NOW] t=1:58.9 ph=IRON @-54,63,72 do=<Collecting 8 iron.: [[iron_ingot] x 8]>  eq=air woodpick=1 stonepick=0 pick=0 iron=0 buck=0
[21:58:53] [main/INFO] (Minecraft) [CHAT] §2§l§o[TenorClef] §rT2 [HIST] 1:58.9 SNAP ph=IRON @-54,63,72 sky=10 wet=false ground=false pick=0 buck=0 iron=0 ore=0 rods=0 pearls=0 eyes=0 child=CollectIronIngotTask dbg=<Collecting 8 iron.: [[iron_ingot] x 8]>  mobs=none
[21:58:54] [main/INFO] (Minecraft) [CHAT] §2§l§o[TenorClef] §rT2 [NOW] t=1:59.9 ph=IRON @-54,64,72 do=<Collecting 8 iron.: [[iron_ingot] x 8]>  eq=air woodpick=1 stonepick=0 pick=0 iron=0 buck=0
[21:58:54] [main/INFO] (Minecraft) [CHAT] §2§l§o[TenorClef] §rT2 [HIST] 2:00.1 [E100] jumps=6 @-54,63,72 ph=IRON child=CollectIronIngotTask
[21:58:55] [main/INFO] (Minecraft) [STDOUT]: ALTO CLEF: WARNING: T2 [E70] iron stall 6s @-54,72 — clear blacklist + re-pick ore
[21:58:55] [main/INFO] (Minecraft) [CHAT] §2§l§o[TenorClef] §cT2 [E70] iron stall 6s @-54,72 — clear blacklist + re-pick ore§r
[21:58:55] [main/INFO] (Minecraft) [CHAT] §2§l§o[TenorClef] §rT2 [NOW] t=2:00.9 ph=IRON @-54,64,72 do=<Collecting 8 iron.: [[iron_ingot] x 8]>  eq=air woodpick=1 stonepick=0 pick=0 iron=0 buck=0
[21:58:55] [main/INFO] (Minecraft) [CHAT] §2§l§o[TenorClef] §rT2 [HIST] 2:01.0 WHY iron: smelt 8 in one furnace
[21:58:55] [main/INFO] (Minecraft) [CHAT] §2§l§o[TenorClef] §rT2 [HIST] 2:01.4 SNAP ph=IRON @-54,63,72 sky=10 wet=false ground=false pick=0 buck=0 iron=0 ore=0 rods=0 pearls=0 eyes=0 child=CollectIronIngotTask dbg=<Collecting 8 iron.: [[iron_ingot] x 8]>  mobs=none
[21:58:56] [main/INFO] (Minecraft) [STDOUT]: ALTO CLEF: WARNING: T2 [E109b] eq=block.minecraft.air held=4s woodpick=1 stonepick=0 child=CollectIronIngotTask ph=IRON
[21:58:56] [main/INFO] (Minecraft) [CHAT] §2§l§o[TenorClef] §cT2 [E109b] eq=block.minecraft.air held=4s woodpick=1 stonepick=0 child=CollectIronIngotTask ph=IRON§r
[21:58:56] [main/INFO] (Minecraft) [CHAT] §2§l§o[TenorClef] §rT2 [HIST] 2:01.8 [E109b] eq=block.minecraft.air held=4s woodpick=1 stonepick=0 child=CollectIronIngotTask ph=IRON
[21:58:56] [main/INFO] (Minecraft) [CHAT] §2§l§o[TenorClef] §rT2 [NOW] t=2:01.9 ph=IRON @-54,63,72 do=<Collecting 8 iron.: [[iron_ingot] x 8]>  eq=air woodpick=1 stonepick=0 pick=0 iron=0 buck=0
[21:58:57] [main/INFO] (Minecraft) [CHAT] §2§l§o[TenorClef] §rT2 [NOW] t=2:02.9 ph=IRON @-54,64,72 do=<Collecting 8 iron.: [[iron_ingot] x 8]>  eq=air woodpick=1 stonepick=0 pick=0 iron=0 buck=0
[21:58:58] [main/INFO] (Minecraft) [STDOUT]: ALTO CLEF: WARNING: T2 [E100] jumps=6 @-54,63,72 ph=IRON child=CollectIronIngotTask
[21:58:58] [main/INFO] (Minecraft) [CHAT] §2§l§o[TenorClef] §cT2 [E100] jumps=6 @-54,63,72 ph=IRON child=CollectIronIngotTask§r
[21:58:58] [main/INFO] (Minecraft) [CHAT] §2§l§o[TenorClef] §rT2 [NOW] t=2:03.9 ph=IRON @-54,64,72 do=<Collecting 8 iron.: [[iron_ingot] x 8]>  eq=air woodpick=1 stonepick=0 pick=0 iron=0 buck=0
[21:58:58] [main/INFO] (Minecraft) [CHAT] §2§l§o[TenorClef] §rT2 [HIST] 2:03.9 SNAP ph=IRON @-54,64,72 sky=11 wet=false ground=false pick=0 buck=0 iron=0 ore=0 rods=0 pearls=0 eyes=0 child=CollectIronIngotTask dbg=<Collecting 8 iron.: [[iron_ingot] x 8]>  mobs=none
[21:58:59] [main/INFO] (Minecraft) [CHAT] §2§l§o[TenorClef] §rT2 [NOW] t=2:04.9 ph=IRON @-54,63,72 do=<Collecting 8 iron.: [[iron_ingot] x 8]>  eq=air woodpick=1 stonepick=0 pick=0 iron=0 buck=0
[21:58:59] [main/INFO] (Minecraft) [CHAT] §2§l§o[TenorClef] §rT2 [HIST] 2:05.0 WHY iron: smelt 8 in one furnace
[21:58:59] [main/INFO] (Minecraft) [CHAT] §2§l§o[TenorClef] §rT2 [HIST] 2:05.5 [E100] jumps=6 @-54,63,72 ph=IRON child=CollectIronIngotTask
[21:59:00] [main/INFO] (Minecraft) [CHAT] §2§l§o[TenorClef] §rT2 [HIST] 2:05.8 [E109b] eq=block.minecraft.air held=4s woodpick=1 stonepick=0 child=CollectIronIngotTask ph=IRON
[21:59:00] [main/INFO] (Minecraft) [CHAT] §2§l§o[TenorClef] §rT2 [NOW] t=2:05.9 ph=IRON @-54,64,72 do=<Collecting 8 iron.: [[iron_ingot] x 8]>  eq=air woodpick=1 stonepick=0 pick=0 iron=0 buck=0
[21:59:00] [main/INFO] (Minecraft) [CHAT] §2§l§o[TenorClef] §rT2 [HIST] 2:06.4 SNAP ph=IRON @-54,64,72 sky=11 wet=false ground=false pick=0 buck=0 iron=0 ore=0 rods=0 pearls=0 eyes=0 child=CollectIronIngotTask dbg=<Collecting 8 iron.: [[iron_ingot] x 8]>  mobs=none
[21:59:01] [main/INFO] (Minecraft) [STDOUT]: ALTO CLEF: WARNING: T2 [E70] iron stall 6s @-54,72 — clear blacklist + re-pick ore
[21:59:01] [main/INFO] (Minecraft) [CHAT] §2§l§o[TenorClef] §cT2 [E70] iron stall 6s @-54,72 — clear blacklist + re-pick ore§r
[21:59:01] [main/INFO] (Minecraft) [CHAT] §2§l§o[TenorClef] §rT2 [NOW] t=2:06.9 ph=IRON @-54,64,72 do=<Collecting 8 iron.: [[iron_ingot] x 8]>  eq=air woodpick=1 stonepick=0 pick=0 iron=0 buck=0
[21:59:02] [main/INFO] (Minecraft) [CHAT] §2§l§o[TenorClef] §rT2 [NOW] t=2:07.9 ph=IRON @-54,63,72 do=<Collecting 8 iron.: [[iron_ingot] x 8]>  eq=air woodpick=1 stonepick=0 pick=0 iron=0 buck=0
[21:59:02] [main/INFO] (Minecraft) [CHAT] §2§l§o[TenorClef] §rT2 [HB] t=2:08.1 ph=IRON y=64 child=CollectIronIngotTask logs=0 pick=0 woodpick=1
[21:59:03] [main/INFO] (Minecraft) [CHAT] §2§l§o[TenorClef] §rT2 [NOW] t=2:08.9 ph=IRON @-54,64,72 do=<Collecting 8 iron.: [[iron_ingot] x 8]>  eq=air woodpick=1 stonepick=0 pick=0 iron=0 buck=0
[21:59:03] [main/INFO] (Minecraft) [CHAT] §2§l§o[TenorClef] §rT2 [HIST] 2:08.9 SNAP ph=IRON @-54,64,72 sky=11 wet=false ground=false pick=0 buck=0 iron=0 ore=0 rods=0 pearls=0 eyes=0 child=CollectIronIngotTask dbg=<Collecting 8 iron.: [[iron_ingot] x 8]>  mobs=none
[21:59:03] [main/INFO] (Minecraft) [CHAT] §2§l§o[TenorClef] §rT2 [HIST] 2:09.1 WHY iron: smelt 8 in one furnace
[21:59:03] [main/INFO] (Minecraft) [STDOUT]: ALTO CLEF: WARNING: T2 [E100] jumps=6 @-54,63,72 ph=IRON child=CollectIronIngotTask
[21:59:03] [main/INFO] (Minecraft) [CHAT] §2§l§o[TenorClef] §cT2 [E100] jumps=6 @-54,63,72 ph=IRON child=CollectIronIngotTask§r
[21:59:04] [main/INFO] (Minecraft) [CHAT] §2§l§o[TenorClef] §rT2 [NOW] t=2:09.9 ph=IRON @-54,64,72 do=<Collecting 8 iron.: [[iron_ingot] x 8]>  eq=air woodpick=1 stonepick=0 pick=0 iron=0 buck=0
[21:59:04] [main/INFO] (Minecraft) [STDOUT]: ALTO CLEF: WARNING: T2 [E109b] eq=block.minecraft.air held=4s woodpick=1 stonepick=0 child=CollectIronIngotTask ph=IRON
[21:59:04] [main/INFO] (Minecraft) [CHAT] §2§l§o[TenorClef] §cT2 [E109b] eq=block.minecraft.air held=4s woodpick=1 stonepick=0 child=CollectIronIngotTask ph=IRON§r
[21:59:04] [main/INFO] (Minecraft) [CHAT] §2§l§o[TenorClef] §rT2 [HIST] 2:09.9 [E109b] eq=block.minecraft.air held=4s woodpick=1 stonepick=0 child=CollectIronIngotTask ph=IRON
[21:59:05] [main/INFO] (Minecraft) [CHAT] §2§l§o[TenorClef] §rT2 [NOW] t=2:10.9 ph=IRON @-54,63,72 do=<Collecting 8 iron.: [[iron_ingot] x 8]>  eq=air woodpick=1 stonepick=0 pick=0 iron=0 buck=0
[21:59:05] [main/INFO] (Minecraft) [CHAT] §2§l§o[TenorClef] §rT2 [HIST] 2:10.9 [E100] jumps=6 @-54,63,72 ph=IRON child=CollectIronIngotTask
[21:59:05] [main/INFO] (Minecraft) [CHAT] §2§l§o[TenorClef] §rT2 [HIST] 2:11.4 SNAP ph=IRON @-54,63,72 sky=10 wet=false ground=false pick=0 buck=0 iron=0 ore=0 rods=0 pearls=0 eyes=0 child=CollectIronIngotTask dbg=<Collecting 8 iron.: [[iron_ingot] x 8]>  mobs=none
[21:59:06] [main/INFO] (Minecraft) [CHAT] §2§l§o[TenorClef] §rT2 [NOW] t=2:11.9 ph=IRON @-54,64,72 do=<Collecting 8 iron.: [[iron_ingot] x 8]>  eq=air woodpick=1 stonepick=0 pick=0 iron=0 buck=0
[21:59:07] [main/INFO] (Minecraft) [STDOUT]: ALTO CLEF: WARNING: T2 [E70] iron stall 6s @-54,72 — clear blacklist + re-pick ore
[21:59:07] [main/INFO] (Minecraft) [CHAT] §2§l§o[TenorClef] §cT2 [E70] iron stall 6s @-54,72 — clear blacklist + re-pick ore§r
[21:59:07] [main/INFO] (Minecraft) [STDOUT]: ALTO CLEF: WARNING: T2 [E118] CollectIronIngotTask 90s no inv change ph=IRON
[21:59:07] [main/INFO] (Minecraft) [CHAT] §2§l§o[TenorClef] §cT2 [E118] CollectIronIngotTask 90s no inv change ph=IRON§r
[21:59:07] [main/INFO] (Minecraft) [CHAT] §2§l§o[TenorClef] §rT2 [HIST] 2:12.8 [E118] CollectIronIngotTask 90s no inv change ph=IRON
[21:59:07] [main/INFO] (Minecraft) [CHAT] §2§l§o[TenorClef] §rT2 [NOW] t=2:12.9 ph=IRON @-54,64,72 do=<Collecting 8 iron.: [[iron_ingot] x 8]>  eq=air woodpick=1 stonepick=0 pick=0 iron=0 buck=0
[21:59:07] [main/INFO] (Minecraft) [CHAT] §2§l§o[TenorClef] §rT2 [HIST] 2:13.1 WHY iron: smelt 8 in one furnace
[21:59:08] [main/INFO] (Minecraft) [CHAT] §2§l§o[TenorClef] §rT2 [NOW] t=2:13.9 ph=IRON @-54,63,72 do=<Collecting 8 iron.: [[iron_ingot] x 8]>  eq=air woodpick=1 stonepick=0 pick=0 iron=0 buck=0
[21:59:08] [main/INFO] (Minecraft) [CHAT] §2§l§o[TenorClef] §rT2 [HIST] 2:13.9 SNAP ph=IRON @-54,63,72 sky=10 wet=false ground=false pick=0 buck=0 iron=0 ore=0 rods=0 pearls=0 eyes=0 child=CollectIronIngotTask dbg=<Collecting 8 iron.: [[iron_ingot] x 8]>  mobs=none
[21:59:08] [main/INFO] (Minecraft) [CHAT] §2§l§o[TenorClef] §rT2 [HIST] 2:13.9 [E109b] eq=block.minecraft.air held=4s woodpick=1 stonepick=0 child=CollectIronIngotTask ph=IRON
[21:59:08] [main/INFO] (Minecraft) [STDOUT]: ALTO CLEF: WARNING: T2 [E100] jumps=6 @-54,63,72 ph=IRON child=CollectIronIngotTask
[21:59:08] [main/INFO] (Minecraft) [CHAT] §2§l§o[TenorClef] §cT2 [E100] jumps=6 @-54,63,72 ph=IRON child=CollectIronIngotTask§r
[21:59:09] [main/INFO] (Minecraft) [CHAT] §2§l§o[TenorClef] §rT2 [NOW] t=2:14.9 ph=IRON @-54,64,72 do=<Collecting 8 iron.: [[iron_ingot] x 8]>  eq=air woodpick=1 stonepick=0 pick=0 iron=0 buck=0
[21:59:10] [main/INFO] (Minecraft) [CHAT] §2§l§o[TenorClef] §rT2 [NOW] t=2:15.9 ph=IRON @-54,64,72 do=<Collecting 8 iron.: [[iron_ingot] x 8]>  eq=air woodpick=1 stonepick=0 pick=0 iron=0 buck=0
[21:59:10] [main/INFO] (Minecraft) [CHAT] §2§l§o[TenorClef] §rT2 [HIST] 2:16.3 [E100] jumps=6 @-54,63,72 ph=IRON child=CollectIronIngotTask
[21:59:10] [main/INFO] (Minecraft) [CHAT] §2§l§o[TenorClef] §rT2 [HIST] 2:16.4 SNAP ph=IRON @-54,63,72 sky=10 wet=false ground=false pick=0 buck=0 iron=0 ore=0 rods=0 pearls=0 eyes=0 child=CollectIronIngotTask dbg=<Collecting 8 iron.: [[iron_ingot] x 8]>  mobs=none
[21:59:11] [main/INFO] (Minecraft) [CHAT] §2§l§o[TenorClef] §rT2 [NOW] t=2:16.9 ph=IRON @-54,63,72 do=<Collecting 8 iron.: [[iron_ingot] x 8]>  eq=air woodpick=1 stonepick=0 pick=0 iron=0 buck=0
[21:59:11] [main/INFO] (Minecraft) [CHAT] §2§l§o[TenorClef] §rT2 [HIST] 2:17.1 WHY iron: smelt 8 in one furnace
[21:59:12] [main/INFO] (Minecraft) [CHAT] §2§l§o[TenorClef] §rT2 [NOW] t=2:17.9 ph=IRON @-54,64,72 do=<Collecting 8 iron.: [[iron_ingot] x 8]>  eq=air woodpick=1 stonepick=0 pick=0 iron=0 buck=0
[21:59:12] [main/INFO] (Minecraft) [STDOUT]: ALTO CLEF: WARNING: T2 [E109b] eq=block.minecraft.air held=4s woodpick=1 stonepick=0 child=CollectIronIngotTask ph=IRON
[21:59:12] [main/INFO] (Minecraft) [CHAT] §2§l§o[TenorClef] §cT2 [E109b] eq=block.minecraft.air held=4s woodpick=1 stonepick=0 child=CollectIronIngotTask ph=IRON§r
[21:59:12] [main/INFO] (Minecraft) [CHAT] §2§l§o[TenorClef] §rT2 [HIST] 2:18.0 [E109b] eq=block.minecraft.air held=4s woodpick=1 stonepick=0 child=CollectIronIngotTask ph=IRON
[21:59:13] [main/INFO] (Minecraft) [STDOUT]: ALTO CLEF: WARNING: T2 [E70] iron stall 6s @-54,72 — clear blacklist + re-pick ore
[21:59:13] [main/INFO] (Minecraft) [CHAT] §2§l§o[TenorClef] §cT2 [E70] iron stall 6s @-54,72 — clear blacklist + re-pick ore§r
[21:59:13] [main/INFO] (Minecraft) [CHAT] §2§l§o[TenorClef] §rT2 [NOW] t=2:18.9 ph=IRON @-54,64,72 do=<Collecting 8 iron.: [[iron_ingot] x 8]>  eq=air woodpick=1 stonepick=0 pick=0 iron=0 buck=0
[21:59:13] [main/INFO] (Minecraft) [CHAT] §2§l§o[TenorClef] §rT2 [HIST] 2:18.9 SNAP ph=IRON @-54,64,72 sky=11 wet=false ground=false pick=0 buck=0 iron=0 ore=0 rods=0 pearls=0 eyes=0 child=CollectIronIngotTask dbg=<Collecting 8 iron.: [[iron_ingot] x 8]>  mobs=none
[21:59:14] [main/INFO] (Minecraft) [CHAT] §2§l§o[TenorClef] §rT2 [NOW] t=2:19.9 ph=IRON @-54,63,72 do=<Collecting 8 iron.: [[iron_ingot] x 8]>  eq=air woodpick=1 stonepick=0 pick=0 iron=0 buck=0
[21:59:14] [main/INFO] (Minecraft) [STDOUT]: ALTO CLEF: WARNING: T2 [E100] jumps=6 @-54,63,72 ph=IRON child=CollectIronIngotTask
[21:59:14] [main/INFO] (Minecraft) [CHAT] §2§l§o[TenorClef] §cT2 [E100] jumps=6 @-54,63,72 ph=IRON child=CollectIronIngotTask§r
[21:59:15] [main/INFO] (Minecraft) [CHAT] §2§l§o[TenorClef] §rT2 [NOW] t=2:20.9 ph=IRON @-54,64,72 do=<Collecting 8 iron.: [[iron_ingot] x 8]>  eq=air woodpick=1 stonepick=0 pick=0 iron=0 buck=0
[21:59:15] [main/INFO] (Minecraft) [CHAT] §2§l§o[TenorClef] §rT2 [HIST] 2:21.1 WHY iron: smelt 8 in one furnace
[21:59:15] [main/INFO] (Minecraft) [CHAT] §2§l§o[TenorClef] §rT2 [HIST] 2:21.4 SNAP ph=IRON @-54,64,72 sky=11 wet=false ground=false pick=0 buck=0 iron=0 ore=0 rods=0 pearls=0 eyes=0 child=CollectIronIngotTask dbg=<Collecting 8 iron.: [[iron_ingot] x 8]>  mobs=none
[21:59:16] [main/INFO] (Minecraft) [CHAT] §2§l§o[TenorClef] §rT2 [HIST] 2:21.7 [E100] jumps=6 @-54,63,72 ph=IRON child=CollectIronIngotTask
[21:59:16] [main/INFO] (Minecraft) [CHAT] §2§l§o[TenorClef] §rT2 [NOW] t=2:21.9 ph=IRON @-54,64,72 do=<Collecting 8 iron.: [[iron_ingot] x 8]>  eq=air woodpick=1 stonepick=0 pick=0 iron=0 buck=0
[21:59:16] [main/INFO] (Minecraft) [CHAT] §2§l§o[TenorClef] §rT2 [HIST] 2:22.0 [E109b] eq=block.minecraft.air held=4s woodpick=1 stonepick=0 child=CollectIronIngotTask ph=IRON
[21:59:17] [main/INFO] (Minecraft) [CHAT] §2§l§o[TenorClef] §rT2 [NOW] t=2:22.9 ph=IRON @-54,63,72 do=<Collecting 8 iron.: [[iron_ingot] x 8]>  eq=air woodpick=1 stonepick=0 pick=0 iron=0 buck=0
[21:59:17] [main/INFO] (Minecraft) [CHAT] §2§l§o[TenorClef] §rT2 [HB] t=2:23.1 ph=IRON y=64 child=CollectIronIngotTask logs=0 pick=0 woodpick=1
[21:59:18] [main/INFO] (Minecraft) [CHAT] §2§l§o[TenorClef] §rT2 [NOW] t=2:23.9 ph=IRON @-54,64,72 do=<Collecting 8 iron.: [[iron_ingot] x 8]>  eq=air woodpick=1 stonepick=0 pick=0 iron=0 buck=0
[21:59:18] [main/INFO] (Minecraft) [CHAT] §2§l§o[TenorClef] §rT2 [HIST] 2:23.9 SNAP ph=IRON @-54,64,72 sky=11 wet=false ground=false pick=0 buck=0 iron=0 ore=0 rods=0 pearls=0 eyes=0 child=CollectIronIngotTask dbg=<Collecting 8 iron.: [[iron_ingot] x 8]>  mobs=none
[21:59:19] [main/INFO] (Minecraft) [STDOUT]: ALTO CLEF: WARNING: T2 [E70] iron stall 6s @-54,72 — clear blacklist + re-pick ore
[21:59:19] [main/INFO] (Minecraft) [CHAT] §2§l§o[TenorClef] §cT2 [E70] iron stall 6s @-54,72 — clear blacklist + re-pick ore§r
[21:59:19] [main/INFO] (Minecraft) [CHAT] §2§l§o[TenorClef] §rT2 [NOW] t=2:24.9 ph=IRON @-54,64,72 do=<Collecting 8 iron.: [[iron_ingot] x 8]>  eq=air woodpick=1 stonepick=0 pick=0 iron=0 buck=0
[21:59:19] [main/INFO] (Minecraft) [CHAT] §2§l§o[TenorClef] §rT2 [HIST] 2:25.1 WHY iron: smelt 8 in one furnace
[21:59:19] [main/INFO] (Minecraft) [STDOUT]: ALTO CLEF: WARNING: T2 [E100] jumps=6 @-54,63,72 ph=IRON child=CollectIronIngotTask
[21:59:19] [main/INFO] (Minecraft) [CHAT] §2§l§o[TenorClef] §cT2 [E100] jumps=6 @-54,63,72 ph=IRON child=CollectIronIngotTask§r
[21:59:20] [main/INFO] (Minecraft) [CHAT] §2§l§o[TenorClef] §rT2 [NOW] t=2:25.9 ph=IRON @-54,63,72 do=<Collecting 8 iron.: [[iron_ingot] x 8]>  eq=air woodpick=1 stonepick=0 pick=0 iron=0 buck=0
[21:59:20] [main/INFO] (Minecraft) [STDOUT]: ALTO CLEF: WARNING: T2 [E109b] eq=block.minecraft.air held=4s woodpick=1 stonepick=0 child=CollectIronIngotTask ph=IRON
[21:59:20] [main/INFO] (Minecraft) [CHAT] §2§l§o[TenorClef] §cT2 [E109b] eq=block.minecraft.air held=4s woodpick=1 stonepick=0 child=CollectIronIngotTask ph=IRON§r
[21:59:20] [main/INFO] (Minecraft) [CHAT] §2§l§o[TenorClef] §rT2 [HIST] 2:26.1 [E109b] eq=block.minecraft.air held=4s woodpick=1 stonepick=0 child=CollectIronIngotTask ph=IRON
[21:59:20] [main/INFO] (Minecraft) [CHAT] §2§l§o[TenorClef] §rT2 [HIST] 2:26.4 SNAP ph=IRON @-54,63,72 sky=10 wet=false ground=false pick=0 buck=0 iron=0 ore=0 rods=0 pearls=0 eyes=0 child=CollectIronIngotTask dbg=<Collecting 8 iron.: [[iron_ingot] x 8]>  mobs=none
[21:59:21] [main/INFO] (Minecraft) [CHAT] §2§l§o[TenorClef] §rRefreshed inventory...
[21:59:21] [main/INFO] (Minecraft) [CHAT] §2§l§o[TenorClef] §rT2 [NOW] t=2:26.9 ph=IRON @-54,64,72 do=<Collecting 8 iron.: [[iron_ingot] x 8]>  eq=air woodpick=1 stonepick=0 pick=0 iron=0 buck=0
[21:59:21] [main/INFO] (Minecraft) [CHAT] §2§l§o[TenorClef] §rT2 [HIST] 2:27.1 [E100] jumps=6 @-54,63,72 ph=IRON child=CollectIronIngotTask
[21:59:22] [main/INFO] (Minecraft) [CHAT] §2§l§o[TenorClef] §rT2 [NOW] t=2:27.9 ph=IRON @-54,64,72 do=<Collecting 8 iron.: [[iron_ingot] x 8]>  eq=air woodpick=1 stonepick=0 pick=0 iron=0 buck=0
[21:59:23] [main/INFO] (Minecraft) [CHAT] §2§l§o[TenorClef] §rT2 [NOW] t=2:28.9 ph=IRON @-54,63,72 do=<Collecting 8 iron.: [[iron_ingot] x 8]>  eq=air woodpick=1 stonepick=0 pick=0 iron=0 buck=0
[21:59:23] [main/INFO] (Minecraft) [CHAT] §2§l§o[TenorClef] §rT2 [HIST] 2:28.9 SNAP ph=IRON @-54,63,72 sky=10 wet=false ground=false pick=0 buck=0 iron=0 ore=0 rods=0 pearls=0 eyes=0 child=CollectIronIngotTask dbg=<Collecting 8 iron.: [[iron_ingot] x 8]>  mobs=none
[21:59:23] [main/INFO] (Minecraft) [CHAT] §2§l§o[TenorClef] §rT2 [HIST] 2:29.2 WHY iron: smelt 8 in one furnace
[21:59:24] [main/INFO] (Minecraft) [CHAT] §2§l§o[TenorClef] §rT2 [NOW] t=2:29.9 ph=IRON @-54,64,72 do=<Collecting 8 iron.: [[iron_ingot] x 8]>  eq=air woodpick=1 stonepick=0 pick=0 iron=0 buck=0
[21:59:24] [main/INFO] (Minecraft) [CHAT] §2§l§o[TenorClef] §rT2 [HIST] 2:30.1 [E109b] eq=block.minecraft.air held=4s woodpick=1 stonepick=0 child=CollectIronIngotTask ph=IRON
[21:59:25] [main/INFO] (Minecraft) [STDOUT]: ALTO CLEF: WARNING: T2 [E70] iron stall 6s @-54,72 — clear blacklist + re-pick ore
[21:59:25] [main/INFO] (Minecraft) [CHAT] §2§l§o[TenorClef] §cT2 [E70] iron stall 6s @-54,72 — clear blacklist + re-pick ore§r
[21:59:25] [main/INFO] (Minecraft) [STDOUT]: ALTO CLEF: WARNING: T2 [E100] jumps=6 @-54,63,72 ph=IRON child=CollectIronIngotTask
[21:59:25] [main/INFO] (Minecraft) [CHAT] §2§l§o[TenorClef] §cT2 [E100] jumps=6 @-54,63,72 ph=IRON child=CollectIronIngotTask§r
[21:59:25] [main/INFO] (Minecraft) [CHAT] §2§l§o[TenorClef] §rT2 [NOW] t=2:30.9 ph=IRON @-54,64,72 do=<Collecting 8 iron.: [[iron_ingot] x 8]>  eq=air woodpick=1 stonepick=0 pick=0 iron=0 buck=0
[21:59:25] [main/INFO] (Minecraft) [CHAT] §2§l§o[TenorClef] §rT2 [HIST] 2:31.4 SNAP ph=IRON @-54,63,72 sky=10 wet=false ground=false pick=0 buck=0 iron=0 ore=0 rods=0 pearls=0 eyes=0 child=CollectIronIngotTask dbg=<Collecting 8 iron.: [[iron_ingot] x 8]>  mobs=none
[21:59:26] [main/INFO] (Minecraft) [CHAT] §2§l§o[TenorClef] §rT2 [NOW] t=2:31.9 ph=IRON @-54,63,72 do=<Collecting 8 iron.: [[iron_ingot] x 8]>  eq=air woodpick=1 stonepick=0 pick=0 iron=0 buck=0
[21:59:26] [main/INFO] (Minecraft) [CHAT] §2§l§o[TenorClef] §rT2 [HIST] 2:32.5 [E100] jumps=6 @-54,63,72 ph=IRON child=CollectIronIngotTask
[21:59:27] [main/INFO] (Minecraft) [CHAT] §2§l§o[TenorClef] §rT2 [NOW] t=2:32.9 ph=IRON @-54,64,72 do=<Collecting 8 iron.: [[iron_ingot] x 8]>  eq=air woodpick=1 stonepick=0 pick=0 iron=0 buck=0
[21:59:27] [main/INFO] (Minecraft) [CHAT] §2§l§o[TenorClef] §rT2 [HB] t=2:33.2 ph=IRON y=63 child=CollectIronIngotTask logs=0 pick=0 woodpick=1
[21:59:27] [main/INFO] (Minecraft) [CHAT] §2§l§o[TenorClef] §rT2 [HIST] 2:33.2 WHY iron: smelt 8 in one furnace
[21:59:28] [main/INFO] (Minecraft) [CHAT] §2§l§o[TenorClef] §rT2 [NOW] t=2:33.9 ph=IRON @-54,64,72 do=<Collecting 8 iron.: [[iron_ingot] x 8]>  eq=air woodpick=1 stonepick=0 pick=0 iron=0 buck=0
[21:59:28] [main/INFO] (Minecraft) [CHAT] §2§l§o[TenorClef] §rT2 [HIST] 2:33.9 SNAP ph=IRON @-54,64,72 sky=11 wet=false ground=false pick=0 buck=0 iron=0 ore=0 rods=0 pearls=0 eyes=0 child=CollectIronIngotTask dbg=<Collecting 8 iron.: [[iron_ingot] x 8]>  mobs=none
[21:59:28] [main/INFO] (Minecraft) [STDOUT]: ALTO CLEF: WARNING: T2 [E109b] eq=block.minecraft.air held=4s woodpick=1 stonepick=0 child=CollectIronIngotTask ph=IRON
[21:59:28] [main/INFO] (Minecraft) [CHAT] §2§l§o[TenorClef] §cT2 [E109b] eq=block.minecraft.air held=4s woodpick=1 stonepick=0 child=CollectIronIngotTask ph=IRON§r
[21:59:28] [main/INFO] (Minecraft) [CHAT] §2§l§o[TenorClef] §rT2 [HIST] 2:34.2 [E109b] eq=block.minecraft.air held=4s woodpick=1 stonepick=0 child=CollectIronIngotTask ph=IRON
[21:59:29] [main/INFO] (Minecraft) [CHAT] §2§l§o[TenorClef] §rT2 [NOW] t=2:34.9 ph=IRON @-54,63,72 do=<Collecting 8 iron.: [[iron_ingot] x 8]>  eq=air woodpick=1 stonepick=0 pick=0 iron=0 buck=0
[21:59:30] [main/INFO] (Minecraft) [CHAT] §2§l§o[TenorClef] §rT2 [NOW] t=2:35.9 ph=IRON @-54,64,72 do=<Collecting 8 iron.: [[iron_ingot] x 8]>  eq=air woodpick=1 stonepick=0 pick=0 iron=0 buck=0
[21:59:30] [main/INFO] (Minecraft) [STDOUT]: ALTO CLEF: WARNING: T2 [E100] jumps=6 @-54,63,72 ph=IRON child=CollectIronIngotTask
[21:59:30] [main/INFO] (Minecraft) [CHAT] §2§l§o[TenorClef] §cT2 [E100] jumps=6 @-54,63,72 ph=IRON child=CollectIronIngotTask§r
[21:59:30] [main/INFO] (Minecraft) [CHAT] §2§l§o[TenorClef] §rT2 [HIST] 2:36.4 SNAP ph=IRON @-54,64,72 sky=11 wet=false ground=false pick=0 buck=0 iron=0 ore=0 rods=0 pearls=0 eyes=0 child=CollectIronIngotTask dbg=<Collecting 8 iron.: [[iron_ingot] x 8]>  mobs=none
[21:59:31] [main/INFO] (Minecraft) [STDOUT]: ALTO CLEF: WARNING: T2 [E70] iron stall 6s @-54,72 — clear blacklist + re-pick ore
[21:59:31] [main/INFO] (Minecraft) [CHAT] §2§l§o[TenorClef] §cT2 [E70] iron stall 6s @-54,72 — clear blacklist + re-pick ore§r
[21:59:31] [main/INFO] (Minecraft) [CHAT] §2§l§o[TenorClef] §rT2 [NOW] t=2:36.9 ph=IRON @-54,64,72 do=<Collecting 8 iron.: [[iron_ingot] x 8]>  eq=air woodpick=1 stonepick=0 pick=0 iron=0 buck=0
[21:59:31] [main/INFO] (Minecraft) [CHAT] §2§l§o[TenorClef] §rT2 [HIST] 2:37.2 WHY iron: smelt 8 in one furnace
[21:59:32] [main/INFO] (Minecraft) [CHAT] §2§l§o[TenorClef] §rT2 [NOW] t=2:37.9 ph=IRON @-54,63,72 do=<Collecting 8 iron.: [[iron_ingot] x 8]>  eq=air woodpick=1 stonepick=0 pick=0 iron=0 buck=0
[21:59:32] [main/INFO] (Minecraft) [CHAT] §2§l§o[TenorClef] §rT2 [HIST] 2:37.9 [E100] jumps=6 @-54,63,72 ph=IRON child=CollectIronIngotTask
[21:59:32] [main/INFO] (Minecraft) [CHAT] §2§l§o[TenorClef] §rT2 [HIST] 2:38.2 [E109b] eq=block.minecraft.air held=4s woodpick=1 stonepick=0 child=CollectIronIngotTask ph=IRON
[21:59:33] [main/INFO] (Minecraft) [CHAT] §2§l§o[TenorClef] §rT2 [NOW] t=2:38.9 ph=IRON @-54,64,72 do=<Collecting 8 iron.: [[iron_ingot] x 8]>  eq=air woodpick=1 stonepick=0 pick=0 iron=0 buck=0
[21:59:33] [main/INFO] (Minecraft) [CHAT] §2§l§o[TenorClef] §rT2 [HIST] 2:38.9 SNAP ph=IRON @-54,64,72 sky=11 wet=false ground=false pick=0 buck=0 iron=0 ore=0 rods=0 pearls=0 eyes=0 child=CollectIronIngotTask dbg=<Collecting 8 iron.: [[iron_ingot] x 8]>  mobs=none
[21:59:34] [main/INFO] (Minecraft) [CHAT] §2§l§o[TenorClef] §rT2 [NOW] t=2:39.9 ph=IRON @-54,64,72 do=<Collecting 8 iron.: [[iron_ingot] x 8]>  eq=air woodpick=1 stonepick=0 pick=0 iron=0 buck=0
[21:59:35] [main/INFO] (Minecraft) [CHAT] §2§l§o[TenorClef] §rT2 [NOW] t=2:40.9 ph=IRON @-54,63,72 do=<Collecting 8 iron.: [[iron_ingot] x 8]>  eq=air woodpick=1 stonepick=0 pick=0 iron=0 buck=0
[21:59:35] [main/INFO] (Minecraft) [CHAT] §2§l§o[TenorClef] §rT2 [HIST] 2:41.2 WHY iron: smelt 8 in one furnace
[21:59:35] [main/INFO] (Minecraft) [CHAT] §2§l§o[TenorClef] §rT2 [HIST] 2:41.4 SNAP ph=IRON @-54,63,72 sky=10 wet=false ground=false pick=0 buck=0 iron=0 ore=0 rods=0 pearls=0 eyes=0 child=CollectIronIngotTask dbg=<Collecting 8 iron.: [[iron_ingot] x 8]>  mobs=none
[21:59:35] [main/INFO] (Minecraft) [STDOUT]: ALTO CLEF: WARNING: T2 [E100] jumps=6 @-54,63,72 ph=IRON child=CollectIronIngotTask
[21:59:35] [main/INFO] (Minecraft) [CHAT] §2§l§o[TenorClef] §cT2 [E100] jumps=6 @-54,63,72 ph=IRON child=CollectIronIngotTask§r
[21:59:36] [main/INFO] (Minecraft) [CHAT] §2§l§o[TenorClef] §rT2 [NOW] t=2:41.9 ph=IRON @-54,64,72 do=<Collecting 8 iron.: [[iron_ingot] x 8]>  eq=air woodpick=1 stonepick=0 pick=0 iron=0 buck=0
[21:59:36] [main/INFO] (Minecraft) [STDOUT]: ALTO CLEF: WARNING: T2 [E109b] eq=block.minecraft.air held=4s woodpick=1 stonepick=0 child=CollectIronIngotTask ph=IRON
[21:59:36] [main/INFO] (Minecraft) [CHAT] §2§l§o[TenorClef] §cT2 [E109b] eq=block.minecraft.air held=4s woodpick=1 stonepick=0 child=CollectIronIngotTask ph=IRON§r
[21:59:36] [main/INFO] (Minecraft) [CHAT] §2§l§o[TenorClef] §rT2 [HIST] 2:42.3 [E109b] eq=block.minecraft.air held=4s woodpick=1 stonepick=0 child=CollectIronIngotTask ph=IRON
[21:59:37] [main/INFO] (Minecraft) [STDOUT]: ALTO CLEF: WARNING: T2 [E70] iron stall 6s @-54,72 — clear blacklist + re-pick ore
[21:59:37] [main/INFO] (Minecraft) [CHAT] §2§l§o[TenorClef] §cT2 [E70] iron stall 6s @-54,72 — clear blacklist + re-pick ore§r
[21:59:37] [main/INFO] (Minecraft) [CHAT] §2§l§o[TenorClef] §rT2 [NOW] t=2:42.9 ph=IRON @-54,64,72 do=<Collecting 8 iron.: [[iron_ingot] x 8]>  eq=air woodpick=1 stonepick=0 pick=0 iron=0 buck=0
[21:59:37] [main/INFO] (Minecraft) [CHAT] §2§l§o[TenorClef] §rT2 [HB] t=2:43.2 ph=IRON y=63 child=CollectIronIngotTask logs=0 pick=0 woodpick=1
[21:59:37] [main/INFO] (Minecraft) [CHAT] §2§l§o[TenorClef] §rT2 [HIST] 2:43.3 [E100] jumps=6 @-54,63,72 ph=IRON child=CollectIronIngotTask
[21:59:38] [main/INFO] (Minecraft) [CHAT] §2§l§o[TenorClef] §rT2 [NOW] t=2:43.9 ph=IRON @-54,63,72 do=<Collecting 8 iron.: [[iron_ingot] x 8]>  eq=air woodpick=1 stonepick=0 pick=0 iron=0 buck=0
[21:59:38] [main/INFO] (Minecraft) [CHAT] §2§l§o[TenorClef] §rT2 [HIST] 2:43.9 SNAP ph=IRON @-54,63,72 sky=10 wet=false ground=false pick=0 buck=0 iron=0 ore=0 rods=0 pearls=0 eyes=0 child=CollectIronIngotTask dbg=<Collecting 8 iron.: [[iron_ingot] x 8]>  mobs=none
[21:59:39] [main/INFO] (Minecraft) [CHAT] §2§l§o[TenorClef] §rT2 [NOW] t=2:44.9 ph=IRON @-54,64,72 do=<Collecting 8 iron.: [[iron_ingot] x 8]>  eq=air woodpick=1 stonepick=0 pick=0 iron=0 buck=0
[21:59:39] [main/INFO] (Minecraft) [CHAT] §2§l§o[TenorClef] §rT2 [HIST] 2:45.2 WHY iron: smelt 8 in one furnace
[21:59:40] [main/INFO] (Minecraft) [CHAT] §2§l§o[TenorClef] §rT2 [NOW] t=2:45.9 ph=IRON @-54,64,72 do=<Collecting 8 iron.: [[iron_ingot] x 8]>  eq=air woodpick=1 stonepick=0 pick=0 iron=0 buck=0
[21:59:40] [main/INFO] (Minecraft) [CHAT] §2§l§o[TenorClef] §rT2 [HIST] 2:46.3 [E109b] eq=block.minecraft.air held=4s woodpick=1 stonepick=0 child=CollectIronIngotTask ph=IRON
[21:59:40] [main/INFO] (Minecraft) [CHAT] §2§l§o[TenorClef] §rT2 [HIST] 2:46.4 SNAP ph=IRON @-54,63,72 sky=10 wet=false ground=false pick=0 buck=0 iron=0 ore=0 rods=0 pearls=0 eyes=0 child=CollectIronIngotTask dbg=<Collecting 8 iron.: [[iron_ingot] x 8]>  mobs=none
[21:59:41] [main/INFO] (Minecraft) [CHAT] §2§l§o[TenorClef] §rT2 [NOW] t=2:46.9 ph=IRON @-54,63,72 do=<Collecting 8 iron.: [[iron_ingot] x 8]>  eq=air woodpick=1 stonepick=0 pick=0 iron=0 buck=0
[21:59:41] [main/INFO] (Minecraft) [STDOUT]: ALTO CLEF: WARNING: T2 [E100] jumps=6 @-54,63,72 ph=IRON child=CollectIronIngotTask
[21:59:41] [main/INFO] (Minecraft) [CHAT] §2§l§o[TenorClef] §cT2 [E100] jumps=6 @-54,63,72 ph=IRON child=CollectIronIngotTask§r
[21:59:42] [main/INFO] (Minecraft) [CHAT] §2§l§o[TenorClef] §rT2 [NOW] t=2:47.9 ph=IRON @-54,64,72 do=<Collecting 8 iron.: [[iron_ingot] x 8]>  eq=air woodpick=1 stonepick=0 pick=0 iron=0 buck=0
[21:59:42] [main/INFO] (Minecraft) [CHAT] §2§l§o[TenorClef] §rT2 [HB] t=2:48.2 ph=IRON y=63 child=CollectIronIngotTask logs=0 pick=0 woodpick=1
[21:59:43] [main/INFO] (Minecraft) [STDOUT]: ALTO CLEF: WARNING: T2 [E70] iron stall 6s @-54,72 — clear blacklist + re-pick ore
[21:59:43] [main/INFO] (Minecraft) [CHAT] §2§l§o[TenorClef] §cT2 [E70] iron stall 6s @-54,72 — clear blacklist + re-pick ore§r
[21:59:43] [main/INFO] (Minecraft) [CHAT] §2§l§o[TenorClef] §rT2 [HIST] 2:48.7 [E100] jumps=6 @-54,63,72 ph=IRON child=CollectIronIngotTask
[21:59:43] [main/INFO] (Minecraft) [CHAT] §2§l§o[TenorClef] §rT2 [NOW] t=2:48.9 ph=IRON @-54,64,72 do=<Collecting 8 iron.: [[iron_ingot] x 8]>  eq=air woodpick=1 stonepick=0 pick=0 iron=0 buck=0
[21:59:43] [main/INFO] (Minecraft) [CHAT] §2§l§o[TenorClef] §rT2 [HIST] 2:48.9 SNAP ph=IRON @-54,64,72 sky=11 wet=false ground=false pick=0 buck=0 iron=0 ore=0 rods=0 pearls=0 eyes=0 child=CollectIronIngotTask dbg=<Collecting 8 iron.: [[iron_ingot] x 8]>  mobs=none
[21:59:43] [main/INFO] (Minecraft) [CHAT] §2§l§o[TenorClef] §rT2 [HIST] 2:49.2 WHY iron: smelt 8 in one furnace
[21:59:44] [main/INFO] (Minecraft) [CHAT] §2§l§o[TenorClef] §rT2 [NOW] t=2:49.9 ph=IRON @-54,63,72 do=<Collecting 8 iron.: [[iron_ingot] x 8]>  eq=air woodpick=1 stonepick=0 pick=0 iron=0 buck=0
[21:59:44] [main/INFO] (Minecraft) [STDOUT]: ALTO CLEF: WARNING: T2 [E109b] eq=block.minecraft.air held=4s woodpick=1 stonepick=0 child=CollectIronIngotTask ph=IRON
[21:59:44] [main/INFO] (Minecraft) [CHAT] §2§l§o[TenorClef] §cT2 [E109b] eq=block.minecraft.air held=4s woodpick=1 stonepick=0 child=CollectIronIngotTask ph=IRON§r
[21:59:44] [main/INFO] (Minecraft) [CHAT] §2§l§o[TenorClef] §rT2 [HIST] 2:50.4 [E109b] eq=block.minecraft.air held=4s woodpick=1 stonepick=0 child=CollectIronIngotTask ph=IRON
[21:59:45] [main/INFO] (Minecraft) [CHAT] §2§l§o[TenorClef] §rT2 [NOW] t=2:50.9 ph=IRON @-54,64,72 do=<Collecting 8 iron.: [[iron_ingot] x 8]>  eq=air woodpick=1 stonepick=0 pick=0 iron=0 buck=0
[21:59:45] [main/INFO] (Minecraft) [CHAT] §2§l§o[TenorClef] §rT2 [HIST] 2:51.4 SNAP ph=IRON @-54,64,72 sky=11 wet=false ground=false pick=0 buck=0 iron=0 ore=0 rods=0 pearls=0 eyes=0 child=CollectIronIngotTask dbg=<Collecting 8 iron.: [[iron_ingot] x 8]>  mobs=none
[21:59:46] [main/INFO] (Minecraft) [CHAT] §2§l§o[TenorClef] §rT2 [NOW] t=2:51.9 ph=IRON @-54,64,72 do=<Collecting 8 iron.: [[iron_ingot] x 8]>  eq=air woodpick=1 stonepick=0 pick=0 iron=0 buck=0
[21:59:46] [main/INFO] (Minecraft) [STDOUT]: ALTO CLEF: WARNING: T2 [E100] jumps=6 @-54,63,72 ph=IRON child=CollectIronIngotTask
[21:59:46] [main/INFO] (Minecraft) [CHAT] §2§l§o[TenorClef] §cT2 [E100] jumps=6 @-54,63,72 ph=IRON child=CollectIronIngotTask§r
[21:59:47] [main/INFO] (Minecraft) [CHAT] §2§l§o[TenorClef] §rT2 [NOW] t=2:52.9 ph=IRON @-54,63,72 do=<Collecting 8 iron.: [[iron_ingot] x 8]>  eq=air woodpick=1 stonepick=0 pick=0 iron=0 buck=0
[21:59:47] [main/INFO] (Minecraft) [CHAT] §2§l§o[TenorClef] §rT2 [HIST] 2:53.3 WHY iron: smelt 8 in one furnace
[21:59:48] [main/INFO] (Minecraft) [CHAT] §2§l§o[TenorClef] §rT2 [NOW] t=2:53.9 ph=IRON @-54,64,72 do=<Collecting 8 iron.: [[iron_ingot] x 8]>  eq=air woodpick=1 stonepick=0 pick=0 iron=0 buck=0
[21:59:48] [main/INFO] (Minecraft) [CHAT] §2§l§o[TenorClef] §rT2 [HIST] 2:53.9 SNAP ph=IRON @-54,64,72 sky=11 wet=false ground=false pick=0 buck=0 iron=0 ore=0 rods=0 pearls=0 eyes=0 child=CollectIronIngotTask dbg=<Collecting 8 iron.: [[iron_ingot] x 8]>  mobs=none
[21:59:48] [main/INFO] (Minecraft) [CHAT] §2§l§o[TenorClef] §rT2 [HIST] 2:54.1 [E100] jumps=6 @-54,63,72 ph=IRON child=CollectIronIngotTask
[21:59:48] [main/INFO] (Minecraft) [CHAT] §2§l§o[TenorClef] §rT2 [HIST] 2:54.4 [E109b] eq=block.minecraft.air held=4s woodpick=1 stonepick=0 child=CollectIronIngotTask ph=IRON
[21:59:49] [main/INFO] (Minecraft) [STDOUT]: ALTO CLEF: WARNING: T2 [E70] iron stall 6s @-54,72 — clear blacklist + re-pick ore
[21:59:49] [main/INFO] (Minecraft) [CHAT] §2§l§o[TenorClef] §cT2 [E70] iron stall 6s @-54,72 — clear blacklist + re-pick ore§r
[21:59:49] [main/INFO] (Minecraft) [CHAT] §2§l§o[TenorClef] §rT2 [NOW] t=2:54.9 ph=IRON @-54,64,72 do=<Collecting 8 iron.: [[iron_ingot] x 8]>  eq=air woodpick=1 stonepick=0 pick=0 iron=0 buck=0
[21:59:50] [main/INFO] (Minecraft) [CHAT] §2§l§o[TenorClef] §rT2 [NOW] t=2:55.9 ph=IRON @-54,63,72 do=<Collecting 8 iron.: [[iron_ingot] x 8]>  eq=air woodpick=1 stonepick=0 pick=0 iron=0 buck=0
[21:59:50] [main/INFO] (Minecraft) [CHAT] §2§l§o[TenorClef] §rT2 [HIST] 2:56.4 SNAP ph=IRON @-54,63,72 sky=10 wet=false ground=false pick=0 buck=0 iron=0 ore=0 rods=0 pearls=0 eyes=0 child=CollectIronIngotTask dbg=<Collecting 8 iron.: [[iron_ingot] x 8]>  mobs=none
[21:59:51] [main/INFO] (Minecraft) [CHAT] §2§l§o[TenorClef] §rRefreshed inventory...
[21:59:51] [main/INFO] (Minecraft) [CHAT] §2§l§o[TenorClef] §rT2 [NOW] t=2:56.9 ph=IRON @-54,64,72 do=<Collecting 8 iron.: [[iron_ingot] x 8]>  eq=air woodpick=1 stonepick=0 pick=0 iron=0 buck=0
[21:59:51] [main/INFO] (Minecraft) [CHAT] §2§l§o[TenorClef] §rT2 [HIST] 2:57.3 WHY iron: smelt 8 in one furnace
[21:59:52] [main/INFO] (Minecraft) [STDOUT]: ALTO CLEF: WARNING: T2 [E100] jumps=6 @-54,63,72 ph=IRON child=CollectIronIngotTask
[21:59:52] [main/INFO] (Minecraft) [CHAT] §2§l§o[TenorClef] §cT2 [E100] jumps=6 @-54,63,72 ph=IRON child=CollectIronIngotTask§r
[21:59:52] [main/INFO] (Minecraft) [CHAT] §2§l§o[TenorClef] §rT2 [NOW] t=2:57.9 ph=IRON @-54,64,72 do=<Collecting 8 iron.: [[iron_ingot] x 8]>  eq=air woodpick=1 stonepick=0 pick=0 iron=0 buck=0
[21:59:52] [main/INFO] (Minecraft) [CHAT] §2§l§o[TenorClef] §rT2 [HB] t=2:58.3 ph=IRON y=63 child=CollectIronIngotTask logs=0 pick=0 woodpick=1
[21:59:52] [main/INFO] (Minecraft) [STDOUT]: ALTO CLEF: WARNING: T2 [E109b] eq=block.minecraft.air held=4s woodpick=1 stonepick=0 child=CollectIronIngotTask ph=IRON
[21:59:52] [main/INFO] (Minecraft) [CHAT] §2§l§o[TenorClef] §cT2 [E109b] eq=block.minecraft.air held=4s woodpick=1 stonepick=0 child=CollectIronIngotTask ph=IRON§r
[21:59:52] [main/INFO] (Minecraft) [CHAT] §2§l§o[TenorClef] §rT2 [HIST] 2:58.5 [E109b] eq=block.minecraft.air held=4s woodpick=1 stonepick=0 child=CollectIronIngotTask ph=IRON
[21:59:53] [main/INFO] (Minecraft) [CHAT] §2§l§o[TenorClef] §rT2 [NOW] t=2:58.9 ph=IRON @-54,63,72 do=<Collecting 8 iron.: [[iron_ingot] x 8]>  eq=air woodpick=1 stonepick=0 pick=0 iron=0 buck=0
[21:59:53] [main/INFO] (Minecraft) [CHAT] §2§l§o[TenorClef] §rT2 [HIST] 2:58.9 SNAP ph=IRON @-54,63,72 sky=10 wet=false ground=false pick=0 buck=0 iron=0 ore=0 rods=0 pearls=0 eyes=0 child=CollectIronIngotTask dbg=<Collecting 8 iron.: [[iron_ingot] x 8]>  mobs=none
[21:59:53] [main/INFO] (Minecraft) [CHAT] §2§l§o[TenorClef] §rT2 [HIST] 2:59.5 [E100] jumps=6 @-54,63,72 ph=IRON child=CollectIronIngotTask
[21:59:54] [main/INFO] (Minecraft) [CHAT] §2§l§o[TenorClef] §rT2 [NOW] t=2:59.9 ph=IRON @-54,64,72 do=<Collecting 8 iron.: [[iron_ingot] x 8]>  eq=air woodpick=1 stonepick=0 pick=0 iron=0 buck=0
[21:59:55] [main/INFO] (Minecraft) [STDOUT]: ALTO CLEF: WARNING: T2 [E70] iron stall 6s @-54,72 — clear blacklist + re-pick ore
[21:59:55] [main/INFO] (Minecraft) [CHAT] §2§l§o[TenorClef] §cT2 [E70] iron stall 6s @-54,72 — clear blacklist + re-pick ore§r
[21:59:55] [main/INFO] (Minecraft) [CHAT] §2§l§o[TenorClef] §rT2 [NOW] t=3:00.9 ph=IRON @-54,64,72 do=<Collecting 8 iron.: [[iron_ingot] x 8]>  eq=air woodpick=1 stonepick=0 pick=0 iron=0 buck=0
[21:59:55] [main/INFO] (Minecraft) [CHAT] §2§l§o[TenorClef] §rT2 [HIST] 3:01.3 WHY iron: smelt 8 in one furnace
[21:59:55] [main/INFO] (Minecraft) [CHAT] §2§l§o[TenorClef] §rT2 [HIST] 3:01.4 SNAP ph=IRON @-54,63,72 sky=10 wet=false ground=false pick=0 buck=0 iron=0 ore=0 rods=0 pearls=0 eyes=0 child=CollectIronIngotTask dbg=<Collecting 8 iron.: [[iron_ingot] x 8]>  mobs=none
[21:59:56] [main/INFO] (Minecraft) [CHAT] §2§l§o[TenorClef] §rT2 [NOW] t=3:01.9 ph=IRON @-54,63,72 do=<Collecting 8 iron.: [[iron_ingot] x 8]>  eq=air woodpick=1 stonepick=0 pick=0 iron=0 buck=0
[21:59:56] [main/INFO] (Minecraft) [CHAT] §2§l§o[TenorClef] §rT2 [HIST] 3:02.5 [E109b] eq=block.minecraft.air held=4s woodpick=1 stonepick=0 child=CollectIronIngotTask ph=IRON
[21:59:57] [main/INFO] (Minecraft) [CHAT] §2§l§o[TenorClef] §rT2 [NOW] t=3:02.9 ph=IRON @-54,64,72 do=<Collecting 8 iron.: [[iron_ingot] x 8]>  eq=air woodpick=1 stonepick=0 pick=0 iron=0 buck=0
[21:59:57] [main/INFO] (Minecraft) [STDOUT]: ALTO CLEF: WARNING: T2 [E100] jumps=6 @-54,63,72 ph=IRON child=CollectIronIngotTask
[21:59:57] [main/INFO] (Minecraft) [CHAT] §2§l§o[TenorClef] §cT2 [E100] jumps=6 @-54,63,72 ph=IRON child=CollectIronIngotTask§r
[21:59:58] [main/INFO] (Minecraft) [CHAT] §2§l§o[TenorClef] §rT2 [NOW] t=3:03.9 ph=IRON @-54,64,72 do=<Collecting 8 iron.: [[iron_ingot] x 8]>  eq=air woodpick=1 stonepick=0 pick=0 iron=0 buck=0
[21:59:58] [main/INFO] (Minecraft) [CHAT] §2§l§o[TenorClef] §rT2 [HIST] 3:03.9 SNAP ph=IRON @-54,64,72 sky=11 wet=false ground=false pick=0 buck=0 iron=0 ore=0 rods=0 pearls=0 eyes=0 child=CollectIronIngotTask dbg=<Collecting 8 iron.: [[iron_ingot] x 8]>  mobs=none
[21:59:59] [main/INFO] (Minecraft) [CHAT] §2§l§o[TenorClef] §rT2 [NOW] t=3:04.9 ph=IRON @-54,63,72 do=<Collecting 8 iron.: [[iron_ingot] x 8]>  eq=air woodpick=1 stonepick=0 pick=0 iron=0 buck=0
[21:59:59] [main/INFO] (Minecraft) [CHAT] §2§l§o[TenorClef] §rT2 [HIST] 3:04.9 [E100] jumps=6 @-54,63,72 ph=IRON child=CollectIronIngotTask
[21:59:59] [main/INFO] (Minecraft) [CHAT] §2§l§o[TenorClef] §rT2 [HIST] 3:05.4 WHY iron: smelt 8 in one furnace
[22:00:00] [main/INFO] (Minecraft) [CHAT] §2§l§o[TenorClef] §rT2 [NOW] t=3:05.9 ph=IRON @-54,64,72 do=<Collecting 8 iron.: [[iron_ingot] x 8]>  eq=air woodpick=1 stonepick=0 pick=0 iron=0 buck=0
[22:00:00] [main/INFO] (Minecraft) [CHAT] §2§l§o[TenorClef] §rT2 [HIST] 3:06.4 SNAP ph=IRON @-54,64,72 sky=11 wet=false ground=false pick=0 buck=0 iron=0 ore=0 rods=0 pearls=0 eyes=0 child=CollectIronIngotTask dbg=<Collecting 8 iron.: [[iron_ingot] x 8]>  mobs=none
[22:00:00] [main/INFO] (Minecraft) [STDOUT]: ALTO CLEF: WARNING: T2 [E109b] eq=block.minecraft.air held=4s woodpick=1 stonepick=0 child=CollectIronIngotTask ph=IRON
[22:00:00] [main/INFO] (Minecraft) [CHAT] §2§l§o[TenorClef] §cT2 [E109b] eq=block.minecraft.air held=4s woodpick=1 stonepick=0 child=CollectIronIngotTask ph=IRON§r
[22:00:00] [main/INFO] (Minecraft) [CHAT] §2§l§o[TenorClef] §rT2 [HIST] 3:06.6 [E109b] eq=block.minecraft.air held=4s woodpick=1 stonepick=0 child=CollectIronIngotTask ph=IRON
[22:00:01] [main/INFO] (Minecraft) [STDOUT]: ALTO CLEF: WARNING: T2 [E70] iron stall 6s @-54,72 — clear blacklist + re-pick ore
[22:00:01] [main/INFO] (Minecraft) [CHAT] §2§l§o[TenorClef] §cT2 [E70] iron stall 6s @-54,72 — clear blacklist + re-pick ore§r
[22:00:01] [main/INFO] (Minecraft) [CHAT] §2§l§o[TenorClef] §rT2 [NOW] t=3:06.9 ph=IRON @-54,64,72 do=<Collecting 8 iron.: [[iron_ingot] x 8]>  eq=air woodpick=1 stonepick=0 pick=0 iron=0 buck=0
[22:00:02] [main/INFO] (Minecraft) [CHAT] §2§l§o[TenorClef] §rT2 [NOW] t=3:07.9 ph=IRON @-54,63,72 do=<Collecting 8 iron.: [[iron_ingot] x 8]>  eq=air woodpick=1 stonepick=0 pick=0 iron=0 buck=0
[22:00:02] [main/INFO] (Minecraft) [CHAT] §2§l§o[TenorClef] §rT2 [HB] t=3:08.3 ph=IRON y=64 child=CollectIronIngotTask logs=0 pick=0 woodpick=1
[22:00:02] [main/INFO] (Minecraft) [STDOUT]: ALTO CLEF: WARNING: T2 [E100] jumps=6 @-54,63,72 ph=IRON child=CollectIronIngotTask
[22:00:02] [main/INFO] (Minecraft) [CHAT] §2§l§o[TenorClef] §cT2 [E100] jumps=6 @-54,63,72 ph=IRON child=CollectIronIngotTask§r
[22:00:03] [main/INFO] (Minecraft) [CHAT] §2§l§o[TenorClef] §rT2 [NOW] t=3:08.9 ph=IRON @-54,64,72 do=<Collecting 8 iron.: [[iron_ingot] x 8]>  eq=air woodpick=1 stonepick=0 pick=0 iron=0 buck=0
[22:00:03] [main/INFO] (Minecraft) [CHAT] §2§l§o[TenorClef] §rT2 [HIST] 3:08.9 SNAP ph=IRON @-54,64,72 sky=11 wet=false ground=false pick=0 buck=0 iron=0 ore=0 rods=0 pearls=0 eyes=0 child=CollectIronIngotTask dbg=<Collecting 8 iron.: [[iron_ingot] x 8]>  mobs=none
[22:00:03] [main/INFO] (Minecraft) [CHAT] §2§l§o[TenorClef] §rT2 [HIST] 3:09.4 WHY iron: smelt 8 in one furnace
[22:00:04] [main/INFO] (Minecraft) [CHAT] §2§l§o[TenorClef] §rT2 [NOW] t=3:09.9 ph=IRON @-54,64,72 do=<Collecting 8 iron.: [[iron_ingot] x 8]>  eq=air woodpick=1 stonepick=0 pick=0 iron=0 buck=0
[22:00:04] [main/INFO] (Minecraft) [CHAT] §2§l§o[TenorClef] §rT2 [HIST] 3:10.3 [E100] jumps=6 @-54,63,72 ph=IRON child=CollectIronIngotTask
[22:00:04] [main/INFO] (Minecraft) [CHAT] §2§l§o[TenorClef] §rT2 [HIST] 3:10.6 [E109b] eq=block.minecraft.air held=4s woodpick=1 stonepick=0 child=CollectIronIngotTask ph=IRON
[22:00:05] [main/INFO] (Minecraft) [CHAT] §2§l§o[TenorClef] §rT2 [NOW] t=3:10.9 ph=IRON @-54,63,72 do=<Collecting 8 iron.: [[iron_ingot] x 8]>  eq=air woodpick=1 stonepick=0 pick=0 iron=0 buck=0
[22:00:05] [main/INFO] (Minecraft) [CHAT] §2§l§o[TenorClef] §rT2 [HIST] 3:11.4 SNAP ph=IRON @-54,63,72 sky=10 wet=false ground=false pick=0 buck=0 iron=0 ore=0 rods=0 pearls=0 eyes=0 child=CollectIronIngotTask dbg=<Collecting 8 iron.: [[iron_ingot] x 8]>  mobs=none
[22:00:06] [main/INFO] (Minecraft) [CHAT] §2§l§o[TenorClef] §rT2 [NOW] t=3:11.9 ph=IRON @-54,64,72 do=<Collecting 8 iron.: [[iron_ingot] x 8]>  eq=air woodpick=1 stonepick=0 pick=0 iron=0 buck=0
[22:00:07] [main/INFO] (Minecraft) [STDOUT]: ALTO CLEF: WARNING: T2 [E70] iron stall 6s @-54,72 — clear blacklist + re-pick ore
[22:00:07] [main/INFO] (Minecraft) [CHAT] §2§l§o[TenorClef] §cT2 [E70] iron stall 6s @-54,72 — clear blacklist + re-pick ore§r
[22:00:07] [main/INFO] (Minecraft) [CHAT] §2§l§o[TenorClef] §rT2 [NOW] t=3:12.9 ph=IRON @-54,64,72 do=<Collecting 8 iron.: [[iron_ingot] x 8]>  eq=air woodpick=1 stonepick=0 pick=0 iron=0 buck=0
[22:00:07] [main/INFO] (Minecraft) [STDOUT]: ALTO CLEF: WARNING: T2 [E118] CollectIronIngotTask 90s no inv change ph=IRON
[22:00:07] [main/INFO] (Minecraft) [CHAT] §2§l§o[TenorClef] §cT2 [E118] CollectIronIngotTask 90s no inv change ph=IRON§r
[22:00:07] [main/INFO] (Minecraft) [CHAT] §2§l§o[TenorClef] §rT2 [HIST] 3:12.9 [E118] CollectIronIngotTask 90s no inv change ph=IRON
[22:00:07] [main/INFO] (Minecraft) [CHAT] §2§l§o[TenorClef] §rT2 [HIST] 3:13.4 WHY iron: smelt 8 in one furnace
[22:00:08] [main/INFO] (Minecraft) [CHAT] §2§l§o[TenorClef] §rT2 [NOW] t=3:13.9 ph=IRON @-54,63,72 do=<Collecting 8 iron.: [[iron_ingot] x 8]>  eq=air woodpick=1 stonepick=0 pick=0 iron=0 buck=0
[22:00:08] [main/INFO] (Minecraft) [CHAT] §2§l§o[TenorClef] §rT2 [HIST] 3:13.9 SNAP ph=IRON @-54,63,72 sky=10 wet=false ground=false pick=0 buck=0 iron=0 ore=0 rods=0 pearls=0 eyes=0 child=CollectIronIngotTask dbg=<Collecting 8 iron.: [[iron_ingot] x 8]>  mobs=none
[22:00:08] [main/INFO] (Minecraft) [STDOUT]: ALTO CLEF: WARNING: T2 [E100] jumps=6 @-54,63,72 ph=IRON child=CollectIronIngotTask
[22:00:08] [main/INFO] (Minecraft) [CHAT] §2§l§o[TenorClef] §cT2 [E100] jumps=6 @-54,63,72 ph=IRON child=CollectIronIngotTask§r
[22:00:09] [main/INFO] (Minecraft) [STDOUT]: ALTO CLEF: WARNING: T2 [E109b] eq=block.minecraft.air held=4s woodpick=1 stonepick=0 child=CollectIronIngotTask ph=IRON
[22:00:09] [main/INFO] (Minecraft) [CHAT] §2§l§o[TenorClef] §cT2 [E109b] eq=block.minecraft.air held=4s woodpick=1 stonepick=0 child=CollectIronIngotTask ph=IRON§r
[22:00:09] [main/INFO] (Minecraft) [CHAT] §2§l§o[TenorClef] §rT2 [HIST] 3:14.7 [E109b] eq=block.minecraft.air held=4s woodpick=1 stonepick=0 child=CollectIronIngotTask ph=IRON
[22:00:09] [main/INFO] (Minecraft) [CHAT] §2§l§o[TenorClef] §rT2 [NOW] t=3:14.9 ph=IRON @-54,64,72 do=<Collecting 8 iron.: [[iron_ingot] x 8]>  eq=air woodpick=1 stonepick=0 pick=0 iron=0 buck=0
[22:00:10] [main/INFO] (Minecraft) [CHAT] §2§l§o[TenorClef] §rT2 [HIST] 3:15.7 [E100] jumps=6 @-54,63,72 ph=IRON child=CollectIronIngotTask
[22:00:10] [main/INFO] (Minecraft) [CHAT] §2§l§o[TenorClef] §rT2 [NOW] t=3:15.9 ph=IRON @-54,64,72 do=<Collecting 8 iron.: [[iron_ingot] x 8]>  eq=air woodpick=1 stonepick=0 pick=0 iron=0 buck=0
[22:00:10] [main/INFO] (Minecraft) [CHAT] §2§l§o[TenorClef] §rT2 [HIST] 3:16.4 SNAP ph=IRON @-54,63,72 sky=10 wet=false ground=false pick=0 buck=0 iron=0 ore=0 rods=0 pearls=0 eyes=0 child=CollectIronIngotTask dbg=<Collecting 8 iron.: [[iron_ingot] x 8]>  mobs=none
[22:00:11] [main/INFO] (Minecraft) [CHAT] §2§l§o[TenorClef] §rT2 [NOW] t=3:16.9 ph=IRON @-54,63,72 do=<Collecting 8 iron.: [[iron_ingot] x 8]>  eq=air woodpick=1 stonepick=0 pick=0 iron=0 buck=0
[22:00:11] [main/INFO] (Minecraft) [CHAT] §2§l§o[TenorClef] §rT2 [HIST] 3:17.4 WHY iron: smelt 8 in one furnace
[22:00:12] [main/INFO] (Minecraft) [CHAT] §2§l§o[TenorClef] §rT2 [NOW] t=3:17.9 ph=IRON @-54,64,72 do=<Collecting 8 iron.: [[iron_ingot] x 8]>  eq=air woodpick=1 stonepick=0 pick=0 iron=0 buck=0
[22:00:13] [main/INFO] (Minecraft) [STDOUT]: ALTO CLEF: WARNING: T2 [E70] iron stall 6s @-54,72 — clear blacklist + re-pick ore
[22:00:13] [main/INFO] (Minecraft) [CHAT] §2§l§o[TenorClef] §cT2 [E70] iron stall 6s @-54,72 — clear blacklist + re-pick ore§r
[22:00:13] [main/INFO] (Minecraft) [CHAT] §2§l§o[TenorClef] §rT2 [HIST] 3:18.7 [E109b] eq=block.minecraft.air held=4s woodpick=1 stonepick=0 child=CollectIronIngotTask ph=IRON
[22:00:13] [main/INFO] (Minecraft) [CHAT] §2§l§o[TenorClef] §rT2 [NOW] t=3:18.9 ph=IRON @-54,64,72 do=<Collecting 8 iron.: [[iron_ingot] x 8]>  eq=air woodpick=1 stonepick=0 pick=0 iron=0 buck=0
[22:00:13] [main/INFO] (Minecraft) [CHAT] §2§l§o[TenorClef] §rT2 [HIST] 3:18.9 SNAP ph=IRON @-54,64,72 sky=11 wet=false ground=false pick=0 buck=0 iron=0 ore=0 rods=0 pearls=0 eyes=0 child=CollectIronIngotTask dbg=<Collecting 8 iron.: [[iron_ingot] x 8]>  mobs=none
[22:00:13] [main/INFO] (Minecraft) [STDOUT]: ALTO CLEF: WARNING: T2 [E100] jumps=6 @-54,63,72 ph=IRON child=CollectIronIngotTask
[22:00:13] [main/INFO] (Minecraft) [CHAT] §2§l§o[TenorClef] §cT2 [E100] jumps=6 @-54,63,72 ph=IRON child=CollectIronIngotTask§r
[22:00:14] [main/INFO] (Minecraft) [CHAT] §2§l§o[TenorClef] §rT2 [NOW] t=3:19.9 ph=IRON @-54,63,72 do=<Collecting 8 iron.: [[iron_ingot] x 8]>  eq=air woodpick=1 stonepick=0 pick=0 iron=0 buck=0
[22:00:15] [main/INFO] (Minecraft) [CHAT] §2§l§o[TenorClef] §rT2 [NOW] t=3:20.9 ph=IRON @-54,64,72 do=<Collecting 8 iron.: [[iron_ingot] x 8]>  eq=air woodpick=1 stonepick=0 pick=0 iron=0 buck=0
[22:00:15] [main/INFO] (Minecraft) [CHAT] §2§l§o[TenorClef] §rT2 [HIST] 3:21.1 [E100] jumps=6 @-54,63,72 ph=IRON child=CollectIronIngotTask
[22:00:15] [main/INFO] (Minecraft) [CHAT] §2§l§o[TenorClef] §rT2 [HIST] 3:21.4 SNAP ph=IRON @-54,64,72 sky=11 wet=false ground=false pick=0 buck=0 iron=0 ore=0 rods=0 pearls=0 eyes=0 child=CollectIronIngotTask dbg=<Collecting 8 iron.: [[iron_ingot] x 8]>  mobs=none
[22:00:15] [main/INFO] (Minecraft) [CHAT] §2§l§o[TenorClef] §rT2 [HIST] 3:21.5 WHY iron: smelt 8 in one furnace
[22:00:16] [main/INFO] (Minecraft) [CHAT] §2§l§o[TenorClef] §rT2 [NOW] t=3:21.9 ph=IRON @-54,64,72 do=<Collecting 8 iron.: [[iron_ingot] x 8]>  eq=air woodpick=1 stonepick=0 pick=0 iron=0 buck=0
[22:00:17] [main/INFO] (Minecraft) [STDOUT]: ALTO CLEF: WARNING: T2 [E109b] eq=block.minecraft.air held=4s woodpick=1 stonepick=0 child=CollectIronIngotTask ph=IRON
[22:00:17] [main/INFO] (Minecraft) [CHAT] §2§l§o[TenorClef] §cT2 [E109b] eq=block.minecraft.air held=4s woodpick=1 stonepick=0 child=CollectIronIngotTask ph=IRON§r
[22:00:17] [main/INFO] (Minecraft) [CHAT] §2§l§o[TenorClef] §rT2 [HIST] 3:22.8 [E109b] eq=block.minecraft.air held=4s woodpick=1 stonepick=0 child=CollectIronIngotTask ph=IRON
[22:00:17] [main/INFO] (Minecraft) [CHAT] §2§l§o[TenorClef] §rT2 [NOW] t=3:22.9 ph=IRON @-54,63,72 do=<Collecting 8 iron.: [[iron_ingot] x 8]>  eq=air woodpick=1 stonepick=0 pick=0 iron=0 buck=0
[22:00:17] [main/INFO] (Minecraft) [CHAT] §2§l§o[TenorClef] §rT2 [HB] t=3:23.4 ph=IRON y=63 child=CollectIronIngotTask logs=0 pick=0 woodpick=1
[22:00:18] [main/INFO] (Minecraft) [CHAT] §2§l§o[TenorClef] §rT2 [NOW] t=3:23.9 ph=IRON @-54,64,72 do=<Collecting 8 iron.: [[iron_ingot] x 8]>  eq=air woodpick=1 stonepick=0 pick=0 iron=0 buck=0
[22:00:18] [main/INFO] (Minecraft) [CHAT] §2§l§o[TenorClef] §rT2 [HIST] 3:23.9 SNAP ph=IRON @-54,64,72 sky=11 wet=false ground=false pick=0 buck=0 iron=0 ore=0 rods=0 pearls=0 eyes=0 child=CollectIronIngotTask dbg=<Collecting 8 iron.: [[iron_ingot] x 8]>  mobs=none
[22:00:19] [main/INFO] (Minecraft) [STDOUT]: ALTO CLEF: WARNING: T2 [E70] iron stall 6s @-54,72 — clear blacklist + re-pick ore
[22:00:19] [main/INFO] (Minecraft) [CHAT] §2§l§o[TenorClef] §cT2 [E70] iron stall 6s @-54,72 — clear blacklist + re-pick ore§r
[22:00:19] [main/INFO] (Minecraft) [STDOUT]: ALTO CLEF: WARNING: T2 [E100] jumps=6 @-54,63,72 ph=IRON child=CollectIronIngotTask
[22:00:19] [main/INFO] (Minecraft) [CHAT] §2§l§o[TenorClef] §cT2 [E100] jumps=6 @-54,63,72 ph=IRON child=CollectIronIngotTask§r
[22:00:19] [main/INFO] (Minecraft) [CHAT] §2§l§o[TenorClef] §rT2 [NOW] t=3:24.9 ph=IRON @-54,64,72 do=<Collecting 8 iron.: [[iron_ingot] x 8]>  eq=air woodpick=1 stonepick=0 pick=0 iron=0 buck=0
[22:00:19] [main/INFO] (Minecraft) [CHAT] §2§l§o[TenorClef] §rT2 [HIST] 3:25.5 WHY iron: smelt 8 in one furnace
[22:00:20] [main/INFO] (Minecraft) [CHAT] §2§l§o[TenorClef] §rT2 [NOW] t=3:25.9 ph=IRON @-54,63,72 do=<Collecting 8 iron.: [[iron_ingot] x 8]>  eq=air woodpick=1 stonepick=0 pick=0 iron=0 buck=0
[22:00:20] [main/INFO] (Minecraft) [CHAT] §2§l§o[TenorClef] §rT2 [HIST] 3:26.4 SNAP ph=IRON @-54,63,72 sky=10 wet=false ground=false pick=0 buck=0 iron=0 ore=0 rods=0 pearls=0 eyes=0 child=CollectIronIngotTask dbg=<Collecting 8 iron.: [[iron_ingot] x 8]>  mobs=none
[22:00:20] [main/INFO] (Minecraft) [CHAT] §2§l§o[TenorClef] §rT2 [HIST] 3:26.5 [E100] jumps=6 @-54,63,72 ph=IRON child=CollectIronIngotTask
[22:00:21] [main/INFO] (Minecraft) [CHAT] §2§l§o[TenorClef] §rRefreshed inventory...
[22:00:21] [main/INFO] (Minecraft) [CHAT] §2§l§o[TenorClef] §rT2 [HIST] 3:26.8 [E109b] eq=block.minecraft.air held=4s woodpick=1 stonepick=0 child=CollectIronIngotTask ph=IRON
[22:00:21] [main/INFO] (Minecraft) [CHAT] §2§l§o[TenorClef] §rT2 [NOW] t=3:26.9 ph=IRON @-54,64,72 do=<Collecting 8 iron.: [[iron_ingot] x 8]>  eq=air woodpick=1 stonepick=0 pick=0 iron=0 buck=0
[22:00:22] [main/INFO] (Minecraft) [CHAT] §2§l§o[TenorClef] §rT2 [NOW] t=3:27.9 ph=IRON @-54,64,72 do=<Collecting 8 iron.: [[iron_ingot] x 8]>  eq=air woodpick=1 stonepick=0 pick=0 iron=0 buck=0
[22:00:23] [main/INFO] (Minecraft) [CHAT] §2§l§o[TenorClef] §rT2 [NOW] t=3:28.9 ph=IRON @-54,63,72 do=<Collecting 8 iron.: [[iron_ingot] x 8]>  eq=air woodpick=1 stonepick=0 pick=0 iron=0 buck=0
[22:00:23] [main/INFO] (Minecraft) [CHAT] §2§l§o[TenorClef] §rT2 [HIST] 3:28.9 SNAP ph=IRON @-54,63,72 sky=10 wet=false ground=false pick=0 buck=0 iron=0 ore=0 rods=0 pearls=0 eyes=0 child=CollectIronIngotTask dbg=<Collecting 8 iron.: [[iron_ingot] x 8]>  mobs=none
[22:00:23] [main/INFO] (Minecraft) [CHAT] §2§l§o[TenorClef] §rT2 [HIST] 3:29.5 WHY iron: smelt 8 in one furnace
[22:00:24] [main/INFO] (Minecraft) [CHAT] §2§l§o[TenorClef] §rT2 [NOW] t=3:29.9 ph=IRON @-54,64,72 do=<Collecting 8 iron.: [[iron_ingot] x 8]>  eq=air woodpick=1 stonepick=0 pick=0 iron=0 buck=0
[22:00:25] [main/INFO] (Minecraft) [STDOUT]: ALTO CLEF: WARNING: T2 [E70] iron stall 6s @-54,72 — clear blacklist + re-pick ore
[22:00:25] [main/INFO] (Minecraft) [CHAT] §2§l§o[TenorClef] §cT2 [E70] iron stall 6s @-54,72 — clear blacklist + re-pick ore§r
[22:00:25] [main/INFO] (Minecraft) [CHAT] §2§l§o[TenorClef] §rT2 [NOW] t=3:30.9 ph=IRON @-54,64,72 do=<Collecting 8 iron.: [[iron_ingot] x 8]>  eq=air woodpick=1 stonepick=0 pick=0 iron=0 buck=0
[22:00:25] [main/INFO] (Minecraft) [STDOUT]: ALTO CLEF: WARNING: T2 [E109b] eq=block.minecraft.air held=4s woodpick=1 stonepick=0 child=CollectIronIngotTask ph=IRON
[22:00:25] [main/INFO] (Minecraft) [CHAT] §2§l§o[TenorClef] §cT2 [E109b] eq=block.minecraft.air held=4s woodpick=1 stonepick=0 child=CollectIronIngotTask ph=IRON§r
[22:00:25] [main/INFO] (Minecraft) [CHAT] §2§l§o[TenorClef] §rT2 [HIST] 3:30.9 [E109b] eq=block.minecraft.air held=4s woodpick=1 stonepick=0 child=CollectIronIngotTask ph=IRON
[22:00:25] [main/INFO] (Minecraft) [CHAT] §2§l§o[TenorClef] §rT2 [HIST] 3:31.4 SNAP ph=IRON @-54,63,72 sky=10 wet=false ground=false pick=0 buck=0 iron=0 ore=0 rods=0 pearls=0 eyes=0 child=CollectIronIngotTask dbg=<Collecting 8 iron.: [[iron_ingot] x 8]>  mobs=none
[22:00:26] [main/INFO] (Minecraft) [CHAT] §2§l§o[TenorClef] §rT2 [NOW] t=3:31.9 ph=IRON @-54,63,72 do=<Collecting 8 iron.: [[iron_ingot] x 8]>  eq=air woodpick=1 stonepick=0 pick=0 iron=0 buck=0
[22:00:26] [main/INFO] (Minecraft) [STDOUT]: ALTO CLEF: WARNING: T2 [E100] jumps=6 @-54,63,72 ph=IRON child=CollectIronIngotTask
[22:00:26] [main/INFO] (Minecraft) [CHAT] §2§l§o[TenorClef] §cT2 [E100] jumps=6 @-54,63,72 ph=IRON child=CollectIronIngotTask§r
[22:00:26] [main/INFO] (Minecraft) [CHAT] §2§l§o[TenorClef] §rT2 [HIST] 3:31.9 [E100] jumps=6 @-54,63,72 ph=IRON child=CollectIronIngotTask
[22:00:27] [main/INFO] (Minecraft) [CHAT] §2§l§o[TenorClef] §rT2 [NOW] t=3:32.9 ph=IRON @-54,64,72 do=<Collecting 8 iron.: [[iron_ingot] x 8]>  eq=air woodpick=1 stonepick=0 pick=0 iron=0 buck=0
[22:00:27] [main/INFO] (Minecraft) [CHAT] §2§l§o[TenorClef] §rT2 [HB] t=3:33.4 ph=IRON y=64 child=CollectIronIngotTask logs=0 pick=0 woodpick=1
[22:00:27] [main/INFO] (Minecraft) [CHAT] §2§l§o[TenorClef] §rT2 [HIST] 3:33.5 WHY iron: smelt 8 in one furnace
[22:00:28] [main/INFO] (Minecraft) [CHAT] §2§l§o[TenorClef] §rT2 [NOW] t=3:33.9 ph=IRON @-54,64,72 do=<Collecting 8 iron.: [[iron_ingot] x 8]>  eq=air woodpick=1 stonepick=0 pick=0 iron=0 buck=0
[22:00:28] [main/INFO] (Minecraft) [CHAT] §2§l§o[TenorClef] §rT2 [HIST] 3:33.9 SNAP ph=IRON @-54,64,72 sky=11 wet=false ground=false pick=0 buck=0 iron=0 ore=0 rods=0 pearls=0 eyes=0 child=CollectIronIngotTask dbg=<Collecting 8 iron.: [[iron_ingot] x 8]>  mobs=none
[22:00:29] [main/INFO] (Minecraft) [CHAT] §2§l§o[TenorClef] §rT2 [NOW] t=3:34.9 ph=IRON @-54,63,72 do=<Collecting 8 iron.: [[iron_ingot] x 8]>  eq=air woodpick=1 stonepick=0 pick=0 iron=0 buck=0
[22:00:29] [main/INFO] (Minecraft) [CHAT] §2§l§o[TenorClef] §rT2 [HIST] 3:34.9 [E109b] eq=block.minecraft.air held=4s woodpick=1 stonepick=0 child=CollectIronIngotTask ph=IRON
[22:00:30] [main/INFO] (Minecraft) [CHAT] §2§l§o[TenorClef] §rT2 [NOW] t=3:35.9 ph=IRON @-54,64,72 do=<Collecting 8 iron.: [[iron_ingot] x 8]>  eq=air woodpick=1 stonepick=0 pick=0 iron=0 buck=0
[22:00:30] [main/INFO] (Minecraft) [CHAT] §2§l§o[TenorClef] §rT2 [HIST] 3:36.4 SNAP ph=IRON @-54,64,72 sky=11 wet=false ground=false pick=0 buck=0 iron=0 ore=0 rods=0 pearls=0 eyes=0 child=CollectIronIngotTask dbg=<Collecting 8 iron.: [[iron_ingot] x 8]>  mobs=none
[22:00:31] [main/INFO] (Minecraft) [STDOUT]: ALTO CLEF: WARNING: T2 [E70] iron stall 6s @-54,72 — clear blacklist + re-pick ore
[22:00:31] [main/INFO] (Minecraft) [CHAT] §2§l§o[TenorClef] §cT2 [E70] iron stall 6s @-54,72 — clear blacklist + re-pick ore§r
[22:00:31] [main/INFO] (Minecraft) [CHAT] §2§l§o[TenorClef] §rT2 [NOW] t=3:36.9 ph=IRON @-54,64,72 do=<Collecting 8 iron.: [[iron_ingot] x 8]>  eq=air woodpick=1 stonepick=0 pick=0 iron=0 buck=0
[22:00:31] [main/INFO] (Minecraft) [STDOUT]: ALTO CLEF: WARNING: T2 [E100] jumps=6 @-54,63,72 ph=IRON child=CollectIronIngotTask
[22:00:31] [main/INFO] (Minecraft) [CHAT] §2§l§o[TenorClef] §cT2 [E100] jumps=6 @-54,63,72 ph=IRON child=CollectIronIngotTask§r
[22:00:31] [main/INFO] (Minecraft) [CHAT] §2§l§o[TenorClef] §rT2 [HIST] 3:37.3 [E100] jumps=6 @-54,63,72 ph=IRON child=CollectIronIngotTask
[22:00:31] [main/INFO] (Minecraft) [CHAT] §2§l§o[TenorClef] §rT2 [HIST] 3:37.5 WHY iron: smelt 8 in one furnace
[22:00:32] [main/INFO] (Minecraft) [CHAT] §2§l§o[TenorClef] §rT2 [NOW] t=3:37.9 ph=IRON @-54,63,72 do=<Collecting 8 iron.: [[iron_ingot] x 8]>  eq=air woodpick=1 stonepick=0 pick=0 iron=0 buck=0
[22:00:33] [main/INFO] (Minecraft) [CHAT] §2§l§o[TenorClef] §rT2 [NOW] t=3:38.9 ph=IRON @-54,64,72 do=<Collecting 8 iron.: [[iron_ingot] x 8]>  eq=air woodpick=1 stonepick=0 pick=0 iron=0 buck=0
[22:00:33] [main/INFO] (Minecraft) [CHAT] §2§l§o[TenorClef] §rT2 [HIST] 3:38.9 SNAP ph=IRON @-54,64,72 sky=11 wet=false ground=false pick=0 buck=0 iron=0 ore=0 rods=0 pearls=0 eyes=0 child=CollectIronIngotTask dbg=<Collecting 8 iron.: [[iron_ingot] x 8]>  mobs=none
[22:00:33] [main/INFO] (Minecraft) [STDOUT]: ALTO CLEF: WARNING: T2 [E109b] eq=block.minecraft.air held=4s woodpick=1 stonepick=0 child=CollectIronIngotTask ph=IRON
[22:00:33] [main/INFO] (Minecraft) [CHAT] §2§l§o[TenorClef] §cT2 [E109b] eq=block.minecraft.air held=4s woodpick=1 stonepick=0 child=CollectIronIngotTask ph=IRON§r
[22:00:33] [main/INFO] (Minecraft) [CHAT] §2§l§o[TenorClef] §rT2 [HIST] 3:39.0 [E109b] eq=block.minecraft.air held=4s woodpick=1 stonepick=0 child=CollectIronIngotTask ph=IRON
[22:00:34] [main/INFO] (Minecraft) [CHAT] §2§l§o[TenorClef] §rT2 [NOW] t=3:39.9 ph=IRON @-54,64,72 do=<Collecting 8 iron.: [[iron_ingot] x 8]>  eq=air woodpick=1 stonepick=0 pick=0 iron=0 buck=0
[22:00:35] [main/INFO] (Minecraft) [CHAT] §2§l§o[TenorClef] §rT2 [NOW] t=3:40.9 ph=IRON @-54,63,72 do=<Collecting 8 iron.: [[iron_ingot] x 8]>  eq=air woodpick=1 stonepick=0 pick=0 iron=0 buck=0
[22:00:35] [main/INFO] (Minecraft) [CHAT] §2§l§o[TenorClef] §rT2 [HIST] 3:41.4 SNAP ph=IRON @-54,63,72 sky=10 wet=false ground=false pick=0 buck=0 iron=0 ore=0 rods=0 pearls=0 eyes=0 child=CollectIronIngotTask dbg=<Collecting 8 iron.: [[iron_ingot] x 8]>  mobs=none
[22:00:35] [main/INFO] (Minecraft) [CHAT] §2§l§o[TenorClef] §rT2 [HIST] 3:41.6 WHY iron: smelt 8 in one furnace
[22:00:36] [main/INFO] (Minecraft) [CHAT] §2§l§o[TenorClef] §rT2 [NOW] t=3:41.9 ph=IRON @-54,64,72 do=<Collecting 8 iron.: [[iron_ingot] x 8]>  eq=air woodpick=1 stonepick=0 pick=0 iron=0 buck=0
[22:00:37] [main/INFO] (Minecraft) [STDOUT]: ALTO CLEF: WARNING: T2 [E70] iron stall 6s @-54,72 — clear blacklist + re-pick ore
[22:00:37] [main/INFO] (Minecraft) [CHAT] §2§l§o[TenorClef] §cT2 [E70] iron stall 6s @-54,72 — clear blacklist + re-pick ore§r
[22:00:37] [main/INFO] (Minecraft) [STDOUT]: ALTO CLEF: WARNING: T2 [E100] jumps=6 @-54,63,72 ph=IRON child=CollectIronIngotTask
[22:00:37] [main/INFO] (Minecraft) [CHAT] §2§l§o[TenorClef] §cT2 [E100] jumps=6 @-54,63,72 ph=IRON child=CollectIronIngotTask§r
[22:00:37] [main/INFO] (Minecraft) [CHAT] §2§l§o[TenorClef] §rT2 [HIST] 3:42.7 [E100] jumps=6 @-54,63,72 ph=IRON child=CollectIronIngotTask
[22:00:37] [main/INFO] (Minecraft) [CHAT] §2§l§o[TenorClef] §rT2 [NOW] t=3:42.9 ph=IRON @-54,64,72 do=<Collecting 8 iron.: [[iron_ingot] x 8]>  eq=air woodpick=1 stonepick=0 pick=0 iron=0 buck=0
[22:00:37] [main/INFO] (Minecraft) [CHAT] §2§l§o[TenorClef] §rT2 [HIST] 3:43.0 [E109b] eq=block.minecraft.air held=4s woodpick=1 stonepick=0 child=CollectIronIngotTask ph=IRON
[22:00:37] [main/INFO] (Minecraft) [CHAT] §2§l§o[TenorClef] §rT2 [HB] t=3:43.5 ph=IRON y=64 child=CollectIronIngotTask logs=0 pick=0 woodpick=1
[22:00:38] [main/INFO] (Minecraft) [CHAT] §2§l§o[TenorClef] §rT2 [NOW] t=3:43.9 ph=IRON @-54,63,72 do=<Collecting 8 iron.: [[iron_ingot] x 8]>  eq=air woodpick=1 stonepick=0 pick=0 iron=0 buck=0
[22:00:38] [main/INFO] (Minecraft) [CHAT] §2§l§o[TenorClef] §rT2 [HIST] 3:43.9 SNAP ph=IRON @-54,63,72 sky=10 wet=false ground=false pick=0 buck=0 iron=0 ore=0 rods=0 pearls=0 eyes=0 child=CollectIronIngotTask dbg=<Collecting 8 iron.: [[iron_ingot] x 8]>  mobs=none
[22:00:39] [main/INFO] (Minecraft) [CHAT] §2§l§o[TenorClef] §rT2 [NOW] t=3:44.9 ph=IRON @-54,64,72 do=<Collecting 8 iron.: [[iron_ingot] x 8]>  eq=air woodpick=1 stonepick=0 pick=0 iron=0 buck=0
[22:00:39] [main/INFO] (Minecraft) [CHAT] §2§l§o[TenorClef] §rT2 [HIST] 3:45.6 WHY iron: smelt 8 in one furnace
[22:00:40] [main/INFO] (Minecraft) [CHAT] §2§l§o[TenorClef] §rT2 [NOW] t=3:45.9 ph=IRON @-54,64,72 do=<Collecting 8 iron.: [[iron_ingot] x 8]>  eq=air woodpick=1 stonepick=0 pick=0 iron=0 buck=0
[22:00:40] [main/INFO] (Minecraft) [CHAT] §2§l§o[TenorClef] §rT2 [HIST] 3:46.4 SNAP ph=IRON @-54,63,72 sky=10 wet=false ground=false pick=0 buck=0 iron=0 ore=0 rods=0 pearls=0 eyes=0 child=CollectIronIngotTask dbg=<Collecting 8 iron.: [[iron_ingot] x 8]>  mobs=none
[22:00:41] [main/INFO] (Minecraft) [CHAT] §2§l§o[TenorClef] §rT2 [NOW] t=3:46.9 ph=IRON @-54,63,72 do=<Collecting 8 iron.: [[iron_ingot] x 8]>  eq=air woodpick=1 stonepick=0 pick=0 iron=0 buck=0
[22:00:41] [main/INFO] (Minecraft) [STDOUT]: ALTO CLEF: WARNING: T2 [E109b] eq=block.minecraft.air held=4s woodpick=1 stonepick=0 child=CollectIronIngotTask ph=IRON
[22:00:41] [main/INFO] (Minecraft) [CHAT] §2§l§o[TenorClef] §cT2 [E109b] eq=block.minecraft.air held=4s woodpick=1 stonepick=0 child=CollectIronIngotTask ph=IRON§r
[22:00:41] [main/INFO] (Minecraft) [CHAT] §2§l§o[TenorClef] §rT2 [HIST] 3:47.1 [E109b] eq=block.minecraft.air held=4s woodpick=1 stonepick=0 child=CollectIronIngotTask ph=IRON
[22:00:42] [main/INFO] (Minecraft) [CHAT] §2§l§o[TenorClef] §rT2 [NOW] t=3:47.9 ph=IRON @-54,64,72 do=<Collecting 8 iron.: [[iron_ingot] x 8]>  eq=air woodpick=1 stonepick=0 pick=0 iron=0 buck=0
[22:00:42] [main/INFO] (Minecraft) [STDOUT]: ALTO CLEF: WARNING: T2 [E100] jumps=6 @-54,63,72 ph=IRON child=CollectIronIngotTask
[22:00:42] [main/INFO] (Minecraft) [CHAT] §2§l§o[TenorClef] §cT2 [E100] jumps=6 @-54,63,72 ph=IRON child=CollectIronIngotTask§r
[22:00:42] [main/INFO] (Minecraft) [CHAT] §2§l§o[TenorClef] §rT2 [HIST] 3:48.1 [E100] jumps=6 @-54,63,72 ph=IRON child=CollectIronIngotTask
[22:00:42] [main/INFO] (Minecraft) [CHAT] §2§l§o[TenorClef] §rT2 [HB] t=3:48.5 ph=IRON y=64 child=CollectIronIngotTask logs=0 pick=0 woodpick=1
[22:00:43] [main/INFO] (Minecraft) [STDOUT]: ALTO CLEF: WARNING: T2 [E70] iron stall 6s @-54,72 — clear blacklist + re-pick ore
[22:00:43] [main/INFO] (Minecraft) [CHAT] §2§l§o[TenorClef] §cT2 [E70] iron stall 6s @-54,72 — clear blacklist + re-pick ore§r
[22:00:43] [main/INFO] (Minecraft) [CHAT] §2§l§o[TenorClef] §rT2 [NOW] t=3:48.9 ph=IRON @-54,64,72 do=<Collecting 8 iron.: [[iron_ingot] x 8]>  eq=air woodpick=1 stonepick=0 pick=0 iron=0 buck=0
[22:00:43] [main/INFO] (Minecraft) [CHAT] §2§l§o[TenorClef] §rT2 [HIST] 3:48.9 SNAP ph=IRON @-54,64,72 sky=11 wet=false ground=false pick=0 buck=0 iron=0 ore=0 rods=0 pearls=0 eyes=0 child=CollectIronIngotTask dbg=<Collecting 8 iron.: [[iron_ingot] x 8]>  mobs=none
[22:00:43] [main/INFO] (Minecraft) [CHAT] §2§l§o[TenorClef] §rT2 [HIST] 3:49.6 WHY iron: smelt 8 in one furnace
[22:00:44] [main/INFO] (Minecraft) [CHAT] §2§l§o[TenorClef] §rT2 [NOW] t=3:49.9 ph=IRON @-54,63,72 do=<Collecting 8 iron.: [[iron_ingot] x 8]>  eq=air woodpick=1 stonepick=0 pick=0 iron=0 buck=0
[22:00:45] [main/INFO] (Minecraft) [CHAT] §2§l§o[TenorClef] §rT2 [NOW] t=3:50.9 ph=IRON @-54,64,72 do=<Collecting 8 iron.: [[iron_ingot] x 8]>  eq=air woodpick=1 stonepick=0 pick=0 iron=0 buck=0
[22:00:45] [main/INFO] (Minecraft) [CHAT] §2§l§o[TenorClef] §rT2 [HIST] 3:51.1 [E109b] eq=block.minecraft.air held=4s woodpick=1 stonepick=0 child=CollectIronIngotTask ph=IRON
[22:00:45] [main/INFO] (Minecraft) [CHAT] §2§l§o[TenorClef] §rT2 [HIST] 3:51.4 SNAP ph=IRON @-54,64,72 sky=11 wet=false ground=false pick=0 buck=0 iron=0 ore=0 rods=0 pearls=0 eyes=0 child=CollectIronIngotTask dbg=<Collecting 8 iron.: [[iron_ingot] x 8]>  mobs=none
[22:00:46] [main/INFO] (Minecraft) [CHAT] §2§l§o[TenorClef] §rT2 [NOW] t=3:51.9 ph=IRON @-54,64,72 do=<Collecting 8 iron.: [[iron_ingot] x 8]>  eq=air woodpick=1 stonepick=0 pick=0 iron=0 buck=0
[22:00:47] [main/INFO] (Minecraft) [CHAT] §2§l§o[TenorClef] §rT2 [NOW] t=3:52.9 ph=IRON @-54,63,72 do=<Collecting 8 iron.: [[iron_ingot] x 8]>  eq=air woodpick=1 stonepick=0 pick=0 iron=0 buck=0
[22:00:47] [main/INFO] (Minecraft) [STDOUT]: ALTO CLEF: WARNING: T2 [E100] jumps=6 @-54,63,72 ph=IRON child=CollectIronIngotTask
[22:00:47] [main/INFO] (Minecraft) [CHAT] §2§l§o[TenorClef] §cT2 [E100] jumps=6 @-54,63,72 ph=IRON child=CollectIronIngotTask§r
[22:00:47] [main/INFO] (Minecraft) [CHAT] §2§l§o[TenorClef] §rT2 [HIST] 3:53.5 [E100] jumps=6 @-54,63,72 ph=IRON child=CollectIronIngotTask
[22:00:47] [main/INFO] (Minecraft) [CHAT] §2§l§o[TenorClef] §rT2 [HIST] 3:53.6 WHY iron: smelt 8 in one furnace
[22:00:48] [main/INFO] (Minecraft) [CHAT] §2§l§o[TenorClef] §rT2 [NOW] t=3:53.9 ph=IRON @-54,64,72 do=<Collecting 8 iron.: [[iron_ingot] x 8]>  eq=air woodpick=1 stonepick=0 pick=0 iron=0 buck=0
[22:00:48] [main/INFO] (Minecraft) [CHAT] §2§l§o[TenorClef] §rT2 [HIST] 3:53.9 SNAP ph=IRON @-54,64,72 sky=11 wet=false ground=false pick=0 buck=0 iron=0 ore=0 rods=0 pearls=0 eyes=0 child=CollectIronIngotTask dbg=<Collecting 8 iron.: [[iron_ingot] x 8]>  mobs=none
[22:00:49] [main/INFO] (Minecraft) [STDOUT]: ALTO CLEF: WARNING: T2 [E70] iron stall 6s @-54,72 — clear blacklist + re-pick ore
[22:00:49] [main/INFO] (Minecraft) [CHAT] §2§l§o[TenorClef] §cT2 [E70] iron stall 6s @-54,72 — clear blacklist + re-pick ore§r
[22:00:49] [main/INFO] (Minecraft) [CHAT] §2§l§o[TenorClef] §rT2 [NOW] t=3:54.9 ph=IRON @-54,64,72 do=<Collecting 8 iron.: [[iron_ingot] x 8]>  eq=air woodpick=1 stonepick=0 pick=0 iron=0 buck=0
[22:00:49] [main/INFO] (Minecraft) [STDOUT]: ALTO CLEF: WARNING: T2 [E109b] eq=block.minecraft.air held=4s woodpick=1 stonepick=0 child=CollectIronIngotTask ph=IRON
[22:00:49] [main/INFO] (Minecraft) [CHAT] §2§l§o[TenorClef] §cT2 [E109b] eq=block.minecraft.air held=4s woodpick=1 stonepick=0 child=CollectIronIngotTask ph=IRON§r
[22:00:49] [main/INFO] (Minecraft) [CHAT] §2§l§o[TenorClef] §rT2 [HIST] 3:55.2 [E109b] eq=block.minecraft.air held=4s woodpick=1 stonepick=0 child=CollectIronIngotTask ph=IRON
[22:00:50] [main/INFO] (Minecraft) [CHAT] §2§l§o[TenorClef] §rT2 [NOW] t=3:55.9 ph=IRON @-54,63,72 do=<Collecting 8 iron.: [[iron_ingot] x 8]>  eq=air woodpick=1 stonepick=0 pick=0 iron=0 buck=0
[22:00:50] [main/INFO] (Minecraft) [CHAT] §2§l§o[TenorClef] §rT2 [HIST] 3:56.4 SNAP ph=IRON @-54,63,72 sky=10 wet=false ground=false pick=0 buck=0 iron=0 ore=0 rods=0 pearls=0 eyes=0 child=CollectIronIngotTask dbg=<Collecting 8 iron.: [[iron_ingot] x 8]>  mobs=none
[22:00:51] [main/INFO] (Minecraft) [CHAT] §2§l§o[TenorClef] §rRefreshed inventory...
[22:00:51] [main/INFO] (Minecraft) [CHAT] §2§l§o[TenorClef] §rT2 [NOW] t=3:56.9 ph=IRON @-54,64,72 do=<Collecting 8 iron.: [[iron_ingot] x 8]>  eq=air woodpick=1 stonepick=0 pick=0 iron=0 buck=0
[22:00:52] [main/INFO] (Minecraft) [CHAT] §2§l§o[TenorClef] §rT2 [HIST] 3:57.7 WHY iron: smelt 8 in one furnace
[22:00:52] [main/INFO] (Minecraft) [CHAT] §2§l§o[TenorClef] §rT2 [NOW] t=3:57.9 ph=IRON @-54,64,72 do=<Collecting 8 iron.: [[iron_ingot] x 8]>  eq=air woodpick=1 stonepick=0 pick=0 iron=0 buck=0
[22:00:52] [main/INFO] (Minecraft) [CHAT] §2§l§o[TenorClef] §rT2 [HB] t=3:58.5 ph=IRON y=64 child=CollectIronIngotTask logs=0 pick=0 woodpick=1
[22:00:53] [main/INFO] (Minecraft) [CHAT] §2§l§o[TenorClef] §rT2 [NOW] t=3:58.9 ph=IRON @-54,63,72 do=<Collecting 8 iron.: [[iron_ingot] x 8]>  eq=air woodpick=1 stonepick=0 pick=0 iron=0 buck=0
[22:00:53] [main/INFO] (Minecraft) [CHAT] §2§l§o[TenorClef] §rT2 [HIST] 3:58.9 SNAP ph=IRON @-54,63,72 sky=10 wet=false ground=false pick=0 buck=0 iron=0 ore=0 rods=0 pearls=0 eyes=0 child=CollectIronIngotTask dbg=<Collecting 8 iron.: [[iron_ingot] x 8]>  mobs=none
[22:00:53] [main/INFO] (Minecraft) [STDOUT]: ALTO CLEF: WARNING: T2 [E100] jumps=6 @-54,63,72 ph=IRON child=CollectIronIngotTask
[22:00:53] [main/INFO] (Minecraft) [CHAT] §2§l§o[TenorClef] §cT2 [E100] jumps=6 @-54,63,72 ph=IRON child=CollectIronIngotTask§r
[22:00:53] [main/INFO] (Minecraft) [CHAT] §2§l§o[TenorClef] §rT2 [HIST] 3:58.9 [E100] jumps=6 @-54,63,72 ph=IRON child=CollectIronIngotTask
[22:00:53] [main/INFO] (Minecraft) [CHAT] §2§l§o[TenorClef] §rT2 [HIST] 3:59.2 [E109b] eq=block.minecraft.air held=4s woodpick=1 stonepick=0 child=CollectIronIngotTask ph=IRON
[22:00:54] [main/INFO] (Minecraft) [CHAT] §2§l§o[TenorClef] §rT2 [NOW] t=3:59.9 ph=IRON @-54,64,72 do=<Collecting 8 iron.: [[iron_ingot] x 8]>  eq=air woodpick=1 stonepick=0 pick=0 iron=0 buck=0
[22:00:55] [main/INFO] (Minecraft) [STDOUT]: ALTO CLEF: WARNING: T2 [E70] iron stall 6s @-54,72 — clear blacklist + re-pick ore
[22:00:55] [main/INFO] (Minecraft) [CHAT] §2§l§o[TenorClef] §cT2 [E70] iron stall 6s @-54,72 — clear blacklist + re-pick ore§r
[22:00:55] [main/INFO] (Minecraft) [CHAT] §2§l§o[TenorClef] §rT2 [NOW] t=4:00.9 ph=IRON @-54,64,72 do=<Collecting 8 iron.: [[iron_ingot] x 8]>  eq=air woodpick=1 stonepick=0 pick=0 iron=0 buck=0
[22:00:55] [main/INFO] (Minecraft) [CHAT] §2§l§o[TenorClef] §rT2 [HIST] 4:01.4 SNAP ph=IRON @-54,63,72 sky=10 wet=false ground=false pick=0 buck=0 iron=0 ore=0 rods=0 pearls=0 eyes=0 child=CollectIronIngotTask dbg=<Collecting 8 iron.: [[iron_ingot] x 8]>  mobs=none
[22:00:56] [main/INFO] (Minecraft) [CHAT] §2§l§o[TenorClef] §rT2 [HIST] 4:01.7 WHY iron: smelt 8 in one furnace
[22:00:56] [main/INFO] (Minecraft) [CHAT] §2§l§o[TenorClef] §rT2 [NOW] t=4:01.9 ph=IRON @-54,63,72 do=<Collecting 8 iron.: [[iron_ingot] x 8]>  eq=air woodpick=1 stonepick=0 pick=0 iron=0 buck=0
[22:00:57] [main/INFO] (Minecraft) [CHAT] §2§l§o[TenorClef] §rT2 [NOW] t=4:02.9 ph=IRON @-54,64,72 do=<Collecting 8 iron.: [[iron_ingot] x 8]>  eq=air woodpick=1 stonepick=0 pick=0 iron=0 buck=0
[22:00:57] [main/INFO] (Minecraft) [STDOUT]: ALTO CLEF: WARNING: T2 [E109b] eq=block.minecraft.air held=4s woodpick=1 stonepick=0 child=CollectIronIngotTask ph=IRON
[22:00:57] [main/INFO] (Minecraft) [CHAT] §2§l§o[TenorClef] §cT2 [E109b] eq=block.minecraft.air held=4s woodpick=1 stonepick=0 child=CollectIronIngotTask ph=IRON§r
[22:00:57] [main/INFO] (Minecraft) [CHAT] §2§l§o[TenorClef] §rT2 [HIST] 4:03.3 [E109b] eq=block.minecraft.air held=4s woodpick=1 stonepick=0 child=CollectIronIngotTask ph=IRON
[22:00:58] [main/INFO] (Minecraft) [CHAT] §2§l§o[TenorClef] §rT2 [NOW] t=4:03.9 ph=IRON @-54,64,72 do=<Collecting 8 iron.: [[iron_ingot] x 8]>  eq=air woodpick=1 stonepick=0 pick=0 iron=0 buck=0
[22:00:58] [main/INFO] (Minecraft) [CHAT] §2§l§o[TenorClef] §rT2 [HIST] 4:03.9 SNAP ph=IRON @-54,64,72 sky=11 wet=false ground=false pick=0 buck=0 iron=0 ore=0 rods=0 pearls=0 eyes=0 child=CollectIronIngotTask dbg=<Collecting 8 iron.: [[iron_ingot] x 8]>  mobs=none
[22:00:58] [main/INFO] (Minecraft) [STDOUT]: ALTO CLEF: WARNING: T2 [E100] jumps=6 @-54,63,72 ph=IRON child=CollectIronIngotTask
[22:00:58] [main/INFO] (Minecraft) [CHAT] §2§l§o[TenorClef] §cT2 [E100] jumps=6 @-54,63,72 ph=IRON child=CollectIronIngotTask§r
[22:00:58] [main/INFO] (Minecraft) [CHAT] §2§l§o[TenorClef] §rT2 [HIST] 4:04.3 [E100] jumps=6 @-54,63,72 ph=IRON child=CollectIronIngotTask
[22:00:59] [main/INFO] (Minecraft) [CHAT] §2§l§o[TenorClef] §rT2 [NOW] t=4:04.9 ph=IRON @-54,63,72 do=<Collecting 8 iron.: [[iron_ingot] x 8]>  eq=air woodpick=1 stonepick=0 pick=0 iron=0 buck=0
[22:01:00] [main/INFO] (Minecraft) [CHAT] §2§l§o[TenorClef] §rT2 [HIST] 4:05.7 WHY iron: smelt 8 in one furnace
[22:01:00] [main/INFO] (Minecraft) [CHAT] §2§l§o[TenorClef] §rT2 [NOW] t=4:05.9 ph=IRON @-54,64,72 do=<Collecting 8 iron.: [[iron_ingot] x 8]>  eq=air woodpick=1 stonepick=0 pick=0 iron=0 buck=0
[22:01:00] [main/INFO] (Minecraft) [CHAT] §2§l§o[TenorClef] §rT2 [HIST] 4:06.4 SNAP ph=IRON @-54,64,72 sky=11 wet=false ground=false pick=0 buck=0 iron=0 ore=0 rods=0 pearls=0 eyes=0 child=CollectIronIngotTask dbg=<Collecting 8 iron.: [[iron_ingot] x 8]>  mobs=none
[22:01:01] [main/INFO] (Minecraft) [STDOUT]: ALTO CLEF: WARNING: T2 [E70] iron stall 6s @-54,72 — clear blacklist + re-pick ore
[22:01:01] [main/INFO] (Minecraft) [CHAT] §2§l§o[TenorClef] §cT2 [E70] iron stall 6s @-54,72 — clear blacklist + re-pick ore§r
[22:01:01] [main/INFO] (Minecraft) [CHAT] §2§l§o[TenorClef] §rT2 [NOW] t=4:06.9 ph=IRON @-54,64,72 do=<Collecting 8 iron.: [[iron_ingot] x 8]>  eq=air woodpick=1 stonepick=0 pick=0 iron=0 buck=0
[22:01:01] [main/INFO] (Minecraft) [CHAT] §2§l§o[TenorClef] §rT2 [HIST] 4:07.3 [E109b] eq=block.minecraft.air held=4s woodpick=1 stonepick=0 child=CollectIronIngotTask ph=IRON
[22:01:02] [main/INFO] (Minecraft) [CHAT] §2§l§o[TenorClef] §rT2 [NOW] t=4:07.9 ph=IRON @-54,63,72 do=<Collecting 8 iron.: [[iron_ingot] x 8]>  eq=air woodpick=1 stonepick=0 pick=0 iron=0 buck=0
[22:01:02] [main/INFO] (Minecraft) [CHAT] §2§l§o[TenorClef] §rT2 [HB] t=4:08.6 ph=IRON y=63 child=CollectIronIngotTask logs=0 pick=0 woodpick=1
[22:01:03] [main/INFO] (Minecraft) [CHAT] §2§l§o[TenorClef] §rT2 [NOW] t=4:08.9 ph=IRON @-54,64,72 do=<Collecting 8 iron.: [[iron_ingot] x 8]>  eq=air woodpick=1 stonepick=0 pick=0 iron=0 buck=0
[22:01:03] [main/INFO] (Minecraft) [CHAT] §2§l§o[TenorClef] §rT2 [HIST] 4:08.9 SNAP ph=IRON @-54,64,72 sky=11 wet=false ground=false pick=0 buck=0 iron=0 ore=0 rods=0 pearls=0 eyes=0 child=CollectIronIngotTask dbg=<Collecting 8 iron.: [[iron_ingot] x 8]>  mobs=none
[22:01:04] [main/INFO] (Minecraft) [STDOUT]: ALTO CLEF: WARNING: T2 [E100] jumps=6 @-54,63,72 ph=IRON child=CollectIronIngotTask
[22:01:04] [main/INFO] (Minecraft) [CHAT] §2§l§o[TenorClef] §cT2 [E100] jumps=6 @-54,63,72 ph=IRON child=CollectIronIngotTask§r
[22:01:04] [main/INFO] (Minecraft) [CHAT] §2§l§o[TenorClef] §rT2 [HIST] 4:09.7 [E100] jumps=6 @-54,63,72 ph=IRON child=CollectIronIngotTask
[22:01:04] [main/INFO] (Minecraft) [CHAT] §2§l§o[TenorClef] §rT2 [HIST] 4:09.7 WHY iron: smelt 8 in one furnace
[22:01:04] [main/INFO] (Minecraft) [CHAT] §2§l§o[TenorClef] §rT2 [NOW] t=4:09.9 ph=IRON @-54,64,72 do=<Collecting 8 iron.: [[iron_ingot] x 8]>  eq=air woodpick=1 stonepick=0 pick=0 iron=0 buck=0
[22:01:05] [main/INFO] (Minecraft) [CHAT] §2§l§o[TenorClef] §rT2 [NOW] t=4:10.9 ph=IRON @-54,63,72 do=<Collecting 8 iron.: [[iron_ingot] x 8]>  eq=air woodpick=1 stonepick=0 pick=0 iron=0 buck=0
[22:01:05] [main/INFO] (Minecraft) [STDOUT]: ALTO CLEF: WARNING: T2 [E109b] eq=block.minecraft.air held=4s woodpick=1 stonepick=0 child=CollectIronIngotTask ph=IRON
[22:01:05] [main/INFO] (Minecraft) [CHAT] §2§l§o[TenorClef] §cT2 [E109b] eq=block.minecraft.air held=4s woodpick=1 stonepick=0 child=CollectIronIngotTask ph=IRON§r
[22:01:05] [main/INFO] (Minecraft) [CHAT] §2§l§o[TenorClef] §rT2 [HIST] 4:11.4 [E109b] eq=block.minecraft.air held=4s woodpick=1 stonepick=0 child=CollectIronIngotTask ph=IRON
[22:01:05] [main/INFO] (Minecraft) [CHAT] §2§l§o[TenorClef] §rT2 [HIST] 4:11.4 SNAP ph=IRON @-54,63,72 sky=10 wet=false ground=false pick=0 buck=0 iron=0 ore=0 rods=0 pearls=0 eyes=0 child=CollectIronIngotTask dbg=<Collecting 8 iron.: [[iron_ingot] x 8]>  mobs=none
[22:01:06] [main/INFO] (Minecraft) [CHAT] §2§l§o[TenorClef] §rT2 [NOW] t=4:11.9 ph=IRON @-54,64,72 do=<Collecting 8 iron.: [[iron_ingot] x 8]>  eq=air woodpick=1 stonepick=0 pick=0 iron=0 buck=0
[22:01:07] [main/INFO] (Minecraft) [STDOUT]: ALTO CLEF: WARNING: T2 [E70] iron stall 6s @-54,72 — clear blacklist + re-pick ore
[22:01:07] [main/INFO] (Minecraft) [CHAT] §2§l§o[TenorClef] §cT2 [E70] iron stall 6s @-54,72 — clear blacklist + re-pick ore§r
[22:01:07] [main/INFO] (Minecraft) [CHAT] §2§l§o[TenorClef] §rT2 [NOW] t=4:12.9 ph=IRON @-54,64,72 do=<Collecting 8 iron.: [[iron_ingot] x 8]>  eq=air woodpick=1 stonepick=0 pick=0 iron=0 buck=0
[22:01:07] [main/INFO] (Minecraft) [STDOUT]: ALTO CLEF: WARNING: T2 [E118] CollectIronIngotTask 90s no inv change ph=IRON
[22:01:07] [main/INFO] (Minecraft) [CHAT] §2§l§o[TenorClef] §cT2 [E118] CollectIronIngotTask 90s no inv change ph=IRON§r
[22:01:07] [main/INFO] (Minecraft) [CHAT] §2§l§o[TenorClef] §rT2 [HIST] 4:12.9 [E118] CollectIronIngotTask 90s no inv change ph=IRON
[22:01:08] [main/INFO] (Minecraft) [CHAT] §2§l§o[TenorClef] §rT2 [HIST] 4:13.8 WHY iron: smelt 8 in one furnace
[22:01:08] [main/INFO] (Minecraft) [CHAT] §2§l§o[TenorClef] §rT2 [NOW] t=4:13.9 ph=IRON @-54,63,72 do=<Collecting 8 iron.: [[iron_ingot] x 8]>  eq=air woodpick=1 stonepick=0 pick=0 iron=0 buck=0
[22:01:08] [main/INFO] (Minecraft) [CHAT] §2§l§o[TenorClef] §rT2 [HIST] 4:13.9 SNAP ph=IRON @-54,63,72 sky=10 wet=false ground=false pick=0 buck=0 iron=0 ore=0 rods=0 pearls=0 eyes=0 child=CollectIronIngotTask dbg=<Collecting 8 iron.: [[iron_ingot] x 8]>  mobs=none
[22:01:09] [main/INFO] (Minecraft) [CHAT] §2§l§o[TenorClef] §rT2 [NOW] t=4:14.9 ph=IRON @-54,64,72 do=<Collecting 8 iron.: [[iron_ingot] x 8]>  eq=air woodpick=1 stonepick=0 pick=0 iron=0 buck=0
[22:01:09] [main/INFO] (Minecraft) [STDOUT]: ALTO CLEF: WARNING: T2 [E100] jumps=6 @-54,63,72 ph=IRON child=CollectIronIngotTask
[22:01:09] [main/INFO] (Minecraft) [CHAT] §2§l§o[TenorClef] §cT2 [E100] jumps=6 @-54,63,72 ph=IRON child=CollectIronIngotTask§r
[22:01:09] [main/INFO] (Minecraft) [CHAT] §2§l§o[TenorClef] §rT2 [HIST] 4:15.1 [E100] jumps=6 @-54,63,72 ph=IRON child=CollectIronIngotTask
[22:01:09] [main/INFO] (Minecraft) [CHAT] §2§l§o[TenorClef] §rT2 [HIST] 4:15.4 [E109b] eq=block.minecraft.air held=4s woodpick=1 stonepick=0 child=CollectIronIngotTask ph=IRON
[22:01:10] [main/INFO] (Minecraft) [CHAT] §2§l§o[TenorClef] §rT2 [NOW] t=4:15.9 ph=IRON @-54,64,72 do=<Collecting 8 iron.: [[iron_ingot] x 8]>  eq=air woodpick=1 stonepick=0 pick=0 iron=0 buck=0
[22:01:10] [main/INFO] (Minecraft) [CHAT] §2§l§o[TenorClef] §rT2 [HIST] 4:16.4 SNAP ph=IRON @-54,63,72 sky=10 wet=false ground=false pick=0 buck=0 iron=0 ore=0 rods=0 pearls=0 eyes=0 child=CollectIronIngotTask dbg=<Collecting 8 iron.: [[iron_ingot] x 8]>  mobs=none
[22:01:11] [main/INFO] (Minecraft) [CHAT] §2§l§o[TenorClef] §rT2 [NOW] t=4:16.9 ph=IRON @-54,63,72 do=<Collecting 8 iron.: [[iron_ingot] x 8]>  eq=air woodpick=1 stonepick=0 pick=0 iron=0 buck=0
[22:01:12] [main/INFO] (Minecraft) [CHAT] §2§l§o[TenorClef] §rT2 [HIST] 4:17.8 WHY iron: smelt 8 in one furnace
[22:01:12] [main/INFO] (Minecraft) [CHAT] §2§l§o[TenorClef] §rT2 [NOW] t=4:17.9 ph=IRON @-54,64,72 do=<Collecting 8 iron.: [[iron_ingot] x 8]>  eq=air woodpick=1 stonepick=0 pick=0 iron=0 buck=0
[22:01:13] [main/INFO] (Minecraft) [STDOUT]: ALTO CLEF: WARNING: T2 [E70] iron stall 6s @-54,72 — clear blacklist + re-pick ore
[22:01:13] [main/INFO] (Minecraft) [CHAT] §2§l§o[TenorClef] §cT2 [E70] iron stall 6s @-54,72 — clear blacklist + re-pick ore§r
[22:01:13] [main/INFO] (Minecraft) [CHAT] §2§l§o[TenorClef] §rT2 [NOW] t=4:18.9 ph=IRON @-54,64,72 do=<Collecting 8 iron.: [[iron_ingot] x 8]>  eq=air woodpick=1 stonepick=0 pick=0 iron=0 buck=0
[22:01:13] [main/INFO] (Minecraft) [CHAT] §2§l§o[TenorClef] §rT2 [HIST] 4:18.9 SNAP ph=IRON @-54,64,72 sky=11 wet=false ground=false pick=0 buck=0 iron=0 ore=0 rods=0 pearls=0 eyes=0 child=CollectIronIngotTask dbg=<Collecting 8 iron.: [[iron_ingot] x 8]>  mobs=none
[22:01:13] [main/INFO] (Minecraft) [STDOUT]: ALTO CLEF: WARNING: T2 [E109b] eq=block.minecraft.air held=4s woodpick=1 stonepick=0 child=CollectIronIngotTask ph=IRON
[22:01:13] [main/INFO] (Minecraft) [CHAT] §2§l§o[TenorClef] §cT2 [E109b] eq=block.minecraft.air held=4s woodpick=1 stonepick=0 child=CollectIronIngotTask ph=IRON§r
[22:01:13] [main/INFO] (Minecraft) [CHAT] §2§l§o[TenorClef] §rT2 [HIST] 4:19.5 [E109b] eq=block.minecraft.air held=4s woodpick=1 stonepick=0 child=CollectIronIngotTask ph=IRON
[22:01:14] [main/INFO] (Minecraft) [CHAT] §2§l§o[TenorClef] §rT2 [NOW] t=4:19.9 ph=IRON @-54,63,72 do=<Collecting 8 iron.: [[iron_ingot] x 8]>  eq=air woodpick=1 stonepick=0 pick=0 iron=0 buck=0
[22:01:14] [main/INFO] (Minecraft) [STDOUT]: ALTO CLEF: WARNING: T2 [E100] jumps=6 @-54,63,72 ph=IRON child=CollectIronIngotTask
[22:01:14] [main/INFO] (Minecraft) [CHAT] §2§l§o[TenorClef] §cT2 [E100] jumps=6 @-54,63,72 ph=IRON child=CollectIronIngotTask§r
[22:01:14] [main/INFO] (Minecraft) [CHAT] §2§l§o[TenorClef] §rT2 [HIST] 4:20.5 [E100] jumps=6 @-54,63,72 ph=IRON child=CollectIronIngotTask
[22:01:15] [main/INFO] (Minecraft) [CHAT] §2§l§o[TenorClef] §rT2 [NOW] t=4:20.9 ph=IRON @-54,64,72 do=<Collecting 8 iron.: [[iron_ingot] x 8]>  eq=air woodpick=1 stonepick=0 pick=0 iron=0 buck=0
[22:01:15] [main/INFO] (Minecraft) [CHAT] §2§l§o[TenorClef] §rT2 [HIST] 4:21.4 SNAP ph=IRON @-54,64,72 sky=11 wet=false ground=false pick=0 buck=0 iron=0 ore=0 rods=0 pearls=0 eyes=0 child=CollectIronIngotTask dbg=<Collecting 8 iron.: [[iron_ingot] x 8]>  mobs=none
[22:01:16] [main/INFO] (Minecraft) [CHAT] §2§l§o[TenorClef] §rT2 [HIST] 4:21.8 WHY iron: smelt 8 in one furnace
[22:01:16] [main/INFO] (Minecraft) [CHAT] §2§l§o[TenorClef] §rT2 [NOW] t=4:21.9 ph=IRON @-54,64,72 do=<Collecting 8 iron.: [[iron_ingot] x 8]>  eq=air woodpick=1 stonepick=0 pick=0 iron=0 buck=0
[22:01:17] [main/INFO] (Minecraft) [CHAT] §2§l§o[TenorClef] §rT2 [NOW] t=4:22.9 ph=IRON @-54,63,72 do=<Collecting 8 iron.: [[iron_ingot] x 8]>  eq=air woodpick=1 stonepick=0 pick=0 iron=0 buck=0
[22:01:17] [main/INFO] (Minecraft) [CHAT] §2§l§o[TenorClef] §rT2 [HIST] 4:23.5 [E109b] eq=block.minecraft.air held=4s woodpick=1 stonepick=0 child=CollectIronIngotTask ph=IRON
[22:01:17] [main/INFO] (Minecraft) [CHAT] §2§l§o[TenorClef] §rT2 [HB] t=4:23.6 ph=IRON y=63 child=CollectIronIngotTask logs=0 pick=0 woodpick=1
[22:01:18] [main/INFO] (Minecraft) [CHAT] §2§l§o[TenorClef] §rT2 [NOW] t=4:23.9 ph=IRON @-54,64,72 do=<Collecting 8 iron.: [[iron_ingot] x 8]>  eq=air woodpick=1 stonepick=0 pick=0 iron=0 buck=0
[22:01:18] [main/INFO] (Minecraft) [CHAT] §2§l§o[TenorClef] §rT2 [HIST] 4:23.9 SNAP ph=IRON @-54,64,72 sky=11 wet=false ground=false pick=0 buck=0 iron=0 ore=0 rods=0 pearls=0 eyes=0 child=CollectIronIngotTask dbg=<Collecting 8 iron.: [[iron_ingot] x 8]>  mobs=none
[22:01:19] [main/INFO] (Minecraft) [STDOUT]: ALTO CLEF: WARNING: T2 [E70] iron stall 6s @-54,72 — clear blacklist + re-pick ore
[22:01:19] [main/INFO] (Minecraft) [CHAT] §2§l§o[TenorClef] §cT2 [E70] iron stall 6s @-54,72 — clear blacklist + re-pick ore§r
[22:01:19] [main/INFO] (Minecraft) [CHAT] §2§l§o[TenorClef] §rT2 [NOW] t=4:24.9 ph=IRON @-54,64,72 do=<Collecting 8 iron.: [[iron_ingot] x 8]>  eq=air woodpick=1 stonepick=0 pick=0 iron=0 buck=0
