[03:01:59] [main/INFO] (FabricLoader/GameProvider) Loading Minecraft 1.16.1 with Fabric Loader 0.16.7
[03:01:59] [ForkJoinPool-1-worker-1/WARN] (FabricLoader/Metadata) Mod tungsten uses the version ALPHA-1.6.0-1.16.1-SNAPSHOT which isn't compatible with Loader's extended semantic version format (Could not parse version number component 'ALPHA'!), SemVer is recommended for reliably evaluating dependencies and prioritizing newer version
[03:02:00] [main/INFO] (FabricLoader) Loading 46 mods:
	- altoclef 1.16.1-0.19
	- baritone 1.16.1-ostinato
	- fabric 0.18.0+build.387-1.16.1
	- fabric-api-base 0.1.3+12a8474c02
	- fabric-biomes-v1 0.2.7+059ea86602
	- fabric-blockrenderlayer-v1 1.1.4+c6a8ea8902
	- fabric-command-api-v1 1.0.8+5ce5339802
	- fabric-commands-v0 0.2.0+52d3083602
	- fabric-containers-v0 0.1.8+045df74f02
	- fabric-content-registries-v0 0.1.9+059ea86602
	- fabric-crash-report-info-v1 0.1.2+b7f9825d02
	- fabric-dimensions-v1 1.0.0+a71b305302
	- fabric-events-interaction-v0 0.4.0+e540c58402
	- fabric-events-lifecycle-v0 0.2.0+16acbe5b02
	- fabric-game-rule-api-v1 1.0.0+fe81e12502
	- fabric-item-api-v1 1.0.0+16acbe5b02
	- fabric-item-groups-v0 0.2.0+438f963602
	- fabric-key-binding-api-v1 1.0.1+f404f3be02
	- fabric-keybindings-v0 0.2.0+3fa9f7c502
	- fabric-lifecycle-events-v1 1.2.0+e83e061c02
	- fabric-loot-tables-v1 1.0.0+386eb69e02
	- fabric-mining-levels-v0 0.1.2+b764ce9902
	- fabric-models-v0 0.1.0+dfdb52d602
	- fabric-networking-blockentity-v0 0.2.5+b50ffc7b02
	- fabric-networking-v0 0.1.10+e00ecb5f02
	- fabric-object-builder-api-v1 1.5.7+2242e77202
	- fabric-object-builders-v0 0.6.1+a2d21ddd02
	- fabric-particles-v1 0.2.1+0a6f2a7002
	- fabric-registry-sync-v0 0.3.8+7dba2d6c02
	- fabric-renderer-api-v1 0.2.13+eae12eb802
	- fabric-renderer-indigo 0.3.4+34d6c87102
	- fabric-renderer-registries-v1 2.1.0+be551d3c02
	- fabric-rendering-data-attachment-v1 0.1.3+b7f9825d02
	- fabric-rendering-fluids-v1 0.1.8+b7084faa02
	- fabric-rendering-v0 1.1.0+5341049002
	- fabric-rendering-v1 1.1.2+346247d702
	- fabric-resource-loader-v0 0.2.6+f41e209802
	- fabric-screen-handler-api-v1 1.1.0+97324d1102
	- fabric-tag-extensions-v0 0.2.7+a4c57d8e02
	- fabric-textures-v0 1.0.4+eae12eb802
	- fabric-tool-attribute-api-v1 1.2.1+91fca5cd02
	- fabricloader 0.16.7
	- java 21
	- minecraft 1.16.1
	- mixinextras 0.4.1
	- tungsten ALPHA-1.6.0-1.16.1-SNAPSHOT
[03:02:00] [main/INFO] (FabricLoader/Mixin) SpongePowered MIXIN Subsystem Version=0.8.7 Source=file:/C:/Users/redfa/.gradle/caches/modules-2/files-2.1/net.fabricmc/sponge-mixin/0.15.3+mixin.0.8.7/51ee0a44ab05f6fddd66b09e66b3a16904f9c55d/sponge-mixin-0.15.3+mixin.0.8.7.jar Service=Knot/Fabric Env=CLIENT
[03:02:00] [main/INFO] (FabricLoader/Mixin) Loaded Fabric development mappings for mixin remapper!
[03:02:00] [main/INFO] (FabricLoader/Mixin) Compatibility level set to JAVA_21
[03:02:00] [main/WARN] (FabricLoader/Mixin) Error loading class: me/jellysquid/mods/sodium/client/world/SodiumChunkManager (java.lang.ClassNotFoundException: me/jellysquid/mods/sodium/client/world/SodiumChunkManager)
[03:02:00] [main/WARN] (FabricLoader/Mixin) Error loading class: me/jellysquid/mods/sodium/client/util/collections/FixedLongHashTable (java.lang.ClassNotFoundException: me/jellysquid/mods/sodium/client/util/collections/FixedLongHashTable)
[03:02:01] [main/INFO] (FabricLoader/MixinExtras|Service) Initializing MixinExtras via com.llamalad7.mixinextras.service.MixinExtrasServiceImpl(version=0.4.1).
[03:02:04] [main/INFO] (FabricLoader/Mixin) altoclef.mixins.json:AxeItemAccessor from mod altoclef->@Accessor[FIELD_GETTER]::getEffectiveMaterials()Ljava/util/Set; should be static as its target is
[03:02:06] [main/INFO] (Minecraft) Environment: authHost='https://authserver.mojang.com', accountsHost='https://api.mojang.com', sessionHost='https://sessionserver.mojang.com', name='PROD'
[03:02:06] [main/INFO] (Minecraft) Setting user: Player433
[03:02:06] [main/INFO] (Indigo) [Indigo] Registering Indigo renderer!
[03:02:07] [main/INFO] (Minecraft) [STDERR]: [LWJGL] [ThreadLocalUtil] Unsupported JNI version detected, this may result in a crash. Please inform LWJGL developers.
[03:02:07] [main/INFO] (Minecraft) Backend library: LWJGL version 3.3.2-snapshot
[03:02:09] [main/INFO] (Minecraft) Narrator library for x64 successfully loaded
[03:02:09] [main/INFO] (Minecraft) [STDOUT]: TENORCLEF: Global Init
[03:02:09] [main/INFO] (Minecraft) [CHAT] [Baritone] Baritone settings file not found, resetting.
[03:02:11] [main/INFO] (Minecraft) Reloading ResourceManager: Default, Fabric Loot Tables (v1), Fabric Renderer API (v1), Fabric Networking Block Entity (v0), Fabric Rendering Data Attachment (v1), Fabric Textures (v0), Fabric API Base, Alto Clef, Fabric Crash Report Info (v1), Fabric Object Builder API (v1), Fabric Tag Extensions (v0), Fabric Containers (v0), Tungsten, Fabric Lifecycle Events (v1), Fabric Models (v0), Fabric Object Builders (v0), Fabric Resource Loader (v0), Fabric Rendering (v1), Fabric Renderer Registries (v1), Fabric Loader, Fabric Key Bindings (v0), Fabric Tool Attribute API (v1), Fabric Game Rule API (v1), Fabric Renderer - Indigo, Fabric Screen Handler API (v1), Fabric Events Lifecycle (v0), Fabric Item API (v1), Fabric Item Groups (v0), Fabric Rendering (v0), Fabric Mining Levels (v0), Fabric Biomes (v1), Fabric Rendering Fluids (v1), Fabric Key Binding API (v1), Fabric Registry Sync (v0), Fabric API, Fabric Events Interaction (v0), Fabric Networking (v0), Fabric Content Registries (v0), Fabric BlockRenderLayer Registration (v1)
[03:02:11] [main/INFO] (Minecraft) [STDOUT]: TENORCLEF: MIXIN OK ClientTickMixin injected into MinecraftClient.tick()
[03:02:11] [main/INFO] (Minecraft) [STDOUT]: TENORCLEF: HARNESS: AUTOWORLD: fresh-world create armed (firing in 3s)
[03:02:13] [main/INFO] (Minecraft) [STDOUT]: TENORCLEF: HARNESS: AUTOWORLD: creating fresh world 'AutoRun_20260925_030213' mode=survival difficulty=easy hardcore=false
[03:02:14] [main/WARN] (Minecraft) Ambiguity between arguments [teleport, destination] and [teleport, targets] with inputs: [Player, 0123, @e, dd12be42-52a9-4a91-a8a1-11c01849e498]
[03:02:14] [main/WARN] (Minecraft) Ambiguity between arguments [teleport, location] and [teleport, destination] with inputs: [0.1 -0.5 .9, 0 0 0]
[03:02:14] [main/WARN] (Minecraft) Ambiguity between arguments [teleport, location] and [teleport, targets] with inputs: [0.1 -0.5 .9, 0 0 0]
[03:02:14] [main/WARN] (Minecraft) Ambiguity between arguments [teleport, targets] and [teleport, destination] with inputs: [Player, 0123, dd12be42-52a9-4a91-a8a1-11c01849e498]
[03:02:14] [main/WARN] (Minecraft) Ambiguity between arguments [teleport, targets, location] and [teleport, targets, destination] with inputs: [0.1 -0.5 .9, 0 0 0]
[03:02:14] [main/INFO] (Minecraft) Reloading ResourceManager: Default, Fabric Loot Tables (v1), Fabric Renderer API (v1), Fabric Networking Block Entity (v0), Fabric Rendering Data Attachment (v1), Fabric Textures (v0), Fabric API Base, Alto Clef, Fabric Crash Report Info (v1), Fabric Object Builder API (v1), Fabric Tag Extensions (v0), Fabric Containers (v0), Tungsten, Fabric Lifecycle Events (v1), Fabric Models (v0), Fabric Object Builders (v0), Fabric Resource Loader (v0), Fabric Rendering (v1), Fabric Renderer Registries (v1), Fabric Loader, Fabric Key Bindings (v0), Fabric Tool Attribute API (v1), Fabric Game Rule API (v1), Fabric Renderer - Indigo, Fabric Screen Handler API (v1), Fabric Events Lifecycle (v0), Fabric Item API (v1), Fabric Item Groups (v0), Fabric Rendering (v0), Fabric Mining Levels (v0), Fabric Biomes (v1), Fabric Rendering Fluids (v1), Fabric Key Binding API (v1), Fabric Registry Sync (v0), Fabric API, Fabric Events Interaction (v0), Fabric Networking (v0), Fabric Content Registries (v0), Fabric BlockRenderLayer Registration (v1), Fabric Tool Attribute API (v1)
[03:02:16] [main/INFO] (Minecraft) Loaded 7 recipes
[03:02:17] [main/INFO] (Minecraft) Loaded 927 advancements
[03:02:17] [main/INFO] (Minecraft) Environment: authHost='https://authserver.mojang.com', accountsHost='https://api.mojang.com', sessionHost='https://sessionserver.mojang.com', name='PROD'
[03:02:18] [Server thread/INFO] (Minecraft) Starting integrated minecraft server version 1.16.1
[03:02:18] [Server thread/INFO] (Minecraft) Generating keypair
[03:02:23] [Server thread/INFO] (Minecraft) Preparing start region for dimension minecraft:overworld
[03:02:23] [main/INFO] (Minecraft) Preparing spawn area: 0%
[03:02:23] [main/INFO] (Minecraft) Preparing spawn area: 0%
[03:02:24] [main/INFO] (Minecraft) Preparing spawn area: 2%
[03:02:24] [main/INFO] (Minecraft) Preparing spawn area: 6%
[03:02:25] [main/INFO] (Minecraft) Preparing spawn area: 9%
[03:02:25] [main/INFO] (Minecraft) Preparing spawn area: 15%
[03:02:26] [main/INFO] (Minecraft) Preparing spawn area: 24%
[03:02:26] [main/INFO] (Minecraft) Preparing spawn area: 24%
[03:02:27] [main/INFO] (Minecraft) Preparing spawn area: 31%
[03:02:27] [main/INFO] (Minecraft) Preparing spawn area: 40%
[03:02:28] [main/INFO] (Minecraft) Preparing spawn area: 44%
[03:02:28] [main/INFO] (Minecraft) Preparing spawn area: 50%
[03:02:29] [main/INFO] (Minecraft) Preparing spawn area: 58%
[03:02:29] [main/INFO] (Minecraft) Preparing spawn area: 68%
[03:02:30] [main/INFO] (Minecraft) Preparing spawn area: 69%
[03:02:30] [main/INFO] (Minecraft) Preparing spawn area: 85%
[03:02:31] [main/INFO] (Minecraft) Preparing spawn area: 92%
[03:02:31] [main/INFO] (Minecraft) Time elapsed: 8225 ms
[03:02:31] [Server thread/INFO] (Minecraft) Changing view distance to 11, from 10
[03:02:32] [main/INFO] (Minecraft) [STDOUT]: TENORCLEF: HARNESS: AUTOWORLD: create call returned — waiting for join
[03:02:32] [main/INFO] (Minecraft) OpenAL initialized.
[03:02:32] [main/INFO] (Minecraft) Sound engine started
[03:02:32] [Server thread/INFO] (Minecraft) Player433[local:E:f92f2e00] logged in with entity id 137 at (109.5, 69.0, -262.5)
[03:02:32] [Server thread/INFO] (Minecraft) Player433 joined the game
[03:02:32] [main/INFO] (Minecraft) Created: 1024x1024x4 minecraft:textures/atlas/blocks.png-atlas
[03:02:33] [main/INFO] (Minecraft) Created: 256x128x4 minecraft:textures/atlas/signs.png-atlas
[03:02:33] [main/INFO] (Minecraft) Created: 1024x512x4 minecraft:textures/atlas/banner_patterns.png-atlas
[03:02:33] [main/INFO] (Minecraft) Created: 1024x512x4 minecraft:textures/atlas/shield_patterns.png-atlas
[03:02:33] [main/INFO] (Minecraft) Created: 256x256x4 minecraft:textures/atlas/chest.png-atlas
[03:02:33] [main/INFO] (Minecraft) Created: 512x256x4 minecraft:textures/atlas/beds.png-atlas
[03:02:33] [main/INFO] (Minecraft) Created: 512x256x4 minecraft:textures/atlas/shulker_boxes.png-atlas
[03:02:34] [main/INFO] (Minecraft) Created: 256x256x0 minecraft:textures/atlas/particles.png-atlas
[03:02:34] [main/INFO] (Minecraft) Created: 256x256x0 minecraft:textures/atlas/paintings.png-atlas
[03:02:34] [main/INFO] (Minecraft) Created: 256x128x0 minecraft:textures/atlas/mob_effects.png-atlas
[03:02:34] [main/INFO] (Minecraft) [STDOUT]: Baritone world data dir: C:\Users\redfa\Documents\MinecraftDev\altoclef\versions\1.16.1\run\saves\AutoRun_20260925_030213\.\baritone
[03:02:34] [main/INFO] (Minecraft) [STDOUT]: Cached world directory: C:\Users\redfa\Documents\MinecraftDev\altoclef\versions\1.16.1\run\saves\AutoRun_20260925_030213\.\baritone\cache
[03:02:34] [main/INFO] (Minecraft) [STDOUT]: Would save waypoints to C:\Users\redfa\Documents\MinecraftDev\altoclef\versions\1.16.1\run\saves\AutoRun_20260925_030213\.\baritone\waypoints
[03:02:34] [Server thread/INFO] (Minecraft) Saving and pausing game...
[03:02:34] [Server thread/INFO] (Minecraft) Saving chunks for level 'ServerLevel[AutoRun_20260925_030213]'/minecraft:overworld
[03:02:34] [main/INFO] (Minecraft) Loaded 0 advancements
[03:02:34] [main/INFO] (Minecraft) [STDOUT]: TENORCLEF: HARNESS: AUTORUN: armed 'testrun2' (firing in 5s)
[03:02:35] [Server thread/INFO] (Minecraft) Saving chunks for level 'ServerLevel[AutoRun_20260925_030213]'/minecraft:the_nether
[03:02:35] [Server thread/INFO] (Minecraft) Saving chunks for level 'ServerLevel[AutoRun_20260925_030213]'/minecraft:the_end
[03:02:39] [main/INFO] (Minecraft) [STDOUT]: TENORCLEF: HARNESS: AUTORUN: executing 'testrun2'
[03:02:39] [main/INFO] (Minecraft) [CHAT] §2§l§o[TenorClef] §rAUTORUN: executing 'testrun2'
[03:02:39] [main/INFO] (Minecraft) [CHAT] §2§l§o[TenorClef] §rTESRUN2 start — @stop to cancel
[03:02:39] [main/INFO] (Minecraft) [CHAT] §2§l§o[TenorClef] §rUser Task Set: <testrun2/BOOTSTRAP> 
[03:02:39] [main/INFO] (Minecraft) [CHAT] §2§l§o[TenorClef] §rTESRUN2 clock 0:00.0
[03:02:39] [main/INFO] (Minecraft) [CHAT] §2§l§o[TenorClef] §rTungstenBridge: kaptainwutax.tungsten bound
[03:02:39] [main/INFO] (Minecraft) [CHAT] §2§l§o[TenorClef] §rTESRUN2 start Tungsten backend: AVAILABLE (kaptainwutax.tungsten bound; mover=BARITONE) eyes=12 rods=6 skipDiamond=true
[03:02:39] [main/INFO] (Minecraft) [CHAT] §2§l§o[TenorClef] §rT2 [HIST] 0:00.0 PHASE  -> BOOTSTRAP
[03:02:39] [main/INFO] (Minecraft) [CHAT] §2§l§o[TenorClef] §rT2 [HIST] 0:00.0 DIM  -> OVERWORLD at 109,69,-263
[03:02:39] [main/INFO] (Minecraft) [CHAT] §2§l§o[TenorClef] §rT2 [HIST] 0:00.0 CHILD  -> - ph=BOOTSTRAP @109,69,-263 sky=12 wet=false ground=true pick=0 buck=0 iron=0 ore=0 rods=0 pearls=0 eyes=0
[03:02:39] [main/INFO] (Minecraft) [CHAT] §2§l§o[TenorClef] §rT2 [HIST] 0:00.0 WHY wood: mine 1.16 logs only (no air)
[03:02:39] [main/INFO] (Minecraft) [CHAT] §2§l§o[TenorClef] §rT2 [HIST] 0:00.0 CHILD - -> MineAndCollectTask ph=BOOTSTRAP @109,69,-263 sky=12 wet=false ground=true pick=0 buck=0 iron=0 ore=0 rods=0 pearls=0 eyes=0
[03:02:39] [main/INFO] (Minecraft) [STDOUT]: ALTO CLEF: WARNING: T2 [S176] one client tick took 28384ms (limit 8000ms) — BOOTSTRAP @109,69,-263 child=MineAndCollectTask
[03:02:39] [main/INFO] (Minecraft) [CHAT] §2§l§o[TenorClef] §cT2 [S176] one client tick took 28384ms (limit 8000ms) — BOOTSTRAP @109,69,-263 child=MineAndCollectTask§r
[03:02:39] [main/INFO] (Minecraft) [CHAT] §2§l§o[TenorClef] §rT2 [HIST] 0:00.0 FORCE S176 one client tick took 28384ms (limit 8000ms) — BOOTSTRAP @109,69,-263 child=MineAndCollectTask
[03:02:39] [main/INFO] (Minecraft) [STDOUT]: TENORCLEF: HARNESS: DEADMAN: watchdog started (warn 30s, fatal 120s, worst-tick limit 8s)
[03:02:40] [main/INFO] (Minecraft) [CHAT] §2§l§o[TenorClef] §rT2 [NOW] t=0:00.9 ph=BOOTSTRAP @109,69,-263 do=<Mine And Collect: [[oak_log,birch_log,spruce_log,jungle_log,acacia_log,dark_oak_log] x 2]>  eq=air woodpick=0 stonepick=0 pick=0 iron=0 buck=0
[03:02:41] [main/INFO] (Minecraft) [CHAT] §2§l§o[TenorClef] §rT2 [NOW] t=0:01.8 ph=BOOTSTRAP @109,69,-263 do=<Mine And Collect: [[oak_log,birch_log,spruce_log,jungle_log,acacia_log,dark_oak_log] x 2]>  eq=air woodpick=0 stonepick=0 pick=0 iron=0 buck=0
[03:02:42] [main/INFO] (Minecraft) [CHAT] §2§l§o[TenorClef] §rT2 [HIST] 0:02.3 SNAP ph=BOOTSTRAP @109,69,-263 sky=12 wet=false ground=true pick=0 buck=0 iron=0 ore=0 rods=0 pearls=0 eyes=0 child=MineAndCollectTask dbg=<Mine And Collect: [[oak_log,birch_log,spruce_log,jungle_log,acacia_log,dark_oak_log] x 2]>  mobs=none
[03:02:42] [main/INFO] (Minecraft) [CHAT] §2§l§o[TenorClef] §rT2 [NOW] t=0:02.8 ph=BOOTSTRAP @109,69,-263 do=<Mine And Collect: [[oak_log,birch_log,spruce_log,jungle_log,acacia_log,dark_oak_log] x 2]>  eq=air woodpick=0 stonepick=0 pick=0 iron=0 buck=0
[03:02:43] [main/INFO] (Minecraft) [CHAT] §2§l§o[TenorClef] §rT2 [NOW] t=0:03.8 ph=BOOTSTRAP @109,69,-263 do=<Mine And Collect: [[oak_log,birch_log,spruce_log,jungle_log,acacia_log,dark_oak_log] x 2]>  eq=air woodpick=0 stonepick=0 pick=0 iron=0 buck=0
[03:02:43] [main/INFO] (Minecraft) [CHAT] §2§l§o[TenorClef] §rT2 [HIST] 0:04.0 WHY wood: mine 1.16 logs only (no air)
[03:02:44] [main/INFO] (Minecraft) [CHAT] §2§l§o[TenorClef] §rT2 [NOW] t=0:04.8 ph=BOOTSTRAP @109,69,-263 do=<Mine And Collect: [[oak_log,birch_log,spruce_log,jungle_log,acacia_log,dark_oak_log] x 2]>  eq=air woodpick=0 stonepick=0 pick=0 iron=0 buck=0
[03:02:44] [main/INFO] (Minecraft) [CHAT] §2§l§o[TenorClef] §rT2 [HIST] 0:04.8 SNAP ph=BOOTSTRAP @109,69,-263 sky=12 wet=false ground=true pick=0 buck=0 iron=0 ore=0 rods=0 pearls=0 eyes=0 child=MineAndCollectTask dbg=<Mine And Collect: [[oak_log,birch_log,spruce_log,jungle_log,acacia_log,dark_oak_log] x 2]>  mobs=none
[03:02:45] [main/INFO] (Minecraft) [CHAT] §2§l§o[TenorClef] §rT2 [NOW] t=0:05.8 ph=BOOTSTRAP @109,69,-263 do=<Mine And Collect: [[oak_log,birch_log,spruce_log,jungle_log,acacia_log,dark_oak_log] x 2]>  eq=air woodpick=0 stonepick=0 pick=0 iron=0 buck=0
[03:02:46] [main/INFO] (Minecraft) [CHAT] §2§l§o[TenorClef] §rT2 [NOW] t=0:06.8 ph=BOOTSTRAP @109,69,-262 do=<Mine And Collect: [[oak_log,birch_log,spruce_log,jungle_log,acacia_log,dark_oak_log] x 2]>  eq=air woodpick=0 stonepick=0 pick=0 iron=0 buck=0
[03:02:47] [main/INFO] (Minecraft) [CHAT] §2§l§o[TenorClef] §rT2 [HIST] 0:07.3 SNAP ph=BOOTSTRAP @109,69,-262 sky=12 wet=false ground=true pick=0 buck=0 iron=0 ore=0 rods=0 pearls=0 eyes=0 child=MineAndCollectTask dbg=<Mine And Collect: [[oak_log,birch_log,spruce_log,jungle_log,acacia_log,dark_oak_log] x 2]>  mobs=none
[03:02:47] [main/INFO] (Minecraft) [CHAT] §2§l§o[TenorClef] §rT2 [NOW] t=0:07.8 ph=BOOTSTRAP @109,69,-261 do=<Mine And Collect: [[oak_log,birch_log,spruce_log,jungle_log,acacia_log,dark_oak_log] x 2]>  eq=air woodpick=0 stonepick=0 pick=0 iron=0 buck=0
[03:02:47] [main/INFO] (Minecraft) [STDOUT]: ALTO CLEF: WARNING: T2 [S179] wood oscillation — pinned in a 1x3 box for 8s @109,-261 box[109..109,-263..-261] — retarget nearest log churn=1
[03:02:47] [main/INFO] (Minecraft) [CHAT] §2§l§o[TenorClef] §cT2 [S179] wood oscillation — pinned in a 1x3 box for 8s @109,-261 box[109..109,-263..-261] — retarget nearest log churn=1§r
[03:02:47] [main/INFO] (Minecraft) [CHAT] §2§l§o[TenorClef] §rBlacklist RESET: BlockPos{x=112, y=73, z=-264}
[03:02:47] [main/INFO] (Minecraft) [CHAT] §2§l§o[TenorClef] §rBlacklist: BlockPos{x=112, y=73, z=-264}: Try 1 / 0
[03:02:47] [main/INFO] (Minecraft) [CHAT] §2§l§o[TenorClef] §rBlacklist RESET: BlockPos{x=112, y=73, z=-263}
[03:02:47] [main/INFO] (Minecraft) [CHAT] §2§l§o[TenorClef] §rBlacklist: BlockPos{x=112, y=73, z=-263}: Try 1 / 0
[03:02:47] [main/INFO] (Minecraft) [CHAT] §2§l§o[TenorClef] §rBlacklist RESET: BlockPos{x=110, y=75, z=-263}
[03:02:47] [main/INFO] (Minecraft) [CHAT] §2§l§o[TenorClef] §rBlacklist: BlockPos{x=110, y=75, z=-263}: Try 1 / 0
[03:02:47] [main/INFO] (Minecraft) [CHAT] §2§l§o[TenorClef] §rBlacklist RESET: BlockPos{x=112, y=71, z=-262}
[03:02:47] [main/INFO] (Minecraft) [CHAT] §2§l§o[TenorClef] §rBlacklist: BlockPos{x=112, y=71, z=-262}: Try 1 / 0
[03:02:47] [main/INFO] (Minecraft) [CHAT] §2§l§o[TenorClef] §rBlacklist RESET: BlockPos{x=112, y=72, z=-262}
[03:02:47] [main/INFO] (Minecraft) [CHAT] §2§l§o[TenorClef] §rBlacklist: BlockPos{x=112, y=72, z=-262}: Try 1 / 0
[03:02:47] [main/INFO] (Minecraft) [CHAT] §2§l§o[TenorClef] §rBlacklist RESET: BlockPos{x=112, y=73, z=-262}
[03:02:47] [main/INFO] (Minecraft) [CHAT] §2§l§o[TenorClef] §rBlacklist: BlockPos{x=112, y=73, z=-262}: Try 1 / 0
[03:02:47] [main/INFO] (Minecraft) [CHAT] §2§l§o[TenorClef] §rBlacklist RESET: BlockPos{x=112, y=74, z=-262}
[03:02:47] [main/INFO] (Minecraft) [CHAT] §2§l§o[TenorClef] §rBlacklist: BlockPos{x=112, y=74, z=-262}: Try 1 / 0
[03:02:47] [main/INFO] (Minecraft) [CHAT] §2§l§o[TenorClef] §rBlacklist RESET: BlockPos{x=111, y=75, z=-262}
[03:02:47] [main/INFO] (Minecraft) [CHAT] §2§l§o[TenorClef] §rBlacklist: BlockPos{x=111, y=75, z=-262}: Try 1 / 0
[03:02:47] [main/INFO] (Minecraft) [CHAT] §2§l§o[TenorClef] §rBlacklist RESET: BlockPos{x=112, y=75, z=-262}
[03:02:47] [main/INFO] (Minecraft) [CHAT] §2§l§o[TenorClef] §rBlacklist: BlockPos{x=112, y=75, z=-262}: Try 1 / 0
[03:02:47] [main/INFO] (Minecraft) [CHAT] §2§l§o[TenorClef] §rBlacklist RESET: BlockPos{x=109, y=68, z=-259}
[03:02:47] [main/INFO] (Minecraft) [CHAT] §2§l§o[TenorClef] §rBlacklist: BlockPos{x=109, y=68, z=-259}: Try 1 / 0
[03:02:47] [main/INFO] (Minecraft) [CHAT] §2§l§o[TenorClef] §rBlacklist RESET: BlockPos{x=109, y=69, z=-259}
[03:02:47] [main/INFO] (Minecraft) [CHAT] §2§l§o[TenorClef] §rBlacklist: BlockPos{x=109, y=69, z=-259}: Try 1 / 0
[03:02:47] [main/INFO] (Minecraft) [CHAT] §2§l§o[TenorClef] §rBlacklist RESET: BlockPos{x=109, y=70, z=-259}
[03:02:47] [main/INFO] (Minecraft) [CHAT] §2§l§o[TenorClef] §rBlacklist: BlockPos{x=109, y=70, z=-259}: Try 1 / 0
[03:02:47] [main/INFO] (Minecraft) [CHAT] §2§l§o[TenorClef] §rBlacklist RESET: BlockPos{x=109, y=71, z=-259}
[03:02:47] [main/INFO] (Minecraft) [CHAT] §2§l§o[TenorClef] §rBlacklist: BlockPos{x=109, y=71, z=-259}: Try 1 / 0
[03:02:47] [main/INFO] (Minecraft) [STDOUT]: ALTO CLEF: WARNING: T2 [S194] dig-down in progress y=68 child=MineAndCollectTask - pillar/jump nudges stand aside
[03:02:47] [main/INFO] (Minecraft) [CHAT] §2§l§o[TenorClef] §cT2 [S194] dig-down in progress y=68 child=MineAndCollectTask - pillar/jump nudges stand aside§r
[03:02:47] [main/INFO] (Minecraft) [CHAT] §2§l§o[TenorClef] §rT2 [HIST] 0:07.9 SOLVE S194 dig-down in progress y=68 child=MineAndCollectTask - pillar/jump nudges stand aside
[03:02:47] [main/INFO] (Minecraft) [CHAT] §2§l§o[TenorClef] §rT2 [HIST] 0:08.0 WHY wood: mine 1.16 logs only (no air)
[03:02:48] [main/INFO] (Minecraft) [CHAT] §2§l§o[TenorClef] §rT2 [NOW] t=0:08.8 ph=BOOTSTRAP @109,68,-261 do=<Mine And Collect: [[oak_log,birch_log,spruce_log,jungle_log,acacia_log,dark_oak_log] x 2]>  eq=air woodpick=0 stonepick=0 pick=0 iron=0 buck=0
[03:02:49] [main/INFO] (Minecraft) [CHAT] §2§l§o[TenorClef] §rT2 [HIST] 0:09.7 CHILD MineAndCollectTask -> CraftInInventoryTask ph=BOOTSTRAP @110,69,-262 sky=11 wet=false ground=true pick=0 buck=0 iron=0 ore=0 rods=0 pearls=0 eyes=0
[03:02:49] [main/INFO] (Minecraft) Loaded 4 advancements
[03:02:49] [main/INFO] (Minecraft) [CHAT] §2§l§o[TenorClef] §rT2 [NOW] t=0:09.8 ph=BOOTSTRAP @112,69,-262 do=<Craft 2x2 Task Recipe{crafting_table}: [[crafting_table]]> Collecting materials eq=oak_log woodpick=0 stonepick=0 pick=0 iron=0 buck=0
[03:02:49] [main/INFO] (Minecraft) [CHAT] §2§l§o[TenorClef] §rT2 [HIST] 0:09.8 SNAP ph=BOOTSTRAP @112,69,-262 sky=10 wet=false ground=false pick=0 buck=0 iron=0 ore=0 rods=0 pearls=0 eyes=0 child=CraftInInventoryTask dbg=<Craft 2x2 Task Recipe{crafting_table}: [[crafting_table]]> Collecting materials mobs=none
[03:02:49] [main/INFO] (Minecraft) Loaded 16 advancements
[03:02:50] [main/INFO] (Minecraft) [CHAT] §2§l§o[TenorClef] §rT2 [HIST] 0:10.5 WHY bootstrap: table exists — wooden pick, not more logs
[03:02:50] [main/INFO] (Minecraft) [CHAT] §2§l§o[TenorClef] §rT2 [HIST] 0:10.5 CHILD CraftInInventoryTask -> CraftInTableTask ph=BOOTSTRAP @112,69,-262 sky=10 wet=false ground=true pick=0 buck=0 iron=0 ore=0 rods=0 pearls=0 eyes=0
[03:02:50] [main/INFO] (Minecraft) Loaded 19 advancements
[03:02:50] [main/INFO] (Minecraft) [CHAT] §2§l§o[TenorClef] §rT2 [NOW] t=0:10.8 ph=BOOTSTRAP @112,69,-262 do=<Doing stuff in crafting_table container: [[wooden_pickaxe]]>  eq=air woodpick=0 stonepick=0 pick=0 iron=0 buck=0
[03:02:51] [main/INFO] (Minecraft) [CHAT] §2§l§o[TenorClef] §rT2 [NOW] t=0:11.8 ph=BOOTSTRAP @112,69,-262 do=<Doing stuff in crafting_table container: [[wooden_pickaxe]]>  eq=air woodpick=0 stonepick=0 pick=0 iron=0 buck=0
[03:02:51] [main/INFO] (Minecraft) Loaded 28 advancements
[03:02:52] [main/INFO] (Minecraft) [CHAT] §2§l§o[TenorClef] §rT2 [HIST] 0:12.3 SNAP ph=BOOTSTRAP @112,69,-262 sky=10 wet=false ground=true pick=0 buck=0 iron=0 ore=0 rods=0 pearls=0 eyes=0 child=CraftInTableTask dbg=<Doing stuff in crafting_table container: [[wooden_pickaxe]]>  mobs=none
[03:02:52] [main/INFO] (Minecraft) [CHAT] §2§l§o[TenorClef] §rT2 [NOW] t=0:12.8 ph=BOOTSTRAP @112,69,-262 do=<Doing stuff in crafting_table container: [[wooden_pickaxe]]>  eq=air woodpick=0 stonepick=0 pick=0 iron=0 buck=0
[03:02:53] [main/INFO] (Minecraft) [CHAT] §2§l§o[TenorClef] §rT2 [NOW] t=0:13.8 ph=BOOTSTRAP @112,69,-261 do=<Doing stuff in crafting_table container: [[wooden_pickaxe]]>  eq=air woodpick=0 stonepick=0 pick=0 iron=0 buck=0
[03:02:54] [main/INFO] (Minecraft) [CHAT] §2§l§o[TenorClef] §rT2 [NOW] t=0:14.8 ph=BOOTSTRAP @112,69,-261 do=<Doing stuff in crafting_table container: [[wooden_pickaxe]]>  eq=air woodpick=0 stonepick=0 pick=0 iron=0 buck=0
[03:02:54] [main/INFO] (Minecraft) [CHAT] §2§l§o[TenorClef] §rT2 [HIST] 0:14.8 SNAP ph=BOOTSTRAP @112,69,-261 sky=10 wet=false ground=true pick=0 buck=0 iron=0 ore=0 rods=0 pearls=0 eyes=0 child=CraftInTableTask dbg=<Doing stuff in crafting_table container: [[wooden_pickaxe]]>  mobs=none
[03:02:55] [main/INFO] (Minecraft) [CHAT] §2§l§o[TenorClef] §rT2 [NOW] t=0:15.8 ph=BOOTSTRAP @112,69,-261 do=<Doing stuff in crafting_table container: [[wooden_pickaxe]]>  eq=air woodpick=0 stonepick=0 pick=0 iron=0 buck=0
[03:02:56] [main/INFO] (Minecraft) [CHAT] §2§l§o[TenorClef] §rT2 [NOW] t=0:16.8 ph=BOOTSTRAP @112,69,-261 do=<Doing stuff in crafting_table container: [[wooden_pickaxe]]>  eq=air woodpick=0 stonepick=0 pick=0 iron=0 buck=0
[03:02:57] [main/INFO] (Minecraft) [CHAT] §2§l§o[TenorClef] §rT2 [HIST] 0:17.3 SNAP ph=BOOTSTRAP @112,69,-261 sky=10 wet=false ground=true pick=0 buck=0 iron=0 ore=0 rods=0 pearls=0 eyes=0 child=CraftInTableTask dbg=<Doing stuff in crafting_table container: [[wooden_pickaxe]]>  mobs=none
[03:02:57] [main/INFO] (Minecraft) [CHAT] §2§l§o[TenorClef] §rT2 [NOW] t=0:17.8 ph=BOOTSTRAP @112,69,-261 do=<Doing stuff in crafting_table container: [[wooden_pickaxe]]>  eq=air woodpick=0 stonepick=0 pick=0 iron=0 buck=0
[03:02:58] [main/INFO] (Minecraft) [CHAT] §2§l§o[TenorClef] §rT2 [NOW] t=0:18.8 ph=BOOTSTRAP @112,69,-261 do=<Doing stuff in crafting_table container: [[wooden_pickaxe]]>  eq=air woodpick=0 stonepick=0 pick=0 iron=0 buck=0
[03:02:59] [main/INFO] (Minecraft) [CHAT] §2§l§o[TenorClef] §rT2 [NOW] t=0:19.8 ph=BOOTSTRAP @112,69,-261 do=<Doing stuff in crafting_table container: [[wooden_pickaxe]]>  eq=air woodpick=0 stonepick=0 pick=0 iron=0 buck=0
[03:02:59] [main/INFO] (Minecraft) [CHAT] §2§l§o[TenorClef] §rTESRUN2 spawn biome=ForestBiome trees~=3 villageHint=false rpHint=true surfaceLava=0 vDist=unseen rpDist=61  playable
[03:02:59] [main/INFO] (Minecraft) [STDOUT]: ALTO CLEF: WARNING: T2 [S159] spawn ACCEPTED biome=ForestBiome village=false rp=true vDist=unseen rpDist=61 @112,69,-261 probes=0 t=0:19.9
[03:02:59] [main/INFO] (Minecraft) [CHAT] §2§l§o[TenorClef] §cT2 [S159] spawn ACCEPTED biome=ForestBiome village=false rp=true vDist=unseen rpDist=61 @112,69,-261 probes=0 t=0:19.9§r
[03:02:59] [main/INFO] (Minecraft) [CHAT] §2§l§o[TenorClef] §rT2 [HIST] 0:19.9 FORCE S159 spawn ACCEPTED biome=ForestBiome village=false rp=true vDist=unseen rpDist=61 @112,69,-261 probes=0 t=0:19.9
[03:02:59] [main/INFO] (Minecraft) [CHAT] §2§l§o[TenorClef] §rT2 [HIST] 0:19.9 WHY bootstrap: table exists — wooden pick, not more logs
[03:02:59] [main/INFO] (Minecraft) [CHAT] §2§l§o[TenorClef] §rT2 [HIST] 0:19.9 SNAP ph=BOOTSTRAP @112,69,-261 sky=10 wet=false ground=true pick=0 buck=0 iron=0 ore=0 rods=0 pearls=0 eyes=0 child=CraftInTableTask dbg=<Doing stuff in crafting_table container: [[wooden_pickaxe]]>  mobs=none
[03:03:00] [main/INFO] (Minecraft) [CHAT] §2§l§o[TenorClef] §rT2 [NOW] t=0:20.8 ph=BOOTSTRAP @112,69,-261 do=<Doing stuff in crafting_table container: [[wooden_pickaxe]]>  eq=air woodpick=0 stonepick=0 pick=0 iron=0 buck=0
[03:03:01] [main/INFO] (Minecraft) [CHAT] §2§l§o[TenorClef] §rT2 [NOW] t=0:21.8 ph=BOOTSTRAP @112,69,-261 do=<Doing stuff in crafting_table container: [[wooden_pickaxe]]>  eq=air woodpick=0 stonepick=0 pick=0 iron=0 buck=0
[03:03:02] [main/INFO] (Minecraft) [CHAT] §2§l§o[TenorClef] §rT2 [HIST] 0:22.3 SNAP ph=BOOTSTRAP @112,69,-261 sky=10 wet=false ground=true pick=0 buck=0 iron=0 ore=0 rods=0 pearls=0 eyes=0 child=CraftInTableTask dbg=<Doing stuff in crafting_table container: [[wooden_pickaxe]]>  mobs=none
[03:03:02] [main/INFO] (Minecraft) [CHAT] §2§l§o[TenorClef] §rT2 [NOW] t=0:22.8 ph=BOOTSTRAP @112,69,-261 do=<Doing stuff in crafting_table container: [[wooden_pickaxe]]>  eq=air woodpick=0 stonepick=0 pick=0 iron=0 buck=0
[03:03:03] [main/INFO] (Minecraft) [CHAT] §2§l§o[TenorClef] §rT2 [NOW] t=0:23.8 ph=BOOTSTRAP @112,69,-261 do=<Doing stuff in crafting_table container: [[wooden_pickaxe]]>  eq=air woodpick=0 stonepick=0 pick=0 iron=0 buck=0
[03:03:04] [main/INFO] (Minecraft) [CHAT] §2§l§o[TenorClef] §rT2 [NOW] t=0:24.8 ph=BOOTSTRAP @112,69,-261 do=<Doing stuff in crafting_table container: [[wooden_pickaxe]]>  eq=air woodpick=0 stonepick=0 pick=0 iron=0 buck=0
[03:03:04] [main/INFO] (Minecraft) [CHAT] §2§l§o[TenorClef] §rT2 [HIST] 0:24.8 SNAP ph=BOOTSTRAP @112,69,-261 sky=10 wet=false ground=true pick=0 buck=0 iron=0 ore=0 rods=0 pearls=0 eyes=0 child=CraftInTableTask dbg=<Doing stuff in crafting_table container: [[wooden_pickaxe]]>  mobs=none
[03:03:04] [pool-5-thread-2/INFO] (Minecraft) [STDOUT]: Saving region -1,-1 to disk C:\Users\redfa\Documents\MinecraftDev\altoclef\versions\1.16.1\run\saves\AutoRun_20260925_030213\.\baritone\cache
[03:03:04] [ForkJoinPool.commonPool-worker-1/INFO] (Minecraft) [STDOUT]: Saving region 0,-1 to disk C:\Users\redfa\Documents\MinecraftDev\altoclef\versions\1.16.1\run\saves\AutoRun_20260925_030213\.\baritone\cache
[03:03:04] [pool-5-thread-2/INFO] (Minecraft) [STDOUT]: Saved region successfully
[03:03:04] [ForkJoinPool.commonPool-worker-1/INFO] (Minecraft) [STDOUT]: Saved region successfully
[03:03:04] [pool-5-thread-2/INFO] (Minecraft) [STDOUT]: World save took 134ms
[03:03:04] [main/INFO] (Minecraft) [STDOUT]: ALTO CLEF: WARNING: T2 [E91] craft stall 12s @112,-261 n=1 ph=BOOTSTRAP
[03:03:04] [main/INFO] (Minecraft) [CHAT] §2§l§o[TenorClef] §cT2 [E91] craft stall 12s @112,-261 n=1 ph=BOOTSTRAP§r
[03:03:04] [main/INFO] (Minecraft) [CHAT] §2§l§o[TenorClef] §rT2 [HIST] 0:25.3 WHY E91: finish wooden pick before any PORTAL
[03:03:05] [main/INFO] (Minecraft) [CHAT] §2§l§o[TenorClef] §rT2 [HIST] 0:25.3 WHY bootstrap: table exists — wooden pick, not more logs
[03:03:05] [main/INFO] (Minecraft) [CHAT] §2§l§o[TenorClef] §rT2 [NOW] t=0:25.8 ph=BOOTSTRAP @112,69,-261 do=<Doing stuff in crafting_table container: [[wooden_pickaxe]]>  eq=air woodpick=0 stonepick=0 pick=0 iron=0 buck=0
[03:03:06] [main/INFO] (Minecraft) [CHAT] §2§l§o[TenorClef] §rRefreshed inventory...
[03:03:06] [main/INFO] (Minecraft) [CHAT] §2§l§o[TenorClef] §rT2 [NOW] t=0:26.8 ph=BOOTSTRAP @113,69,-261 do=<Doing stuff in crafting_table container: [[wooden_pickaxe]]>  eq=air woodpick=0 stonepick=0 pick=0 iron=0 buck=0
[03:03:06] [main/INFO] (Minecraft) Loaded 30 advancements
[03:03:07] [main/INFO] (Minecraft) [CHAT] §2§l§o[TenorClef] §rT2 [HIST] 0:27.3 SNAP ph=BOOTSTRAP @114,69,-259 sky=12 wet=false ground=true pick=0 buck=0 iron=0 ore=0 rods=0 pearls=0 eyes=0 child=CraftInTableTask dbg=<Doing stuff in crafting_table container: [[wooden_pickaxe]]>  mobs=none
[03:03:07] [main/INFO] (Minecraft) [CHAT] §2§l§o[TenorClef] §rPRESSED
[03:03:07] [main/INFO] (Minecraft) Loaded 39 advancements
[03:03:07] [main/INFO] (Minecraft) [CHAT] §2§l§o[TenorClef] §rT2 [NOW] t=0:27.8 ph=BOOTSTRAP @114,69,-259 do=<Doing stuff in crafting_table container: [[wooden_pickaxe]]>  eq=air woodpick=0 stonepick=0 pick=0 iron=0 buck=0
[03:03:07] [main/INFO] (Minecraft) [CHAT] §2§l§o[TenorClef] §rT2 [I01] BOOTSTRAP -> IRON t=0:28.1
[03:03:07] [main/INFO] (Minecraft) [CHAT] §2§l§o[TenorClef] §rTESRUN2 split IRON  0:28.1
[03:03:07] [main/INFO] (Minecraft) [STDOUT]: ALTO CLEF: WARNING: T2 [S146] iron target locked want=10 at ingot=0 ore=0 metal=0
[03:03:07] [main/INFO] (Minecraft) [CHAT] §2§l§o[TenorClef] §cT2 [S146] iron target locked want=10 at ingot=0 ore=0 metal=0§r
[03:03:07] [main/INFO] (Minecraft) [CHAT] §2§l§o[TenorClef] §rT2 [HIST] 0:28.1 FORCE S146 iron target locked want=10 at ingot=0 ore=0 metal=0
[03:03:07] [main/INFO] (Minecraft) [CHAT] §2§l§o[TenorClef] §rT2 [HIST] 0:28.1 WHY iron: smelt 10 in one furnace
[03:03:07] [main/INFO] (Minecraft) [CHAT] §2§l§o[TenorClef] §rT2 [HIST] 0:28.1 PHASE BOOTSTRAP -> IRON
[03:03:07] [main/INFO] (Minecraft) [CHAT] §2§l§o[TenorClef] §rT2 [HIST] 0:28.1 CHILD CraftInTableTask -> CollectIronIngotTask ph=IRON @114,69,-259 sky=12 wet=false ground=true pick=0 buck=0 iron=0 ore=0 rods=0 pearls=0 eyes=0
[03:03:07] [main/INFO] (Minecraft) [STDOUT]: ALTO CLEF: WARNING: T2 [E109] mine/collect with no pick child=CollectIronIngotTask
[03:03:07] [main/INFO] (Minecraft) [CHAT] §2§l§o[TenorClef] §cT2 [E109] mine/collect with no pick child=CollectIronIngotTask§r
[03:03:07] [main/INFO] (Minecraft) [CHAT] §2§l§o[TenorClef] §rT2 [HIST] 0:28.3 [E109] mine/collect with no pick child=CollectIronIngotTask
[03:03:08] [main/INFO] (Minecraft) [CHAT] §2§l§o[TenorClef] §rT2 [NOW] t=0:28.8 ph=IRON @114,69,-259 do=<Collecting 10 iron.: [[iron_ingot] x 10]>  eq=oak_planks woodpick=0 stonepick=0 pick=0 iron=0 buck=0
[03:03:08] [main/INFO] (Minecraft) [CHAT] §2§l§o[TenorClef] §rTESRUN2 split BOOTSTRAP  0:29.1
[03:03:08] [main/INFO] (Minecraft) [CHAT] §2§l§o[TenorClef] §rT2 [HIST] 0:29.1 PHASE IRON -> BOOTSTRAP
[03:03:08] [main/INFO] (Minecraft) [CHAT] §2§l§o[TenorClef] §rT2 [HIST] 0:29.1 CHILD CollectIronIngotTask -> CraftInTableTask ph=BOOTSTRAP @114,69,-259 sky=12 wet=false ground=true pick=0 buck=0 iron=0 ore=0 rods=0 pearls=0 eyes=0
[03:03:08] [main/INFO] (Minecraft) [STDOUT]: ALTO CLEF: WARNING: T2 [E112] ph IRON->BOOTSTRAP in 990ms
[03:03:08] [main/INFO] (Minecraft) [CHAT] §2§l§o[TenorClef] §cT2 [E112] ph IRON->BOOTSTRAP in 990ms§r
[03:03:08] [main/INFO] (Minecraft) [CHAT] §2§l§o[TenorClef] §rT2 [HIST] 0:29.1 [E112] ph IRON->BOOTSTRAP in 990ms
[03:03:09] [main/INFO] (Minecraft) [CHAT] §2§l§o[TenorClef] §rT2 [HIST] 0:29.4 WHY bootstrap: table exists — wooden pick, not more logs
[03:03:09] [main/INFO] (Minecraft) [CHAT] §2§l§o[TenorClef] §rT2 [NOW] t=0:29.8 ph=BOOTSTRAP @114,69,-259 do=<Doing stuff in crafting_table container: [[wooden_pickaxe]]> Picking up eq=oak_planks woodpick=0 stonepick=0 pick=0 iron=0 buck=0
[03:03:09] [main/INFO] (Minecraft) [CHAT] §2§l§o[TenorClef] §rT2 [HIST] 0:29.8 SNAP ph=BOOTSTRAP @114,69,-259 sky=12 wet=false ground=true pick=0 buck=0 iron=0 ore=0 rods=0 pearls=0 eyes=0 child=CraftInTableTask dbg=<Doing stuff in crafting_table container: [[wooden_pickaxe]]> Picking up mobs=none
[03:03:09] [main/INFO] (Minecraft) [CHAT] §2§l§o[TenorClef] §rTESRUN2 split IRON  0:30.3
[03:03:09] [main/INFO] (Minecraft) [STDOUT]: ALTO CLEF: WARNING: T2 [S146] iron target locked want=10 at ingot=0 ore=0 metal=0
[03:03:09] [main/INFO] (Minecraft) [CHAT] §2§l§o[TenorClef] §cT2 [S146] iron target locked want=10 at ingot=0 ore=0 metal=0§r
[03:03:09] [main/INFO] (Minecraft) [CHAT] §2§l§o[TenorClef] §rT2 [HIST] 0:30.3 PHASE BOOTSTRAP -> IRON
[03:03:09] [main/INFO] (Minecraft) [CHAT] §2§l§o[TenorClef] §rT2 [HIST] 0:30.3 CHILD CraftInTableTask -> CollectIronIngotTask ph=IRON @114,69,-259 sky=12 wet=false ground=true pick=0 buck=0 iron=0 ore=0 rods=0 pearls=0 eyes=0
[03:03:10] [main/INFO] (Minecraft) [CHAT] §2§l§o[TenorClef] §rT2 [HIST] 0:30.3 [E112] ph BOOTSTRAP->IRON in 1205ms
[03:03:10] [main/INFO] (Minecraft) [CHAT] §2§l§o[TenorClef] §rT2 [NOW] t=0:30.8 ph=IRON @114,69,-259 do=<Collecting 10 iron.: [[iron_ingot] x 10]>  eq=birch_planks woodpick=1 stonepick=0 pick=0 iron=0 buck=0
[03:03:11] [main/INFO] (Minecraft) [STDOUT]: ALTO CLEF: WARNING: T2 [S194] dig-down in progress y=68 child=CollectIronIngotTask - pillar/jump nudges stand aside
[03:03:11] [main/INFO] (Minecraft) [CHAT] §2§l§o[TenorClef] §cT2 [S194] dig-down in progress y=68 child=CollectIronIngotTask - pillar/jump nudges stand aside§r
[03:03:11] [main/INFO] (Minecraft) [CHAT] §2§l§o[TenorClef] §rT2 [HIST] 0:31.6 SOLVE S194 dig-down in progress y=68 child=CollectIronIngotTask - pillar/jump nudges stand aside
[03:03:11] [main/INFO] (Minecraft) [CHAT] §2§l§o[TenorClef] §rT2 [NOW] t=0:31.8 ph=IRON @114,68,-259 do=<Collecting 10 iron.: [[iron_ingot] x 10]>  eq=birch_planks woodpick=1 stonepick=0 pick=0 iron=0 buck=0
[03:03:11] [main/INFO] (Minecraft) [CHAT] §2§l§o[TenorClef] §rT2 [HIST] 0:32.1 WHY iron: smelt 10 in one furnace
[03:03:12] [main/INFO] (Minecraft) [CHAT] §2§l§o[TenorClef] §rT2 [HIST] 0:32.3 SNAP ph=IRON @114,68,-259 sky=11 wet=false ground=true pick=0 buck=0 iron=0 ore=0 rods=0 pearls=0 eyes=0 child=CollectIronIngotTask dbg=<Collecting 10 iron.: [[iron_ingot] x 10]>  mobs=none
[03:03:12] [main/INFO] (Minecraft) [CHAT] §2§l§o[TenorClef] §rT2 [NOW] t=0:32.8 ph=IRON @114,67,-259 do=<Collecting 10 iron.: [[iron_ingot] x 10]>  eq=wooden_pickaxe woodpick=1 stonepick=0 pick=0 iron=0 buck=0
[03:03:13] [main/INFO] (Minecraft) [CHAT] §2§l§o[TenorClef] §rT2 [NOW] t=0:33.8 ph=IRON @114,67,-259 do=<Collecting 10 iron.: [[iron_ingot] x 10]>  eq=wooden_pickaxe woodpick=1 stonepick=0 pick=0 iron=0 buck=0
[03:03:14] [main/INFO] (Minecraft) [STDOUT]: ALTO CLEF: WARNING: T2 [E100] jumps=6 @114,66,-259 ph=IRON child=CollectIronIngotTask
[03:03:14] [main/INFO] (Minecraft) [CHAT] §2§l§o[TenorClef] §cT2 [E100] jumps=6 @114,66,-259 ph=IRON child=CollectIronIngotTask§r
[03:03:14] [main/INFO] (Minecraft) [CHAT] §2§l§o[TenorClef] §rT2 [HIST] 0:34.5 [E100] jumps=6 @114,66,-259 ph=IRON child=CollectIronIngotTask
[03:03:14] [Server thread/INFO] (Minecraft) Player433 has made the advancement [Stone Age]
[03:03:14] [main/INFO] (Minecraft) [CHAT] Player433 has made the advancement [Stone Age]
[03:03:14] [main/INFO] (Minecraft) Loaded 54 advancements
[03:03:14] [main/INFO] (Minecraft) [CHAT] §2§l§o[TenorClef] §rT2 [NOW] t=0:34.8 ph=IRON @114,66,-259 do=<Collecting 10 iron.: [[iron_ingot] x 10]>  eq=wooden_pickaxe woodpick=1 stonepick=0 pick=0 iron=0 buck=0
[03:03:14] [main/INFO] (Minecraft) [CHAT] §2§l§o[TenorClef] §rT2 [HIST] 0:34.8 SNAP ph=IRON @114,66,-259 sky=9 wet=false ground=true pick=0 buck=0 iron=0 ore=0 rods=0 pearls=0 eyes=0 child=CollectIronIngotTask dbg=<Collecting 10 iron.: [[iron_ingot] x 10]>  mobs=none
[03:03:14] [main/INFO] (Minecraft) [CHAT] §2§l§o[TenorClef] §rT2 [HB] t=0:35.3 ph=IRON y=66 child=CollectIronIngotTask logs=3 pick=0 woodpick=1
[03:03:15] [main/INFO] (Minecraft) [CHAT] §2§l§o[TenorClef] §rT2 [NOW] t=0:35.8 ph=IRON @114,66,-259 do=<Collecting 10 iron.: [[iron_ingot] x 10]>  eq=wooden_pickaxe woodpick=1 stonepick=0 pick=0 iron=0 buck=0
[03:03:15] [main/INFO] (Minecraft) [CHAT] §2§l§o[TenorClef] §rT2 [HIST] 0:36.1 WHY iron: smelt 10 in one furnace
[03:03:15] [main/INFO] (Minecraft) [STDOUT]: ALTO CLEF: WARNING: T2 [E70] iron stall 6s @114,-259 — clear blacklist + re-pick ore
[03:03:15] [main/INFO] (Minecraft) [CHAT] §2§l§o[TenorClef] §cT2 [E70] iron stall 6s @114,-259 — clear blacklist + re-pick ore§r
[03:03:16] [main/INFO] (Minecraft) [CHAT] §2§l§o[TenorClef] §rT2 [NOW] t=0:36.8 ph=IRON @114,65,-259 do=<Collecting 10 iron.: [[iron_ingot] x 10]>  eq=wooden_pickaxe woodpick=1 stonepick=0 pick=0 iron=0 buck=0
[03:03:17] [main/INFO] (Minecraft) [CHAT] §2§l§o[TenorClef] §rT2 [HIST] 0:37.3 SNAP ph=IRON @114,65,-259 sky=8 wet=false ground=true pick=0 buck=0 iron=0 ore=0 rods=0 pearls=0 eyes=0 child=CollectIronIngotTask dbg=<Collecting 10 iron.: [[iron_ingot] x 10]>  mobs=none
[03:03:17] [main/INFO] (Minecraft) [CHAT] §2§l§o[TenorClef] §rT2 [NOW] t=0:37.8 ph=IRON @114,65,-259 do=<Collecting 10 iron.: [[iron_ingot] x 10]>  eq=wooden_pickaxe woodpick=1 stonepick=0 pick=0 iron=0 buck=0
[03:03:18] [main/INFO] (Minecraft) [CHAT] §2§l§o[TenorClef] §rT2 [NOW] t=0:38.8 ph=IRON @114,66,-259 do=<Collecting 10 iron.: [[iron_ingot] x 10]>  eq=dirt woodpick=1 stonepick=0 pick=0 iron=0 buck=0
[03:03:18] [main/INFO] (Minecraft) [STDOUT]: ALTO CLEF: WARNING: T2 [S130] START trigger=flips=10 ph=IRON prev=CollectIronIngotTask cycle=1 pos=114,66,-259 walls=4/4/3 sky=9 place=10 boxed=true hold=false cool=0 ban=0 startY=66 step=0
[03:03:18] [main/INFO] (Minecraft) [CHAT] §2§l§o[TenorClef] §cT2 [S130] START trigger=flips=10 ph=IRON prev=CollectIronIngotTask cycle=1 pos=114,66,-259 walls=4/4/3 sky=9 place=10 boxed=true hold=false cool=0 ban=0 startY=66 step=0§r
[03:03:18] [main/INFO] (Minecraft) [CHAT] §2§l§o[TenorClef] §rT2 [HIST] 0:39.1 FORCE S130 START trigger=flips=10 ph=IRON prev=CollectIronIngotTask cycle=1 pos=114,66,-259 walls=4/4/3 sky=9 place=10 boxed=true hold=false cool=0 ban=0 startY=66 step=0
[03:03:18] [main/INFO] (Minecraft) [CHAT] §2§l§o[TenorClef] §rT2 [HIST] 0:39.1 PILLAR START flips=10 prev=CollectIronIngotTask
[03:03:18] [main/INFO] (Minecraft) [CHAT] §2§l§o[TenorClef] §rT2 [HIST] 0:39.1 SOLVE S130 pillar-out @114,66,-259 ph=IRON flips=10
[03:03:18] [main/INFO] (Minecraft) [CHAT] §2§l§o[TenorClef] §rT2 [HIST] 0:39.1 CHILD CollectIronIngotTask -> HolePillarTask ph=IRON @114,66,-259 sky=9 wet=false ground=true pick=0 buck=0 iron=0 ore=0 rods=0 pearls=0 eyes=0
[03:03:18] [main/INFO] (Minecraft) [STDOUT]: ALTO CLEF: WARNING: T2 [S130] tick y=66 slot=0 air=false pos=114,66,-259 walls=4/4/3 sky=9 place=10 boxed=true hold=true cool=0 ban=0 startY=66 step=1
[03:03:18] [main/INFO] (Minecraft) [CHAT] §2§l§o[TenorClef] §cT2 [S130] tick y=66 slot=0 air=false pos=114,66,-259 walls=4/4/3 sky=9 place=10 boxed=true hold=true cool=0 ban=0 startY=66 step=1§r
[03:03:18] [main/INFO] (Minecraft) [CHAT] §2§l§o[TenorClef] §rT2 [HIST] 0:39.1 FORCE S130 tick y=66 slot=0 air=false pos=114,66,-259 walls=4/4/3 sky=9 place=10 boxed=true hold=true cool=0 ban=0 startY=66 step=1
[03:03:19] [main/INFO] (Minecraft) [STDOUT]: ALTO CLEF: WARNING: T2 [E100] jumps=6 @114,67,-259 ph=IRON child=HolePillarTask
[03:03:19] [main/INFO] (Minecraft) [CHAT] §2§l§o[TenorClef] §cT2 [E100] jumps=6 @114,67,-259 ph=IRON child=HolePillarTask§r
[03:03:19] [main/INFO] (Minecraft) [CHAT] §2§l§o[TenorClef] §rT2 [HIST] 0:39.6 [E100] jumps=6 @114,67,-259 ph=IRON child=HolePillarTask
[03:03:19] [main/INFO] (Minecraft) [STDOUT]: ALTO CLEF: WARNING: T2 [S180] marginal escape +2y free at y=68 startY=66 pos=114,68,-259 walls=2/0/4 sky=11 place=9 boxed=false hold=true cool=0 ban=0 startY=66 step=13
[03:03:19] [main/INFO] (Minecraft) [CHAT] §2§l§o[TenorClef] §cT2 [S180] marginal escape +2y free at y=68 startY=66 pos=114,68,-259 walls=2/0/4 sky=11 place=9 boxed=false hold=true cool=0 ban=0 startY=66 step=13§r
[03:03:19] [main/INFO] (Minecraft) [CHAT] §2§l§o[TenorClef] §rT2 [HIST] 0:39.8 FORCE S180 marginal escape +2y free at y=68 startY=66 pos=114,68,-259 walls=2/0/4 sky=11 place=9 boxed=false hold=true cool=0 ban=0 startY=66 step=13
[03:03:19] [main/INFO] (Minecraft) [STDOUT]: ALTO CLEF: WARNING: T2 [S139] rise pending +2y t=1 y=68 startY=66
[03:03:19] [main/INFO] (Minecraft) [CHAT] §2§l§o[TenorClef] §cT2 [S139] rise pending +2y t=1 y=68 startY=66§r
[03:03:19] [main/INFO] (Minecraft) [CHAT] §2§l§o[TenorClef] §rT2 [HIST] 0:39.8 FORCE S139 rise pending +2y t=1 y=68 startY=66
[03:03:19] [main/INFO] (Minecraft) [CHAT] §2§l§o[TenorClef] §rT2 [NOW] t=0:39.8 ph=IRON @114,68,-259 do=<T2 pillar-out>  eq=birch_planks woodpick=1 stonepick=0 pick=0 iron=0 buck=0
[03:03:19] [main/INFO] (Minecraft) [STDOUT]: ALTO CLEF: WARNING: T2 [S130] tick y=68 slot=1 air=false pos=114,68,-259 walls=2/0/4 sky=11 place=8 boxed=false hold=true cool=0 ban=0 startY=66 step=21
[03:03:19] [main/INFO] (Minecraft) [CHAT] §2§l§o[TenorClef] §cT2 [S130] tick y=68 slot=1 air=false pos=114,68,-259 walls=2/0/4 sky=11 place=8 boxed=false hold=true cool=0 ban=0 startY=66 step=21§r
[03:03:19] [main/INFO] (Minecraft) [CHAT] §2§l§o[TenorClef] §rT2 [HIST] 0:40.1 FORCE S130 tick y=68 slot=1 air=false pos=114,68,-259 walls=2/0/4 sky=11 place=8 boxed=false hold=true cool=0 ban=0 startY=66 step=21
[03:03:19] [main/INFO] (Minecraft) [STDOUT]: ALTO CLEF: WARNING: T2 [S180] marginal escape +3y free at y=69 startY=66 pos=114,69,-259 walls=0/0/2 sky=12 place=8 boxed=false hold=true cool=0 ban=0 startY=66 step=23
[03:03:19] [main/INFO] (Minecraft) [CHAT] §2§l§o[TenorClef] §cT2 [S180] marginal escape +3y free at y=69 startY=66 pos=114,69,-259 walls=0/0/2 sky=12 place=8 boxed=false hold=true cool=0 ban=0 startY=66 step=23§r
[03:03:19] [main/INFO] (Minecraft) [CHAT] §2§l§o[TenorClef] §rT2 [HIST] 0:40.3 FORCE S180 marginal escape +3y free at y=69 startY=66 pos=114,69,-259 walls=0/0/2 sky=12 place=8 boxed=false hold=true cool=0 ban=0 startY=66 step=23
[03:03:19] [main/INFO] (Minecraft) [STDOUT]: ALTO CLEF: WARNING: T2 [S139] rise pending +3y t=1 y=69 startY=66
[03:03:19] [main/INFO] (Minecraft) [CHAT] §2§l§o[TenorClef] §cT2 [S139] rise pending +3y t=1 y=69 startY=66§r
[03:03:19] [main/INFO] (Minecraft) [CHAT] §2§l§o[TenorClef] §rT2 [HIST] 0:40.3 FORCE S139 rise pending +3y t=1 y=69 startY=66
[03:03:20] [main/INFO] (Minecraft) [CHAT] §2§l§o[TenorClef] §rT2 [HIST] 0:40.5 SNAP ph=IRON @114,69,-259 sky=12 wet=false ground=false pick=0 buck=0 iron=0 ore=0 rods=0 pearls=0 eyes=0 child=HolePillarTask dbg=<T2 pillar-out>  mobs=none
[03:03:20] [main/INFO] (Minecraft) [STDOUT]: ALTO CLEF: WARNING: T2 [S139] rise confirmed +4y y=70 startY=66 pos=114,70,-259 walls=0/0/0 sky=12 place=7 boxed=false hold=true cool=0 ban=0 startY=66 step=33
[03:03:20] [main/INFO] (Minecraft) [CHAT] §2§l§o[TenorClef] §cT2 [S139] rise confirmed +4y y=70 startY=66 pos=114,70,-259 walls=0/0/0 sky=12 place=7 boxed=false hold=true cool=0 ban=0 startY=66 step=33§r
[03:03:20] [main/INFO] (Minecraft) [CHAT] §2§l§o[TenorClef] §rT2 [HIST] 0:40.8 FORCE S139 rise confirmed +4y y=70 startY=66 pos=114,70,-259 walls=0/0/0 sky=12 place=7 boxed=false hold=true cool=0 ban=0 startY=66 step=33
[03:03:20] [main/INFO] (Minecraft) [STDOUT]: ALTO CLEF: WARNING: T2 [S133] cool arm ticks=80 reason=risen y=70 startY=66 ban=114,70,-259 pos=114,70,-259 walls=0/0/0 sky=12 place=7 boxed=false hold=true cool=80 ban=80 startY=66 step=33
[03:03:20] [main/INFO] (Minecraft) [CHAT] §2§l§o[TenorClef] §cT2 [S133] cool arm ticks=80 reason=risen y=70 startY=66 ban=114,70,-259 pos=114,70,-259 walls=0/0/0 sky=12 place=7 boxed=false hold=true cool=80 ban=80 startY=66 step=33§r
[03:03:20] [main/INFO] (Minecraft) [CHAT] §2§l§o[TenorClef] §rT2 [HIST] 0:40.8 FORCE S133 cool arm ticks=80 reason=risen y=70 startY=66 ban=114,70,-259 pos=114,70,-259 walls=0/0/0 sky=12 place=7 boxed=false hold=true cool=80 ban=80 startY=66 step=33
[03:03:20] [main/INFO] (Minecraft) [STDOUT]: ALTO CLEF: WARNING: T2 [S136] END reason=risen y=70 startY=66 roseReal=true giveUp=true pos=114,70,-259 walls=0/0/0 sky=12 place=7 boxed=false hold=true cool=80 ban=80 startY=66 step=33
[03:03:20] [main/INFO] (Minecraft) [CHAT] §2§l§o[TenorClef] §cT2 [S136] END reason=risen y=70 startY=66 roseReal=true giveUp=true pos=114,70,-259 walls=0/0/0 sky=12 place=7 boxed=false hold=true cool=80 ban=80 startY=66 step=33§r
[03:03:20] [main/INFO] (Minecraft) [CHAT] §2§l§o[TenorClef] §rT2 [HIST] 0:40.8 FORCE S136 END reason=risen y=70 startY=66 roseReal=true giveUp=true pos=114,70,-259 walls=0/0/0 sky=12 place=7 boxed=false hold=true cool=80 ban=80 startY=66 step=33
[03:03:20] [main/INFO] (Minecraft) [CHAT] §2§l§o[TenorClef] §rT2 [HIST] 0:40.8 PILLAR END risen y=70 startY=66
[03:03:20] [main/INFO] (Minecraft) [CHAT] §2§l§o[TenorClef] §rT2 [NOW] t=0:40.8 ph=IRON @114,70,-259 do=<T2 pillar-out>  eq=birch_log woodpick=1 stonepick=0 pick=0 iron=0 buck=0
[03:03:20] [main/INFO] (Minecraft) [CHAT] §2§l§o[TenorClef] §rT2 [HIST] 0:40.8 WHY iron: smelt 10 in one furnace
[03:03:20] [main/INFO] (Minecraft) [STDOUT]: ALTO CLEF: WARNING: T2 [S136] stick drop pillar -> CollectIronIngotTask finished=true hold=false cool=79 end=risen y=70 startY=66 pos=114,70,-259 walls=0/0/0 sky=12 place=7 boxed=false hold=false cool=79 ban=79 startY=- step=0
[03:03:20] [main/INFO] (Minecraft) [CHAT] §2§l§o[TenorClef] §cT2 [S136] stick drop pillar -> CollectIronIngotTask finished=true hold=false cool=79 end=risen y=70 startY=66 pos=114,70,-259 walls=0/0/0 sky=12 place=7 boxed=false hold=false cool=79 ban=79 startY=- step=0§r
[03:03:20] [main/INFO] (Minecraft) [CHAT] §2§l§o[TenorClef] §rT2 [HIST] 0:40.8 FORCE S136 stick drop pillar -> CollectIronIngotTask finished=true hold=false cool=79 end=risen y=70 startY=66 pos=114,70,-259 walls=0/0/0 sky=12 place=7 boxed=false hold=false cool=79 ban=79 startY=- step=0
[03:03:20] [main/INFO] (Minecraft) [CHAT] §2§l§o[TenorClef] §rT2 [HIST] 0:40.8 CHILD HolePillarTask -> CollectIronIngotTask ph=IRON @114,70,-259 sky=12 wet=false ground=false pick=0 buck=0 iron=0 ore=0 rods=0 pearls=0 eyes=0
[03:03:20] [main/INFO] (Minecraft) [STDOUT]: ALTO CLEF: WARNING: T2 [S136] onStop interrupt=CollectIronIngotTask finishWhy=givingUp cool=79 lastEnd=risen y=70 startY=66 pos=114,70,-259 walls=0/0/0 sky=12 place=7 boxed=false hold=false cool=79 ban=79 startY=- step=0
[03:03:20] [main/INFO] (Minecraft) [CHAT] §2§l§o[TenorClef] §cT2 [S136] onStop interrupt=CollectIronIngotTask finishWhy=givingUp cool=79 lastEnd=risen y=70 startY=66 pos=114,70,-259 walls=0/0/0 sky=12 place=7 boxed=false hold=false cool=79 ban=79 startY=- step=0§r
[03:03:20] [main/INFO] (Minecraft) [CHAT] §2§l§o[TenorClef] §rT2 [HIST] 0:40.8 FORCE S136 onStop interrupt=CollectIronIngotTask finishWhy=givingUp cool=79 lastEnd=risen y=70 startY=66 pos=114,70,-259 walls=0/0/0 sky=12 place=7 boxed=false hold=false cool=79 ban=79 startY=- step=0
[03:03:20] [main/INFO] (Minecraft) [STDOUT]: ALTO CLEF: WARNING: T2 [S194] dig-down in progress y=69 child=CollectIronIngotTask - pillar/jump nudges stand aside
[03:03:20] [main/INFO] (Minecraft) [CHAT] §2§l§o[TenorClef] §cT2 [S194] dig-down in progress y=69 child=CollectIronIngotTask - pillar/jump nudges stand aside§r
[03:03:20] [main/INFO] (Minecraft) [CHAT] §2§l§o[TenorClef] §rT2 [HIST] 0:41.0 SOLVE S194 dig-down in progress y=69 child=CollectIronIngotTask - pillar/jump nudges stand aside
[03:03:20] [main/INFO] (Minecraft) [CHAT] §2§l§o[TenorClef] §rT2 [HIST] 0:41.2 [E100] jumps=6 @114,69,-259 ph=IRON child=CollectIronIngotTask
[03:03:20] [Server thread/INFO] (Minecraft) Player433 has made the advancement [Getting an Upgrade]
[03:03:20] [main/INFO] (Minecraft) [CHAT] Player433 has made the advancement [Getting an Upgrade]
[03:03:20] [main/INFO] (Minecraft) Loaded 58 advancements
[03:03:20] [main/INFO] (Minecraft) [CHAT] §2§l§o[TenorClef] §rMineAndCollect: equip item.minecraft.stone_pickaxe for block.minecraft.iron_ore
[03:03:21] [main/INFO] (Minecraft) [STDOUT]: ALTO CLEF: WARNING: T2 [S138] shaft ban clear left-xz ban=114,70,-259 now=113,69,-260 manh=2 dy=1 left=63
[03:03:21] [main/INFO] (Minecraft) [CHAT] §2§l§o[TenorClef] §cT2 [S138] shaft ban clear left-xz ban=114,70,-259 now=113,69,-260 manh=2 dy=1 left=63§r
[03:03:21] [main/INFO] (Minecraft) [CHAT] §2§l§o[TenorClef] §rT2 [HIST] 0:41.7 FORCE S138 shaft ban clear left-xz ban=114,70,-259 now=113,69,-260 manh=2 dy=1 left=63
[03:03:21] [main/INFO] (Minecraft) [CHAT] §2§l§o[TenorClef] §rT2 [NOW] t=0:41.8 ph=IRON @113,69,-260 do=<Collecting 10 iron.: [[iron_ingot] x 10]>  eq=stone_pickaxe woodpick=1 stonepick=1 pick=0 iron=0 buck=0
[03:03:21] [main/INFO] (Minecraft) [CHAT] §2§l§o[TenorClef] §rMineAndCollect: equip item.minecraft.stone_pickaxe for block.minecraft.iron_ore
[03:03:21] [main/INFO] (Minecraft) [CHAT] §2§l§o[TenorClef] §rMineAndCollect: equip item.minecraft.stone_pickaxe for block.minecraft.iron_ore
[03:03:21] [main/INFO] (Minecraft) [CHAT] §2§l§o[TenorClef] §rMineAndCollect: equip item.minecraft.stone_pickaxe for block.minecraft.iron_ore
[03:03:21] [main/INFO] (Minecraft) [STDOUT]: ALTO CLEF: WARNING: T2 [S109] equip pick for mining (was holding empty)
[03:03:21] [main/INFO] (Minecraft) [CHAT] §2§l§o[TenorClef] §cT2 [S109] equip pick for mining (was holding empty)§r
[03:03:21] [main/INFO] (Minecraft) [CHAT] §2§l§o[TenorClef] §rT2 [HIST] 0:42.2 SOLVE S109 equip pick for mining (was holding empty)
[03:03:21] [main/INFO] (Minecraft) [CHAT] §2§l§o[TenorClef] §rMineAndCollect: equip item.minecraft.stone_pickaxe for block.minecraft.iron_ore
[03:03:22] [main/INFO] (Minecraft) [CHAT] §2§l§o[TenorClef] §rMineAndCollect: equip item.minecraft.stone_pickaxe for block.minecraft.iron_ore
[03:03:22] [main/INFO] (Minecraft) [CHAT] §2§l§o[TenorClef] §rMineAndCollect: equip item.minecraft.stone_pickaxe for block.minecraft.iron_ore
[03:03:22] [main/INFO] (Minecraft) [CHAT] §2§l§o[TenorClef] §rMineAndCollect: equip item.minecraft.stone_pickaxe for block.minecraft.iron_ore
[03:03:22] [main/INFO] (Minecraft) [CHAT] §2§l§o[TenorClef] §rMineAndCollect: equip item.minecraft.stone_pickaxe for block.minecraft.iron_ore
[03:03:22] [main/INFO] (Minecraft) [CHAT] §2§l§o[TenorClef] §rMineAndCollect: equip item.minecraft.stone_pickaxe for block.minecraft.iron_ore
[03:03:22] [main/INFO] (Minecraft) [CHAT] §2§l§o[TenorClef] §rT2 [NOW] t=0:42.8 ph=IRON @112,69,-260 do=<Collecting 10 iron.: [[iron_ingot] x 10]>  eq=air woodpick=1 stonepick=1 pick=0 iron=0 buck=0
[03:03:22] [main/INFO] (Minecraft) [CHAT] §2§l§o[TenorClef] §rMineAndCollect: equip item.minecraft.stone_pickaxe for block.minecraft.iron_ore
[03:03:22] [main/INFO] (Minecraft) [CHAT] §2§l§o[TenorClef] §rMineAndCollect: equip item.minecraft.stone_pickaxe for block.minecraft.iron_ore
[03:03:22] [main/INFO] (Minecraft) [CHAT] §2§l§o[TenorClef] §rMineAndCollect: equip item.minecraft.stone_pickaxe for block.minecraft.iron_ore
[03:03:22] [main/INFO] (Minecraft) [CHAT] §2§l§o[TenorClef] §rT2 [HIST] 0:43.2 SNAP ph=IRON @111,69,-260 sky=12 wet=false ground=true pick=0 buck=0 iron=0 ore=0 rods=0 pearls=0 eyes=0 child=CollectIronIngotTask dbg=<Collecting 10 iron.: [[iron_ingot] x 10]>  mobs=none
[03:03:23] [main/INFO] (Minecraft) [CHAT] §2§l§o[TenorClef] §rMineAndCollect: equip item.minecraft.stone_pickaxe for block.minecraft.iron_ore
[03:03:23] [main/INFO] (Minecraft) [CHAT] §2§l§o[TenorClef] §rMineAndCollect: equip item.minecraft.stone_pickaxe for block.minecraft.iron_ore
[03:03:23] [main/INFO] (Minecraft) [CHAT] §2§l§o[TenorClef] §rMineAndCollect: equip item.minecraft.stone_pickaxe for block.minecraft.iron_ore
[03:03:23] [main/INFO] (Minecraft) [CHAT] §2§l§o[TenorClef] §rMineAndCollect: equip item.minecraft.stone_pickaxe for block.minecraft.iron_ore
[03:03:23] [main/INFO] (Minecraft) [CHAT] §2§l§o[TenorClef] §rT2 [NOW] t=0:43.8 ph=IRON @111,68,-260 do=<Collecting 10 iron.: [[iron_ingot] x 10]>  eq=air woodpick=1 stonepick=1 pick=0 iron=0 buck=0
[03:03:23] [main/INFO] (Minecraft) [CHAT] §2§l§o[TenorClef] §rMineAndCollect: equip item.minecraft.stone_pickaxe for block.minecraft.iron_ore
[03:03:23] [main/INFO] (Minecraft) [CHAT] §2§l§o[TenorClef] §rMineAndCollect: equip item.minecraft.stone_pickaxe for block.minecraft.iron_ore
[03:03:23] [main/INFO] (Minecraft) [CHAT] §2§l§o[TenorClef] §rMineAndCollect: equip item.minecraft.stone_pickaxe for block.minecraft.iron_ore
[03:03:23] [main/INFO] (Minecraft) [CHAT] §2§l§o[TenorClef] §rMineAndCollect: equip item.minecraft.stone_pickaxe for block.minecraft.iron_ore
[03:03:23] [main/INFO] (Minecraft) [CHAT] §2§l§o[TenorClef] §rMineAndCollect: equip item.minecraft.stone_pickaxe for block.minecraft.iron_ore
[03:03:24] [main/INFO] (Minecraft) [CHAT] §2§l§o[TenorClef] §rMineAndCollect: equip item.minecraft.stone_pickaxe for block.minecraft.iron_ore
[03:03:24] [main/INFO] (Minecraft) [CHAT] §2§l§o[TenorClef] §rMineAndCollect: equip item.minecraft.stone_pickaxe for block.minecraft.iron_ore
[03:03:24] [main/INFO] (Minecraft) [CHAT] §2§l§o[TenorClef] §rMineAndCollect: equip item.minecraft.stone_pickaxe for block.minecraft.iron_ore
[03:03:24] [main/INFO] (Minecraft) [STDOUT]: ALTO CLEF: WARNING: T2 [S134] pillar cool expire after flips=10 end=risen y=70 startY=66
[03:03:24] [main/INFO] (Minecraft) [CHAT] §2§l§o[TenorClef] §cT2 [S134] pillar cool expire after flips=10 end=risen y=70 startY=66§r
[03:03:24] [main/INFO] (Minecraft) [CHAT] §2§l§o[TenorClef] §rT2 [HIST] 0:44.8 FORCE S134 pillar cool expire after flips=10 end=risen y=70 startY=66
[03:03:24] [main/INFO] (Minecraft) [CHAT] §2§l§o[TenorClef] §rMineAndCollect: equip item.minecraft.stone_pickaxe for block.minecraft.iron_ore
[03:03:24] [main/INFO] (Minecraft) [CHAT] §2§l§o[TenorClef] §rT2 [NOW] t=0:44.8 ph=IRON @111,67,-260 do=<Collecting 10 iron.: [[iron_ingot] x 10]>  eq=air woodpick=1 stonepick=1 pick=0 iron=0 buck=0
[03:03:24] [main/INFO] (Minecraft) [STDOUT]: ALTO CLEF: WARNING: T2 [S138] shaft ban clear left-xz ban=114,70,-259 now=111,67,-260 manh=4 dy=3 left=60
[03:03:24] [main/INFO] (Minecraft) [CHAT] §2§l§o[TenorClef] §cT2 [S138] shaft ban clear left-xz ban=114,70,-259 now=111,67,-260 manh=4 dy=3 left=60§r
[03:03:24] [main/INFO] (Minecraft) [CHAT] §2§l§o[TenorClef] §rT2 [HIST] 0:44.8 FORCE S138 shaft ban clear left-xz ban=114,70,-259 now=111,67,-260 manh=4 dy=3 left=60
[03:03:24] [main/INFO] (Minecraft) [CHAT] §2§l§o[TenorClef] §rT2 [HIST] 0:44.8 WHY iron: smelt 10 in one furnace
[03:03:25] [main/INFO] (Minecraft) [CHAT] §2§l§o[TenorClef] §rT2 [HIST] 0:45.7 SNAP ph=IRON @111,66,-260 sky=9 wet=false ground=false pick=0 buck=0 iron=0 ore=0 rods=0 pearls=0 eyes=0 child=CollectIronIngotTask dbg=<Collecting 10 iron.: [[iron_ingot] x 10]>  mobs=none
[03:03:25] [main/INFO] (Minecraft) [CHAT] §2§l§o[TenorClef] §rT2 [NOW] t=0:45.8 ph=IRON @111,66,-260 do=<Collecting 10 iron.: [[iron_ingot] x 10]>  eq=air woodpick=1 stonepick=1 pick=0 iron=0 buck=0
[03:03:26] [main/INFO] (Minecraft) [CHAT] §2§l§o[TenorClef] §rT2 [NOW] t=0:46.8 ph=IRON @111,65,-260 do=<Collecting 10 iron.: [[iron_ingot] x 10]>  eq=stone_pickaxe woodpick=1 stonepick=1 pick=0 iron=0 buck=0
[03:03:26] [main/INFO] (Minecraft) [STDOUT]: ALTO CLEF: WARNING: T2 [E100] jumps=8 @111,65,-260 ph=IRON child=CollectIronIngotTask
[03:03:26] [main/INFO] (Minecraft) [CHAT] §2§l§o[TenorClef] §cT2 [E100] jumps=8 @111,65,-260 ph=IRON child=CollectIronIngotTask§r
[03:03:26] [main/INFO] (Minecraft) [CHAT] §2§l§o[TenorClef] §rT2 [HIST] 0:47.2 [E100] jumps=8 @111,65,-260 ph=IRON child=CollectIronIngotTask
[03:03:27] [main/INFO] (Minecraft) [CHAT] §2§l§o[TenorClef] §rT2 [NOW] t=0:47.8 ph=IRON @111,64,-260 do=<Collecting 10 iron.: [[iron_ingot] x 10]>  eq=stone_pickaxe woodpick=1 stonepick=1 pick=0 iron=0 buck=0
[03:03:27] [main/INFO] (Minecraft) [CHAT] §2§l§o[TenorClef] §rT2 [HIST] 0:48.2 SNAP ph=IRON @111,64,-260 sky=7 wet=false ground=true pick=0 buck=0 iron=0 ore=0 rods=0 pearls=0 eyes=0 child=CollectIronIngotTask dbg=<Collecting 10 iron.: [[iron_ingot] x 10]>  mobs=none
[03:03:28] [main/INFO] (Minecraft) [CHAT] §2§l§o[TenorClef] §rT2 [NOW] t=0:48.8 ph=IRON @111,63,-260 do=<Collecting 10 iron.: [[iron_ingot] x 10]>  eq=stone_pickaxe woodpick=1 stonepick=1 pick=0 iron=0 buck=0
[03:03:28] [main/INFO] (Minecraft) [CHAT] §2§l§o[TenorClef] §rT2 [HIST] 0:48.9 WHY iron: smelt 10 in one furnace
[03:03:28] [main/INFO] (Minecraft) [STDOUT]: ALTO CLEF: WARNING: T2 [S201] craft stone sword
[03:03:28] [main/INFO] (Minecraft) [CHAT] §2§l§o[TenorClef] §cT2 [S201] craft stone sword§r
[03:03:28] [main/INFO] (Minecraft) [CHAT] §2§l§o[TenorClef] §rT2 [HIST] 0:49.0 FORCE S201 craft stone sword
[03:03:28] [main/INFO] (Minecraft) [CHAT] §2§l§o[TenorClef] §rT2 [HIST] 0:49.0 CHILD CollectIronIngotTask -> CraftInTableTask ph=IRON @111,63,-260 sky=6 wet=false ground=true pick=0 buck=0 iron=0 ore=0 rods=0 pearls=0 eyes=0
[03:03:28] [main/INFO] (Minecraft) [STDOUT]: ALTO CLEF: WARNING: T2 [S130] START trigger=jump-pit flips=9 ph=IRON prev=CraftInTableTask cycle=1 pos=111,63,-260 walls=4/4/4 sky=6 place=6 boxed=true hold=false cool=0 ban=0 startY=63 step=0
[03:03:28] [main/INFO] (Minecraft) [CHAT] §2§l§o[TenorClef] §cT2 [S130] START trigger=jump-pit flips=9 ph=IRON prev=CraftInTableTask cycle=1 pos=111,63,-260 walls=4/4/4 sky=6 place=6 boxed=true hold=false cool=0 ban=0 startY=63 step=0§r
[03:03:28] [main/INFO] (Minecraft) [CHAT] §2§l§o[TenorClef] §rT2 [HIST] 0:49.1 FORCE S130 START trigger=jump-pit flips=9 ph=IRON prev=CraftInTableTask cycle=1 pos=111,63,-260 walls=4/4/4 sky=6 place=6 boxed=true hold=false cool=0 ban=0 startY=63 step=0
[03:03:28] [main/INFO] (Minecraft) [CHAT] §2§l§o[TenorClef] §rT2 [HIST] 0:49.1 PILLAR START jump-pit flips=9 prev=CraftInTableTask
[03:03:28] [main/INFO] (Minecraft) [CHAT] §2§l§o[TenorClef] §rT2 [HIST] 0:49.1 SOLVE S130 jump-pit pillar @111,63,-260
[03:03:28] [main/INFO] (Minecraft) [CHAT] §2§l§o[TenorClef] §rT2 [HIST] 0:49.1 CHILD CraftInTableTask -> HolePillarTask ph=IRON @111,63,-260 sky=6 wet=false ground=true pick=0 buck=0 iron=0 ore=0 rods=0 pearls=0 eyes=0
[03:03:28] [main/INFO] (Minecraft) [STDOUT]: ALTO CLEF: WARNING: T2 [S130] tick y=63 slot=0 air=false pos=111,63,-260 walls=4/4/4 sky=6 place=6 boxed=true hold=true cool=0 ban=0 startY=63 step=1
[03:03:28] [main/INFO] (Minecraft) [CHAT] §2§l§o[TenorClef] §cT2 [S130] tick y=63 slot=0 air=false pos=111,63,-260 walls=4/4/4 sky=6 place=6 boxed=true hold=true cool=0 ban=0 startY=63 step=1§r
[03:03:28] [main/INFO] (Minecraft) [CHAT] §2§l§o[TenorClef] §rT2 [HIST] 0:49.1 FORCE S130 tick y=63 slot=0 air=false pos=111,63,-260 walls=4/4/4 sky=6 place=6 boxed=true hold=true cool=0 ban=0 startY=63 step=1
[03:03:29] [main/INFO] (Minecraft) [CHAT] §2§l§o[TenorClef] §rT2 [HIST] 0:49.5 [E100] jumps=6 @111,64,-260 ph=IRON child=HolePillarTask
[03:03:29] [main/INFO] (Minecraft) [CHAT] §2§l§o[TenorClef] §rT2 [NOW] t=0:49.8 ph=IRON @111,65,-260 do=<T2 pillar-out>  eq=cobblestone woodpick=1 stonepick=1 pick=0 iron=0 buck=0
[03:03:29] [main/INFO] (Minecraft) [STDOUT]: ALTO CLEF: WARNING: T2 [S130] tick y=65 slot=5 air=false pos=111,65,-260 walls=4/4/4 sky=8 place=4 boxed=true hold=true cool=0 ban=0 startY=63 step=21
[03:03:29] [main/INFO] (Minecraft) [CHAT] §2§l§o[TenorClef] §cT2 [S130] tick y=65 slot=5 air=false pos=111,65,-260 walls=4/4/4 sky=8 place=4 boxed=true hold=true cool=0 ban=0 startY=63 step=21§r
[03:03:29] [main/INFO] (Minecraft) [CHAT] §2§l§o[TenorClef] §rT2 [HIST] 0:50.1 FORCE S130 tick y=65 slot=5 air=false pos=111,65,-260 walls=4/4/4 sky=8 place=4 boxed=true hold=true cool=0 ban=0 startY=63 step=21
[03:03:30] [main/INFO] (Minecraft) [STDOUT]: ALTO CLEF: WARNING: T2 [S139] rise confirmed +4y y=67 startY=63 pos=111,67,-260 walls=4/2/4 sky=10 place=3 boxed=false hold=true cool=0 ban=0 startY=63 step=33
[03:03:30] [main/INFO] (Minecraft) [CHAT] §2§l§o[TenorClef] §cT2 [S139] rise confirmed +4y y=67 startY=63 pos=111,67,-260 walls=4/2/4 sky=10 place=3 boxed=false hold=true cool=0 ban=0 startY=63 step=33§r
[03:03:30] [main/INFO] (Minecraft) [CHAT] §2§l§o[TenorClef] §rT2 [HIST] 0:50.7 FORCE S139 rise confirmed +4y y=67 startY=63 pos=111,67,-260 walls=4/2/4 sky=10 place=3 boxed=false hold=true cool=0 ban=0 startY=63 step=33
[03:03:30] [main/INFO] (Minecraft) [STDOUT]: ALTO CLEF: WARNING: T2 [S133] cool arm ticks=80 reason=risen y=67 startY=63 ban=111,67,-260 pos=111,67,-260 walls=4/2/4 sky=10 place=3 boxed=false hold=true cool=80 ban=80 startY=63 step=33
[03:03:30] [main/INFO] (Minecraft) [CHAT] §2§l§o[TenorClef] §cT2 [S133] cool arm ticks=80 reason=risen y=67 startY=63 ban=111,67,-260 pos=111,67,-260 walls=4/2/4 sky=10 place=3 boxed=false hold=true cool=80 ban=80 startY=63 step=33§r
[03:03:30] [main/INFO] (Minecraft) [CHAT] §2§l§o[TenorClef] §rT2 [HIST] 0:50.7 FORCE S133 cool arm ticks=80 reason=risen y=67 startY=63 ban=111,67,-260 pos=111,67,-260 walls=4/2/4 sky=10 place=3 boxed=false hold=true cool=80 ban=80 startY=63 step=33
[03:03:30] [main/INFO] (Minecraft) [STDOUT]: ALTO CLEF: WARNING: T2 [S136] END reason=risen y=67 startY=63 roseReal=true giveUp=true pos=111,67,-260 walls=4/2/4 sky=10 place=3 boxed=false hold=true cool=80 ban=80 startY=63 step=33
[03:03:30] [main/INFO] (Minecraft) [CHAT] §2§l§o[TenorClef] §cT2 [S136] END reason=risen y=67 startY=63 roseReal=true giveUp=true pos=111,67,-260 walls=4/2/4 sky=10 place=3 boxed=false hold=true cool=80 ban=80 startY=63 step=33§r
[03:03:30] [main/INFO] (Minecraft) [CHAT] §2§l§o[TenorClef] §rT2 [HIST] 0:50.7 FORCE S136 END reason=risen y=67 startY=63 roseReal=true giveUp=true pos=111,67,-260 walls=4/2/4 sky=10 place=3 boxed=false hold=true cool=80 ban=80 startY=63 step=33
[03:03:30] [main/INFO] (Minecraft) [CHAT] §2§l§o[TenorClef] §rT2 [HIST] 0:50.7 PILLAR END risen y=67 startY=63
[03:03:30] [main/INFO] (Minecraft) [STDOUT]: ALTO CLEF: WARNING: T2 [S136] stick drop pillar -> CollectIronIngotTask finished=true hold=false cool=79 end=risen y=67 startY=63 pos=111,67,-260 walls=4/2/4 sky=10 place=3 boxed=false hold=false cool=79 ban=79 startY=- step=0
[03:03:30] [main/INFO] (Minecraft) [CHAT] §2§l§o[TenorClef] §cT2 [S136] stick drop pillar -> CollectIronIngotTask finished=true hold=false cool=79 end=risen y=67 startY=63 pos=111,67,-260 walls=4/2/4 sky=10 place=3 boxed=false hold=false cool=79 ban=79 startY=- step=0§r
[03:03:30] [main/INFO] (Minecraft) [CHAT] §2§l§o[TenorClef] §rT2 [HIST] 0:50.8 FORCE S136 stick drop pillar -> CollectIronIngotTask finished=true hold=false cool=79 end=risen y=67 startY=63 pos=111,67,-260 walls=4/2/4 sky=10 place=3 boxed=false hold=false cool=79 ban=79 startY=- step=0
[03:03:30] [main/INFO] (Minecraft) [CHAT] §2§l§o[TenorClef] §rT2 [HIST] 0:50.8 CHILD HolePillarTask -> CollectIronIngotTask ph=IRON @111,67,-260 sky=10 wet=false ground=false pick=0 buck=0 iron=0 ore=0 rods=0 pearls=0 eyes=0
[03:03:30] [main/INFO] (Minecraft) [STDOUT]: ALTO CLEF: WARNING: T2 [S136] onStop interrupt=CollectIronIngotTask finishWhy=givingUp cool=79 lastEnd=risen y=67 startY=63 pos=111,67,-260 walls=4/2/4 sky=10 place=3 boxed=false hold=false cool=79 ban=79 startY=- step=0
[03:03:30] [main/INFO] (Minecraft) [CHAT] §2§l§o[TenorClef] §cT2 [S136] onStop interrupt=CollectIronIngotTask finishWhy=givingUp cool=79 lastEnd=risen y=67 startY=63 pos=111,67,-260 walls=4/2/4 sky=10 place=3 boxed=false hold=false cool=79 ban=79 startY=- step=0§r
[03:03:30] [main/INFO] (Minecraft) [CHAT] §2§l§o[TenorClef] §rT2 [HIST] 0:50.8 FORCE S136 onStop interrupt=CollectIronIngotTask finishWhy=givingUp cool=79 lastEnd=risen y=67 startY=63 pos=111,67,-260 walls=4/2/4 sky=10 place=3 boxed=false hold=false cool=79 ban=79 startY=- step=0
[03:03:30] [main/INFO] (Minecraft) [CHAT] §2§l§o[TenorClef] §rT2 [NOW] t=0:50.8 ph=IRON @111,67,-260 do=<Collecting 10 iron.: [[iron_ingot] x 10]>  eq=dirt woodpick=1 stonepick=1 pick=0 iron=0 buck=0
[03:03:30] [main/INFO] (Minecraft) [STDOUT]: ALTO CLEF: WARNING: T2 [S194] dig-down in progress y=67 child=CollectIronIngotTask - pillar/jump nudges stand aside
[03:03:30] [main/INFO] (Minecraft) [CHAT] §2§l§o[TenorClef] §cT2 [S194] dig-down in progress y=67 child=CollectIronIngotTask - pillar/jump nudges stand aside§r
[03:03:30] [main/INFO] (Minecraft) [CHAT] §2§l§o[TenorClef] §rT2 [HIST] 0:50.8 SOLVE S194 dig-down in progress y=67 child=CollectIronIngotTask - pillar/jump nudges stand aside
[03:03:30] [main/INFO] (Minecraft) [CHAT] §2§l§o[TenorClef] §rMineAndCollect: equip item.minecraft.stone_pickaxe for block.minecraft.iron_ore
[03:03:30] [main/INFO] (Minecraft) [CHAT] §2§l§o[TenorClef] §rMineAndCollect: equip item.minecraft.stone_pickaxe for block.minecraft.iron_ore
[03:03:30] [main/INFO] (Minecraft) [CHAT] §2§l§o[TenorClef] §rMineAndCollect: equip item.minecraft.stone_pickaxe for block.minecraft.iron_ore
[03:03:30] [main/INFO] (Minecraft) [STDOUT]: ALTO CLEF: WARNING: T2 [S109] equip pick for mining (was holding empty)
[03:03:30] [main/INFO] (Minecraft) [CHAT] §2§l§o[TenorClef] §cT2 [S109] equip pick for mining (was holding empty)§r
[03:03:30] [main/INFO] (Minecraft) [CHAT] §2§l§o[TenorClef] §rT2 [HIST] 0:51.1 SOLVE S109 equip pick for mining (was holding empty)
[03:03:30] [main/INFO] (Minecraft) [CHAT] §2§l§o[TenorClef] §rMineAndCollect: equip item.minecraft.stone_pickaxe for block.minecraft.iron_ore
[03:03:30] [main/INFO] (Minecraft) [CHAT] §2§l§o[TenorClef] §rT2 [HIST] 0:51.2 [E100] jumps=6 @111,66,-260 ph=IRON child=CollectIronIngotTask
[03:03:30] [main/INFO] (Minecraft) [CHAT] §2§l§o[TenorClef] §rMineAndCollect: equip item.minecraft.stone_pickaxe for block.minecraft.iron_ore
[03:03:30] [main/INFO] (Minecraft) [CHAT] §2§l§o[TenorClef] §rMineAndCollect: equip item.minecraft.stone_pickaxe for block.minecraft.iron_ore
[03:03:31] [main/INFO] (Minecraft) [CHAT] §2§l§o[TenorClef] §rMineAndCollect: equip item.minecraft.stone_pickaxe for block.minecraft.iron_ore
[03:03:31] [main/INFO] (Minecraft) [CHAT] §2§l§o[TenorClef] §rT2 [HIST] 0:51.5 SNAP ph=IRON @111,66,-260 sky=9 wet=false ground=true pick=0 buck=0 iron=0 ore=0 rods=0 pearls=0 eyes=0 child=CollectIronIngotTask dbg=<Collecting 10 iron.: [[iron_ingot] x 10]>  mobs=none
[03:03:31] [main/INFO] (Minecraft) [CHAT] §2§l§o[TenorClef] §rMineAndCollect: equip item.minecraft.stone_pickaxe for block.minecraft.iron_ore
[03:03:31] [main/INFO] (Minecraft) [CHAT] §2§l§o[TenorClef] §rMineAndCollect: equip item.minecraft.stone_pickaxe for block.minecraft.iron_ore
[03:03:31] [main/INFO] (Minecraft) [CHAT] §2§l§o[TenorClef] §rMineAndCollect: equip item.minecraft.stone_pickaxe for block.minecraft.iron_ore
[03:03:31] [main/INFO] (Minecraft) [CHAT] §2§l§o[TenorClef] §rT2 [NOW] t=0:51.8 ph=IRON @111,66,-260 do=<Collecting 10 iron.: [[iron_ingot] x 10]>  eq=air woodpick=1 stonepick=1 pick=0 iron=0 buck=0
[03:03:31] [main/INFO] (Minecraft) [CHAT] §2§l§o[TenorClef] §rMineAndCollect: equip item.minecraft.stone_pickaxe for block.minecraft.iron_ore
[03:03:32] [main/INFO] (Minecraft) [CHAT] §2§l§o[TenorClef] §rT2 [NOW] t=0:52.8 ph=IRON @111,65,-260 do=<Collecting 10 iron.: [[iron_ingot] x 10]>  eq=stone_pickaxe woodpick=1 stonepick=1 pick=0 iron=0 buck=0
[03:03:32] [main/INFO] (Minecraft) [CHAT] §2§l§o[TenorClef] §rT2 [HIST] 0:52.9 WHY iron: smelt 10 in one furnace
[03:03:33] [main/INFO] (Minecraft) [CHAT] §2§l§o[TenorClef] §rT2 [NOW] t=0:53.8 ph=IRON @111,64,-260 do=<Collecting 10 iron.: [[iron_ingot] x 10]>  eq=stone_pickaxe woodpick=1 stonepick=1 pick=0 iron=0 buck=0
[03:03:33] [main/INFO] (Minecraft) [CHAT] §2§l§o[TenorClef] §rT2 [HIST] 0:54.0 SNAP ph=IRON @111,63,-260 sky=6 wet=false ground=false pick=0 buck=0 iron=0 ore=0 rods=0 pearls=0 eyes=0 child=CollectIronIngotTask dbg=<Collecting 10 iron.: [[iron_ingot] x 10]>  mobs=none
[03:03:33] [main/INFO] (Minecraft) [STDOUT]: ALTO CLEF: WARNING: T2 [E100] jumps=6 @111,63,-260 ph=IRON child=CollectIronIngotTask
[03:03:33] [main/INFO] (Minecraft) [CHAT] §2§l§o[TenorClef] §cT2 [E100] jumps=6 @111,63,-260 ph=IRON child=CollectIronIngotTask§r
[03:03:33] [main/INFO] (Minecraft) [CHAT] §2§l§o[TenorClef] §rT2 [HIST] 0:54.2 [E100] jumps=6 @111,63,-260 ph=IRON child=CollectIronIngotTask
[03:03:34] [main/INFO] (Minecraft) [STDOUT]: ALTO CLEF: WARNING: T2 [S201] craft stone sword
[03:03:34] [main/INFO] (Minecraft) [CHAT] §2§l§o[TenorClef] §cT2 [S201] craft stone sword§r
[03:03:34] [main/INFO] (Minecraft) [CHAT] §2§l§o[TenorClef] §rT2 [HIST] 0:54.4 FORCE S201 craft stone sword
[03:03:34] [main/INFO] (Minecraft) [CHAT] §2§l§o[TenorClef] §rT2 [HIST] 0:54.4 CHILD CollectIronIngotTask -> CraftInTableTask ph=IRON @111,63,-260 sky=6 wet=false ground=true pick=0 buck=0 iron=0 ore=0 rods=0 pearls=0 eyes=0
[03:03:34] [main/INFO] (Minecraft) [STDOUT]: ALTO CLEF: WARNING: T2 [S135] S130 suppressed why=jump-pit-busy child=CraftInTableTask cool=5 ban=5 hold=false pos=111,63,-260 walls=4/4/4 sky=6 place=6 boxed=true hold=false cool=5 ban=5 startY=- step=0
[03:03:34] [main/INFO] (Minecraft) [CHAT] §2§l§o[TenorClef] §cT2 [S135] S130 suppressed why=jump-pit-busy child=CraftInTableTask cool=5 ban=5 hold=false pos=111,63,-260 walls=4/4/4 sky=6 place=6 boxed=true hold=false cool=5 ban=5 startY=- step=0§r
[03:03:34] [main/INFO] (Minecraft) [CHAT] §2§l§o[TenorClef] §rT2 [HIST] 0:54.5 FORCE S135 S130 suppressed why=jump-pit-busy child=CraftInTableTask cool=5 ban=5 hold=false pos=111,63,-260 walls=4/4/4 sky=6 place=6 boxed=true hold=false cool=5 ban=5 startY=- step=0
[03:03:34] [main/INFO] (Minecraft) [STDOUT]: ALTO CLEF: WARNING: T2 [S100] stop jump-walk @111,-260 ph=IRON child=CraftInTableTask esc=0
[03:03:34] [main/INFO] (Minecraft) [CHAT] §2§l§o[TenorClef] §cT2 [S100] stop jump-walk @111,-260 ph=IRON child=CraftInTableTask esc=0§r
[03:03:34] [main/INFO] (Minecraft) [CHAT] §2§l§o[TenorClef] §rT2 [HIST] 0:54.5 SOLVE S100 stop jump-walk @111,-260 ph=IRON child=CraftInTableTask esc=0
[03:03:34] [main/INFO] (Minecraft) [STDOUT]: ALTO CLEF: WARNING: T2 [S201] craft stone sword
[03:03:34] [main/INFO] (Minecraft) [CHAT] §2§l§o[TenorClef] §cT2 [S201] craft stone sword§r
[03:03:34] [main/INFO] (Minecraft) [STDOUT]: ALTO CLEF: WARNING: T2 [S134] pillar cool expire after jump-pit flips=9 end=risen y=67 startY=63
[03:03:34] [main/INFO] (Minecraft) [CHAT] §2§l§o[TenorClef] §cT2 [S134] pillar cool expire after jump-pit flips=9 end=risen y=67 startY=63§r
[03:03:34] [main/INFO] (Minecraft) [CHAT] §2§l§o[TenorClef] §rT2 [HIST] 0:54.7 FORCE S134 pillar cool expire after jump-pit flips=9 end=risen y=67 startY=63
[03:03:34] [main/INFO] (Minecraft) [STDOUT]: ALTO CLEF: WARNING: T2 [S137] re-cool still-boxed@111,-260 n=1 ticks=160 end=risen y=67 startY=63 pos=111,63,-260 walls=4/4/4 sky=6 place=6 boxed=true hold=false cool=160 ban=160 startY=- step=0
[03:03:34] [main/INFO] (Minecraft) [CHAT] §2§l§o[TenorClef] §cT2 [S137] re-cool still-boxed@111,-260 n=1 ticks=160 end=risen y=67 startY=63 pos=111,63,-260 walls=4/4/4 sky=6 place=6 boxed=true hold=false cool=160 ban=160 startY=- step=0§r
[03:03:34] [main/INFO] (Minecraft) [CHAT] §2§l§o[TenorClef] §rT2 [HIST] 0:54.7 FORCE S137 re-cool still-boxed@111,-260 n=1 ticks=160 end=risen y=67 startY=63 pos=111,63,-260 walls=4/4/4 sky=6 place=6 boxed=true hold=false cool=160 ban=160 startY=- step=0
[03:03:34] [main/INFO] (Minecraft) [STDOUT]: ALTO CLEF: WARNING: T2 [S201] craft stone sword
[03:03:34] [main/INFO] (Minecraft) [CHAT] §2§l§o[TenorClef] §cT2 [S201] craft stone sword§r
[03:03:34] [main/INFO] (Minecraft) [CHAT] §2§l§o[TenorClef] §rT2 [NOW] t=0:54.8 ph=IRON @111,63,-260 do=<Doing stuff in crafting_table container: [[stone_sword]]>  eq=stone_pickaxe woodpick=1 stonepick=1 pick=0 iron=0 buck=0
[03:03:35] [main/INFO] (Minecraft) [CHAT] §2§l§o[TenorClef] §rT2 [NOW] t=0:55.8 ph=IRON @111,63,-260 do=<Doing stuff in crafting_table container: [[stone_sword]]>  eq=stone_pickaxe woodpick=1 stonepick=1 pick=0 iron=0 buck=0
[03:03:36] [main/INFO] (Minecraft) [CHAT] §2§l§o[TenorClef] §rT2 [HIST] 0:56.5 SNAP ph=IRON @111,63,-260 sky=6 wet=false ground=true pick=0 buck=0 iron=0 ore=0 rods=0 pearls=0 eyes=0 child=CraftInTableTask dbg=<Doing stuff in crafting_table container: [[stone_sword]]>  mobs=none
[03:03:36] [main/INFO] (Minecraft) [CHAT] §2§l§o[TenorClef] §rT2 [NOW] t=0:56.8 ph=IRON @111,63,-260 do=<Doing stuff in crafting_table container: [[stone_sword]]>  eq=stone_pickaxe woodpick=1 stonepick=1 pick=0 iron=0 buck=0
[03:03:37] [main/INFO] (Minecraft) [CHAT] §2§l§o[TenorClef] §rT2 [NOW] t=0:57.8 ph=IRON @111,64,-260 do=<Doing stuff in crafting_table container: [[stone_sword]]>  eq=dirt woodpick=1 stonepick=1 pick=0 iron=0 buck=0
[03:03:38] [main/INFO] (Minecraft) [CHAT] §2§l§o[TenorClef] §rT2 [HIST] 0:58.8 [E100] jumps=6 @111,66,-260 ph=IRON child=CraftInTableTask
[03:03:38] [main/INFO] (Minecraft) [STDOUT]: ALTO CLEF: WARNING: T2 [S135] S130 suppressed why=jump-pit-busy child=CraftInTableTask cool=79 ban=79 hold=false pos=111,66,-260 walls=4/4/4 sky=9 place=6 boxed=true hold=false cool=79 ban=79 startY=- step=0
[03:03:38] [main/INFO] (Minecraft) [CHAT] §2§l§o[TenorClef] §cT2 [S135] S130 suppressed why=jump-pit-busy child=CraftInTableTask cool=79 ban=79 hold=false pos=111,66,-260 walls=4/4/4 sky=9 place=6 boxed=true hold=false cool=79 ban=79 startY=- step=0§r
[03:03:38] [main/INFO] (Minecraft) [CHAT] §2§l§o[TenorClef] §rT2 [HIST] 0:58.8 FORCE S135 S130 suppressed why=jump-pit-busy child=CraftInTableTask cool=79 ban=79 hold=false pos=111,66,-260 walls=4/4/4 sky=9 place=6 boxed=true hold=false cool=79 ban=79 startY=- step=0
[03:03:38] [main/INFO] (Minecraft) [STDOUT]: ALTO CLEF: WARNING: T2 [S144] jump-stuck collector — replace CraftInTableTask with wander (esc=2)
[03:03:38] [main/INFO] (Minecraft) [CHAT] §2§l§o[TenorClef] §cT2 [S144] jump-stuck collector — replace CraftInTableTask with wander (esc=2)§r
[03:03:38] [main/INFO] (Minecraft) [CHAT] §2§l§o[TenorClef] §rT2 [HIST] 0:58.8 SOLVE S144 jump-stuck collector — replace CraftInTableTask with wander (esc=2)
[03:03:38] [main/INFO] (Minecraft) [CHAT] §2§l§o[TenorClef] §rT2 [HIST] 0:58.8 CHILD CraftInTableTask -> TimeoutWanderTask ph=IRON @111,66,-260 sky=9 wet=false ground=true pick=0 buck=0 iron=0 ore=0 rods=0 pearls=0 eyes=0
[03:03:38] [main/INFO] (Minecraft) [CHAT] §2§l§o[TenorClef] §rT2 [NOW] t=0:58.8 ph=IRON @111,66,-260 do=<Wander for Infinity blocks> Exploring. eq=cobblestone woodpick=1 stonepick=1 pick=0 iron=0 buck=0
[03:03:38] [main/INFO] (Minecraft) [CHAT] §2§l§o[TenorClef] §rT2 [HIST] 0:59.2 SNAP ph=IRON @111,66,-260 sky=9 wet=false ground=true pick=0 buck=0 iron=0 ore=0 rods=0 pearls=0 eyes=0 child=TimeoutWanderTask dbg=<Wander for Infinity blocks> Exploring. mobs=none
[03:03:38] [pool-5-thread-4/INFO] (Minecraft) [STDOUT]: 656128 movements considered
[03:03:38] [pool-5-thread-4/INFO] (Minecraft) [STDOUT]: Open set size: 14671
[03:03:38] [pool-5-thread-4/INFO] (Minecraft) [STDOUT]: PathNode map size: 44474
[03:03:38] [pool-5-thread-4/INFO] (Minecraft) [STDOUT]: 59648 nodes per second
[03:03:38] [pool-5-thread-4/INFO] (Minecraft) [STDOUT]: Path goes for 108.13417591122614 blocks
[03:03:39] [main/INFO] (Minecraft) [CHAT] §2§l§o[TenorClef] §rT2 [NOW] t=0:59.8 ph=IRON @111,66,-260 do=<Wander for Infinity blocks> Exploring. eq=cobblestone woodpick=1 stonepick=1 pick=0 iron=0 buck=0
[03:03:40] [main/INFO] (Minecraft) [CHAT] §2§l§o[TenorClef] §rT2 [NOW] t=1:00.8 ph=IRON @111,67,-259 do=<Wander for Infinity blocks> Exploring. eq=cobblestone woodpick=1 stonepick=1 pick=0 iron=0 buck=0
[03:03:41] [main/INFO] (Minecraft) [STDOUT]: ALTO CLEF: WARNING: T2 [S138] shaft ban clear left-xz ban=111,67,-260 now=112,68,-259 manh=2 dy=1 left=24
[03:03:41] [main/INFO] (Minecraft) [CHAT] §2§l§o[TenorClef] §cT2 [S138] shaft ban clear left-xz ban=111,67,-260 now=112,68,-259 manh=2 dy=1 left=24§r
[03:03:41] [main/INFO] (Minecraft) [CHAT] §2§l§o[TenorClef] §rT2 [HIST] 1:01.6 FORCE S138 shaft ban clear left-xz ban=111,67,-260 now=112,68,-259 manh=2 dy=1 left=24
[03:03:41] [main/INFO] (Minecraft) [CHAT] §2§l§o[TenorClef] §rT2 [NOW] t=1:01.8 ph=IRON @113,68,-258 do=<Wander for Infinity blocks> Exploring. eq=cobblestone woodpick=1 stonepick=1 pick=0 iron=0 buck=0
[03:03:42] [main/INFO] (Minecraft) [STDOUT]: ALTO CLEF: WARNING: T2 [S134] pillar cool expire after jump-pit flips=9 end=risen y=67 startY=63
[03:03:42] [main/INFO] (Minecraft) [CHAT] §2§l§o[TenorClef] §cT2 [S134] pillar cool expire after jump-pit flips=9 end=risen y=67 startY=63§r
[03:03:42] [main/INFO] (Minecraft) [CHAT] §2§l§o[TenorClef] §rT2 [HIST] 1:02.7 FORCE S134 pillar cool expire after jump-pit flips=9 end=risen y=67 startY=63
[03:03:42] [main/INFO] (Minecraft) [STDOUT]: ALTO CLEF: WARNING: T2 [S138] shaft ban clear left-xz ban=111,67,-260 now=117,68,-258 manh=8 dy=1 left=60
[03:03:42] [main/INFO] (Minecraft) [CHAT] §2§l§o[TenorClef] §cT2 [S138] shaft ban clear left-xz ban=111,67,-260 now=117,68,-258 manh=8 dy=1 left=60§r
[03:03:42] [main/INFO] (Minecraft) [CHAT] §2§l§o[TenorClef] §rT2 [HIST] 1:02.8 FORCE S138 shaft ban clear left-xz ban=111,67,-260 now=117,68,-258 manh=8 dy=1 left=60
[03:03:42] [main/INFO] (Minecraft) [CHAT] §2§l§o[TenorClef] §rRefreshed inventory...
[03:03:42] [main/INFO] (Minecraft) [CHAT] §2§l§o[TenorClef] §rT2 [NOW] t=1:02.8 ph=IRON @118,68,-258 do=<Wander for Infinity blocks> Exploring. eq=cobblestone woodpick=1 stonepick=1 pick=0 iron=0 buck=0
[03:03:43] [main/INFO] (Minecraft) [CHAT] §2§l§o[TenorClef] §rT2 [NOW] t=1:03.8 ph=IRON @122,64,-258 do=<Wander for Infinity blocks> Exploring. eq=cobblestone woodpick=1 stonepick=1 pick=0 iron=0 buck=0
[03:03:43] [main/INFO] (Minecraft) [CHAT] §2§l§o[TenorClef] §rT2 [HIST] 1:04.2 SNAP ph=IRON @124,64,-258 sky=15 wet=false ground=true pick=0 buck=0 iron=0 ore=0 rods=0 pearls=0 eyes=0 child=TimeoutWanderTask dbg=<Wander for Infinity blocks> Exploring. mobs=none
[03:03:44] [main/INFO] (Minecraft) [CHAT] §2§l§o[TenorClef] §rT2 [NOW] t=1:04.8 ph=IRON @127,63,-258 do=<Wander for Infinity blocks> Exploring. eq=cobblestone woodpick=1 stonepick=1 pick=0 iron=0 buck=0
[03:03:44] [main/INFO] (Minecraft) [CHAT] §2§l§o[TenorClef] §rT2 [HB] t=1:05.2 ph=IRON y=63 child=TimeoutWanderTask logs=2 pick=0 woodpick=1
[03:03:45] [main/INFO] (Minecraft) [CHAT] §2§l§o[TenorClef] §rT2 [NOW] t=1:05.8 ph=IRON @130,63,-256 do=<Wander for Infinity blocks> Exploring. eq=cobblestone woodpick=1 stonepick=1 pick=0 iron=0 buck=0
[03:03:45] [pool-5-thread-4/INFO] (Minecraft) [STDOUT]: 374528 movements considered
[03:03:45] [pool-5-thread-4/INFO] (Minecraft) [STDOUT]: Open set size: 8591
[03:03:45] [pool-5-thread-4/INFO] (Minecraft) [STDOUT]: PathNode map size: 25615
[03:03:45] [pool-5-thread-4/INFO] (Minecraft) [STDOUT]: 33912 nodes per second
[03:03:45] [pool-5-thread-4/INFO] (Minecraft) [STDOUT]: Path goes for 12.84523257866513 blocks
[03:03:46] [pool-5-thread-4/INFO] (Minecraft) [STDOUT]: 730752 movements considered
[03:03:46] [pool-5-thread-4/INFO] (Minecraft) [STDOUT]: Open set size: 12492
[03:03:46] [pool-5-thread-4/INFO] (Minecraft) [STDOUT]: PathNode map size: 45691
[03:03:46] [pool-5-thread-4/INFO] (Minecraft) [STDOUT]: 66432 nodes per second
[03:03:46] [pool-5-thread-4/INFO] (Minecraft) [STDOUT]: Path goes for 13.490737563232042 blocks
[03:03:46] [main/INFO] (Minecraft) [CHAT] §2§l§o[TenorClef] §rT2 [NOW] t=1:06.8 ph=IRON @128,63,-257 do=<Wander for Infinity blocks> Exploring. eq=cobblestone woodpick=1 stonepick=1 pick=0 iron=0 buck=0
[03:03:46] [main/INFO] (Minecraft) [STDOUT]: ALTO CLEF: WARNING: T2 [S201] craft stone sword
[03:03:46] [main/INFO] (Minecraft) [CHAT] §2§l§o[TenorClef] §cT2 [S201] craft stone sword§r
[03:03:46] [main/INFO] (Minecraft) [CHAT] §2§l§o[TenorClef] §rT2 [HIST] 1:06.8 FORCE S201 craft stone sword
[03:03:46] [main/INFO] (Minecraft) [CHAT] §2§l§o[TenorClef] §rT2 [HIST] 1:06.8 CHILD TimeoutWanderTask -> CraftInTableTask ph=IRON @128,63,-257 sky=15 wet=false ground=true pick=0 buck=0 iron=0 ore=0 rods=0 pearls=0 eyes=0
[03:03:47] [main/INFO] (Minecraft) [CHAT] §2§l§o[TenorClef] §rT2 [NOW] t=1:07.8 ph=IRON @124,65,-257 do=<Doing stuff in crafting_table container: [[stone_sword]]>  eq=cobblestone woodpick=1 stonepick=1 pick=0 iron=0 buck=0
[03:03:47] [main/INFO] (Minecraft) [CHAT] §2§l§o[TenorClef] §rT2 [HIST] 1:08.0 SNAP ph=IRON @123,65,-257 sky=15 wet=false ground=true pick=0 buck=0 iron=0 ore=0 rods=0 pearls=0 eyes=0 child=CraftInTableTask dbg=<Doing stuff in crafting_table container: [[stone_sword]]>  mobs=none
[03:03:48] [main/INFO] (Minecraft) [CHAT] §2§l§o[TenorClef] §rT2 [NOW] t=1:08.8 ph=IRON @120,67,-257 do=<Doing stuff in crafting_table container: [[stone_sword]]>  eq=cobblestone woodpick=1 stonepick=1 pick=0 iron=0 buck=0
[03:03:49] [main/INFO] (Minecraft) [CHAT] §2§l§o[TenorClef] §rT2 [HIST] 1:09.4 WHY iron: smelt 10 in one furnace
[03:03:49] [main/INFO] (Minecraft) [CHAT] §2§l§o[TenorClef] §rT2 [HIST] 1:09.4 CHILD CraftInTableTask -> CollectIronIngotTask ph=IRON @120,67,-257 sky=15 wet=false ground=true pick=0 buck=0 iron=0 ore=0 rods=0 pearls=0 eyes=0
[03:03:49] [main/INFO] (Minecraft) [CHAT] §2§l§o[TenorClef] §rT2 [NOW] t=1:09.8 ph=IRON @119,68,-256 do=<Collecting 10 iron.: [[iron_ingot] x 10]>  eq=stone_pickaxe woodpick=1 stonepick=1 pick=0 iron=0 buck=0
[03:03:49] [main/INFO] (Minecraft) [STDOUT]: ALTO CLEF: WARNING: T2 [S194] dig-down in progress y=67 child=CollectIronIngotTask - pillar/jump nudges stand aside
[03:03:49] [main/INFO] (Minecraft) [CHAT] §2§l§o[TenorClef] §cT2 [S194] dig-down in progress y=67 child=CollectIronIngotTask - pillar/jump nudges stand aside§r
[03:03:49] [main/INFO] (Minecraft) [CHAT] §2§l§o[TenorClef] §rT2 [HIST] 1:10.2 SOLVE S194 dig-down in progress y=67 child=CollectIronIngotTask - pillar/jump nudges stand aside
[03:03:50] [main/INFO] (Minecraft) [CHAT] §2§l§o[TenorClef] §rT2 [HIST] 1:10.5 SNAP ph=IRON @119,67,-254 sky=15 wet=false ground=true pick=0 buck=0 iron=0 ore=0 rods=0 pearls=0 eyes=0 child=CollectIronIngotTask dbg=<Collecting 10 iron.: [[iron_ingot] x 10]>  mobs=none
[03:03:50] [main/INFO] (Minecraft) [CHAT] §2§l§o[TenorClef] §rT2 [NOW] t=1:10.8 ph=IRON @119,67,-254 do=<Collecting 10 iron.: [[iron_ingot] x 10]>  eq=air woodpick=1 stonepick=1 pick=0 iron=0 buck=0
[03:03:50] [main/INFO] (Minecraft) [CHAT] §2§l§o[TenorClef] §rT2 [HB] t=1:11.0 ph=IRON y=67 child=CollectIronIngotTask logs=2 pick=0 woodpick=1
[03:03:51] [main/INFO] (Minecraft) [CHAT] §2§l§o[TenorClef] §rT2 [NOW] t=1:11.8 ph=IRON @119,66,-254 do=<Collecting 10 iron.: [[iron_ingot] x 10]>  eq=stone_pickaxe woodpick=1 stonepick=1 pick=0 iron=0 buck=0
[03:03:52] [main/INFO] (Minecraft) [CHAT] §2§l§o[TenorClef] §rT2 [NOW] t=1:12.8 ph=IRON @119,66,-254 do=<Collecting 10 iron.: [[iron_ingot] x 10]>  eq=air woodpick=1 stonepick=1 pick=0 iron=0 buck=0
[03:03:52] [main/INFO] (Minecraft) [CHAT] §2§l§o[TenorClef] §rT2 [HIST] 1:13.0 SNAP ph=IRON @119,65,-254 sky=15 wet=false ground=false pick=0 buck=0 iron=0 ore=0 rods=0 pearls=0 eyes=0 child=CollectIronIngotTask dbg=<Collecting 10 iron.: [[iron_ingot] x 10]>  mobs=none
[03:03:53] [main/INFO] (Minecraft) [CHAT] §2§l§o[TenorClef] §rT2 [HIST] 1:13.4 WHY iron: smelt 10 in one furnace
[03:03:53] [main/INFO] (Minecraft) [CHAT] §2§l§o[TenorClef] §rT2 [NOW] t=1:13.8 ph=IRON @119,64,-254 do=<Collecting 10 iron.: [[iron_ingot] x 10]>  eq=stone_pickaxe woodpick=1 stonepick=1 pick=0 iron=0 buck=0
[03:03:54] [main/INFO] (Minecraft) [STDOUT]: ALTO CLEF: WARNING: T2 [E100] jumps=6 @119,64,-254 ph=IRON child=CollectIronIngotTask
[03:03:54] [main/INFO] (Minecraft) [CHAT] §2§l§o[TenorClef] §cT2 [E100] jumps=6 @119,64,-254 ph=IRON child=CollectIronIngotTask§r
[03:03:54] [main/INFO] (Minecraft) [CHAT] §2§l§o[TenorClef] §rT2 [HIST] 1:14.5 [E100] jumps=6 @119,64,-254 ph=IRON child=CollectIronIngotTask
[03:03:54] [main/INFO] (Minecraft) [CHAT] §2§l§o[TenorClef] §rT2 [NOW] t=1:14.8 ph=IRON @119,63,-254 do=<Collecting 10 iron.: [[iron_ingot] x 10]>  eq=stone_pickaxe woodpick=1 stonepick=1 pick=0 iron=0 buck=0
[03:03:55] [main/INFO] (Minecraft) [CHAT] §2§l§o[TenorClef] §rT2 [HIST] 1:15.5 SNAP ph=IRON @119,63,-254 sky=15 wet=false ground=true pick=0 buck=0 iron=0 ore=0 rods=0 pearls=0 eyes=0 child=CollectIronIngotTask dbg=<Collecting 10 iron.: [[iron_ingot] x 10]>  mobs=none
[03:03:55] [main/INFO] (Minecraft) [STDOUT]: ALTO CLEF: WARNING: T2 [E70] iron stall 6s @119,-254 — clear blacklist + re-pick ore
[03:03:55] [main/INFO] (Minecraft) [CHAT] §2§l§o[TenorClef] §cT2 [E70] iron stall 6s @119,-254 — clear blacklist + re-pick ore§r
[03:03:55] [main/INFO] (Minecraft) [CHAT] §2§l§o[TenorClef] §rT2 [NOW] t=1:15.8 ph=IRON @119,62,-254 do=<Collecting 10 iron.: [[iron_ingot] x 10]>  eq=stone_pickaxe woodpick=1 stonepick=1 pick=0 iron=0 buck=0
[03:03:56] [main/INFO] (Minecraft) [CHAT] §2§l§o[TenorClef] §rT2 [HIST] 1:16.7 [E100] jumps=6 @119,61,-254 ph=IRON child=CollectIronIngotTask
[03:03:56] [main/INFO] (Minecraft) [CHAT] §2§l§o[TenorClef] §rT2 [NOW] t=1:16.8 ph=IRON @119,61,-254 do=<Collecting 10 iron.: [[iron_ingot] x 10]>  eq=stone_pickaxe woodpick=1 stonepick=1 pick=0 iron=0 buck=0
[03:03:57] [main/INFO] (Minecraft) [CHAT] §2§l§o[TenorClef] §rT2 [HIST] 1:17.4 WHY iron: smelt 10 in one furnace
[03:03:57] [main/INFO] (Minecraft) [CHAT] §2§l§o[TenorClef] §rT2 [NOW] t=1:17.8 ph=IRON @119,60,-254 do=<Collecting 10 iron.: [[iron_ingot] x 10]>  eq=stone_pickaxe woodpick=1 stonepick=1 pick=0 iron=0 buck=0
[03:03:57] [main/INFO] (Minecraft) [CHAT] §2§l§o[TenorClef] §rT2 [HIST] 1:18.0 SNAP ph=IRON @119,60,-254 sky=15 wet=false ground=true pick=0 buck=0 iron=0 ore=0 rods=0 pearls=0 eyes=0 child=CollectIronIngotTask dbg=<Collecting 10 iron.: [[iron_ingot] x 10]>  mobs=none
[03:03:58] [main/INFO] (Minecraft) [CHAT] §2§l§o[TenorClef] §rT2 [NOW] t=1:18.8 ph=IRON @119,60,-254 do=<Collecting 10 iron.: [[iron_ingot] x 10]>  eq=stone_pickaxe woodpick=1 stonepick=1 pick=0 iron=0 buck=0
[03:03:59] [main/INFO] (Minecraft) Loaded 60 advancements
[03:03:59] [main/INFO] (Minecraft) [CHAT] §2§l§o[TenorClef] §rT2 [NOW] t=1:19.8 ph=IRON @119,59,-254 do=<Collecting 10 iron.: [[iron_ingot] x 10]>  eq=stone_pickaxe woodpick=1 stonepick=1 pick=0 iron=0 buck=0
[03:04:00] [main/INFO] (Minecraft) [CHAT] §2§l§o[TenorClef] §rT2 [HIST] 1:20.5 SNAP ph=IRON @119,59,-254 sky=15 wet=false ground=true pick=0 buck=0 iron=0 ore=1 rods=0 pearls=0 eyes=0 child=CollectIronIngotTask dbg=<Collecting 10 iron.: [[iron_ingot] x 10]>  mobs=none
[03:04:00] [main/INFO] (Minecraft) [STDOUT]: ALTO CLEF: WARNING: T2 [E100] jumps=6 @119,58,-254 ph=IRON child=CollectIronIngotTask
[03:04:00] [main/INFO] (Minecraft) [CHAT] §2§l§o[TenorClef] §cT2 [E100] jumps=6 @119,58,-254 ph=IRON child=CollectIronIngotTask§r
[03:04:00] [main/INFO] (Minecraft) [CHAT] §2§l§o[TenorClef] §rT2 [HIST] 1:20.8 [E100] jumps=6 @119,58,-254 ph=IRON child=CollectIronIngotTask
[03:04:00] [main/INFO] (Minecraft) [CHAT] §2§l§o[TenorClef] §rT2 [NOW] t=1:20.8 ph=IRON @119,58,-254 do=<Collecting 10 iron.: [[iron_ingot] x 10]>  eq=stone_pickaxe woodpick=1 stonepick=1 pick=0 iron=0 buck=0
[03:04:01] [main/INFO] (Minecraft) [CHAT] §2§l§o[TenorClef] §rT2 [HIST] 1:21.4 WHY iron: smelt 10 in one furnace
[03:04:01] [main/INFO] (Minecraft) [CHAT] §2§l§o[TenorClef] §rT2 [NOW] t=1:21.8 ph=IRON @119,58,-254 do=<Collecting 10 iron.: [[iron_ingot] x 10]>  eq=stone_pickaxe woodpick=1 stonepick=1 pick=0 iron=0 buck=0
[03:04:02] [main/INFO] (Minecraft) [CHAT] §2§l§o[TenorClef] §rT2 [NOW] t=1:22.8 ph=IRON @119,58,-254 do=<Collecting 10 iron.: [[iron_ingot] x 10]>  eq=stone_pickaxe woodpick=1 stonepick=1 pick=0 iron=0 buck=0
[03:04:02] [main/INFO] (Minecraft) [CHAT] §2§l§o[TenorClef] §rT2 [HIST] 1:23.0 SNAP ph=IRON @119,58,-254 sky=15 wet=false ground=true pick=0 buck=0 iron=0 ore=3 rods=0 pearls=0 eyes=0 child=CollectIronIngotTask dbg=<Collecting 10 iron.: [[iron_ingot] x 10]>  mobs=none
[03:04:03] [main/INFO] (Minecraft) [STDOUT]: ALTO CLEF: WARNING: T2 [S100] stop jump-walk @119,-254 ph=IRON child=CollectIronIngotTask esc=0
[03:04:03] [main/INFO] (Minecraft) [CHAT] §2§l§o[TenorClef] §cT2 [S100] stop jump-walk @119,-254 ph=IRON child=CollectIronIngotTask esc=0§r
[03:04:03] [main/INFO] (Minecraft) [CHAT] §2§l§o[TenorClef] §rT2 [HIST] 1:23.6 SOLVE S100 stop jump-walk @119,-254 ph=IRON child=CollectIronIngotTask esc=0
[03:04:03] [main/INFO] (Minecraft) [CHAT] §2§l§o[TenorClef] §rT2 [NOW] t=1:23.8 ph=IRON @119,58,-254 do=<Collecting 10 iron.: [[iron_ingot] x 10]>  eq=stone_pickaxe woodpick=1 stonepick=1 pick=0 iron=0 buck=0
[03:04:04] [main/INFO] (Minecraft) [CHAT] §2§l§o[TenorClef] §rT2 [NOW] t=1:24.8 ph=IRON @119,58,-254 do=<Collecting 10 iron.: [[iron_ingot] x 10]>  eq=stone_pickaxe woodpick=1 stonepick=1 pick=0 iron=0 buck=0
[03:04:05] [main/INFO] (Minecraft) [CHAT] §2§l§o[TenorClef] §rT2 [HIST] 1:25.4 WHY iron: smelt 10 in one furnace
[03:04:05] [main/INFO] (Minecraft) [CHAT] §2§l§o[TenorClef] §rT2 [HIST] 1:25.5 SNAP ph=IRON @119,58,-254 sky=15 wet=false ground=true pick=0 buck=0 iron=0 ore=4 rods=0 pearls=0 eyes=0 child=CollectIronIngotTask dbg=<Collecting 10 iron.: [[iron_ingot] x 10]>  mobs=none
[03:04:05] [main/INFO] (Minecraft) [CHAT] §2§l§o[TenorClef] §rT2 [NOW] t=1:25.8 ph=IRON @119,58,-254 do=<Collecting 10 iron.: [[iron_ingot] x 10]>  eq=stone_pickaxe woodpick=1 stonepick=1 pick=0 iron=0 buck=0
[03:04:06] [main/INFO] (Minecraft) [CHAT] §2§l§o[TenorClef] §rT2 [NOW] t=1:26.8 ph=IRON @119,58,-254 do=<Collecting 10 iron.: [[iron_ingot] x 10]>  eq=stone_pickaxe woodpick=1 stonepick=1 pick=0 iron=0 buck=0
[03:04:07] [main/INFO] (Minecraft) [CHAT] §2§l§o[TenorClef] §rT2 [NOW] t=1:27.8 ph=IRON @119,58,-254 do=<Collecting 10 iron.: [[iron_ingot] x 10]>  eq=stone_pickaxe woodpick=1 stonepick=1 pick=0 iron=0 buck=0
[03:04:07] [main/INFO] (Minecraft) [CHAT] §2§l§o[TenorClef] §rT2 [HIST] 1:28.0 SNAP ph=IRON @119,58,-254 sky=15 wet=false ground=true pick=0 buck=0 iron=0 ore=5 rods=0 pearls=0 eyes=0 child=CollectIronIngotTask dbg=<Collecting 10 iron.: [[iron_ingot] x 10]>  mobs=none
[03:04:08] [main/INFO] (Minecraft) [CHAT] §2§l§o[TenorClef] §rT2 [NOW] t=1:28.8 ph=IRON @119,58,-254 do=<Collecting 10 iron.: [[iron_ingot] x 10]>  eq=stone_pickaxe woodpick=1 stonepick=1 pick=0 iron=0 buck=0
[03:04:09] [main/INFO] (Minecraft) [CHAT] §2§l§o[TenorClef] §rT2 [NOW] t=1:29.8 ph=IRON @119,58,-255 do=<Collecting 10 iron.: [[iron_ingot] x 10]>  eq=stone_pickaxe woodpick=1 stonepick=1 pick=0 iron=0 buck=0
[03:04:10] [main/INFO] (Minecraft) [CHAT] §2§l§o[TenorClef] §rT2 [HIST] 1:30.5 SNAP ph=IRON @118,58,-254 sky=14 wet=false ground=true pick=0 buck=0 iron=0 ore=8 rods=0 pearls=0 eyes=0 child=CollectIronIngotTask dbg=<Collecting 10 iron.: [[iron_ingot] x 10]>  mobs=none
[03:04:10] [main/INFO] (Minecraft) [CHAT] §2§l§o[TenorClef] §rT2 [NOW] t=1:30.8 ph=IRON @118,58,-254 do=<Collecting 10 iron.: [[iron_ingot] x 10]>  eq=stone_pickaxe woodpick=1 stonepick=1 pick=0 iron=0 buck=0
[03:04:10] [main/INFO] (Minecraft) [STDOUT]: ALTO CLEF: WARNING: T2 [S194] dig-down in progress y=57 child=CollectIronIngotTask - pillar/jump nudges stand aside
[03:04:10] [main/INFO] (Minecraft) [CHAT] §2§l§o[TenorClef] §cT2 [S194] dig-down in progress y=57 child=CollectIronIngotTask - pillar/jump nudges stand aside§r
[03:04:10] [main/INFO] (Minecraft) [CHAT] §2§l§o[TenorClef] §rT2 [HIST] 1:31.0 SOLVE S194 dig-down in progress y=57 child=CollectIronIngotTask - pillar/jump nudges stand aside
[03:04:10] [main/INFO] (Minecraft) [CHAT] §2§l§o[TenorClef] §rT2 [HIST] 1:31.0 WHY iron: smelt 10 in one furnace
[03:04:11] [main/INFO] (Minecraft) [CHAT] §2§l§o[TenorClef] §rT2 [NOW] t=1:31.8 ph=IRON @118,57,-254 do=<Collecting 10 iron.: [[iron_ingot] x 10]>  eq=stone_pickaxe woodpick=1 stonepick=1 pick=0 iron=0 buck=0
[03:04:12] [main/INFO] (Minecraft) [CHAT] §2§l§o[TenorClef] §rT2 [NOW] t=1:32.8 ph=IRON @118,55,-254 do=<Collecting 10 iron.: [[iron_ingot] x 10]>  eq=stone_pickaxe woodpick=1 stonepick=1 pick=0 iron=0 buck=0
[03:04:12] [main/INFO] (Minecraft) [CHAT] §2§l§o[TenorClef] §rT2 [HIST] 1:33.0 SNAP ph=IRON @118,55,-254 sky=11 wet=false ground=true pick=0 buck=0 iron=0 ore=8 rods=0 pearls=0 eyes=0 child=CollectIronIngotTask dbg=<Collecting 10 iron.: [[iron_ingot] x 10]>  mobs=none
[03:04:13] [main/INFO] (Minecraft) [CHAT] §2§l§o[TenorClef] §rRefreshed inventory...
[03:04:13] [main/INFO] (Minecraft) [CHAT] §2§l§o[TenorClef] §rT2 [NOW] t=1:33.8 ph=IRON @118,54,-254 do=<Collecting 10 iron.: [[iron_ingot] x 10]>  eq=stone_pickaxe woodpick=1 stonepick=1 pick=0 iron=0 buck=0
[03:04:13] [main/INFO] (Minecraft) [STDOUT]: ALTO CLEF: WARNING: T2 [E100] jumps=8 @118,54,-254 ph=IRON child=CollectIronIngotTask
[03:04:13] [main/INFO] (Minecraft) [CHAT] §2§l§o[TenorClef] §cT2 [E100] jumps=8 @118,54,-254 ph=IRON child=CollectIronIngotTask§r
[03:04:13] [main/INFO] (Minecraft) [CHAT] §2§l§o[TenorClef] §rT2 [HIST] 1:34.1 [E100] jumps=8 @118,54,-254 ph=IRON child=CollectIronIngotTask
[03:04:14] [main/INFO] (Minecraft) [CHAT] §2§l§o[TenorClef] §rT2 [NOW] t=1:34.8 ph=IRON @118,54,-254 do=<Collecting 10 iron.: [[iron_ingot] x 10]>  eq=stone_pickaxe woodpick=1 stonepick=1 pick=0 iron=0 buck=0
[03:04:14] [main/INFO] (Minecraft) [CHAT] §2§l§o[TenorClef] §rT2 [HIST] 1:35.0 WHY iron: smelt 10 in one furnace
[03:04:15] [main/INFO] (Minecraft) [CHAT] §2§l§o[TenorClef] §rT2 [HIST] 1:35.5 SNAP ph=IRON @118,54,-254 sky=10 wet=false ground=true pick=0 buck=0 iron=0 ore=8 rods=0 pearls=0 eyes=0 child=CollectIronIngotTask dbg=<Collecting 10 iron.: [[iron_ingot] x 10]>  mobs=none
[03:04:15] [main/INFO] (Minecraft) [CHAT] §2§l§o[TenorClef] §rT2 [NOW] t=1:35.8 ph=IRON @118,54,-254 do=<Collecting 10 iron.: [[iron_ingot] x 10]>  eq=stone_pickaxe woodpick=1 stonepick=1 pick=0 iron=0 buck=0
[03:04:15] [main/INFO] (Minecraft) [STDOUT]: ALTO CLEF: WARNING: T2 [E70] iron stall 6s @118,-254 — clear blacklist + re-pick ore
[03:04:15] [main/INFO] (Minecraft) [CHAT] §2§l§o[TenorClef] §cT2 [E70] iron stall 6s @118,-254 — clear blacklist + re-pick ore§r
[03:04:15] [main/INFO] (Minecraft) [CHAT] §2§l§o[TenorClef] §rT2 [HB] t=1:36.1 ph=IRON y=54 child=CollectIronIngotTask logs=2 pick=0 woodpick=1
[03:04:16] [main/INFO] (Minecraft) [CHAT] §2§l§o[TenorClef] §rT2 [NOW] t=1:36.8 ph=IRON @118,53,-253 do=<Collecting 10 iron.: [[iron_ingot] x 10]>  eq=stone_pickaxe woodpick=1 stonepick=1 pick=0 iron=0 buck=0
[03:04:16] [main/INFO] (Minecraft) Loaded 71 advancements
[03:04:17] [main/INFO] (Minecraft) [CHAT] §2§l§o[TenorClef] §rT2 [NOW] t=1:37.8 ph=IRON @118,53,-253 do=<Collecting 10 iron.: [[iron_ingot] x 10]>  eq=stone_pickaxe woodpick=1 stonepick=1 pick=0 iron=0 buck=0
[03:04:17] [main/INFO] (Minecraft) [CHAT] §2§l§o[TenorClef] §rT2 [HIST] 1:38.0 SNAP ph=IRON @118,53,-253 sky=8 wet=false ground=true pick=0 buck=0 iron=0 ore=8 rods=0 pearls=0 eyes=0 child=CollectIronIngotTask dbg=<Collecting 10 iron.: [[iron_ingot] x 10]>  mobs=none
[03:04:18] [main/INFO] (Minecraft) [CHAT] §2§l§o[TenorClef] §rT2 [NOW] t=1:38.8 ph=IRON @118,53,-253 do=<Collecting 10 iron.: [[iron_ingot] x 10]>  eq=stone_pickaxe woodpick=1 stonepick=1 pick=0 iron=0 buck=0
[03:04:19] [main/INFO] (Minecraft) [CHAT] §2§l§o[TenorClef] §rT2 [NOW] t=1:39.8 ph=IRON @118,52,-252 do=<Collecting 10 iron.: [[iron_ingot] x 10]>  eq=stone_pickaxe woodpick=1 stonepick=1 pick=0 iron=0 buck=0
[03:04:19] [main/INFO] (Minecraft) [STDOUT]: ALTO CLEF: WARNING: T2 [S194] dig-down in progress y=52 child=CollectIronIngotTask - pillar/jump nudges stand aside
[03:04:19] [main/INFO] (Minecraft) [CHAT] §2§l§o[TenorClef] §cT2 [S194] dig-down in progress y=52 child=CollectIronIngotTask - pillar/jump nudges stand aside§r
[03:04:19] [main/INFO] (Minecraft) [CHAT] §2§l§o[TenorClef] §rT2 [HIST] 1:39.8 SOLVE S194 dig-down in progress y=52 child=CollectIronIngotTask - pillar/jump nudges stand aside
[03:04:19] [main/INFO] (Minecraft) [CHAT] §2§l§o[TenorClef] §rT2 [HIST] 1:39.8 WHY iron: smelt 10 in one furnace
[03:04:20] [main/INFO] (Minecraft) [CHAT] §2§l§o[TenorClef] §rT2 [HIST] 1:40.5 SNAP ph=IRON @118,52,-252 sky=6 wet=false ground=true pick=0 buck=0 iron=0 ore=8 rods=0 pearls=0 eyes=0 child=CollectIronIngotTask dbg=<Collecting 10 iron.: [[iron_ingot] x 10]>  mobs=none
[03:04:20] [main/INFO] (Minecraft) [CHAT] §2§l§o[TenorClef] §rT2 [NOW] t=1:40.8 ph=IRON @118,52,-252 do=<Collecting 10 iron.: [[iron_ingot] x 10]>  eq=stone_pickaxe woodpick=1 stonepick=1 pick=0 iron=0 buck=0
[03:04:20] [main/INFO] (Minecraft) [CHAT] §2§l§o[TenorClef] §rT2 [HB] t=1:41.1 ph=IRON y=52 child=CollectIronIngotTask logs=2 pick=0 woodpick=1
[03:04:21] [main/INFO] (Minecraft) [CHAT] §2§l§o[TenorClef] §rT2 [NOW] t=1:41.8 ph=IRON @118,52,-252 do=<Collecting 10 iron.: [[iron_ingot] x 10]>  eq=stone_pickaxe woodpick=1 stonepick=1 pick=0 iron=0 buck=0
[03:04:22] [main/INFO] (Minecraft) [CHAT] §2§l§o[TenorClef] §rT2 [NOW] t=1:42.8 ph=IRON @117,52,-252 do=<Collecting 10 iron.: [[iron_ingot] x 10]>  eq=stone_pickaxe woodpick=1 stonepick=1 pick=0 iron=0 buck=0
[03:04:22] [main/INFO] (Minecraft) [CHAT] §2§l§o[TenorClef] §rT2 [HIST] 1:43.0 SNAP ph=IRON @117,51,-252 sky=4 wet=false ground=false pick=0 buck=0 iron=0 ore=8 rods=0 pearls=0 eyes=0 child=CollectIronIngotTask dbg=<Collecting 10 iron.: [[iron_ingot] x 10]>  mobs=none
[03:04:23] [main/INFO] (Minecraft) [CHAT] §2§l§o[TenorClef] §rT2 [NOW] t=1:43.8 ph=IRON @117,51,-252 do=<Collecting 10 iron.: [[iron_ingot] x 10]>  eq=stone_pickaxe woodpick=1 stonepick=1 pick=0 iron=0 buck=0
[03:04:24] [main/INFO] (Minecraft) [CHAT] §2§l§o[TenorClef] §rT2 [NOW] t=1:44.8 ph=IRON @117,51,-252 do=<Collecting 10 iron.: [[iron_ingot] x 10]>  eq=stone_pickaxe woodpick=1 stonepick=1 pick=0 iron=0 buck=0
[03:04:25] [main/INFO] (Minecraft) [CHAT] §2§l§o[TenorClef] §rT2 [HIST] 1:45.5 SNAP ph=IRON @117,51,-252 sky=4 wet=false ground=true pick=0 buck=0 iron=0 ore=8 rods=0 pearls=0 eyes=0 child=CollectIronIngotTask dbg=<Collecting 10 iron.: [[iron_ingot] x 10]>  mobs=none
[03:04:25] [main/INFO] (Minecraft) [STDOUT]: ALTO CLEF: WARNING: T2 [E70] iron stall 6s @117,-252 — clear blacklist + re-pick ore
[03:04:25] [main/INFO] (Minecraft) [CHAT] §2§l§o[TenorClef] §cT2 [E70] iron stall 6s @117,-252 — clear blacklist + re-pick ore§r
[03:04:25] [main/INFO] (Minecraft) [CHAT] §2§l§o[TenorClef] §rT2 [NOW] t=1:45.8 ph=IRON @117,51,-252 do=<Collecting 10 iron.: [[iron_ingot] x 10]>  eq=stone_pickaxe woodpick=1 stonepick=1 pick=0 iron=0 buck=0
[03:04:26] [main/INFO] (Minecraft) [CHAT] §2§l§o[TenorClef] §rT2 [NOW] t=1:46.8 ph=IRON @117,51,-252 do=<Collecting 10 iron.: [[iron_ingot] x 10]>  eq=stone_pickaxe woodpick=1 stonepick=1 pick=0 iron=0 buck=0
[03:04:27] [main/INFO] (Minecraft) [CHAT] §2§l§o[TenorClef] §rT2 [NOW] t=1:47.8 ph=IRON @117,51,-252 do=<Collecting 10 iron.: [[iron_ingot] x 10]>  eq=stone_pickaxe woodpick=1 stonepick=1 pick=0 iron=0 buck=0
[03:04:27] [main/INFO] (Minecraft) [CHAT] §2§l§o[TenorClef] §rT2 [HIST] 1:48.0 SNAP ph=IRON @117,51,-252 sky=4 wet=false ground=true pick=0 buck=0 iron=0 ore=8 rods=0 pearls=0 eyes=0 child=CollectIronIngotTask dbg=<Collecting 10 iron.: [[iron_ingot] x 10]>  mobs=none
[03:04:28] [main/INFO] (Minecraft) [CHAT] §2§l§o[TenorClef] §rT2 [NOW] t=1:48.8 ph=IRON @116,51,-252 do=<Collecting 10 iron.: [[iron_ingot] x 10]>  eq=stone_pickaxe woodpick=1 stonepick=1 pick=0 iron=0 buck=0
[03:04:28] [main/INFO] (Minecraft) [STDOUT]: ALTO CLEF: WARNING: T2 [S194] dig-down in progress y=50 child=CollectIronIngotTask - pillar/jump nudges stand aside
[03:04:28] [main/INFO] (Minecraft) [CHAT] §2§l§o[TenorClef] §cT2 [S194] dig-down in progress y=50 child=CollectIronIngotTask - pillar/jump nudges stand aside§r
[03:04:28] [main/INFO] (Minecraft) [CHAT] §2§l§o[TenorClef] §rT2 [HIST] 1:48.9 SOLVE S194 dig-down in progress y=50 child=CollectIronIngotTask - pillar/jump nudges stand aside
[03:04:28] [main/INFO] (Minecraft) [CHAT] §2§l§o[TenorClef] §rT2 [HIST] 1:48.9 WHY iron: smelt 10 in one furnace
[03:04:28] [main/INFO] (Minecraft) Loaded 80 advancements
[03:04:29] [main/INFO] (Minecraft) [CHAT] §2§l§o[TenorClef] §rT2 [NOW] t=1:49.8 ph=IRON @116,50,-252 do=<Collecting 10 iron.: [[iron_ingot] x 10]>  eq=stone_pickaxe woodpick=1 stonepick=1 pick=0 iron=0 buck=0
[03:04:30] [main/INFO] (Minecraft) [CHAT] §2§l§o[TenorClef] §rT2 [HIST] 1:50.5 SNAP ph=IRON @116,50,-252 sky=2 wet=false ground=true pick=0 buck=0 iron=0 ore=8 rods=0 pearls=0 eyes=0 child=CollectIronIngotTask dbg=<Collecting 10 iron.: [[iron_ingot] x 10]>  mobs=none
[03:04:30] [main/INFO] (Minecraft) [CHAT] §2§l§o[TenorClef] §rT2 [NOW] t=1:50.8 ph=IRON @116,50,-252 do=<Collecting 10 iron.: [[iron_ingot] x 10]>  eq=stone_pickaxe woodpick=1 stonepick=1 pick=0 iron=0 buck=0
[03:04:31] [main/INFO] (Minecraft) [STDOUT]: ALTO CLEF: WARNING: T2 [E70] iron stall 6s @116,-252 — clear blacklist + re-pick ore
[03:04:31] [main/INFO] (Minecraft) [CHAT] §2§l§o[TenorClef] §cT2 [E70] iron stall 6s @116,-252 — clear blacklist + re-pick ore§r
[03:04:31] [main/INFO] (Minecraft) [CHAT] §2§l§o[TenorClef] §rT2 [NOW] t=1:51.8 ph=IRON @116,50,-252 do=<Collecting 10 iron.: [[iron_ingot] x 10]>  eq=stone_pickaxe woodpick=1 stonepick=1 pick=0 iron=0 buck=0
[03:04:32] [main/INFO] (Minecraft) [CHAT] §2§l§o[TenorClef] §rT2 [NOW] t=1:52.8 ph=IRON @116,50,-252 do=<Collecting 10 iron.: [[iron_ingot] x 10]>  eq=stone_pickaxe woodpick=1 stonepick=1 pick=0 iron=0 buck=0
[03:04:32] [main/INFO] (Minecraft) [CHAT] §2§l§o[TenorClef] §rT2 [HIST] 1:53.0 SNAP ph=IRON @116,50,-252 sky=2 wet=false ground=true pick=0 buck=0 iron=0 ore=9 rods=0 pearls=0 eyes=0 child=CollectIronIngotTask dbg=<Collecting 10 iron.: [[iron_ingot] x 10]>  mobs=none
[03:04:33] [main/INFO] (Minecraft) [CHAT] §2§l§o[TenorClef] §rT2 [NOW] t=1:53.8 ph=IRON @116,50,-252 do=<Collecting 10 iron.: [[iron_ingot] x 10]>  eq=stone_pickaxe woodpick=1 stonepick=1 pick=0 iron=0 buck=0
[03:04:34] [main/INFO] (Minecraft) [CHAT] §2§l§o[TenorClef] §rT2 [NOW] t=1:54.8 ph=IRON @116,50,-252 do=<Collecting 10 iron.: [[iron_ingot] x 10]>  eq=stone_pickaxe woodpick=1 stonepick=1 pick=0 iron=0 buck=0
[03:04:35] [main/INFO] (Minecraft) [CHAT] §2§l§o[TenorClef] §rT2 [HIST] 1:55.5 SNAP ph=IRON @116,50,-252 sky=2 wet=false ground=true pick=0 buck=0 iron=0 ore=9 rods=0 pearls=0 eyes=0 child=CollectIronIngotTask dbg=<Collecting 10 iron.: [[iron_ingot] x 10]>  mobs=none
[03:04:35] [main/INFO] (Minecraft) [CHAT] §2§l§o[TenorClef] §rT2 [NOW] t=1:55.8 ph=IRON @116,50,-252 do=<Collecting 10 iron.: [[iron_ingot] x 10]>  eq=stone_pickaxe woodpick=1 stonepick=1 pick=0 iron=0 buck=0
[03:04:35] [main/INFO] (Minecraft) [CHAT] §2§l§o[TenorClef] §rT2 [HB] t=1:56.1 ph=IRON y=50 child=CollectIronIngotTask logs=2 pick=0 woodpick=1
[03:04:36] [main/INFO] (Minecraft) [CHAT] §2§l§o[TenorClef] §rT2 [NOW] t=1:56.8 ph=IRON @116,50,-252 do=<Collecting 10 iron.: [[iron_ingot] x 10]>  eq=stone_pickaxe woodpick=1 stonepick=1 pick=0 iron=0 buck=0
[03:04:37] [main/INFO] (Minecraft) [CHAT] §2§l§o[TenorClef] §rT2 [NOW] t=1:57.8 ph=IRON @116,50,-252 do=<Collecting 10 iron.: [[iron_ingot] x 10]>  eq=stone_pickaxe woodpick=1 stonepick=1 pick=0 iron=0 buck=0
[03:04:37] [main/INFO] (Minecraft) [CHAT] §2§l§o[TenorClef] §rT2 [HIST] 1:58.0 SNAP ph=IRON @116,50,-252 sky=2 wet=false ground=true pick=0 buck=0 iron=0 ore=10 rods=0 pearls=0 eyes=0 child=CollectIronIngotTask dbg=<Collecting 10 iron.: [[iron_ingot] x 10]>  mobs=none
[03:04:38] [main/INFO] (Minecraft) [CHAT] §2§l§o[TenorClef] §rT2 [NOW] t=1:58.8 ph=IRON @116,50,-252 do=<Collecting 10 iron.: [[iron_ingot] x 10]>  eq=stone_pickaxe woodpick=1 stonepick=1 pick=0 iron=0 buck=0
[03:04:39] [main/INFO] (Minecraft) Loaded 81 advancements
[03:04:39] [main/INFO] (Minecraft) [CHAT] §2§l§o[TenorClef] §rT2 [NOW] t=1:59.8 ph=IRON @118,52,-252 do=<Collecting 10 iron.: [[iron_ingot] x 10]>  eq=stone_pickaxe woodpick=1 stonepick=1 pick=0 iron=0 buck=0
[03:04:40] [main/INFO] (Minecraft) [CHAT] §2§l§o[TenorClef] §rT2 [HIST] 2:00.5 SNAP ph=IRON @118,52,-252 sky=6 wet=false ground=true pick=0 buck=0 iron=0 ore=10 rods=0 pearls=0 eyes=0 child=CollectIronIngotTask dbg=<Collecting 10 iron.: [[iron_ingot] x 10]>  mobs=none
[03:04:40] [main/INFO] (Minecraft) [CHAT] §2§l§o[TenorClef] §rT2 [NOW] t=2:00.8 ph=IRON @118,52,-252 do=<Collecting 10 iron.: [[iron_ingot] x 10]>  eq=stone_pickaxe woodpick=1 stonepick=1 pick=0 iron=0 buck=0
[03:04:40] [main/INFO] (Minecraft) [CHAT] §2§l§o[TenorClef] §rT2 [HB] t=2:01.1 ph=IRON y=52 child=CollectIronIngotTask logs=2 pick=0 woodpick=1
[03:04:41] [main/INFO] (Minecraft) [CHAT] §2§l§o[TenorClef] §rT2 [NOW] t=2:01.8 ph=IRON @118,52,-252 do=<Collecting 10 iron.: [[iron_ingot] x 10]>  eq=stone_pickaxe woodpick=1 stonepick=1 pick=0 iron=0 buck=0
[03:04:42] [main/INFO] (Minecraft) [CHAT] §2§l§o[TenorClef] §rT2 [NOW] t=2:02.8 ph=IRON @118,53,-252 do=<Collecting 10 iron.: [[iron_ingot] x 10]>  eq=stone_pickaxe woodpick=1 stonepick=1 pick=0 iron=0 buck=0
[03:04:42] [main/INFO] (Minecraft) [CHAT] §2§l§o[TenorClef] §rT2 [HIST] 2:03.0 SNAP ph=IRON @118,53,-252 sky=7 wet=false ground=false pick=0 buck=0 iron=0 ore=10 rods=0 pearls=0 eyes=0 child=CollectIronIngotTask dbg=<Collecting 10 iron.: [[iron_ingot] x 10]>  mobs=none
[03:04:43] [main/INFO] (Minecraft) [CHAT] §2§l§o[TenorClef] §rRefreshed inventory...
[03:04:43] [main/INFO] (Minecraft) [CHAT] §2§l§o[TenorClef] §rT2 [NOW] t=2:03.8 ph=IRON @118,55,-254 do=<Collecting 10 iron.: [[iron_ingot] x 10]>  eq=dirt woodpick=1 stonepick=1 pick=0 iron=0 buck=0
[03:04:43] [main/INFO] (Minecraft) [STDOUT]: ALTO CLEF: WARNING: T2 [S130] START trigger=flips=4 ph=IRON prev=CollectIronIngotTask cycle=1 pos=118,56,-254 walls=4/4/3 sky=12 place=32 boxed=true hold=false cool=0 ban=0 startY=56 step=0
[03:04:43] [main/INFO] (Minecraft) [CHAT] §2§l§o[TenorClef] §cT2 [S130] START trigger=flips=4 ph=IRON prev=CollectIronIngotTask cycle=1 pos=118,56,-254 walls=4/4/3 sky=12 place=32 boxed=true hold=false cool=0 ban=0 startY=56 step=0§r
[03:04:43] [main/INFO] (Minecraft) [CHAT] §2§l§o[TenorClef] §rT2 [HIST] 2:04.2 FORCE S130 START trigger=flips=4 ph=IRON prev=CollectIronIngotTask cycle=1 pos=118,56,-254 walls=4/4/3 sky=12 place=32 boxed=true hold=false cool=0 ban=0 startY=56 step=0
[03:04:43] [main/INFO] (Minecraft) [CHAT] §2§l§o[TenorClef] §rT2 [HIST] 2:04.2 PILLAR START flips=4 prev=CollectIronIngotTask
[03:04:43] [main/INFO] (Minecraft) [CHAT] §2§l§o[TenorClef] §rT2 [HIST] 2:04.2 SOLVE S130 pillar-out @118,56,-254 ph=IRON flips=4
[03:04:43] [main/INFO] (Minecraft) [CHAT] §2§l§o[TenorClef] §rT2 [HIST] 2:04.2 CHILD CollectIronIngotTask -> HolePillarTask ph=IRON @118,56,-254 sky=12 wet=false ground=false pick=0 buck=0 iron=0 ore=10 rods=0 pearls=0 eyes=0
[03:04:43] [main/INFO] (Minecraft) [STDOUT]: ALTO CLEF: WARNING: T2 [S130] tick y=56 slot=0 air=true pos=118,56,-254 walls=4/4/3 sky=12 place=32 boxed=true hold=true cool=0 ban=0 startY=56 step=1
[03:04:43] [main/INFO] (Minecraft) [CHAT] §2§l§o[TenorClef] §cT2 [S130] tick y=56 slot=0 air=true pos=118,56,-254 walls=4/4/3 sky=12 place=32 boxed=true hold=true cool=0 ban=0 startY=56 step=1§r
[03:04:43] [main/INFO] (Minecraft) [CHAT] §2§l§o[TenorClef] §rT2 [HIST] 2:04.2 FORCE S130 tick y=56 slot=0 air=true pos=118,56,-254 walls=4/4/3 sky=12 place=32 boxed=true hold=true cool=0 ban=0 startY=56 step=1
[03:04:44] [main/INFO] (Minecraft) [CHAT] §2§l§o[TenorClef] §rT2 [NOW] t=2:04.8 ph=IRON @118,57,-254 do=<T2 pillar-out>  eq=cobblestone woodpick=1 stonepick=1 pick=0 iron=0 buck=0
[03:04:44] [main/INFO] (Minecraft) [STDOUT]: ALTO CLEF: WARNING: T2 [S180] marginal escape +2y free at y=58 startY=56 pos=118,58,-254 walls=2/2/4 sky=14 place=30 boxed=false hold=true cool=0 ban=0 startY=56 step=20
[03:04:44] [main/INFO] (Minecraft) [CHAT] §2§l§o[TenorClef] §cT2 [S180] marginal escape +2y free at y=58 startY=56 pos=118,58,-254 walls=2/2/4 sky=14 place=30 boxed=false hold=true cool=0 ban=0 startY=56 step=20§r
[03:04:44] [main/INFO] (Minecraft) [CHAT] §2§l§o[TenorClef] §rT2 [HIST] 2:05.2 FORCE S180 marginal escape +2y free at y=58 startY=56 pos=118,58,-254 walls=2/2/4 sky=14 place=30 boxed=false hold=true cool=0 ban=0 startY=56 step=20
[03:04:44] [main/INFO] (Minecraft) [STDOUT]: ALTO CLEF: WARNING: T2 [S139] rise pending +2y t=1 y=58 startY=56
[03:04:44] [main/INFO] (Minecraft) [CHAT] §2§l§o[TenorClef] §cT2 [S139] rise pending +2y t=1 y=58 startY=56§r
[03:04:44] [main/INFO] (Minecraft) [CHAT] §2§l§o[TenorClef] §rT2 [HIST] 2:05.2 FORCE S139 rise pending +2y t=1 y=58 startY=56
[03:04:44] [main/INFO] (Minecraft) [STDOUT]: ALTO CLEF: WARNING: T2 [S130] tick y=58 slot=0 air=true pos=118,58,-254 walls=2/2/4 sky=14 place=30 boxed=false hold=true cool=0 ban=0 startY=56 step=21
[03:04:44] [main/INFO] (Minecraft) [CHAT] §2§l§o[TenorClef] §cT2 [S130] tick y=58 slot=0 air=true pos=118,58,-254 walls=2/2/4 sky=14 place=30 boxed=false hold=true cool=0 ban=0 startY=56 step=21§r
[03:04:44] [main/INFO] (Minecraft) [CHAT] §2§l§o[TenorClef] §rT2 [HIST] 2:05.2 FORCE S130 tick y=58 slot=0 air=true pos=118,58,-254 walls=2/2/4 sky=14 place=30 boxed=false hold=true cool=0 ban=0 startY=56 step=21
[03:04:45] [main/INFO] (Minecraft) [STDOUT]: ALTO CLEF: WARNING: T2 [S139] rise confirmed +2y held 12t y=58 startY=56 pos=118,58,-254 walls=2/2/4 sky=14 place=29 boxed=false hold=true cool=0 ban=0 startY=56 step=31
[03:04:45] [main/INFO] (Minecraft) [CHAT] §2§l§o[TenorClef] §cT2 [S139] rise confirmed +2y held 12t y=58 startY=56 pos=118,58,-254 walls=2/2/4 sky=14 place=29 boxed=false hold=true cool=0 ban=0 startY=56 step=31§r
[03:04:45] [main/INFO] (Minecraft) [CHAT] §2§l§o[TenorClef] §rT2 [HIST] 2:05.7 FORCE S139 rise confirmed +2y held 12t y=58 startY=56 pos=118,58,-254 walls=2/2/4 sky=14 place=29 boxed=false hold=true cool=0 ban=0 startY=56 step=31
[03:04:45] [main/INFO] (Minecraft) [STDOUT]: ALTO CLEF: WARNING: T2 [S133] cool arm ticks=200 reason=risen y=58 startY=56 ban=118,58,-254 pos=118,58,-254 walls=2/2/4 sky=14 place=29 boxed=false hold=true cool=200 ban=200 startY=56 step=31
[03:04:45] [main/INFO] (Minecraft) [CHAT] §2§l§o[TenorClef] §cT2 [S133] cool arm ticks=200 reason=risen y=58 startY=56 ban=118,58,-254 pos=118,58,-254 walls=2/2/4 sky=14 place=29 boxed=false hold=true cool=200 ban=200 startY=56 step=31§r
[03:04:45] [main/INFO] (Minecraft) [CHAT] §2§l§o[TenorClef] §rT2 [HIST] 2:05.7 FORCE S133 cool arm ticks=200 reason=risen y=58 startY=56 ban=118,58,-254 pos=118,58,-254 walls=2/2/4 sky=14 place=29 boxed=false hold=true cool=200 ban=200 startY=56 step=31
[03:04:45] [main/INFO] (Minecraft) [STDOUT]: ALTO CLEF: WARNING: T2 [S136] END reason=risen y=58 startY=56 roseReal=true giveUp=true pos=118,58,-254 walls=2/2/4 sky=14 place=29 boxed=false hold=true cool=200 ban=200 startY=56 step=31
[03:04:45] [main/INFO] (Minecraft) [CHAT] §2§l§o[TenorClef] §cT2 [S136] END reason=risen y=58 startY=56 roseReal=true giveUp=true pos=118,58,-254 walls=2/2/4 sky=14 place=29 boxed=false hold=true cool=200 ban=200 startY=56 step=31§r
[03:04:45] [main/INFO] (Minecraft) [CHAT] §2§l§o[TenorClef] §rT2 [HIST] 2:05.7 FORCE S136 END reason=risen y=58 startY=56 roseReal=true giveUp=true pos=118,58,-254 walls=2/2/4 sky=14 place=29 boxed=false hold=true cool=200 ban=200 startY=56 step=31
[03:04:45] [main/INFO] (Minecraft) [CHAT] §2§l§o[TenorClef] §rT2 [HIST] 2:05.7 PILLAR END risen y=58 startY=56
[03:04:45] [main/INFO] (Minecraft) [CHAT] §2§l§o[TenorClef] §rT2 [HIST] 2:05.8 WHY iron: smelt 10 in one furnace
[03:04:45] [main/INFO] (Minecraft) [STDOUT]: ALTO CLEF: WARNING: T2 [S136] stick drop pillar -> CollectIronIngotTask finished=true hold=false cool=199 end=risen y=58 startY=56 pos=118,58,-254 walls=2/2/4 sky=14 place=29 boxed=false hold=false cool=199 ban=199 startY=- step=0
[03:04:45] [main/INFO] (Minecraft) [CHAT] §2§l§o[TenorClef] §cT2 [S136] stick drop pillar -> CollectIronIngotTask finished=true hold=false cool=199 end=risen y=58 startY=56 pos=118,58,-254 walls=2/2/4 sky=14 place=29 boxed=false hold=false cool=199 ban=199 startY=- step=0§r
[03:04:45] [main/INFO] (Minecraft) [CHAT] §2§l§o[TenorClef] §rT2 [HIST] 2:05.8 FORCE S136 stick drop pillar -> CollectIronIngotTask finished=true hold=false cool=199 end=risen y=58 startY=56 pos=118,58,-254 walls=2/2/4 sky=14 place=29 boxed=false hold=false cool=199 ban=199 startY=- step=0
[03:04:45] [main/INFO] (Minecraft) [CHAT] §2§l§o[TenorClef] §rT2 [HIST] 2:05.8 CHILD HolePillarTask -> CollectIronIngotTask ph=IRON @118,58,-254 sky=14 wet=false ground=true pick=0 buck=0 iron=0 ore=10 rods=0 pearls=0 eyes=0
[03:04:45] [main/INFO] (Minecraft) [STDOUT]: ALTO CLEF: WARNING: T2 [S136] onStop interrupt=CollectIronIngotTask finishWhy=givingUp cool=199 lastEnd=risen y=58 startY=56 pos=118,58,-254 walls=2/2/4 sky=14 place=29 boxed=false hold=false cool=199 ban=199 startY=- step=0
[03:04:45] [main/INFO] (Minecraft) [CHAT] §2§l§o[TenorClef] §cT2 [S136] onStop interrupt=CollectIronIngotTask finishWhy=givingUp cool=199 lastEnd=risen y=58 startY=56 pos=118,58,-254 walls=2/2/4 sky=14 place=29 boxed=false hold=false cool=199 ban=199 startY=- step=0§r
[03:04:45] [main/INFO] (Minecraft) [CHAT] §2§l§o[TenorClef] §rT2 [HIST] 2:05.8 FORCE S136 onStop interrupt=CollectIronIngotTask finishWhy=givingUp cool=199 lastEnd=risen y=58 startY=56 pos=118,58,-254 walls=2/2/4 sky=14 place=29 boxed=false hold=false cool=199 ban=199 startY=- step=0
[03:04:45] [main/INFO] (Minecraft) [CHAT] §2§l§o[TenorClef] §rT2 [NOW] t=2:05.8 ph=IRON @118,58,-254 do=<Collecting 10 iron.: [[iron_ingot] x 10]>  eq=cobblestone woodpick=1 stonepick=1 pick=0 iron=0 buck=0
[03:04:45] [main/INFO] (Minecraft) [CHAT] §2§l§o[TenorClef] §rT2 [HIST] 2:06.3 SNAP ph=IRON @119,58,-254 sky=15 wet=false ground=false pick=0 buck=0 iron=0 ore=10 rods=0 pearls=0 eyes=0 child=CollectIronIngotTask dbg=<Collecting 10 iron.: [[iron_ingot] x 10]>  mobs=none
[03:04:46] [main/INFO] (Minecraft) [CHAT] §2§l§o[TenorClef] §rT2 [NOW] t=2:06.8 ph=IRON @119,60,-254 do=<Collecting 10 iron.: [[iron_ingot] x 10]>  eq=dirt woodpick=1 stonepick=1 pick=0 iron=0 buck=0
[03:04:46] [main/INFO] (Minecraft) [CHAT] §2§l§o[TenorClef] §rT2 [HB] t=2:06.9 ph=IRON y=60 child=CollectIronIngotTask logs=2 pick=0 woodpick=1
[03:04:47] [main/INFO] (Minecraft) [CHAT] §2§l§o[TenorClef] §rT2 [NOW] t=2:07.8 ph=IRON @119,62,-254 do=<Collecting 10 iron.: [[iron_ingot] x 10]>  eq=air woodpick=1 stonepick=1 pick=0 iron=0 buck=0
[03:04:47] [main/INFO] (Minecraft) [STDOUT]: ALTO CLEF: WARNING: T2 [S135] S130 suppressed why=jump-pit-busy child=CollectIronIngotTask cool=154 ban=154 hold=false pos=119,62,-254 walls=4/4/4 sky=15 place=25 boxed=false hold=false cool=154 ban=154 startY=- step=0
[03:04:47] [main/INFO] (Minecraft) [CHAT] §2§l§o[TenorClef] §cT2 [S135] S130 suppressed why=jump-pit-busy child=CollectIronIngotTask cool=154 ban=154 hold=false pos=119,62,-254 walls=4/4/4 sky=15 place=25 boxed=false hold=false cool=154 ban=154 startY=- step=0§r
[03:04:47] [main/INFO] (Minecraft) [CHAT] §2§l§o[TenorClef] §rT2 [HIST] 2:08.0 FORCE S135 S130 suppressed why=jump-pit-busy child=CollectIronIngotTask cool=154 ban=154 hold=false pos=119,62,-254 walls=4/4/4 sky=15 place=25 boxed=false hold=false cool=154 ban=154 startY=- step=0
[03:04:47] [main/INFO] (Minecraft) [STDOUT]: ALTO CLEF: WARNING: T2 [S100] stop jump-walk @119,-254 ph=IRON child=CollectIronIngotTask esc=1
[03:04:47] [main/INFO] (Minecraft) [CHAT] §2§l§o[TenorClef] §cT2 [S100] stop jump-walk @119,-254 ph=IRON child=CollectIronIngotTask esc=1§r
[03:04:47] [main/INFO] (Minecraft) [CHAT] §2§l§o[TenorClef] §rT2 [HIST] 2:08.0 SOLVE S100 stop jump-walk @119,-254 ph=IRON child=CollectIronIngotTask esc=1
[03:04:47] [main/INFO] (Minecraft) [STDOUT]: ALTO CLEF: WARNING: T2 [S144] jump-stuck collector — replace CollectIronIngotTask with wander (esc=2)
[03:04:47] [main/INFO] (Minecraft) [CHAT] §2§l§o[TenorClef] §cT2 [S144] jump-stuck collector — replace CollectIronIngotTask with wander (esc=2)§r
[03:04:47] [main/INFO] (Minecraft) [CHAT] §2§l§o[TenorClef] §rT2 [HIST] 2:08.0 SOLVE S144 jump-stuck collector — replace CollectIronIngotTask with wander (esc=2)
[03:04:47] [main/INFO] (Minecraft) [CHAT] §2§l§o[TenorClef] §rT2 [HIST] 2:08.0 CHILD CollectIronIngotTask -> TimeoutWanderTask ph=IRON @119,62,-254 sky=15 wet=false ground=false pick=0 buck=0 iron=0 ore=10 rods=0 pearls=0 eyes=0
[03:04:47] [main/INFO] (Minecraft) [STDOUT]: ALTO CLEF: WARNING: T2 [S138] shaft ban clear left-y ban=118,58,-254 now=119,63,-254 manh=1 dy=5 left=153
[03:04:47] [main/INFO] (Minecraft) [CHAT] §2§l§o[TenorClef] §cT2 [S138] shaft ban clear left-y ban=118,58,-254 now=119,63,-254 manh=1 dy=5 left=153§r
[03:04:47] [main/INFO] (Minecraft) [CHAT] §2§l§o[TenorClef] §rT2 [HIST] 2:08.1 FORCE S138 shaft ban clear left-y ban=118,58,-254 now=119,63,-254 manh=1 dy=5 left=153
[03:04:48] [pool-5-thread-4/INFO] (Minecraft) [STDOUT]: 836352 movements considered
[03:04:48] [pool-5-thread-4/INFO] (Minecraft) [STDOUT]: Open set size: 14888
[03:04:48] [pool-5-thread-4/INFO] (Minecraft) [STDOUT]: PathNode map size: 52883
[03:04:48] [pool-5-thread-4/INFO] (Minecraft) [STDOUT]: 76032 nodes per second
[03:04:48] [pool-5-thread-4/INFO] (Minecraft) [STDOUT]: Path goes for 109.16959283610066 blocks
[03:04:48] [main/INFO] (Minecraft) [CHAT] §2§l§o[TenorClef] §rT2 [NOW] t=2:08.8 ph=IRON @119,62,-254 do=<Wander for Infinity blocks> Exploring. eq=cobblestone woodpick=1 stonepick=1 pick=0 iron=0 buck=0
[03:04:49] [main/INFO] (Minecraft) [CHAT] §2§l§o[TenorClef] §rT2 [HIST] 2:09.5 SNAP ph=IRON @119,64,-254 sky=15 wet=false ground=false pick=0 buck=0 iron=0 ore=10 rods=0 pearls=0 eyes=0 child=TimeoutWanderTask dbg=<Wander for Infinity blocks> Exploring. mobs=none
[03:04:49] [main/INFO] (Minecraft) [CHAT] §2§l§o[TenorClef] §rT2 [NOW] t=2:09.8 ph=IRON @119,64,-254 do=<Wander for Infinity blocks> Exploring. eq=cobblestone woodpick=1 stonepick=1 pick=0 iron=0 buck=0
[03:04:49] [main/INFO] (Minecraft) [STDOUT]: ALTO CLEF: WARNING: T2 [E100] jumps=14 @119,64,-254 ph=IRON child=TimeoutWanderTask
[03:04:49] [main/INFO] (Minecraft) [CHAT] §2§l§o[TenorClef] §cT2 [E100] jumps=14 @119,64,-254 ph=IRON child=TimeoutWanderTask§r
[03:04:49] [main/INFO] (Minecraft) [CHAT] §2§l§o[TenorClef] §rT2 [HIST] 2:10.0 [E100] jumps=14 @119,64,-254 ph=IRON child=TimeoutWanderTask
[03:04:50] [main/INFO] (Minecraft) [CHAT] §2§l§o[TenorClef] §rT2 [NOW] t=2:10.8 ph=IRON @119,65,-254 do=<Wander for Infinity blocks> Exploring. eq=cobblestone woodpick=1 stonepick=1 pick=0 iron=0 buck=0
[03:04:51] [main/INFO] (Minecraft) [CHAT] §2§l§o[TenorClef] §rT2 [NOW] t=2:11.8 ph=IRON @122,66,-254 do=<Wander for Infinity blocks> Exploring. eq=cobblestone woodpick=1 stonepick=1 pick=0 iron=0 buck=0
[03:04:52] [main/INFO] (Minecraft) [CHAT] §2§l§o[TenorClef] §rT2 [NOW] t=2:12.8 ph=IRON @128,64,-254 do=<Wander for Infinity blocks> Exploring. eq=cobblestone woodpick=1 stonepick=1 pick=0 iron=0 buck=0
[03:04:53] [main/INFO] (Minecraft) [CHAT] §2§l§o[TenorClef] §rT2 [NOW] t=2:13.8 ph=IRON @133,63,-254 do=<Wander for Infinity blocks> Exploring. eq=cobblestone woodpick=1 stonepick=1 pick=0 iron=0 buck=0
[03:04:54] [main/INFO] (Minecraft) [CHAT] §2§l§o[TenorClef] §rT2 [HIST] 2:14.5 SNAP ph=IRON @136,64,-254 sky=15 wet=false ground=false pick=0 buck=0 iron=0 ore=10 rods=0 pearls=0 eyes=0 child=TimeoutWanderTask dbg=<Wander for Infinity blocks> Exploring. mobs=none
[03:04:54] [main/INFO] (Minecraft) [CHAT] §2§l§o[TenorClef] §rT2 [NOW] t=2:14.8 ph=IRON @138,64,-254 do=<Wander for Infinity blocks> Exploring. eq=cobblestone woodpick=1 stonepick=1 pick=0 iron=0 buck=0
[03:04:55] [main/INFO] (Minecraft) [STDOUT]: ALTO CLEF: WARNING: T2 [S134] pillar cool expire after flips=4 end=risen y=58 startY=56
[03:04:55] [main/INFO] (Minecraft) [CHAT] §2§l§o[TenorClef] §cT2 [S134] pillar cool expire after flips=4 end=risen y=58 startY=56§r
[03:04:55] [main/INFO] (Minecraft) [CHAT] §2§l§o[TenorClef] §rT2 [HIST] 2:15.7 FORCE S134 pillar cool expire after flips=4 end=risen y=58 startY=56
[03:04:55] [main/INFO] (Minecraft) [STDOUT]: ALTO CLEF: WARNING: T2 [S138] shaft ban clear left-y ban=118,58,-254 now=141,64,-249 manh=28 dy=6 left=60
[03:04:55] [main/INFO] (Minecraft) [CHAT] §2§l§o[TenorClef] §cT2 [S138] shaft ban clear left-y ban=118,58,-254 now=141,64,-249 manh=28 dy=6 left=60§r
[03:04:55] [main/INFO] (Minecraft) [CHAT] §2§l§o[TenorClef] §rT2 [HIST] 2:15.8 FORCE S138 shaft ban clear left-y ban=118,58,-254 now=141,64,-249 manh=28 dy=6 left=60
[03:04:55] [main/INFO] (Minecraft) [CHAT] §2§l§o[TenorClef] §rT2 [NOW] t=2:15.8 ph=IRON @141,64,-249 do=<Wander for Infinity blocks> Exploring. eq=cobblestone woodpick=1 stonepick=1 pick=0 iron=0 buck=0
[03:04:55] [main/INFO] (Minecraft) [CHAT] §2§l§o[TenorClef] §rT2 [HB] t=2:15.8 ph=IRON y=64 child=TimeoutWanderTask logs=2 pick=0 woodpick=1
[03:04:55] [main/INFO] (Minecraft) [CHAT] §2§l§o[TenorClef] §rT2 [HIST] 2:16.1 WHY iron: smelt 10 in one furnace
[03:04:55] [main/INFO] (Minecraft) [CHAT] §2§l§o[TenorClef] §rT2 [HIST] 2:16.1 CHILD TimeoutWanderTask -> CollectIronIngotTask ph=IRON @141,64,-248 sky=15 wet=false ground=true pick=0 buck=0 iron=0 ore=10 rods=0 pearls=0 eyes=0
[03:04:55] [main/INFO] (Minecraft) [STDOUT]: ALTO CLEF: WARNING: T2 [S194] dig-down in progress y=64 child=CollectIronIngotTask - pillar/jump nudges stand aside
[03:04:55] [main/INFO] (Minecraft) [CHAT] §2§l§o[TenorClef] §cT2 [S194] dig-down in progress y=64 child=CollectIronIngotTask - pillar/jump nudges stand aside§r
[03:04:55] [main/INFO] (Minecraft) [CHAT] §2§l§o[TenorClef] §rT2 [HIST] 2:16.1 SOLVE S194 dig-down in progress y=64 child=CollectIronIngotTask - pillar/jump nudges stand aside
[03:04:56] [main/INFO] (Minecraft) [CHAT] §2§l§o[TenorClef] §rT2 [NOW] t=2:16.8 ph=IRON @140,64,-250 do=<Collecting 10 iron.: [[iron_ingot] x 10]>  eq=stone_pickaxe woodpick=1 stonepick=1 pick=0 iron=0 buck=0
[03:04:57] [main/INFO] (Minecraft) [CHAT] §2§l§o[TenorClef] §rT2 [HIST] 2:17.8 SNAP ph=IRON @137,64,-254 sky=15 wet=false ground=true pick=0 buck=0 iron=0 ore=10 rods=0 pearls=0 eyes=0 child=CollectIronIngotTask dbg=<Collecting 10 iron.: [[iron_ingot] x 10]>  mobs=none
[03:04:57] [main/INFO] (Minecraft) [CHAT] §2§l§o[TenorClef] §rT2 [NOW] t=2:17.8 ph=IRON @137,64,-254 do=<Collecting 10 iron.: [[iron_ingot] x 10]>  eq=stone_pickaxe woodpick=1 stonepick=1 pick=0 iron=0 buck=0
[03:04:58] [main/INFO] (Minecraft) [CHAT] §2§l§o[TenorClef] §rT2 [NOW] t=2:18.8 ph=IRON @131,64,-254 do=<Collecting 10 iron.: [[iron_ingot] x 10]>  eq=stone_pickaxe woodpick=1 stonepick=1 pick=0 iron=0 buck=0
[03:04:59] [main/INFO] (Minecraft) [CHAT] §2§l§o[TenorClef] §rT2 [NOW] t=2:19.8 ph=IRON @126,65,-255 do=<Collecting 10 iron.: [[iron_ingot] x 10]>  eq=stone_pickaxe woodpick=1 stonepick=1 pick=0 iron=0 buck=0
[03:04:59] [main/INFO] (Minecraft) [CHAT] §2§l§o[TenorClef] §rT2 [HIST] 2:20.1 WHY iron: smelt 10 in one furnace
[03:04:59] [main/INFO] (Minecraft) [CHAT] §2§l§o[TenorClef] §rT2 [HIST] 2:20.3 SNAP ph=IRON @125,66,-255 sky=15 wet=false ground=false pick=0 buck=0 iron=0 ore=10 rods=0 pearls=0 eyes=0 child=CollectIronIngotTask dbg=<Collecting 10 iron.: [[iron_ingot] x 10]>  mobs=none
[03:05:00] [main/INFO] (Minecraft) [CHAT] §2§l§o[TenorClef] §rT2 [NOW] t=2:20.8 ph=IRON @123,66,-256 do=<Collecting 10 iron.: [[iron_ingot] x 10]>  eq=stone_pickaxe woodpick=1 stonepick=1 pick=0 iron=0 buck=0
[03:05:01] [main/INFO] (Minecraft) [CHAT] §2§l§o[TenorClef] §rT2 [NOW] t=2:21.8 ph=IRON @119,68,-256 do=<Collecting 10 iron.: [[iron_ingot] x 10]>  eq=stone_pickaxe woodpick=1 stonepick=1 pick=0 iron=0 buck=0
[03:05:01] [main/INFO] (Minecraft) [CHAT] §2§l§o[TenorClef] §rPRESSED
[03:05:02] [main/INFO] (Minecraft) [CHAT] §2§l§o[TenorClef] §rT2 [HIST] 2:22.8 SNAP ph=IRON @119,68,-256 sky=15 wet=false ground=true pick=0 buck=0 iron=0 ore=10 rods=0 pearls=0 eyes=0 child=CollectIronIngotTask dbg=<Collecting 10 iron.: [[iron_ingot] x 10]>  mobs=none
[03:05:02] [main/INFO] (Minecraft) [CHAT] §2§l§o[TenorClef] §rT2 [NOW] t=2:22.8 ph=IRON @119,68,-256 do=<Collecting 10 iron.: [[iron_ingot] x 10]>  eq=stone_pickaxe woodpick=1 stonepick=1 pick=0 iron=0 buck=0
[03:05:03] [main/INFO] (Minecraft) [CHAT] §2§l§o[TenorClef] §rT2 [NOW] t=2:23.8 ph=IRON @119,68,-256 do=<Collecting 10 iron.: [[iron_ingot] x 10]>  eq=stone_pickaxe woodpick=1 stonepick=1 pick=0 iron=0 buck=0
[03:05:04] [main/INFO] (Minecraft) [CHAT] §2§l§o[TenorClef] §rT2 [NOW] t=2:24.8 ph=IRON @119,68,-256 do=<Collecting 10 iron.: [[iron_ingot] x 10]>  eq=stone_pickaxe woodpick=1 stonepick=1 pick=0 iron=0 buck=0
[03:05:04] [main/INFO] (Minecraft) [CHAT] §2§l§o[TenorClef] §rT2 [HIST] 2:25.3 SNAP ph=IRON @119,68,-256 sky=15 wet=false ground=true pick=0 buck=0 iron=0 ore=10 rods=0 pearls=0 eyes=0 child=CollectIronIngotTask dbg=<Collecting 10 iron.: [[iron_ingot] x 10]>  mobs=none
[03:05:05] [main/INFO] (Minecraft) [CHAT] §2§l§o[TenorClef] §rT2 [NOW] t=2:25.8 ph=IRON @119,68,-256 do=<Collecting 10 iron.: [[iron_ingot] x 10]>  eq=stone_pickaxe woodpick=1 stonepick=1 pick=0 iron=0 buck=0
[03:05:06] [main/INFO] (Minecraft) [CHAT] §2§l§o[TenorClef] §rT2 [NOW] t=2:26.8 ph=IRON @119,68,-256 do=<Collecting 10 iron.: [[iron_ingot] x 10]>  eq=stone_pickaxe woodpick=1 stonepick=1 pick=0 iron=0 buck=0
[03:05:07] [main/INFO] (Minecraft) [CHAT] §2§l§o[TenorClef] §rT2 [HIST] 2:27.8 SNAP ph=IRON @119,68,-256 sky=15 wet=false ground=true pick=0 buck=0 iron=0 ore=10 rods=0 pearls=0 eyes=0 child=CollectIronIngotTask dbg=<Collecting 10 iron.: [[iron_ingot] x 10]>  mobs=none
[03:05:07] [main/INFO] (Minecraft) [CHAT] §2§l§o[TenorClef] §rT2 [NOW] t=2:27.8 ph=IRON @119,68,-256 do=<Collecting 10 iron.: [[iron_ingot] x 10]>  eq=stone_pickaxe woodpick=1 stonepick=1 pick=0 iron=0 buck=0
[03:05:08] [main/INFO] (Minecraft) [CHAT] §2§l§o[TenorClef] §rT2 [NOW] t=2:28.8 ph=IRON @119,68,-256 do=<Collecting 10 iron.: [[iron_ingot] x 10]>  eq=stone_pickaxe woodpick=1 stonepick=1 pick=0 iron=0 buck=0
[03:05:09] [main/INFO] (Minecraft) [CHAT] §2§l§o[TenorClef] §rT2 [NOW] t=2:29.8 ph=IRON @119,68,-256 do=<Collecting 10 iron.: [[iron_ingot] x 10]>  eq=stone_pickaxe woodpick=1 stonepick=1 pick=0 iron=0 buck=0
[03:05:09] [main/INFO] (Minecraft) [CHAT] §2§l§o[TenorClef] §rT2 [HIST] 2:30.3 SNAP ph=IRON @119,68,-256 sky=15 wet=false ground=true pick=0 buck=0 iron=0 ore=10 rods=0 pearls=0 eyes=0 child=CollectIronIngotTask dbg=<Collecting 10 iron.: [[iron_ingot] x 10]>  mobs=none
[03:05:10] [main/INFO] (Minecraft) [CHAT] §2§l§o[TenorClef] §rT2 [NOW] t=2:30.8 ph=IRON @119,68,-256 do=<Collecting 10 iron.: [[iron_ingot] x 10]>  eq=stone_pickaxe woodpick=1 stonepick=1 pick=0 iron=0 buck=0
[03:05:11] [main/INFO] (Minecraft) [CHAT] §2§l§o[TenorClef] §rT2 [NOW] t=2:31.8 ph=IRON @119,68,-256 do=<Collecting 10 iron.: [[iron_ingot] x 10]>  eq=stone_pickaxe woodpick=1 stonepick=1 pick=0 iron=0 buck=0
[03:05:12] [main/INFO] (Minecraft) [CHAT] §2§l§o[TenorClef] §rT2 [HIST] 2:32.8 SNAP ph=IRON @119,68,-256 sky=15 wet=false ground=true pick=0 buck=0 iron=0 ore=10 rods=0 pearls=0 eyes=0 child=CollectIronIngotTask dbg=<Collecting 10 iron.: [[iron_ingot] x 10]>  mobs=none
[03:05:12] [main/INFO] (Minecraft) [CHAT] §2§l§o[TenorClef] §rT2 [NOW] t=2:32.8 ph=IRON @119,68,-256 do=<Collecting 10 iron.: [[iron_ingot] x 10]>  eq=stone_pickaxe woodpick=1 stonepick=1 pick=0 iron=0 buck=0
[03:05:13] [main/INFO] (Minecraft) [CHAT] §2§l§o[TenorClef] §rT2 [NOW] t=2:33.8 ph=IRON @119,68,-256 do=<Collecting 10 iron.: [[iron_ingot] x 10]>  eq=stone_pickaxe woodpick=1 stonepick=1 pick=0 iron=1 buck=0
[03:05:14] [main/INFO] (Minecraft) [CHAT] §2§l§o[TenorClef] §rT2 [NOW] t=2:34.8 ph=IRON @119,68,-256 do=<Collecting 10 iron.: [[iron_ingot] x 10]>  eq=stone_pickaxe woodpick=1 stonepick=1 pick=0 iron=1 buck=0
[03:05:14] [main/INFO] (Minecraft) [CHAT] §2§l§o[TenorClef] §rT2 [HIST] 2:35.3 SNAP ph=IRON @119,68,-256 sky=15 wet=false ground=true pick=0 buck=0 iron=1 ore=9 rods=0 pearls=0 eyes=0 child=CollectIronIngotTask dbg=<Collecting 10 iron.: [[iron_ingot] x 10]>  mobs=none
[03:05:15] [main/INFO] (Minecraft) [CHAT] §2§l§o[TenorClef] §rT2 [NOW] t=2:35.8 ph=IRON @119,68,-256 do=<Collecting 10 iron.: [[iron_ingot] x 10]>  eq=stone_pickaxe woodpick=1 stonepick=1 pick=0 iron=1 buck=0
[03:05:16] [main/INFO] (Minecraft) [CHAT] §2§l§o[TenorClef] §rT2 [NOW] t=2:36.8 ph=IRON @119,68,-256 do=<Collecting 10 iron.: [[iron_ingot] x 10]>  eq=stone_pickaxe woodpick=1 stonepick=1 pick=0 iron=1 buck=0
[03:05:17] [main/INFO] (Minecraft) [CHAT] §2§l§o[TenorClef] §rT2 [HIST] 2:37.8 SNAP ph=IRON @119,68,-256 sky=15 wet=false ground=true pick=0 buck=0 iron=1 ore=9 rods=0 pearls=0 eyes=0 child=CollectIronIngotTask dbg=<Collecting 10 iron.: [[iron_ingot] x 10]>  mobs=none
[03:05:17] [main/INFO] (Minecraft) [CHAT] §2§l§o[TenorClef] §rT2 [NOW] t=2:37.8 ph=IRON @119,68,-256 do=<Collecting 10 iron.: [[iron_ingot] x 10]>  eq=stone_pickaxe woodpick=1 stonepick=1 pick=0 iron=1 buck=0
[03:05:18] [main/INFO] (Minecraft) [CHAT] §2§l§o[TenorClef] §rT2 [NOW] t=2:38.8 ph=IRON @119,68,-256 do=<Collecting 10 iron.: [[iron_ingot] x 10]>  eq=stone_pickaxe woodpick=1 stonepick=1 pick=0 iron=1 buck=0
[03:05:19] [main/INFO] (Minecraft) [CHAT] §2§l§o[TenorClef] §rT2 [NOW] t=2:39.8 ph=IRON @119,68,-256 do=<Collecting 10 iron.: [[iron_ingot] x 10]>  eq=stone_pickaxe woodpick=1 stonepick=1 pick=0 iron=1 buck=0
[03:05:19] [main/INFO] (Minecraft) [CHAT] §2§l§o[TenorClef] §rT2 [HIST] 2:40.3 SNAP ph=IRON @119,68,-256 sky=15 wet=false ground=true pick=0 buck=0 iron=1 ore=9 rods=0 pearls=0 eyes=0 child=CollectIronIngotTask dbg=<Collecting 10 iron.: [[iron_ingot] x 10]>  mobs=none
[03:05:20] [main/INFO] (Minecraft) [CHAT] §2§l§o[TenorClef] §rT2 [NOW] t=2:40.8 ph=IRON @119,68,-256 do=<Collecting 10 iron.: [[iron_ingot] x 10]>  eq=stone_pickaxe woodpick=1 stonepick=1 pick=0 iron=1 buck=0
[03:05:21] [main/INFO] (Minecraft) [CHAT] §2§l§o[TenorClef] §rT2 [NOW] t=2:41.8 ph=IRON @119,68,-256 do=<Collecting 10 iron.: [[iron_ingot] x 10]>  eq=stone_pickaxe woodpick=1 stonepick=1 pick=0 iron=1 buck=0
[03:05:22] [main/INFO] (Minecraft) [CHAT] §2§l§o[TenorClef] §rT2 [HIST] 2:42.8 SNAP ph=IRON @119,68,-256 sky=15 wet=false ground=true pick=0 buck=0 iron=1 ore=9 rods=0 pearls=0 eyes=0 child=CollectIronIngotTask dbg=<Collecting 10 iron.: [[iron_ingot] x 10]>  mobs=none
[03:05:22] [main/INFO] (Minecraft) [CHAT] §2§l§o[TenorClef] §rT2 [NOW] t=2:42.8 ph=IRON @119,68,-256 do=<Collecting 10 iron.: [[iron_ingot] x 10]>  eq=stone_pickaxe woodpick=1 stonepick=1 pick=0 iron=1 buck=0
[03:05:23] [main/INFO] (Minecraft) [CHAT] §2§l§o[TenorClef] §rT2 [NOW] t=2:43.8 ph=IRON @119,68,-256 do=<Collecting 10 iron.: [[iron_ingot] x 10]>  eq=stone_pickaxe woodpick=1 stonepick=1 pick=0 iron=2 buck=0
[03:05:24] [main/INFO] (Minecraft) [CHAT] §2§l§o[TenorClef] §rT2 [NOW] t=2:44.8 ph=IRON @119,68,-256 do=<Collecting 10 iron.: [[iron_ingot] x 10]>  eq=stone_pickaxe woodpick=1 stonepick=1 pick=0 iron=2 buck=0
[03:05:24] [main/INFO] (Minecraft) [CHAT] §2§l§o[TenorClef] §rT2 [HIST] 2:45.3 SNAP ph=IRON @119,68,-256 sky=15 wet=false ground=true pick=0 buck=0 iron=2 ore=8 rods=0 pearls=0 eyes=0 child=CollectIronIngotTask dbg=<Collecting 10 iron.: [[iron_ingot] x 10]>  mobs=none
[03:05:25] [main/INFO] (Minecraft) [CHAT] §2§l§o[TenorClef] §rT2 [NOW] t=2:45.8 ph=IRON @119,68,-256 do=<Collecting 10 iron.: [[iron_ingot] x 10]>  eq=stone_pickaxe woodpick=1 stonepick=1 pick=0 iron=2 buck=0
[03:05:26] [main/INFO] (Minecraft) [CHAT] §2§l§o[TenorClef] §rT2 [NOW] t=2:46.8 ph=IRON @119,68,-256 do=<Collecting 10 iron.: [[iron_ingot] x 10]>  eq=stone_pickaxe woodpick=1 stonepick=1 pick=0 iron=2 buck=0
[03:05:27] [main/INFO] (Minecraft) [CHAT] §2§l§o[TenorClef] §rT2 [HIST] 2:47.8 SNAP ph=IRON @119,68,-256 sky=15 wet=false ground=true pick=0 buck=0 iron=2 ore=8 rods=0 pearls=0 eyes=0 child=CollectIronIngotTask dbg=<Collecting 10 iron.: [[iron_ingot] x 10]>  mobs=none
[03:05:27] [main/INFO] (Minecraft) [CHAT] §2§l§o[TenorClef] §rT2 [NOW] t=2:47.8 ph=IRON @119,68,-256 do=<Collecting 10 iron.: [[iron_ingot] x 10]>  eq=stone_pickaxe woodpick=1 stonepick=1 pick=0 iron=2 buck=0
[03:05:28] [main/INFO] (Minecraft) [CHAT] §2§l§o[TenorClef] §rT2 [NOW] t=2:48.8 ph=IRON @119,68,-256 do=<Collecting 10 iron.: [[iron_ingot] x 10]>  eq=stone_pickaxe woodpick=1 stonepick=1 pick=0 iron=2 buck=0
[03:05:29] [main/INFO] (Minecraft) [CHAT] §2§l§o[TenorClef] §rT2 [NOW] t=2:49.8 ph=IRON @119,68,-256 do=<Collecting 10 iron.: [[iron_ingot] x 10]>  eq=stone_pickaxe woodpick=1 stonepick=1 pick=0 iron=2 buck=0
[03:05:29] [main/INFO] (Minecraft) [CHAT] §2§l§o[TenorClef] §rT2 [HIST] 2:50.3 SNAP ph=IRON @119,68,-256 sky=15 wet=false ground=true pick=0 buck=0 iron=2 ore=8 rods=0 pearls=0 eyes=0 child=CollectIronIngotTask dbg=<Collecting 10 iron.: [[iron_ingot] x 10]>  mobs=none
[03:05:30] [main/INFO] (Minecraft) [CHAT] §2§l§o[TenorClef] §rT2 [NOW] t=2:50.8 ph=IRON @119,68,-256 do=<Collecting 10 iron.: [[iron_ingot] x 10]>  eq=stone_pickaxe woodpick=1 stonepick=1 pick=0 iron=2 buck=0
[03:05:31] [main/INFO] (Minecraft) [CHAT] §2§l§o[TenorClef] §rT2 [NOW] t=2:51.8 ph=IRON @119,68,-256 do=<Collecting 10 iron.: [[iron_ingot] x 10]>  eq=stone_pickaxe woodpick=1 stonepick=1 pick=0 iron=2 buck=0
[03:05:31] [main/INFO] (Minecraft) [STDOUT]: ALTO CLEF: WARNING: T2 [S184] slow GUI @119,68,-256 age=30s child=CollectIronIngotTask
[03:05:31] [main/INFO] (Minecraft) [CHAT] §2§l§o[TenorClef] §cT2 [S184] slow GUI @119,68,-256 age=30s child=CollectIronIngotTask§r
[03:05:31] [main/INFO] (Minecraft) [CHAT] §2§l§o[TenorClef] §rT2 [HIST] 2:52.2 SOLVE S184 slow GUI @119,68,-256 age=30s child=CollectIronIngotTask
[03:05:31] [main/INFO] (Minecraft) [CHAT] §2§l§o[TenorClef] §rT2 [HIST] 2:52.2 WHY iron: smelt 10 in one furnace
[03:05:32] [main/INFO] (Minecraft) [STDOUT]: ALTO CLEF: WARNING: T2 [S194] dig-down in progress y=67 child=CollectIronIngotTask - pillar/jump nudges stand aside
[03:05:32] [main/INFO] (Minecraft) [CHAT] §2§l§o[TenorClef] §cT2 [S194] dig-down in progress y=67 child=CollectIronIngotTask - pillar/jump nudges stand aside§r
[03:05:32] [main/INFO] (Minecraft) [CHAT] §2§l§o[TenorClef] §rT2 [HIST] 2:52.4 SOLVE S194 dig-down in progress y=67 child=CollectIronIngotTask - pillar/jump nudges stand aside
[03:05:32] [main/INFO] (Minecraft) [CHAT] §2§l§o[TenorClef] §rT2 [HIST] 2:52.8 SNAP ph=IRON @118,67,-259 sky=15 wet=false ground=true pick=0 buck=0 iron=2 ore=8 rods=0 pearls=0 eyes=0 child=CollectIronIngotTask dbg=<Collecting 10 iron.: [[iron_ingot] x 10]>  mobs=none
[03:05:32] [main/INFO] (Minecraft) [CHAT] §2§l§o[TenorClef] §rT2 [NOW] t=2:52.8 ph=IRON @118,67,-259 do=<Collecting 10 iron.: [[iron_ingot] x 10]>  eq=stone_pickaxe woodpick=1 stonepick=1 pick=0 iron=2 buck=0
[03:05:33] [main/INFO] (Minecraft) [CHAT] §2§l§o[TenorClef] §rT2 [NOW] t=2:53.8 ph=IRON @118,66,-261 do=<Collecting 10 iron.: [[iron_ingot] x 10]>  eq=stone_pickaxe woodpick=1 stonepick=1 pick=0 iron=3 buck=0
[03:05:34] [main/INFO] (Minecraft) [CHAT] §2§l§o[TenorClef] §rT2 [NOW] t=2:54.8 ph=IRON @118,66,-261 do=<Collecting 10 iron.: [[iron_ingot] x 10]>  eq=stone_pickaxe woodpick=1 stonepick=1 pick=0 iron=3 buck=0
[03:05:34] [main/INFO] (Minecraft) [CHAT] §2§l§o[TenorClef] §rT2 [HIST] 2:55.3 SNAP ph=IRON @118,66,-261 sky=15 wet=false ground=true pick=0 buck=0 iron=3 ore=7 rods=0 pearls=0 eyes=0 child=CollectIronIngotTask dbg=<Collecting 10 iron.: [[iron_ingot] x 10]>  mobs=none
[03:05:35] [main/INFO] (Minecraft) [CHAT] §2§l§o[TenorClef] §rT2 [NOW] t=2:55.8 ph=IRON @118,66,-261 do=<Collecting 10 iron.: [[iron_ingot] x 10]>  eq=stone_pickaxe woodpick=1 stonepick=1 pick=0 iron=3 buck=0
[03:05:35] [main/INFO] (Minecraft) [CHAT] §2§l§o[TenorClef] §rT2 [HIST] 2:56.2 WHY iron: smelt 10 in one furnace
[03:05:36] [main/INFO] (Minecraft) [CHAT] §2§l§o[TenorClef] §rT2 [NOW] t=2:56.8 ph=IRON @118,66,-261 do=<Collecting 10 iron.: [[iron_ingot] x 10]>  eq=stone_pickaxe woodpick=1 stonepick=1 pick=0 iron=3 buck=0
[03:05:37] [main/INFO] (Minecraft) [CHAT] §2§l§o[TenorClef] §rT2 [HIST] 2:57.8 SNAP ph=IRON @118,66,-261 sky=15 wet=false ground=true pick=0 buck=0 iron=3 ore=7 rods=0 pearls=0 eyes=0 child=CollectIronIngotTask dbg=<Collecting 10 iron.: [[iron_ingot] x 10]>  mobs=none
[03:05:37] [main/INFO] (Minecraft) [CHAT] §2§l§o[TenorClef] §rT2 [NOW] t=2:57.8 ph=IRON @118,66,-261 do=<Collecting 10 iron.: [[iron_ingot] x 10]>  eq=stone_pickaxe woodpick=1 stonepick=1 pick=0 iron=3 buck=0
[03:05:38] [main/INFO] (Minecraft) [CHAT] §2§l§o[TenorClef] §rT2 [NOW] t=2:58.8 ph=IRON @118,66,-261 do=<Collecting 10 iron.: [[iron_ingot] x 10]>  eq=stone_pickaxe woodpick=1 stonepick=1 pick=0 iron=3 buck=0
[03:05:39] [main/INFO] (Minecraft) [CHAT] §2§l§o[TenorClef] §rT2 [NOW] t=2:59.8 ph=IRON @118,66,-261 do=<Collecting 10 iron.: [[iron_ingot] x 10]>  eq=stone_pickaxe woodpick=1 stonepick=1 pick=0 iron=3 buck=0
[03:05:39] [main/INFO] (Minecraft) [CHAT] §2§l§o[TenorClef] §rT2 [HIST] 3:00.3 SNAP ph=IRON @118,66,-261 sky=15 wet=false ground=true pick=0 buck=0 iron=3 ore=7 rods=0 pearls=0 eyes=0 child=CollectIronIngotTask dbg=<Collecting 10 iron.: [[iron_ingot] x 10]>  mobs=none
[03:05:40] [main/INFO] (Minecraft) [CHAT] §2§l§o[TenorClef] §rT2 [NOW] t=3:00.8 ph=IRON @118,66,-261 do=<Collecting 10 iron.: [[iron_ingot] x 10]>  eq=stone_pickaxe woodpick=1 stonepick=1 pick=0 iron=3 buck=0
[03:05:41] [main/INFO] (Minecraft) [CHAT] §2§l§o[TenorClef] §rT2 [NOW] t=3:01.8 ph=IRON @118,66,-261 do=<Collecting 10 iron.: [[iron_ingot] x 10]>  eq=stone_pickaxe woodpick=1 stonepick=1 pick=0 iron=3 buck=0
[03:05:42] [main/INFO] (Minecraft) [CHAT] §2§l§o[TenorClef] §rT2 [HIST] 3:02.8 SNAP ph=IRON @118,66,-261 sky=15 wet=false ground=true pick=0 buck=0 iron=3 ore=7 rods=0 pearls=0 eyes=0 child=CollectIronIngotTask dbg=<Collecting 10 iron.: [[iron_ingot] x 10]>  mobs=none
[03:05:42] [main/INFO] (Minecraft) [CHAT] §2§l§o[TenorClef] §rT2 [NOW] t=3:02.8 ph=IRON @118,66,-261 do=<Collecting 10 iron.: [[iron_ingot] x 10]>  eq=stone_pickaxe woodpick=1 stonepick=1 pick=0 iron=3 buck=0
[03:05:43] [main/INFO] (Minecraft) [CHAT] §2§l§o[TenorClef] §rT2 [NOW] t=3:03.8 ph=IRON @118,66,-261 do=<Collecting 10 iron.: [[iron_ingot] x 10]>  eq=stone_pickaxe woodpick=1 stonepick=1 pick=0 iron=4 buck=0
[03:05:44] [main/INFO] (Minecraft) [CHAT] §2§l§o[TenorClef] §rT2 [NOW] t=3:04.8 ph=IRON @118,66,-261 do=<Collecting 10 iron.: [[iron_ingot] x 10]>  eq=stone_pickaxe woodpick=1 stonepick=1 pick=0 iron=4 buck=0
[03:05:44] [main/INFO] (Minecraft) [CHAT] §2§l§o[TenorClef] §rT2 [HIST] 3:05.3 SNAP ph=IRON @118,66,-261 sky=15 wet=false ground=true pick=0 buck=0 iron=4 ore=6 rods=0 pearls=0 eyes=0 child=CollectIronIngotTask dbg=<Collecting 10 iron.: [[iron_ingot] x 10]>  mobs=none
[03:05:45] [main/INFO] (Minecraft) [CHAT] §2§l§o[TenorClef] §rT2 [NOW] t=3:05.8 ph=IRON @118,66,-261 do=<Collecting 10 iron.: [[iron_ingot] x 10]>  eq=stone_pickaxe woodpick=1 stonepick=1 pick=0 iron=4 buck=0
[03:05:46] [main/INFO] (Minecraft) [CHAT] §2§l§o[TenorClef] §rT2 [NOW] t=3:06.8 ph=IRON @118,66,-261 do=<Collecting 10 iron.: [[iron_ingot] x 10]>  eq=stone_pickaxe woodpick=1 stonepick=1 pick=0 iron=4 buck=0
[03:05:47] [main/INFO] (Minecraft) [CHAT] §2§l§o[TenorClef] §rT2 [HIST] 3:07.8 SNAP ph=IRON @118,66,-261 sky=15 wet=false ground=true pick=0 buck=0 iron=4 ore=6 rods=0 pearls=0 eyes=0 child=CollectIronIngotTask dbg=<Collecting 10 iron.: [[iron_ingot] x 10]>  mobs=none
[03:05:47] [main/INFO] (Minecraft) [CHAT] §2§l§o[TenorClef] §rT2 [NOW] t=3:07.8 ph=IRON @118,66,-261 do=<Collecting 10 iron.: [[iron_ingot] x 10]>  eq=stone_pickaxe woodpick=1 stonepick=1 pick=0 iron=4 buck=0
[03:05:48] [main/INFO] (Minecraft) [CHAT] §2§l§o[TenorClef] §rT2 [NOW] t=3:08.8 ph=IRON @118,66,-261 do=<Collecting 10 iron.: [[iron_ingot] x 10]>  eq=stone_pickaxe woodpick=1 stonepick=1 pick=0 iron=4 buck=0
[03:05:49] [main/INFO] (Minecraft) [CHAT] §2§l§o[TenorClef] §rT2 [NOW] t=3:09.8 ph=IRON @118,66,-261 do=<Collecting 10 iron.: [[iron_ingot] x 10]>  eq=stone_pickaxe woodpick=1 stonepick=1 pick=0 iron=4 buck=0
[03:05:49] [main/INFO] (Minecraft) [CHAT] §2§l§o[TenorClef] §rT2 [HIST] 3:10.3 SNAP ph=IRON @118,66,-261 sky=15 wet=false ground=true pick=0 buck=0 iron=4 ore=6 rods=0 pearls=0 eyes=0 child=CollectIronIngotTask dbg=<Collecting 10 iron.: [[iron_ingot] x 10]>  mobs=none
[03:05:50] [main/INFO] (Minecraft) [CHAT] §2§l§o[TenorClef] §rT2 [NOW] t=3:10.8 ph=IRON @118,66,-261 do=<Collecting 10 iron.: [[iron_ingot] x 10]>  eq=stone_pickaxe woodpick=1 stonepick=1 pick=0 iron=4 buck=0
[03:05:51] [main/INFO] (Minecraft) [CHAT] §2§l§o[TenorClef] §rT2 [NOW] t=3:11.8 ph=IRON @118,66,-261 do=<Collecting 10 iron.: [[iron_ingot] x 10]>  eq=stone_pickaxe woodpick=1 stonepick=1 pick=0 iron=4 buck=0
[03:05:52] [main/INFO] (Minecraft) [CHAT] §2§l§o[TenorClef] §rT2 [HIST] 3:12.8 SNAP ph=IRON @118,66,-261 sky=15 wet=false ground=true pick=0 buck=0 iron=4 ore=6 rods=0 pearls=0 eyes=0 child=CollectIronIngotTask dbg=<Collecting 10 iron.: [[iron_ingot] x 10]>  mobs=none
[03:05:52] [main/INFO] (Minecraft) [CHAT] §2§l§o[TenorClef] §rT2 [NOW] t=3:12.8 ph=IRON @118,66,-261 do=<Collecting 10 iron.: [[iron_ingot] x 10]>  eq=stone_pickaxe woodpick=1 stonepick=1 pick=0 iron=4 buck=0
[03:05:53] [main/INFO] (Minecraft) [CHAT] §2§l§o[TenorClef] §rT2 [NOW] t=3:13.8 ph=IRON @118,66,-261 do=<Collecting 10 iron.: [[iron_ingot] x 10]>  eq=stone_pickaxe woodpick=1 stonepick=1 pick=0 iron=5 buck=0
[03:05:54] [main/INFO] (Minecraft) [CHAT] §2§l§o[TenorClef] §rT2 [NOW] t=3:14.8 ph=IRON @118,66,-261 do=<Collecting 10 iron.: [[iron_ingot] x 10]>  eq=stone_pickaxe woodpick=1 stonepick=1 pick=0 iron=5 buck=0
[03:05:54] [main/INFO] (Minecraft) [CHAT] §2§l§o[TenorClef] §rT2 [HIST] 3:15.3 SNAP ph=IRON @118,66,-261 sky=15 wet=false ground=true pick=0 buck=0 iron=5 ore=5 rods=0 pearls=0 eyes=0 child=CollectIronIngotTask dbg=<Collecting 10 iron.: [[iron_ingot] x 10]>  mobs=none
[03:05:55] [main/INFO] (Minecraft) [CHAT] §2§l§o[TenorClef] §rT2 [NOW] t=3:15.8 ph=IRON @118,66,-261 do=<Collecting 10 iron.: [[iron_ingot] x 10]>  eq=stone_pickaxe woodpick=1 stonepick=1 pick=0 iron=5 buck=0
[03:05:56] [main/INFO] (Minecraft) [CHAT] §2§l§o[TenorClef] §rT2 [NOW] t=3:16.8 ph=IRON @118,66,-261 do=<Collecting 10 iron.: [[iron_ingot] x 10]>  eq=stone_pickaxe woodpick=1 stonepick=1 pick=0 iron=5 buck=0
[03:05:57] [main/INFO] (Minecraft) [CHAT] §2§l§o[TenorClef] §rT2 [HIST] 3:17.8 SNAP ph=IRON @118,66,-261 sky=15 wet=false ground=true pick=0 buck=0 iron=5 ore=5 rods=0 pearls=0 eyes=0 child=CollectIronIngotTask dbg=<Collecting 10 iron.: [[iron_ingot] x 10]>  mobs=none
[03:05:57] [main/INFO] (Minecraft) [CHAT] §2§l§o[TenorClef] §rT2 [NOW] t=3:17.8 ph=IRON @118,66,-261 do=<Collecting 10 iron.: [[iron_ingot] x 10]>  eq=stone_pickaxe woodpick=1 stonepick=1 pick=0 iron=5 buck=0
[03:05:58] [main/INFO] (Minecraft) [CHAT] §2§l§o[TenorClef] §rT2 [NOW] t=3:18.8 ph=IRON @118,66,-261 do=<Collecting 10 iron.: [[iron_ingot] x 10]>  eq=stone_pickaxe woodpick=1 stonepick=1 pick=0 iron=5 buck=0
[03:05:59] [main/INFO] (Minecraft) [CHAT] §2§l§o[TenorClef] §rT2 [NOW] t=3:19.8 ph=IRON @118,66,-261 do=<Collecting 10 iron.: [[iron_ingot] x 10]>  eq=stone_pickaxe woodpick=1 stonepick=1 pick=0 iron=5 buck=0
[03:05:59] [main/INFO] (Minecraft) [CHAT] §2§l§o[TenorClef] §rT2 [HIST] 3:20.3 SNAP ph=IRON @118,66,-261 sky=15 wet=false ground=true pick=0 buck=0 iron=5 ore=5 rods=0 pearls=0 eyes=0 child=CollectIronIngotTask dbg=<Collecting 10 iron.: [[iron_ingot] x 10]>  mobs=none
[03:06:00] [main/INFO] (Minecraft) [CHAT] §2§l§o[TenorClef] §rT2 [NOW] t=3:20.8 ph=IRON @118,66,-261 do=<Collecting 10 iron.: [[iron_ingot] x 10]>  eq=stone_pickaxe woodpick=1 stonepick=1 pick=0 iron=5 buck=0
[03:06:01] [main/INFO] (Minecraft) [CHAT] §2§l§o[TenorClef] §rT2 [NOW] t=3:21.8 ph=IRON @118,66,-261 do=<Collecting 10 iron.: [[iron_ingot] x 10]>  eq=stone_pickaxe woodpick=1 stonepick=1 pick=0 iron=5 buck=0
[03:06:01] [main/INFO] (Minecraft) [STDOUT]: ALTO CLEF: WARNING: T2 [S184] slow GUI @118,66,-261 age=30s child=CollectIronIngotTask
[03:06:01] [main/INFO] (Minecraft) [CHAT] §2§l§o[TenorClef] §cT2 [S184] slow GUI @118,66,-261 age=30s child=CollectIronIngotTask§r
[03:06:01] [main/INFO] (Minecraft) [CHAT] §2§l§o[TenorClef] §rT2 [HIST] 3:22.2 SOLVE S184 slow GUI @118,66,-261 age=30s child=CollectIronIngotTask
[03:06:01] [main/INFO] (Minecraft) [CHAT] §2§l§o[TenorClef] §rT2 [HIST] 3:22.2 WHY iron: smelt 10 in one furnace
[03:06:02] [main/INFO] (Minecraft) [CHAT] §2§l§o[TenorClef] §rT2 [HIST] 3:22.8 SNAP ph=IRON @120,66,-262 sky=15 wet=false ground=true pick=0 buck=0 iron=5 ore=5 rods=0 pearls=0 eyes=0 child=CollectIronIngotTask dbg=<Collecting 10 iron.: [[iron_ingot] x 10]>  mobs=none
[03:06:02] [main/INFO] (Minecraft) [CHAT] §2§l§o[TenorClef] §rT2 [NOW] t=3:22.8 ph=IRON @120,66,-262 do=<Collecting 10 iron.: [[iron_ingot] x 10]>  eq=stone_pickaxe woodpick=1 stonepick=1 pick=0 iron=5 buck=0
[03:06:02] [main/INFO] (Minecraft) [STDOUT]: ALTO CLEF: WARNING: T2 [S194] dig-down in progress y=65 child=CollectIronIngotTask - pillar/jump nudges stand aside
[03:06:02] [main/INFO] (Minecraft) [CHAT] §2§l§o[TenorClef] §cT2 [S194] dig-down in progress y=65 child=CollectIronIngotTask - pillar/jump nudges stand aside§r
[03:06:02] [main/INFO] (Minecraft) [CHAT] §2§l§o[TenorClef] §rT2 [HIST] 3:22.9 SOLVE S194 dig-down in progress y=65 child=CollectIronIngotTask - pillar/jump nudges stand aside
[03:06:02] [main/INFO] (Minecraft) [CHAT] §2§l§o[TenorClef] §rRefreshed inventory...
[03:06:03] [main/INFO] (Minecraft) [CHAT] §2§l§o[TenorClef] §rT2 [NOW] t=3:23.8 ph=IRON @121,64,-262 do=<Collecting 10 iron.: [[iron_ingot] x 10]> Picking up eq=dirt woodpick=1 stonepick=1 pick=0 iron=0 buck=0
[03:06:04] [main/INFO] (Minecraft) [CHAT] §2§l§o[TenorClef] §rT2 [NOW] t=3:24.8 ph=IRON @121,65,-263 do=<Collecting 10 iron.: [[iron_ingot] x 10]> Picking up eq=stone_pickaxe woodpick=1 stonepick=1 pick=0 iron=0 buck=0
[03:06:04] [main/INFO] (Minecraft) [CHAT] §2§l§o[TenorClef] §rT2 [HIST] 3:25.3 SNAP ph=IRON @121,65,-263 sky=15 wet=false ground=true pick=0 buck=0 iron=0 ore=0 rods=0 pearls=0 eyes=0 child=CollectIronIngotTask dbg=<Collecting 10 iron.: [[iron_ingot] x 10]> Picking up mobs=none
[03:06:05] [Server thread/INFO] (Minecraft) Player433 has made the advancement [Acquire Hardware]
[03:06:05] [main/INFO] (Minecraft) [CHAT] Player433 has made the advancement [Acquire Hardware]
[03:06:05] [main/INFO] (Minecraft) Loaded 107 advancements
[03:06:05] [main/INFO] (Minecraft) [CHAT] §2§l§o[TenorClef] §rT2 [NOW] t=3:25.8 ph=IRON @121,64,-263 do=<Collecting 10 iron.: [[iron_ingot] x 10]> Picking up eq=stone_pickaxe woodpick=1 stonepick=1 pick=0 iron=6 buck=0
[03:06:05] [main/INFO] (Minecraft) [CHAT] §2§l§o[TenorClef] §rT2 [HIST] 3:26.3 WHY iron: smelt 10 in one furnace
[03:06:06] [main/INFO] (Minecraft) [CHAT] §2§l§o[TenorClef] §rT2 [NOW] t=3:26.8 ph=IRON @119,66,-262 do=<Collecting 10 iron.: [[iron_ingot] x 10]> Picking up eq=stone_pickaxe woodpick=1 stonepick=1 pick=0 iron=6 buck=0
[03:06:07] [main/INFO] (Minecraft) [CHAT] §2§l§o[TenorClef] §rT2 [HIST] 3:27.8 SNAP ph=IRON @117,68,-262 sky=15 wet=false ground=false pick=0 buck=0 iron=6 ore=0 rods=0 pearls=0 eyes=0 child=CollectIronIngotTask dbg=<Collecting 10 iron.: [[iron_ingot] x 10]> Picking up mobs=none
[03:06:07] [main/INFO] (Minecraft) [CHAT] §2§l§o[TenorClef] §rT2 [NOW] t=3:27.8 ph=IRON @117,68,-262 do=<Collecting 10 iron.: [[iron_ingot] x 10]> Picking up eq=stone_pickaxe woodpick=1 stonepick=1 pick=0 iron=6 buck=0
[03:06:08] [main/INFO] (Minecraft) [CHAT] §2§l§o[TenorClef] §rT2 [NOW] t=3:28.8 ph=IRON @113,69,-261 do=<Collecting 10 iron.: [[iron_ingot] x 10]> Picking up eq=stone_pickaxe woodpick=1 stonepick=1 pick=0 iron=6 buck=0
[03:06:09] [main/INFO] (Minecraft) [STDOUT]: ALTO CLEF: WARNING: T2 [S194] dig-down in progress y=68 child=CollectIronIngotTask - pillar/jump nudges stand aside
[03:06:09] [main/INFO] (Minecraft) [CHAT] §2§l§o[TenorClef] §cT2 [S194] dig-down in progress y=68 child=CollectIronIngotTask - pillar/jump nudges stand aside§r
[03:06:09] [main/INFO] (Minecraft) [CHAT] §2§l§o[TenorClef] §rT2 [HIST] 3:29.4 SOLVE S194 dig-down in progress y=68 child=CollectIronIngotTask - pillar/jump nudges stand aside
[03:06:09] [main/INFO] (Minecraft) [CHAT] §2§l§o[TenorClef] §rT2 [NOW] t=3:29.8 ph=IRON @111,66,-260 do=<Collecting 10 iron.: [[iron_ingot] x 10]> Picking up eq=cobblestone woodpick=1 stonepick=1 pick=0 iron=6 buck=0
[03:06:09] [main/INFO] (Minecraft) [CHAT] §2§l§o[TenorClef] §rT2 [HIST] 3:30.3 SNAP ph=IRON @111,66,-260 sky=9 wet=false ground=true pick=0 buck=0 iron=6 ore=0 rods=0 pearls=0 eyes=0 child=CollectIronIngotTask dbg=<Collecting 10 iron.: [[iron_ingot] x 10]> Picking up mobs=none
[03:06:09] [main/INFO] (Minecraft) [CHAT] §2§l§o[TenorClef] §rT2 [HIST] 3:30.3 WHY iron: smelt 10 in one furnace
[03:06:10] [main/INFO] (Minecraft) [CHAT] §2§l§o[TenorClef] §rT2 [NOW] t=3:30.8 ph=IRON @111,66,-260 do=<Collecting 10 iron.: [[iron_ingot] x 10]> Picking up eq=cobblestone woodpick=1 stonepick=1 pick=0 iron=6 buck=0
[03:06:11] [main/INFO] (Minecraft) [CHAT] §2§l§o[TenorClef] §rT2 [NOW] t=3:31.8 ph=IRON @111,65,-260 do=<Collecting 10 iron.: [[iron_ingot] x 10]> Picking up eq=cobblestone woodpick=1 stonepick=1 pick=0 iron=6 buck=0
[03:06:12] [main/INFO] (Minecraft) [CHAT] §2§l§o[TenorClef] §rT2 [HIST] 3:32.8 SNAP ph=IRON @111,64,-260 sky=7 wet=false ground=true pick=0 buck=0 iron=6 ore=0 rods=0 pearls=0 eyes=0 child=CollectIronIngotTask dbg=<Collecting 10 iron.: [[iron_ingot] x 10]> Picking up mobs=none
[03:06:12] [main/INFO] (Minecraft) [CHAT] §2§l§o[TenorClef] §rT2 [NOW] t=3:32.8 ph=IRON @111,64,-260 do=<Collecting 10 iron.: [[iron_ingot] x 10]> Picking up eq=cobblestone woodpick=1 stonepick=1 pick=0 iron=6 buck=0
[03:06:13] [main/INFO] (Minecraft) [STDOUT]: ALTO CLEF: WARNING: T2 [E100] jumps=8 @111,63,-260 ph=IRON child=CollectIronIngotTask
[03:06:13] [main/INFO] (Minecraft) [CHAT] §2§l§o[TenorClef] §cT2 [E100] jumps=8 @111,63,-260 ph=IRON child=CollectIronIngotTask§r
[03:06:13] [main/INFO] (Minecraft) [CHAT] §2§l§o[TenorClef] §rT2 [HIST] 3:33.3 [E100] jumps=8 @111,63,-260 ph=IRON child=CollectIronIngotTask
[03:06:13] [main/INFO] (Minecraft) [CHAT] §2§l§o[TenorClef] §rT2 [NOW] t=3:33.8 ph=IRON @111,63,-260 do=<Collecting 10 iron.: [[iron_ingot] x 10]> Picking up eq=stone_pickaxe woodpick=1 stonepick=1 pick=0 iron=6 buck=0
[03:06:14] [main/INFO] (Minecraft) [CHAT] §2§l§o[TenorClef] §rT2 [HIST] 3:34.3 WHY iron: smelt 10 in one furnace
[03:06:14] [main/INFO] (Minecraft) [CHAT] §2§l§o[TenorClef] §rT2 [NOW] t=3:34.8 ph=IRON @111,61,-260 do=<Collecting 10 iron.: [[iron_ingot] x 10]> Picking up eq=stone_pickaxe woodpick=1 stonepick=1 pick=0 iron=6 buck=0
[03:06:14] [main/INFO] (Minecraft) [CHAT] §2§l§o[TenorClef] §rT2 [HIST] 3:35.3 SNAP ph=IRON @111,61,-260 sky=4 wet=false ground=true pick=0 buck=0 iron=6 ore=0 rods=0 pearls=0 eyes=0 child=CollectIronIngotTask dbg=<Collecting 10 iron.: [[iron_ingot] x 10]> Picking up mobs=none
[03:06:14] [main/INFO] (Minecraft) [STDOUT]: ALTO CLEF: WARNING: T2 [E70] iron stall 6s @111,-260 — clear blacklist + re-pick ore
[03:06:14] [main/INFO] (Minecraft) [CHAT] §2§l§o[TenorClef] §cT2 [E70] iron stall 6s @111,-260 — clear blacklist + re-pick ore§r
[03:06:15] [main/INFO] (Minecraft) [CHAT] §2§l§o[TenorClef] §rT2 [HB] t=3:35.7 ph=IRON y=61 child=CollectIronIngotTask logs=2 pick=0 woodpick=1
[03:06:15] [main/INFO] (Minecraft) [CHAT] §2§l§o[TenorClef] §rT2 [NOW] t=3:35.8 ph=IRON @111,60,-260 do=<Collecting 10 iron.: [[iron_ingot] x 10]> Picking up eq=stone_pickaxe woodpick=1 stonepick=1 pick=0 iron=6 buck=0
[03:06:15] [main/INFO] (Minecraft) [CHAT] §2§l§o[TenorClef] §rT2 [HIST] 3:35.9 [E100] jumps=6 @111,60,-260 ph=IRON child=CollectIronIngotTask
[03:06:16] [main/INFO] (Minecraft) [CHAT] §2§l§o[TenorClef] §rT2 [NOW] t=3:36.8 ph=IRON @111,59,-260 do=<Collecting 10 iron.: [[iron_ingot] x 10]> Picking up eq=stone_pickaxe woodpick=1 stonepick=1 pick=0 iron=6 buck=0
[03:06:17] [main/INFO] (Minecraft) [CHAT] §2§l§o[TenorClef] §rT2 [HIST] 3:37.8 SNAP ph=IRON @111,59,-260 sky=2 wet=false ground=true pick=0 buck=0 iron=6 ore=0 rods=0 pearls=0 eyes=0 child=CollectIronIngotTask dbg=<Collecting 10 iron.: [[iron_ingot] x 10]> Picking up mobs=none
[03:06:17] [main/INFO] (Minecraft) [CHAT] §2§l§o[TenorClef] §rT2 [NOW] t=3:37.8 ph=IRON @111,59,-260 do=<Collecting 10 iron.: [[iron_ingot] x 10]> Picking up eq=stone_pickaxe woodpick=1 stonepick=1 pick=0 iron=6 buck=0
[03:06:18] [main/INFO] (Minecraft) [CHAT] §2§l§o[TenorClef] §rT2 [HIST] 3:38.4 WHY iron: smelt 10 in one furnace
[03:06:18] [main/INFO] (Minecraft) [CHAT] §2§l§o[TenorClef] §rT2 [NOW] t=3:38.8 ph=IRON @111,58,-260 do=<Collecting 10 iron.: [[iron_ingot] x 10]> Picking up eq=stone_pickaxe woodpick=1 stonepick=1 pick=0 iron=6 buck=0
[03:06:19] [main/INFO] (Minecraft) [CHAT] §2§l§o[TenorClef] §rT2 [NOW] t=3:39.8 ph=IRON @111,57,-260 do=<Collecting 10 iron.: [[iron_ingot] x 10]> Picking up eq=stone_pickaxe woodpick=1 stonepick=1 pick=0 iron=6 buck=0
[03:06:19] [main/INFO] (Minecraft) [STDOUT]: ALTO CLEF: WARNING: T2 [E100] jumps=6 @111,57,-260 ph=IRON child=CollectIronIngotTask
[03:06:19] [main/INFO] (Minecraft) [CHAT] §2§l§o[TenorClef] §cT2 [E100] jumps=6 @111,57,-260 ph=IRON child=CollectIronIngotTask§r
[03:06:19] [main/INFO] (Minecraft) [CHAT] §2§l§o[TenorClef] §rT2 [HIST] 3:40.0 [E100] jumps=6 @111,57,-260 ph=IRON child=CollectIronIngotTask
[03:06:19] [main/INFO] (Minecraft) [CHAT] §2§l§o[TenorClef] §rT2 [HIST] 3:40.3 SNAP ph=IRON @111,57,-260 sky=0 wet=false ground=true pick=0 buck=0 iron=6 ore=2 rods=0 pearls=0 eyes=0 child=CollectIronIngotTask dbg=<Collecting 10 iron.: [[iron_ingot] x 10]> Picking up mobs=none
[03:06:20] [main/INFO] (Minecraft) [CHAT] §2§l§o[TenorClef] §rT2 [HB] t=3:40.7 ph=IRON y=57 child=CollectIronIngotTask logs=2 pick=0 woodpick=1
[03:06:20] [main/INFO] (Minecraft) [CHAT] §2§l§o[TenorClef] §rT2 [NOW] t=3:40.8 ph=IRON @111,57,-260 do=<Collecting 10 iron.: [[iron_ingot] x 10]> Picking up eq=stone_pickaxe woodpick=1 stonepick=1 pick=0 iron=6 buck=0
[03:06:21] [main/INFO] (Minecraft) [CHAT] §2§l§o[TenorClef] §rT2 [NOW] t=3:41.8 ph=IRON @111,57,-260 do=<Collecting 10 iron.: [[iron_ingot] x 10]> Picking up eq=stone_pickaxe woodpick=1 stonepick=1 pick=0 iron=6 buck=0
[03:06:22] [main/INFO] (Minecraft) [CHAT] §2§l§o[TenorClef] §rT2 [HIST] 3:42.4 WHY iron: smelt 10 in one furnace
[03:06:22] [main/INFO] (Minecraft) [CHAT] §2§l§o[TenorClef] §rT2 [HIST] 3:42.8 SNAP ph=IRON @111,57,-260 sky=0 wet=false ground=true pick=0 buck=0 iron=6 ore=3 rods=0 pearls=0 eyes=0 child=CollectIronIngotTask dbg=<Collecting 10 iron.: [[iron_ingot] x 10]> Picking up mobs=none
[03:06:22] [main/INFO] (Minecraft) [CHAT] §2§l§o[TenorClef] §rT2 [NOW] t=3:42.8 ph=IRON @111,57,-260 do=<Collecting 10 iron.: [[iron_ingot] x 10]> Picking up eq=stone_pickaxe woodpick=1 stonepick=1 pick=0 iron=6 buck=0
[03:06:22] [main/INFO] (Minecraft) [STDOUT]: ALTO CLEF: WARNING: T2 [S100] stop jump-walk @111,-260 ph=IRON child=CollectIronIngotTask esc=0
[03:06:22] [main/INFO] (Minecraft) [CHAT] §2§l§o[TenorClef] §cT2 [S100] stop jump-walk @111,-260 ph=IRON child=CollectIronIngotTask esc=0§r
[03:06:22] [main/INFO] (Minecraft) [CHAT] §2§l§o[TenorClef] §rT2 [HIST] 3:42.8 SOLVE S100 stop jump-walk @111,-260 ph=IRON child=CollectIronIngotTask esc=0
[03:06:23] [main/INFO] (Minecraft) [CHAT] §2§l§o[TenorClef] §rMineAndCollect: equip item.minecraft.stone_pickaxe for block.minecraft.coal_ore
[03:06:23] [main/INFO] (Minecraft) [CHAT] §2§l§o[TenorClef] §rMineAndCollect: equip item.minecraft.stone_pickaxe for block.minecraft.coal_ore
[03:06:23] [main/INFO] (Minecraft) [CHAT] §2§l§o[TenorClef] §rMineAndCollect: equip item.minecraft.stone_pickaxe for block.minecraft.coal_ore
[03:06:23] [main/INFO] (Minecraft) [CHAT] §2§l§o[TenorClef] §rMineAndCollect: equip item.minecraft.stone_pickaxe for block.minecraft.coal_ore
[03:06:23] [main/INFO] (Minecraft) [CHAT] §2§l§o[TenorClef] §rT2 [NOW] t=3:43.8 ph=IRON @111,58,-260 do=<Collecting 10 iron.: [[iron_ingot] x 10]> Picking up eq=dirt woodpick=1 stonepick=1 pick=0 iron=6 buck=0
[03:06:23] [main/INFO] (Minecraft) [CHAT] §2§l§o[TenorClef] §rMineAndCollect: equip item.minecraft.stone_pickaxe for block.minecraft.coal_ore
[03:06:23] [main/INFO] (Minecraft) [CHAT] §2§l§o[TenorClef] §rMineAndCollect: equip item.minecraft.stone_pickaxe for block.minecraft.coal_ore
[03:06:24] [main/INFO] (Minecraft) [CHAT] §2§l§o[TenorClef] §rT2 [NOW] t=3:44.8 ph=IRON @111,58,-260 do=<Collecting 10 iron.: [[iron_ingot] x 10]> Picking up eq=stone_pickaxe woodpick=1 stonepick=1 pick=0 iron=6 buck=0
[03:06:24] [main/INFO] (Minecraft) [CHAT] §2§l§o[TenorClef] §rT2 [HIST] 3:45.3 SNAP ph=IRON @111,58,-260 sky=1 wet=false ground=true pick=0 buck=0 iron=6 ore=4 rods=0 pearls=0 eyes=0 child=CollectIronIngotTask dbg=<Collecting 10 iron.: [[iron_ingot] x 10]> Picking up mobs=none
[03:06:25] [main/INFO] (Minecraft) [CHAT] §2§l§o[TenorClef] §rT2 [HB] t=3:45.7 ph=IRON y=59 child=CollectIronIngotTask logs=2 pick=0 woodpick=1
[03:06:25] [main/INFO] (Minecraft) [CHAT] §2§l§o[TenorClef] §rT2 [NOW] t=3:45.8 ph=IRON @110,59,-260 do=<Collecting 10 iron.: [[iron_ingot] x 10]> Picking up eq=stone_pickaxe woodpick=1 stonepick=1 pick=0 iron=6 buck=0
[03:06:26] [main/INFO] (Minecraft) [CHAT] §2§l§o[TenorClef] §rT2 [HIST] 3:46.4 WHY iron: smelt 10 in one furnace
[03:06:26] [main/INFO] (Minecraft) [CHAT] §2§l§o[TenorClef] §rT2 [NOW] t=3:46.8 ph=IRON @110,59,-260 do=<Collecting 10 iron.: [[iron_ingot] x 10]> Picking up eq=stone_pickaxe woodpick=1 stonepick=1 pick=0 iron=6 buck=0
[03:06:27] [main/INFO] (Minecraft) [CHAT] §2§l§o[TenorClef] §rT2 [HIST] 3:47.8 SNAP ph=IRON @110,59,-260 sky=1 wet=false ground=true pick=0 buck=0 iron=6 ore=4 rods=0 pearls=0 eyes=0 child=CollectIronIngotTask dbg=<Collecting 10 iron.: [[iron_ingot] x 10]> Picking up mobs=none
[03:06:27] [main/INFO] (Minecraft) [CHAT] §2§l§o[TenorClef] §rT2 [NOW] t=3:47.8 ph=IRON @110,59,-260 do=<Collecting 10 iron.: [[iron_ingot] x 10]> Picking up eq=stone_pickaxe woodpick=1 stonepick=1 pick=0 iron=6 buck=0
[03:06:28] [main/INFO] (Minecraft) [CHAT] §2§l§o[TenorClef] §rT2 [NOW] t=3:48.8 ph=IRON @110,59,-260 do=<Collecting 10 iron.: [[iron_ingot] x 10]> Picking up eq=stone_pickaxe woodpick=1 stonepick=1 pick=0 iron=6 buck=0
[03:06:29] [main/INFO] (Minecraft) [STDOUT]: ALTO CLEF: WARNING: T2 [E70] iron stall 6s @110,-260 — clear blacklist + re-pick ore
[03:06:29] [main/INFO] (Minecraft) [CHAT] §2§l§o[TenorClef] §cT2 [E70] iron stall 6s @110,-260 — clear blacklist + re-pick ore§r
[03:06:29] [main/INFO] (Minecraft) [CHAT] §2§l§o[TenorClef] §rT2 [NOW] t=3:49.8 ph=IRON @110,59,-260 do=<Collecting 10 iron.: [[iron_ingot] x 10]> Picking up eq=stone_pickaxe woodpick=1 stonepick=1 pick=0 iron=6 buck=0
[03:06:29] [main/INFO] (Minecraft) [CHAT] §2§l§o[TenorClef] §rT2 [HIST] 3:50.3 SNAP ph=IRON @110,59,-260 sky=1 wet=false ground=true pick=0 buck=0 iron=6 ore=4 rods=0 pearls=0 eyes=0 child=CollectIronIngotTask dbg=<Collecting 10 iron.: [[iron_ingot] x 10]> Picking up mobs=none
[03:06:30] [main/INFO] (Minecraft) [CHAT] §2§l§o[TenorClef] §rT2 [NOW] t=3:50.8 ph=IRON @111,60,-260 do=<Collecting 10 iron.: [[iron_ingot] x 10]> Picking up eq=dirt woodpick=1 stonepick=1 pick=0 iron=6 buck=0
[03:06:31] [main/INFO] (Minecraft) [STDOUT]: ALTO CLEF: WARNING: T2 [S130] START trigger=flips=4 ph=IRON prev=CollectIronIngotTask cycle=1 pos=111,62,-260 walls=4/4/3 sky=5 place=23 boxed=true hold=false cool=0 ban=0 startY=62 step=0
[03:06:31] [main/INFO] (Minecraft) [CHAT] §2§l§o[TenorClef] §cT2 [S130] START trigger=flips=4 ph=IRON prev=CollectIronIngotTask cycle=1 pos=111,62,-260 walls=4/4/3 sky=5 place=23 boxed=true hold=false cool=0 ban=0 startY=62 step=0§r
[03:06:31] [main/INFO] (Minecraft) [CHAT] §2§l§o[TenorClef] §rT2 [HIST] 3:51.4 FORCE S130 START trigger=flips=4 ph=IRON prev=CollectIronIngotTask cycle=1 pos=111,62,-260 walls=4/4/3 sky=5 place=23 boxed=true hold=false cool=0 ban=0 startY=62 step=0
[03:06:31] [main/INFO] (Minecraft) [CHAT] §2§l§o[TenorClef] §rT2 [HIST] 3:51.4 PILLAR START flips=4 prev=CollectIronIngotTask
[03:06:31] [main/INFO] (Minecraft) [CHAT] §2§l§o[TenorClef] §rT2 [HIST] 3:51.4 SOLVE S130 pillar-out @111,62,-260 ph=IRON flips=4
[03:06:31] [main/INFO] (Minecraft) [CHAT] §2§l§o[TenorClef] §rT2 [HIST] 3:51.4 CHILD CollectIronIngotTask -> HolePillarTask ph=IRON @111,62,-260 sky=5 wet=false ground=false pick=0 buck=0 iron=6 ore=4 rods=0 pearls=0 eyes=0
[03:06:31] [main/INFO] (Minecraft) [STDOUT]: ALTO CLEF: WARNING: T2 [S130] tick y=62 slot=0 air=true pos=111,62,-260 walls=4/4/3 sky=5 place=23 boxed=true hold=true cool=0 ban=0 startY=62 step=1
[03:06:31] [main/INFO] (Minecraft) [CHAT] §2§l§o[TenorClef] §cT2 [S130] tick y=62 slot=0 air=true pos=111,62,-260 walls=4/4/3 sky=5 place=23 boxed=true hold=true cool=0 ban=0 startY=62 step=1§r
[03:06:31] [main/INFO] (Minecraft) [CHAT] §2§l§o[TenorClef] §rT2 [HIST] 3:51.4 FORCE S130 tick y=62 slot=0 air=true pos=111,62,-260 walls=4/4/3 sky=5 place=23 boxed=true hold=true cool=0 ban=0 startY=62 step=1
[03:06:31] [main/INFO] (Minecraft) [CHAT] §2§l§o[TenorClef] §rT2 [NOW] t=3:51.8 ph=IRON @111,62,-260 do=<T2 pillar-out>  eq=cobblestone woodpick=1 stonepick=1 pick=0 iron=6 buck=0
[03:06:32] [main/INFO] (Minecraft) [STDOUT]: ALTO CLEF: WARNING: T2 [S130] tick y=64 slot=0 air=true pos=111,64,-260 walls=4/4/4 sky=7 place=21 boxed=true hold=true cool=0 ban=0 startY=62 step=21
[03:06:32] [main/INFO] (Minecraft) [CHAT] §2§l§o[TenorClef] §cT2 [S130] tick y=64 slot=0 air=true pos=111,64,-260 walls=4/4/4 sky=7 place=21 boxed=true hold=true cool=0 ban=0 startY=62 step=21§r
[03:06:32] [main/INFO] (Minecraft) [CHAT] §2§l§o[TenorClef] §rT2 [HIST] 3:52.4 FORCE S130 tick y=64 slot=0 air=true pos=111,64,-260 walls=4/4/4 sky=7 place=21 boxed=true hold=true cool=0 ban=0 startY=62 step=21
[03:06:32] [main/INFO] (Minecraft) [CHAT] §2§l§o[TenorClef] §rT2 [NOW] t=3:52.8 ph=IRON @111,64,-260 do=<T2 pillar-out>  eq=cobblestone woodpick=1 stonepick=1 pick=0 iron=6 buck=0
[03:06:33] [main/INFO] (Minecraft) [STDOUT]: ALTO CLEF: WARNING: T2 [S139] rise confirmed +4y y=66 startY=62 pos=111,66,-260 walls=4/3/4 sky=9 place=19 boxed=false hold=true cool=0 ban=0 startY=62 step=40
[03:06:33] [main/INFO] (Minecraft) [CHAT] §2§l§o[TenorClef] §cT2 [S139] rise confirmed +4y y=66 startY=62 pos=111,66,-260 walls=4/3/4 sky=9 place=19 boxed=false hold=true cool=0 ban=0 startY=62 step=40§r
[03:06:33] [main/INFO] (Minecraft) [CHAT] §2§l§o[TenorClef] §rT2 [HIST] 3:53.4 FORCE S139 rise confirmed +4y y=66 startY=62 pos=111,66,-260 walls=4/3/4 sky=9 place=19 boxed=false hold=true cool=0 ban=0 startY=62 step=40
[03:06:33] [main/INFO] (Minecraft) [STDOUT]: ALTO CLEF: WARNING: T2 [S133] cool arm ticks=80 reason=risen y=66 startY=62 ban=111,66,-260 pos=111,66,-260 walls=4/3/4 sky=9 place=19 boxed=false hold=true cool=80 ban=80 startY=62 step=40
[03:06:33] [main/INFO] (Minecraft) [CHAT] §2§l§o[TenorClef] §cT2 [S133] cool arm ticks=80 reason=risen y=66 startY=62 ban=111,66,-260 pos=111,66,-260 walls=4/3/4 sky=9 place=19 boxed=false hold=true cool=80 ban=80 startY=62 step=40§r
[03:06:33] [main/INFO] (Minecraft) [CHAT] §2§l§o[TenorClef] §rT2 [HIST] 3:53.4 FORCE S133 cool arm ticks=80 reason=risen y=66 startY=62 ban=111,66,-260 pos=111,66,-260 walls=4/3/4 sky=9 place=19 boxed=false hold=true cool=80 ban=80 startY=62 step=40
[03:06:33] [main/INFO] (Minecraft) [STDOUT]: ALTO CLEF: WARNING: T2 [S136] END reason=risen y=66 startY=62 roseReal=true giveUp=true pos=111,66,-260 walls=4/3/4 sky=9 place=19 boxed=false hold=true cool=80 ban=80 startY=62 step=40
[03:06:33] [main/INFO] (Minecraft) [CHAT] §2§l§o[TenorClef] §cT2 [S136] END reason=risen y=66 startY=62 roseReal=true giveUp=true pos=111,66,-260 walls=4/3/4 sky=9 place=19 boxed=false hold=true cool=80 ban=80 startY=62 step=40§r
[03:06:33] [main/INFO] (Minecraft) [CHAT] §2§l§o[TenorClef] §rT2 [HIST] 3:53.4 FORCE S136 END reason=risen y=66 startY=62 roseReal=true giveUp=true pos=111,66,-260 walls=4/3/4 sky=9 place=19 boxed=false hold=true cool=80 ban=80 startY=62 step=40
[03:06:33] [main/INFO] (Minecraft) [CHAT] §2§l§o[TenorClef] §rT2 [HIST] 3:53.4 PILLAR END risen y=66 startY=62
[03:06:33] [main/INFO] (Minecraft) [CHAT] §2§l§o[TenorClef] §rT2 [HIST] 3:53.5 WHY iron: smelt 10 in one furnace
[03:06:33] [main/INFO] (Minecraft) [STDOUT]: ALTO CLEF: WARNING: T2 [S136] stick drop pillar -> CollectIronIngotTask finished=true hold=false cool=79 end=risen y=66 startY=62 pos=111,66,-260 walls=4/3/4 sky=9 place=19 boxed=false hold=false cool=79 ban=79 startY=- step=0
[03:06:33] [main/INFO] (Minecraft) [CHAT] §2§l§o[TenorClef] §cT2 [S136] stick drop pillar -> CollectIronIngotTask finished=true hold=false cool=79 end=risen y=66 startY=62 pos=111,66,-260 walls=4/3/4 sky=9 place=19 boxed=false hold=false cool=79 ban=79 startY=- step=0§r
[03:06:33] [main/INFO] (Minecraft) [CHAT] §2§l§o[TenorClef] §rT2 [HIST] 3:53.5 FORCE S136 stick drop pillar -> CollectIronIngotTask finished=true hold=false cool=79 end=risen y=66 startY=62 pos=111,66,-260 walls=4/3/4 sky=9 place=19 boxed=false hold=false cool=79 ban=79 startY=- step=0
[03:06:33] [main/INFO] (Minecraft) [CHAT] §2§l§o[TenorClef] §rT2 [HIST] 3:53.5 CHILD HolePillarTask -> CollectIronIngotTask ph=IRON @111,66,-260 sky=9 wet=false ground=false pick=0 buck=0 iron=6 ore=4 rods=0 pearls=0 eyes=0
[03:06:33] [main/INFO] (Minecraft) [STDOUT]: ALTO CLEF: WARNING: T2 [S136] onStop interrupt=CollectIronIngotTask finishWhy=givingUp cool=79 lastEnd=risen y=66 startY=62 pos=111,66,-260 walls=4/3/4 sky=9 place=19 boxed=false hold=false cool=79 ban=79 startY=- step=0
[03:06:33] [main/INFO] (Minecraft) [CHAT] §2§l§o[TenorClef] §cT2 [S136] onStop interrupt=CollectIronIngotTask finishWhy=givingUp cool=79 lastEnd=risen y=66 startY=62 pos=111,66,-260 walls=4/3/4 sky=9 place=19 boxed=false hold=false cool=79 ban=79 startY=- step=0§r
[03:06:33] [main/INFO] (Minecraft) [CHAT] §2§l§o[TenorClef] §rT2 [HIST] 3:53.5 FORCE S136 onStop interrupt=CollectIronIngotTask finishWhy=givingUp cool=79 lastEnd=risen y=66 startY=62 pos=111,66,-260 walls=4/3/4 sky=9 place=19 boxed=false hold=false cool=79 ban=79 startY=- step=0
[03:06:33] [main/INFO] (Minecraft) [CHAT] §2§l§o[TenorClef] §rT2 [HIST] 3:53.8 SNAP ph=IRON @111,66,-260 sky=9 wet=false ground=false pick=0 buck=0 iron=6 ore=4 rods=0 pearls=0 eyes=0 child=CollectIronIngotTask dbg=<Collecting 10 iron.: [[iron_ingot] x 10]>  mobs=none
[03:06:33] [main/INFO] (Minecraft) [CHAT] §2§l§o[TenorClef] §rT2 [NOW] t=3:53.8 ph=IRON @111,66,-260 do=<Collecting 10 iron.: [[iron_ingot] x 10]>  eq=cobblestone woodpick=1 stonepick=1 pick=0 iron=6 buck=0
[03:06:33] [main/INFO] (Minecraft) [STDOUT]: ALTO CLEF: WARNING: T2 [S109] equip pick for mining (was holding cobblestone)
[03:06:33] [main/INFO] (Minecraft) [CHAT] §2§l§o[TenorClef] §cT2 [S109] equip pick for mining (was holding cobblestone)§r
[03:06:33] [main/INFO] (Minecraft) [CHAT] §2§l§o[TenorClef] §rT2 [HIST] 3:54.0 SOLVE S109 equip pick for mining (was holding cobblestone)
[03:06:34] [main/INFO] (Minecraft) [STDOUT]: ALTO CLEF: WARNING: T2 [S138] shaft ban clear left-xz ban=111,66,-260 now=112,68,-259 manh=2 dy=2 left=56
[03:06:34] [main/INFO] (Minecraft) [CHAT] §2§l§o[TenorClef] §cT2 [S138] shaft ban clear left-xz ban=111,66,-260 now=112,68,-259 manh=2 dy=2 left=56§r
[03:06:34] [main/INFO] (Minecraft) [CHAT] §2§l§o[TenorClef] §rT2 [HIST] 3:54.7 FORCE S138 shaft ban clear left-xz ban=111,66,-260 now=112,68,-259 manh=2 dy=2 left=56
[03:06:34] [main/INFO] (Minecraft) [CHAT] §2§l§o[TenorClef] §rT2 [NOW] t=3:54.8 ph=IRON @112,68,-259 do=<Collecting 10 iron.: [[iron_ingot] x 10]>  eq=stone_pickaxe woodpick=1 stonepick=1 pick=0 iron=6 buck=0
[03:06:35] [main/INFO] (Minecraft) [CHAT] §2§l§o[TenorClef] §rT2 [NOW] t=3:55.8 ph=IRON @112,68,-259 do=<Collecting 10 iron.: [[iron_ingot] x 10]>  eq=stone_pickaxe woodpick=1 stonepick=1 pick=0 iron=9 buck=0
[03:06:35] [main/INFO] (Minecraft) [CHAT] §2§l§o[TenorClef] §rT2 [HIST] 3:56.3 SNAP ph=IRON @112,68,-259 sky=12 wet=false ground=true pick=0 buck=0 iron=9 ore=5 rods=0 pearls=0 eyes=0 child=CollectIronIngotTask dbg=<Collecting 10 iron.: [[iron_ingot] x 10]>  mobs=none
[03:06:36] [main/INFO] (Minecraft) [CHAT] §2§l§o[TenorClef] §rT2 [NOW] t=3:56.8 ph=IRON @112,68,-259 do=<Collecting 10 iron.: [[iron_ingot] x 10]>  eq=stone_pickaxe woodpick=1 stonepick=1 pick=0 iron=9 buck=0
[03:06:37] [main/INFO] (Minecraft) [STDOUT]: ALTO CLEF: WARNING: T2 [S134] pillar cool expire after flips=4 end=risen y=66 startY=62
[03:06:37] [main/INFO] (Minecraft) [CHAT] §2§l§o[TenorClef] §cT2 [S134] pillar cool expire after flips=4 end=risen y=66 startY=62§r
[03:06:37] [main/INFO] (Minecraft) [CHAT] §2§l§o[TenorClef] §rT2 [HIST] 3:57.4 FORCE S134 pillar cool expire after flips=4 end=risen y=66 startY=62
[03:06:37] [main/INFO] (Minecraft) [STDOUT]: ALTO CLEF: WARNING: T2 [S138] shaft ban clear left-xz ban=111,66,-260 now=112,68,-259 manh=2 dy=2 left=60
[03:06:37] [main/INFO] (Minecraft) [CHAT] §2§l§o[TenorClef] §cT2 [S138] shaft ban clear left-xz ban=111,66,-260 now=112,68,-259 manh=2 dy=2 left=60§r
[03:06:37] [main/INFO] (Minecraft) [CHAT] §2§l§o[TenorClef] §rT2 [HIST] 3:57.5 FORCE S138 shaft ban clear left-xz ban=111,66,-260 now=112,68,-259 manh=2 dy=2 left=60
[03:06:37] [main/INFO] (Minecraft) [CHAT] §2§l§o[TenorClef] §rT2 [HIST] 3:57.5 WHY iron: smelt 10 in one furnace
[03:06:37] [main/INFO] (Minecraft) [CHAT] §2§l§o[TenorClef] §rT2 [NOW] t=3:57.8 ph=IRON @112,68,-259 do=<Collecting 10 iron.: [[iron_ingot] x 10]>  eq=stone_pickaxe woodpick=1 stonepick=1 pick=0 iron=9 buck=0
[03:06:38] [main/INFO] (Minecraft) [CHAT] §2§l§o[TenorClef] §rT2 [HIST] 3:58.8 SNAP ph=IRON @112,68,-259 sky=12 wet=false ground=true pick=0 buck=0 iron=9 ore=5 rods=0 pearls=0 eyes=0 child=CollectIronIngotTask dbg=<Collecting 10 iron.: [[iron_ingot] x 10]>  mobs=none
[03:06:38] [main/INFO] (Minecraft) [CHAT] §2§l§o[TenorClef] §rT2 [NOW] t=3:58.8 ph=IRON @112,68,-259 do=<Collecting 10 iron.: [[iron_ingot] x 10]>  eq=stone_pickaxe woodpick=1 stonepick=1 pick=0 iron=9 buck=0
[03:06:39] [main/INFO] (Minecraft) [CHAT] §2§l§o[TenorClef] §rT2 [NOW] t=3:59.8 ph=IRON @112,68,-259 do=<Collecting 10 iron.: [[iron_ingot] x 10]>  eq=stone_pickaxe woodpick=1 stonepick=1 pick=0 iron=9 buck=0
[03:06:40] [main/INFO] (Minecraft) [CHAT] §2§l§o[TenorClef] §rT2 [NOW] t=4:00.8 ph=IRON @112,68,-259 do=<Collecting 10 iron.: [[iron_ingot] x 10]>  eq=stone_pickaxe woodpick=1 stonepick=1 pick=0 iron=9 buck=0
[03:06:40] [main/INFO] (Minecraft) [CHAT] §2§l§o[TenorClef] §rT2 [HIST] 4:01.3 SNAP ph=IRON @112,68,-259 sky=12 wet=false ground=true pick=0 buck=0 iron=9 ore=5 rods=0 pearls=0 eyes=0 child=CollectIronIngotTask dbg=<Collecting 10 iron.: [[iron_ingot] x 10]>  mobs=none
[03:06:41] [main/INFO] (Minecraft) [CHAT] §2§l§o[TenorClef] §rT2 [NOW] t=4:01.8 ph=IRON @112,68,-259 do=<Collecting 10 iron.: [[iron_ingot] x 10]>  eq=stone_pickaxe woodpick=1 stonepick=1 pick=0 iron=9 buck=0
[03:06:42] [main/INFO] (Minecraft) [CHAT] §2§l§o[TenorClef] §rT2 [NOW] t=4:02.8 ph=IRON @112,68,-259 do=<Collecting 10 iron.: [[iron_ingot] x 10]>  eq=stone_pickaxe woodpick=1 stonepick=1 pick=0 iron=9 buck=0
[03:06:42] [main/INFO] (Minecraft) [CHAT] §2§l§o[TenorClef] §rT2 [HIST] 4:03.1 WHY iron: lock pick craft, ignore y flicker
[03:06:42] [main/INFO] (Minecraft) [CHAT] §2§l§o[TenorClef] §rT2 [HIST] 4:03.1 CHILD CollectIronIngotTask -> CraftInTableTask ph=IRON @112,68,-259 sky=12 wet=false ground=true pick=0 buck=0 iron=10 ore=4 rods=0 pearls=0 eyes=0
[03:06:43] [main/INFO] (Minecraft) [CHAT] §2§l§o[TenorClef] §rRefreshed inventory...
[03:06:43] [main/INFO] (Minecraft) [STDOUT]: ALTO CLEF: WARNING: T2 [S120] craft-gui jump @112,68,-259 age=0s child=CraftInTableTask
[03:06:43] [main/INFO] (Minecraft) [CHAT] §2§l§o[TenorClef] §cT2 [S120] craft-gui jump @112,68,-259 age=0s child=CraftInTableTask§r
[03:06:43] [main/INFO] (Minecraft) [CHAT] §2§l§o[TenorClef] §rT2 [HIST] 4:03.4 SOLVE S120 craft-gui jump @112,68,-259 age=0s child=CraftInTableTask
[03:06:43] [main/INFO] (Minecraft) [CHAT] §2§l§o[TenorClef] §rT2 [HIST] 4:03.8 SNAP ph=IRON @112,68,-257 sky=14 wet=false ground=true pick=0 buck=0 iron=10 ore=4 rods=0 pearls=0 eyes=0 child=CraftInTableTask dbg=<Doing stuff in crafting_table container: [[iron_pickaxe]]>  mobs=none
[03:06:43] [main/INFO] (Minecraft) [CHAT] §2§l§o[TenorClef] §rT2 [NOW] t=4:03.8 ph=IRON @112,68,-257 do=<Doing stuff in crafting_table container: [[iron_pickaxe]]>  eq=stone_pickaxe woodpick=1 stonepick=1 pick=0 iron=10 buck=0
[03:06:43] [main/INFO] (Minecraft) [CHAT] §2§l§o[TenorClef] §rT2 [HIST] 4:03.9 WHY iron: pick done — skip sword/shield table, go PORTAL
[03:06:43] [main/INFO] (Minecraft) [CHAT] §2§l§o[TenorClef] §rT2 [I01] IRON -> PORTAL t=4:03.9
[03:06:43] [main/INFO] (Minecraft) [CHAT] §2§l§o[TenorClef] §rTESRUN2 split PORTAL  4:03.9
[03:06:43] [main/INFO] (Minecraft) [STDOUT]: ALTO CLEF: WARNING: T2 [S177] adopting ruined portal @110,10,-248 dist=59 (the seed was accepted on this structure)
[03:06:43] [main/INFO] (Minecraft) [CHAT] §2§l§o[TenorClef] §cT2 [S177] adopting ruined portal @110,10,-248 dist=59 (the seed was accepted on this structure)§r
[03:06:43] [main/INFO] (Minecraft) [CHAT] §2§l§o[TenorClef] §rT2 [HIST] 4:03.9 FORCE S177 adopting ruined portal @110,10,-248 dist=59 (the seed was accepted on this structure)
[03:06:43] [main/INFO] (Minecraft) [CHAT] §2§l§o[TenorClef] §rT2 [HIST] 4:03.9 PHASE IRON -> PORTAL
[03:06:43] [main/INFO] (Minecraft) [CHAT] §2§l§o[TenorClef] §rT2 [HIST] 4:03.9 CHILD CraftInTableTask -> RuinedPortalFinishTask ph=PORTAL @112,68,-256 sky=15 wet=false ground=true pick=1 buck=0 iron=7 ore=4 rods=0 pearls=0 eyes=0
[03:06:43] [main/INFO] (Minecraft) [STDOUT]: ALTO CLEF: WARNING: T2 [S177] finishing ruined portal near 110,10,-248 obsidian-nearby=2/10
[03:06:43] [main/INFO] (Minecraft) [CHAT] §2§l§o[TenorClef] §cT2 [S177] finishing ruined portal near 110,10,-248 obsidian-nearby=2/10§r
[03:06:43] [main/INFO] (Minecraft) [CHAT] §2§l§o[TenorClef] §rT2 [HIST] 4:03.9 FORCE S177 finishing ruined portal near 110,10,-248 obsidian-nearby=2/10
[03:06:43] [main/INFO] (Minecraft) [CHAT] §2§l§o[TenorClef] §rT2 [HIST] 4:04.0 WHY portal: water bucket before lava cast
[03:06:43] [main/INFO] (Minecraft) [CHAT] §2§l§o[TenorClef] §rT2 [HIST] 4:04.0 CHILD RuinedPortalFinishTask -> CollectWaterBucketTask ph=PORTAL @112,67,-256 sky=15 wet=false ground=false pick=1 buck=0 iron=7 ore=4 rods=0 pearls=0 eyes=0
[03:06:43] [main/INFO] (Minecraft) [CHAT] §2§l§o[TenorClef] §rTESRUN2 S177 gave up: no igniter
[03:06:43] [Server thread/INFO] (Minecraft) Player433 has made the advancement [Isn't It Iron Pick]
[03:06:43] [main/INFO] (Minecraft) [CHAT] Player433 has made the advancement [Isn't It Iron Pick]
[03:06:43] [main/INFO] (Minecraft) Loaded 111 advancements
[03:06:43] [main/INFO] (Minecraft) [STDOUT]: ALTO CLEF: WARNING: T2 [S194] dig-down in progress y=67 child=CollectWaterBucketTask - pillar/jump nudges stand aside
[03:06:43] [main/INFO] (Minecraft) [CHAT] §2§l§o[TenorClef] §cT2 [S194] dig-down in progress y=67 child=CollectWaterBucketTask - pillar/jump nudges stand aside§r
[03:06:43] [main/INFO] (Minecraft) [CHAT] §2§l§o[TenorClef] §rT2 [HIST] 4:04.0 SOLVE S194 dig-down in progress y=67 child=CollectWaterBucketTask - pillar/jump nudges stand aside
[03:06:43] [main/INFO] (Minecraft) [STDOUT]: ALTO CLEF: WARNING: T2 [S177] adopting ruined portal @110,10,-248 dist=58 (the seed was accepted on this structure)
[03:06:43] [main/INFO] (Minecraft) [CHAT] §2§l§o[TenorClef] §cT2 [S177] adopting ruined portal @110,10,-248 dist=58 (the seed was accepted on this structure)§r
[03:06:43] [main/INFO] (Minecraft) [CHAT] §2§l§o[TenorClef] §rT2 [HIST] 4:04.0 FORCE S177 adopting ruined portal @110,10,-248 dist=58 (the seed was accepted on this structure)
[03:06:43] [main/INFO] (Minecraft) [CHAT] §2§l§o[TenorClef] §rT2 [HIST] 4:04.0 CHILD CollectWaterBucketTask -> RuinedPortalFinishTask ph=PORTAL @112,67,-256 sky=15 wet=false ground=false pick=1 buck=0 iron=7 ore=4 rods=0 pearls=0 eyes=0
[03:06:43] [main/INFO] (Minecraft) [STDOUT]: ALTO CLEF: WARNING: T2 [S177] finishing ruined portal near 110,10,-248 obsidian-nearby=2/10
[03:06:43] [main/INFO] (Minecraft) [CHAT] §2§l§o[TenorClef] §cT2 [S177] finishing ruined portal near 110,10,-248 obsidian-nearby=2/10§r
[03:06:43] [main/INFO] (Minecraft) [CHAT] §2§l§o[TenorClef] §rT2 [HIST] 4:04.1 CHILD RuinedPortalFinishTask -> CollectWaterBucketTask ph=PORTAL @112,67,-256 sky=15 wet=false ground=false pick=1 buck=0 iron=7 ore=4 rods=0 pearls=0 eyes=0
[03:06:43] [main/INFO] (Minecraft) [CHAT] §2§l§o[TenorClef] §rTESRUN2 S177 gave up: no igniter
[03:06:44] [main/INFO] (Minecraft) [CHAT] §2§l§o[TenorClef] §rT2 [HIST] 4:04.4 WHY portal: need 8 place blocks have=7
[03:06:44] [main/INFO] (Minecraft) [CHAT] §2§l§o[TenorClef] §rT2 [HIST] 4:04.4 CHILD CollectWaterBucketTask -> CollectCobblestoneTask ph=PORTAL @112,67,-255 sky=15 wet=false ground=true pick=1 buck=1 iron=4 ore=4 rods=0 pearls=0 eyes=0
[03:06:44] [main/INFO] (Minecraft) [CHAT] §2§l§o[TenorClef] §rT2 [NOW] t=4:04.8 ph=PORTAL @113,67,-256 do=<Collect cobblestone: [[cobblestone] x 16]> Picking up eq=stone_pickaxe woodpick=1 stonepick=1 pick=1 iron=4 buck=0
[03:06:45] [main/INFO] (Minecraft) [CHAT] §2§l§o[TenorClef] §rT2 [NOW] t=4:05.8 ph=PORTAL @116,68,-258 do=<Collect cobblestone: [[cobblestone] x 16]> Picking up eq=stone_pickaxe woodpick=1 stonepick=1 pick=1 iron=4 buck=0
[03:06:45] [main/INFO] (Minecraft) [CHAT] §2§l§o[TenorClef] §rT2 [HIST] 4:06.3 SNAP ph=PORTAL @117,67,-259 sky=15 wet=false ground=false pick=1 buck=1 iron=4 ore=4 rods=0 pearls=0 eyes=0 child=CollectCobblestoneTask dbg=<Collect cobblestone: [[cobblestone] x 16]> Picking up mobs=none
[03:06:46] [main/INFO] (Minecraft) [CHAT] §2§l§o[TenorClef] §rT2 [NOW] t=4:06.8 ph=PORTAL @118,67,-261 do=<Collect cobblestone: [[cobblestone] x 16]> Picking up eq=stone_pickaxe woodpick=1 stonepick=1 pick=1 iron=4 buck=0
[03:06:47] [main/INFO] (Minecraft) [CHAT] §2§l§o[TenorClef] §rT2 [NOW] t=4:07.8 ph=PORTAL @120,67,-263 do=<Collect cobblestone: [[cobblestone] x 16]> Picking up eq=stone_pickaxe woodpick=1 stonepick=1 pick=1 iron=4 buck=0
[03:06:48] [main/INFO] (Minecraft) [CHAT] §2§l§o[TenorClef] §rT2 [HIST] 4:08.5 WHY portal: 1 flint before construct
[03:06:48] [main/INFO] (Minecraft) [CHAT] §2§l§o[TenorClef] §rT2 [HIST] 4:08.5 CHILD CollectCobblestoneTask -> CollectFlintTask ph=PORTAL @121,64,-264 sky=15 wet=false ground=false pick=1 buck=1 iron=4 ore=4 rods=0 pearls=0 eyes=0
[03:06:48] [main/INFO] (Minecraft) [CHAT] §2§l§o[TenorClef] §rT2 [HIST] 4:08.8 SNAP ph=PORTAL @122,64,-264 sky=15 wet=false ground=true pick=1 buck=1 iron=4 ore=4 rods=0 pearls=0 eyes=0 child=CollectFlintTask dbg=<Collect 1 flint: [[flint]]>  mobs=none
[03:06:48] [main/INFO] (Minecraft) [CHAT] §2§l§o[TenorClef] §rT2 [NOW] t=4:08.8 ph=PORTAL @122,63,-264 do=<Collect 1 flint: [[flint]]>  eq=stone_pickaxe woodpick=1 stonepick=1 pick=1 iron=4 buck=0
[03:06:49] [main/INFO] (Minecraft) [CHAT] §2§l§o[TenorClef] §rT2 [NOW] t=4:09.8 ph=PORTAL @123,63,-260 do=<Collect 1 flint: [[flint]]>  eq=stone_pickaxe woodpick=1 stonepick=1 pick=1 iron=4 buck=0
[03:06:50] [main/INFO] (Minecraft) Loaded 117 advancements
[03:06:50] [main/INFO] (Minecraft) [CHAT] §2§l§o[TenorClef] §rT2 [NOW] t=4:10.8 ph=PORTAL @126,63,-259 do=<Collect 1 flint: [[flint]]>  eq=stone_pickaxe woodpick=1 stonepick=1 pick=1 iron=4 buck=0
[03:06:50] [main/INFO] (Minecraft) [CHAT] §2§l§o[TenorClef] §rT2 [HIST] 4:11.3 SNAP ph=PORTAL @127,63,-258 sky=15 wet=false ground=true pick=1 buck=1 iron=4 ore=4 rods=0 pearls=0 eyes=0 child=CollectFlintTask dbg=<Collect 1 flint: [[flint]]>  mobs=none
[03:06:51] [main/INFO] (Minecraft) [CHAT] §2§l§o[TenorClef] §rT2 [NOW] t=4:11.8 ph=PORTAL @129,63,-257 do=<Collect 1 flint: [[flint]]>  eq=stone_pickaxe woodpick=1 stonepick=1 pick=1 iron=4 buck=0
[03:06:52] [main/INFO] (Minecraft) [CHAT] §2§l§o[TenorClef] §rT2 [NOW] t=4:12.8 ph=PORTAL @129,63,-257 do=<Collect 1 flint: [[flint]]>  eq=stone_pickaxe woodpick=1 stonepick=1 pick=1 iron=4 buck=0
[03:06:53] [main/INFO] (Minecraft) [CHAT] §2§l§o[TenorClef] §rT2 [HIST] 4:13.8 SNAP ph=PORTAL @131,63,-255 sky=15 wet=false ground=true pick=1 buck=1 iron=4 ore=4 rods=0 pearls=0 eyes=0 child=CollectFlintTask dbg=<Collect 1 flint: [[flint]]>  mobs=none
[03:06:53] [main/INFO] (Minecraft) [CHAT] §2§l§o[TenorClef] §rT2 [NOW] t=4:13.8 ph=PORTAL @131,63,-255 do=<Collect 1 flint: [[flint]]>  eq=stone_pickaxe woodpick=1 stonepick=1 pick=1 iron=4 buck=0
[03:06:54] [main/INFO] (Minecraft) [CHAT] §2§l§o[TenorClef] §rT2 [NOW] t=4:14.8 ph=PORTAL @131,63,-255 do=<Collect 1 flint: [[flint]]>  eq=stone_pickaxe woodpick=1 stonepick=1 pick=1 iron=4 buck=0
[03:06:55] [main/INFO] (Minecraft) [CHAT] §2§l§o[TenorClef] §rT2 [NOW] t=4:15.8 ph=PORTAL @131,63,-255 do=<Collect 1 flint: [[flint]]>  eq=stone_pickaxe woodpick=1 stonepick=1 pick=1 iron=4 buck=0
[03:06:55] [main/INFO] (Minecraft) [CHAT] §2§l§o[TenorClef] §rT2 [HIST] 4:16.3 SNAP ph=PORTAL @131,63,-255 sky=15 wet=false ground=true pick=1 buck=1 iron=4 ore=4 rods=0 pearls=0 eyes=0 child=CollectFlintTask dbg=<Collect 1 flint: [[flint]]>  mobs=none
[03:06:56] [main/INFO] (Minecraft) [CHAT] §2§l§o[TenorClef] §rT2 [NOW] t=4:16.8 ph=PORTAL @131,63,-255 do=<Collect 1 flint: [[flint]]>  eq=stone_pickaxe woodpick=1 stonepick=1 pick=1 iron=4 buck=0
[03:06:57] [main/INFO] (Minecraft) [CHAT] §2§l§o[TenorClef] §rT2 [NOW] t=4:17.8 ph=PORTAL @131,63,-255 do=<Collect 1 flint: [[flint]]>  eq=stone_pickaxe woodpick=1 stonepick=1 pick=1 iron=4 buck=0
[03:06:58] [main/INFO] (Minecraft) [CHAT] §2§l§o[TenorClef] §rT2 [HIST] 4:18.8 SNAP ph=PORTAL @131,63,-255 sky=15 wet=false ground=true pick=1 buck=1 iron=4 ore=4 rods=0 pearls=0 eyes=0 child=CollectFlintTask dbg=<Collect 1 flint: [[flint]]>  mobs=none
[03:06:58] [main/INFO] (Minecraft) [CHAT] §2§l§o[TenorClef] §rT2 [NOW] t=4:18.8 ph=PORTAL @131,63,-255 do=<Collect 1 flint: [[flint]]>  eq=stone_pickaxe woodpick=1 stonepick=1 pick=1 iron=4 buck=0
[03:06:59] [main/INFO] (Minecraft) [CHAT] §2§l§o[TenorClef] §rT2 [NOW] t=4:19.8 ph=PORTAL @131,63,-255 do=<Collect 1 flint: [[flint]]>  eq=stone_pickaxe woodpick=1 stonepick=1 pick=1 iron=4 buck=0
[03:07:00] [main/INFO] (Minecraft) [CHAT] §2§l§o[TenorClef] §rT2 [NOW] t=4:20.8 ph=PORTAL @131,63,-255 do=<Collect 1 flint: [[flint]]>  eq=stone_pickaxe woodpick=1 stonepick=1 pick=1 iron=4 buck=0
[03:07:00] [main/INFO] (Minecraft) [CHAT] §2§l§o[TenorClef] §rT2 [HIST] 4:21.3 SNAP ph=PORTAL @131,63,-255 sky=15 wet=false ground=true pick=1 buck=1 iron=4 ore=4 rods=0 pearls=0 eyes=0 child=CollectFlintTask dbg=<Collect 1 flint: [[flint]]>  mobs=none
[03:07:01] [main/INFO] (Minecraft) [CHAT] §2§l§o[TenorClef] §rT2 [NOW] t=4:21.8 ph=PORTAL @131,63,-255 do=<Collect 1 flint: [[flint]]>  eq=stone_pickaxe woodpick=1 stonepick=1 pick=1 iron=4 buck=0
[03:07:02] [main/INFO] (Minecraft) [CHAT] §2§l§o[TenorClef] §rT2 [NOW] t=4:22.8 ph=PORTAL @131,63,-255 do=<Collect 1 flint: [[flint]]>  eq=stone_pickaxe woodpick=1 stonepick=1 pick=1 iron=4 buck=0
[03:07:03] [main/INFO] (Minecraft) [CHAT] §2§l§o[TenorClef] §rT2 [HIST] 4:23.8 SNAP ph=PORTAL @131,63,-255 sky=15 wet=false ground=true pick=1 buck=1 iron=4 ore=4 rods=0 pearls=0 eyes=0 child=CollectFlintTask dbg=<Collect 1 flint: [[flint]]>  mobs=none
[03:07:03] [main/INFO] (Minecraft) [CHAT] §2§l§o[TenorClef] §rT2 [NOW] t=4:23.8 ph=PORTAL @131,63,-255 do=<Collect 1 flint: [[flint]]>  eq=stone_pickaxe woodpick=1 stonepick=1 pick=1 iron=4 buck=0
[03:07:04] [main/INFO] (Minecraft) Loaded 134 advancements
[03:07:04] [main/INFO] (Minecraft) [CHAT] §2§l§o[TenorClef] §rT2 [NOW] t=4:24.8 ph=PORTAL @132,63,-256 do=<Collect 1 flint: [[flint]]>  eq=stone_pickaxe woodpick=1 stonepick=1 pick=1 iron=4 buck=0
[03:07:05] [main/INFO] (Minecraft) [CHAT] §2§l§o[TenorClef] §rT2 [NOW] t=4:25.8 ph=PORTAL @132,63,-256 do=<Collect 1 flint: [[flint]]>  eq=stone_pickaxe woodpick=1 stonepick=1 pick=1 iron=4 buck=0
[03:07:05] [main/INFO] (Minecraft) [CHAT] §2§l§o[TenorClef] §rT2 [HIST] 4:26.3 SNAP ph=PORTAL @132,63,-256 sky=15 wet=false ground=true pick=1 buck=1 iron=4 ore=4 rods=0 pearls=0 eyes=0 child=CollectFlintTask dbg=<Collect 1 flint: [[flint]]>  mobs=none
[03:07:06] [main/INFO] (Minecraft) [CHAT] §2§l§o[TenorClef] §rT2 [NOW] t=4:26.8 ph=PORTAL @132,63,-256 do=<Collect 1 flint: [[flint]]>  eq=stone_pickaxe woodpick=1 stonepick=1 pick=1 iron=4 buck=0
[03:07:07] [main/INFO] (Minecraft) [CHAT] §2§l§o[TenorClef] §rT2 [NOW] t=4:27.8 ph=PORTAL @132,63,-256 do=<Collect 1 flint: [[flint]]>  eq=stone_pickaxe woodpick=1 stonepick=1 pick=1 iron=4 buck=0
[03:07:08] [main/INFO] (Minecraft) [STDOUT]: ALTO CLEF: WARNING: T2 [E107] portal 20s no flint child=CollectFlintTask
[03:07:08] [main/INFO] (Minecraft) [CHAT] §2§l§o[TenorClef] §cT2 [E107] portal 20s no flint child=CollectFlintTask§r
[03:07:08] [main/INFO] (Minecraft) [CHAT] §2§l§o[TenorClef] §rT2 [HIST] 4:28.6 [E107] portal 20s no flint child=CollectFlintTask
[03:07:08] [main/INFO] (Minecraft) [CHAT] §2§l§o[TenorClef] §rT2 [HIST] 4:28.6 WHY portal: 1 flint before construct
[03:07:08] [main/INFO] (Minecraft) [CHAT] §2§l§o[TenorClef] §rT2 [HIST] 4:28.8 SNAP ph=PORTAL @132,63,-256 sky=15 wet=false ground=true pick=1 buck=1 iron=4 ore=4 rods=0 pearls=0 eyes=0 child=CollectFlintTask dbg=<Collect 1 flint: [[flint]]>  mobs=none
[03:07:08] [main/INFO] (Minecraft) [CHAT] §2§l§o[TenorClef] §rT2 [NOW] t=4:28.8 ph=PORTAL @132,63,-256 do=<Collect 1 flint: [[flint]]>  eq=stone_pickaxe woodpick=1 stonepick=1 pick=1 iron=4 buck=0
[03:07:09] [main/INFO] (Minecraft) [CHAT] §2§l§o[TenorClef] §rT2 [HIST] 4:29.5 [E107] portal 21s no flint child=CollectFlintTask
[03:07:09] [main/INFO] (Minecraft) [CHAT] §2§l§o[TenorClef] §rT2 [NOW] t=4:29.8 ph=PORTAL @132,63,-256 do=<Collect 1 flint: [[flint]]>  eq=stone_pickaxe woodpick=1 stonepick=1 pick=1 iron=4 buck=0
[03:07:10] [main/INFO] (Minecraft) [CHAT] §2§l§o[TenorClef] §rT2 [HIST] 4:30.5 [E107] portal 22s no flint child=CollectFlintTask
[03:07:10] [main/INFO] (Minecraft) [CHAT] §2§l§o[TenorClef] §rT2 [NOW] t=4:30.8 ph=PORTAL @132,63,-256 do=<Collect 1 flint: [[flint]]>  eq=stone_pickaxe woodpick=1 stonepick=1 pick=1 iron=4 buck=0
[03:07:10] [main/INFO] (Minecraft) [CHAT] §2§l§o[TenorClef] §rT2 [HIST] 4:31.3 SNAP ph=PORTAL @132,63,-256 sky=15 wet=false ground=true pick=1 buck=1 iron=4 ore=4 rods=0 pearls=0 eyes=0 child=CollectFlintTask dbg=<Collect 1 flint: [[flint]]>  mobs=none
[03:07:11] [main/INFO] (Minecraft) [CHAT] §2§l§o[TenorClef] §rT2 [HIST] 4:31.5 [E107] portal 23s no flint child=CollectFlintTask
[03:07:11] [main/INFO] (Minecraft) [CHAT] §2§l§o[TenorClef] §rT2 [NOW] t=4:31.8 ph=PORTAL @132,63,-256 do=<Collect 1 flint: [[flint]]>  eq=stone_pickaxe woodpick=1 stonepick=1 pick=1 iron=4 buck=0
[03:07:12] [main/INFO] (Minecraft) [CHAT] §2§l§o[TenorClef] §rT2 [HIST] 4:32.5 [E107] portal 24s no flint child=CollectFlintTask
[03:07:12] [main/INFO] (Minecraft) [CHAT] §2§l§o[TenorClef] §rT2 [HIST] 4:32.6 WHY portal: 1 flint before construct
[03:07:12] [main/INFO] (Minecraft) [CHAT] §2§l§o[TenorClef] §rT2 [NOW] t=4:32.8 ph=PORTAL @132,63,-256 do=<Collect 1 flint: [[flint]]>  eq=stone_pickaxe woodpick=1 stonepick=1 pick=1 iron=4 buck=0
[03:07:13] [main/INFO] (Minecraft) [CHAT] §2§l§o[TenorClef] §rT2 [HIST] 4:33.5 [E107] portal 25s no flint child=CollectFlintTask
[03:07:13] [main/INFO] (Minecraft) [STDOUT]: ALTO CLEF: WARNING: T2 [E107] portal 25s no flint child=CollectFlintTask
[03:07:13] [main/INFO] (Minecraft) [CHAT] §2§l§o[TenorClef] §cT2 [E107] portal 25s no flint child=CollectFlintTask§r
[03:07:13] [main/INFO] (Minecraft) [CHAT] §2§l§o[TenorClef] §rT2 [HIST] 4:33.8 SNAP ph=PORTAL @132,63,-256 sky=15 wet=false ground=true pick=1 buck=1 iron=4 ore=4 rods=0 pearls=0 eyes=0 child=CollectFlintTask dbg=<Collect 1 flint: [[flint]]>  mobs=none
[03:07:13] [main/INFO] (Minecraft) [CHAT] §2§l§o[TenorClef] §rT2 [NOW] t=4:33.8 ph=PORTAL @132,63,-256 do=<Collect 1 flint: [[flint]]>  eq=stone_pickaxe woodpick=1 stonepick=1 pick=1 iron=4 buck=0
[03:07:14] [main/INFO] (Minecraft) [CHAT] §2§l§o[TenorClef] §rT2 [HIST] 4:34.5 [E107] portal 26s no flint child=CollectFlintTask
[03:07:14] [main/INFO] (Minecraft) [CHAT] §2§l§o[TenorClef] §rT2 [NOW] t=4:34.8 ph=PORTAL @132,63,-256 do=<Collect 1 flint: [[flint]]>  eq=stone_pickaxe woodpick=1 stonepick=1 pick=1 iron=4 buck=0
[03:07:15] [main/INFO] (Minecraft) [CHAT] §2§l§o[TenorClef] §rRefreshed inventory...
[03:07:15] [main/INFO] (Minecraft) [CHAT] §2§l§o[TenorClef] §rT2 [HIST] 4:35.5 [E107] portal 27s no flint child=CollectFlintTask
[03:07:15] [main/INFO] (Minecraft) [CHAT] §2§l§o[TenorClef] §rT2 [NOW] t=4:35.8 ph=PORTAL @132,63,-257 do=<Collect 1 flint: [[flint]]>  eq=stone_pickaxe woodpick=1 stonepick=1 pick=1 iron=4 buck=0
[03:07:15] [main/INFO] (Minecraft) [CHAT] §2§l§o[TenorClef] §rT2 [HIST] 4:36.3 SNAP ph=PORTAL @132,63,-257 sky=15 wet=false ground=true pick=1 buck=1 iron=4 ore=4 rods=0 pearls=0 eyes=0 child=CollectFlintTask dbg=<Collect 1 flint: [[flint]]>  mobs=none
[03:07:16] [main/INFO] (Minecraft) [CHAT] §2§l§o[TenorClef] §rT2 [HIST] 4:36.5 [E107] portal 28s no flint child=CollectFlintTask
[03:07:16] [main/INFO] (Minecraft) [CHAT] §2§l§o[TenorClef] §rT2 [HIST] 4:36.6 WHY portal: 1 flint before construct
[03:07:16] [main/INFO] (Minecraft) [CHAT] §2§l§o[TenorClef] §rT2 [NOW] t=4:36.8 ph=PORTAL @132,63,-257 do=<Collect 1 flint: [[flint]]> Picking up eq=stone_pickaxe woodpick=1 stonepick=1 pick=1 iron=4 buck=0
[03:07:16] [main/INFO] (Minecraft) [CHAT] §2§l§o[TenorClef] §rT2 [HIST] 4:37.1 WHY portal: craft flint and steel
[03:07:16] [main/INFO] (Minecraft) [CHAT] §2§l§o[TenorClef] §rT2 [HIST] 4:37.1 CHILD CollectFlintTask -> CraftInInventoryTask ph=PORTAL @132,63,-258 sky=15 wet=false ground=true pick=1 buck=1 iron=4 ore=4 rods=0 pearls=0 eyes=0
[03:07:16] [main/INFO] (Minecraft) Loaded 137 advancements
[03:07:17] [main/INFO] (Minecraft) Loaded 138 advancements
[03:07:17] [main/INFO] (Minecraft) [CHAT] §2§l§o[TenorClef] §r(Searching for lava lake with portalable spot nearby...)
[03:07:17] [main/INFO] (Minecraft) [CHAT] §2§l§o[TenorClef] §rFound with depth 212
[03:07:17] [main/INFO] (Minecraft) [CHAT] §2§l§o[TenorClef] §rT2 [S165L] only a deep lava lake at y=10 - expect a long dark shaft
[03:07:17] [main/INFO] (Minecraft) [CHAT] §2§l§o[TenorClef] §rT2 [NOW] t=4:37.8 ph=PORTAL @133,63,-259 do=<Construct Nether Portal> Getting water eq=water_bucket woodpick=1 stonepick=1 pick=1 iron=3 buck=1
[03:07:17] [pool-5-thread-4/INFO] (Minecraft) [STDOUT]: 609664 movements considered
[03:07:17] [pool-5-thread-4/INFO] (Minecraft) [STDOUT]: Open set size: 7467
[03:07:17] [pool-5-thread-4/INFO] (Minecraft) [STDOUT]: PathNode map size: 35179
[03:07:17] [pool-5-thread-4/INFO] (Minecraft) [STDOUT]: 55313 nodes per second
[03:07:17] [pool-5-thread-4/INFO] (Minecraft) [STDOUT]: Path goes for 5.0990195135927845 blocks
[03:07:18] [main/INFO] (Minecraft) [CHAT] §2§l§o[TenorClef] §rT2 [NOW] t=4:38.8 ph=PORTAL @132,62,-255 do=<Construct Nether Portal> Getting water eq=water_bucket woodpick=1 stonepick=1 pick=1 iron=3 buck=1
[03:07:18] [main/INFO] (Minecraft) [STDOUT]: ALTO CLEF: WARNING: T2 [E116] drop 8 from 70 to 62 ph=PORTAL
[03:07:18] [main/INFO] (Minecraft) [CHAT] §2§l§o[TenorClef] §cT2 [E116] drop 8 from 70 to 62 ph=PORTAL§r
[03:07:18] [main/INFO] (Minecraft) [CHAT] §2§l§o[TenorClef] §rT2 [HIST] 4:38.8 [E116] drop 8 from 70 to 62 ph=PORTAL
[03:07:19] [main/INFO] (Minecraft) [CHAT] §2§l§o[TenorClef] §rT2 [NOW] t=4:39.8 ph=PORTAL @132,60,-255 do=<Construct Nether Portal> Getting water eq=iron_pickaxe woodpick=1 stonepick=1 pick=1 iron=3 buck=1
[03:07:19] [main/INFO] (Minecraft) [CHAT] §2§l§o[TenorClef] §rT2 [HIST] 4:40.1 SNAP ph=PORTAL @132,59,-255 sky=15 wet=false ground=true pick=1 buck=1 iron=3 ore=4 rods=0 pearls=0 eyes=0 child=ConstructNetherPortalBucketTask dbg=<Construct Nether Portal> Getting water mobs=none
[03:07:20] [main/INFO] (Minecraft) [CHAT] §2§l§o[TenorClef] §rT2 [NOW] t=4:40.8 ph=PORTAL @132,58,-255 do=<Construct Nether Portal> Getting water eq=iron_pickaxe woodpick=1 stonepick=1 pick=1 iron=3 buck=1
[03:07:20] [main/INFO] (Minecraft) [STDOUT]: ALTO CLEF: WARNING: T2 [S100] stop jump-walk @132,-255 ph=PORTAL child=ConstructNetherPortalBucketTask esc=1
[03:07:20] [main/INFO] (Minecraft) [CHAT] §2§l§o[TenorClef] §cT2 [S100] stop jump-walk @132,-255 ph=PORTAL child=ConstructNetherPortalBucketTask esc=1§r
[03:07:20] [main/INFO] (Minecraft) [CHAT] §2§l§o[TenorClef] §rT2 [HIST] 4:40.8 SOLVE S100 stop jump-walk @132,-255 ph=PORTAL child=ConstructNetherPortalBucketTask esc=1
[03:07:21] [main/INFO] (Minecraft) [CHAT] §2§l§o[TenorClef] §rT2 [NOW] t=4:41.8 ph=PORTAL @132,57,-255 do=<Construct Nether Portal> Getting water eq=iron_pickaxe woodpick=1 stonepick=1 pick=1 iron=3 buck=1
[03:07:22] [main/INFO] (Minecraft) [STDOUT]: ALTO CLEF: WARNING: T2 [E100] jumps=11 @132,55,-255 ph=PORTAL child=ConstructNetherPortalBucketTask
[03:07:22] [main/INFO] (Minecraft) [CHAT] §2§l§o[TenorClef] §cT2 [E100] jumps=11 @132,55,-255 ph=PORTAL child=ConstructNetherPortalBucketTask§r
[03:07:22] [main/INFO] (Minecraft) [CHAT] §2§l§o[TenorClef] §rT2 [HIST] 4:42.8 [E100] jumps=11 @132,55,-255 ph=PORTAL child=ConstructNetherPortalBucketTask
[03:07:22] [main/INFO] (Minecraft) [CHAT] §2§l§o[TenorClef] §rT2 [NOW] t=4:42.8 ph=PORTAL @132,55,-255 do=<Construct Nether Portal> Getting water eq=iron_pickaxe woodpick=1 stonepick=1 pick=1 iron=3 buck=1
[03:07:23] [main/INFO] (Minecraft) [CHAT] §2§l§o[TenorClef] §rT2 [HIST] 4:43.4 [E116] drop 8 from 62 to 54 ph=PORTAL
[03:07:23] [main/INFO] (Minecraft) [CHAT] §2§l§o[TenorClef] §rT2 [NOW] t=4:43.8 ph=PORTAL @132,54,-255 do=<Construct Nether Portal> Getting water eq=iron_pickaxe woodpick=1 stonepick=1 pick=1 iron=3 buck=1
[03:07:24] [main/INFO] (Minecraft) [CHAT] §2§l§o[TenorClef] §rT2 [NOW] t=4:44.8 ph=PORTAL @132,52,-255 do=<Construct Nether Portal> Getting water eq=iron_pickaxe woodpick=1 stonepick=1 pick=1 iron=3 buck=1
[03:07:24] [main/INFO] (Minecraft) [CHAT] §2§l§o[TenorClef] §rT2 [HIST] 4:44.8 [E100] jumps=6 @132,52,-255 ph=PORTAL child=ConstructNetherPortalBucketTask
[03:07:24] [main/INFO] (Minecraft) [CHAT] §2§l§o[TenorClef] §rT2 [HIST] 4:45.1 SNAP ph=PORTAL @132,52,-255 sky=15 wet=false ground=true pick=1 buck=1 iron=3 ore=4 rods=0 pearls=0 eyes=0 child=ConstructNetherPortalBucketTask dbg=<Construct Nether Portal> Getting water mobs=none
[03:07:25] [main/INFO] (Minecraft) [CHAT] §2§l§o[TenorClef] §rT2 [NOW] t=4:45.8 ph=PORTAL @132,51,-255 do=<Construct Nether Portal> Getting water eq=iron_pickaxe woodpick=1 stonepick=1 pick=1 iron=3 buck=1
[03:07:26] [main/INFO] (Minecraft) [CHAT] §2§l§o[TenorClef] §rT2 [NOW] t=4:46.8 ph=PORTAL @132,50,-255 do=<Construct Nether Portal> Getting water eq=iron_pickaxe woodpick=1 stonepick=1 pick=1 iron=3 buck=1
[03:07:26] [main/INFO] (Minecraft) [CHAT] §2§l§o[TenorClef] §rT2 [HIST] 4:46.9 [E100] jumps=6 @132,49,-255 ph=PORTAL child=ConstructNetherPortalBucketTask
[03:07:26] [main/INFO] (Minecraft) [STDOUT]: ALTO CLEF: WARNING: T2 [S100] stop jump-walk @132,-255 ph=PORTAL child=ConstructNetherPortalBucketTask esc=0
[03:07:26] [main/INFO] (Minecraft) [CHAT] §2§l§o[TenorClef] §cT2 [S100] stop jump-walk @132,-255 ph=PORTAL child=ConstructNetherPortalBucketTask esc=0§r
[03:07:26] [main/INFO] (Minecraft) [CHAT] §2§l§o[TenorClef] §rT2 [HIST] 4:47.1 SOLVE S100 stop jump-walk @132,-255 ph=PORTAL child=ConstructNetherPortalBucketTask esc=0
[03:07:27] [main/INFO] (Minecraft) [CHAT] §2§l§o[TenorClef] §rT2 [NOW] t=4:47.8 ph=PORTAL @132,48,-255 do=<Construct Nether Portal> Getting water eq=iron_pickaxe woodpick=1 stonepick=1 pick=1 iron=3 buck=1
[03:07:28] [main/INFO] (Minecraft) [CHAT] §2§l§o[TenorClef] §rT2 [NOW] t=4:48.8 ph=PORTAL @132,47,-255 do=<Construct Nether Portal> Getting water eq=iron_pickaxe woodpick=1 stonepick=1 pick=1 iron=3 buck=1
[03:07:28] [main/INFO] (Minecraft) [STDOUT]: ALTO CLEF: WARNING: T2 [E100] jumps=6 @132,46,-255 ph=PORTAL child=ConstructNetherPortalBucketTask
[03:07:28] [main/INFO] (Minecraft) [CHAT] §2§l§o[TenorClef] §cT2 [E100] jumps=6 @132,46,-255 ph=PORTAL child=ConstructNetherPortalBucketTask§r
[03:07:28] [main/INFO] (Minecraft) [CHAT] §2§l§o[TenorClef] §rT2 [HIST] 4:49.0 [E100] jumps=6 @132,46,-255 ph=PORTAL child=ConstructNetherPortalBucketTask
[03:07:28] [main/INFO] (Minecraft) [STDOUT]: ALTO CLEF: WARNING: T2 [E116] drop 8 from 54 to 46 ph=PORTAL
[03:07:28] [main/INFO] (Minecraft) [CHAT] §2§l§o[TenorClef] §cT2 [E116] drop 8 from 54 to 46 ph=PORTAL§r
[03:07:28] [main/INFO] (Minecraft) [CHAT] §2§l§o[TenorClef] §rT2 [HIST] 4:49.0 [E116] drop 8 from 54 to 46 ph=PORTAL
[03:07:29] [main/INFO] (Minecraft) [CHAT] §2§l§o[TenorClef] §rT2 [NOW] t=4:49.8 ph=PORTAL @132,45,-255 do=<Construct Nether Portal> Getting water eq=iron_pickaxe woodpick=1 stonepick=1 pick=1 iron=3 buck=1
[03:07:29] [main/INFO] (Minecraft) [CHAT] §2§l§o[TenorClef] §rT2 [HIST] 4:50.1 SNAP ph=PORTAL @132,45,-255 sky=15 wet=false ground=true pick=1 buck=1 iron=3 ore=4 rods=0 pearls=0 eyes=0 child=ConstructNetherPortalBucketTask dbg=<Construct Nether Portal> Getting water mobs=none
[03:07:30] [main/INFO] (Minecraft) [STDOUT]: ALTO CLEF: WARNING: T2 [E62] portal jump-place @132,44,-255
[03:07:30] [main/INFO] (Minecraft) [CHAT] §2§l§o[TenorClef] §cT2 [E62] portal jump-place @132,44,-255§r
[03:07:30] [main/INFO] (Minecraft) [CHAT] §2§l§o[TenorClef] §rT2 [NOW] t=4:50.8 ph=PORTAL @132,44,-255 do=<Construct Nether Portal> Getting water eq=iron_pickaxe woodpick=1 stonepick=1 pick=1 iron=3 buck=1
[03:07:30] [main/INFO] (Minecraft) [CHAT] §2§l§o[TenorClef] §rT2 [HIST] 4:51.2 [E100] jumps=6 @132,43,-255 ph=PORTAL child=ConstructNetherPortalBucketTask
[03:07:31] [main/INFO] (Minecraft) [CHAT] §2§l§o[TenorClef] §rT2 [NOW] t=4:51.8 ph=PORTAL @132,43,-255 do=<Construct Nether Portal> Getting water eq=iron_pickaxe woodpick=1 stonepick=1 pick=1 iron=3 buck=1
[03:07:32] [main/INFO] (Minecraft) [CHAT] §2§l§o[TenorClef] §rT2 [NOW] t=4:52.8 ph=PORTAL @132,41,-255 do=<Construct Nether Portal> Getting water eq=iron_pickaxe woodpick=1 stonepick=1 pick=1 iron=3 buck=1
[03:07:33] [main/INFO] (Minecraft) [CHAT] §2§l§o[TenorClef] §rT2 [HIST] 4:53.3 [E100] jumps=6 @132,40,-255 ph=PORTAL child=ConstructNetherPortalBucketTask
[03:07:33] [main/INFO] (Minecraft) [STDOUT]: ALTO CLEF: WARNING: T2 [S100] stop jump-walk @132,-255 ph=PORTAL child=ConstructNetherPortalBucketTask esc=0
[03:07:33] [main/INFO] (Minecraft) [CHAT] §2§l§o[TenorClef] §cT2 [S100] stop jump-walk @132,-255 ph=PORTAL child=ConstructNetherPortalBucketTask esc=0§r
[03:07:33] [main/INFO] (Minecraft) [CHAT] §2§l§o[TenorClef] §rT2 [HIST] 4:53.5 SOLVE S100 stop jump-walk @132,-255 ph=PORTAL child=ConstructNetherPortalBucketTask esc=0
[03:07:33] [main/INFO] (Minecraft) [CHAT] §2§l§o[TenorClef] §rT2 [NOW] t=4:53.8 ph=PORTAL @132,40,-255 do=<Construct Nether Portal> Getting water eq=iron_pickaxe woodpick=1 stonepick=1 pick=1 iron=3 buck=1
[03:07:34] [main/INFO] (Minecraft) [STDOUT]: ALTO CLEF: WARNING: T2 [E116] drop 8 from 46 to 38 ph=PORTAL
[03:07:34] [main/INFO] (Minecraft) [CHAT] §2§l§o[TenorClef] §cT2 [E116] drop 8 from 46 to 38 ph=PORTAL§r
[03:07:34] [main/INFO] (Minecraft) [CHAT] §2§l§o[TenorClef] §rT2 [HIST] 4:54.7 [E116] drop 8 from 46 to 38 ph=PORTAL
[03:07:34] [main/INFO] (Minecraft) [CHAT] §2§l§o[TenorClef] §rT2 [NOW] t=4:54.8 ph=PORTAL @132,38,-255 do=<Construct Nether Portal> Getting water eq=iron_pickaxe woodpick=1 stonepick=1 pick=1 iron=3 buck=1
[03:07:34] [main/INFO] (Minecraft) [CHAT] §2§l§o[TenorClef] §rT2 [HIST] 4:55.1 SNAP ph=PORTAL @132,38,-255 sky=15 wet=false ground=true pick=1 buck=1 iron=3 ore=4 rods=0 pearls=0 eyes=0 child=ConstructNetherPortalBucketTask dbg=<Construct Nether Portal> Getting water mobs=none
[03:07:35] [main/INFO] (Minecraft) [STDOUT]: ALTO CLEF: WARNING: T2 [E100] jumps=6 @132,37,-255 ph=PORTAL child=ConstructNetherPortalBucketTask
[03:07:35] [main/INFO] (Minecraft) [CHAT] §2§l§o[TenorClef] §cT2 [E100] jumps=6 @132,37,-255 ph=PORTAL child=ConstructNetherPortalBucketTask§r
[03:07:35] [main/INFO] (Minecraft) [CHAT] §2§l§o[TenorClef] §rT2 [HIST] 4:55.4 [E100] jumps=6 @132,37,-255 ph=PORTAL child=ConstructNetherPortalBucketTask
[03:07:35] [main/INFO] (Minecraft) [CHAT] §2§l§o[TenorClef] §rT2 [NOW] t=4:55.8 ph=PORTAL @132,37,-255 do=<Construct Nether Portal> Getting water eq=iron_pickaxe woodpick=1 stonepick=1 pick=1 iron=3 buck=1
[03:07:36] [main/INFO] (Minecraft) [CHAT] §2§l§o[TenorClef] §rT2 [NOW] t=4:56.8 ph=PORTAL @132,35,-255 do=<Construct Nether Portal> Getting water eq=iron_pickaxe woodpick=1 stonepick=1 pick=1 iron=3 buck=1
[03:07:37] [main/INFO] (Minecraft) [CHAT] §2§l§o[TenorClef] §rT2 [HIST] 4:57.5 [E100] jumps=6 @132,34,-255 ph=PORTAL child=ConstructNetherPortalBucketTask
[03:07:37] [main/INFO] (Minecraft) [CHAT] §2§l§o[TenorClef] §rT2 [NOW] t=4:57.8 ph=PORTAL @132,34,-255 do=<Construct Nether Portal> Getting water eq=iron_pickaxe woodpick=1 stonepick=1 pick=1 iron=3 buck=1
[03:07:38] [main/INFO] (Minecraft) [CHAT] §2§l§o[TenorClef] §rT2 [NOW] t=4:58.8 ph=PORTAL @132,33,-255 do=<Construct Nether Portal> Getting water eq=iron_pickaxe woodpick=1 stonepick=1 pick=1 iron=3 buck=1
[03:07:39] [main/INFO] (Minecraft) [CHAT] §2§l§o[TenorClef] §rT2 [HIST] 4:59.6 [E100] jumps=6 @132,31,-255 ph=PORTAL child=ConstructNetherPortalBucketTask
[03:07:39] [main/INFO] (Minecraft) [CHAT] §2§l§o[TenorClef] §rT2 [NOW] t=4:59.8 ph=PORTAL @132,31,-255 do=<Construct Nether Portal> Getting water eq=iron_pickaxe woodpick=1 stonepick=1 pick=1 iron=3 buck=1
[03:07:39] [main/INFO] (Minecraft) [STDOUT]: ALTO CLEF: WARNING: T2 [S100] stop jump-walk @132,-255 ph=PORTAL child=ConstructNetherPortalBucketTask esc=0
[03:07:39] [main/INFO] (Minecraft) [CHAT] §2§l§o[TenorClef] §cT2 [S100] stop jump-walk @132,-255 ph=PORTAL child=ConstructNetherPortalBucketTask esc=0§r
[03:07:39] [main/INFO] (Minecraft) [CHAT] §2§l§o[TenorClef] §rT2 [HIST] 4:59.8 SOLVE S100 stop jump-walk @132,-255 ph=PORTAL child=ConstructNetherPortalBucketTask esc=0
[03:07:39] [main/INFO] (Minecraft) [CHAT] §2§l§o[TenorClef] §rT2 [HIST] 5:00.1 SNAP ph=PORTAL @132,31,-255 sky=15 wet=false ground=true pick=1 buck=1 iron=3 ore=4 rods=0 pearls=0 eyes=0 child=ConstructNetherPortalBucketTask dbg=<Construct Nether Portal> Getting water mobs=none
[03:07:40] [main/INFO] (Minecraft) [STDOUT]: ALTO CLEF: WARNING: T2 [E116] drop 8 from 38 to 30 ph=PORTAL
[03:07:40] [main/INFO] (Minecraft) [CHAT] §2§l§o[TenorClef] §cT2 [E116] drop 8 from 38 to 30 ph=PORTAL§r
[03:07:40] [main/INFO] (Minecraft) [CHAT] §2§l§o[TenorClef] §rT2 [HIST] 5:00.3 [E116] drop 8 from 38 to 30 ph=PORTAL
[03:07:40] [main/INFO] (Minecraft) [CHAT] §2§l§o[TenorClef] §rT2 [NOW] t=5:00.8 ph=PORTAL @132,30,-255 do=<Construct Nether Portal> Getting water eq=iron_pickaxe woodpick=1 stonepick=1 pick=1 iron=3 buck=1
[03:07:41] [main/INFO] (Minecraft) [STDOUT]: ALTO CLEF: WARNING: T2 [E100] jumps=6 @132,28,-255 ph=PORTAL child=ConstructNetherPortalBucketTask
[03:07:41] [main/INFO] (Minecraft) [CHAT] §2§l§o[TenorClef] §cT2 [E100] jumps=6 @132,28,-255 ph=PORTAL child=ConstructNetherPortalBucketTask§r
[03:07:41] [main/INFO] (Minecraft) [CHAT] §2§l§o[TenorClef] §rT2 [HIST] 5:01.7 [E100] jumps=6 @132,28,-255 ph=PORTAL child=ConstructNetherPortalBucketTask
[03:07:41] [main/INFO] (Minecraft) [CHAT] §2§l§o[TenorClef] §rT2 [NOW] t=5:01.8 ph=PORTAL @132,28,-255 do=<Construct Nether Portal> Getting water eq=iron_pickaxe woodpick=1 stonepick=1 pick=1 iron=3 buck=1
[03:07:42] [main/INFO] (Minecraft) [CHAT] §2§l§o[TenorClef] §rT2 [NOW] t=5:02.8 ph=PORTAL @132,27,-255 do=<Construct Nether Portal> Getting water eq=iron_pickaxe woodpick=1 stonepick=1 pick=1 iron=3 buck=1
[03:07:43] [main/INFO] (Minecraft) [CHAT] §2§l§o[TenorClef] §rT2 [NOW] t=5:03.8 ph=PORTAL @132,25,-255 do=<Construct Nether Portal> Getting water eq=iron_pickaxe woodpick=1 stonepick=1 pick=1 iron=3 buck=1
[03:07:43] [main/INFO] (Minecraft) [CHAT] §2§l§o[TenorClef] §rT2 [HIST] 5:03.8 [E100] jumps=6 @132,25,-255 ph=PORTAL child=ConstructNetherPortalBucketTask
[03:07:44] [main/INFO] (Minecraft) [CHAT] §2§l§o[TenorClef] §rT2 [NOW] t=5:04.8 ph=PORTAL @132,24,-255 do=<Construct Nether Portal> Getting water eq=iron_pickaxe woodpick=1 stonepick=1 pick=1 iron=3 buck=1
[03:07:44] [main/INFO] (Minecraft) [CHAT] §2§l§o[TenorClef] §rT2 [HIST] 5:05.1 SNAP ph=PORTAL @132,24,-255 sky=15 wet=false ground=true pick=1 buck=1 iron=3 ore=4 rods=0 pearls=0 eyes=0 child=ConstructNetherPortalBucketTask dbg=<Construct Nether Portal> Getting water mobs=none
[03:07:45] [main/INFO] (Minecraft) [CHAT] §2§l§o[TenorClef] §rT2 [NOW] t=5:05.8 ph=PORTAL @132,23,-255 do=<Construct Nether Portal> Getting water eq=iron_pickaxe woodpick=1 stonepick=1 pick=1 iron=3 buck=1
[03:07:45] [main/INFO] (Minecraft) [CHAT] §2§l§o[TenorClef] §rT2 [HIST] 5:05.9 [E100] jumps=6 @132,22,-255 ph=PORTAL child=ConstructNetherPortalBucketTask
[03:07:45] [main/INFO] (Minecraft) [STDOUT]: ALTO CLEF: WARNING: T2 [E116] drop 8 from 30 to 22 ph=PORTAL
[03:07:45] [main/INFO] (Minecraft) [CHAT] §2§l§o[TenorClef] §cT2 [E116] drop 8 from 30 to 22 ph=PORTAL§r
[03:07:45] [main/INFO] (Minecraft) [CHAT] §2§l§o[TenorClef] §rT2 [HIST] 5:05.9 [E116] drop 8 from 30 to 22 ph=PORTAL
[03:07:45] [main/INFO] (Minecraft) [CHAT] §2§l§o[TenorClef] §rRefreshed inventory...
[03:07:45] [main/INFO] (Minecraft) [STDOUT]: ALTO CLEF: WARNING: T2 [S100] stop jump-walk @132,-255 ph=PORTAL child=ConstructNetherPortalBucketTask esc=0
[03:07:45] [main/INFO] (Minecraft) [CHAT] §2§l§o[TenorClef] §cT2 [S100] stop jump-walk @132,-255 ph=PORTAL child=ConstructNetherPortalBucketTask esc=0§r
[03:07:45] [main/INFO] (Minecraft) [CHAT] §2§l§o[TenorClef] §rT2 [HIST] 5:06.1 SOLVE S100 stop jump-walk @132,-255 ph=PORTAL child=ConstructNetherPortalBucketTask esc=0
[03:07:46] [main/INFO] (Minecraft) [CHAT] §2§l§o[TenorClef] §rT2 [NOW] t=5:06.8 ph=PORTAL @132,21,-255 do=<Construct Nether Portal> Getting water eq=iron_pickaxe woodpick=1 stonepick=1 pick=1 iron=3 buck=1
[03:07:47] [main/INFO] (Minecraft) [CHAT] §2§l§o[TenorClef] §rT2 [NOW] t=5:07.8 ph=PORTAL @132,20,-255 do=<Construct Nether Portal> Getting water eq=iron_pickaxe woodpick=1 stonepick=1 pick=1 iron=3 buck=1
[03:07:47] [main/INFO] (Minecraft) [STDOUT]: ALTO CLEF: WARNING: T2 [E100] jumps=6 @132,19,-255 ph=PORTAL child=ConstructNetherPortalBucketTask
[03:07:47] [main/INFO] (Minecraft) [CHAT] §2§l§o[TenorClef] §cT2 [E100] jumps=6 @132,19,-255 ph=PORTAL child=ConstructNetherPortalBucketTask§r
[03:07:47] [main/INFO] (Minecraft) [CHAT] §2§l§o[TenorClef] §rT2 [HIST] 5:08.0 [E100] jumps=6 @132,19,-255 ph=PORTAL child=ConstructNetherPortalBucketTask
[03:07:48] [main/INFO] (Minecraft) [CHAT] §2§l§o[TenorClef] §rT2 [NOW] t=5:08.8 ph=PORTAL @132,18,-255 do=<Construct Nether Portal> Getting water eq=iron_pickaxe woodpick=1 stonepick=1 pick=1 iron=3 buck=1
[03:07:48] [main/INFO] (Minecraft) Loaded 148 advancements
[03:07:49] [main/INFO] (Minecraft) [CHAT] §2§l§o[TenorClef] §rT2 [NOW] t=5:09.8 ph=PORTAL @132,17,-255 do=<Construct Nether Portal> Getting water eq=iron_pickaxe woodpick=1 stonepick=1 pick=1 iron=3 buck=1
[03:07:49] [main/INFO] (Minecraft) [CHAT] §2§l§o[TenorClef] §rT2 [HIST] 5:10.1 SNAP ph=PORTAL @132,16,-255 sky=15 wet=false ground=false pick=1 buck=1 iron=3 ore=4 rods=0 pearls=0 eyes=0 child=ConstructNetherPortalBucketTask dbg=<Construct Nether Portal> Getting water mobs=none
[03:07:49] [main/INFO] (Minecraft) [CHAT] §2§l§o[TenorClef] §rT2 [HIST] 5:10.1 [E100] jumps=6 @132,16,-255 ph=PORTAL child=ConstructNetherPortalBucketTask
[03:07:50] [main/INFO] (Minecraft) [CHAT] §2§l§o[TenorClef] §rDuct tape: Refreshing inventory again just in case
[03:07:50] [main/INFO] (Minecraft) [CHAT] §2§l§o[TenorClef] §rT2 [NOW] t=5:10.8 ph=PORTAL @132,16,-255 do=<Construct Nether Portal> Collecting lava eq=iron_pickaxe woodpick=1 stonepick=1 pick=1 iron=3 buck=1
[03:07:51] [main/INFO] (Minecraft) [CHAT] §2§l§o[TenorClef] §rT2 [NOW] t=5:11.8 ph=PORTAL @132,16,-255 do=<Construct Nether Portal> Collecting lava eq=iron_pickaxe woodpick=1 stonepick=1 pick=1 iron=3 buck=1
[03:07:52] [main/INFO] (Minecraft) [CHAT] §2§l§o[TenorClef] §rT2 [NOW] t=5:12.8 ph=PORTAL @132,16,-255 do=<Construct Nether Portal> Collecting lava eq=iron_pickaxe woodpick=1 stonepick=1 pick=1 iron=3 buck=1
[03:07:53] [main/INFO] (Minecraft) [CHAT] §2§l§o[TenorClef] §rT2 [NOW] t=5:13.8 ph=PORTAL @132,16,-255 do=<Construct Nether Portal> Collecting lava eq=iron_pickaxe woodpick=1 stonepick=1 pick=1 iron=3 buck=1
[03:07:54] [main/INFO] (Minecraft) [CHAT] §2§l§o[TenorClef] §rT2 [NOW] t=5:14.8 ph=PORTAL @132,15,-256 do=<Construct Nether Portal> Collecting lava eq=iron_pickaxe woodpick=1 stonepick=1 pick=1 iron=3 buck=1
[03:07:54] [main/INFO] (Minecraft) [CHAT] §2§l§o[TenorClef] §rT2 [HIST] 5:15.1 SNAP ph=PORTAL @132,15,-256 sky=13 wet=false ground=true pick=1 buck=1 iron=3 ore=4 rods=0 pearls=0 eyes=0 child=ConstructNetherPortalBucketTask dbg=<Construct Nether Portal> Collecting lava mobs=none
[03:07:55] [main/INFO] (Minecraft) [CHAT] §2§l§o[TenorClef] §rT2 [NOW] t=5:15.8 ph=PORTAL @132,15,-256 do=<Construct Nether Portal> Collecting lava eq=air woodpick=1 stonepick=1 pick=1 iron=3 buck=1
[03:07:56] [main/INFO] (Minecraft) [STDOUT]: ALTO CLEF: WARNING: T2 [E116] drop 8 from 22 to 14 ph=PORTAL
[03:07:56] [main/INFO] (Minecraft) [CHAT] §2§l§o[TenorClef] §cT2 [E116] drop 8 from 22 to 14 ph=PORTAL§r
[03:07:56] [main/INFO] (Minecraft) [CHAT] §2§l§o[TenorClef] §rT2 [HIST] 5:16.6 [E116] drop 8 from 22 to 14 ph=PORTAL
[03:07:56] [main/INFO] (Minecraft) [CHAT] §2§l§o[TenorClef] §rT2 [NOW] t=5:16.8 ph=PORTAL @132,14,-256 do=<Construct Nether Portal> Collecting lava eq=iron_pickaxe woodpick=1 stonepick=1 pick=1 iron=0 buck=1
[03:07:57] [main/INFO] (Minecraft) [STDOUT]: ALTO CLEF: WARNING: T2 [S130] START trigger=jump-pit flips=6 ph=PORTAL prev=ConstructNetherPortalBucketTask cycle=1 pos=132,13,-256 walls=4/4/4 sky=11 place=79 boxed=true hold=false cool=0 ban=0 startY=13 step=0
[03:07:57] [main/INFO] (Minecraft) [CHAT] §2§l§o[TenorClef] §cT2 [S130] START trigger=jump-pit flips=6 ph=PORTAL prev=ConstructNetherPortalBucketTask cycle=1 pos=132,13,-256 walls=4/4/4 sky=11 place=79 boxed=true hold=false cool=0 ban=0 startY=13 step=0§r
[03:07:57] [main/INFO] (Minecraft) [CHAT] §2§l§o[TenorClef] §rT2 [HIST] 5:17.5 FORCE S130 START trigger=jump-pit flips=6 ph=PORTAL prev=ConstructNetherPortalBucketTask cycle=1 pos=132,13,-256 walls=4/4/4 sky=11 place=79 boxed=true hold=false cool=0 ban=0 startY=13 step=0
[03:07:57] [main/INFO] (Minecraft) [CHAT] §2§l§o[TenorClef] §rT2 [HIST] 5:17.5 PILLAR START jump-pit flips=6 prev=ConstructNetherPortalBucketTask
[03:07:57] [main/INFO] (Minecraft) [CHAT] §2§l§o[TenorClef] §rT2 [HIST] 5:17.5 SOLVE S130 jump-pit pillar @132,13,-256
[03:07:57] [main/INFO] (Minecraft) [CHAT] §2§l§o[TenorClef] §rT2 [HIST] 5:17.5 CHILD ConstructNetherPortalBucketTask -> HolePillarTask ph=PORTAL @132,13,-256 sky=11 wet=false ground=true pick=1 buck=2 iron=0 ore=4 rods=0 pearls=0 eyes=0
[03:07:57] [main/INFO] (Minecraft) [STDOUT]: ALTO CLEF: WARNING: T2 [S130] tick y=13 slot=0 air=false pos=132,13,-256 walls=4/4/4 sky=11 place=79 boxed=true hold=true cool=0 ban=0 startY=13 step=1
[03:07:57] [main/INFO] (Minecraft) [CHAT] §2§l§o[TenorClef] §cT2 [S130] tick y=13 slot=0 air=false pos=132,13,-256 walls=4/4/4 sky=11 place=79 boxed=true hold=true cool=0 ban=0 startY=13 step=1§r
[03:07:57] [main/INFO] (Minecraft) [CHAT] §2§l§o[TenorClef] §rT2 [HIST] 5:17.5 FORCE S130 tick y=13 slot=0 air=false pos=132,13,-256 walls=4/4/4 sky=11 place=79 boxed=true hold=true cool=0 ban=0 startY=13 step=1
[03:07:57] [main/INFO] (Minecraft) [CHAT] §2§l§o[TenorClef] §rT2 [NOW] t=5:17.8 ph=PORTAL @132,14,-256 do=<T2 pillar-out>  eq=cobblestone woodpick=1 stonepick=1 pick=1 iron=0 buck=1
[03:07:57] [main/INFO] (Minecraft) [STDOUT]: ALTO CLEF: WARNING: T2 [S180] marginal escape +2y free at y=15 startY=13 pos=132,15,-256 walls=4/3/4 sky=13 place=79 boxed=false hold=true cool=0 ban=0 startY=13 step=13
[03:07:57] [main/INFO] (Minecraft) [CHAT] §2§l§o[TenorClef] §cT2 [S180] marginal escape +2y free at y=15 startY=13 pos=132,15,-256 walls=4/3/4 sky=13 place=79 boxed=false hold=true cool=0 ban=0 startY=13 step=13§r
[03:07:57] [main/INFO] (Minecraft) [CHAT] §2§l§o[TenorClef] §rT2 [HIST] 5:18.2 FORCE S180 marginal escape +2y free at y=15 startY=13 pos=132,15,-256 walls=4/3/4 sky=13 place=79 boxed=false hold=true cool=0 ban=0 startY=13 step=13
[03:07:57] [main/INFO] (Minecraft) [STDOUT]: ALTO CLEF: WARNING: T2 [S139] rise pending +2y t=1 y=15 startY=13
[03:07:57] [main/INFO] (Minecraft) [CHAT] §2§l§o[TenorClef] §cT2 [S139] rise pending +2y t=1 y=15 startY=13§r
[03:07:57] [main/INFO] (Minecraft) [CHAT] §2§l§o[TenorClef] §rT2 [HIST] 5:18.2 FORCE S139 rise pending +2y t=1 y=15 startY=13
[03:07:58] [main/INFO] (Minecraft) [STDOUT]: ALTO CLEF: WARNING: T2 [E100] jumps=10 @132,15,-256 ph=PORTAL child=HolePillarTask
[03:07:58] [main/INFO] (Minecraft) [CHAT] §2§l§o[TenorClef] §cT2 [E100] jumps=10 @132,15,-256 ph=PORTAL child=HolePillarTask§r
[03:07:58] [main/INFO] (Minecraft) [CHAT] §2§l§o[TenorClef] §rT2 [HIST] 5:18.5 [E100] jumps=10 @132,15,-256 ph=PORTAL child=HolePillarTask
[03:07:58] [main/INFO] (Minecraft) [STDOUT]: ALTO CLEF: WARNING: T2 [S130] tick y=15 slot=0 air=false pos=132,15,-256 walls=4/3/4 sky=13 place=78 boxed=false hold=true cool=0 ban=0 startY=13 step=21
[03:07:58] [main/INFO] (Minecraft) [CHAT] §2§l§o[TenorClef] §cT2 [S130] tick y=15 slot=0 air=false pos=132,15,-256 walls=4/3/4 sky=13 place=78 boxed=false hold=true cool=0 ban=0 startY=13 step=21§r
[03:07:58] [main/INFO] (Minecraft) [CHAT] §2§l§o[TenorClef] §rT2 [HIST] 5:18.5 FORCE S130 tick y=15 slot=0 air=false pos=132,15,-256 walls=4/3/4 sky=13 place=78 boxed=false hold=true cool=0 ban=0 startY=13 step=21
[03:07:58] [main/INFO] (Minecraft) [STDOUT]: ALTO CLEF: WARNING: T2 [S180] marginal escape +3y free at y=16 startY=13 pos=132,16,-256 walls=3/3/4 sky=14 place=78 boxed=false hold=true cool=0 ban=0 startY=13 step=23
[03:07:58] [main/INFO] (Minecraft) [CHAT] §2§l§o[TenorClef] §cT2 [S180] marginal escape +3y free at y=16 startY=13 pos=132,16,-256 walls=3/3/4 sky=14 place=78 boxed=false hold=true cool=0 ban=0 startY=13 step=23§r
[03:07:58] [main/INFO] (Minecraft) [CHAT] §2§l§o[TenorClef] §rT2 [HIST] 5:18.7 FORCE S180 marginal escape +3y free at y=16 startY=13 pos=132,16,-256 walls=3/3/4 sky=14 place=78 boxed=false hold=true cool=0 ban=0 startY=13 step=23
[03:07:58] [main/INFO] (Minecraft) [STDOUT]: ALTO CLEF: WARNING: T2 [S139] rise pending +3y t=1 y=16 startY=13
[03:07:58] [main/INFO] (Minecraft) [CHAT] §2§l§o[TenorClef] §cT2 [S139] rise pending +3y t=1 y=16 startY=13§r
[03:07:58] [main/INFO] (Minecraft) [CHAT] §2§l§o[TenorClef] §rT2 [HIST] 5:18.7 FORCE S139 rise pending +3y t=1 y=16 startY=13
[03:07:58] [main/INFO] (Minecraft) [CHAT] §2§l§o[TenorClef] §rT2 [NOW] t=5:18.8 ph=PORTAL @132,16,-256 do=<T2 pillar-out>  eq=cobblestone woodpick=1 stonepick=1 pick=1 iron=0 buck=1
[03:07:58] [main/INFO] (Minecraft) [STDOUT]: ALTO CLEF: WARNING: T2 [S139] rise confirmed +3y held 12t y=16 startY=13 pos=132,16,-256 walls=3/3/4 sky=14 place=77 boxed=false hold=true cool=0 ban=0 startY=13 step=34
[03:07:58] [main/INFO] (Minecraft) [CHAT] §2§l§o[TenorClef] §cT2 [S139] rise confirmed +3y held 12t y=16 startY=13 pos=132,16,-256 walls=3/3/4 sky=14 place=77 boxed=false hold=true cool=0 ban=0 startY=13 step=34§r
[03:07:58] [main/INFO] (Minecraft) [CHAT] §2§l§o[TenorClef] §rT2 [HIST] 5:19.2 FORCE S139 rise confirmed +3y held 12t y=16 startY=13 pos=132,16,-256 walls=3/3/4 sky=14 place=77 boxed=false hold=true cool=0 ban=0 startY=13 step=34
[03:07:58] [main/INFO] (Minecraft) [STDOUT]: ALTO CLEF: WARNING: T2 [S133] cool arm ticks=200 reason=risen y=16 startY=13 ban=132,16,-256 pos=132,16,-256 walls=3/3/4 sky=14 place=77 boxed=false hold=true cool=200 ban=200 startY=13 step=34
[03:07:58] [main/INFO] (Minecraft) [CHAT] §2§l§o[TenorClef] §cT2 [S133] cool arm ticks=200 reason=risen y=16 startY=13 ban=132,16,-256 pos=132,16,-256 walls=3/3/4 sky=14 place=77 boxed=false hold=true cool=200 ban=200 startY=13 step=34§r
[03:07:58] [main/INFO] (Minecraft) [CHAT] §2§l§o[TenorClef] §rT2 [HIST] 5:19.2 FORCE S133 cool arm ticks=200 reason=risen y=16 startY=13 ban=132,16,-256 pos=132,16,-256 walls=3/3/4 sky=14 place=77 boxed=false hold=true cool=200 ban=200 startY=13 step=34
[03:07:58] [main/INFO] (Minecraft) [STDOUT]: ALTO CLEF: WARNING: T2 [S136] END reason=risen y=16 startY=13 roseReal=true giveUp=true pos=132,16,-256 walls=3/3/4 sky=14 place=77 boxed=false hold=true cool=200 ban=200 startY=13 step=34
[03:07:58] [main/INFO] (Minecraft) [CHAT] §2§l§o[TenorClef] §cT2 [S136] END reason=risen y=16 startY=13 roseReal=true giveUp=true pos=132,16,-256 walls=3/3/4 sky=14 place=77 boxed=false hold=true cool=200 ban=200 startY=13 step=34§r
[03:07:58] [main/INFO] (Minecraft) [CHAT] §2§l§o[TenorClef] §rT2 [HIST] 5:19.2 FORCE S136 END reason=risen y=16 startY=13 roseReal=true giveUp=true pos=132,16,-256 walls=3/3/4 sky=14 place=77 boxed=false hold=true cool=200 ban=200 startY=13 step=34
[03:07:58] [main/INFO] (Minecraft) [CHAT] §2§l§o[TenorClef] §rT2 [HIST] 5:19.2 PILLAR END risen y=16 startY=13
[03:07:58] [main/INFO] (Minecraft) [STDOUT]: ALTO CLEF: WARNING: T2 [S157] held HolePillarTask through 1 swap attempts - Construct/pillar ping-pong, wanted=ConstructNetherPortalBucketTask
[03:07:58] [main/INFO] (Minecraft) [CHAT] §2§l§o[TenorClef] §cT2 [S157] held HolePillarTask through 1 swap attempts - Construct/pillar ping-pong, wanted=ConstructNetherPortalBucketTask§r
[03:07:59] [main/INFO] (Minecraft) [CHAT] §2§l§o[TenorClef] §rT2 [NOW] t=5:19.8 ph=PORTAL @132,16,-256 do=<T2 pillar-out>  eq=cobblestone woodpick=1 stonepick=1 pick=1 iron=0 buck=1
[03:07:59] [main/INFO] (Minecraft) [CHAT] §2§l§o[TenorClef] §rT2 [HIST] 5:20.1 SNAP ph=PORTAL @132,16,-256 sky=14 wet=false ground=true pick=1 buck=2 iron=0 ore=4 rods=0 pearls=0 eyes=0 child=HolePillarTask dbg=<T2 pillar-out>  mobs=none
[03:08:00] [main/INFO] (Minecraft) [CHAT] §2§l§o[TenorClef] §rT2 [NOW] t=5:20.8 ph=PORTAL @132,16,-256 do=<T2 pillar-out>  eq=cobblestone woodpick=1 stonepick=1 pick=1 iron=0 buck=1
[03:08:01] [main/INFO] (Minecraft) [CHAT] §2§l§o[TenorClef] §rT2 [HB] t=5:21.8 ph=PORTAL y=16 child=HolePillarTask logs=1 pick=1 woodpick=1
[03:08:01] [main/INFO] (Minecraft) [CHAT] §2§l§o[TenorClef] §rT2 [NOW] t=5:21.8 ph=PORTAL @132,16,-256 do=<T2 pillar-out>  eq=cobblestone woodpick=1 stonepick=1 pick=1 iron=0 buck=1
[03:08:01] [main/INFO] (Minecraft) [STDOUT]: ALTO CLEF: WARNING: T2 [S136] stick drop pillar -> ConstructNetherPortalBucketTask finished=true hold=false cool=139 end=risen y=16 startY=13 pos=132,16,-256 walls=3/3/4 sky=14 place=77 boxed=false hold=false cool=139 ban=139 startY=- step=0
[03:08:01] [main/INFO] (Minecraft) [CHAT] §2§l§o[TenorClef] §cT2 [S136] stick drop pillar -> ConstructNetherPortalBucketTask finished=true hold=false cool=139 end=risen y=16 startY=13 pos=132,16,-256 walls=3/3/4 sky=14 place=77 boxed=false hold=false cool=139 ban=139 startY=- step=0§r
[03:08:01] [main/INFO] (Minecraft) [CHAT] §2§l§o[TenorClef] §rT2 [HIST] 5:22.3 FORCE S136 stick drop pillar -> ConstructNetherPortalBucketTask finished=true hold=false cool=139 end=risen y=16 startY=13 pos=132,16,-256 walls=3/3/4 sky=14 place=77 boxed=false hold=false cool=139 ban=139 startY=- step=0
[03:08:01] [main/INFO] (Minecraft) [CHAT] §2§l§o[TenorClef] §rT2 [HIST] 5:22.3 CHILD HolePillarTask -> ConstructNetherPortalBucketTask ph=PORTAL @132,16,-256 sky=14 wet=false ground=true pick=1 buck=2 iron=0 ore=4 rods=0 pearls=0 eyes=0
[03:08:01] [main/INFO] (Minecraft) [STDOUT]: ALTO CLEF: WARNING: T2 [S136] onStop interrupt=ConstructNetherPortalBucketTask finishWhy=givingUp cool=139 lastEnd=risen y=16 startY=13 pos=132,16,-256 walls=3/3/4 sky=14 place=77 boxed=false hold=false cool=139 ban=139 startY=- step=0
[03:08:01] [main/INFO] (Minecraft) [CHAT] §2§l§o[TenorClef] §cT2 [S136] onStop interrupt=ConstructNetherPortalBucketTask finishWhy=givingUp cool=139 lastEnd=risen y=16 startY=13 pos=132,16,-256 walls=3/3/4 sky=14 place=77 boxed=false hold=false cool=139 ban=139 startY=- step=0§r
[03:08:01] [main/INFO] (Minecraft) [CHAT] §2§l§o[TenorClef] §rT2 [HIST] 5:22.3 FORCE S136 onStop interrupt=ConstructNetherPortalBucketTask finishWhy=givingUp cool=139 lastEnd=risen y=16 startY=13 pos=132,16,-256 walls=3/3/4 sky=14 place=77 boxed=false hold=false cool=139 ban=139 startY=- step=0
[03:08:01] [main/INFO] (Minecraft) [CHAT] §2§l§o[TenorClef] §r(Searching for lava lake with portalable spot nearby...)
[03:08:01] [main/INFO] (Minecraft) [CHAT] §2§l§o[TenorClef] §rFound with depth 212
[03:08:01] [main/INFO] (Minecraft) [CHAT] §2§l§o[TenorClef] §rT2 [S165L] only a deep lava lake at y=10 - expect a long dark shaft
[03:08:02] [main/INFO] (Minecraft) [CHAT] §2§l§o[TenorClef] §rT2 [NOW] t=5:22.8 ph=PORTAL @132,16,-256 do=<Construct Nether Portal> Collecting lava eq=iron_pickaxe woodpick=1 stonepick=1 pick=1 iron=0 buck=1
[03:08:02] [main/INFO] (Minecraft) [CHAT] §2§l§o[TenorClef] §rT2 [HIST] 5:23.2 [E100] jumps=6 @132,15,-256 ph=PORTAL child=ConstructNetherPortalBucketTask
[03:08:03] [main/INFO] (Minecraft) [CHAT] §2§l§o[TenorClef] §rT2 [NOW] t=5:23.8 ph=PORTAL @132,14,-256 do=<Construct Nether Portal> Collecting lava eq=iron_pickaxe woodpick=1 stonepick=1 pick=1 iron=0 buck=1
[03:08:04] [main/INFO] (Minecraft) [CHAT] §2§l§o[TenorClef] §rT2 [NOW] t=5:24.8 ph=PORTAL @132,13,-256 do=<Construct Nether Portal> Collecting lava eq=iron_pickaxe woodpick=1 stonepick=1 pick=1 iron=0 buck=1
[03:08:04] [main/INFO] (Minecraft) [STDOUT]: ALTO CLEF: WARNING: T2 [S135] S130 suppressed why=jump-pit-busy child=ConstructNetherPortalBucketTask cool=88 ban=88 hold=false pos=132,13,-256 walls=4/4/4 sky=11 place=79 boxed=true hold=false cool=88 ban=88 startY=- step=0
[03:08:04] [main/INFO] (Minecraft) [CHAT] §2§l§o[TenorClef] §cT2 [S135] S130 suppressed why=jump-pit-busy child=ConstructNetherPortalBucketTask cool=88 ban=88 hold=false pos=132,13,-256 walls=4/4/4 sky=11 place=79 boxed=true hold=false cool=88 ban=88 startY=- step=0§r
[03:08:04] [main/INFO] (Minecraft) [CHAT] §2§l§o[TenorClef] §rT2 [HIST] 5:24.8 FORCE S135 S130 suppressed why=jump-pit-busy child=ConstructNetherPortalBucketTask cool=88 ban=88 hold=false pos=132,13,-256 walls=4/4/4 sky=11 place=79 boxed=true hold=false cool=88 ban=88 startY=- step=0
[03:08:04] [main/INFO] (Minecraft) [STDOUT]: ALTO CLEF: WARNING: T2 [S100] stop jump-walk @132,-256 ph=PORTAL child=ConstructNetherPortalBucketTask esc=0
[03:08:04] [main/INFO] (Minecraft) [CHAT] §2§l§o[TenorClef] §cT2 [S100] stop jump-walk @132,-256 ph=PORTAL child=ConstructNetherPortalBucketTask esc=0§r
[03:08:04] [main/INFO] (Minecraft) [CHAT] §2§l§o[TenorClef] §rT2 [HIST] 5:24.8 SOLVE S100 stop jump-walk @132,-256 ph=PORTAL child=ConstructNetherPortalBucketTask esc=0
[03:08:04] [main/INFO] (Minecraft) [CHAT] §2§l§o[TenorClef] §rT2 [HIST] 5:25.0 SNAP ph=PORTAL @132,13,-256 sky=11 wet=false ground=true pick=1 buck=2 iron=0 ore=4 rods=0 pearls=0 eyes=0 child=ConstructNetherPortalBucketTask dbg=<Construct Nether Portal> Collecting lava mobs=none
[03:08:05] [main/INFO] (Minecraft) [CHAT] §2§l§o[TenorClef] §rT2 [NOW] t=5:25.8 ph=PORTAL @132,13,-256 do=<Construct Nether Portal> Collecting lava eq=iron_pickaxe woodpick=1 stonepick=1 pick=1 iron=0 buck=1
[03:08:06] [main/INFO] (Minecraft) [CHAT] §2§l§o[TenorClef] §rT2 [HB] t=5:26.8 ph=PORTAL y=13 child=ConstructNetherPortalBucketTask logs=1 pick=1 woodpick=1
[03:08:06] [main/INFO] (Minecraft) [CHAT] §2§l§o[TenorClef] §rT2 [NOW] t=5:26.8 ph=PORTAL @132,13,-257 do=<Construct Nether Portal> Collecting lava eq=iron_pickaxe woodpick=1 stonepick=1 pick=1 iron=0 buck=1
[03:08:07] [main/INFO] (Minecraft) [CHAT] §2§l§o[TenorClef] §rT2 [NOW] t=5:27.8 ph=PORTAL @132,13,-257 do=<Construct Nether Portal> Collecting lava eq=iron_pickaxe woodpick=1 stonepick=1 pick=1 iron=0 buck=1
[03:08:08] [Server thread/INFO] (Minecraft) Player433 has made the advancement [Hot Stuff]
[03:08:08] [main/INFO] (Minecraft) [CHAT] Player433 has made the advancement [Hot Stuff]
[03:08:08] [main/INFO] (Minecraft) Loaded 149 advancements
[03:08:08] [main/INFO] (Minecraft) [CHAT] §2§l§o[TenorClef] §rT2 [NOW] t=5:28.8 ph=PORTAL @132,13,-256 do=<Construct Nether Portal> Collecting lava eq=iron_pickaxe woodpick=1 stonepick=1 pick=1 iron=0 buck=2
[03:08:08] [main/INFO] (Minecraft) [STDOUT]: ALTO CLEF: WARNING: T2 [S134] pillar cool expire after jump-pit flips=6 end=risen y=16 startY=13
[03:08:08] [main/INFO] (Minecraft) [CHAT] §2§l§o[TenorClef] §cT2 [S134] pillar cool expire after jump-pit flips=6 end=risen y=16 startY=13§r
[03:08:08] [main/INFO] (Minecraft) [CHAT] §2§l§o[TenorClef] §rT2 [HIST] 5:29.2 FORCE S134 pillar cool expire after jump-pit flips=6 end=risen y=16 startY=13
[03:08:09] [main/INFO] (Minecraft) [CHAT] §2§l§o[TenorClef] §rT2 [NOW] t=5:29.8 ph=PORTAL @132,12,-256 do=<Construct Nether Portal> Collecting lava eq=iron_pickaxe woodpick=1 stonepick=1 pick=1 iron=0 buck=2
[03:08:09] [main/INFO] (Minecraft) [CHAT] §2§l§o[TenorClef] §rT2 [HIST] 5:30.0 SNAP ph=PORTAL @132,12,-256 sky=10 wet=false ground=true pick=1 buck=2 iron=0 ore=4 rods=0 pearls=0 eyes=0 child=ConstructNetherPortalBucketTask dbg=<Construct Nether Portal> Collecting lava mobs=none
[03:08:10] [main/INFO] (Minecraft) [CHAT] §2§l§o[TenorClef] §rT2 [NOW] t=5:30.8 ph=PORTAL @132,12,-256 do=<Construct Nether Portal> Collecting lava eq=iron_pickaxe woodpick=1 stonepick=1 pick=1 iron=0 buck=2
[03:08:11] [main/INFO] (Minecraft) [CHAT] §2§l§o[TenorClef] §rT2 [HB] t=5:31.8 ph=PORTAL y=12 child=ConstructNetherPortalBucketTask logs=1 pick=1 woodpick=1
[03:08:11] [main/INFO] (Minecraft) [CHAT] §2§l§o[TenorClef] §rT2 [NOW] t=5:31.8 ph=PORTAL @132,12,-255 do=<Construct Nether Portal> Collecting lava eq=iron_pickaxe woodpick=1 stonepick=1 pick=1 iron=0 buck=2
[03:08:11] [main/INFO] (Minecraft) [STDOUT]: ALTO CLEF: WARNING: T2 [S138] shaft ban clear left-y ban=132,16,-256 now=132,11,-255 manh=1 dy=5 left=7
[03:08:11] [main/INFO] (Minecraft) [CHAT] §2§l§o[TenorClef] §cT2 [S138] shaft ban clear left-y ban=132,16,-256 now=132,11,-255 manh=1 dy=5 left=7§r
[03:08:11] [main/INFO] (Minecraft) [CHAT] §2§l§o[TenorClef] §rT2 [HIST] 5:31.9 FORCE S138 shaft ban clear left-y ban=132,16,-256 now=132,11,-255 manh=1 dy=5 left=7
[03:08:12] [main/INFO] (Minecraft) [CHAT] §2§l§o[TenorClef] §rT2 [NOW] t=5:32.8 ph=PORTAL @132,11,-255 do=<Construct Nether Portal> Collecting lava eq=iron_pickaxe woodpick=1 stonepick=1 pick=1 iron=0 buck=2
[03:08:13] [main/INFO] (Minecraft) [CHAT] §2§l§o[TenorClef] §rT2 [NOW] t=5:33.8 ph=PORTAL @132,11,-255 do=<Construct Nether Portal> Collecting lava eq=iron_pickaxe woodpick=1 stonepick=1 pick=1 iron=0 buck=2
[03:08:14] [main/INFO] (Minecraft) [CHAT] §2§l§o[TenorClef] §rT2 [NOW] t=5:34.8 ph=PORTAL @132,12,-255 do=<Construct Nether Portal> Collecting lava eq=water_bucket woodpick=1 stonepick=1 pick=1 iron=0 buck=1
[03:08:14] [main/INFO] (Minecraft) [CHAT] §2§l§o[TenorClef] §rT2 [HIST] 5:35.0 SNAP ph=PORTAL @132,12,-256 sky=10 wet=false ground=true pick=1 buck=2 iron=0 ore=4 rods=0 pearls=0 eyes=0 child=ConstructNetherPortalBucketTask dbg=<Construct Nether Portal> Collecting lava mobs=none
[03:08:15] [main/INFO] (Minecraft) [CHAT] §2§l§o[TenorClef] §rT2 [NOW] t=5:35.8 ph=PORTAL @132,12,-257 do=<Construct Nether Portal> Collecting lava eq=lava_bucket woodpick=1 stonepick=1 pick=1 iron=0 buck=2
[03:08:15] [main/INFO] (Minecraft) [CHAT] §2§l§o[TenorClef] §rRefreshed inventory...
[03:08:16] [main/INFO] (Minecraft) [CHAT] §2§l§o[TenorClef] §rT2 [HB] t=5:36.8 ph=PORTAL y=12 child=ConstructNetherPortalBucketTask logs=1 pick=1 woodpick=1
[03:08:16] [main/INFO] (Minecraft) [CHAT] §2§l§o[TenorClef] §rT2 [NOW] t=5:36.8 ph=PORTAL @132,12,-255 do=<Construct Nether Portal> Collecting lava eq=iron_pickaxe woodpick=1 stonepick=1 pick=1 iron=0 buck=2
[03:08:17] [main/INFO] (Minecraft) [CHAT] §2§l§o[TenorClef] §rT2 [NOW] t=5:37.8 ph=PORTAL @132,12,-257 do=<Construct Nether Portal> Collecting lava eq=iron_pickaxe woodpick=1 stonepick=1 pick=1 iron=0 buck=1
[03:08:18] [main/INFO] (Minecraft) [CHAT] §2§l§o[TenorClef] §rT2 [NOW] t=5:38.8 ph=PORTAL @132,12,-257 do=<Construct Nether Portal> Collecting lava eq=iron_pickaxe woodpick=1 stonepick=1 pick=1 iron=0 buck=1
[03:08:19] [main/INFO] (Minecraft) [CHAT] §2§l§o[TenorClef] §rT2 [NOW] t=5:39.8 ph=PORTAL @132,12,-256 do=<Construct Nether Portal> Collecting lava eq=iron_pickaxe woodpick=1 stonepick=1 pick=1 iron=0 buck=2
[03:08:19] [main/INFO] (Minecraft) [CHAT] §2§l§o[TenorClef] §rT2 [HIST] 5:40.0 SNAP ph=PORTAL @132,12,-256 sky=10 wet=false ground=true pick=1 buck=2 iron=0 ore=4 rods=0 pearls=0 eyes=0 child=ConstructNetherPortalBucketTask dbg=<Construct Nether Portal> Collecting lava mobs=none
[03:08:20] [main/INFO] (Minecraft) [CHAT] §2§l§o[TenorClef] §rT2 [NOW] t=5:40.8 ph=PORTAL @132,13,-255 do=<Construct Nether Portal> Collecting lava eq=iron_pickaxe woodpick=1 stonepick=1 pick=1 iron=0 buck=2
[03:08:21] [main/INFO] (Minecraft) [CHAT] §2§l§o[TenorClef] §rT2 [HB] t=5:41.8 ph=PORTAL y=13 child=ConstructNetherPortalBucketTask logs=1 pick=1 woodpick=1
[03:08:21] [main/INFO] (Minecraft) [CHAT] §2§l§o[TenorClef] §rT2 [NOW] t=5:41.8 ph=PORTAL @132,13,-256 do=<Construct Nether Portal> Collecting lava eq=water_bucket woodpick=1 stonepick=1 pick=1 iron=0 buck=1
[03:08:22] [main/INFO] (Minecraft) [CHAT] §2§l§o[TenorClef] §rT2 [NOW] t=5:42.8 ph=PORTAL @132,12,-256 do=<Construct Nether Portal> Collecting lava eq=iron_pickaxe woodpick=1 stonepick=1 pick=1 iron=0 buck=2
[03:08:23] [main/INFO] (Minecraft) [CHAT] §2§l§o[TenorClef] §rT2 [NOW] t=5:43.8 ph=PORTAL @132,12,-255 do=<Construct Nether Portal> Collecting lava eq=iron_pickaxe woodpick=1 stonepick=1 pick=1 iron=0 buck=2
[03:08:24] [main/INFO] (Minecraft) [CHAT] §2§l§o[TenorClef] §rT2 [NOW] t=5:44.8 ph=PORTAL @132,12,-254 do=<Construct Nether Portal> Collecting lava eq=iron_pickaxe woodpick=1 stonepick=1 pick=1 iron=0 buck=2
[03:08:24] [main/INFO] (Minecraft) [CHAT] §2§l§o[TenorClef] §rT2 [HIST] 5:45.0 SNAP ph=PORTAL @132,12,-254 sky=8 wet=false ground=true pick=1 buck=2 iron=0 ore=4 rods=0 pearls=0 eyes=0 child=ConstructNetherPortalBucketTask dbg=<Construct Nether Portal> Collecting lava mobs=none
[03:08:25] [main/INFO] (Minecraft) [CHAT] §2§l§o[TenorClef] §rT2 [NOW] t=5:45.8 ph=PORTAL @132,12,-254 do=<Construct Nether Portal> Collecting lava eq=iron_pickaxe woodpick=1 stonepick=1 pick=1 iron=0 buck=2
[03:08:26] [main/INFO] (Minecraft) [CHAT] §2§l§o[TenorClef] §rT2 [HB] t=5:46.8 ph=PORTAL y=12 child=ConstructNetherPortalBucketTask logs=1 pick=1 woodpick=1
[03:08:26] [main/INFO] (Minecraft) [CHAT] §2§l§o[TenorClef] §rT2 [NOW] t=5:46.8 ph=PORTAL @132,12,-253 do=<Construct Nether Portal> Collecting lava eq=iron_pickaxe woodpick=1 stonepick=1 pick=1 iron=0 buck=2
[03:08:27] [main/INFO] (Minecraft) [CHAT] §2§l§o[TenorClef] §rT2 [NOW] t=5:47.8 ph=PORTAL @132,12,-253 do=<Construct Nether Portal> Collecting lava eq=cobblestone woodpick=1 stonepick=1 pick=1 iron=0 buck=2
[03:08:28] [main/INFO] (Minecraft) [CHAT] §2§l§o[TenorClef] §rT2 [NOW] t=5:48.8 ph=PORTAL @132,12,-252 do=<Construct Nether Portal> Collecting lava eq=cobblestone woodpick=1 stonepick=1 pick=1 iron=0 buck=2
[03:08:29] [main/INFO] (Minecraft) [CHAT] §2§l§o[TenorClef] §rT2 [NOW] t=5:49.8 ph=PORTAL @132,11,-252 do=<Construct Nether Portal> Collecting lava eq=iron_pickaxe woodpick=1 stonepick=1 pick=1 iron=0 buck=2
[03:08:29] [main/INFO] (Minecraft) [CHAT] §2§l§o[TenorClef] §rT2 [HIST] 5:50.0 SNAP ph=PORTAL @132,11,-252 sky=5 wet=false ground=true pick=1 buck=2 iron=0 ore=4 rods=0 pearls=0 eyes=0 child=ConstructNetherPortalBucketTask dbg=<Construct Nether Portal> Collecting lava mobs=none
[03:08:30] [main/INFO] (Minecraft) [CHAT] §2§l§o[TenorClef] §rT2 [NOW] t=5:50.8 ph=PORTAL @132,11,-252 do=<Construct Nether Portal> Collecting lava eq=cobblestone woodpick=1 stonepick=1 pick=1 iron=0 buck=2
[03:08:31] [main/INFO] (Minecraft) [CHAT] §2§l§o[TenorClef] §rT2 [HB] t=5:51.8 ph=PORTAL y=11 child=ConstructNetherPortalBucketTask logs=1 pick=1 woodpick=1
[03:08:31] [main/INFO] (Minecraft) [CHAT] §2§l§o[TenorClef] §rT2 [NOW] t=5:51.8 ph=PORTAL @132,11,-252 do=<Construct Nether Portal> Collecting lava eq=cobblestone woodpick=1 stonepick=1 pick=1 iron=0 buck=2
[03:08:32] [main/INFO] (Minecraft) [CHAT] §2§l§o[TenorClef] §rT2 [NOW] t=5:52.8 ph=PORTAL @132,11,-252 do=<Construct Nether Portal> Collecting lava eq=iron_pickaxe woodpick=1 stonepick=1 pick=1 iron=0 buck=1
[03:08:33] [main/INFO] (Minecraft) [CHAT] §2§l§o[TenorClef] §rT2 [NOW] t=5:53.8 ph=PORTAL @132,11,-252 do=<Construct Nether Portal> Collecting lava eq=cobblestone woodpick=1 stonepick=1 pick=1 iron=0 buck=1
[03:08:34] [main/INFO] (Minecraft) [CHAT] §2§l§o[TenorClef] §rT2 [NOW] t=5:54.8 ph=PORTAL @132,11,-251 do=<Construct Nether Portal> Collecting lava eq=iron_pickaxe woodpick=1 stonepick=1 pick=1 iron=0 buck=1
[03:08:34] [main/INFO] (Minecraft) [CHAT] §2§l§o[TenorClef] §rT2 [HIST] 5:55.0 SNAP ph=PORTAL @132,11,-251 sky=4 wet=false ground=true pick=1 buck=2 iron=0 ore=4 rods=0 pearls=0 eyes=0 child=ConstructNetherPortalBucketTask dbg=<Construct Nether Portal> Collecting lava mobs=none
[03:08:35] [main/INFO] (Minecraft) [CHAT] §2§l§o[TenorClef] §rT2 [NOW] t=5:55.8 ph=PORTAL @132,11,-251 do=<Construct Nether Portal> Collecting lava eq=iron_pickaxe woodpick=1 stonepick=1 pick=1 iron=0 buck=1
[03:08:36] [main/INFO] (Minecraft) [CHAT] §2§l§o[TenorClef] §rT2 [HB] t=5:56.8 ph=PORTAL y=11 child=ConstructNetherPortalBucketTask logs=1 pick=1 woodpick=1
[03:08:36] [main/INFO] (Minecraft) [CHAT] §2§l§o[TenorClef] §rT2 [NOW] t=5:56.8 ph=PORTAL @132,11,-250 do=<Construct Nether Portal> Collecting lava eq=iron_pickaxe woodpick=1 stonepick=1 pick=1 iron=0 buck=1
[03:08:37] [main/INFO] (Minecraft) [CHAT] §2§l§o[TenorClef] §rT2 [NOW] t=5:57.8 ph=PORTAL @132,11,-250 do=<Construct Nether Portal> Collecting lava eq=iron_pickaxe woodpick=1 stonepick=1 pick=1 iron=0 buck=1
[03:08:38] [main/INFO] (Minecraft) [CHAT] §2§l§o[TenorClef] §rT2 [NOW] t=5:58.8 ph=PORTAL @132,10,-249 do=<Construct Nether Portal> Collecting lava eq=iron_pickaxe woodpick=1 stonepick=1 pick=1 iron=0 buck=1
[03:08:39] [main/INFO] (Minecraft) [CHAT] §2§l§o[TenorClef] §rT2 [NOW] t=5:59.8 ph=PORTAL @132,9,-249 do=<Construct Nether Portal> Collecting lava eq=iron_pickaxe woodpick=1 stonepick=1 pick=1 iron=0 buck=1
[03:08:39] [main/INFO] (Minecraft) [CHAT] §2§l§o[TenorClef] §rT2 [HIST] 6:00.0 SNAP ph=PORTAL @132,9,-249 sky=0 wet=false ground=true pick=1 buck=2 iron=0 ore=4 rods=0 pearls=0 eyes=0 child=ConstructNetherPortalBucketTask dbg=<Construct Nether Portal> Collecting lava mobs=none
[03:08:39] [main/INFO] (Minecraft) [STDOUT]: ALTO CLEF: WARNING: T2 [E116] drop 8 from 16 to 8 ph=PORTAL
[03:08:39] [main/INFO] (Minecraft) [CHAT] §2§l§o[TenorClef] §cT2 [E116] drop 8 from 16 to 8 ph=PORTAL§r
[03:08:39] [main/INFO] (Minecraft) [CHAT] §2§l§o[TenorClef] §rT2 [HIST] 6:00.1 [E116] drop 8 from 16 to 8 ph=PORTAL
[03:08:40] [main/INFO] (Minecraft) [STDOUT]: ALTO CLEF: WARNING: T2 [S130] START trigger=jump-pit flips=6 ph=PORTAL prev=ConstructNetherPortalBucketTask cycle=1 pos=132,8,-249 walls=4/4/4 sky=0 place=114 boxed=true hold=false cool=0 ban=0 startY=8 step=0
[03:08:40] [main/INFO] (Minecraft) [CHAT] §2§l§o[TenorClef] §cT2 [S130] START trigger=jump-pit flips=6 ph=PORTAL prev=ConstructNetherPortalBucketTask cycle=1 pos=132,8,-249 walls=4/4/4 sky=0 place=114 boxed=true hold=false cool=0 ban=0 startY=8 step=0§r
[03:08:40] [main/INFO] (Minecraft) [CHAT] §2§l§o[TenorClef] §rT2 [HIST] 6:00.4 FORCE S130 START trigger=jump-pit flips=6 ph=PORTAL prev=ConstructNetherPortalBucketTask cycle=1 pos=132,8,-249 walls=4/4/4 sky=0 place=114 boxed=true hold=false cool=0 ban=0 startY=8 step=0
[03:08:40] [main/INFO] (Minecraft) [CHAT] §2§l§o[TenorClef] §rT2 [HIST] 6:00.4 PILLAR START jump-pit flips=6 prev=ConstructNetherPortalBucketTask
[03:08:40] [main/INFO] (Minecraft) [CHAT] §2§l§o[TenorClef] §rT2 [HIST] 6:00.4 SOLVE S130 jump-pit pillar @132,8,-249
[03:08:40] [main/INFO] (Minecraft) [STDOUT]: ALTO CLEF: WARNING: T2 [S130] START trigger=jump-pit flips=6 ph=PORTAL prev=ConstructNetherPortalBucketTask cycle=2 pos=132,8,-249 walls=4/4/4 sky=0 place=114 boxed=true hold=false cool=0 ban=0 startY=8 step=0
[03:08:40] [main/INFO] (Minecraft) [CHAT] §2§l§o[TenorClef] §cT2 [S130] START trigger=jump-pit flips=6 ph=PORTAL prev=ConstructNetherPortalBucketTask cycle=2 pos=132,8,-249 walls=4/4/4 sky=0 place=114 boxed=true hold=false cool=0 ban=0 startY=8 step=0§r
[03:08:40] [main/INFO] (Minecraft) [CHAT] §2§l§o[TenorClef] §rT2 [HIST] 6:00.5 FORCE S130 START trigger=jump-pit flips=6 ph=PORTAL prev=ConstructNetherPortalBucketTask cycle=2 pos=132,8,-249 walls=4/4/4 sky=0 place=114 boxed=true hold=false cool=0 ban=0 startY=8 step=0
[03:08:40] [main/INFO] (Minecraft) [STDOUT]: ALTO CLEF: WARNING: T2 [S130] START trigger=jump-pit flips=6 ph=PORTAL prev=ConstructNetherPortalBucketTask cycle=3 pos=132,8,-249 walls=4/4/4 sky=0 place=115 boxed=true hold=false cool=0 ban=0 startY=8 step=0
[03:08:40] [main/INFO] (Minecraft) [CHAT] §2§l§o[TenorClef] §cT2 [S130] START trigger=jump-pit flips=6 ph=PORTAL prev=ConstructNetherPortalBucketTask cycle=3 pos=132,8,-249 walls=4/4/4 sky=0 place=115 boxed=true hold=false cool=0 ban=0 startY=8 step=0§r
[03:08:40] [main/INFO] (Minecraft) [CHAT] §2§l§o[TenorClef] §rT2 [HIST] 6:00.5 FORCE S130 START trigger=jump-pit flips=6 ph=PORTAL prev=ConstructNetherPortalBucketTask cycle=3 pos=132,8,-249 walls=4/4/4 sky=0 place=115 boxed=true hold=false cool=0 ban=0 startY=8 step=0
[03:08:40] [main/INFO] (Minecraft) [STDOUT]: ALTO CLEF: WARNING: T2 [S158] shaft-hop n>=4 in 148ms - area ban r=14 @132,-249 prev=132,-256 esc=1 pos=132,8,-249 walls=4/4/4 sky=0 place=115 boxed=true hold=false cool=400 ban=600 startY=8 step=0
[03:08:40] [main/INFO] (Minecraft) [CHAT] §2§l§o[TenorClef] §cT2 [S158] shaft-hop n>=4 in 148ms - area ban r=14 @132,-249 prev=132,-256 esc=1 pos=132,8,-249 walls=4/4/4 sky=0 place=115 boxed=true hold=false cool=400 ban=600 startY=8 step=0§r
[03:08:40] [main/INFO] (Minecraft) [CHAT] §2§l§o[TenorClef] §rT2 [HIST] 6:00.6 FORCE S158 shaft-hop n>=4 in 148ms - area ban r=14 @132,-249 prev=132,-256 esc=1 pos=132,8,-249 walls=4/4/4 sky=0 place=115 boxed=true hold=false cool=400 ban=600 startY=8 step=0
[03:08:40] [main/INFO] (Minecraft) [STDOUT]: ALTO CLEF: WARNING: T2 [E133] PILLAR_PINGPONG n=4 @132,-249 in 152ms cycles=3 lastEnd=risen y=16 startY=13
[03:08:40] [main/INFO] (Minecraft) [CHAT] §2§l§o[TenorClef] §cT2 [E133] PILLAR_PINGPONG n=4 @132,-249 in 152ms cycles=3 lastEnd=risen y=16 startY=13§r
[03:08:40] [main/INFO] (Minecraft) [CHAT] §2§l§o[TenorClef] §rT2 [HIST] 6:00.6 FORCE E133 PILLAR_PINGPONG n=4 @132,-249 in 152ms cycles=3 lastEnd=risen y=16 startY=13
[03:08:40] [main/INFO] (Minecraft) [STDOUT]: ALTO CLEF: WARNING: T2 [S147] sticky ban arm @132,-249 ticks=400 n=4 prevArms=0 lastEnd=risen y=16 startY=13
[03:08:40] [main/INFO] (Minecraft) [CHAT] §2§l§o[TenorClef] §cT2 [S147] sticky ban arm @132,-249 ticks=400 n=4 prevArms=0 lastEnd=risen y=16 startY=13§r
[03:08:40] [main/INFO] (Minecraft) [CHAT] §2§l§o[TenorClef] §rT2 [HIST] 6:00.6 FORCE S147 sticky ban arm @132,-249 ticks=400 n=4 prevArms=0 lastEnd=risen y=16 startY=13
[03:08:40] [main/INFO] (Minecraft) [STDOUT]: ALTO CLEF: WARNING: T2 [S130] START trigger=jump-pit flips=6 ph=PORTAL prev=ConstructNetherPortalBucketTask cycle=0 pos=132,8,-249 walls=4/4/4 sky=0 place=115 boxed=true hold=false cool=400 ban=600 startY=8 step=0
[03:08:40] [main/INFO] (Minecraft) [CHAT] §2§l§o[TenorClef] §cT2 [S130] START trigger=jump-pit flips=6 ph=PORTAL prev=ConstructNetherPortalBucketTask cycle=0 pos=132,8,-249 walls=4/4/4 sky=0 place=115 boxed=true hold=false cool=400 ban=600 startY=8 step=0§r
[03:08:40] [main/INFO] (Minecraft) [CHAT] §2§l§o[TenorClef] §rT2 [HIST] 6:00.6 FORCE S130 START trigger=jump-pit flips=6 ph=PORTAL prev=ConstructNetherPortalBucketTask cycle=0 pos=132,8,-249 walls=4/4/4 sky=0 place=115 boxed=true hold=false cool=400 ban=600 startY=8 step=0
[03:08:40] [main/INFO] (Minecraft) [STDOUT]: ALTO CLEF: WARNING: T2 [S135] S130 suppressed why=jump-pit shaft-hop-banned 132,-249 r=14 left=899 sameXz=45 cool=399 ban=599 hold=false pos=132,8,-249 walls=4/4/4 sky=0 place=115 boxed=true hold=false cool=399 ban=599 startY=8 step=0
[03:08:40] [main/INFO] (Minecraft) [CHAT] §2§l§o[TenorClef] §cT2 [S135] S130 suppressed why=jump-pit shaft-hop-banned 132,-249 r=14 left=899 sameXz=45 cool=399 ban=599 hold=false pos=132,8,-249 walls=4/4/4 sky=0 place=115 boxed=true hold=false cool=399 ban=599 startY=8 step=0§r
[03:08:40] [main/INFO] (Minecraft) [CHAT] §2§l§o[TenorClef] §rT2 [HIST] 6:00.6 FORCE S135 S130 suppressed why=jump-pit shaft-hop-banned 132,-249 r=14 left=899 sameXz=45 cool=399 ban=599 hold=false pos=132,8,-249 walls=4/4/4 sky=0 place=115 boxed=true hold=false cool=399 ban=599 startY=8 step=0
[03:08:40] [main/INFO] (Minecraft) [CHAT] §2§l§o[TenorClef] §rT2 [NOW] t=6:00.8 ph=PORTAL @132,8,-249 do=<Construct Nether Portal> Collecting lava eq=iron_pickaxe woodpick=1 stonepick=1 pick=1 iron=0 buck=1
[03:08:41] [main/INFO] (Minecraft) [CHAT] §2§l§o[TenorClef] §rT2 [NOW] t=6:01.8 ph=PORTAL @132,7,-249 do=<Construct Nether Portal> Collecting lava eq=iron_pickaxe woodpick=1 stonepick=1 pick=1 iron=0 buck=1
[03:08:41] [main/INFO] (Minecraft) [CHAT] §2§l§o[TenorClef] §rT2 [HB] t=6:01.9 ph=PORTAL y=7 child=ConstructNetherPortalBucketTask logs=1 pick=1 woodpick=1
[03:08:42] [main/INFO] (Minecraft) [STDOUT]: ALTO CLEF: WARNING: T2 [E100] jumps=9 @132,8,-249 ph=PORTAL child=ConstructNetherPortalBucketTask
[03:08:42] [main/INFO] (Minecraft) [CHAT] §2§l§o[TenorClef] §cT2 [E100] jumps=9 @132,8,-249 ph=PORTAL child=ConstructNetherPortalBucketTask§r
[03:08:42] [main/INFO] (Minecraft) [CHAT] §2§l§o[TenorClef] §rT2 [HIST] 6:02.4 [E100] jumps=9 @132,8,-249 ph=PORTAL child=ConstructNetherPortalBucketTask
[03:08:42] [main/INFO] (Minecraft) [CHAT] §2§l§o[TenorClef] §rT2 [NOW] t=6:02.8 ph=PORTAL @132,9,-249 do=<Construct Nether Portal> Collecting lava eq=cobblestone woodpick=1 stonepick=1 pick=1 iron=0 buck=2
[03:08:42] [main/INFO] (Minecraft) [STDOUT]: ALTO CLEF: WARNING: T2 [S135] S130 suppressed why=jump-pit shaft-hop-banned 132,-249 r=14 left=850 sameXz=49 cool=350 ban=550 hold=false pos=132,9,-249 walls=4/4/4 sky=0 place=114 boxed=true hold=false cool=350 ban=550 startY=8 step=0
[03:08:42] [main/INFO] (Minecraft) [CHAT] §2§l§o[TenorClef] §cT2 [S135] S130 suppressed why=jump-pit shaft-hop-banned 132,-249 r=14 left=850 sameXz=49 cool=350 ban=550 hold=false pos=132,9,-249 walls=4/4/4 sky=0 place=114 boxed=true hold=false cool=350 ban=550 startY=8 step=0§r
[03:08:42] [main/INFO] (Minecraft) [CHAT] §2§l§o[TenorClef] §rT2 [HIST] 6:03.1 FORCE S135 S130 suppressed why=jump-pit shaft-hop-banned 132,-249 r=14 left=850 sameXz=49 cool=350 ban=550 hold=false pos=132,9,-249 walls=4/4/4 sky=0 place=114 boxed=true hold=false cool=350 ban=550 startY=8 step=0
[03:08:43] [main/INFO] (Minecraft) [CHAT] §2§l§o[TenorClef] §rT2 [NOW] t=6:03.8 ph=PORTAL @132,9,-249 do=<Construct Nether Portal> Collecting lava eq=cobblestone woodpick=1 stonepick=1 pick=1 iron=0 buck=2
[03:08:44] [main/INFO] (Minecraft) [CHAT] §2§l§o[TenorClef] §rT2 [NOW] t=6:04.8 ph=PORTAL @132,11,-250 do=<Construct Nether Portal> Collecting lava eq=cobblestone woodpick=1 stonepick=1 pick=1 iron=0 buck=2
[03:08:44] [main/INFO] (Minecraft) [CHAT] §2§l§o[TenorClef] §rT2 [HIST] 6:05.0 SNAP ph=PORTAL @132,11,-250 sky=3 wet=false ground=true pick=1 buck=2 iron=0 ore=4 rods=0 pearls=0 eyes=0 child=ConstructNetherPortalBucketTask dbg=<Construct Nether Portal> Collecting lava mobs=none
[03:08:44] [main/INFO] (Minecraft) [STDOUT]: ALTO CLEF: WARNING: T2 [S138] shaft ban clear left-xz ban=132,8,-249 now=132,11,-251 manh=2 dy=3 left=511
[03:08:44] [main/INFO] (Minecraft) [CHAT] §2§l§o[TenorClef] §cT2 [S138] shaft ban clear left-xz ban=132,8,-249 now=132,11,-251 manh=2 dy=3 left=511§r
[03:08:44] [main/INFO] (Minecraft) [CHAT] §2§l§o[TenorClef] §rT2 [HIST] 6:05.1 FORCE S138 shaft ban clear left-xz ban=132,8,-249 now=132,11,-251 manh=2 dy=3 left=511
[03:08:45] [main/INFO] (Minecraft) [CHAT] §2§l§o[TenorClef] §rT2 [NOW] t=6:05.8 ph=PORTAL @132,11,-251 do=<Construct Nether Portal> Collecting lava eq=iron_pickaxe woodpick=1 stonepick=1 pick=1 iron=0 buck=2
[03:08:46] [main/INFO] (Minecraft) [CHAT] §2§l§o[TenorClef] §rT2 [NOW] t=6:06.8 ph=PORTAL @132,12,-252 do=<Construct Nether Portal> Collecting lava eq=iron_pickaxe woodpick=1 stonepick=1 pick=1 iron=0 buck=2
[03:08:46] [main/INFO] (Minecraft) [CHAT] §2§l§o[TenorClef] §rT2 [HB] t=6:06.9 ph=PORTAL y=12 child=ConstructNetherPortalBucketTask logs=1 pick=1 woodpick=1
[03:08:47] [main/INFO] (Minecraft) [CHAT] §2§l§o[TenorClef] §rT2 [NOW] t=6:07.8 ph=PORTAL @132,12,-254 do=<Construct Nether Portal> Collecting lava eq=water_bucket woodpick=1 stonepick=1 pick=1 iron=0 buck=1
[03:08:48] [main/INFO] (Minecraft) [CHAT] §2§l§o[TenorClef] §rT2 [NOW] t=6:08.8 ph=PORTAL @132,12,-255 do=<Construct Nether Portal> Collecting lava eq=cobblestone woodpick=1 stonepick=1 pick=1 iron=0 buck=2
[03:08:49] [main/INFO] (Minecraft) [CHAT] §2§l§o[TenorClef] §rT2 [NOW] t=6:09.8 ph=PORTAL @132,12,-253 do=<Construct Nether Portal> Collecting lava eq=iron_pickaxe woodpick=1 stonepick=1 pick=1 iron=0 buck=2
[03:08:49] [main/INFO] (Minecraft) [CHAT] §2§l§o[TenorClef] §rT2 [HIST] 6:10.0 SNAP ph=PORTAL @132,12,-253 sky=7 wet=false ground=true pick=1 buck=2 iron=0 ore=4 rods=0 pearls=0 eyes=0 child=ConstructNetherPortalBucketTask dbg=<Construct Nether Portal> Collecting lava mobs=none
[03:08:50] [main/INFO] (Minecraft) [CHAT] §2§l§o[TenorClef] §rT2 [NOW] t=6:10.8 ph=PORTAL @132,12,-253 do=<Construct Nether Portal> Collecting lava eq=iron_pickaxe woodpick=1 stonepick=1 pick=1 iron=0 buck=2
[03:08:51] [main/INFO] (Minecraft) [CHAT] §2§l§o[TenorClef] §rT2 [NOW] t=6:11.8 ph=PORTAL @132,13,-252 do=<Construct Nether Portal> Collecting lava eq=iron_pickaxe woodpick=1 stonepick=1 pick=1 iron=0 buck=2
[03:08:51] [main/INFO] (Minecraft) [CHAT] §2§l§o[TenorClef] §rT2 [HB] t=6:11.9 ph=PORTAL y=13 child=ConstructNetherPortalBucketTask logs=1 pick=1 woodpick=1
[03:08:51] [main/INFO] (Minecraft) [CHAT] §2§l§o[TenorClef] §rConstruct: need iron for 2nd bucket (iron=0 empty=0 water=2 lava=0)
[03:08:52] [main/INFO] (Minecraft) [CHAT] §2§l§o[TenorClef] §rT2 [NOW] t=6:12.8 ph=PORTAL @132,12,-253 do=<Construct Nether Portal> Mining iron for 2nd bucket at lava eq=water_bucket woodpick=1 stonepick=1 pick=1 iron=0 buck=2
[03:08:53] [main/INFO] (Minecraft) [CHAT] §2§l§o[TenorClef] §rT2 [NOW] t=6:13.8 ph=PORTAL @132,12,-256 do=<Construct Nether Portal> Collecting lava eq=cobblestone woodpick=1 stonepick=1 pick=1 iron=0 buck=2
[03:08:54] [main/INFO] (Minecraft) [CHAT] §2§l§o[TenorClef] §rT2 [NOW] t=6:14.8 ph=PORTAL @132,13,-255 do=<Construct Nether Portal> Collecting lava eq=cobblestone woodpick=1 stonepick=1 pick=1 iron=0 buck=2
[03:08:54] [main/INFO] (Minecraft) [CHAT] §2§l§o[TenorClef] §rT2 [HIST] 6:15.0 SNAP ph=PORTAL @132,13,-255 sky=10 wet=false ground=true pick=1 buck=2 iron=0 ore=4 rods=0 pearls=0 eyes=0 child=ConstructNetherPortalBucketTask dbg=<Construct Nether Portal> Collecting lava mobs=none
[03:08:55] [main/INFO] (Minecraft) [CHAT] §2§l§o[TenorClef] §rT2 [NOW] t=6:15.8 ph=PORTAL @132,13,-255 do=<Construct Nether Portal> Collecting lava eq=iron_pickaxe woodpick=1 stonepick=1 pick=1 iron=0 buck=2
[03:08:55] [main/INFO] (Minecraft) [STDOUT]: ALTO CLEF: WARNING: T2 [S148] sticky ban lift @132,-249 after 60t away manh=6 arms=0
[03:08:55] [main/INFO] (Minecraft) [CHAT] §2§l§o[TenorClef] §cT2 [S148] sticky ban lift @132,-249 after 60t away manh=6 arms=0§r
[03:08:55] [main/INFO] (Minecraft) [CHAT] §2§l§o[TenorClef] §rT2 [HIST] 6:16.2 FORCE S148 sticky ban lift @132,-249 after 60t away manh=6 arms=0
[03:08:56] [main/INFO] (Minecraft) [CHAT] §2§l§o[TenorClef] §rT2 [NOW] t=6:16.8 ph=PORTAL @132,13,-255 do=<Construct Nether Portal> Collecting lava eq=iron_pickaxe woodpick=1 stonepick=1 pick=1 iron=0 buck=2
[03:08:56] [main/INFO] (Minecraft) [CHAT] §2§l§o[TenorClef] §rT2 [HB] t=6:16.9 ph=PORTAL y=13 child=ConstructNetherPortalBucketTask logs=1 pick=1 woodpick=1
[03:08:56] [main/INFO] (Minecraft) [STDOUT]: ALTO CLEF: WARNING: T2 [E30] stall ph=PORTAL after 120s
[03:08:56] [main/INFO] (Minecraft) [CHAT] §2§l§o[TenorClef] §cT2 [E30] stall ph=PORTAL after 120s§r
[03:08:56] [main/INFO] (Minecraft) [STDOUT]: ALTO CLEF: WARNING: T2 [E40] closer=ConstructNetherPortalBucketTask
[03:08:56] [main/INFO] (Minecraft) [CHAT] §2§l§o[TenorClef] §cT2 [E40] closer=ConstructNetherPortalBucketTask§r
[03:08:57] [main/INFO] (Minecraft) [CHAT] §2§l§o[TenorClef] §rDuct tape: Refreshing inventory again just in case
[03:08:57] [main/INFO] (Minecraft) [CHAT] §2§l§o[TenorClef] §rT2 [NOW] t=6:17.8 ph=PORTAL @132,14,-254 do=<Construct Nether Portal> Collecting lava eq=iron_pickaxe woodpick=1 stonepick=1 pick=1 iron=0 buck=2
[03:08:58] [main/INFO] (Minecraft) [CHAT] §2§l§o[TenorClef] §rT2 [HIST] 6:18.5 SNAP ph=PORTAL @132,14,-254 sky=14 wet=false ground=true pick=1 buck=2 iron=0 ore=4 rods=0 pearls=0 eyes=0 child=ConstructNetherPortalBucketTask dbg=<Construct Nether Portal> Collecting lava mobs=none
[03:08:58] [main/INFO] (Minecraft) [CHAT] §2§l§o[TenorClef] §rT2 [NOW] t=6:18.8 ph=PORTAL @132,14,-254 do=<Construct Nether Portal> Collecting lava eq=iron_pickaxe woodpick=1 stonepick=1 pick=1 iron=0 buck=2
[03:08:59] [main/INFO] (Minecraft) [CHAT] §2§l§o[TenorClef] §rT2 [NOW] t=6:19.8 ph=PORTAL @132,14,-254 do=<Construct Nether Portal> Collecting lava eq=iron_pickaxe woodpick=1 stonepick=1 pick=1 iron=0 buck=2
[03:09:00] [main/INFO] (Minecraft) [STDOUT]: ALTO CLEF: WARNING: T2 [S134] pillar cool expire after jump-pit flips=6 end=risen y=16 startY=13
[03:09:00] [main/INFO] (Minecraft) [CHAT] §2§l§o[TenorClef] §cT2 [S134] pillar cool expire after jump-pit flips=6 end=risen y=16 startY=13§r
[03:09:00] [main/INFO] (Minecraft) [CHAT] §2§l§o[TenorClef] §rT2 [HIST] 6:20.6 FORCE S134 pillar cool expire after jump-pit flips=6 end=risen y=16 startY=13
[03:09:00] [main/INFO] (Minecraft) [STDOUT]: ALTO CLEF: WARNING: T2 [S138] shaft ban clear left-y ban=132,8,-249 now=132,13,-256 manh=7 dy=5 left=60
[03:09:00] [main/INFO] (Minecraft) [CHAT] §2§l§o[TenorClef] §cT2 [S138] shaft ban clear left-y ban=132,8,-249 now=132,13,-256 manh=7 dy=5 left=60§r
[03:09:00] [main/INFO] (Minecraft) [CHAT] §2§l§o[TenorClef] §rT2 [HIST] 6:20.6 FORCE S138 shaft ban clear left-y ban=132,8,-249 now=132,13,-256 manh=7 dy=5 left=60
[03:09:00] [main/INFO] (Minecraft) [CHAT] §2§l§o[TenorClef] §rRefreshed inventory...
[03:09:00] [main/INFO] (Minecraft) [CHAT] §2§l§o[TenorClef] §rT2 [NOW] t=6:20.8 ph=PORTAL @132,12,-257 do=<Construct Nether Portal> Collecting lava eq=water_bucket woodpick=1 stonepick=1 pick=1 iron=0 buck=1
[03:09:00] [main/INFO] (Minecraft) [CHAT] §2§l§o[TenorClef] §rT2 [HIST] 6:21.0 SNAP ph=PORTAL @132,12,-257 sky=12 wet=false ground=true pick=1 buck=2 iron=0 ore=4 rods=0 pearls=0 eyes=0 child=ConstructNetherPortalBucketTask dbg=<Construct Nether Portal> Collecting lava mobs=none
[03:09:01] [main/INFO] (Minecraft) [CHAT] §2§l§o[TenorClef] §rT2 [NOW] t=6:21.8 ph=PORTAL @132,12,-256 do=<Construct Nether Portal> Collecting lava eq=lava_bucket woodpick=1 stonepick=1 pick=1 iron=0 buck=2
[03:09:02] [main/INFO] (Minecraft) [CHAT] §2§l§o[TenorClef] §rT2 [NOW] t=6:22.8 ph=PORTAL @132,13,-255 do=<Construct Nether Portal> Collecting lava eq=iron_pickaxe woodpick=1 stonepick=1 pick=1 iron=0 buck=2
[03:09:03] [main/INFO] (Minecraft) [CHAT] §2§l§o[TenorClef] §rT2 [HIST] 6:23.5 SNAP ph=PORTAL @132,13,-255 sky=15 wet=false ground=true pick=1 buck=2 iron=0 ore=4 rods=0 pearls=0 eyes=0 child=ConstructNetherPortalBucketTask dbg=<Construct Nether Portal> Collecting lava mobs=none
[03:09:03] [main/INFO] (Minecraft) [CHAT] §2§l§o[TenorClef] §rT2 [NOW] t=6:23.8 ph=PORTAL @132,13,-254 do=<Construct Nether Portal> Collecting lava eq=iron_pickaxe woodpick=1 stonepick=1 pick=1 iron=0 buck=2
[03:09:04] [main/INFO] (Minecraft) [CHAT] §2§l§o[TenorClef] §rT2 [NOW] t=6:24.8 ph=PORTAL @132,14,-253 do=<Construct Nether Portal> Collecting lava eq=iron_pickaxe woodpick=1 stonepick=1 pick=1 iron=0 buck=2
[03:09:05] [main/INFO] (Minecraft) [CHAT] §2§l§o[TenorClef] §rT2 [NOW] t=6:25.8 ph=PORTAL @132,14,-253 do=<Construct Nether Portal> Collecting lava eq=iron_pickaxe woodpick=1 stonepick=1 pick=1 iron=0 buck=2
[03:09:05] [main/INFO] (Minecraft) [CHAT] §2§l§o[TenorClef] §rT2 [HIST] 6:26.0 SNAP ph=PORTAL @132,14,-253 sky=13 wet=false ground=true pick=1 buck=2 iron=0 ore=4 rods=0 pearls=0 eyes=0 child=ConstructNetherPortalBucketTask dbg=<Construct Nether Portal> Collecting lava mobs=none
[03:09:06] [main/INFO] (Minecraft) [CHAT] §2§l§o[TenorClef] §rT2 [NOW] t=6:26.8 ph=PORTAL @132,14,-253 do=<Construct Nether Portal> Collecting lava eq=iron_pickaxe woodpick=1 stonepick=1 pick=1 iron=0 buck=2
[03:09:06] [main/INFO] (Minecraft) [CHAT] §2§l§o[TenorClef] §rT2 [HB] t=6:26.8 ph=PORTAL y=14 child=ConstructNetherPortalBucketTask logs=1 pick=1 woodpick=1
[03:09:07] [main/INFO] (Minecraft) [CHAT] §2§l§o[TenorClef] §rT2 [NOW] t=6:27.8 ph=PORTAL @132,13,-256 do=<Construct Nether Portal> Collecting lava eq=water_bucket woodpick=1 stonepick=1 pick=1 iron=0 buck=1
[03:09:08] [main/INFO] (Minecraft) [CHAT] §2§l§o[TenorClef] §rT2 [HIST] 6:28.5 SNAP ph=PORTAL @132,12,-258 sky=11 wet=false ground=true pick=1 buck=2 iron=0 ore=4 rods=0 pearls=0 eyes=0 child=ConstructNetherPortalBucketTask dbg=<Construct Nether Portal> Collecting lava mobs=none
[03:09:08] [main/INFO] (Minecraft) [CHAT] §2§l§o[TenorClef] §rDuct tape: Refreshing inventory again just in case
[03:09:08] [main/INFO] (Minecraft) [CHAT] §2§l§o[TenorClef] §rT2 [NOW] t=6:28.8 ph=PORTAL @132,11,-258 do=<Construct Nether Portal> Collecting lava eq=lava_bucket woodpick=1 stonepick=1 pick=1 iron=0 buck=2
[03:09:09] [main/INFO] (Minecraft) [CHAT] §2§l§o[TenorClef] §rT2 [NOW] t=6:29.8 ph=PORTAL @132,13,-255 do=<Construct Nether Portal> Collecting lava eq=lava_bucket woodpick=1 stonepick=1 pick=1 iron=0 buck=2
[03:09:10] [main/INFO] (Minecraft) [CHAT] §2§l§o[TenorClef] §rT2 [NOW] t=6:30.8 ph=PORTAL @132,12,-254 do=<Construct Nether Portal> Collecting lava eq=iron_pickaxe woodpick=1 stonepick=1 pick=1 iron=0 buck=2
[03:09:10] [main/INFO] (Minecraft) [CHAT] §2§l§o[TenorClef] §rT2 [HIST] 6:31.0 SNAP ph=PORTAL @132,12,-254 sky=13 wet=false ground=true pick=1 buck=2 iron=0 ore=4 rods=0 pearls=0 eyes=0 child=ConstructNetherPortalBucketTask dbg=<Construct Nether Portal> Collecting lava mobs=none
[03:09:11] [main/INFO] (Minecraft) [CHAT] §2§l§o[TenorClef] §rT2 [NOW] t=6:31.8 ph=PORTAL @132,11,-254 do=<Construct Nether Portal> Collecting lava eq=iron_pickaxe woodpick=1 stonepick=1 pick=1 iron=0 buck=2
[03:09:12] [main/INFO] (Minecraft) [STDOUT]: ALTO CLEF: WARNING: T2 [S135] S130 suppressed why=jump-pit shaft-hop-banned 132,-249 r=14 left=264 sameXz=48 cool=0 ban=0 hold=false pos=132,10,-254 walls=4/4/4 sky=11 place=123 boxed=true hold=false cool=0 ban=0 startY=8 step=0
[03:09:12] [main/INFO] (Minecraft) [CHAT] §2§l§o[TenorClef] §cT2 [S135] S130 suppressed why=jump-pit shaft-hop-banned 132,-249 r=14 left=264 sameXz=48 cool=0 ban=0 hold=false pos=132,10,-254 walls=4/4/4 sky=11 place=123 boxed=true hold=false cool=0 ban=0 startY=8 step=0§r
[03:09:12] [main/INFO] (Minecraft) [CHAT] §2§l§o[TenorClef] §rT2 [HIST] 6:32.4 FORCE S135 S130 suppressed why=jump-pit shaft-hop-banned 132,-249 r=14 left=264 sameXz=48 cool=0 ban=0 hold=false pos=132,10,-254 walls=4/4/4 sky=11 place=123 boxed=true hold=false cool=0 ban=0 startY=8 step=0
[03:09:12] [main/INFO] (Minecraft) [CHAT] §2§l§o[TenorClef] §rT2 [NOW] t=6:32.8 ph=PORTAL @132,10,-254 do=<Construct Nether Portal> Collecting lava eq=iron_pickaxe woodpick=1 stonepick=1 pick=1 iron=0 buck=2
[03:09:13] [main/INFO] (Minecraft) [CHAT] §2§l§o[TenorClef] §rT2 [HIST] 6:33.5 SNAP ph=PORTAL @132,10,-254 sky=11 wet=false ground=true pick=1 buck=2 iron=0 ore=4 rods=0 pearls=0 eyes=0 child=ConstructNetherPortalBucketTask dbg=<Construct Nether Portal> Collecting lava mobs=none
[03:09:13] [main/INFO] (Minecraft) [CHAT] §2§l§o[TenorClef] §rT2 [NOW] t=6:33.8 ph=PORTAL @132,10,-254 do=<Construct Nether Portal> Collecting lava eq=iron_pickaxe woodpick=1 stonepick=1 pick=1 iron=0 buck=2
[03:09:13] [main/INFO] (Minecraft) [STDOUT]: ALTO CLEF: WARNING: T2 [E100] jumps=6 @132,10,-254 ph=PORTAL child=ConstructNetherPortalBucketTask
[03:09:13] [main/INFO] (Minecraft) [CHAT] §2§l§o[TenorClef] §cT2 [E100] jumps=6 @132,10,-254 ph=PORTAL child=ConstructNetherPortalBucketTask§r
[03:09:13] [main/INFO] (Minecraft) [CHAT] §2§l§o[TenorClef] §rT2 [HIST] 6:34.0 [E100] jumps=6 @132,10,-254 ph=PORTAL child=ConstructNetherPortalBucketTask
[03:09:14] [main/INFO] (Minecraft) [CHAT] §2§l§o[TenorClef] §rT2 [NOW] t=6:34.8 ph=PORTAL @132,10,-254 do=<Construct Nether Portal> Collecting lava eq=water_bucket woodpick=1 stonepick=1 pick=1 iron=0 buck=1
[03:09:15] [main/INFO] (Minecraft) [CHAT] §2§l§o[TenorClef] §rT2 [NOW] t=6:35.8 ph=PORTAL @132,10,-254 do=<Construct Nether Portal> Collecting lava eq=iron_pickaxe woodpick=1 stonepick=1 pick=1 iron=0 buck=1
[03:09:15] [main/INFO] (Minecraft) [CHAT] §2§l§o[TenorClef] §rT2 [HIST] 6:36.0 SNAP ph=PORTAL @132,10,-254 sky=11 wet=false ground=true pick=1 buck=2 iron=0 ore=4 rods=0 pearls=0 eyes=0 child=ConstructNetherPortalBucketTask dbg=<Construct Nether Portal> Collecting lava mobs=none
[03:09:16] [main/INFO] (Minecraft) [CHAT] §2§l§o[TenorClef] §rT2 [NOW] t=6:36.8 ph=PORTAL @132,11,-255 do=<Construct Nether Portal> Collecting lava eq=iron_pickaxe woodpick=1 stonepick=1 pick=1 iron=0 buck=1
[03:09:16] [main/INFO] (Minecraft) [CHAT] §2§l§o[TenorClef] §rT2 [HB] t=6:36.8 ph=PORTAL y=11 child=ConstructNetherPortalBucketTask logs=1 pick=1 woodpick=1
[03:09:17] [main/INFO] (Minecraft) [CHAT] §2§l§o[TenorClef] §rT2 [NOW] t=6:37.8 ph=PORTAL @132,11,-258 do=<Construct Nether Portal> Collecting lava eq=iron_pickaxe woodpick=1 stonepick=1 pick=1 iron=0 buck=1
[03:09:18] [main/INFO] (Minecraft) [CHAT] §2§l§o[TenorClef] §rT2 [HIST] 6:38.5 SNAP ph=PORTAL @132,12,-257 sky=13 wet=false ground=true pick=1 buck=2 iron=0 ore=4 rods=0 pearls=0 eyes=0 child=ConstructNetherPortalBucketTask dbg=<Construct Nether Portal> Collecting lava mobs=none
[03:09:18] [main/INFO] (Minecraft) [CHAT] §2§l§o[TenorClef] §rT2 [NOW] t=6:38.8 ph=PORTAL @132,12,-255 do=<Construct Nether Portal> Collecting lava eq=lava_bucket woodpick=1 stonepick=1 pick=1 iron=0 buck=2
[03:09:19] [main/INFO] (Minecraft) [CHAT] §2§l§o[TenorClef] §rT2 [NOW] t=6:39.8 ph=PORTAL @132,10,-254 do=<Construct Nether Portal> Collecting lava eq=cobblestone woodpick=1 stonepick=1 pick=1 iron=0 buck=2
[03:09:20] [main/INFO] (Minecraft) [CHAT] §2§l§o[TenorClef] §rT2 [NOW] t=6:40.8 ph=PORTAL @132,10,-254 do=<Construct Nether Portal> Collecting lava eq=cobblestone woodpick=1 stonepick=1 pick=1 iron=0 buck=2
[03:09:20] [main/INFO] (Minecraft) [CHAT] §2§l§o[TenorClef] §rT2 [HIST] 6:41.0 SNAP ph=PORTAL @132,10,-254 sky=13 wet=false ground=true pick=1 buck=2 iron=0 ore=4 rods=0 pearls=0 eyes=0 child=ConstructNetherPortalBucketTask dbg=<Construct Nether Portal> Collecting lava mobs=none
[03:09:21] [main/INFO] (Minecraft) [CHAT] §2§l§o[TenorClef] §rT2 [NOW] t=6:41.8 ph=PORTAL @132,10,-253 do=<Construct Nether Portal> Collecting lava eq=iron_pickaxe woodpick=1 stonepick=1 pick=1 iron=0 buck=2
[03:09:22] [main/INFO] (Minecraft) [CHAT] §2§l§o[TenorClef] §rT2 [NOW] t=6:42.8 ph=PORTAL @132,10,-253 do=<Construct Nether Portal> Collecting lava eq=cobblestone woodpick=1 stonepick=1 pick=1 iron=0 buck=2
[03:09:23] [main/INFO] (Minecraft) [CHAT] §2§l§o[TenorClef] §rT2 [HIST] 6:43.5 SNAP ph=PORTAL @132,10,-253 sky=12 wet=false ground=true pick=1 buck=2 iron=0 ore=4 rods=0 pearls=0 eyes=0 child=ConstructNetherPortalBucketTask dbg=<Construct Nether Portal> Collecting lava mobs=none
[03:09:23] [main/INFO] (Minecraft) [CHAT] §2§l§o[TenorClef] §rT2 [NOW] t=6:43.8 ph=PORTAL @132,10,-253 do=<Construct Nether Portal> Collecting lava eq=cobblestone woodpick=1 stonepick=1 pick=1 iron=0 buck=2
[03:09:24] [main/INFO] (Minecraft) [CHAT] §2§l§o[TenorClef] §rT2 [NOW] t=6:44.8 ph=PORTAL @132,10,-253 do=<Construct Nether Portal> Clearing inside of portal eq=iron_pickaxe woodpick=1 stonepick=1 pick=1 iron=0 buck=1
[03:09:25] [main/INFO] (Minecraft) [STDOUT]: ALTO CLEF: WARNING: T2 [S158] shaft-hop area ban lifted @132,-249 r=14 esc=1
[03:09:25] [main/INFO] (Minecraft) [CHAT] §2§l§o[TenorClef] §cT2 [S158] shaft-hop area ban lifted @132,-249 r=14 esc=1§r
[03:09:25] [main/INFO] (Minecraft) [CHAT] §2§l§o[TenorClef] §rT2 [HIST] 6:45.6 FORCE S158 shaft-hop area ban lifted @132,-249 r=14 esc=1
[03:09:25] [main/INFO] (Minecraft) [CHAT] §2§l§o[TenorClef] §rT2 [NOW] t=6:45.8 ph=PORTAL @132,10,-253 do=<Construct Nether Portal> Clearing inside of portal eq=iron_pickaxe woodpick=1 stonepick=1 pick=1 iron=0 buck=1
[03:09:25] [main/INFO] (Minecraft) [CHAT] §2§l§o[TenorClef] §rT2 [HIST] 6:46.0 SNAP ph=PORTAL @132,10,-253 sky=12 wet=false ground=true pick=1 buck=2 iron=0 ore=4 rods=0 pearls=0 eyes=0 child=ConstructNetherPortalBucketTask dbg=<Construct Nether Portal> Clearing inside of portal mobs=none
[03:09:26] [main/INFO] (Minecraft) [CHAT] §2§l§o[TenorClef] §rT2 [NOW] t=6:46.8 ph=PORTAL @132,10,-253 do=<Construct Nether Portal> Clearing inside of portal eq=iron_pickaxe woodpick=1 stonepick=1 pick=1 iron=0 buck=1
[03:09:26] [main/INFO] (Minecraft) [CHAT] §2§l§o[TenorClef] §rT2 [HB] t=6:46.8 ph=PORTAL y=10 child=ConstructNetherPortalBucketTask logs=1 pick=1 woodpick=1
[03:09:27] [main/INFO] (Minecraft) [CHAT] §2§l§o[TenorClef] §rT2 [NOW] t=6:47.8 ph=PORTAL @132,10,-253 do=<Construct Nether Portal> Clearing inside of portal eq=iron_pickaxe woodpick=1 stonepick=1 pick=1 iron=0 buck=1
[03:09:28] [main/INFO] (Minecraft) [CHAT] §2§l§o[TenorClef] §rT2 [HIST] 6:48.5 SNAP ph=PORTAL @132,10,-253 sky=12 wet=false ground=true pick=1 buck=2 iron=0 ore=4 rods=0 pearls=0 eyes=0 child=ConstructNetherPortalBucketTask dbg=<Construct Nether Portal> Clearing inside of portal mobs=none
[03:09:28] [main/INFO] (Minecraft) [CHAT] §2§l§o[TenorClef] §rT2 [NOW] t=6:48.8 ph=PORTAL @132,10,-253 do=<Construct Nether Portal> Clearing inside of portal eq=iron_pickaxe woodpick=1 stonepick=1 pick=1 iron=0 buck=1
[03:09:29] [main/INFO] (Minecraft) [CHAT] §2§l§o[TenorClef] §rT2 [NOW] t=6:49.8 ph=PORTAL @132,10,-253 do=<Construct Nether Portal> Clearing inside of portal eq=iron_pickaxe woodpick=1 stonepick=1 pick=1 iron=0 buck=1
[03:09:30] [main/INFO] (Minecraft) [CHAT] §2§l§o[TenorClef] §rT2 [NOW] t=6:50.8 ph=PORTAL @132,10,-253 do=<Construct Nether Portal> Clearing inside of portal eq=iron_pickaxe woodpick=1 stonepick=1 pick=1 iron=0 buck=1
[03:09:30] [main/INFO] (Minecraft) [CHAT] §2§l§o[TenorClef] §rRefreshed inventory...
[03:09:30] [main/INFO] (Minecraft) [CHAT] §2§l§o[TenorClef] §rT2 [HIST] 6:51.0 SNAP ph=PORTAL @132,10,-253 sky=12 wet=false ground=true pick=1 buck=2 iron=0 ore=4 rods=0 pearls=0 eyes=0 child=ConstructNetherPortalBucketTask dbg=<Construct Nether Portal> Flinting and Steeling mobs=none
[03:09:30] [main/INFO] (Minecraft) [CHAT] §2§l§o[TenorClef] §rT2 [HIST] 6:51.0 WHY walk-in: portal + iron pick
[03:09:31] [main/INFO] (Minecraft) [CHAT] §2§l§o[TenorClef] §rT2 [NOW] t=6:51.8 ph=PORTAL @133,10,-253 do=<Entering nether portal>  eq=flint_and_steel woodpick=1 stonepick=1 pick=1 iron=0 buck=1
[03:09:32] [main/INFO] (Minecraft) [CHAT] §2§l§o[TenorClef] §rT2 [NOW] t=6:52.8 ph=PORTAL @133,10,-253 do=<Entering nether portal>  eq=flint_and_steel woodpick=1 stonepick=1 pick=1 iron=0 buck=1
[03:09:33] [main/INFO] (Minecraft) [CHAT] §2§l§o[TenorClef] §rT2 [NOW] t=6:53.8 ph=PORTAL @133,10,-253 do=<Entering nether portal>  eq=flint_and_steel woodpick=1 stonepick=1 pick=1 iron=0 buck=1
[03:09:34] [main/INFO] (Minecraft) [CHAT] §2§l§o[TenorClef] §rT2 [NOW] t=6:54.8 ph=PORTAL @133,10,-253 do=<Entering nether portal>  eq=flint_and_steel woodpick=1 stonepick=1 pick=1 iron=0 buck=1
[03:09:34] [pool-5-thread-4/INFO] (Minecraft) [STDOUT]: Started saving the world in a new thread
[03:09:34] [pool-5-thread-4/INFO] (Minecraft) [STDOUT]: Saving region -1,-1 to disk C:\Users\redfa\Documents\MinecraftDev\altoclef\versions\1.16.1\run\saves\AutoRun_20260925_030213\.\baritone\cache
[03:09:34] [main/INFO] (Minecraft) [STDOUT]: Baritone world data dir: C:\Users\redfa\Documents\MinecraftDev\altoclef\versions\1.16.1\run\saves\AutoRun_20260925_030213\.\baritone\DIM-1
[03:09:34] [ForkJoinPool.commonPool-worker-2/INFO] (Minecraft) [STDOUT]: Saving region 0,-1 to disk C:\Users\redfa\Documents\MinecraftDev\altoclef\versions\1.16.1\run\saves\AutoRun_20260925_030213\.\baritone\cache
[03:09:34] [main/INFO] (Minecraft) [STDOUT]: Cached world directory: C:\Users\redfa\Documents\MinecraftDev\altoclef\versions\1.16.1\run\saves\AutoRun_20260925_030213\.\baritone\DIM-1\cache
[03:09:34] [main/INFO] (Minecraft) [STDOUT]: Would save waypoints to C:\Users\redfa\Documents\MinecraftDev\altoclef\versions\1.16.1\run\saves\AutoRun_20260925_030213\.\baritone\DIM-1\waypoints
[03:09:34] [main/INFO] (Minecraft) [CHAT] §2§l§o[TenorClef] §rT2 [HIST] 6:55.2 DIM OVERWORLD -> NETHER at 8,65,8
[03:09:34] [main/INFO] (Minecraft) [CHAT] §2§l§o[TenorClef] §rT2 [HIST] 6:55.2 JUMP 133,10,-253 -> 8,65,8
[03:09:34] [main/INFO] (Minecraft) [CHAT] §2§l§o[TenorClef] §rT2 [I01] PORTAL -> NETHER t=6:55.2
[03:09:34] [main/INFO] (Minecraft) [CHAT] §2§l§o[TenorClef] §rTESRUN2 split NETHER  6:55.2
[03:09:34] [main/INFO] (Minecraft) [CHAT] §2§l§o[TenorClef] §rT2 [HIST] 6:55.2 WHY nether: gold helm on head before fortress
[03:09:34] [main/INFO] (Minecraft) [STDOUT]: ALTO CLEF: WARNING: T2 [E96] need 5 gold for helm
[03:09:34] [main/INFO] (Minecraft) [CHAT] §2§l§o[TenorClef] §cT2 [E96] need 5 gold for helm§r
[03:09:34] [main/INFO] (Minecraft) [CHAT] §2§l§o[TenorClef] §rT2 [HIST] 6:55.2 PHASE PORTAL -> NETHER
[03:09:34] [main/INFO] (Minecraft) [CHAT] §2§l§o[TenorClef] §rT2 [HIST] 6:55.2 CHILD EnterNetherPortalTask -> CollectGoldIngotTask ph=NETHER @8,65,8 sky=0 wet=false ground=false pick=0 buck=0 iron=0 ore=0 rods=0 pearls=0 eyes=0
[03:09:34] [pool-5-thread-4/INFO] (Minecraft) [STDOUT]: Saved region successfully
[03:09:35] [ForkJoinPool.commonPool-worker-2/INFO] (Minecraft) [STDOUT]: Saved region successfully
[03:09:35] [pool-5-thread-4/INFO] (Minecraft) [STDOUT]: World save took 165ms
[03:09:35] [main/INFO] (Minecraft) [CHAT] §2§l§o[TenorClef] §rT2 [HIST] 6:55.5 SNAP ph=NETHER @8,65,8 sky=0 wet=false ground=false pick=0 buck=0 iron=0 ore=0 rods=0 pearls=0 eyes=0 child=CollectGoldIngotTask dbg=<Collecting 5 gold.: [[gold_ingot] x 5]>  mobs=none
[03:09:35] [main/INFO] (Minecraft) [CHAT] §2§l§o[TenorClef] §rT2 [NOW] t=6:55.8 ph=NETHER @8,65,8 do=<Collecting 5 gold.: [[gold_ingot] x 5]>  eq=air woodpick=0 stonepick=0 pick=0 iron=0 buck=0
[03:09:35] [Server thread/INFO] (Minecraft) Player433 has made the advancement [We Need to Go Deeper]
[03:09:35] [main/INFO] (Minecraft) [CHAT] Player433 has made the advancement [We Need to Go Deeper]
[03:09:35] [main/INFO] (Minecraft) [CHAT] §2§l§o[TenorClef] §rT2 [HIST] 6:55.9 JUMP 8,65,8 -> 11,37,-34
[03:09:35] [main/INFO] (Minecraft) [STDOUT]: ALTO CLEF: WARNING: T2 [S194] dig-down in progress y=37 child=CollectGoldIngotTask - pillar/jump nudges stand aside
[03:09:35] [main/INFO] (Minecraft) [CHAT] §2§l§o[TenorClef] §cT2 [S194] dig-down in progress y=37 child=CollectGoldIngotTask - pillar/jump nudges stand aside§r
[03:09:35] [main/INFO] (Minecraft) [CHAT] §2§l§o[TenorClef] §rT2 [HIST] 6:55.9 SOLVE S194 dig-down in progress y=37 child=CollectGoldIngotTask - pillar/jump nudges stand aside
[03:09:35] [main/INFO] (Minecraft) [CHAT] §2§l§o[TenorClef] §rT2 [HIST] 6:55.9 WHY nether: climb off lava before gold
[03:09:35] [main/INFO] (Minecraft) [CHAT] §2§l§o[TenorClef] §rT2 [HIST] 6:55.9 CHILD CollectGoldIngotTask -> GetToYTask ph=NETHER @11,37,-34 sky=0 wet=false ground=false pick=1 buck=2 iron=0 ore=4 rods=0 pearls=0 eyes=0
[03:09:35] [pool-5-thread-4/INFO] (Minecraft) [STDOUT]: 818 movements considered
[03:09:35] [pool-5-thread-4/INFO] (Minecraft) [STDOUT]: Open set size: 39
[03:09:35] [pool-5-thread-4/INFO] (Minecraft) [STDOUT]: PathNode map size: 81
[03:09:35] [pool-5-thread-4/INFO] (Minecraft) [STDOUT]: 13999 nodes per second
[03:09:35] [main/INFO] (Minecraft) Loaded 169 advancements
[03:09:35] [main/INFO] (Minecraft) Loaded 169 advancements
[03:09:35] [pool-5-thread-4/INFO] (Minecraft) [STDOUT]: 4055 movements considered
[03:09:35] [pool-5-thread-4/INFO] (Minecraft) [STDOUT]: Open set size: 340
[03:09:35] [pool-5-thread-4/INFO] (Minecraft) [STDOUT]: PathNode map size: 529
[03:09:35] [pool-5-thread-4/INFO] (Minecraft) [STDOUT]: 37800 nodes per second
[03:09:35] [pool-5-thread-4/INFO] (Minecraft) [STDOUT]: Warning: cost coefficient is greater than three! Probably means that
[03:09:35] [pool-5-thread-4/INFO] (Minecraft) [STDOUT]: the path I found is pretty terrible (like sneak-bridging for dozens of blocks)
[03:09:35] [pool-5-thread-4/INFO] (Minecraft) [STDOUT]: But I'm going to do it anyway, because yolo
[03:09:35] [pool-5-thread-4/INFO] (Minecraft) [STDOUT]: Path goes for 5.916079783099616 blocks
[03:09:35] [pool-5-thread-4/INFO] (Minecraft) [STDOUT]: 5777 movements considered
[03:09:35] [pool-5-thread-4/INFO] (Minecraft) [STDOUT]: Open set size: 30
[03:09:35] [pool-5-thread-4/INFO] (Minecraft) [STDOUT]: PathNode map size: 297
[03:09:35] [pool-5-thread-4/INFO] (Minecraft) [STDOUT]: 66749 nodes per second
[03:09:35] [pool-5-thread-4/INFO] (Minecraft) [STDOUT]: Warning: cost coefficient is greater than three! Probably means that
[03:09:35] [pool-5-thread-4/INFO] (Minecraft) [STDOUT]: the path I found is pretty terrible (like sneak-bridging for dozens of blocks)
[03:09:35] [pool-5-thread-4/INFO] (Minecraft) [STDOUT]: But I'm going to do it anyway, because yolo
[03:09:35] [pool-5-thread-4/INFO] (Minecraft) [STDOUT]: Path goes for 9.433981132056603 blocks
[03:09:36] [main/INFO] (Minecraft) [CHAT] §2§l§o[TenorClef] §rT2 [NOW] t=6:56.8 ph=NETHER @12,38,-31 do=<Going to y=52> Completing goal. eq=flint_and_steel woodpick=1 stonepick=1 pick=1 iron=0 buck=1
[03:09:37] [main/INFO] (Minecraft) [CHAT] §2§l§o[TenorClef] §rT2 [NOW] t=6:57.8 ph=NETHER @15,39,-33 do=<Going to y=52> Completing goal. eq=flint_and_steel woodpick=1 stonepick=1 pick=1 iron=0 buck=1
[03:09:37] [main/INFO] (Minecraft) [CHAT] §2§l§o[TenorClef] §rT2 [HIST] 6:58.0 SNAP ph=NETHER @16,39,-34 sky=0 wet=false ground=true pick=1 buck=2 iron=0 ore=4 rods=0 pearls=0 eyes=0 child=GetToYTask dbg=<Going to y=52> Completing goal. mobs=none
[03:09:38] [main/INFO] (Minecraft) [CHAT] §2§l§o[TenorClef] §rT2 [NOW] t=6:58.8 ph=NETHER @18,40,-35 do=<Going to y=52> Completing goal. eq=flint_and_steel woodpick=1 stonepick=1 pick=1 iron=0 buck=1
[03:09:38] [main/INFO] (Minecraft) [CHAT] §2§l§o[TenorClef] §rT2 [HIST] 6:59.3 WHY nether: gold helm on head before fortress
[03:09:39] [main/INFO] (Minecraft) [CHAT] §2§l§o[TenorClef] §rT2 [NOW] t=6:59.8 ph=NETHER @22,41,-36 do=<Going to y=52> Completing goal. eq=flint_and_steel woodpick=1 stonepick=1 pick=1 iron=0 buck=1
[03:09:39] [main/INFO] (Minecraft) [CHAT] §2§l§o[TenorClef] §rT2 [HIST] 6:59.9 WHY nether: climb off lava before gold
[03:09:39] [main/INFO] (Minecraft) [STDOUT]: ALTO CLEF: WARNING: T2 [E96] need 5 gold for helm
[03:09:39] [main/INFO] (Minecraft) [CHAT] §2§l§o[TenorClef] §cT2 [E96] need 5 gold for helm§r
[03:09:40] [main/INFO] (Minecraft) [CHAT] §2§l§o[TenorClef] §rT2 [HIST] 7:00.5 SNAP ph=NETHER @21,42,-35 sky=0 wet=false ground=false pick=1 buck=2 iron=0 ore=4 rods=0 pearls=0 eyes=0 child=GetToYTask dbg=<Going to y=52> Completing goal. mobs=none
[03:09:40] [main/INFO] (Minecraft) [CHAT] §2§l§o[TenorClef] §rT2 [NOW] t=7:00.8 ph=NETHER @21,43,-35 do=<Going to y=52> Completing goal. eq=flint_and_steel woodpick=1 stonepick=1 pick=1 iron=0 buck=1
[03:09:41] [main/INFO] (Minecraft) [CHAT] §2§l§o[TenorClef] §rT2 [NOW] t=7:01.8 ph=NETHER @19,44,-33 do=<Going to y=52> Completing goal. eq=flint_and_steel woodpick=1 stonepick=1 pick=1 iron=0 buck=1
[03:09:42] [main/INFO] (Minecraft) [CHAT] §2§l§o[TenorClef] §rT2 [NOW] t=7:02.8 ph=NETHER @19,46,-31 do=<Going to y=52> Completing goal. eq=flint_and_steel woodpick=1 stonepick=1 pick=1 iron=0 buck=1
[03:09:42] [main/INFO] (Minecraft) [CHAT] §2§l§o[TenorClef] §rT2 [HIST] 7:03.0 SNAP ph=NETHER @19,47,-31 sky=0 wet=false ground=false pick=1 buck=2 iron=0 ore=4 rods=0 pearls=0 eyes=0 child=GetToYTask dbg=<Going to y=52> Completing goal. mobs=none
[03:09:42] [main/INFO] (Minecraft) [CHAT] §2§l§o[TenorClef] §rT2 [HIST] 7:03.3 WHY nether: gold helm on head before fortress
[03:09:43] [main/INFO] (Minecraft) [CHAT] §2§l§o[TenorClef] §rT2 [NOW] t=7:03.8 ph=NETHER @18,48,-28 do=<Going to y=52> Completing goal. eq=flint_and_steel woodpick=1 stonepick=1 pick=1 iron=0 buck=1
[03:09:43] [main/INFO] (Minecraft) [CHAT] §2§l§o[TenorClef] §rT2 [HIST] 7:03.9 WHY nether: climb off lava before gold
[03:09:44] [main/INFO] (Minecraft) [CHAT] §2§l§o[TenorClef] §rT2 [NOW] t=7:04.8 ph=NETHER @18,50,-26 do=<Going to y=52> Completing goal. eq=flint_and_steel woodpick=1 stonepick=1 pick=1 iron=0 buck=1
[03:09:45] [main/INFO] (Minecraft) [CHAT] §2§l§o[TenorClef] §rT2 [HIST] 7:05.4 CHILD GetToYTask -> CollectGoldIngotTask ph=NETHER @18,52,-25 sky=0 wet=false ground=false pick=1 buck=2 iron=0 ore=4 rods=0 pearls=0 eyes=0
[03:09:45] [main/INFO] (Minecraft) [CHAT] §2§l§o[TenorClef] §rT2 [HIST] 7:05.5 SNAP ph=NETHER @18,52,-25 sky=0 wet=false ground=false pick=1 buck=2 iron=0 ore=4 rods=0 pearls=0 eyes=0 child=CollectGoldIngotTask dbg=<Collecting 5 gold.: [[gold_ingot] x 5]>  mobs=none
[03:09:45] [main/INFO] (Minecraft) [CHAT] §2§l§o[TenorClef] §rMineAndCollect: equip item.minecraft.iron_pickaxe for block.minecraft.nether_gold_ore
[03:09:45] [main/INFO] (Minecraft) [CHAT] §2§l§o[TenorClef] §rT2 [NOW] t=7:05.8 ph=NETHER @18,52,-24 do=<Collecting 5 gold.: [[gold_ingot] x 5]>  eq=iron_pickaxe woodpick=1 stonepick=1 pick=1 iron=0 buck=1
[03:09:46] [main/INFO] (Minecraft) [CHAT] §2§l§o[TenorClef] §rT2 [NOW] t=7:06.8 ph=NETHER @19,52,-19 do=<Collecting 5 gold.: [[gold_ingot] x 5]>  eq=iron_pickaxe woodpick=1 stonepick=1 pick=1 iron=0 buck=1
[03:09:47] [main/INFO] (Minecraft) [CHAT] §2§l§o[TenorClef] §rT2 [HIST] 7:07.3 WHY nether: gold helm on head before fortress
[03:09:47] [main/INFO] (Minecraft) [STDOUT]: ALTO CLEF: WARNING: T2 [S194] dig-down in progress y=51 child=CollectGoldIngotTask - pillar/jump nudges stand aside
[03:09:47] [main/INFO] (Minecraft) [CHAT] §2§l§o[TenorClef] §cT2 [S194] dig-down in progress y=51 child=CollectGoldIngotTask - pillar/jump nudges stand aside§r
[03:09:47] [main/INFO] (Minecraft) [CHAT] §2§l§o[TenorClef] §rT2 [HIST] 7:07.6 SOLVE S194 dig-down in progress y=51 child=CollectGoldIngotTask - pillar/jump nudges stand aside
[03:09:47] [main/INFO] (Minecraft) [STDOUT]: ALTO CLEF: WARNING: T2 [E96] need 5 gold for helm
[03:09:47] [main/INFO] (Minecraft) [CHAT] §2§l§o[TenorClef] §cT2 [E96] need 5 gold for helm§r
[03:09:47] [main/INFO] (Minecraft) [CHAT] §2§l§o[TenorClef] §rT2 [NOW] t=7:07.8 ph=NETHER @17,51,-15 do=<Collecting 5 gold.: [[gold_ingot] x 5]>  eq=iron_pickaxe woodpick=1 stonepick=1 pick=1 iron=0 buck=1
[03:09:47] [main/INFO] (Minecraft) [CHAT] §2§l§o[TenorClef] §rT2 [HIST] 7:08.0 SNAP ph=NETHER @16,51,-15 sky=0 wet=false ground=true pick=1 buck=2 iron=0 ore=4 rods=0 pearls=0 eyes=0 child=CollectGoldIngotTask dbg=<Collecting 5 gold.: [[gold_ingot] x 5]>  mobs=none
[03:09:48] [main/INFO] (Minecraft) Loaded 170 advancements
[03:09:48] [main/INFO] (Minecraft) [CHAT] §2§l§o[TenorClef] §rT2 [NOW] t=7:08.8 ph=NETHER @16,49,-15 do=<Collecting 5 gold.: [[gold_ingot] x 5]>  eq=iron_pickaxe woodpick=1 stonepick=1 pick=1 iron=0 buck=1
[03:09:49] [main/INFO] (Minecraft) [CHAT] §2§l§o[TenorClef] §rT2 [NOW] t=7:09.8 ph=NETHER @16,49,-15 do=<Collecting 5 gold.: [[gold_ingot] x 5]>  eq=iron_pickaxe woodpick=1 stonepick=1 pick=1 iron=0 buck=1
[03:09:50] [main/INFO] (Minecraft) Loaded 172 advancements
[03:09:50] [main/INFO] (Minecraft) [CHAT] §2§l§o[TenorClef] §rT2 [HIST] 7:10.5 SNAP ph=NETHER @16,48,-15 sky=0 wet=false ground=true pick=1 buck=2 iron=0 ore=4 rods=0 pearls=0 eyes=0 child=CollectGoldIngotTask dbg=<Collecting 5 gold.: [[gold_ingot] x 5]>  mobs=none
[03:09:50] [main/INFO] (Minecraft) [CHAT] §2§l§o[TenorClef] §rT2 [NOW] t=7:10.8 ph=NETHER @16,48,-15 do=<Collecting 5 gold.: [[gold_ingot] x 5]>  eq=iron_pickaxe woodpick=1 stonepick=1 pick=1 iron=0 buck=1
[03:09:50] [main/INFO] (Minecraft) [CHAT] §2§l§o[TenorClef] §rT2 [HIST] 7:11.1 WHY nether: climb off lava before gold
[03:09:50] [main/INFO] (Minecraft) [CHAT] §2§l§o[TenorClef] §rT2 [HIST] 7:11.1 CHILD CollectGoldIngotTask -> GetToYTask ph=NETHER @16,47,-15 sky=0 wet=false ground=false pick=1 buck=2 iron=0 ore=4 rods=0 pearls=0 eyes=0
[03:09:50] [main/INFO] (Minecraft) [STDOUT]: ALTO CLEF: WARNING: T2 [S130] START trigger=flips=7 ph=NETHER prev=GetToYTask cycle=1 pos=16,47,-15 walls=4/4/4 sky=0 place=140 boxed=true hold=false cool=0 ban=0 startY=8 step=0
[03:09:50] [main/INFO] (Minecraft) [CHAT] §2§l§o[TenorClef] §cT2 [S130] START trigger=flips=7 ph=NETHER prev=GetToYTask cycle=1 pos=16,47,-15 walls=4/4/4 sky=0 place=140 boxed=true hold=false cool=0 ban=0 startY=8 step=0§r
[03:09:50] [main/INFO] (Minecraft) [CHAT] §2§l§o[TenorClef] §rT2 [HIST] 7:11.1 FORCE S130 START trigger=flips=7 ph=NETHER prev=GetToYTask cycle=1 pos=16,47,-15 walls=4/4/4 sky=0 place=140 boxed=true hold=false cool=0 ban=0 startY=8 step=0
[03:09:50] [main/INFO] (Minecraft) [CHAT] §2§l§o[TenorClef] §rT2 [HIST] 7:11.1 PILLAR START flips=7 prev=GetToYTask
[03:09:50] [main/INFO] (Minecraft) [CHAT] §2§l§o[TenorClef] §rT2 [HIST] 7:11.1 SOLVE S130 pillar-out @16,47,-15 ph=NETHER flips=7
[03:09:50] [main/INFO] (Minecraft) [CHAT] §2§l§o[TenorClef] §rT2 [HIST] 7:11.1 CHILD GetToYTask -> HolePillarTask ph=NETHER @16,47,-15 sky=0 wet=false ground=false pick=1 buck=2 iron=0 ore=4 rods=0 pearls=0 eyes=0
[03:09:50] [main/INFO] (Minecraft) [STDOUT]: ALTO CLEF: WARNING: T2 [S139] rise confirmed +39y y=47 startY=8 pos=16,47,-15 walls=4/4/4 sky=0 place=140 boxed=true hold=false cool=0 ban=0 startY=8 step=0
[03:09:50] [main/INFO] (Minecraft) [CHAT] §2§l§o[TenorClef] §cT2 [S139] rise confirmed +39y y=47 startY=8 pos=16,47,-15 walls=4/4/4 sky=0 place=140 boxed=true hold=false cool=0 ban=0 startY=8 step=0§r
[03:09:50] [main/INFO] (Minecraft) [CHAT] §2§l§o[TenorClef] §rT2 [HIST] 7:11.2 FORCE S139 rise confirmed +39y y=47 startY=8 pos=16,47,-15 walls=4/4/4 sky=0 place=140 boxed=true hold=false cool=0 ban=0 startY=8 step=0
[03:09:50] [main/INFO] (Minecraft) [STDOUT]: ALTO CLEF: WARNING: T2 [S136] stick drop pillar -> GetToYTask finished=true hold=false cool=0 end=risen y=16 startY=13 pos=16,47,-15 walls=4/4/4 sky=0 place=140 boxed=true hold=false cool=0 ban=0 startY=8 step=0
[03:09:50] [main/INFO] (Minecraft) [CHAT] §2§l§o[TenorClef] §cT2 [S136] stick drop pillar -> GetToYTask finished=true hold=false cool=0 end=risen y=16 startY=13 pos=16,47,-15 walls=4/4/4 sky=0 place=140 boxed=true hold=false cool=0 ban=0 startY=8 step=0§r
[03:09:50] [main/INFO] (Minecraft) [CHAT] §2§l§o[TenorClef] §rT2 [HIST] 7:11.2 FORCE S136 stick drop pillar -> GetToYTask finished=true hold=false cool=0 end=risen y=16 startY=13 pos=16,47,-15 walls=4/4/4 sky=0 place=140 boxed=true hold=false cool=0 ban=0 startY=8 step=0
[03:09:50] [main/INFO] (Minecraft) [CHAT] §2§l§o[TenorClef] §rT2 [HIST] 7:11.2 CHILD HolePillarTask -> GetToYTask ph=NETHER @16,47,-15 sky=0 wet=false ground=false pick=1 buck=2 iron=0 ore=4 rods=0 pearls=0 eyes=0
[03:09:50] [main/INFO] (Minecraft) [STDOUT]: ALTO CLEF: WARNING: T2 [S130] START trigger=flips=7 ph=NETHER prev=GetToYTask cycle=2 pos=16,47,-15 walls=4/4/4 sky=0 place=140 boxed=true hold=false cool=0 ban=0 startY=8 step=0
[03:09:50] [main/INFO] (Minecraft) [CHAT] §2§l§o[TenorClef] §cT2 [S130] START trigger=flips=7 ph=NETHER prev=GetToYTask cycle=2 pos=16,47,-15 walls=4/4/4 sky=0 place=140 boxed=true hold=false cool=0 ban=0 startY=8 step=0§r
[03:09:50] [main/INFO] (Minecraft) [CHAT] §2§l§o[TenorClef] §rT2 [HIST] 7:11.2 FORCE S130 START trigger=flips=7 ph=NETHER prev=GetToYTask cycle=2 pos=16,47,-15 walls=4/4/4 sky=0 place=140 boxed=true hold=false cool=0 ban=0 startY=8 step=0
[03:09:50] [main/INFO] (Minecraft) [CHAT] §2§l§o[TenorClef] §rT2 [HIST] 7:11.2 CHILD GetToYTask -> HolePillarTask ph=NETHER @16,47,-15 sky=0 wet=false ground=false pick=1 buck=2 iron=0 ore=4 rods=0 pearls=0 eyes=0
[03:09:50] [main/INFO] (Minecraft) [STDOUT]: ALTO CLEF: WARNING: T2 [S202] nether climb/gold flip x4 in 60s at y=47 - mining gold here for 90s
[03:09:50] [main/INFO] (Minecraft) [CHAT] §2§l§o[TenorClef] §cT2 [S202] nether climb/gold flip x4 in 60s at y=47 - mining gold here for 90s§r
[03:09:50] [main/INFO] (Minecraft) [STDOUT]: ALTO CLEF: WARNING: T2 [S139] rise confirmed +39y y=47 startY=8 pos=16,47,-15 walls=4/4/4 sky=0 place=140 boxed=true hold=false cool=0 ban=0 startY=8 step=0
[03:09:50] [main/INFO] (Minecraft) [CHAT] §2§l§o[TenorClef] §cT2 [S139] rise confirmed +39y y=47 startY=8 pos=16,47,-15 walls=4/4/4 sky=0 place=140 boxed=true hold=false cool=0 ban=0 startY=8 step=0§r
[03:09:50] [main/INFO] (Minecraft) [STDOUT]: ALTO CLEF: WARNING: T2 [S136] stick drop pillar -> CollectGoldIngotTask finished=true hold=false cool=0 end=risen y=16 startY=13 pos=16,47,-15 walls=4/4/4 sky=0 place=140 boxed=true hold=false cool=0 ban=0 startY=8 step=0
[03:09:50] [main/INFO] (Minecraft) [CHAT] §2§l§o[TenorClef] §cT2 [S136] stick drop pillar -> CollectGoldIngotTask finished=true hold=false cool=0 end=risen y=16 startY=13 pos=16,47,-15 walls=4/4/4 sky=0 place=140 boxed=true hold=false cool=0 ban=0 startY=8 step=0§r
[03:09:50] [main/INFO] (Minecraft) [CHAT] §2§l§o[TenorClef] §rT2 [HIST] 7:11.3 FORCE S136 stick drop pillar -> CollectGoldIngotTask finished=true hold=false cool=0 end=risen y=16 startY=13 pos=16,47,-15 walls=4/4/4 sky=0 place=140 boxed=true hold=false cool=0 ban=0 startY=8 step=0
[03:09:50] [main/INFO] (Minecraft) [CHAT] §2§l§o[TenorClef] §rT2 [HIST] 7:11.3 CHILD HolePillarTask -> CollectGoldIngotTask ph=NETHER @16,47,-15 sky=0 wet=false ground=true pick=1 buck=2 iron=0 ore=4 rods=0 pearls=0 eyes=0
[03:09:51] [main/INFO] (Minecraft) [CHAT] §2§l§o[TenorClef] §rT2 [HIST] 7:11.3 SOLVE S194 dig-down in progress y=47 child=CollectGoldIngotTask - pillar/jump nudges stand aside
[03:09:51] [main/INFO] (Minecraft) [CHAT] §2§l§o[TenorClef] §rT2 [HIST] 7:11.4 WHY nether: gold helm on head before fortress
[03:09:51] [main/INFO] (Minecraft) [CHAT] §2§l§o[TenorClef] §rT2 [NOW] t=7:11.8 ph=NETHER @16,47,-15 do=<Collecting 5 gold.: [[gold_ingot] x 5]>  eq=iron_pickaxe woodpick=1 stonepick=1 pick=1 iron=0 buck=1
[03:09:51] [main/INFO] (Minecraft) [STDOUT]: ALTO CLEF: WARNING: T2 [E100] jumps=8 @16,47,-15 ph=NETHER child=CollectGoldIngotTask
[03:09:51] [main/INFO] (Minecraft) [CHAT] §2§l§o[TenorClef] §cT2 [E100] jumps=8 @16,47,-15 ph=NETHER child=CollectGoldIngotTask§r
[03:09:51] [main/INFO] (Minecraft) [CHAT] §2§l§o[TenorClef] §rT2 [HIST] 7:11.9 [E100] jumps=8 @16,47,-15 ph=NETHER child=CollectGoldIngotTask
[03:09:52] [main/INFO] (Minecraft) [STDOUT]: ALTO CLEF: WARNING: T2 [E96] need 5 gold for helm
[03:09:52] [main/INFO] (Minecraft) [CHAT] §2§l§o[TenorClef] §cT2 [E96] need 5 gold for helm§r
[03:09:52] [main/INFO] (Minecraft) [CHAT] §2§l§o[TenorClef] §rT2 [NOW] t=7:12.8 ph=NETHER @16,47,-15 do=<Collecting 5 gold.: [[gold_ingot] x 5]>  eq=iron_pickaxe woodpick=1 stonepick=1 pick=1 iron=0 buck=1
[03:09:52] [main/INFO] (Minecraft) [CHAT] §2§l§o[TenorClef] §rT2 [HIST] 7:13.0 SNAP ph=NETHER @16,47,-15 sky=0 wet=false ground=true pick=1 buck=2 iron=0 ore=4 rods=0 pearls=0 eyes=0 child=CollectGoldIngotTask dbg=<Collecting 5 gold.: [[gold_ingot] x 5]>  mobs=none
[03:09:53] [main/INFO] (Minecraft) [CHAT] §2§l§o[TenorClef] §rT2 [NOW] t=7:13.8 ph=NETHER @16,47,-15 do=<Collecting 5 gold.: [[gold_ingot] x 5]>  eq=iron_pickaxe woodpick=1 stonepick=1 pick=1 iron=0 buck=1
[03:09:53] [main/INFO] (Minecraft) [STDOUT]: ALTO CLEF: WARNING: T2 [S100] stop jump-walk @16,-15 ph=NETHER child=CollectGoldIngotTask esc=0
[03:09:53] [main/INFO] (Minecraft) [CHAT] §2§l§o[TenorClef] §cT2 [S100] stop jump-walk @16,-15 ph=NETHER child=CollectGoldIngotTask esc=0§r
[03:09:53] [main/INFO] (Minecraft) [CHAT] §2§l§o[TenorClef] §rT2 [HIST] 7:14.1 SOLVE S100 stop jump-walk @16,-15 ph=NETHER child=CollectGoldIngotTask esc=0
[03:09:54] [main/INFO] (Minecraft) [CHAT] §2§l§o[TenorClef] §rT2 [NOW] t=7:14.8 ph=NETHER @16,47,-15 do=<Collecting 5 gold.: [[gold_ingot] x 5]>  eq=iron_pickaxe woodpick=1 stonepick=1 pick=1 iron=0 buck=1
[03:09:55] [main/INFO] (Minecraft) [CHAT] §2§l§o[TenorClef] §rT2 [HIST] 7:15.4 WHY nether: gold helm on head before fortress
[03:09:55] [main/INFO] (Minecraft) [CHAT] §2§l§o[TenorClef] §rT2 [HIST] 7:15.5 SNAP ph=NETHER @16,47,-15 sky=0 wet=false ground=true pick=1 buck=2 iron=0 ore=4 rods=0 pearls=0 eyes=0 child=CollectGoldIngotTask dbg=<Collecting 5 gold.: [[gold_ingot] x 5]>  mobs=none
[03:09:55] [main/INFO] (Minecraft) [CHAT] §2§l§o[TenorClef] §rT2 [NOW] t=7:15.8 ph=NETHER @16,47,-15 do=<Collecting 5 gold.: [[gold_ingot] x 5]>  eq=iron_pickaxe woodpick=1 stonepick=1 pick=1 iron=0 buck=1
[03:09:55] [main/INFO] (Minecraft) [STDOUT]: ALTO CLEF: WARNING: T2 [S194] dig-down in progress y=46 child=CollectGoldIngotTask - pillar/jump nudges stand aside
[03:09:55] [main/INFO] (Minecraft) [CHAT] §2§l§o[TenorClef] §cT2 [S194] dig-down in progress y=46 child=CollectGoldIngotTask - pillar/jump nudges stand aside§r
[03:09:55] [main/INFO] (Minecraft) [CHAT] §2§l§o[TenorClef] §rT2 [HIST] 7:15.9 SOLVE S194 dig-down in progress y=46 child=CollectGoldIngotTask - pillar/jump nudges stand aside
[03:09:56] [main/INFO] (Minecraft) [CHAT] §2§l§o[TenorClef] §rT2 [NOW] t=7:16.8 ph=NETHER @16,47,-15 do=<Collecting 5 gold.: [[gold_ingot] x 5]>  eq=iron_pickaxe woodpick=1 stonepick=1 pick=1 iron=0 buck=1
[03:09:57] [main/INFO] (Minecraft) [STDOUT]: ALTO CLEF: WARNING: T2 [E96] need 5 gold for helm
[03:09:57] [main/INFO] (Minecraft) [CHAT] §2§l§o[TenorClef] §cT2 [E96] need 5 gold for helm§r
[03:09:57] [main/INFO] (Minecraft) [CHAT] §2§l§o[TenorClef] §rT2 [NOW] t=7:17.8 ph=NETHER @15,47,-14 do=<Collecting 5 gold.: [[gold_ingot] x 5]>  eq=iron_pickaxe woodpick=1 stonepick=1 pick=1 iron=0 buck=1
[03:09:57] [main/INFO] (Minecraft) [CHAT] §2§l§o[TenorClef] §rT2 [HIST] 7:18.0 SNAP ph=NETHER @15,47,-14 sky=0 wet=false ground=true pick=1 buck=2 iron=0 ore=4 rods=0 pearls=0 eyes=0 child=CollectGoldIngotTask dbg=<Collecting 5 gold.: [[gold_ingot] x 5]>  mobs=none
[03:09:58] [main/INFO] (Minecraft) [CHAT] §2§l§o[TenorClef] §rT2 [NOW] t=7:18.8 ph=NETHER @15,47,-13 do=<Collecting 5 gold.: [[gold_ingot] x 5]>  eq=iron_pickaxe woodpick=1 stonepick=1 pick=1 iron=0 buck=1
[03:09:59] [main/INFO] (Minecraft) [CHAT] §2§l§o[TenorClef] §rT2 [HIST] 7:19.4 WHY nether: gold helm on head before fortress
[03:09:59] [main/INFO] (Minecraft) [CHAT] §2§l§o[TenorClef] §rT2 [NOW] t=7:19.8 ph=NETHER @15,47,-12 do=<Collecting 5 gold.: [[gold_ingot] x 5]>  eq=iron_pickaxe woodpick=1 stonepick=1 pick=1 iron=0 buck=1
[03:10:00] [main/INFO] (Minecraft) [CHAT] §2§l§o[TenorClef] §rT2 [HIST] 7:20.5 SNAP ph=NETHER @15,47,-11 sky=0 wet=false ground=true pick=1 buck=2 iron=0 ore=4 rods=0 pearls=0 eyes=0 child=CollectGoldIngotTask dbg=<Collecting 5 gold.: [[gold_ingot] x 5]>  mobs=none
[03:10:00] [main/INFO] (Minecraft) [CHAT] §2§l§o[TenorClef] §rT2 [NOW] t=7:20.8 ph=NETHER @15,47,-10 do=<Collecting 5 gold.: [[gold_ingot] x 5]>  eq=iron_pickaxe woodpick=1 stonepick=1 pick=1 iron=0 buck=1
[03:10:00] [main/INFO] (Minecraft) [CHAT] §2§l§o[TenorClef] §rRefreshed inventory...
[03:10:01] [main/INFO] (Minecraft) [CHAT] §2§l§o[TenorClef] §rT2 [NOW] t=7:21.8 ph=NETHER @15,44,-9 do=<Collecting 5 gold.: [[gold_ingot] x 5]>  eq=iron_pickaxe woodpick=1 stonepick=1 pick=1 iron=0 buck=1
[03:10:02] [main/INFO] (Minecraft) [CHAT] §2§l§o[TenorClef] §rT2 [NOW] t=7:22.8 ph=NETHER @15,44,-9 do=<Collecting 5 gold.: [[gold_ingot] x 5]>  eq=iron_pickaxe woodpick=1 stonepick=1 pick=1 iron=0 buck=1
[03:10:02] [main/INFO] (Minecraft) [CHAT] §2§l§o[TenorClef] §rT2 [HIST] 7:23.0 SNAP ph=NETHER @15,44,-9 sky=0 wet=false ground=true pick=1 buck=2 iron=0 ore=4 rods=0 pearls=0 eyes=0 child=CollectGoldIngotTask dbg=<Collecting 5 gold.: [[gold_ingot] x 5]>  mobs=none
[03:10:03] [main/INFO] (Minecraft) [CHAT] §2§l§o[TenorClef] §rT2 [NOW] t=7:23.8 ph=NETHER @15,44,-9 do=<Collecting 5 gold.: [[gold_ingot] x 5]>  eq=iron_pickaxe woodpick=1 stonepick=1 pick=1 iron=0 buck=1
[03:10:04] [main/INFO] (Minecraft) [CHAT] §2§l§o[TenorClef] §rT2 [NOW] t=7:24.8 ph=NETHER @15,44,-9 do=<Collecting 5 gold.: [[gold_ingot] x 5]>  eq=iron_pickaxe woodpick=1 stonepick=1 pick=1 iron=0 buck=1
[03:10:04] [ForkJoinPool.commonPool-worker-2/INFO] (Minecraft) [STDOUT]: Saving region 0,-1 to disk C:\Users\redfa\Documents\MinecraftDev\altoclef\versions\1.16.1\run\saves\AutoRun_20260925_030213\.\baritone\DIM-1\cache
[03:10:04] [pool-5-thread-5/INFO] (Minecraft) [STDOUT]: Saving region -1,0 to disk C:\Users\redfa\Documents\MinecraftDev\altoclef\versions\1.16.1\run\saves\AutoRun_20260925_030213\.\baritone\DIM-1\cache
[03:10:04] [ForkJoinPool.commonPool-worker-3/INFO] (Minecraft) [STDOUT]: Saving region 0,0 to disk C:\Users\redfa\Documents\MinecraftDev\altoclef\versions\1.16.1\run\saves\AutoRun_20260925_030213\.\baritone\DIM-1\cache
[03:10:04] [ForkJoinPool.commonPool-worker-4/INFO] (Minecraft) [STDOUT]: Saving region -1,-1 to disk C:\Users\redfa\Documents\MinecraftDev\altoclef\versions\1.16.1\run\saves\AutoRun_20260925_030213\.\baritone\DIM-1\cache
[03:10:04] [pool-5-thread-5/INFO] (Minecraft) [STDOUT]: Saved region successfully
[03:10:04] [ForkJoinPool.commonPool-worker-3/INFO] (Minecraft) [STDOUT]: Saved region successfully
[03:10:04] [ForkJoinPool.commonPool-worker-4/INFO] (Minecraft) [STDOUT]: Saved region successfully
[03:10:04] [ForkJoinPool.commonPool-worker-2/INFO] (Minecraft) [STDOUT]: Saved region successfully
[03:10:04] [pool-5-thread-5/INFO] (Minecraft) [STDOUT]: World save took 59ms
[03:10:05] [main/INFO] (Minecraft) [CHAT] §2§l§o[TenorClef] §rT2 [HIST] 7:25.5 SNAP ph=NETHER @15,44,-9 sky=0 wet=false ground=true pick=1 buck=2 iron=0 ore=4 rods=0 pearls=0 eyes=0 child=CollectGoldIngotTask dbg=<Collecting 5 gold.: [[gold_ingot] x 5]>  mobs=none
[03:10:05] [main/INFO] (Minecraft) [CHAT] §2§l§o[TenorClef] §rT2 [NOW] t=7:25.8 ph=NETHER @15,44,-9 do=<Collecting 5 gold.: [[gold_ingot] x 5]>  eq=iron_pickaxe woodpick=1 stonepick=1 pick=1 iron=0 buck=1
[03:10:06] [main/INFO] (Minecraft) [CHAT] §2§l§o[TenorClef] §rT2 [NOW] t=7:26.8 ph=NETHER @15,44,-9 do=<Collecting 5 gold.: [[gold_ingot] x 5]>  eq=iron_pickaxe woodpick=1 stonepick=1 pick=1 iron=0 buck=1
[03:10:07] [main/INFO] (Minecraft) [CHAT] §2§l§o[TenorClef] §rT2 [NOW] t=7:27.8 ph=NETHER @15,44,-8 do=<Collecting 5 gold.: [[gold_ingot] x 5]>  eq=iron_pickaxe woodpick=1 stonepick=1 pick=1 iron=0 buck=1
[03:10:07] [main/INFO] (Minecraft) [CHAT] §2§l§o[TenorClef] §rT2 [HIST] 7:28.0 SNAP ph=NETHER @15,44,-8 sky=0 wet=false ground=true pick=1 buck=2 iron=0 ore=4 rods=0 pearls=0 eyes=0 child=CollectGoldIngotTask dbg=<Collecting 5 gold.: [[gold_ingot] x 5]>  mobs=none
[03:10:08] [main/INFO] (Minecraft) [CHAT] §2§l§o[TenorClef] §rT2 [NOW] t=7:28.8 ph=NETHER @15,44,-8 do=<Collecting 5 gold.: [[gold_ingot] x 5]>  eq=iron_pickaxe woodpick=1 stonepick=1 pick=1 iron=0 buck=1
[03:10:09] [main/INFO] (Minecraft) [STDOUT]: ALTO CLEF: WARNING: T2 [S194] dig-down in progress y=43 child=CollectGoldIngotTask - pillar/jump nudges stand aside
[03:10:09] [main/INFO] (Minecraft) [CHAT] §2§l§o[TenorClef] §cT2 [S194] dig-down in progress y=43 child=CollectGoldIngotTask - pillar/jump nudges stand aside§r
[03:10:09] [main/INFO] (Minecraft) [CHAT] §2§l§o[TenorClef] §rT2 [HIST] 7:29.4 SOLVE S194 dig-down in progress y=43 child=CollectGoldIngotTask - pillar/jump nudges stand aside
[03:10:09] [main/INFO] (Minecraft) [CHAT] §2§l§o[TenorClef] §rT2 [HIST] 7:29.4 WHY nether: gold helm on head before fortress
[03:10:09] [main/INFO] (Minecraft) [STDOUT]: ALTO CLEF: WARNING: T2 [E96] need 5 gold for helm
[03:10:09] [main/INFO] (Minecraft) [CHAT] §2§l§o[TenorClef] §cT2 [E96] need 5 gold for helm§r
[03:10:09] [main/INFO] (Minecraft) [CHAT] §2§l§o[TenorClef] §rT2 [NOW] t=7:29.8 ph=NETHER @14,43,-8 do=<Collecting 5 gold.: [[gold_ingot] x 5]>  eq=iron_pickaxe woodpick=1 stonepick=1 pick=1 iron=0 buck=1
[03:10:09] [main/INFO] (Minecraft) [CHAT] §2§l§o[TenorClef] §rT2 [HIST] 7:30.3 CHILD CollectGoldIngotTask -> CraftInTableTask ph=NETHER @14,41,-7 sky=0 wet=false ground=false pick=1 buck=2 iron=0 ore=4 rods=0 pearls=0 eyes=0
[03:10:10] [main/INFO] (Minecraft) [CHAT] §2§l§o[TenorClef] §rT2 [HIST] 7:30.5 SNAP ph=NETHER @14,41,-7 sky=0 wet=false ground=true pick=1 buck=2 iron=0 ore=4 rods=0 pearls=0 eyes=0 child=CraftInTableTask dbg=<Doing stuff in crafting_table container: [[golden_helmet]]>  mobs=none
[03:10:10] [main/INFO] (Minecraft) [CHAT] §2§l§o[TenorClef] §rT2 [NOW] t=7:30.8 ph=NETHER @14,41,-7 do=<Doing stuff in crafting_table container: [[golden_helmet]]>  eq=iron_pickaxe woodpick=1 stonepick=1 pick=1 iron=0 buck=1
[03:10:11] [main/INFO] (Minecraft) [CHAT] §2§l§o[TenorClef] §rT2 [NOW] t=7:31.8 ph=NETHER @14,41,-7 do=<Doing stuff in crafting_table container: [[golden_helmet]]>  eq=iron_pickaxe woodpick=1 stonepick=1 pick=1 iron=0 buck=1
[03:10:12] [main/INFO] (Minecraft) [CHAT] §2§l§o[TenorClef] §rT2 [NOW] t=7:32.8 ph=NETHER @14,42,-8 do=<Doing stuff in crafting_table container: [[golden_helmet]]>  eq=air woodpick=1 stonepick=1 pick=1 iron=0 buck=1
[03:10:12] [main/INFO] (Minecraft) [CHAT] §2§l§o[TenorClef] §rT2 [HIST] 7:33.0 SNAP ph=NETHER @14,42,-8 sky=0 wet=false ground=true pick=1 buck=2 iron=0 ore=4 rods=0 pearls=0 eyes=0 child=CraftInTableTask dbg=<Doing stuff in crafting_table container: [[golden_helmet]]>  mobs=none
[03:10:13] [main/INFO] (Minecraft) [CHAT] §2§l§o[TenorClef] §rT2 [NOW] t=7:33.8 ph=NETHER @14,42,-8 do=<Doing stuff in crafting_table container: [[golden_helmet]]>  eq=air woodpick=1 stonepick=1 pick=1 iron=0 buck=1
[03:10:13] [pool-5-thread-4/INFO] (Minecraft) [STDOUT]: 803968 movements considered
[03:10:13] [pool-5-thread-4/INFO] (Minecraft) [STDOUT]: Open set size: 21624
[03:10:13] [pool-5-thread-4/INFO] (Minecraft) [STDOUT]: PathNode map size: 58154
[03:10:13] [pool-5-thread-4/INFO] (Minecraft) [STDOUT]: 72942 nodes per second
[03:10:13] [pool-5-thread-4/INFO] (Minecraft) [STDOUT]: Path goes for 149.81989187020528 blocks
[03:10:14] [main/INFO] (Minecraft) Loaded 185 advancements
[03:10:14] [main/INFO] (Minecraft) [CHAT] §2§l§o[TenorClef] §rT2 [NOW] t=7:34.8 ph=NETHER @15,43,-8 do=<Doing stuff in crafting_table container: [[golden_helmet]]>  eq=air woodpick=1 stonepick=1 pick=1 iron=0 buck=1
[03:10:14] [main/INFO] (Minecraft) [CHAT] §2§l§o[TenorClef] §rT2 [HIST] 7:35.1 CHILD CraftInTableTask -> EquipArmorTask ph=NETHER @15,43,-8 sky=0 wet=false ground=true pick=1 buck=2 iron=0 ore=4 rods=0 pearls=0 eyes=0
[03:10:14] [main/INFO] (Minecraft) Loaded 187 advancements
[03:10:15] [main/INFO] (Minecraft) [CHAT] §2§l§o[TenorClef] §rT2 [HIST] 7:35.5 SNAP ph=NETHER @15,43,-8 sky=0 wet=false ground=true pick=1 buck=2 iron=0 ore=4 rods=0 pearls=0 eyes=0 child=EquipArmorTask dbg=<Equipping armor {[golden_helmet]}> Equipping armor mobs=none
[03:10:15] [main/INFO] (Minecraft) [STDOUT]: ALTO CLEF: WARNING: T2 [S149] blaze search latched for 120s rods=0/6 child=EquipArmorTask
[03:10:15] [main/INFO] (Minecraft) [CHAT] §2§l§o[TenorClef] §cT2 [S149] blaze search latched for 120s rods=0/6 child=EquipArmorTask§r
[03:10:15] [main/INFO] (Minecraft) [CHAT] §2§l§o[TenorClef] §rT2 [HIST] 7:35.6 FORCE S149 blaze search latched for 120s rods=0/6 child=EquipArmorTask
[03:10:15] [main/INFO] (Minecraft) [CHAT] §2§l§o[TenorClef] §rT2 [NOW] t=7:35.8 ph=NETHER @15,43,-8 do=<Equipping armor {[golden_helmet]}> Equipping armor eq=air woodpick=1 stonepick=1 pick=1 iron=0 buck=1
[03:10:16] [main/INFO] (Minecraft) [CHAT] §2§l§o[TenorClef] §rT2 [NOW] t=7:36.8 ph=NETHER @15,43,-8 do=<Equipping armor {[golden_helmet]}> Equipping armor eq=air woodpick=1 stonepick=1 pick=1 iron=0 buck=1
[03:10:17] [main/INFO] (Minecraft) [CHAT] §2§l§o[TenorClef] §rT2 [NOW] t=7:37.8 ph=NETHER @15,43,-8 do=<Equipping armor {[golden_helmet]}> Equipping armor eq=air woodpick=1 stonepick=1 pick=1 iron=0 buck=1
[03:10:17] [main/INFO] (Minecraft) [CHAT] §2§l§o[TenorClef] §rT2 [HIST] 7:38.0 SNAP ph=NETHER @15,43,-8 sky=0 wet=false ground=true pick=1 buck=2 iron=0 ore=4 rods=0 pearls=0 eyes=0 child=EquipArmorTask dbg=<Equipping armor {[golden_helmet]}> Equipping armor mobs=none
[03:10:18] [main/INFO] (Minecraft) [CHAT] §2§l§o[TenorClef] §rT2 [NOW] t=7:38.8 ph=NETHER @15,43,-8 do=<Equipping armor {[golden_helmet]}> Equipping armor eq=air woodpick=1 stonepick=1 pick=1 iron=0 buck=1
[03:10:19] [main/INFO] (Minecraft) [CHAT] §2§l§o[TenorClef] §rT2 [NOW] t=7:39.8 ph=NETHER @15,43,-8 do=<Equipping armor {[golden_helmet]}> Equipping armor eq=air woodpick=1 stonepick=1 pick=1 iron=0 buck=1
[03:10:20] [main/INFO] (Minecraft) [CHAT] §2§l§o[TenorClef] §rT2 [HIST] 7:40.5 SNAP ph=NETHER @15,43,-8 sky=0 wet=false ground=true pick=1 buck=2 iron=0 ore=4 rods=0 pearls=0 eyes=0 child=EquipArmorTask dbg=<Equipping armor {[golden_helmet]}> Equipping armor mobs=none
[03:10:20] [main/INFO] (Minecraft) [CHAT] §2§l§o[TenorClef] §rT2 [NOW] t=7:40.8 ph=NETHER @15,43,-8 do=<Equipping armor {[golden_helmet]}> Equipping armor eq=air woodpick=1 stonepick=1 pick=1 iron=0 buck=1
[03:10:21] [main/INFO] (Minecraft) [CHAT] §2§l§o[TenorClef] §rT2 [NOW] t=7:41.8 ph=NETHER @15,43,-8 do=<Equipping armor {[golden_helmet]}> Equipping armor eq=air woodpick=1 stonepick=1 pick=1 iron=0 buck=1
[03:10:22] [main/INFO] (Minecraft) [CHAT] §2§l§o[TenorClef] §rT2 [NOW] t=7:42.8 ph=NETHER @15,43,-8 do=<Equipping armor {[golden_helmet]}> Equipping armor eq=air woodpick=1 stonepick=1 pick=1 iron=0 buck=1
[03:10:22] [main/INFO] (Minecraft) [CHAT] §2§l§o[TenorClef] §rT2 [HIST] 7:43.0 SNAP ph=NETHER @15,43,-8 sky=0 wet=false ground=true pick=1 buck=2 iron=0 ore=4 rods=0 pearls=0 eyes=0 child=EquipArmorTask dbg=<Equipping armor {[golden_helmet]}> Equipping armor mobs=none
[03:10:23] [main/INFO] (Minecraft) [CHAT] §2§l§o[TenorClef] §rT2 [NOW] t=7:43.8 ph=NETHER @15,43,-8 do=<Equipping armor {[golden_helmet]}> Equipping armor eq=air woodpick=1 stonepick=1 pick=1 iron=0 buck=1
[03:10:24] [main/INFO] (Minecraft) [CHAT] §2§l§o[TenorClef] §rT2 [NOW] t=7:44.8 ph=NETHER @15,43,-8 do=<Equipping armor {[golden_helmet]}> Equipping armor eq=air woodpick=1 stonepick=1 pick=1 iron=0 buck=1
[03:10:25] [main/INFO] (Minecraft) [CHAT] §2§l§o[TenorClef] §rT2 [HIST] 7:45.5 SNAP ph=NETHER @15,43,-8 sky=0 wet=false ground=true pick=1 buck=2 iron=0 ore=4 rods=0 pearls=0 eyes=0 child=EquipArmorTask dbg=<Equipping armor {[golden_helmet]}> Equipping armor mobs=none
[03:10:25] [main/INFO] (Minecraft) [CHAT] §2§l§o[TenorClef] §rT2 [NOW] t=7:45.8 ph=NETHER @15,43,-8 do=<Equipping armor {[golden_helmet]}> Equipping armor eq=air woodpick=1 stonepick=1 pick=1 iron=0 buck=1
[03:10:26] [main/INFO] (Minecraft) [CHAT] §2§l§o[TenorClef] §rT2 [NOW] t=7:46.8 ph=NETHER @15,43,-8 do=<Equipping armor {[golden_helmet]}> Equipping armor eq=air woodpick=1 stonepick=1 pick=1 iron=0 buck=1
[03:10:27] [main/INFO] (Minecraft) [CHAT] §2§l§o[TenorClef] §rT2 [NOW] t=7:47.8 ph=NETHER @15,43,-8 do=<Equipping armor {[golden_helmet]}> Equipping armor eq=air woodpick=1 stonepick=1 pick=1 iron=0 buck=1
[03:10:27] [main/INFO] (Minecraft) [CHAT] §2§l§o[TenorClef] §rT2 [HIST] 7:48.0 SNAP ph=NETHER @15,43,-8 sky=0 wet=false ground=true pick=1 buck=2 iron=0 ore=4 rods=0 pearls=0 eyes=0 child=EquipArmorTask dbg=<Equipping armor {[golden_helmet]}> Equipping armor mobs=none
[03:10:28] [main/INFO] (Minecraft) [CHAT] §2§l§o[TenorClef] §rT2 [NOW] t=7:48.8 ph=NETHER @15,43,-8 do=<Equipping armor {[golden_helmet]}> Equipping armor eq=air woodpick=1 stonepick=1 pick=1 iron=0 buck=1
[03:10:29] [main/INFO] (Minecraft) [CHAT] §2§l§o[TenorClef] §rT2 [NOW] t=7:49.8 ph=NETHER @15,43,-8 do=<Equipping armor {[golden_helmet]}> Equipping armor eq=air woodpick=1 stonepick=1 pick=1 iron=0 buck=1
[03:10:30] [main/INFO] (Minecraft) [CHAT] §2§l§o[TenorClef] §rT2 [HIST] 7:50.5 SNAP ph=NETHER @15,43,-8 sky=0 wet=false ground=true pick=1 buck=2 iron=0 ore=4 rods=0 pearls=0 eyes=0 child=EquipArmorTask dbg=<Equipping armor {[golden_helmet]}> Equipping armor mobs=none
[03:10:30] [main/INFO] (Minecraft) [CHAT] §2§l§o[TenorClef] §rT2 [NOW] t=7:50.8 ph=NETHER @15,43,-8 do=<Equipping armor {[golden_helmet]}> Equipping armor eq=air woodpick=1 stonepick=1 pick=1 iron=0 buck=1
[03:10:30] [main/INFO] (Minecraft) [CHAT] §2§l§o[TenorClef] §rRefreshed inventory...
[03:10:31] [main/INFO] (Minecraft) [CHAT] §2§l§o[TenorClef] §rT2 [NOW] t=7:51.8 ph=NETHER @15,43,-8 do=<Equipping armor {[golden_helmet]}> Equipping armor eq=air woodpick=1 stonepick=1 pick=1 iron=0 buck=1
[03:10:32] [main/INFO] (Minecraft) [CHAT] §2§l§o[TenorClef] §rT2 [NOW] t=7:52.8 ph=NETHER @15,43,-8 do=<Equipping armor {[golden_helmet]}> Equipping armor eq=air woodpick=1 stonepick=1 pick=1 iron=0 buck=1
[03:10:32] [main/INFO] (Minecraft) [CHAT] §2§l§o[TenorClef] §rT2 [HIST] 7:53.0 SNAP ph=NETHER @15,43,-8 sky=0 wet=false ground=true pick=1 buck=2 iron=0 ore=4 rods=0 pearls=0 eyes=0 child=EquipArmorTask dbg=<Equipping armor {[golden_helmet]}> Equipping armor mobs=none
[03:10:33] [main/INFO] (Minecraft) [CHAT] §2§l§o[TenorClef] §rT2 [NOW] t=7:53.8 ph=NETHER @15,43,-8 do=<Equipping armor {[golden_helmet]}> Equipping armor eq=air woodpick=1 stonepick=1 pick=1 iron=0 buck=1
[03:10:34] [main/INFO] (Minecraft) [CHAT] §2§l§o[TenorClef] §rT2 [NOW] t=7:54.8 ph=NETHER @15,43,-8 do=<Equipping armor {[golden_helmet]}> Equipping armor eq=air woodpick=1 stonepick=1 pick=1 iron=0 buck=1
[03:10:35] [main/INFO] (Minecraft) [CHAT] §2§l§o[TenorClef] §rT2 [HIST] 7:55.5 SNAP ph=NETHER @15,43,-8 sky=0 wet=false ground=true pick=1 buck=2 iron=0 ore=4 rods=0 pearls=0 eyes=0 child=EquipArmorTask dbg=<Equipping armor {[golden_helmet]}> Equipping armor mobs=none
[03:10:35] [main/INFO] (Minecraft) [CHAT] §2§l§o[TenorClef] §rT2 [NOW] t=7:55.8 ph=NETHER @15,43,-8 do=<Equipping armor {[golden_helmet]}> Equipping armor eq=air woodpick=1 stonepick=1 pick=1 iron=0 buck=1
[03:10:36] [main/INFO] (Minecraft) [CHAT] §2§l§o[TenorClef] §rT2 [NOW] t=7:56.8 ph=NETHER @15,43,-8 do=<Equipping armor {[golden_helmet]}> Equipping armor eq=air woodpick=1 stonepick=1 pick=1 iron=0 buck=1
[03:10:37] [main/INFO] (Minecraft) [CHAT] §2§l§o[TenorClef] §rT2 [NOW] t=7:57.8 ph=NETHER @15,43,-8 do=<Equipping armor {[golden_helmet]}> Equipping armor eq=air woodpick=1 stonepick=1 pick=1 iron=0 buck=1
[03:10:37] [main/INFO] (Minecraft) [CHAT] §2§l§o[TenorClef] §rT2 [HIST] 7:58.0 SNAP ph=NETHER @15,43,-8 sky=0 wet=false ground=true pick=1 buck=2 iron=0 ore=4 rods=0 pearls=0 eyes=0 child=EquipArmorTask dbg=<Equipping armor {[golden_helmet]}> Equipping armor mobs=none
[03:10:38] [main/INFO] (Minecraft) [CHAT] §2§l§o[TenorClef] §rT2 [NOW] t=7:58.8 ph=NETHER @15,43,-8 do=<Equipping armor {[golden_helmet]}> Equipping armor eq=air woodpick=1 stonepick=1 pick=1 iron=0 buck=1
[03:10:39] [main/INFO] (Minecraft) [CHAT] §2§l§o[TenorClef] §rT2 [NOW] t=7:59.8 ph=NETHER @15,43,-8 do=<Equipping armor {[golden_helmet]}> Equipping armor eq=air woodpick=1 stonepick=1 pick=1 iron=0 buck=1
[03:10:40] [main/INFO] (Minecraft) [CHAT] §2§l§o[TenorClef] §rT2 [HIST] 8:00.5 SNAP ph=NETHER @15,43,-8 sky=0 wet=false ground=true pick=1 buck=2 iron=0 ore=4 rods=0 pearls=0 eyes=0 child=EquipArmorTask dbg=<Equipping armor {[golden_helmet]}> Equipping armor mobs=none
[03:10:40] [main/INFO] (Minecraft) [CHAT] §2§l§o[TenorClef] §rT2 [NOW] t=8:00.8 ph=NETHER @15,43,-8 do=<Equipping armor {[golden_helmet]}> Equipping armor eq=air woodpick=1 stonepick=1 pick=1 iron=0 buck=1
[03:10:41] [main/INFO] (Minecraft) [CHAT] §2§l§o[TenorClef] §rT2 [NOW] t=8:01.8 ph=NETHER @15,43,-8 do=<Equipping armor {[golden_helmet]}> Equipping armor eq=air woodpick=1 stonepick=1 pick=1 iron=0 buck=1
[03:10:42] [main/INFO] (Minecraft) [CHAT] §2§l§o[TenorClef] §rT2 [NOW] t=8:02.8 ph=NETHER @15,43,-8 do=<Equipping armor {[golden_helmet]}> Equipping armor eq=air woodpick=1 stonepick=1 pick=1 iron=0 buck=1
[03:10:42] [main/INFO] (Minecraft) [CHAT] §2§l§o[TenorClef] §rT2 [HIST] 8:03.0 SNAP ph=NETHER @15,43,-8 sky=0 wet=false ground=true pick=1 buck=2 iron=0 ore=4 rods=0 pearls=0 eyes=0 child=EquipArmorTask dbg=<Equipping armor {[golden_helmet]}> Equipping armor mobs=none
[03:10:43] [main/INFO] (Minecraft) [CHAT] §2§l§o[TenorClef] §rT2 [NOW] t=8:03.8 ph=NETHER @15,43,-8 do=<Equipping armor {[golden_helmet]}> Equipping armor eq=air woodpick=1 stonepick=1 pick=1 iron=0 buck=1
[03:10:44] [main/INFO] (Minecraft) [CHAT] §2§l§o[TenorClef] §rT2 [NOW] t=8:04.8 ph=NETHER @15,43,-8 do=<Equipping armor {[golden_helmet]}> Equipping armor eq=air woodpick=1 stonepick=1 pick=1 iron=0 buck=1
[03:10:45] [main/INFO] (Minecraft) [CHAT] §2§l§o[TenorClef] §rT2 [HIST] 8:05.5 SNAP ph=NETHER @15,43,-8 sky=0 wet=false ground=true pick=1 buck=2 iron=0 ore=4 rods=0 pearls=0 eyes=0 child=EquipArmorTask dbg=<Equipping armor {[golden_helmet]}> Equipping armor mobs=none
[03:10:45] [main/INFO] (Minecraft) [CHAT] §2§l§o[TenorClef] §rT2 [NOW] t=8:05.8 ph=NETHER @15,43,-8 do=<Equipping armor {[golden_helmet]}> Equipping armor eq=air woodpick=1 stonepick=1 pick=1 iron=0 buck=1
[03:10:46] [main/INFO] (Minecraft) [CHAT] §2§l§o[TenorClef] §rT2 [NOW] t=8:06.8 ph=NETHER @15,43,-8 do=<Equipping armor {[golden_helmet]}> Equipping armor eq=air woodpick=1 stonepick=1 pick=1 iron=0 buck=1
[03:10:47] [main/INFO] (Minecraft) [CHAT] §2§l§o[TenorClef] §rT2 [NOW] t=8:07.8 ph=NETHER @15,43,-8 do=<Equipping armor {[golden_helmet]}> Equipping armor eq=air woodpick=1 stonepick=1 pick=1 iron=0 buck=1
[03:10:47] [main/INFO] (Minecraft) [CHAT] §2§l§o[TenorClef] §rT2 [HIST] 8:08.0 SNAP ph=NETHER @15,43,-8 sky=0 wet=false ground=true pick=1 buck=2 iron=0 ore=4 rods=0 pearls=0 eyes=0 child=EquipArmorTask dbg=<Equipping armor {[golden_helmet]}> Equipping armor mobs=none
[03:10:48] [main/INFO] (Minecraft) [CHAT] §2§l§o[TenorClef] §rT2 [NOW] t=8:08.8 ph=NETHER @15,43,-8 do=<Equipping armor {[golden_helmet]}> Equipping armor eq=air woodpick=1 stonepick=1 pick=1 iron=0 buck=1
[03:10:49] [main/INFO] (Minecraft) [CHAT] §2§l§o[TenorClef] §rT2 [NOW] t=8:09.8 ph=NETHER @15,43,-8 do=<Equipping armor {[golden_helmet]}> Equipping armor eq=air woodpick=1 stonepick=1 pick=1 iron=0 buck=1
[03:10:50] [main/INFO] (Minecraft) [CHAT] §2§l§o[TenorClef] §rT2 [HIST] 8:10.5 SNAP ph=NETHER @15,43,-8 sky=0 wet=false ground=true pick=1 buck=2 iron=0 ore=4 rods=0 pearls=0 eyes=0 child=EquipArmorTask dbg=<Equipping armor {[golden_helmet]}> Equipping armor mobs=none
[03:10:50] [main/INFO] (Minecraft) [CHAT] §2§l§o[TenorClef] §rT2 [NOW] t=8:10.8 ph=NETHER @15,43,-8 do=<Equipping armor {[golden_helmet]}> Equipping armor eq=air woodpick=1 stonepick=1 pick=1 iron=0 buck=1
[03:10:51] [main/INFO] (Minecraft) [CHAT] §2§l§o[TenorClef] §rT2 [NOW] t=8:11.8 ph=NETHER @15,43,-8 do=<Equipping armor {[golden_helmet]}> Equipping armor eq=air woodpick=1 stonepick=1 pick=1 iron=0 buck=1
[03:10:52] [main/INFO] (Minecraft) [CHAT] §2§l§o[TenorClef] §rT2 [NOW] t=8:12.8 ph=NETHER @15,43,-8 do=<Equipping armor {[golden_helmet]}> Equipping armor eq=air woodpick=1 stonepick=1 pick=1 iron=0 buck=1
[03:10:52] [main/INFO] (Minecraft) [CHAT] §2§l§o[TenorClef] §rT2 [HIST] 8:13.0 SNAP ph=NETHER @15,43,-8 sky=0 wet=false ground=true pick=1 buck=2 iron=0 ore=4 rods=0 pearls=0 eyes=0 child=EquipArmorTask dbg=<Equipping armor {[golden_helmet]}> Equipping armor mobs=none
[03:10:53] [main/INFO] (Minecraft) [CHAT] §2§l§o[TenorClef] §rT2 [NOW] t=8:13.8 ph=NETHER @15,43,-8 do=<Equipping armor {[golden_helmet]}> Equipping armor eq=air woodpick=1 stonepick=1 pick=1 iron=0 buck=1
[03:10:54] [main/INFO] (Minecraft) [STDOUT]: ALTO CLEF: WARNING: T2 [S140] replace EquipArmorTask after 40s same xz
[03:10:54] [main/INFO] (Minecraft) [CHAT] §2§l§o[TenorClef] §cT2 [S140] replace EquipArmorTask after 40s same xz§r
[03:10:54] [main/INFO] (Minecraft) [CHAT] §2§l§o[TenorClef] §rT2 [HIST] 8:14.6 SOLVE S140 replace EquipArmorTask after 40s same xz
[03:10:54] [main/INFO] (Minecraft) [CHAT] §2§l§o[TenorClef] §rT2 [HIST] 8:14.6 CHILD EquipArmorTask -> TimeoutWanderTask ph=NETHER @15,43,-8 sky=0 wet=false ground=true pick=1 buck=2 iron=0 ore=4 rods=0 pearls=0 eyes=0
[03:10:54] [main/INFO] (Minecraft) [CHAT] §2§l§o[TenorClef] §rT2 [NOW] t=8:14.8 ph=NETHER @15,43,-8 do=<Wander for Infinity blocks> Exploring. eq=air woodpick=1 stonepick=1 pick=1 iron=0 buck=1
[03:10:54] [pool-5-thread-4/INFO] (Minecraft) [STDOUT]: 944768 movements considered
[03:10:54] [pool-5-thread-4/INFO] (Minecraft) [STDOUT]: Open set size: 23892
[03:10:54] [pool-5-thread-4/INFO] (Minecraft) [STDOUT]: PathNode map size: 66821
[03:10:54] [pool-5-thread-4/INFO] (Minecraft) [STDOUT]: 85888 nodes per second
[03:10:54] [pool-5-thread-4/INFO] (Minecraft) [STDOUT]: Path goes for 157.77515647274763 blocks
[03:10:55] [main/INFO] (Minecraft) [CHAT] §2§l§o[TenorClef] §rT2 [NOW] t=8:15.8 ph=NETHER @15,44,-6 do=<Wander for Infinity blocks> Exploring. eq=air woodpick=1 stonepick=1 pick=1 iron=0 buck=1
[03:10:56] [main/INFO] (Minecraft) [CHAT] §2§l§o[TenorClef] §rT2 [HIST] 8:16.4 SNAP ph=NETHER @13,44,-4 sky=0 wet=false ground=true pick=1 buck=2 iron=0 ore=4 rods=0 pearls=0 eyes=0 child=TimeoutWanderTask dbg=<Wander for Infinity blocks> Exploring. mobs=none
[03:10:56] [main/INFO] (Minecraft) [CHAT] §2§l§o[TenorClef] §rT2 [NOW] t=8:16.8 ph=NETHER @13,45,-2 do=<Wander for Infinity blocks> Exploring. eq=air woodpick=1 stonepick=1 pick=1 iron=0 buck=1
[03:10:57] [main/INFO] (Minecraft) [CHAT] §2§l§o[TenorClef] §rT2 [HB] t=8:17.3 ph=NETHER y=46 child=TimeoutWanderTask logs=0 pick=1 woodpick=1
[03:10:57] [main/INFO] (Minecraft) [CHAT] §2§l§o[TenorClef] §rT2 [NOW] t=8:17.8 ph=NETHER @13,47,0 do=<Wander for Infinity blocks> Exploring. eq=air woodpick=1 stonepick=1 pick=1 iron=0 buck=1
[03:10:57] [pool-5-thread-4/INFO] (Minecraft) [STDOUT]: 647680 movements considered
[03:10:57] [pool-5-thread-4/INFO] (Minecraft) [STDOUT]: Open set size: 15665
[03:10:57] [pool-5-thread-4/INFO] (Minecraft) [STDOUT]: PathNode map size: 45096
[03:10:57] [pool-5-thread-4/INFO] (Minecraft) [STDOUT]: 58880 nodes per second
[03:10:57] [pool-5-thread-4/INFO] (Minecraft) [STDOUT]: Path goes for 136.35615130972272 blocks
[03:10:58] [pool-5-thread-4/INFO] (Minecraft) [STDOUT]: 664576 movements considered
[03:10:58] [pool-5-thread-4/INFO] (Minecraft) [STDOUT]: Open set size: 18615
[03:10:58] [pool-5-thread-4/INFO] (Minecraft) [STDOUT]: PathNode map size: 48812
[03:10:58] [pool-5-thread-4/INFO] (Minecraft) [STDOUT]: 60416 nodes per second
[03:10:58] [pool-5-thread-4/INFO] (Minecraft) [STDOUT]: Path goes for 136.35615130972272 blocks
[03:10:58] [main/INFO] (Minecraft) [CHAT] §2§l§o[TenorClef] §rT2 [NOW] t=8:18.8 ph=NETHER @13,47,0 do=<Wander for Infinity blocks> Exploring. eq=air woodpick=1 stonepick=1 pick=1 iron=0 buck=1
[03:10:59] [main/INFO] (Minecraft) [CHAT] §2§l§o[TenorClef] §rT2 [NOW] t=8:19.8 ph=NETHER @13,49,2 do=<Wander for Infinity blocks> Exploring. eq=air woodpick=1 stonepick=1 pick=1 iron=0 buck=1
[03:11:00] [main/INFO] (Minecraft) [CHAT] §2§l§o[TenorClef] §rT2 [NOW] t=8:20.8 ph=NETHER @13,51,5 do=<Wander for Infinity blocks> Exploring. eq=air woodpick=1 stonepick=1 pick=1 iron=0 buck=1
[03:11:00] [main/INFO] (Minecraft) [CHAT] §2§l§o[TenorClef] §rRefreshed inventory...
[03:11:01] [main/INFO] (Minecraft) [CHAT] §2§l§o[TenorClef] §rT2 [HIST] 8:21.4 SNAP ph=NETHER @13,52,7 sky=0 wet=false ground=false pick=1 buck=2 iron=0 ore=4 rods=0 pearls=0 eyes=0 child=TimeoutWanderTask dbg=<Wander for Infinity blocks> Exploring. mobs=none
[03:11:01] [main/INFO] (Minecraft) [CHAT] §2§l§o[TenorClef] §rT2 [NOW] t=8:21.8 ph=NETHER @13,53,8 do=<Wander for Infinity blocks> Exploring. eq=air woodpick=1 stonepick=1 pick=1 iron=0 buck=1
[03:11:02] [main/INFO] (Minecraft) [CHAT] §2§l§o[TenorClef] §rT2 [HIST] 8:22.6 CHILD TimeoutWanderTask -> CollectBlazeRodsTask ph=NETHER @14,55,9 sky=0 wet=false ground=false pick=1 buck=2 iron=0 ore=4 rods=0 pearls=0 eyes=0
[03:11:02] [main/INFO] (Minecraft) [CHAT] §2§l§o[TenorClef] §rT2 [NOW] t=8:22.8 ph=NETHER @14,55,10 do=<Collect blaze rods - 0/6: [[blaze_rod] x 6]>  eq=air woodpick=1 stonepick=1 pick=1 iron=0 buck=1
[03:11:03] [main/INFO] (Minecraft) [CHAT] §2§l§o[TenorClef] §rcombat: equipping sword
[03:11:03] [main/INFO] (Minecraft) [CHAT] §2§l§o[TenorClef] §rT2 [NOW] t=8:24.2 ph=NETHER @14,55,10 do=<Collect blaze rods - 0/6: [[blaze_rod] x 6]> Searching for fortress/Traveling around fortress eq=stone_sword woodpick=1 stonepick=1 pick=1 iron=0 buck=1
[03:11:03] [pool-5-thread-4/INFO] (Minecraft) [STDOUT]: 549120 movements considered
[03:11:03] [pool-5-thread-4/INFO] (Minecraft) [STDOUT]: Open set size: 16033
[03:11:03] [pool-5-thread-4/INFO] (Minecraft) [STDOUT]: PathNode map size: 40985
[03:11:03] [pool-5-thread-4/INFO] (Minecraft) [STDOUT]: 49920 nodes per second
[03:11:03] [pool-5-thread-4/INFO] (Minecraft) [STDOUT]: Path goes for 139.43457247038842 blocks
[03:11:04] [main/INFO] (Minecraft) [CHAT] §2§l§o[TenorClef] §rT2 [HIST] 8:24.9 SNAP ph=NETHER @14,55,10 sky=0 wet=false ground=true pick=1 buck=2 iron=0 ore=4 rods=0 pearls=0 eyes=0 child=CollectBlazeRodsTask dbg=<Collect blaze rods - 0/6: [[blaze_rod] x 6]> Searching for fortress/Traveling around fortress mobs=none
[03:11:04] [main/INFO] (Minecraft) [CHAT] §2§l§o[TenorClef] §rT2 [NOW] t=8:25.2 ph=NETHER @14,56,10 do=<Collect blaze rods - 0/6: [[blaze_rod] x 6]> Searching for fortress/Traveling around fortress eq=stone_sword woodpick=1 stonepick=1 pick=1 iron=0 buck=1
[03:11:05] [main/INFO] (Minecraft) [CHAT] §2§l§o[TenorClef] §rT2 [HB] t=8:25.3 ph=NETHER y=56 child=CollectBlazeRodsTask logs=0 pick=1 woodpick=1
[03:11:05] [main/INFO] (Minecraft) [CHAT] §2§l§o[TenorClef] §rT2 [NOW] t=8:26.2 ph=NETHER @13,58,11 do=<Collect blaze rods - 0/6: [[blaze_rod] x 6]> Searching for fortress/Traveling around fortress eq=stone_sword woodpick=1 stonepick=1 pick=1 iron=0 buck=1
[03:11:06] [main/INFO] (Minecraft) [CHAT] §2§l§o[TenorClef] §rT2 [NOW] t=8:27.2 ph=NETHER @13,60,15 do=<Collect blaze rods - 0/6: [[blaze_rod] x 6]> Searching for fortress/Traveling around fortress eq=stone_sword woodpick=1 stonepick=1 pick=1 iron=0 buck=1
[03:11:07] [main/INFO] (Minecraft) [CHAT] §2§l§o[TenorClef] §rT2 [HIST] 8:27.4 SNAP ph=NETHER @13,60,16 sky=0 wet=false ground=false pick=1 buck=2 iron=0 ore=4 rods=0 pearls=0 eyes=0 child=CollectBlazeRodsTask dbg=<Collect blaze rods - 0/6: [[blaze_rod] x 6]> Searching for fortress/Traveling around fortress mobs=none
[03:11:07] [pool-5-thread-4/INFO] (Minecraft) [STDOUT]: 615296 movements considered
[03:11:07] [pool-5-thread-4/INFO] (Minecraft) [STDOUT]: Open set size: 15987
[03:11:07] [pool-5-thread-4/INFO] (Minecraft) [STDOUT]: PathNode map size: 43930
[03:11:07] [pool-5-thread-4/INFO] (Minecraft) [STDOUT]: 55824 nodes per second
[03:11:07] [pool-5-thread-4/INFO] (Minecraft) [STDOUT]: Path goes for 119.13437790998869 blocks
[03:11:07] [main/INFO] (Minecraft) [CHAT] §2§l§o[TenorClef] §rT2 [NOW] t=8:28.2 ph=NETHER @13,61,20 do=<Collect blaze rods - 0/6: [[blaze_rod] x 6]> Searching for fortress/Traveling around fortress eq=stone_sword woodpick=1 stonepick=1 pick=1 iron=0 buck=1
[03:11:08] [main/INFO] (Minecraft) [STDOUT]: ALTO CLEF: WARNING: T2 [S194] dig-down in progress y=61 child=CollectBlazeRodsTask - pillar/jump nudges stand aside
[03:11:08] [main/INFO] (Minecraft) [CHAT] §2§l§o[TenorClef] §cT2 [S194] dig-down in progress y=61 child=CollectBlazeRodsTask - pillar/jump nudges stand aside§r
[03:11:08] [main/INFO] (Minecraft) [CHAT] §2§l§o[TenorClef] §rT2 [HIST] 8:28.6 SOLVE S194 dig-down in progress y=61 child=CollectBlazeRodsTask - pillar/jump nudges stand aside
[03:11:08] [pool-5-thread-4/INFO] (Minecraft) [STDOUT]: 692736 movements considered
[03:11:08] [pool-5-thread-4/INFO] (Minecraft) [STDOUT]: Open set size: 17883
[03:11:08] [pool-5-thread-4/INFO] (Minecraft) [STDOUT]: PathNode map size: 49363
[03:11:08] [pool-5-thread-4/INFO] (Minecraft) [STDOUT]: 62976 nodes per second
[03:11:08] [pool-5-thread-4/INFO] (Minecraft) [STDOUT]: Path goes for 129.69579792730372 blocks
[03:11:08] [main/INFO] (Minecraft) [CHAT] §2§l§o[TenorClef] §rT2 [NOW] t=8:29.2 ph=NETHER @13,61,22 do=<Collect blaze rods - 0/6: [[blaze_rod] x 6]> Searching for fortress/Traveling around fortress eq=stone_sword woodpick=1 stonepick=1 pick=1 iron=0 buck=1
[03:11:09] [main/INFO] (Minecraft) [CHAT] §2§l§o[TenorClef] §rT2 [HIST] 8:29.9 SNAP ph=NETHER @13,61,26 sky=0 wet=false ground=true pick=1 buck=2 iron=0 ore=4 rods=0 pearls=0 eyes=0 child=CollectBlazeRodsTask dbg=<Collect blaze rods - 0/6: [[blaze_rod] x 6]> Searching for fortress/Traveling around fortress mobs=none
[03:11:09] [main/INFO] (Minecraft) [CHAT] §2§l§o[TenorClef] §rT2 [NOW] t=8:30.2 ph=NETHER @13,61,28 do=<Collect blaze rods - 0/6: [[blaze_rod] x 6]> Searching for fortress/Traveling around fortress eq=stone_sword woodpick=1 stonepick=1 pick=1 iron=0 buck=1
[03:11:10] [main/INFO] (Minecraft) [CHAT] §2§l§o[TenorClef] §rT2 [HB] t=8:30.3 ph=NETHER y=61 child=CollectBlazeRodsTask logs=0 pick=1 woodpick=1
[03:11:10] [main/INFO] (Minecraft) [CHAT] §2§l§o[TenorClef] §rT2 [NOW] t=8:31.2 ph=NETHER @13,61,33 do=<Collect blaze rods - 0/6: [[blaze_rod] x 6]> Searching for fortress/Traveling around fortress eq=stone_sword woodpick=1 stonepick=1 pick=1 iron=0 buck=1
[03:11:11] [pool-5-thread-4/INFO] (Minecraft) [STDOUT]: 604032 movements considered
[03:11:11] [pool-5-thread-4/INFO] (Minecraft) [STDOUT]: Open set size: 16488
[03:11:11] [pool-5-thread-4/INFO] (Minecraft) [STDOUT]: PathNode map size: 43888
[03:11:11] [pool-5-thread-4/INFO] (Minecraft) [STDOUT]: 54912 nodes per second
[03:11:11] [pool-5-thread-4/INFO] (Minecraft) [STDOUT]: Path goes for 104.19692893746917 blocks
[03:11:11] [pool-5-thread-4/INFO] (Minecraft) [STDOUT]: 608256 movements considered
[03:11:11] [pool-5-thread-4/INFO] (Minecraft) [STDOUT]: Open set size: 16080
[03:11:11] [pool-5-thread-4/INFO] (Minecraft) [STDOUT]: PathNode map size: 43682
[03:11:11] [pool-5-thread-4/INFO] (Minecraft) [STDOUT]: 55296 nodes per second
[03:11:11] [pool-5-thread-4/INFO] (Minecraft) [STDOUT]: Path goes for 103.19883720275146 blocks
[03:11:11] [main/INFO] (Minecraft) [CHAT] §2§l§o[TenorClef] §rT2 [NOW] t=8:32.2 ph=NETHER @13,61,34 do=<Collect blaze rods - 0/6: [[blaze_rod] x 6]> Searching for fortress/Traveling around fortress eq=stone_sword woodpick=1 stonepick=1 pick=1 iron=0 buck=1
[03:11:12] [main/INFO] (Minecraft) [CHAT] §2§l§o[TenorClef] §rT2 [HIST] 8:32.4 SNAP ph=NETHER @13,61,35 sky=0 wet=false ground=true pick=1 buck=2 iron=0 ore=4 rods=0 pearls=0 eyes=0 child=CollectBlazeRodsTask dbg=<Collect blaze rods - 0/6: [[blaze_rod] x 6]> Searching for fortress/Traveling around fortress mobs=none
[03:11:12] [main/INFO] (Minecraft) [CHAT] §2§l§o[TenorClef] §rT2 [NOW] t=8:33.2 ph=NETHER @13,59,38 do=<Collect blaze rods - 0/6: [[blaze_rod] x 6]> Searching for fortress/Traveling around fortress eq=stone_sword woodpick=1 stonepick=1 pick=1 iron=0 buck=1
[03:11:13] [main/INFO] (Minecraft) [CHAT] §2§l§o[TenorClef] §rT2 [NOW] t=8:34.2 ph=NETHER @12,56,42 do=<Collect blaze rods - 0/6: [[blaze_rod] x 6]> Searching for fortress/Traveling around fortress eq=stone_sword woodpick=1 stonepick=1 pick=1 iron=0 buck=1
[03:11:14] [main/INFO] (Minecraft) [CHAT] §2§l§o[TenorClef] §rT2 [HIST] 8:34.9 SNAP ph=NETHER @12,55,45 sky=0 wet=false ground=true pick=1 buck=2 iron=0 ore=4 rods=0 pearls=0 eyes=0 child=CollectBlazeRodsTask dbg=<Collect blaze rods - 0/6: [[blaze_rod] x 6]> Searching for fortress/Traveling around fortress mobs=none
[03:11:14] [main/INFO] (Minecraft) [CHAT] §2§l§o[TenorClef] §rT2 [NOW] t=8:35.2 ph=NETHER @12,54,46 do=<Collect blaze rods - 0/6: [[blaze_rod] x 6]> Searching for fortress/Traveling around fortress eq=stone_sword woodpick=1 stonepick=1 pick=1 iron=0 buck=1
[03:11:15] [main/INFO] (Minecraft) [CHAT] §2§l§o[TenorClef] §rT2 [HB] t=8:35.3 ph=NETHER y=54 child=CollectBlazeRodsTask logs=0 pick=1 woodpick=1
[03:11:15] [pool-5-thread-4/INFO] (Minecraft) [STDOUT]: 806784 movements considered
[03:11:15] [pool-5-thread-4/INFO] (Minecraft) [STDOUT]: Open set size: 17780
[03:11:15] [pool-5-thread-4/INFO] (Minecraft) [STDOUT]: PathNode map size: 54446
[03:11:15] [pool-5-thread-4/INFO] (Minecraft) [STDOUT]: 73344 nodes per second
[03:11:15] [pool-5-thread-4/INFO] (Minecraft) [STDOUT]: Path goes for 44.955533585978046 blocks
[03:11:15] [main/INFO] (Minecraft) [CHAT] §2§l§o[TenorClef] §rT2 [NOW] t=8:36.2 ph=NETHER @12,53,49 do=<Collect blaze rods - 0/6: [[blaze_rod] x 6]> Searching for fortress/Traveling around fortress eq=stone_sword woodpick=1 stonepick=1 pick=1 iron=0 buck=1
[03:11:16] [main/INFO] (Minecraft) [CHAT] §2§l§o[TenorClef] §rT2 [NOW] t=8:37.2 ph=NETHER @6,53,49 do=<Collect blaze rods - 0/6: [[blaze_rod] x 6]> Searching for fortress/Traveling around fortress eq=stone_sword woodpick=1 stonepick=1 pick=1 iron=0 buck=1
[03:11:17] [main/INFO] (Minecraft) [CHAT] §2§l§o[TenorClef] §rT2 [HIST] 8:37.4 SNAP ph=NETHER @5,53,49 sky=0 wet=false ground=true pick=1 buck=2 iron=0 ore=4 rods=0 pearls=0 eyes=0 child=CollectBlazeRodsTask dbg=<Collect blaze rods - 0/6: [[blaze_rod] x 6]> Searching for fortress/Traveling around fortress mobs=none
[03:11:17] [main/INFO] (Minecraft) [CHAT] §2§l§o[TenorClef] §rT2 [NOW] t=8:38.2 ph=NETHER @0,54,49 do=<Collect blaze rods - 0/6: [[blaze_rod] x 6]> Searching for fortress/Traveling around fortress eq=stone_sword woodpick=1 stonepick=1 pick=1 iron=0 buck=1
[03:11:18] [pool-5-thread-4/INFO] (Minecraft) [STDOUT]: 709632 movements considered
[03:11:18] [pool-5-thread-4/INFO] (Minecraft) [STDOUT]: Open set size: 11240
[03:11:18] [pool-5-thread-4/INFO] (Minecraft) [STDOUT]: PathNode map size: 43491
[03:11:18] [pool-5-thread-4/INFO] (Minecraft) [STDOUT]: 64512 nodes per second
[03:11:18] [pool-5-thread-4/INFO] (Minecraft) [STDOUT]: Path goes for 31.336879231984796 blocks
[03:11:18] [main/INFO] (Minecraft) [CHAT] §2§l§o[TenorClef] §rT2 [NOW] t=8:39.2 ph=NETHER @-2,54,49 do=<Collect blaze rods - 0/6: [[blaze_rod] x 6]> Searching for fortress/Traveling around fortress eq=stone_sword woodpick=1 stonepick=1 pick=1 iron=0 buck=1
[03:11:19] [pool-5-thread-4/INFO] (Minecraft) [STDOUT]: 788480 movements considered
[03:11:19] [pool-5-thread-4/INFO] (Minecraft) [STDOUT]: Open set size: 17463
[03:11:19] [pool-5-thread-4/INFO] (Minecraft) [STDOUT]: PathNode map size: 53298
[03:11:19] [pool-5-thread-4/INFO] (Minecraft) [STDOUT]: 71680 nodes per second
[03:11:19] [pool-5-thread-4/INFO] (Minecraft) [STDOUT]: Path goes for 31.63858403911275 blocks
[03:11:19] [main/INFO] (Minecraft) [CHAT] §2§l§o[TenorClef] §rT2 [HIST] 8:39.9 SNAP ph=NETHER @-4,54,48 sky=0 wet=false ground=true pick=1 buck=2 iron=0 ore=4 rods=0 pearls=0 eyes=0 child=CollectBlazeRodsTask dbg=<Collect blaze rods - 0/6: [[blaze_rod] x 6]> Searching for fortress/Traveling around fortress mobs=none
[03:11:19] [main/INFO] (Minecraft) [CHAT] §2§l§o[TenorClef] §rT2 [NOW] t=8:40.2 ph=NETHER @-5,54,47 do=<Collect blaze rods - 0/6: [[blaze_rod] x 6]> Searching for fortress/Traveling around fortress eq=stone_sword woodpick=1 stonepick=1 pick=1 iron=0 buck=1
[03:11:20] [main/INFO] (Minecraft) [CHAT] §2§l§o[TenorClef] §rT2 [HB] t=8:40.3 ph=NETHER y=54 child=CollectBlazeRodsTask logs=0 pick=1 woodpick=1
[03:11:20] [main/INFO] (Minecraft) [CHAT] §2§l§o[TenorClef] §rT2 [NOW] t=8:41.2 ph=NETHER @-9,54,43 do=<Collect blaze rods - 0/6: [[blaze_rod] x 6]> Searching for fortress/Traveling around fortress eq=stone_sword woodpick=1 stonepick=1 pick=1 iron=0 buck=1
[03:11:21] [main/INFO] (Minecraft) [CHAT] §2§l§o[TenorClef] §rT2 [NOW] t=8:42.2 ph=NETHER @-13,55,43 do=<Collect blaze rods - 0/6: [[blaze_rod] x 6]> Searching for fortress/Traveling around fortress eq=stone_sword woodpick=1 stonepick=1 pick=1 iron=0 buck=1
[03:11:22] [main/INFO] (Minecraft) [CHAT] §2§l§o[TenorClef] §rT2 [HIST] 8:42.4 SNAP ph=NETHER @-14,55,43 sky=0 wet=false ground=true pick=1 buck=2 iron=0 ore=4 rods=0 pearls=0 eyes=0 child=CollectBlazeRodsTask dbg=<Collect blaze rods - 0/6: [[blaze_rod] x 6]> Searching for fortress/Traveling around fortress mobs=none
[03:11:22] [main/INFO] (Minecraft) [STDOUT]: ALTO CLEF: WARNING: T2 [E110] piglin near, no gold helm
[03:11:22] [main/INFO] (Minecraft) [CHAT] §2§l§o[TenorClef] §cT2 [E110] piglin near, no gold helm§r
[03:11:22] [main/INFO] (Minecraft) [CHAT] §2§l§o[TenorClef] §rT2 [HIST] 8:42.7 [E110] piglin near, no gold helm
[03:11:22] [main/INFO] (Minecraft) [STDOUT]: ALTO CLEF: WARNING: T2 [S110] piglin nearby, no gold helm (overlay only)
[03:11:22] [main/INFO] (Minecraft) [CHAT] §2§l§o[TenorClef] §cT2 [S110] piglin nearby, no gold helm (overlay only)§r
[03:11:22] [main/INFO] (Minecraft) [CHAT] §2§l§o[TenorClef] §rT2 [HIST] 8:42.7 SOLVE S110 piglin nearby, no gold helm (overlay only)
[03:11:22] [main/INFO] (Minecraft) [CHAT] §2§l§o[TenorClef] §rT2 [NOW] t=8:43.2 ph=NETHER @-18,55,43 do=<Collect blaze rods - 0/6: [[blaze_rod] x 6]> Searching for fortress/Traveling around fortress eq=stone_sword woodpick=1 stonepick=1 pick=1 iron=0 buck=1
[03:11:23] [pool-5-thread-4/INFO] (Minecraft) [STDOUT]: 680064 movements considered
[03:11:23] [pool-5-thread-4/INFO] (Minecraft) [STDOUT]: Open set size: 11523
[03:11:23] [pool-5-thread-4/INFO] (Minecraft) [STDOUT]: PathNode map size: 42435
[03:11:23] [pool-5-thread-4/INFO] (Minecraft) [STDOUT]: 61824 nodes per second
[03:11:23] [pool-5-thread-4/INFO] (Minecraft) [STDOUT]: Path goes for 14.560219778561036 blocks
[03:11:23] [pool-5-thread-4/INFO] (Minecraft) [STDOUT]: 711040 movements considered
[03:11:23] [pool-5-thread-4/INFO] (Minecraft) [STDOUT]: Open set size: 15316
[03:11:23] [pool-5-thread-4/INFO] (Minecraft) [STDOUT]: PathNode map size: 47629
[03:11:23] [pool-5-thread-4/INFO] (Minecraft) [STDOUT]: 64640 nodes per second
[03:11:23] [pool-5-thread-4/INFO] (Minecraft) [STDOUT]: Path goes for 99.37303457175895 blocks
[03:11:23] [main/INFO] (Minecraft) [CHAT] §2§l§o[TenorClef] §rT2 [NOW] t=8:44.2 ph=NETHER @-18,55,43 do=<Collect blaze rods - 0/6: [[blaze_rod] x 6]> Searching for fortress/Traveling around fortress eq=stone_sword woodpick=1 stonepick=1 pick=1 iron=0 buck=1
[03:11:24] [main/INFO] (Minecraft) [STDOUT]: ALTO CLEF: WARNING: T2 [S194] dig-down in progress y=54 child=CollectBlazeRodsTask - pillar/jump nudges stand aside
[03:11:24] [main/INFO] (Minecraft) [CHAT] §2§l§o[TenorClef] §cT2 [S194] dig-down in progress y=54 child=CollectBlazeRodsTask - pillar/jump nudges stand aside§r
[03:11:24] [main/INFO] (Minecraft) [CHAT] §2§l§o[TenorClef] §rT2 [HIST] 8:44.6 SOLVE S194 dig-down in progress y=54 child=CollectBlazeRodsTask - pillar/jump nudges stand aside
[03:11:24] [main/INFO] (Minecraft) [CHAT] §2§l§o[TenorClef] §rT2 [HIST] 8:44.9 SNAP ph=NETHER @-17,54,45 sky=0 wet=false ground=true pick=1 buck=2 iron=0 ore=4 rods=0 pearls=0 eyes=0 child=CollectBlazeRodsTask dbg=<Collect blaze rods - 0/6: [[blaze_rod] x 6]> Searching for fortress/Traveling around fortress mobs=none
[03:11:24] [main/INFO] (Minecraft) [CHAT] §2§l§o[TenorClef] §rT2 [NOW] t=8:45.2 ph=NETHER @-17,54,47 do=<Collect blaze rods - 0/6: [[blaze_rod] x 6]> Searching for fortress/Traveling around fortress eq=stone_sword woodpick=1 stonepick=1 pick=1 iron=0 buck=1
[03:11:25] [main/INFO] (Minecraft) [CHAT] §2§l§o[TenorClef] §rT2 [HB] t=8:45.3 ph=NETHER y=54 child=CollectBlazeRodsTask logs=0 pick=1 woodpick=1
[03:11:25] [main/INFO] (Minecraft) [CHAT] §2§l§o[TenorClef] §rT2 [NOW] t=8:46.2 ph=NETHER @-15,53,51 do=<Collect blaze rods - 0/6: [[blaze_rod] x 6]> Searching for fortress/Traveling around fortress eq=stone_sword woodpick=1 stonepick=1 pick=1 iron=0 buck=1
[03:11:26] [main/INFO] (Minecraft) [CHAT] §2§l§o[TenorClef] §rT2 [NOW] t=8:47.2 ph=NETHER @-12,54,55 do=<Collect blaze rods - 0/6: [[blaze_rod] x 6]> Searching for fortress/Traveling around fortress eq=stone_sword woodpick=1 stonepick=1 pick=1 iron=0 buck=1
[03:11:27] [main/INFO] (Minecraft) [CHAT] §2§l§o[TenorClef] §rT2 [HIST] 8:47.4 SNAP ph=NETHER @-12,54,55 sky=0 wet=false ground=true pick=1 buck=2 iron=0 ore=4 rods=0 pearls=0 eyes=0 child=CollectBlazeRodsTask dbg=<Collect blaze rods - 0/6: [[blaze_rod] x 6]> Searching for fortress/Traveling around fortress mobs=none
[03:11:27] [main/INFO] (Minecraft) [CHAT] §2§l§o[TenorClef] §rT2 [NOW] t=8:48.2 ph=NETHER @-12,54,60 do=<Collect blaze rods - 0/6: [[blaze_rod] x 6]> Searching for fortress/Traveling around fortress eq=stone_sword woodpick=1 stonepick=1 pick=1 iron=0 buck=1
[03:11:28] [main/INFO] (Minecraft) [CHAT] §2§l§o[TenorClef] §rT2 [NOW] t=8:49.2 ph=NETHER @-10,55,64 do=<Collect blaze rods - 0/6: [[blaze_rod] x 6]> Searching for fortress/Traveling around fortress eq=stone_sword woodpick=1 stonepick=1 pick=1 iron=0 buck=1
[03:11:29] [main/WARN] (Minecraft) Received passengers for unknown entity
[03:11:29] [pool-5-thread-4/INFO] (Minecraft) [STDOUT]: 747648 movements considered
[03:11:29] [pool-5-thread-4/INFO] (Minecraft) [STDOUT]: Open set size: 17716
[03:11:29] [pool-5-thread-4/INFO] (Minecraft) [STDOUT]: PathNode map size: 51700
[03:11:29] [pool-5-thread-4/INFO] (Minecraft) [STDOUT]: 67832 nodes per second
[03:11:29] [pool-5-thread-4/INFO] (Minecraft) [STDOUT]: Path goes for 92.50405396521819 blocks
[03:11:29] [main/INFO] (Minecraft) [CHAT] §2§l§o[TenorClef] §rT2 [HIST] 8:49.9 SNAP ph=NETHER @-10,55,65 sky=0 wet=false ground=true pick=1 buck=2 iron=0 ore=4 rods=0 pearls=0 eyes=0 child=CollectBlazeRodsTask dbg=<Collect blaze rods - 0/6: [[blaze_rod] x 6]> Searching for fortress/Traveling around fortress mobs=none
[03:11:29] [main/INFO] (Minecraft) [CHAT] §2§l§o[TenorClef] §rT2 [NOW] t=8:50.2 ph=NETHER @-8,55,65 do=<Collect blaze rods - 0/6: [[blaze_rod] x 6]> Searching for fortress/Traveling around fortress eq=stone_sword woodpick=1 stonepick=1 pick=1 iron=0 buck=1
[03:11:30] [main/INFO] (Minecraft) [CHAT] §2§l§o[TenorClef] §rT2 [HB] t=8:50.3 ph=NETHER y=55 child=CollectBlazeRodsTask logs=0 pick=1 woodpick=1
[03:11:30] [main/INFO] (Minecraft) [CHAT] §2§l§o[TenorClef] §rT2 [NOW] t=8:51.2 ph=NETHER @-3,54,65 do=<Collect blaze rods - 0/6: [[blaze_rod] x 6]> Searching for fortress/Traveling around fortress eq=stone_sword woodpick=1 stonepick=1 pick=1 iron=0 buck=1
[03:11:31] [main/INFO] (Minecraft) [CHAT] §2§l§o[TenorClef] §rRefreshed inventory...
[03:11:31] [main/INFO] (Minecraft) [CHAT] §2§l§o[TenorClef] §rT2 [NOW] t=8:52.2 ph=NETHER @2,54,65 do=<Collect blaze rods - 0/6: [[blaze_rod] x 6]> Searching for fortress/Traveling around fortress eq=stone_sword woodpick=1 stonepick=1 pick=1 iron=0 buck=1
[03:11:32] [main/INFO] (Minecraft) [CHAT] §2§l§o[TenorClef] §rT2 [HIST] 8:52.4 SNAP ph=NETHER @3,54,65 sky=0 wet=false ground=true pick=1 buck=2 iron=0 ore=4 rods=0 pearls=0 eyes=0 child=CollectBlazeRodsTask dbg=<Collect blaze rods - 0/6: [[blaze_rod] x 6]> Searching for fortress/Traveling around fortress mobs=none
[03:11:32] [main/INFO] (Minecraft) [CHAT] §2§l§o[TenorClef] §rT2 [NOW] t=8:53.2 ph=NETHER @7,53,63 do=<Collect blaze rods - 0/6: [[blaze_rod] x 6]> Searching for fortress/Traveling around fortress eq=stone_sword woodpick=1 stonepick=1 pick=1 iron=0 buck=1
[03:11:33] [main/INFO] (Minecraft) [STDOUT]: ALTO CLEF: WARNING: T2 [E110] piglin near, no gold helm
[03:11:33] [main/INFO] (Minecraft) [CHAT] §2§l§o[TenorClef] §cT2 [E110] piglin near, no gold helm§r
[03:11:33] [main/INFO] (Minecraft) [CHAT] §2§l§o[TenorClef] §rT2 [HIST] 8:53.3 [E110] piglin near, no gold helm
[03:11:33] [main/INFO] (Minecraft) [STDOUT]: ALTO CLEF: WARNING: T2 [S110] piglin nearby, no gold helm (overlay only)
[03:11:33] [main/INFO] (Minecraft) [CHAT] §2§l§o[TenorClef] §cT2 [S110] piglin nearby, no gold helm (overlay only)§r
[03:11:33] [main/INFO] (Minecraft) [CHAT] §2§l§o[TenorClef] §rT2 [HIST] 8:53.3 SOLVE S110 piglin nearby, no gold helm (overlay only)
[03:11:33] [main/INFO] (Minecraft) [CHAT] §2§l§o[TenorClef] §rT2 [NOW] t=8:54.2 ph=NETHER @11,53,60 do=<Collect blaze rods - 0/6: [[blaze_rod] x 6]> Searching for fortress/Traveling around fortress eq=stone_sword woodpick=1 stonepick=1 pick=1 iron=0 buck=1
[03:11:34] [main/INFO] (Minecraft) [CHAT] §2§l§o[TenorClef] §rT2 [HIST] 8:54.9 SNAP ph=NETHER @14,53,57 sky=0 wet=false ground=true pick=1 buck=2 iron=0 ore=4 rods=0 pearls=0 eyes=0 child=CollectBlazeRodsTask dbg=<Collect blaze rods - 0/6: [[blaze_rod] x 6]> Searching for fortress/Traveling around fortress mobs=none
[03:11:34] [main/INFO] (Minecraft) [CHAT] §2§l§o[TenorClef] §rT2 [NOW] t=8:55.2 ph=NETHER @15,53,56 do=<Collect blaze rods - 0/6: [[blaze_rod] x 6]> Searching for fortress/Traveling around fortress eq=stone_sword woodpick=1 stonepick=1 pick=1 iron=0 buck=1
[03:11:35] [main/INFO] (Minecraft) [CHAT] §2§l§o[TenorClef] §rT2 [HB] t=8:55.4 ph=NETHER y=53 child=CollectBlazeRodsTask logs=0 pick=1 woodpick=1
[03:11:35] [main/INFO] (Minecraft) [CHAT] §2§l§o[TenorClef] §rT2 [NOW] t=8:56.2 ph=NETHER @18,55,54 do=<Collect blaze rods - 0/6: [[blaze_rod] x 6]> Searching for fortress/Traveling around fortress eq=stone_sword woodpick=1 stonepick=1 pick=1 iron=0 buck=1
[03:11:36] [main/INFO] (Minecraft) [CHAT] §2§l§o[TenorClef] §rT2 [NOW] t=8:57.2 ph=NETHER @21,57,53 do=<Collect blaze rods - 0/6: [[blaze_rod] x 6]> Searching for fortress/Traveling around fortress eq=stone_sword woodpick=1 stonepick=1 pick=1 iron=0 buck=1
[03:11:37] [main/INFO] (Minecraft) [CHAT] §2§l§o[TenorClef] §rT2 [HIST] 8:57.4 SNAP ph=NETHER @22,57,53 sky=0 wet=false ground=true pick=1 buck=2 iron=0 ore=4 rods=0 pearls=0 eyes=0 child=CollectBlazeRodsTask dbg=<Collect blaze rods - 0/6: [[blaze_rod] x 6]> Searching for fortress/Traveling around fortress mobs=none
[03:11:37] [main/INFO] (Minecraft) [CHAT] §2§l§o[TenorClef] §rT2 [HIST] 8:57.4 [E110] piglin near, no gold helm
[03:11:37] [main/INFO] (Minecraft) [CHAT] §2§l§o[TenorClef] §rT2 [NOW] t=8:58.2 ph=NETHER @23,59,53 do=<Collect blaze rods - 0/6: [[blaze_rod] x 6]> Searching for fortress/Traveling around fortress eq=stone_sword woodpick=1 stonepick=1 pick=1 iron=0 buck=1
[03:11:38] [main/INFO] (Minecraft) [CHAT] §2§l§o[TenorClef] §rT2 [NOW] t=8:59.2 ph=NETHER @29,61,53 do=<Collect blaze rods - 0/6: [[blaze_rod] x 6]> Searching for fortress/Traveling around fortress eq=stone_sword woodpick=1 stonepick=1 pick=1 iron=0 buck=1
[03:11:39] [main/INFO] (Minecraft) [CHAT] §2§l§o[TenorClef] §rT2 [HIST] 8:59.9 SNAP ph=NETHER @33,62,53 sky=0 wet=false ground=true pick=1 buck=2 iron=0 ore=4 rods=0 pearls=0 eyes=0 child=CollectBlazeRodsTask dbg=<Collect blaze rods - 0/6: [[blaze_rod] x 6]> Searching for fortress/Traveling around fortress mobs=none
[03:11:39] [pool-5-thread-4/INFO] (Minecraft) [STDOUT]: 556160 movements considered
[03:11:39] [pool-5-thread-4/INFO] (Minecraft) [STDOUT]: Open set size: 8915
[03:11:39] [pool-5-thread-4/INFO] (Minecraft) [STDOUT]: PathNode map size: 34194
[03:11:39] [pool-5-thread-4/INFO] (Minecraft) [STDOUT]: 50560 nodes per second
[03:11:39] [pool-5-thread-4/INFO] (Minecraft) [STDOUT]: Path goes for 47.94788837894741 blocks
[03:11:39] [main/INFO] (Minecraft) [CHAT] §2§l§o[TenorClef] §rT2 [NOW] t=9:00.2 ph=NETHER @33,62,53 do=<Collect blaze rods - 0/6: [[blaze_rod] x 6]> Searching for fortress/Traveling around fortress eq=stone_sword woodpick=1 stonepick=1 pick=1 iron=0 buck=1
[03:11:40] [main/INFO] (Minecraft) [CHAT] §2§l§o[TenorClef] §rT2 [HB] t=9:00.3 ph=NETHER y=62 child=CollectBlazeRodsTask logs=0 pick=1 woodpick=1
[03:11:40] [pool-5-thread-4/INFO] (Minecraft) [STDOUT]: 492800 movements considered
[03:11:40] [pool-5-thread-4/INFO] (Minecraft) [STDOUT]: Open set size: 8227
[03:11:40] [pool-5-thread-4/INFO] (Minecraft) [STDOUT]: PathNode map size: 30626
[03:11:40] [pool-5-thread-4/INFO] (Minecraft) [STDOUT]: 44800 nodes per second
[03:11:40] [pool-5-thread-4/INFO] (Minecraft) [STDOUT]: Path goes for 47.94788837894741 blocks
[03:11:40] [main/INFO] (Minecraft) [CHAT] §2§l§o[TenorClef] §rT2 [NOW] t=9:01.2 ph=NETHER @36,62,52 do=<Collect blaze rods - 0/6: [[blaze_rod] x 6]> Searching for fortress/Traveling around fortress eq=stone_sword woodpick=1 stonepick=1 pick=1 iron=0 buck=1
[03:11:41] [main/INFO] (Minecraft) [STDOUT]: ALTO CLEF: WARNING: T2 [S194] dig-down in progress y=61 child=CollectBlazeRodsTask - pillar/jump nudges stand aside
[03:11:41] [main/INFO] (Minecraft) [CHAT] §2§l§o[TenorClef] §cT2 [S194] dig-down in progress y=61 child=CollectBlazeRodsTask - pillar/jump nudges stand aside§r
[03:11:41] [main/INFO] (Minecraft) [CHAT] §2§l§o[TenorClef] §rT2 [HIST] 9:01.7 SOLVE S194 dig-down in progress y=61 child=CollectBlazeRodsTask - pillar/jump nudges stand aside
[03:11:41] [main/INFO] (Minecraft) [CHAT] §2§l§o[TenorClef] §rT2 [NOW] t=9:02.2 ph=NETHER @41,61,52 do=<Collect blaze rods - 0/6: [[blaze_rod] x 6]> Searching for fortress/Traveling around fortress eq=stone_sword woodpick=1 stonepick=1 pick=1 iron=0 buck=1
[03:11:42] [main/INFO] (Minecraft) [CHAT] §2§l§o[TenorClef] §rT2 [HIST] 9:02.4 SNAP ph=NETHER @42,61,52 sky=0 wet=false ground=true pick=1 buck=2 iron=0 ore=4 rods=0 pearls=0 eyes=0 child=CollectBlazeRodsTask dbg=<Collect blaze rods - 0/6: [[blaze_rod] x 6]> Searching for fortress/Traveling around fortress mobs=none
[03:11:42] [main/INFO] (Minecraft) [CHAT] §2§l§o[TenorClef] §rT2 [NOW] t=9:03.2 ph=NETHER @46,61,52 do=<Collect blaze rods - 0/6: [[blaze_rod] x 6]> Searching for fortress/Traveling around fortress eq=stone_sword woodpick=1 stonepick=1 pick=1 iron=0 buck=1
[03:11:43] [pool-5-thread-4/INFO] (Minecraft) [STDOUT]: 523776 movements considered
[03:11:43] [pool-5-thread-4/INFO] (Minecraft) [STDOUT]: Open set size: 7743
[03:11:43] [pool-5-thread-4/INFO] (Minecraft) [STDOUT]: PathNode map size: 31551
[03:11:43] [pool-5-thread-4/INFO] (Minecraft) [STDOUT]: 47520 nodes per second
[03:11:43] [pool-5-thread-4/INFO] (Minecraft) [STDOUT]: Path goes for 32.07802986469088 blocks
[03:11:43] [main/INFO] (Minecraft) [CHAT] §2§l§o[TenorClef] §rT2 [NOW] t=9:04.2 ph=NETHER @49,61,52 do=<Collect blaze rods - 0/6: [[blaze_rod] x 6]> Searching for fortress/Traveling around fortress eq=stone_sword woodpick=1 stonepick=1 pick=1 iron=0 buck=1
[03:11:44] [main/INFO] (Minecraft) [CHAT] §2§l§o[TenorClef] §rT2 [HIST] 9:04.9 SNAP ph=NETHER @53,61,52 sky=0 wet=false ground=true pick=1 buck=2 iron=0 ore=4 rods=0 pearls=0 eyes=0 child=CollectBlazeRodsTask dbg=<Collect blaze rods - 0/6: [[blaze_rod] x 6]> Searching for fortress/Traveling around fortress mobs=none
[03:11:44] [main/INFO] (Minecraft) [CHAT] §2§l§o[TenorClef] §rT2 [NOW] t=9:05.2 ph=NETHER @54,60,52 do=<Collect blaze rods - 0/6: [[blaze_rod] x 6]> Searching for fortress/Traveling around fortress eq=stone_sword woodpick=1 stonepick=1 pick=1 iron=0 buck=1
[03:11:45] [main/INFO] (Minecraft) [CHAT] §2§l§o[TenorClef] §rT2 [HB] t=9:05.3 ph=NETHER y=60 child=CollectBlazeRodsTask logs=0 pick=1 woodpick=1
[03:11:45] [pool-5-thread-4/INFO] (Minecraft) [STDOUT]: 2415930 movements considered
[03:11:45] [pool-5-thread-4/INFO] (Minecraft) [STDOUT]: Open set size: 33149
[03:11:45] [pool-5-thread-4/INFO] (Minecraft) [STDOUT]: PathNode map size: 142935
[03:11:45] [pool-5-thread-4/INFO] (Minecraft) [STDOUT]: 63150 nodes per second
[03:11:45] [pool-5-thread-4/INFO] (Minecraft) [STDOUT]: Path goes for 164.2985088185526 blocks
[03:11:45] [main/INFO] (Minecraft) [CHAT] §2§l§o[TenorClef] §rT2 [NOW] t=9:06.2 ph=NETHER @60,60,52 do=<Collect blaze rods - 0/6: [[blaze_rod] x 6]> Searching for fortress/Traveling around fortress eq=stone_sword woodpick=1 stonepick=1 pick=1 iron=0 buck=1
[03:11:46] [main/INFO] (Minecraft) [CHAT] §2§l§o[TenorClef] §rT2 [NOW] t=9:07.2 ph=NETHER @65,60,52 do=<Collect blaze rods - 0/6: [[blaze_rod] x 6]> Searching for fortress/Traveling around fortress eq=stone_sword woodpick=1 stonepick=1 pick=1 iron=0 buck=1
[03:11:47] [main/INFO] (Minecraft) [CHAT] §2§l§o[TenorClef] §rT2 [HIST] 9:07.4 SNAP ph=NETHER @65,60,52 sky=0 wet=false ground=true pick=1 buck=2 iron=0 ore=4 rods=0 pearls=0 eyes=0 child=CollectBlazeRodsTask dbg=<Collect blaze rods - 0/6: [[blaze_rod] x 6]> Searching for fortress/Traveling around fortress mobs=none
[03:11:47] [pool-5-thread-4/INFO] (Minecraft) [STDOUT]: 444928 movements considered
[03:11:47] [pool-5-thread-4/INFO] (Minecraft) [STDOUT]: Open set size: 8905
[03:11:47] [pool-5-thread-4/INFO] (Minecraft) [STDOUT]: PathNode map size: 29129
[03:11:47] [pool-5-thread-4/INFO] (Minecraft) [STDOUT]: 40286 nodes per second
[03:11:47] [pool-5-thread-4/INFO] (Minecraft) [STDOUT]: Path goes for 56.25833271614081 blocks
[03:11:47] [main/INFO] (Minecraft) [CHAT] §2§l§o[TenorClef] §rT2 [NOW] t=9:08.2 ph=NETHER @66,60,49 do=<Collect blaze rods - 0/6: [[blaze_rod] x 6]> Searching for fortress/Traveling around fortress eq=stone_sword woodpick=1 stonepick=1 pick=1 iron=0 buck=1
[03:11:48] [main/INFO] (Minecraft) [CHAT] §2§l§o[TenorClef] §rT2 [NOW] t=9:09.2 ph=NETHER @69,60,47 do=<Collect blaze rods - 0/6: [[blaze_rod] x 6]> Searching for fortress/Traveling around fortress eq=stone_sword woodpick=1 stonepick=1 pick=1 iron=0 buck=1
[03:11:49] [main/INFO] (Minecraft) [CHAT] §2§l§o[TenorClef] §rT2 [HIST] 9:09.9 SNAP ph=NETHER @72,60,45 sky=0 wet=false ground=true pick=1 buck=2 iron=0 ore=4 rods=0 pearls=0 eyes=0 child=CollectBlazeRodsTask dbg=<Collect blaze rods - 0/6: [[blaze_rod] x 6]> Searching for fortress/Traveling around fortress mobs=none
[03:11:49] [main/INFO] (Minecraft) [CHAT] §2§l§o[TenorClef] §rT2 [NOW] t=9:10.2 ph=NETHER @74,60,44 do=<Collect blaze rods - 0/6: [[blaze_rod] x 6]> Searching for fortress/Traveling around fortress eq=stone_sword woodpick=1 stonepick=1 pick=1 iron=0 buck=1
[03:11:50] [main/INFO] (Minecraft) [CHAT] §2§l§o[TenorClef] §rT2 [HB] t=9:10.3 ph=NETHER y=60 child=CollectBlazeRodsTask logs=0 pick=1 woodpick=1
[03:11:50] [main/INFO] (Minecraft) [CHAT] §2§l§o[TenorClef] §rT2 [NOW] t=9:11.2 ph=NETHER @75,60,39 do=<Collect blaze rods - 0/6: [[blaze_rod] x 6]> Searching for fortress/Traveling around fortress eq=stone_sword woodpick=1 stonepick=1 pick=1 iron=0 buck=1
[03:11:51] [main/INFO] (Minecraft) [CHAT] §2§l§o[TenorClef] §rT2 [NOW] t=9:12.2 ph=NETHER @75,60,34 do=<Collect blaze rods - 0/6: [[blaze_rod] x 6]> Searching for fortress/Traveling around fortress eq=stone_sword woodpick=1 stonepick=1 pick=1 iron=0 buck=1
[03:11:52] [main/INFO] (Minecraft) [CHAT] §2§l§o[TenorClef] §rT2 [HIST] 9:12.4 SNAP ph=NETHER @75,60,33 sky=0 wet=false ground=true pick=1 buck=2 iron=0 ore=4 rods=0 pearls=0 eyes=0 child=CollectBlazeRodsTask dbg=<Collect blaze rods - 0/6: [[blaze_rod] x 6]> Searching for fortress/Traveling around fortress mobs=none
[03:11:52] [main/INFO] (Minecraft) [CHAT] §2§l§o[TenorClef] §rT2 [NOW] t=9:13.2 ph=NETHER @73,60,29 do=<Collect blaze rods - 0/6: [[blaze_rod] x 6]> Searching for fortress/Traveling around fortress eq=stone_sword woodpick=1 stonepick=1 pick=1 iron=0 buck=1
[03:11:53] [main/INFO] (Minecraft) [STDOUT]: ALTO CLEF: WARNING: T2 [S194] dig-down in progress y=59 child=CollectBlazeRodsTask - pillar/jump nudges stand aside
[03:11:53] [main/INFO] (Minecraft) [CHAT] §2§l§o[TenorClef] §cT2 [S194] dig-down in progress y=59 child=CollectBlazeRodsTask - pillar/jump nudges stand aside§r
[03:11:53] [main/INFO] (Minecraft) [CHAT] §2§l§o[TenorClef] §rT2 [HIST] 9:13.4 SOLVE S194 dig-down in progress y=59 child=CollectBlazeRodsTask - pillar/jump nudges stand aside
[03:11:53] [main/INFO] (Minecraft) [CHAT] §2§l§o[TenorClef] §rT2 [NOW] t=9:14.2 ph=NETHER @73,59,24 do=<Collect blaze rods - 0/6: [[blaze_rod] x 6]> Searching for fortress/Traveling around fortress eq=stone_sword woodpick=1 stonepick=1 pick=1 iron=0 buck=1
[03:11:54] [main/INFO] (Minecraft) [CHAT] §2§l§o[TenorClef] §rT2 [HIST] 9:14.9 SNAP ph=NETHER @70,59,21 sky=0 wet=false ground=true pick=1 buck=2 iron=0 ore=4 rods=0 pearls=0 eyes=0 child=CollectBlazeRodsTask dbg=<Collect blaze rods - 0/6: [[blaze_rod] x 6]> Searching for fortress/Traveling around fortress mobs=none
[03:11:54] [main/INFO] (Minecraft) [CHAT] §2§l§o[TenorClef] §rT2 [NOW] t=9:15.2 ph=NETHER @69,59,20 do=<Collect blaze rods - 0/6: [[blaze_rod] x 6]> Searching for fortress/Traveling around fortress eq=stone_sword woodpick=1 stonepick=1 pick=1 iron=0 buck=1
[03:11:55] [main/INFO] (Minecraft) [CHAT] §2§l§o[TenorClef] §rT2 [HB] t=9:15.3 ph=NETHER y=59 child=CollectBlazeRodsTask logs=0 pick=1 woodpick=1
[03:11:55] [main/INFO] (Minecraft) [CHAT] §2§l§o[TenorClef] §rT2 [NOW] t=9:16.2 ph=NETHER @65,59,15 do=<Collect blaze rods - 0/6: [[blaze_rod] x 6]> Searching for fortress/Traveling around fortress eq=stone_sword woodpick=1 stonepick=1 pick=1 iron=0 buck=1
[03:11:56] [pool-5-thread-4/INFO] (Minecraft) [STDOUT]: 5351808 movements considered
[03:11:56] [pool-5-thread-4/INFO] (Minecraft) [STDOUT]: Open set size: 51749
[03:11:56] [pool-5-thread-4/INFO] (Minecraft) [STDOUT]: PathNode map size: 295010
[03:11:56] [pool-5-thread-4/INFO] (Minecraft) [STDOUT]: 60816 nodes per second
[03:11:56] [pool-5-thread-4/INFO] (Minecraft) [STDOUT]: Path goes for 88.28363381737297 blocks
[03:11:56] [main/INFO] (Minecraft) [CHAT] §2§l§o[TenorClef] §rT2 [NOW] t=9:17.2 ph=NETHER @61,59,11 do=<Collect blaze rods - 0/6: [[blaze_rod] x 6]> Searching for fortress/Traveling around fortress eq=stone_sword woodpick=1 stonepick=1 pick=1 iron=0 buck=1
[03:11:57] [main/INFO] (Minecraft) [CHAT] §2§l§o[TenorClef] §rT2 [HIST] 9:17.4 SNAP ph=NETHER @61,59,12 sky=0 wet=false ground=true pick=1 buck=2 iron=0 ore=4 rods=0 pearls=0 eyes=0 child=CollectBlazeRodsTask dbg=<Collect blaze rods - 0/6: [[blaze_rod] x 6]> Searching for fortress/Traveling around fortress mobs=none
[03:11:57] [main/INFO] (Minecraft) [CHAT] §2§l§o[TenorClef] §rT2 [NOW] t=9:18.2 ph=NETHER @57,59,14 do=<Collect blaze rods - 0/6: [[blaze_rod] x 6]> Searching for fortress/Traveling around fortress eq=stone_sword woodpick=1 stonepick=1 pick=1 iron=0 buck=1
[03:11:58] [main/INFO] (Minecraft) [CHAT] §2§l§o[TenorClef] §rT2 [NOW] t=9:19.2 ph=NETHER @52,59,15 do=<Collect blaze rods - 0/6: [[blaze_rod] x 6]> Searching for fortress/Traveling around fortress eq=stone_sword woodpick=1 stonepick=1 pick=1 iron=0 buck=1
[03:11:59] [main/INFO] (Minecraft) [CHAT] §2§l§o[TenorClef] §rT2 [HIST] 9:19.9 SNAP ph=NETHER @51,60,17 sky=0 wet=false ground=true pick=1 buck=2 iron=0 ore=4 rods=0 pearls=0 eyes=0 child=CollectBlazeRodsTask dbg=<Collect blaze rods - 0/6: [[blaze_rod] x 6]> Searching for fortress/Traveling around fortress mobs=none
[03:11:59] [main/INFO] (Minecraft) [CHAT] §2§l§o[TenorClef] §rT2 [NOW] t=9:20.2 ph=NETHER @50,60,18 do=<Collect blaze rods - 0/6: [[blaze_rod] x 6]> Searching for fortress/Traveling around fortress eq=stone_sword woodpick=1 stonepick=1 pick=1 iron=0 buck=1
[03:12:00] [main/INFO] (Minecraft) [CHAT] §2§l§o[TenorClef] §rT2 [HB] t=9:20.3 ph=NETHER y=60 child=CollectBlazeRodsTask logs=0 pick=1 woodpick=1
[03:12:00] [main/INFO] (Minecraft) [CHAT] §2§l§o[TenorClef] §rT2 [NOW] t=9:21.2 ph=NETHER @45,60,18 do=<Collect blaze rods - 0/6: [[blaze_rod] x 6]> Searching for fortress/Traveling around fortress eq=stone_sword woodpick=1 stonepick=1 pick=1 iron=0 buck=1
[03:12:01] [main/INFO] (Minecraft) [CHAT] §2§l§o[TenorClef] §rRefreshed inventory...
[03:12:01] [main/INFO] (Minecraft) [CHAT] §2§l§o[TenorClef] §rT2 [NOW] t=9:22.2 ph=NETHER @40,60,15 do=<Collect blaze rods - 0/6: [[blaze_rod] x 6]> Searching for fortress/Traveling around fortress eq=stone_sword woodpick=1 stonepick=1 pick=1 iron=0 buck=1
[03:12:02] [main/INFO] (Minecraft) [CHAT] §2§l§o[TenorClef] §rT2 [HIST] 9:22.4 SNAP ph=NETHER @40,60,15 sky=0 wet=false ground=true pick=1 buck=2 iron=0 ore=4 rods=0 pearls=0 eyes=0 child=CollectBlazeRodsTask dbg=<Collect blaze rods - 0/6: [[blaze_rod] x 6]> Searching for fortress/Traveling around fortress mobs=none
[03:12:02] [main/INFO] (Minecraft) [CHAT] §2§l§o[TenorClef] §rT2 [NOW] t=9:23.2 ph=NETHER @36,60,12 do=<Collect blaze rods - 0/6: [[blaze_rod] x 6]> Searching for fortress/Traveling around fortress eq=stone_sword woodpick=1 stonepick=1 pick=1 iron=0 buck=1
[03:12:03] [main/INFO] (Minecraft) [CHAT] §2§l§o[TenorClef] §rT2 [NOW] t=9:24.2 ph=NETHER @34,59,9 do=<Collect blaze rods - 0/6: [[blaze_rod] x 6]> Searching for fortress/Traveling around fortress eq=stone_sword woodpick=1 stonepick=1 pick=1 iron=0 buck=1
[03:12:04] [main/INFO] (Minecraft) [CHAT] §2§l§o[TenorClef] §rT2 [HIST] 9:24.9 SNAP ph=NETHER @34,56,6 sky=0 wet=false ground=false pick=1 buck=2 iron=0 ore=4 rods=0 pearls=0 eyes=0 child=CollectBlazeRodsTask dbg=<Collect blaze rods - 0/6: [[blaze_rod] x 6]> Searching for fortress/Traveling around fortress mobs=none
[03:12:04] [main/INFO] (Minecraft) [CHAT] §2§l§o[TenorClef] §rT2 [NOW] t=9:25.2 ph=NETHER @34,55,6 do=<Collect blaze rods - 0/6: [[blaze_rod] x 6]> Searching for fortress/Traveling around fortress eq=stone_sword woodpick=1 stonepick=1 pick=1 iron=0 buck=1
[03:12:05] [main/INFO] (Minecraft) [CHAT] §2§l§o[TenorClef] §rT2 [HB] t=9:25.3 ph=NETHER y=55 child=CollectBlazeRodsTask logs=0 pick=1 woodpick=1
[03:12:05] [main/INFO] (Minecraft) [CHAT] §2§l§o[TenorClef] §rT2 [NOW] t=9:26.2 ph=NETHER @34,51,4 do=<Collect blaze rods - 0/6: [[blaze_rod] x 6]> Searching for fortress/Traveling around fortress eq=stone_sword woodpick=1 stonepick=1 pick=1 iron=0 buck=1
[03:12:06] [main/INFO] (Minecraft) [CHAT] §2§l§o[TenorClef] §rT2 [NOW] t=9:27.2 ph=NETHER @31,51,0 do=<Collect blaze rods - 0/6: [[blaze_rod] x 6]> Searching for fortress/Traveling around fortress eq=stone_sword woodpick=1 stonepick=1 pick=1 iron=0 buck=1
[03:12:07] [main/INFO] (Minecraft) [CHAT] §2§l§o[TenorClef] §rT2 [HIST] 9:27.4 SNAP ph=NETHER @30,51,-1 sky=0 wet=false ground=true pick=1 buck=2 iron=0 ore=4 rods=0 pearls=0 eyes=0 child=CollectBlazeRodsTask dbg=<Collect blaze rods - 0/6: [[blaze_rod] x 6]> Searching for fortress/Traveling around fortress mobs=none
[03:12:07] [main/INFO] (Minecraft) [CHAT] §2§l§o[TenorClef] §rT2 [NOW] t=9:28.2 ph=NETHER @27,51,-4 do=<Collect blaze rods - 0/6: [[blaze_rod] x 6]> Searching for fortress/Traveling around fortress eq=stone_sword woodpick=1 stonepick=1 pick=1 iron=0 buck=1
[03:12:08] [main/INFO] (Minecraft) [CHAT] §2§l§o[TenorClef] §rT2 [NOW] t=9:29.2 ph=NETHER @24,49,-7 do=<Collect blaze rods - 0/6: [[blaze_rod] x 6]> Searching for fortress/Traveling around fortress eq=stone_sword woodpick=1 stonepick=1 pick=1 iron=0 buck=1
[03:12:09] [main/INFO] (Minecraft) [CHAT] §2§l§o[TenorClef] §rT2 [HIST] 9:29.9 SNAP ph=NETHER @21,49,-8 sky=0 wet=false ground=true pick=1 buck=2 iron=0 ore=4 rods=0 pearls=0 eyes=0 child=CollectBlazeRodsTask dbg=<Collect blaze rods - 0/6: [[blaze_rod] x 6]> Searching for fortress/Traveling around fortress mobs=none
[03:12:09] [main/INFO] (Minecraft) [CHAT] §2§l§o[TenorClef] §rT2 [NOW] t=9:30.2 ph=NETHER @20,48,-8 do=<Collect blaze rods - 0/6: [[blaze_rod] x 6]> Searching for fortress/Traveling around fortress eq=stone_sword woodpick=1 stonepick=1 pick=1 iron=0 buck=1
[03:12:10] [main/INFO] (Minecraft) [CHAT] §2§l§o[TenorClef] §rT2 [HB] t=9:30.3 ph=NETHER y=48 child=CollectBlazeRodsTask logs=0 pick=1 woodpick=1
[03:12:10] [main/INFO] (Minecraft) [CHAT] §2§l§o[TenorClef] §rT2 [NOW] t=9:31.2 ph=NETHER @19,50,-11 do=<Collect blaze rods - 0/6: [[blaze_rod] x 6]> Searching for fortress/Traveling around fortress eq=stone_sword woodpick=1 stonepick=1 pick=1 iron=0 buck=1
[03:12:11] [main/INFO] (Minecraft) [CHAT] §2§l§o[TenorClef] §rT2 [NOW] t=9:32.2 ph=NETHER @18,51,-14 do=<Collect blaze rods - 0/6: [[blaze_rod] x 6]> Searching for fortress/Traveling around fortress eq=stone_sword woodpick=1 stonepick=1 pick=1 iron=0 buck=1
[03:12:12] [main/INFO] (Minecraft) [CHAT] §2§l§o[TenorClef] §rT2 [HIST] 9:32.4 SNAP ph=NETHER @17,51,-15 sky=0 wet=false ground=true pick=1 buck=2 iron=0 ore=4 rods=0 pearls=0 eyes=0 child=CollectBlazeRodsTask dbg=<Collect blaze rods - 0/6: [[blaze_rod] x 6]> Searching for fortress/Traveling around fortress mobs=none
[03:12:12] [main/INFO] (Minecraft) [CHAT] §2§l§o[TenorClef] §rNew searcher: [-9, -13]
[03:12:12] [main/INFO] (Minecraft) [CHAT] §2§l§o[TenorClef] §rT2 [NOW] t=9:33.2 ph=NETHER @14,51,-17 do=<Collect blaze rods - 0/6: [[blaze_rod] x 6]> Searching for fortress/Traveling around fortress eq=stone_sword woodpick=1 stonepick=1 pick=1 iron=0 buck=1
[03:12:13] [pool-5-thread-4/INFO] (Minecraft) [STDOUT]: 805376 movements considered
[03:12:13] [pool-5-thread-4/INFO] (Minecraft) [STDOUT]: Open set size: 12885
[03:12:13] [pool-5-thread-4/INFO] (Minecraft) [STDOUT]: PathNode map size: 49493
[03:12:13] [pool-5-thread-4/INFO] (Minecraft) [STDOUT]: 73216 nodes per second
[03:12:13] [pool-5-thread-4/INFO] (Minecraft) [STDOUT]: Path goes for 56.444663166680336 blocks
[03:12:13] [main/INFO] (Minecraft) [CHAT] §2§l§o[TenorClef] §rT2 [NOW] t=9:34.2 ph=NETHER @13,51,-19 do=<Collect blaze rods - 0/6: [[blaze_rod] x 6]> Searching for fortress/Traveling around fortress eq=stone_sword woodpick=1 stonepick=1 pick=1 iron=0 buck=1
[03:12:14] [main/INFO] (Minecraft) [CHAT] §2§l§o[TenorClef] §rT2 [HIST] 9:34.9 SNAP ph=NETHER @10,51,-22 sky=0 wet=false ground=false pick=1 buck=2 iron=0 ore=4 rods=0 pearls=0 eyes=0 child=CollectBlazeRodsTask dbg=<Collect blaze rods - 0/6: [[blaze_rod] x 6]> Searching for fortress/Traveling around fortress mobs=none
[03:12:14] [main/INFO] (Minecraft) [CHAT] §2§l§o[TenorClef] §rT2 [NOW] t=9:35.2 ph=NETHER @9,52,-22 do=<Collect blaze rods - 0/6: [[blaze_rod] x 6]> Searching for fortress/Traveling around fortress eq=stone_sword woodpick=1 stonepick=1 pick=1 iron=0 buck=1
[03:12:15] [main/INFO] (Minecraft) [CHAT] §2§l§o[TenorClef] §rT2 [HB] t=9:35.3 ph=NETHER y=52 child=CollectBlazeRodsTask logs=0 pick=1 woodpick=1
[03:12:15] [main/INFO] (Minecraft) [CHAT] §2§l§o[TenorClef] §rT2 [NOW] t=9:36.2 ph=NETHER @5,52,-26 do=<Collect blaze rods - 0/6: [[blaze_rod] x 6]> Searching for fortress/Traveling around fortress eq=stone_sword woodpick=1 stonepick=1 pick=1 iron=0 buck=1
[03:12:16] [main/INFO] (Minecraft) [CHAT] §2§l§o[TenorClef] §rT2 [NOW] t=9:37.2 ph=NETHER @2,52,-28 do=<Collect blaze rods - 0/6: [[blaze_rod] x 6]> Searching for fortress/Traveling around fortress eq=stone_sword woodpick=1 stonepick=1 pick=1 iron=0 buck=1
[03:12:17] [main/INFO] (Minecraft) [CHAT] §2§l§o[TenorClef] §rT2 [HIST] 9:37.4 SNAP ph=NETHER @2,52,-28 sky=0 wet=false ground=true pick=1 buck=2 iron=0 ore=4 rods=0 pearls=0 eyes=0 child=CollectBlazeRodsTask dbg=<Collect blaze rods - 0/6: [[blaze_rod] x 6]> Searching for fortress/Traveling around fortress mobs=none
[03:12:17] [main/INFO] (Minecraft) [CHAT] §2§l§o[TenorClef] §rT2 [NOW] t=9:38.2 ph=NETHER @-1,52,-30 do=<Collect blaze rods - 0/6: [[blaze_rod] x 6]> Searching for fortress/Traveling around fortress eq=stone_sword woodpick=1 stonepick=1 pick=1 iron=0 buck=1
[03:12:18] [main/INFO] (Minecraft) [CHAT] §2§l§o[TenorClef] §rT2 [NOW] t=9:39.2 ph=NETHER @-3,53,-33 do=<Collect blaze rods - 0/6: [[blaze_rod] x 6]> Searching for fortress/Traveling around fortress eq=stone_sword woodpick=1 stonepick=1 pick=1 iron=0 buck=1
[03:12:19] [main/INFO] (Minecraft) [CHAT] §2§l§o[TenorClef] §rT2 [HIST] 9:39.9 SNAP ph=NETHER @-3,53,-35 sky=0 wet=false ground=true pick=1 buck=2 iron=0 ore=4 rods=0 pearls=0 eyes=0 child=CollectBlazeRodsTask dbg=<Collect blaze rods - 0/6: [[blaze_rod] x 6]> Searching for fortress/Traveling around fortress mobs=none
[03:12:19] [pool-5-thread-4/INFO] (Minecraft) [STDOUT]: 613888 movements considered
[03:12:19] [pool-5-thread-4/INFO] (Minecraft) [STDOUT]: Open set size: 11174
[03:12:19] [pool-5-thread-4/INFO] (Minecraft) [STDOUT]: PathNode map size: 39078
[03:12:19] [pool-5-thread-4/INFO] (Minecraft) [STDOUT]: 55808 nodes per second
[03:12:19] [pool-5-thread-4/INFO] (Minecraft) [STDOUT]: Path goes for 117.5627492022877 blocks
[03:12:19] [main/INFO] (Minecraft) [CHAT] §2§l§o[TenorClef] §rT2 [NOW] t=9:40.2 ph=NETHER @-3,53,-35 do=<Collect blaze rods - 0/6: [[blaze_rod] x 6]> Searching for fortress/Traveling around fortress eq=stone_sword woodpick=1 stonepick=1 pick=1 iron=0 buck=1
[03:12:20] [main/INFO] (Minecraft) [CHAT] §2§l§o[TenorClef] §rT2 [HB] t=9:40.3 ph=NETHER y=53 child=CollectBlazeRodsTask logs=0 pick=1 woodpick=1
[03:12:20] [main/INFO] (Minecraft) [CHAT] §2§l§o[TenorClef] §rT2 [NOW] t=9:41.2 ph=NETHER @-4,54,-38 do=<Collect blaze rods - 0/6: [[blaze_rod] x 6]> Searching for fortress/Traveling around fortress eq=stone_sword woodpick=1 stonepick=1 pick=1 iron=0 buck=1
[03:12:21] [main/INFO] (Minecraft) [CHAT] §2§l§o[TenorClef] §rT2 [NOW] t=9:42.2 ph=NETHER @-5,54,-43 do=<Collect blaze rods - 0/6: [[blaze_rod] x 6]> Searching for fortress/Traveling around fortress eq=stone_sword woodpick=1 stonepick=1 pick=1 iron=0 buck=1
[03:12:22] [main/INFO] (Minecraft) [CHAT] §2§l§o[TenorClef] §rT2 [HIST] 9:42.4 SNAP ph=NETHER @-6,54,-44 sky=0 wet=false ground=true pick=1 buck=2 iron=0 ore=4 rods=0 pearls=0 eyes=0 child=CollectBlazeRodsTask dbg=<Collect blaze rods - 0/6: [[blaze_rod] x 6]> Searching for fortress/Traveling around fortress mobs=none
[03:12:22] [main/INFO] (Minecraft) [CHAT] §2§l§o[TenorClef] §rT2 [NOW] t=9:43.2 ph=NETHER @-7,54,-45 do=<Collect blaze rods - 0/6: [[blaze_rod] x 6]> Searching for fortress/Traveling around fortress eq=stone_sword woodpick=1 stonepick=1 pick=1 iron=0 buck=1
[03:12:23] [main/INFO] (Minecraft) [STDOUT]: ALTO CLEF: WARNING: T2 [S149] blaze search latched for 120s rods=0/6 child=CollectBlazeRodsTask
[03:12:23] [main/INFO] (Minecraft) [CHAT] §2§l§o[TenorClef] §cT2 [S149] blaze search latched for 120s rods=0/6 child=CollectBlazeRodsTask§r
[03:12:23] [main/INFO] (Minecraft) [CHAT] §2§l§o[TenorClef] §rT2 [HIST] 9:44.0 FORCE S149 blaze search latched for 120s rods=0/6 child=CollectBlazeRodsTask
[03:12:23] [main/INFO] (Minecraft) [CHAT] §2§l§o[TenorClef] §rT2 [NOW] t=9:44.2 ph=NETHER @-9,55,-49 do=<Collect blaze rods - 0/6: [[blaze_rod] x 6]> Searching for fortress/Traveling around fortress eq=stone_sword woodpick=1 stonepick=1 pick=1 iron=0 buck=1
[03:12:24] [main/INFO] (Minecraft) [CHAT] §2§l§o[TenorClef] §rT2 [HIST] 9:44.9 SNAP ph=NETHER @-10,55,-49 sky=0 wet=false ground=true pick=1 buck=2 iron=0 ore=4 rods=0 pearls=0 eyes=0 child=CollectBlazeRodsTask dbg=<Collect blaze rods - 0/6: [[blaze_rod] x 6]> Searching for fortress/Traveling around fortress mobs=none
[03:12:24] [pool-5-thread-4/INFO] (Minecraft) [STDOUT]: 578688 movements considered
[03:12:24] [pool-5-thread-4/INFO] (Minecraft) [STDOUT]: Open set size: 12121
[03:12:24] [pool-5-thread-4/INFO] (Minecraft) [STDOUT]: PathNode map size: 38425
[03:12:24] [pool-5-thread-4/INFO] (Minecraft) [STDOUT]: 52502 nodes per second
[03:12:24] [pool-5-thread-4/INFO] (Minecraft) [STDOUT]: Path goes for 102.33279044372826 blocks
[03:12:24] [main/INFO] (Minecraft) [CHAT] §2§l§o[TenorClef] §rT2 [NOW] t=9:45.2 ph=NETHER @-11,55,-50 do=<Collect blaze rods - 0/6: [[blaze_rod] x 6]> Searching for fortress/Traveling around fortress eq=stone_sword woodpick=1 stonepick=1 pick=1 iron=0 buck=1
[03:12:25] [main/INFO] (Minecraft) [CHAT] §2§l§o[TenorClef] §rT2 [HB] t=9:45.3 ph=NETHER y=55 child=CollectBlazeRodsTask logs=0 pick=1 woodpick=1
[03:12:25] [main/INFO] (Minecraft) [STDOUT]: ALTO CLEF: WARNING: T2 [S194] dig-down in progress y=54 child=CollectBlazeRodsTask - pillar/jump nudges stand aside
[03:12:25] [main/INFO] (Minecraft) [CHAT] §2§l§o[TenorClef] §cT2 [S194] dig-down in progress y=54 child=CollectBlazeRodsTask - pillar/jump nudges stand aside§r
[03:12:25] [main/INFO] (Minecraft) [CHAT] §2§l§o[TenorClef] §rT2 [HIST] 9:46.0 SOLVE S194 dig-down in progress y=54 child=CollectBlazeRodsTask - pillar/jump nudges stand aside
[03:12:25] [main/INFO] (Minecraft) [CHAT] §2§l§o[TenorClef] §rT2 [NOW] t=9:46.2 ph=NETHER @-14,54,-52 do=<Collect blaze rods - 0/6: [[blaze_rod] x 6]> Searching for fortress/Traveling around fortress eq=stone_sword woodpick=1 stonepick=1 pick=1 iron=0 buck=1
[03:12:26] [pool-5-thread-4/INFO] (Minecraft) [STDOUT]: 770176 movements considered
[03:12:26] [pool-5-thread-4/INFO] (Minecraft) [STDOUT]: Open set size: 15976
[03:12:26] [pool-5-thread-4/INFO] (Minecraft) [STDOUT]: PathNode map size: 50984
[03:12:26] [pool-5-thread-4/INFO] (Minecraft) [STDOUT]: 70016 nodes per second
[03:12:26] [pool-5-thread-4/INFO] (Minecraft) [STDOUT]: Path goes for 129.00775170508166 blocks
[03:12:26] [main/INFO] (Minecraft) [CHAT] §2§l§o[TenorClef] §rT2 [NOW] t=9:47.2 ph=NETHER @-15,54,-52 do=<Collect blaze rods - 0/6: [[blaze_rod] x 6]> Going to blaze spawner eq=iron_pickaxe woodpick=1 stonepick=1 pick=1 iron=0 buck=1
[03:12:27] [main/INFO] (Minecraft) [CHAT] §2§l§o[TenorClef] §rT2 [HIST] 9:47.4 SNAP ph=NETHER @-15,53,-52 sky=0 wet=false ground=false pick=1 buck=2 iron=0 ore=4 rods=0 pearls=0 eyes=0 child=CollectBlazeRodsTask dbg=<Collect blaze rods - 0/6: [[blaze_rod] x 6]> Going to blaze spawner mobs=none
[03:12:27] [pool-5-thread-4/INFO] (Minecraft) [STDOUT]: 825088 movements considered
[03:12:27] [pool-5-thread-4/INFO] (Minecraft) [STDOUT]: Open set size: 17080
[03:12:27] [pool-5-thread-4/INFO] (Minecraft) [STDOUT]: PathNode map size: 54584
[03:12:27] [pool-5-thread-4/INFO] (Minecraft) [STDOUT]: 74858 nodes per second
[03:12:27] [pool-5-thread-4/INFO] (Minecraft) [STDOUT]: Path goes for 130.36103712382777 blocks
[03:12:27] [main/INFO] (Minecraft) [CHAT] §2§l§o[TenorClef] §rT2 [NOW] t=9:48.2 ph=NETHER @-14,53,-52 do=<Collect blaze rods - 0/6: [[blaze_rod] x 6]> Going to blaze spawner eq=iron_pickaxe woodpick=1 stonepick=1 pick=1 iron=0 buck=1
[03:12:28] [main/INFO] (Minecraft) [CHAT] §2§l§o[TenorClef] §rT2 [NOW] t=9:49.2 ph=NETHER @-14,51,-52 do=<Collect blaze rods - 0/6: [[blaze_rod] x 6]> Going to blaze spawner eq=iron_pickaxe woodpick=1 stonepick=1 pick=1 iron=0 buck=1
[03:12:29] [main/INFO] (Minecraft) [CHAT] §2§l§o[TenorClef] §rT2 [HIST] 9:49.9 SNAP ph=NETHER @-14,51,-52 sky=0 wet=false ground=true pick=1 buck=2 iron=0 ore=4 rods=0 pearls=0 eyes=0 child=CollectBlazeRodsTask dbg=<Collect blaze rods - 0/6: [[blaze_rod] x 6]> Going to blaze spawner mobs=none
[03:12:29] [main/INFO] (Minecraft) [CHAT] §2§l§o[TenorClef] §rT2 [NOW] t=9:50.2 ph=NETHER @-15,50,-52 do=<Collect blaze rods - 0/6: [[blaze_rod] x 6]> Going to blaze spawner eq=stone_sword woodpick=1 stonepick=1 pick=1 iron=0 buck=1
[03:12:30] [main/INFO] (Minecraft) [CHAT] §2§l§o[TenorClef] §rT2 [HB] t=9:50.3 ph=NETHER y=49 child=CollectBlazeRodsTask logs=0 pick=1 woodpick=1
[03:12:30] [Server thread/INFO] (Minecraft) Player433 has completed the challenge [Return to Sender]
[03:12:30] [Server thread/INFO] (Minecraft) Player433 has made the advancement [Monster Hunter]
[03:12:30] [main/INFO] (Minecraft) [CHAT] Player433 has completed the challenge [Return to Sender]
[03:12:30] [main/INFO] (Minecraft) [CHAT] Player433 has made the advancement [Monster Hunter]
[03:12:30] [main/INFO] (Minecraft) Loaded 204 advancements
[03:12:30] [main/INFO] (Minecraft) [CHAT] §2§l§o[TenorClef] §rT2 [NOW] t=9:51.2 ph=NETHER @-16,45,-52 do=<Collect blaze rods - 0/6: [[blaze_rod] x 6]> Going to blaze spawner eq=stone_sword woodpick=1 stonepick=1 pick=1 iron=0 buck=1
[03:12:31] [main/INFO] (Minecraft) [CHAT] §2§l§o[TenorClef] §rRefreshed inventory...
[03:12:31] [main/INFO] (Minecraft) [CHAT] §2§l§o[TenorClef] §rT2 [NOW] t=9:52.2 ph=NETHER @-18,45,-57 do=<Collect blaze rods - 0/6: [[blaze_rod] x 6]> Going to blaze spawner eq=stone_sword woodpick=1 stonepick=1 pick=1 iron=0 buck=1
[03:12:32] [main/INFO] (Minecraft) [CHAT] §2§l§o[TenorClef] §rT2 [HIST] 9:52.4 SNAP ph=NETHER @-18,45,-58 sky=0 wet=false ground=true pick=1 buck=2 iron=0 ore=4 rods=0 pearls=0 eyes=0 child=CollectBlazeRodsTask dbg=<Collect blaze rods - 0/6: [[blaze_rod] x 6]> Going to blaze spawner mobs=none
[03:12:32] [main/INFO] (Minecraft) [STDOUT]: ALTO CLEF: WARNING: T2 [E118] CollectBlazeRodsTask 90s no inv change ph=NETHER
[03:12:32] [main/INFO] (Minecraft) [CHAT] §2§l§o[TenorClef] §cT2 [E118] CollectBlazeRodsTask 90s no inv change ph=NETHER§r
[03:12:32] [main/INFO] (Minecraft) [CHAT] §2§l§o[TenorClef] §rT2 [HIST] 9:53.1 [E118] CollectBlazeRodsTask 90s no inv change ph=NETHER
[03:12:32] [main/INFO] (Minecraft) [CHAT] §2§l§o[TenorClef] §rT2 [NOW] t=9:53.2 ph=NETHER @-18,45,-62 do=<Collect blaze rods - 0/6: [[blaze_rod] x 6]> Going to blaze spawner eq=stone_sword woodpick=1 stonepick=1 pick=1 iron=0 buck=1
[03:12:33] [main/INFO] (Minecraft) [STDOUT]: ALTO CLEF: WARNING: T2 [E110] piglin near, no gold helm
[03:12:33] [main/INFO] (Minecraft) [CHAT] §2§l§o[TenorClef] §cT2 [E110] piglin near, no gold helm§r
[03:12:33] [main/INFO] (Minecraft) [CHAT] §2§l§o[TenorClef] §rT2 [HIST] 9:53.3 [E110] piglin near, no gold helm
[03:12:33] [main/INFO] (Minecraft) [STDOUT]: ALTO CLEF: WARNING: T2 [S110] piglin nearby, no gold helm (overlay only)
[03:12:33] [main/INFO] (Minecraft) [CHAT] §2§l§o[TenorClef] §cT2 [S110] piglin nearby, no gold helm (overlay only)§r
[03:12:33] [main/INFO] (Minecraft) [CHAT] §2§l§o[TenorClef] §rT2 [HIST] 9:53.3 SOLVE S110 piglin nearby, no gold helm (overlay only)
[03:12:33] [main/INFO] (Minecraft) [CHAT] §2§l§o[TenorClef] §rT2 [NOW] t=9:54.2 ph=NETHER @-22,45,-66 do=<Collect blaze rods - 0/6: [[blaze_rod] x 6]> Going to blaze spawner eq=stone_sword woodpick=1 stonepick=1 pick=1 iron=0 buck=1
[03:12:34] [main/INFO] (Minecraft) [CHAT] §2§l§o[TenorClef] §rT2 [HIST] 9:54.9 SNAP ph=NETHER @-25,45,-69 sky=0 wet=false ground=true pick=1 buck=2 iron=0 ore=4 rods=0 pearls=0 eyes=0 child=CollectBlazeRodsTask dbg=<Collect blaze rods - 0/6: [[blaze_rod] x 6]> Going to blaze spawner mobs=none
[03:12:34] [main/INFO] (Minecraft) [CHAT] §2§l§o[TenorClef] §rT2 [NOW] t=9:55.2 ph=NETHER @-26,45,-70 do=<Collect blaze rods - 0/6: [[blaze_rod] x 6]> Going to blaze spawner eq=stone_sword woodpick=1 stonepick=1 pick=1 iron=0 buck=1
[03:12:35] [main/INFO] (Minecraft) [CHAT] §2§l§o[TenorClef] §rT2 [HB] t=9:55.3 ph=NETHER y=45 child=CollectBlazeRodsTask logs=0 pick=1 woodpick=1
[03:12:35] [main/INFO] (Minecraft) [CHAT] §2§l§o[TenorClef] §rT2 [NOW] t=9:56.2 ph=NETHER @-31,45,-73 do=<Collect blaze rods - 0/6: [[blaze_rod] x 6]> Going to blaze spawner eq=stone_sword woodpick=1 stonepick=1 pick=1 iron=0 buck=1
[03:12:36] [main/INFO] (Minecraft) [CHAT] §2§l§o[TenorClef] §rT2 [NOW] t=9:57.2 ph=NETHER @-35,45,-75 do=<Collect blaze rods - 0/6: [[blaze_rod] x 6]> Going to blaze spawner eq=stone_sword woodpick=1 stonepick=1 pick=1 iron=0 buck=1
[03:12:37] [main/INFO] (Minecraft) [CHAT] §2§l§o[TenorClef] §rT2 [HIST] 9:57.4 SNAP ph=NETHER @-36,45,-76 sky=0 wet=false ground=true pick=1 buck=2 iron=0 ore=4 rods=0 pearls=0 eyes=0 child=CollectBlazeRodsTask dbg=<Collect blaze rods - 0/6: [[blaze_rod] x 6]> Going to blaze spawner mobs=none
[03:12:37] [main/INFO] (Minecraft) [CHAT] §2§l§o[TenorClef] §rT2 [HIST] 9:57.4 [E110] piglin near, no gold helm
[03:12:37] [main/INFO] (Minecraft) [CHAT] §2§l§o[TenorClef] §rT2 [NOW] t=9:58.2 ph=NETHER @-39,45,-80 do=<Collect blaze rods - 0/6: [[blaze_rod] x 6]> Going to blaze spawner eq=stone_sword woodpick=1 stonepick=1 pick=1 iron=0 buck=1
[03:12:38] [main/INFO] (Minecraft) [STDOUT]: ALTO CLEF: WARNING: T2 [E110] piglin near, no gold helm
[03:12:38] [main/INFO] (Minecraft) [CHAT] §2§l§o[TenorClef] §cT2 [E110] piglin near, no gold helm§r
[03:12:38] [main/INFO] (Minecraft) [CHAT] §2§l§o[TenorClef] §rT2 [NOW] t=9:59.2 ph=NETHER @-43,45,-83 do=<Collect blaze rods - 0/6: [[blaze_rod] x 6]> Going to blaze spawner eq=stone_sword woodpick=1 stonepick=1 pick=1 iron=0 buck=1
[03:12:39] [main/INFO] (Minecraft) [STDOUT]: ALTO CLEF: WARNING: T2 [S110] piglin nearby, no gold helm (overlay only)
[03:12:39] [main/INFO] (Minecraft) [CHAT] §2§l§o[TenorClef] §cT2 [S110] piglin nearby, no gold helm (overlay only)§r
[03:12:39] [main/INFO] (Minecraft) [CHAT] §2§l§o[TenorClef] §rT2 [HIST] 9:59.3 SOLVE S110 piglin nearby, no gold helm (overlay only)
[03:12:39] [main/INFO] (Minecraft) [CHAT] §2§l§o[TenorClef] §rT2 [HIST] 9:59.9 SNAP ph=NETHER @-45,45,-85 sky=0 wet=false ground=true pick=1 buck=2 iron=0 ore=4 rods=0 pearls=0 eyes=0 child=CollectBlazeRodsTask dbg=<Collect blaze rods - 0/6: [[blaze_rod] x 6]> Going to blaze spawner mobs=none
[03:12:39] [main/INFO] (Minecraft) [CHAT] §2§l§o[TenorClef] §rT2 [NOW] t=10:00.2 ph=NETHER @-46,45,-85 do=<Collect blaze rods - 0/6: [[blaze_rod] x 6]> Going to blaze spawner eq=stone_sword woodpick=1 stonepick=1 pick=1 iron=0 buck=1
[03:12:40] [main/INFO] (Minecraft) [CHAT] §2§l§o[TenorClef] §rT2 [HB] t=10:00.3 ph=NETHER y=45 child=CollectBlazeRodsTask logs=0 pick=1 woodpick=1
[03:12:40] [main/INFO] (Minecraft) [CHAT] §2§l§o[TenorClef] §rT2 [NOW] t=10:01.2 ph=NETHER @-47,45,-90 do=<Collect blaze rods - 0/6: [[blaze_rod] x 6]> Going to blaze spawner eq=stone_sword woodpick=1 stonepick=1 pick=1 iron=0 buck=1
[03:12:41] [main/INFO] (Minecraft) [CHAT] §2§l§o[TenorClef] §rT2 [NOW] t=10:02.2 ph=NETHER @-48,46,-93 do=<Collect blaze rods - 0/6: [[blaze_rod] x 6]> Going to blaze spawner eq=stone_sword woodpick=1 stonepick=1 pick=1 iron=0 buck=1
[03:12:42] [main/INFO] (Minecraft) [CHAT] §2§l§o[TenorClef] §rT2 [HIST] 10:02.4 SNAP ph=NETHER @-48,46,-94 sky=0 wet=false ground=true pick=1 buck=2 iron=0 ore=4 rods=0 pearls=0 eyes=0 child=CollectBlazeRodsTask dbg=<Collect blaze rods - 0/6: [[blaze_rod] x 6]> Going to blaze spawner mobs=none
[03:12:42] [main/INFO] (Minecraft) [CHAT] §2§l§o[TenorClef] §rT2 [NOW] t=10:03.2 ph=NETHER @-50,48,-95 do=<Collect blaze rods - 0/6: [[blaze_rod] x 6]> Going to blaze spawner eq=stone_sword woodpick=1 stonepick=1 pick=1 iron=0 buck=1
[03:12:43] [main/INFO] (Minecraft) [CHAT] §2§l§o[TenorClef] §rT2 [NOW] t=10:04.2 ph=NETHER @-52,49,-96 do=<Collect blaze rods - 0/6: [[blaze_rod] x 6]> Going to blaze spawner eq=stone_sword woodpick=1 stonepick=1 pick=1 iron=0 buck=1
[03:12:44] [main/INFO] (Minecraft) [CHAT] §2§l§o[TenorClef] §rT2 [HIST] 10:04.9 SNAP ph=NETHER @-56,49,-96 sky=0 wet=false ground=true pick=1 buck=2 iron=0 ore=4 rods=0 pearls=0 eyes=0 child=CollectBlazeRodsTask dbg=<Collect blaze rods - 0/6: [[blaze_rod] x 6]> Going to blaze spawner mobs=none
[03:12:44] [main/INFO] (Minecraft) [CHAT] §2§l§o[TenorClef] §rT2 [NOW] t=10:05.2 ph=NETHER @-57,49,-97 do=<Collect blaze rods - 0/6: [[blaze_rod] x 6]> Going to blaze spawner eq=stone_sword woodpick=1 stonepick=1 pick=1 iron=0 buck=1
[03:12:45] [main/INFO] (Minecraft) [CHAT] §2§l§o[TenorClef] §rT2 [HB] t=10:05.3 ph=NETHER y=49 child=CollectBlazeRodsTask logs=0 pick=1 woodpick=1
[03:12:45] [main/INFO] (Minecraft) [STDOUT]: ALTO CLEF: WARNING: T2 [S194] dig-down in progress y=48 child=CollectBlazeRodsTask - pillar/jump nudges stand aside
[03:12:45] [main/INFO] (Minecraft) [CHAT] §2§l§o[TenorClef] §cT2 [S194] dig-down in progress y=48 child=CollectBlazeRodsTask - pillar/jump nudges stand aside§r
[03:12:45] [main/INFO] (Minecraft) [CHAT] §2§l§o[TenorClef] §rT2 [HIST] 10:06.0 SOLVE S194 dig-down in progress y=48 child=CollectBlazeRodsTask - pillar/jump nudges stand aside
[03:12:45] [main/INFO] (Minecraft) [CHAT] §2§l§o[TenorClef] §rT2 [NOW] t=10:06.2 ph=NETHER @-62,48,-100 do=<Collect blaze rods - 0/6: [[blaze_rod] x 6]> Going to blaze spawner eq=stone_sword woodpick=1 stonepick=1 pick=1 iron=0 buck=1
[03:12:46] [main/INFO] (Minecraft) Loaded 204 advancements
[03:12:46] [main/INFO] (Minecraft) [CHAT] §2§l§o[TenorClef] §rT2 [NOW] t=10:07.2 ph=NETHER @-65,48,-104 do=<Collect blaze rods - 0/6: [[blaze_rod] x 6]> Going to blaze spawner eq=stone_sword woodpick=1 stonepick=1 pick=1 iron=0 buck=1
[03:12:47] [main/INFO] (Minecraft) [CHAT] §2§l§o[TenorClef] §rT2 [HIST] 10:07.4 SNAP ph=NETHER @-66,48,-104 sky=0 wet=false ground=true pick=1 buck=2 iron=0 ore=4 rods=0 pearls=0 eyes=0 child=CollectBlazeRodsTask dbg=<Collect blaze rods - 0/6: [[blaze_rod] x 6]> Going to blaze spawner mobs=none
[03:12:47] [main/INFO] (Minecraft) [CHAT] §2§l§o[TenorClef] §rT2 [NOW] t=10:08.2 ph=NETHER @-71,48,-104 do=<Collect blaze rods - 0/6: [[blaze_rod] x 6]> Going to blaze spawner eq=stone_sword woodpick=1 stonepick=1 pick=1 iron=0 buck=1
[03:12:48] [main/INFO] (Minecraft) [CHAT] §2§l§o[TenorClef] §rT2 [NOW] t=10:09.2 ph=NETHER @-77,48,-104 do=<Collect blaze rods - 0/6: [[blaze_rod] x 6]> Going to blaze spawner eq=stone_sword woodpick=1 stonepick=1 pick=1 iron=0 buck=1
[03:12:49] [main/INFO] (Minecraft) [CHAT] §2§l§o[TenorClef] §rT2 [HIST] 10:09.9 SNAP ph=NETHER @-80,48,-104 sky=0 wet=false ground=true pick=1 buck=2 iron=0 ore=4 rods=0 pearls=0 eyes=0 child=CollectBlazeRodsTask dbg=<Collect blaze rods - 0/6: [[blaze_rod] x 6]> Going to blaze spawner mobs=none
[03:12:49] [main/INFO] (Minecraft) [CHAT] §2§l§o[TenorClef] §rT2 [NOW] t=10:10.2 ph=NETHER @-82,48,-104 do=<Collect blaze rods - 0/6: [[blaze_rod] x 6]> Going to blaze spawner eq=stone_sword woodpick=1 stonepick=1 pick=1 iron=0 buck=1
[03:12:50] [main/INFO] (Minecraft) [CHAT] §2§l§o[TenorClef] §rT2 [HB] t=10:10.3 ph=NETHER y=48 child=CollectBlazeRodsTask logs=0 pick=1 woodpick=1
[03:12:50] [main/INFO] (Minecraft) [CHAT] §2§l§o[TenorClef] §rT2 [NOW] t=10:11.2 ph=NETHER @-88,49,-105 do=<Collect blaze rods - 0/6: [[blaze_rod] x 6]> Going to blaze spawner eq=stone_sword woodpick=1 stonepick=1 pick=1 iron=0 buck=1
[03:12:51] [main/INFO] (Minecraft) [CHAT] §2§l§o[TenorClef] §rT2 [NOW] t=10:12.2 ph=NETHER @-91,49,-110 do=<Collect blaze rods - 0/6: [[blaze_rod] x 6]> Going to blaze spawner eq=stone_sword woodpick=1 stonepick=1 pick=1 iron=0 buck=1
[03:12:52] [main/INFO] (Minecraft) [CHAT] §2§l§o[TenorClef] §rT2 [HIST] 10:12.4 SNAP ph=NETHER @-92,49,-111 sky=0 wet=false ground=true pick=1 buck=2 iron=0 ore=4 rods=0 pearls=0 eyes=0 child=CollectBlazeRodsTask dbg=<Collect blaze rods - 0/6: [[blaze_rod] x 6]> Going to blaze spawner mobs=none
[03:12:52] [main/INFO] (Minecraft) [CHAT] §2§l§o[TenorClef] §rT2 [NOW] t=10:13.2 ph=NETHER @-95,50,-112 do=<Collect blaze rods - 0/6: [[blaze_rod] x 6]> Going to blaze spawner eq=stone_sword woodpick=1 stonepick=1 pick=1 iron=0 buck=1
[03:12:53] [main/WARN] (Minecraft) Received passengers for unknown entity
[03:12:53] [main/WARN] (Minecraft) Received passengers for unknown entity
[03:12:53] [main/INFO] (Minecraft) [CHAT] §2§l§o[TenorClef] §rT2 [NOW] t=10:14.2 ph=NETHER @-97,52,-114 do=<Collect blaze rods - 0/6: [[blaze_rod] x 6]> Going to blaze spawner eq=stone_sword woodpick=1 stonepick=1 pick=1 iron=0 buck=1
[03:12:54] [pool-5-thread-4/INFO] (Minecraft) [STDOUT]: 3190528 movements considered
[03:12:54] [pool-5-thread-4/INFO] (Minecraft) [STDOUT]: Open set size: 24053
[03:12:54] [pool-5-thread-4/INFO] (Minecraft) [STDOUT]: PathNode map size: 169076
[03:12:54] [pool-5-thread-4/INFO] (Minecraft) [STDOUT]: 36256 nodes per second
[03:12:54] [pool-5-thread-4/INFO] (Minecraft) [STDOUT]: Path goes for 36.24913792078372 blocks
[03:12:54] [main/INFO] (Minecraft) [CHAT] §2§l§o[TenorClef] §rT2 [HIST] 10:14.9 SNAP ph=NETHER @-97,52,-117 sky=0 wet=false ground=true pick=1 buck=2 iron=0 ore=4 rods=0 pearls=0 eyes=0 child=CollectBlazeRodsTask dbg=<Collect blaze rods - 0/6: [[blaze_rod] x 6]> Going to blaze spawner mobs=none
[03:12:54] [main/INFO] (Minecraft) [CHAT] §2§l§o[TenorClef] §rT2 [NOW] t=10:15.2 ph=NETHER @-98,52,-119 do=<Collect blaze rods - 0/6: [[blaze_rod] x 6]> Going to blaze spawner eq=stone_sword woodpick=1 stonepick=1 pick=1 iron=0 buck=1
[03:12:55] [main/INFO] (Minecraft) [CHAT] §2§l§o[TenorClef] §rT2 [HB] t=10:15.3 ph=NETHER y=52 child=CollectBlazeRodsTask logs=0 pick=1 woodpick=1
[03:12:55] [main/INFO] (Minecraft) [CHAT] §2§l§o[TenorClef] §rT2 [NOW] t=10:16.2 ph=NETHER @-99,53,-123 do=<Collect blaze rods - 0/6: [[blaze_rod] x 6]> Going to blaze spawner eq=stone_sword woodpick=1 stonepick=1 pick=1 iron=0 buck=1
[03:12:56] [main/INFO] (Minecraft) [CHAT] §2§l§o[TenorClef] §rT2 [NOW] t=10:17.2 ph=NETHER @-102,53,-126 do=<Collect blaze rods - 0/6: [[blaze_rod] x 6]> Going to blaze spawner eq=stone_sword woodpick=1 stonepick=1 pick=1 iron=0 buck=1
[03:12:57] [main/INFO] (Minecraft) [CHAT] §2§l§o[TenorClef] §rT2 [HIST] 10:17.4 SNAP ph=NETHER @-103,53,-127 sky=0 wet=false ground=true pick=1 buck=2 iron=0 ore=4 rods=0 pearls=0 eyes=0 child=CollectBlazeRodsTask dbg=<Collect blaze rods - 0/6: [[blaze_rod] x 6]> Going to blaze spawner mobs=none
[03:12:57] [main/INFO] (Minecraft) [CHAT] §2§l§o[TenorClef] §rT2 [NOW] t=10:18.2 ph=NETHER @-104,54,-129 do=<Collect blaze rods - 0/6: [[blaze_rod] x 6]> Going to blaze spawner eq=stone_sword woodpick=1 stonepick=1 pick=1 iron=0 buck=1
[03:12:58] [main/INFO] (Minecraft) [CHAT] §2§l§o[TenorClef] §rT2 [NOW] t=10:19.2 ph=NETHER @-107,56,-130 do=<Collect blaze rods - 0/6: [[blaze_rod] x 6]> Going to blaze spawner eq=stone_sword woodpick=1 stonepick=1 pick=1 iron=0 buck=1
[03:12:59] [main/INFO] (Minecraft) [CHAT] §2§l§o[TenorClef] §rT2 [HIST] 10:19.9 SNAP ph=NETHER @-107,56,-133 sky=0 wet=false ground=true pick=1 buck=2 iron=0 ore=4 rods=0 pearls=0 eyes=0 child=CollectBlazeRodsTask dbg=<Collect blaze rods - 0/6: [[blaze_rod] x 6]> Going to blaze spawner mobs=none
[03:12:59] [main/INFO] (Minecraft) [CHAT] §2§l§o[TenorClef] §rT2 [NOW] t=10:20.2 ph=NETHER @-108,56,-133 do=<Collect blaze rods - 0/6: [[blaze_rod] x 6]> Going to blaze spawner eq=stone_sword woodpick=1 stonepick=1 pick=1 iron=0 buck=1
[03:13:00] [main/INFO] (Minecraft) [CHAT] §2§l§o[TenorClef] §rT2 [HB] t=10:20.3 ph=NETHER y=56 child=CollectBlazeRodsTask logs=0 pick=1 woodpick=1
[03:13:00] [main/INFO] (Minecraft) [CHAT] §2§l§o[TenorClef] §rT2 [NOW] t=10:21.2 ph=NETHER @-110,56,-137 do=<Collect blaze rods - 0/6: [[blaze_rod] x 6]> Going to blaze spawner eq=stone_sword woodpick=1 stonepick=1 pick=1 iron=0 buck=1
[03:13:01] [main/INFO] (Minecraft) [CHAT] §2§l§o[TenorClef] §rRefreshed inventory...
[03:13:01] [main/INFO] (Minecraft) [CHAT] §2§l§o[TenorClef] §rT2 [NOW] t=10:22.2 ph=NETHER @-111,56,-140 do=<Collect blaze rods - 0/6: [[blaze_rod] x 6]> Going to blaze spawner eq=stone_sword woodpick=1 stonepick=1 pick=1 iron=0 buck=1
[03:13:02] [main/INFO] (Minecraft) [CHAT] §2§l§o[TenorClef] §rT2 [HIST] 10:22.4 SNAP ph=NETHER @-112,56,-140 sky=0 wet=false ground=true pick=1 buck=2 iron=0 ore=4 rods=0 pearls=0 eyes=0 child=CollectBlazeRodsTask dbg=<Collect blaze rods - 0/6: [[blaze_rod] x 6]> Going to blaze spawner mobs=none
[03:13:02] [main/INFO] (Minecraft) [CHAT] §2§l§o[TenorClef] §rT2 [NOW] t=10:23.2 ph=NETHER @-113,56,-142 do=<Collect blaze rods - 0/6: [[blaze_rod] x 6]> Going to blaze spawner eq=stone_sword woodpick=1 stonepick=1 pick=1 iron=0 buck=1
[03:13:03] [main/INFO] (Minecraft) [CHAT] §2§l§o[TenorClef] §rT2 [NOW] t=10:24.2 ph=NETHER @-115,56,-145 do=<Collect blaze rods - 0/6: [[blaze_rod] x 6]> Going to blaze spawner eq=stone_sword woodpick=1 stonepick=1 pick=1 iron=0 buck=1
[03:13:04] [pool-5-thread-4/INFO] (Minecraft) [STDOUT]: 3833984 movements considered
[03:13:04] [pool-5-thread-4/INFO] (Minecraft) [STDOUT]: Open set size: 26238
[03:13:04] [pool-5-thread-4/INFO] (Minecraft) [STDOUT]: PathNode map size: 200509
[03:13:04] [pool-5-thread-4/INFO] (Minecraft) [STDOUT]: 43513 nodes per second
[03:13:04] [pool-5-thread-4/INFO] (Minecraft) [STDOUT]: Path goes for 27.964262908219126 blocks
[03:13:04] [main/INFO] (Minecraft) [STDOUT]: ALTO CLEF: WARNING: T2 [S194] dig-down in progress y=55 child=CollectBlazeRodsTask - pillar/jump nudges stand aside
[03:13:04] [main/INFO] (Minecraft) [CHAT] §2§l§o[TenorClef] §cT2 [S194] dig-down in progress y=55 child=CollectBlazeRodsTask - pillar/jump nudges stand aside§r
[03:13:04] [main/INFO] (Minecraft) [CHAT] §2§l§o[TenorClef] §rT2 [HIST] 10:24.6 SOLVE S194 dig-down in progress y=55 child=CollectBlazeRodsTask - pillar/jump nudges stand aside
[03:13:04] [main/INFO] (Minecraft) [CHAT] §2§l§o[TenorClef] §rT2 [HIST] 10:24.9 SNAP ph=NETHER @-116,55,-147 sky=0 wet=false ground=true pick=1 buck=2 iron=0 ore=4 rods=0 pearls=0 eyes=0 child=CollectBlazeRodsTask dbg=<Collect blaze rods - 0/6: [[blaze_rod] x 6]> Going to blaze spawner mobs=none
[03:13:04] [pool-5-thread-2/INFO] (Minecraft) [STDOUT]: World save took 0ms
[03:13:04] [main/INFO] (Minecraft) [CHAT] §2§l§o[TenorClef] §rT2 [NOW] t=10:25.2 ph=NETHER @-116,55,-148 do=<Collect blaze rods - 0/6: [[blaze_rod] x 6]> Going to blaze spawner eq=stone_sword woodpick=1 stonepick=1 pick=1 iron=0 buck=1
[03:13:05] [main/INFO] (Minecraft) [CHAT] §2§l§o[TenorClef] §rT2 [HB] t=10:25.3 ph=NETHER y=55 child=CollectBlazeRodsTask logs=0 pick=1 woodpick=1
[03:13:05] [main/INFO] (Minecraft) [CHAT] §2§l§o[TenorClef] §rT2 [NOW] t=10:26.2 ph=NETHER @-117,55,-153 do=<Collect blaze rods - 0/6: [[blaze_rod] x 6]> Going to blaze spawner eq=stone_sword woodpick=1 stonepick=1 pick=1 iron=0 buck=1
[03:13:06] [main/INFO] (Minecraft) [CHAT] §2§l§o[TenorClef] §rT2 [NOW] t=10:27.2 ph=NETHER @-119,55,-158 do=<Collect blaze rods - 0/6: [[blaze_rod] x 6]> Going to blaze spawner eq=stone_sword woodpick=1 stonepick=1 pick=1 iron=0 buck=1
[03:13:07] [main/INFO] (Minecraft) [CHAT] §2§l§o[TenorClef] §rT2 [HIST] 10:27.4 SNAP ph=NETHER @-119,55,-159 sky=0 wet=false ground=true pick=1 buck=2 iron=0 ore=4 rods=0 pearls=0 eyes=0 child=CollectBlazeRodsTask dbg=<Collect blaze rods - 0/6: [[blaze_rod] x 6]> Going to blaze spawner mobs=none
[03:13:07] [main/INFO] (Minecraft) [CHAT] §2§l§o[TenorClef] §rT2 [NOW] t=10:28.2 ph=NETHER @-120,55,-161 do=<Collect blaze rods - 0/6: [[blaze_rod] x 6]> Going to blaze spawner eq=stone_sword woodpick=1 stonepick=1 pick=1 iron=0 buck=1
[03:13:08] [main/INFO] (Minecraft) [CHAT] §2§l§o[TenorClef] §rT2 [NOW] t=10:29.2 ph=NETHER @-121,53,-166 do=<Collect blaze rods - 0/6: [[blaze_rod] x 6]> Going to blaze spawner eq=stone_sword woodpick=1 stonepick=1 pick=1 iron=0 buck=1
[03:13:09] [main/INFO] (Minecraft) [CHAT] §2§l§o[TenorClef] §rT2 [HIST] 10:29.9 SNAP ph=NETHER @-121,50,-168 sky=0 wet=false ground=false pick=1 buck=2 iron=0 ore=4 rods=0 pearls=0 eyes=0 child=CollectBlazeRodsTask dbg=<Collect blaze rods - 0/6: [[blaze_rod] x 6]> Going to blaze spawner mobs=none
[03:13:09] [main/INFO] (Minecraft) [CHAT] §2§l§o[TenorClef] §rT2 [NOW] t=10:30.2 ph=NETHER @-120,50,-169 do=<Collect blaze rods - 0/6: [[blaze_rod] x 6]> Going to blaze spawner eq=stone_sword woodpick=1 stonepick=1 pick=1 iron=0 buck=1
[03:13:10] [main/INFO] (Minecraft) [CHAT] §2§l§o[TenorClef] §rT2 [HB] t=10:30.3 ph=NETHER y=50 child=CollectBlazeRodsTask logs=0 pick=1 woodpick=1
[03:13:10] [pool-5-thread-4/INFO] (Minecraft) [STDOUT]: 3279232 movements considered
[03:13:10] [pool-5-thread-4/INFO] (Minecraft) [STDOUT]: Open set size: 24192
[03:13:10] [pool-5-thread-4/INFO] (Minecraft) [STDOUT]: PathNode map size: 173247
[03:13:10] [pool-5-thread-4/INFO] (Minecraft) [STDOUT]: 37264 nodes per second
[03:13:10] [pool-5-thread-4/INFO] (Minecraft) [STDOUT]: Warning: cost coefficient is greater than three! Probably means that
[03:13:10] [pool-5-thread-4/INFO] (Minecraft) [STDOUT]: the path I found is pretty terrible (like sneak-bridging for dozens of blocks)
[03:13:10] [pool-5-thread-4/INFO] (Minecraft) [STDOUT]: But I'm going to do it anyway, because yolo
[03:13:10] [pool-5-thread-4/INFO] (Minecraft) [STDOUT]: Path goes for 52.49761899362675 blocks
[03:13:10] [main/INFO] (Minecraft) [CHAT] §2§l§o[TenorClef] §rT2 [NOW] t=10:31.2 ph=NETHER @-117,50,-174 do=<Collect blaze rods - 0/6: [[blaze_rod] x 6]> Going to blaze spawner eq=stone_sword woodpick=1 stonepick=1 pick=1 iron=0 buck=1
[03:13:11] [main/INFO] (Minecraft) [CHAT] §2§l§o[TenorClef] §rT2 [NOW] t=10:32.2 ph=NETHER @-115,50,-179 do=<Collect blaze rods - 0/6: [[blaze_rod] x 6]> Going to blaze spawner eq=stone_sword woodpick=1 stonepick=1 pick=1 iron=0 buck=1
[03:13:12] [main/INFO] (Minecraft) [CHAT] §2§l§o[TenorClef] §rT2 [HIST] 10:32.4 SNAP ph=NETHER @-115,50,-179 sky=0 wet=false ground=true pick=1 buck=2 iron=0 ore=4 rods=0 pearls=0 eyes=0 child=CollectBlazeRodsTask dbg=<Collect blaze rods - 0/6: [[blaze_rod] x 6]> Going to blaze spawner mobs=none
[03:13:12] [main/INFO] (Minecraft) [CHAT] §2§l§o[TenorClef] §rT2 [NOW] t=10:33.2 ph=NETHER @-113,50,-183 do=<Collect blaze rods - 0/6: [[blaze_rod] x 6]> Going to blaze spawner eq=stone_sword woodpick=1 stonepick=1 pick=1 iron=0 buck=1
[03:13:13] [main/INFO] (Minecraft) [CHAT] §2§l§o[TenorClef] §rT2 [NOW] t=10:34.2 ph=NETHER @-112,50,-187 do=<Collect blaze rods - 0/6: [[blaze_rod] x 6]> Going to blaze spawner eq=stone_sword woodpick=1 stonepick=1 pick=1 iron=0 buck=1
[03:13:14] [main/INFO] (Minecraft) [CHAT] §2§l§o[TenorClef] §rT2 [HIST] 10:34.9 SNAP ph=NETHER @-112,50,-186 sky=0 wet=false ground=true pick=1 buck=2 iron=0 ore=4 rods=0 pearls=0 eyes=0 child=CollectBlazeRodsTask dbg=<Collect blaze rods - 0/6: [[blaze_rod] x 6]> Going to blaze spawner mobs=none
[03:13:14] [main/INFO] (Minecraft) [STDOUT]: ALTO CLEF: WARNING: T2 [S152] onStop interrupt=null dead=false ph=NETHER y=50.0 -> session preserved
[03:13:14] [main/INFO] (Minecraft) [CHAT] §2§l§o[TenorClef] §cT2 [S152] onStop interrupt=null dead=false ph=NETHER y=50.0 -> session preserved§r
[03:13:15] [main/INFO] (Minecraft) [STDOUT]: ALTO CLEF: WARNING: T2 [S154] falling with no clutch item - MLG chain stays inactive
[03:13:15] [main/INFO] (Minecraft) [CHAT] §2§l§o[TenorClef] §cT2 [S154] falling with no clutch item - MLG chain stays inactive§r
[03:13:15] [main/INFO] (Minecraft) [STDOUT]: ALTO CLEF: WARNING: T2 [E80] parent onStart ignored, still ph=NETHER t=10:35.9
[03:13:15] [main/INFO] (Minecraft) [CHAT] §2§l§o[TenorClef] §cT2 [E80] parent onStart ignored, still ph=NETHER t=10:35.9§r
[03:13:15] [main/INFO] (Minecraft) [CHAT] §2§l§o[TenorClef] §rT2 [HIST] 10:35.9 onStart swallowed — keep NETHER
[03:13:15] [main/INFO] (Minecraft) [STDOUT]: ALTO CLEF: WARNING: T2 [S194] dig-down in progress y=49 child=CollectBlazeRodsTask - pillar/jump nudges stand aside
[03:13:15] [main/INFO] (Minecraft) [CHAT] §2§l§o[TenorClef] §cT2 [S194] dig-down in progress y=49 child=CollectBlazeRodsTask - pillar/jump nudges stand aside§r
[03:13:15] [main/INFO] (Minecraft) [CHAT] §2§l§o[TenorClef] §rT2 [HIST] 10:35.9 SOLVE S194 dig-down in progress y=49 child=CollectBlazeRodsTask - pillar/jump nudges stand aside
[03:13:18] [T2Deadman/INFO] (Minecraft) [STDOUT]: TENORCLEF: DEADMAN: client tick running 3s — client thread stack, innermost first:
    at knot//net.minecraft.client.model.ModelPart.renderCuboids(ModelPart.java:175)
    at knot//net.minecraft.client.model.ModelPart.render(ModelPart.java:133)
    at knot//net.minecraft.client.render.entity.model.AnimalModel.method_22947(AnimalModel.java:63)
    at java.base/java.lang.Iterable.forEach(Iterable.java:75)
    at knot//net.minecraft.client.render.entity.model.AnimalModel.render(AnimalModel.java:63)
    at knot//net.minecraft.client.render.entity.LivingEntityRenderer.render(LivingEntityRenderer.java:134)
    at knot//net.minecraft.client.render.entity.MobEntityRenderer.render(MobEntityRenderer.java:44)
    at knot//net.minecraft.client.render.entity.MobEntityRenderer.render(MobEntityRenderer.java:19)
    at knot//net.minecraft.client.render.entity.EntityRenderDispatcher.render(EntityRenderDispatcher.java:260)
    at knot//net.minecraft.client.render.WorldRenderer.renderEntity(WorldRenderer.java:1435)
    at knot//net.minecraft.client.render.WorldRenderer.render(WorldRenderer.java:1199)
    at knot//net.minecraft.client.render.GameRenderer.renderWorld(GameRenderer.java:717)
    at knot//net.minecraft.client.render.GameRenderer.render(GameRenderer.java:540)
    at knot//net.minecraft.client.MinecraftClient.render(MinecraftClient.java:1021)
    at knot//net.minecraft.client.MinecraftClient.run(MinecraftClient.java:654)
    at knot//net.minecraft.client.main.Main.main(Main.java:215)
    at net.fabricmc.loader.impl.game.minecraft.MinecraftGameProvider.launch(MinecraftGameProvider.java:480)
    at net.fabricmc.loader.impl.launch.knot.Knot.launch(Knot.java:74)
    at net.fabricmc.loader.impl.launch.knot.KnotClient.main(KnotClient.java:23)
    at net.fabricmc.devlaunchinjector.Main.main(Main.java:86)
[03:13:18] [T2Deadman/INFO] (Minecraft) [STDOUT]: TENORCLEF: HARNESS: DEADMAN: client tick running 3s — client thread stack, innermost first:
    at knot//net.minecraft.client.model.ModelPart.renderCuboids(ModelPart.java:175)
    at knot//net.minecraft.client.model.ModelPart.render(ModelPart.java:133)
    at knot//net.minecraft.client.render.entity.model.AnimalModel.method_22947(AnimalModel.java:63)
    at java.base/java.lang.Iterable.forEach(Iterable.java:75)
    at knot//net.minecraft.client.render.entity.model.AnimalModel.render(AnimalModel.java:63)
    at knot//net.minecraft.client.render.entity.LivingEntityRenderer.render(LivingEntityRenderer.java:134)
    at knot//net.minecraft.client.render.entity.MobEntityRenderer.render(MobEntityRenderer.java:44)
    at knot//net.minecraft.client.render.entity.MobEntityRenderer.render(MobEntityRenderer.java:19)
    at knot//net.minecraft.client.render.entity.EntityRenderDispatcher.render(EntityRenderDispatcher.java:260)
    at knot//net.minecraft.client.render.WorldRenderer.renderEntity(WorldRenderer.java:1435)
    at knot//net.minecraft.client.render.WorldRenderer.render(WorldRenderer.java:1199)
    at knot//net.minecraft.client.render.GameRenderer.renderWorld(GameRenderer.java:717)
    at knot//net.minecraft.client.render.GameRenderer.render(GameRenderer.java:540)
    at knot//net.minecraft.client.MinecraftClient.render(MinecraftClient.java:1021)
    at knot//net.minecraft.client.MinecraftClient.run(MinecraftClient.java:654)
    at knot//net.minecraft.client.main.Main.main(Main.java:215)
    at net.fabricmc.loader.impl.game.minecraft.MinecraftGameProvider.launch(MinecraftGameProvider.java:480)
    at net.fabricmc.loader.impl.launch.knot.Knot.launch(Knot.java:74)
    at net.fabricmc.loader.impl.launch.knot.KnotClient.main(KnotClient.java:23)
    at net.fabricmc.devlaunchinjector.Main.main(Main.java:86)
[03:13:18] [T2Deadman/INFO] (Minecraft) [STDOUT]: ALTO CLEF: WARNING: T2 [S181] DEADMAN: client tick running 3s — client thread stack, innermost first:
    at knot//net.minecraft.client.model.ModelPart.renderCuboids(ModelPart.java:175)
    at knot//net.minecraft.client.model.ModelPart.render(ModelPart.java:133)
    at knot//net.minecraft.client.render.entity.model.AnimalModel.method_22947(AnimalModel.java:63)
    at java.base/java.lang.Iterable.forEach(Iterable.java:75)
    at knot//net.minecraft.client.render.entity.model.AnimalModel.render(AnimalModel.java:63)
    at knot//net.minecraft.client.render.entity.LivingEntityRenderer.render(LivingEntityRenderer.java:134)
    at knot//net.minecraft.client.render.entity.MobEntityRenderer.render(MobEntityRenderer.java:44)
    at knot//net.minecraft.client.render.entity.MobEntityRenderer.render(MobEntityRenderer.java:19)
    at knot//net.minecraft.client.render.entity.EntityRenderDispatcher.render(EntityRenderDispatcher.java:260)
    at knot//net.minecraft.client.render.WorldRenderer.renderEntity(WorldRenderer.java:1435)
    at knot//net.minecraft.client.render.WorldRenderer.render(WorldRenderer.java:1199)
    at knot//net.minecraft.client.render.GameRenderer.renderWorld(GameRenderer.java:717)
    at knot//net.minecraft.client.render.GameRenderer.render(GameRenderer.java:540)
    at knot//net.minecraft.client.MinecraftClient.render(MinecraftClient.java:1021)
    at knot//net.minecraft.client.MinecraftClient.run(MinecraftClient.java:654)
    at knot//net.minecraft.client.main.Main.main(Main.java:215)
    at net.fabricmc.loader.impl.game.minecraft.MinecraftGameProvider.launch(MinecraftGameProvider.java:480)
    at net.fabricmc.loader.impl.launch.knot.Knot.launch(Knot.java:74)
    at net.fabricmc.loader.impl.launch.knot.KnotClient.main(KnotClient.java:23)
    at net.fabricmc.devlaunchinjector.Main.main(Main.java:86)
[03:13:18] [T2Deadman/INFO] (Minecraft) [CHAT] §2§l§o[TenorClef] §cT2 [S181] DEADMAN: client tick running 3s — client thread stack, innermost first:\n    at knot//net.minecraft.client.model.ModelPart.renderCuboids(ModelPart.java:175)\n    at knot//net.minecraft.client.model.ModelPart.render(ModelPart.java:133)\n    at knot//net.minecraft.client.render.entity.model.AnimalModel.method_22947(AnimalModel.java:63)\n    at java.base/java.lang.Iterable.forEach(Iterable.java:75)\n    at knot//net.minecraft.client.render.entity.model.AnimalModel.render(AnimalModel.java:63)\n    at knot//net.minecraft.client.render.entity.LivingEntityRenderer.render(LivingEntityRenderer.java:134)\n    at knot//net.minecraft.client.render.entity.MobEntityRenderer.render(MobEntityRenderer.java:44)\n    at knot//net.minecraft.client.render.entity.MobEntityRenderer.render(MobEntityRenderer.java:19)\n    at knot//net.minecraft.client.render.entity.EntityRenderDispatcher.render(EntityRenderDispatcher.java:260)\n    at knot//net.minecraft.client.render.WorldRenderer.renderEntity(WorldRenderer.java:1435)\n    at knot//net.minecraft.client.render.WorldRenderer.render(WorldRenderer.java:1199)\n    at knot//net.minecraft.client.render.GameRenderer.renderWorld(GameRenderer.java:717)\n    at knot//net.minecraft.client.render.GameRenderer.render(GameRenderer.java:540)\n    at knot//net.minecraft.client.MinecraftClient.render(MinecraftClient.java:1021)\n    at knot//net.minecraft.client.MinecraftClient.run(MinecraftClient.java:654)\n    at knot//net.minecraft.client.main.Main.main(Main.java:215)\n    at net.fabricmc.loader.impl.game.minecraft.MinecraftGameProvider.launch(MinecraftGameProvider.java:480)\n    at net.fabricmc.loader.impl.launch.knot.Knot.launch(Knot.java:74)\n    at net.fabricmc.loader.impl.launch.knot.KnotClient.main(KnotClient.java:23)\n    at net.fabricmc.devlaunchinjector.Main.main(Main.java:86)§r
[03:13:18] [T2Deadman/INFO] (Minecraft) [CHAT] §2§l§o[TenorClef] §rT2 [HIST] 10:39.0 FORCE S181 DEADMAN: client tick running 3s — client thread stack, innermost first:\n    at knot//net.minecraft.client.model.ModelPart.renderCuboids(ModelPart.java:175)\n    at knot//net.minecraft.client.model.ModelPart.render(ModelPart.java:133)\n    at knot//net.minecraft.client.render.entity.model.AnimalModel.method_22947(AnimalModel.java:63)\n    at java.base/java.lang.Iterable.forEach(Iterable.java:75)\n    at knot//net.minecraft.client.render.entity.model.AnimalModel.render(AnimalModel.java:63)\n    at knot//net.minecraft.client.render.entity.LivingEntityRenderer.render(LivingEntityRenderer.java:134)\n    at knot//net.minecraft.client.render.entity.MobEntityRenderer.render(MobEntityRenderer.java:44)\n    at knot//net.minecraft.client.render.entity.MobEntityRenderer.render(MobEntityRenderer.java:19)\n    at knot//net.minecraft.client.render.entity.EntityRenderDispatcher.render(EntityRenderDispatcher.java:260)\n    at knot//net.minecraft.client.render.WorldRenderer.renderEntity(WorldRenderer.java:1435)\n    at knot//net.minecraft.client.render.WorldRenderer.render(WorldRenderer.java:1199)\n    at knot//net.minecraft.client.render.GameRenderer.renderWorld(GameRenderer.java:717)\n    at knot//net.minecraft.client.render.GameRenderer.render(GameRenderer.java:540)\n    at knot//net.minecraft.client.MinecraftClient.render(MinecraftClient.java:1021)\n    at knot//net.minecraft.client.MinecraftClient.run(MinecraftClient.java:654)\n    at knot//net.minecraft.client.main.Main.main(Main.java:215)\n    at net.fabricmc.loader.impl.game.minecraft.MinecraftGameProvider.launch(MinecraftGameProvider.java:480)\n    at net.fabricmc.loader.impl.launch.knot.Knot.launch(Knot.java:74)\n    at net.fabricmc.loader.impl.launch.knot.KnotClient.main(KnotClient.java:23)\n    at net.fabricmc.devlaunchinjector.Main.main(Main.java:86)
[03:13:20] [main/INFO] (Minecraft) [STDOUT]: ALTO CLEF: WARNING: T2 [E80] parent onStart ignored, still ph=NETHER t=10:41.3
[03:13:20] [main/INFO] (Minecraft) [CHAT] §2§l§o[TenorClef] §cT2 [E80] parent onStart ignored, still ph=NETHER t=10:41.3§r
[03:13:20] [main/INFO] (Minecraft) [CHAT] §2§l§o[TenorClef] §rT2 [HIST] 10:41.3 onStart swallowed — keep NETHER
[03:13:20] [main/INFO] (Minecraft) [CHAT] §2§l§o[TenorClef] §rT2 [HIST] 10:41.3 JUMP -113,49,-186 -> -115,53,-160
[03:13:20] [main/INFO] (Minecraft) [STDOUT]: ALTO CLEF: WARNING: T2 [S175] slow client tick 5354ms — NETHER @-115,53,-160 child=CollectBlazeRodsTask
[03:13:20] [main/INFO] (Minecraft) [CHAT] §2§l§o[TenorClef] §cT2 [S175] slow client tick 5354ms — NETHER @-115,53,-160 child=CollectBlazeRodsTask§r
[03:13:21] [main/INFO] (Minecraft) [CHAT] §2§l§o[TenorClef] §rT2 [NOW] t=10:41.4 ph=NETHER @-115,53,-160 do=<Collect blaze rods - 0/6: [[blaze_rod] x 6]> Going to blaze spawner eq=iron_pickaxe woodpick=1 stonepick=1 pick=1 iron=0 buck=1
[03:13:21] [main/INFO] (Minecraft) [CHAT] §2§l§o[TenorClef] §rT2 [HB] t=10:41.6 ph=NETHER y=53 child=CollectBlazeRodsTask logs=0 pick=1 woodpick=1
[03:13:21] [pool-5-thread-4/INFO] (Minecraft) [STDOUT]: 515328 movements considered
[03:13:21] [pool-5-thread-4/INFO] (Minecraft) [STDOUT]: Open set size: 6281
[03:13:21] [pool-5-thread-4/INFO] (Minecraft) [STDOUT]: PathNode map size: 29705
[03:13:21] [pool-5-thread-4/INFO] (Minecraft) [STDOUT]: 46754 nodes per second
[03:13:21] [pool-5-thread-4/INFO] (Minecraft) [STDOUT]: Path goes for 27.294688127912362 blocks
[03:13:22] [main/INFO] (Minecraft) [STDOUT]: ALTO CLEF: WARNING: T2 [S152] onStop interrupt=null dead=false ph=NETHER y=53.0 -> session preserved
[03:13:22] [main/INFO] (Minecraft) [CHAT] §2§l§o[TenorClef] §cT2 [S152] onStop interrupt=null dead=false ph=NETHER y=53.0 -> session preserved§r
[03:13:25] [T2Deadman/INFO] (Minecraft) [STDOUT]: TENORCLEF: DEADMAN: client tick running 3s — client thread stack, innermost first:
    at knot//net.minecraft.client.world.ClientChunkManager$ClientChunkMap.copyFrom(ClientChunkManager.java:578)
    at knot//net.minecraft.client.world.ClientChunkManager.createThreadSafeCopy(ClientChunkManager.java:541)
    at knot//baritone.utils.BlockStateInterface.<init>(BlockStateInterface.java:68)
    at knot//baritone.event.GameEventHandler.onTick(GameEventHandler.java:52)
    at knot//net.minecraft.client.MinecraftClient.handler$zzn000$baritone$runTick(MinecraftClient.java:2857)
    at knot//net.minecraft.client.MinecraftClient.tick(MinecraftClient.java:1498)
    at knot//net.minecraft.client.MinecraftClient.render(MinecraftClient.java:994)
    at knot//net.minecraft.client.MinecraftClient.run(MinecraftClient.java:654)
    at knot//net.minecraft.client.main.Main.main(Main.java:215)
    at net.fabricmc.loader.impl.game.minecraft.MinecraftGameProvider.launch(MinecraftGameProvider.java:480)
    at net.fabricmc.loader.impl.launch.knot.Knot.launch(Knot.java:74)
    at net.fabricmc.loader.impl.launch.knot.KnotClient.main(KnotClient.java:23)
    at net.fabricmc.devlaunchinjector.Main.main(Main.java:86)
[03:13:25] [T2Deadman/INFO] (Minecraft) [STDOUT]: TENORCLEF: HARNESS: DEADMAN: client tick running 3s — client thread stack, innermost first:
    at knot//net.minecraft.client.world.ClientChunkManager$ClientChunkMap.copyFrom(ClientChunkManager.java:578)
    at knot//net.minecraft.client.world.ClientChunkManager.createThreadSafeCopy(ClientChunkManager.java:541)
    at knot//baritone.utils.BlockStateInterface.<init>(BlockStateInterface.java:68)
    at knot//baritone.event.GameEventHandler.onTick(GameEventHandler.java:52)
    at knot//net.minecraft.client.MinecraftClient.handler$zzn000$baritone$runTick(MinecraftClient.java:2857)
    at knot//net.minecraft.client.MinecraftClient.tick(MinecraftClient.java:1498)
    at knot//net.minecraft.client.MinecraftClient.render(MinecraftClient.java:994)
    at knot//net.minecraft.client.MinecraftClient.run(MinecraftClient.java:654)
    at knot//net.minecraft.client.main.Main.main(Main.java:215)
    at net.fabricmc.loader.impl.game.minecraft.MinecraftGameProvider.launch(MinecraftGameProvider.java:480)
    at net.fabricmc.loader.impl.launch.knot.Knot.launch(Knot.java:74)
    at net.fabricmc.loader.impl.launch.knot.KnotClient.main(KnotClient.java:23)
    at net.fabricmc.devlaunchinjector.Main.main(Main.java:86)
[03:13:25] [T2Deadman/INFO] (Minecraft) [STDOUT]: ALTO CLEF: WARNING: T2 [S181] DEADMAN: client tick running 3s — client thread stack, innermost first:
    at knot//net.minecraft.client.world.ClientChunkManager$ClientChunkMap.copyFrom(ClientChunkManager.java:578)
    at knot//net.minecraft.client.world.ClientChunkManager.createThreadSafeCopy(ClientChunkManager.java:541)
    at knot//baritone.utils.BlockStateInterface.<init>(BlockStateInterface.java:68)
    at knot//baritone.event.GameEventHandler.onTick(GameEventHandler.java:52)
    at knot//net.minecraft.client.MinecraftClient.handler$zzn000$baritone$runTick(MinecraftClient.java:2857)
    at knot//net.minecraft.client.MinecraftClient.tick(MinecraftClient.java:1498)
    at knot//net.minecraft.client.MinecraftClient.render(MinecraftClient.java:994)
    at knot//net.minecraft.client.MinecraftClient.run(MinecraftClient.java:654)
    at knot//net.minecraft.client.main.Main.main(Main.java:215)
    at net.fabricmc.loader.impl.game.minecraft.MinecraftGameProvider.launch(MinecraftGameProvider.java:480)
    at net.fabricmc.loader.impl.launch.knot.Knot.launch(Knot.java:74)
    at net.fabricmc.loader.impl.launch.knot.KnotClient.main(KnotClient.java:23)
    at net.fabricmc.devlaunchinjector.Main.main(Main.java:86)
[03:13:25] [T2Deadman/INFO] (Minecraft) [CHAT] §2§l§o[TenorClef] §cT2 [S181] DEADMAN: client tick running 3s — client thread stack, innermost first:\n    at knot//net.minecraft.client.world.ClientChunkManager$ClientChunkMap.copyFrom(ClientChunkManager.java:578)\n    at knot//net.minecraft.client.world.ClientChunkManager.createThreadSafeCopy(ClientChunkManager.java:541)\n    at knot//baritone.utils.BlockStateInterface.<init>(BlockStateInterface.java:68)\n    at knot//baritone.event.GameEventHandler.onTick(GameEventHandler.java:52)\n    at knot//net.minecraft.client.MinecraftClient.handler$zzn000$baritone$runTick(MinecraftClient.java:2857)\n    at knot//net.minecraft.client.MinecraftClient.tick(MinecraftClient.java:1498)\n    at knot//net.minecraft.client.MinecraftClient.render(MinecraftClient.java:994)\n    at knot//net.minecraft.client.MinecraftClient.run(MinecraftClient.java:654)\n    at knot//net.minecraft.client.main.Main.main(Main.java:215)\n    at net.fabricmc.loader.impl.game.minecraft.MinecraftGameProvider.launch(MinecraftGameProvider.java:480)\n    at net.fabricmc.loader.impl.launch.knot.Knot.launch(Knot.java:74)\n    at net.fabricmc.loader.impl.launch.knot.KnotClient.main(KnotClient.java:23)\n    at net.fabricmc.devlaunchinjector.Main.main(Main.java:86)§r
[03:13:25] [T2Deadman/INFO] (Minecraft) [CHAT] §2§l§o[TenorClef] §rT2 [HIST] 10:45.5 FORCE S181 DEADMAN: client tick running 3s — client thread stack, innermost first:\n    at knot//net.minecraft.client.world.ClientChunkManager$ClientChunkMap.copyFrom(ClientChunkManager.java:578)\n    at knot//net.minecraft.client.world.ClientChunkManager.createThreadSafeCopy(ClientChunkManager.java:541)\n    at knot//baritone.utils.BlockStateInterface.<init>(BlockStateInterface.java:68)\n    at knot//baritone.event.GameEventHandler.onTick(GameEventHandler.java:52)\n    at knot//net.minecraft.client.MinecraftClient.handler$zzn000$baritone$runTick(MinecraftClient.java:2857)\n    at knot//net.minecraft.client.MinecraftClient.tick(MinecraftClient.java:1498)\n    at knot//net.minecraft.client.MinecraftClient.render(MinecraftClient.java:994)\n    at knot//net.minecraft.client.MinecraftClient.run(MinecraftClient.java:654)\n    at knot//net.minecraft.client.main.Main.main(Main.java:215)\n    at net.fabricmc.loader.impl.game.minecraft.MinecraftGameProvider.launch(MinecraftGameProvider.java:480)\n    at net.fabricmc.loader.impl.launch.knot.Knot.launch(Knot.java:74)\n    at net.fabricmc.loader.impl.launch.knot.KnotClient.main(KnotClient.java:23)\n    at net.fabricmc.devlaunchinjector.Main.main(Main.java:86)
[03:13:26] [main/INFO] (Minecraft) [STDOUT]: ALTO CLEF: WARNING: T2 [E80] parent onStart ignored, still ph=NETHER t=10:46.9
[03:13:26] [main/INFO] (Minecraft) [CHAT] §2§l§o[TenorClef] §cT2 [E80] parent onStart ignored, still ph=NETHER t=10:46.9§r
[03:13:26] [main/INFO] (Minecraft) [CHAT] §2§l§o[TenorClef] §rT2 [HIST] 10:46.9 onStart swallowed — keep NETHER
[03:13:26] [main/INFO] (Minecraft) [CHAT] §2§l§o[TenorClef] §rT2 [NOW] t=10:46.9 ph=NETHER @-117,55,-149 do=<Collect blaze rods - 0/6: [[blaze_rod] x 6]> Going to blaze spawner eq=iron_pickaxe woodpick=1 stonepick=1 pick=1 iron=0 buck=1
[03:13:26] [main/INFO] (Minecraft) [STDOUT]: ALTO CLEF: WARNING: T2 [S175] slow client tick 4495ms — NETHER @-117,55,-149 child=CollectBlazeRodsTask
[03:13:26] [main/INFO] (Minecraft) [CHAT] §2§l§o[TenorClef] §cT2 [S175] slow client tick 4495ms — NETHER @-117,55,-149 child=CollectBlazeRodsTask§r
[03:13:29] [T2Deadman/INFO] (Minecraft) [STDOUT]: TENORCLEF: DEADMAN: client tick running 3s — client thread stack, innermost first:
    at knot//org.lwjgl.system.JNI.invokeV(Native Method)
    at knot//org.lwjgl.glfw.GLFW.glfwWaitEventsTimeout(GLFW.java:3509)
    at knot//com.mojang.blaze3d.systems.RenderSystem.limitDisplayFPS(RenderSystem.java:127)
    at knot//net.minecraft.client.MinecraftClient.render(MinecraftClient.java:1044)
    at knot//net.minecraft.client.MinecraftClient.run(MinecraftClient.java:654)
    at knot//net.minecraft.client.main.Main.main(Main.java:215)
    at net.fabricmc.loader.impl.game.minecraft.MinecraftGameProvider.launch(MinecraftGameProvider.java:480)
    at net.fabricmc.loader.impl.launch.knot.Knot.launch(Knot.java:74)
    at net.fabricmc.loader.impl.launch.knot.KnotClient.main(KnotClient.java:23)
    at net.fabricmc.devlaunchinjector.Main.main(Main.java:86)
[03:13:29] [T2Deadman/INFO] (Minecraft) [STDOUT]: TENORCLEF: HARNESS: DEADMAN: client tick running 3s — client thread stack, innermost first:
    at knot//org.lwjgl.system.JNI.invokeV(Native Method)
    at knot//org.lwjgl.glfw.GLFW.glfwWaitEventsTimeout(GLFW.java:3509)
    at knot//com.mojang.blaze3d.systems.RenderSystem.limitDisplayFPS(RenderSystem.java:127)
    at knot//net.minecraft.client.MinecraftClient.render(MinecraftClient.java:1044)
    at knot//net.minecraft.client.MinecraftClient.run(MinecraftClient.java:654)
    at knot//net.minecraft.client.main.Main.main(Main.java:215)
    at net.fabricmc.loader.impl.game.minecraft.MinecraftGameProvider.launch(MinecraftGameProvider.java:480)
    at net.fabricmc.loader.impl.launch.knot.Knot.launch(Knot.java:74)
    at net.fabricmc.loader.impl.launch.knot.KnotClient.main(KnotClient.java:23)
    at net.fabricmc.devlaunchinjector.Main.main(Main.java:86)
[03:13:29] [T2Deadman/INFO] (Minecraft) [STDOUT]: ALTO CLEF: WARNING: T2 [S181] DEADMAN: client tick running 3s — client thread stack, innermost first:
    at knot//org.lwjgl.system.JNI.invokeV(Native Method)
    at knot//org.lwjgl.glfw.GLFW.glfwWaitEventsTimeout(GLFW.java:3509)
    at knot//com.mojang.blaze3d.systems.RenderSystem.limitDisplayFPS(RenderSystem.java:127)
    at knot//net.minecraft.client.MinecraftClient.render(MinecraftClient.java:1044)
    at knot//net.minecraft.client.MinecraftClient.run(MinecraftClient.java:654)
    at knot//net.minecraft.client.main.Main.main(Main.java:215)
    at net.fabricmc.loader.impl.game.minecraft.MinecraftGameProvider.launch(MinecraftGameProvider.java:480)
    at net.fabricmc.loader.impl.launch.knot.Knot.launch(Knot.java:74)
    at net.fabricmc.loader.impl.launch.knot.KnotClient.main(KnotClient.java:23)
    at net.fabricmc.devlaunchinjector.Main.main(Main.java:86)
[03:13:29] [T2Deadman/INFO] (Minecraft) [CHAT] §2§l§o[TenorClef] §cT2 [S181] DEADMAN: client tick running 3s — client thread stack, innermost first:\n    at knot//org.lwjgl.system.JNI.invokeV(Native Method)\n    at knot//org.lwjgl.glfw.GLFW.glfwWaitEventsTimeout(GLFW.java:3509)\n    at knot//com.mojang.blaze3d.systems.RenderSystem.limitDisplayFPS(RenderSystem.java:127)\n    at knot//net.minecraft.client.MinecraftClient.render(MinecraftClient.java:1044)\n    at knot//net.minecraft.client.MinecraftClient.run(MinecraftClient.java:654)\n    at knot//net.minecraft.client.main.Main.main(Main.java:215)\n    at net.fabricmc.loader.impl.game.minecraft.MinecraftGameProvider.launch(MinecraftGameProvider.java:480)\n    at net.fabricmc.loader.impl.launch.knot.Knot.launch(Knot.java:74)\n    at net.fabricmc.loader.impl.launch.knot.KnotClient.main(KnotClient.java:23)\n    at net.fabricmc.devlaunchinjector.Main.main(Main.java:86)§r
[03:13:29] [T2Deadman/INFO] (Minecraft) [CHAT] §2§l§o[TenorClef] §rT2 [HIST] 10:50.3 FORCE S181 DEADMAN: client tick running 3s — client thread stack, innermost first:\n    at knot//org.lwjgl.system.JNI.invokeV(Native Method)\n    at knot//org.lwjgl.glfw.GLFW.glfwWaitEventsTimeout(GLFW.java:3509)\n    at knot//com.mojang.blaze3d.systems.RenderSystem.limitDisplayFPS(RenderSystem.java:127)\n    at knot//net.minecraft.client.MinecraftClient.render(MinecraftClient.java:1044)\n    at knot//net.minecraft.client.MinecraftClient.run(MinecraftClient.java:654)\n    at knot//net.minecraft.client.main.Main.main(Main.java:215)\n    at net.fabricmc.loader.impl.game.minecraft.MinecraftGameProvider.launch(MinecraftGameProvider.java:480)\n    at net.fabricmc.loader.impl.launch.knot.Knot.launch(Knot.java:74)\n    at net.fabricmc.loader.impl.launch.knot.KnotClient.main(KnotClient.java:23)\n    at net.fabricmc.devlaunchinjector.Main.main(Main.java:86)
[03:13:31] [main/INFO] (Minecraft) [CHAT] §2§l§o[TenorClef] §rRefreshed inventory...
[03:13:34] [main/INFO] (Minecraft) [STDOUT]: ALTO CLEF: WARNING: T2 [E80] parent onStart ignored, still ph=NETHER t=10:54.6
[03:13:34] [main/INFO] (Minecraft) [CHAT] §2§l§o[TenorClef] §cT2 [E80] parent onStart ignored, still ph=NETHER t=10:54.6§r
[03:13:34] [main/INFO] (Minecraft) [CHAT] §2§l§o[TenorClef] §rT2 [HIST] 10:54.6 onStart swallowed — keep NETHER
[03:13:34] [main/INFO] (Minecraft) [CHAT] §2§l§o[TenorClef] §rT2 [HIST] 10:54.6 JUMP -117,55,-148 -> -107,56,-131
[03:13:34] [main/INFO] (Minecraft) [STDOUT]: ALTO CLEF: WARNING: T2 [S175] slow client tick 7404ms — NETHER @-107,56,-131 child=CollectBlazeRodsTask
[03:13:34] [main/INFO] (Minecraft) [CHAT] §2§l§o[TenorClef] §cT2 [S175] slow client tick 7404ms — NETHER @-107,56,-131 child=CollectBlazeRodsTask§r
[03:13:34] [pool-5-thread-4/INFO] (Minecraft) [STDOUT]: 651904 movements considered
[03:13:34] [pool-5-thread-4/INFO] (Minecraft) [STDOUT]: Open set size: 8887
[03:13:34] [pool-5-thread-4/INFO] (Minecraft) [STDOUT]: PathNode map size: 38519
[03:13:34] [pool-5-thread-4/INFO] (Minecraft) [STDOUT]: 59145 nodes per second
[03:13:34] [pool-5-thread-4/INFO] (Minecraft) [STDOUT]: Path goes for 5.0990195135927845 blocks
[03:13:34] [main/INFO] (Minecraft) [CHAT] §2§l§o[TenorClef] §rT2 [NOW] t=10:55.2 ph=NETHER @-107,56,-131 do=<Collect blaze rods - 0/6: [[blaze_rod] x 6]> Going to blaze spawner eq=iron_pickaxe woodpick=1 stonepick=1 pick=1 iron=0 buck=1
[03:13:35] [main/INFO] (Minecraft) [CHAT] §2§l§o[TenorClef] §rT2 [HIST] 10:55.4 SNAP ph=NETHER @-107,56,-132 sky=0 wet=false ground=true pick=1 buck=2 iron=0 ore=4 rods=0 pearls=0 eyes=0 child=CollectBlazeRodsTask dbg=<Collect blaze rods - 0/6: [[blaze_rod] x 6]> Going to blaze spawner mobs=none
[03:13:35] [main/INFO] (Minecraft) [CHAT] §2§l§o[TenorClef] §rT2 [NOW] t=10:56.2 ph=NETHER @-108,56,-134 do=<Collect blaze rods - 0/6: [[blaze_rod] x 6]> Going to blaze spawner eq=iron_pickaxe woodpick=1 stonepick=1 pick=1 iron=0 buck=1
[03:13:36] [main/INFO] (Minecraft) [CHAT] §2§l§o[TenorClef] §rT2 [NOW] t=10:57.2 ph=NETHER @-110,57,-135 do=<Collect blaze rods - 0/6: [[blaze_rod] x 6]> Going to blaze spawner eq=iron_pickaxe woodpick=1 stonepick=1 pick=1 iron=0 buck=1
[03:13:37] [main/INFO] (Minecraft) [CHAT] §2§l§o[TenorClef] §rT2 [HIST] 10:57.9 SNAP ph=NETHER @-110,57,-135 sky=0 wet=false ground=true pick=1 buck=2 iron=0 ore=4 rods=0 pearls=0 eyes=0 child=CollectBlazeRodsTask dbg=<Collect blaze rods - 0/6: [[blaze_rod] x 6]> Going to blaze spawner mobs=none
[03:13:37] [main/INFO] (Minecraft) [CHAT] §2§l§o[TenorClef] §rT2 [NOW] t=10:58.2 ph=NETHER @-110,57,-135 do=<Collect blaze rods - 0/6: [[blaze_rod] x 6]> Going to blaze spawner eq=iron_pickaxe woodpick=1 stonepick=1 pick=1 iron=0 buck=1
[03:13:38] [main/INFO] (Minecraft) [CHAT] §2§l§o[TenorClef] §rT2 [HB] t=10:58.4 ph=NETHER y=57 child=CollectBlazeRodsTask logs=0 pick=1 woodpick=1
[03:13:38] [pool-5-thread-4/INFO] (Minecraft) [STDOUT]: 4038144 movements considered
[03:13:38] [pool-5-thread-4/INFO] (Minecraft) [STDOUT]: Open set size: 27084
[03:13:38] [pool-5-thread-4/INFO] (Minecraft) [STDOUT]: PathNode map size: 210635
[03:13:38] [pool-5-thread-4/INFO] (Minecraft) [STDOUT]: 45888 nodes per second
[03:13:38] [pool-5-thread-4/INFO] (Minecraft) [STDOUT]: Path goes for 30.14962686336267 blocks
[03:13:38] [main/INFO] (Minecraft) [CHAT] §2§l§o[TenorClef] §rT2 [NOW] t=10:59.2 ph=NETHER @-110,57,-135 do=<Collect blaze rods - 0/6: [[blaze_rod] x 6]> Going to blaze spawner eq=iron_pickaxe woodpick=1 stonepick=1 pick=1 iron=0 buck=1
[03:13:39] [main/INFO] (Minecraft) [CHAT] §2§l§o[TenorClef] §rT2 [NOW] t=11:00.2 ph=NETHER @-111,57,-138 do=<Collect blaze rods - 0/6: [[blaze_rod] x 6]> Going to blaze spawner eq=iron_pickaxe woodpick=1 stonepick=1 pick=1 iron=0 buck=1
[03:13:40] [main/INFO] (Minecraft) [CHAT] §2§l§o[TenorClef] §rT2 [HIST] 11:00.4 SNAP ph=NETHER @-112,57,-138 sky=0 wet=false ground=true pick=1 buck=2 iron=0 ore=4 rods=0 pearls=0 eyes=0 child=CollectBlazeRodsTask dbg=<Collect blaze rods - 0/6: [[blaze_rod] x 6]> Going to blaze spawner mobs=none
[03:13:40] [main/INFO] (Minecraft) [CHAT] §2§l§o[TenorClef] §rT2 [NOW] t=11:01.2 ph=NETHER @-113,57,-140 do=<Collect blaze rods - 0/6: [[blaze_rod] x 6]> Going to blaze spawner eq=iron_pickaxe woodpick=1 stonepick=1 pick=1 iron=0 buck=1
[03:13:41] [main/INFO] (Minecraft) [STDOUT]: ALTO CLEF: WARNING: T2 [S194] dig-down in progress y=56 child=CollectBlazeRodsTask - pillar/jump nudges stand aside
[03:13:41] [main/INFO] (Minecraft) [CHAT] §2§l§o[TenorClef] §cT2 [S194] dig-down in progress y=56 child=CollectBlazeRodsTask - pillar/jump nudges stand aside§r
[03:13:41] [main/INFO] (Minecraft) [CHAT] §2§l§o[TenorClef] §rT2 [HIST] 11:01.4 SOLVE S194 dig-down in progress y=56 child=CollectBlazeRodsTask - pillar/jump nudges stand aside
[03:13:41] [main/INFO] (Minecraft) [STDOUT]: ALTO CLEF: WARNING: T2 [S152] onStop interrupt=null dead=false ph=NETHER y=56.8 -> session preserved
[03:13:41] [main/INFO] (Minecraft) [CHAT] §2§l§o[TenorClef] §cT2 [S152] onStop interrupt=null dead=false ph=NETHER y=56.8 -> session preserved§r
[03:13:44] [T2Deadman/INFO] (Minecraft) [STDOUT]: TENORCLEF: DEADMAN: client tick running 3s — client thread stack, innermost first:
    at knot//org.lwjgl.opengl.GL15C.glBindBuffer(Native Method)
    at knot//org.lwjgl.opengl.GL15.glBindBuffer(GL15.java:129)
    at knot//com.mojang.blaze3d.platform.GlStateManager.bindBuffers(GlStateManager.java:424)
    at knot//com.mojang.blaze3d.systems.RenderSystem.glBindBuffer(RenderSystem.java:1132)
    at knot//net.minecraft.client.gl.VertexBuffer.bind(VertexBuffer.java:22)
    at knot//net.minecraft.client.render.WorldRenderer.renderLayer(WorldRenderer.java:1490)
    at knot//net.minecraft.client.render.WorldRenderer.render(WorldRenderer.java:1129)
    at knot//net.minecraft.client.render.GameRenderer.renderWorld(GameRenderer.java:717)
    at knot//net.minecraft.client.render.GameRenderer.render(GameRenderer.java:540)
    at knot//net.minecraft.client.MinecraftClient.render(MinecraftClient.java:1021)
    at knot//net.minecraft.client.MinecraftClient.run(MinecraftClient.java:654)
    at knot//net.minecraft.client.main.Main.main(Main.java:215)
    at net.fabricmc.loader.impl.game.minecraft.MinecraftGameProvider.launch(MinecraftGameProvider.java:480)
    at net.fabricmc.loader.impl.launch.knot.Knot.launch(Knot.java:74)
    at net.fabricmc.loader.impl.launch.knot.KnotClient.main(KnotClient.java:23)
    at net.fabricmc.devlaunchinjector.Main.main(Main.java:86)
[03:13:44] [T2Deadman/INFO] (Minecraft) [STDOUT]: TENORCLEF: HARNESS: DEADMAN: client tick running 3s — client thread stack, innermost first:
    at knot//org.lwjgl.opengl.GL15C.glBindBuffer(Native Method)
    at knot//org.lwjgl.opengl.GL15.glBindBuffer(GL15.java:129)
    at knot//com.mojang.blaze3d.platform.GlStateManager.bindBuffers(GlStateManager.java:424)
    at knot//com.mojang.blaze3d.systems.RenderSystem.glBindBuffer(RenderSystem.java:1132)
    at knot//net.minecraft.client.gl.VertexBuffer.bind(VertexBuffer.java:22)
    at knot//net.minecraft.client.render.WorldRenderer.renderLayer(WorldRenderer.java:1490)
    at knot//net.minecraft.client.render.WorldRenderer.render(WorldRenderer.java:1129)
    at knot//net.minecraft.client.render.GameRenderer.renderWorld(GameRenderer.java:717)
    at knot//net.minecraft.client.render.GameRenderer.render(GameRenderer.java:540)
    at knot//net.minecraft.client.MinecraftClient.render(MinecraftClient.java:1021)
    at knot//net.minecraft.client.MinecraftClient.run(MinecraftClient.java:654)
    at knot//net.minecraft.client.main.Main.main(Main.java:215)
    at net.fabricmc.loader.impl.game.minecraft.MinecraftGameProvider.launch(MinecraftGameProvider.java:480)
    at net.fabricmc.loader.impl.launch.knot.Knot.launch(Knot.java:74)
    at net.fabricmc.loader.impl.launch.knot.KnotClient.main(KnotClient.java:23)
    at net.fabricmc.devlaunchinjector.Main.main(Main.java:86)
[03:13:44] [T2Deadman/INFO] (Minecraft) [STDOUT]: ALTO CLEF: WARNING: T2 [S181] DEADMAN: client tick running 3s — client thread stack, innermost first:
    at knot//org.lwjgl.opengl.GL15C.glBindBuffer(Native Method)
    at knot//org.lwjgl.opengl.GL15.glBindBuffer(GL15.java:129)
    at knot//com.mojang.blaze3d.platform.GlStateManager.bindBuffers(GlStateManager.java:424)
    at knot//com.mojang.blaze3d.systems.RenderSystem.glBindBuffer(RenderSystem.java:1132)
    at knot//net.minecraft.client.gl.VertexBuffer.bind(VertexBuffer.java:22)
    at knot//net.minecraft.client.render.WorldRenderer.renderLayer(WorldRenderer.java:1490)
    at knot//net.minecraft.client.render.WorldRenderer.render(WorldRenderer.java:1129)
    at knot//net.minecraft.client.render.GameRenderer.renderWorld(GameRenderer.java:717)
    at knot//net.minecraft.client.render.GameRenderer.render(GameRenderer.java:540)
    at knot//net.minecraft.client.MinecraftClient.render(MinecraftClient.java:1021)
    at knot//net.minecraft.client.MinecraftClient.run(MinecraftClient.java:654)
    at knot//net.minecraft.client.main.Main.main(Main.java:215)
    at net.fabricmc.loader.impl.game.minecraft.MinecraftGameProvider.launch(MinecraftGameProvider.java:480)
    at net.fabricmc.loader.impl.launch.knot.Knot.launch(Knot.java:74)
    at net.fabricmc.loader.impl.launch.knot.KnotClient.main(KnotClient.java:23)
    at net.fabricmc.devlaunchinjector.Main.main(Main.java:86)
[03:13:44] [T2Deadman/INFO] (Minecraft) [CHAT] §2§l§o[TenorClef] §cT2 [S181] DEADMAN: client tick running 3s — client thread stack, innermost first:\n    at knot//org.lwjgl.opengl.GL15C.glBindBuffer(Native Method)\n    at knot//org.lwjgl.opengl.GL15.glBindBuffer(GL15.java:129)\n    at knot//com.mojang.blaze3d.platform.GlStateManager.bindBuffers(GlStateManager.java:424)\n    at knot//com.mojang.blaze3d.systems.RenderSystem.glBindBuffer(RenderSystem.java:1132)\n    at knot//net.minecraft.client.gl.VertexBuffer.bind(VertexBuffer.java:22)\n    at knot//net.minecraft.client.render.WorldRenderer.renderLayer(WorldRenderer.java:1490)\n    at knot//net.minecraft.client.render.WorldRenderer.render(WorldRenderer.java:1129)\n    at knot//net.minecraft.client.render.GameRenderer.renderWorld(GameRenderer.java:717)\n    at knot//net.minecraft.client.render.GameRenderer.render(GameRenderer.java:540)\n    at knot//net.minecraft.client.MinecraftClient.render(MinecraftClient.java:1021)\n    at knot//net.minecraft.client.MinecraftClient.run(MinecraftClient.java:654)\n    at knot//net.minecraft.client.main.Main.main(Main.java:215)\n    at net.fabricmc.loader.impl.game.minecraft.MinecraftGameProvider.launch(MinecraftGameProvider.java:480)\n    at net.fabricmc.loader.impl.launch.knot.Knot.launch(Knot.java:74)\n    at net.fabricmc.loader.impl.launch.knot.KnotClient.main(KnotClient.java:23)\n    at net.fabricmc.devlaunchinjector.Main.main(Main.java:86)§r
[03:13:44] [T2Deadman/INFO] (Minecraft) [CHAT] §2§l§o[TenorClef] §rT2 [HIST] 11:04.5 FORCE S181 DEADMAN: client tick running 3s — client thread stack, innermost first:\n    at knot//org.lwjgl.opengl.GL15C.glBindBuffer(Native Method)\n    at knot//org.lwjgl.opengl.GL15.glBindBuffer(GL15.java:129)\n    at knot//com.mojang.blaze3d.platform.GlStateManager.bindBuffers(GlStateManager.java:424)\n    at knot//com.mojang.blaze3d.systems.RenderSystem.glBindBuffer(RenderSystem.java:1132)\n    at knot//net.minecraft.client.gl.VertexBuffer.bind(VertexBuffer.java:22)\n    at knot//net.minecraft.client.render.WorldRenderer.renderLayer(WorldRenderer.java:1490)\n    at knot//net.minecraft.client.render.WorldRenderer.render(WorldRenderer.java:1129)\n    at knot//net.minecraft.client.render.GameRenderer.renderWorld(GameRenderer.java:717)\n    at knot//net.minecraft.client.render.GameRenderer.render(GameRenderer.java:540)\n    at knot//net.minecraft.client.MinecraftClient.render(MinecraftClient.java:1021)\n    at knot//net.minecraft.client.MinecraftClient.run(MinecraftClient.java:654)\n    at knot//net.minecraft.client.main.Main.main(Main.java:215)\n    at net.fabricmc.loader.impl.game.minecraft.MinecraftGameProvider.launch(MinecraftGameProvider.java:480)\n    at net.fabricmc.loader.impl.launch.knot.Knot.launch(Knot.java:74)\n    at net.fabricmc.loader.impl.launch.knot.KnotClient.main(KnotClient.java:23)\n    at net.fabricmc.devlaunchinjector.Main.main(Main.java:86)
[03:13:46] [main/INFO] (Minecraft) [STDOUT]: ALTO CLEF: WARNING: T2 [E80] parent onStart ignored, still ph=NETHER t=11:06.3
[03:13:46] [main/INFO] (Minecraft) [CHAT] §2§l§o[TenorClef] §cT2 [E80] parent onStart ignored, still ph=NETHER t=11:06.3§r
[03:13:46] [main/INFO] (Minecraft) [CHAT] §2§l§o[TenorClef] §rT2 [HIST] 11:06.3 onStart swallowed — keep NETHER
[03:13:46] [main/INFO] (Minecraft) [STDOUT]: ALTO CLEF: WARNING: T2 [S175] slow client tick 4936ms — NETHER @-107,56,-131 child=CollectBlazeRodsTask
[03:13:46] [main/INFO] (Minecraft) [CHAT] §2§l§o[TenorClef] §cT2 [S175] slow client tick 4936ms — NETHER @-107,56,-131 child=CollectBlazeRodsTask§r
[03:13:46] [pool-5-thread-4/INFO] (Minecraft) [STDOUT]: 547712 movements considered
[03:13:46] [pool-5-thread-4/INFO] (Minecraft) [STDOUT]: Open set size: 8052
[03:13:46] [pool-5-thread-4/INFO] (Minecraft) [STDOUT]: PathNode map size: 32948
[03:13:46] [pool-5-thread-4/INFO] (Minecraft) [STDOUT]: 49792 nodes per second
[03:13:46] [pool-5-thread-4/INFO] (Minecraft) [STDOUT]: Path goes for 5.0990195135927845 blocks
[03:13:46] [main/INFO] (Minecraft) [CHAT] §2§l§o[TenorClef] §rT2 [NOW] t=11:07.1 ph=NETHER @-107,56,-132 do=<Collect blaze rods - 0/6: [[blaze_rod] x 6]> Going to blaze spawner eq=iron_pickaxe woodpick=1 stonepick=1 pick=1 iron=0 buck=1
[03:13:47] [main/INFO] (Minecraft) [CHAT] §2§l§o[TenorClef] §rT2 [HIST] 11:07.8 SNAP ph=NETHER @-108,56,-133 sky=0 wet=false ground=true pick=1 buck=2 iron=0 ore=4 rods=0 pearls=0 eyes=0 child=CollectBlazeRodsTask dbg=<Collect blaze rods - 0/6: [[blaze_rod] x 6]> Going to blaze spawner mobs=none
[03:13:47] [main/INFO] (Minecraft) [CHAT] §2§l§o[TenorClef] §rT2 [NOW] t=11:08.1 ph=NETHER @-109,56,-135 do=<Collect blaze rods - 0/6: [[blaze_rod] x 6]> Going to blaze spawner eq=iron_pickaxe woodpick=1 stonepick=1 pick=1 iron=0 buck=1
[03:13:47] [main/INFO] (Minecraft) [CHAT] §2§l§o[TenorClef] §rT2 [HB] t=11:08.3 ph=NETHER y=57 child=CollectBlazeRodsTask logs=0 pick=1 woodpick=1
[03:13:48] [main/INFO] (Minecraft) [CHAT] §2§l§o[TenorClef] §rT2 [NOW] t=11:09.1 ph=NETHER @-110,57,-135 do=<Collect blaze rods - 0/6: [[blaze_rod] x 6]> Going to blaze spawner eq=iron_pickaxe woodpick=1 stonepick=1 pick=1 iron=0 buck=1
[03:13:49] [main/INFO] (Minecraft) [CHAT] §2§l§o[TenorClef] §rT2 [NOW] t=11:10.1 ph=NETHER @-110,57,-135 do=<Collect blaze rods - 0/6: [[blaze_rod] x 6]> Going to blaze spawner eq=iron_pickaxe woodpick=1 stonepick=1 pick=1 iron=0 buck=1
[03:13:50] [main/INFO] (Minecraft) [CHAT] §2§l§o[TenorClef] §rT2 [HIST] 11:10.3 SNAP ph=NETHER @-110,57,-135 sky=0 wet=false ground=true pick=1 buck=2 iron=0 ore=4 rods=0 pearls=0 eyes=0 child=CollectBlazeRodsTask dbg=<Collect blaze rods - 0/6: [[blaze_rod] x 6]> Going to blaze spawner mobs=none
[03:13:50] [pool-5-thread-4/INFO] (Minecraft) [STDOUT]: 4031104 movements considered
[03:13:50] [pool-5-thread-4/INFO] (Minecraft) [STDOUT]: Open set size: 27056
[03:13:50] [pool-5-thread-4/INFO] (Minecraft) [STDOUT]: PathNode map size: 210287
[03:13:50] [pool-5-thread-4/INFO] (Minecraft) [STDOUT]: 45796 nodes per second
[03:13:50] [pool-5-thread-4/INFO] (Minecraft) [STDOUT]: Path goes for 30.14962686336267 blocks
[03:13:50] [main/INFO] (Minecraft) [CHAT] §2§l§o[TenorClef] §rT2 [NOW] t=11:11.1 ph=NETHER @-110,57,-136 do=<Collect blaze rods - 0/6: [[blaze_rod] x 6]> Going to blaze spawner eq=iron_pickaxe woodpick=1 stonepick=1 pick=1 iron=0 buck=1
[03:13:51] [main/INFO] (Minecraft) [CHAT] §2§l§o[TenorClef] §rT2 [NOW] t=11:12.1 ph=NETHER @-112,57,-138 do=<Collect blaze rods - 0/6: [[blaze_rod] x 6]> Going to blaze spawner eq=iron_pickaxe woodpick=1 stonepick=1 pick=1 iron=0 buck=1
[03:13:52] [main/INFO] (Minecraft) [CHAT] §2§l§o[TenorClef] §rT2 [HIST] 11:12.8 SNAP ph=NETHER @-113,57,-140 sky=0 wet=false ground=true pick=1 buck=2 iron=0 ore=4 rods=0 pearls=0 eyes=0 child=CollectBlazeRodsTask dbg=<Collect blaze rods - 0/6: [[blaze_rod] x 6]> Going to blaze spawner mobs=none
[03:13:52] [main/INFO] (Minecraft) [STDOUT]: ALTO CLEF: WARNING: T2 [S194] dig-down in progress y=56 child=CollectBlazeRodsTask - pillar/jump nudges stand aside
[03:13:52] [main/INFO] (Minecraft) [CHAT] §2§l§o[TenorClef] §cT2 [S194] dig-down in progress y=56 child=CollectBlazeRodsTask - pillar/jump nudges stand aside§r
[03:13:52] [main/INFO] (Minecraft) [CHAT] §2§l§o[TenorClef] §rT2 [HIST] 11:13.1 SOLVE S194 dig-down in progress y=56 child=CollectBlazeRodsTask - pillar/jump nudges stand aside
[03:13:52] [main/INFO] (Minecraft) [STDOUT]: ALTO CLEF: WARNING: T2 [S152] onStop interrupt=null dead=false ph=NETHER y=56.8 -> session preserved
[03:13:52] [main/INFO] (Minecraft) [CHAT] §2§l§o[TenorClef] §cT2 [S152] onStop interrupt=null dead=false ph=NETHER y=56.8 -> session preserved§r
[03:13:55] [T2Deadman/INFO] (Minecraft) [STDOUT]: TENORCLEF: DEADMAN: client tick running 3s — client thread stack, innermost first:
    at knot//net.minecraft.client.world.ClientWorld.method_23777(ClientWorld.java:646)
    at knot//net.minecraft.client.render.BackgroundRenderer.render(BackgroundRenderer.java:83)
    at knot//net.minecraft.client.render.WorldRenderer.render(WorldRenderer.java:1092)
    at knot//net.minecraft.client.render.GameRenderer.renderWorld(GameRenderer.java:717)
    at knot//net.minecraft.client.render.GameRenderer.render(GameRenderer.java:540)
    at knot//net.minecraft.client.MinecraftClient.render(MinecraftClient.java:1021)
    at knot//net.minecraft.client.MinecraftClient.run(MinecraftClient.java:654)
    at knot//net.minecraft.client.main.Main.main(Main.java:215)
    at net.fabricmc.loader.impl.game.minecraft.MinecraftGameProvider.launch(MinecraftGameProvider.java:480)
    at net.fabricmc.loader.impl.launch.knot.Knot.launch(Knot.java:74)
    at net.fabricmc.loader.impl.launch.knot.KnotClient.main(KnotClient.java:23)
    at net.fabricmc.devlaunchinjector.Main.main(Main.java:86)
[03:13:55] [T2Deadman/INFO] (Minecraft) [STDOUT]: TENORCLEF: HARNESS: DEADMAN: client tick running 3s — client thread stack, innermost first:
    at knot//net.minecraft.client.world.ClientWorld.method_23777(ClientWorld.java:646)
    at knot//net.minecraft.client.render.BackgroundRenderer.render(BackgroundRenderer.java:83)
    at knot//net.minecraft.client.render.WorldRenderer.render(WorldRenderer.java:1092)
    at knot//net.minecraft.client.render.GameRenderer.renderWorld(GameRenderer.java:717)
    at knot//net.minecraft.client.render.GameRenderer.render(GameRenderer.java:540)
    at knot//net.minecraft.client.MinecraftClient.render(MinecraftClient.java:1021)
    at knot//net.minecraft.client.MinecraftClient.run(MinecraftClient.java:654)
    at knot//net.minecraft.client.main.Main.main(Main.java:215)
    at net.fabricmc.loader.impl.game.minecraft.MinecraftGameProvider.launch(MinecraftGameProvider.java:480)
    at net.fabricmc.loader.impl.launch.knot.Knot.launch(Knot.java:74)
    at net.fabricmc.loader.impl.launch.knot.KnotClient.main(KnotClient.java:23)
    at net.fabricmc.devlaunchinjector.Main.main(Main.java:86)
[03:13:55] [T2Deadman/INFO] (Minecraft) [STDOUT]: ALTO CLEF: WARNING: T2 [S181] DEADMAN: client tick running 3s — client thread stack, innermost first:
    at knot//net.minecraft.client.world.ClientWorld.method_23777(ClientWorld.java:646)
    at knot//net.minecraft.client.render.BackgroundRenderer.render(BackgroundRenderer.java:83)
    at knot//net.minecraft.client.render.WorldRenderer.render(WorldRenderer.java:1092)
    at knot//net.minecraft.client.render.GameRenderer.renderWorld(GameRenderer.java:717)
    at knot//net.minecraft.client.render.GameRenderer.render(GameRenderer.java:540)
    at knot//net.minecraft.client.MinecraftClient.render(MinecraftClient.java:1021)
    at knot//net.minecraft.client.MinecraftClient.run(MinecraftClient.java:654)
    at knot//net.minecraft.client.main.Main.main(Main.java:215)
    at net.fabricmc.loader.impl.game.minecraft.MinecraftGameProvider.launch(MinecraftGameProvider.java:480)
    at net.fabricmc.loader.impl.launch.knot.Knot.launch(Knot.java:74)
    at net.fabricmc.loader.impl.launch.knot.KnotClient.main(KnotClient.java:23)
    at net.fabricmc.devlaunchinjector.Main.main(Main.java:86)
[03:13:55] [T2Deadman/INFO] (Minecraft) [CHAT] §2§l§o[TenorClef] §cT2 [S181] DEADMAN: client tick running 3s — client thread stack, innermost first:\n    at knot//net.minecraft.client.world.ClientWorld.method_23777(ClientWorld.java:646)\n    at knot//net.minecraft.client.render.BackgroundRenderer.render(BackgroundRenderer.java:83)\n    at knot//net.minecraft.client.render.WorldRenderer.render(WorldRenderer.java:1092)\n    at knot//net.minecraft.client.render.GameRenderer.renderWorld(GameRenderer.java:717)\n    at knot//net.minecraft.client.render.GameRenderer.render(GameRenderer.java:540)\n    at knot//net.minecraft.client.MinecraftClient.render(MinecraftClient.java:1021)\n    at knot//net.minecraft.client.MinecraftClient.run(MinecraftClient.java:654)\n    at knot//net.minecraft.client.main.Main.main(Main.java:215)\n    at net.fabricmc.loader.impl.game.minecraft.MinecraftGameProvider.launch(MinecraftGameProvider.java:480)\n    at net.fabricmc.loader.impl.launch.knot.Knot.launch(Knot.java:74)\n    at net.fabricmc.loader.impl.launch.knot.KnotClient.main(KnotClient.java:23)\n    at net.fabricmc.devlaunchinjector.Main.main(Main.java:86)§r
[03:13:55] [T2Deadman/INFO] (Minecraft) [CHAT] §2§l§o[TenorClef] §rT2 [HIST] 11:16.2 FORCE S181 DEADMAN: client tick running 3s — client thread stack, innermost first:\n    at knot//net.minecraft.client.world.ClientWorld.method_23777(ClientWorld.java:646)\n    at knot//net.minecraft.client.render.BackgroundRenderer.render(BackgroundRenderer.java:83)\n    at knot//net.minecraft.client.render.WorldRenderer.render(WorldRenderer.java:1092)\n    at knot//net.minecraft.client.render.GameRenderer.renderWorld(GameRenderer.java:717)\n    at knot//net.minecraft.client.render.GameRenderer.render(GameRenderer.java:540)\n    at knot//net.minecraft.client.MinecraftClient.render(MinecraftClient.java:1021)\n    at knot//net.minecraft.client.MinecraftClient.run(MinecraftClient.java:654)\n    at knot//net.minecraft.client.main.Main.main(Main.java:215)\n    at net.fabricmc.loader.impl.game.minecraft.MinecraftGameProvider.launch(MinecraftGameProvider.java:480)\n    at net.fabricmc.loader.impl.launch.knot.Knot.launch(Knot.java:74)\n    at net.fabricmc.loader.impl.launch.knot.KnotClient.main(KnotClient.java:23)\n    at net.fabricmc.devlaunchinjector.Main.main(Main.java:86)
[03:13:57] [main/INFO] (Minecraft) [STDOUT]: ALTO CLEF: WARNING: T2 [E80] parent onStart ignored, still ph=NETHER t=11:18.0
[03:13:57] [main/INFO] (Minecraft) [CHAT] §2§l§o[TenorClef] §cT2 [E80] parent onStart ignored, still ph=NETHER t=11:18.0§r
[03:13:57] [main/INFO] (Minecraft) [CHAT] §2§l§o[TenorClef] §rT2 [HIST] 11:18.0 onStart swallowed — keep NETHER
[03:13:57] [main/INFO] (Minecraft) [CHAT] §2§l§o[TenorClef] §rT2 [NOW] t=11:18.0 ph=NETHER @-107,56,-131 do=<Collect blaze rods - 0/6: [[blaze_rod] x 6]> Going to blaze spawner eq=iron_pickaxe woodpick=1 stonepick=1 pick=1 iron=0 buck=1
[03:13:57] [main/INFO] (Minecraft) [STDOUT]: ALTO CLEF: WARNING: T2 [S175] slow client tick 4898ms — NETHER @-107,56,-131 child=CollectBlazeRodsTask
[03:13:57] [main/INFO] (Minecraft) [CHAT] §2§l§o[TenorClef] §cT2 [S175] slow client tick 4898ms — NETHER @-107,56,-131 child=CollectBlazeRodsTask§r
[03:13:57] [main/INFO] (Minecraft) [CHAT] §2§l§o[TenorClef] §rT2 [HB] t=11:18.1 ph=NETHER y=56 child=CollectBlazeRodsTask logs=0 pick=1 woodpick=1
[03:13:58] [pool-5-thread-4/INFO] (Minecraft) [STDOUT]: 747648 movements considered
[03:13:58] [pool-5-thread-4/INFO] (Minecraft) [STDOUT]: Open set size: 9619
[03:13:58] [pool-5-thread-4/INFO] (Minecraft) [STDOUT]: PathNode map size: 43603
[03:13:58] [pool-5-thread-4/INFO] (Minecraft) [STDOUT]: 67968 nodes per second
[03:13:58] [pool-5-thread-4/INFO] (Minecraft) [STDOUT]: Path goes for 5.0990195135927845 blocks
[03:13:58] [main/INFO] (Minecraft) [CHAT] §2§l§o[TenorClef] §rT2 [NOW] t=11:19.0 ph=NETHER @-107,56,-132 do=<Collect blaze rods - 0/6: [[blaze_rod] x 6]> Going to blaze spawner eq=iron_pickaxe woodpick=1 stonepick=1 pick=1 iron=0 buck=1
[03:13:59] [main/INFO] (Minecraft) [CHAT] §2§l§o[TenorClef] §rT2 [NOW] t=11:20.0 ph=NETHER @-109,57,-135 do=<Collect blaze rods - 0/6: [[blaze_rod] x 6]> Going to blaze spawner eq=iron_pickaxe woodpick=1 stonepick=1 pick=1 iron=0 buck=1
[03:13:59] [main/INFO] (Minecraft) [CHAT] §2§l§o[TenorClef] §rT2 [HIST] 11:20.2 SNAP ph=NETHER @-110,57,-135 sky=0 wet=false ground=false pick=1 buck=2 iron=0 ore=4 rods=0 pearls=0 eyes=0 child=CollectBlazeRodsTask dbg=<Collect blaze rods - 0/6: [[blaze_rod] x 6]> Going to blaze spawner mobs=none
[03:14:00] [main/INFO] (Minecraft) [STDOUT]: ALTO CLEF: WARNING: T2 [E118] CollectBlazeRodsTask 90s no inv change ph=NETHER
[03:14:00] [main/INFO] (Minecraft) [CHAT] §2§l§o[TenorClef] §cT2 [E118] CollectBlazeRodsTask 90s no inv change ph=NETHER§r
[03:14:00] [main/INFO] (Minecraft) [CHAT] §2§l§o[TenorClef] §rT2 [HIST] 11:20.9 [E118] CollectBlazeRodsTask 90s no inv change ph=NETHER
[03:14:00] [main/INFO] (Minecraft) [CHAT] §2§l§o[TenorClef] §rT2 [NOW] t=11:21.0 ph=NETHER @-110,57,-135 do=<Collect blaze rods - 0/6: [[blaze_rod] x 6]> Going to blaze spawner eq=iron_pickaxe woodpick=1 stonepick=1 pick=1 iron=0 buck=1
[03:14:01] [main/INFO] (Minecraft) [CHAT] §2§l§o[TenorClef] §rRefreshed inventory...
[03:14:01] [main/INFO] (Minecraft) [CHAT] §2§l§o[TenorClef] §rT2 [NOW] t=11:22.0 ph=NETHER @-110,57,-135 do=<Collect blaze rods - 0/6: [[blaze_rod] x 6]> Going to blaze spawner eq=iron_pickaxe woodpick=1 stonepick=1 pick=1 iron=0 buck=1
[03:14:02] [pool-5-thread-4/INFO] (Minecraft) [STDOUT]: 3888896 movements considered
[03:14:02] [pool-5-thread-4/INFO] (Minecraft) [STDOUT]: Open set size: 26324
[03:14:02] [pool-5-thread-4/INFO] (Minecraft) [STDOUT]: PathNode map size: 203091
[03:14:02] [pool-5-thread-4/INFO] (Minecraft) [STDOUT]: 44192 nodes per second
[03:14:02] [pool-5-thread-4/INFO] (Minecraft) [STDOUT]: Path goes for 30.14962686336267 blocks
[03:14:02] [main/INFO] (Minecraft) [CHAT] §2§l§o[TenorClef] §rT2 [HIST] 11:22.7 SNAP ph=NETHER @-110,57,-135 sky=0 wet=false ground=true pick=1 buck=2 iron=0 ore=4 rods=0 pearls=0 eyes=0 child=CollectBlazeRodsTask dbg=<Collect blaze rods - 0/6: [[blaze_rod] x 6]> Going to blaze spawner mobs=none
[03:14:02] [main/INFO] (Minecraft) [CHAT] §2§l§o[TenorClef] §rT2 [NOW] t=11:23.0 ph=NETHER @-110,57,-136 do=<Collect blaze rods - 0/6: [[blaze_rod] x 6]> Going to blaze spawner eq=iron_pickaxe woodpick=1 stonepick=1 pick=1 iron=0 buck=1
[03:14:02] [main/INFO] (Minecraft) [CHAT] §2§l§o[TenorClef] §rT2 [HB] t=11:23.1 ph=NETHER y=57 child=CollectBlazeRodsTask logs=0 pick=1 woodpick=1
[03:14:03] [main/INFO] (Minecraft) [CHAT] §2§l§o[TenorClef] §rT2 [NOW] t=11:24.0 ph=NETHER @-112,57,-139 do=<Collect blaze rods - 0/6: [[blaze_rod] x 6]> Going to blaze spawner eq=iron_pickaxe woodpick=1 stonepick=1 pick=1 iron=0 buck=1
[03:14:04] [main/INFO] (Minecraft) [STDOUT]: ALTO CLEF: WARNING: T2 [S194] dig-down in progress y=56 child=CollectBlazeRodsTask - pillar/jump nudges stand aside
[03:14:04] [main/INFO] (Minecraft) [CHAT] §2§l§o[TenorClef] §cT2 [S194] dig-down in progress y=56 child=CollectBlazeRodsTask - pillar/jump nudges stand aside§r
[03:14:04] [main/INFO] (Minecraft) [CHAT] §2§l§o[TenorClef] §rT2 [HIST] 11:24.7 SOLVE S194 dig-down in progress y=56 child=CollectBlazeRodsTask - pillar/jump nudges stand aside
[03:14:04] [main/INFO] (Minecraft) [STDOUT]: ALTO CLEF: WARNING: T2 [S152] onStop interrupt=null dead=false ph=NETHER y=56.8 -> session preserved
[03:14:04] [main/INFO] (Minecraft) [CHAT] §2§l§o[TenorClef] §cT2 [S152] onStop interrupt=null dead=false ph=NETHER y=56.8 -> session preserved§r
[03:14:07] [T2Deadman/INFO] (Minecraft) [STDOUT]: TENORCLEF: DEADMAN: client tick running 3s — client thread stack, innermost first:
    at knot//org.lwjgl.opengl.GL11C.glDrawArrays(Native Method)
    at knot//org.lwjgl.opengl.GL11.glDrawArrays(GL11.java:1826)
    at knot//com.mojang.blaze3d.platform.GlStateManager.drawArrays(GlStateManager.java:1501)
    at knot//com.mojang.blaze3d.systems.RenderSystem.drawArrays(RenderSystem.java:966)
    at knot//net.minecraft.client.gl.VertexBuffer.draw(VertexBuffer.java:60)
    at knot//net.minecraft.client.render.WorldRenderer.renderLayer(WorldRenderer.java:1494)
    at knot//net.minecraft.client.render.WorldRenderer.render(WorldRenderer.java:1129)
    at knot//net.minecraft.client.render.GameRenderer.renderWorld(GameRenderer.java:717)
    at knot//net.minecraft.client.render.GameRenderer.render(GameRenderer.java:540)
    at knot//net.minecraft.client.MinecraftClient.render(MinecraftClient.java:1021)
    at knot//net.minecraft.client.MinecraftClient.run(MinecraftClient.java:654)
    at knot//net.minecraft.client.main.Main.main(Main.java:215)
    at net.fabricmc.loader.impl.game.minecraft.MinecraftGameProvider.launch(MinecraftGameProvider.java:480)
    at net.fabricmc.loader.impl.launch.knot.Knot.launch(Knot.java:74)
    at net.fabricmc.loader.impl.launch.knot.KnotClient.main(KnotClient.java:23)
    at net.fabricmc.devlaunchinjector.Main.main(Main.java:86)
[03:14:07] [T2Deadman/INFO] (Minecraft) [STDOUT]: TENORCLEF: HARNESS: DEADMAN: client tick running 3s — client thread stack, innermost first:
    at knot//org.lwjgl.opengl.GL11C.glDrawArrays(Native Method)
    at knot//org.lwjgl.opengl.GL11.glDrawArrays(GL11.java:1826)
    at knot//com.mojang.blaze3d.platform.GlStateManager.drawArrays(GlStateManager.java:1501)
    at knot//com.mojang.blaze3d.systems.RenderSystem.drawArrays(RenderSystem.java:966)
    at knot//net.minecraft.client.gl.VertexBuffer.draw(VertexBuffer.java:60)
    at knot//net.minecraft.client.render.WorldRenderer.renderLayer(WorldRenderer.java:1494)
    at knot//net.minecraft.client.render.WorldRenderer.render(WorldRenderer.java:1129)
    at knot//net.minecraft.client.render.GameRenderer.renderWorld(GameRenderer.java:717)
    at knot//net.minecraft.client.render.GameRenderer.render(GameRenderer.java:540)
    at knot//net.minecraft.client.MinecraftClient.render(MinecraftClient.java:1021)
    at knot//net.minecraft.client.MinecraftClient.run(MinecraftClient.java:654)
    at knot//net.minecraft.client.main.Main.main(Main.java:215)
    at net.fabricmc.loader.impl.game.minecraft.MinecraftGameProvider.launch(MinecraftGameProvider.java:480)
    at net.fabricmc.loader.impl.launch.knot.Knot.launch(Knot.java:74)
    at net.fabricmc.loader.impl.launch.knot.KnotClient.main(KnotClient.java:23)
    at net.fabricmc.devlaunchinjector.Main.main(Main.java:86)
[03:14:07] [T2Deadman/INFO] (Minecraft) [STDOUT]: ALTO CLEF: WARNING: T2 [S181] DEADMAN: client tick running 3s — client thread stack, innermost first:
    at knot//org.lwjgl.opengl.GL11C.glDrawArrays(Native Method)
    at knot//org.lwjgl.opengl.GL11.glDrawArrays(GL11.java:1826)
    at knot//com.mojang.blaze3d.platform.GlStateManager.drawArrays(GlStateManager.java:1501)
    at knot//com.mojang.blaze3d.systems.RenderSystem.drawArrays(RenderSystem.java:966)
    at knot//net.minecraft.client.gl.VertexBuffer.draw(VertexBuffer.java:60)
    at knot//net.minecraft.client.render.WorldRenderer.renderLayer(WorldRenderer.java:1494)
    at knot//net.minecraft.client.render.WorldRenderer.render(WorldRenderer.java:1129)
    at knot//net.minecraft.client.render.GameRenderer.renderWorld(GameRenderer.java:717)
    at knot//net.minecraft.client.render.GameRenderer.render(GameRenderer.java:540)
    at knot//net.minecraft.client.MinecraftClient.render(MinecraftClient.java:1021)
    at knot//net.minecraft.client.MinecraftClient.run(MinecraftClient.java:654)
    at knot//net.minecraft.client.main.Main.main(Main.java:215)
    at net.fabricmc.loader.impl.game.minecraft.MinecraftGameProvider.launch(MinecraftGameProvider.java:480)
    at net.fabricmc.loader.impl.launch.knot.Knot.launch(Knot.java:74)
    at net.fabricmc.loader.impl.launch.knot.KnotClient.main(KnotClient.java:23)
    at net.fabricmc.devlaunchinjector.Main.main(Main.java:86)
[03:14:07] [T2Deadman/INFO] (Minecraft) [CHAT] §2§l§o[TenorClef] §cT2 [S181] DEADMAN: client tick running 3s — client thread stack, innermost first:\n    at knot//org.lwjgl.opengl.GL11C.glDrawArrays(Native Method)\n    at knot//org.lwjgl.opengl.GL11.glDrawArrays(GL11.java:1826)\n    at knot//com.mojang.blaze3d.platform.GlStateManager.drawArrays(GlStateManager.java:1501)\n    at knot//com.mojang.blaze3d.systems.RenderSystem.drawArrays(RenderSystem.java:966)\n    at knot//net.minecraft.client.gl.VertexBuffer.draw(VertexBuffer.java:60)\n    at knot//net.minecraft.client.render.WorldRenderer.renderLayer(WorldRenderer.java:1494)\n    at knot//net.minecraft.client.render.WorldRenderer.render(WorldRenderer.java:1129)\n    at knot//net.minecraft.client.render.GameRenderer.renderWorld(GameRenderer.java:717)\n    at knot//net.minecraft.client.render.GameRenderer.render(GameRenderer.java:540)\n    at knot//net.minecraft.client.MinecraftClient.render(MinecraftClient.java:1021)\n    at knot//net.minecraft.client.MinecraftClient.run(MinecraftClient.java:654)\n    at knot//net.minecraft.client.main.Main.main(Main.java:215)\n    at net.fabricmc.loader.impl.game.minecraft.MinecraftGameProvider.launch(MinecraftGameProvider.java:480)\n    at net.fabricmc.loader.impl.launch.knot.Knot.launch(Knot.java:74)\n    at net.fabricmc.loader.impl.launch.knot.KnotClient.main(KnotClient.java:23)\n    at net.fabricmc.devlaunchinjector.Main.main(Main.java:86)§r
[03:14:07] [T2Deadman/INFO] (Minecraft) [CHAT] §2§l§o[TenorClef] §rT2 [HIST] 11:27.7 FORCE S181 DEADMAN: client tick running 3s — client thread stack, innermost first:\n    at knot//org.lwjgl.opengl.GL11C.glDrawArrays(Native Method)\n    at knot//org.lwjgl.opengl.GL11.glDrawArrays(GL11.java:1826)\n    at knot//com.mojang.blaze3d.platform.GlStateManager.drawArrays(GlStateManager.java:1501)\n    at knot//com.mojang.blaze3d.systems.RenderSystem.drawArrays(RenderSystem.java:966)\n    at knot//net.minecraft.client.gl.VertexBuffer.draw(VertexBuffer.java:60)\n    at knot//net.minecraft.client.render.WorldRenderer.renderLayer(WorldRenderer.java:1494)\n    at knot//net.minecraft.client.render.WorldRenderer.render(WorldRenderer.java:1129)\n    at knot//net.minecraft.client.render.GameRenderer.renderWorld(GameRenderer.java:717)\n    at knot//net.minecraft.client.render.GameRenderer.render(GameRenderer.java:540)\n    at knot//net.minecraft.client.MinecraftClient.render(MinecraftClient.java:1021)\n    at knot//net.minecraft.client.MinecraftClient.run(MinecraftClient.java:654)\n    at knot//net.minecraft.client.main.Main.main(Main.java:215)\n    at net.fabricmc.loader.impl.game.minecraft.MinecraftGameProvider.launch(MinecraftGameProvider.java:480)\n    at net.fabricmc.loader.impl.launch.knot.Knot.launch(Knot.java:74)\n    at net.fabricmc.loader.impl.launch.knot.KnotClient.main(KnotClient.java:23)\n    at net.fabricmc.devlaunchinjector.Main.main(Main.java:86)
[03:14:09] [main/INFO] (Minecraft) [STDOUT]: ALTO CLEF: WARNING: T2 [E80] parent onStart ignored, still ph=NETHER t=11:29.6
[03:14:09] [main/INFO] (Minecraft) [CHAT] §2§l§o[TenorClef] §cT2 [E80] parent onStart ignored, still ph=NETHER t=11:29.6§r
[03:14:09] [main/INFO] (Minecraft) [CHAT] §2§l§o[TenorClef] §rT2 [HIST] 11:29.6 onStart swallowed — keep NETHER
[03:14:09] [main/INFO] (Minecraft) [STDOUT]: ALTO CLEF: WARNING: T2 [S175] slow client tick 4844ms — NETHER @-107,56,-131 child=CollectBlazeRodsTask
[03:14:09] [main/INFO] (Minecraft) [CHAT] §2§l§o[TenorClef] §cT2 [S175] slow client tick 4844ms — NETHER @-107,56,-131 child=CollectBlazeRodsTask§r
[03:14:09] [main/INFO] (Minecraft) [CHAT] §2§l§o[TenorClef] §rT2 [NOW] t=11:29.8 ph=NETHER @-107,56,-131 do=<Collect blaze rods - 0/6: [[blaze_rod] x 6]> Going to blaze spawner eq=iron_pickaxe woodpick=1 stonepick=1 pick=1 iron=0 buck=1
[03:14:09] [main/INFO] (Minecraft) [CHAT] §2§l§o[TenorClef] §rT2 [HIST] 11:30.0 SNAP ph=NETHER @-107,56,-131 sky=0 wet=false ground=true pick=1 buck=2 iron=0 ore=4 rods=0 pearls=0 eyes=0 child=CollectBlazeRodsTask dbg=<Collect blaze rods - 0/6: [[blaze_rod] x 6]> Going to blaze spawner mobs=none
[03:14:09] [pool-5-thread-4/INFO] (Minecraft) [STDOUT]: 702592 movements considered
[03:14:09] [pool-5-thread-4/INFO] (Minecraft) [STDOUT]: Open set size: 9248
[03:14:09] [pool-5-thread-4/INFO] (Minecraft) [STDOUT]: PathNode map size: 41184
[03:14:09] [pool-5-thread-4/INFO] (Minecraft) [STDOUT]: 63872 nodes per second
[03:14:09] [pool-5-thread-4/INFO] (Minecraft) [STDOUT]: Path goes for 5.0990195135927845 blocks
[03:14:10] [main/INFO] (Minecraft) [CHAT] §2§l§o[TenorClef] §rT2 [NOW] t=11:30.8 ph=NETHER @-107,56,-133 do=<Collect blaze rods - 0/6: [[blaze_rod] x 6]> Going to blaze spawner eq=iron_pickaxe woodpick=1 stonepick=1 pick=1 iron=0 buck=1
[03:14:11] [main/INFO] (Minecraft) [CHAT] §2§l§o[TenorClef] §rT2 [NOW] t=11:31.8 ph=NETHER @-110,57,-135 do=<Collect blaze rods - 0/6: [[blaze_rod] x 6]> Going to blaze spawner eq=iron_pickaxe woodpick=1 stonepick=1 pick=1 iron=0 buck=1
[03:14:12] [main/INFO] (Minecraft) [CHAT] §2§l§o[TenorClef] §rT2 [HIST] 11:32.5 SNAP ph=NETHER @-110,57,-135 sky=0 wet=false ground=true pick=1 buck=2 iron=0 ore=4 rods=0 pearls=0 eyes=0 child=CollectBlazeRodsTask dbg=<Collect blaze rods - 0/6: [[blaze_rod] x 6]> Going to blaze spawner mobs=none
[03:14:12] [main/INFO] (Minecraft) [CHAT] §2§l§o[TenorClef] §rT2 [NOW] t=11:32.8 ph=NETHER @-110,57,-135 do=<Collect blaze rods - 0/6: [[blaze_rod] x 6]> Going to blaze spawner eq=iron_pickaxe woodpick=1 stonepick=1 pick=1 iron=0 buck=1
[03:14:12] [main/INFO] (Minecraft) [CHAT] §2§l§o[TenorClef] §rT2 [HB] t=11:32.9 ph=NETHER y=57 child=CollectBlazeRodsTask logs=0 pick=1 woodpick=1
[03:14:13] [main/INFO] (Minecraft) [CHAT] §2§l§o[TenorClef] §rT2 [NOW] t=11:33.8 ph=NETHER @-110,57,-135 do=<Collect blaze rods - 0/6: [[blaze_rod] x 6]> Going to blaze spawner eq=iron_pickaxe woodpick=1 stonepick=1 pick=1 iron=0 buck=1
[03:14:13] [pool-5-thread-4/INFO] (Minecraft) [STDOUT]: 3984640 movements considered
[03:14:13] [pool-5-thread-4/INFO] (Minecraft) [STDOUT]: Open set size: 26817
[03:14:13] [pool-5-thread-4/INFO] (Minecraft) [STDOUT]: PathNode map size: 207936
[03:14:13] [pool-5-thread-4/INFO] (Minecraft) [STDOUT]: 45280 nodes per second
[03:14:13] [pool-5-thread-4/INFO] (Minecraft) [STDOUT]: Path goes for 30.14962686336267 blocks
[03:14:14] [main/INFO] (Minecraft) [CHAT] §2§l§o[TenorClef] §rT2 [NOW] t=11:34.8 ph=NETHER @-111,57,-136 do=<Collect blaze rods - 0/6: [[blaze_rod] x 6]> Going to blaze spawner eq=iron_pickaxe woodpick=1 stonepick=1 pick=1 iron=0 buck=1
[03:14:14] [main/INFO] (Minecraft) [CHAT] §2§l§o[TenorClef] §rT2 [HIST] 11:35.0 SNAP ph=NETHER @-111,57,-137 sky=0 wet=false ground=true pick=1 buck=2 iron=0 ore=4 rods=0 pearls=0 eyes=0 child=CollectBlazeRodsTask dbg=<Collect blaze rods - 0/6: [[blaze_rod] x 6]> Going to blaze spawner mobs=none
[03:14:15] [main/INFO] (Minecraft) [CHAT] §2§l§o[TenorClef] §rT2 [NOW] t=11:35.8 ph=NETHER @-112,57,-139 do=<Collect blaze rods - 0/6: [[blaze_rod] x 6]> Going to blaze spawner eq=iron_pickaxe woodpick=1 stonepick=1 pick=1 iron=0 buck=1
[03:14:16] [main/INFO] (Minecraft) [STDOUT]: ALTO CLEF: WARNING: T2 [S194] dig-down in progress y=56 child=CollectBlazeRodsTask - pillar/jump nudges stand aside
[03:14:16] [main/INFO] (Minecraft) [CHAT] §2§l§o[TenorClef] §cT2 [S194] dig-down in progress y=56 child=CollectBlazeRodsTask - pillar/jump nudges stand aside§r
[03:14:16] [main/INFO] (Minecraft) [CHAT] §2§l§o[TenorClef] §rT2 [HIST] 11:36.3 SOLVE S194 dig-down in progress y=56 child=CollectBlazeRodsTask - pillar/jump nudges stand aside
[03:14:16] [main/INFO] (Minecraft) [STDOUT]: ALTO CLEF: WARNING: T2 [S152] onStop interrupt=null dead=false ph=NETHER y=56.8 -> session preserved
[03:14:16] [main/INFO] (Minecraft) [CHAT] §2§l§o[TenorClef] §cT2 [S152] onStop interrupt=null dead=false ph=NETHER y=56.8 -> session preserved§r
[03:14:19] [T2Deadman/INFO] (Minecraft) [STDOUT]: TENORCLEF: DEADMAN: client tick running 3s — client thread stack, innermost first:
    at knot//com.mojang.blaze3d.systems.RenderSystem.assertThread(RenderSystem.java:84)
    at knot//com.mojang.blaze3d.platform.GlStateManager.bindTexture(GlStateManager.java:1227)
    at knot//net.minecraft.client.texture.AbstractTexture.bindTexture(AbstractTexture.java:70)
    at knot//net.minecraft.client.texture.TextureManager.bindTextureInner(TextureManager.java:64)
    at knot//net.minecraft.client.texture.TextureManager.bindTexture(TextureManager.java:51)
    at knot//net.minecraft.client.render.RenderPhase$Texture.method_23563(RenderPhase.java:214)
    at knot//net.minecraft.client.render.RenderPhase.startDrawing(RenderPhase.java:32)
    at knot//com.google.common.collect.ImmutableList.forEach(ImmutableList.java:408)
    at knot//net.minecraft.client.render.RenderLayer$MultiPhase.method_23596(RenderLayer.java:825)
    at knot//net.minecraft.client.render.RenderPhase.startDrawing(RenderPhase.java:32)
    at knot//net.minecraft.client.render.RenderLayer.draw(RenderLayer.java:586)
    at knot//net.minecraft.client.render.VertexConsumerProvider$Immediate.draw(VertexConsumerProvider.java:86)
    at knot//net.minecraft.client.render.VertexConsumerProvider$Immediate.method_24213(VertexConsumerProvider.java:65)
    at java.base/java.util.Optional.ifPresent(Optional.java:178)
    at knot//net.minecraft.client.render.VertexConsumerProvider$Immediate.draw(VertexConsumerProvider.java:62)
    at knot//net.minecraft.client.font.TextRenderer.draw(TextRenderer.java:108)
    at knot//net.minecraft.client.font.TextRenderer.drawWithShadow(TextRenderer.java:75)
    at knot//net.minecraft.client.gui.hud.ChatHud.render(ChatHud.java:98)
    at knot//net.minecraft.client.gui.hud.InGameHud.render(InGameHud.java:360)
    at knot//net.minecraft.client.render.GameRenderer.render(GameRenderer.java:584)
    at knot//net.minecraft.client.MinecraftClient.render(MinecraftClient.java:1021)
    at knot//net.minecraft.client.MinecraftClient.run(MinecraftClient.java:654)
    at knot//net.minecraft.client.main.Main.main(Main.java:215)
    at net.fabricmc.loader.impl.game.minecraft.MinecraftGameProvider.launch(MinecraftGameProvider.java:480)
    at net.fabricmc.loader.impl.launch.knot.Knot.launch(Knot.java:74)
    at net.fabricmc.loader.impl.launch.knot.KnotClient.main(KnotClient.java:23)
    at net.fabricmc.devlaunchinjector.Main.main(Main.java:86)
[03:14:19] [T2Deadman/INFO] (Minecraft) [STDOUT]: TENORCLEF: HARNESS: DEADMAN: client tick running 3s — client thread stack, innermost first:
    at knot//com.mojang.blaze3d.systems.RenderSystem.assertThread(RenderSystem.java:84)
    at knot//com.mojang.blaze3d.platform.GlStateManager.bindTexture(GlStateManager.java:1227)
    at knot//net.minecraft.client.texture.AbstractTexture.bindTexture(AbstractTexture.java:70)
    at knot//net.minecraft.client.texture.TextureManager.bindTextureInner(TextureManager.java:64)
    at knot//net.minecraft.client.texture.TextureManager.bindTexture(TextureManager.java:51)
    at knot//net.minecraft.client.render.RenderPhase$Texture.method_23563(RenderPhase.java:214)
    at knot//net.minecraft.client.render.RenderPhase.startDrawing(RenderPhase.java:32)
    at knot//com.google.common.collect.ImmutableList.forEach(ImmutableList.java:408)
    at knot//net.minecraft.client.render.RenderLayer$MultiPhase.method_23596(RenderLayer.java:825)
    at knot//net.minecraft.client.render.RenderPhase.startDrawing(RenderPhase.java:32)
    at knot//net.minecraft.client.render.RenderLayer.draw(RenderLayer.java:586)
    at knot//net.minecraft.client.render.VertexConsumerProvider$Immediate.draw(VertexConsumerProvider.java:86)
    at knot//net.minecraft.client.render.VertexConsumerProvider$Immediate.method_24213(VertexConsumerProvider.java:65)
    at java.base/java.util.Optional.ifPresent(Optional.java:178)
    at knot//net.minecraft.client.render.VertexConsumerProvider$Immediate.draw(VertexConsumerProvider.java:62)
    at knot//net.minecraft.client.font.TextRenderer.draw(TextRenderer.java:108)
    at knot//net.minecraft.client.font.TextRenderer.drawWithShadow(TextRenderer.java:75)
    at knot//net.minecraft.client.gui.hud.ChatHud.render(ChatHud.java:98)
    at knot//net.minecraft.client.gui.hud.InGameHud.render(InGameHud.java:360)
    at knot//net.minecraft.client.render.GameRenderer.render(GameRenderer.java:584)
    at knot//net.minecraft.client.MinecraftClient.render(MinecraftClient.java:1021)
    at knot//net.minecraft.client.MinecraftClient.run(MinecraftClient.java:654)
    at knot//net.minecraft.client.main.Main.main(Main.java:215)
    at net.fabricmc.loader.impl.game.minecraft.MinecraftGameProvider.launch(MinecraftGameProvider.java:480)
    at net.fabricmc.loader.impl.launch.knot.Knot.launch(Knot.java:74)
    at net.fabricmc.loader.impl.launch.knot.KnotClient.main(KnotClient.java:23)
    at net.fabricmc.devlaunchinjector.Main.main(Main.java:86)
[03:14:19] [T2Deadman/INFO] (Minecraft) [STDOUT]: ALTO CLEF: WARNING: T2 [S181] DEADMAN: client tick running 3s — client thread stack, innermost first:
    at knot//com.mojang.blaze3d.systems.RenderSystem.assertThread(RenderSystem.java:84)
    at knot//com.mojang.blaze3d.platform.GlStateManager.bindTexture(GlStateManager.java:1227)
    at knot//net.minecraft.client.texture.AbstractTexture.bindTexture(AbstractTexture.java:70)
    at knot//net.minecraft.client.texture.TextureManager.bindTextureInner(TextureManager.java:64)
    at knot//net.minecraft.client.texture.TextureManager.bindTexture(TextureManager.java:51)
    at knot//net.minecraft.client.render.RenderPhase$Texture.method_23563(RenderPhase.java:214)
    at knot//net.minecraft.client.render.RenderPhase.startDrawing(RenderPhase.java:32)
    at knot//com.google.common.collect.ImmutableList.forEach(ImmutableList.java:408)
    at knot//net.minecraft.client.render.RenderLayer$MultiPhase.method_23596(RenderLayer.java:825)
    at knot//net.minecraft.client.render.RenderPhase.startDrawing(RenderPhase.java:32)
    at knot//net.minecraft.client.render.RenderLayer.draw(RenderLayer.java:586)
    at knot//net.minecraft.client.render.VertexConsumerProvider$Immediate.draw(VertexConsumerProvider.java:86)
    at knot//net.minecraft.client.render.VertexConsumerProvider$Immediate.method_24213(VertexConsumerProvider.java:65)
    at java.base/java.util.Optional.ifPresent(Optional.java:178)
    at knot//net.minecraft.client.render.VertexConsumerProvider$Immediate.draw(VertexConsumerProvider.java:62)
    at knot//net.minecraft.client.font.TextRenderer.draw(TextRenderer.java:108)
    at knot//net.minecraft.client.font.TextRenderer.drawWithShadow(TextRenderer.java:75)
    at knot//net.minecraft.client.gui.hud.ChatHud.render(ChatHud.java:98)
    at knot//net.minecraft.client.gui.hud.InGameHud.render(InGameHud.java:360)
    at knot//net.minecraft.client.render.GameRenderer.render(GameRenderer.java:584)
    at knot//net.minecraft.client.MinecraftClient.render(MinecraftClient.java:1021)
    at knot//net.minecraft.client.MinecraftClient.run(MinecraftClient.java:654)
    at knot//net.minecraft.client.main.Main.main(Main.java:215)
    at net.fabricmc.loader.impl.game.minecraft.MinecraftGameProvider.launch(MinecraftGameProvider.java:480)
    at net.fabricmc.loader.impl.launch.knot.Knot.launch(Knot.java:74)
    at net.fabricmc.loader.impl.launch.knot.KnotClient.main(KnotClient.java:23)
    at net.fabricmc.devlaunchinjector.Main.main(Main.java:86)
[03:14:19] [T2Deadman/INFO] (Minecraft) [CHAT] §2§l§o[TenorClef] §cT2 [S181] DEADMAN: client tick running 3s — client thread stack, innermost first:\n    at knot//com.mojang.blaze3d.systems.RenderSystem.assertThread(RenderSystem.java:84)\n    at knot//com.mojang.blaze3d.platform.GlStateManager.bindTexture(GlStateManager.java:1227)\n    at knot//net.minecraft.client.texture.AbstractTexture.bindTexture(AbstractTexture.java:70)\n    at knot//net.minecraft.client.texture.TextureManager.bindTextureInner(TextureManager.java:64)\n    at knot//net.minecraft.client.texture.TextureManager.bindTexture(TextureManager.java:51)\n    at knot//net.minecraft.client.render.RenderPhase$Texture.method_23563(RenderPhase.java:214)\n    at knot//net.minecraft.client.render.RenderPhase.startDrawing(RenderPhase.java:32)\n    at knot//com.google.common.collect.ImmutableList.forEach(ImmutableList.java:408)\n    at knot//net.minecraft.client.render.RenderLayer$MultiPhase.method_23596(RenderLayer.java:825)\n    at knot//net.minecraft.client.render.RenderPhase.startDrawing(RenderPhase.java:32)\n    at knot//net.minecraft.client.render.RenderLayer.draw(RenderLayer.java:586)\n    at knot//net.minecraft.client.render.VertexConsumerProvider$Immediate.draw(VertexConsumerProvider.java:86)\n    at knot//net.minecraft.client.render.VertexConsumerProvider$Immediate.method_24213(VertexConsumerProvider.java:65)\n    at java.base/java.util.Optional.ifPresent(Optional.java:178)\n    at knot//net.minecraft.client.render.VertexConsumerProvider$Immediate.draw(VertexConsumerProvider.java:62)\n    at knot//net.minecraft.client.font.TextRenderer.draw(TextRenderer.java:108)\n    at knot//net.minecraft.client.font.TextRenderer.drawWithShadow(TextRenderer.java:75)\n    at knot//net.minecraft.client.gui.hud.ChatHud.render(ChatHud.java:98)\n    at knot//net.minecraft.client.gui.hud.InGameHud.render(InGameHud.java:360)\n    at knot//net.minecraft.client.render.GameRenderer.render(GameRenderer.java:584)\n    at knot//net.minecraft.client.MinecraftClient.render(MinecraftClient.java:1021)\n    at knot//net.minecraft.client.MinecraftClient.run(MinecraftClient.java:654)\n    at knot//net.minecraft.client.main.Main.main(Main.java:215)\n    at net.fabricmc.loader.impl.game.minecraft.MinecraftGameProvider.launch(MinecraftGameProvider.java:480)\n    at net.fabricmc.loader.impl.launch.knot.Knot.launch(Knot.java:74)\n    at net.fabricmc.loader.impl.launch.knot.KnotClient.main(KnotClient.java:23)\n    at net.fabricmc.devlaunchinjector.Main.main(Main.java:86)§r
[03:14:19] [T2Deadman/INFO] (Minecraft) [CHAT] §2§l§o[TenorClef] §rT2 [HIST] 11:39.4 FORCE S181 DEADMAN: client tick running 3s — client thread stack, innermost first:\n    at knot//com.mojang.blaze3d.systems.RenderSystem.assertThread(RenderSystem.java:84)\n    at knot//com.mojang.blaze3d.platform.GlStateManager.bindTexture(GlStateManager.java:1227)\n    at knot//net.minecraft.client.texture.AbstractTexture.bindTexture(AbstractTexture.java:70)\n    at knot//net.minecraft.client.texture.TextureManager.bindTextureInner(TextureManager.java:64)\n    at knot//net.minecraft.client.texture.TextureManager.bindTexture(TextureManager.java:51)\n    at knot//net.minecraft.client.render.RenderPhase$Texture.method_23563(RenderPhase.java:214)\n    at knot//net.minecraft.client.render.RenderPhase.startDrawing(RenderPhase.java:32)\n    at knot//com.google.common.collect.ImmutableList.forEach(ImmutableList.java:408)\n    at knot//net.minecraft.client.render.RenderLayer$MultiPhase.method_23596(RenderLayer.java:825)\n    at knot//net.minecraft.client.render.RenderPhase.startDrawing(RenderPhase.java:32)\n    at knot//net.minecraft.client.render.RenderLayer.draw(RenderLayer.java:586)\n    at knot//net.minecraft.client.render.VertexConsumerProvider$Immediate.draw(VertexConsumerProvider.java:86)\n    at knot//net.minecraft.client.render.VertexConsumerProvider$Immediate.method_24213(VertexConsumerProvider.java:65)\n    at java.base/java.util.Optional.ifPresent(Optional.java:178)\n    at knot//net.minecraft.client.render.VertexConsumerProvider$Immediate.draw(VertexConsumerProvider.java:62)\n    at knot//net.minecraft.client.font.TextRenderer.draw(TextRenderer.java:108)\n    at knot//net.minecraft.client.font.TextRenderer.drawWithShadow(TextRenderer.java:75)\n    at knot//net.minecraft.client.gui.hud.ChatHud.render(ChatHud.java:98)\n    at knot//net.minecraft.client.gui.hud.InGameHud.render(InGameHud.java:360)\n    at knot//net.minecraft.client.render.GameRenderer.render(GameRenderer.java:584)\n    at knot//net.minecraft.client.MinecraftClient.render(MinecraftClient.java:1021)\n    at knot//net.minecraft.client.MinecraftClient.run(MinecraftClient.java:654)\n    at knot//net.minecraft.client.main.Main.main(Main.java:215)\n    at net.fabricmc.loader.impl.game.minecraft.MinecraftGameProvider.launch(MinecraftGameProvider.java:480)\n    at net.fabricmc.loader.impl.launch.knot.Knot.launch(Knot.java:74)\n    at net.fabricmc.loader.impl.launch.knot.KnotClient.main(KnotClient.java:23)\n    at net.fabricmc.devlaunchinjector.Main.main(Main.java:86)
[03:14:21] [main/INFO] (Minecraft) [STDOUT]: ALTO CLEF: WARNING: T2 [E80] parent onStart ignored, still ph=NETHER t=11:41.4
[03:14:21] [main/INFO] (Minecraft) [CHAT] §2§l§o[TenorClef] §cT2 [E80] parent onStart ignored, still ph=NETHER t=11:41.4§r
[03:14:21] [main/INFO] (Minecraft) [CHAT] §2§l§o[TenorClef] §rT2 [HIST] 11:41.4 onStart swallowed — keep NETHER
[03:14:21] [main/INFO] (Minecraft) [STDOUT]: ALTO CLEF: WARNING: T2 [S175] slow client tick 5102ms — NETHER @-107,56,-131 child=CollectBlazeRodsTask
[03:14:21] [main/INFO] (Minecraft) [CHAT] §2§l§o[TenorClef] §cT2 [S175] slow client tick 5102ms — NETHER @-107,56,-131 child=CollectBlazeRodsTask§r
[03:14:21] [main/INFO] (Minecraft) [CHAT] §2§l§o[TenorClef] §rT2 [NOW] t=11:41.8 ph=NETHER @-107,56,-131 do=<Collect blaze rods - 0/6: [[blaze_rod] x 6]> Going to blaze spawner eq=iron_pickaxe woodpick=1 stonepick=1 pick=1 iron=0 buck=1
[03:14:21] [pool-5-thread-4/INFO] (Minecraft) [STDOUT]: 292864 movements considered
[03:14:21] [pool-5-thread-4/INFO] (Minecraft) [STDOUT]: Open set size: 5549
[03:14:21] [pool-5-thread-4/INFO] (Minecraft) [STDOUT]: PathNode map size: 18861
[03:14:21] [pool-5-thread-4/INFO] (Minecraft) [STDOUT]: 26204 nodes per second
[03:14:21] [pool-5-thread-4/INFO] (Minecraft) [STDOUT]: Path goes for 5.0990195135927845 blocks
[03:14:22] [main/INFO] (Minecraft) [CHAT] §2§l§o[TenorClef] §rT2 [HIST] 11:42.5 SNAP ph=NETHER @-107,56,-133 sky=0 wet=false ground=true pick=1 buck=2 iron=0 ore=4 rods=0 pearls=0 eyes=0 child=CollectBlazeRodsTask dbg=<Collect blaze rods - 0/6: [[blaze_rod] x 6]> Going to blaze spawner mobs=none
[03:14:22] [main/INFO] (Minecraft) [CHAT] §2§l§o[TenorClef] §rT2 [NOW] t=11:42.8 ph=NETHER @-108,56,-133 do=<Collect blaze rods - 0/6: [[blaze_rod] x 6]> Going to blaze spawner eq=iron_pickaxe woodpick=1 stonepick=1 pick=1 iron=0 buck=1
[03:14:22] [main/INFO] (Minecraft) [CHAT] §2§l§o[TenorClef] §rT2 [HB] t=11:43.0 ph=NETHER y=56 child=CollectBlazeRodsTask logs=0 pick=1 woodpick=1
[03:14:23] [main/INFO] (Minecraft) [CHAT] §2§l§o[TenorClef] §rT2 [NOW] t=11:43.8 ph=NETHER @-110,57,-135 do=<Collect blaze rods - 0/6: [[blaze_rod] x 6]> Going to blaze spawner eq=iron_pickaxe woodpick=1 stonepick=1 pick=1 iron=0 buck=1
[03:14:24] [main/INFO] (Minecraft) [CHAT] §2§l§o[TenorClef] §rT2 [NOW] t=11:44.8 ph=NETHER @-110,57,-135 do=<Collect blaze rods - 0/6: [[blaze_rod] x 6]> Going to blaze spawner eq=iron_pickaxe woodpick=1 stonepick=1 pick=1 iron=0 buck=1
[03:14:24] [main/INFO] (Minecraft) [CHAT] §2§l§o[TenorClef] §rT2 [HIST] 11:45.0 SNAP ph=NETHER @-110,57,-135 sky=0 wet=false ground=true pick=1 buck=2 iron=0 ore=4 rods=0 pearls=0 eyes=0 child=CollectBlazeRodsTask dbg=<Collect blaze rods - 0/6: [[blaze_rod] x 6]> Going to blaze spawner mobs=none
[03:14:25] [main/INFO] (Minecraft) [CHAT] §2§l§o[TenorClef] §rT2 [NOW] t=11:45.8 ph=NETHER @-110,57,-135 do=<Collect blaze rods - 0/6: [[blaze_rod] x 6]> Going to blaze spawner eq=iron_pickaxe woodpick=1 stonepick=1 pick=1 iron=0 buck=1
[03:14:25] [pool-5-thread-4/INFO] (Minecraft) [STDOUT]: 2166912 movements considered
[03:14:25] [pool-5-thread-4/INFO] (Minecraft) [STDOUT]: Open set size: 16768
[03:14:25] [pool-5-thread-4/INFO] (Minecraft) [STDOUT]: PathNode map size: 115263
[03:14:25] [pool-5-thread-4/INFO] (Minecraft) [STDOUT]: 24617 nodes per second
[03:14:25] [pool-5-thread-4/INFO] (Minecraft) [STDOUT]: Path goes for 30.14962686336267 blocks
[03:14:26] [main/INFO] (Minecraft) [CHAT] §2§l§o[TenorClef] §rT2 [NOW] t=11:46.8 ph=NETHER @-111,57,-137 do=<Collect blaze rods - 0/6: [[blaze_rod] x 6]> Going to blaze spawner eq=iron_pickaxe woodpick=1 stonepick=1 pick=1 iron=0 buck=1
[03:14:27] [main/INFO] (Minecraft) [CHAT] §2§l§o[TenorClef] §rT2 [HIST] 11:47.5 SNAP ph=NETHER @-112,57,-139 sky=0 wet=false ground=true pick=1 buck=2 iron=0 ore=4 rods=0 pearls=0 eyes=0 child=CollectBlazeRodsTask dbg=<Collect blaze rods - 0/6: [[blaze_rod] x 6]> Going to blaze spawner mobs=none
[03:14:27] [main/INFO] (Minecraft) [CHAT] §2§l§o[TenorClef] §rT2 [NOW] t=11:47.8 ph=NETHER @-112,57,-140 do=<Collect blaze rods - 0/6: [[blaze_rod] x 6]> Going to blaze spawner eq=iron_pickaxe woodpick=1 stonepick=1 pick=1 iron=0 buck=1
[03:14:27] [main/INFO] (Minecraft) [CHAT] §2§l§o[TenorClef] §rT2 [HB] t=11:48.0 ph=NETHER y=57 child=CollectBlazeRodsTask logs=0 pick=1 woodpick=1
[03:14:27] [main/INFO] (Minecraft) [STDOUT]: ALTO CLEF: WARNING: T2 [S194] dig-down in progress y=56 child=CollectBlazeRodsTask - pillar/jump nudges stand aside
[03:14:27] [main/INFO] (Minecraft) [CHAT] §2§l§o[TenorClef] §cT2 [S194] dig-down in progress y=56 child=CollectBlazeRodsTask - pillar/jump nudges stand aside§r
[03:14:27] [main/INFO] (Minecraft) [CHAT] §2§l§o[TenorClef] §rT2 [HIST] 11:48.2 SOLVE S194 dig-down in progress y=56 child=CollectBlazeRodsTask - pillar/jump nudges stand aside
[03:14:27] [main/INFO] (Minecraft) [STDOUT]: ALTO CLEF: WARNING: T2 [S152] onStop interrupt=null dead=false ph=NETHER y=56.8 -> session preserved
[03:14:27] [main/INFO] (Minecraft) [CHAT] §2§l§o[TenorClef] §cT2 [S152] onStop interrupt=null dead=false ph=NETHER y=56.8 -> session preserved§r
[03:14:31] [T2Deadman/INFO] (Minecraft) [STDOUT]: TENORCLEF: DEADMAN: client tick running 3s — client thread stack, innermost first:
    at knot//org.lwjgl.opengl.GL11C.glDrawArrays(Native Method)
    at knot//org.lwjgl.opengl.GL11.glDrawArrays(GL11.java:1826)
    at knot//com.mojang.blaze3d.platform.GlStateManager.drawArrays(GlStateManager.java:1501)
    at knot//com.mojang.blaze3d.systems.RenderSystem.drawArrays(RenderSystem.java:966)
    at knot//net.minecraft.client.gl.VertexBuffer.draw(VertexBuffer.java:60)
    at knot//net.minecraft.client.render.WorldRenderer.renderLayer(WorldRenderer.java:1494)
    at knot//net.minecraft.client.render.WorldRenderer.render(WorldRenderer.java:1129)
    at knot//net.minecraft.client.render.GameRenderer.renderWorld(GameRenderer.java:717)
    at knot//net.minecraft.client.render.GameRenderer.render(GameRenderer.java:540)
    at knot//net.minecraft.client.MinecraftClient.render(MinecraftClient.java:1021)
    at knot//net.minecraft.client.MinecraftClient.run(MinecraftClient.java:654)
    at knot//net.minecraft.client.main.Main.main(Main.java:215)
    at net.fabricmc.loader.impl.game.minecraft.MinecraftGameProvider.launch(MinecraftGameProvider.java:480)
    at net.fabricmc.loader.impl.launch.knot.Knot.launch(Knot.java:74)
    at net.fabricmc.loader.impl.launch.knot.KnotClient.main(KnotClient.java:23)
    at net.fabricmc.devlaunchinjector.Main.main(Main.java:86)
[03:14:31] [T2Deadman/INFO] (Minecraft) [STDOUT]: TENORCLEF: HARNESS: DEADMAN: client tick running 3s — client thread stack, innermost first:
    at knot//org.lwjgl.opengl.GL11C.glDrawArrays(Native Method)
    at knot//org.lwjgl.opengl.GL11.glDrawArrays(GL11.java:1826)
    at knot//com.mojang.blaze3d.platform.GlStateManager.drawArrays(GlStateManager.java:1501)
    at knot//com.mojang.blaze3d.systems.RenderSystem.drawArrays(RenderSystem.java:966)
    at knot//net.minecraft.client.gl.VertexBuffer.draw(VertexBuffer.java:60)
    at knot//net.minecraft.client.render.WorldRenderer.renderLayer(WorldRenderer.java:1494)
    at knot//net.minecraft.client.render.WorldRenderer.render(WorldRenderer.java:1129)
    at knot//net.minecraft.client.render.GameRenderer.renderWorld(GameRenderer.java:717)
    at knot//net.minecraft.client.render.GameRenderer.render(GameRenderer.java:540)
    at knot//net.minecraft.client.MinecraftClient.render(MinecraftClient.java:1021)
    at knot//net.minecraft.client.MinecraftClient.run(MinecraftClient.java:654)
    at knot//net.minecraft.client.main.Main.main(Main.java:215)
    at net.fabricmc.loader.impl.game.minecraft.MinecraftGameProvider.launch(MinecraftGameProvider.java:480)
    at net.fabricmc.loader.impl.launch.knot.Knot.launch(Knot.java:74)
    at net.fabricmc.loader.impl.launch.knot.KnotClient.main(KnotClient.java:23)
    at net.fabricmc.devlaunchinjector.Main.main(Main.java:86)
[03:14:31] [T2Deadman/INFO] (Minecraft) [STDOUT]: ALTO CLEF: WARNING: T2 [S181] DEADMAN: client tick running 3s — client thread stack, innermost first:
    at knot//org.lwjgl.opengl.GL11C.glDrawArrays(Native Method)
    at knot//org.lwjgl.opengl.GL11.glDrawArrays(GL11.java:1826)
    at knot//com.mojang.blaze3d.platform.GlStateManager.drawArrays(GlStateManager.java:1501)
    at knot//com.mojang.blaze3d.systems.RenderSystem.drawArrays(RenderSystem.java:966)
    at knot//net.minecraft.client.gl.VertexBuffer.draw(VertexBuffer.java:60)
    at knot//net.minecraft.client.render.WorldRenderer.renderLayer(WorldRenderer.java:1494)
    at knot//net.minecraft.client.render.WorldRenderer.render(WorldRenderer.java:1129)
    at knot//net.minecraft.client.render.GameRenderer.renderWorld(GameRenderer.java:717)
    at knot//net.minecraft.client.render.GameRenderer.render(GameRenderer.java:540)
    at knot//net.minecraft.client.MinecraftClient.render(MinecraftClient.java:1021)
    at knot//net.minecraft.client.MinecraftClient.run(MinecraftClient.java:654)
    at knot//net.minecraft.client.main.Main.main(Main.java:215)
    at net.fabricmc.loader.impl.game.minecraft.MinecraftGameProvider.launch(MinecraftGameProvider.java:480)
    at net.fabricmc.loader.impl.launch.knot.Knot.launch(Knot.java:74)
    at net.fabricmc.loader.impl.launch.knot.KnotClient.main(KnotClient.java:23)
    at net.fabricmc.devlaunchinjector.Main.main(Main.java:86)
[03:14:31] [T2Deadman/INFO] (Minecraft) [CHAT] §2§l§o[TenorClef] §cT2 [S181] DEADMAN: client tick running 3s — client thread stack, innermost first:\n    at knot//org.lwjgl.opengl.GL11C.glDrawArrays(Native Method)\n    at knot//org.lwjgl.opengl.GL11.glDrawArrays(GL11.java:1826)\n    at knot//com.mojang.blaze3d.platform.GlStateManager.drawArrays(GlStateManager.java:1501)\n    at knot//com.mojang.blaze3d.systems.RenderSystem.drawArrays(RenderSystem.java:966)\n    at knot//net.minecraft.client.gl.VertexBuffer.draw(VertexBuffer.java:60)\n    at knot//net.minecraft.client.render.WorldRenderer.renderLayer(WorldRenderer.java:1494)\n    at knot//net.minecraft.client.render.WorldRenderer.render(WorldRenderer.java:1129)\n    at knot//net.minecraft.client.render.GameRenderer.renderWorld(GameRenderer.java:717)\n    at knot//net.minecraft.client.render.GameRenderer.render(GameRenderer.java:540)\n    at knot//net.minecraft.client.MinecraftClient.render(MinecraftClient.java:1021)\n    at knot//net.minecraft.client.MinecraftClient.run(MinecraftClient.java:654)\n    at knot//net.minecraft.client.main.Main.main(Main.java:215)\n    at net.fabricmc.loader.impl.game.minecraft.MinecraftGameProvider.launch(MinecraftGameProvider.java:480)\n    at net.fabricmc.loader.impl.launch.knot.Knot.launch(Knot.java:74)\n    at net.fabricmc.loader.impl.launch.knot.KnotClient.main(KnotClient.java:23)\n    at net.fabricmc.devlaunchinjector.Main.main(Main.java:86)§r
[03:14:31] [T2Deadman/INFO] (Minecraft) [CHAT] §2§l§o[TenorClef] §rT2 [HIST] 11:51.3 FORCE S181 DEADMAN: client tick running 3s — client thread stack, innermost first:\n    at knot//org.lwjgl.opengl.GL11C.glDrawArrays(Native Method)\n    at knot//org.lwjgl.opengl.GL11.glDrawArrays(GL11.java:1826)\n    at knot//com.mojang.blaze3d.platform.GlStateManager.drawArrays(GlStateManager.java:1501)\n    at knot//com.mojang.blaze3d.systems.RenderSystem.drawArrays(RenderSystem.java:966)\n    at knot//net.minecraft.client.gl.VertexBuffer.draw(VertexBuffer.java:60)\n    at knot//net.minecraft.client.render.WorldRenderer.renderLayer(WorldRenderer.java:1494)\n    at knot//net.minecraft.client.render.WorldRenderer.render(WorldRenderer.java:1129)\n    at knot//net.minecraft.client.render.GameRenderer.renderWorld(GameRenderer.java:717)\n    at knot//net.minecraft.client.render.GameRenderer.render(GameRenderer.java:540)\n    at knot//net.minecraft.client.MinecraftClient.render(MinecraftClient.java:1021)\n    at knot//net.minecraft.client.MinecraftClient.run(MinecraftClient.java:654)\n    at knot//net.minecraft.client.main.Main.main(Main.java:215)\n    at net.fabricmc.loader.impl.game.minecraft.MinecraftGameProvider.launch(MinecraftGameProvider.java:480)\n    at net.fabricmc.loader.impl.launch.knot.Knot.launch(Knot.java:74)\n    at net.fabricmc.loader.impl.launch.knot.KnotClient.main(KnotClient.java:23)\n    at net.fabricmc.devlaunchinjector.Main.main(Main.java:86)
[03:14:31] [main/INFO] (Minecraft) [CHAT] §2§l§o[TenorClef] §rRefreshed inventory...
[03:14:33] [main/INFO] (Minecraft) [STDOUT]: ALTO CLEF: WARNING: T2 [E80] parent onStart ignored, still ph=NETHER t=11:53.3
[03:14:33] [main/INFO] (Minecraft) [CHAT] §2§l§o[TenorClef] §cT2 [E80] parent onStart ignored, still ph=NETHER t=11:53.3§r
[03:14:33] [main/INFO] (Minecraft) [CHAT] §2§l§o[TenorClef] §rT2 [HIST] 11:53.3 onStart swallowed — keep NETHER
[03:14:33] [main/INFO] (Minecraft) [STDOUT]: ALTO CLEF: WARNING: T2 [S175] slow client tick 5095ms — NETHER @-107,56,-131 child=CollectBlazeRodsTask
[03:14:33] [main/INFO] (Minecraft) [CHAT] §2§l§o[TenorClef] §cT2 [S175] slow client tick 5095ms — NETHER @-107,56,-131 child=CollectBlazeRodsTask§r
[03:14:33] [pool-5-thread-4/INFO] (Minecraft) [STDOUT]: 630784 movements considered
[03:14:33] [pool-5-thread-4/INFO] (Minecraft) [STDOUT]: Open set size: 8722
[03:14:33] [pool-5-thread-4/INFO] (Minecraft) [STDOUT]: PathNode map size: 37394
[03:14:33] [pool-5-thread-4/INFO] (Minecraft) [STDOUT]: 57344 nodes per second
[03:14:33] [pool-5-thread-4/INFO] (Minecraft) [STDOUT]: Path goes for 5.0990195135927845 blocks
[03:14:33] [main/INFO] (Minecraft) [CHAT] §2§l§o[TenorClef] §rT2 [NOW] t=11:53.9 ph=NETHER @-107,56,-131 do=<Collect blaze rods - 0/6: [[blaze_rod] x 6]> Going to blaze spawner eq=iron_pickaxe woodpick=1 stonepick=1 pick=1 iron=0 buck=1
[03:14:34] [main/INFO] (Minecraft) [CHAT] §2§l§o[TenorClef] §rT2 [NOW] t=11:54.9 ph=NETHER @-108,56,-133 do=<Collect blaze rods - 0/6: [[blaze_rod] x 6]> Going to blaze spawner eq=iron_pickaxe woodpick=1 stonepick=1 pick=1 iron=0 buck=1
[03:14:34] [main/INFO] (Minecraft) [CHAT] §2§l§o[TenorClef] §rT2 [HIST] 11:55.1 SNAP ph=NETHER @-108,56,-134 sky=0 wet=false ground=true pick=1 buck=2 iron=0 ore=4 rods=0 pearls=0 eyes=0 child=CollectBlazeRodsTask dbg=<Collect blaze rods - 0/6: [[blaze_rod] x 6]> Going to blaze spawner mobs=none
[03:14:35] [main/INFO] (Minecraft) [CHAT] §2§l§o[TenorClef] §rT2 [NOW] t=11:55.9 ph=NETHER @-110,57,-135 do=<Collect blaze rods - 0/6: [[blaze_rod] x 6]> Going to blaze spawner eq=iron_pickaxe woodpick=1 stonepick=1 pick=1 iron=0 buck=1
[03:14:36] [main/INFO] (Minecraft) [CHAT] §2§l§o[TenorClef] §rT2 [NOW] t=11:56.9 ph=NETHER @-110,57,-135 do=<Collect blaze rods - 0/6: [[blaze_rod] x 6]> Going to blaze spawner eq=iron_pickaxe woodpick=1 stonepick=1 pick=1 iron=0 buck=1
[03:14:37] [main/INFO] (Minecraft) [CHAT] §2§l§o[TenorClef] §rT2 [HIST] 11:57.6 SNAP ph=NETHER @-110,57,-135 sky=0 wet=false ground=true pick=1 buck=2 iron=0 ore=4 rods=0 pearls=0 eyes=0 child=CollectBlazeRodsTask dbg=<Collect blaze rods - 0/6: [[blaze_rod] x 6]> Going to blaze spawner mobs=none
[03:14:37] [pool-5-thread-4/INFO] (Minecraft) [STDOUT]: 4097280 movements considered
[03:14:37] [main/INFO] (Minecraft) [CHAT] §2§l§o[TenorClef] §rT2 [NOW] t=11:57.9 ph=NETHER @-110,57,-135 do=<Collect blaze rods - 0/6: [[blaze_rod] x 6]> Going to blaze spawner eq=iron_pickaxe woodpick=1 stonepick=1 pick=1 iron=0 buck=1
[03:14:37] [pool-5-thread-4/INFO] (Minecraft) [STDOUT]: Open set size: 27420
[03:14:37] [pool-5-thread-4/INFO] (Minecraft) [STDOUT]: PathNode map size: 213659
[03:14:37] [pool-5-thread-4/INFO] (Minecraft) [STDOUT]: 46548 nodes per second
[03:14:37] [pool-5-thread-4/INFO] (Minecraft) [STDOUT]: Path goes for 30.14962686336267 blocks
[03:14:37] [main/INFO] (Minecraft) [CHAT] §2§l§o[TenorClef] §rT2 [HB] t=11:58.0 ph=NETHER y=57 child=CollectBlazeRodsTask logs=0 pick=1 woodpick=1
[03:14:38] [main/INFO] (Minecraft) [CHAT] §2§l§o[TenorClef] §rT2 [NOW] t=11:58.9 ph=NETHER @-111,57,-138 do=<Collect blaze rods - 0/6: [[blaze_rod] x 6]> Going to blaze spawner eq=iron_pickaxe woodpick=1 stonepick=1 pick=1 iron=0 buck=1
[03:14:39] [main/INFO] (Minecraft) [CHAT] §2§l§o[TenorClef] §rT2 [NOW] t=11:59.9 ph=NETHER @-113,57,-140 do=<Collect blaze rods - 0/6: [[blaze_rod] x 6]> Going to blaze spawner eq=iron_pickaxe woodpick=1 stonepick=1 pick=1 iron=0 buck=1
[03:14:39] [main/INFO] (Minecraft) [CHAT] §2§l§o[TenorClef] §rT2 [HIST] 12:00.1 SNAP ph=NETHER @-113,56,-141 sky=0 wet=false ground=false pick=1 buck=2 iron=0 ore=4 rods=0 pearls=0 eyes=0 child=CollectBlazeRodsTask dbg=<Collect blaze rods - 0/6: [[blaze_rod] x 6]> Going to blaze spawner mobs=none
[03:14:39] [main/INFO] (Minecraft) [STDOUT]: ALTO CLEF: WARNING: T2 [S194] dig-down in progress y=56 child=CollectBlazeRodsTask - pillar/jump nudges stand aside
[03:14:39] [main/INFO] (Minecraft) [CHAT] §2§l§o[TenorClef] §cT2 [S194] dig-down in progress y=56 child=CollectBlazeRodsTask - pillar/jump nudges stand aside§r
[03:14:39] [main/INFO] (Minecraft) [CHAT] §2§l§o[TenorClef] §rT2 [HIST] 12:00.1 SOLVE S194 dig-down in progress y=56 child=CollectBlazeRodsTask - pillar/jump nudges stand aside
[03:14:39] [main/INFO] (Minecraft) [STDOUT]: ALTO CLEF: WARNING: T2 [S152] onStop interrupt=null dead=false ph=NETHER y=56.8 -> session preserved
[03:14:39] [main/INFO] (Minecraft) [CHAT] §2§l§o[TenorClef] §cT2 [S152] onStop interrupt=null dead=false ph=NETHER y=56.8 -> session preserved§r
[03:14:42] [T2Deadman/INFO] (Minecraft) [STDOUT]: TENORCLEF: DEADMAN: client tick running 3s — client thread stack, innermost first:
    at knot//org.lwjgl.system.JNI.invokeV(Native Method)
    at knot//org.lwjgl.glfw.GLFW.glfwWaitEventsTimeout(GLFW.java:3509)
    at knot//com.mojang.blaze3d.systems.RenderSystem.limitDisplayFPS(RenderSystem.java:127)
    at knot//net.minecraft.client.MinecraftClient.render(MinecraftClient.java:1044)
    at knot//net.minecraft.client.MinecraftClient.run(MinecraftClient.java:654)
    at knot//net.minecraft.client.main.Main.main(Main.java:215)
    at net.fabricmc.loader.impl.game.minecraft.MinecraftGameProvider.launch(MinecraftGameProvider.java:480)
    at net.fabricmc.loader.impl.launch.knot.Knot.launch(Knot.java:74)
    at net.fabricmc.loader.impl.launch.knot.KnotClient.main(KnotClient.java:23)
    at net.fabricmc.devlaunchinjector.Main.main(Main.java:86)
[03:14:42] [T2Deadman/INFO] (Minecraft) [STDOUT]: TENORCLEF: HARNESS: DEADMAN: client tick running 3s — client thread stack, innermost first:
    at knot//org.lwjgl.system.JNI.invokeV(Native Method)
    at knot//org.lwjgl.glfw.GLFW.glfwWaitEventsTimeout(GLFW.java:3509)
    at knot//com.mojang.blaze3d.systems.RenderSystem.limitDisplayFPS(RenderSystem.java:127)
    at knot//net.minecraft.client.MinecraftClient.render(MinecraftClient.java:1044)
    at knot//net.minecraft.client.MinecraftClient.run(MinecraftClient.java:654)
    at knot//net.minecraft.client.main.Main.main(Main.java:215)
    at net.fabricmc.loader.impl.game.minecraft.MinecraftGameProvider.launch(MinecraftGameProvider.java:480)
    at net.fabricmc.loader.impl.launch.knot.Knot.launch(Knot.java:74)
    at net.fabricmc.loader.impl.launch.knot.KnotClient.main(KnotClient.java:23)
    at net.fabricmc.devlaunchinjector.Main.main(Main.java:86)
[03:14:42] [T2Deadman/INFO] (Minecraft) [STDOUT]: ALTO CLEF: WARNING: T2 [S181] DEADMAN: client tick running 3s — client thread stack, innermost first:
    at knot//org.lwjgl.system.JNI.invokeV(Native Method)
    at knot//org.lwjgl.glfw.GLFW.glfwWaitEventsTimeout(GLFW.java:3509)
    at knot//com.mojang.blaze3d.systems.RenderSystem.limitDisplayFPS(RenderSystem.java:127)
    at knot//net.minecraft.client.MinecraftClient.render(MinecraftClient.java:1044)
    at knot//net.minecraft.client.MinecraftClient.run(MinecraftClient.java:654)
    at knot//net.minecraft.client.main.Main.main(Main.java:215)
    at net.fabricmc.loader.impl.game.minecraft.MinecraftGameProvider.launch(MinecraftGameProvider.java:480)
    at net.fabricmc.loader.impl.launch.knot.Knot.launch(Knot.java:74)
    at net.fabricmc.loader.impl.launch.knot.KnotClient.main(KnotClient.java:23)
    at net.fabricmc.devlaunchinjector.Main.main(Main.java:86)
[03:14:42] [T2Deadman/INFO] (Minecraft) [CHAT] §2§l§o[TenorClef] §cT2 [S181] DEADMAN: client tick running 3s — client thread stack, innermost first:\n    at knot//org.lwjgl.system.JNI.invokeV(Native Method)\n    at knot//org.lwjgl.glfw.GLFW.glfwWaitEventsTimeout(GLFW.java:3509)\n    at knot//com.mojang.blaze3d.systems.RenderSystem.limitDisplayFPS(RenderSystem.java:127)\n    at knot//net.minecraft.client.MinecraftClient.render(MinecraftClient.java:1044)\n    at knot//net.minecraft.client.MinecraftClient.run(MinecraftClient.java:654)\n    at knot//net.minecraft.client.main.Main.main(Main.java:215)\n    at net.fabricmc.loader.impl.game.minecraft.MinecraftGameProvider.launch(MinecraftGameProvider.java:480)\n    at net.fabricmc.loader.impl.launch.knot.Knot.launch(Knot.java:74)\n    at net.fabricmc.loader.impl.launch.knot.KnotClient.main(KnotClient.java:23)\n    at net.fabricmc.devlaunchinjector.Main.main(Main.java:86)§r
[03:14:42] [T2Deadman/INFO] (Minecraft) [CHAT] §2§l§o[TenorClef] §rT2 [HIST] 12:03.2 FORCE S181 DEADMAN: client tick running 3s — client thread stack, innermost first:\n    at knot//org.lwjgl.system.JNI.invokeV(Native Method)\n    at knot//org.lwjgl.glfw.GLFW.glfwWaitEventsTimeout(GLFW.java:3509)\n    at knot//com.mojang.blaze3d.systems.RenderSystem.limitDisplayFPS(RenderSystem.java:127)\n    at knot//net.minecraft.client.MinecraftClient.render(MinecraftClient.java:1044)\n    at knot//net.minecraft.client.MinecraftClient.run(MinecraftClient.java:654)\n    at knot//net.minecraft.client.main.Main.main(Main.java:215)\n    at net.fabricmc.loader.impl.game.minecraft.MinecraftGameProvider.launch(MinecraftGameProvider.java:480)\n    at net.fabricmc.loader.impl.launch.knot.Knot.launch(Knot.java:74)\n    at net.fabricmc.loader.impl.launch.knot.KnotClient.main(KnotClient.java:23)\n    at net.fabricmc.devlaunchinjector.Main.main(Main.java:86)
[03:14:44] [main/INFO] (Minecraft) [STDOUT]: ALTO CLEF: WARNING: T2 [E80] parent onStart ignored, still ph=NETHER t=12:04.9
[03:14:44] [main/INFO] (Minecraft) [CHAT] §2§l§o[TenorClef] §cT2 [E80] parent onStart ignored, still ph=NETHER t=12:04.9§r
[03:14:44] [main/INFO] (Minecraft) [CHAT] §2§l§o[TenorClef] §rT2 [HIST] 12:04.9 onStart swallowed — keep NETHER
[03:14:44] [main/INFO] (Minecraft) [STDOUT]: ALTO CLEF: WARNING: T2 [S175] slow client tick 4797ms — NETHER @-107,56,-131 child=CollectBlazeRodsTask
[03:14:44] [main/INFO] (Minecraft) [CHAT] §2§l§o[TenorClef] §cT2 [S175] slow client tick 4797ms — NETHER @-107,56,-131 child=CollectBlazeRodsTask§r
[03:14:45] [pool-5-thread-4/INFO] (Minecraft) [STDOUT]: 598400 movements considered
[03:14:45] [pool-5-thread-4/INFO] (Minecraft) [STDOUT]: Open set size: 8495
[03:14:45] [pool-5-thread-4/INFO] (Minecraft) [STDOUT]: PathNode map size: 35695
[03:14:45] [pool-5-thread-4/INFO] (Minecraft) [STDOUT]: 54291 nodes per second
[03:14:45] [pool-5-thread-4/INFO] (Minecraft) [STDOUT]: Path goes for 5.0990195135927845 blocks
[03:14:45] [main/INFO] (Minecraft) [CHAT] §2§l§o[TenorClef] §rT2 [NOW] t=12:05.6 ph=NETHER @-107,56,-131 do=<Collect blaze rods - 0/6: [[blaze_rod] x 6]> Going to blaze spawner eq=iron_pickaxe woodpick=1 stonepick=1 pick=1 iron=0 buck=1
[03:14:46] [main/INFO] (Minecraft) [CHAT] §2§l§o[TenorClef] §rT2 [NOW] t=12:06.6 ph=NETHER @-108,56,-134 do=<Collect blaze rods - 0/6: [[blaze_rod] x 6]> Going to blaze spawner eq=iron_pickaxe woodpick=1 stonepick=1 pick=1 iron=0 buck=1
[03:14:47] [main/INFO] (Minecraft) [CHAT] §2§l§o[TenorClef] §rT2 [HIST] 12:07.3 SNAP ph=NETHER @-110,57,-135 sky=0 wet=false ground=true pick=1 buck=2 iron=0 ore=4 rods=0 pearls=0 eyes=0 child=CollectBlazeRodsTask dbg=<Collect blaze rods - 0/6: [[blaze_rod] x 6]> Going to blaze spawner mobs=none
[03:14:47] [main/INFO] (Minecraft) [CHAT] §2§l§o[TenorClef] §rT2 [NOW] t=12:07.6 ph=NETHER @-110,57,-135 do=<Collect blaze rods - 0/6: [[blaze_rod] x 6]> Going to blaze spawner eq=iron_pickaxe woodpick=1 stonepick=1 pick=1 iron=0 buck=1
[03:14:47] [main/INFO] (Minecraft) [CHAT] §2§l§o[TenorClef] §rT2 [HB] t=12:07.8 ph=NETHER y=57 child=CollectBlazeRodsTask logs=0 pick=1 woodpick=1
[03:14:48] [main/INFO] (Minecraft) [CHAT] §2§l§o[TenorClef] §rT2 [NOW] t=12:08.6 ph=NETHER @-110,57,-135 do=<Collect blaze rods - 0/6: [[blaze_rod] x 6]> Going to blaze spawner eq=iron_pickaxe woodpick=1 stonepick=1 pick=1 iron=0 buck=1
[03:14:49] [pool-5-thread-4/INFO] (Minecraft) [STDOUT]: 4712576 movements considered
[03:14:49] [pool-5-thread-4/INFO] (Minecraft) [STDOUT]: Open set size: 30164
[03:14:49] [pool-5-thread-4/INFO] (Minecraft) [STDOUT]: PathNode map size: 244370
[03:14:49] [pool-5-thread-4/INFO] (Minecraft) [STDOUT]: 53552 nodes per second
[03:14:49] [pool-5-thread-4/INFO] (Minecraft) [STDOUT]: Path goes for 30.14962686336267 blocks
[03:14:49] [main/INFO] (Minecraft) [CHAT] §2§l§o[TenorClef] §rT2 [NOW] t=12:09.6 ph=NETHER @-110,57,-136 do=<Collect blaze rods - 0/6: [[blaze_rod] x 6]> Going to blaze spawner eq=iron_pickaxe woodpick=1 stonepick=1 pick=1 iron=0 buck=1
[03:14:49] [main/INFO] (Minecraft) [CHAT] §2§l§o[TenorClef] §rT2 [HIST] 12:09.8 SNAP ph=NETHER @-110,57,-136 sky=0 wet=false ground=true pick=1 buck=2 iron=0 ore=4 rods=0 pearls=0 eyes=0 child=CollectBlazeRodsTask dbg=<Collect blaze rods - 0/6: [[blaze_rod] x 6]> Going to blaze spawner mobs=none
[03:14:50] [main/INFO] (Minecraft) [CHAT] §2§l§o[TenorClef] §rT2 [NOW] t=12:10.6 ph=NETHER @-112,57,-138 do=<Collect blaze rods - 0/6: [[blaze_rod] x 6]> Going to blaze spawner eq=iron_pickaxe woodpick=1 stonepick=1 pick=1 iron=0 buck=1
[03:14:51] [main/INFO] (Minecraft) [CHAT] §2§l§o[TenorClef] §rT2 [NOW] t=12:11.6 ph=NETHER @-113,56,-141 do=<Collect blaze rods - 0/6: [[blaze_rod] x 6]> Going to blaze spawner eq=iron_pickaxe woodpick=1 stonepick=1 pick=1 iron=0 buck=1
[03:14:51] [main/INFO] (Minecraft) [STDOUT]: ALTO CLEF: WARNING: T2 [S194] dig-down in progress y=56 child=CollectBlazeRodsTask - pillar/jump nudges stand aside
[03:14:51] [main/INFO] (Minecraft) [CHAT] §2§l§o[TenorClef] §cT2 [S194] dig-down in progress y=56 child=CollectBlazeRodsTask - pillar/jump nudges stand aside§r
[03:14:51] [main/INFO] (Minecraft) [CHAT] §2§l§o[TenorClef] §rT2 [HIST] 12:11.6 SOLVE S194 dig-down in progress y=56 child=CollectBlazeRodsTask - pillar/jump nudges stand aside
[03:14:51] [main/INFO] (Minecraft) [STDOUT]: ALTO CLEF: WARNING: T2 [S152] onStop interrupt=null dead=false ph=NETHER y=56.8 -> session preserved
[03:14:51] [main/INFO] (Minecraft) [CHAT] §2§l§o[TenorClef] §cT2 [S152] onStop interrupt=null dead=false ph=NETHER y=56.8 -> session preserved§r
[03:14:54] [T2Deadman/INFO] (Minecraft) [STDOUT]: TENORCLEF: DEADMAN: client tick running 3s — client thread stack, innermost first:
    at knot//net.minecraft.client.render.WorldRenderer.getLightmapCoordinates(WorldRenderer.java:2963)
    at knot//net.minecraft.client.particle.Particle.getColorMultiplier(Particle.java:210)
    at knot//net.minecraft.client.particle.BillboardParticle.buildGeometry(BillboardParticle.java:67)
    at knot//net.minecraft.client.particle.ParticleManager.renderParticles(ParticleManager.java:369)
    at knot//net.minecraft.client.render.WorldRenderer.render(WorldRenderer.java:1370)
    at knot//net.minecraft.client.render.GameRenderer.renderWorld(GameRenderer.java:717)
    at knot//net.minecraft.client.render.GameRenderer.render(GameRenderer.java:540)
    at knot//net.minecraft.client.MinecraftClient.render(MinecraftClient.java:1021)
    at knot//net.minecraft.client.MinecraftClient.run(MinecraftClient.java:654)
    at knot//net.minecraft.client.main.Main.main(Main.java:215)
    at net.fabricmc.loader.impl.game.minecraft.MinecraftGameProvider.launch(MinecraftGameProvider.java:480)
    at net.fabricmc.loader.impl.launch.knot.Knot.launch(Knot.java:74)
    at net.fabricmc.loader.impl.launch.knot.KnotClient.main(KnotClient.java:23)
    at net.fabricmc.devlaunchinjector.Main.main(Main.java:86)
[03:14:54] [T2Deadman/INFO] (Minecraft) [STDOUT]: TENORCLEF: HARNESS: DEADMAN: client tick running 3s — client thread stack, innermost first:
    at knot//net.minecraft.client.render.WorldRenderer.getLightmapCoordinates(WorldRenderer.java:2963)
    at knot//net.minecraft.client.particle.Particle.getColorMultiplier(Particle.java:210)
    at knot//net.minecraft.client.particle.BillboardParticle.buildGeometry(BillboardParticle.java:67)
    at knot//net.minecraft.client.particle.ParticleManager.renderParticles(ParticleManager.java:369)
    at knot//net.minecraft.client.render.WorldRenderer.render(WorldRenderer.java:1370)
    at knot//net.minecraft.client.render.GameRenderer.renderWorld(GameRenderer.java:717)
    at knot//net.minecraft.client.render.GameRenderer.render(GameRenderer.java:540)
    at knot//net.minecraft.client.MinecraftClient.render(MinecraftClient.java:1021)
    at knot//net.minecraft.client.MinecraftClient.run(MinecraftClient.java:654)
    at knot//net.minecraft.client.main.Main.main(Main.java:215)
    at net.fabricmc.loader.impl.game.minecraft.MinecraftGameProvider.launch(MinecraftGameProvider.java:480)
    at net.fabricmc.loader.impl.launch.knot.Knot.launch(Knot.java:74)
    at net.fabricmc.loader.impl.launch.knot.KnotClient.main(KnotClient.java:23)
    at net.fabricmc.devlaunchinjector.Main.main(Main.java:86)
[03:14:54] [T2Deadman/INFO] (Minecraft) [STDOUT]: ALTO CLEF: WARNING: T2 [S181] DEADMAN: client tick running 3s — client thread stack, innermost first:
    at knot//net.minecraft.client.render.WorldRenderer.getLightmapCoordinates(WorldRenderer.java:2963)
    at knot//net.minecraft.client.particle.Particle.getColorMultiplier(Particle.java:210)
    at knot//net.minecraft.client.particle.BillboardParticle.buildGeometry(BillboardParticle.java:67)
    at knot//net.minecraft.client.particle.ParticleManager.renderParticles(ParticleManager.java:369)
    at knot//net.minecraft.client.render.WorldRenderer.render(WorldRenderer.java:1370)
    at knot//net.minecraft.client.render.GameRenderer.renderWorld(GameRenderer.java:717)
    at knot//net.minecraft.client.render.GameRenderer.render(GameRenderer.java:540)
    at knot//net.minecraft.client.MinecraftClient.render(MinecraftClient.java:1021)
    at knot//net.minecraft.client.MinecraftClient.run(MinecraftClient.java:654)
    at knot//net.minecraft.client.main.Main.main(Main.java:215)
    at net.fabricmc.loader.impl.game.minecraft.MinecraftGameProvider.launch(MinecraftGameProvider.java:480)
    at net.fabricmc.loader.impl.launch.knot.Knot.launch(Knot.java:74)
    at net.fabricmc.loader.impl.launch.knot.KnotClient.main(KnotClient.java:23)
    at net.fabricmc.devlaunchinjector.Main.main(Main.java:86)
[03:14:54] [T2Deadman/INFO] (Minecraft) [CHAT] §2§l§o[TenorClef] §cT2 [S181] DEADMAN: client tick running 3s — client thread stack, innermost first:\n    at knot//net.minecraft.client.render.WorldRenderer.getLightmapCoordinates(WorldRenderer.java:2963)\n    at knot//net.minecraft.client.particle.Particle.getColorMultiplier(Particle.java:210)\n    at knot//net.minecraft.client.particle.BillboardParticle.buildGeometry(BillboardParticle.java:67)\n    at knot//net.minecraft.client.particle.ParticleManager.renderParticles(ParticleManager.java:369)\n    at knot//net.minecraft.client.render.WorldRenderer.render(WorldRenderer.java:1370)\n    at knot//net.minecraft.client.render.GameRenderer.renderWorld(GameRenderer.java:717)\n    at knot//net.minecraft.client.render.GameRenderer.render(GameRenderer.java:540)\n    at knot//net.minecraft.client.MinecraftClient.render(MinecraftClient.java:1021)\n    at knot//net.minecraft.client.MinecraftClient.run(MinecraftClient.java:654)\n    at knot//net.minecraft.client.main.Main.main(Main.java:215)\n    at net.fabricmc.loader.impl.game.minecraft.MinecraftGameProvider.launch(MinecraftGameProvider.java:480)\n    at net.fabricmc.loader.impl.launch.knot.Knot.launch(Knot.java:74)\n    at net.fabricmc.loader.impl.launch.knot.KnotClient.main(KnotClient.java:23)\n    at net.fabricmc.devlaunchinjector.Main.main(Main.java:86)§r
[03:14:54] [T2Deadman/INFO] (Minecraft) [CHAT] §2§l§o[TenorClef] §rT2 [HIST] 12:14.7 FORCE S181 DEADMAN: client tick running 3s — client thread stack, innermost first:\n    at knot//net.minecraft.client.render.WorldRenderer.getLightmapCoordinates(WorldRenderer.java:2963)\n    at knot//net.minecraft.client.particle.Particle.getColorMultiplier(Particle.java:210)\n    at knot//net.minecraft.client.particle.BillboardParticle.buildGeometry(BillboardParticle.java:67)\n    at knot//net.minecraft.client.particle.ParticleManager.renderParticles(ParticleManager.java:369)\n    at knot//net.minecraft.client.render.WorldRenderer.render(WorldRenderer.java:1370)\n    at knot//net.minecraft.client.render.GameRenderer.renderWorld(GameRenderer.java:717)\n    at knot//net.minecraft.client.render.GameRenderer.render(GameRenderer.java:540)\n    at knot//net.minecraft.client.MinecraftClient.render(MinecraftClient.java:1021)\n    at knot//net.minecraft.client.MinecraftClient.run(MinecraftClient.java:654)\n    at knot//net.minecraft.client.main.Main.main(Main.java:215)\n    at net.fabricmc.loader.impl.game.minecraft.MinecraftGameProvider.launch(MinecraftGameProvider.java:480)\n    at net.fabricmc.loader.impl.launch.knot.Knot.launch(Knot.java:74)\n    at net.fabricmc.loader.impl.launch.knot.KnotClient.main(KnotClient.java:23)\n    at net.fabricmc.devlaunchinjector.Main.main(Main.java:86)
[03:14:56] [main/INFO] (Minecraft) [STDOUT]: ALTO CLEF: WARNING: T2 [E80] parent onStart ignored, still ph=NETHER t=12:16.5
[03:14:56] [main/INFO] (Minecraft) [CHAT] §2§l§o[TenorClef] §cT2 [E80] parent onStart ignored, still ph=NETHER t=12:16.5§r
[03:14:56] [main/INFO] (Minecraft) [CHAT] §2§l§o[TenorClef] §rT2 [HIST] 12:16.5 onStart swallowed — keep NETHER
[03:14:56] [main/INFO] (Minecraft) [STDOUT]: ALTO CLEF: WARNING: T2 [S175] slow client tick 4895ms — NETHER @-107,56,-131 child=CollectBlazeRodsTask
[03:14:56] [main/INFO] (Minecraft) [CHAT] §2§l§o[TenorClef] §cT2 [S175] slow client tick 4895ms — NETHER @-107,56,-131 child=CollectBlazeRodsTask§r
[03:14:56] [pool-5-thread-4/INFO] (Minecraft) [STDOUT]: 795520 movements considered
[03:14:56] [pool-5-thread-4/INFO] (Minecraft) [STDOUT]: Open set size: 9858
[03:14:56] [pool-5-thread-4/INFO] (Minecraft) [STDOUT]: PathNode map size: 46018
[03:14:56] [pool-5-thread-4/INFO] (Minecraft) [STDOUT]: 72320 nodes per second
[03:14:56] [pool-5-thread-4/INFO] (Minecraft) [STDOUT]: Path goes for 5.0990195135927845 blocks
[03:14:56] [main/INFO] (Minecraft) [CHAT] §2§l§o[TenorClef] §rT2 [HIST] 12:17.2 SNAP ph=NETHER @-107,56,-131 sky=0 wet=false ground=true pick=1 buck=2 iron=0 ore=4 rods=0 pearls=0 eyes=0 child=CollectBlazeRodsTask dbg=<Collect blaze rods - 0/6: [[blaze_rod] x 6]> Going to blaze spawner mobs=none
[03:14:57] [main/INFO] (Minecraft) [CHAT] §2§l§o[TenorClef] §rT2 [NOW] t=12:17.5 ph=NETHER @-107,56,-132 do=<Collect blaze rods - 0/6: [[blaze_rod] x 6]> Going to blaze spawner eq=iron_pickaxe woodpick=1 stonepick=1 pick=1 iron=0 buck=1
[03:14:57] [main/INFO] (Minecraft) [CHAT] §2§l§o[TenorClef] §rT2 [HB] t=12:17.6 ph=NETHER y=56 child=CollectBlazeRodsTask logs=0 pick=1 woodpick=1
[03:14:58] [main/INFO] (Minecraft) [CHAT] §2§l§o[TenorClef] §rT2 [NOW] t=12:18.5 ph=NETHER @-109,56,-135 do=<Collect blaze rods - 0/6: [[blaze_rod] x 6]> Going to blaze spawner eq=iron_pickaxe woodpick=1 stonepick=1 pick=1 iron=0 buck=1
[03:14:59] [main/INFO] (Minecraft) [CHAT] §2§l§o[TenorClef] §rT2 [NOW] t=12:19.5 ph=NETHER @-110,57,-135 do=<Collect blaze rods - 0/6: [[blaze_rod] x 6]> Going to blaze spawner eq=iron_pickaxe woodpick=1 stonepick=1 pick=1 iron=0 buck=1
[03:14:59] [main/INFO] (Minecraft) [CHAT] §2§l§o[TenorClef] §rT2 [HIST] 12:19.7 SNAP ph=NETHER @-110,57,-135 sky=0 wet=false ground=true pick=1 buck=2 iron=0 ore=4 rods=0 pearls=0 eyes=0 child=CollectBlazeRodsTask dbg=<Collect blaze rods - 0/6: [[blaze_rod] x 6]> Going to blaze spawner mobs=none
[03:15:00] [main/INFO] (Minecraft) [CHAT] §2§l§o[TenorClef] §rT2 [NOW] t=12:20.5 ph=NETHER @-110,57,-135 do=<Collect blaze rods - 0/6: [[blaze_rod] x 6]> Going to blaze spawner eq=iron_pickaxe woodpick=1 stonepick=1 pick=1 iron=0 buck=1
[03:15:00] [pool-5-thread-4/INFO] (Minecraft) [STDOUT]: 5111040 movements considered
[03:15:00] [pool-5-thread-4/INFO] (Minecraft) [STDOUT]: Open set size: 31763
[03:15:00] [pool-5-thread-4/INFO] (Minecraft) [STDOUT]: PathNode map size: 264081
[03:15:00] [pool-5-thread-4/INFO] (Minecraft) [STDOUT]: 58080 nodes per second
[03:15:00] [pool-5-thread-4/INFO] (Minecraft) [STDOUT]: Path goes for 30.14962686336267 blocks
[03:15:01] [main/INFO] (Minecraft) [CHAT] §2§l§o[TenorClef] §rT2 [NOW] t=12:21.5 ph=NETHER @-110,57,-136 do=<Collect blaze rods - 0/6: [[blaze_rod] x 6]> Going to blaze spawner eq=iron_pickaxe woodpick=1 stonepick=1 pick=1 iron=0 buck=1
[03:15:01] [main/INFO] (Minecraft) [CHAT] §2§l§o[TenorClef] §rRefreshed inventory...
[03:15:01] [main/INFO] (Minecraft) [CHAT] §2§l§o[TenorClef] §rT2 [HIST] 12:22.2 SNAP ph=NETHER @-111,57,-138 sky=0 wet=false ground=true pick=1 buck=2 iron=0 ore=4 rods=0 pearls=0 eyes=0 child=CollectBlazeRodsTask dbg=<Collect blaze rods - 0/6: [[blaze_rod] x 6]> Going to blaze spawner mobs=none
[03:15:02] [main/INFO] (Minecraft) [CHAT] §2§l§o[TenorClef] §rT2 [NOW] t=12:22.5 ph=NETHER @-112,57,-138 do=<Collect blaze rods - 0/6: [[blaze_rod] x 6]> Going to blaze spawner eq=iron_pickaxe woodpick=1 stonepick=1 pick=1 iron=0 buck=1
[03:15:02] [main/INFO] (Minecraft) [CHAT] §2§l§o[TenorClef] §rT2 [HB] t=12:22.6 ph=NETHER y=57 child=CollectBlazeRodsTask logs=0 pick=1 woodpick=1
[03:15:03] [main/INFO] (Minecraft) [STDOUT]: ALTO CLEF: WARNING: T2 [S194] dig-down in progress y=56 child=CollectBlazeRodsTask - pillar/jump nudges stand aside
[03:15:03] [main/INFO] (Minecraft) [CHAT] §2§l§o[TenorClef] §cT2 [S194] dig-down in progress y=56 child=CollectBlazeRodsTask - pillar/jump nudges stand aside§r
[03:15:03] [main/INFO] (Minecraft) [CHAT] §2§l§o[TenorClef] §rT2 [HIST] 12:23.3 SOLVE S194 dig-down in progress y=56 child=CollectBlazeRodsTask - pillar/jump nudges stand aside
[03:15:03] [main/INFO] (Minecraft) [STDOUT]: ALTO CLEF: WARNING: T2 [S152] onStop interrupt=null dead=false ph=NETHER y=56.8 -> session preserved
[03:15:03] [main/INFO] (Minecraft) [CHAT] §2§l§o[TenorClef] §cT2 [S152] onStop interrupt=null dead=false ph=NETHER y=56.8 -> session preserved§r
[03:15:06] [T2Deadman/INFO] (Minecraft) [STDOUT]: TENORCLEF: DEADMAN: client tick running 3s — client thread stack, innermost first:
    at knot//org.lwjgl.system.JNI.invokeV(Native Method)
    at knot//org.lwjgl.glfw.GLFW.glfwWaitEventsTimeout(GLFW.java:3509)
    at knot//com.mojang.blaze3d.systems.RenderSystem.limitDisplayFPS(RenderSystem.java:127)
    at knot//net.minecraft.client.MinecraftClient.render(MinecraftClient.java:1044)
    at knot//net.minecraft.client.MinecraftClient.run(MinecraftClient.java:654)
    at knot//net.minecraft.client.main.Main.main(Main.java:215)
    at net.fabricmc.loader.impl.game.minecraft.MinecraftGameProvider.launch(MinecraftGameProvider.java:480)
    at net.fabricmc.loader.impl.launch.knot.Knot.launch(Knot.java:74)
    at net.fabricmc.loader.impl.launch.knot.KnotClient.main(KnotClient.java:23)
    at net.fabricmc.devlaunchinjector.Main.main(Main.java:86)
[03:15:06] [T2Deadman/INFO] (Minecraft) [STDOUT]: TENORCLEF: HARNESS: DEADMAN: client tick running 3s — client thread stack, innermost first:
    at knot//org.lwjgl.system.JNI.invokeV(Native Method)
    at knot//org.lwjgl.glfw.GLFW.glfwWaitEventsTimeout(GLFW.java:3509)
    at knot//com.mojang.blaze3d.systems.RenderSystem.limitDisplayFPS(RenderSystem.java:127)
    at knot//net.minecraft.client.MinecraftClient.render(MinecraftClient.java:1044)
    at knot//net.minecraft.client.MinecraftClient.run(MinecraftClient.java:654)
    at knot//net.minecraft.client.main.Main.main(Main.java:215)
    at net.fabricmc.loader.impl.game.minecraft.MinecraftGameProvider.launch(MinecraftGameProvider.java:480)
    at net.fabricmc.loader.impl.launch.knot.Knot.launch(Knot.java:74)
    at net.fabricmc.loader.impl.launch.knot.KnotClient.main(KnotClient.java:23)
    at net.fabricmc.devlaunchinjector.Main.main(Main.java:86)
[03:15:06] [T2Deadman/INFO] (Minecraft) [STDOUT]: ALTO CLEF: WARNING: T2 [S181] DEADMAN: client tick running 3s — client thread stack, innermost first:
    at knot//org.lwjgl.system.JNI.invokeV(Native Method)
    at knot//org.lwjgl.glfw.GLFW.glfwWaitEventsTimeout(GLFW.java:3509)
    at knot//com.mojang.blaze3d.systems.RenderSystem.limitDisplayFPS(RenderSystem.java:127)
    at knot//net.minecraft.client.MinecraftClient.render(MinecraftClient.java:1044)
    at knot//net.minecraft.client.MinecraftClient.run(MinecraftClient.java:654)
    at knot//net.minecraft.client.main.Main.main(Main.java:215)
    at net.fabricmc.loader.impl.game.minecraft.MinecraftGameProvider.launch(MinecraftGameProvider.java:480)
    at net.fabricmc.loader.impl.launch.knot.Knot.launch(Knot.java:74)
    at net.fabricmc.loader.impl.launch.knot.KnotClient.main(KnotClient.java:23)
    at net.fabricmc.devlaunchinjector.Main.main(Main.java:86)
[03:15:06] [T2Deadman/INFO] (Minecraft) [CHAT] §2§l§o[TenorClef] §cT2 [S181] DEADMAN: client tick running 3s — client thread stack, innermost first:\n    at knot//org.lwjgl.system.JNI.invokeV(Native Method)\n    at knot//org.lwjgl.glfw.GLFW.glfwWaitEventsTimeout(GLFW.java:3509)\n    at knot//com.mojang.blaze3d.systems.RenderSystem.limitDisplayFPS(RenderSystem.java:127)\n    at knot//net.minecraft.client.MinecraftClient.render(MinecraftClient.java:1044)\n    at knot//net.minecraft.client.MinecraftClient.run(MinecraftClient.java:654)\n    at knot//net.minecraft.client.main.Main.main(Main.java:215)\n    at net.fabricmc.loader.impl.game.minecraft.MinecraftGameProvider.launch(MinecraftGameProvider.java:480)\n    at net.fabricmc.loader.impl.launch.knot.Knot.launch(Knot.java:74)\n    at net.fabricmc.loader.impl.launch.knot.KnotClient.main(KnotClient.java:23)\n    at net.fabricmc.devlaunchinjector.Main.main(Main.java:86)§r
[03:15:06] [T2Deadman/INFO] (Minecraft) [CHAT] §2§l§o[TenorClef] §rT2 [HIST] 12:26.4 FORCE S181 DEADMAN: client tick running 3s — client thread stack, innermost first:\n    at knot//org.lwjgl.system.JNI.invokeV(Native Method)\n    at knot//org.lwjgl.glfw.GLFW.glfwWaitEventsTimeout(GLFW.java:3509)\n    at knot//com.mojang.blaze3d.systems.RenderSystem.limitDisplayFPS(RenderSystem.java:127)\n    at knot//net.minecraft.client.MinecraftClient.render(MinecraftClient.java:1044)\n    at knot//net.minecraft.client.MinecraftClient.run(MinecraftClient.java:654)\n    at knot//net.minecraft.client.main.Main.main(Main.java:215)\n    at net.fabricmc.loader.impl.game.minecraft.MinecraftGameProvider.launch(MinecraftGameProvider.java:480)\n    at net.fabricmc.loader.impl.launch.knot.Knot.launch(Knot.java:74)\n    at net.fabricmc.loader.impl.launch.knot.KnotClient.main(KnotClient.java:23)\n    at net.fabricmc.devlaunchinjector.Main.main(Main.java:86)
[03:15:07] [main/INFO] (Minecraft) [STDOUT]: ALTO CLEF: WARNING: T2 [E80] parent onStart ignored, still ph=NETHER t=12:28.1
[03:15:07] [main/INFO] (Minecraft) [CHAT] §2§l§o[TenorClef] §cT2 [E80] parent onStart ignored, still ph=NETHER t=12:28.1§r
[03:15:07] [main/INFO] (Minecraft) [CHAT] §2§l§o[TenorClef] §rT2 [HIST] 12:28.1 onStart swallowed — keep NETHER
[03:15:07] [main/INFO] (Minecraft) [STDOUT]: ALTO CLEF: WARNING: T2 [S175] slow client tick 4749ms — NETHER @-107,56,-131 child=CollectBlazeRodsTask
[03:15:07] [main/INFO] (Minecraft) [CHAT] §2§l§o[TenorClef] §cT2 [S175] slow client tick 4749ms — NETHER @-107,56,-131 child=CollectBlazeRodsTask§r
[03:15:07] [main/INFO] (Minecraft) [CHAT] §2§l§o[TenorClef] §rT2 [NOW] t=12:28.2 ph=NETHER @-107,56,-131 do=<Collect blaze rods - 0/6: [[blaze_rod] x 6]> Going to blaze spawner eq=iron_pickaxe woodpick=1 stonepick=1 pick=1 iron=0 buck=1
[03:15:08] [pool-5-thread-4/INFO] (Minecraft) [STDOUT]: 760320 movements considered
[03:15:08] [pool-5-thread-4/INFO] (Minecraft) [STDOUT]: Open set size: 9691
[03:15:08] [pool-5-thread-4/INFO] (Minecraft) [STDOUT]: PathNode map size: 44251
[03:15:08] [pool-5-thread-4/INFO] (Minecraft) [STDOUT]: 69120 nodes per second
[03:15:08] [pool-5-thread-4/INFO] (Minecraft) [STDOUT]: Path goes for 5.0990195135927845 blocks
[03:15:08] [main/INFO] (Minecraft) [CHAT] §2§l§o[TenorClef] §rT2 [NOW] t=12:29.2 ph=NETHER @-107,56,-133 do=<Collect blaze rods - 0/6: [[blaze_rod] x 6]> Going to blaze spawner eq=iron_pickaxe woodpick=1 stonepick=1 pick=1 iron=0 buck=1
[03:15:09] [main/INFO] (Minecraft) [CHAT] §2§l§o[TenorClef] §rT2 [HIST] 12:29.4 SNAP ph=NETHER @-107,56,-133 sky=0 wet=false ground=true pick=1 buck=2 iron=0 ore=4 rods=0 pearls=0 eyes=0 child=CollectBlazeRodsTask dbg=<Collect blaze rods - 0/6: [[blaze_rod] x 6]> Going to blaze spawner mobs=none
[03:15:09] [main/INFO] (Minecraft) [CHAT] §2§l§o[TenorClef] §rT2 [NOW] t=12:30.2 ph=NETHER @-109,57,-135 do=<Collect blaze rods - 0/6: [[blaze_rod] x 6]> Going to blaze spawner eq=iron_pickaxe woodpick=1 stonepick=1 pick=1 iron=0 buck=1
[03:15:10] [main/INFO] (Minecraft) [CHAT] §2§l§o[TenorClef] §rT2 [NOW] t=12:31.2 ph=NETHER @-110,57,-135 do=<Collect blaze rods - 0/6: [[blaze_rod] x 6]> Going to blaze spawner eq=iron_pickaxe woodpick=1 stonepick=1 pick=1 iron=0 buck=1
[03:15:11] [main/INFO] (Minecraft) [CHAT] §2§l§o[TenorClef] §rT2 [HIST] 12:31.9 SNAP ph=NETHER @-110,57,-135 sky=0 wet=false ground=true pick=1 buck=2 iron=0 ore=4 rods=0 pearls=0 eyes=0 child=CollectBlazeRodsTask dbg=<Collect blaze rods - 0/6: [[blaze_rod] x 6]> Going to blaze spawner mobs=none
[03:15:11] [main/INFO] (Minecraft) [CHAT] §2§l§o[TenorClef] §rT2 [NOW] t=12:32.2 ph=NETHER @-110,57,-135 do=<Collect blaze rods - 0/6: [[blaze_rod] x 6]> Going to blaze spawner eq=iron_pickaxe woodpick=1 stonepick=1 pick=1 iron=0 buck=1
[03:15:12] [main/INFO] (Minecraft) [CHAT] §2§l§o[TenorClef] §rT2 [HB] t=12:32.3 ph=NETHER y=57 child=CollectBlazeRodsTask logs=0 pick=1 woodpick=1
[03:15:12] [pool-5-thread-4/INFO] (Minecraft) [STDOUT]: 4943488 movements considered
[03:15:12] [pool-5-thread-4/INFO] (Minecraft) [STDOUT]: Open set size: 31068
[03:15:12] [pool-5-thread-4/INFO] (Minecraft) [STDOUT]: PathNode map size: 255770
[03:15:12] [pool-5-thread-4/INFO] (Minecraft) [STDOUT]: 56176 nodes per second
[03:15:12] [pool-5-thread-4/INFO] (Minecraft) [STDOUT]: Path goes for 30.14962686336267 blocks
[03:15:12] [main/INFO] (Minecraft) [CHAT] §2§l§o[TenorClef] §rT2 [NOW] t=12:33.2 ph=NETHER @-111,57,-136 do=<Collect blaze rods - 0/6: [[blaze_rod] x 6]> Going to blaze spawner eq=iron_pickaxe woodpick=1 stonepick=1 pick=1 iron=0 buck=1
[03:15:13] [main/INFO] (Minecraft) [CHAT] §2§l§o[TenorClef] §rT2 [NOW] t=12:34.2 ph=NETHER @-112,57,-139 do=<Collect blaze rods - 0/6: [[blaze_rod] x 6]> Going to blaze spawner eq=iron_pickaxe woodpick=1 stonepick=1 pick=1 iron=0 buck=1
[03:15:14] [main/INFO] (Minecraft) [CHAT] §2§l§o[TenorClef] §rT2 [HIST] 12:34.4 SNAP ph=NETHER @-112,57,-140 sky=0 wet=false ground=true pick=1 buck=2 iron=0 ore=4 rods=0 pearls=0 eyes=0 child=CollectBlazeRodsTask dbg=<Collect blaze rods - 0/6: [[blaze_rod] x 6]> Going to blaze spawner mobs=none
[03:15:14] [main/INFO] (Minecraft) [STDOUT]: ALTO CLEF: WARNING: T2 [S194] dig-down in progress y=56 child=CollectBlazeRodsTask - pillar/jump nudges stand aside
[03:15:14] [main/INFO] (Minecraft) [CHAT] §2§l§o[TenorClef] §cT2 [S194] dig-down in progress y=56 child=CollectBlazeRodsTask - pillar/jump nudges stand aside§r
[03:15:14] [main/INFO] (Minecraft) [CHAT] §2§l§o[TenorClef] §rT2 [HIST] 12:34.8 SOLVE S194 dig-down in progress y=56 child=CollectBlazeRodsTask - pillar/jump nudges stand aside
[03:15:14] [main/INFO] (Minecraft) [STDOUT]: ALTO CLEF: WARNING: T2 [S152] onStop interrupt=null dead=false ph=NETHER y=56.8 -> session preserved
[03:15:14] [main/INFO] (Minecraft) [CHAT] §2§l§o[TenorClef] §cT2 [S152] onStop interrupt=null dead=false ph=NETHER y=56.8 -> session preserved§r
[03:15:17] [T2Deadman/INFO] (Minecraft) [STDOUT]: TENORCLEF: DEADMAN: client tick running 3s — client thread stack, innermost first:
    at java.base/java.util.Spliterator.getExactSizeIfKnown(Spliterator.java:414)
    at java.base/java.util.stream.AbstractPipeline.copyInto(AbstractPipeline.java:508)
    at java.base/java.util.stream.AbstractPipeline.wrapAndCopyInto(AbstractPipeline.java:499)
    at java.base/java.util.stream.ReduceOps$ReduceOp.evaluateSequential(ReduceOps.java:921)
    at java.base/java.util.stream.AbstractPipeline.evaluate(AbstractPipeline.java:234)
    at java.base/java.util.stream.ReferencePipeline.collect(ReferencePipeline.java:682)
    at knot//adris.altoclef.tasks.movement.RunAwayFromHostilesTask$GoalRunAwayFromHostiles.getEntities(RunAwayFromHostilesTask.java:64)
    at knot//adris.altoclef.util.baritone.GoalRunAwayFromEntities.isInGoal(GoalRunAwayFromEntities.java:33)
    at knot//baritone.api.pathing.goals.Goal.isInGoal(Goal.java:51)
    at knot//adris.altoclef.tasks.movement.CustomBaritoneGoalTask.isFinished(CustomBaritoneGoalTask.java:224)
    at knot//adris.altoclef.chains.MobDefenseChain.getPriorityInner(MobDefenseChain.java:402)
    at knot//adris.altoclef.chains.MobDefenseChain.getPriority(MobDefenseChain.java:139)
    at knot//adris.altoclef.tasksystem.TaskRunner.tick(TaskRunner.java:34)
    at knot//adris.altoclef.AltoClef.onClientTick(AltoClef.java:275)
    at knot//adris.altoclef.AltoClef.lambda$onInitializeLoad$9(AltoClef.java:220)
    at knot//adris.altoclef.eventbus.Subscription.accept(Subscription.java:15)
    at knot//adris.altoclef.eventbus.EventBus.publish(EventBus.java:46)
    at knot//net.minecraft.client.MinecraftClient.handler$zbm000$altoclef$clientTick(MinecraftClient.java:4365)
    at knot//net.minecraft.client.MinecraftClient.tick(MinecraftClient.java)
    at knot//net.minecraft.client.MinecraftClient.render(MinecraftClient.java:994)
    at knot//net.minecraft.client.MinecraftClient.run(MinecraftClient.java:654)
    at knot//net.minecraft.client.main.Main.main(Main.java:215)
    at net.fabricmc.loader.impl.game.minecraft.MinecraftGameProvider.launch(MinecraftGameProvider.java:480)
    at net.fabricmc.loader.impl.launch.knot.Knot.launch(Knot.java:74)
    at net.fabricmc.loader.impl.launch.knot.KnotClient.main(KnotClient.java:23)
    at net.fabricmc.devlaunchinjector.Main.main(Main.java:86)
[03:15:17] [T2Deadman/INFO] (Minecraft) [STDOUT]: TENORCLEF: HARNESS: DEADMAN: client tick running 3s — client thread stack, innermost first:
    at java.base/java.util.Spliterator.getExactSizeIfKnown(Spliterator.java:414)
    at java.base/java.util.stream.AbstractPipeline.copyInto(AbstractPipeline.java:508)
    at java.base/java.util.stream.AbstractPipeline.wrapAndCopyInto(AbstractPipeline.java:499)
    at java.base/java.util.stream.ReduceOps$ReduceOp.evaluateSequential(ReduceOps.java:921)
    at java.base/java.util.stream.AbstractPipeline.evaluate(AbstractPipeline.java:234)
    at java.base/java.util.stream.ReferencePipeline.collect(ReferencePipeline.java:682)
    at knot//adris.altoclef.tasks.movement.RunAwayFromHostilesTask$GoalRunAwayFromHostiles.getEntities(RunAwayFromHostilesTask.java:64)
    at knot//adris.altoclef.util.baritone.GoalRunAwayFromEntities.isInGoal(GoalRunAwayFromEntities.java:33)
    at knot//baritone.api.pathing.goals.Goal.isInGoal(Goal.java:51)
    at knot//adris.altoclef.tasks.movement.CustomBaritoneGoalTask.isFinished(CustomBaritoneGoalTask.java:224)
    at knot//adris.altoclef.chains.MobDefenseChain.getPriorityInner(MobDefenseChain.java:402)
    at knot//adris.altoclef.chains.MobDefenseChain.getPriority(MobDefenseChain.java:139)
    at knot//adris.altoclef.tasksystem.TaskRunner.tick(TaskRunner.java:34)
    at knot//adris.altoclef.AltoClef.onClientTick(AltoClef.java:275)
    at knot//adris.altoclef.AltoClef.lambda$onInitializeLoad$9(AltoClef.java:220)
    at knot//adris.altoclef.eventbus.Subscription.accept(Subscription.java:15)
    at knot//adris.altoclef.eventbus.EventBus.publish(EventBus.java:46)
    at knot//net.minecraft.client.MinecraftClient.handler$zbm000$altoclef$clientTick(MinecraftClient.java:4365)
    at knot//net.minecraft.client.MinecraftClient.tick(MinecraftClient.java)
    at knot//net.minecraft.client.MinecraftClient.render(MinecraftClient.java:994)
    at knot//net.minecraft.client.MinecraftClient.run(MinecraftClient.java:654)
    at knot//net.minecraft.client.main.Main.main(Main.java:215)
    at net.fabricmc.loader.impl.game.minecraft.MinecraftGameProvider.launch(MinecraftGameProvider.java:480)
    at net.fabricmc.loader.impl.launch.knot.Knot.launch(Knot.java:74)
    at net.fabricmc.loader.impl.launch.knot.KnotClient.main(KnotClient.java:23)
    at net.fabricmc.devlaunchinjector.Main.main(Main.java:86)
[03:15:17] [T2Deadman/INFO] (Minecraft) [STDOUT]: ALTO CLEF: WARNING: T2 [S181] DEADMAN: client tick running 3s — client thread stack, innermost first:
    at java.base/java.util.Spliterator.getExactSizeIfKnown(Spliterator.java:414)
    at java.base/java.util.stream.AbstractPipeline.copyInto(AbstractPipeline.java:508)
    at java.base/java.util.stream.AbstractPipeline.wrapAndCopyInto(AbstractPipeline.java:499)
    at java.base/java.util.stream.ReduceOps$ReduceOp.evaluateSequential(ReduceOps.java:921)
    at java.base/java.util.stream.AbstractPipeline.evaluate(AbstractPipeline.java:234)
    at java.base/java.util.stream.ReferencePipeline.collect(ReferencePipeline.java:682)
    at knot//adris.altoclef.tasks.movement.RunAwayFromHostilesTask$GoalRunAwayFromHostiles.getEntities(RunAwayFromHostilesTask.java:64)
    at knot//adris.altoclef.util.baritone.GoalRunAwayFromEntities.isInGoal(GoalRunAwayFromEntities.java:33)
    at knot//baritone.api.pathing.goals.Goal.isInGoal(Goal.java:51)
    at knot//adris.altoclef.tasks.movement.CustomBaritoneGoalTask.isFinished(CustomBaritoneGoalTask.java:224)
    at knot//adris.altoclef.chains.MobDefenseChain.getPriorityInner(MobDefenseChain.java:402)
    at knot//adris.altoclef.chains.MobDefenseChain.getPriority(MobDefenseChain.java:139)
    at knot//adris.altoclef.tasksystem.TaskRunner.tick(TaskRunner.java:34)
    at knot//adris.altoclef.AltoClef.onClientTick(AltoClef.java:275)
    at knot//adris.altoclef.AltoClef.lambda$onInitializeLoad$9(AltoClef.java:220)
    at knot//adris.altoclef.eventbus.Subscription.accept(Subscription.java:15)
    at knot//adris.altoclef.eventbus.EventBus.publish(EventBus.java:46)
    at knot//net.minecraft.client.MinecraftClient.handler$zbm000$altoclef$clientTick(MinecraftClient.java:4365)
    at knot//net.minecraft.client.MinecraftClient.tick(MinecraftClient.java)
    at knot//net.minecraft.client.MinecraftClient.render(MinecraftClient.java:994)
    at knot//net.minecraft.client.MinecraftClient.run(MinecraftClient.java:654)
    at knot//net.minecraft.client.main.Main.main(Main.java:215)
    at net.fabricmc.loader.impl.game.minecraft.MinecraftGameProvider.launch(MinecraftGameProvider.java:480)
    at net.fabricmc.loader.impl.launch.knot.Knot.launch(Knot.java:74)
    at net.fabricmc.loader.impl.launch.knot.KnotClient.main(KnotClient.java:23)
    at net.fabricmc.devlaunchinjector.Main.main(Main.java:86)
[03:15:17] [T2Deadman/INFO] (Minecraft) [CHAT] §2§l§o[TenorClef] §cT2 [S181] DEADMAN: client tick running 3s — client thread stack, innermost first:\n    at java.base/java.util.Spliterator.getExactSizeIfKnown(Spliterator.java:414)\n    at java.base/java.util.stream.AbstractPipeline.copyInto(AbstractPipeline.java:508)\n    at java.base/java.util.stream.AbstractPipeline.wrapAndCopyInto(AbstractPipeline.java:499)\n    at java.base/java.util.stream.ReduceOps$ReduceOp.evaluateSequential(ReduceOps.java:921)\n    at java.base/java.util.stream.AbstractPipeline.evaluate(AbstractPipeline.java:234)\n    at java.base/java.util.stream.ReferencePipeline.collect(ReferencePipeline.java:682)\n    at knot//adris.altoclef.tasks.movement.RunAwayFromHostilesTask$GoalRunAwayFromHostiles.getEntities(RunAwayFromHostilesTask.java:64)\n    at knot//adris.altoclef.util.baritone.GoalRunAwayFromEntities.isInGoal(GoalRunAwayFromEntities.java:33)\n    at knot//baritone.api.pathing.goals.Goal.isInGoal(Goal.java:51)\n    at knot//adris.altoclef.tasks.movement.CustomBaritoneGoalTask.isFinished(CustomBaritoneGoalTask.java:224)\n    at knot//adris.altoclef.chains.MobDefenseChain.getPriorityInner(MobDefenseChain.java:402)\n    at knot//adris.altoclef.chains.MobDefenseChain.getPriority(MobDefenseChain.java:139)\n    at knot//adris.altoclef.tasksystem.TaskRunner.tick(TaskRunner.java:34)\n    at knot//adris.altoclef.AltoClef.onClientTick(AltoClef.java:275)\n    at knot//adris.altoclef.AltoClef.lambda$onInitializeLoad$9(AltoClef.java:220)\n    at knot//adris.altoclef.eventbus.Subscription.accept(Subscription.java:15)\n    at knot//adris.altoclef.eventbus.EventBus.publish(EventBus.java:46)\n    at knot//net.minecraft.client.MinecraftClient.handler$zbm000$altoclef$clientTick(MinecraftClient.java:4365)\n    at knot//net.minecraft.client.MinecraftClient.tick(MinecraftClient.java)\n    at knot//net.minecraft.client.MinecraftClient.render(MinecraftClient.java:994)\n    at knot//net.minecraft.client.MinecraftClient.run(MinecraftClient.java:654)\n    at knot//net.minecraft.client.main.Main.main(Main.java:215)\n    at net.fabricmc.loader.impl.game.minecraft.MinecraftGameProvider.launch(MinecraftGameProvider.java:480)\n    at net.fabricmc.loader.impl.launch.knot.Knot.launch(Knot.java:74)\n    at net.fabricmc.loader.impl.launch.knot.KnotClient.main(KnotClient.java:23)\n    at net.fabricmc.devlaunchinjector.Main.main(Main.java:86)§r
[03:15:17] [T2Deadman/INFO] (Minecraft) [CHAT] §2§l§o[TenorClef] §rT2 [HIST] 12:37.9 FORCE S181 DEADMAN: client tick running 3s — client thread stack, innermost first:\n    at java.base/java.util.Spliterator.getExactSizeIfKnown(Spliterator.java:414)\n    at java.base/java.util.stream.AbstractPipeline.copyInto(AbstractPipeline.java:508)\n    at java.base/java.util.stream.AbstractPipeline.wrapAndCopyInto(AbstractPipeline.java:499)\n    at java.base/java.util.stream.ReduceOps$ReduceOp.evaluateSequential(ReduceOps.java:921)\n    at java.base/java.util.stream.AbstractPipeline.evaluate(AbstractPipeline.java:234)\n    at java.base/java.util.stream.ReferencePipeline.collect(ReferencePipeline.java:682)\n    at knot//adris.altoclef.tasks.movement.RunAwayFromHostilesTask$GoalRunAwayFromHostiles.getEntities(RunAwayFromHostilesTask.java:64)\n    at knot//adris.altoclef.util.baritone.GoalRunAwayFromEntities.isInGoal(GoalRunAwayFromEntities.java:33)\n    at knot//baritone.api.pathing.goals.Goal.isInGoal(Goal.java:51)\n    at knot//adris.altoclef.tasks.movement.CustomBaritoneGoalTask.isFinished(CustomBaritoneGoalTask.java:224)\n    at knot//adris.altoclef.chains.MobDefenseChain.getPriorityInner(MobDefenseChain.java:402)\n    at knot//adris.altoclef.chains.MobDefenseChain.getPriority(MobDefenseChain.java:139)\n    at knot//adris.altoclef.tasksystem.TaskRunner.tick(TaskRunner.java:34)\n    at knot//adris.altoclef.AltoClef.onClientTick(AltoClef.java:275)\n    at knot//adris.altoclef.AltoClef.lambda$onInitializeLoad$9(AltoClef.java:220)\n    at knot//adris.altoclef.eventbus.Subscription.accept(Subscription.java:15)\n    at knot//adris.altoclef.eventbus.EventBus.publish(EventBus.java:46)\n    at knot//net.minecraft.client.MinecraftClient.handler$zbm000$altoclef$clientTick(MinecraftClient.java:4365)\n    at knot//net.minecraft.client.MinecraftClient.tick(MinecraftClient.java)\n    at knot//net.minecraft.client.MinecraftClient.render(MinecraftClient.java:994)\n    at knot//net.minecraft.client.MinecraftClient.run(MinecraftClient.java:654)\n    at knot//net.minecraft.client.main.Main.main(Main.java:215)\n    at net.fabricmc.loader.impl.game.minecraft.MinecraftGameProvider.launch(MinecraftGameProvider.java:480)\n    at net.fabricmc.loader.impl.launch.knot.Knot.launch(Knot.java:74)\n    at net.fabricmc.loader.impl.launch.knot.KnotClient.main(KnotClient.java:23)\n    at net.fabricmc.devlaunchinjector.Main.main(Main.java:86)
[03:15:19] [main/INFO] (Minecraft) [STDOUT]: ALTO CLEF: WARNING: T2 [E80] parent onStart ignored, still ph=NETHER t=12:39.7
[03:15:19] [main/INFO] (Minecraft) [CHAT] §2§l§o[TenorClef] §cT2 [E80] parent onStart ignored, still ph=NETHER t=12:39.7§r
[03:15:19] [main/INFO] (Minecraft) [CHAT] §2§l§o[TenorClef] §rT2 [HIST] 12:39.7 onStart swallowed — keep NETHER
[03:15:19] [main/INFO] (Minecraft) [STDOUT]: ALTO CLEF: WARNING: T2 [S175] slow client tick 4902ms — NETHER @-107,56,-131 child=CollectBlazeRodsTask
[03:15:19] [main/INFO] (Minecraft) [CHAT] §2§l§o[TenorClef] §cT2 [S175] slow client tick 4902ms — NETHER @-107,56,-131 child=CollectBlazeRodsTask§r
[03:15:19] [main/INFO] (Minecraft) [CHAT] §2§l§o[TenorClef] §rT2 [NOW] t=12:40.0 ph=NETHER @-107,56,-131 do=<Collect blaze rods - 0/6: [[blaze_rod] x 6]> Going to blaze spawner eq=iron_pickaxe woodpick=1 stonepick=1 pick=1 iron=0 buck=1
[03:15:19] [pool-5-thread-4/INFO] (Minecraft) [STDOUT]: 780032 movements considered
[03:15:19] [pool-5-thread-4/INFO] (Minecraft) [STDOUT]: Open set size: 9772
[03:15:19] [pool-5-thread-4/INFO] (Minecraft) [STDOUT]: PathNode map size: 45228
[03:15:19] [pool-5-thread-4/INFO] (Minecraft) [STDOUT]: 70912 nodes per second
[03:15:19] [pool-5-thread-4/INFO] (Minecraft) [STDOUT]: Path goes for 5.0990195135927845 blocks
[03:15:20] [main/INFO] (Minecraft) [CHAT] §2§l§o[TenorClef] §rT2 [NOW] t=12:41.0 ph=NETHER @-107,56,-133 do=<Collect blaze rods - 0/6: [[blaze_rod] x 6]> Going to blaze spawner eq=iron_pickaxe woodpick=1 stonepick=1 pick=1 iron=0 buck=1
[03:15:21] [main/INFO] (Minecraft) [CHAT] §2§l§o[TenorClef] §rT2 [HIST] 12:41.7 SNAP ph=NETHER @-109,57,-135 sky=0 wet=false ground=false pick=1 buck=2 iron=0 ore=4 rods=0 pearls=0 eyes=0 child=CollectBlazeRodsTask dbg=<Collect blaze rods - 0/6: [[blaze_rod] x 6]> Going to blaze spawner mobs=none
[03:15:21] [main/INFO] (Minecraft) [CHAT] §2§l§o[TenorClef] §rT2 [NOW] t=12:42.0 ph=NETHER @-110,57,-135 do=<Collect blaze rods - 0/6: [[blaze_rod] x 6]> Going to blaze spawner eq=iron_pickaxe woodpick=1 stonepick=1 pick=1 iron=0 buck=1
[03:15:21] [main/INFO] (Minecraft) [CHAT] §2§l§o[TenorClef] §rT2 [HB] t=12:42.2 ph=NETHER y=57 child=CollectBlazeRodsTask logs=0 pick=1 woodpick=1
[03:15:22] [main/INFO] (Minecraft) [CHAT] §2§l§o[TenorClef] §rT2 [NOW] t=12:43.0 ph=NETHER @-110,57,-135 do=<Collect blaze rods - 0/6: [[blaze_rod] x 6]> Going to blaze spawner eq=iron_pickaxe woodpick=1 stonepick=1 pick=1 iron=0 buck=1
[03:15:23] [main/INFO] (Minecraft) [CHAT] §2§l§o[TenorClef] §rT2 [NOW] t=12:44.0 ph=NETHER @-110,57,-135 do=<Collect blaze rods - 0/6: [[blaze_rod] x 6]> Going to blaze spawner eq=iron_pickaxe woodpick=1 stonepick=1 pick=1 iron=0 buck=1
[03:15:23] [main/INFO] (Minecraft) [CHAT] §2§l§o[TenorClef] §rT2 [HIST] 12:44.2 SNAP ph=NETHER @-110,57,-135 sky=0 wet=false ground=true pick=1 buck=2 iron=0 ore=4 rods=0 pearls=0 eyes=0 child=CollectBlazeRodsTask dbg=<Collect blaze rods - 0/6: [[blaze_rod] x 6]> Going to blaze spawner mobs=none
[03:15:23] [pool-5-thread-4/INFO] (Minecraft) [STDOUT]: 5274368 movements considered
[03:15:23] [pool-5-thread-4/INFO] (Minecraft) [STDOUT]: Open set size: 32576
[03:15:23] [pool-5-thread-4/INFO] (Minecraft) [STDOUT]: PathNode map size: 272317
[03:15:23] [pool-5-thread-4/INFO] (Minecraft) [STDOUT]: 59936 nodes per second
[03:15:23] [pool-5-thread-4/INFO] (Minecraft) [STDOUT]: Path goes for 30.14962686336267 blocks
[03:15:24] [main/INFO] (Minecraft) [CHAT] §2§l§o[TenorClef] §rT2 [NOW] t=12:45.0 ph=NETHER @-111,57,-137 do=<Collect blaze rods - 0/6: [[blaze_rod] x 6]> Going to blaze spawner eq=iron_pickaxe woodpick=1 stonepick=1 pick=1 iron=0 buck=1
[03:15:25] [main/INFO] (Minecraft) [STDOUT]: ALTO CLEF: WARNING: T2 [S149] blaze search latched for 120s rods=0/6 child=CollectBlazeRodsTask
[03:15:25] [main/INFO] (Minecraft) [CHAT] §2§l§o[TenorClef] §cT2 [S149] blaze search latched for 120s rods=0/6 child=CollectBlazeRodsTask§r
[03:15:25] [main/INFO] (Minecraft) [CHAT] §2§l§o[TenorClef] §rT2 [HIST] 12:45.8 FORCE S149 blaze search latched for 120s rods=0/6 child=CollectBlazeRodsTask
[03:15:25] [main/INFO] (Minecraft) [CHAT] §2§l§o[TenorClef] §rT2 [NOW] t=12:46.0 ph=NETHER @-112,57,-140 do=<Collect blaze rods - 0/6: [[blaze_rod] x 6]> Going to blaze spawner eq=iron_pickaxe woodpick=1 stonepick=1 pick=1 iron=0 buck=1
[03:15:26] [main/INFO] (Minecraft) [STDOUT]: ALTO CLEF: WARNING: T2 [S194] dig-down in progress y=56 child=CollectBlazeRodsTask - pillar/jump nudges stand aside
[03:15:26] [main/INFO] (Minecraft) [CHAT] §2§l§o[TenorClef] §cT2 [S194] dig-down in progress y=56 child=CollectBlazeRodsTask - pillar/jump nudges stand aside§r
[03:15:26] [main/INFO] (Minecraft) [CHAT] §2§l§o[TenorClef] §rT2 [HIST] 12:46.5 SOLVE S194 dig-down in progress y=56 child=CollectBlazeRodsTask - pillar/jump nudges stand aside
[03:15:26] [main/INFO] (Minecraft) [STDOUT]: ALTO CLEF: WARNING: T2 [S152] onStop interrupt=null dead=false ph=NETHER y=56.8 -> session preserved
[03:15:26] [main/INFO] (Minecraft) [CHAT] §2§l§o[TenorClef] §cT2 [S152] onStop interrupt=null dead=false ph=NETHER y=56.8 -> session preserved§r
[03:15:29] [T2Deadman/INFO] (Minecraft) [STDOUT]: TENORCLEF: DEADMAN: client tick running 3s — client thread stack, innermost first:
    at knot//org.lwjgl.system.JNI.invokeV(Native Method)
    at knot//org.lwjgl.glfw.GLFW.glfwWaitEventsTimeout(GLFW.java:3509)
    at knot//com.mojang.blaze3d.systems.RenderSystem.limitDisplayFPS(RenderSystem.java:127)
    at knot//net.minecraft.client.MinecraftClient.render(MinecraftClient.java:1044)
    at knot//net.minecraft.client.MinecraftClient.run(MinecraftClient.java:654)
    at knot//net.minecraft.client.main.Main.main(Main.java:215)
    at net.fabricmc.loader.impl.game.minecraft.MinecraftGameProvider.launch(MinecraftGameProvider.java:480)
    at net.fabricmc.loader.impl.launch.knot.Knot.launch(Knot.java:74)
    at net.fabricmc.loader.impl.launch.knot.KnotClient.main(KnotClient.java:23)
    at net.fabricmc.devlaunchinjector.Main.main(Main.java:86)
[03:15:29] [T2Deadman/INFO] (Minecraft) [STDOUT]: TENORCLEF: HARNESS: DEADMAN: client tick running 3s — client thread stack, innermost first:
    at knot//org.lwjgl.system.JNI.invokeV(Native Method)
    at knot//org.lwjgl.glfw.GLFW.glfwWaitEventsTimeout(GLFW.java:3509)
    at knot//com.mojang.blaze3d.systems.RenderSystem.limitDisplayFPS(RenderSystem.java:127)
    at knot//net.minecraft.client.MinecraftClient.render(MinecraftClient.java:1044)
    at knot//net.minecraft.client.MinecraftClient.run(MinecraftClient.java:654)
    at knot//net.minecraft.client.main.Main.main(Main.java:215)
    at net.fabricmc.loader.impl.game.minecraft.MinecraftGameProvider.launch(MinecraftGameProvider.java:480)
    at net.fabricmc.loader.impl.launch.knot.Knot.launch(Knot.java:74)
    at net.fabricmc.loader.impl.launch.knot.KnotClient.main(KnotClient.java:23)
    at net.fabricmc.devlaunchinjector.Main.main(Main.java:86)
[03:15:29] [T2Deadman/INFO] (Minecraft) [STDOUT]: ALTO CLEF: WARNING: T2 [S181] DEADMAN: client tick running 3s — client thread stack, innermost first:
    at knot//org.lwjgl.system.JNI.invokeV(Native Method)
    at knot//org.lwjgl.glfw.GLFW.glfwWaitEventsTimeout(GLFW.java:3509)
    at knot//com.mojang.blaze3d.systems.RenderSystem.limitDisplayFPS(RenderSystem.java:127)
    at knot//net.minecraft.client.MinecraftClient.render(MinecraftClient.java:1044)
    at knot//net.minecraft.client.MinecraftClient.run(MinecraftClient.java:654)
    at knot//net.minecraft.client.main.Main.main(Main.java:215)
    at net.fabricmc.loader.impl.game.minecraft.MinecraftGameProvider.launch(MinecraftGameProvider.java:480)
    at net.fabricmc.loader.impl.launch.knot.Knot.launch(Knot.java:74)
    at net.fabricmc.loader.impl.launch.knot.KnotClient.main(KnotClient.java:23)
    at net.fabricmc.devlaunchinjector.Main.main(Main.java:86)
[03:15:29] [T2Deadman/INFO] (Minecraft) [CHAT] §2§l§o[TenorClef] §cT2 [S181] DEADMAN: client tick running 3s — client thread stack, innermost first:\n    at knot//org.lwjgl.system.JNI.invokeV(Native Method)\n    at knot//org.lwjgl.glfw.GLFW.glfwWaitEventsTimeout(GLFW.java:3509)\n    at knot//com.mojang.blaze3d.systems.RenderSystem.limitDisplayFPS(RenderSystem.java:127)\n    at knot//net.minecraft.client.MinecraftClient.render(MinecraftClient.java:1044)\n    at knot//net.minecraft.client.MinecraftClient.run(MinecraftClient.java:654)\n    at knot//net.minecraft.client.main.Main.main(Main.java:215)\n    at net.fabricmc.loader.impl.game.minecraft.MinecraftGameProvider.launch(MinecraftGameProvider.java:480)\n    at net.fabricmc.loader.impl.launch.knot.Knot.launch(Knot.java:74)\n    at net.fabricmc.loader.impl.launch.knot.KnotClient.main(KnotClient.java:23)\n    at net.fabricmc.devlaunchinjector.Main.main(Main.java:86)§r
[03:15:29] [T2Deadman/INFO] (Minecraft) [CHAT] §2§l§o[TenorClef] §rT2 [HIST] 12:49.6 FORCE S181 DEADMAN: client tick running 3s — client thread stack, innermost first:\n    at knot//org.lwjgl.system.JNI.invokeV(Native Method)\n    at knot//org.lwjgl.glfw.GLFW.glfwWaitEventsTimeout(GLFW.java:3509)\n    at knot//com.mojang.blaze3d.systems.RenderSystem.limitDisplayFPS(RenderSystem.java:127)\n    at knot//net.minecraft.client.MinecraftClient.render(MinecraftClient.java:1044)\n    at knot//net.minecraft.client.MinecraftClient.run(MinecraftClient.java:654)\n    at knot//net.minecraft.client.main.Main.main(Main.java:215)\n    at net.fabricmc.loader.impl.game.minecraft.MinecraftGameProvider.launch(MinecraftGameProvider.java:480)\n    at net.fabricmc.loader.impl.launch.knot.Knot.launch(Knot.java:74)\n    at net.fabricmc.loader.impl.launch.knot.KnotClient.main(KnotClient.java:23)\n    at net.fabricmc.devlaunchinjector.Main.main(Main.java:86)
[03:15:31] [main/INFO] (Minecraft) [STDOUT]: ALTO CLEF: WARNING: T2 [E80] parent onStart ignored, still ph=NETHER t=12:51.3
[03:15:31] [main/INFO] (Minecraft) [CHAT] §2§l§o[TenorClef] §cT2 [E80] parent onStart ignored, still ph=NETHER t=12:51.3§r
[03:15:31] [main/INFO] (Minecraft) [CHAT] §2§l§o[TenorClef] §rT2 [HIST] 12:51.3 onStart swallowed — keep NETHER
[03:15:31] [main/INFO] (Minecraft) [STDOUT]: ALTO CLEF: WARNING: T2 [S175] slow client tick 4806ms — NETHER @-107,56,-131 child=CollectBlazeRodsTask
[03:15:31] [main/INFO] (Minecraft) [CHAT] §2§l§o[TenorClef] §cT2 [S175] slow client tick 4806ms — NETHER @-107,56,-131 child=CollectBlazeRodsTask§r
[03:15:31] [main/INFO] (Minecraft) [CHAT] §2§l§o[TenorClef] §rT2 [HIST] 12:51.5 SNAP ph=NETHER @-107,56,-131 sky=0 wet=false ground=true pick=1 buck=2 iron=0 ore=4 rods=0 pearls=0 eyes=0 child=CollectBlazeRodsTask dbg=<Collect blaze rods - 0/6: [[blaze_rod] x 6]> Going to blaze spawner mobs=none
[03:15:31] [main/INFO] (Minecraft) [CHAT] §2§l§o[TenorClef] §rT2 [NOW] t=12:51.8 ph=NETHER @-107,56,-131 do=<Collect blaze rods - 0/6: [[blaze_rod] x 6]> Going to blaze spawner eq=iron_pickaxe woodpick=1 stonepick=1 pick=1 iron=0 buck=1
[03:15:31] [pool-5-thread-4/INFO] (Minecraft) [STDOUT]: 808192 movements considered
[03:15:31] [pool-5-thread-4/INFO] (Minecraft) [STDOUT]: Open set size: 9939
[03:15:31] [pool-5-thread-4/INFO] (Minecraft) [STDOUT]: PathNode map size: 46675
[03:15:31] [pool-5-thread-4/INFO] (Minecraft) [STDOUT]: 72744 nodes per second
[03:15:31] [pool-5-thread-4/INFO] (Minecraft) [STDOUT]: Path goes for 5.0990195135927845 blocks
[03:15:31] [main/INFO] (Minecraft) [CHAT] §2§l§o[TenorClef] §rRefreshed inventory...
[03:15:31] [main/INFO] (Minecraft) [CHAT] §2§l§o[TenorClef] §rT2 [HB] t=12:51.9 ph=NETHER y=56 child=CollectBlazeRodsTask logs=0 pick=1 woodpick=1
[03:15:32] [main/INFO] (Minecraft) [CHAT] §2§l§o[TenorClef] §rT2 [NOW] t=12:52.8 ph=NETHER @-108,56,-133 do=<Collect blaze rods - 0/6: [[blaze_rod] x 6]> Going to blaze spawner eq=iron_pickaxe woodpick=1 stonepick=1 pick=1 iron=0 buck=1
[03:15:33] [main/INFO] (Minecraft) [CHAT] §2§l§o[TenorClef] §rT2 [NOW] t=12:53.8 ph=NETHER @-110,57,-135 do=<Collect blaze rods - 0/6: [[blaze_rod] x 6]> Going to blaze spawner eq=iron_pickaxe woodpick=1 stonepick=1 pick=1 iron=0 buck=1
[03:15:33] [main/INFO] (Minecraft) [CHAT] §2§l§o[TenorClef] §rT2 [HIST] 12:54.0 SNAP ph=NETHER @-110,57,-135 sky=0 wet=false ground=true pick=1 buck=2 iron=0 ore=4 rods=0 pearls=0 eyes=0 child=CollectBlazeRodsTask dbg=<Collect blaze rods - 0/6: [[blaze_rod] x 6]> Going to blaze spawner mobs=none
[03:15:34] [main/INFO] (Minecraft) [CHAT] §2§l§o[TenorClef] §rT2 [NOW] t=12:54.8 ph=NETHER @-110,57,-135 do=<Collect blaze rods - 0/6: [[blaze_rod] x 6]> Going to blaze spawner eq=iron_pickaxe woodpick=1 stonepick=1 pick=1 iron=0 buck=1
[03:15:35] [main/INFO] (Minecraft) [CHAT] §2§l§o[TenorClef] §rT2 [NOW] t=12:55.8 ph=NETHER @-110,57,-135 do=<Collect blaze rods - 0/6: [[blaze_rod] x 6]> Going to blaze spawner eq=iron_pickaxe woodpick=1 stonepick=1 pick=1 iron=0 buck=1
[03:15:35] [pool-5-thread-4/INFO] (Minecraft) [STDOUT]: 5422208 movements considered
[03:15:35] [pool-5-thread-4/INFO] (Minecraft) [STDOUT]: Open set size: 33443
[03:15:35] [pool-5-thread-4/INFO] (Minecraft) [STDOUT]: PathNode map size: 279904
[03:15:35] [pool-5-thread-4/INFO] (Minecraft) [STDOUT]: 61616 nodes per second
[03:15:35] [pool-5-thread-4/INFO] (Minecraft) [STDOUT]: Path goes for 30.14962686336267 blocks
[03:15:36] [main/INFO] (Minecraft) [CHAT] §2§l§o[TenorClef] §rT2 [HIST] 12:56.5 SNAP ph=NETHER @-111,57,-136 sky=0 wet=false ground=true pick=1 buck=2 iron=0 ore=4 rods=0 pearls=0 eyes=0 child=CollectBlazeRodsTask dbg=<Collect blaze rods - 0/6: [[blaze_rod] x 6]> Going to blaze spawner mobs=none
[03:15:36] [main/INFO] (Minecraft) [CHAT] §2§l§o[TenorClef] §rT2 [NOW] t=12:56.8 ph=NETHER @-111,57,-137 do=<Collect blaze rods - 0/6: [[blaze_rod] x 6]> Going to blaze spawner eq=iron_pickaxe woodpick=1 stonepick=1 pick=1 iron=0 buck=1
[03:15:36] [main/INFO] (Minecraft) [CHAT] §2§l§o[TenorClef] §rT2 [HB] t=12:56.9 ph=NETHER y=57 child=CollectBlazeRodsTask logs=0 pick=1 woodpick=1
[03:15:37] [main/INFO] (Minecraft) [CHAT] §2§l§o[TenorClef] §rT2 [NOW] t=12:57.8 ph=NETHER @-112,57,-140 do=<Collect blaze rods - 0/6: [[blaze_rod] x 6]> Going to blaze spawner eq=iron_pickaxe woodpick=1 stonepick=1 pick=1 iron=0 buck=1
[03:15:37] [main/INFO] (Minecraft) [STDOUT]: ALTO CLEF: WARNING: T2 [S194] dig-down in progress y=56 child=CollectBlazeRodsTask - pillar/jump nudges stand aside
[03:15:37] [main/INFO] (Minecraft) [CHAT] §2§l§o[TenorClef] §cT2 [S194] dig-down in progress y=56 child=CollectBlazeRodsTask - pillar/jump nudges stand aside§r
[03:15:37] [main/INFO] (Minecraft) [CHAT] §2§l§o[TenorClef] §rT2 [HIST] 12:58.1 SOLVE S194 dig-down in progress y=56 child=CollectBlazeRodsTask - pillar/jump nudges stand aside
[03:15:37] [main/INFO] (Minecraft) [STDOUT]: ALTO CLEF: WARNING: T2 [S152] onStop interrupt=null dead=false ph=NETHER y=56.8 -> session preserved
[03:15:37] [main/INFO] (Minecraft) [CHAT] §2§l§o[TenorClef] §cT2 [S152] onStop interrupt=null dead=false ph=NETHER y=56.8 -> session preserved§r
[03:15:40] [T2Deadman/INFO] (Minecraft) [STDOUT]: TENORCLEF: DEADMAN: client tick running 3s — client thread stack, innermost first:
    at knot//org.lwjgl.opengl.GL11C.glDrawArrays(Native Method)
    at knot//org.lwjgl.opengl.GL11.glDrawArrays(GL11.java:1826)
    at knot//com.mojang.blaze3d.platform.GlStateManager.drawArrays(GlStateManager.java:1501)
    at knot//com.mojang.blaze3d.systems.RenderSystem.drawArrays(RenderSystem.java:966)
    at knot//net.minecraft.client.gl.VertexBuffer.draw(VertexBuffer.java:60)
    at knot//net.minecraft.client.render.WorldRenderer.renderLayer(WorldRenderer.java:1494)
    at knot//net.minecraft.client.render.WorldRenderer.render(WorldRenderer.java:1129)
    at knot//net.minecraft.client.render.GameRenderer.renderWorld(GameRenderer.java:717)
    at knot//net.minecraft.client.render.GameRenderer.render(GameRenderer.java:540)
    at knot//net.minecraft.client.MinecraftClient.render(MinecraftClient.java:1021)
    at knot//net.minecraft.client.MinecraftClient.run(MinecraftClient.java:654)
    at knot//net.minecraft.client.main.Main.main(Main.java:215)
    at net.fabricmc.loader.impl.game.minecraft.MinecraftGameProvider.launch(MinecraftGameProvider.java:480)
    at net.fabricmc.loader.impl.launch.knot.Knot.launch(Knot.java:74)
    at net.fabricmc.loader.impl.launch.knot.KnotClient.main(KnotClient.java:23)
    at net.fabricmc.devlaunchinjector.Main.main(Main.java:86)
[03:15:40] [T2Deadman/INFO] (Minecraft) [STDOUT]: TENORCLEF: HARNESS: DEADMAN: client tick running 3s — client thread stack, innermost first:
    at knot//org.lwjgl.opengl.GL11C.glDrawArrays(Native Method)
    at knot//org.lwjgl.opengl.GL11.glDrawArrays(GL11.java:1826)
    at knot//com.mojang.blaze3d.platform.GlStateManager.drawArrays(GlStateManager.java:1501)
    at knot//com.mojang.blaze3d.systems.RenderSystem.drawArrays(RenderSystem.java:966)
    at knot//net.minecraft.client.gl.VertexBuffer.draw(VertexBuffer.java:60)
    at knot//net.minecraft.client.render.WorldRenderer.renderLayer(WorldRenderer.java:1494)
    at knot//net.minecraft.client.render.WorldRenderer.render(WorldRenderer.java:1129)
    at knot//net.minecraft.client.render.GameRenderer.renderWorld(GameRenderer.java:717)
    at knot//net.minecraft.client.render.GameRenderer.render(GameRenderer.java:540)
    at knot//net.minecraft.client.MinecraftClient.render(MinecraftClient.java:1021)
    at knot//net.minecraft.client.MinecraftClient.run(MinecraftClient.java:654)
    at knot//net.minecraft.client.main.Main.main(Main.java:215)
    at net.fabricmc.loader.impl.game.minecraft.MinecraftGameProvider.launch(MinecraftGameProvider.java:480)
    at net.fabricmc.loader.impl.launch.knot.Knot.launch(Knot.java:74)
    at net.fabricmc.loader.impl.launch.knot.KnotClient.main(KnotClient.java:23)
    at net.fabricmc.devlaunchinjector.Main.main(Main.java:86)
[03:15:40] [T2Deadman/INFO] (Minecraft) [STDOUT]: ALTO CLEF: WARNING: T2 [S181] DEADMAN: client tick running 3s — client thread stack, innermost first:
    at knot//org.lwjgl.opengl.GL11C.glDrawArrays(Native Method)
    at knot//org.lwjgl.opengl.GL11.glDrawArrays(GL11.java:1826)
    at knot//com.mojang.blaze3d.platform.GlStateManager.drawArrays(GlStateManager.java:1501)
    at knot//com.mojang.blaze3d.systems.RenderSystem.drawArrays(RenderSystem.java:966)
    at knot//net.minecraft.client.gl.VertexBuffer.draw(VertexBuffer.java:60)
    at knot//net.minecraft.client.render.WorldRenderer.renderLayer(WorldRenderer.java:1494)
    at knot//net.minecraft.client.render.WorldRenderer.render(WorldRenderer.java:1129)
    at knot//net.minecraft.client.render.GameRenderer.renderWorld(GameRenderer.java:717)
    at knot//net.minecraft.client.render.GameRenderer.render(GameRenderer.java:540)
    at knot//net.minecraft.client.MinecraftClient.render(MinecraftClient.java:1021)
    at knot//net.minecraft.client.MinecraftClient.run(MinecraftClient.java:654)
    at knot//net.minecraft.client.main.Main.main(Main.java:215)
    at net.fabricmc.loader.impl.game.minecraft.MinecraftGameProvider.launch(MinecraftGameProvider.java:480)
    at net.fabricmc.loader.impl.launch.knot.Knot.launch(Knot.java:74)
    at net.fabricmc.loader.impl.launch.knot.KnotClient.main(KnotClient.java:23)
    at net.fabricmc.devlaunchinjector.Main.main(Main.java:86)
[03:15:40] [T2Deadman/INFO] (Minecraft) [CHAT] §2§l§o[TenorClef] §cT2 [S181] DEADMAN: client tick running 3s — client thread stack, innermost first:\n    at knot//org.lwjgl.opengl.GL11C.glDrawArrays(Native Method)\n    at knot//org.lwjgl.opengl.GL11.glDrawArrays(GL11.java:1826)\n    at knot//com.mojang.blaze3d.platform.GlStateManager.drawArrays(GlStateManager.java:1501)\n    at knot//com.mojang.blaze3d.systems.RenderSystem.drawArrays(RenderSystem.java:966)\n    at knot//net.minecraft.client.gl.VertexBuffer.draw(VertexBuffer.java:60)\n    at knot//net.minecraft.client.render.WorldRenderer.renderLayer(WorldRenderer.java:1494)\n    at knot//net.minecraft.client.render.WorldRenderer.render(WorldRenderer.java:1129)\n    at knot//net.minecraft.client.render.GameRenderer.renderWorld(GameRenderer.java:717)\n    at knot//net.minecraft.client.render.GameRenderer.render(GameRenderer.java:540)\n    at knot//net.minecraft.client.MinecraftClient.render(MinecraftClient.java:1021)\n    at knot//net.minecraft.client.MinecraftClient.run(MinecraftClient.java:654)\n    at knot//net.minecraft.client.main.Main.main(Main.java:215)\n    at net.fabricmc.loader.impl.game.minecraft.MinecraftGameProvider.launch(MinecraftGameProvider.java:480)\n    at net.fabricmc.loader.impl.launch.knot.Knot.launch(Knot.java:74)\n    at net.fabricmc.loader.impl.launch.knot.KnotClient.main(KnotClient.java:23)\n    at net.fabricmc.devlaunchinjector.Main.main(Main.java:86)§r
[03:15:40] [T2Deadman/INFO] (Minecraft) [CHAT] §2§l§o[TenorClef] §rT2 [HIST] 13:01.1 FORCE S181 DEADMAN: client tick running 3s — client thread stack, innermost first:\n    at knot//org.lwjgl.opengl.GL11C.glDrawArrays(Native Method)\n    at knot//org.lwjgl.opengl.GL11.glDrawArrays(GL11.java:1826)\n    at knot//com.mojang.blaze3d.platform.GlStateManager.drawArrays(GlStateManager.java:1501)\n    at knot//com.mojang.blaze3d.systems.RenderSystem.drawArrays(RenderSystem.java:966)\n    at knot//net.minecraft.client.gl.VertexBuffer.draw(VertexBuffer.java:60)\n    at knot//net.minecraft.client.render.WorldRenderer.renderLayer(WorldRenderer.java:1494)\n    at knot//net.minecraft.client.render.WorldRenderer.render(WorldRenderer.java:1129)\n    at knot//net.minecraft.client.render.GameRenderer.renderWorld(GameRenderer.java:717)\n    at knot//net.minecraft.client.render.GameRenderer.render(GameRenderer.java:540)\n    at knot//net.minecraft.client.MinecraftClient.render(MinecraftClient.java:1021)\n    at knot//net.minecraft.client.MinecraftClient.run(MinecraftClient.java:654)\n    at knot//net.minecraft.client.main.Main.main(Main.java:215)\n    at net.fabricmc.loader.impl.game.minecraft.MinecraftGameProvider.launch(MinecraftGameProvider.java:480)\n    at net.fabricmc.loader.impl.launch.knot.Knot.launch(Knot.java:74)\n    at net.fabricmc.loader.impl.launch.knot.KnotClient.main(KnotClient.java:23)\n    at net.fabricmc.devlaunchinjector.Main.main(Main.java:86)
[03:15:42] [main/INFO] (Minecraft) [STDOUT]: ALTO CLEF: WARNING: T2 [E80] parent onStart ignored, still ph=NETHER t=13:02.9
[03:15:42] [main/INFO] (Minecraft) [CHAT] §2§l§o[TenorClef] §cT2 [E80] parent onStart ignored, still ph=NETHER t=13:02.9§r
[03:15:42] [main/INFO] (Minecraft) [CHAT] §2§l§o[TenorClef] §rT2 [HIST] 13:02.9 onStart swallowed — keep NETHER
[03:15:42] [main/INFO] (Minecraft) [STDOUT]: ALTO CLEF: WARNING: T2 [S175] slow client tick 4757ms — NETHER @-107,56,-131 child=CollectBlazeRodsTask
[03:15:42] [main/INFO] (Minecraft) [CHAT] §2§l§o[TenorClef] §cT2 [S175] slow client tick 4757ms — NETHER @-107,56,-131 child=CollectBlazeRodsTask§r
[03:15:43] [pool-5-thread-4/INFO] (Minecraft) [STDOUT]: 675840 movements considered
[03:15:43] [pool-5-thread-4/INFO] (Minecraft) [STDOUT]: Open set size: 9056
[03:15:43] [pool-5-thread-4/INFO] (Minecraft) [STDOUT]: PathNode map size: 39776
[03:15:43] [pool-5-thread-4/INFO] (Minecraft) [STDOUT]: 61317 nodes per second
[03:15:43] [pool-5-thread-4/INFO] (Minecraft) [STDOUT]: Path goes for 5.0990195135927845 blocks
[03:15:43] [main/INFO] (Minecraft) [CHAT] §2§l§o[TenorClef] §rT2 [NOW] t=13:03.5 ph=NETHER @-107,56,-131 do=<Collect blaze rods - 0/6: [[blaze_rod] x 6]> Going to blaze spawner eq=iron_pickaxe woodpick=1 stonepick=1 pick=1 iron=0 buck=1
[03:15:43] [main/INFO] (Minecraft) [CHAT] §2§l§o[TenorClef] §rT2 [HIST] 13:03.7 SNAP ph=NETHER @-107,56,-131 sky=0 wet=false ground=true pick=1 buck=2 iron=0 ore=4 rods=0 pearls=0 eyes=0 child=CollectBlazeRodsTask dbg=<Collect blaze rods - 0/6: [[blaze_rod] x 6]> Going to blaze spawner mobs=none
[03:15:44] [main/INFO] (Minecraft) [CHAT] §2§l§o[TenorClef] §rT2 [NOW] t=13:04.5 ph=NETHER @-108,56,-134 do=<Collect blaze rods - 0/6: [[blaze_rod] x 6]> Going to blaze spawner eq=iron_pickaxe woodpick=1 stonepick=1 pick=1 iron=0 buck=1
[03:15:44] [main/INFO] (Minecraft) [STDOUT]: ALTO CLEF: WARNING: T2 [E118] CollectBlazeRodsTask 90s no inv change ph=NETHER
[03:15:44] [main/INFO] (Minecraft) [CHAT] §2§l§o[TenorClef] §cT2 [E118] CollectBlazeRodsTask 90s no inv change ph=NETHER§r
[03:15:44] [main/INFO] (Minecraft) [CHAT] §2§l§o[TenorClef] §rT2 [HIST] 13:04.5 [E118] CollectBlazeRodsTask 90s no inv change ph=NETHER
[03:15:45] [main/INFO] (Minecraft) [CHAT] §2§l§o[TenorClef] §rT2 [NOW] t=13:05.5 ph=NETHER @-110,57,-135 do=<Collect blaze rods - 0/6: [[blaze_rod] x 6]> Going to blaze spawner eq=iron_pickaxe woodpick=1 stonepick=1 pick=1 iron=0 buck=1
[03:15:45] [main/INFO] (Minecraft) [CHAT] §2§l§o[TenorClef] §rT2 [HIST] 13:06.2 SNAP ph=NETHER @-110,57,-135 sky=0 wet=false ground=true pick=1 buck=2 iron=0 ore=4 rods=0 pearls=0 eyes=0 child=CollectBlazeRodsTask dbg=<Collect blaze rods - 0/6: [[blaze_rod] x 6]> Going to blaze spawner mobs=none
[03:15:46] [main/INFO] (Minecraft) [CHAT] §2§l§o[TenorClef] §rT2 [NOW] t=13:06.5 ph=NETHER @-110,57,-135 do=<Collect blaze rods - 0/6: [[blaze_rod] x 6]> Going to blaze spawner eq=iron_pickaxe woodpick=1 stonepick=1 pick=1 iron=0 buck=1
[03:15:46] [main/INFO] (Minecraft) [CHAT] §2§l§o[TenorClef] §rT2 [HB] t=13:06.6 ph=NETHER y=57 child=CollectBlazeRodsTask logs=0 pick=1 woodpick=1
[03:15:47] [pool-5-thread-4/INFO] (Minecraft) [STDOUT]: 5378560 movements considered
[03:15:47] [pool-5-thread-4/INFO] (Minecraft) [STDOUT]: Open set size: 33104
[03:15:47] [pool-5-thread-4/INFO] (Minecraft) [STDOUT]: PathNode map size: 277581
[03:15:47] [pool-5-thread-4/INFO] (Minecraft) [STDOUT]: 61120 nodes per second
[03:15:47] [pool-5-thread-4/INFO] (Minecraft) [STDOUT]: Path goes for 30.14962686336267 blocks
[03:15:47] [main/INFO] (Minecraft) [CHAT] §2§l§o[TenorClef] §rT2 [NOW] t=13:07.5 ph=NETHER @-110,57,-135 do=<Collect blaze rods - 0/6: [[blaze_rod] x 6]> Going to blaze spawner eq=iron_pickaxe woodpick=1 stonepick=1 pick=1 iron=0 buck=1
[03:15:48] [main/INFO] (Minecraft) [CHAT] §2§l§o[TenorClef] §rT2 [NOW] t=13:08.5 ph=NETHER @-111,57,-138 do=<Collect blaze rods - 0/6: [[blaze_rod] x 6]> Going to blaze spawner eq=iron_pickaxe woodpick=1 stonepick=1 pick=1 iron=0 buck=1
[03:15:48] [main/INFO] (Minecraft) [CHAT] §2§l§o[TenorClef] §rT2 [HIST] 13:08.7 SNAP ph=NETHER @-112,57,-138 sky=0 wet=false ground=true pick=1 buck=2 iron=0 ore=4 rods=0 pearls=0 eyes=0 child=CollectBlazeRodsTask dbg=<Collect blaze rods - 0/6: [[blaze_rod] x 6]> Going to blaze spawner mobs=none
[03:15:49] [main/INFO] (Minecraft) [CHAT] §2§l§o[TenorClef] §rT2 [NOW] t=13:09.5 ph=NETHER @-113,57,-140 do=<Collect blaze rods - 0/6: [[blaze_rod] x 6]> Going to blaze spawner eq=iron_pickaxe woodpick=1 stonepick=1 pick=1 iron=0 buck=1
[03:15:49] [main/INFO] (Minecraft) [STDOUT]: ALTO CLEF: WARNING: T2 [S194] dig-down in progress y=56 child=CollectBlazeRodsTask - pillar/jump nudges stand aside
[03:15:49] [main/INFO] (Minecraft) [CHAT] §2§l§o[TenorClef] §cT2 [S194] dig-down in progress y=56 child=CollectBlazeRodsTask - pillar/jump nudges stand aside§r
[03:15:49] [main/INFO] (Minecraft) [CHAT] §2§l§o[TenorClef] §rT2 [HIST] 13:09.6 SOLVE S194 dig-down in progress y=56 child=CollectBlazeRodsTask - pillar/jump nudges stand aside
[03:15:49] [main/INFO] (Minecraft) [STDOUT]: ALTO CLEF: WARNING: T2 [S152] onStop interrupt=null dead=false ph=NETHER y=56.8 -> session preserved
[03:15:49] [main/INFO] (Minecraft) [CHAT] §2§l§o[TenorClef] §cT2 [S152] onStop interrupt=null dead=false ph=NETHER y=56.8 -> session preserved§r
[03:15:52] [T2Deadman/INFO] (Minecraft) [STDOUT]: TENORCLEF: DEADMAN: client tick running 3s — client thread stack, innermost first:
    at knot//org.lwjgl.system.JNI.invokePV(Native Method)
    at knot//org.lwjgl.glfw.GLFW.glfwSwapBuffers(GLFW.java:4937)
    at knot//com.mojang.blaze3d.systems.RenderSystem.flipFrame(RenderSystem.java:108)
    at knot//net.minecraft.client.util.Window.swapBuffers(Window.java:308)
    at knot//net.minecraft.client.MinecraftClient.render(MinecraftClient.java:1041)
    at knot//net.minecraft.client.MinecraftClient.run(MinecraftClient.java:654)
    at knot//net.minecraft.client.main.Main.main(Main.java:215)
    at net.fabricmc.loader.impl.game.minecraft.MinecraftGameProvider.launch(MinecraftGameProvider.java:480)
    at net.fabricmc.loader.impl.launch.knot.Knot.launch(Knot.java:74)
    at net.fabricmc.loader.impl.launch.knot.KnotClient.main(KnotClient.java:23)
    at net.fabricmc.devlaunchinjector.Main.main(Main.java:86)
[03:15:52] [T2Deadman/INFO] (Minecraft) [STDOUT]: TENORCLEF: HARNESS: DEADMAN: client tick running 3s — client thread stack, innermost first:
    at knot//org.lwjgl.system.JNI.invokePV(Native Method)
    at knot//org.lwjgl.glfw.GLFW.glfwSwapBuffers(GLFW.java:4937)
    at knot//com.mojang.blaze3d.systems.RenderSystem.flipFrame(RenderSystem.java:108)
    at knot//net.minecraft.client.util.Window.swapBuffers(Window.java:308)
    at knot//net.minecraft.client.MinecraftClient.render(MinecraftClient.java:1041)
    at knot//net.minecraft.client.MinecraftClient.run(MinecraftClient.java:654)
    at knot//net.minecraft.client.main.Main.main(Main.java:215)
    at net.fabricmc.loader.impl.game.minecraft.MinecraftGameProvider.launch(MinecraftGameProvider.java:480)
    at net.fabricmc.loader.impl.launch.knot.Knot.launch(Knot.java:74)
    at net.fabricmc.loader.impl.launch.knot.KnotClient.main(KnotClient.java:23)
    at net.fabricmc.devlaunchinjector.Main.main(Main.java:86)
[03:15:52] [T2Deadman/INFO] (Minecraft) [STDOUT]: ALTO CLEF: WARNING: T2 [S181] DEADMAN: client tick running 3s — client thread stack, innermost first:
    at knot//org.lwjgl.system.JNI.invokePV(Native Method)
    at knot//org.lwjgl.glfw.GLFW.glfwSwapBuffers(GLFW.java:4937)
    at knot//com.mojang.blaze3d.systems.RenderSystem.flipFrame(RenderSystem.java:108)
    at knot//net.minecraft.client.util.Window.swapBuffers(Window.java:308)
    at knot//net.minecraft.client.MinecraftClient.render(MinecraftClient.java:1041)
    at knot//net.minecraft.client.MinecraftClient.run(MinecraftClient.java:654)
    at knot//net.minecraft.client.main.Main.main(Main.java:215)
    at net.fabricmc.loader.impl.game.minecraft.MinecraftGameProvider.launch(MinecraftGameProvider.java:480)
    at net.fabricmc.loader.impl.launch.knot.Knot.launch(Knot.java:74)
    at net.fabricmc.loader.impl.launch.knot.KnotClient.main(KnotClient.java:23)
    at net.fabricmc.devlaunchinjector.Main.main(Main.java:86)
[03:15:52] [T2Deadman/INFO] (Minecraft) [CHAT] §2§l§o[TenorClef] §cT2 [S181] DEADMAN: client tick running 3s — client thread stack, innermost first:\n    at knot//org.lwjgl.system.JNI.invokePV(Native Method)\n    at knot//org.lwjgl.glfw.GLFW.glfwSwapBuffers(GLFW.java:4937)\n    at knot//com.mojang.blaze3d.systems.RenderSystem.flipFrame(RenderSystem.java:108)\n    at knot//net.minecraft.client.util.Window.swapBuffers(Window.java:308)\n    at knot//net.minecraft.client.MinecraftClient.render(MinecraftClient.java:1041)\n    at knot//net.minecraft.client.MinecraftClient.run(MinecraftClient.java:654)\n    at knot//net.minecraft.client.main.Main.main(Main.java:215)\n    at net.fabricmc.loader.impl.game.minecraft.MinecraftGameProvider.launch(MinecraftGameProvider.java:480)\n    at net.fabricmc.loader.impl.launch.knot.Knot.launch(Knot.java:74)\n    at net.fabricmc.loader.impl.launch.knot.KnotClient.main(KnotClient.java:23)\n    at net.fabricmc.devlaunchinjector.Main.main(Main.java:86)§r
[03:15:52] [T2Deadman/INFO] (Minecraft) [CHAT] §2§l§o[TenorClef] §rT2 [HIST] 13:12.7 FORCE S181 DEADMAN: client tick running 3s — client thread stack, innermost first:\n    at knot//org.lwjgl.system.JNI.invokePV(Native Method)\n    at knot//org.lwjgl.glfw.GLFW.glfwSwapBuffers(GLFW.java:4937)\n    at knot//com.mojang.blaze3d.systems.RenderSystem.flipFrame(RenderSystem.java:108)\n    at knot//net.minecraft.client.util.Window.swapBuffers(Window.java:308)\n    at knot//net.minecraft.client.MinecraftClient.render(MinecraftClient.java:1041)\n    at knot//net.minecraft.client.MinecraftClient.run(MinecraftClient.java:654)\n    at knot//net.minecraft.client.main.Main.main(Main.java:215)\n    at net.fabricmc.loader.impl.game.minecraft.MinecraftGameProvider.launch(MinecraftGameProvider.java:480)\n    at net.fabricmc.loader.impl.launch.knot.Knot.launch(Knot.java:74)\n    at net.fabricmc.loader.impl.launch.knot.KnotClient.main(KnotClient.java:23)\n    at net.fabricmc.devlaunchinjector.Main.main(Main.java:86)
[03:15:54] [main/INFO] (Minecraft) [STDOUT]: ALTO CLEF: WARNING: T2 [E80] parent onStart ignored, still ph=NETHER t=13:14.4
[03:15:54] [main/INFO] (Minecraft) [CHAT] §2§l§o[TenorClef] §cT2 [E80] parent onStart ignored, still ph=NETHER t=13:14.4§r
[03:15:54] [main/INFO] (Minecraft) [CHAT] §2§l§o[TenorClef] §rT2 [HIST] 13:14.4 onStart swallowed — keep NETHER
[03:15:54] [main/INFO] (Minecraft) [STDOUT]: ALTO CLEF: WARNING: T2 [S175] slow client tick 4753ms — NETHER @-107,56,-131 child=CollectBlazeRodsTask
[03:15:54] [main/INFO] (Minecraft) [CHAT] §2§l§o[TenorClef] §cT2 [S175] slow client tick 4753ms — NETHER @-107,56,-131 child=CollectBlazeRodsTask§r
[03:15:54] [pool-5-thread-4/INFO] (Minecraft) [STDOUT]: 795520 movements considered
[03:15:54] [pool-5-thread-4/INFO] (Minecraft) [STDOUT]: Open set size: 9858
[03:15:54] [pool-5-thread-4/INFO] (Minecraft) [STDOUT]: PathNode map size: 46018
[03:15:54] [pool-5-thread-4/INFO] (Minecraft) [STDOUT]: 72175 nodes per second
[03:15:54] [pool-5-thread-4/INFO] (Minecraft) [STDOUT]: Path goes for 5.0990195135927845 blocks
[03:15:54] [main/INFO] (Minecraft) [CHAT] §2§l§o[TenorClef] §rT2 [NOW] t=13:15.2 ph=NETHER @-107,56,-131 do=<Collect blaze rods - 0/6: [[blaze_rod] x 6]> Going to blaze spawner eq=iron_pickaxe woodpick=1 stonepick=1 pick=1 iron=0 buck=1
[03:15:55] [main/INFO] (Minecraft) [CHAT] §2§l§o[TenorClef] §rT2 [HIST] 13:15.9 SNAP ph=NETHER @-108,56,-133 sky=0 wet=false ground=true pick=1 buck=2 iron=0 ore=4 rods=0 pearls=0 eyes=0 child=CollectBlazeRodsTask dbg=<Collect blaze rods - 0/6: [[blaze_rod] x 6]> Going to blaze spawner mobs=none
[03:15:55] [main/INFO] (Minecraft) [CHAT] §2§l§o[TenorClef] §rT2 [NOW] t=13:16.2 ph=NETHER @-108,56,-134 do=<Collect blaze rods - 0/6: [[blaze_rod] x 6]> Going to blaze spawner eq=iron_pickaxe woodpick=1 stonepick=1 pick=1 iron=0 buck=1
[03:15:56] [main/INFO] (Minecraft) [CHAT] §2§l§o[TenorClef] §rT2 [HB] t=13:16.3 ph=NETHER y=56 child=CollectBlazeRodsTask logs=0 pick=1 woodpick=1
[03:15:56] [main/INFO] (Minecraft) [CHAT] §2§l§o[TenorClef] §rT2 [NOW] t=13:17.2 ph=NETHER @-110,57,-135 do=<Collect blaze rods - 0/6: [[blaze_rod] x 6]> Going to blaze spawner eq=iron_pickaxe woodpick=1 stonepick=1 pick=1 iron=0 buck=1
[03:15:57] [main/INFO] (Minecraft) [CHAT] §2§l§o[TenorClef] §rT2 [NOW] t=13:18.2 ph=NETHER @-110,57,-135 do=<Collect blaze rods - 0/6: [[blaze_rod] x 6]> Going to blaze spawner eq=iron_pickaxe woodpick=1 stonepick=1 pick=1 iron=0 buck=1
[03:15:58] [main/INFO] (Minecraft) [CHAT] §2§l§o[TenorClef] §rT2 [HIST] 13:18.4 SNAP ph=NETHER @-110,57,-135 sky=0 wet=false ground=true pick=1 buck=2 iron=0 ore=4 rods=0 pearls=0 eyes=0 child=CollectBlazeRodsTask dbg=<Collect blaze rods - 0/6: [[blaze_rod] x 6]> Going to blaze spawner mobs=none
[03:15:58] [pool-5-thread-4/INFO] (Minecraft) [STDOUT]: 5006848 movements considered
[03:15:58] [pool-5-thread-4/INFO] (Minecraft) [STDOUT]: Open set size: 31311
[03:15:58] [pool-5-thread-4/INFO] (Minecraft) [STDOUT]: PathNode map size: 258893
[03:15:58] [pool-5-thread-4/INFO] (Minecraft) [STDOUT]: 56896 nodes per second
[03:15:58] [pool-5-thread-4/INFO] (Minecraft) [STDOUT]: Path goes for 30.14962686336267 blocks
[03:15:58] [main/INFO] (Minecraft) [CHAT] §2§l§o[TenorClef] §rT2 [NOW] t=13:19.2 ph=NETHER @-110,57,-136 do=<Collect blaze rods - 0/6: [[blaze_rod] x 6]> Going to blaze spawner eq=iron_pickaxe woodpick=1 stonepick=1 pick=1 iron=0 buck=1
[03:15:59] [main/INFO] (Minecraft) [CHAT] §2§l§o[TenorClef] §rT2 [NOW] t=13:20.2 ph=NETHER @-112,57,-138 do=<Collect blaze rods - 0/6: [[blaze_rod] x 6]> Going to blaze spawner eq=iron_pickaxe woodpick=1 stonepick=1 pick=1 iron=0 buck=1
[03:16:00] [main/INFO] (Minecraft) [CHAT] §2§l§o[TenorClef] §rT2 [HIST] 13:20.9 SNAP ph=NETHER @-113,57,-140 sky=0 wet=false ground=true pick=1 buck=2 iron=0 ore=4 rods=0 pearls=0 eyes=0 child=CollectBlazeRodsTask dbg=<Collect blaze rods - 0/6: [[blaze_rod] x 6]> Going to blaze spawner mobs=none
[03:16:00] [main/INFO] (Minecraft) [STDOUT]: ALTO CLEF: WARNING: T2 [S194] dig-down in progress y=56 child=CollectBlazeRodsTask - pillar/jump nudges stand aside
[03:16:00] [main/INFO] (Minecraft) [CHAT] §2§l§o[TenorClef] §cT2 [S194] dig-down in progress y=56 child=CollectBlazeRodsTask - pillar/jump nudges stand aside§r
[03:16:00] [main/INFO] (Minecraft) [CHAT] §2§l§o[TenorClef] §rT2 [HIST] 13:21.1 SOLVE S194 dig-down in progress y=56 child=CollectBlazeRodsTask - pillar/jump nudges stand aside
[03:16:00] [main/INFO] (Minecraft) [STDOUT]: ALTO CLEF: WARNING: T2 [S152] onStop interrupt=null dead=false ph=NETHER y=56.8 -> session preserved
[03:16:00] [main/INFO] (Minecraft) [CHAT] §2§l§o[TenorClef] §cT2 [S152] onStop interrupt=null dead=false ph=NETHER y=56.8 -> session preserved§r
[03:16:01] [main/INFO] (Minecraft) [CHAT] §2§l§o[TenorClef] §rRefreshed inventory...
[03:16:03] [T2Deadman/INFO] (Minecraft) [STDOUT]: TENORCLEF: DEADMAN: client tick running 3s — client thread stack, innermost first:
    at knot//org.lwjgl.opengl.GL11C.glDrawArrays(Native Method)
    at knot//org.lwjgl.opengl.GL11.glDrawArrays(GL11.java:1826)
    at knot//com.mojang.blaze3d.platform.GlStateManager.drawArrays(GlStateManager.java:1501)
    at knot//com.mojang.blaze3d.systems.RenderSystem.drawArrays(RenderSystem.java:966)
    at knot//net.minecraft.client.gl.VertexBuffer.draw(VertexBuffer.java:60)
    at knot//net.minecraft.client.render.WorldRenderer.renderLayer(WorldRenderer.java:1494)
    at knot//net.minecraft.client.render.WorldRenderer.render(WorldRenderer.java:1129)
    at knot//net.minecraft.client.render.GameRenderer.renderWorld(GameRenderer.java:717)
    at knot//net.minecraft.client.render.GameRenderer.render(GameRenderer.java:540)
    at knot//net.minecraft.client.MinecraftClient.render(MinecraftClient.java:1021)
    at knot//net.minecraft.client.MinecraftClient.run(MinecraftClient.java:654)
    at knot//net.minecraft.client.main.Main.main(Main.java:215)
    at net.fabricmc.loader.impl.game.minecraft.MinecraftGameProvider.launch(MinecraftGameProvider.java:480)
    at net.fabricmc.loader.impl.launch.knot.Knot.launch(Knot.java:74)
    at net.fabricmc.loader.impl.launch.knot.KnotClient.main(KnotClient.java:23)
    at net.fabricmc.devlaunchinjector.Main.main(Main.java:86)
[03:16:03] [T2Deadman/INFO] (Minecraft) [STDOUT]: TENORCLEF: HARNESS: DEADMAN: client tick running 3s — client thread stack, innermost first:
    at knot//org.lwjgl.opengl.GL11C.glDrawArrays(Native Method)
    at knot//org.lwjgl.opengl.GL11.glDrawArrays(GL11.java:1826)
    at knot//com.mojang.blaze3d.platform.GlStateManager.drawArrays(GlStateManager.java:1501)
    at knot//com.mojang.blaze3d.systems.RenderSystem.drawArrays(RenderSystem.java:966)
    at knot//net.minecraft.client.gl.VertexBuffer.draw(VertexBuffer.java:60)
    at knot//net.minecraft.client.render.WorldRenderer.renderLayer(WorldRenderer.java:1494)
    at knot//net.minecraft.client.render.WorldRenderer.render(WorldRenderer.java:1129)
    at knot//net.minecraft.client.render.GameRenderer.renderWorld(GameRenderer.java:717)
    at knot//net.minecraft.client.render.GameRenderer.render(GameRenderer.java:540)
    at knot//net.minecraft.client.MinecraftClient.render(MinecraftClient.java:1021)
    at knot//net.minecraft.client.MinecraftClient.run(MinecraftClient.java:654)
    at knot//net.minecraft.client.main.Main.main(Main.java:215)
    at net.fabricmc.loader.impl.game.minecraft.MinecraftGameProvider.launch(MinecraftGameProvider.java:480)
    at net.fabricmc.loader.impl.launch.knot.Knot.launch(Knot.java:74)
    at net.fabricmc.loader.impl.launch.knot.KnotClient.main(KnotClient.java:23)
    at net.fabricmc.devlaunchinjector.Main.main(Main.java:86)
[03:16:03] [T2Deadman/INFO] (Minecraft) [STDOUT]: ALTO CLEF: WARNING: T2 [S181] DEADMAN: client tick running 3s — client thread stack, innermost first:
    at knot//org.lwjgl.opengl.GL11C.glDrawArrays(Native Method)
    at knot//org.lwjgl.opengl.GL11.glDrawArrays(GL11.java:1826)
    at knot//com.mojang.blaze3d.platform.GlStateManager.drawArrays(GlStateManager.java:1501)
    at knot//com.mojang.blaze3d.systems.RenderSystem.drawArrays(RenderSystem.java:966)
    at knot//net.minecraft.client.gl.VertexBuffer.draw(VertexBuffer.java:60)
    at knot//net.minecraft.client.render.WorldRenderer.renderLayer(WorldRenderer.java:1494)
    at knot//net.minecraft.client.render.WorldRenderer.render(WorldRenderer.java:1129)
    at knot//net.minecraft.client.render.GameRenderer.renderWorld(GameRenderer.java:717)
    at knot//net.minecraft.client.render.GameRenderer.render(GameRenderer.java:540)
    at knot//net.minecraft.client.MinecraftClient.render(MinecraftClient.java:1021)
    at knot//net.minecraft.client.MinecraftClient.run(MinecraftClient.java:654)
    at knot//net.minecraft.client.main.Main.main(Main.java:215)
    at net.fabricmc.loader.impl.game.minecraft.MinecraftGameProvider.launch(MinecraftGameProvider.java:480)
    at net.fabricmc.loader.impl.launch.knot.Knot.launch(Knot.java:74)
    at net.fabricmc.loader.impl.launch.knot.KnotClient.main(KnotClient.java:23)
    at net.fabricmc.devlaunchinjector.Main.main(Main.java:86)
[03:16:03] [T2Deadman/INFO] (Minecraft) [CHAT] §2§l§o[TenorClef] §cT2 [S181] DEADMAN: client tick running 3s — client thread stack, innermost first:\n    at knot//org.lwjgl.opengl.GL11C.glDrawArrays(Native Method)\n    at knot//org.lwjgl.opengl.GL11.glDrawArrays(GL11.java:1826)\n    at knot//com.mojang.blaze3d.platform.GlStateManager.drawArrays(GlStateManager.java:1501)\n    at knot//com.mojang.blaze3d.systems.RenderSystem.drawArrays(RenderSystem.java:966)\n    at knot//net.minecraft.client.gl.VertexBuffer.draw(VertexBuffer.java:60)\n    at knot//net.minecraft.client.render.WorldRenderer.renderLayer(WorldRenderer.java:1494)\n    at knot//net.minecraft.client.render.WorldRenderer.render(WorldRenderer.java:1129)\n    at knot//net.minecraft.client.render.GameRenderer.renderWorld(GameRenderer.java:717)\n    at knot//net.minecraft.client.render.GameRenderer.render(GameRenderer.java:540)\n    at knot//net.minecraft.client.MinecraftClient.render(MinecraftClient.java:1021)\n    at knot//net.minecraft.client.MinecraftClient.run(MinecraftClient.java:654)\n    at knot//net.minecraft.client.main.Main.main(Main.java:215)\n    at net.fabricmc.loader.impl.game.minecraft.MinecraftGameProvider.launch(MinecraftGameProvider.java:480)\n    at net.fabricmc.loader.impl.launch.knot.Knot.launch(Knot.java:74)\n    at net.fabricmc.loader.impl.launch.knot.KnotClient.main(KnotClient.java:23)\n    at net.fabricmc.devlaunchinjector.Main.main(Main.java:86)§r
[03:16:03] [T2Deadman/INFO] (Minecraft) [CHAT] §2§l§o[TenorClef] §rT2 [HIST] 13:24.2 FORCE S181 DEADMAN: client tick running 3s — client thread stack, innermost first:\n    at knot//org.lwjgl.opengl.GL11C.glDrawArrays(Native Method)\n    at knot//org.lwjgl.opengl.GL11.glDrawArrays(GL11.java:1826)\n    at knot//com.mojang.blaze3d.platform.GlStateManager.drawArrays(GlStateManager.java:1501)\n    at knot//com.mojang.blaze3d.systems.RenderSystem.drawArrays(RenderSystem.java:966)\n    at knot//net.minecraft.client.gl.VertexBuffer.draw(VertexBuffer.java:60)\n    at knot//net.minecraft.client.render.WorldRenderer.renderLayer(WorldRenderer.java:1494)\n    at knot//net.minecraft.client.render.WorldRenderer.render(WorldRenderer.java:1129)\n    at knot//net.minecraft.client.render.GameRenderer.renderWorld(GameRenderer.java:717)\n    at knot//net.minecraft.client.render.GameRenderer.render(GameRenderer.java:540)\n    at knot//net.minecraft.client.MinecraftClient.render(MinecraftClient.java:1021)\n    at knot//net.minecraft.client.MinecraftClient.run(MinecraftClient.java:654)\n    at knot//net.minecraft.client.main.Main.main(Main.java:215)\n    at net.fabricmc.loader.impl.game.minecraft.MinecraftGameProvider.launch(MinecraftGameProvider.java:480)\n    at net.fabricmc.loader.impl.launch.knot.Knot.launch(Knot.java:74)\n    at net.fabricmc.loader.impl.launch.knot.KnotClient.main(KnotClient.java:23)\n    at net.fabricmc.devlaunchinjector.Main.main(Main.java:86)
[03:16:05] [main/INFO] (Minecraft) [STDOUT]: ALTO CLEF: WARNING: T2 [E80] parent onStart ignored, still ph=NETHER t=13:25.9
[03:16:05] [main/INFO] (Minecraft) [CHAT] §2§l§o[TenorClef] §cT2 [E80] parent onStart ignored, still ph=NETHER t=13:25.9§r
[03:16:05] [main/INFO] (Minecraft) [CHAT] §2§l§o[TenorClef] §rT2 [HIST] 13:25.9 onStart swallowed — keep NETHER
[03:16:05] [main/INFO] (Minecraft) [CHAT] §2§l§o[TenorClef] §rT2 [NOW] t=13:25.9 ph=NETHER @-107,56,-131 do=<Collect blaze rods - 0/6: [[blaze_rod] x 6]> Going to blaze spawner eq=iron_pickaxe woodpick=1 stonepick=1 pick=1 iron=0 buck=1
[03:16:05] [main/INFO] (Minecraft) [STDOUT]: ALTO CLEF: WARNING: T2 [S175] slow client tick 4747ms — NETHER @-107,56,-131 child=CollectBlazeRodsTask
[03:16:05] [main/INFO] (Minecraft) [CHAT] §2§l§o[TenorClef] §cT2 [S175] slow client tick 4747ms — NETHER @-107,56,-131 child=CollectBlazeRodsTask§r
[03:16:05] [main/INFO] (Minecraft) [CHAT] §2§l§o[TenorClef] §rT2 [HB] t=13:26.0 ph=NETHER y=56 child=CollectBlazeRodsTask logs=0 pick=1 woodpick=1
[03:16:06] [pool-5-thread-4/INFO] (Minecraft) [STDOUT]: 673024 movements considered
[03:16:06] [pool-5-thread-4/INFO] (Minecraft) [STDOUT]: Open set size: 9046
[03:16:06] [pool-5-thread-4/INFO] (Minecraft) [STDOUT]: PathNode map size: 39638
[03:16:06] [pool-5-thread-4/INFO] (Minecraft) [STDOUT]: 60940 nodes per second
[03:16:06] [pool-5-thread-4/INFO] (Minecraft) [STDOUT]: Path goes for 5.0990195135927845 blocks
[03:16:06] [main/INFO] (Minecraft) [CHAT] §2§l§o[TenorClef] §rT2 [NOW] t=13:26.9 ph=NETHER @-107,56,-132 do=<Collect blaze rods - 0/6: [[blaze_rod] x 6]> Going to blaze spawner eq=iron_pickaxe woodpick=1 stonepick=1 pick=1 iron=0 buck=1
[03:16:07] [main/INFO] (Minecraft) [CHAT] §2§l§o[TenorClef] §rT2 [NOW] t=13:27.9 ph=NETHER @-109,57,-135 do=<Collect blaze rods - 0/6: [[blaze_rod] x 6]> Going to blaze spawner eq=iron_pickaxe woodpick=1 stonepick=1 pick=1 iron=0 buck=1
[03:16:07] [main/INFO] (Minecraft) [CHAT] §2§l§o[TenorClef] §rT2 [HIST] 13:28.1 SNAP ph=NETHER @-110,57,-135 sky=0 wet=false ground=false pick=1 buck=2 iron=0 ore=4 rods=0 pearls=0 eyes=0 child=CollectBlazeRodsTask dbg=<Collect blaze rods - 0/6: [[blaze_rod] x 6]> Going to blaze spawner mobs=none
[03:16:08] [main/INFO] (Minecraft) [CHAT] §2§l§o[TenorClef] §rT2 [NOW] t=13:28.9 ph=NETHER @-110,57,-135 do=<Collect blaze rods - 0/6: [[blaze_rod] x 6]> Going to blaze spawner eq=iron_pickaxe woodpick=1 stonepick=1 pick=1 iron=0 buck=1
[03:16:09] [main/INFO] (Minecraft) [CHAT] §2§l§o[TenorClef] §rT2 [NOW] t=13:29.9 ph=NETHER @-110,57,-135 do=<Collect blaze rods - 0/6: [[blaze_rod] x 6]> Going to blaze spawner eq=iron_pickaxe woodpick=1 stonepick=1 pick=1 iron=0 buck=1
[03:16:10] [pool-5-thread-4/INFO] (Minecraft) [STDOUT]: 5182848 movements considered
[03:16:10] [pool-5-thread-4/INFO] (Minecraft) [STDOUT]: Open set size: 32047
[03:16:10] [pool-5-thread-4/INFO] (Minecraft) [STDOUT]: PathNode map size: 267629
[03:16:10] [pool-5-thread-4/INFO] (Minecraft) [STDOUT]: 58896 nodes per second
[03:16:10] [pool-5-thread-4/INFO] (Minecraft) [STDOUT]: Path goes for 30.14962686336267 blocks
[03:16:10] [main/INFO] (Minecraft) [CHAT] §2§l§o[TenorClef] §rT2 [HIST] 13:30.6 SNAP ph=NETHER @-110,57,-135 sky=0 wet=false ground=true pick=1 buck=2 iron=0 ore=4 rods=0 pearls=0 eyes=0 child=CollectBlazeRodsTask dbg=<Collect blaze rods - 0/6: [[blaze_rod] x 6]> Going to blaze spawner mobs=none
[03:16:10] [main/INFO] (Minecraft) [CHAT] §2§l§o[TenorClef] §rT2 [NOW] t=13:30.9 ph=NETHER @-110,57,-136 do=<Collect blaze rods - 0/6: [[blaze_rod] x 6]> Going to blaze spawner eq=iron_pickaxe woodpick=1 stonepick=1 pick=1 iron=0 buck=1
[03:16:10] [main/INFO] (Minecraft) [CHAT] §2§l§o[TenorClef] §rT2 [HB] t=13:31.0 ph=NETHER y=57 child=CollectBlazeRodsTask logs=0 pick=1 woodpick=1
[03:16:11] [main/INFO] (Minecraft) [CHAT] §2§l§o[TenorClef] §rT2 [NOW] t=13:31.9 ph=NETHER @-112,57,-139 do=<Collect blaze rods - 0/6: [[blaze_rod] x 6]> Going to blaze spawner eq=iron_pickaxe woodpick=1 stonepick=1 pick=1 iron=0 buck=1
[03:16:12] [main/INFO] (Minecraft) [STDOUT]: ALTO CLEF: WARNING: T2 [S194] dig-down in progress y=56 child=CollectBlazeRodsTask - pillar/jump nudges stand aside
[03:16:12] [main/INFO] (Minecraft) [CHAT] §2§l§o[TenorClef] §cT2 [S194] dig-down in progress y=56 child=CollectBlazeRodsTask - pillar/jump nudges stand aside§r
[03:16:12] [main/INFO] (Minecraft) [CHAT] §2§l§o[TenorClef] §rT2 [HIST] 13:32.7 SOLVE S194 dig-down in progress y=56 child=CollectBlazeRodsTask - pillar/jump nudges stand aside
[03:16:12] [main/INFO] (Minecraft) [STDOUT]: ALTO CLEF: WARNING: T2 [S152] onStop interrupt=null dead=false ph=NETHER y=56.8 -> session preserved
[03:16:12] [main/INFO] (Minecraft) [CHAT] §2§l§o[TenorClef] §cT2 [S152] onStop interrupt=null dead=false ph=NETHER y=56.8 -> session preserved§r
[03:16:15] [T2Deadman/INFO] (Minecraft) [STDOUT]: TENORCLEF: DEADMAN: client tick running 3s — client thread stack, innermost first:
    at knot//net.minecraft.client.font.GlyphRenderer.draw(GlyphRenderer.java:50)
    at knot//net.minecraft.client.font.TextRenderer.drawGlyph(TextRenderer.java:306)
    at knot//net.minecraft.client.font.TextRenderer.method_27518(TextRenderer.java:34)
    at knot//net.minecraft.client.font.TextRenderer$ShadowDrawer.onChar(TextRenderer.java:234)
    at knot//net.minecraft.client.font.TextVisitFactory.visitRegularCharacter(TextVisitFactory.java:23)
    at knot//net.minecraft.client.font.TextVisitFactory.visitFormatted(TextVisitFactory.java:126)
    at knot//net.minecraft.client.font.TextVisitFactory.visitFormatted(TextVisitFactory.java:90)
    at knot//net.minecraft.client.font.TextVisitFactory.method_27470(TextVisitFactory.java:134)
    at knot//net.minecraft.text.StringRenderable$3.visit(StringRenderable.java:51)
    at knot//net.minecraft.text.StringRenderable$4.visit(StringRenderable.java:77)
    at knot//net.minecraft.client.font.TextVisitFactory.visitFormatted(TextVisitFactory.java:134)
    at knot//net.minecraft.client.font.TextRenderer.drawLayer(TextRenderer.java:301)
    at knot//net.minecraft.client.font.TextRenderer.drawInternal(TextRenderer.java:155)
    at knot//net.minecraft.client.font.TextRenderer.draw(TextRenderer.java:121)
    at knot//net.minecraft.client.font.TextRenderer.draw(TextRenderer.java:107)
    at knot//net.minecraft.client.font.TextRenderer.drawWithShadow(TextRenderer.java:75)
    at knot//net.minecraft.client.gui.hud.ChatHud.render(ChatHud.java:98)
    at knot//net.minecraft.client.gui.hud.InGameHud.render(InGameHud.java:360)
    at knot//net.minecraft.client.render.GameRenderer.render(GameRenderer.java:584)
    at knot//net.minecraft.client.MinecraftClient.render(MinecraftClient.java:1021)
    at knot//net.minecraft.client.MinecraftClient.run(MinecraftClient.java:654)
    at knot//net.minecraft.client.main.Main.main(Main.java:215)
    at net.fabricmc.loader.impl.game.minecraft.MinecraftGameProvider.launch(MinecraftGameProvider.java:480)
    at net.fabricmc.loader.impl.launch.knot.Knot.launch(Knot.java:74)
    at net.fabricmc.loader.impl.launch.knot.KnotClient.main(KnotClient.java:23)
    at net.fabricmc.devlaunchinjector.Main.main(Main.java:86)
[03:16:15] [T2Deadman/INFO] (Minecraft) [STDOUT]: TENORCLEF: HARNESS: DEADMAN: client tick running 3s — client thread stack, innermost first:
    at knot//net.minecraft.client.font.GlyphRenderer.draw(GlyphRenderer.java:50)
    at knot//net.minecraft.client.font.TextRenderer.drawGlyph(TextRenderer.java:306)
    at knot//net.minecraft.client.font.TextRenderer.method_27518(TextRenderer.java:34)
    at knot//net.minecraft.client.font.TextRenderer$ShadowDrawer.onChar(TextRenderer.java:234)
    at knot//net.minecraft.client.font.TextVisitFactory.visitRegularCharacter(TextVisitFactory.java:23)
    at knot//net.minecraft.client.font.TextVisitFactory.visitFormatted(TextVisitFactory.java:126)
    at knot//net.minecraft.client.font.TextVisitFactory.visitFormatted(TextVisitFactory.java:90)
    at knot//net.minecraft.client.font.TextVisitFactory.method_27470(TextVisitFactory.java:134)
    at knot//net.minecraft.text.StringRenderable$3.visit(StringRenderable.java:51)
    at knot//net.minecraft.text.StringRenderable$4.visit(StringRenderable.java:77)
    at knot//net.minecraft.client.font.TextVisitFactory.visitFormatted(TextVisitFactory.java:134)
    at knot//net.minecraft.client.font.TextRenderer.drawLayer(TextRenderer.java:301)
    at knot//net.minecraft.client.font.TextRenderer.drawInternal(TextRenderer.java:155)
    at knot//net.minecraft.client.font.TextRenderer.draw(TextRenderer.java:121)
    at knot//net.minecraft.client.font.TextRenderer.draw(TextRenderer.java:107)
    at knot//net.minecraft.client.font.TextRenderer.drawWithShadow(TextRenderer.java:75)
    at knot//net.minecraft.client.gui.hud.ChatHud.render(ChatHud.java:98)
    at knot//net.minecraft.client.gui.hud.InGameHud.render(InGameHud.java:360)
    at knot//net.minecraft.client.render.GameRenderer.render(GameRenderer.java:584)
    at knot//net.minecraft.client.MinecraftClient.render(MinecraftClient.java:1021)
    at knot//net.minecraft.client.MinecraftClient.run(MinecraftClient.java:654)
    at knot//net.minecraft.client.main.Main.main(Main.java:215)
    at net.fabricmc.loader.impl.game.minecraft.MinecraftGameProvider.launch(MinecraftGameProvider.java:480)
    at net.fabricmc.loader.impl.launch.knot.Knot.launch(Knot.java:74)
    at net.fabricmc.loader.impl.launch.knot.KnotClient.main(KnotClient.java:23)
    at net.fabricmc.devlaunchinjector.Main.main(Main.java:86)
[03:16:15] [T2Deadman/INFO] (Minecraft) [STDOUT]: ALTO CLEF: WARNING: T2 [S181] DEADMAN: client tick running 3s — client thread stack, innermost first:
    at knot//net.minecraft.client.font.GlyphRenderer.draw(GlyphRenderer.java:50)
    at knot//net.minecraft.client.font.TextRenderer.drawGlyph(TextRenderer.java:306)
    at knot//net.minecraft.client.font.TextRenderer.method_27518(TextRenderer.java:34)
    at knot//net.minecraft.client.font.TextRenderer$ShadowDrawer.onChar(TextRenderer.java:234)
    at knot//net.minecraft.client.font.TextVisitFactory.visitRegularCharacter(TextVisitFactory.java:23)
    at knot//net.minecraft.client.font.TextVisitFactory.visitFormatted(TextVisitFactory.java:126)
    at knot//net.minecraft.client.font.TextVisitFactory.visitFormatted(TextVisitFactory.java:90)
    at knot//net.minecraft.client.font.TextVisitFactory.method_27470(TextVisitFactory.java:134)
    at knot//net.minecraft.text.StringRenderable$3.visit(StringRenderable.java:51)
    at knot//net.minecraft.text.StringRenderable$4.visit(StringRenderable.java:77)
    at knot//net.minecraft.client.font.TextVisitFactory.visitFormatted(TextVisitFactory.java:134)
    at knot//net.minecraft.client.font.TextRenderer.drawLayer(TextRenderer.java:301)
    at knot//net.minecraft.client.font.TextRenderer.drawInternal(TextRenderer.java:155)
    at knot//net.minecraft.client.font.TextRenderer.draw(TextRenderer.java:121)
    at knot//net.minecraft.client.font.TextRenderer.draw(TextRenderer.java:107)
    at knot//net.minecraft.client.font.TextRenderer.drawWithShadow(TextRenderer.java:75)
    at knot//net.minecraft.client.gui.hud.ChatHud.render(ChatHud.java:98)
    at knot//net.minecraft.client.gui.hud.InGameHud.render(InGameHud.java:360)
    at knot//net.minecraft.client.render.GameRenderer.render(GameRenderer.java:584)
    at knot//net.minecraft.client.MinecraftClient.render(MinecraftClient.java:1021)
    at knot//net.minecraft.client.MinecraftClient.run(MinecraftClient.java:654)
    at knot//net.minecraft.client.main.Main.main(Main.java:215)
    at net.fabricmc.loader.impl.game.minecraft.MinecraftGameProvider.launch(MinecraftGameProvider.java:480)
    at net.fabricmc.loader.impl.launch.knot.Knot.launch(Knot.java:74)
    at net.fabricmc.loader.impl.launch.knot.KnotClient.main(KnotClient.java:23)
    at net.fabricmc.devlaunchinjector.Main.main(Main.java:86)
[03:16:15] [T2Deadman/INFO] (Minecraft) [CHAT] §2§l§o[TenorClef] §cT2 [S181] DEADMAN: client tick running 3s — client thread stack, innermost first:\n    at knot//net.minecraft.client.font.GlyphRenderer.draw(GlyphRenderer.java:50)\n    at knot//net.minecraft.client.font.TextRenderer.drawGlyph(TextRenderer.java:306)\n    at knot//net.minecraft.client.font.TextRenderer.method_27518(TextRenderer.java:34)\n    at knot//net.minecraft.client.font.TextRenderer$ShadowDrawer.onChar(TextRenderer.java:234)\n    at knot//net.minecraft.client.font.TextVisitFactory.visitRegularCharacter(TextVisitFactory.java:23)\n    at knot//net.minecraft.client.font.TextVisitFactory.visitFormatted(TextVisitFactory.java:126)\n    at knot//net.minecraft.client.font.TextVisitFactory.visitFormatted(TextVisitFactory.java:90)\n    at knot//net.minecraft.client.font.TextVisitFactory.method_27470(TextVisitFactory.java:134)\n    at knot//net.minecraft.text.StringRenderable$3.visit(StringRenderable.java:51)\n    at knot//net.minecraft.text.StringRenderable$4.visit(StringRenderable.java:77)\n    at knot//net.minecraft.client.font.TextVisitFactory.visitFormatted(TextVisitFactory.java:134)\n    at knot//net.minecraft.client.font.TextRenderer.drawLayer(TextRenderer.java:301)\n    at knot//net.minecraft.client.font.TextRenderer.drawInternal(TextRenderer.java:155)\n    at knot//net.minecraft.client.font.TextRenderer.draw(TextRenderer.java:121)\n    at knot//net.minecraft.client.font.TextRenderer.draw(TextRenderer.java:107)\n    at knot//net.minecraft.client.font.TextRenderer.drawWithShadow(TextRenderer.java:75)\n    at knot//net.minecraft.client.gui.hud.ChatHud.render(ChatHud.java:98)\n    at knot//net.minecraft.client.gui.hud.InGameHud.render(InGameHud.java:360)\n    at knot//net.minecraft.client.render.GameRenderer.render(GameRenderer.java:584)\n    at knot//net.minecraft.client.MinecraftClient.render(MinecraftClient.java:1021)\n    at knot//net.minecraft.client.MinecraftClient.run(MinecraftClient.java:654)\n    at knot//net.minecraft.client.main.Main.main(Main.java:215)\n    at net.fabricmc.loader.impl.game.minecraft.MinecraftGameProvider.launch(MinecraftGameProvider.java:480)\n    at net.fabricmc.loader.impl.launch.knot.Knot.launch(Knot.java:74)\n    at net.fabricmc.loader.impl.launch.knot.KnotClient.main(KnotClient.java:23)\n    at net.fabricmc.devlaunchinjector.Main.main(Main.java:86)§r
[03:16:15] [T2Deadman/INFO] (Minecraft) [CHAT] §2§l§o[TenorClef] §rT2 [HIST] 13:35.7 FORCE S181 DEADMAN: client tick running 3s — client thread stack, innermost first:\n    at knot//net.minecraft.client.font.GlyphRenderer.draw(GlyphRenderer.java:50)\n    at knot//net.minecraft.client.font.TextRenderer.drawGlyph(TextRenderer.java:306)\n    at knot//net.minecraft.client.font.TextRenderer.method_27518(TextRenderer.java:34)\n    at knot//net.minecraft.client.font.TextRenderer$ShadowDrawer.onChar(TextRenderer.java:234)\n    at knot//net.minecraft.client.font.TextVisitFactory.visitRegularCharacter(TextVisitFactory.java:23)\n    at knot//net.minecraft.client.font.TextVisitFactory.visitFormatted(TextVisitFactory.java:126)\n    at knot//net.minecraft.client.font.TextVisitFactory.visitFormatted(TextVisitFactory.java:90)\n    at knot//net.minecraft.client.font.TextVisitFactory.method_27470(TextVisitFactory.java:134)\n    at knot//net.minecraft.text.StringRenderable$3.visit(StringRenderable.java:51)\n    at knot//net.minecraft.text.StringRenderable$4.visit(StringRenderable.java:77)\n    at knot//net.minecraft.client.font.TextVisitFactory.visitFormatted(TextVisitFactory.java:134)\n    at knot//net.minecraft.client.font.TextRenderer.drawLayer(TextRenderer.java:301)\n    at knot//net.minecraft.client.font.TextRenderer.drawInternal(TextRenderer.java:155)\n    at knot//net.minecraft.client.font.TextRenderer.draw(TextRenderer.java:121)\n    at knot//net.minecraft.client.font.TextRenderer.draw(TextRenderer.java:107)\n    at knot//net.minecraft.client.font.TextRenderer.drawWithShadow(TextRenderer.java:75)\n    at knot//net.minecraft.client.gui.hud.ChatHud.render(ChatHud.java:98)\n    at knot//net.minecraft.client.gui.hud.InGameHud.render(InGameHud.java:360)\n    at knot//net.minecraft.client.render.GameRenderer.render(GameRenderer.java:584)\n    at knot//net.minecraft.client.MinecraftClient.render(MinecraftClient.java:1021)\n    at knot//net.minecraft.client.MinecraftClient.run(MinecraftClient.java:654)\n    at knot//net.minecraft.client.main.Main.main(Main.java:215)\n    at net.fabricmc.loader.impl.game.minecraft.MinecraftGameProvider.launch(MinecraftGameProvider.java:480)\n    at net.fabricmc.loader.impl.launch.knot.Knot.launch(Knot.java:74)\n    at net.fabricmc.loader.impl.launch.knot.KnotClient.main(KnotClient.java:23)\n    at net.fabricmc.devlaunchinjector.Main.main(Main.java:86)
[03:16:17] [main/INFO] (Minecraft) [STDOUT]: ALTO CLEF: WARNING: T2 [E80] parent onStart ignored, still ph=NETHER t=13:37.4
[03:16:17] [main/INFO] (Minecraft) [CHAT] §2§l§o[TenorClef] §cT2 [E80] parent onStart ignored, still ph=NETHER t=13:37.4§r
[03:16:17] [main/INFO] (Minecraft) [CHAT] §2§l§o[TenorClef] §rT2 [HIST] 13:37.4 onStart swallowed — keep NETHER
[03:16:17] [main/INFO] (Minecraft) [STDOUT]: ALTO CLEF: WARNING: T2 [S175] slow client tick 4748ms — NETHER @-107,56,-131 child=CollectBlazeRodsTask
[03:16:17] [main/INFO] (Minecraft) [CHAT] §2§l§o[TenorClef] §cT2 [S175] slow client tick 4748ms — NETHER @-107,56,-131 child=CollectBlazeRodsTask§r
[03:16:17] [main/INFO] (Minecraft) [CHAT] §2§l§o[TenorClef] §rT2 [NOW] t=13:37.6 ph=NETHER @-107,56,-131 do=<Collect blaze rods - 0/6: [[blaze_rod] x 6]> Going to blaze spawner eq=iron_pickaxe woodpick=1 stonepick=1 pick=1 iron=0 buck=1
[03:16:17] [main/INFO] (Minecraft) [CHAT] §2§l§o[TenorClef] §rT2 [HIST] 13:37.8 SNAP ph=NETHER @-107,56,-131 sky=0 wet=false ground=true pick=1 buck=2 iron=0 ore=4 rods=0 pearls=0 eyes=0 child=CollectBlazeRodsTask dbg=<Collect blaze rods - 0/6: [[blaze_rod] x 6]> Going to blaze spawner mobs=none
[03:16:17] [pool-5-thread-4/INFO] (Minecraft) [STDOUT]: 791296 movements considered
[03:16:17] [pool-5-thread-4/INFO] (Minecraft) [STDOUT]: Open set size: 9850
[03:16:17] [pool-5-thread-4/INFO] (Minecraft) [STDOUT]: PathNode map size: 45818
[03:16:17] [pool-5-thread-4/INFO] (Minecraft) [STDOUT]: 71936 nodes per second
[03:16:17] [pool-5-thread-4/INFO] (Minecraft) [STDOUT]: Path goes for 5.0990195135927845 blocks
[03:16:18] [main/INFO] (Minecraft) [CHAT] §2§l§o[TenorClef] §rT2 [NOW] t=13:38.6 ph=NETHER @-107,56,-133 do=<Collect blaze rods - 0/6: [[blaze_rod] x 6]> Going to blaze spawner eq=iron_pickaxe woodpick=1 stonepick=1 pick=1 iron=0 buck=1
[03:16:19] [main/INFO] (Minecraft) [CHAT] §2§l§o[TenorClef] §rT2 [NOW] t=13:39.6 ph=NETHER @-109,57,-135 do=<Collect blaze rods - 0/6: [[blaze_rod] x 6]> Going to blaze spawner eq=iron_pickaxe woodpick=1 stonepick=1 pick=1 iron=0 buck=1
[03:16:19] [main/INFO] (Minecraft) [CHAT] §2§l§o[TenorClef] §rT2 [HIST] 13:40.3 SNAP ph=NETHER @-110,57,-135 sky=0 wet=false ground=true pick=1 buck=2 iron=0 ore=4 rods=0 pearls=0 eyes=0 child=CollectBlazeRodsTask dbg=<Collect blaze rods - 0/6: [[blaze_rod] x 6]> Going to blaze spawner mobs=none
[03:16:20] [main/INFO] (Minecraft) [CHAT] §2§l§o[TenorClef] §rT2 [NOW] t=13:40.6 ph=NETHER @-110,57,-135 do=<Collect blaze rods - 0/6: [[blaze_rod] x 6]> Going to blaze spawner eq=iron_pickaxe woodpick=1 stonepick=1 pick=1 iron=0 buck=1
[03:16:20] [main/INFO] (Minecraft) [CHAT] §2§l§o[TenorClef] §rT2 [HB] t=13:40.7 ph=NETHER y=57 child=CollectBlazeRodsTask logs=0 pick=1 woodpick=1
[03:16:21] [main/INFO] (Minecraft) [CHAT] §2§l§o[TenorClef] §rT2 [NOW] t=13:41.6 ph=NETHER @-110,57,-135 do=<Collect blaze rods - 0/6: [[blaze_rod] x 6]> Going to blaze spawner eq=iron_pickaxe woodpick=1 stonepick=1 pick=1 iron=0 buck=1
[03:16:21] [pool-5-thread-4/INFO] (Minecraft) [STDOUT]: 5363072 movements considered
[03:16:21] [pool-5-thread-4/INFO] (Minecraft) [STDOUT]: Open set size: 32999
[03:16:21] [pool-5-thread-4/INFO] (Minecraft) [STDOUT]: PathNode map size: 276772
[03:16:21] [pool-5-thread-4/INFO] (Minecraft) [STDOUT]: 60944 nodes per second
[03:16:21] [pool-5-thread-4/INFO] (Minecraft) [STDOUT]: Path goes for 30.14962686336267 blocks
[03:16:22] [main/INFO] (Minecraft) [CHAT] §2§l§o[TenorClef] §rT2 [NOW] t=13:42.6 ph=NETHER @-111,57,-136 do=<Collect blaze rods - 0/6: [[blaze_rod] x 6]> Going to blaze spawner eq=iron_pickaxe woodpick=1 stonepick=1 pick=1 iron=0 buck=1
[03:16:22] [main/INFO] (Minecraft) [CHAT] §2§l§o[TenorClef] §rT2 [HIST] 13:42.8 SNAP ph=NETHER @-111,57,-137 sky=0 wet=false ground=true pick=1 buck=2 iron=0 ore=4 rods=0 pearls=0 eyes=0 child=CollectBlazeRodsTask dbg=<Collect blaze rods - 0/6: [[blaze_rod] x 6]> Going to blaze spawner mobs=none
[03:16:23] [main/INFO] (Minecraft) [CHAT] §2§l§o[TenorClef] §rT2 [NOW] t=13:43.6 ph=NETHER @-112,57,-139 do=<Collect blaze rods - 0/6: [[blaze_rod] x 6]> Going to blaze spawner eq=iron_pickaxe woodpick=1 stonepick=1 pick=1 iron=0 buck=1
[03:16:23] [main/INFO] (Minecraft) [STDOUT]: ALTO CLEF: WARNING: T2 [S194] dig-down in progress y=56 child=CollectBlazeRodsTask - pillar/jump nudges stand aside
[03:16:23] [main/INFO] (Minecraft) [CHAT] §2§l§o[TenorClef] §cT2 [S194] dig-down in progress y=56 child=CollectBlazeRodsTask - pillar/jump nudges stand aside§r
[03:16:23] [main/INFO] (Minecraft) [CHAT] §2§l§o[TenorClef] §rT2 [HIST] 13:44.2 SOLVE S194 dig-down in progress y=56 child=CollectBlazeRodsTask - pillar/jump nudges stand aside
[03:16:23] [main/INFO] (Minecraft) [STDOUT]: ALTO CLEF: WARNING: T2 [S152] onStop interrupt=null dead=false ph=NETHER y=56.8 -> session preserved
[03:16:23] [main/INFO] (Minecraft) [CHAT] §2§l§o[TenorClef] §cT2 [S152] onStop interrupt=null dead=false ph=NETHER y=56.8 -> session preserved§r
[03:16:27] [T2Deadman/INFO] (Minecraft) [STDOUT]: TENORCLEF: DEADMAN: client tick running 3s — client thread stack, innermost first:
    at knot//com.mojang.blaze3d.systems.RenderSystem.assertThread(RenderSystem.java:84)
    at knot//com.mojang.blaze3d.platform.GlStateManager.normalPointer(GlStateManager.java:1450)
    at knot//net.minecraft.client.render.VertexFormatElement$Type.method_22666(VertexFormatElement.java:115)
    at knot//net.minecraft.client.render.VertexFormatElement$Type.startDrawing(VertexFormatElement.java:154)
    at knot//net.minecraft.client.render.VertexFormatElement$Type.method_22656(VertexFormatElement.java:107)
    at knot//net.minecraft.client.render.VertexFormatElement.startDrawing(VertexFormatElement.java:100)
    at knot//net.minecraft.client.render.VertexFormat.startDrawing(VertexFormat.java:76)
    at knot//net.minecraft.client.render.WorldRenderer.renderLayer(WorldRenderer.java:1492)
    at knot//net.minecraft.client.render.WorldRenderer.render(WorldRenderer.java:1129)
    at knot//net.minecraft.client.render.GameRenderer.renderWorld(GameRenderer.java:717)
    at knot//net.minecraft.client.render.GameRenderer.render(GameRenderer.java:540)
    at knot//net.minecraft.client.MinecraftClient.render(MinecraftClient.java:1021)
    at knot//net.minecraft.client.MinecraftClient.run(MinecraftClient.java:654)
    at knot//net.minecraft.client.main.Main.main(Main.java:215)
    at net.fabricmc.loader.impl.game.minecraft.MinecraftGameProvider.launch(MinecraftGameProvider.java:480)
    at net.fabricmc.loader.impl.launch.knot.Knot.launch(Knot.java:74)
    at net.fabricmc.loader.impl.launch.knot.KnotClient.main(KnotClient.java:23)
    at net.fabricmc.devlaunchinjector.Main.main(Main.java:86)
[03:16:27] [T2Deadman/INFO] (Minecraft) [STDOUT]: TENORCLEF: HARNESS: DEADMAN: client tick running 3s — client thread stack, innermost first:
    at knot//com.mojang.blaze3d.systems.RenderSystem.assertThread(RenderSystem.java:84)
    at knot//com.mojang.blaze3d.platform.GlStateManager.normalPointer(GlStateManager.java:1450)
    at knot//net.minecraft.client.render.VertexFormatElement$Type.method_22666(VertexFormatElement.java:115)
    at knot//net.minecraft.client.render.VertexFormatElement$Type.startDrawing(VertexFormatElement.java:154)
    at knot//net.minecraft.client.render.VertexFormatElement$Type.method_22656(VertexFormatElement.java:107)
    at knot//net.minecraft.client.render.VertexFormatElement.startDrawing(VertexFormatElement.java:100)
    at knot//net.minecraft.client.render.VertexFormat.startDrawing(VertexFormat.java:76)
    at knot//net.minecraft.client.render.WorldRenderer.renderLayer(WorldRenderer.java:1492)
    at knot//net.minecraft.client.render.WorldRenderer.render(WorldRenderer.java:1129)
    at knot//net.minecraft.client.render.GameRenderer.renderWorld(GameRenderer.java:717)
    at knot//net.minecraft.client.render.GameRenderer.render(GameRenderer.java:540)
    at knot//net.minecraft.client.MinecraftClient.render(MinecraftClient.java:1021)
    at knot//net.minecraft.client.MinecraftClient.run(MinecraftClient.java:654)
    at knot//net.minecraft.client.main.Main.main(Main.java:215)
    at net.fabricmc.loader.impl.game.minecraft.MinecraftGameProvider.launch(MinecraftGameProvider.java:480)
    at net.fabricmc.loader.impl.launch.knot.Knot.launch(Knot.java:74)
    at net.fabricmc.loader.impl.launch.knot.KnotClient.main(KnotClient.java:23)
    at net.fabricmc.devlaunchinjector.Main.main(Main.java:86)
[03:16:27] [T2Deadman/INFO] (Minecraft) [STDOUT]: ALTO CLEF: WARNING: T2 [S181] DEADMAN: client tick running 3s — client thread stack, innermost first:
    at knot//com.mojang.blaze3d.systems.RenderSystem.assertThread(RenderSystem.java:84)
    at knot//com.mojang.blaze3d.platform.GlStateManager.normalPointer(GlStateManager.java:1450)
    at knot//net.minecraft.client.render.VertexFormatElement$Type.method_22666(VertexFormatElement.java:115)
    at knot//net.minecraft.client.render.VertexFormatElement$Type.startDrawing(VertexFormatElement.java:154)
    at knot//net.minecraft.client.render.VertexFormatElement$Type.method_22656(VertexFormatElement.java:107)
    at knot//net.minecraft.client.render.VertexFormatElement.startDrawing(VertexFormatElement.java:100)
    at knot//net.minecraft.client.render.VertexFormat.startDrawing(VertexFormat.java:76)
    at knot//net.minecraft.client.render.WorldRenderer.renderLayer(WorldRenderer.java:1492)
    at knot//net.minecraft.client.render.WorldRenderer.render(WorldRenderer.java:1129)
    at knot//net.minecraft.client.render.GameRenderer.renderWorld(GameRenderer.java:717)
    at knot//net.minecraft.client.render.GameRenderer.render(GameRenderer.java:540)
    at knot//net.minecraft.client.MinecraftClient.render(MinecraftClient.java:1021)
    at knot//net.minecraft.client.MinecraftClient.run(MinecraftClient.java:654)
    at knot//net.minecraft.client.main.Main.main(Main.java:215)
    at net.fabricmc.loader.impl.game.minecraft.MinecraftGameProvider.launch(MinecraftGameProvider.java:480)
    at net.fabricmc.loader.impl.launch.knot.Knot.launch(Knot.java:74)
    at net.fabricmc.loader.impl.launch.knot.KnotClient.main(KnotClient.java:23)
    at net.fabricmc.devlaunchinjector.Main.main(Main.java:86)
[03:16:27] [T2Deadman/INFO] (Minecraft) [CHAT] §2§l§o[TenorClef] §cT2 [S181] DEADMAN: client tick running 3s — client thread stack, innermost first:\n    at knot//com.mojang.blaze3d.systems.RenderSystem.assertThread(RenderSystem.java:84)\n    at knot//com.mojang.blaze3d.platform.GlStateManager.normalPointer(GlStateManager.java:1450)\n    at knot//net.minecraft.client.render.VertexFormatElement$Type.method_22666(VertexFormatElement.java:115)\n    at knot//net.minecraft.client.render.VertexFormatElement$Type.startDrawing(VertexFormatElement.java:154)\n    at knot//net.minecraft.client.render.VertexFormatElement$Type.method_22656(VertexFormatElement.java:107)\n    at knot//net.minecraft.client.render.VertexFormatElement.startDrawing(VertexFormatElement.java:100)\n    at knot//net.minecraft.client.render.VertexFormat.startDrawing(VertexFormat.java:76)\n    at knot//net.minecraft.client.render.WorldRenderer.renderLayer(WorldRenderer.java:1492)\n    at knot//net.minecraft.client.render.WorldRenderer.render(WorldRenderer.java:1129)\n    at knot//net.minecraft.client.render.GameRenderer.renderWorld(GameRenderer.java:717)\n    at knot//net.minecraft.client.render.GameRenderer.render(GameRenderer.java:540)\n    at knot//net.minecraft.client.MinecraftClient.render(MinecraftClient.java:1021)\n    at knot//net.minecraft.client.MinecraftClient.run(MinecraftClient.java:654)\n    at knot//net.minecraft.client.main.Main.main(Main.java:215)\n    at net.fabricmc.loader.impl.game.minecraft.MinecraftGameProvider.launch(MinecraftGameProvider.java:480)\n    at net.fabricmc.loader.impl.launch.knot.Knot.launch(Knot.java:74)\n    at net.fabricmc.loader.impl.launch.knot.KnotClient.main(KnotClient.java:23)\n    at net.fabricmc.devlaunchinjector.Main.main(Main.java:86)§r
[03:16:27] [T2Deadman/INFO] (Minecraft) [CHAT] §2§l§o[TenorClef] §rT2 [HIST] 13:47.3 FORCE S181 DEADMAN: client tick running 3s — client thread stack, innermost first:\n    at knot//com.mojang.blaze3d.systems.RenderSystem.assertThread(RenderSystem.java:84)\n    at knot//com.mojang.blaze3d.platform.GlStateManager.normalPointer(GlStateManager.java:1450)\n    at knot//net.minecraft.client.render.VertexFormatElement$Type.method_22666(VertexFormatElement.java:115)\n    at knot//net.minecraft.client.render.VertexFormatElement$Type.startDrawing(VertexFormatElement.java:154)\n    at knot//net.minecraft.client.render.VertexFormatElement$Type.method_22656(VertexFormatElement.java:107)\n    at knot//net.minecraft.client.render.VertexFormatElement.startDrawing(VertexFormatElement.java:100)\n    at knot//net.minecraft.client.render.VertexFormat.startDrawing(VertexFormat.java:76)\n    at knot//net.minecraft.client.render.WorldRenderer.renderLayer(WorldRenderer.java:1492)\n    at knot//net.minecraft.client.render.WorldRenderer.render(WorldRenderer.java:1129)\n    at knot//net.minecraft.client.render.GameRenderer.renderWorld(GameRenderer.java:717)\n    at knot//net.minecraft.client.render.GameRenderer.render(GameRenderer.java:540)\n    at knot//net.minecraft.client.MinecraftClient.render(MinecraftClient.java:1021)\n    at knot//net.minecraft.client.MinecraftClient.run(MinecraftClient.java:654)\n    at knot//net.minecraft.client.main.Main.main(Main.java:215)\n    at net.fabricmc.loader.impl.game.minecraft.MinecraftGameProvider.launch(MinecraftGameProvider.java:480)\n    at net.fabricmc.loader.impl.launch.knot.Knot.launch(Knot.java:74)\n    at net.fabricmc.loader.impl.launch.knot.KnotClient.main(KnotClient.java:23)\n    at net.fabricmc.devlaunchinjector.Main.main(Main.java:86)
[03:16:28] [main/INFO] (Minecraft) [STDOUT]: ALTO CLEF: WARNING: T2 [E80] parent onStart ignored, still ph=NETHER t=13:49.0
[03:16:28] [main/INFO] (Minecraft) [CHAT] §2§l§o[TenorClef] §cT2 [E80] parent onStart ignored, still ph=NETHER t=13:49.0§r
[03:16:28] [main/INFO] (Minecraft) [CHAT] §2§l§o[TenorClef] §rT2 [HIST] 13:49.0 onStart swallowed — keep NETHER
[03:16:28] [main/INFO] (Minecraft) [STDOUT]: ALTO CLEF: WARNING: T2 [S175] slow client tick 4799ms — NETHER @-107,56,-131 child=CollectBlazeRodsTask
[03:16:28] [main/INFO] (Minecraft) [CHAT] §2§l§o[TenorClef] §cT2 [S175] slow client tick 4799ms — NETHER @-107,56,-131 child=CollectBlazeRodsTask§r
[03:16:29] [main/INFO] (Minecraft) [CHAT] §2§l§o[TenorClef] §rT2 [NOW] t=13:49.3 ph=NETHER @-107,56,-131 do=<Collect blaze rods - 0/6: [[blaze_rod] x 6]> Going to blaze spawner eq=iron_pickaxe woodpick=1 stonepick=1 pick=1 iron=0 buck=1
[03:16:29] [pool-5-thread-4/INFO] (Minecraft) [STDOUT]: 708224 movements considered
[03:16:29] [pool-5-thread-4/INFO] (Minecraft) [STDOUT]: Open set size: 9301
[03:16:29] [pool-5-thread-4/INFO] (Minecraft) [STDOUT]: PathNode map size: 41493
[03:16:29] [pool-5-thread-4/INFO] (Minecraft) [STDOUT]: 64384 nodes per second
[03:16:29] [pool-5-thread-4/INFO] (Minecraft) [STDOUT]: Path goes for 5.0990195135927845 blocks
[03:16:29] [main/INFO] (Minecraft) [CHAT] §2§l§o[TenorClef] §rT2 [HIST] 13:50.0 SNAP ph=NETHER @-107,56,-132 sky=0 wet=false ground=true pick=1 buck=2 iron=0 ore=4 rods=0 pearls=0 eyes=0 child=CollectBlazeRodsTask dbg=<Collect blaze rods - 0/6: [[blaze_rod] x 6]> Going to blaze spawner mobs=none
[03:16:30] [main/INFO] (Minecraft) [CHAT] §2§l§o[TenorClef] §rT2 [NOW] t=13:50.3 ph=NETHER @-107,56,-133 do=<Collect blaze rods - 0/6: [[blaze_rod] x 6]> Going to blaze spawner eq=iron_pickaxe woodpick=1 stonepick=1 pick=1 iron=0 buck=1
[03:16:30] [main/INFO] (Minecraft) [CHAT] §2§l§o[TenorClef] §rT2 [HB] t=13:50.5 ph=NETHER y=56 child=CollectBlazeRodsTask logs=0 pick=1 woodpick=1
[03:16:31] [main/INFO] (Minecraft) [CHAT] §2§l§o[TenorClef] §rT2 [NOW] t=13:51.3 ph=NETHER @-110,57,-135 do=<Collect blaze rods - 0/6: [[blaze_rod] x 6]> Going to blaze spawner eq=iron_pickaxe woodpick=1 stonepick=1 pick=1 iron=0 buck=1
[03:16:31] [main/INFO] (Minecraft) [CHAT] §2§l§o[TenorClef] §rRefreshed inventory...
[03:16:32] [main/INFO] (Minecraft) [CHAT] §2§l§o[TenorClef] §rT2 [NOW] t=13:52.3 ph=NETHER @-110,57,-135 do=<Collect blaze rods - 0/6: [[blaze_rod] x 6]> Going to blaze spawner eq=iron_pickaxe woodpick=1 stonepick=1 pick=1 iron=0 buck=1
[03:16:32] [main/INFO] (Minecraft) [CHAT] §2§l§o[TenorClef] §rT2 [HIST] 13:52.5 SNAP ph=NETHER @-110,57,-135 sky=0 wet=false ground=true pick=1 buck=2 iron=0 ore=4 rods=0 pearls=0 eyes=0 child=CollectBlazeRodsTask dbg=<Collect blaze rods - 0/6: [[blaze_rod] x 6]> Going to blaze spawner mobs=none
[03:16:33] [main/INFO] (Minecraft) [CHAT] §2§l§o[TenorClef] §rT2 [NOW] t=13:53.3 ph=NETHER @-110,57,-135 do=<Collect blaze rods - 0/6: [[blaze_rod] x 6]> Going to blaze spawner eq=iron_pickaxe woodpick=1 stonepick=1 pick=1 iron=0 buck=1
[03:16:33] [pool-5-thread-4/INFO] (Minecraft) [STDOUT]: 5222272 movements considered
[03:16:33] [pool-5-thread-4/INFO] (Minecraft) [STDOUT]: Open set size: 32284
[03:16:33] [pool-5-thread-4/INFO] (Minecraft) [STDOUT]: PathNode map size: 269657
[03:16:33] [pool-5-thread-4/INFO] (Minecraft) [STDOUT]: 59344 nodes per second
[03:16:33] [pool-5-thread-4/INFO] (Minecraft) [STDOUT]: Path goes for 30.14962686336267 blocks
[03:16:34] [main/INFO] (Minecraft) [CHAT] §2§l§o[TenorClef] §rT2 [NOW] t=13:54.3 ph=NETHER @-111,57,-137 do=<Collect blaze rods - 0/6: [[blaze_rod] x 6]> Going to blaze spawner eq=iron_pickaxe woodpick=1 stonepick=1 pick=1 iron=0 buck=1
[03:16:34] [main/INFO] (Minecraft) [CHAT] §2§l§o[TenorClef] §rT2 [HIST] 13:55.0 SNAP ph=NETHER @-112,57,-139 sky=0 wet=false ground=true pick=1 buck=2 iron=0 ore=4 rods=0 pearls=0 eyes=0 child=CollectBlazeRodsTask dbg=<Collect blaze rods - 0/6: [[blaze_rod] x 6]> Going to blaze spawner mobs=none
[03:16:35] [main/INFO] (Minecraft) [CHAT] §2§l§o[TenorClef] §rT2 [NOW] t=13:55.3 ph=NETHER @-112,57,-140 do=<Collect blaze rods - 0/6: [[blaze_rod] x 6]> Going to blaze spawner eq=iron_pickaxe woodpick=1 stonepick=1 pick=1 iron=0 buck=1
[03:16:35] [main/INFO] (Minecraft) [CHAT] §2§l§o[TenorClef] §rT2 [HB] t=13:55.5 ph=NETHER y=57 child=CollectBlazeRodsTask logs=0 pick=1 woodpick=1
[03:16:35] [main/INFO] (Minecraft) [STDOUT]: ALTO CLEF: WARNING: T2 [S194] dig-down in progress y=56 child=CollectBlazeRodsTask - pillar/jump nudges stand aside
[03:16:35] [main/INFO] (Minecraft) [CHAT] §2§l§o[TenorClef] §cT2 [S194] dig-down in progress y=56 child=CollectBlazeRodsTask - pillar/jump nudges stand aside§r
[03:16:35] [main/INFO] (Minecraft) [CHAT] §2§l§o[TenorClef] §rT2 [HIST] 13:55.8 SOLVE S194 dig-down in progress y=56 child=CollectBlazeRodsTask - pillar/jump nudges stand aside
[03:16:35] [main/INFO] (Minecraft) [STDOUT]: ALTO CLEF: WARNING: T2 [S152] onStop interrupt=null dead=false ph=NETHER y=56.8 -> session preserved
[03:16:35] [main/INFO] (Minecraft) [CHAT] §2§l§o[TenorClef] §cT2 [S152] onStop interrupt=null dead=false ph=NETHER y=56.8 -> session preserved§r
[03:16:38] [T2Deadman/INFO] (Minecraft) [STDOUT]: TENORCLEF: DEADMAN: client tick running 3s — client thread stack, innermost first:
    at knot//org.lwjgl.system.JNI.invokePV(Native Method)
    at knot//org.lwjgl.glfw.GLFW.glfwSwapBuffers(GLFW.java:4937)
    at knot//com.mojang.blaze3d.systems.RenderSystem.flipFrame(RenderSystem.java:108)
    at knot//net.minecraft.client.util.Window.swapBuffers(Window.java:308)
    at knot//net.minecraft.client.MinecraftClient.render(MinecraftClient.java:1041)
    at knot//net.minecraft.client.MinecraftClient.run(MinecraftClient.java:654)
    at knot//net.minecraft.client.main.Main.main(Main.java:215)
    at net.fabricmc.loader.impl.game.minecraft.MinecraftGameProvider.launch(MinecraftGameProvider.java:480)
    at net.fabricmc.loader.impl.launch.knot.Knot.launch(Knot.java:74)
    at net.fabricmc.loader.impl.launch.knot.KnotClient.main(KnotClient.java:23)
    at net.fabricmc.devlaunchinjector.Main.main(Main.java:86)
[03:16:38] [T2Deadman/INFO] (Minecraft) [STDOUT]: TENORCLEF: HARNESS: DEADMAN: client tick running 3s — client thread stack, innermost first:
    at knot//org.lwjgl.system.JNI.invokePV(Native Method)
    at knot//org.lwjgl.glfw.GLFW.glfwSwapBuffers(GLFW.java:4937)
    at knot//com.mojang.blaze3d.systems.RenderSystem.flipFrame(RenderSystem.java:108)
    at knot//net.minecraft.client.util.Window.swapBuffers(Window.java:308)
    at knot//net.minecraft.client.MinecraftClient.render(MinecraftClient.java:1041)
    at knot//net.minecraft.client.MinecraftClient.run(MinecraftClient.java:654)
    at knot//net.minecraft.client.main.Main.main(Main.java:215)
    at net.fabricmc.loader.impl.game.minecraft.MinecraftGameProvider.launch(MinecraftGameProvider.java:480)
    at net.fabricmc.loader.impl.launch.knot.Knot.launch(Knot.java:74)
    at net.fabricmc.loader.impl.launch.knot.KnotClient.main(KnotClient.java:23)
    at net.fabricmc.devlaunchinjector.Main.main(Main.java:86)
[03:16:38] [T2Deadman/INFO] (Minecraft) [STDOUT]: ALTO CLEF: WARNING: T2 [S181] DEADMAN: client tick running 3s — client thread stack, innermost first:
    at knot//org.lwjgl.system.JNI.invokePV(Native Method)
    at knot//org.lwjgl.glfw.GLFW.glfwSwapBuffers(GLFW.java:4937)
    at knot//com.mojang.blaze3d.systems.RenderSystem.flipFrame(RenderSystem.java:108)
    at knot//net.minecraft.client.util.Window.swapBuffers(Window.java:308)
    at knot//net.minecraft.client.MinecraftClient.render(MinecraftClient.java:1041)
    at knot//net.minecraft.client.MinecraftClient.run(MinecraftClient.java:654)
    at knot//net.minecraft.client.main.Main.main(Main.java:215)
    at net.fabricmc.loader.impl.game.minecraft.MinecraftGameProvider.launch(MinecraftGameProvider.java:480)
    at net.fabricmc.loader.impl.launch.knot.Knot.launch(Knot.java:74)
    at net.fabricmc.loader.impl.launch.knot.KnotClient.main(KnotClient.java:23)
    at net.fabricmc.devlaunchinjector.Main.main(Main.java:86)
[03:16:38] [T2Deadman/INFO] (Minecraft) [CHAT] §2§l§o[TenorClef] §cT2 [S181] DEADMAN: client tick running 3s — client thread stack, innermost first:\n    at knot//org.lwjgl.system.JNI.invokePV(Native Method)\n    at knot//org.lwjgl.glfw.GLFW.glfwSwapBuffers(GLFW.java:4937)\n    at knot//com.mojang.blaze3d.systems.RenderSystem.flipFrame(RenderSystem.java:108)\n    at knot//net.minecraft.client.util.Window.swapBuffers(Window.java:308)\n    at knot//net.minecraft.client.MinecraftClient.render(MinecraftClient.java:1041)\n    at knot//net.minecraft.client.MinecraftClient.run(MinecraftClient.java:654)\n    at knot//net.minecraft.client.main.Main.main(Main.java:215)\n    at net.fabricmc.loader.impl.game.minecraft.MinecraftGameProvider.launch(MinecraftGameProvider.java:480)\n    at net.fabricmc.loader.impl.launch.knot.Knot.launch(Knot.java:74)\n    at net.fabricmc.loader.impl.launch.knot.KnotClient.main(KnotClient.java:23)\n    at net.fabricmc.devlaunchinjector.Main.main(Main.java:86)§r
[03:16:38] [T2Deadman/INFO] (Minecraft) [CHAT] §2§l§o[TenorClef] §rT2 [HIST] 13:58.9 FORCE S181 DEADMAN: client tick running 3s — client thread stack, innermost first:\n    at knot//org.lwjgl.system.JNI.invokePV(Native Method)\n    at knot//org.lwjgl.glfw.GLFW.glfwSwapBuffers(GLFW.java:4937)\n    at knot//com.mojang.blaze3d.systems.RenderSystem.flipFrame(RenderSystem.java:108)\n    at knot//net.minecraft.client.util.Window.swapBuffers(Window.java:308)\n    at knot//net.minecraft.client.MinecraftClient.render(MinecraftClient.java:1041)\n    at knot//net.minecraft.client.MinecraftClient.run(MinecraftClient.java:654)\n    at knot//net.minecraft.client.main.Main.main(Main.java:215)\n    at net.fabricmc.loader.impl.game.minecraft.MinecraftGameProvider.launch(MinecraftGameProvider.java:480)\n    at net.fabricmc.loader.impl.launch.knot.Knot.launch(Knot.java:74)\n    at net.fabricmc.loader.impl.launch.knot.KnotClient.main(KnotClient.java:23)\n    at net.fabricmc.devlaunchinjector.Main.main(Main.java:86)
[03:16:40] [main/INFO] (Minecraft) [STDOUT]: ALTO CLEF: WARNING: T2 [E80] parent onStart ignored, still ph=NETHER t=14:00.6
[03:16:40] [main/INFO] (Minecraft) [CHAT] §2§l§o[TenorClef] §cT2 [E80] parent onStart ignored, still ph=NETHER t=14:00.6§r
[03:16:40] [main/INFO] (Minecraft) [CHAT] §2§l§o[TenorClef] §rT2 [HIST] 14:00.6 onStart swallowed — keep NETHER
[03:16:40] [main/INFO] (Minecraft) [STDOUT]: ALTO CLEF: WARNING: T2 [S175] slow client tick 4802ms — NETHER @-107,56,-131 child=CollectBlazeRodsTask
[03:16:40] [main/INFO] (Minecraft) [CHAT] §2§l§o[TenorClef] §cT2 [S175] slow client tick 4802ms — NETHER @-107,56,-131 child=CollectBlazeRodsTask§r
[03:16:40] [main/INFO] (Minecraft) [CHAT] §2§l§o[TenorClef] §rT2 [NOW] t=14:01.1 ph=NETHER @-107,56,-131 do=<Collect blaze rods - 0/6: [[blaze_rod] x 6]> Going to blaze spawner eq=iron_pickaxe woodpick=1 stonepick=1 pick=1 iron=0 buck=1
[03:16:40] [pool-5-thread-4/INFO] (Minecraft) [STDOUT]: 665984 movements considered
[03:16:40] [pool-5-thread-4/INFO] (Minecraft) [STDOUT]: Open set size: 9003
[03:16:40] [pool-5-thread-4/INFO] (Minecraft) [STDOUT]: PathNode map size: 39275
[03:16:40] [pool-5-thread-4/INFO] (Minecraft) [STDOUT]: 60544 nodes per second
[03:16:40] [pool-5-thread-4/INFO] (Minecraft) [STDOUT]: Path goes for 5.0990195135927845 blocks
[03:16:41] [main/INFO] (Minecraft) [CHAT] §2§l§o[TenorClef] §rT2 [NOW] t=14:02.1 ph=NETHER @-108,56,-133 do=<Collect blaze rods - 0/6: [[blaze_rod] x 6]> Going to blaze spawner eq=iron_pickaxe woodpick=1 stonepick=1 pick=1 iron=0 buck=1
[03:16:41] [main/INFO] (Minecraft) [CHAT] §2§l§o[TenorClef] §rT2 [HIST] 14:02.3 SNAP ph=NETHER @-108,56,-134 sky=0 wet=false ground=true pick=1 buck=2 iron=0 ore=4 rods=0 pearls=0 eyes=0 child=CollectBlazeRodsTask dbg=<Collect blaze rods - 0/6: [[blaze_rod] x 6]> Going to blaze spawner mobs=none
[03:16:42] [main/INFO] (Minecraft) [CHAT] §2§l§o[TenorClef] §rT2 [NOW] t=14:03.1 ph=NETHER @-110,57,-135 do=<Collect blaze rods - 0/6: [[blaze_rod] x 6]> Going to blaze spawner eq=iron_pickaxe woodpick=1 stonepick=1 pick=1 iron=0 buck=1
[03:16:43] [main/INFO] (Minecraft) [CHAT] §2§l§o[TenorClef] §rT2 [NOW] t=14:04.1 ph=NETHER @-110,57,-135 do=<Collect blaze rods - 0/6: [[blaze_rod] x 6]> Going to blaze spawner eq=iron_pickaxe woodpick=1 stonepick=1 pick=1 iron=0 buck=1
[03:16:44] [main/INFO] (Minecraft) [CHAT] §2§l§o[TenorClef] §rT2 [HIST] 14:04.8 SNAP ph=NETHER @-110,57,-135 sky=0 wet=false ground=true pick=1 buck=2 iron=0 ore=4 rods=0 pearls=0 eyes=0 child=CollectBlazeRodsTask dbg=<Collect blaze rods - 0/6: [[blaze_rod] x 6]> Going to blaze spawner mobs=none
[03:16:44] [main/INFO] (Minecraft) [CHAT] §2§l§o[TenorClef] §rT2 [NOW] t=14:05.1 ph=NETHER @-110,57,-135 do=<Collect blaze rods - 0/6: [[blaze_rod] x 6]> Going to blaze spawner eq=iron_pickaxe woodpick=1 stonepick=1 pick=1 iron=0 buck=1
[03:16:44] [pool-5-thread-4/INFO] (Minecraft) [STDOUT]: 4835072 movements considered
[03:16:44] [pool-5-thread-4/INFO] (Minecraft) [STDOUT]: Open set size: 30608
[03:16:44] [pool-5-thread-4/INFO] (Minecraft) [STDOUT]: PathNode map size: 250382
[03:16:44] [pool-5-thread-4/INFO] (Minecraft) [STDOUT]: 54930 nodes per second
[03:16:44] [pool-5-thread-4/INFO] (Minecraft) [STDOUT]: Path goes for 30.14962686336267 blocks
[03:16:44] [main/INFO] (Minecraft) [CHAT] §2§l§o[TenorClef] §rT2 [HB] t=14:05.2 ph=NETHER y=57 child=CollectBlazeRodsTask logs=0 pick=1 woodpick=1
[03:16:45] [main/INFO] (Minecraft) [CHAT] §2§l§o[TenorClef] §rT2 [NOW] t=14:06.1 ph=NETHER @-111,57,-137 do=<Collect blaze rods - 0/6: [[blaze_rod] x 6]> Going to blaze spawner eq=iron_pickaxe woodpick=1 stonepick=1 pick=1 iron=0 buck=1
[03:16:46] [main/INFO] (Minecraft) [CHAT] §2§l§o[TenorClef] §rT2 [NOW] t=14:07.1 ph=NETHER @-113,57,-140 do=<Collect blaze rods - 0/6: [[blaze_rod] x 6]> Going to blaze spawner eq=iron_pickaxe woodpick=1 stonepick=1 pick=1 iron=0 buck=1
[03:16:46] [main/INFO] (Minecraft) [CHAT] §2§l§o[TenorClef] §rT2 [HIST] 14:07.3 SNAP ph=NETHER @-113,57,-141 sky=0 wet=false ground=true pick=1 buck=2 iron=0 ore=4 rods=0 pearls=0 eyes=0 child=CollectBlazeRodsTask dbg=<Collect blaze rods - 0/6: [[blaze_rod] x 6]> Going to blaze spawner mobs=none
[03:16:47] [main/INFO] (Minecraft) [STDOUT]: ALTO CLEF: WARNING: T2 [S194] dig-down in progress y=56 child=CollectBlazeRodsTask - pillar/jump nudges stand aside
[03:16:47] [main/INFO] (Minecraft) [CHAT] §2§l§o[TenorClef] §cT2 [S194] dig-down in progress y=56 child=CollectBlazeRodsTask - pillar/jump nudges stand aside§r
[03:16:47] [main/INFO] (Minecraft) [CHAT] §2§l§o[TenorClef] §rT2 [HIST] 14:07.4 SOLVE S194 dig-down in progress y=56 child=CollectBlazeRodsTask - pillar/jump nudges stand aside
[03:16:47] [main/INFO] (Minecraft) [STDOUT]: ALTO CLEF: WARNING: T2 [S152] onStop interrupt=null dead=false ph=NETHER y=56.8 -> session preserved
[03:16:47] [main/INFO] (Minecraft) [CHAT] §2§l§o[TenorClef] §cT2 [S152] onStop interrupt=null dead=false ph=NETHER y=56.8 -> session preserved§r
[03:16:50] [T2Deadman/INFO] (Minecraft) [STDOUT]: TENORCLEF: DEADMAN: client tick running 3s — client thread stack, innermost first:
    at knot//org.lwjgl.system.JNI.invokeV(Native Method)
    at knot//org.lwjgl.glfw.GLFW.glfwWaitEventsTimeout(GLFW.java:3509)
    at knot//com.mojang.blaze3d.systems.RenderSystem.limitDisplayFPS(RenderSystem.java:127)
    at knot//net.minecraft.client.MinecraftClient.render(MinecraftClient.java:1044)
    at knot//net.minecraft.client.MinecraftClient.run(MinecraftClient.java:654)
    at knot//net.minecraft.client.main.Main.main(Main.java:215)
    at net.fabricmc.loader.impl.game.minecraft.MinecraftGameProvider.launch(MinecraftGameProvider.java:480)
    at net.fabricmc.loader.impl.launch.knot.Knot.launch(Knot.java:74)
    at net.fabricmc.loader.impl.launch.knot.KnotClient.main(KnotClient.java:23)
    at net.fabricmc.devlaunchinjector.Main.main(Main.java:86)
[03:16:50] [T2Deadman/INFO] (Minecraft) [STDOUT]: TENORCLEF: HARNESS: DEADMAN: client tick running 3s — client thread stack, innermost first:
    at knot//org.lwjgl.system.JNI.invokeV(Native Method)
    at knot//org.lwjgl.glfw.GLFW.glfwWaitEventsTimeout(GLFW.java:3509)
    at knot//com.mojang.blaze3d.systems.RenderSystem.limitDisplayFPS(RenderSystem.java:127)
    at knot//net.minecraft.client.MinecraftClient.render(MinecraftClient.java:1044)
    at knot//net.minecraft.client.MinecraftClient.run(MinecraftClient.java:654)
    at knot//net.minecraft.client.main.Main.main(Main.java:215)
    at net.fabricmc.loader.impl.game.minecraft.MinecraftGameProvider.launch(MinecraftGameProvider.java:480)
    at net.fabricmc.loader.impl.launch.knot.Knot.launch(Knot.java:74)
    at net.fabricmc.loader.impl.launch.knot.KnotClient.main(KnotClient.java:23)
    at net.fabricmc.devlaunchinjector.Main.main(Main.java:86)
[03:16:50] [T2Deadman/INFO] (Minecraft) [STDOUT]: ALTO CLEF: WARNING: T2 [S181] DEADMAN: client tick running 3s — client thread stack, innermost first:
    at knot//org.lwjgl.system.JNI.invokeV(Native Method)
    at knot//org.lwjgl.glfw.GLFW.glfwWaitEventsTimeout(GLFW.java:3509)
    at knot//com.mojang.blaze3d.systems.RenderSystem.limitDisplayFPS(RenderSystem.java:127)
    at knot//net.minecraft.client.MinecraftClient.render(MinecraftClient.java:1044)
    at knot//net.minecraft.client.MinecraftClient.run(MinecraftClient.java:654)
    at knot//net.minecraft.client.main.Main.main(Main.java:215)
    at net.fabricmc.loader.impl.game.minecraft.MinecraftGameProvider.launch(MinecraftGameProvider.java:480)
    at net.fabricmc.loader.impl.launch.knot.Knot.launch(Knot.java:74)
    at net.fabricmc.loader.impl.launch.knot.KnotClient.main(KnotClient.java:23)
    at net.fabricmc.devlaunchinjector.Main.main(Main.java:86)
[03:16:50] [T2Deadman/INFO] (Minecraft) [CHAT] §2§l§o[TenorClef] §cT2 [S181] DEADMAN: client tick running 3s — client thread stack, innermost first:\n    at knot//org.lwjgl.system.JNI.invokeV(Native Method)\n    at knot//org.lwjgl.glfw.GLFW.glfwWaitEventsTimeout(GLFW.java:3509)\n    at knot//com.mojang.blaze3d.systems.RenderSystem.limitDisplayFPS(RenderSystem.java:127)\n    at knot//net.minecraft.client.MinecraftClient.render(MinecraftClient.java:1044)\n    at knot//net.minecraft.client.MinecraftClient.run(MinecraftClient.java:654)\n    at knot//net.minecraft.client.main.Main.main(Main.java:215)\n    at net.fabricmc.loader.impl.game.minecraft.MinecraftGameProvider.launch(MinecraftGameProvider.java:480)\n    at net.fabricmc.loader.impl.launch.knot.Knot.launch(Knot.java:74)\n    at net.fabricmc.loader.impl.launch.knot.KnotClient.main(KnotClient.java:23)\n    at net.fabricmc.devlaunchinjector.Main.main(Main.java:86)§r
[03:16:50] [T2Deadman/INFO] (Minecraft) [CHAT] §2§l§o[TenorClef] §rT2 [HIST] 14:10.5 FORCE S181 DEADMAN: client tick running 3s — client thread stack, innermost first:\n    at knot//org.lwjgl.system.JNI.invokeV(Native Method)\n    at knot//org.lwjgl.glfw.GLFW.glfwWaitEventsTimeout(GLFW.java:3509)\n    at knot//com.mojang.blaze3d.systems.RenderSystem.limitDisplayFPS(RenderSystem.java:127)\n    at knot//net.minecraft.client.MinecraftClient.render(MinecraftClient.java:1044)\n    at knot//net.minecraft.client.MinecraftClient.run(MinecraftClient.java:654)\n    at knot//net.minecraft.client.main.Main.main(Main.java:215)\n    at net.fabricmc.loader.impl.game.minecraft.MinecraftGameProvider.launch(MinecraftGameProvider.java:480)\n    at net.fabricmc.loader.impl.launch.knot.Knot.launch(Knot.java:74)\n    at net.fabricmc.loader.impl.launch.knot.KnotClient.main(KnotClient.java:23)\n    at net.fabricmc.devlaunchinjector.Main.main(Main.java:86)
[03:16:51] [main/INFO] (Minecraft) [STDOUT]: ALTO CLEF: WARNING: T2 [E80] parent onStart ignored, still ph=NETHER t=14:12.1
[03:16:51] [main/INFO] (Minecraft) [CHAT] §2§l§o[TenorClef] §cT2 [E80] parent onStart ignored, still ph=NETHER t=14:12.1§r
[03:16:51] [main/INFO] (Minecraft) [CHAT] §2§l§o[TenorClef] §rT2 [HIST] 14:12.1 onStart swallowed — keep NETHER
[03:16:51] [main/INFO] (Minecraft) [STDOUT]: ALTO CLEF: WARNING: T2 [S175] slow client tick 4743ms — NETHER @-107,56,-131 child=CollectBlazeRodsTask
[03:16:51] [main/INFO] (Minecraft) [CHAT] §2§l§o[TenorClef] §cT2 [S175] slow client tick 4743ms — NETHER @-107,56,-131 child=CollectBlazeRodsTask§r
[03:16:52] [pool-5-thread-4/INFO] (Minecraft) [STDOUT]: 525184 movements considered
[03:16:52] [pool-5-thread-4/INFO] (Minecraft) [STDOUT]: Open set size: 7863
[03:16:52] [pool-5-thread-4/INFO] (Minecraft) [STDOUT]: PathNode map size: 31735
[03:16:52] [pool-5-thread-4/INFO] (Minecraft) [STDOUT]: 47648 nodes per second
[03:16:52] [pool-5-thread-4/INFO] (Minecraft) [STDOUT]: Path goes for 5.0990195135927845 blocks
[03:16:52] [main/INFO] (Minecraft) [CHAT] §2§l§o[TenorClef] §rT2 [NOW] t=14:12.8 ph=NETHER @-107,56,-131 do=<Collect blaze rods - 0/6: [[blaze_rod] x 6]> Going to blaze spawner eq=iron_pickaxe woodpick=1 stonepick=1 pick=1 iron=0 buck=1
[03:16:53] [main/INFO] (Minecraft) [CHAT] §2§l§o[TenorClef] §rT2 [NOW] t=14:13.8 ph=NETHER @-108,56,-134 do=<Collect blaze rods - 0/6: [[blaze_rod] x 6]> Going to blaze spawner eq=iron_pickaxe woodpick=1 stonepick=1 pick=1 iron=0 buck=1
[03:16:54] [main/INFO] (Minecraft) [CHAT] §2§l§o[TenorClef] §rT2 [HIST] 14:14.5 SNAP ph=NETHER @-110,57,-135 sky=0 wet=false ground=true pick=1 buck=2 iron=0 ore=4 rods=0 pearls=0 eyes=0 child=CollectBlazeRodsTask dbg=<Collect blaze rods - 0/6: [[blaze_rod] x 6]> Going to blaze spawner mobs=none
[03:16:54] [main/INFO] (Minecraft) [CHAT] §2§l§o[TenorClef] §rT2 [NOW] t=14:14.8 ph=NETHER @-110,57,-135 do=<Collect blaze rods - 0/6: [[blaze_rod] x 6]> Going to blaze spawner eq=iron_pickaxe woodpick=1 stonepick=1 pick=1 iron=0 buck=1
[03:16:54] [main/INFO] (Minecraft) [CHAT] §2§l§o[TenorClef] §rT2 [HB] t=14:14.9 ph=NETHER y=57 child=CollectBlazeRodsTask logs=0 pick=1 woodpick=1
[03:16:55] [main/INFO] (Minecraft) [CHAT] §2§l§o[TenorClef] §rT2 [NOW] t=14:15.8 ph=NETHER @-110,57,-135 do=<Collect blaze rods - 0/6: [[blaze_rod] x 6]> Going to blaze spawner eq=iron_pickaxe woodpick=1 stonepick=1 pick=1 iron=0 buck=1
[03:16:56] [pool-5-thread-4/INFO] (Minecraft) [STDOUT]: 3953664 movements considered
[03:16:56] [pool-5-thread-4/INFO] (Minecraft) [STDOUT]: Open set size: 26648
[03:16:56] [pool-5-thread-4/INFO] (Minecraft) [STDOUT]: PathNode map size: 206359
[03:16:56] [pool-5-thread-4/INFO] (Minecraft) [STDOUT]: 44749 nodes per second
[03:16:56] [pool-5-thread-4/INFO] (Minecraft) [STDOUT]: Path goes for 30.14962686336267 blocks
[03:16:56] [main/INFO] (Minecraft) [CHAT] §2§l§o[TenorClef] §rT2 [NOW] t=14:16.8 ph=NETHER @-110,57,-135 do=<Collect blaze rods - 0/6: [[blaze_rod] x 6]> Going to blaze spawner eq=iron_pickaxe woodpick=1 stonepick=1 pick=1 iron=0 buck=1
[03:16:56] [main/INFO] (Minecraft) [CHAT] §2§l§o[TenorClef] §rT2 [HIST] 14:17.0 SNAP ph=NETHER @-110,57,-136 sky=0 wet=false ground=true pick=1 buck=2 iron=0 ore=4 rods=0 pearls=0 eyes=0 child=CollectBlazeRodsTask dbg=<Collect blaze rods - 0/6: [[blaze_rod] x 6]> Going to blaze spawner mobs=none
[03:16:57] [main/INFO] (Minecraft) [CHAT] §2§l§o[TenorClef] §rT2 [NOW] t=14:17.8 ph=NETHER @-111,57,-138 do=<Collect blaze rods - 0/6: [[blaze_rod] x 6]> Going to blaze spawner eq=iron_pickaxe woodpick=1 stonepick=1 pick=1 iron=0 buck=1
[03:16:58] [main/INFO] (Minecraft) [CHAT] §2§l§o[TenorClef] §rT2 [NOW] t=14:18.8 ph=NETHER @-113,57,-141 do=<Collect blaze rods - 0/6: [[blaze_rod] x 6]> Going to blaze spawner eq=iron_pickaxe woodpick=1 stonepick=1 pick=1 iron=0 buck=1
[03:16:58] [main/INFO] (Minecraft) [STDOUT]: ALTO CLEF: WARNING: T2 [S194] dig-down in progress y=56 child=CollectBlazeRodsTask - pillar/jump nudges stand aside
[03:16:58] [main/INFO] (Minecraft) [CHAT] §2§l§o[TenorClef] §cT2 [S194] dig-down in progress y=56 child=CollectBlazeRodsTask - pillar/jump nudges stand aside§r
[03:16:58] [main/INFO] (Minecraft) [CHAT] §2§l§o[TenorClef] §rT2 [HIST] 14:18.8 SOLVE S194 dig-down in progress y=56 child=CollectBlazeRodsTask - pillar/jump nudges stand aside
[03:16:58] [main/INFO] (Minecraft) [STDOUT]: ALTO CLEF: WARNING: T2 [S152] onStop interrupt=null dead=false ph=NETHER y=56.8 -> session preserved
[03:16:58] [main/INFO] (Minecraft) [CHAT] §2§l§o[TenorClef] §cT2 [S152] onStop interrupt=null dead=false ph=NETHER y=56.8 -> session preserved§r
[03:17:01] [T2Deadman/INFO] (Minecraft) [STDOUT]: TENORCLEF: DEADMAN: client tick running 3s — client thread stack, innermost first:
    at knot//net.minecraft.world.BlockCollisionSpliterator.offerBlockShape(BlockCollisionSpliterator.java:87)
    at knot//net.minecraft.world.BlockCollisionSpliterator.tryAdvance(BlockCollisionSpliterator.java:62)
    at java.base/java.util.stream.ReferencePipeline.forEachWithCancel(ReferencePipeline.java:129)
    at java.base/java.util.stream.AbstractPipeline.copyIntoWithCancel(AbstractPipeline.java:527)
    at java.base/java.util.stream.AbstractPipeline.copyInto(AbstractPipeline.java:513)
    at java.base/java.util.stream.AbstractPipeline.wrapAndCopyInto(AbstractPipeline.java:499)
    at java.base/java.util.stream.FindOps$FindOp.evaluateSequential(FindOps.java:150)
    at java.base/java.util.stream.AbstractPipeline.evaluate(AbstractPipeline.java:234)
    at java.base/java.util.stream.ReferencePipeline.findAny(ReferencePipeline.java:652)
    at knot//net.minecraft.entity.Entity.isInsideWall(Entity.java:1722)
    at knot//net.minecraft.entity.LivingEntity.isInsideWall(LivingEntity.java:3148)
    at knot//net.minecraft.entity.LivingEntity.baseTick(LivingEntity.java:328)
    at knot//net.minecraft.entity.mob.MobEntity.baseTick(MobEntity.java:271)
    at knot//net.minecraft.entity.Entity.tick(Entity.java:422)
    at knot//net.minecraft.entity.LivingEntity.tick(LivingEntity.java:2206)
    at knot//net.minecraft.entity.mob.MobEntity.tick(MobEntity.java:338)
    at knot//net.minecraft.client.world.ClientWorld.tickEntity(ClientWorld.java:193)
    at knot//net.minecraft.world.World.tickEntity(World.java:603)
    at knot//net.minecraft.client.world.ClientWorld.tickEntities(ClientWorld.java:164)
    at knot//net.minecraft.client.MinecraftClient.tick(MinecraftClient.java:1529)
    at knot//net.minecraft.client.MinecraftClient.render(MinecraftClient.java:994)
    at knot//net.minecraft.client.MinecraftClient.run(MinecraftClient.java:654)
    at knot//net.minecraft.client.main.Main.main(Main.java:215)
    at net.fabricmc.loader.impl.game.minecraft.MinecraftGameProvider.launch(MinecraftGameProvider.java:480)
    at net.fabricmc.loader.impl.launch.knot.Knot.launch(Knot.java:74)
    at net.fabricmc.loader.impl.launch.knot.KnotClient.main(KnotClient.java:23)
    at net.fabricmc.devlaunchinjector.Main.main(Main.java:86)
[03:17:01] [T2Deadman/INFO] (Minecraft) [STDOUT]: TENORCLEF: HARNESS: DEADMAN: client tick running 3s — client thread stack, innermost first:
    at knot//net.minecraft.world.BlockCollisionSpliterator.offerBlockShape(BlockCollisionSpliterator.java:87)
    at knot//net.minecraft.world.BlockCollisionSpliterator.tryAdvance(BlockCollisionSpliterator.java:62)
    at java.base/java.util.stream.ReferencePipeline.forEachWithCancel(ReferencePipeline.java:129)
    at java.base/java.util.stream.AbstractPipeline.copyIntoWithCancel(AbstractPipeline.java:527)
    at java.base/java.util.stream.AbstractPipeline.copyInto(AbstractPipeline.java:513)
    at java.base/java.util.stream.AbstractPipeline.wrapAndCopyInto(AbstractPipeline.java:499)
    at java.base/java.util.stream.FindOps$FindOp.evaluateSequential(FindOps.java:150)
    at java.base/java.util.stream.AbstractPipeline.evaluate(AbstractPipeline.java:234)
    at java.base/java.util.stream.ReferencePipeline.findAny(ReferencePipeline.java:652)
    at knot//net.minecraft.entity.Entity.isInsideWall(Entity.java:1722)
    at knot//net.minecraft.entity.LivingEntity.isInsideWall(LivingEntity.java:3148)
    at knot//net.minecraft.entity.LivingEntity.baseTick(LivingEntity.java:328)
    at knot//net.minecraft.entity.mob.MobEntity.baseTick(MobEntity.java:271)
    at knot//net.minecraft.entity.Entity.tick(Entity.java:422)
    at knot//net.minecraft.entity.LivingEntity.tick(LivingEntity.java:2206)
    at knot//net.minecraft.entity.mob.MobEntity.tick(MobEntity.java:338)
    at knot//net.minecraft.client.world.ClientWorld.tickEntity(ClientWorld.java:193)
    at knot//net.minecraft.world.World.tickEntity(World.java:603)
    at knot//net.minecraft.client.world.ClientWorld.tickEntities(ClientWorld.java:164)
    at knot//net.minecraft.client.MinecraftClient.tick(MinecraftClient.java:1529)
    at knot//net.minecraft.client.MinecraftClient.render(MinecraftClient.java:994)
    at knot//net.minecraft.client.MinecraftClient.run(MinecraftClient.java:654)
    at knot//net.minecraft.client.main.Main.main(Main.java:215)
    at net.fabricmc.loader.impl.game.minecraft.MinecraftGameProvider.launch(MinecraftGameProvider.java:480)
    at net.fabricmc.loader.impl.launch.knot.Knot.launch(Knot.java:74)
    at net.fabricmc.loader.impl.launch.knot.KnotClient.main(KnotClient.java:23)
    at net.fabricmc.devlaunchinjector.Main.main(Main.java:86)
[03:17:01] [T2Deadman/INFO] (Minecraft) [STDOUT]: ALTO CLEF: WARNING: T2 [S181] DEADMAN: client tick running 3s — client thread stack, innermost first:
    at knot//net.minecraft.world.BlockCollisionSpliterator.offerBlockShape(BlockCollisionSpliterator.java:87)
    at knot//net.minecraft.world.BlockCollisionSpliterator.tryAdvance(BlockCollisionSpliterator.java:62)
    at java.base/java.util.stream.ReferencePipeline.forEachWithCancel(ReferencePipeline.java:129)
    at java.base/java.util.stream.AbstractPipeline.copyIntoWithCancel(AbstractPipeline.java:527)
    at java.base/java.util.stream.AbstractPipeline.copyInto(AbstractPipeline.java:513)
    at java.base/java.util.stream.AbstractPipeline.wrapAndCopyInto(AbstractPipeline.java:499)
    at java.base/java.util.stream.FindOps$FindOp.evaluateSequential(FindOps.java:150)
    at java.base/java.util.stream.AbstractPipeline.evaluate(AbstractPipeline.java:234)
    at java.base/java.util.stream.ReferencePipeline.findAny(ReferencePipeline.java:652)
    at knot//net.minecraft.entity.Entity.isInsideWall(Entity.java:1722)
    at knot//net.minecraft.entity.LivingEntity.isInsideWall(LivingEntity.java:3148)
    at knot//net.minecraft.entity.LivingEntity.baseTick(LivingEntity.java:328)
    at knot//net.minecraft.entity.mob.MobEntity.baseTick(MobEntity.java:271)
    at knot//net.minecraft.entity.Entity.tick(Entity.java:422)
    at knot//net.minecraft.entity.LivingEntity.tick(LivingEntity.java:2206)
    at knot//net.minecraft.entity.mob.MobEntity.tick(MobEntity.java:338)
    at knot//net.minecraft.client.world.ClientWorld.tickEntity(ClientWorld.java:193)
    at knot//net.minecraft.world.World.tickEntity(World.java:603)
    at knot//net.minecraft.client.world.ClientWorld.tickEntities(ClientWorld.java:164)
    at knot//net.minecraft.client.MinecraftClient.tick(MinecraftClient.java:1529)
    at knot//net.minecraft.client.MinecraftClient.render(MinecraftClient.java:994)
    at knot//net.minecraft.client.MinecraftClient.run(MinecraftClient.java:654)
    at knot//net.minecraft.client.main.Main.main(Main.java:215)
    at net.fabricmc.loader.impl.game.minecraft.MinecraftGameProvider.launch(MinecraftGameProvider.java:480)
    at net.fabricmc.loader.impl.launch.knot.Knot.launch(Knot.java:74)
    at net.fabricmc.loader.impl.launch.knot.KnotClient.main(KnotClient.java:23)
    at net.fabricmc.devlaunchinjector.Main.main(Main.java:86)
[03:17:01] [T2Deadman/INFO] (Minecraft) [CHAT] §2§l§o[TenorClef] §cT2 [S181] DEADMAN: client tick running 3s — client thread stack, innermost first:\n    at knot//net.minecraft.world.BlockCollisionSpliterator.offerBlockShape(BlockCollisionSpliterator.java:87)\n    at knot//net.minecraft.world.BlockCollisionSpliterator.tryAdvance(BlockCollisionSpliterator.java:62)\n    at java.base/java.util.stream.ReferencePipeline.forEachWithCancel(ReferencePipeline.java:129)\n    at java.base/java.util.stream.AbstractPipeline.copyIntoWithCancel(AbstractPipeline.java:527)\n    at java.base/java.util.stream.AbstractPipeline.copyInto(AbstractPipeline.java:513)\n    at java.base/java.util.stream.AbstractPipeline.wrapAndCopyInto(AbstractPipeline.java:499)\n    at java.base/java.util.stream.FindOps$FindOp.evaluateSequential(FindOps.java:150)\n    at java.base/java.util.stream.AbstractPipeline.evaluate(AbstractPipeline.java:234)\n    at java.base/java.util.stream.ReferencePipeline.findAny(ReferencePipeline.java:652)\n    at knot//net.minecraft.entity.Entity.isInsideWall(Entity.java:1722)\n    at knot//net.minecraft.entity.LivingEntity.isInsideWall(LivingEntity.java:3148)\n    at knot//net.minecraft.entity.LivingEntity.baseTick(LivingEntity.java:328)\n    at knot//net.minecraft.entity.mob.MobEntity.baseTick(MobEntity.java:271)\n    at knot//net.minecraft.entity.Entity.tick(Entity.java:422)\n    at knot//net.minecraft.entity.LivingEntity.tick(LivingEntity.java:2206)\n    at knot//net.minecraft.entity.mob.MobEntity.tick(MobEntity.java:338)\n    at knot//net.minecraft.client.world.ClientWorld.tickEntity(ClientWorld.java:193)\n    at knot//net.minecraft.world.World.tickEntity(World.java:603)\n    at knot//net.minecraft.client.world.ClientWorld.tickEntities(ClientWorld.java:164)\n    at knot//net.minecraft.client.MinecraftClient.tick(MinecraftClient.java:1529)\n    at knot//net.minecraft.client.MinecraftClient.render(MinecraftClient.java:994)\n    at knot//net.minecraft.client.MinecraftClient.run(MinecraftClient.java:654)\n    at knot//net.minecraft.client.main.Main.main(Main.java:215)\n    at net.fabricmc.loader.impl.game.minecraft.MinecraftGameProvider.launch(MinecraftGameProvider.java:480)\n    at net.fabricmc.loader.impl.launch.knot.Knot.launch(Knot.java:74)\n    at net.fabricmc.loader.impl.launch.knot.KnotClient.main(KnotClient.java:23)\n    at net.fabricmc.devlaunchinjector.Main.main(Main.java:86)§r
[03:17:01] [T2Deadman/INFO] (Minecraft) [CHAT] §2§l§o[TenorClef] §rT2 [HIST] 14:21.9 FORCE S181 DEADMAN: client tick running 3s — client thread stack, innermost first:\n    at knot//net.minecraft.world.BlockCollisionSpliterator.offerBlockShape(BlockCollisionSpliterator.java:87)\n    at knot//net.minecraft.world.BlockCollisionSpliterator.tryAdvance(BlockCollisionSpliterator.java:62)\n    at java.base/java.util.stream.ReferencePipeline.forEachWithCancel(ReferencePipeline.java:129)\n    at java.base/java.util.stream.AbstractPipeline.copyIntoWithCancel(AbstractPipeline.java:527)\n    at java.base/java.util.stream.AbstractPipeline.copyInto(AbstractPipeline.java:513)\n    at java.base/java.util.stream.AbstractPipeline.wrapAndCopyInto(AbstractPipeline.java:499)\n    at java.base/java.util.stream.FindOps$FindOp.evaluateSequential(FindOps.java:150)\n    at java.base/java.util.stream.AbstractPipeline.evaluate(AbstractPipeline.java:234)\n    at java.base/java.util.stream.ReferencePipeline.findAny(ReferencePipeline.java:652)\n    at knot//net.minecraft.entity.Entity.isInsideWall(Entity.java:1722)\n    at knot//net.minecraft.entity.LivingEntity.isInsideWall(LivingEntity.java:3148)\n    at knot//net.minecraft.entity.LivingEntity.baseTick(LivingEntity.java:328)\n    at knot//net.minecraft.entity.mob.MobEntity.baseTick(MobEntity.java:271)\n    at knot//net.minecraft.entity.Entity.tick(Entity.java:422)\n    at knot//net.minecraft.entity.LivingEntity.tick(LivingEntity.java:2206)\n    at knot//net.minecraft.entity.mob.MobEntity.tick(MobEntity.java:338)\n    at knot//net.minecraft.client.world.ClientWorld.tickEntity(ClientWorld.java:193)\n    at knot//net.minecraft.world.World.tickEntity(World.java:603)\n    at knot//net.minecraft.client.world.ClientWorld.tickEntities(ClientWorld.java:164)\n    at knot//net.minecraft.client.MinecraftClient.tick(MinecraftClient.java:1529)\n    at knot//net.minecraft.client.MinecraftClient.render(MinecraftClient.java:994)\n    at knot//net.minecraft.client.MinecraftClient.run(MinecraftClient.java:654)\n    at knot//net.minecraft.client.main.Main.main(Main.java:215)\n    at net.fabricmc.loader.impl.game.minecraft.MinecraftGameProvider.launch(MinecraftGameProvider.java:480)\n    at net.fabricmc.loader.impl.launch.knot.Knot.launch(Knot.java:74)\n    at net.fabricmc.loader.impl.launch.knot.KnotClient.main(KnotClient.java:23)\n    at net.fabricmc.devlaunchinjector.Main.main(Main.java:86)
[03:17:01] [main/INFO] (Minecraft) [CHAT] §2§l§o[TenorClef] §rRefreshed inventory...
[03:17:03] [main/INFO] (Minecraft) [STDOUT]: ALTO CLEF: WARNING: T2 [E80] parent onStart ignored, still ph=NETHER t=14:23.7
[03:17:03] [main/INFO] (Minecraft) [CHAT] §2§l§o[TenorClef] §cT2 [E80] parent onStart ignored, still ph=NETHER t=14:23.7§r
[03:17:03] [main/INFO] (Minecraft) [CHAT] §2§l§o[TenorClef] §rT2 [HIST] 14:23.7 onStart swallowed — keep NETHER
[03:17:03] [main/INFO] (Minecraft) [STDOUT]: ALTO CLEF: WARNING: T2 [S175] slow client tick 4848ms — NETHER @-107,56,-131 child=CollectBlazeRodsTask
[03:17:03] [main/INFO] (Minecraft) [CHAT] §2§l§o[TenorClef] §cT2 [S175] slow client tick 4848ms — NETHER @-107,56,-131 child=CollectBlazeRodsTask§r
[03:17:03] [pool-5-thread-4/INFO] (Minecraft) [STDOUT]: 646272 movements considered
[03:17:03] [pool-5-thread-4/INFO] (Minecraft) [STDOUT]: Open set size: 8845
[03:17:03] [pool-5-thread-4/INFO] (Minecraft) [STDOUT]: PathNode map size: 38221
[03:17:03] [pool-5-thread-4/INFO] (Minecraft) [STDOUT]: 58752 nodes per second
[03:17:03] [pool-5-thread-4/INFO] (Minecraft) [STDOUT]: Path goes for 5.0990195135927845 blocks
[03:17:03] [main/INFO] (Minecraft) [CHAT] §2§l§o[TenorClef] §rT2 [HIST] 14:24.3 SNAP ph=NETHER @-107,56,-131 sky=0 wet=false ground=true pick=1 buck=2 iron=0 ore=4 rods=0 pearls=0 eyes=0 child=CollectBlazeRodsTask dbg=<Collect blaze rods - 0/6: [[blaze_rod] x 6]> Going to blaze spawner mobs=none
[03:17:04] [main/INFO] (Minecraft) [CHAT] §2§l§o[TenorClef] §rT2 [NOW] t=14:24.6 ph=NETHER @-107,56,-132 do=<Collect blaze rods - 0/6: [[blaze_rod] x 6]> Going to blaze spawner eq=iron_pickaxe woodpick=1 stonepick=1 pick=1 iron=0 buck=1
[03:17:04] [main/INFO] (Minecraft) [CHAT] §2§l§o[TenorClef] §rT2 [HB] t=14:24.7 ph=NETHER y=56 child=CollectBlazeRodsTask logs=0 pick=1 woodpick=1
[03:17:05] [main/INFO] (Minecraft) [CHAT] §2§l§o[TenorClef] §rT2 [NOW] t=14:25.6 ph=NETHER @-109,56,-135 do=<Collect blaze rods - 0/6: [[blaze_rod] x 6]> Going to blaze spawner eq=iron_pickaxe woodpick=1 stonepick=1 pick=1 iron=0 buck=1
[03:17:06] [main/INFO] (Minecraft) [CHAT] §2§l§o[TenorClef] §rT2 [NOW] t=14:26.6 ph=NETHER @-110,57,-135 do=<Collect blaze rods - 0/6: [[blaze_rod] x 6]> Going to blaze spawner eq=iron_pickaxe woodpick=1 stonepick=1 pick=1 iron=0 buck=1
[03:17:06] [main/INFO] (Minecraft) [CHAT] §2§l§o[TenorClef] §rT2 [HIST] 14:26.8 SNAP ph=NETHER @-110,57,-135 sky=0 wet=false ground=true pick=1 buck=2 iron=0 ore=4 rods=0 pearls=0 eyes=0 child=CollectBlazeRodsTask dbg=<Collect blaze rods - 0/6: [[blaze_rod] x 6]> Going to blaze spawner mobs=none
[03:17:07] [main/INFO] (Minecraft) [CHAT] §2§l§o[TenorClef] §rT2 [NOW] t=14:27.6 ph=NETHER @-110,57,-135 do=<Collect blaze rods - 0/6: [[blaze_rod] x 6]> Going to blaze spawner eq=iron_pickaxe woodpick=1 stonepick=1 pick=1 iron=0 buck=1
[03:17:07] [pool-5-thread-4/INFO] (Minecraft) [STDOUT]: 4291584 movements considered
[03:17:07] [pool-5-thread-4/INFO] (Minecraft) [STDOUT]: Open set size: 28456
[03:17:07] [pool-5-thread-4/INFO] (Minecraft) [STDOUT]: PathNode map size: 223527
[03:17:07] [pool-5-thread-4/INFO] (Minecraft) [STDOUT]: 48755 nodes per second
[03:17:07] [pool-5-thread-4/INFO] (Minecraft) [STDOUT]: Path goes for 30.14962686336267 blocks
[03:17:08] [main/INFO] (Minecraft) [CHAT] §2§l§o[TenorClef] §rT2 [NOW] t=14:28.6 ph=NETHER @-110,57,-136 do=<Collect blaze rods - 0/6: [[blaze_rod] x 6]> Going to blaze spawner eq=iron_pickaxe woodpick=1 stonepick=1 pick=1 iron=0 buck=1
[03:17:08] [main/INFO] (Minecraft) [CHAT] §2§l§o[TenorClef] §rT2 [HIST] 14:29.3 SNAP ph=NETHER @-111,57,-138 sky=0 wet=false ground=true pick=1 buck=2 iron=0 ore=4 rods=0 pearls=0 eyes=0 child=CollectBlazeRodsTask dbg=<Collect blaze rods - 0/6: [[blaze_rod] x 6]> Going to blaze spawner mobs=none
[03:17:09] [main/INFO] (Minecraft) [CHAT] §2§l§o[TenorClef] §rT2 [NOW] t=14:29.6 ph=NETHER @-112,57,-138 do=<Collect blaze rods - 0/6: [[blaze_rod] x 6]> Going to blaze spawner eq=iron_pickaxe woodpick=1 stonepick=1 pick=1 iron=0 buck=1
[03:17:09] [main/INFO] (Minecraft) [CHAT] §2§l§o[TenorClef] §rT2 [HB] t=14:29.7 ph=NETHER y=57 child=CollectBlazeRodsTask logs=0 pick=1 woodpick=1
[03:17:10] [main/INFO] (Minecraft) [STDOUT]: ALTO CLEF: WARNING: T2 [S194] dig-down in progress y=56 child=CollectBlazeRodsTask - pillar/jump nudges stand aside
[03:17:10] [main/INFO] (Minecraft) [CHAT] §2§l§o[TenorClef] §cT2 [S194] dig-down in progress y=56 child=CollectBlazeRodsTask - pillar/jump nudges stand aside§r
[03:17:10] [main/INFO] (Minecraft) [CHAT] §2§l§o[TenorClef] §rT2 [HIST] 14:30.5 SOLVE S194 dig-down in progress y=56 child=CollectBlazeRodsTask - pillar/jump nudges stand aside
[03:17:10] [main/INFO] (Minecraft) [STDOUT]: ALTO CLEF: WARNING: T2 [S152] onStop interrupt=null dead=false ph=NETHER y=56.8 -> session preserved
[03:17:10] [main/INFO] (Minecraft) [CHAT] §2§l§o[TenorClef] §cT2 [S152] onStop interrupt=null dead=false ph=NETHER y=56.8 -> session preserved§r
[03:17:13] [T2Deadman/INFO] (Minecraft) [STDOUT]: TENORCLEF: DEADMAN: client tick running 3s — client thread stack, innermost first:
    at knot//org.lwjgl.opengl.GL11C.glClear(Native Method)
    at knot//org.lwjgl.opengl.GL11.glClear(GL11.java:992)
    at knot//com.mojang.blaze3d.platform.GlStateManager.clear(GlStateManager.java:1335)
    at knot//com.mojang.blaze3d.systems.RenderSystem.clear(RenderSystem.java:793)
    at knot//net.minecraft.client.MinecraftClient.render(MinecraftClient.java:1010)
    at knot//net.minecraft.client.MinecraftClient.run(MinecraftClient.java:654)
    at knot//net.minecraft.client.main.Main.main(Main.java:215)
    at net.fabricmc.loader.impl.game.minecraft.MinecraftGameProvider.launch(MinecraftGameProvider.java:480)
    at net.fabricmc.loader.impl.launch.knot.Knot.launch(Knot.java:74)
    at net.fabricmc.loader.impl.launch.knot.KnotClient.main(KnotClient.java:23)
    at net.fabricmc.devlaunchinjector.Main.main(Main.java:86)
[03:17:13] [T2Deadman/INFO] (Minecraft) [STDOUT]: TENORCLEF: HARNESS: DEADMAN: client tick running 3s — client thread stack, innermost first:
    at knot//org.lwjgl.opengl.GL11C.glClear(Native Method)
    at knot//org.lwjgl.opengl.GL11.glClear(GL11.java:992)
    at knot//com.mojang.blaze3d.platform.GlStateManager.clear(GlStateManager.java:1335)
    at knot//com.mojang.blaze3d.systems.RenderSystem.clear(RenderSystem.java:793)
    at knot//net.minecraft.client.MinecraftClient.render(MinecraftClient.java:1010)
    at knot//net.minecraft.client.MinecraftClient.run(MinecraftClient.java:654)
    at knot//net.minecraft.client.main.Main.main(Main.java:215)
    at net.fabricmc.loader.impl.game.minecraft.MinecraftGameProvider.launch(MinecraftGameProvider.java:480)
    at net.fabricmc.loader.impl.launch.knot.Knot.launch(Knot.java:74)
    at net.fabricmc.loader.impl.launch.knot.KnotClient.main(KnotClient.java:23)
    at net.fabricmc.devlaunchinjector.Main.main(Main.java:86)
[03:17:13] [T2Deadman/INFO] (Minecraft) [STDOUT]: ALTO CLEF: WARNING: T2 [S181] DEADMAN: client tick running 3s — client thread stack, innermost first:
    at knot//org.lwjgl.opengl.GL11C.glClear(Native Method)
    at knot//org.lwjgl.opengl.GL11.glClear(GL11.java:992)
    at knot//com.mojang.blaze3d.platform.GlStateManager.clear(GlStateManager.java:1335)
    at knot//com.mojang.blaze3d.systems.RenderSystem.clear(RenderSystem.java:793)
    at knot//net.minecraft.client.MinecraftClient.render(MinecraftClient.java:1010)
    at knot//net.minecraft.client.MinecraftClient.run(MinecraftClient.java:654)
    at knot//net.minecraft.client.main.Main.main(Main.java:215)
    at net.fabricmc.loader.impl.game.minecraft.MinecraftGameProvider.launch(MinecraftGameProvider.java:480)
    at net.fabricmc.loader.impl.launch.knot.Knot.launch(Knot.java:74)
    at net.fabricmc.loader.impl.launch.knot.KnotClient.main(KnotClient.java:23)
    at net.fabricmc.devlaunchinjector.Main.main(Main.java:86)
[03:17:13] [T2Deadman/INFO] (Minecraft) [CHAT] §2§l§o[TenorClef] §cT2 [S181] DEADMAN: client tick running 3s — client thread stack, innermost first:\n    at knot//org.lwjgl.opengl.GL11C.glClear(Native Method)\n    at knot//org.lwjgl.opengl.GL11.glClear(GL11.java:992)\n    at knot//com.mojang.blaze3d.platform.GlStateManager.clear(GlStateManager.java:1335)\n    at knot//com.mojang.blaze3d.systems.RenderSystem.clear(RenderSystem.java:793)\n    at knot//net.minecraft.client.MinecraftClient.render(MinecraftClient.java:1010)\n    at knot//net.minecraft.client.MinecraftClient.run(MinecraftClient.java:654)\n    at knot//net.minecraft.client.main.Main.main(Main.java:215)\n    at net.fabricmc.loader.impl.game.minecraft.MinecraftGameProvider.launch(MinecraftGameProvider.java:480)\n    at net.fabricmc.loader.impl.launch.knot.Knot.launch(Knot.java:74)\n    at net.fabricmc.loader.impl.launch.knot.KnotClient.main(KnotClient.java:23)\n    at net.fabricmc.devlaunchinjector.Main.main(Main.java:86)§r
[03:17:13] [T2Deadman/INFO] (Minecraft) [CHAT] §2§l§o[TenorClef] §rT2 [HIST] 14:33.6 FORCE S181 DEADMAN: client tick running 3s — client thread stack, innermost first:\n    at knot//org.lwjgl.opengl.GL11C.glClear(Native Method)\n    at knot//org.lwjgl.opengl.GL11.glClear(GL11.java:992)\n    at knot//com.mojang.blaze3d.platform.GlStateManager.clear(GlStateManager.java:1335)\n    at knot//com.mojang.blaze3d.systems.RenderSystem.clear(RenderSystem.java:793)\n    at knot//net.minecraft.client.MinecraftClient.render(MinecraftClient.java:1010)\n    at knot//net.minecraft.client.MinecraftClient.run(MinecraftClient.java:654)\n    at knot//net.minecraft.client.main.Main.main(Main.java:215)\n    at net.fabricmc.loader.impl.game.minecraft.MinecraftGameProvider.launch(MinecraftGameProvider.java:480)\n    at net.fabricmc.loader.impl.launch.knot.Knot.launch(Knot.java:74)\n    at net.fabricmc.loader.impl.launch.knot.KnotClient.main(KnotClient.java:23)\n    at net.fabricmc.devlaunchinjector.Main.main(Main.java:86)
[03:17:15] [main/INFO] (Minecraft) [STDOUT]: ALTO CLEF: WARNING: T2 [E80] parent onStart ignored, still ph=NETHER t=14:35.4
[03:17:15] [main/INFO] (Minecraft) [CHAT] §2§l§o[TenorClef] §cT2 [E80] parent onStart ignored, still ph=NETHER t=14:35.4§r
[03:17:15] [main/INFO] (Minecraft) [CHAT] §2§l§o[TenorClef] §rT2 [HIST] 14:35.4 onStart swallowed — keep NETHER
[03:17:15] [main/INFO] (Minecraft) [STDOUT]: ALTO CLEF: WARNING: T2 [S175] slow client tick 4902ms — NETHER @-107,56,-131 child=CollectBlazeRodsTask
[03:17:15] [main/INFO] (Minecraft) [CHAT] §2§l§o[TenorClef] §cT2 [S175] slow client tick 4902ms — NETHER @-107,56,-131 child=CollectBlazeRodsTask§r
[03:17:15] [main/INFO] (Minecraft) [CHAT] §2§l§o[TenorClef] §rT2 [NOW] t=14:35.4 ph=NETHER @-107,56,-131 do=<Collect blaze rods - 0/6: [[blaze_rod] x 6]> Going to blaze spawner eq=iron_pickaxe woodpick=1 stonepick=1 pick=1 iron=0 buck=1
[03:17:15] [pool-5-thread-4/INFO] (Minecraft) [STDOUT]: 801152 movements considered
[03:17:15] [pool-5-thread-4/INFO] (Minecraft) [STDOUT]: Open set size: 9883
[03:17:15] [pool-5-thread-4/INFO] (Minecraft) [STDOUT]: PathNode map size: 46299
[03:17:15] [pool-5-thread-4/INFO] (Minecraft) [STDOUT]: 72686 nodes per second
[03:17:15] [pool-5-thread-4/INFO] (Minecraft) [STDOUT]: Path goes for 5.0990195135927845 blocks
[03:17:16] [main/INFO] (Minecraft) [CHAT] §2§l§o[TenorClef] §rT2 [NOW] t=14:36.4 ph=NETHER @-107,56,-132 do=<Collect blaze rods - 0/6: [[blaze_rod] x 6]> Going to blaze spawner eq=iron_pickaxe woodpick=1 stonepick=1 pick=1 iron=0 buck=1
[03:17:16] [main/INFO] (Minecraft) [CHAT] §2§l§o[TenorClef] §rT2 [HIST] 14:36.6 SNAP ph=NETHER @-107,56,-133 sky=0 wet=false ground=true pick=1 buck=2 iron=0 ore=4 rods=0 pearls=0 eyes=0 child=CollectBlazeRodsTask dbg=<Collect blaze rods - 0/6: [[blaze_rod] x 6]> Going to blaze spawner mobs=none
[03:17:17] [main/INFO] (Minecraft) [CHAT] §2§l§o[TenorClef] §rT2 [NOW] t=14:37.4 ph=NETHER @-109,57,-135 do=<Collect blaze rods - 0/6: [[blaze_rod] x 6]> Going to blaze spawner eq=iron_pickaxe woodpick=1 stonepick=1 pick=1 iron=0 buck=1
[03:17:18] [main/INFO] (Minecraft) [CHAT] §2§l§o[TenorClef] §rT2 [NOW] t=14:38.4 ph=NETHER @-110,57,-135 do=<Collect blaze rods - 0/6: [[blaze_rod] x 6]> Going to blaze spawner eq=iron_pickaxe woodpick=1 stonepick=1 pick=1 iron=0 buck=1
[03:17:18] [main/INFO] (Minecraft) [CHAT] §2§l§o[TenorClef] §rT2 [HIST] 14:39.1 SNAP ph=NETHER @-110,57,-135 sky=0 wet=false ground=true pick=1 buck=2 iron=0 ore=4 rods=0 pearls=0 eyes=0 child=CollectBlazeRodsTask dbg=<Collect blaze rods - 0/6: [[blaze_rod] x 6]> Going to blaze spawner mobs=none
[03:17:19] [main/INFO] (Minecraft) [CHAT] §2§l§o[TenorClef] §rT2 [NOW] t=14:39.4 ph=NETHER @-110,57,-135 do=<Collect blaze rods - 0/6: [[blaze_rod] x 6]> Going to blaze spawner eq=iron_pickaxe woodpick=1 stonepick=1 pick=1 iron=0 buck=1
[03:17:19] [main/INFO] (Minecraft) [CHAT] §2§l§o[TenorClef] §rT2 [HB] t=14:39.6 ph=NETHER y=57 child=CollectBlazeRodsTask logs=0 pick=1 woodpick=1
[03:17:19] [pool-5-thread-4/INFO] (Minecraft) [STDOUT]: 5026560 movements considered
[03:17:19] [pool-5-thread-4/INFO] (Minecraft) [STDOUT]: Open set size: 31382
[03:17:19] [pool-5-thread-4/INFO] (Minecraft) [STDOUT]: PathNode map size: 259860
[03:17:19] [pool-5-thread-4/INFO] (Minecraft) [STDOUT]: 57120 nodes per second
[03:17:19] [pool-5-thread-4/INFO] (Minecraft) [STDOUT]: Path goes for 30.14962686336267 blocks
[03:17:20] [main/INFO] (Minecraft) [CHAT] §2§l§o[TenorClef] §rT2 [NOW] t=14:40.4 ph=NETHER @-110,57,-136 do=<Collect blaze rods - 0/6: [[blaze_rod] x 6]> Going to blaze spawner eq=iron_pickaxe woodpick=1 stonepick=1 pick=1 iron=0 buck=1
[03:17:21] [main/INFO] (Minecraft) [CHAT] §2§l§o[TenorClef] §rT2 [NOW] t=14:41.4 ph=NETHER @-112,57,-139 do=<Collect blaze rods - 0/6: [[blaze_rod] x 6]> Going to blaze spawner eq=iron_pickaxe woodpick=1 stonepick=1 pick=1 iron=0 buck=1
[03:17:21] [main/INFO] (Minecraft) [CHAT] §2§l§o[TenorClef] §rT2 [HIST] 14:41.6 SNAP ph=NETHER @-112,57,-139 sky=0 wet=false ground=true pick=1 buck=2 iron=0 ore=4 rods=0 pearls=0 eyes=0 child=CollectBlazeRodsTask dbg=<Collect blaze rods - 0/6: [[blaze_rod] x 6]> Going to blaze spawner mobs=none
[03:17:21] [main/INFO] (Minecraft) [STDOUT]: ALTO CLEF: WARNING: T2 [S194] dig-down in progress y=56 child=CollectBlazeRodsTask - pillar/jump nudges stand aside
[03:17:21] [main/INFO] (Minecraft) [CHAT] §2§l§o[TenorClef] §cT2 [S194] dig-down in progress y=56 child=CollectBlazeRodsTask - pillar/jump nudges stand aside§r
[03:17:21] [main/INFO] (Minecraft) [CHAT] §2§l§o[TenorClef] §rT2 [HIST] 14:42.2 SOLVE S194 dig-down in progress y=56 child=CollectBlazeRodsTask - pillar/jump nudges stand aside
[03:17:21] [main/INFO] (Minecraft) [STDOUT]: ALTO CLEF: WARNING: T2 [S152] onStop interrupt=null dead=false ph=NETHER y=56.8 -> session preserved
[03:17:21] [main/INFO] (Minecraft) [CHAT] §2§l§o[TenorClef] §cT2 [S152] onStop interrupt=null dead=false ph=NETHER y=56.8 -> session preserved§r
[03:17:24] [T2Deadman/INFO] (Minecraft) [STDOUT]: TENORCLEF: DEADMAN: client tick running 3s — client thread stack, innermost first:
    at knot//org.lwjgl.opengl.GL30C.glBindFramebuffer(Native Method)
    at knot//org.lwjgl.opengl.GL30.glBindFramebuffer(GL30.java:1619)
    at knot//com.mojang.blaze3d.platform.GlStateManager.bindFramebuffer(GlStateManager.java:446)
    at knot//net.minecraft.client.gl.Framebuffer.bind(Framebuffer.java:213)
    at knot//net.minecraft.client.gl.Framebuffer.beginWrite(Framebuffer.java:207)
    at knot//net.minecraft.client.render.GameRenderer.render(GameRenderer.java:563)
    at knot//net.minecraft.client.MinecraftClient.render(MinecraftClient.java:1021)
    at knot//net.minecraft.client.MinecraftClient.run(MinecraftClient.java:654)
    at knot//net.minecraft.client.main.Main.main(Main.java:215)
    at net.fabricmc.loader.impl.game.minecraft.MinecraftGameProvider.launch(MinecraftGameProvider.java:480)
    at net.fabricmc.loader.impl.launch.knot.Knot.launch(Knot.java:74)
    at net.fabricmc.loader.impl.launch.knot.KnotClient.main(KnotClient.java:23)
    at net.fabricmc.devlaunchinjector.Main.main(Main.java:86)
[03:17:24] [T2Deadman/INFO] (Minecraft) [STDOUT]: TENORCLEF: HARNESS: DEADMAN: client tick running 3s — client thread stack, innermost first:
    at knot//org.lwjgl.opengl.GL30C.glBindFramebuffer(Native Method)
    at knot//org.lwjgl.opengl.GL30.glBindFramebuffer(GL30.java:1619)
    at knot//com.mojang.blaze3d.platform.GlStateManager.bindFramebuffer(GlStateManager.java:446)
    at knot//net.minecraft.client.gl.Framebuffer.bind(Framebuffer.java:213)
    at knot//net.minecraft.client.gl.Framebuffer.beginWrite(Framebuffer.java:207)
    at knot//net.minecraft.client.render.GameRenderer.render(GameRenderer.java:563)
    at knot//net.minecraft.client.MinecraftClient.render(MinecraftClient.java:1021)
    at knot//net.minecraft.client.MinecraftClient.run(MinecraftClient.java:654)
    at knot//net.minecraft.client.main.Main.main(Main.java:215)
    at net.fabricmc.loader.impl.game.minecraft.MinecraftGameProvider.launch(MinecraftGameProvider.java:480)
    at net.fabricmc.loader.impl.launch.knot.Knot.launch(Knot.java:74)
    at net.fabricmc.loader.impl.launch.knot.KnotClient.main(KnotClient.java:23)
    at net.fabricmc.devlaunchinjector.Main.main(Main.java:86)
[03:17:24] [T2Deadman/INFO] (Minecraft) [STDOUT]: ALTO CLEF: WARNING: T2 [S181] DEADMAN: client tick running 3s — client thread stack, innermost first:
    at knot//org.lwjgl.opengl.GL30C.glBindFramebuffer(Native Method)
    at knot//org.lwjgl.opengl.GL30.glBindFramebuffer(GL30.java:1619)
    at knot//com.mojang.blaze3d.platform.GlStateManager.bindFramebuffer(GlStateManager.java:446)
    at knot//net.minecraft.client.gl.Framebuffer.bind(Framebuffer.java:213)
    at knot//net.minecraft.client.gl.Framebuffer.beginWrite(Framebuffer.java:207)
    at knot//net.minecraft.client.render.GameRenderer.render(GameRenderer.java:563)
    at knot//net.minecraft.client.MinecraftClient.render(MinecraftClient.java:1021)
    at knot//net.minecraft.client.MinecraftClient.run(MinecraftClient.java:654)
    at knot//net.minecraft.client.main.Main.main(Main.java:215)
    at net.fabricmc.loader.impl.game.minecraft.MinecraftGameProvider.launch(MinecraftGameProvider.java:480)
    at net.fabricmc.loader.impl.launch.knot.Knot.launch(Knot.java:74)
    at net.fabricmc.loader.impl.launch.knot.KnotClient.main(KnotClient.java:23)
    at net.fabricmc.devlaunchinjector.Main.main(Main.java:86)
[03:17:24] [T2Deadman/INFO] (Minecraft) [CHAT] §2§l§o[TenorClef] §cT2 [S181] DEADMAN: client tick running 3s — client thread stack, innermost first:\n    at knot//org.lwjgl.opengl.GL30C.glBindFramebuffer(Native Method)\n    at knot//org.lwjgl.opengl.GL30.glBindFramebuffer(GL30.java:1619)\n    at knot//com.mojang.blaze3d.platform.GlStateManager.bindFramebuffer(GlStateManager.java:446)\n    at knot//net.minecraft.client.gl.Framebuffer.bind(Framebuffer.java:213)\n    at knot//net.minecraft.client.gl.Framebuffer.beginWrite(Framebuffer.java:207)\n    at knot//net.minecraft.client.render.GameRenderer.render(GameRenderer.java:563)\n    at knot//net.minecraft.client.MinecraftClient.render(MinecraftClient.java:1021)\n    at knot//net.minecraft.client.MinecraftClient.run(MinecraftClient.java:654)\n    at knot//net.minecraft.client.main.Main.main(Main.java:215)\n    at net.fabricmc.loader.impl.game.minecraft.MinecraftGameProvider.launch(MinecraftGameProvider.java:480)\n    at net.fabricmc.loader.impl.launch.knot.Knot.launch(Knot.java:74)\n    at net.fabricmc.loader.impl.launch.knot.KnotClient.main(KnotClient.java:23)\n    at net.fabricmc.devlaunchinjector.Main.main(Main.java:86)§r
[03:17:24] [T2Deadman/INFO] (Minecraft) [CHAT] §2§l§o[TenorClef] §rT2 [HIST] 14:45.3 FORCE S181 DEADMAN: client tick running 3s — client thread stack, innermost first:\n    at knot//org.lwjgl.opengl.GL30C.glBindFramebuffer(Native Method)\n    at knot//org.lwjgl.opengl.GL30.glBindFramebuffer(GL30.java:1619)\n    at knot//com.mojang.blaze3d.platform.GlStateManager.bindFramebuffer(GlStateManager.java:446)\n    at knot//net.minecraft.client.gl.Framebuffer.bind(Framebuffer.java:213)\n    at knot//net.minecraft.client.gl.Framebuffer.beginWrite(Framebuffer.java:207)\n    at knot//net.minecraft.client.render.GameRenderer.render(GameRenderer.java:563)\n    at knot//net.minecraft.client.MinecraftClient.render(MinecraftClient.java:1021)\n    at knot//net.minecraft.client.MinecraftClient.run(MinecraftClient.java:654)\n    at knot//net.minecraft.client.main.Main.main(Main.java:215)\n    at net.fabricmc.loader.impl.game.minecraft.MinecraftGameProvider.launch(MinecraftGameProvider.java:480)\n    at net.fabricmc.loader.impl.launch.knot.Knot.launch(Knot.java:74)\n    at net.fabricmc.loader.impl.launch.knot.KnotClient.main(KnotClient.java:23)\n    at net.fabricmc.devlaunchinjector.Main.main(Main.java:86)
[03:17:26] [main/INFO] (Minecraft) [STDOUT]: ALTO CLEF: WARNING: T2 [E80] parent onStart ignored, still ph=NETHER t=14:47.0
[03:17:26] [main/INFO] (Minecraft) [CHAT] §2§l§o[TenorClef] §cT2 [E80] parent onStart ignored, still ph=NETHER t=14:47.0§r
[03:17:26] [main/INFO] (Minecraft) [CHAT] §2§l§o[TenorClef] §rT2 [HIST] 14:47.0 onStart swallowed — keep NETHER
[03:17:26] [main/INFO] (Minecraft) [STDOUT]: ALTO CLEF: WARNING: T2 [S175] slow client tick 4799ms — NETHER @-107,56,-131 child=CollectBlazeRodsTask
[03:17:26] [main/INFO] (Minecraft) [CHAT] §2§l§o[TenorClef] §cT2 [S175] slow client tick 4799ms — NETHER @-107,56,-131 child=CollectBlazeRodsTask§r
[03:17:26] [main/INFO] (Minecraft) [CHAT] §2§l§o[TenorClef] §rT2 [NOW] t=14:47.2 ph=NETHER @-107,56,-131 do=<Collect blaze rods - 0/6: [[blaze_rod] x 6]> Going to blaze spawner eq=iron_pickaxe woodpick=1 stonepick=1 pick=1 iron=0 buck=1
[03:17:26] [main/INFO] (Minecraft) [STDOUT]: ALTO CLEF: WARNING: T2 [E118] CollectBlazeRodsTask 90s no inv change ph=NETHER
[03:17:26] [main/INFO] (Minecraft) [CHAT] §2§l§o[TenorClef] §cT2 [E118] CollectBlazeRodsTask 90s no inv change ph=NETHER§r
[03:17:26] [main/INFO] (Minecraft) [CHAT] §2§l§o[TenorClef] §rT2 [HIST] 14:47.2 [E118] CollectBlazeRodsTask 90s no inv change ph=NETHER
[03:17:27] [pool-5-thread-4/INFO] (Minecraft) [STDOUT]: 796928 movements considered
[03:17:27] [pool-5-thread-4/INFO] (Minecraft) [STDOUT]: Open set size: 9864
[03:17:27] [pool-5-thread-4/INFO] (Minecraft) [STDOUT]: PathNode map size: 46088
[03:17:27] [pool-5-thread-4/INFO] (Minecraft) [STDOUT]: 72448 nodes per second
[03:17:27] [pool-5-thread-4/INFO] (Minecraft) [STDOUT]: Path goes for 5.0990195135927845 blocks
[03:17:27] [main/INFO] (Minecraft) [CHAT] §2§l§o[TenorClef] §rT2 [NOW] t=14:48.2 ph=NETHER @-107,56,-133 do=<Collect blaze rods - 0/6: [[blaze_rod] x 6]> Going to blaze spawner eq=iron_pickaxe woodpick=1 stonepick=1 pick=1 iron=0 buck=1
[03:17:28] [main/INFO] (Minecraft) [CHAT] §2§l§o[TenorClef] §rT2 [HIST] 14:48.9 SNAP ph=NETHER @-109,56,-135 sky=0 wet=false ground=false pick=1 buck=2 iron=0 ore=4 rods=0 pearls=0 eyes=0 child=CollectBlazeRodsTask dbg=<Collect blaze rods - 0/6: [[blaze_rod] x 6]> Going to blaze spawner mobs=none
[03:17:28] [main/INFO] (Minecraft) [CHAT] §2§l§o[TenorClef] §rT2 [NOW] t=14:49.2 ph=NETHER @-110,57,-135 do=<Collect blaze rods - 0/6: [[blaze_rod] x 6]> Going to blaze spawner eq=iron_pickaxe woodpick=1 stonepick=1 pick=1 iron=0 buck=1
[03:17:29] [main/INFO] (Minecraft) [CHAT] §2§l§o[TenorClef] §rT2 [HB] t=14:49.3 ph=NETHER y=57 child=CollectBlazeRodsTask logs=0 pick=1 woodpick=1
[03:17:29] [main/INFO] (Minecraft) [CHAT] §2§l§o[TenorClef] §rT2 [NOW] t=14:50.2 ph=NETHER @-110,57,-135 do=<Collect blaze rods - 0/6: [[blaze_rod] x 6]> Going to blaze spawner eq=iron_pickaxe woodpick=1 stonepick=1 pick=1 iron=0 buck=1
[03:17:30] [main/INFO] (Minecraft) [CHAT] §2§l§o[TenorClef] §rT2 [NOW] t=14:51.2 ph=NETHER @-110,57,-135 do=<Collect blaze rods - 0/6: [[blaze_rod] x 6]> Going to blaze spawner eq=iron_pickaxe woodpick=1 stonepick=1 pick=1 iron=0 buck=1
[03:17:31] [main/INFO] (Minecraft) [CHAT] §2§l§o[TenorClef] §rT2 [HIST] 14:51.4 SNAP ph=NETHER @-110,57,-135 sky=0 wet=false ground=true pick=1 buck=2 iron=0 ore=4 rods=0 pearls=0 eyes=0 child=CollectBlazeRodsTask dbg=<Collect blaze rods - 0/6: [[blaze_rod] x 6]> Going to blaze spawner mobs=none
[03:17:31] [pool-5-thread-4/INFO] (Minecraft) [STDOUT]: 5261696 movements considered
[03:17:31] [pool-5-thread-4/INFO] (Minecraft) [STDOUT]: Open set size: 32467
[03:17:31] [pool-5-thread-4/INFO] (Minecraft) [STDOUT]: PathNode map size: 271632
[03:17:31] [pool-5-thread-4/INFO] (Minecraft) [STDOUT]: 59792 nodes per second
[03:17:31] [pool-5-thread-4/INFO] (Minecraft) [STDOUT]: Path goes for 30.14962686336267 blocks
[03:17:31] [main/INFO] (Minecraft) [CHAT] §2§l§o[TenorClef] §rRefreshed inventory...
[03:17:31] [main/INFO] (Minecraft) [CHAT] §2§l§o[TenorClef] §rT2 [NOW] t=14:52.2 ph=NETHER @-111,57,-136 do=<Collect blaze rods - 0/6: [[blaze_rod] x 6]> Going to blaze spawner eq=iron_pickaxe woodpick=1 stonepick=1 pick=1 iron=0 buck=1
[03:17:32] [main/INFO] (Minecraft) [CHAT] §2§l§o[TenorClef] §rT2 [NOW] t=14:53.2 ph=NETHER @-112,57,-139 do=<Collect blaze rods - 0/6: [[blaze_rod] x 6]> Going to blaze spawner eq=iron_pickaxe woodpick=1 stonepick=1 pick=1 iron=0 buck=1
[03:17:33] [main/INFO] (Minecraft) [STDOUT]: ALTO CLEF: WARNING: T2 [S194] dig-down in progress y=56 child=CollectBlazeRodsTask - pillar/jump nudges stand aside
[03:17:33] [main/INFO] (Minecraft) [CHAT] §2§l§o[TenorClef] §cT2 [S194] dig-down in progress y=56 child=CollectBlazeRodsTask - pillar/jump nudges stand aside§r
[03:17:33] [main/INFO] (Minecraft) [CHAT] §2§l§o[TenorClef] §rT2 [HIST] 14:53.8 SOLVE S194 dig-down in progress y=56 child=CollectBlazeRodsTask - pillar/jump nudges stand aside
[03:17:33] [main/INFO] (Minecraft) [STDOUT]: ALTO CLEF: WARNING: T2 [S152] onStop interrupt=null dead=false ph=NETHER y=56.8 -> session preserved
[03:17:33] [main/INFO] (Minecraft) [CHAT] §2§l§o[TenorClef] §cT2 [S152] onStop interrupt=null dead=false ph=NETHER y=56.8 -> session preserved§r
[03:17:36] [T2Deadman/INFO] (Minecraft) [STDOUT]: TENORCLEF: DEADMAN: client tick running 3s — client thread stack, innermost first:
    at knot//org.lwjgl.opengl.GL11C.glDrawArrays(Native Method)
    at knot//org.lwjgl.opengl.GL11.glDrawArrays(GL11.java:1826)
    at knot//com.mojang.blaze3d.platform.GlStateManager.drawArrays(GlStateManager.java:1501)
    at knot//com.mojang.blaze3d.systems.RenderSystem.drawArrays(RenderSystem.java:966)
    at knot//net.minecraft.client.gl.VertexBuffer.draw(VertexBuffer.java:60)
    at knot//net.minecraft.client.render.WorldRenderer.renderLayer(WorldRenderer.java:1494)
    at knot//net.minecraft.client.render.WorldRenderer.render(WorldRenderer.java:1129)
    at knot//net.minecraft.client.render.GameRenderer.renderWorld(GameRenderer.java:717)
    at knot//net.minecraft.client.render.GameRenderer.render(GameRenderer.java:540)
    at knot//net.minecraft.client.MinecraftClient.render(MinecraftClient.java:1021)
    at knot//net.minecraft.client.MinecraftClient.run(MinecraftClient.java:654)
    at knot//net.minecraft.client.main.Main.main(Main.java:215)
    at net.fabricmc.loader.impl.game.minecraft.MinecraftGameProvider.launch(MinecraftGameProvider.java:480)
    at net.fabricmc.loader.impl.launch.knot.Knot.launch(Knot.java:74)
    at net.fabricmc.loader.impl.launch.knot.KnotClient.main(KnotClient.java:23)
    at net.fabricmc.devlaunchinjector.Main.main(Main.java:86)
[03:17:36] [T2Deadman/INFO] (Minecraft) [STDOUT]: TENORCLEF: HARNESS: DEADMAN: client tick running 3s — client thread stack, innermost first:
    at knot//org.lwjgl.opengl.GL11C.glDrawArrays(Native Method)
    at knot//org.lwjgl.opengl.GL11.glDrawArrays(GL11.java:1826)
    at knot//com.mojang.blaze3d.platform.GlStateManager.drawArrays(GlStateManager.java:1501)
    at knot//com.mojang.blaze3d.systems.RenderSystem.drawArrays(RenderSystem.java:966)
    at knot//net.minecraft.client.gl.VertexBuffer.draw(VertexBuffer.java:60)
    at knot//net.minecraft.client.render.WorldRenderer.renderLayer(WorldRenderer.java:1494)
    at knot//net.minecraft.client.render.WorldRenderer.render(WorldRenderer.java:1129)
    at knot//net.minecraft.client.render.GameRenderer.renderWorld(GameRenderer.java:717)
    at knot//net.minecraft.client.render.GameRenderer.render(GameRenderer.java:540)
    at knot//net.minecraft.client.MinecraftClient.render(MinecraftClient.java:1021)
    at knot//net.minecraft.client.MinecraftClient.run(MinecraftClient.java:654)
    at knot//net.minecraft.client.main.Main.main(Main.java:215)
    at net.fabricmc.loader.impl.game.minecraft.MinecraftGameProvider.launch(MinecraftGameProvider.java:480)
    at net.fabricmc.loader.impl.launch.knot.Knot.launch(Knot.java:74)
    at net.fabricmc.loader.impl.launch.knot.KnotClient.main(KnotClient.java:23)
    at net.fabricmc.devlaunchinjector.Main.main(Main.java:86)
[03:17:36] [T2Deadman/INFO] (Minecraft) [STDOUT]: ALTO CLEF: WARNING: T2 [S181] DEADMAN: client tick running 3s — client thread stack, innermost first:
    at knot//org.lwjgl.opengl.GL11C.glDrawArrays(Native Method)
    at knot//org.lwjgl.opengl.GL11.glDrawArrays(GL11.java:1826)
    at knot//com.mojang.blaze3d.platform.GlStateManager.drawArrays(GlStateManager.java:1501)
    at knot//com.mojang.blaze3d.systems.RenderSystem.drawArrays(RenderSystem.java:966)
    at knot//net.minecraft.client.gl.VertexBuffer.draw(VertexBuffer.java:60)
    at knot//net.minecraft.client.render.WorldRenderer.renderLayer(WorldRenderer.java:1494)
    at knot//net.minecraft.client.render.WorldRenderer.render(WorldRenderer.java:1129)
    at knot//net.minecraft.client.render.GameRenderer.renderWorld(GameRenderer.java:717)
    at knot//net.minecraft.client.render.GameRenderer.render(GameRenderer.java:540)
    at knot//net.minecraft.client.MinecraftClient.render(MinecraftClient.java:1021)
    at knot//net.minecraft.client.MinecraftClient.run(MinecraftClient.java:654)
    at knot//net.minecraft.client.main.Main.main(Main.java:215)
    at net.fabricmc.loader.impl.game.minecraft.MinecraftGameProvider.launch(MinecraftGameProvider.java:480)
    at net.fabricmc.loader.impl.launch.knot.Knot.launch(Knot.java:74)
    at net.fabricmc.loader.impl.launch.knot.KnotClient.main(KnotClient.java:23)
    at net.fabricmc.devlaunchinjector.Main.main(Main.java:86)
[03:17:36] [T2Deadman/INFO] (Minecraft) [CHAT] §2§l§o[TenorClef] §cT2 [S181] DEADMAN: client tick running 3s — client thread stack, innermost first:\n    at knot//org.lwjgl.opengl.GL11C.glDrawArrays(Native Method)\n    at knot//org.lwjgl.opengl.GL11.glDrawArrays(GL11.java:1826)\n    at knot//com.mojang.blaze3d.platform.GlStateManager.drawArrays(GlStateManager.java:1501)\n    at knot//com.mojang.blaze3d.systems.RenderSystem.drawArrays(RenderSystem.java:966)\n    at knot//net.minecraft.client.gl.VertexBuffer.draw(VertexBuffer.java:60)\n    at knot//net.minecraft.client.render.WorldRenderer.renderLayer(WorldRenderer.java:1494)\n    at knot//net.minecraft.client.render.WorldRenderer.render(WorldRenderer.java:1129)\n    at knot//net.minecraft.client.render.GameRenderer.renderWorld(GameRenderer.java:717)\n    at knot//net.minecraft.client.render.GameRenderer.render(GameRenderer.java:540)\n    at knot//net.minecraft.client.MinecraftClient.render(MinecraftClient.java:1021)\n    at knot//net.minecraft.client.MinecraftClient.run(MinecraftClient.java:654)\n    at knot//net.minecraft.client.main.Main.main(Main.java:215)\n    at net.fabricmc.loader.impl.game.minecraft.MinecraftGameProvider.launch(MinecraftGameProvider.java:480)\n    at net.fabricmc.loader.impl.launch.knot.Knot.launch(Knot.java:74)\n    at net.fabricmc.loader.impl.launch.knot.KnotClient.main(KnotClient.java:23)\n    at net.fabricmc.devlaunchinjector.Main.main(Main.java:86)§r
[03:17:36] [T2Deadman/INFO] (Minecraft) [CHAT] §2§l§o[TenorClef] §rT2 [HIST] 14:56.8 FORCE S181 DEADMAN: client tick running 3s — client thread stack, innermost first:\n    at knot//org.lwjgl.opengl.GL11C.glDrawArrays(Native Method)\n    at knot//org.lwjgl.opengl.GL11.glDrawArrays(GL11.java:1826)\n    at knot//com.mojang.blaze3d.platform.GlStateManager.drawArrays(GlStateManager.java:1501)\n    at knot//com.mojang.blaze3d.systems.RenderSystem.drawArrays(RenderSystem.java:966)\n    at knot//net.minecraft.client.gl.VertexBuffer.draw(VertexBuffer.java:60)\n    at knot//net.minecraft.client.render.WorldRenderer.renderLayer(WorldRenderer.java:1494)\n    at knot//net.minecraft.client.render.WorldRenderer.render(WorldRenderer.java:1129)\n    at knot//net.minecraft.client.render.GameRenderer.renderWorld(GameRenderer.java:717)\n    at knot//net.minecraft.client.render.GameRenderer.render(GameRenderer.java:540)\n    at knot//net.minecraft.client.MinecraftClient.render(MinecraftClient.java:1021)\n    at knot//net.minecraft.client.MinecraftClient.run(MinecraftClient.java:654)\n    at knot//net.minecraft.client.main.Main.main(Main.java:215)\n    at net.fabricmc.loader.impl.game.minecraft.MinecraftGameProvider.launch(MinecraftGameProvider.java:480)\n    at net.fabricmc.loader.impl.launch.knot.Knot.launch(Knot.java:74)\n    at net.fabricmc.loader.impl.launch.knot.KnotClient.main(KnotClient.java:23)\n    at net.fabricmc.devlaunchinjector.Main.main(Main.java:86)
[03:17:38] [main/INFO] (Minecraft) [STDOUT]: ALTO CLEF: WARNING: T2 [E80] parent onStart ignored, still ph=NETHER t=14:58.6
[03:17:38] [main/INFO] (Minecraft) [CHAT] §2§l§o[TenorClef] §cT2 [E80] parent onStart ignored, still ph=NETHER t=14:58.6§r
[03:17:38] [main/INFO] (Minecraft) [CHAT] §2§l§o[TenorClef] §rT2 [HIST] 14:58.6 onStart swallowed — keep NETHER
[03:17:38] [main/INFO] (Minecraft) [STDOUT]: ALTO CLEF: WARNING: T2 [S175] slow client tick 4843ms — NETHER @-107,56,-131 child=CollectBlazeRodsTask
[03:17:38] [main/INFO] (Minecraft) [CHAT] §2§l§o[TenorClef] §cT2 [S175] slow client tick 4843ms — NETHER @-107,56,-131 child=CollectBlazeRodsTask§r
[03:17:38] [main/INFO] (Minecraft) [CHAT] §2§l§o[TenorClef] §rT2 [HIST] 14:58.7 SNAP ph=NETHER @-107,56,-131 sky=0 wet=false ground=true pick=1 buck=2 iron=0 ore=4 rods=0 pearls=0 eyes=0 child=CollectBlazeRodsTask dbg=<Collect blaze rods - 0/6: [[blaze_rod] x 6]> Going to blaze spawner mobs=none
[03:17:38] [main/INFO] (Minecraft) [CHAT] §2§l§o[TenorClef] §rT2 [NOW] t=14:59.0 ph=NETHER @-107,56,-131 do=<Collect blaze rods - 0/6: [[blaze_rod] x 6]> Going to blaze spawner eq=iron_pickaxe woodpick=1 stonepick=1 pick=1 iron=0 buck=1
[03:17:38] [main/INFO] (Minecraft) [CHAT] §2§l§o[TenorClef] §rT2 [HB] t=14:59.1 ph=NETHER y=56 child=CollectBlazeRodsTask logs=0 pick=1 woodpick=1
[03:17:38] [pool-5-thread-4/INFO] (Minecraft) [STDOUT]: 808192 movements considered
[03:17:38] [pool-5-thread-4/INFO] (Minecraft) [STDOUT]: Open set size: 9939
[03:17:38] [pool-5-thread-4/INFO] (Minecraft) [STDOUT]: PathNode map size: 46675
[03:17:38] [pool-5-thread-4/INFO] (Minecraft) [STDOUT]: 73472 nodes per second
[03:17:38] [pool-5-thread-4/INFO] (Minecraft) [STDOUT]: Path goes for 5.0990195135927845 blocks
[03:17:39] [main/INFO] (Minecraft) [CHAT] §2§l§o[TenorClef] §rT2 [NOW] t=15:00.0 ph=NETHER @-107,56,-133 do=<Collect blaze rods - 0/6: [[blaze_rod] x 6]> Going to blaze spawner eq=iron_pickaxe woodpick=1 stonepick=1 pick=1 iron=0 buck=1
[03:17:40] [main/INFO] (Minecraft) [CHAT] §2§l§o[TenorClef] §rT2 [NOW] t=15:01.0 ph=NETHER @-110,57,-135 do=<Collect blaze rods - 0/6: [[blaze_rod] x 6]> Going to blaze spawner eq=iron_pickaxe woodpick=1 stonepick=1 pick=1 iron=0 buck=1
[03:17:40] [main/INFO] (Minecraft) [CHAT] §2§l§o[TenorClef] §rT2 [HIST] 15:01.2 SNAP ph=NETHER @-110,57,-135 sky=0 wet=false ground=true pick=1 buck=2 iron=0 ore=4 rods=0 pearls=0 eyes=0 child=CollectBlazeRodsTask dbg=<Collect blaze rods - 0/6: [[blaze_rod] x 6]> Going to blaze spawner mobs=none
[03:17:41] [main/INFO] (Minecraft) [CHAT] §2§l§o[TenorClef] §rT2 [NOW] t=15:02.0 ph=NETHER @-110,57,-135 do=<Collect blaze rods - 0/6: [[blaze_rod] x 6]> Going to blaze spawner eq=iron_pickaxe woodpick=1 stonepick=1 pick=1 iron=0 buck=1
[03:17:42] [main/INFO] (Minecraft) [CHAT] §2§l§o[TenorClef] §rT2 [NOW] t=15:03.0 ph=NETHER @-110,57,-135 do=<Collect blaze rods - 0/6: [[blaze_rod] x 6]> Going to blaze spawner eq=iron_pickaxe woodpick=1 stonepick=1 pick=1 iron=0 buck=1
[03:17:42] [pool-5-thread-4/INFO] (Minecraft) [STDOUT]: 5265920 movements considered
[03:17:42] [pool-5-thread-4/INFO] (Minecraft) [STDOUT]: Open set size: 32504
[03:17:42] [pool-5-thread-4/INFO] (Minecraft) [STDOUT]: PathNode map size: 271861
[03:17:42] [pool-5-thread-4/INFO] (Minecraft) [STDOUT]: 59825 nodes per second
[03:17:42] [pool-5-thread-4/INFO] (Minecraft) [STDOUT]: Path goes for 30.14962686336267 blocks
[03:17:43] [main/INFO] (Minecraft) [CHAT] §2§l§o[TenorClef] §rT2 [HIST] 15:03.7 SNAP ph=NETHER @-110,57,-136 sky=0 wet=false ground=true pick=1 buck=2 iron=0 ore=4 rods=0 pearls=0 eyes=0 child=CollectBlazeRodsTask dbg=<Collect blaze rods - 0/6: [[blaze_rod] x 6]> Going to blaze spawner mobs=none
[03:17:43] [main/INFO] (Minecraft) [CHAT] §2§l§o[TenorClef] §rT2 [NOW] t=15:04.0 ph=NETHER @-111,57,-137 do=<Collect blaze rods - 0/6: [[blaze_rod] x 6]> Going to blaze spawner eq=iron_pickaxe woodpick=1 stonepick=1 pick=1 iron=0 buck=1
[03:17:43] [main/INFO] (Minecraft) [CHAT] §2§l§o[TenorClef] §rT2 [HB] t=15:04.1 ph=NETHER y=57 child=CollectBlazeRodsTask logs=0 pick=1 woodpick=1
[03:17:44] [main/INFO] (Minecraft) [CHAT] §2§l§o[TenorClef] §rT2 [NOW] t=15:05.0 ph=NETHER @-112,57,-140 do=<Collect blaze rods - 0/6: [[blaze_rod] x 6]> Going to blaze spawner eq=iron_pickaxe woodpick=1 stonepick=1 pick=1 iron=0 buck=1
[03:17:45] [main/INFO] (Minecraft) [STDOUT]: ALTO CLEF: WARNING: T2 [S194] dig-down in progress y=56 child=CollectBlazeRodsTask - pillar/jump nudges stand aside
[03:17:45] [main/INFO] (Minecraft) [CHAT] §2§l§o[TenorClef] §cT2 [S194] dig-down in progress y=56 child=CollectBlazeRodsTask - pillar/jump nudges stand aside§r
[03:17:45] [main/INFO] (Minecraft) [CHAT] §2§l§o[TenorClef] §rT2 [HIST] 15:05.4 SOLVE S194 dig-down in progress y=56 child=CollectBlazeRodsTask - pillar/jump nudges stand aside
[03:17:45] [main/INFO] (Minecraft) [STDOUT]: ALTO CLEF: WARNING: T2 [S152] onStop interrupt=null dead=false ph=NETHER y=56.8 -> session preserved
[03:17:45] [main/INFO] (Minecraft) [CHAT] §2§l§o[TenorClef] §cT2 [S152] onStop interrupt=null dead=false ph=NETHER y=56.8 -> session preserved§r
[03:17:48] [T2Deadman/INFO] (Minecraft) [STDOUT]: TENORCLEF: DEADMAN: client tick running 3s — client thread stack, innermost first:
    at knot//org.lwjgl.opengl.GL11C.glDisable(Native Method)
    at knot//org.lwjgl.opengl.GL11.glDisable(GL11.java:737)
    at knot//com.mojang.blaze3d.platform.GlStateManager$CapabilityTracker.setState(GlStateManager.java:1736)
    at knot//com.mojang.blaze3d.platform.GlStateManager$CapabilityTracker.disable(GlStateManager.java:1722)
    at knot//com.mojang.blaze3d.platform.GlStateManager.disableTexture(GlStateManager.java:1175)
    at knot//com.mojang.blaze3d.systems.RenderSystem.disableTexture(RenderSystem.java:626)
    at knot//net.minecraft.client.gui.DrawableHelper.fill(DrawableHelper.java:63)
    at knot//net.minecraft.client.gui.DrawableHelper.fill(DrawableHelper.java:43)
    at knot//net.minecraft.client.gui.hud.ChatHud.render(ChatHud.java:94)
    at knot//net.minecraft.client.gui.hud.InGameHud.render(InGameHud.java:360)
    at knot//net.minecraft.client.render.GameRenderer.render(GameRenderer.java:584)
    at knot//net.minecraft.client.MinecraftClient.render(MinecraftClient.java:1021)
    at knot//net.minecraft.client.MinecraftClient.run(MinecraftClient.java:654)
    at knot//net.minecraft.client.main.Main.main(Main.java:215)
    at net.fabricmc.loader.impl.game.minecraft.MinecraftGameProvider.launch(MinecraftGameProvider.java:480)
    at net.fabricmc.loader.impl.launch.knot.Knot.launch(Knot.java:74)
    at net.fabricmc.loader.impl.launch.knot.KnotClient.main(KnotClient.java:23)
    at net.fabricmc.devlaunchinjector.Main.main(Main.java:86)
[03:17:48] [T2Deadman/INFO] (Minecraft) [STDOUT]: TENORCLEF: HARNESS: DEADMAN: client tick running 3s — client thread stack, innermost first:
    at knot//org.lwjgl.opengl.GL11C.glDisable(Native Method)
    at knot//org.lwjgl.opengl.GL11.glDisable(GL11.java:737)
    at knot//com.mojang.blaze3d.platform.GlStateManager$CapabilityTracker.setState(GlStateManager.java:1736)
    at knot//com.mojang.blaze3d.platform.GlStateManager$CapabilityTracker.disable(GlStateManager.java:1722)
    at knot//com.mojang.blaze3d.platform.GlStateManager.disableTexture(GlStateManager.java:1175)
    at knot//com.mojang.blaze3d.systems.RenderSystem.disableTexture(RenderSystem.java:626)
    at knot//net.minecraft.client.gui.DrawableHelper.fill(DrawableHelper.java:63)
    at knot//net.minecraft.client.gui.DrawableHelper.fill(DrawableHelper.java:43)
    at knot//net.minecraft.client.gui.hud.ChatHud.render(ChatHud.java:94)
    at knot//net.minecraft.client.gui.hud.InGameHud.render(InGameHud.java:360)
    at knot//net.minecraft.client.render.GameRenderer.render(GameRenderer.java:584)
    at knot//net.minecraft.client.MinecraftClient.render(MinecraftClient.java:1021)
    at knot//net.minecraft.client.MinecraftClient.run(MinecraftClient.java:654)
    at knot//net.minecraft.client.main.Main.main(Main.java:215)
    at net.fabricmc.loader.impl.game.minecraft.MinecraftGameProvider.launch(MinecraftGameProvider.java:480)
    at net.fabricmc.loader.impl.launch.knot.Knot.launch(Knot.java:74)
    at net.fabricmc.loader.impl.launch.knot.KnotClient.main(KnotClient.java:23)
    at net.fabricmc.devlaunchinjector.Main.main(Main.java:86)
[03:17:48] [T2Deadman/INFO] (Minecraft) [STDOUT]: ALTO CLEF: WARNING: T2 [S181] DEADMAN: client tick running 3s — client thread stack, innermost first:
    at knot//org.lwjgl.opengl.GL11C.glDisable(Native Method)
    at knot//org.lwjgl.opengl.GL11.glDisable(GL11.java:737)
    at knot//com.mojang.blaze3d.platform.GlStateManager$CapabilityTracker.setState(GlStateManager.java:1736)
    at knot//com.mojang.blaze3d.platform.GlStateManager$CapabilityTracker.disable(GlStateManager.java:1722)
    at knot//com.mojang.blaze3d.platform.GlStateManager.disableTexture(GlStateManager.java:1175)
    at knot//com.mojang.blaze3d.systems.RenderSystem.disableTexture(RenderSystem.java:626)
    at knot//net.minecraft.client.gui.DrawableHelper.fill(DrawableHelper.java:63)
    at knot//net.minecraft.client.gui.DrawableHelper.fill(DrawableHelper.java:43)
    at knot//net.minecraft.client.gui.hud.ChatHud.render(ChatHud.java:94)
    at knot//net.minecraft.client.gui.hud.InGameHud.render(InGameHud.java:360)
    at knot//net.minecraft.client.render.GameRenderer.render(GameRenderer.java:584)
    at knot//net.minecraft.client.MinecraftClient.render(MinecraftClient.java:1021)
    at knot//net.minecraft.client.MinecraftClient.run(MinecraftClient.java:654)
    at knot//net.minecraft.client.main.Main.main(Main.java:215)
    at net.fabricmc.loader.impl.game.minecraft.MinecraftGameProvider.launch(MinecraftGameProvider.java:480)
    at net.fabricmc.loader.impl.launch.knot.Knot.launch(Knot.java:74)
    at net.fabricmc.loader.impl.launch.knot.KnotClient.main(KnotClient.java:23)
    at net.fabricmc.devlaunchinjector.Main.main(Main.java:86)
[03:17:48] [T2Deadman/INFO] (Minecraft) [CHAT] §2§l§o[TenorClef] §cT2 [S181] DEADMAN: client tick running 3s — client thread stack, innermost first:\n    at knot//org.lwjgl.opengl.GL11C.glDisable(Native Method)\n    at knot//org.lwjgl.opengl.GL11.glDisable(GL11.java:737)\n    at knot//com.mojang.blaze3d.platform.GlStateManager$CapabilityTracker.setState(GlStateManager.java:1736)\n    at knot//com.mojang.blaze3d.platform.GlStateManager$CapabilityTracker.disable(GlStateManager.java:1722)\n    at knot//com.mojang.blaze3d.platform.GlStateManager.disableTexture(GlStateManager.java:1175)\n    at knot//com.mojang.blaze3d.systems.RenderSystem.disableTexture(RenderSystem.java:626)\n    at knot//net.minecraft.client.gui.DrawableHelper.fill(DrawableHelper.java:63)\n    at knot//net.minecraft.client.gui.DrawableHelper.fill(DrawableHelper.java:43)\n    at knot//net.minecraft.client.gui.hud.ChatHud.render(ChatHud.java:94)\n    at knot//net.minecraft.client.gui.hud.InGameHud.render(InGameHud.java:360)\n    at knot//net.minecraft.client.render.GameRenderer.render(GameRenderer.java:584)\n    at knot//net.minecraft.client.MinecraftClient.render(MinecraftClient.java:1021)\n    at knot//net.minecraft.client.MinecraftClient.run(MinecraftClient.java:654)\n    at knot//net.minecraft.client.main.Main.main(Main.java:215)\n    at net.fabricmc.loader.impl.game.minecraft.MinecraftGameProvider.launch(MinecraftGameProvider.java:480)\n    at net.fabricmc.loader.impl.launch.knot.Knot.launch(Knot.java:74)\n    at net.fabricmc.loader.impl.launch.knot.KnotClient.main(KnotClient.java:23)\n    at net.fabricmc.devlaunchinjector.Main.main(Main.java:86)§r
[03:17:48] [T2Deadman/INFO] (Minecraft) [CHAT] §2§l§o[TenorClef] §rT2 [HIST] 15:08.5 FORCE S181 DEADMAN: client tick running 3s — client thread stack, innermost first:\n    at knot//org.lwjgl.opengl.GL11C.glDisable(Native Method)\n    at knot//org.lwjgl.opengl.GL11.glDisable(GL11.java:737)\n    at knot//com.mojang.blaze3d.platform.GlStateManager$CapabilityTracker.setState(GlStateManager.java:1736)\n    at knot//com.mojang.blaze3d.platform.GlStateManager$CapabilityTracker.disable(GlStateManager.java:1722)\n    at knot//com.mojang.blaze3d.platform.GlStateManager.disableTexture(GlStateManager.java:1175)\n    at knot//com.mojang.blaze3d.systems.RenderSystem.disableTexture(RenderSystem.java:626)\n    at knot//net.minecraft.client.gui.DrawableHelper.fill(DrawableHelper.java:63)\n    at knot//net.minecraft.client.gui.DrawableHelper.fill(DrawableHelper.java:43)\n    at knot//net.minecraft.client.gui.hud.ChatHud.render(ChatHud.java:94)\n    at knot//net.minecraft.client.gui.hud.InGameHud.render(InGameHud.java:360)\n    at knot//net.minecraft.client.render.GameRenderer.render(GameRenderer.java:584)\n    at knot//net.minecraft.client.MinecraftClient.render(MinecraftClient.java:1021)\n    at knot//net.minecraft.client.MinecraftClient.run(MinecraftClient.java:654)\n    at knot//net.minecraft.client.main.Main.main(Main.java:215)\n    at net.fabricmc.loader.impl.game.minecraft.MinecraftGameProvider.launch(MinecraftGameProvider.java:480)\n    at net.fabricmc.loader.impl.launch.knot.Knot.launch(Knot.java:74)\n    at net.fabricmc.loader.impl.launch.knot.KnotClient.main(KnotClient.java:23)\n    at net.fabricmc.devlaunchinjector.Main.main(Main.java:86)
[03:17:49] [main/INFO] (Minecraft) [STDOUT]: ALTO CLEF: WARNING: T2 [E80] parent onStart ignored, still ph=NETHER t=15:10.2
[03:17:49] [main/INFO] (Minecraft) [CHAT] §2§l§o[TenorClef] §cT2 [E80] parent onStart ignored, still ph=NETHER t=15:10.2§r
[03:17:49] [main/INFO] (Minecraft) [CHAT] §2§l§o[TenorClef] §rT2 [HIST] 15:10.2 onStart swallowed — keep NETHER
[03:17:49] [main/INFO] (Minecraft) [STDOUT]: ALTO CLEF: WARNING: T2 [S175] slow client tick 4802ms — NETHER @-107,56,-131 child=CollectBlazeRodsTask
[03:17:49] [main/INFO] (Minecraft) [CHAT] §2§l§o[TenorClef] §cT2 [S175] slow client tick 4802ms — NETHER @-107,56,-131 child=CollectBlazeRodsTask§r
[03:17:50] [main/INFO] (Minecraft) [CHAT] §2§l§o[TenorClef] §rT2 [NOW] t=15:10.7 ph=NETHER @-107,56,-131 do=<Collect blaze rods - 0/6: [[blaze_rod] x 6]> Going to blaze spawner eq=iron_pickaxe woodpick=1 stonepick=1 pick=1 iron=0 buck=1
[03:17:50] [pool-5-thread-4/INFO] (Minecraft) [STDOUT]: 771584 movements considered
[03:17:50] [pool-5-thread-4/INFO] (Minecraft) [STDOUT]: Open set size: 9766
[03:17:50] [pool-5-thread-4/INFO] (Minecraft) [STDOUT]: PathNode map size: 44838
[03:17:50] [pool-5-thread-4/INFO] (Minecraft) [STDOUT]: 70144 nodes per second
[03:17:50] [pool-5-thread-4/INFO] (Minecraft) [STDOUT]: Path goes for 5.0990195135927845 blocks
[03:17:50] [main/INFO] (Minecraft) [CHAT] §2§l§o[TenorClef] §rT2 [HIST] 15:10.9 SNAP ph=NETHER @-107,56,-131 sky=0 wet=false ground=true pick=1 buck=2 iron=0 ore=4 rods=0 pearls=0 eyes=0 child=CollectBlazeRodsTask dbg=<Collect blaze rods - 0/6: [[blaze_rod] x 6]> Going to blaze spawner mobs=none
[03:17:51] [main/INFO] (Minecraft) [CHAT] §2§l§o[TenorClef] §rT2 [NOW] t=15:11.7 ph=NETHER @-108,56,-133 do=<Collect blaze rods - 0/6: [[blaze_rod] x 6]> Going to blaze spawner eq=iron_pickaxe woodpick=1 stonepick=1 pick=1 iron=0 buck=1
[03:17:52] [main/INFO] (Minecraft) [CHAT] §2§l§o[TenorClef] §rT2 [NOW] t=15:12.7 ph=NETHER @-110,57,-135 do=<Collect blaze rods - 0/6: [[blaze_rod] x 6]> Going to blaze spawner eq=iron_pickaxe woodpick=1 stonepick=1 pick=1 iron=0 buck=1
[03:17:53] [main/INFO] (Minecraft) [CHAT] §2§l§o[TenorClef] §rT2 [HIST] 15:13.4 SNAP ph=NETHER @-110,57,-135 sky=0 wet=false ground=true pick=1 buck=2 iron=0 ore=4 rods=0 pearls=0 eyes=0 child=CollectBlazeRodsTask dbg=<Collect blaze rods - 0/6: [[blaze_rod] x 6]> Going to blaze spawner mobs=none
[03:17:53] [main/INFO] (Minecraft) [CHAT] §2§l§o[TenorClef] §rT2 [NOW] t=15:13.7 ph=NETHER @-110,57,-135 do=<Collect blaze rods - 0/6: [[blaze_rod] x 6]> Going to blaze spawner eq=iron_pickaxe woodpick=1 stonepick=1 pick=1 iron=0 buck=1
[03:17:53] [main/INFO] (Minecraft) [CHAT] §2§l§o[TenorClef] §rT2 [HB] t=15:13.9 ph=NETHER y=57 child=CollectBlazeRodsTask logs=0 pick=1 woodpick=1
[03:17:54] [main/INFO] (Minecraft) [CHAT] §2§l§o[TenorClef] §rT2 [NOW] t=15:14.7 ph=NETHER @-110,57,-135 do=<Collect blaze rods - 0/6: [[blaze_rod] x 6]> Going to blaze spawner eq=iron_pickaxe woodpick=1 stonepick=1 pick=1 iron=0 buck=1
[03:17:54] [pool-5-thread-4/INFO] (Minecraft) [STDOUT]: 4974464 movements considered
[03:17:54] [pool-5-thread-4/INFO] (Minecraft) [STDOUT]: Open set size: 31164
[03:17:54] [pool-5-thread-4/INFO] (Minecraft) [STDOUT]: PathNode map size: 257274
[03:17:54] [pool-5-thread-4/INFO] (Minecraft) [STDOUT]: 56528 nodes per second
[03:17:54] [pool-5-thread-4/INFO] (Minecraft) [STDOUT]: Path goes for 30.14962686336267 blocks
[03:17:55] [main/INFO] (Minecraft) [CHAT] §2§l§o[TenorClef] §rT2 [NOW] t=15:15.7 ph=NETHER @-111,57,-137 do=<Collect blaze rods - 0/6: [[blaze_rod] x 6]> Going to blaze spawner eq=iron_pickaxe woodpick=1 stonepick=1 pick=1 iron=0 buck=1
[03:17:55] [main/INFO] (Minecraft) [CHAT] §2§l§o[TenorClef] §rT2 [HIST] 15:15.9 SNAP ph=NETHER @-111,57,-138 sky=0 wet=false ground=true pick=1 buck=2 iron=0 ore=4 rods=0 pearls=0 eyes=0 child=CollectBlazeRodsTask dbg=<Collect blaze rods - 0/6: [[blaze_rod] x 6]> Going to blaze spawner mobs=none
[03:17:56] [main/INFO] (Minecraft) [CHAT] §2§l§o[TenorClef] §rT2 [NOW] t=15:16.7 ph=NETHER @-113,57,-140 do=<Collect blaze rods - 0/6: [[blaze_rod] x 6]> Going to blaze spawner eq=iron_pickaxe woodpick=1 stonepick=1 pick=1 iron=0 buck=1
[03:17:56] [main/INFO] (Minecraft) [STDOUT]: ALTO CLEF: WARNING: T2 [S194] dig-down in progress y=56 child=CollectBlazeRodsTask - pillar/jump nudges stand aside
[03:17:56] [main/INFO] (Minecraft) [CHAT] §2§l§o[TenorClef] §cT2 [S194] dig-down in progress y=56 child=CollectBlazeRodsTask - pillar/jump nudges stand aside§r
[03:17:56] [main/INFO] (Minecraft) [CHAT] §2§l§o[TenorClef] §rT2 [HIST] 15:17.0 SOLVE S194 dig-down in progress y=56 child=CollectBlazeRodsTask - pillar/jump nudges stand aside
[03:17:56] [main/INFO] (Minecraft) [STDOUT]: ALTO CLEF: WARNING: T2 [S152] onStop interrupt=null dead=false ph=NETHER y=56.8 -> session preserved
[03:17:56] [main/INFO] (Minecraft) [CHAT] §2§l§o[TenorClef] §cT2 [S152] onStop interrupt=null dead=false ph=NETHER y=56.8 -> session preserved§r
[03:17:59] [T2Deadman/INFO] (Minecraft) [STDOUT]: TENORCLEF: DEADMAN: client tick running 3s — client thread stack, innermost first:
    at knot//net.minecraft.client.font.TextVisitFactory.visitRegularCharacter(TextVisitFactory.java:23)
    at knot//net.minecraft.client.font.TextVisitFactory.visitFormatted(TextVisitFactory.java:126)
    at knot//net.minecraft.client.font.TextVisitFactory.visitFormatted(TextVisitFactory.java:90)
    at knot//net.minecraft.client.font.TextVisitFactory.visitFormatted(TextVisitFactory.java:86)
    at knot//net.minecraft.client.font.TextHandler.getWidth(TextHandler.java:33)
    at knot//net.minecraft.client.font.TextRenderer.getWidth(TextRenderer.java:313)
    at knot//net.minecraft.client.render.item.ItemRenderer.renderGuiItemOverlay(ItemRenderer.java:357)
    at knot//net.minecraft.client.render.item.ItemRenderer.renderGuiItemOverlay(ItemRenderer.java:341)
    at knot//net.minecraft.client.gui.hud.InGameHud.renderHotbarItem(InGameHud.java:1122)
    at knot//net.minecraft.client.gui.hud.InGameHud.renderHotbar(InGameHud.java:553)
    at knot//net.minecraft.client.gui.hud.InGameHud.render(InGameHud.java:193)
    at knot//net.minecraft.client.render.GameRenderer.render(GameRenderer.java:584)
    at knot//net.minecraft.client.MinecraftClient.render(MinecraftClient.java:1021)
    at knot//net.minecraft.client.MinecraftClient.run(MinecraftClient.java:654)
    at knot//net.minecraft.client.main.Main.main(Main.java:215)
    at net.fabricmc.loader.impl.game.minecraft.MinecraftGameProvider.launch(MinecraftGameProvider.java:480)
    at net.fabricmc.loader.impl.launch.knot.Knot.launch(Knot.java:74)
    at net.fabricmc.loader.impl.launch.knot.KnotClient.main(KnotClient.java:23)
    at net.fabricmc.devlaunchinjector.Main.main(Main.java:86)
[03:17:59] [T2Deadman/INFO] (Minecraft) [STDOUT]: TENORCLEF: HARNESS: DEADMAN: client tick running 3s — client thread stack, innermost first:
    at knot//net.minecraft.client.font.TextVisitFactory.visitRegularCharacter(TextVisitFactory.java:23)
    at knot//net.minecraft.client.font.TextVisitFactory.visitFormatted(TextVisitFactory.java:126)
    at knot//net.minecraft.client.font.TextVisitFactory.visitFormatted(TextVisitFactory.java:90)
    at knot//net.minecraft.client.font.TextVisitFactory.visitFormatted(TextVisitFactory.java:86)
    at knot//net.minecraft.client.font.TextHandler.getWidth(TextHandler.java:33)
    at knot//net.minecraft.client.font.TextRenderer.getWidth(TextRenderer.java:313)
    at knot//net.minecraft.client.render.item.ItemRenderer.renderGuiItemOverlay(ItemRenderer.java:357)
    at knot//net.minecraft.client.render.item.ItemRenderer.renderGuiItemOverlay(ItemRenderer.java:341)
    at knot//net.minecraft.client.gui.hud.InGameHud.renderHotbarItem(InGameHud.java:1122)
    at knot//net.minecraft.client.gui.hud.InGameHud.renderHotbar(InGameHud.java:553)
    at knot//net.minecraft.client.gui.hud.InGameHud.render(InGameHud.java:193)
    at knot//net.minecraft.client.render.GameRenderer.render(GameRenderer.java:584)
    at knot//net.minecraft.client.MinecraftClient.render(MinecraftClient.java:1021)
    at knot//net.minecraft.client.MinecraftClient.run(MinecraftClient.java:654)
    at knot//net.minecraft.client.main.Main.main(Main.java:215)
    at net.fabricmc.loader.impl.game.minecraft.MinecraftGameProvider.launch(MinecraftGameProvider.java:480)
    at net.fabricmc.loader.impl.launch.knot.Knot.launch(Knot.java:74)
    at net.fabricmc.loader.impl.launch.knot.KnotClient.main(KnotClient.java:23)
    at net.fabricmc.devlaunchinjector.Main.main(Main.java:86)
[03:17:59] [T2Deadman/INFO] (Minecraft) [STDOUT]: ALTO CLEF: WARNING: T2 [S181] DEADMAN: client tick running 3s — client thread stack, innermost first:
    at knot//net.minecraft.client.font.TextVisitFactory.visitRegularCharacter(TextVisitFactory.java:23)
    at knot//net.minecraft.client.font.TextVisitFactory.visitFormatted(TextVisitFactory.java:126)
    at knot//net.minecraft.client.font.TextVisitFactory.visitFormatted(TextVisitFactory.java:90)
    at knot//net.minecraft.client.font.TextVisitFactory.visitFormatted(TextVisitFactory.java:86)
    at knot//net.minecraft.client.font.TextHandler.getWidth(TextHandler.java:33)
    at knot//net.minecraft.client.font.TextRenderer.getWidth(TextRenderer.java:313)
    at knot//net.minecraft.client.render.item.ItemRenderer.renderGuiItemOverlay(ItemRenderer.java:357)
    at knot//net.minecraft.client.render.item.ItemRenderer.renderGuiItemOverlay(ItemRenderer.java:341)
    at knot//net.minecraft.client.gui.hud.InGameHud.renderHotbarItem(InGameHud.java:1122)
    at knot//net.minecraft.client.gui.hud.InGameHud.renderHotbar(InGameHud.java:553)
    at knot//net.minecraft.client.gui.hud.InGameHud.render(InGameHud.java:193)
    at knot//net.minecraft.client.render.GameRenderer.render(GameRenderer.java:584)
    at knot//net.minecraft.client.MinecraftClient.render(MinecraftClient.java:1021)
    at knot//net.minecraft.client.MinecraftClient.run(MinecraftClient.java:654)
    at knot//net.minecraft.client.main.Main.main(Main.java:215)
    at net.fabricmc.loader.impl.game.minecraft.MinecraftGameProvider.launch(MinecraftGameProvider.java:480)
    at net.fabricmc.loader.impl.launch.knot.Knot.launch(Knot.java:74)
    at net.fabricmc.loader.impl.launch.knot.KnotClient.main(KnotClient.java:23)
    at net.fabricmc.devlaunchinjector.Main.main(Main.java:86)
[03:17:59] [T2Deadman/INFO] (Minecraft) [CHAT] §2§l§o[TenorClef] §cT2 [S181] DEADMAN: client tick running 3s — client thread stack, innermost first:\n    at knot//net.minecraft.client.font.TextVisitFactory.visitRegularCharacter(TextVisitFactory.java:23)\n    at knot//net.minecraft.client.font.TextVisitFactory.visitFormatted(TextVisitFactory.java:126)\n    at knot//net.minecraft.client.font.TextVisitFactory.visitFormatted(TextVisitFactory.java:90)\n    at knot//net.minecraft.client.font.TextVisitFactory.visitFormatted(TextVisitFactory.java:86)\n    at knot//net.minecraft.client.font.TextHandler.getWidth(TextHandler.java:33)\n    at knot//net.minecraft.client.font.TextRenderer.getWidth(TextRenderer.java:313)\n    at knot//net.minecraft.client.render.item.ItemRenderer.renderGuiItemOverlay(ItemRenderer.java:357)\n    at knot//net.minecraft.client.render.item.ItemRenderer.renderGuiItemOverlay(ItemRenderer.java:341)\n    at knot//net.minecraft.client.gui.hud.InGameHud.renderHotbarItem(InGameHud.java:1122)\n    at knot//net.minecraft.client.gui.hud.InGameHud.renderHotbar(InGameHud.java:553)\n    at knot//net.minecraft.client.gui.hud.InGameHud.render(InGameHud.java:193)\n    at knot//net.minecraft.client.render.GameRenderer.render(GameRenderer.java:584)\n    at knot//net.minecraft.client.MinecraftClient.render(MinecraftClient.java:1021)\n    at knot//net.minecraft.client.MinecraftClient.run(MinecraftClient.java:654)\n    at knot//net.minecraft.client.main.Main.main(Main.java:215)\n    at net.fabricmc.loader.impl.game.minecraft.MinecraftGameProvider.launch(MinecraftGameProvider.java:480)\n    at net.fabricmc.loader.impl.launch.knot.Knot.launch(Knot.java:74)\n    at net.fabricmc.loader.impl.launch.knot.KnotClient.main(KnotClient.java:23)\n    at net.fabricmc.devlaunchinjector.Main.main(Main.java:86)§r
[03:17:59] [T2Deadman/INFO] (Minecraft) [CHAT] §2§l§o[TenorClef] §rT2 [HIST] 15:20.1 FORCE S181 DEADMAN: client tick running 3s — client thread stack, innermost first:\n    at knot//net.minecraft.client.font.TextVisitFactory.visitRegularCharacter(TextVisitFactory.java:23)\n    at knot//net.minecraft.client.font.TextVisitFactory.visitFormatted(TextVisitFactory.java:126)\n    at knot//net.minecraft.client.font.TextVisitFactory.visitFormatted(TextVisitFactory.java:90)\n    at knot//net.minecraft.client.font.TextVisitFactory.visitFormatted(TextVisitFactory.java:86)\n    at knot//net.minecraft.client.font.TextHandler.getWidth(TextHandler.java:33)\n    at knot//net.minecraft.client.font.TextRenderer.getWidth(TextRenderer.java:313)\n    at knot//net.minecraft.client.render.item.ItemRenderer.renderGuiItemOverlay(ItemRenderer.java:357)\n    at knot//net.minecraft.client.render.item.ItemRenderer.renderGuiItemOverlay(ItemRenderer.java:341)\n    at knot//net.minecraft.client.gui.hud.InGameHud.renderHotbarItem(InGameHud.java:1122)\n    at knot//net.minecraft.client.gui.hud.InGameHud.renderHotbar(InGameHud.java:553)\n    at knot//net.minecraft.client.gui.hud.InGameHud.render(InGameHud.java:193)\n    at knot//net.minecraft.client.render.GameRenderer.render(GameRenderer.java:584)\n    at knot//net.minecraft.client.MinecraftClient.render(MinecraftClient.java:1021)\n    at knot//net.minecraft.client.MinecraftClient.run(MinecraftClient.java:654)\n    at knot//net.minecraft.client.main.Main.main(Main.java:215)\n    at net.fabricmc.loader.impl.game.minecraft.MinecraftGameProvider.launch(MinecraftGameProvider.java:480)\n    at net.fabricmc.loader.impl.launch.knot.Knot.launch(Knot.java:74)\n    at net.fabricmc.loader.impl.launch.knot.KnotClient.main(KnotClient.java:23)\n    at net.fabricmc.devlaunchinjector.Main.main(Main.java:86)
[03:18:01] [main/INFO] (Minecraft) [STDOUT]: ALTO CLEF: WARNING: T2 [E80] parent onStart ignored, still ph=NETHER t=15:21.8
[03:18:01] [main/INFO] (Minecraft) [CHAT] §2§l§o[TenorClef] §cT2 [E80] parent onStart ignored, still ph=NETHER t=15:21.8§r
[03:18:01] [main/INFO] (Minecraft) [CHAT] §2§l§o[TenorClef] §rT2 [HIST] 15:21.8 onStart swallowed — keep NETHER
[03:18:01] [main/INFO] (Minecraft) [STDOUT]: ALTO CLEF: WARNING: T2 [S175] slow client tick 4792ms — NETHER @-107,56,-131 child=CollectBlazeRodsTask
[03:18:01] [main/INFO] (Minecraft) [CHAT] §2§l§o[TenorClef] §cT2 [S175] slow client tick 4792ms — NETHER @-107,56,-131 child=CollectBlazeRodsTask§r
[03:18:01] [main/INFO] (Minecraft) [CHAT] §2§l§o[TenorClef] §rRefreshed inventory...
[03:18:01] [pool-5-thread-4/INFO] (Minecraft) [STDOUT]: 739200 movements considered
[03:18:01] [pool-5-thread-4/INFO] (Minecraft) [STDOUT]: Open set size: 9572
[03:18:01] [pool-5-thread-4/INFO] (Minecraft) [STDOUT]: PathNode map size: 43172
[03:18:01] [pool-5-thread-4/INFO] (Minecraft) [STDOUT]: 67200 nodes per second
[03:18:01] [pool-5-thread-4/INFO] (Minecraft) [STDOUT]: Path goes for 5.0990195135927845 blocks
[03:18:02] [main/INFO] (Minecraft) [CHAT] §2§l§o[TenorClef] §rT2 [NOW] t=15:22.5 ph=NETHER @-107,56,-131 do=<Collect blaze rods - 0/6: [[blaze_rod] x 6]> Going to blaze spawner eq=iron_pickaxe woodpick=1 stonepick=1 pick=1 iron=0 buck=1
[03:18:02] [main/INFO] (Minecraft) [CHAT] §2§l§o[TenorClef] §rT2 [HIST] 15:23.2 SNAP ph=NETHER @-108,56,-133 sky=0 wet=false ground=true pick=1 buck=2 iron=0 ore=4 rods=0 pearls=0 eyes=0 child=CollectBlazeRodsTask dbg=<Collect blaze rods - 0/6: [[blaze_rod] x 6]> Going to blaze spawner mobs=none
[03:18:03] [main/INFO] (Minecraft) [CHAT] §2§l§o[TenorClef] §rT2 [NOW] t=15:23.5 ph=NETHER @-108,56,-134 do=<Collect blaze rods - 0/6: [[blaze_rod] x 6]> Going to blaze spawner eq=iron_pickaxe woodpick=1 stonepick=1 pick=1 iron=0 buck=1
[03:18:03] [main/INFO] (Minecraft) [CHAT] §2§l§o[TenorClef] §rT2 [HB] t=15:23.6 ph=NETHER y=56 child=CollectBlazeRodsTask logs=0 pick=1 woodpick=1
[03:18:04] [main/INFO] (Minecraft) [CHAT] §2§l§o[TenorClef] §rT2 [NOW] t=15:24.5 ph=NETHER @-110,57,-135 do=<Collect blaze rods - 0/6: [[blaze_rod] x 6]> Going to blaze spawner eq=iron_pickaxe woodpick=1 stonepick=1 pick=1 iron=0 buck=1
[03:18:05] [main/INFO] (Minecraft) [CHAT] §2§l§o[TenorClef] §rT2 [NOW] t=15:25.5 ph=NETHER @-110,57,-135 do=<Collect blaze rods - 0/6: [[blaze_rod] x 6]> Going to blaze spawner eq=iron_pickaxe woodpick=1 stonepick=1 pick=1 iron=0 buck=1
[03:18:05] [main/INFO] (Minecraft) [CHAT] §2§l§o[TenorClef] §rT2 [HIST] 15:25.7 SNAP ph=NETHER @-110,57,-135 sky=0 wet=false ground=true pick=1 buck=2 iron=0 ore=4 rods=0 pearls=0 eyes=0 child=CollectBlazeRodsTask dbg=<Collect blaze rods - 0/6: [[blaze_rod] x 6]> Going to blaze spawner mobs=none
[03:18:06] [pool-5-thread-4/INFO] (Minecraft) [STDOUT]: 4809728 movements considered
[03:18:06] [pool-5-thread-4/INFO] (Minecraft) [STDOUT]: Open set size: 30538
[03:18:06] [pool-5-thread-4/INFO] (Minecraft) [STDOUT]: PathNode map size: 249160
[03:18:06] [pool-5-thread-4/INFO] (Minecraft) [STDOUT]: 54656 nodes per second
[03:18:06] [pool-5-thread-4/INFO] (Minecraft) [STDOUT]: Path goes for 30.14962686336267 blocks
[03:18:06] [main/INFO] (Minecraft) [CHAT] §2§l§o[TenorClef] §rT2 [NOW] t=15:26.5 ph=NETHER @-110,57,-135 do=<Collect blaze rods - 0/6: [[blaze_rod] x 6]> Going to blaze spawner eq=iron_pickaxe woodpick=1 stonepick=1 pick=1 iron=0 buck=1
[03:18:07] [main/INFO] (Minecraft) [CHAT] §2§l§o[TenorClef] §rT2 [NOW] t=15:27.5 ph=NETHER @-111,57,-138 do=<Collect blaze rods - 0/6: [[blaze_rod] x 6]> Going to blaze spawner eq=iron_pickaxe woodpick=1 stonepick=1 pick=1 iron=0 buck=1
[03:18:07] [main/INFO] (Minecraft) [CHAT] §2§l§o[TenorClef] §rT2 [HIST] 15:28.2 SNAP ph=NETHER @-112,57,-140 sky=0 wet=false ground=true pick=1 buck=2 iron=0 ore=4 rods=0 pearls=0 eyes=0 child=CollectBlazeRodsTask dbg=<Collect blaze rods - 0/6: [[blaze_rod] x 6]> Going to blaze spawner mobs=none
[03:18:08] [main/INFO] (Minecraft) [CHAT] §2§l§o[TenorClef] §rT2 [NOW] t=15:28.5 ph=NETHER @-113,57,-141 do=<Collect blaze rods - 0/6: [[blaze_rod] x 6]> Going to blaze spawner eq=iron_pickaxe woodpick=1 stonepick=1 pick=1 iron=0 buck=1
[03:18:08] [main/INFO] (Minecraft) [STDOUT]: ALTO CLEF: WARNING: T2 [S194] dig-down in progress y=56 child=CollectBlazeRodsTask - pillar/jump nudges stand aside
[03:18:08] [main/INFO] (Minecraft) [CHAT] §2§l§o[TenorClef] §cT2 [S194] dig-down in progress y=56 child=CollectBlazeRodsTask - pillar/jump nudges stand aside§r
[03:18:08] [main/INFO] (Minecraft) [CHAT] §2§l§o[TenorClef] §rT2 [HIST] 15:28.5 SOLVE S194 dig-down in progress y=56 child=CollectBlazeRodsTask - pillar/jump nudges stand aside
[03:18:08] [main/INFO] (Minecraft) [STDOUT]: ALTO CLEF: WARNING: T2 [S152] onStop interrupt=null dead=false ph=NETHER y=56.8 -> session preserved
[03:18:08] [main/INFO] (Minecraft) [CHAT] §2§l§o[TenorClef] §cT2 [S152] onStop interrupt=null dead=false ph=NETHER y=56.8 -> session preserved§r
[03:18:11] [T2Deadman/INFO] (Minecraft) [STDOUT]: TENORCLEF: DEADMAN: client tick running 3s — client thread stack, innermost first:
    at knot//org.lwjgl.opengl.GL11.glPushMatrix(Native Method)
    at knot//com.mojang.blaze3d.platform.GlStateManager.pushMatrix(GlStateManager.java:1357)
    at knot//com.mojang.blaze3d.systems.RenderSystem.pushMatrix(RenderSystem.java:826)
    at knot//net.minecraft.client.gl.VertexBuffer.draw(VertexBuffer.java:57)
    at knot//net.minecraft.client.render.WorldRenderer.renderLayer(WorldRenderer.java:1494)
    at knot//net.minecraft.client.render.WorldRenderer.render(WorldRenderer.java:1129)
    at knot//net.minecraft.client.render.GameRenderer.renderWorld(GameRenderer.java:717)
    at knot//net.minecraft.client.render.GameRenderer.render(GameRenderer.java:540)
    at knot//net.minecraft.client.MinecraftClient.render(MinecraftClient.java:1021)
    at knot//net.minecraft.client.MinecraftClient.run(MinecraftClient.java:654)
    at knot//net.minecraft.client.main.Main.main(Main.java:215)
    at net.fabricmc.loader.impl.game.minecraft.MinecraftGameProvider.launch(MinecraftGameProvider.java:480)
    at net.fabricmc.loader.impl.launch.knot.Knot.launch(Knot.java:74)
    at net.fabricmc.loader.impl.launch.knot.KnotClient.main(KnotClient.java:23)
    at net.fabricmc.devlaunchinjector.Main.main(Main.java:86)
[03:18:11] [T2Deadman/INFO] (Minecraft) [STDOUT]: TENORCLEF: HARNESS: DEADMAN: client tick running 3s — client thread stack, innermost first:
    at knot//org.lwjgl.opengl.GL11.glPushMatrix(Native Method)
    at knot//com.mojang.blaze3d.platform.GlStateManager.pushMatrix(GlStateManager.java:1357)
    at knot//com.mojang.blaze3d.systems.RenderSystem.pushMatrix(RenderSystem.java:826)
    at knot//net.minecraft.client.gl.VertexBuffer.draw(VertexBuffer.java:57)
    at knot//net.minecraft.client.render.WorldRenderer.renderLayer(WorldRenderer.java:1494)
    at knot//net.minecraft.client.render.WorldRenderer.render(WorldRenderer.java:1129)
    at knot//net.minecraft.client.render.GameRenderer.renderWorld(GameRenderer.java:717)
    at knot//net.minecraft.client.render.GameRenderer.render(GameRenderer.java:540)
    at knot//net.minecraft.client.MinecraftClient.render(MinecraftClient.java:1021)
    at knot//net.minecraft.client.MinecraftClient.run(MinecraftClient.java:654)
    at knot//net.minecraft.client.main.Main.main(Main.java:215)
    at net.fabricmc.loader.impl.game.minecraft.MinecraftGameProvider.launch(MinecraftGameProvider.java:480)
    at net.fabricmc.loader.impl.launch.knot.Knot.launch(Knot.java:74)
    at net.fabricmc.loader.impl.launch.knot.KnotClient.main(KnotClient.java:23)
    at net.fabricmc.devlaunchinjector.Main.main(Main.java:86)
[03:18:11] [T2Deadman/INFO] (Minecraft) [STDOUT]: ALTO CLEF: WARNING: T2 [S181] DEADMAN: client tick running 3s — client thread stack, innermost first:
    at knot//org.lwjgl.opengl.GL11.glPushMatrix(Native Method)
    at knot//com.mojang.blaze3d.platform.GlStateManager.pushMatrix(GlStateManager.java:1357)
    at knot//com.mojang.blaze3d.systems.RenderSystem.pushMatrix(RenderSystem.java:826)
    at knot//net.minecraft.client.gl.VertexBuffer.draw(VertexBuffer.java:57)
    at knot//net.minecraft.client.render.WorldRenderer.renderLayer(WorldRenderer.java:1494)
    at knot//net.minecraft.client.render.WorldRenderer.render(WorldRenderer.java:1129)
    at knot//net.minecraft.client.render.GameRenderer.renderWorld(GameRenderer.java:717)
    at knot//net.minecraft.client.render.GameRenderer.render(GameRenderer.java:540)
    at knot//net.minecraft.client.MinecraftClient.render(MinecraftClient.java:1021)
    at knot//net.minecraft.client.MinecraftClient.run(MinecraftClient.java:654)
    at knot//net.minecraft.client.main.Main.main(Main.java:215)
    at net.fabricmc.loader.impl.game.minecraft.MinecraftGameProvider.launch(MinecraftGameProvider.java:480)
    at net.fabricmc.loader.impl.launch.knot.Knot.launch(Knot.java:74)
    at net.fabricmc.loader.impl.launch.knot.KnotClient.main(KnotClient.java:23)
    at net.fabricmc.devlaunchinjector.Main.main(Main.java:86)
[03:18:11] [T2Deadman/INFO] (Minecraft) [CHAT] §2§l§o[TenorClef] §cT2 [S181] DEADMAN: client tick running 3s — client thread stack, innermost first:\n    at knot//org.lwjgl.opengl.GL11.glPushMatrix(Native Method)\n    at knot//com.mojang.blaze3d.platform.GlStateManager.pushMatrix(GlStateManager.java:1357)\n    at knot//com.mojang.blaze3d.systems.RenderSystem.pushMatrix(RenderSystem.java:826)\n    at knot//net.minecraft.client.gl.VertexBuffer.draw(VertexBuffer.java:57)\n    at knot//net.minecraft.client.render.WorldRenderer.renderLayer(WorldRenderer.java:1494)\n    at knot//net.minecraft.client.render.WorldRenderer.render(WorldRenderer.java:1129)\n    at knot//net.minecraft.client.render.GameRenderer.renderWorld(GameRenderer.java:717)\n    at knot//net.minecraft.client.render.GameRenderer.render(GameRenderer.java:540)\n    at knot//net.minecraft.client.MinecraftClient.render(MinecraftClient.java:1021)\n    at knot//net.minecraft.client.MinecraftClient.run(MinecraftClient.java:654)\n    at knot//net.minecraft.client.main.Main.main(Main.java:215)\n    at net.fabricmc.loader.impl.game.minecraft.MinecraftGameProvider.launch(MinecraftGameProvider.java:480)\n    at net.fabricmc.loader.impl.launch.knot.Knot.launch(Knot.java:74)\n    at net.fabricmc.loader.impl.launch.knot.KnotClient.main(KnotClient.java:23)\n    at net.fabricmc.devlaunchinjector.Main.main(Main.java:86)§r
[03:18:11] [T2Deadman/INFO] (Minecraft) [CHAT] §2§l§o[TenorClef] §rT2 [HIST] 15:31.6 FORCE S181 DEADMAN: client tick running 3s — client thread stack, innermost first:\n    at knot//org.lwjgl.opengl.GL11.glPushMatrix(Native Method)\n    at knot//com.mojang.blaze3d.platform.GlStateManager.pushMatrix(GlStateManager.java:1357)\n    at knot//com.mojang.blaze3d.systems.RenderSystem.pushMatrix(RenderSystem.java:826)\n    at knot//net.minecraft.client.gl.VertexBuffer.draw(VertexBuffer.java:57)\n    at knot//net.minecraft.client.render.WorldRenderer.renderLayer(WorldRenderer.java:1494)\n    at knot//net.minecraft.client.render.WorldRenderer.render(WorldRenderer.java:1129)\n    at knot//net.minecraft.client.render.GameRenderer.renderWorld(GameRenderer.java:717)\n    at knot//net.minecraft.client.render.GameRenderer.render(GameRenderer.java:540)\n    at knot//net.minecraft.client.MinecraftClient.render(MinecraftClient.java:1021)\n    at knot//net.minecraft.client.MinecraftClient.run(MinecraftClient.java:654)\n    at knot//net.minecraft.client.main.Main.main(Main.java:215)\n    at net.fabricmc.loader.impl.game.minecraft.MinecraftGameProvider.launch(MinecraftGameProvider.java:480)\n    at net.fabricmc.loader.impl.launch.knot.Knot.launch(Knot.java:74)\n    at net.fabricmc.loader.impl.launch.knot.KnotClient.main(KnotClient.java:23)\n    at net.fabricmc.devlaunchinjector.Main.main(Main.java:86)
[03:18:13] [main/INFO] (Minecraft) [STDOUT]: ALTO CLEF: WARNING: T2 [E80] parent onStart ignored, still ph=NETHER t=15:33.3
[03:18:13] [main/INFO] (Minecraft) [CHAT] §2§l§o[TenorClef] §cT2 [E80] parent onStart ignored, still ph=NETHER t=15:33.3§r
[03:18:13] [main/INFO] (Minecraft) [CHAT] §2§l§o[TenorClef] §rT2 [HIST] 15:33.3 onStart swallowed — keep NETHER
[03:18:13] [main/INFO] (Minecraft) [STDOUT]: ALTO CLEF: WARNING: T2 [S175] slow client tick 4803ms — NETHER @-107,56,-131 child=CollectBlazeRodsTask
[03:18:13] [main/INFO] (Minecraft) [CHAT] §2§l§o[TenorClef] §cT2 [S175] slow client tick 4803ms — NETHER @-107,56,-131 child=CollectBlazeRodsTask§r
[03:18:13] [main/INFO] (Minecraft) [CHAT] §2§l§o[TenorClef] §rT2 [HB] t=15:33.4 ph=NETHER y=56 child=CollectBlazeRodsTask logs=0 pick=1 woodpick=1
[03:18:13] [pool-5-thread-4/INFO] (Minecraft) [STDOUT]: 815232 movements considered
[03:18:13] [pool-5-thread-4/INFO] (Minecraft) [STDOUT]: Open set size: 10000
[03:18:13] [pool-5-thread-4/INFO] (Minecraft) [STDOUT]: PathNode map size: 47056
[03:18:13] [pool-5-thread-4/INFO] (Minecraft) [STDOUT]: 74112 nodes per second
[03:18:13] [pool-5-thread-4/INFO] (Minecraft) [STDOUT]: Path goes for 5.0990195135927845 blocks
[03:18:13] [main/INFO] (Minecraft) [CHAT] §2§l§o[TenorClef] §rT2 [NOW] t=15:34.2 ph=NETHER @-107,56,-132 do=<Collect blaze rods - 0/6: [[blaze_rod] x 6]> Going to blaze spawner eq=iron_pickaxe woodpick=1 stonepick=1 pick=1 iron=0 buck=1
[03:18:14] [main/INFO] (Minecraft) [CHAT] §2§l§o[TenorClef] §rT2 [NOW] t=15:35.2 ph=NETHER @-109,56,-135 do=<Collect blaze rods - 0/6: [[blaze_rod] x 6]> Going to blaze spawner eq=iron_pickaxe woodpick=1 stonepick=1 pick=1 iron=0 buck=1
[03:18:15] [main/INFO] (Minecraft) [CHAT] §2§l§o[TenorClef] §rT2 [HIST] 15:35.4 SNAP ph=NETHER @-109,57,-135 sky=0 wet=false ground=false pick=1 buck=2 iron=0 ore=4 rods=0 pearls=0 eyes=0 child=CollectBlazeRodsTask dbg=<Collect blaze rods - 0/6: [[blaze_rod] x 6]> Going to blaze spawner mobs=none
[03:18:15] [main/INFO] (Minecraft) [CHAT] §2§l§o[TenorClef] §rT2 [NOW] t=15:36.2 ph=NETHER @-110,57,-135 do=<Collect blaze rods - 0/6: [[blaze_rod] x 6]> Going to blaze spawner eq=iron_pickaxe woodpick=1 stonepick=1 pick=1 iron=0 buck=1
[03:18:16] [main/INFO] (Minecraft) [CHAT] §2§l§o[TenorClef] §rT2 [NOW] t=15:37.2 ph=NETHER @-110,57,-135 do=<Collect blaze rods - 0/6: [[blaze_rod] x 6]> Going to blaze spawner eq=iron_pickaxe woodpick=1 stonepick=1 pick=1 iron=0 buck=1
