To honour the JVM settings for this build a single-use Daemon process will be forked. For more on this, please refer to https://docs.gradle.org/9.4.1/userguide/gradle_daemon.html#sec:disabling_the_daemon in the Gradle documentation.
Daemon will be stopped at the end of the build 
[tenorclef] gradle.properties.local sets org.gradle.java.home — Gradle selects the daemon JDK from JAVA_HOME or ~/.gradle/gradle.properties; export JAVA_HOME="C:/Program Files/Eclipse Adoptium/jdk-21.0.12.101-hotspot" if this pin is required.
[tenorclef] Loaded 4 entries from gradle.properties.local

> Configure project :1.16.1
Fabric Loom: 1.15.5

> Configure project :1.21.1
Fabric Loom: 1.15.5
[altoclef] Tungsten jars for 1.21.1: [tungsten-fabric-ALPHA-1.6.0-1.21compat-SNAPSHOT.jar]
Build file 'C:\Users\redfa\Documents\MinecraftDev\altoclef\build.gradle': line 335
Properties should be assigned using the 'propName = value' syntax. Setting a property via the Gradle-generated 'propName value' or 'propName(value)' syntax in Groovy DSL has been deprecated. This is scheduled to be removed in Gradle 10. Use assignment ('duplicatesStrategy = <value>') instead. Consult the upgrading guide for further information: https://docs.gradle.org/9.4.1/userguide/upgrading_version_8.html#groovy_space_assignment_syntax
	at build_dsk7s0l5lw6a69ogktr7fgsy9$_run_closure13$_closure39.doCall$original(C:\Users\redfa\Documents\MinecraftDev\altoclef\build.gradle:335)
	(Run with --stacktrace to get the full stack trace of this deprecation warning.)
	at build_dsk7s0l5lw6a69ogktr7fgsy9$_run_closure13.doCall$original(C:\Users\redfa\Documents\MinecraftDev\altoclef\build.gradle:334)
	(Run with --stacktrace to get the full stack trace of this deprecation warning.)
Not publishing sources jar as it was not created by the java plugin. Use java.withSourcesJar() to fix.

> Configure project :1.16.5
Fabric Loom: 1.15.5

> Configure project :1.21
Fabric Loom: 1.15.5
[altoclef] Tungsten jars for 1.21: [tungsten-fabric-ALPHA-1.6.0-1.21compat-SNAPSHOT.jar]
Not publishing sources jar as it was not created by the java plugin. Use java.withSourcesJar() to fix.

> Configure project :1.17.1
Fabric Loom: 1.15.5

> Configure project :1.20.6
Fabric Loom: 1.15.5
Not publishing sources jar as it was not created by the java plugin. Use java.withSourcesJar() to fix.

> Configure project :1.18
Fabric Loom: 1.15.5

> Configure project :1.20.5
Fabric Loom: 1.15.5
Not publishing sources jar as it was not created by the java plugin. Use java.withSourcesJar() to fix.

> Configure project :1.18.2
Fabric Loom: 1.15.5

> Configure project :1.20.4
Fabric Loom: 1.15.5
Not publishing sources jar as it was not created by the java plugin. Use java.withSourcesJar() to fix.

> Configure project :1.19.4
Fabric Loom: 1.15.5

> Configure project :1.20.2
Fabric Loom: 1.15.5
Not publishing sources jar as it was not created by the java plugin. Use java.withSourcesJar() to fix.

> Configure project :1.20.1
Fabric Loom: 1.15.5
Not publishing sources jar as it was not created by the java plugin. Use java.withSourcesJar() to fix.

> Configure project :1.19.4
Not publishing sources jar as it was not created by the java plugin. Use java.withSourcesJar() to fix.

> Configure project :1.18.2
Not publishing sources jar as it was not created by the java plugin. Use java.withSourcesJar() to fix.

> Configure project :1.18
Not publishing sources jar as it was not created by the java plugin. Use java.withSourcesJar() to fix.

> Configure project :1.17.1
Not publishing sources jar as it was not created by the java plugin. Use java.withSourcesJar() to fix.

> Configure project :1.16.5
Not publishing sources jar as it was not created by the java plugin. Use java.withSourcesJar() to fix.

> Configure project :1.16.1
[altoclef] Ostinato Baritone for 1.16.1: baritone-unoptimized-fabric-1.16.1.jar
[altoclef] Tungsten jars for 1.16.1: [tungsten-fabric-ALPHA-1.6.0-1.16.1-SNAPSHOT.jar]
Not publishing sources jar as it was not created by the java plugin. Use java.withSourcesJar() to fix.

> Configure project :1.21.11
Fabric Loom: 1.15.5
[altoclef] Ostinato Baritone for 1.21.11: baritone-unoptimized-fabric-1.17.0-7-g9bb1b309-dirty.jar
[altoclef] Tungsten jars for 1.21.11: [tungsten-fabric-ALPHA-1.6.0-1.21compat-SNAPSHOT.jar]
Not publishing sources jar as it was not created by the java plugin. Use java.withSourcesJar() to fix.

> Task :1.16.1:prepareDestMappingsForPreprocessor UP-TO-DATE
> Task :1.16.1:prepareSourceMappingsForPreprocessor UP-TO-DATE
> Task :1.16.5:prepareDestMappingsForPreprocessor UP-TO-DATE
> Task :1.16.5:prepareSourceMappingsForPreprocessor UP-TO-DATE
> Task :1.17.1:prepareDestMappingsForPreprocessor UP-TO-DATE
> Task :1.17.1:prepareSourceMappingsForPreprocessor UP-TO-DATE
> Task :1.18:prepareDestMappingsForPreprocessor UP-TO-DATE
> Task :1.18:prepareSourceMappingsForPreprocessor UP-TO-DATE
> Task :1.18.2:prepareDestMappingsForPreprocessor UP-TO-DATE
> Task :1.18.2:prepareSourceMappingsForPreprocessor UP-TO-DATE
> Task :1.19.4:prepareDestMappingsForPreprocessor UP-TO-DATE
> Task :1.19.4:prepareSourceMappingsForPreprocessor UP-TO-DATE
> Task :1.20.1:prepareDestMappingsForPreprocessor UP-TO-DATE
> Task :1.20.1:prepareSourceMappingsForPreprocessor UP-TO-DATE
> Task :1.20.2:prepareDestMappingsForPreprocessor UP-TO-DATE
> Task :1.20.2:prepareSourceMappingsForPreprocessor UP-TO-DATE
> Task :1.20.4:prepareDestMappingsForPreprocessor UP-TO-DATE
> Task :1.20.4:prepareSourceMappingsForPreprocessor UP-TO-DATE
> Task :1.20.5:prepareDestMappingsForPreprocessor UP-TO-DATE
> Task :1.20.5:prepareSourceMappingsForPreprocessor UP-TO-DATE
> Task :1.20.6:prepareDestMappingsForPreprocessor UP-TO-DATE
> Task :1.20.6:prepareSourceMappingsForPreprocessor UP-TO-DATE
> Task :1.21:prepareDestMappingsForPreprocessor UP-TO-DATE
> Task :1.21:prepareSourceMappingsForPreprocessor UP-TO-DATE

> Task :1.21:preprocessCode
Invocation of Task.project at execution time has been deprecated. This will fail with an error in Gradle 10. This API is incompatible with the configuration cache, which will become the only mode supported by Gradle in a future release. Consult the upgrading guide for further information: https://docs.gradle.org/9.4.1/userguide/upgrading_version_7.html#task_project
WARN: Failed to initialize native filesystem for Windows
java.lang.UnsatisfiedLinkError: 'IdeaWin64.dll' not found in 'C:\Users\redfa\AppData\Local\Temp\bin' among null
	at org.jetbrains.kotlin.com.intellij.util.loader.NativeLibraryLoader.loadPlatformLibrary(NativeLibraryLoader.java:29)
	at org.jetbrains.kotlin.com.intellij.openapi.util.io.win32.IdeaWin32.<clinit>(IdeaWin32.java:33)
	at org.jetbrains.kotlin.com.intellij.openapi.util.io.FileSystemUtil.getMediator(FileSystemUtil.java:54)
	at org.jetbrains.kotlin.com.intellij.openapi.util.io.FileSystemUtil.<clinit>(FileSystemUtil.java:49)
	at org.jetbrains.kotlin.com.intellij.openapi.vfs.impl.ZipHandler.setFileAttributes(ZipHandler.java:48)
	at org.jetbrains.kotlin.com.intellij.openapi.vfs.impl.ZipHandler$1.createAccessor(ZipHandler.java:30)
	at org.jetbrains.kotlin.com.intellij.openapi.vfs.impl.ZipHandler$1.createAccessor(ZipHandler.java:25)
	at org.jetbrains.kotlin.com.intellij.util.io.FileAccessorCache.createHandle(FileAccessorCache.java:62)
	at org.jetbrains.kotlin.com.intellij.util.io.FileAccessorCache.get(FileAccessorCache.java:55)
	at org.jetbrains.kotlin.com.intellij.openapi.vfs.impl.ZipHandler.getCachedZipFileHandle(ZipHandler.java:70)
	at org.jetbrains.kotlin.com.intellij.openapi.vfs.impl.ZipHandler.acquireZipHandle(ZipHandler.java:117)
	at org.jetbrains.kotlin.com.intellij.openapi.vfs.impl.ZipHandlerBase.createEntriesMap(ZipHandlerBase.java:38)
	at org.jetbrains.kotlin.com.intellij.openapi.vfs.impl.ArchiveHandler.getEntriesMap(ArchiveHandler.java:179)
	at org.jetbrains.kotlin.com.intellij.openapi.vfs.impl.jar.CoreJarHandler.<init>(CoreJarHandler.java:42)
	at org.jetbrains.kotlin.com.intellij.openapi.vfs.impl.jar.CoreJarFileSystem.lambda$new$0(CoreJarFileSystem.java:33)
	at org.jetbrains.kotlin.com.intellij.util.containers.ConcurrentFactoryMap$2.create(ConcurrentFactoryMap.java:174)
	at org.jetbrains.kotlin.com.intellij.util.containers.ConcurrentFactoryMap.get(ConcurrentFactoryMap.java:40)
	at org.jetbrains.kotlin.com.intellij.openapi.vfs.impl.jar.CoreJarFileSystem.findFileByPath(CoreJarFileSystem.java:44)
	at org.jetbrains.kotlin.cli.jvm.compiler.KotlinCoreEnvironment.findJarRoot(KotlinCoreEnvironment.kt:394)
	at org.jetbrains.kotlin.cli.jvm.compiler.KotlinCoreEnvironment.contentRootToVirtualFile(KotlinCoreEnvironment.kt:373)
	at org.jetbrains.kotlin.cli.jvm.compiler.KotlinCoreEnvironment.access$contentRootToVirtualFile(KotlinCoreEnvironment.kt:109)
	at org.jetbrains.kotlin.cli.jvm.compiler.KotlinCoreEnvironment$3.invoke(KotlinCoreEnvironment.kt:213)
	at org.jetbrains.kotlin.cli.jvm.compiler.KotlinCoreEnvironment$3.invoke(KotlinCoreEnvironment.kt:213)
	at org.jetbrains.kotlin.cli.jvm.compiler.ClasspathRootsResolver.convertClasspathRoots(ClasspathRootsResolver.kt:75)
	at org.jetbrains.kotlin.cli.jvm.compiler.KotlinCoreEnvironment.<init>(KotlinCoreEnvironment.kt:221)
	at org.jetbrains.kotlin.cli.jvm.compiler.KotlinCoreEnvironment.<init>(KotlinCoreEnvironment.kt)
	at org.jetbrains.kotlin.cli.jvm.compiler.KotlinCoreEnvironment$Companion.createForProduction(KotlinCoreEnvironment.kt:431)
	at com.replaymod.gradle.remap.Transformer.remap(Transformer.kt:87)
	at com.replaymod.gradle.preprocess.PreprocessTask.preprocess(PreprocessTask.kt:288)
	at java.base/jdk.internal.reflect.DirectMethodHandleAccessor.invoke(DirectMethodHandleAccessor.java:103)
	at java.base/java.lang.reflect.Method.invoke(Method.java:580)
	at org.gradle.internal.reflect.JavaMethod.invoke(JavaMethod.java:125)
	at org.gradle.api.internal.project.taskfactory.StandardTaskAction.doExecute(StandardTaskAction.java:58)
	at org.gradle.api.internal.project.taskfactory.StandardTaskAction.execute(StandardTaskAction.java:51)
	at org.gradle.api.internal.project.taskfactory.StandardTaskAction.execute(StandardTaskAction.java:29)
	at org.gradle.api.internal.tasks.execution.TaskExecution$3.run(TaskExecution.java:259)
	at org.gradle.internal.operations.DefaultBuildOperationRunner$1.execute(DefaultBuildOperationRunner.java:30)
	at org.gradle.internal.operations.DefaultBuildOperationRunner$1.execute(DefaultBuildOperationRunner.java:27)
	at org.gradle.internal.operations.DefaultBuildOperationRunner$2.execute(DefaultBuildOperationRunner.java:67)
	at org.gradle.internal.operations.DefaultBuildOperationRunner$2.execute(DefaultBuildOperationRunner.java:60)
	at org.gradle.internal.operations.DefaultBuildOperationRunner.execute(DefaultBuildOperationRunner.java:167)
	at org.gradle.internal.operations.DefaultBuildOperationRunner.execute(DefaultBuildOperationRunner.java:60)
	at org.gradle.internal.operations.DefaultBuildOperationRunner.run(DefaultBuildOperationRunner.java:48)
	at org.gradle.api.internal.tasks.execution.TaskExecution.executeAction(TaskExecution.java:244)
	at org.gradle.api.internal.tasks.execution.TaskExecution.executeActions(TaskExecution.java:227)
	at org.gradle.api.internal.tasks.execution.TaskExecution.executeWithPreviousOutputFiles(TaskExecution.java:210)
	at org.gradle.api.internal.tasks.execution.TaskExecution.execute(TaskExecution.java:176)
	at org.gradle.internal.execution.steps.ExecuteStep.executeInternal(ExecuteStep.java:167)
	at org.gradle.internal.execution.steps.ExecuteStep.access$000(ExecuteStep.java:47)
	at org.gradle.internal.execution.steps.ExecuteStep$1.call(ExecuteStep.java:137)
	at org.gradle.internal.execution.steps.ExecuteStep$1.call(ExecuteStep.java:134)
	at org.gradle.internal.operations.DefaultBuildOperationRunner$CallableBuildOperationWorker.execute(DefaultBuildOperationRunner.java:210)
	at org.gradle.internal.operations.DefaultBuildOperationRunner$CallableBuildOperationWorker.execute(DefaultBuildOperationRunner.java:205)
	at org.gradle.internal.operations.DefaultBuildOperationRunner$2.execute(DefaultBuildOperationRunner.java:67)
	at org.gradle.internal.operations.DefaultBuildOperationRunner$2.execute(DefaultBuildOperationRunner.java:60)
	at org.gradle.internal.operations.DefaultBuildOperationRunner.execute(DefaultBuildOperationRunner.java:167)
	at org.gradle.internal.operations.DefaultBuildOperationRunner.execute(DefaultBuildOperationRunner.java:60)
	at org.gradle.internal.operations.DefaultBuildOperationRunner.call(DefaultBuildOperationRunner.java:54)
	at org.gradle.internal.execution.steps.ExecuteStep.execute(ExecuteStep.java:134)
	at org.gradle.internal.execution.steps.ExecuteStep$Mutable.execute(ExecuteStep.java:80)
	at org.gradle.internal.execution.steps.CancelExecutionStep.execute(CancelExecutionStep.java:42)
	at org.gradle.internal.execution.steps.TimeoutStep.executeWithoutTimeout(TimeoutStep.java:75)
	at org.gradle.internal.execution.steps.TimeoutStep.execute(TimeoutStep.java:55)
	at org.gradle.internal.execution.steps.PreCreateOutputParentsStep.execute(PreCreateOutputParentsStep.java:51)
	at org.gradle.internal.execution.steps.PreCreateOutputParentsStep.execute(PreCreateOutputParentsStep.java:29)
	at org.gradle.internal.execution.steps.RemovePreviousOutputsStep.executeMutable(RemovePreviousOutputsStep.java:67)
	at org.gradle.internal.execution.steps.RemovePreviousOutputsStep.executeMutable(RemovePreviousOutputsStep.java:39)
	at org.gradle.internal.execution.steps.MutableStep.execute(MutableStep.java:26)
	at org.gradle.internal.execution.steps.BroadcastChangingOutputsStep.execute(BroadcastChangingOutputsStep.java:42)
	at org.gradle.internal.execution.steps.BroadcastChangingOutputsStep.execute(BroadcastChangingOutputsStep.java:24)
	at org.gradle.internal.execution.steps.CaptureOutputsAfterExecutionStep.execute(CaptureOutputsAfterExecutionStep.java:69)
	at org.gradle.internal.execution.steps.CaptureOutputsAfterExecutionStep.execute(CaptureOutputsAfterExecutionStep.java:46)
	at org.gradle.internal.execution.steps.ResolveInputChangesStep.executeMutable(ResolveInputChangesStep.java:39)
	at org.gradle.internal.execution.steps.ResolveInputChangesStep.executeMutable(ResolveInputChangesStep.java:28)
	at org.gradle.internal.execution.steps.MutableStep.execute(MutableStep.java:26)
	at org.gradle.internal.execution.steps.BuildCacheStep.executeWithoutCache(BuildCacheStep.java:189)
	at org.gradle.internal.execution.steps.BuildCacheStep.executeAndStoreInCache(BuildCacheStep.java:145)
	at org.gradle.internal.execution.steps.BuildCacheStep.lambda$executeWithCache$4(BuildCacheStep.java:104)
	at java.base/java.util.Optional.orElseGet(Optional.java:364)
	at org.gradle.internal.execution.steps.BuildCacheStep.lambda$executeWithCache$5(BuildCacheStep.java:104)
	at org.gradle.internal.Try$Success.map(Try.java:170)
	at org.gradle.internal.execution.steps.BuildCacheStep.executeWithCache(BuildCacheStep.java:88)
	at org.gradle.internal.execution.steps.BuildCacheStep.lambda$execute$0(BuildCacheStep.java:75)
	at org.gradle.internal.Either$Left.fold(Either.java:116)
	at org.gradle.internal.execution.caching.CachingState.fold(CachingState.java:62)
	at org.gradle.internal.execution.steps.BuildCacheStep.execute(BuildCacheStep.java:74)
	at org.gradle.internal.execution.steps.BuildCacheStep.execute(BuildCacheStep.java:49)
	at org.gradle.internal.execution.steps.StoreExecutionStateStep.executeMutable(StoreExecutionStateStep.java:46)
	at org.gradle.internal.execution.steps.StoreExecutionStateStep.executeMutable(StoreExecutionStateStep.java:35)
	at org.gradle.internal.execution.steps.MutableStep.execute(MutableStep.java:26)
	at org.gradle.internal.execution.steps.SkipUpToDateStep.executeBecause(SkipUpToDateStep.java:75)
	at org.gradle.internal.execution.steps.SkipUpToDateStep.lambda$execute$2(SkipUpToDateStep.java:53)
	at java.base/java.util.Optional.orElseGet(Optional.java:364)
	at org.gradle.internal.execution.steps.SkipUpToDateStep.execute(SkipUpToDateStep.java:53)
	at org.gradle.internal.execution.steps.SkipUpToDateStep.execute(SkipUpToDateStep.java:35)
	at org.gradle.internal.execution.steps.legacy.MarkSnapshottingInputsFinishedStep.execute(MarkSnapshottingInputsFinishedStep.java:37)
	at org.gradle.internal.execution.steps.legacy.MarkSnapshottingInputsFinishedStep.execute(MarkSnapshottingInputsFinishedStep.java:27)
	at org.gradle.internal.execution.steps.ResolveMutableCachingStateStep.executeDelegate(ResolveMutableCachingStateStep.java:70)
	at org.gradle.internal.execution.steps.ResolveMutableCachingStateStep.executeDelegate(ResolveMutableCachingStateStep.java:32)
	at org.gradle.internal.execution.steps.AbstractResolveCachingStateStep.execute(AbstractResolveCachingStateStep.java:69)
	at org.gradle.internal.execution.steps.AbstractResolveCachingStateStep.execute(AbstractResolveCachingStateStep.java:37)
	at org.gradle.internal.execution.steps.ResolveChangesStep.executeMutable(ResolveChangesStep.java:63)
	at org.gradle.internal.execution.steps.ResolveChangesStep.executeMutable(ResolveChangesStep.java:34)
	at org.gradle.internal.execution.steps.MutableStep.execute(MutableStep.java:26)
	at org.gradle.internal.execution.steps.ValidateStep$Mutable.executeDelegate(ValidateStep.java:79)
	at org.gradle.internal.execution.steps.ValidateStep$Mutable.executeDelegate(ValidateStep.java:65)
	at org.gradle.internal.execution.steps.ValidateStep.execute(ValidateStep.java:99)
	at org.gradle.internal.execution.steps.ValidateStep$Mutable.execute(ValidateStep.java:65)
	at org.gradle.internal.execution.steps.CaptureMutableStateBeforeExecutionStep.executeMutable(CaptureMutableStateBeforeExecutionStep.java:86)
	at org.gradle.internal.execution.steps.CaptureMutableStateBeforeExecutionStep.execute(CaptureMutableStateBeforeExecutionStep.java:65)
	at org.gradle.internal.execution.steps.CaptureMutableStateBeforeExecutionStep.execute(CaptureMutableStateBeforeExecutionStep.java:45)
	at org.gradle.internal.execution.steps.SkipEmptyMutableWorkStep.executeWithNonEmptySources(SkipEmptyMutableWorkStep.java:210)
	at org.gradle.internal.execution.steps.SkipEmptyMutableWorkStep.executeMutable(SkipEmptyMutableWorkStep.java:90)
	at org.gradle.internal.execution.steps.SkipEmptyMutableWorkStep.executeMutable(SkipEmptyMutableWorkStep.java:53)
	at org.gradle.internal.execution.steps.MutableStep.execute(MutableStep.java:26)
	at org.gradle.internal.execution.steps.legacy.MarkSnapshottingInputsStartedStep.execute(MarkSnapshottingInputsStartedStep.java:38)
	at org.gradle.internal.execution.steps.LoadPreviousExecutionStateStep.executeMutable(LoadPreviousExecutionStateStep.java:36)
	at org.gradle.internal.execution.steps.LoadPreviousExecutionStateStep.executeMutable(LoadPreviousExecutionStateStep.java:23)
	at org.gradle.internal.execution.steps.MutableStep.execute(MutableStep.java:26)
	at org.gradle.internal.execution.steps.HandleStaleOutputsStep.executeMutable(HandleStaleOutputsStep.java:77)
	at org.gradle.internal.execution.steps.HandleStaleOutputsStep.executeMutable(HandleStaleOutputsStep.java:43)
	at org.gradle.internal.execution.steps.MutableStep.execute(MutableStep.java:26)
	at org.gradle.internal.execution.steps.AssignMutableWorkspaceStep.lambda$executeMutable$0(AssignMutableWorkspaceStep.java:34)
	at org.gradle.api.internal.tasks.execution.TaskExecution$4.withWorkspace(TaskExecution.java:305)
	at org.gradle.internal.execution.steps.AssignMutableWorkspaceStep.executeMutable(AssignMutableWorkspaceStep.java:30)
	at org.gradle.internal.execution.steps.AssignMutableWorkspaceStep.executeMutable(AssignMutableWorkspaceStep.java:21)
	at org.gradle.internal.execution.steps.MutableStep.execute(MutableStep.java:26)
	at org.gradle.internal.execution.steps.ChoosePipelineStep.execute(ChoosePipelineStep.java:40)
	at org.gradle.internal.execution.steps.ChoosePipelineStep.execute(ChoosePipelineStep.java:23)
	at org.gradle.internal.execution.steps.ExecuteWorkBuildOperationFiringStep.lambda$execute$2(ExecuteWorkBuildOperationFiringStep.java:67)
	at java.base/java.util.Optional.orElseGet(Optional.java:364)
	at org.gradle.internal.execution.steps.ExecuteWorkBuildOperationFiringStep.execute(ExecuteWorkBuildOperationFiringStep.java:67)
	at org.gradle.internal.execution.steps.ExecuteWorkBuildOperationFiringStep.execute(ExecuteWorkBuildOperationFiringStep.java:39)
	at org.gradle.internal.execution.steps.IdentityCacheStep.execute(IdentityCacheStep.java:46)
	at org.gradle.internal.execution.steps.IdentityCacheStep.execute(IdentityCacheStep.java:34)
	at org.gradle.internal.execution.steps.IdentifyStep.execute(IdentifyStep.java:56)
	at org.gradle.internal.execution.steps.IdentifyStep.execute(IdentifyStep.java:38)
	at org.gradle.internal.execution.impl.DefaultExecutionEngine$1.execute(DefaultExecutionEngine.java:68)
	at org.gradle.api.internal.tasks.execution.ExecuteActionsTaskExecuter.executeIfValid(ExecuteActionsTaskExecuter.java:132)
	at org.gradle.api.internal.tasks.execution.ExecuteActionsTaskExecuter.execute(ExecuteActionsTaskExecuter.java:121)
	at org.gradle.api.internal.tasks.execution.ProblemsTaskPathTrackingTaskExecuter.execute(ProblemsTaskPathTrackingTaskExecuter.java:41)
	at org.gradle.api.internal.tasks.execution.ResolveTaskExecutionModeExecuter.execute(ResolveTaskExecutionModeExecuter.java:51)
	at org.gradle.api.internal.tasks.execution.FinalizePropertiesTaskExecuter.execute(FinalizePropertiesTaskExecuter.java:46)
	at org.gradle.api.internal.tasks.execution.SkipTaskWithNoActionsExecuter.execute(SkipTaskWithNoActionsExecuter.java:57)
	at org.gradle.api.internal.tasks.execution.SkipOnlyIfTaskExecuter.execute(SkipOnlyIfTaskExecuter.java:74)
	at org.gradle.api.internal.tasks.execution.CatchExceptionTaskExecuter.execute(CatchExceptionTaskExecuter.java:36)
	at org.gradle.api.internal.tasks.execution.EventFiringTaskExecuter$1.executeTask(EventFiringTaskExecuter.java:77)
	at org.gradle.api.internal.tasks.execution.EventFiringTaskExecuter$1.call(EventFiringTaskExecuter.java:55)
	at org.gradle.api.internal.tasks.execution.EventFiringTaskExecuter$1.call(EventFiringTaskExecuter.java:52)
	at org.gradle.internal.operations.DefaultBuildOperationRunner$CallableBuildOperationWorker.execute(DefaultBuildOperationRunner.java:210)
	at org.gradle.internal.operations.DefaultBuildOperationRunner$CallableBuildOperationWorker.execute(DefaultBuildOperationRunner.java:205)
	at org.gradle.internal.operations.DefaultBuildOperationRunner$2.execute(DefaultBuildOperationRunner.java:67)
	at org.gradle.internal.operations.DefaultBuildOperationRunner$2.execute(DefaultBuildOperationRunner.java:60)
	at org.gradle.internal.operations.DefaultBuildOperationRunner.execute(DefaultBuildOperationRunner.java:167)
	at org.gradle.internal.operations.DefaultBuildOperationRunner.execute(DefaultBuildOperationRunner.java:60)
	at org.gradle.internal.operations.DefaultBuildOperationRunner.call(DefaultBuildOperationRunner.java:54)
	at org.gradle.api.internal.tasks.execution.EventFiringTaskExecuter.execute(EventFiringTaskExecuter.java:52)
	at org.gradle.execution.plan.DefaultNodeExecutor.executeLocalTaskNode(DefaultNodeExecutor.java:55)
	at org.gradle.execution.plan.DefaultNodeExecutor.execute(DefaultNodeExecutor.java:34)
	at org.gradle.execution.taskgraph.DefaultTaskExecutionGraph$InvokeNodeExecutorsAction.execute(DefaultTaskExecutionGraph.java:355)
	at org.gradle.execution.taskgraph.DefaultTaskExecutionGraph$InvokeNodeExecutorsAction.execute(DefaultTaskExecutionGraph.java:343)
	at org.gradle.execution.taskgraph.DefaultTaskExecutionGraph$BuildOperationAwareExecutionAction.lambda$execute$0(DefaultTaskExecutionGraph.java:339)
	at org.gradle.internal.operations.CurrentBuildOperationRef.with(CurrentBuildOperationRef.java:84)
	at org.gradle.execution.taskgraph.DefaultTaskExecutionGraph$BuildOperationAwareExecutionAction.execute(DefaultTaskExecutionGraph.java:339)
	at org.gradle.execution.taskgraph.DefaultTaskExecutionGraph$BuildOperationAwareExecutionAction.execute(DefaultTaskExecutionGraph.java:328)
	at org.gradle.execution.plan.DefaultPlanExecutor$ExecutorWorker.execute(DefaultPlanExecutor.java:459)
	at org.gradle.execution.plan.DefaultPlanExecutor$ExecutorWorker.run(DefaultPlanExecutor.java:376)
	at org.gradle.execution.plan.DefaultPlanExecutor.process(DefaultPlanExecutor.java:111)
	at org.gradle.execution.taskgraph.DefaultTaskExecutionGraph.executeWithServices(DefaultTaskExecutionGraph.java:146)
	at org.gradle.execution.taskgraph.DefaultTaskExecutionGraph.execute(DefaultTaskExecutionGraph.java:131)
	at org.gradle.execution.SelectedTaskExecutionAction.execute(SelectedTaskExecutionAction.java:35)
	at org.gradle.execution.BuildOperationFiringBuildWorkerExecutor$ExecuteTasks.call(BuildOperationFiringBuildWorkerExecutor.java:54)
	at org.gradle.execution.BuildOperationFiringBuildWorkerExecutor$ExecuteTasks.call(BuildOperationFiringBuildWorkerExecutor.java:43)
	at org.gradle.internal.operations.DefaultBuildOperationRunner$CallableBuildOperationWorker.execute(DefaultBuildOperationRunner.java:210)
	at org.gradle.internal.operations.DefaultBuildOperationRunner$CallableBuildOperationWorker.execute(DefaultBuildOperationRunner.java:205)
	at org.gradle.internal.operations.DefaultBuildOperationRunner$2.execute(DefaultBuildOperationRunner.java:67)
	at org.gradle.internal.operations.DefaultBuildOperationRunner$2.execute(DefaultBuildOperationRunner.java:60)
	at org.gradle.internal.operations.DefaultBuildOperationRunner.execute(DefaultBuildOperationRunner.java:167)
	at org.gradle.internal.operations.DefaultBuildOperationRunner.execute(DefaultBuildOperationRunner.java:60)
	at org.gradle.internal.operations.DefaultBuildOperationRunner.call(DefaultBuildOperationRunner.java:54)
	at org.gradle.execution.BuildOperationFiringBuildWorkerExecutor.execute(BuildOperationFiringBuildWorkerExecutor.java:40)
	at org.gradle.internal.build.DefaultBuildLifecycleController.lambda$executeTasks$11(DefaultBuildLifecycleController.java:323)
	at org.gradle.internal.model.StateTransitionController.doTransition(StateTransitionController.java:304)
	at org.gradle.internal.model.StateTransitionController.lambda$tryTransition$9(StateTransitionController.java:215)
	at org.gradle.internal.work.DefaultSynchronizer.withLock(DefaultSynchronizer.java:45)
	at org.gradle.internal.model.StateTransitionController.tryTransition(StateTransitionController.java:215)
	at org.gradle.internal.build.DefaultBuildLifecycleController.executeTasks(DefaultBuildLifecycleController.java:314)
	at org.gradle.internal.build.DefaultBuildWorkGraphController$DefaultBuildWorkGraph.runWork(DefaultBuildWorkGraphController.java:220)
	at org.gradle.internal.work.DefaultWorkerLeaseService.lambda$withLocksAcquired$0(DefaultWorkerLeaseService.java:275)
	at org.gradle.internal.work.ResourceLockStatistics$1.measure(ResourceLockStatistics.java:43)
	at org.gradle.internal.work.DefaultWorkerLeaseService.withLocksAcquired(DefaultWorkerLeaseService.java:273)
	at org.gradle.internal.work.DefaultWorkerLeaseService.withLocks(DefaultWorkerLeaseService.java:265)
	at org.gradle.internal.work.DefaultWorkerLeaseService.runAsWorkerThread(DefaultWorkerLeaseService.java:128)
	at org.gradle.composite.internal.DefaultBuildController.doRun(DefaultBuildController.java:182)
	at org.gradle.composite.internal.DefaultBuildController.access$000(DefaultBuildController.java:50)
	at org.gradle.composite.internal.DefaultBuildController$BuildOpRunnable.lambda$run$0(DefaultBuildController.java:199)
	at org.gradle.internal.operations.CurrentBuildOperationRef.with(CurrentBuildOperationRef.java:84)
	at org.gradle.composite.internal.DefaultBuildController$BuildOpRunnable.run(DefaultBuildController.java:199)
	at java.base/java.util.concurrent.Executors$RunnableAdapter.call(Executors.java:572)
	at java.base/java.util.concurrent.FutureTask.run(FutureTask.java:317)
	at org.gradle.internal.concurrent.ExecutorPolicy$CatchAndRecordFailures.onExecute(ExecutorPolicy.java:64)
	at org.gradle.internal.concurrent.AbstractManagedExecutor$1.run(AbstractManagedExecutor.java:47)
	at java.base/java.util.concurrent.ThreadPoolExecutor.runWorker(ThreadPoolExecutor.java:1144)
	at java.base/java.util.concurrent.ThreadPoolExecutor$Worker.run(ThreadPoolExecutor.java:642)
	at java.base/java.lang.Thread.run(Thread.java:1583)
v: Loading modules: [java.se, jdk.accessibility, jdk.attach, jdk.compiler, jdk.dynalink, jdk.httpserver, jdk.incubator.vector, jdk.jartool, jdk.javadoc, jdk.jconsole, jdk.jdi, jdk.jfr, jdk.jshell, jdk.jsobject, jdk.management, jdk.management.jfr, jdk.net, jdk.nio.mapmode, jdk.sctp, jdk.security.auth, jdk.security.jgss, jdk.unsupported, jdk.unsupported.desktop, jdk.xml.dom, java.base, java.compiler, java.datatransfer, java.desktop, java.xml, java.instrument, java.logging, java.management, java.management.rmi, java.rmi, java.naming, java.net.http, java.prefs, java.scripting, java.security.jgss, java.security.sasl, java.sql, java.transaction.xa, java.sql.rowset, java.xml.crypto, jdk.internal.jvmstat, jdk.internal.opt, jdk.zipfs, jdk.management.agent, jdk.jdwp.agent, jdk.internal.ed, jdk.internal.le]
e: C:/Users/redfa/.gradle/caches/modules-2/files-2.1/org.jetbrains/annotations/26.0.2/c7ce3cdeda3d18909368dfe5977332dfad326c6d/annotations-26.0.2.jar!/META-INF/annotations.kotlin_module: Module was compiled with an incompatible version of Kotlin. The binary version of its metadata is 1.9.0, expected version is 1.5.1.
v: Loading modules: [java.se, jdk.accessibility, jdk.attach, jdk.compiler, jdk.dynalink, jdk.httpserver, jdk.incubator.vector, jdk.jartool, jdk.javadoc, jdk.jconsole, jdk.jdi, jdk.jfr, jdk.jshell, jdk.jsobject, jdk.management, jdk.management.jfr, jdk.net, jdk.nio.mapmode, jdk.sctp, jdk.security.auth, jdk.security.jgss, jdk.unsupported, jdk.unsupported.desktop, jdk.xml.dom, java.base, java.compiler, java.datatransfer, java.desktop, java.xml, java.instrument, java.logging, java.management, java.management.rmi, java.rmi, java.naming, java.net.http, java.prefs, java.scripting, java.security.jgss, java.security.sasl, java.sql, java.transaction.xa, java.sql.rowset, java.xml.crypto, jdk.internal.jvmstat, jdk.internal.opt, jdk.zipfs, jdk.management.agent, jdk.jdwp.agent, jdk.internal.ed, jdk.internal.le]
e: C:/Users/redfa/.gradle/caches/modules-2/files-2.1/org.jetbrains/annotations/26.0.2/c7ce3cdeda3d18909368dfe5977332dfad326c6d/annotations-26.0.2.jar!/META-INF/annotations.kotlin_module: Module was compiled with an incompatible version of Kotlin. The binary version of its metadata is 1.9.0, expected version is 1.5.1.
WARN: The registry key 'java.correct.class.type.by.place.resolve.scope' accessed, but not loaded yet
WARN: The registry key 'unsound.capture.conversion.java.spec.change' accessed, but not loaded yet

> Task :1.20.6:preprocessCode
v: Loading modules: [java.se, jdk.accessibility, jdk.attach, jdk.compiler, jdk.dynalink, jdk.httpserver, jdk.incubator.vector, jdk.jartool, jdk.javadoc, jdk.jconsole, jdk.jdi, jdk.jfr, jdk.jshell, jdk.jsobject, jdk.management, jdk.management.jfr, jdk.net, jdk.nio.mapmode, jdk.sctp, jdk.security.auth, jdk.security.jgss, jdk.unsupported, jdk.unsupported.desktop, jdk.xml.dom, java.base, java.compiler, java.datatransfer, java.desktop, java.xml, java.instrument, java.logging, java.management, java.management.rmi, java.rmi, java.naming, java.net.http, java.prefs, java.scripting, java.security.jgss, java.security.sasl, java.sql, java.transaction.xa, java.sql.rowset, java.xml.crypto, jdk.internal.jvmstat, jdk.internal.opt, jdk.zipfs, jdk.management.agent, jdk.jdwp.agent, jdk.internal.ed, jdk.internal.le]
e: C:/Users/redfa/.gradle/caches/modules-2/files-2.1/org.jetbrains/annotations/26.0.2/c7ce3cdeda3d18909368dfe5977332dfad326c6d/annotations-26.0.2.jar!/META-INF/annotations.kotlin_module: Module was compiled with an incompatible version of Kotlin. The binary version of its metadata is 1.9.0, expected version is 1.5.1.
v: Loading modules: [java.se, jdk.accessibility, jdk.attach, jdk.compiler, jdk.dynalink, jdk.httpserver, jdk.incubator.vector, jdk.jartool, jdk.javadoc, jdk.jconsole, jdk.jdi, jdk.jfr, jdk.jshell, jdk.jsobject, jdk.management, jdk.management.jfr, jdk.net, jdk.nio.mapmode, jdk.sctp, jdk.security.auth, jdk.security.jgss, jdk.unsupported, jdk.unsupported.desktop, jdk.xml.dom, java.base, java.compiler, java.datatransfer, java.desktop, java.xml, java.instrument, java.logging, java.management, java.management.rmi, java.rmi, java.naming, java.net.http, java.prefs, java.scripting, java.security.jgss, java.security.sasl, java.sql, java.transaction.xa, java.sql.rowset, java.xml.crypto, jdk.internal.jvmstat, jdk.internal.opt, jdk.zipfs, jdk.management.agent, jdk.jdwp.agent, jdk.internal.ed, jdk.internal.le]
e: C:/Users/redfa/.gradle/caches/modules-2/files-2.1/org.jetbrains/annotations/26.0.2/c7ce3cdeda3d18909368dfe5977332dfad326c6d/annotations-26.0.2.jar!/META-INF/annotations.kotlin_module: Module was compiled with an incompatible version of Kotlin. The binary version of its metadata is 1.9.0, expected version is 1.5.1.

> Task :1.20.5:preprocessCode
v: Loading modules: [java.se, jdk.accessibility, jdk.attach, jdk.compiler, jdk.dynalink, jdk.httpserver, jdk.incubator.vector, jdk.jartool, jdk.javadoc, jdk.jconsole, jdk.jdi, jdk.jfr, jdk.jshell, jdk.jsobject, jdk.management, jdk.management.jfr, jdk.net, jdk.nio.mapmode, jdk.sctp, jdk.security.auth, jdk.security.jgss, jdk.unsupported, jdk.unsupported.desktop, jdk.xml.dom, java.base, java.compiler, java.datatransfer, java.desktop, java.xml, java.instrument, java.logging, java.management, java.management.rmi, java.rmi, java.naming, java.net.http, java.prefs, java.scripting, java.security.jgss, java.security.sasl, java.sql, java.transaction.xa, java.sql.rowset, java.xml.crypto, jdk.internal.jvmstat, jdk.internal.opt, jdk.zipfs, jdk.management.agent, jdk.jdwp.agent, jdk.internal.ed, jdk.internal.le]
e: C:/Users/redfa/.gradle/caches/modules-2/files-2.1/org.jetbrains/annotations/26.0.2/c7ce3cdeda3d18909368dfe5977332dfad326c6d/annotations-26.0.2.jar!/META-INF/annotations.kotlin_module: Module was compiled with an incompatible version of Kotlin. The binary version of its metadata is 1.9.0, expected version is 1.5.1.
v: Loading modules: [java.se, jdk.accessibility, jdk.attach, jdk.compiler, jdk.dynalink, jdk.httpserver, jdk.incubator.vector, jdk.jartool, jdk.javadoc, jdk.jconsole, jdk.jdi, jdk.jfr, jdk.jshell, jdk.jsobject, jdk.management, jdk.management.jfr, jdk.net, jdk.nio.mapmode, jdk.sctp, jdk.security.auth, jdk.security.jgss, jdk.unsupported, jdk.unsupported.desktop, jdk.xml.dom, java.base, java.compiler, java.datatransfer, java.desktop, java.xml, java.instrument, java.logging, java.management, java.management.rmi, java.rmi, java.naming, java.net.http, java.prefs, java.scripting, java.security.jgss, java.security.sasl, java.sql, java.transaction.xa, java.sql.rowset, java.xml.crypto, jdk.internal.jvmstat, jdk.internal.opt, jdk.zipfs, jdk.management.agent, jdk.jdwp.agent, jdk.internal.ed, jdk.internal.le]
e: C:/Users/redfa/.gradle/caches/modules-2/files-2.1/org.jetbrains/annotations/26.0.2/c7ce3cdeda3d18909368dfe5977332dfad326c6d/annotations-26.0.2.jar!/META-INF/annotations.kotlin_module: Module was compiled with an incompatible version of Kotlin. The binary version of its metadata is 1.9.0, expected version is 1.5.1.

> Task :1.20.4:preprocessCode
v: Loading modules: [java.se, jdk.accessibility, jdk.attach, jdk.compiler, jdk.dynalink, jdk.httpserver, jdk.incubator.vector, jdk.jartool, jdk.javadoc, jdk.jconsole, jdk.jdi, jdk.jfr, jdk.jshell, jdk.jsobject, jdk.management, jdk.management.jfr, jdk.net, jdk.nio.mapmode, jdk.sctp, jdk.security.auth, jdk.security.jgss, jdk.unsupported, jdk.unsupported.desktop, jdk.xml.dom, java.base, java.compiler, java.datatransfer, java.desktop, java.xml, java.instrument, java.logging, java.management, java.management.rmi, java.rmi, java.naming, java.net.http, java.prefs, java.scripting, java.security.jgss, java.security.sasl, java.sql, java.transaction.xa, java.sql.rowset, java.xml.crypto, jdk.internal.jvmstat, jdk.internal.opt, jdk.zipfs, jdk.management.agent, jdk.jdwp.agent, jdk.internal.ed, jdk.internal.le]
e: C:/Users/redfa/.gradle/caches/modules-2/files-2.1/org.jetbrains/annotations/26.0.2/c7ce3cdeda3d18909368dfe5977332dfad326c6d/annotations-26.0.2.jar!/META-INF/annotations.kotlin_module: Module was compiled with an incompatible version of Kotlin. The binary version of its metadata is 1.9.0, expected version is 1.5.1.
v: Loading modules: [java.se, jdk.accessibility, jdk.attach, jdk.compiler, jdk.dynalink, jdk.httpserver, jdk.incubator.vector, jdk.jartool, jdk.javadoc, jdk.jconsole, jdk.jdi, jdk.jfr, jdk.jshell, jdk.jsobject, jdk.management, jdk.management.jfr, jdk.net, jdk.nio.mapmode, jdk.sctp, jdk.security.auth, jdk.security.jgss, jdk.unsupported, jdk.unsupported.desktop, jdk.xml.dom, java.base, java.compiler, java.datatransfer, java.desktop, java.xml, java.instrument, java.logging, java.management, java.management.rmi, java.rmi, java.naming, java.net.http, java.prefs, java.scripting, java.security.jgss, java.security.sasl, java.sql, java.transaction.xa, java.sql.rowset, java.xml.crypto, jdk.internal.jvmstat, jdk.internal.opt, jdk.zipfs, jdk.management.agent, jdk.jdwp.agent, jdk.internal.ed, jdk.internal.le]
e: C:/Users/redfa/.gradle/caches/modules-2/files-2.1/org.jetbrains/annotations/26.0.2/c7ce3cdeda3d18909368dfe5977332dfad326c6d/annotations-26.0.2.jar!/META-INF/annotations.kotlin_module: Module was compiled with an incompatible version of Kotlin. The binary version of its metadata is 1.9.0, expected version is 1.5.1.

> Task :1.20.2:preprocessCode
v: Loading modules: [java.se, jdk.accessibility, jdk.attach, jdk.compiler, jdk.dynalink, jdk.httpserver, jdk.incubator.vector, jdk.jartool, jdk.javadoc, jdk.jconsole, jdk.jdi, jdk.jfr, jdk.jshell, jdk.jsobject, jdk.management, jdk.management.jfr, jdk.net, jdk.nio.mapmode, jdk.sctp, jdk.security.auth, jdk.security.jgss, jdk.unsupported, jdk.unsupported.desktop, jdk.xml.dom, java.base, java.compiler, java.datatransfer, java.desktop, java.xml, java.instrument, java.logging, java.management, java.management.rmi, java.rmi, java.naming, java.net.http, java.prefs, java.scripting, java.security.jgss, java.security.sasl, java.sql, java.transaction.xa, java.sql.rowset, java.xml.crypto, jdk.internal.jvmstat, jdk.internal.opt, jdk.zipfs, jdk.management.agent, jdk.jdwp.agent, jdk.internal.ed, jdk.internal.le]
e: C:/Users/redfa/.gradle/caches/modules-2/files-2.1/org.jetbrains/annotations/26.0.2/c7ce3cdeda3d18909368dfe5977332dfad326c6d/annotations-26.0.2.jar!/META-INF/annotations.kotlin_module: Module was compiled with an incompatible version of Kotlin. The binary version of its metadata is 1.9.0, expected version is 1.5.1.
v: Loading modules: [java.se, jdk.accessibility, jdk.attach, jdk.compiler, jdk.dynalink, jdk.httpserver, jdk.incubator.vector, jdk.jartool, jdk.javadoc, jdk.jconsole, jdk.jdi, jdk.jfr, jdk.jshell, jdk.jsobject, jdk.management, jdk.management.jfr, jdk.net, jdk.nio.mapmode, jdk.sctp, jdk.security.auth, jdk.security.jgss, jdk.unsupported, jdk.unsupported.desktop, jdk.xml.dom, java.base, java.compiler, java.datatransfer, java.desktop, java.xml, java.instrument, java.logging, java.management, java.management.rmi, java.rmi, java.naming, java.net.http, java.prefs, java.scripting, java.security.jgss, java.security.sasl, java.sql, java.transaction.xa, java.sql.rowset, java.xml.crypto, jdk.internal.jvmstat, jdk.internal.opt, jdk.zipfs, jdk.management.agent, jdk.jdwp.agent, jdk.internal.ed, jdk.internal.le]
e: C:/Users/redfa/.gradle/caches/modules-2/files-2.1/org.jetbrains/annotations/26.0.2/c7ce3cdeda3d18909368dfe5977332dfad326c6d/annotations-26.0.2.jar!/META-INF/annotations.kotlin_module: Module was compiled with an incompatible version of Kotlin. The binary version of its metadata is 1.9.0, expected version is 1.5.1.

> Task :1.20.1:preprocessCode
v: Loading modules: [java.se, jdk.accessibility, jdk.attach, jdk.compiler, jdk.dynalink, jdk.httpserver, jdk.incubator.vector, jdk.jartool, jdk.javadoc, jdk.jconsole, jdk.jdi, jdk.jfr, jdk.jshell, jdk.jsobject, jdk.management, jdk.management.jfr, jdk.net, jdk.nio.mapmode, jdk.sctp, jdk.security.auth, jdk.security.jgss, jdk.unsupported, jdk.unsupported.desktop, jdk.xml.dom, java.base, java.compiler, java.datatransfer, java.desktop, java.xml, java.instrument, java.logging, java.management, java.management.rmi, java.rmi, java.naming, java.net.http, java.prefs, java.scripting, java.security.jgss, java.security.sasl, java.sql, java.transaction.xa, java.sql.rowset, java.xml.crypto, jdk.internal.jvmstat, jdk.internal.opt, jdk.zipfs, jdk.management.agent, jdk.jdwp.agent, jdk.internal.ed, jdk.internal.le]
e: C:/Users/redfa/.gradle/caches/modules-2/files-2.1/org.jetbrains/annotations/26.0.2/c7ce3cdeda3d18909368dfe5977332dfad326c6d/annotations-26.0.2.jar!/META-INF/annotations.kotlin_module: Module was compiled with an incompatible version of Kotlin. The binary version of its metadata is 1.9.0, expected version is 1.5.1.
v: Loading modules: [java.se, jdk.accessibility, jdk.attach, jdk.compiler, jdk.dynalink, jdk.httpserver, jdk.incubator.vector, jdk.jartool, jdk.javadoc, jdk.jconsole, jdk.jdi, jdk.jfr, jdk.jshell, jdk.jsobject, jdk.management, jdk.management.jfr, jdk.net, jdk.nio.mapmode, jdk.sctp, jdk.security.auth, jdk.security.jgss, jdk.unsupported, jdk.unsupported.desktop, jdk.xml.dom, java.base, java.compiler, java.datatransfer, java.desktop, java.xml, java.instrument, java.logging, java.management, java.management.rmi, java.rmi, java.naming, java.net.http, java.prefs, java.scripting, java.security.jgss, java.security.sasl, java.sql, java.transaction.xa, java.sql.rowset, java.xml.crypto, jdk.internal.jvmstat, jdk.internal.opt, jdk.zipfs, jdk.management.agent, jdk.jdwp.agent, jdk.internal.ed, jdk.internal.le]
e: C:/Users/redfa/.gradle/caches/modules-2/files-2.1/org.jetbrains/annotations/26.0.2/c7ce3cdeda3d18909368dfe5977332dfad326c6d/annotations-26.0.2.jar!/META-INF/annotations.kotlin_module: Module was compiled with an incompatible version of Kotlin. The binary version of its metadata is 1.9.0, expected version is 1.5.1.

> Task :1.19.4:preprocessCode
v: Loading modules: [java.se, jdk.accessibility, jdk.attach, jdk.compiler, jdk.dynalink, jdk.httpserver, jdk.incubator.vector, jdk.jartool, jdk.javadoc, jdk.jconsole, jdk.jdi, jdk.jfr, jdk.jshell, jdk.jsobject, jdk.management, jdk.management.jfr, jdk.net, jdk.nio.mapmode, jdk.sctp, jdk.security.auth, jdk.security.jgss, jdk.unsupported, jdk.unsupported.desktop, jdk.xml.dom, java.base, java.compiler, java.datatransfer, java.desktop, java.xml, java.instrument, java.logging, java.management, java.management.rmi, java.rmi, java.naming, java.net.http, java.prefs, java.scripting, java.security.jgss, java.security.sasl, java.sql, java.transaction.xa, java.sql.rowset, java.xml.crypto, jdk.internal.jvmstat, jdk.internal.opt, jdk.zipfs, jdk.management.agent, jdk.jdwp.agent, jdk.internal.ed, jdk.internal.le]
e: C:/Users/redfa/.gradle/caches/modules-2/files-2.1/org.jetbrains/annotations/26.0.2/c7ce3cdeda3d18909368dfe5977332dfad326c6d/annotations-26.0.2.jar!/META-INF/annotations.kotlin_module: Module was compiled with an incompatible version of Kotlin. The binary version of its metadata is 1.9.0, expected version is 1.5.1.
v: Loading modules: [java.se, jdk.accessibility, jdk.attach, jdk.compiler, jdk.dynalink, jdk.httpserver, jdk.incubator.vector, jdk.jartool, jdk.javadoc, jdk.jconsole, jdk.jdi, jdk.jfr, jdk.jshell, jdk.jsobject, jdk.management, jdk.management.jfr, jdk.net, jdk.nio.mapmode, jdk.sctp, jdk.security.auth, jdk.security.jgss, jdk.unsupported, jdk.unsupported.desktop, jdk.xml.dom, java.base, java.compiler, java.datatransfer, java.desktop, java.xml, java.instrument, java.logging, java.management, java.management.rmi, java.rmi, java.naming, java.net.http, java.prefs, java.scripting, java.security.jgss, java.security.sasl, java.sql, java.transaction.xa, java.sql.rowset, java.xml.crypto, jdk.internal.jvmstat, jdk.internal.opt, jdk.zipfs, jdk.management.agent, jdk.jdwp.agent, jdk.internal.ed, jdk.internal.le]
e: C:/Users/redfa/.gradle/caches/modules-2/files-2.1/org.jetbrains/annotations/26.0.2/c7ce3cdeda3d18909368dfe5977332dfad326c6d/annotations-26.0.2.jar!/META-INF/annotations.kotlin_module: Module was compiled with an incompatible version of Kotlin. The binary version of its metadata is 1.9.0, expected version is 1.5.1.

> Task :1.18.2:preprocessCode
v: Loading modules: [java.se, jdk.accessibility, jdk.attach, jdk.compiler, jdk.dynalink, jdk.httpserver, jdk.incubator.vector, jdk.jartool, jdk.javadoc, jdk.jconsole, jdk.jdi, jdk.jfr, jdk.jshell, jdk.jsobject, jdk.management, jdk.management.jfr, jdk.net, jdk.nio.mapmode, jdk.sctp, jdk.security.auth, jdk.security.jgss, jdk.unsupported, jdk.unsupported.desktop, jdk.xml.dom, java.base, java.compiler, java.datatransfer, java.desktop, java.xml, java.instrument, java.logging, java.management, java.management.rmi, java.rmi, java.naming, java.net.http, java.prefs, java.scripting, java.security.jgss, java.security.sasl, java.sql, java.transaction.xa, java.sql.rowset, java.xml.crypto, jdk.internal.jvmstat, jdk.internal.opt, jdk.zipfs, jdk.management.agent, jdk.jdwp.agent, jdk.internal.ed, jdk.internal.le]
e: C:/Users/redfa/.gradle/caches/modules-2/files-2.1/org.jetbrains/annotations/26.0.2/c7ce3cdeda3d18909368dfe5977332dfad326c6d/annotations-26.0.2.jar!/META-INF/annotations.kotlin_module: Module was compiled with an incompatible version of Kotlin. The binary version of its metadata is 1.9.0, expected version is 1.5.1.
v: Loading modules: [java.se, jdk.accessibility, jdk.attach, jdk.compiler, jdk.dynalink, jdk.httpserver, jdk.incubator.vector, jdk.jartool, jdk.javadoc, jdk.jconsole, jdk.jdi, jdk.jfr, jdk.jshell, jdk.jsobject, jdk.management, jdk.management.jfr, jdk.net, jdk.nio.mapmode, jdk.sctp, jdk.security.auth, jdk.security.jgss, jdk.unsupported, jdk.unsupported.desktop, jdk.xml.dom, java.base, java.compiler, java.datatransfer, java.desktop, java.xml, java.instrument, java.logging, java.management, java.management.rmi, java.rmi, java.naming, java.net.http, java.prefs, java.scripting, java.security.jgss, java.security.sasl, java.sql, java.transaction.xa, java.sql.rowset, java.xml.crypto, jdk.internal.jvmstat, jdk.internal.opt, jdk.zipfs, jdk.management.agent, jdk.jdwp.agent, jdk.internal.ed, jdk.internal.le]
e: C:/Users/redfa/.gradle/caches/modules-2/files-2.1/org.jetbrains/annotations/26.0.2/c7ce3cdeda3d18909368dfe5977332dfad326c6d/annotations-26.0.2.jar!/META-INF/annotations.kotlin_module: Module was compiled with an incompatible version of Kotlin. The binary version of its metadata is 1.9.0, expected version is 1.5.1.

> Task :1.18:preprocessCode
v: Loading modules: [java.se, jdk.accessibility, jdk.attach, jdk.compiler, jdk.dynalink, jdk.httpserver, jdk.incubator.vector, jdk.jartool, jdk.javadoc, jdk.jconsole, jdk.jdi, jdk.jfr, jdk.jshell, jdk.jsobject, jdk.management, jdk.management.jfr, jdk.net, jdk.nio.mapmode, jdk.sctp, jdk.security.auth, jdk.security.jgss, jdk.unsupported, jdk.unsupported.desktop, jdk.xml.dom, java.base, java.compiler, java.datatransfer, java.desktop, java.xml, java.instrument, java.logging, java.management, java.management.rmi, java.rmi, java.naming, java.net.http, java.prefs, java.scripting, java.security.jgss, java.security.sasl, java.sql, java.transaction.xa, java.sql.rowset, java.xml.crypto, jdk.internal.jvmstat, jdk.internal.opt, jdk.zipfs, jdk.management.agent, jdk.jdwp.agent, jdk.internal.ed, jdk.internal.le]
e: C:/Users/redfa/.gradle/caches/modules-2/files-2.1/org.jetbrains/annotations/26.0.2/c7ce3cdeda3d18909368dfe5977332dfad326c6d/annotations-26.0.2.jar!/META-INF/annotations.kotlin_module: Module was compiled with an incompatible version of Kotlin. The binary version of its metadata is 1.9.0, expected version is 1.5.1.
v: Loading modules: [java.se, jdk.accessibility, jdk.attach, jdk.compiler, jdk.dynalink, jdk.httpserver, jdk.incubator.vector, jdk.jartool, jdk.javadoc, jdk.jconsole, jdk.jdi, jdk.jfr, jdk.jshell, jdk.jsobject, jdk.management, jdk.management.jfr, jdk.net, jdk.nio.mapmode, jdk.sctp, jdk.security.auth, jdk.security.jgss, jdk.unsupported, jdk.unsupported.desktop, jdk.xml.dom, java.base, java.compiler, java.datatransfer, java.desktop, java.xml, java.instrument, java.logging, java.management, java.management.rmi, java.rmi, java.naming, java.net.http, java.prefs, java.scripting, java.security.jgss, java.security.sasl, java.sql, java.transaction.xa, java.sql.rowset, java.xml.crypto, jdk.internal.jvmstat, jdk.internal.opt, jdk.zipfs, jdk.management.agent, jdk.jdwp.agent, jdk.internal.ed, jdk.internal.le]
e: C:/Users/redfa/.gradle/caches/modules-2/files-2.1/org.jetbrains/annotations/26.0.2/c7ce3cdeda3d18909368dfe5977332dfad326c6d/annotations-26.0.2.jar!/META-INF/annotations.kotlin_module: Module was compiled with an incompatible version of Kotlin. The binary version of its metadata is 1.9.0, expected version is 1.5.1.

> Task :1.17.1:preprocessCode
v: Loading modules: [java.se, jdk.accessibility, jdk.attach, jdk.compiler, jdk.dynalink, jdk.httpserver, jdk.incubator.vector, jdk.jartool, jdk.javadoc, jdk.jconsole, jdk.jdi, jdk.jfr, jdk.jshell, jdk.jsobject, jdk.management, jdk.management.jfr, jdk.net, jdk.nio.mapmode, jdk.sctp, jdk.security.auth, jdk.security.jgss, jdk.unsupported, jdk.unsupported.desktop, jdk.xml.dom, java.base, java.compiler, java.datatransfer, java.desktop, java.xml, java.instrument, java.logging, java.management, java.management.rmi, java.rmi, java.naming, java.net.http, java.prefs, java.scripting, java.security.jgss, java.security.sasl, java.sql, java.transaction.xa, java.sql.rowset, java.xml.crypto, jdk.internal.jvmstat, jdk.internal.opt, jdk.zipfs, jdk.management.agent, jdk.jdwp.agent, jdk.internal.ed, jdk.internal.le]
e: C:/Users/redfa/.gradle/caches/modules-2/files-2.1/org.jetbrains/annotations/26.0.2/c7ce3cdeda3d18909368dfe5977332dfad326c6d/annotations-26.0.2.jar!/META-INF/annotations.kotlin_module: Module was compiled with an incompatible version of Kotlin. The binary version of its metadata is 1.9.0, expected version is 1.5.1.
v: Loading modules: [java.se, jdk.accessibility, jdk.attach, jdk.compiler, jdk.dynalink, jdk.httpserver, jdk.incubator.vector, jdk.jartool, jdk.javadoc, jdk.jconsole, jdk.jdi, jdk.jfr, jdk.jshell, jdk.jsobject, jdk.management, jdk.management.jfr, jdk.net, jdk.nio.mapmode, jdk.sctp, jdk.security.auth, jdk.security.jgss, jdk.unsupported, jdk.unsupported.desktop, jdk.xml.dom, java.base, java.compiler, java.datatransfer, java.desktop, java.xml, java.instrument, java.logging, java.management, java.management.rmi, java.rmi, java.naming, java.net.http, java.prefs, java.scripting, java.security.jgss, java.security.sasl, java.sql, java.transaction.xa, java.sql.rowset, java.xml.crypto, jdk.internal.jvmstat, jdk.internal.opt, jdk.zipfs, jdk.management.agent, jdk.jdwp.agent, jdk.internal.ed, jdk.internal.le]
e: C:/Users/redfa/.gradle/caches/modules-2/files-2.1/org.jetbrains/annotations/26.0.2/c7ce3cdeda3d18909368dfe5977332dfad326c6d/annotations-26.0.2.jar!/META-INF/annotations.kotlin_module: Module was compiled with an incompatible version of Kotlin. The binary version of its metadata is 1.9.0, expected version is 1.5.1.

> Task :1.16.5:preprocessCode
v: Loading modules: [java.se, jdk.accessibility, jdk.attach, jdk.compiler, jdk.dynalink, jdk.httpserver, jdk.incubator.vector, jdk.jartool, jdk.javadoc, jdk.jconsole, jdk.jdi, jdk.jfr, jdk.jshell, jdk.jsobject, jdk.management, jdk.management.jfr, jdk.net, jdk.nio.mapmode, jdk.sctp, jdk.security.auth, jdk.security.jgss, jdk.unsupported, jdk.unsupported.desktop, jdk.xml.dom, java.base, java.compiler, java.datatransfer, java.desktop, java.xml, java.instrument, java.logging, java.management, java.management.rmi, java.rmi, java.naming, java.net.http, java.prefs, java.scripting, java.security.jgss, java.security.sasl, java.sql, java.transaction.xa, java.sql.rowset, java.xml.crypto, jdk.internal.jvmstat, jdk.internal.opt, jdk.zipfs, jdk.management.agent, jdk.jdwp.agent, jdk.internal.ed, jdk.internal.le]
e: C:/Users/redfa/.gradle/caches/modules-2/files-2.1/org.jetbrains/annotations/26.0.2/c7ce3cdeda3d18909368dfe5977332dfad326c6d/annotations-26.0.2.jar!/META-INF/annotations.kotlin_module: Module was compiled with an incompatible version of Kotlin. The binary version of its metadata is 1.9.0, expected version is 1.5.1.
v: Loading modules: [java.se, jdk.accessibility, jdk.attach, jdk.compiler, jdk.dynalink, jdk.httpserver, jdk.incubator.vector, jdk.jartool, jdk.javadoc, jdk.jconsole, jdk.jdi, jdk.jfr, jdk.jshell, jdk.jsobject, jdk.management, jdk.management.jfr, jdk.net, jdk.nio.mapmode, jdk.sctp, jdk.security.auth, jdk.security.jgss, jdk.unsupported, jdk.unsupported.desktop, jdk.xml.dom, java.base, java.compiler, java.datatransfer, java.desktop, java.xml, java.instrument, java.logging, java.management, java.management.rmi, java.rmi, java.naming, java.net.http, java.prefs, java.scripting, java.security.jgss, java.security.sasl, java.sql, java.transaction.xa, java.sql.rowset, java.xml.crypto, jdk.internal.jvmstat, jdk.internal.opt, jdk.zipfs, jdk.management.agent, jdk.jdwp.agent, jdk.internal.ed, jdk.internal.le]
e: C:/Users/redfa/.gradle/caches/modules-2/files-2.1/org.jetbrains/annotations/26.0.2/c7ce3cdeda3d18909368dfe5977332dfad326c6d/annotations-26.0.2.jar!/META-INF/annotations.kotlin_module: Module was compiled with an incompatible version of Kotlin. The binary version of its metadata is 1.9.0, expected version is 1.5.1.

> Task :1.16.1:preprocessCode
v: Loading modules: [java.se, jdk.accessibility, jdk.attach, jdk.compiler, jdk.dynalink, jdk.httpserver, jdk.incubator.vector, jdk.jartool, jdk.javadoc, jdk.jconsole, jdk.jdi, jdk.jfr, jdk.jshell, jdk.jsobject, jdk.management, jdk.management.jfr, jdk.net, jdk.nio.mapmode, jdk.sctp, jdk.security.auth, jdk.security.jgss, jdk.unsupported, jdk.unsupported.desktop, jdk.xml.dom, java.base, java.compiler, java.datatransfer, java.desktop, java.xml, java.instrument, java.logging, java.management, java.management.rmi, java.rmi, java.naming, java.net.http, java.prefs, java.scripting, java.security.jgss, java.security.sasl, java.sql, java.transaction.xa, java.sql.rowset, java.xml.crypto, jdk.internal.jvmstat, jdk.internal.opt, jdk.zipfs, jdk.management.agent, jdk.jdwp.agent, jdk.internal.ed, jdk.internal.le]
e: C:/Users/redfa/.gradle/caches/modules-2/files-2.1/org.jetbrains/annotations/26.0.2/c7ce3cdeda3d18909368dfe5977332dfad326c6d/annotations-26.0.2.jar!/META-INF/annotations.kotlin_module: Module was compiled with an incompatible version of Kotlin. The binary version of its metadata is 1.9.0, expected version is 1.5.1.
v: Loading modules: [java.se, jdk.accessibility, jdk.attach, jdk.compiler, jdk.dynalink, jdk.httpserver, jdk.incubator.vector, jdk.jartool, jdk.javadoc, jdk.jconsole, jdk.jdi, jdk.jfr, jdk.jshell, jdk.jsobject, jdk.management, jdk.management.jfr, jdk.net, jdk.nio.mapmode, jdk.sctp, jdk.security.auth, jdk.security.jgss, jdk.unsupported, jdk.unsupported.desktop, jdk.xml.dom, java.base, java.compiler, java.datatransfer, java.desktop, java.xml, java.instrument, java.logging, java.management, java.management.rmi, java.rmi, java.naming, java.net.http, java.prefs, java.scripting, java.security.jgss, java.security.sasl, java.sql, java.transaction.xa, java.sql.rowset, java.xml.crypto, jdk.internal.jvmstat, jdk.internal.opt, jdk.zipfs, jdk.management.agent, jdk.jdwp.agent, jdk.internal.ed, jdk.internal.le]
e: C:/Users/redfa/.gradle/caches/modules-2/files-2.1/org.jetbrains/annotations/26.0.2/c7ce3cdeda3d18909368dfe5977332dfad326c6d/annotations-26.0.2.jar!/META-INF/annotations.kotlin_module: Module was compiled with an incompatible version of Kotlin. The binary version of its metadata is 1.9.0, expected version is 1.5.1.

> Task :1.16.1:compileJava
> Task :1.21:preprocessResources UP-TO-DATE
> Task :1.20.6:preprocessResources UP-TO-DATE
> Task :1.20.5:preprocessResources UP-TO-DATE
> Task :1.20.4:preprocessResources UP-TO-DATE
> Task :1.20.2:preprocessResources UP-TO-DATE
> Task :1.20.1:preprocessResources UP-TO-DATE
> Task :1.19.4:preprocessResources UP-TO-DATE
> Task :1.18.2:preprocessResources UP-TO-DATE
> Task :1.18:preprocessResources UP-TO-DATE
> Task :1.17.1:preprocessResources UP-TO-DATE
> Task :1.16.5:preprocessResources UP-TO-DATE
> Task :1.16.1:preprocessResources UP-TO-DATE
> Task :1.16.1:processResources UP-TO-DATE
> Task :1.16.1:classes
> Task :1.16.1:generateLog4jConfig UP-TO-DATE
> Task :1.16.1:generateRemapClasspath UP-TO-DATE
> Task :1.16.1:generateDLIConfig UP-TO-DATE
> Task :1.16.1:configureLaunch UP-TO-DATE
> Task :1.16.1:downloadAssets UP-TO-DATE
> Task :1.16.1:extractNatives UP-TO-DATE
> Task :1.16.1:configureClientLaunch UP-TO-DATE

> Task :1.16.1:runClient
2026-09-24 00:07:13,822 main ERROR Error processing element Queue ([Appenders: null]): CLASS_NOT_FOUND
2026-09-24 00:07:14,406 main ERROR Unable to locate appender "ServerGuiConsole" for logger config "root"
[00:07:14] [main/INFO] (FabricLoader/GameProvider) Loading Minecraft 1.16.1 with Fabric Loader 0.16.7
[00:07:14] [ForkJoinPool-1-worker-6/WARN] (FabricLoader/Metadata) Mod tungsten uses the version ALPHA-1.6.0-1.16.1-SNAPSHOT which isn't compatible with Loader's extended semantic version format (Could not parse version number component 'ALPHA'!), SemVer is recommended for reliably evaluating dependencies and prioritizing newer version
[00:07:14] [main/INFO] (FabricLoader) Loading 46 mods:
	- altoclef 1.16.1-0.19
	- baritone 1.16.1-ostinato
	- fabric 0.18.0+build.387-1.16.1
	- fabric-api-base 0.1.3+12a8474c02
	- fabric-biomes-v1 0.2.7+059ea86602
	- fabric-blockrenderlayer-v1 1.1.4+c6a8ea8902
	- fabric-command-api-v1 1.0.8+5ce5339802
	- fabric-commands-v0 0.2.0+52d3083602
	- fabric-containers-v0 0.1.8+045df74f02
	- fabric-content-registries-v0 0.1.9+059ea86602
	- fabric-crash-report-info-v1 0.1.2+b7f9825d02
	- fabric-dimensions-v1 1.0.0+a71b305302
	- fabric-events-interaction-v0 0.4.0+e540c58402
	- fabric-events-lifecycle-v0 0.2.0+16acbe5b02
	- fabric-game-rule-api-v1 1.0.0+fe81e12502
	- fabric-item-api-v1 1.0.0+16acbe5b02
	- fabric-item-groups-v0 0.2.0+438f963602
	- fabric-key-binding-api-v1 1.0.1+f404f3be02
	- fabric-keybindings-v0 0.2.0+3fa9f7c502
	- fabric-lifecycle-events-v1 1.2.0+e83e061c02
	- fabric-loot-tables-v1 1.0.0+386eb69e02
	- fabric-mining-levels-v0 0.1.2+b764ce9902
	- fabric-models-v0 0.1.0+dfdb52d602
	- fabric-networking-blockentity-v0 0.2.5+b50ffc7b02
	- fabric-networking-v0 0.1.10+e00ecb5f02
	- fabric-object-builder-api-v1 1.5.7+2242e77202
	- fabric-object-builders-v0 0.6.1+a2d21ddd02
	- fabric-particles-v1 0.2.1+0a6f2a7002
	- fabric-registry-sync-v0 0.3.8+7dba2d6c02
	- fabric-renderer-api-v1 0.2.13+eae12eb802
	- fabric-renderer-indigo 0.3.4+34d6c87102
	- fabric-renderer-registries-v1 2.1.0+be551d3c02
	- fabric-rendering-data-attachment-v1 0.1.3+b7f9825d02
	- fabric-rendering-fluids-v1 0.1.8+b7084faa02
	- fabric-rendering-v0 1.1.0+5341049002
	- fabric-rendering-v1 1.1.2+346247d702
	- fabric-resource-loader-v0 0.2.6+f41e209802
	- fabric-screen-handler-api-v1 1.1.0+97324d1102
	- fabric-tag-extensions-v0 0.2.7+a4c57d8e02
	- fabric-textures-v0 1.0.4+eae12eb802
	- fabric-tool-attribute-api-v1 1.2.1+91fca5cd02
	- fabricloader 0.16.7
	- java 21
	- minecraft 1.16.1
	- mixinextras 0.4.1
	- tungsten ALPHA-1.6.0-1.16.1-SNAPSHOT
[00:07:14] [main/INFO] (FabricLoader/Mixin) SpongePowered MIXIN Subsystem Version=0.8.7 Source=file:/C:/Users/redfa/.gradle/caches/modules-2/files-2.1/net.fabricmc/sponge-mixin/0.15.3+mixin.0.8.7/51ee0a44ab05f6fddd66b09e66b3a16904f9c55d/sponge-mixin-0.15.3+mixin.0.8.7.jar Service=Knot/Fabric Env=CLIENT
[00:07:15] [main/INFO] (FabricLoader/Mixin) Loaded Fabric development mappings for mixin remapper!
[00:07:15] [main/INFO] (FabricLoader/Mixin) Compatibility level set to JAVA_21
[00:07:15] [main/WARN] (FabricLoader/Mixin) Error loading class: me/jellysquid/mods/sodium/client/world/SodiumChunkManager (java.lang.ClassNotFoundException: me/jellysquid/mods/sodium/client/world/SodiumChunkManager)
[00:07:15] [main/WARN] (FabricLoader/Mixin) Error loading class: me/jellysquid/mods/sodium/client/util/collections/FixedLongHashTable (java.lang.ClassNotFoundException: me/jellysquid/mods/sodium/client/util/collections/FixedLongHashTable)
[00:07:15] [main/INFO] (FabricLoader/MixinExtras|Service) Initializing MixinExtras via com.llamalad7.mixinextras.service.MixinExtrasServiceImpl(version=0.4.1).
[00:07:18] [main/INFO] (FabricLoader/Mixin) altoclef.mixins.json:AxeItemAccessor from mod altoclef->@Accessor[FIELD_GETTER]::getEffectiveMaterials()Ljava/util/Set; should be static as its target is
[00:07:20] [main/INFO] (Minecraft) Environment: authHost='https://authserver.mojang.com', accountsHost='https://api.mojang.com', sessionHost='https://sessionserver.mojang.com', name='PROD'
[00:07:20] [main/INFO] (Minecraft) Setting user: Player583
[00:07:20] [main/INFO] (Indigo) [Indigo] Registering Indigo renderer!
[00:07:21] [main/INFO] (Minecraft) [STDERR]: [LWJGL] [ThreadLocalUtil] Unsupported JNI version detected, this may result in a crash. Please inform LWJGL developers.
[00:07:21] [main/INFO] (Minecraft) Backend library: LWJGL version 3.3.2-snapshot
[00:07:23] [main/INFO] (Minecraft) Narrator library for x64 successfully loaded
[00:07:23] [main/INFO] (Minecraft) [STDOUT]: TENORCLEF: Global Init
[00:07:23] [main/INFO] (Minecraft) [CHAT] [Baritone] Baritone settings file not found, resetting.
[00:07:25] [main/INFO] (Minecraft) Reloading ResourceManager: Default, Fabric Registry Sync (v0), Fabric Crash Report Info (v1), Fabric Game Rule API (v1), Fabric Models (v0), Fabric Rendering (v0), Fabric Events Lifecycle (v0), Fabric Renderer Registries (v1), Fabric Tool Attribute API (v1), Fabric Containers (v0), Fabric Renderer - Indigo, Fabric Key Binding API (v1), Fabric Tag Extensions (v0), Fabric Rendering Data Attachment (v1), Fabric Object Builders (v0), Fabric Networking Block Entity (v0), Fabric Textures (v0), Fabric API Base, Fabric Item API (v1), Fabric Events Interaction (v0), Fabric Renderer API (v1), Fabric Biomes (v1), Fabric Mining Levels (v0), Fabric Networking (v0), Alto Clef, Fabric Loader, Fabric Lifecycle Events (v1), Fabric Content Registries (v0), Fabric Rendering Fluids (v1), Fabric Loot Tables (v1), Fabric Screen Handler API (v1), Fabric Key Bindings (v0), Fabric BlockRenderLayer Registration (v1), Tungsten, Fabric API, Fabric Object Builder API (v1), Fabric Item Groups (v0), Fabric Resource Loader (v0), Fabric Rendering (v1)
[00:07:25] [main/INFO] (Minecraft) [STDOUT]: TENORCLEF: MIXIN OK ClientTickMixin injected into MinecraftClient.tick()
[00:07:25] [main/INFO] (Minecraft) [STDOUT]: TENORCLEF: HARNESS: AUTOWORLD: fresh-world create armed (firing in 3s)
[00:07:28] [main/INFO] (Minecraft) [STDOUT]: TENORCLEF: HARNESS: AUTOWORLD: creating fresh world 'AutoRun_20260924_000728' mode=survival difficulty=easy hardcore=false
[00:07:30] [main/WARN] (Minecraft) Ambiguity between arguments [teleport, destination] and [teleport, targets] with inputs: [Player, 0123, @e, dd12be42-52a9-4a91-a8a1-11c01849e498]
[00:07:30] [main/WARN] (Minecraft) Ambiguity between arguments [teleport, location] and [teleport, destination] with inputs: [0.1 -0.5 .9, 0 0 0]
[00:07:30] [main/WARN] (Minecraft) Ambiguity between arguments [teleport, location] and [teleport, targets] with inputs: [0.1 -0.5 .9, 0 0 0]
[00:07:30] [main/WARN] (Minecraft) Ambiguity between arguments [teleport, targets] and [teleport, destination] with inputs: [Player, 0123, dd12be42-52a9-4a91-a8a1-11c01849e498]
[00:07:30] [main/WARN] (Minecraft) Ambiguity between arguments [teleport, targets, location] and [teleport, targets, destination] with inputs: [0.1 -0.5 .9, 0 0 0]
[00:07:30] [main/INFO] (Minecraft) Reloading ResourceManager: Default, Fabric Registry Sync (v0), Fabric Crash Report Info (v1), Fabric Game Rule API (v1), Fabric Models (v0), Fabric Rendering (v0), Fabric Events Lifecycle (v0), Fabric Renderer Registries (v1), Fabric Tool Attribute API (v1), Fabric Containers (v0), Fabric Renderer - Indigo, Fabric Key Binding API (v1), Fabric Tag Extensions (v0), Fabric Rendering Data Attachment (v1), Fabric Object Builders (v0), Fabric Networking Block Entity (v0), Fabric Textures (v0), Fabric API Base, Fabric Item API (v1), Fabric Events Interaction (v0), Fabric Renderer API (v1), Fabric Biomes (v1), Fabric Mining Levels (v0), Fabric Networking (v0), Alto Clef, Fabric Loader, Fabric Lifecycle Events (v1), Fabric Content Registries (v0), Fabric Rendering Fluids (v1), Fabric Loot Tables (v1), Fabric Screen Handler API (v1), Fabric Key Bindings (v0), Fabric BlockRenderLayer Registration (v1), Tungsten, Fabric API, Fabric Object Builder API (v1), Fabric Item Groups (v0), Fabric Resource Loader (v0), Fabric Rendering (v1), Fabric Tool Attribute API (v1)
[00:07:32] [main/INFO] (Minecraft) Loaded 7 recipes
[00:07:33] [main/INFO] (Minecraft) Loaded 927 advancements
[00:07:34] [main/INFO] (Minecraft) Environment: authHost='https://authserver.mojang.com', accountsHost='https://api.mojang.com', sessionHost='https://sessionserver.mojang.com', name='PROD'
[00:07:34] [Server thread/INFO] (Minecraft) Starting integrated minecraft server version 1.16.1
[00:07:34] [Server thread/INFO] (Minecraft) Generating keypair
[00:07:38] [Server thread/INFO] (Minecraft) Preparing start region for dimension minecraft:overworld
[00:07:38] [main/INFO] (Minecraft) Preparing spawn area: 0%
[00:07:38] [main/INFO] (Minecraft) Preparing spawn area: 0%
[00:07:39] [main/INFO] (Minecraft) Preparing spawn area: 1%
[00:07:39] [main/INFO] (Minecraft) Preparing spawn area: 3%
[00:07:40] [main/INFO] (Minecraft) Preparing spawn area: 9%
[00:07:40] [main/INFO] (Minecraft) Preparing spawn area: 9%
[00:07:41] [main/INFO] (Minecraft) Preparing spawn area: 16%
[00:07:41] [main/INFO] (Minecraft) Preparing spawn area: 20%
[00:07:42] [main/INFO] (Minecraft) Preparing spawn area: 24%
[00:07:42] [main/INFO] (Minecraft) Preparing spawn area: 27%
[00:07:43] [main/INFO] (Minecraft) Preparing spawn area: 33%
[00:07:43] [main/INFO] (Minecraft) Preparing spawn area: 35%
[00:07:44] [main/INFO] (Minecraft) Preparing spawn area: 35%
[00:07:45] [main/INFO] (Minecraft) Preparing spawn area: 48%
[00:07:45] [main/INFO] (Minecraft) Preparing spawn area: 57%
[00:07:45] [main/INFO] (Minecraft) Preparing spawn area: 65%
[00:07:46] [main/INFO] (Minecraft) Preparing spawn area: 71%
[00:07:46] [main/INFO] (Minecraft) Preparing spawn area: 79%
[00:07:47] [main/INFO] (Minecraft) Preparing spawn area: 85%
[00:07:47] [main/INFO] (Minecraft) Preparing spawn area: 91%
[00:07:48] [main/INFO] (Minecraft) Time elapsed: 9868 ms
[00:07:48] [Server thread/INFO] (Minecraft) Changing view distance to 11, from 10
[00:07:49] [main/INFO] (Minecraft) [STDOUT]: TENORCLEF: HARNESS: AUTOWORLD: create call returned — waiting for join
[00:07:49] [Server thread/INFO] (Minecraft) Player583[local:E:ef41aa15] logged in with entity id 253 at (52.5, 67.0, -26.5)
[00:07:49] [Server thread/INFO] (Minecraft) Player583 joined the game
[00:07:49] [main/INFO] (Minecraft) OpenAL initialized.
[00:07:49] [main/INFO] (Minecraft) Sound engine started
[00:07:49] [main/INFO] (Minecraft) Created: 1024x1024x4 minecraft:textures/atlas/blocks.png-atlas
[00:07:49] [main/INFO] (Minecraft) Created: 256x128x4 minecraft:textures/atlas/signs.png-atlas
[00:07:49] [main/INFO] (Minecraft) Created: 1024x512x4 minecraft:textures/atlas/banner_patterns.png-atlas
[00:07:50] [main/INFO] (Minecraft) Created: 1024x512x4 minecraft:textures/atlas/shield_patterns.png-atlas
[00:07:50] [main/INFO] (Minecraft) Created: 256x256x4 minecraft:textures/atlas/chest.png-atlas
[00:07:50] [main/INFO] (Minecraft) Created: 512x256x4 minecraft:textures/atlas/beds.png-atlas
[00:07:50] [main/INFO] (Minecraft) Created: 512x256x4 minecraft:textures/atlas/shulker_boxes.png-atlas
[00:07:50] [main/INFO] (Minecraft) Created: 256x256x0 minecraft:textures/atlas/particles.png-atlas
[00:07:50] [main/INFO] (Minecraft) Created: 256x256x0 minecraft:textures/atlas/paintings.png-atlas
[00:07:50] [main/INFO] (Minecraft) Created: 256x128x0 minecraft:textures/atlas/mob_effects.png-atlas
[00:07:51] [main/INFO] (Minecraft) [STDOUT]: Baritone world data dir: C:\Users\redfa\Documents\MinecraftDev\altoclef\versions\1.16.1\run\saves\AutoRun_20260924_000728\.\baritone
[00:07:51] [main/INFO] (Minecraft) [STDOUT]: Cached world directory: C:\Users\redfa\Documents\MinecraftDev\altoclef\versions\1.16.1\run\saves\AutoRun_20260924_000728\.\baritone\cache
[00:07:51] [main/INFO] (Minecraft) [STDOUT]: Would save waypoints to C:\Users\redfa\Documents\MinecraftDev\altoclef\versions\1.16.1\run\saves\AutoRun_20260924_000728\.\baritone\waypoints
[00:07:51] [Server thread/INFO] (Minecraft) Saving and pausing game...
[00:07:51] [main/INFO] (Minecraft) Loaded 0 advancements
[00:07:51] [main/INFO] (Minecraft) [STDOUT]: TENORCLEF: HARNESS: AUTORUN: armed 'testrun2' (firing in 5s)
[00:07:51] [Server thread/INFO] (Minecraft) Saving chunks for level 'ServerLevel[AutoRun_20260924_000728]'/minecraft:overworld
[00:07:52] [Server thread/INFO] (Minecraft) Saving chunks for level 'ServerLevel[AutoRun_20260924_000728]'/minecraft:the_nether
[00:07:52] [Server thread/INFO] (Minecraft) Saving chunks for level 'ServerLevel[AutoRun_20260924_000728]'/minecraft:the_end
[00:07:53] [Server thread/WARN] (Minecraft) Can't keep up! Is the server overloaded? Running 2262ms or 45 ticks behind
[00:07:56] [main/INFO] (Minecraft) [STDOUT]: TENORCLEF: HARNESS: AUTORUN: executing 'testrun2'
[00:07:56] [main/INFO] (Minecraft) [CHAT] §2§l§o[TenorClef] §rAUTORUN: executing 'testrun2'
[00:07:56] [main/INFO] (Minecraft) [CHAT] §2§l§o[TenorClef] §rTESRUN2 start — @stop to cancel
[00:07:56] [main/INFO] (Minecraft) [CHAT] §2§l§o[TenorClef] §rUser Task Set: <testrun2/BOOTSTRAP> 
[00:07:56] [main/INFO] (Minecraft) [CHAT] §2§l§o[TenorClef] §rTESRUN2 clock 0:00.0
[00:07:56] [main/INFO] (Minecraft) [CHAT] §2§l§o[TenorClef] §rTungstenBridge: kaptainwutax.tungsten bound
[00:07:56] [main/INFO] (Minecraft) [CHAT] §2§l§o[TenorClef] §rTESRUN2 start Tungsten backend: AVAILABLE (kaptainwutax.tungsten bound; mover=BARITONE) eyes=12 rods=6 skipDiamond=true
[00:07:56] [main/INFO] (Minecraft) [CHAT] §2§l§o[TenorClef] §rT2 [HIST] 0:00.0 PHASE  -> BOOTSTRAP
[00:07:56] [main/INFO] (Minecraft) [CHAT] §2§l§o[TenorClef] §rT2 [HIST] 0:00.0 DIM  -> OVERWORLD at 52,67,-27
[00:07:56] [main/INFO] (Minecraft) [CHAT] §2§l§o[TenorClef] §rT2 [HIST] 0:00.0 CHILD  -> - ph=BOOTSTRAP @52,67,-27 sky=15 wet=false ground=true pick=0 buck=0 iron=0 ore=0 rods=0 pearls=0 eyes=0
[00:07:56] [main/INFO] (Minecraft) [CHAT] §2§l§o[TenorClef] §rT2 [HIST] 0:00.0 WHY wood: mine 1.16 logs only (no air)
[00:07:56] [main/INFO] (Minecraft) [CHAT] §2§l§o[TenorClef] §rT2 [HIST] 0:00.0 CHILD - -> MineAndCollectTask ph=BOOTSTRAP @52,67,-27 sky=15 wet=false ground=true pick=0 buck=0 iron=0 ore=0 rods=0 pearls=0 eyes=0
[00:07:56] [main/INFO] (Minecraft) [CHAT] §2§l§o[TenorClef] §rT2 [NOW] t=0:00.8 ph=BOOTSTRAP @52,67,-26 do=<Mine And Collect: [[oak_log,birch_log,spruce_log,jungle_log,acacia_log,dark_oak_log] x 2]>  eq=air woodpick=0 stonepick=0 pick=0 iron=0 buck=0
[00:07:57] [main/INFO] (Minecraft) [CHAT] §2§l§o[TenorClef] §rT2 [NOW] t=0:01.9 ph=BOOTSTRAP @52,67,-26 do=<Mine And Collect: [[oak_log,birch_log,spruce_log,jungle_log,acacia_log,dark_oak_log] x 2]>  eq=air woodpick=0 stonepick=0 pick=0 iron=0 buck=0
[00:07:58] [main/INFO] (Minecraft) [CHAT] §2§l§o[TenorClef] §rT2 [HIST] 0:02.3 SNAP ph=BOOTSTRAP @52,67,-26 sky=15 wet=false ground=true pick=0 buck=0 iron=0 ore=0 rods=0 pearls=0 eyes=0 child=MineAndCollectTask dbg=<Mine And Collect: [[oak_log,birch_log,spruce_log,jungle_log,acacia_log,dark_oak_log] x 2]>  mobs=none
[00:07:58] [main/INFO] (Minecraft) [CHAT] §2§l§o[TenorClef] §rT2 [NOW] t=0:02.9 ph=BOOTSTRAP @52,67,-26 do=<Mine And Collect: [[oak_log,birch_log,spruce_log,jungle_log,acacia_log,dark_oak_log] x 2]>  eq=air woodpick=0 stonepick=0 pick=0 iron=0 buck=0
[00:07:59] [main/INFO] (Minecraft) [CHAT] §2§l§o[TenorClef] §rT2 [NOW] t=0:03.8 ph=BOOTSTRAP @52,67,-26 do=<Mine And Collect: [[oak_log,birch_log,spruce_log,jungle_log,acacia_log,dark_oak_log] x 2]>  eq=air woodpick=0 stonepick=0 pick=0 iron=0 buck=0
[00:08:00] [main/INFO] (Minecraft) [CHAT] §2§l§o[TenorClef] §rT2 [NOW] t=0:04.8 ph=BOOTSTRAP @52,67,-26 do=<Mine And Collect: [[oak_log,birch_log,spruce_log,jungle_log,acacia_log,dark_oak_log] x 2]>  eq=air woodpick=0 stonepick=0 pick=0 iron=0 buck=0
[00:08:00] [main/INFO] (Minecraft) [CHAT] §2§l§o[TenorClef] §rT2 [HIST] 0:04.8 SNAP ph=BOOTSTRAP @52,67,-26 sky=15 wet=false ground=true pick=0 buck=0 iron=0 ore=0 rods=0 pearls=0 eyes=0 child=MineAndCollectTask dbg=<Mine And Collect: [[oak_log,birch_log,spruce_log,jungle_log,acacia_log,dark_oak_log] x 2]>  mobs=none
[00:08:01] [main/INFO] (Minecraft) [CHAT] §2§l§o[TenorClef] §rT2 [NOW] t=0:05.8 ph=BOOTSTRAP @52,67,-26 do=<Mine And Collect: [[oak_log,birch_log,spruce_log,jungle_log,acacia_log,dark_oak_log] x 2]>  eq=air woodpick=0 stonepick=0 pick=0 iron=0 buck=0
[00:08:03] [main/INFO] (Minecraft) [CHAT] §2§l§o[TenorClef] §rT2 [NOW] t=0:06.9 ph=BOOTSTRAP @52,67,-26 do=<Mine And Collect: [[oak_log,birch_log,spruce_log,jungle_log,acacia_log,dark_oak_log] x 2]>  eq=air woodpick=0 stonepick=0 pick=0 iron=0 buck=0
[00:08:03] [main/INFO] (Minecraft) [CHAT] §2§l§o[TenorClef] §rT2 [HIST] 0:07.3 SNAP ph=BOOTSTRAP @52,67,-26 sky=15 wet=false ground=true pick=0 buck=0 iron=0 ore=0 rods=0 pearls=0 eyes=0 child=MineAndCollectTask dbg=<Mine And Collect: [[oak_log,birch_log,spruce_log,jungle_log,acacia_log,dark_oak_log] x 2]>  mobs=none
[00:08:03] [main/INFO] (Minecraft) [CHAT] §2§l§o[TenorClef] §rT2 [NOW] t=0:07.8 ph=BOOTSTRAP @52,67,-26 do=<Mine And Collect: [[oak_log,birch_log,spruce_log,jungle_log,acacia_log,dark_oak_log] x 2]>  eq=air woodpick=0 stonepick=0 pick=0 iron=0 buck=0
[00:08:04] [main/INFO] (Minecraft) [STDOUT]: ALTO CLEF: WARNING: T2 [E97] wood jump-lock — retarget nearest any-type log churn=1
[00:08:04] [main/INFO] (Minecraft) [CHAT] §2§l§o[TenorClef] §cT2 [E97] wood jump-lock — retarget nearest any-type log churn=1§r
[00:08:04] [main/INFO] (Minecraft) [STDOUT]: ALTO CLEF: WARNING: T2 [S140] replace MineAndCollectTask after 8s same xz
[00:08:04] [main/INFO] (Minecraft) [CHAT] §2§l§o[TenorClef] §cT2 [S140] replace MineAndCollectTask after 8s same xz§r
[00:08:04] [main/INFO] (Minecraft) [CHAT] §2§l§o[TenorClef] §rT2 [HIST] 0:08.3 SOLVE S140 replace MineAndCollectTask after 8s same xz
[00:08:04] [main/INFO] (Minecraft) [CHAT] §2§l§o[TenorClef] §rT2 [HIST] 0:08.3 CHILD MineAndCollectTask -> TimeoutWanderTask ph=BOOTSTRAP @52,67,-26 sky=15 wet=false ground=false pick=0 buck=0 iron=0 ore=0 rods=0 pearls=0 eyes=0
[00:08:04] [pool-5-thread-4/INFO] (Minecraft) [STDOUT]: 499840 movements considered
[00:08:04] [pool-5-thread-4/INFO] (Minecraft) [STDOUT]: Open set size: 20334
[00:08:04] [pool-5-thread-4/INFO] (Minecraft) [STDOUT]: PathNode map size: 43051
[00:08:04] [pool-5-thread-4/INFO] (Minecraft) [STDOUT]: 45349 nodes per second
[00:08:04] [pool-5-thread-4/INFO] (Minecraft) [STDOUT]: Path goes for 44.37341546466758 blocks
[00:08:04] [main/INFO] (Minecraft) [CHAT] §2§l§o[TenorClef] §rT2 [NOW] t=0:08.8 ph=BOOTSTRAP @52,67,-26 do=<Wander for Infinity blocks> Exploring. eq=air woodpick=0 stonepick=0 pick=0 iron=0 buck=0
[00:08:06] [main/INFO] (Minecraft) [CHAT] §2§l§o[TenorClef] §rT2 [NOW] t=0:09.9 ph=BOOTSTRAP @47,66,-26 do=<Wander for Infinity blocks> Exploring. eq=air woodpick=0 stonepick=0 pick=0 iron=0 buck=0
[00:08:06] [pool-5-thread-4/INFO] (Minecraft) [STDOUT]: 411136 movements considered
[00:08:06] [pool-5-thread-4/INFO] (Minecraft) [STDOUT]: Open set size: 16225
[00:08:06] [pool-5-thread-4/INFO] (Minecraft) [STDOUT]: PathNode map size: 34909
[00:08:06] [pool-5-thread-4/INFO] (Minecraft) [STDOUT]: 36787 nodes per second
[00:08:06] [pool-5-thread-4/INFO] (Minecraft) [STDOUT]: Path goes for 38.0 blocks
[00:08:07] [main/INFO] (Minecraft) [CHAT] §2§l§o[TenorClef] §rT2 [NOW] t=0:10.9 ph=BOOTSTRAP @45,66,-28 do=<Wander for Infinity blocks> Exploring. eq=air woodpick=0 stonepick=0 pick=0 iron=0 buck=0
[00:08:07] [pool-5-thread-4/INFO] (Minecraft) [STDOUT]: 543488 movements considered
[00:08:07] [pool-5-thread-4/INFO] (Minecraft) [STDOUT]: Open set size: 21243
[00:08:07] [pool-5-thread-4/INFO] (Minecraft) [STDOUT]: PathNode map size: 45944
[00:08:07] [pool-5-thread-4/INFO] (Minecraft) [STDOUT]: 49309 nodes per second
[00:08:07] [pool-5-thread-4/INFO] (Minecraft) [STDOUT]: Path goes for 95.65563234854496 blocks
[00:08:07] [main/INFO] (Minecraft) [CHAT] §2§l§o[TenorClef] §rT2 [HIST] 0:11.5 SNAP ph=BOOTSTRAP @45,66,-28 sky=14 wet=false ground=true pick=0 buck=0 iron=0 ore=0 rods=0 pearls=0 eyes=0 child=TimeoutWanderTask dbg=<Wander for Infinity blocks> Exploring. mobs=none
[00:08:07] [main/INFO] (Minecraft) [CHAT] §2§l§o[TenorClef] §rT2 [HB] t=0:11.5 ph=BOOTSTRAP y=66 child=TimeoutWanderTask logs=0 pick=0 woodpick=0
[00:08:07] [main/INFO] (Minecraft) [CHAT] §2§l§o[TenorClef] §rT2 [NOW] t=0:11.8 ph=BOOTSTRAP @45,66,-26 do=<Wander for Infinity blocks> Exploring. eq=air woodpick=0 stonepick=0 pick=0 iron=0 buck=0
[00:08:08] [main/INFO] (Minecraft) [CHAT] §2§l§o[TenorClef] §rT2 [NOW] t=0:12.9 ph=BOOTSTRAP @44,66,-20 do=<Wander for Infinity blocks> Exploring. eq=air woodpick=0 stonepick=0 pick=0 iron=0 buck=0
[00:08:09] [main/INFO] (Minecraft) [CHAT] §2§l§o[TenorClef] §rT2 [NOW] t=0:13.9 ph=BOOTSTRAP @44,66,-15 do=<Wander for Infinity blocks> Exploring. eq=air woodpick=0 stonepick=0 pick=0 iron=0 buck=0
[00:08:10] [main/INFO] (Minecraft) [CHAT] §2§l§o[TenorClef] §rT2 [NOW] t=0:14.9 ph=BOOTSTRAP @44,65,-13 do=<Wander for Infinity blocks> Exploring. eq=air woodpick=0 stonepick=0 pick=0 iron=0 buck=0
[00:08:11] [pool-5-thread-4/INFO] (Minecraft) [STDOUT]: 774400 movements considered
[00:08:11] [pool-5-thread-4/INFO] (Minecraft) [STDOUT]: Open set size: 28729
[00:08:11] [pool-5-thread-4/INFO] (Minecraft) [STDOUT]: PathNode map size: 63925
[00:08:11] [pool-5-thread-4/INFO] (Minecraft) [STDOUT]: 70400 nodes per second
[00:08:11] [pool-5-thread-4/INFO] (Minecraft) [STDOUT]: Path goes for 81.89017035029296 blocks
[00:08:11] [main/INFO] (Minecraft) [CHAT] §2§l§o[TenorClef] §rT2 [NOW] t=0:15.8 ph=BOOTSTRAP @44,65,-11 do=<Wander for Infinity blocks> Exploring. eq=air woodpick=0 stonepick=0 pick=0 iron=0 buck=0
[00:08:12] [main/INFO] (Minecraft) [CHAT] §2§l§o[TenorClef] §rT2 [HIST] 0:16.3 WHY wood: mine 1.16 logs only (no air)
[00:08:12] [main/INFO] (Minecraft) [CHAT] §2§l§o[TenorClef] §rT2 [HIST] 0:16.3 CHILD TimeoutWanderTask -> MineAndCollectTask ph=BOOTSTRAP @44,66,-8 sky=15 wet=false ground=false pick=0 buck=0 iron=0 ore=0 rods=0 pearls=0 eyes=0
[00:08:12] [main/INFO] (Minecraft) [CHAT] §2§l§o[TenorClef] §rT2 [HIST] 0:16.4 SNAP ph=BOOTSTRAP @44,66,-8 sky=15 wet=false ground=true pick=0 buck=0 iron=0 ore=0 rods=0 pearls=0 eyes=0 child=MineAndCollectTask dbg=<Mine And Collect: [[oak_log,birch_log,spruce_log,jungle_log,acacia_log,dark_oak_log] x 2]>  mobs=none
[00:08:12] [main/INFO] (Minecraft) [CHAT] §2§l§o[TenorClef] §rT2 [NOW] t=0:16.8 ph=BOOTSTRAP @44,66,-7 do=<Mine And Collect: [[oak_log,birch_log,spruce_log,jungle_log,acacia_log,dark_oak_log] x 2]>  eq=air woodpick=0 stonepick=0 pick=0 iron=0 buck=0
[00:08:13] [main/INFO] (Minecraft) [CHAT] §2§l§o[TenorClef] §rT2 [NOW] t=0:17.8 ph=BOOTSTRAP @46,67,-8 do=<Mine And Collect: [[oak_log,birch_log,spruce_log,jungle_log,acacia_log,dark_oak_log] x 2]>  eq=air woodpick=0 stonepick=0 pick=0 iron=0 buck=0
[00:08:14] [main/INFO] (Minecraft) [CHAT] §2§l§o[TenorClef] §rT2 [NOW] t=0:18.8 ph=BOOTSTRAP @46,66,-9 do=<Mine And Collect: [[oak_log,birch_log,spruce_log,jungle_log,acacia_log,dark_oak_log] x 2]>  eq=air woodpick=0 stonepick=0 pick=0 iron=0 buck=0
[00:08:14] [main/INFO] (Minecraft) [CHAT] §2§l§o[TenorClef] §rT2 [HIST] 0:18.8 SNAP ph=BOOTSTRAP @46,66,-9 sky=13 wet=false ground=true pick=0 buck=0 iron=0 ore=0 rods=0 pearls=0 eyes=0 child=MineAndCollectTask dbg=<Mine And Collect: [[oak_log,birch_log,spruce_log,jungle_log,acacia_log,dark_oak_log] x 2]>  mobs=none
[00:08:15] [main/INFO] (Minecraft) [CHAT] §2§l§o[TenorClef] §rT2 [HB] t=0:18.9 ph=BOOTSTRAP y=66 child=MineAndCollectTask logs=0 pick=0 woodpick=0
[00:08:15] [main/INFO] (Minecraft) [CHAT] §2§l§o[TenorClef] §rT2 [NOW] t=0:19.9 ph=BOOTSTRAP @46,66,-9 do=<Mine And Collect: [[oak_log,birch_log,spruce_log,jungle_log,acacia_log,dark_oak_log] x 2]>  eq=air woodpick=0 stonepick=0 pick=0 iron=0 buck=0
[00:08:16] [main/INFO] (Minecraft) [CHAT] §2§l§o[TenorClef] §rTESRUN2 spawn biome=ForestBiome trees~=10 villageHint=false rpHint=true surfaceLava=0 vDist=unseen rpDist=63  playable
[00:08:16] [main/INFO] (Minecraft) [STDOUT]: ALTO CLEF: WARNING: T2 [S159] spawn ACCEPTED biome=ForestBiome village=false rp=true vDist=unseen rpDist=63 @46,66,-9 probes=0 t=0:19.9
[00:08:16] [main/INFO] (Minecraft) [CHAT] §2§l§o[TenorClef] §cT2 [S159] spawn ACCEPTED biome=ForestBiome village=false rp=true vDist=unseen rpDist=63 @46,66,-9 probes=0 t=0:19.9§r
[00:08:16] [main/INFO] (Minecraft) [CHAT] §2§l§o[TenorClef] §rT2 [HIST] 0:19.9 FORCE S159 spawn ACCEPTED biome=ForestBiome village=false rp=true vDist=unseen rpDist=63 @46,66,-9 probes=0 t=0:19.9
[00:08:16] [main/INFO] (Minecraft) [CHAT] §2§l§o[TenorClef] §rT2 [HIST] 0:20.3 WHY wood: mine 1.16 logs only (no air)
[00:08:16] [main/INFO] (Minecraft) [CHAT] §2§l§o[TenorClef] §rT2 [NOW] t=0:20.8 ph=BOOTSTRAP @46,66,-9 do=<Mine And Collect: [[oak_log,birch_log,spruce_log,jungle_log,acacia_log,dark_oak_log] x 2]>  eq=air woodpick=0 stonepick=0 pick=0 iron=0 buck=0
[00:08:17] [main/INFO] (Minecraft) [CHAT] §2§l§o[TenorClef] §rT2 [HIST] 0:21.3 SNAP ph=BOOTSTRAP @46,66,-9 sky=13 wet=false ground=true pick=0 buck=0 iron=0 ore=0 rods=0 pearls=0 eyes=0 child=MineAndCollectTask dbg=<Mine And Collect: [[oak_log,birch_log,spruce_log,jungle_log,acacia_log,dark_oak_log] x 2]>  mobs=none
[00:08:17] [main/INFO] (Minecraft) [CHAT] §2§l§o[TenorClef] §rT2 [NOW] t=0:21.8 ph=BOOTSTRAP @46,66,-9 do=<Mine And Collect: [[oak_log,birch_log,spruce_log,jungle_log,acacia_log,dark_oak_log] x 2]>  eq=air woodpick=0 stonepick=0 pick=0 iron=0 buck=0
[00:08:18] [main/INFO] (Minecraft) [CHAT] §2§l§o[TenorClef] §rT2 [NOW] t=0:22.8 ph=BOOTSTRAP @46,66,-9 do=<Mine And Collect: [[oak_log,birch_log,spruce_log,jungle_log,acacia_log,dark_oak_log] x 2]>  eq=air woodpick=0 stonepick=0 pick=0 iron=0 buck=0
[00:08:19] [main/INFO] (Minecraft) [CHAT] §2§l§o[TenorClef] §rT2 [NOW] t=0:23.9 ph=BOOTSTRAP @46,66,-9 do=<Mine And Collect: [[oak_log,birch_log,spruce_log,jungle_log,acacia_log,dark_oak_log] x 2]>  eq=air woodpick=0 stonepick=0 pick=0 iron=0 buck=0
[00:08:19] [main/INFO] (Minecraft) [CHAT] §2§l§o[TenorClef] §rT2 [HIST] 0:23.9 SNAP ph=BOOTSTRAP @46,66,-9 sky=13 wet=false ground=true pick=0 buck=0 iron=0 ore=0 rods=0 pearls=0 eyes=0 child=MineAndCollectTask dbg=<Mine And Collect: [[oak_log,birch_log,spruce_log,jungle_log,acacia_log,dark_oak_log] x 2]>  mobs=none
[00:08:20] [main/INFO] (Minecraft) [CHAT] §2§l§o[TenorClef] §rT2 [HB] t=0:23.9 ph=BOOTSTRAP y=66 child=MineAndCollectTask logs=0 pick=0 woodpick=0
[00:08:20] [main/INFO] (Minecraft) [CHAT] §2§l§o[TenorClef] §rT2 [NOW] t=0:24.8 ph=BOOTSTRAP @46,66,-9 do=<Mine And Collect: [[oak_log,birch_log,spruce_log,jungle_log,acacia_log,dark_oak_log] x 2]>  eq=air woodpick=0 stonepick=0 pick=0 iron=0 buck=0
[00:08:21] [pool-5-thread-2/INFO] (Minecraft) [STDOUT]: Saving region -1,0 to disk C:\Users\redfa\Documents\MinecraftDev\altoclef\versions\1.16.1\run\saves\AutoRun_20260924_000728\.\baritone\cache
[00:08:21] [ForkJoinPool.commonPool-worker-1/INFO] (Minecraft) [STDOUT]: Saving region 0,-1 to disk C:\Users\redfa\Documents\MinecraftDev\altoclef\versions\1.16.1\run\saves\AutoRun_20260924_000728\.\baritone\cache
[00:08:21] [ForkJoinPool.commonPool-worker-2/INFO] (Minecraft) [STDOUT]: Saving region 0,0 to disk C:\Users\redfa\Documents\MinecraftDev\altoclef\versions\1.16.1\run\saves\AutoRun_20260924_000728\.\baritone\cache
[00:08:21] [ForkJoinPool.commonPool-worker-3/INFO] (Minecraft) [STDOUT]: Saving region -1,-1 to disk C:\Users\redfa\Documents\MinecraftDev\altoclef\versions\1.16.1\run\saves\AutoRun_20260924_000728\.\baritone\cache
[00:08:21] [main/INFO] (Minecraft) [CHAT] §2§l§o[TenorClef] §rT2 [HIST] 0:25.2 CHILD MineAndCollectTask -> CraftInInventoryTask ph=BOOTSTRAP @46,66,-9 sky=13 wet=false ground=true pick=0 buck=0 iron=0 ore=0 rods=0 pearls=0 eyes=0
[00:08:21] [main/INFO] (Minecraft) Loaded 4 advancements
[00:08:21] [pool-5-thread-2/INFO] (Minecraft) [STDOUT]: Saved region successfully
[00:08:21] [main/INFO] (Minecraft) Loaded 16 advancements
[00:08:21] [ForkJoinPool.commonPool-worker-3/INFO] (Minecraft) [STDOUT]: Saved region successfully
[00:08:21] [ForkJoinPool.commonPool-worker-2/INFO] (Minecraft) [STDOUT]: Saved region successfully
[00:08:21] [ForkJoinPool.commonPool-worker-1/INFO] (Minecraft) [STDOUT]: Saved region successfully
[00:08:21] [pool-5-thread-2/INFO] (Minecraft) [STDOUT]: World save took 617ms
[00:08:21] [main/INFO] (Minecraft) [CHAT] §2§l§o[TenorClef] §rT2 [NOW] t=0:25.8 ph=BOOTSTRAP @46,66,-9 do=<Craft 2x2 Task Recipe{crafting_table}: [[crafting_table]]> Crafting in inventory... for [crafting_table] eq=air woodpick=0 stonepick=0 pick=0 iron=0 buck=0
[00:08:22] [main/INFO] (Minecraft) [CHAT] §2§l§o[TenorClef] §rT2 [HIST] 0:25.9 WHY bootstrap: table exists — wooden pick, not more logs
[00:08:22] [main/INFO] (Minecraft) [CHAT] §2§l§o[TenorClef] §rT2 [HIST] 0:25.9 CHILD CraftInInventoryTask -> CraftInTableTask ph=BOOTSTRAP @46,66,-9 sky=13 wet=false ground=true pick=0 buck=0 iron=0 ore=0 rods=0 pearls=0 eyes=0
[00:08:22] [main/INFO] (Minecraft) Loaded 19 advancements
[00:08:22] [main/INFO] (Minecraft) [CHAT] §2§l§o[TenorClef] §rT2 [HIST] 0:26.3 SNAP ph=BOOTSTRAP @46,66,-9 sky=13 wet=false ground=true pick=0 buck=0 iron=0 ore=0 rods=0 pearls=0 eyes=0 child=CraftInTableTask dbg=<Doing stuff in crafting_table container: [[wooden_pickaxe]]>  mobs=none
[00:08:22] [main/INFO] (Minecraft) [CHAT] §2§l§o[TenorClef] §rT2 [NOW] t=0:26.8 ph=BOOTSTRAP @46,66,-9 do=<Doing stuff in crafting_table container: [[wooden_pickaxe]]>  eq=air woodpick=0 stonepick=0 pick=0 iron=0 buck=0
[00:08:23] [main/INFO] (Minecraft) [CHAT] §2§l§o[TenorClef] §rT2 [NOW] t=0:27.8 ph=BOOTSTRAP @46,66,-9 do=<Doing stuff in crafting_table container: [[wooden_pickaxe]]>  eq=air woodpick=0 stonepick=0 pick=0 iron=0 buck=0
[00:08:24] [main/INFO] (Minecraft) [CHAT] §2§l§o[TenorClef] §rT2 [NOW] t=0:28.8 ph=BOOTSTRAP @46,66,-9 do=<Doing stuff in crafting_table container: [[wooden_pickaxe]]>  eq=air woodpick=0 stonepick=0 pick=0 iron=0 buck=0
[00:08:24] [main/INFO] (Minecraft) [CHAT] §2§l§o[TenorClef] §rT2 [HIST] 0:28.8 SNAP ph=BOOTSTRAP @46,66,-9 sky=13 wet=false ground=true pick=0 buck=0 iron=0 ore=0 rods=0 pearls=0 eyes=0 child=CraftInTableTask dbg=<Doing stuff in crafting_table container: [[wooden_pickaxe]]>  mobs=none
[00:08:25] [main/INFO] (Minecraft) [CHAT] §2§l§o[TenorClef] §rT2 [HB] t=0:28.9 ph=BOOTSTRAP y=66 child=CraftInTableTask logs=0 pick=0 woodpick=0
[00:08:25] [main/INFO] (Minecraft) [CHAT] §2§l§o[TenorClef] §rRefreshed inventory...
[00:08:25] [main/INFO] (Minecraft) [CHAT] §2§l§o[TenorClef] §rT2 [NOW] t=0:29.8 ph=BOOTSTRAP @47,66,-9 do=<Doing stuff in crafting_table container: [[wooden_pickaxe]]>  eq=oak_log woodpick=0 stonepick=0 pick=0 iron=0 buck=0
[00:08:26] [main/INFO] (Minecraft) Loaded 28 advancements
[00:08:26] [main/INFO] (Minecraft) [CHAT] §2§l§o[TenorClef] §rT2 [NOW] t=0:30.8 ph=BOOTSTRAP @47,66,-9 do=<Doing stuff in crafting_table container: [[wooden_pickaxe]]>  eq=oak_log woodpick=0 stonepick=0 pick=0 iron=0 buck=0
[00:08:27] [main/INFO] (Minecraft) [CHAT] §2§l§o[TenorClef] §rT2 [HIST] 0:31.3 SNAP ph=BOOTSTRAP @47,66,-9 sky=12 wet=false ground=true pick=0 buck=0 iron=0 ore=0 rods=0 pearls=0 eyes=0 child=CraftInTableTask dbg=<Doing stuff in crafting_table container: [[wooden_pickaxe]]>  mobs=none
[00:08:27] [main/INFO] (Minecraft) [CHAT] §2§l§o[TenorClef] §rT2 [NOW] t=0:31.8 ph=BOOTSTRAP @47,66,-9 do=<Doing stuff in crafting_table container: [[wooden_pickaxe]]>  eq=oak_log woodpick=0 stonepick=0 pick=0 iron=0 buck=0
[00:08:28] [main/INFO] (Minecraft) [CHAT] [Baritone] Missing materials for at least:
[00:08:28] [main/INFO] (Minecraft) [CHAT] [Baritone] 1x Block{minecraft:cobblestone}
[00:08:28] [main/INFO] (Minecraft) [CHAT] [Baritone] Unable to do it. Pausing. resume to resume, cancel to cancel
[00:08:28] [main/INFO] (Minecraft) [CHAT] §2§l§o[TenorClef] §rT2 [NOW] t=0:32.8 ph=BOOTSTRAP @47,66,-9 do=<Doing stuff in crafting_table container: [[wooden_pickaxe]]>  eq=air woodpick=1 stonepick=0 pick=0 iron=0 buck=0
[00:08:28] [main/INFO] (Minecraft) [CHAT] §2§l§o[TenorClef] §rT2 [I01] BOOTSTRAP -> IRON t=0:32.8
[00:08:28] [main/INFO] (Minecraft) [CHAT] §2§l§o[TenorClef] §rTESRUN2 split IRON  0:32.8
[00:08:29] [main/INFO] (Minecraft) [STDOUT]: ALTO CLEF: WARNING: T2 [S146] iron target locked want=8 at ingot=0 ore=0 metal=0
[00:08:29] [main/INFO] (Minecraft) [CHAT] §2§l§o[TenorClef] §cT2 [S146] iron target locked want=8 at ingot=0 ore=0 metal=0§r
[00:08:29] [main/INFO] (Minecraft) [CHAT] §2§l§o[TenorClef] §rT2 [HIST] 0:32.9 FORCE S146 iron target locked want=8 at ingot=0 ore=0 metal=0
[00:08:29] [main/INFO] (Minecraft) [CHAT] §2§l§o[TenorClef] §rT2 [HIST] 0:32.9 WHY iron: smelt 8 in one furnace
[00:08:29] [main/INFO] (Minecraft) [CHAT] §2§l§o[TenorClef] §rT2 [HIST] 0:32.9 PHASE BOOTSTRAP -> IRON
[00:08:29] [main/INFO] (Minecraft) [CHAT] §2§l§o[TenorClef] §rT2 [HIST] 0:32.9 CHILD CraftInTableTask -> CollectIronIngotTask ph=IRON @47,66,-9 sky=12 wet=false ground=true pick=0 buck=0 iron=0 ore=0 rods=0 pearls=0 eyes=0
[00:08:29] [main/INFO] (Minecraft) [STDOUT]: ALTO CLEF: WARNING: T2 [E109] mine/collect with no pick child=CollectIronIngotTask
[00:08:29] [main/INFO] (Minecraft) [CHAT] §2§l§o[TenorClef] §cT2 [E109] mine/collect with no pick child=CollectIronIngotTask§r
[00:08:29] [main/INFO] (Minecraft) [CHAT] §2§l§o[TenorClef] §rT2 [HIST] 0:33.1 [E109] mine/collect with no pick child=CollectIronIngotTask
[00:08:29] [main/INFO] (Minecraft) [CHAT] §2§l§o[TenorClef] §rT2 [NOW] t=0:33.8 ph=IRON @47,66,-8 do=<Collecting 8 iron.: [[iron_ingot] x 8]>  eq=air woodpick=0 stonepick=0 pick=0 iron=0 buck=0
[00:08:29] [main/INFO] (Minecraft) [CHAT] §2§l§o[TenorClef] §rTESRUN2 split BOOTSTRAP  0:33.8
[00:08:29] [main/INFO] (Minecraft) [CHAT] §2§l§o[TenorClef] §rT2 [HIST] 0:33.9 WHY bootstrap: table exists — wooden pick, not more logs
[00:08:29] [main/INFO] (Minecraft) [CHAT] §2§l§o[TenorClef] §rT2 [HIST] 0:33.9 PHASE IRON -> BOOTSTRAP
[00:08:29] [main/INFO] (Minecraft) [CHAT] §2§l§o[TenorClef] §rT2 [HIST] 0:33.9 CHILD CollectIronIngotTask -> CraftInTableTask ph=BOOTSTRAP @47,66,-8 sky=12 wet=false ground=false pick=0 buck=0 iron=0 ore=0 rods=0 pearls=0 eyes=0
[00:08:29] [main/INFO] (Minecraft) [CHAT] §2§l§o[TenorClef] §rT2 [HIST] 0:33.9 SNAP ph=BOOTSTRAP @47,66,-8 sky=12 wet=false ground=false pick=0 buck=0 iron=0 ore=0 rods=0 pearls=0 eyes=0 child=CraftInTableTask dbg=<Doing stuff in crafting_table container: [[wooden_pickaxe]]>  mobs=none
[00:08:30] [main/INFO] (Minecraft) [STDOUT]: ALTO CLEF: WARNING: T2 [E112] ph IRON->BOOTSTRAP in 983ms
[00:08:30] [main/INFO] (Minecraft) [CHAT] §2§l§o[TenorClef] §cT2 [E112] ph IRON->BOOTSTRAP in 983ms§r
[00:08:30] [main/INFO] (Minecraft) [CHAT] §2§l§o[TenorClef] §rT2 [HIST] 0:33.9 [E112] ph IRON->BOOTSTRAP in 983ms
[00:08:30] [main/INFO] (Minecraft) [CHAT] §2§l§o[TenorClef] §rT2 [NOW] t=0:34.8 ph=BOOTSTRAP @48,67,-6 do=<Doing stuff in crafting_table container: [[wooden_pickaxe]]> Picking up eq=air woodpick=0 stonepick=0 pick=0 iron=0 buck=0
[00:08:31] [main/INFO] (Minecraft) [CHAT] §2§l§o[TenorClef] §rTESRUN2 split IRON  0:35.1
[00:08:31] [main/INFO] (Minecraft) [STDOUT]: ALTO CLEF: WARNING: T2 [S146] iron target locked want=8 at ingot=0 ore=0 metal=0
[00:08:31] [main/INFO] (Minecraft) [CHAT] §2§l§o[TenorClef] §cT2 [S146] iron target locked want=8 at ingot=0 ore=0 metal=0§r
[00:08:31] [main/INFO] (Minecraft) [CHAT] §2§l§o[TenorClef] §rT2 [HIST] 0:35.1 PHASE BOOTSTRAP -> IRON
[00:08:31] [main/INFO] (Minecraft) [CHAT] §2§l§o[TenorClef] §rT2 [HIST] 0:35.1 CHILD CraftInTableTask -> CollectIronIngotTask ph=IRON @48,67,-6 sky=15 wet=false ground=true pick=0 buck=0 iron=0 ore=0 rods=0 pearls=0 eyes=0
[00:08:31] [main/INFO] (Minecraft) [CHAT] §2§l§o[TenorClef] §rT2 [HIST] 0:35.1 [E112] ph BOOTSTRAP->IRON in 1249ms
[00:08:31] [main/INFO] (Minecraft) [CHAT] §2§l§o[TenorClef] §rT2 [NOW] t=0:35.8 ph=IRON @49,67,-5 do=<Collecting 8 iron.: [[iron_ingot] x 8]>  eq=oak_planks woodpick=1 stonepick=0 pick=0 iron=0 buck=0
[00:08:32] [main/INFO] (Minecraft) [CHAT] §2§l§o[TenorClef] §rT2 [HIST] 0:36.3 SNAP ph=IRON @49,67,-5 sky=15 wet=false ground=true pick=0 buck=0 iron=0 ore=0 rods=0 pearls=0 eyes=0 child=CollectIronIngotTask dbg=<Collecting 8 iron.: [[iron_ingot] x 8]>  mobs=none
[00:08:32] [main/INFO] (Minecraft) [CHAT] §2§l§o[TenorClef] §rT2 [NOW] t=0:36.8 ph=IRON @49,66,-5 do=<Collecting 8 iron.: [[iron_ingot] x 8]>  eq=oak_planks woodpick=1 stonepick=0 pick=0 iron=0 buck=0
[00:08:33] [main/INFO] (Minecraft) [CHAT] §2§l§o[TenorClef] §rT2 [HIST] 0:36.9 WHY iron: smelt 8 in one furnace
[00:08:33] [main/INFO] (Minecraft) [CHAT] §2§l§o[TenorClef] §rT2 [NOW] t=0:37.8 ph=IRON @49,65,-5 do=<Collecting 8 iron.: [[iron_ingot] x 8]>  eq=oak_planks woodpick=1 stonepick=0 pick=0 iron=0 buck=0
[00:08:34] [main/INFO] (Minecraft) [CHAT] §2§l§o[TenorClef] §rT2 [NOW] t=0:38.8 ph=IRON @49,64,-5 do=<Collecting 8 iron.: [[iron_ingot] x 8]>  eq=oak_planks woodpick=1 stonepick=0 pick=0 iron=0 buck=0
[00:08:34] [main/INFO] (Minecraft) [CHAT] §2§l§o[TenorClef] §rT2 [HIST] 0:38.8 SNAP ph=IRON @49,64,-5 sky=15 wet=false ground=false pick=0 buck=0 iron=0 ore=0 rods=0 pearls=0 eyes=0 child=CollectIronIngotTask dbg=<Collecting 8 iron.: [[iron_ingot] x 8]>  mobs=none
[00:08:35] [main/INFO] (Minecraft) [STDOUT]: ALTO CLEF: WARNING: T2 [S100] stop jump-walk @49,-5 ph=IRON child=CollectIronIngotTask esc=0
[00:08:35] [main/INFO] (Minecraft) [CHAT] §2§l§o[TenorClef] §cT2 [S100] stop jump-walk @49,-5 ph=IRON child=CollectIronIngotTask esc=0§r
[00:08:35] [main/INFO] (Minecraft) [CHAT] §2§l§o[TenorClef] §rT2 [HIST] 0:38.9 SOLVE S100 stop jump-walk @49,-5 ph=IRON child=CollectIronIngotTask esc=0
[00:08:35] [main/INFO] (Minecraft) [STDOUT]: ALTO CLEF: WARNING: T2 [E100] jumps=6 @49,64,-5 ph=IRON child=CollectIronIngotTask
[00:08:35] [main/INFO] (Minecraft) [CHAT] §2§l§o[TenorClef] §cT2 [E100] jumps=6 @49,64,-5 ph=IRON child=CollectIronIngotTask§r
[00:08:35] [main/INFO] (Minecraft) [CHAT] §2§l§o[TenorClef] §rT2 [HIST] 0:39.5 [E100] jumps=6 @49,64,-5 ph=IRON child=CollectIronIngotTask
[00:08:35] [main/INFO] (Minecraft) [CHAT] §2§l§o[TenorClef] §rT2 [NOW] t=0:39.8 ph=IRON @49,63,-5 do=<Collecting 8 iron.: [[iron_ingot] x 8]>  eq=wooden_pickaxe woodpick=1 stonepick=0 pick=0 iron=0 buck=0
[00:08:36] [main/INFO] (Minecraft) [CHAT] §2§l§o[TenorClef] §rT2 [HB] t=0:40.1 ph=IRON y=63 child=CollectIronIngotTask logs=0 pick=0 woodpick=1
[00:08:36] [main/INFO] (Minecraft) [CHAT] §2§l§o[TenorClef] §rT2 [NOW] t=0:40.8 ph=IRON @49,63,-5 do=<Collecting 8 iron.: [[iron_ingot] x 8]>  eq=wooden_pickaxe woodpick=1 stonepick=0 pick=0 iron=0 buck=0
[00:08:37] [main/INFO] (Minecraft) [CHAT] §2§l§o[TenorClef] §rT2 [HIST] 0:40.9 WHY iron: smelt 8 in one furnace
[00:08:37] [main/INFO] (Minecraft) [STDOUT]: ALTO CLEF: WARNING: T2 [E70] iron stall 6s @49,-5 — clear blacklist + re-pick ore
[00:08:37] [main/INFO] (Minecraft) [CHAT] §2§l§o[TenorClef] §cT2 [E70] iron stall 6s @49,-5 — clear blacklist + re-pick ore§r
[00:08:37] [main/INFO] (Minecraft) [CHAT] §2§l§o[TenorClef] §rT2 [HIST] 0:41.3 SNAP ph=IRON @49,63,-5 sky=15 wet=false ground=true pick=0 buck=0 iron=0 ore=0 rods=0 pearls=0 eyes=0 child=CollectIronIngotTask dbg=<Collecting 8 iron.: [[iron_ingot] x 8]>  mobs=none
[00:08:37] [main/INFO] (Minecraft) [CHAT] §2§l§o[TenorClef] §rT2 [NOW] t=0:41.8 ph=IRON @49,62,-5 do=<Collecting 8 iron.: [[iron_ingot] x 8]>  eq=wooden_pickaxe woodpick=1 stonepick=0 pick=0 iron=0 buck=0
[00:08:37] [Server thread/INFO] (Minecraft) Player583 has made the advancement [Stone Age]
[00:08:38] [main/INFO] (Minecraft) [CHAT] Player583 has made the advancement [Stone Age]
[00:08:38] [main/INFO] (Minecraft) Loaded 43 advancements
[00:08:38] [main/INFO] (Minecraft) [CHAT] §2§l§o[TenorClef] §rT2 [NOW] t=0:42.8 ph=IRON @49,62,-5 do=<Collecting 8 iron.: [[iron_ingot] x 8]>  eq=wooden_pickaxe woodpick=1 stonepick=0 pick=0 iron=0 buck=0
[00:08:39] [main/INFO] (Minecraft) [CHAT] §2§l§o[TenorClef] §rT2 [HIST] 0:43.5 [E100] jumps=6 @49,61,-5 ph=IRON child=CollectIronIngotTask
[00:08:39] [main/INFO] (Minecraft) [STDOUT]: ALTO CLEF: WARNING: T2 [S144] jump-stuck collector — replace CollectIronIngotTask with wander (esc=2)
[00:08:39] [main/INFO] (Minecraft) [CHAT] §2§l§o[TenorClef] §cT2 [S144] jump-stuck collector — replace CollectIronIngotTask with wander (esc=2)§r
[00:08:39] [main/INFO] (Minecraft) [CHAT] §2§l§o[TenorClef] §rT2 [HIST] 0:43.5 SOLVE S144 jump-stuck collector — replace CollectIronIngotTask with wander (esc=2)
[00:08:39] [main/INFO] (Minecraft) [CHAT] §2§l§o[TenorClef] §rT2 [HIST] 0:43.5 CHILD CollectIronIngotTask -> TimeoutWanderTask ph=IRON @49,61,-5 sky=15 wet=false ground=true pick=0 buck=0 iron=0 ore=0 rods=0 pearls=0 eyes=0
[00:08:39] [main/INFO] (Minecraft) [CHAT] §2§l§o[TenorClef] §rT2 [NOW] t=0:43.8 ph=IRON @49,61,-5 do=<Wander for Infinity blocks> Exploring. eq=wooden_pickaxe woodpick=1 stonepick=0 pick=0 iron=0 buck=0
[00:08:40] [pool-5-thread-4/INFO] (Minecraft) [STDOUT]: 792704 movements considered
[00:08:40] [pool-5-thread-4/INFO] (Minecraft) [STDOUT]: Open set size: 31340
[00:08:40] [pool-5-thread-4/INFO] (Minecraft) [STDOUT]: PathNode map size: 67369
[00:08:40] [pool-5-thread-4/INFO] (Minecraft) [STDOUT]: 71920 nodes per second
[00:08:40] [pool-5-thread-4/INFO] (Minecraft) [STDOUT]: Path goes for 106.24970588194586 blocks
[00:08:40] [main/INFO] (Minecraft) [CHAT] §2§l§o[TenorClef] §rT2 [HIST] 0:44.2 SNAP ph=IRON @49,61,-5 sky=15 wet=false ground=true pick=0 buck=0 iron=0 ore=0 rods=0 pearls=0 eyes=0 child=TimeoutWanderTask dbg=<Wander for Infinity blocks> Exploring. mobs=none
[00:08:40] [main/INFO] (Minecraft) [CHAT] §2§l§o[TenorClef] §rT2 [NOW] t=0:44.8 ph=IRON @49,63,-5 do=<Wander for Infinity blocks> Exploring. eq=dirt woodpick=1 stonepick=0 pick=0 iron=0 buck=0
[00:08:41] [main/INFO] (Minecraft) [STDOUT]: ALTO CLEF: WARNING: T2 [E100] jumps=6 @49,64,-5 ph=IRON child=TimeoutWanderTask
[00:08:41] [main/INFO] (Minecraft) [CHAT] §2§l§o[TenorClef] §cT2 [E100] jumps=6 @49,64,-5 ph=IRON child=TimeoutWanderTask§r
[00:08:41] [main/INFO] (Minecraft) [CHAT] §2§l§o[TenorClef] §rT2 [HIST] 0:45.6 [E100] jumps=6 @49,64,-5 ph=IRON child=TimeoutWanderTask
[00:08:41] [main/INFO] (Minecraft) [CHAT] §2§l§o[TenorClef] §rT2 [NOW] t=0:45.8 ph=IRON @49,65,-5 do=<Wander for Infinity blocks> Exploring. eq=dirt woodpick=1 stonepick=0 pick=0 iron=0 buck=0
[00:08:42] [main/INFO] (Minecraft) [CHAT] §2§l§o[TenorClef] §rT2 [HB] t=0:46.8 ph=IRON y=65 child=TimeoutWanderTask logs=0 pick=0 woodpick=1
[00:08:42] [main/INFO] (Minecraft) [CHAT] §2§l§o[TenorClef] §rT2 [NOW] t=0:46.8 ph=IRON @49,65,-5 do=<Wander for Infinity blocks> Exploring. eq=oak_planks woodpick=1 stonepick=0 pick=0 iron=0 buck=0
[00:08:43] [main/INFO] (Minecraft) [CHAT] §2§l§o[TenorClef] §rT2 [NOW] t=0:47.8 ph=IRON @48,67,-5 do=<Wander for Infinity blocks> Exploring. eq=oak_planks woodpick=1 stonepick=0 pick=0 iron=0 buck=0
[00:08:44] [main/INFO] (Minecraft) [CHAT] §2§l§o[TenorClef] §rT2 [NOW] t=0:48.8 ph=IRON @44,68,-3 do=<Wander for Infinity blocks> Exploring. eq=oak_planks woodpick=1 stonepick=0 pick=0 iron=0 buck=0
[00:08:45] [main/INFO] (Minecraft) [CHAT] §2§l§o[TenorClef] §rT2 [HIST] 0:49.2 SNAP ph=IRON @44,68,-2 sky=15 wet=false ground=true pick=0 buck=0 iron=0 ore=0 rods=0 pearls=0 eyes=0 child=TimeoutWanderTask dbg=<Wander for Infinity blocks> Exploring. mobs=none
[00:08:45] [main/INFO] (Minecraft) [CHAT] §2§l§o[TenorClef] §rT2 [NOW] t=0:49.8 ph=IRON @43,69,2 do=<Wander for Infinity blocks> Exploring. eq=oak_planks woodpick=1 stonepick=0 pick=0 iron=0 buck=0
[00:08:46] [pool-5-thread-4/INFO] (Minecraft) [STDOUT]: 680064 movements considered
[00:08:46] [pool-5-thread-4/INFO] (Minecraft) [STDOUT]: Open set size: 28398
[00:08:46] [pool-5-thread-4/INFO] (Minecraft) [STDOUT]: PathNode map size: 59309
[00:08:46] [pool-5-thread-4/INFO] (Minecraft) [STDOUT]: 61824 nodes per second
[00:08:46] [pool-5-thread-4/INFO] (Minecraft) [STDOUT]: Path goes for 155.7754794568131 blocks
[00:08:46] [pool-5-thread-4/INFO] (Minecraft) [STDOUT]: 871552 movements considered
[00:08:46] [pool-5-thread-4/INFO] (Minecraft) [STDOUT]: Open set size: 32431
[00:08:46] [pool-5-thread-4/INFO] (Minecraft) [STDOUT]: PathNode map size: 72046
[00:08:46] [pool-5-thread-4/INFO] (Minecraft) [STDOUT]: 79232 nodes per second
[00:08:46] [pool-5-thread-4/INFO] (Minecraft) [STDOUT]: Path goes for 146.6628787389638 blocks
[00:08:46] [main/INFO] (Minecraft) [CHAT] §2§l§o[TenorClef] §rT2 [NOW] t=0:50.8 ph=IRON @43,70,3 do=<Wander for Infinity blocks> Exploring. eq=oak_planks woodpick=1 stonepick=0 pick=0 iron=0 buck=0
[00:08:47] [main/INFO] (Minecraft) [CHAT] §2§l§o[TenorClef] §rT2 [HIST] 0:51.5 WHY iron: smelt 8 in one furnace
[00:08:47] [main/INFO] (Minecraft) [CHAT] §2§l§o[TenorClef] §rT2 [HIST] 0:51.5 CHILD TimeoutWanderTask -> CollectIronIngotTask ph=IRON @43,71,7 sky=15 wet=false ground=true pick=0 buck=0 iron=0 ore=0 rods=0 pearls=0 eyes=0
[00:08:47] [main/INFO] (Minecraft) [CHAT] §2§l§o[TenorClef] §rT2 [NOW] t=0:51.8 ph=IRON @43,72,8 do=<Collecting 8 iron.: [[iron_ingot] x 8]>  eq=wooden_pickaxe woodpick=1 stonepick=0 pick=0 iron=0 buck=0
[00:08:48] [main/INFO] (Minecraft) [CHAT] §2§l§o[TenorClef] §rT2 [NOW] t=0:52.8 ph=IRON @44,72,9 do=<Collecting 8 iron.: [[iron_ingot] x 8]>  eq=oak_planks woodpick=1 stonepick=0 pick=0 iron=0 buck=0
[00:08:48] [main/INFO] (Minecraft) [CHAT] §2§l§o[TenorClef] §rT2 [HIST] 0:52.8 SNAP ph=IRON @44,72,9 sky=13 wet=false ground=true pick=0 buck=0 iron=0 ore=0 rods=0 pearls=0 eyes=0 child=CollectIronIngotTask dbg=<Collecting 8 iron.: [[iron_ingot] x 8]>  mobs=none
[00:08:49] [main/INFO] (Minecraft) [CHAT] §2§l§o[TenorClef] §rT2 [NOW] t=0:53.8 ph=IRON @44,71,9 do=<Collecting 8 iron.: [[iron_ingot] x 8]>  eq=oak_planks woodpick=1 stonepick=0 pick=0 iron=0 buck=0
[00:08:50] [main/INFO] (Minecraft) [CHAT] §2§l§o[TenorClef] §rT2 [HB] t=0:54.1 ph=IRON y=71 child=CollectIronIngotTask logs=0 pick=0 woodpick=1
[00:08:50] [main/INFO] (Minecraft) [STDOUT]: ALTO CLEF: WARNING: T2 [S130] START trigger=flips=3 ph=IRON prev=CollectIronIngotTask cycle=1 pos=44,70,9 walls=4/4/4 sky=11 place=7 boxed=true hold=false cool=0 ban=0 startY=70 step=0
[00:08:50] [main/INFO] (Minecraft) [CHAT] §2§l§o[TenorClef] §cT2 [S130] START trigger=flips=3 ph=IRON prev=CollectIronIngotTask cycle=1 pos=44,70,9 walls=4/4/4 sky=11 place=7 boxed=true hold=false cool=0 ban=0 startY=70 step=0§r
[00:08:50] [main/INFO] (Minecraft) [CHAT] §2§l§o[TenorClef] §rT2 [HIST] 0:54.5 FORCE S130 START trigger=flips=3 ph=IRON prev=CollectIronIngotTask cycle=1 pos=44,70,9 walls=4/4/4 sky=11 place=7 boxed=true hold=false cool=0 ban=0 startY=70 step=0
[00:08:50] [main/INFO] (Minecraft) [CHAT] §2§l§o[TenorClef] §rT2 [HIST] 0:54.5 PILLAR START flips=3 prev=CollectIronIngotTask
[00:08:50] [main/INFO] (Minecraft) [CHAT] §2§l§o[TenorClef] §rT2 [HIST] 0:54.5 SOLVE S130 pillar-out @44,70,9 ph=IRON flips=3
[00:08:50] [main/INFO] (Minecraft) [CHAT] §2§l§o[TenorClef] §rT2 [HIST] 0:54.5 CHILD CollectIronIngotTask -> HolePillarTask ph=IRON @44,70,9 sky=11 wet=false ground=false pick=0 buck=0 iron=0 ore=0 rods=0 pearls=0 eyes=0
[00:08:50] [main/INFO] (Minecraft) [STDOUT]: ALTO CLEF: WARNING: T2 [S130] tick y=70 slot=0 air=true pos=44,70,9 walls=4/4/4 sky=11 place=7 boxed=true hold=true cool=0 ban=0 startY=70 step=1
[00:08:50] [main/INFO] (Minecraft) [CHAT] §2§l§o[TenorClef] §cT2 [S130] tick y=70 slot=0 air=true pos=44,70,9 walls=4/4/4 sky=11 place=7 boxed=true hold=true cool=0 ban=0 startY=70 step=1§r
[00:08:50] [main/INFO] (Minecraft) [CHAT] §2§l§o[TenorClef] §rT2 [HIST] 0:54.5 FORCE S130 tick y=70 slot=0 air=true pos=44,70,9 walls=4/4/4 sky=11 place=7 boxed=true hold=true cool=0 ban=0 startY=70 step=1
[00:08:50] [main/INFO] (Minecraft) [CHAT] §2§l§o[TenorClef] §rT2 [NOW] t=0:54.8 ph=IRON @44,71,9 do=<T2 pillar-out>  eq=oak_planks woodpick=1 stonepick=0 pick=0 iron=0 buck=0
[00:08:51] [main/INFO] (Minecraft) [STDOUT]: ALTO CLEF: WARNING: T2 [S130] tick y=72 slot=0 air=true pos=44,72,9 walls=1/1/4 sky=13 place=6 boxed=false hold=true cool=0 ban=0 startY=70 step=21
[00:08:51] [main/INFO] (Minecraft) [CHAT] §2§l§o[TenorClef] §cT2 [S130] tick y=72 slot=0 air=true pos=44,72,9 walls=1/1/4 sky=13 place=6 boxed=false hold=true cool=0 ban=0 startY=70 step=21§r
[00:08:51] [main/INFO] (Minecraft) [CHAT] §2§l§o[TenorClef] §rT2 [HIST] 0:55.5 FORCE S130 tick y=72 slot=0 air=true pos=44,72,9 walls=1/1/4 sky=13 place=6 boxed=false hold=true cool=0 ban=0 startY=70 step=21
[00:08:51] [main/INFO] (Minecraft) [CHAT] §2§l§o[TenorClef] §rT2 [NOW] t=0:55.8 ph=IRON @44,73,9 do=<T2 pillar-out>  eq=oak_planks woodpick=1 stonepick=0 pick=0 iron=0 buck=0
[00:08:52] [main/INFO] (Minecraft) [CHAT] §2§l§o[TenorClef] §rT2 [HIST] 0:56.2 SNAP ph=IRON @44,73,9 sky=13 wet=false ground=true pick=0 buck=0 iron=0 ore=0 rods=0 pearls=0 eyes=0 child=HolePillarTask dbg=<T2 pillar-out>  mobs=none
[00:08:52] [main/INFO] (Minecraft) [STDOUT]: ALTO CLEF: WARNING: T2 [E100] jumps=11 @44,73,9 ph=IRON child=HolePillarTask
[00:08:52] [main/INFO] (Minecraft) [CHAT] §2§l§o[TenorClef] §cT2 [E100] jumps=11 @44,73,9 ph=IRON child=HolePillarTask§r
[00:08:52] [main/INFO] (Minecraft) [CHAT] §2§l§o[TenorClef] §rT2 [HIST] 0:56.3 [E100] jumps=11 @44,73,9 ph=IRON child=HolePillarTask
[00:08:52] [main/INFO] (Minecraft) [STDOUT]: ALTO CLEF: WARNING: T2 [S130] tick y=73 slot=3 air=false pos=44,73,9 walls=1/1/1 sky=13 place=5 boxed=false hold=true cool=0 ban=0 startY=70 step=41
[00:08:52] [main/INFO] (Minecraft) [CHAT] §2§l§o[TenorClef] §cT2 [S130] tick y=73 slot=3 air=false pos=44,73,9 walls=1/1/1 sky=13 place=5 boxed=false hold=true cool=0 ban=0 startY=70 step=41§r
[00:08:52] [main/INFO] (Minecraft) [CHAT] §2§l§o[TenorClef] §rT2 [HIST] 0:56.5 FORCE S130 tick y=73 slot=3 air=false pos=44,73,9 walls=1/1/1 sky=13 place=5 boxed=false hold=true cool=0 ban=0 startY=70 step=41
[00:08:52] [main/INFO] (Minecraft) [CHAT] §2§l§o[TenorClef] §rT2 [NOW] t=0:56.8 ph=IRON @44,73,9 do=<T2 pillar-out>  eq=dirt woodpick=1 stonepick=0 pick=0 iron=0 buck=0
[00:08:53] [main/INFO] (Minecraft) [STDOUT]: ALTO CLEF: WARNING: T2 [S133] cool arm ticks=240 reason=stuck-low step=50 y=73 startY=70 ban=44,9 pos=44,73,9 walls=1/1/1 sky=13 place=5 boxed=false hold=true cool=240 ban=240 startY=70 step=50
[00:08:53] [main/INFO] (Minecraft) [CHAT] §2§l§o[TenorClef] §cT2 [S133] cool arm ticks=240 reason=stuck-low step=50 y=73 startY=70 ban=44,9 pos=44,73,9 walls=1/1/1 sky=13 place=5 boxed=false hold=true cool=240 ban=240 startY=70 step=50§r
[00:08:53] [main/INFO] (Minecraft) [CHAT] §2§l§o[TenorClef] §rT2 [HIST] 0:57.0 FORCE S133 cool arm ticks=240 reason=stuck-low step=50 y=73 startY=70 ban=44,9 pos=44,73,9 walls=1/1/1 sky=13 place=5 boxed=false hold=true cool=240 ban=240 startY=70 step=50
[00:08:53] [main/INFO] (Minecraft) [STDOUT]: ALTO CLEF: WARNING: T2 [S136] END reason=stuck-low step=50 y=73 startY=70 roseReal=false giveUp=true pos=44,73,9 walls=1/1/1 sky=13 place=5 boxed=false hold=true cool=240 ban=240 startY=70 step=50
[00:08:53] [main/INFO] (Minecraft) [CHAT] §2§l§o[TenorClef] §cT2 [S136] END reason=stuck-low step=50 y=73 startY=70 roseReal=false giveUp=true pos=44,73,9 walls=1/1/1 sky=13 place=5 boxed=false hold=true cool=240 ban=240 startY=70 step=50§r
[00:08:53] [main/INFO] (Minecraft) [CHAT] §2§l§o[TenorClef] §rT2 [HIST] 0:57.0 FORCE S136 END reason=stuck-low step=50 y=73 startY=70 roseReal=false giveUp=true pos=44,73,9 walls=1/1/1 sky=13 place=5 boxed=false hold=true cool=240 ban=240 startY=70 step=50
[00:08:53] [main/INFO] (Minecraft) [CHAT] §2§l§o[TenorClef] §rT2 [HIST] 0:57.0 PILLAR END stuck-low step=50 y=73 startY=70
[00:08:53] [main/INFO] (Minecraft) [CHAT] §2§l§o[TenorClef] §rT2 [HIST] 0:57.0 WHY iron: smelt 8 in one furnace
[00:08:53] [main/INFO] (Minecraft) [STDOUT]: ALTO CLEF: WARNING: T2 [S136] stick drop pillar -> CollectIronIngotTask finished=true hold=false cool=239 end=stuck-low step=50 y=73 startY=70 pos=44,73,9 walls=1/1/1 sky=13 place=5 boxed=false hold=false cool=239 ban=239 startY=- step=0
[00:08:53] [main/INFO] (Minecraft) [CHAT] §2§l§o[TenorClef] §cT2 [S136] stick drop pillar -> CollectIronIngotTask finished=true hold=false cool=239 end=stuck-low step=50 y=73 startY=70 pos=44,73,9 walls=1/1/1 sky=13 place=5 boxed=false hold=false cool=239 ban=239 startY=- step=0§r
[00:08:53] [main/INFO] (Minecraft) [CHAT] §2§l§o[TenorClef] §rT2 [HIST] 0:57.0 FORCE S136 stick drop pillar -> CollectIronIngotTask finished=true hold=false cool=239 end=stuck-low step=50 y=73 startY=70 pos=44,73,9 walls=1/1/1 sky=13 place=5 boxed=false hold=false cool=239 ban=239 startY=- step=0
[00:08:53] [main/INFO] (Minecraft) [CHAT] §2§l§o[TenorClef] §rT2 [HIST] 0:57.0 CHILD HolePillarTask -> CollectIronIngotTask ph=IRON @44,73,9 sky=13 wet=false ground=true pick=0 buck=0 iron=0 ore=0 rods=0 pearls=0 eyes=0
[00:08:53] [main/INFO] (Minecraft) [STDOUT]: ALTO CLEF: WARNING: T2 [S136] onStop interrupt=CollectIronIngotTask finishWhy=givingUp cool=239 lastEnd=stuck-low step=50 y=73 startY=70 pos=44,73,9 walls=1/1/1 sky=13 place=5 boxed=false hold=false cool=239 ban=239 startY=- step=0
[00:08:53] [main/INFO] (Minecraft) [CHAT] §2§l§o[TenorClef] §cT2 [S136] onStop interrupt=CollectIronIngotTask finishWhy=givingUp cool=239 lastEnd=stuck-low step=50 y=73 startY=70 pos=44,73,9 walls=1/1/1 sky=13 place=5 boxed=false hold=false cool=239 ban=239 startY=- step=0§r
[00:08:53] [main/INFO] (Minecraft) [CHAT] §2§l§o[TenorClef] §rT2 [HIST] 0:57.0 FORCE S136 onStop interrupt=CollectIronIngotTask finishWhy=givingUp cool=239 lastEnd=stuck-low step=50 y=73 startY=70 pos=44,73,9 walls=1/1/1 sky=13 place=5 boxed=false hold=false cool=239 ban=239 startY=- step=0
[00:08:53] [main/INFO] (Minecraft) [CHAT] §2§l§o[TenorClef] §rMineAndCollect: equip item.minecraft.wooden_pickaxe for block.minecraft.stone
[00:08:53] [main/INFO] (Minecraft) [STDOUT]: ALTO CLEF: WARNING: T2 [S138] shaft ban clear left-xz ban=44,9 now=42,9 manh=2 left=229
[00:08:53] [main/INFO] (Minecraft) [CHAT] §2§l§o[TenorClef] §cT2 [S138] shaft ban clear left-xz ban=44,9 now=42,9 manh=2 left=229§r
[00:08:53] [main/INFO] (Minecraft) [CHAT] §2§l§o[TenorClef] §rT2 [HIST] 0:57.6 FORCE S138 shaft ban clear left-xz ban=44,9 now=42,9 manh=2 left=229
[00:08:53] [main/INFO] (Minecraft) [CHAT] §2§l§o[TenorClef] §rMineAndCollect: equip item.minecraft.wooden_pickaxe for block.minecraft.stone
[00:08:53] [main/INFO] (Minecraft) [CHAT] §2§l§o[TenorClef] §rMineAndCollect: equip item.minecraft.wooden_pickaxe for block.minecraft.stone
[00:08:53] [main/INFO] (Minecraft) [CHAT] §2§l§o[TenorClef] §rMineAndCollect: equip item.minecraft.wooden_pickaxe for block.minecraft.stone
[00:08:53] [main/INFO] (Minecraft) [CHAT] §2§l§o[TenorClef] §rT2 [NOW] t=0:57.8 ph=IRON @42,72,9 do=<Collecting 8 iron.: [[iron_ingot] x 8]>  eq=air woodpick=1 stonepick=0 pick=0 iron=0 buck=0
[00:08:53] [main/INFO] (Minecraft) [STDOUT]: ALTO CLEF: WARNING: T2 [S109] equip pick for mining (was holding empty)
[00:08:53] [main/INFO] (Minecraft) [CHAT] §2§l§o[TenorClef] §cT2 [S109] equip pick for mining (was holding empty)§r
[00:08:53] [main/INFO] (Minecraft) [CHAT] §2§l§o[TenorClef] §rT2 [HIST] 0:57.8 SOLVE S109 equip pick for mining (was holding empty)
[00:08:54] [main/INFO] (Minecraft) [CHAT] §2§l§o[TenorClef] §rMineAndCollect: equip item.minecraft.wooden_pickaxe for block.minecraft.stone
[00:08:54] [main/INFO] (Minecraft) [CHAT] §2§l§o[TenorClef] §rMineAndCollect: equip item.minecraft.wooden_pickaxe for block.minecraft.stone
[00:08:54] [main/INFO] (Minecraft) [CHAT] §2§l§o[TenorClef] §rMineAndCollect: equip item.minecraft.wooden_pickaxe for block.minecraft.stone
[00:08:54] [main/INFO] (Minecraft) [CHAT] §2§l§o[TenorClef] §rMineAndCollect: equip item.minecraft.wooden_pickaxe for block.minecraft.stone
[00:08:54] [main/INFO] (Minecraft) [CHAT] §2§l§o[TenorClef] §rMineAndCollect: equip item.minecraft.wooden_pickaxe for block.minecraft.stone
[00:08:54] [main/INFO] (Minecraft) [CHAT] §2§l§o[TenorClef] §rMineAndCollect: equip item.minecraft.wooden_pickaxe for block.minecraft.stone
[00:08:54] [main/INFO] (Minecraft) [CHAT] §2§l§o[TenorClef] §rMineAndCollect: equip item.minecraft.wooden_pickaxe for block.minecraft.stone
[00:08:54] [main/INFO] (Minecraft) [CHAT] §2§l§o[TenorClef] §rMineAndCollect: equip item.minecraft.wooden_pickaxe for block.minecraft.stone
[00:08:54] [main/INFO] (Minecraft) [CHAT] §2§l§o[TenorClef] §rMineAndCollect: equip item.minecraft.wooden_pickaxe for block.minecraft.stone
[00:08:54] [main/INFO] (Minecraft) [CHAT] §2§l§o[TenorClef] §rT2 [NOW] t=0:58.9 ph=IRON @42,71,9 do=<Collecting 8 iron.: [[iron_ingot] x 8]>  eq=wooden_pickaxe woodpick=1 stonepick=0 pick=0 iron=0 buck=0
[00:08:55] [main/INFO] (Minecraft) [CHAT] §2§l§o[TenorClef] §rMineAndCollect: equip item.minecraft.wooden_pickaxe for block.minecraft.stone
[00:08:55] [main/INFO] (Minecraft) [CHAT] §2§l§o[TenorClef] §rT2 [HIST] 0:59.1 SNAP ph=IRON @43,71,9 sky=13 wet=false ground=true pick=0 buck=0 iron=0 ore=0 rods=0 pearls=0 eyes=0 child=CollectIronIngotTask dbg=<Collecting 8 iron.: [[iron_ingot] x 8]>  mobs=none
[00:08:55] [main/INFO] (Minecraft) [CHAT] §2§l§o[TenorClef] §rMineAndCollect: equip item.minecraft.wooden_pickaxe for block.minecraft.stone
[00:08:55] [main/INFO] (Minecraft) [CHAT] §2§l§o[TenorClef] §rMineAndCollect: equip item.minecraft.wooden_pickaxe for block.minecraft.stone
[00:08:55] [main/INFO] (Minecraft) [CHAT] §2§l§o[TenorClef] §rMineAndCollect: equip item.minecraft.wooden_pickaxe for block.minecraft.stone
[00:08:55] [main/INFO] (Minecraft) [CHAT] §2§l§o[TenorClef] §rMineAndCollect: equip item.minecraft.wooden_pickaxe for block.minecraft.stone
[00:08:55] [main/INFO] (Minecraft) [CHAT] §2§l§o[TenorClef] §rMineAndCollect: equip item.minecraft.wooden_pickaxe for block.minecraft.stone
[00:08:55] [main/INFO] (Minecraft) [CHAT] §2§l§o[TenorClef] §rMineAndCollect: equip item.minecraft.wooden_pickaxe for block.minecraft.stone
[00:08:55] [main/INFO] (Minecraft) [CHAT] §2§l§o[TenorClef] §rMineAndCollect: equip item.minecraft.wooden_pickaxe for block.minecraft.stone
[00:08:55] [main/INFO] (Minecraft) [CHAT] §2§l§o[TenorClef] §rMineAndCollect: equip item.minecraft.wooden_pickaxe for block.minecraft.stone
[00:08:55] [main/INFO] (Minecraft) [CHAT] §2§l§o[TenorClef] §rT2 [NOW] t=0:59.8 ph=IRON @43,71,9 do=<Collecting 8 iron.: [[iron_ingot] x 8]>  eq=air woodpick=1 stonepick=0 pick=0 iron=0 buck=0
[00:08:56] [main/INFO] (Minecraft) [CHAT] §2§l§o[TenorClef] §rMineAndCollect: equip item.minecraft.wooden_pickaxe for block.minecraft.stone
[00:08:56] [main/INFO] (Minecraft) [CHAT] §2§l§o[TenorClef] §rMineAndCollect: equip item.minecraft.wooden_pickaxe for block.minecraft.stone
[00:08:56] [main/INFO] (Minecraft) [CHAT] §2§l§o[TenorClef] §rMineAndCollect: equip item.minecraft.wooden_pickaxe for block.minecraft.stone
[00:08:56] [main/INFO] (Minecraft) [CHAT] §2§l§o[TenorClef] §rMineAndCollect: equip item.minecraft.wooden_pickaxe for block.minecraft.stone
[00:08:56] [main/INFO] (Minecraft) [CHAT] §2§l§o[TenorClef] §rMineAndCollect: equip item.minecraft.wooden_pickaxe for block.minecraft.stone
[00:08:56] [main/INFO] (Minecraft) [CHAT] §2§l§o[TenorClef] §rMineAndCollect: equip item.minecraft.wooden_pickaxe for block.minecraft.stone
[00:08:56] [main/INFO] (Minecraft) [CHAT] §2§l§o[TenorClef] §rMineAndCollect: equip item.minecraft.wooden_pickaxe for block.minecraft.stone
[00:08:56] [main/INFO] (Minecraft) [CHAT] §2§l§o[TenorClef] §rMineAndCollect: equip item.minecraft.wooden_pickaxe for block.minecraft.stone
[00:08:56] [main/INFO] (Minecraft) [CHAT] §2§l§o[TenorClef] §rMineAndCollect: equip item.minecraft.wooden_pickaxe for block.minecraft.stone
[00:08:56] [main/INFO] (Minecraft) [CHAT] §2§l§o[TenorClef] §rMineAndCollect: equip item.minecraft.wooden_pickaxe for block.minecraft.stone
[00:08:56] [main/INFO] (Minecraft) [CHAT] §2§l§o[TenorClef] §rT2 [NOW] t=1:00.8 ph=IRON @43,70,9 do=<Collecting 8 iron.: [[iron_ingot] x 8]>  eq=air woodpick=1 stonepick=0 pick=0 iron=0 buck=0
[00:08:56] [main/INFO] (Minecraft) [CHAT] §2§l§o[TenorClef] §rMineAndCollect: equip item.minecraft.wooden_pickaxe for block.minecraft.stone
[00:08:57] [main/INFO] (Minecraft) [CHAT] §2§l§o[TenorClef] §rMineAndCollect: equip item.minecraft.wooden_pickaxe for block.minecraft.stone
[00:08:57] [main/INFO] (Minecraft) [STDOUT]: ALTO CLEF: WARNING: T2 [S135] S130 suppressed why=would-S130 but busy cool=160 flips=3 sameXz=41 child=CollectIronIngotTask cool=160 ban=0 hold=false pos=43,69,9 walls=4/4/4 sky=11 place=7 boxed=true hold=false cool=160 ban=0 startY=- step=0
[00:08:57] [main/INFO] (Minecraft) [CHAT] §2§l§o[TenorClef] §cT2 [S135] S130 suppressed why=would-S130 but busy cool=160 flips=3 sameXz=41 child=CollectIronIngotTask cool=160 ban=0 hold=false pos=43,69,9 walls=4/4/4 sky=11 place=7 boxed=true hold=false cool=160 ban=0 startY=- step=0§r
[00:08:57] [main/INFO] (Minecraft) [CHAT] §2§l§o[TenorClef] §rT2 [HIST] 1:01.0 FORCE S135 S130 suppressed why=would-S130 but busy cool=160 flips=3 sameXz=41 child=CollectIronIngotTask cool=160 ban=0 hold=false pos=43,69,9 walls=4/4/4 sky=11 place=7 boxed=true hold=false cool=160 ban=0 startY=- step=0
[00:08:57] [main/INFO] (Minecraft) [CHAT] §2§l§o[TenorClef] §rMineAndCollect: equip item.minecraft.wooden_pickaxe for block.minecraft.stone
[00:08:57] [main/INFO] (Minecraft) [CHAT] §2§l§o[TenorClef] §rT2 [HIST] 1:01.1 WHY iron: smelt 8 in one furnace
[00:08:57] [main/INFO] (Minecraft) [CHAT] §2§l§o[TenorClef] §rMineAndCollect: equip item.minecraft.wooden_pickaxe for block.minecraft.stone
[00:08:57] [main/INFO] (Minecraft) [CHAT] §2§l§o[TenorClef] §rMineAndCollect: equip item.minecraft.wooden_pickaxe for block.minecraft.stone
[00:08:57] [main/INFO] (Minecraft) [CHAT] §2§l§o[TenorClef] §rMineAndCollect: equip item.minecraft.wooden_pickaxe for block.minecraft.stone
[00:08:57] [main/INFO] (Minecraft) [CHAT] §2§l§o[TenorClef] §rMineAndCollect: equip item.minecraft.wooden_pickaxe for block.minecraft.stone
[00:08:57] [main/INFO] (Minecraft) [CHAT] §2§l§o[TenorClef] §rMineAndCollect: equip item.minecraft.wooden_pickaxe for block.minecraft.stone
[00:08:57] [main/INFO] (Minecraft) [CHAT] §2§l§o[TenorClef] §rT2 [HIST] 1:01.6 SNAP ph=IRON @43,69,9 sky=11 wet=false ground=true pick=0 buck=0 iron=0 ore=0 rods=0 pearls=0 eyes=0 child=CollectIronIngotTask dbg=<Collecting 8 iron.: [[iron_ingot] x 8]>  mobs=none
[00:08:57] [main/INFO] (Minecraft) [CHAT] §2§l§o[TenorClef] §rMineAndCollect: equip item.minecraft.wooden_pickaxe for block.minecraft.stone
[00:08:57] [main/INFO] (Minecraft) [CHAT] §2§l§o[TenorClef] §rMineAndCollect: equip item.minecraft.wooden_pickaxe for block.minecraft.stone
[00:08:57] [main/INFO] (Minecraft) [CHAT] §2§l§o[TenorClef] §rMineAndCollect: equip item.minecraft.wooden_pickaxe for block.minecraft.stone
[00:08:57] [main/INFO] (Minecraft) [CHAT] §2§l§o[TenorClef] §rT2 [NOW] t=1:01.8 ph=IRON @43,69,9 do=<Collecting 8 iron.: [[iron_ingot] x 8]>  eq=air woodpick=1 stonepick=0 pick=0 iron=0 buck=0
[00:08:57] [main/INFO] (Minecraft) [CHAT] §2§l§o[TenorClef] §rMineAndCollect: equip item.minecraft.wooden_pickaxe for block.minecraft.stone
[00:08:58] [main/INFO] (Minecraft) [CHAT] §2§l§o[TenorClef] §rMineAndCollect: equip item.minecraft.wooden_pickaxe for block.minecraft.stone
[00:08:58] [main/INFO] (Minecraft) [CHAT] §2§l§o[TenorClef] §rMineAndCollect: equip item.minecraft.wooden_pickaxe for block.minecraft.stone
[00:08:58] [main/INFO] (Minecraft) [STDOUT]: ALTO CLEF: WARNING: T2 [S100] stop jump-walk @43,9 ph=IRON child=CollectIronIngotTask esc=0
[00:08:58] [main/INFO] (Minecraft) [CHAT] §2§l§o[TenorClef] §cT2 [S100] stop jump-walk @43,9 ph=IRON child=CollectIronIngotTask esc=0§r
[00:08:58] [main/INFO] (Minecraft) [CHAT] §2§l§o[TenorClef] §rT2 [HIST] 1:02.3 SOLVE S100 stop jump-walk @43,9 ph=IRON child=CollectIronIngotTask esc=0
[00:08:58] [main/INFO] (Minecraft) [CHAT] §2§l§o[TenorClef] §rT2 [NOW] t=1:02.9 ph=IRON @43,68,9 do=<Collecting 8 iron.: [[iron_ingot] x 8]>  eq=wooden_pickaxe woodpick=1 stonepick=0 pick=0 iron=0 buck=0
[00:08:59] [main/INFO] (Minecraft) [STDOUT]: ALTO CLEF: WARNING: T2 [E100] jumps=6 @43,68,9 ph=IRON child=CollectIronIngotTask
[00:08:59] [main/INFO] (Minecraft) [CHAT] §2§l§o[TenorClef] §cT2 [E100] jumps=6 @43,68,9 ph=IRON child=CollectIronIngotTask§r
[00:08:59] [main/INFO] (Minecraft) [CHAT] §2§l§o[TenorClef] §rT2 [HIST] 1:03.0 [E100] jumps=6 @43,68,9 ph=IRON child=CollectIronIngotTask
[00:08:59] [main/INFO] (Minecraft) [STDOUT]: ALTO CLEF: WARNING: T2 [S135] S130 suppressed why=would-S130 but busy cool=106 flips=1 sameXz=95 child=CollectIronIngotTask cool=106 ban=0 hold=false pos=43,67,9 walls=4/4/4 sky=9 place=9 boxed=true hold=false cool=106 ban=0 startY=- step=0
[00:08:59] [main/INFO] (Minecraft) [CHAT] §2§l§o[TenorClef] §cT2 [S135] S130 suppressed why=would-S130 but busy cool=106 flips=1 sameXz=95 child=CollectIronIngotTask cool=106 ban=0 hold=false pos=43,67,9 walls=4/4/4 sky=9 place=9 boxed=true hold=false cool=106 ban=0 startY=- step=0§r
[00:08:59] [main/INFO] (Minecraft) [CHAT] §2§l§o[TenorClef] §rT2 [HIST] 1:03.7 FORCE S135 S130 suppressed why=would-S130 but busy cool=106 flips=1 sameXz=95 child=CollectIronIngotTask cool=106 ban=0 hold=false pos=43,67,9 walls=4/4/4 sky=9 place=9 boxed=true hold=false cool=106 ban=0 startY=- step=0
[00:08:59] [main/INFO] (Minecraft) [CHAT] §2§l§o[TenorClef] §rT2 [NOW] t=1:03.8 ph=IRON @43,67,9 do=<Collecting 8 iron.: [[iron_ingot] x 8]>  eq=wooden_pickaxe woodpick=1 stonepick=0 pick=0 iron=0 buck=0
[00:09:00] [main/INFO] (Minecraft) [CHAT] §2§l§o[TenorClef] §rT2 [HIST] 1:04.1 SNAP ph=IRON @43,67,9 sky=9 wet=false ground=true pick=0 buck=0 iron=0 ore=0 rods=0 pearls=0 eyes=0 child=CollectIronIngotTask dbg=<Collecting 8 iron.: [[iron_ingot] x 8]>  mobs=none
[00:09:00] [main/INFO] (Minecraft) Loaded 52 advancements
[00:09:00] [main/INFO] (Minecraft) [CHAT] §2§l§o[TenorClef] §rT2 [NOW] t=1:04.8 ph=IRON @43,67,9 do=<Collecting 8 iron.: [[iron_ingot] x 8]>  eq=wooden_pickaxe woodpick=1 stonepick=0 pick=0 iron=0 buck=0
[00:09:01] [main/INFO] (Minecraft) [CHAT] §2§l§o[TenorClef] §rT2 [HIST] 1:05.1 WHY iron: smelt 8 in one furnace
[00:09:01] [main/INFO] (Minecraft) [STDOUT]: ALTO CLEF: WARNING: T2 [S135] S130 suppressed why=would-S130 but busy cool=66 flips=4 sameXz=135 child=CollectIronIngotTask cool=66 ban=0 hold=false pos=43,66,9 walls=4/4/4 sky=8 place=10 boxed=true hold=false cool=66 ban=0 startY=- step=0
[00:09:01] [main/INFO] (Minecraft) [CHAT] §2§l§o[TenorClef] §cT2 [S135] S130 suppressed why=would-S130 but busy cool=66 flips=4 sameXz=135 child=CollectIronIngotTask cool=66 ban=0 hold=false pos=43,66,9 walls=4/4/4 sky=8 place=10 boxed=true hold=false cool=66 ban=0 startY=- step=0§r
[00:09:01] [main/INFO] (Minecraft) [CHAT] §2§l§o[TenorClef] §rT2 [HIST] 1:05.7 FORCE S135 S130 suppressed why=would-S130 but busy cool=66 flips=4 sameXz=135 child=CollectIronIngotTask cool=66 ban=0 hold=false pos=43,66,9 walls=4/4/4 sky=8 place=10 boxed=true hold=false cool=66 ban=0 startY=- step=0
[00:09:01] [main/INFO] (Minecraft) [CHAT] §2§l§o[TenorClef] §rT2 [NOW] t=1:05.8 ph=IRON @43,66,9 do=<Collecting 8 iron.: [[iron_ingot] x 8]>  eq=wooden_pickaxe woodpick=1 stonepick=0 pick=0 iron=0 buck=0
[00:09:02] [main/INFO] (Minecraft) [CHAT] §2§l§o[TenorClef] §rT2 [HIST] 1:06.6 SNAP ph=IRON @43,66,9 sky=8 wet=false ground=true pick=0 buck=0 iron=0 ore=0 rods=0 pearls=0 eyes=0 child=CollectIronIngotTask dbg=<Collecting 8 iron.: [[iron_ingot] x 8]>  mobs=none
[00:09:02] [main/INFO] (Minecraft) [CHAT] §2§l§o[TenorClef] §rT2 [NOW] t=1:06.8 ph=IRON @43,66,9 do=<Collecting 8 iron.: [[iron_ingot] x 8]>  eq=wooden_pickaxe woodpick=1 stonepick=0 pick=0 iron=0 buck=0
[00:09:03] [main/INFO] (Minecraft) [CHAT] §2§l§o[TenorClef] §rT2 [HIST] 1:07.1 [E100] jumps=6 @43,65,9 ph=IRON child=CollectIronIngotTask
[00:09:03] [main/INFO] (Minecraft) [STDOUT]: ALTO CLEF: WARNING: T2 [S144] jump-stuck collector — replace CollectIronIngotTask with wander (esc=2)
[00:09:03] [main/INFO] (Minecraft) [CHAT] §2§l§o[TenorClef] §cT2 [S144] jump-stuck collector — replace CollectIronIngotTask with wander (esc=2)§r
[00:09:03] [main/INFO] (Minecraft) [CHAT] §2§l§o[TenorClef] §rT2 [HIST] 1:07.2 SOLVE S144 jump-stuck collector — replace CollectIronIngotTask with wander (esc=2)
[00:09:03] [main/INFO] (Minecraft) [CHAT] §2§l§o[TenorClef] §rT2 [HIST] 1:07.2 CHILD CollectIronIngotTask -> TimeoutWanderTask ph=IRON @43,65,9 sky=7 wet=false ground=true pick=0 buck=0 iron=0 ore=0 rods=0 pearls=0 eyes=0
[00:09:03] [pool-5-thread-4/INFO] (Minecraft) [STDOUT]: 843392 movements considered
[00:09:03] [pool-5-thread-4/INFO] (Minecraft) [STDOUT]: Open set size: 30568
[00:09:03] [pool-5-thread-4/INFO] (Minecraft) [STDOUT]: PathNode map size: 68903
[00:09:03] [pool-5-thread-4/INFO] (Minecraft) [STDOUT]: 76672 nodes per second
[00:09:03] [pool-5-thread-4/INFO] (Minecraft) [STDOUT]: Path goes for 148.49915824677257 blocks
[00:09:03] [main/INFO] (Minecraft) [CHAT] §2§l§o[TenorClef] §rT2 [NOW] t=1:07.8 ph=IRON @43,65,9 do=<Wander for Infinity blocks> Exploring. eq=dirt woodpick=1 stonepick=0 pick=0 iron=0 buck=0
[00:09:04] [main/INFO] (Minecraft) [CHAT] §2§l§o[TenorClef] §rT2 [NOW] t=1:08.8 ph=IRON @43,68,9 do=<Wander for Infinity blocks> Exploring. eq=dirt woodpick=1 stonepick=0 pick=0 iron=0 buck=0
[00:09:05] [main/INFO] (Minecraft) [STDOUT]: ALTO CLEF: WARNING: T2 [S134] pillar cool expire after flips=3 end=stuck-low step=50 y=73 startY=70
[00:09:05] [main/INFO] (Minecraft) [CHAT] §2§l§o[TenorClef] §cT2 [S134] pillar cool expire after flips=3 end=stuck-low step=50 y=73 startY=70§r
[00:09:05] [main/INFO] (Minecraft) [CHAT] §2§l§o[TenorClef] §rT2 [HIST] 1:09.0 FORCE S134 pillar cool expire after flips=3 end=stuck-low step=50 y=73 startY=70
[00:09:05] [main/INFO] (Minecraft) [STDOUT]: ALTO CLEF: WARNING: T2 [E100] jumps=6 @43,68,9 ph=IRON child=TimeoutWanderTask
[00:09:05] [main/INFO] (Minecraft) [CHAT] §2§l§o[TenorClef] §cT2 [E100] jumps=6 @43,68,9 ph=IRON child=TimeoutWanderTask§r
[00:09:05] [main/INFO] (Minecraft) [CHAT] §2§l§o[TenorClef] §rT2 [HIST] 1:09.1 [E100] jumps=6 @43,68,9 ph=IRON child=TimeoutWanderTask
[00:09:05] [main/INFO] (Minecraft) [CHAT] §2§l§o[TenorClef] §rT2 [NOW] t=1:09.8 ph=IRON @43,69,9 do=<Wander for Infinity blocks> Exploring. eq=diorite woodpick=1 stonepick=0 pick=0 iron=0 buck=0
[00:09:06] [main/INFO] (Minecraft) [CHAT] §2§l§o[TenorClef] §rT2 [NOW] t=1:10.8 ph=IRON @43,70,9 do=<Wander for Infinity blocks> Exploring. eq=diorite woodpick=1 stonepick=0 pick=0 iron=0 buck=0
[00:09:07] [main/INFO] (Minecraft) [CHAT] §2§l§o[TenorClef] §rT2 [HIST] 1:11.1 SNAP ph=IRON @42,70,9 sky=13 wet=false ground=false pick=0 buck=0 iron=0 ore=0 rods=0 pearls=0 eyes=0 child=TimeoutWanderTask dbg=<Wander for Infinity blocks> Exploring. mobs=none
[00:09:07] [main/INFO] (Minecraft) [STDOUT]: ALTO CLEF: WARNING: T2 [S138] shaft ban clear left-xz ban=44,9 now=42,9 manh=2 left=20
[00:09:07] [main/INFO] (Minecraft) [CHAT] §2§l§o[TenorClef] §cT2 [S138] shaft ban clear left-xz ban=44,9 now=42,9 manh=2 left=20§r
[00:09:07] [main/INFO] (Minecraft) [CHAT] §2§l§o[TenorClef] §rT2 [HIST] 1:11.1 FORCE S138 shaft ban clear left-xz ban=44,9 now=42,9 manh=2 left=20
[00:09:07] [main/INFO] (Minecraft) [CHAT] §2§l§o[TenorClef] §rRefreshed inventory...
[00:09:07] [main/INFO] (Minecraft) [CHAT] §2§l§o[TenorClef] §rT2 [NOW] t=1:11.8 ph=IRON @42,72,11 do=<Wander for Infinity blocks> Exploring. eq=diorite woodpick=1 stonepick=0 pick=0 iron=0 buck=0
[00:09:08] [main/INFO] (Minecraft) [CHAT] §2§l§o[TenorClef] §rT2 [NOW] t=1:12.8 ph=IRON @43,72,16 do=<Wander for Infinity blocks> Exploring. eq=diorite woodpick=1 stonepick=0 pick=0 iron=0 buck=0
[00:09:09] [main/WARN] (Minecraft) Unable to play empty soundEvent: minecraft:entity.salmon.ambient
[00:09:09] [main/INFO] (Minecraft) [CHAT] §2§l§o[TenorClef] §rT2 [HB] t=1:13.7 ph=IRON y=69 child=TimeoutWanderTask logs=0 pick=0 woodpick=1
[00:09:09] [main/INFO] (Minecraft) [CHAT] §2§l§o[TenorClef] §rT2 [NOW] t=1:13.8 ph=IRON @43,69,19 do=<Wander for Infinity blocks> Exploring. eq=diorite woodpick=1 stonepick=0 pick=0 iron=0 buck=0
[00:09:10] [pool-5-thread-4/INFO] (Minecraft) [STDOUT]: 832128 movements considered
[00:09:10] [pool-5-thread-4/INFO] (Minecraft) [STDOUT]: Open set size: 32210
[00:09:10] [pool-5-thread-4/INFO] (Minecraft) [STDOUT]: PathNode map size: 70034
[00:09:10] [pool-5-thread-4/INFO] (Minecraft) [STDOUT]: 75648 nodes per second
[00:09:10] [pool-5-thread-4/INFO] (Minecraft) [STDOUT]: Path goes for 130.7440247200613 blocks
[00:09:10] [main/INFO] (Minecraft) [CHAT] §2§l§o[TenorClef] §rT2 [NOW] t=1:14.8 ph=IRON @44,67,21 do=<Wander for Infinity blocks> Exploring. eq=diorite woodpick=1 stonepick=0 pick=0 iron=0 buck=0
[00:09:11] [main/INFO] (Minecraft) [CHAT] §2§l§o[TenorClef] §rT2 [HIST] 1:15.2 WHY iron: smelt 8 in one furnace
[00:09:11] [main/INFO] (Minecraft) [CHAT] §2§l§o[TenorClef] §rT2 [HIST] 1:15.2 CHILD TimeoutWanderTask -> CollectIronIngotTask ph=IRON @44,66,21 sky=15 wet=false ground=true pick=0 buck=0 iron=0 ore=0 rods=0 pearls=0 eyes=0
[00:09:11] [main/INFO] (Minecraft) [CHAT] §2§l§o[TenorClef] §rT2 [HIST] 1:15.6 SNAP ph=IRON @43,66,21 sky=15 wet=false ground=true pick=0 buck=0 iron=0 ore=0 rods=0 pearls=0 eyes=0 child=CollectIronIngotTask dbg=<Collecting 8 iron.: [[iron_ingot] x 8]>  mobs=none
[00:09:11] [main/INFO] (Minecraft) [CHAT] §2§l§o[TenorClef] §rT2 [NOW] t=1:15.8 ph=IRON @42,66,21 do=<Collecting 8 iron.: [[iron_ingot] x 8]>  eq=wooden_pickaxe woodpick=1 stonepick=0 pick=0 iron=0 buck=0
[00:09:12] [main/INFO] (Minecraft) [CHAT] §2§l§o[TenorClef] §rT2 [NOW] t=1:16.8 ph=IRON @38,67,21 do=<Collecting 8 iron.: [[iron_ingot] x 8]>  eq=wooden_pickaxe woodpick=1 stonepick=0 pick=0 iron=0 buck=0
[00:09:13] [main/INFO] (Minecraft) [CHAT] §2§l§o[TenorClef] §rT2 [NOW] t=1:17.8 ph=IRON @38,69,18 do=<Collecting 8 iron.: [[iron_ingot] x 8]>  eq=wooden_pickaxe woodpick=1 stonepick=0 pick=0 iron=0 buck=0
[00:09:14] [main/INFO] (Minecraft) [CHAT] §2§l§o[TenorClef] §rT2 [HIST] 1:18.1 SNAP ph=IRON @38,70,18 sky=15 wet=false ground=false pick=0 buck=0 iron=0 ore=0 rods=0 pearls=0 eyes=0 child=CollectIronIngotTask dbg=<Collecting 8 iron.: [[iron_ingot] x 8]>  mobs=none
[00:09:14] [main/INFO] (Minecraft) [CHAT] §2§l§o[TenorClef] §rT2 [NOW] t=1:18.8 ph=IRON @38,71,15 do=<Collecting 8 iron.: [[iron_ingot] x 8]>  eq=wooden_pickaxe woodpick=1 stonepick=0 pick=0 iron=0 buck=0
[00:09:15] [main/INFO] (Minecraft) [CHAT] §2§l§o[TenorClef] §rT2 [HB] t=1:19.5 ph=IRON y=71 child=CollectIronIngotTask logs=0 pick=0 woodpick=1
[00:09:15] [main/INFO] (Minecraft) [CHAT] §2§l§o[TenorClef] §rT2 [NOW] t=1:19.8 ph=IRON @39,70,10 do=<Collecting 8 iron.: [[iron_ingot] x 8]>  eq=wooden_pickaxe woodpick=1 stonepick=0 pick=0 iron=0 buck=0
[00:09:16] [main/INFO] (Minecraft) [CHAT] §2§l§o[TenorClef] §rT2 [HIST] 1:20.6 SNAP ph=IRON @41,70,6 sky=15 wet=false ground=true pick=0 buck=0 iron=0 ore=0 rods=0 pearls=0 eyes=0 child=CollectIronIngotTask dbg=<Collecting 8 iron.: [[iron_ingot] x 8]>  mobs=none
[00:09:16] [main/INFO] (Minecraft) [CHAT] §2§l§o[TenorClef] §rT2 [NOW] t=1:20.9 ph=IRON @42,70,5 do=<Collecting 8 iron.: [[iron_ingot] x 8]>  eq=wooden_pickaxe woodpick=1 stonepick=0 pick=0 iron=0 buck=0
[00:09:17] [main/INFO] (Minecraft) [CHAT] §2§l§o[TenorClef] §rT2 [NOW] t=1:21.8 ph=IRON @42,68,0 do=<Collecting 8 iron.: [[iron_ingot] x 8]>  eq=wooden_pickaxe woodpick=1 stonepick=0 pick=0 iron=0 buck=0
[00:09:18] [main/INFO] (Minecraft) [CHAT] §2§l§o[TenorClef] §rT2 [NOW] t=1:22.8 ph=IRON @44,67,-4 do=<Collecting 8 iron.: [[iron_ingot] x 8]>  eq=wooden_pickaxe woodpick=1 stonepick=0 pick=0 iron=0 buck=0
[00:09:19] [main/INFO] (Minecraft) [CHAT] §2§l§o[TenorClef] §rT2 [HIST] 1:23.1 SNAP ph=IRON @46,67,-5 sky=15 wet=false ground=true pick=0 buck=0 iron=0 ore=0 rods=0 pearls=0 eyes=0 child=CollectIronIngotTask dbg=<Collecting 8 iron.: [[iron_ingot] x 8]>  mobs=none
[00:09:19] [main/INFO] (Minecraft) [CHAT] §2§l§o[TenorClef] §rMineAndCollect: equip item.minecraft.stone_pickaxe for block.minecraft.iron_ore
[00:09:19] [Server thread/INFO] (Minecraft) Player583 has made the advancement [Getting an Upgrade]
[00:09:19] [main/INFO] (Minecraft) [CHAT] Player583 has made the advancement [Getting an Upgrade]
[00:09:19] [main/INFO] (Minecraft) Loaded 56 advancements
[00:09:19] [main/INFO] (Minecraft) [CHAT] §2§l§o[TenorClef] §rT2 [NOW] t=1:23.8 ph=IRON @47,67,-6 do=<Collecting 8 iron.: [[iron_ingot] x 8]>  eq=diorite woodpick=1 stonepick=1 pick=0 iron=0 buck=0
[00:09:20] [main/INFO] (Minecraft) [CHAT] §2§l§o[TenorClef] §rT2 [HB] t=1:24.4 ph=IRON y=67 child=CollectIronIngotTask logs=0 pick=0 woodpick=1
[00:09:20] [main/INFO] (Minecraft) [CHAT] §2§l§o[TenorClef] §rT2 [NOW] t=1:24.8 ph=IRON @47,67,-6 do=<Collecting 8 iron.: [[iron_ingot] x 8]>  eq=diorite woodpick=1 stonepick=1 pick=0 iron=0 buck=0
[00:09:21] [main/INFO] (Minecraft) [CHAT] §2§l§o[TenorClef] §rT2 [HIST] 1:25.6 SNAP ph=IRON @47,66,-6 sky=15 wet=false ground=true pick=0 buck=0 iron=0 ore=0 rods=0 pearls=0 eyes=0 child=CollectIronIngotTask dbg=<Collecting 8 iron.: [[iron_ingot] x 8]>  mobs=none
[00:09:21] [main/INFO] (Minecraft) [CHAT] §2§l§o[TenorClef] §rT2 [NOW] t=1:25.8 ph=IRON @47,66,-6 do=<Collecting 8 iron.: [[iron_ingot] x 8]>  eq=diorite woodpick=1 stonepick=1 pick=0 iron=0 buck=0
[00:09:22] [main/INFO] (Minecraft) [CHAT] §2§l§o[TenorClef] §rT2 [NOW] t=1:26.8 ph=IRON @47,65,-6 do=<Collecting 8 iron.: [[iron_ingot] x 8]>  eq=diorite woodpick=1 stonepick=1 pick=0 iron=0 buck=0
[00:09:23] [main/INFO] (Minecraft) [STDOUT]: ALTO CLEF: WARNING: T2 [E100] jumps=6 @47,64,-6 ph=IRON child=CollectIronIngotTask
[00:09:23] [main/INFO] (Minecraft) [CHAT] §2§l§o[TenorClef] §cT2 [E100] jumps=6 @47,64,-6 ph=IRON child=CollectIronIngotTask§r
[00:09:23] [main/INFO] (Minecraft) [CHAT] §2§l§o[TenorClef] §rT2 [HIST] 1:27.5 [E100] jumps=6 @47,64,-6 ph=IRON child=CollectIronIngotTask
[00:09:23] [main/INFO] (Minecraft) [STDOUT]: ALTO CLEF: WARNING: T2 [S100] stop jump-walk @47,-6 ph=IRON child=CollectIronIngotTask esc=0
[00:09:23] [main/INFO] (Minecraft) [CHAT] §2§l§o[TenorClef] §cT2 [S100] stop jump-walk @47,-6 ph=IRON child=CollectIronIngotTask esc=0§r
[00:09:23] [main/INFO] (Minecraft) [CHAT] §2§l§o[TenorClef] §rT2 [HIST] 1:27.5 SOLVE S100 stop jump-walk @47,-6 ph=IRON child=CollectIronIngotTask esc=0
[00:09:23] [main/INFO] (Minecraft) [CHAT] §2§l§o[TenorClef] §rT2 [HIST] 1:27.5 WHY iron: smelt 8 in one furnace
[00:09:23] [main/INFO] (Minecraft) [CHAT] §2§l§o[TenorClef] §rT2 [NOW] t=1:27.8 ph=IRON @47,64,-6 do=<Collecting 8 iron.: [[iron_ingot] x 8]>  eq=diorite woodpick=1 stonepick=1 pick=0 iron=0 buck=0
[00:09:24] [main/INFO] (Minecraft) [CHAT] §2§l§o[TenorClef] §rT2 [HIST] 1:28.1 SNAP ph=IRON @47,64,-6 sky=15 wet=false ground=true pick=0 buck=0 iron=0 ore=0 rods=0 pearls=0 eyes=0 child=CollectIronIngotTask dbg=<Collecting 8 iron.: [[iron_ingot] x 8]>  mobs=none
[00:09:24] [main/INFO] (Minecraft) [CHAT] §2§l§o[TenorClef] §rT2 [NOW] t=1:28.9 ph=IRON @47,63,-6 do=<Collecting 8 iron.: [[iron_ingot] x 8]>  eq=stone_pickaxe woodpick=1 stonepick=1 pick=0 iron=0 buck=0
[00:09:25] [main/INFO] (Minecraft) [STDOUT]: ALTO CLEF: WARNING: T2 [E70] iron stall 6s @47,-6 — clear blacklist + re-pick ore
[00:09:25] [main/INFO] (Minecraft) [CHAT] §2§l§o[TenorClef] §cT2 [E70] iron stall 6s @47,-6 — clear blacklist + re-pick ore§r
[00:09:25] [main/INFO] (Minecraft) [CHAT] §2§l§o[TenorClef] §rT2 [NOW] t=1:29.8 ph=IRON @47,62,-6 do=<Collecting 8 iron.: [[iron_ingot] x 8]>  eq=stone_pickaxe woodpick=1 stonepick=1 pick=0 iron=0 buck=0
[00:09:26] [main/INFO] (Minecraft) [CHAT] §2§l§o[TenorClef] §rT2 [HIST] 1:30.6 SNAP ph=IRON @47,62,-6 sky=15 wet=false ground=true pick=0 buck=0 iron=0 ore=0 rods=0 pearls=0 eyes=0 child=CollectIronIngotTask dbg=<Collecting 8 iron.: [[iron_ingot] x 8]>  mobs=none
[00:09:26] [main/INFO] (Minecraft) [CHAT] §2§l§o[TenorClef] §rT2 [NOW] t=1:30.9 ph=IRON @47,62,-6 do=<Collecting 8 iron.: [[iron_ingot] x 8]>  eq=stone_pickaxe woodpick=1 stonepick=1 pick=0 iron=0 buck=0
[00:09:27] [main/INFO] (Minecraft) [CHAT] §2§l§o[TenorClef] §rT2 [HIST] 1:31.1 [E100] jumps=6 @47,61,-6 ph=IRON child=CollectIronIngotTask
[00:09:27] [main/INFO] (Minecraft) [STDOUT]: ALTO CLEF: WARNING: T2 [S144] jump-stuck collector — replace CollectIronIngotTask with wander (esc=2)
[00:09:27] [main/INFO] (Minecraft) [CHAT] §2§l§o[TenorClef] §cT2 [S144] jump-stuck collector — replace CollectIronIngotTask with wander (esc=2)§r
[00:09:27] [main/INFO] (Minecraft) [CHAT] §2§l§o[TenorClef] §rT2 [HIST] 1:31.1 SOLVE S144 jump-stuck collector — replace CollectIronIngotTask with wander (esc=2)
[00:09:27] [main/INFO] (Minecraft) [CHAT] §2§l§o[TenorClef] §rT2 [HIST] 1:31.1 CHILD CollectIronIngotTask -> TimeoutWanderTask ph=IRON @47,61,-6 sky=15 wet=false ground=true pick=0 buck=0 iron=0 ore=0 rods=0 pearls=0 eyes=0
[00:09:27] [main/INFO] (Minecraft) Loaded 58 advancements
[00:09:27] [pool-5-thread-4/INFO] (Minecraft) [STDOUT]: 915200 movements considered
[00:09:27] [pool-5-thread-4/INFO] (Minecraft) [STDOUT]: Open set size: 30610
[00:09:27] [pool-5-thread-4/INFO] (Minecraft) [STDOUT]: PathNode map size: 72207
[00:09:27] [pool-5-thread-4/INFO] (Minecraft) [STDOUT]: 83033 nodes per second
[00:09:27] [pool-5-thread-4/INFO] (Minecraft) [STDOUT]: Path goes for 110.76551810017412 blocks
[00:09:27] [main/INFO] (Minecraft) [CHAT] §2§l§o[TenorClef] §rT2 [NOW] t=1:31.8 ph=IRON @47,61,-6 do=<Wander for Infinity blocks> Exploring. eq=dirt woodpick=1 stonepick=1 pick=0 iron=0 buck=0
[00:09:28] [main/INFO] (Minecraft) [CHAT] §2§l§o[TenorClef] §rT2 [NOW] t=1:32.8 ph=IRON @47,64,-6 do=<Wander for Infinity blocks> Exploring. eq=dirt woodpick=1 stonepick=1 pick=0 iron=0 buck=0
[00:09:29] [main/INFO] (Minecraft) [STDOUT]: ALTO CLEF: WARNING: T2 [E100] jumps=6 @47,64,-6 ph=IRON child=TimeoutWanderTask
[00:09:29] [main/INFO] (Minecraft) [CHAT] §2§l§o[TenorClef] §cT2 [E100] jumps=6 @47,64,-6 ph=IRON child=TimeoutWanderTask§r
[00:09:29] [main/INFO] (Minecraft) [CHAT] §2§l§o[TenorClef] §rT2 [HIST] 1:33.2 [E100] jumps=6 @47,64,-6 ph=IRON child=TimeoutWanderTask
[00:09:29] [main/INFO] (Minecraft) [CHAT] §2§l§o[TenorClef] §rT2 [NOW] t=1:33.8 ph=IRON @47,64,-6 do=<Wander for Infinity blocks> Exploring. eq=diorite woodpick=1 stonepick=1 pick=0 iron=0 buck=0
[00:09:30] [main/INFO] (Minecraft) [CHAT] §2§l§o[TenorClef] §rT2 [NOW] t=1:34.8 ph=IRON @47,66,-7 do=<Wander for Infinity blocks> Exploring. eq=diorite woodpick=1 stonepick=1 pick=0 iron=0 buck=0
[00:09:31] [main/INFO] (Minecraft) [CHAT] §2§l§o[TenorClef] §rT2 [HIST] 1:35.1 SNAP ph=IRON @48,66,-7 sky=13 wet=false ground=true pick=0 buck=0 iron=0 ore=1 rods=0 pearls=0 eyes=0 child=TimeoutWanderTask dbg=<Wander for Infinity blocks> Exploring. mobs=none
[00:09:31] [main/INFO] (Minecraft) [CHAT] §2§l§o[TenorClef] §rT2 [NOW] t=1:35.8 ph=IRON @51,67,-7 do=<Wander for Infinity blocks> Exploring. eq=diorite woodpick=1 stonepick=1 pick=0 iron=0 buck=0
[00:09:32] [main/INFO] (Minecraft) [CHAT] §2§l§o[TenorClef] §rT2 [NOW] t=1:36.8 ph=IRON @55,67,-11 do=<Wander for Infinity blocks> Exploring. eq=diorite woodpick=1 stonepick=1 pick=0 iron=0 buck=0
[00:09:33] [main/INFO] (Minecraft) [CHAT] §2§l§o[TenorClef] §rT2 [NOW] t=1:37.8 ph=IRON @58,69,-12 do=<Wander for Infinity blocks> Exploring. eq=diorite woodpick=1 stonepick=1 pick=0 iron=0 buck=0
[00:09:33] [main/INFO] (Minecraft) [CHAT] §2§l§o[TenorClef] §rT2 [HB] t=1:37.8 ph=IRON y=69 child=TimeoutWanderTask logs=0 pick=0 woodpick=1
[00:09:34] [main/INFO] (Minecraft) [CHAT] §2§l§o[TenorClef] §rT2 [NOW] t=1:38.8 ph=IRON @60,70,-12 do=<Wander for Infinity blocks> Exploring. eq=diorite woodpick=1 stonepick=1 pick=0 iron=0 buck=0
[00:09:35] [main/INFO] (Minecraft) [CHAT] §2§l§o[TenorClef] §rT2 [HIST] 1:39.1 WHY iron: smelt 8 in one furnace
[00:09:35] [main/INFO] (Minecraft) [CHAT] §2§l§o[TenorClef] §rT2 [HIST] 1:39.1 CHILD TimeoutWanderTask -> CollectIronIngotTask ph=IRON @61,70,-11 sky=15 wet=false ground=true pick=0 buck=0 iron=0 ore=1 rods=0 pearls=0 eyes=0
[00:09:35] [main/INFO] (Minecraft) [CHAT] §2§l§o[TenorClef] §rT2 [HIST] 1:39.6 SNAP ph=IRON @61,70,-12 sky=15 wet=false ground=true pick=0 buck=0 iron=0 ore=1 rods=0 pearls=0 eyes=0 child=CollectIronIngotTask dbg=<Collecting 8 iron.: [[iron_ingot] x 8]>  mobs=none
[00:09:35] [main/INFO] (Minecraft) [CHAT] §2§l§o[TenorClef] §rT2 [NOW] t=1:39.8 ph=IRON @61,70,-13 do=<Collecting 8 iron.: [[iron_ingot] x 8]>  eq=stone_pickaxe woodpick=1 stonepick=1 pick=0 iron=0 buck=0
[00:09:36] [main/INFO] (Minecraft) [CHAT] §2§l§o[TenorClef] §rT2 [NOW] t=1:40.9 ph=IRON @57,69,-15 do=<Collecting 8 iron.: [[iron_ingot] x 8]>  eq=stone_pickaxe woodpick=1 stonepick=1 pick=0 iron=0 buck=0
[00:09:37] [main/INFO] (Minecraft) [CHAT] §2§l§o[TenorClef] §rRefreshed inventory...
[00:09:37] [main/INFO] (Minecraft) [CHAT] §2§l§o[TenorClef] §rT2 [NOW] t=1:41.8 ph=IRON @56,68,-17 do=<Collecting 8 iron.: [[iron_ingot] x 8]>  eq=stone_pickaxe woodpick=1 stonepick=1 pick=0 iron=0 buck=0
[00:09:38] [main/INFO] (Minecraft) [CHAT] §2§l§o[TenorClef] §rT2 [HIST] 1:42.1 SNAP ph=IRON @56,67,-18 sky=13 wet=false ground=false pick=0 buck=0 iron=0 ore=1 rods=0 pearls=0 eyes=0 child=CollectIronIngotTask dbg=<Collecting 8 iron.: [[iron_ingot] x 8]>  mobs=none
[00:09:38] [main/INFO] (Minecraft) [CHAT] §2§l§o[TenorClef] §rT2 [NOW] t=1:42.8 ph=IRON @56,67,-19 do=<Collecting 8 iron.: [[iron_ingot] x 8]>  eq=diorite woodpick=1 stonepick=1 pick=0 iron=0 buck=0
[00:09:39] [main/INFO] (Minecraft) [CHAT] §2§l§o[TenorClef] §rT2 [HB] t=1:43.5 ph=IRON y=67 child=CollectIronIngotTask logs=0 pick=0 woodpick=1
[00:09:39] [main/INFO] (Minecraft) [CHAT] §2§l§o[TenorClef] §rT2 [NOW] t=1:43.8 ph=IRON @56,66,-18 do=<Collecting 8 iron.: [[iron_ingot] x 8]>  eq=diorite woodpick=1 stonepick=1 pick=0 iron=0 buck=0
[00:09:40] [main/INFO] (Minecraft) [CHAT] §2§l§o[TenorClef] §rT2 [HIST] 1:44.6 SNAP ph=IRON @56,66,-18 sky=12 wet=false ground=true pick=0 buck=0 iron=0 ore=1 rods=0 pearls=0 eyes=0 child=CollectIronIngotTask dbg=<Collecting 8 iron.: [[iron_ingot] x 8]>  mobs=none
[00:09:40] [main/INFO] (Minecraft) [CHAT] §2§l§o[TenorClef] §rT2 [NOW] t=1:44.8 ph=IRON @56,66,-18 do=<Collecting 8 iron.: [[iron_ingot] x 8]>  eq=diorite woodpick=1 stonepick=1 pick=0 iron=0 buck=0
[00:09:41] [main/INFO] (Minecraft) [CHAT] §2§l§o[TenorClef] §rT2 [NOW] t=1:45.8 ph=IRON @56,63,-19 do=<Collecting 8 iron.: [[iron_ingot] x 8]>  eq=stone_pickaxe woodpick=1 stonepick=1 pick=0 iron=0 buck=0
[00:09:42] [main/INFO] (Minecraft) [CHAT] §2§l§o[TenorClef] §rT2 [NOW] t=1:46.8 ph=IRON @58,63,-21 do=<Collecting 8 iron.: [[iron_ingot] x 8]>  eq=stone_pickaxe woodpick=1 stonepick=1 pick=0 iron=0 buck=0
[00:09:43] [main/INFO] (Minecraft) [CHAT] §2§l§o[TenorClef] §rT2 [HIST] 1:47.1 SNAP ph=IRON @58,63,-21 sky=7 wet=false ground=true pick=0 buck=0 iron=0 ore=1 rods=0 pearls=0 eyes=0 child=CollectIronIngotTask dbg=<Collecting 8 iron.: [[iron_ingot] x 8]>  mobs=none
[00:09:43] [main/INFO] (Minecraft) [CHAT] §2§l§o[TenorClef] §rT2 [NOW] t=1:47.8 ph=IRON @58,63,-21 do=<Collecting 8 iron.: [[iron_ingot] x 8]>  eq=stone_pickaxe woodpick=1 stonepick=1 pick=0 iron=0 buck=0
[00:09:44] [main/INFO] (Minecraft) [CHAT] §2§l§o[TenorClef] §rT2 [HB] t=1:48.5 ph=IRON y=62 child=CollectIronIngotTask logs=0 pick=0 woodpick=1
[00:09:44] [main/INFO] (Minecraft) [CHAT] §2§l§o[TenorClef] §rT2 [NOW] t=1:48.8 ph=IRON @58,62,-22 do=<Collecting 8 iron.: [[iron_ingot] x 8]>  eq=stone_pickaxe woodpick=1 stonepick=1 pick=0 iron=0 buck=0
[00:09:45] [main/INFO] (Minecraft) [STDOUT]: ALTO CLEF: WARNING: T2 [S130] START trigger=flips=3 ph=IRON prev=CollectIronIngotTask cycle=1 pos=58,61,-22 walls=4/4/4 sky=4 place=13 boxed=true hold=false cool=0 ban=0 startY=61 step=0
[00:09:45] [main/INFO] (Minecraft) [CHAT] §2§l§o[TenorClef] §cT2 [S130] START trigger=flips=3 ph=IRON prev=CollectIronIngotTask cycle=1 pos=58,61,-22 walls=4/4/4 sky=4 place=13 boxed=true hold=false cool=0 ban=0 startY=61 step=0§r
[00:09:45] [main/INFO] (Minecraft) [CHAT] §2§l§o[TenorClef] §rT2 [HIST] 1:49.4 FORCE S130 START trigger=flips=3 ph=IRON prev=CollectIronIngotTask cycle=1 pos=58,61,-22 walls=4/4/4 sky=4 place=13 boxed=true hold=false cool=0 ban=0 startY=61 step=0
[00:09:45] [main/INFO] (Minecraft) [CHAT] §2§l§o[TenorClef] §rT2 [HIST] 1:49.4 PILLAR START flips=3 prev=CollectIronIngotTask
[00:09:45] [main/INFO] (Minecraft) [CHAT] §2§l§o[TenorClef] §rT2 [HIST] 1:49.4 SOLVE S130 pillar-out @58,61,-22 ph=IRON flips=3
[00:09:45] [main/INFO] (Minecraft) [CHAT] §2§l§o[TenorClef] §rT2 [HIST] 1:49.4 CHILD CollectIronIngotTask -> HolePillarTask ph=IRON @58,61,-22 sky=4 wet=false ground=false pick=0 buck=0 iron=0 ore=1 rods=0 pearls=0 eyes=0
[00:09:45] [main/INFO] (Minecraft) [STDOUT]: ALTO CLEF: WARNING: T2 [S130] tick y=61 slot=0 air=true pos=58,61,-22 walls=4/4/4 sky=4 place=13 boxed=true hold=true cool=0 ban=0 startY=61 step=1
[00:09:45] [main/INFO] (Minecraft) [CHAT] §2§l§o[TenorClef] §cT2 [S130] tick y=61 slot=0 air=true pos=58,61,-22 walls=4/4/4 sky=4 place=13 boxed=true hold=true cool=0 ban=0 startY=61 step=1§r
[00:09:45] [main/INFO] (Minecraft) [CHAT] §2§l§o[TenorClef] §rT2 [HIST] 1:49.4 FORCE S130 tick y=61 slot=0 air=true pos=58,61,-22 walls=4/4/4 sky=4 place=13 boxed=true hold=true cool=0 ban=0 startY=61 step=1
[00:09:45] [main/INFO] (Minecraft) [CHAT] §2§l§o[TenorClef] §rT2 [HIST] 1:49.7 SNAP ph=IRON @58,61,-22 sky=4 wet=false ground=false pick=0 buck=0 iron=0 ore=1 rods=0 pearls=0 eyes=0 child=HolePillarTask dbg=<T2 pillar-out>  mobs=none
[00:09:45] [main/INFO] (Minecraft) [CHAT] §2§l§o[TenorClef] §rT2 [NOW] t=1:49.8 ph=IRON @58,62,-22 do=<T2 pillar-out>  eq=diorite woodpick=1 stonepick=1 pick=0 iron=0 buck=0
[00:09:46] [main/INFO] (Minecraft) [STDOUT]: ALTO CLEF: WARNING: T2 [S130] tick y=63 slot=1 air=true pos=58,63,-22 walls=3/1/4 sky=6 place=12 boxed=false hold=true cool=0 ban=0 startY=61 step=21
[00:09:46] [main/INFO] (Minecraft) [CHAT] §2§l§o[TenorClef] §cT2 [S130] tick y=63 slot=1 air=true pos=58,63,-22 walls=3/1/4 sky=6 place=12 boxed=false hold=true cool=0 ban=0 startY=61 step=21§r
[00:09:46] [main/INFO] (Minecraft) [CHAT] §2§l§o[TenorClef] §rT2 [HIST] 1:50.4 FORCE S130 tick y=63 slot=1 air=true pos=58,63,-22 walls=3/1/4 sky=6 place=12 boxed=false hold=true cool=0 ban=0 startY=61 step=21
[00:09:46] [main/INFO] (Minecraft) [CHAT] §2§l§o[TenorClef] §rT2 [NOW] t=1:50.9 ph=IRON @58,64,-22 do=<T2 pillar-out>  eq=cobblestone woodpick=1 stonepick=1 pick=0 iron=0 buck=0
[00:09:47] [main/INFO] (Minecraft) [STDOUT]: ALTO CLEF: WARNING: T2 [S130] tick y=64 slot=1 air=false pos=58,64,-22 walls=1/1/3 sky=6 place=11 boxed=false hold=true cool=0 ban=0 startY=61 step=41
[00:09:47] [main/INFO] (Minecraft) [CHAT] §2§l§o[TenorClef] §cT2 [S130] tick y=64 slot=1 air=false pos=58,64,-22 walls=1/1/3 sky=6 place=11 boxed=false hold=true cool=0 ban=0 startY=61 step=41§r
[00:09:47] [main/INFO] (Minecraft) [CHAT] §2§l§o[TenorClef] §rT2 [HIST] 1:51.5 FORCE S130 tick y=64 slot=1 air=false pos=58,64,-22 walls=1/1/3 sky=6 place=11 boxed=false hold=true cool=0 ban=0 startY=61 step=41
[00:09:47] [main/INFO] (Minecraft) [CHAT] §2§l§o[TenorClef] §rT2 [NOW] t=1:51.8 ph=IRON @58,64,-22 do=<T2 pillar-out>  eq=cobblestone woodpick=1 stonepick=1 pick=0 iron=0 buck=0
[00:09:48] [main/INFO] (Minecraft) [STDOUT]: ALTO CLEF: WARNING: T2 [S133] cool arm ticks=240 reason=stuck-low step=50 y=64 startY=61 ban=58,-22 pos=58,64,-22 walls=1/1/3 sky=6 place=11 boxed=false hold=true cool=240 ban=240 startY=61 step=50
[00:09:48] [main/INFO] (Minecraft) [CHAT] §2§l§o[TenorClef] §cT2 [S133] cool arm ticks=240 reason=stuck-low step=50 y=64 startY=61 ban=58,-22 pos=58,64,-22 walls=1/1/3 sky=6 place=11 boxed=false hold=true cool=240 ban=240 startY=61 step=50§r
[00:09:48] [main/INFO] (Minecraft) [CHAT] §2§l§o[TenorClef] §rT2 [HIST] 1:52.0 FORCE S133 cool arm ticks=240 reason=stuck-low step=50 y=64 startY=61 ban=58,-22 pos=58,64,-22 walls=1/1/3 sky=6 place=11 boxed=false hold=true cool=240 ban=240 startY=61 step=50
[00:09:48] [main/INFO] (Minecraft) [STDOUT]: ALTO CLEF: WARNING: T2 [S136] END reason=stuck-low step=50 y=64 startY=61 roseReal=false giveUp=true pos=58,64,-22 walls=1/1/3 sky=6 place=11 boxed=false hold=true cool=240 ban=240 startY=61 step=50
[00:09:48] [main/INFO] (Minecraft) [CHAT] §2§l§o[TenorClef] §cT2 [S136] END reason=stuck-low step=50 y=64 startY=61 roseReal=false giveUp=true pos=58,64,-22 walls=1/1/3 sky=6 place=11 boxed=false hold=true cool=240 ban=240 startY=61 step=50§r
[00:09:48] [main/INFO] (Minecraft) [CHAT] §2§l§o[TenorClef] §rT2 [HIST] 1:52.0 FORCE S136 END reason=stuck-low step=50 y=64 startY=61 roseReal=false giveUp=true pos=58,64,-22 walls=1/1/3 sky=6 place=11 boxed=false hold=true cool=240 ban=240 startY=61 step=50
[00:09:48] [main/INFO] (Minecraft) [CHAT] §2§l§o[TenorClef] §rT2 [HIST] 1:52.0 PILLAR END stuck-low step=50 y=64 startY=61
[00:09:48] [main/INFO] (Minecraft) [CHAT] §2§l§o[TenorClef] §rT2 [HIST] 1:52.0 WHY iron: smelt 8 in one furnace
[00:09:48] [main/INFO] (Minecraft) [STDOUT]: ALTO CLEF: WARNING: T2 [S136] stick drop pillar -> CollectIronIngotTask finished=true hold=false cool=239 end=stuck-low step=50 y=64 startY=61 pos=58,64,-22 walls=1/1/3 sky=6 place=11 boxed=false hold=false cool=239 ban=239 startY=- step=0
[00:09:48] [main/INFO] (Minecraft) [CHAT] §2§l§o[TenorClef] §cT2 [S136] stick drop pillar -> CollectIronIngotTask finished=true hold=false cool=239 end=stuck-low step=50 y=64 startY=61 pos=58,64,-22 walls=1/1/3 sky=6 place=11 boxed=false hold=false cool=239 ban=239 startY=- step=0§r
[00:09:48] [main/INFO] (Minecraft) [CHAT] §2§l§o[TenorClef] §rT2 [HIST] 1:52.0 FORCE S136 stick drop pillar -> CollectIronIngotTask finished=true hold=false cool=239 end=stuck-low step=50 y=64 startY=61 pos=58,64,-22 walls=1/1/3 sky=6 place=11 boxed=false hold=false cool=239 ban=239 startY=- step=0
[00:09:48] [main/INFO] (Minecraft) [CHAT] §2§l§o[TenorClef] §rT2 [HIST] 1:52.0 CHILD HolePillarTask -> CollectIronIngotTask ph=IRON @58,64,-22 sky=6 wet=false ground=true pick=0 buck=0 iron=0 ore=1 rods=0 pearls=0 eyes=0
[00:09:48] [main/INFO] (Minecraft) [STDOUT]: ALTO CLEF: WARNING: T2 [S136] onStop interrupt=CollectIronIngotTask finishWhy=givingUp cool=239 lastEnd=stuck-low step=50 y=64 startY=61 pos=58,64,-22 walls=1/1/3 sky=6 place=11 boxed=false hold=false cool=239 ban=239 startY=- step=0
[00:09:48] [main/INFO] (Minecraft) [CHAT] §2§l§o[TenorClef] §cT2 [S136] onStop interrupt=CollectIronIngotTask finishWhy=givingUp cool=239 lastEnd=stuck-low step=50 y=64 startY=61 pos=58,64,-22 walls=1/1/3 sky=6 place=11 boxed=false hold=false cool=239 ban=239 startY=- step=0§r
[00:09:48] [main/INFO] (Minecraft) [CHAT] §2§l§o[TenorClef] §rT2 [HIST] 1:52.0 FORCE S136 onStop interrupt=CollectIronIngotTask finishWhy=givingUp cool=239 lastEnd=stuck-low step=50 y=64 startY=61 pos=58,64,-22 walls=1/1/3 sky=6 place=11 boxed=false hold=false cool=239 ban=239 startY=- step=0
[00:09:48] [main/INFO] (Minecraft) [CHAT] §2§l§o[TenorClef] §rMineAndCollect: equip item.minecraft.stone_pickaxe for block.minecraft.iron_ore
[00:09:48] [main/INFO] (Minecraft) [STDOUT]: ALTO CLEF: WARNING: T2 [E100] jumps=14 @58,64,-22 ph=IRON child=CollectIronIngotTask
[00:09:48] [main/INFO] (Minecraft) [CHAT] §2§l§o[TenorClef] §cT2 [E100] jumps=14 @58,64,-22 ph=IRON child=CollectIronIngotTask§r
[00:09:48] [main/INFO] (Minecraft) [CHAT] §2§l§o[TenorClef] §rT2 [HIST] 1:52.3 [E100] jumps=14 @58,64,-22 ph=IRON child=CollectIronIngotTask
[00:09:48] [main/INFO] (Minecraft) [CHAT] §2§l§o[TenorClef] §rT2 [NOW] t=1:52.8 ph=IRON @58,64,-22 do=<Collecting 8 iron.: [[iron_ingot] x 8]>  eq=stone_pickaxe woodpick=1 stonepick=1 pick=0 iron=0 buck=0
[00:09:49] [main/INFO] (Minecraft) [CHAT] §2§l§o[TenorClef] §rT2 [HIST] 1:53.3 SNAP ph=IRON @58,63,-22 sky=6 wet=false ground=true pick=0 buck=0 iron=0 ore=1 rods=0 pearls=0 eyes=0 child=CollectIronIngotTask dbg=<Collecting 8 iron.: [[iron_ingot] x 8]>  mobs=none
[00:09:49] [main/INFO] (Minecraft) [CHAT] §2§l§o[TenorClef] §rT2 [NOW] t=1:53.8 ph=IRON @58,63,-22 do=<Collecting 8 iron.: [[iron_ingot] x 8]>  eq=stone_pickaxe woodpick=1 stonepick=1 pick=0 iron=0 buck=0
[00:09:50] [main/INFO] (Minecraft) [CHAT] §2§l§o[TenorClef] §rT2 [NOW] t=1:54.8 ph=IRON @58,62,-22 do=<Collecting 8 iron.: [[iron_ingot] x 8]>  eq=stone_pickaxe woodpick=1 stonepick=1 pick=0 iron=0 buck=0
[00:09:51] [main/INFO] (Minecraft) [STDOUT]: ALTO CLEF: WARNING: T2 [S135] S130 suppressed why=would-S130 but busy cool=179 flips=5 sameXz=61 child=CollectIronIngotTask cool=179 ban=179 hold=false pos=58,61,-22 walls=4/4/4 sky=4 place=13 boxed=true hold=false cool=179 ban=179 startY=- step=0
[00:09:51] [main/INFO] (Minecraft) [CHAT] §2§l§o[TenorClef] §cT2 [S135] S130 suppressed why=would-S130 but busy cool=179 flips=5 sameXz=61 child=CollectIronIngotTask cool=179 ban=179 hold=false pos=58,61,-22 walls=4/4/4 sky=4 place=13 boxed=true hold=false cool=179 ban=179 startY=- step=0§r
[00:09:51] [main/INFO] (Minecraft) [CHAT] §2§l§o[TenorClef] §rT2 [HIST] 1:55.0 FORCE S135 S130 suppressed why=would-S130 but busy cool=179 flips=5 sameXz=61 child=CollectIronIngotTask cool=179 ban=179 hold=false pos=58,61,-22 walls=4/4/4 sky=4 place=13 boxed=true hold=false cool=179 ban=179 startY=- step=0
[00:09:51] [main/INFO] (Minecraft) [CHAT] §2§l§o[TenorClef] §rT2 [HIST] 1:55.2 [E100] jumps=6 @58,61,-22 ph=IRON child=CollectIronIngotTask
[00:09:51] [main/INFO] (Minecraft) [STDOUT]: ALTO CLEF: WARNING: T2 [S100] stop jump-walk @58,-22 ph=IRON child=CollectIronIngotTask esc=0
[00:09:51] [main/INFO] (Minecraft) [CHAT] §2§l§o[TenorClef] §cT2 [S100] stop jump-walk @58,-22 ph=IRON child=CollectIronIngotTask esc=0§r
[00:09:51] [main/INFO] (Minecraft) [CHAT] §2§l§o[TenorClef] §rT2 [HIST] 1:55.2 SOLVE S100 stop jump-walk @58,-22 ph=IRON child=CollectIronIngotTask esc=0
[00:09:51] [main/INFO] (Minecraft) [CHAT] §2§l§o[TenorClef] §rT2 [NOW] t=1:55.8 ph=IRON @58,61,-22 do=<Collecting 8 iron.: [[iron_ingot] x 8]>  eq=stone_pickaxe woodpick=1 stonepick=1 pick=0 iron=0 buck=0
[00:09:51] [main/INFO] (Minecraft) [CHAT] §2§l§o[TenorClef] §rT2 [HIST] 1:55.8 SNAP ph=IRON @58,61,-22 sky=4 wet=false ground=true pick=0 buck=0 iron=0 ore=1 rods=0 pearls=0 eyes=0 child=CollectIronIngotTask dbg=<Collecting 8 iron.: [[iron_ingot] x 8]>  mobs=none
[00:09:52] [main/INFO] (Minecraft) [CHAT] §2§l§o[TenorClef] §rT2 [HIST] 1:56.0 WHY iron: smelt 8 in one furnace
[00:09:52] [main/INFO] (Minecraft) [CHAT] §2§l§o[TenorClef] §rT2 [NOW] t=1:56.8 ph=IRON @58,61,-22 do=<Collecting 8 iron.: [[iron_ingot] x 8]>  eq=stone_pickaxe woodpick=1 stonepick=1 pick=0 iron=0 buck=0
[00:09:53] [main/INFO] (Minecraft) [CHAT] §2§l§o[TenorClef] §rT2 [NOW] t=1:57.8 ph=IRON @58,61,-22 do=<Collecting 8 iron.: [[iron_ingot] x 8]>  eq=stone_pickaxe woodpick=1 stonepick=1 pick=0 iron=0 buck=0
[00:09:54] [main/INFO] (Minecraft) [CHAT] §2§l§o[TenorClef] §rT2 [HIST] 1:58.4 SNAP ph=IRON @58,61,-22 sky=4 wet=false ground=true pick=0 buck=0 iron=0 ore=1 rods=0 pearls=0 eyes=0 child=CollectIronIngotTask dbg=<Collecting 8 iron.: [[iron_ingot] x 8]>  mobs=none
[00:09:54] [main/INFO] (Minecraft) [CHAT] §2§l§o[TenorClef] §rT2 [NOW] t=1:58.8 ph=IRON @58,61,-22 do=<Collecting 8 iron.: [[iron_ingot] x 8]>  eq=stone_pickaxe woodpick=1 stonepick=1 pick=0 iron=0 buck=0
[00:09:55] [main/INFO] (Minecraft) [CHAT] §2§l§o[TenorClef] §rT2 [NOW] t=1:59.8 ph=IRON @58,61,-22 do=<Collecting 8 iron.: [[iron_ingot] x 8]>  eq=stone_pickaxe woodpick=1 stonepick=1 pick=0 iron=0 buck=0
[00:09:56] [main/INFO] (Minecraft) [CHAT] §2§l§o[TenorClef] §rT2 [NOW] t=2:00.9 ph=IRON @58,61,-22 do=<Collecting 8 iron.: [[iron_ingot] x 8]>  eq=stone_pickaxe woodpick=1 stonepick=1 pick=0 iron=0 buck=0
[00:09:56] [main/INFO] (Minecraft) [CHAT] §2§l§o[TenorClef] §rT2 [HIST] 2:00.9 SNAP ph=IRON @58,61,-22 sky=4 wet=false ground=true pick=0 buck=0 iron=0 ore=1 rods=0 pearls=0 eyes=0 child=CollectIronIngotTask dbg=<Collecting 8 iron.: [[iron_ingot] x 8]>  mobs=none
[00:09:57] [main/INFO] (Minecraft) [CHAT] §2§l§o[TenorClef] §rT2 [NOW] t=2:01.8 ph=IRON @58,61,-22 do=<Collecting 8 iron.: [[iron_ingot] x 8]>  eq=stone_pickaxe woodpick=1 stonepick=1 pick=0 iron=0 buck=0
[00:09:58] [main/INFO] (Minecraft) [CHAT] §2§l§o[TenorClef] §rT2 [NOW] t=2:02.8 ph=IRON @58,61,-22 do=<Collecting 8 iron.: [[iron_ingot] x 8]>  eq=stone_pickaxe woodpick=1 stonepick=1 pick=0 iron=0 buck=0
[00:09:59] [main/INFO] (Minecraft) [CHAT] §2§l§o[TenorClef] §rT2 [HIST] 2:03.3 SNAP ph=IRON @58,61,-22 sky=4 wet=false ground=true pick=0 buck=0 iron=0 ore=1 rods=0 pearls=0 eyes=0 child=CollectIronIngotTask dbg=<Collecting 8 iron.: [[iron_ingot] x 8]>  mobs=none
[00:09:59] [main/INFO] (Minecraft) [CHAT] §2§l§o[TenorClef] §rT2 [NOW] t=2:03.8 ph=IRON @58,61,-22 do=<Collecting 8 iron.: [[iron_ingot] x 8]>  eq=stone_pickaxe woodpick=1 stonepick=1 pick=0 iron=0 buck=0
[00:10:00] [main/INFO] (Minecraft) [STDOUT]: ALTO CLEF: WARNING: T2 [S134] pillar cool expire after flips=3 end=stuck-low step=50 y=64 startY=61
[00:10:00] [main/INFO] (Minecraft) [CHAT] §2§l§o[TenorClef] §cT2 [S134] pillar cool expire after flips=3 end=stuck-low step=50 y=64 startY=61§r
[00:10:00] [main/INFO] (Minecraft) [CHAT] §2§l§o[TenorClef] §rT2 [HIST] 2:03.9 FORCE S134 pillar cool expire after flips=3 end=stuck-low step=50 y=64 startY=61
[00:10:00] [main/INFO] (Minecraft) [CHAT] §2§l§o[TenorClef] §rT2 [HIST] 2:03.9 WHY iron: smelt 8 in one furnace
[00:10:00] [main/INFO] (Minecraft) [CHAT] §2§l§o[TenorClef] §rT2 [NOW] t=2:04.8 ph=IRON @58,61,-22 do=<Collecting 8 iron.: [[iron_ingot] x 8]>  eq=stone_pickaxe woodpick=1 stonepick=1 pick=0 iron=0 buck=0
[00:10:01] [main/INFO] (Minecraft) [CHAT] §2§l§o[TenorClef] §rT2 [NOW] t=2:05.8 ph=IRON @58,61,-22 do=<Collecting 8 iron.: [[iron_ingot] x 8]>  eq=stone_pickaxe woodpick=1 stonepick=1 pick=0 iron=0 buck=0
[00:10:01] [main/INFO] (Minecraft) [CHAT] §2§l§o[TenorClef] §rT2 [HIST] 2:05.8 SNAP ph=IRON @58,61,-22 sky=4 wet=false ground=true pick=0 buck=0 iron=0 ore=1 rods=0 pearls=0 eyes=0 child=CollectIronIngotTask dbg=<Collecting 8 iron.: [[iron_ingot] x 8]>  mobs=none
[00:10:02] [main/INFO] (Minecraft) [CHAT] §2§l§o[TenorClef] §rT2 [NOW] t=2:06.8 ph=IRON @58,61,-22 do=<Collecting 8 iron.: [[iron_ingot] x 8]>  eq=stone_pickaxe woodpick=1 stonepick=1 pick=0 iron=0 buck=0
[00:10:03] [main/INFO] (Minecraft) [CHAT] §2§l§o[TenorClef] §rT2 [NOW] t=2:07.8 ph=IRON @58,61,-22 do=<Collecting 8 iron.: [[iron_ingot] x 8]>  eq=stone_pickaxe woodpick=1 stonepick=1 pick=0 iron=0 buck=0
[00:10:04] [main/INFO] (Minecraft) [CHAT] §2§l§o[TenorClef] §rT2 [HIST] 2:08.3 SNAP ph=IRON @58,61,-22 sky=4 wet=false ground=true pick=0 buck=0 iron=0 ore=1 rods=0 pearls=0 eyes=0 child=CollectIronIngotTask dbg=<Collecting 8 iron.: [[iron_ingot] x 8]>  mobs=none
[00:10:04] [main/INFO] (Minecraft) [CHAT] §2§l§o[TenorClef] §rT2 [NOW] t=2:08.8 ph=IRON @58,61,-22 do=<Collecting 8 iron.: [[iron_ingot] x 8]>  eq=stone_pickaxe woodpick=1 stonepick=1 pick=0 iron=0 buck=0
[00:10:05] [main/INFO] (Minecraft) [CHAT] §2§l§o[TenorClef] §rT2 [NOW] t=2:09.9 ph=IRON @58,61,-22 do=<Collecting 8 iron.: [[iron_ingot] x 8]>  eq=stone_pickaxe woodpick=1 stonepick=1 pick=0 iron=0 buck=0
[00:10:06] [main/INFO] (Minecraft) [CHAT] §2§l§o[TenorClef] §rT2 [NOW] t=2:10.8 ph=IRON @58,61,-22 do=<Collecting 8 iron.: [[iron_ingot] x 8]>  eq=stone_pickaxe woodpick=1 stonepick=1 pick=0 iron=0 buck=0
[00:10:06] [main/INFO] (Minecraft) [CHAT] §2§l§o[TenorClef] §rT2 [HIST] 2:10.8 SNAP ph=IRON @58,61,-22 sky=4 wet=false ground=true pick=0 buck=0 iron=0 ore=1 rods=0 pearls=0 eyes=0 child=CollectIronIngotTask dbg=<Collecting 8 iron.: [[iron_ingot] x 8]>  mobs=none
[00:10:07] [main/INFO] (Minecraft) [CHAT] §2§l§o[TenorClef] §rRefreshed inventory...
[00:10:07] [main/INFO] (Minecraft) [CHAT] §2§l§o[TenorClef] §rT2 [NOW] t=2:11.8 ph=IRON @58,60,-23 do=<Collecting 8 iron.: [[iron_ingot] x 8]>  eq=stone_pickaxe woodpick=1 stonepick=1 pick=0 iron=0 buck=0
[00:10:08] [main/INFO] (Minecraft) [CHAT] §2§l§o[TenorClef] §rT2 [NOW] t=2:12.9 ph=IRON @58,60,-24 do=<Collecting 8 iron.: [[iron_ingot] x 8]>  eq=stone_pickaxe woodpick=1 stonepick=1 pick=0 iron=0 buck=0
[00:10:09] [main/INFO] (Minecraft) [CHAT] §2§l§o[TenorClef] §rT2 [HIST] 2:13.3 SNAP ph=IRON @58,60,-25 sky=0 wet=false ground=true pick=0 buck=0 iron=0 ore=11 rods=0 pearls=0 eyes=0 child=CollectIronIngotTask dbg=<Collecting 8 iron.: [[iron_ingot] x 8]>  mobs=none
[00:10:09] [main/INFO] (Minecraft) [CHAT] §2§l§o[TenorClef] §rT2 [NOW] t=2:13.8 ph=IRON @58,60,-25 do=<Collecting 8 iron.: [[iron_ingot] x 8]>  eq=stone_pickaxe woodpick=1 stonepick=1 pick=0 iron=0 buck=0
[00:10:10] [main/INFO] (Minecraft) [CHAT] §2§l§o[TenorClef] §rT2 [NOW] t=2:14.8 ph=IRON @58,60,-25 do=<Collecting 8 iron.: [[iron_ingot] x 8]>  eq=stone_pickaxe woodpick=1 stonepick=1 pick=0 iron=0 buck=0
[00:10:11] [main/INFO] (Minecraft) [CHAT] §2§l§o[TenorClef] §rT2 [NOW] t=2:15.9 ph=IRON @59,60,-25 do=<Collecting 8 iron.: [[iron_ingot] x 8]>  eq=stone_pickaxe woodpick=1 stonepick=1 pick=0 iron=0 buck=0
[00:10:11] [main/INFO] (Minecraft) [CHAT] §2§l§o[TenorClef] §rT2 [HIST] 2:15.9 SNAP ph=IRON @59,60,-25 sky=0 wet=false ground=true pick=0 buck=0 iron=0 ore=11 rods=0 pearls=0 eyes=0 child=CollectIronIngotTask dbg=<Collecting 8 iron.: [[iron_ingot] x 8]>  mobs=none
[00:10:12] [main/INFO] (Minecraft) [CHAT] §2§l§o[TenorClef] §rT2 [NOW] t=2:16.8 ph=IRON @60,60,-25 do=<Collecting 8 iron.: [[iron_ingot] x 8]>  eq=stone_pickaxe woodpick=1 stonepick=1 pick=0 iron=0 buck=0
[00:10:13] [main/INFO] (Minecraft) [CHAT] §2§l§o[TenorClef] §rT2 [NOW] t=2:17.9 ph=IRON @60,60,-25 do=<Collecting 8 iron.: [[iron_ingot] x 8]>  eq=stone_pickaxe woodpick=1 stonepick=1 pick=0 iron=0 buck=0
[00:10:14] [main/INFO] (Minecraft) [CHAT] §2§l§o[TenorClef] §rT2 [HIST] 2:18.3 SNAP ph=IRON @60,60,-25 sky=0 wet=false ground=true pick=0 buck=0 iron=0 ore=11 rods=0 pearls=0 eyes=0 child=CollectIronIngotTask dbg=<Collecting 8 iron.: [[iron_ingot] x 8]>  mobs=none
[00:10:14] [main/INFO] (Minecraft) [CHAT] §2§l§o[TenorClef] §rT2 [NOW] t=2:18.9 ph=IRON @61,60,-25 do=<Collecting 8 iron.: [[iron_ingot] x 8]>  eq=stone_pickaxe woodpick=1 stonepick=1 pick=0 iron=0 buck=0
[00:10:15] [main/INFO] (Minecraft) [CHAT] §2§l§o[TenorClef] §rT2 [NOW] t=2:19.8 ph=IRON @61,60,-25 do=<Collecting 8 iron.: [[iron_ingot] x 8]>  eq=stone_pickaxe woodpick=1 stonepick=1 pick=0 iron=0 buck=0
[00:10:16] [main/INFO] (Minecraft) [CHAT] §2§l§o[TenorClef] §rT2 [NOW] t=2:20.8 ph=IRON @61,60,-25 do=<Collecting 8 iron.: [[iron_ingot] x 8]>  eq=stone_pickaxe woodpick=1 stonepick=1 pick=0 iron=0 buck=0
[00:10:16] [main/INFO] (Minecraft) [CHAT] §2§l§o[TenorClef] §rT2 [HIST] 2:20.8 SNAP ph=IRON @61,60,-25 sky=0 wet=false ground=true pick=0 buck=0 iron=0 ore=11 rods=0 pearls=0 eyes=0 child=CollectIronIngotTask dbg=<Collecting 8 iron.: [[iron_ingot] x 8]>  mobs=none
[00:10:17] [main/INFO] (Minecraft) [CHAT] §2§l§o[TenorClef] §rT2 [NOW] t=2:21.8 ph=IRON @62,59,-25 do=<Collecting 8 iron.: [[iron_ingot] x 8]>  eq=stone_pickaxe woodpick=1 stonepick=1 pick=0 iron=0 buck=0
[00:10:18] [main/INFO] (Minecraft) [STDOUT]: ALTO CLEF: WARNING: T2 [E70] iron stall 6s @62,-25 — clear blacklist + re-pick ore
[00:10:18] [main/INFO] (Minecraft) [CHAT] §2§l§o[TenorClef] §cT2 [E70] iron stall 6s @62,-25 — clear blacklist + re-pick ore§r
[00:10:18] [main/INFO] (Minecraft) [CHAT] §2§l§o[TenorClef] §rT2 [NOW] t=2:22.8 ph=IRON @62,59,-25 do=<Collecting 8 iron.: [[iron_ingot] x 8]>  eq=stone_pickaxe woodpick=1 stonepick=1 pick=0 iron=0 buck=0
[00:10:19] [main/INFO] (Minecraft) [CHAT] §2§l§o[TenorClef] §rT2 [HIST] 2:23.3 SNAP ph=IRON @62,59,-25 sky=0 wet=false ground=true pick=0 buck=0 iron=0 ore=11 rods=0 pearls=0 eyes=0 child=CollectIronIngotTask dbg=<Collecting 8 iron.: [[iron_ingot] x 8]>  mobs=none
[00:10:19] [main/INFO] (Minecraft) [CHAT] §2§l§o[TenorClef] §rT2 [NOW] t=2:23.8 ph=IRON @62,59,-25 do=<Collecting 8 iron.: [[iron_ingot] x 8]>  eq=stone_pickaxe woodpick=1 stonepick=1 pick=0 iron=0 buck=0
[00:10:20] [main/INFO] (Minecraft) [CHAT] §2§l§o[TenorClef] §rT2 [HB] t=2:24.8 ph=IRON y=59 child=CollectIronIngotTask logs=0 pick=0 woodpick=1
[00:10:20] [main/INFO] (Minecraft) [CHAT] §2§l§o[TenorClef] §rT2 [NOW] t=2:24.8 ph=IRON @62,59,-25 do=<Collecting 8 iron.: [[iron_ingot] x 8]>  eq=stone_pickaxe woodpick=1 stonepick=1 pick=0 iron=0 buck=0
[00:10:21] [main/INFO] (Minecraft) [CHAT] §2§l§o[TenorClef] §rT2 [NOW] t=2:25.8 ph=IRON @63,59,-25 do=<Collecting 8 iron.: [[iron_ingot] x 8]>  eq=stone_pickaxe woodpick=1 stonepick=1 pick=0 iron=0 buck=0
[00:10:21] [main/INFO] (Minecraft) [CHAT] §2§l§o[TenorClef] §rT2 [HIST] 2:25.8 SNAP ph=IRON @63,59,-25 sky=0 wet=false ground=true pick=0 buck=0 iron=0 ore=11 rods=0 pearls=0 eyes=0 child=CollectIronIngotTask dbg=<Collecting 8 iron.: [[iron_ingot] x 8]>  mobs=none
[00:10:22] [main/INFO] (Minecraft) Loaded 59 advancements
[00:10:22] [main/INFO] (Minecraft) [CHAT] §2§l§o[TenorClef] §rT2 [NOW] t=2:26.8 ph=IRON @62,60,-25 do=<Collecting 8 iron.: [[iron_ingot] x 8]>  eq=stone_pickaxe woodpick=1 stonepick=1 pick=0 iron=0 buck=0
[00:10:23] [main/INFO] (Minecraft) [CHAT] §2§l§o[TenorClef] §rT2 [NOW] t=2:27.8 ph=IRON @58,60,-25 do=<Collecting 8 iron.: [[iron_ingot] x 8]>  eq=stone_pickaxe woodpick=1 stonepick=1 pick=0 iron=0 buck=0
[00:10:24] [main/INFO] (Minecraft) [CHAT] §2§l§o[TenorClef] §rT2 [HIST] 2:28.4 SNAP ph=IRON @58,61,-22 sky=4 wet=false ground=true pick=0 buck=0 iron=0 ore=11 rods=0 pearls=0 eyes=0 child=CollectIronIngotTask dbg=<Collecting 8 iron.: [[iron_ingot] x 8]>  mobs=none
[00:10:24] [main/INFO] (Minecraft) [CHAT] §2§l§o[TenorClef] §rT2 [NOW] t=2:28.8 ph=IRON @58,61,-22 do=<Collecting 8 iron.: [[iron_ingot] x 8]>  eq=stone_pickaxe woodpick=1 stonepick=1 pick=0 iron=0 buck=0
[00:10:25] [main/INFO] (Minecraft) [CHAT] §2§l§o[TenorClef] §rT2 [HB] t=2:29.8 ph=IRON y=63 child=CollectIronIngotTask logs=0 pick=0 woodpick=1
[00:10:25] [main/INFO] (Minecraft) [CHAT] §2§l§o[TenorClef] §rT2 [NOW] t=2:29.9 ph=IRON @57,63,-21 do=<Collecting 8 iron.: [[iron_ingot] x 8]>  eq=stone_pickaxe woodpick=1 stonepick=1 pick=0 iron=0 buck=0
[00:10:26] [main/INFO] (Minecraft) [CHAT] §2§l§o[TenorClef] §rT2 [NOW] t=2:30.8 ph=IRON @56,65,-19 do=<Collecting 8 iron.: [[iron_ingot] x 8]>  eq=dirt woodpick=1 stonepick=1 pick=0 iron=0 buck=0
[00:10:26] [main/INFO] (Minecraft) [CHAT] §2§l§o[TenorClef] §rT2 [HIST] 2:30.8 SNAP ph=IRON @56,65,-19 sky=11 wet=false ground=false pick=0 buck=0 iron=0 ore=11 rods=0 pearls=0 eyes=0 child=CollectIronIngotTask dbg=<Collecting 8 iron.: [[iron_ingot] x 8]>  mobs=none
[00:10:27] [main/INFO] (Minecraft) [CHAT] §2§l§o[TenorClef] §rT2 [NOW] t=2:31.8 ph=IRON @56,67,-18 do=<Collecting 8 iron.: [[iron_ingot] x 8]>  eq=stone_pickaxe woodpick=1 stonepick=1 pick=0 iron=0 buck=0
[00:10:28] [main/INFO] (Minecraft) [CHAT] §2§l§o[TenorClef] §rT2 [NOW] t=2:32.8 ph=IRON @52,67,-16 do=<Collecting 8 iron.: [[iron_ingot] x 8]>  eq=stone_pickaxe woodpick=1 stonepick=1 pick=0 iron=0 buck=0
[00:10:29] [main/INFO] (Minecraft) [CHAT] §2§l§o[TenorClef] §rT2 [HIST] 2:33.3 SNAP ph=IRON @51,66,-15 sky=15 wet=false ground=true pick=0 buck=0 iron=0 ore=11 rods=0 pearls=0 eyes=0 child=CollectIronIngotTask dbg=<Collecting 8 iron.: [[iron_ingot] x 8]>  mobs=none
[00:10:29] [main/INFO] (Minecraft) [CHAT] §2§l§o[TenorClef] §rT2 [NOW] t=2:33.8 ph=IRON @50,66,-14 do=<Collecting 8 iron.: [[iron_ingot] x 8]>  eq=stone_pickaxe woodpick=1 stonepick=1 pick=0 iron=0 buck=0
[00:10:30] [main/INFO] (Minecraft) [CHAT] [Baritone] Done building
[00:10:30] [main/INFO] (Minecraft) [CHAT] [Baritone] Done building
[00:10:30] [main/INFO] (Minecraft) [CHAT] [Baritone] Done building
[00:10:30] [main/INFO] (Minecraft) [CHAT] [Baritone] Done building
[00:10:30] [main/INFO] (Minecraft) [CHAT] [Baritone] Done building
[00:10:30] [main/INFO] (Minecraft) [CHAT] [Baritone] Done building
[00:10:30] [main/INFO] (Minecraft) [CHAT] [Baritone] Done building
[00:10:30] [main/INFO] (Minecraft) [CHAT] [Baritone] Done building
[00:10:30] [main/INFO] (Minecraft) [CHAT] [Baritone] Done building
[00:10:30] [main/INFO] (Minecraft) [CHAT] [Baritone] Done building
[00:10:30] [main/INFO] (Minecraft) [CHAT] [Baritone] Done building
[00:10:30] [main/INFO] (Minecraft) [CHAT] [Baritone] Done building
[00:10:30] [main/INFO] (Minecraft) [CHAT] [Baritone] Done building
[00:10:30] [main/INFO] (Minecraft) [CHAT] [Baritone] Done building
[00:10:30] [main/INFO] (Minecraft) [CHAT] [Baritone] Done building
[00:10:30] [main/INFO] (Minecraft) [CHAT] [Baritone] Done building
[00:10:30] [main/INFO] (Minecraft) [CHAT] [Baritone] Done building
[00:10:30] [main/INFO] (Minecraft) [CHAT] §2§l§o[TenorClef] §rT2 [HB] t=2:34.8 ph=IRON y=66 child=CollectIronIngotTask logs=0 pick=0 woodpick=1
[00:10:30] [main/INFO] (Minecraft) [CHAT] [Baritone] Done building
[00:10:30] [main/INFO] (Minecraft) [CHAT] §2§l§o[TenorClef] §rT2 [NOW] t=2:34.8 ph=IRON @50,66,-14 do=<Collecting 8 iron.: [[iron_ingot] x 8]>  eq=stone_pickaxe woodpick=1 stonepick=1 pick=0 iron=0 buck=0
[00:10:30] [main/INFO] (Minecraft) [CHAT] [Baritone] Done building
[00:10:31] [main/INFO] (Minecraft) Loaded 60 advancements
[00:10:31] [main/INFO] (Minecraft) [CHAT] §2§l§o[TenorClef] §rT2 [NOW] t=2:35.8 ph=IRON @50,66,-14 do=<Collecting 8 iron.: [[iron_ingot] x 8]>  eq=stone_pickaxe woodpick=1 stonepick=1 pick=0 iron=0 buck=0
[00:10:31] [main/INFO] (Minecraft) [CHAT] §2§l§o[TenorClef] §rT2 [HIST] 2:35.8 SNAP ph=IRON @50,66,-14 sky=15 wet=false ground=true pick=0 buck=0 iron=0 ore=11 rods=0 pearls=0 eyes=0 child=CollectIronIngotTask dbg=<Collecting 8 iron.: [[iron_ingot] x 8]>  mobs=none
[00:10:32] [main/INFO] (Minecraft) [CHAT] §2§l§o[TenorClef] §rT2 [NOW] t=2:36.8 ph=IRON @50,66,-14 do=<Collecting 8 iron.: [[iron_ingot] x 8]>  eq=stone_pickaxe woodpick=1 stonepick=1 pick=0 iron=0 buck=0
[00:10:33] [main/INFO] (Minecraft) [STDOUT]: ALTO CLEF: WARNING: T2 [S120] craft-gui jump @50,66,-14 child=CollectIronIngotTask
[00:10:33] [main/INFO] (Minecraft) [CHAT] §2§l§o[TenorClef] §cT2 [S120] craft-gui jump @50,66,-14 child=CollectIronIngotTask§r
[00:10:33] [main/INFO] (Minecraft) [CHAT] §2§l§o[TenorClef] §rT2 [HIST] 2:37.5 SOLVE S120 craft-gui jump @50,66,-14 child=CollectIronIngotTask
[00:10:33] [main/INFO] (Minecraft) [CHAT] §2§l§o[TenorClef] §rT2 [HIST] 2:37.5 WHY iron: smelt 8 in one furnace
[00:10:33] [main/INFO] (Minecraft) [CHAT] §2§l§o[TenorClef] §rT2 [NOW] t=2:37.8 ph=IRON @50,66,-14 do=<Collecting 8 iron.: [[iron_ingot] x 8]>  eq=stone_pickaxe woodpick=1 stonepick=1 pick=0 iron=0 buck=0
[00:10:34] [main/INFO] (Minecraft) [CHAT] §2§l§o[TenorClef] §rT2 [HIST] 2:38.3 SNAP ph=IRON @50,66,-14 sky=15 wet=false ground=true pick=0 buck=0 iron=0 ore=11 rods=0 pearls=0 eyes=0 child=CollectIronIngotTask dbg=<Collecting 8 iron.: [[iron_ingot] x 8]>  mobs=none
[00:10:34] [main/INFO] (Minecraft) [CHAT] §2§l§o[TenorClef] §rT2 [NOW] t=2:38.8 ph=IRON @50,66,-14 do=<Collecting 8 iron.: [[iron_ingot] x 8]>  eq=stone_pickaxe woodpick=1 stonepick=1 pick=0 iron=0 buck=0
[00:10:35] [main/INFO] (Minecraft) [CHAT] §2§l§o[TenorClef] §rT2 [HB] t=2:39.8 ph=IRON y=66 child=CollectIronIngotTask logs=0 pick=0 woodpick=1
[00:10:35] [main/INFO] (Minecraft) [CHAT] §2§l§o[TenorClef] §rT2 [NOW] t=2:39.8 ph=IRON @52,66,-11 do=<Collecting 8 iron.: [[iron_ingot] x 8]>  eq=stone_pickaxe woodpick=1 stonepick=1 pick=0 iron=0 buck=0
[00:10:36] [main/INFO] (Minecraft) [CHAT] §2§l§o[TenorClef] §rT2 [NOW] t=2:40.8 ph=IRON @52,66,-11 do=<Collecting 8 iron.: [[iron_ingot] x 8]>  eq=stone_pickaxe woodpick=1 stonepick=1 pick=0 iron=0 buck=0
[00:10:36] [main/INFO] (Minecraft) [CHAT] §2§l§o[TenorClef] §rT2 [HIST] 2:40.8 SNAP ph=IRON @52,66,-11 sky=15 wet=false ground=true pick=0 buck=0 iron=0 ore=11 rods=0 pearls=0 eyes=0 child=CollectIronIngotTask dbg=<Collecting 8 iron.: [[iron_ingot] x 8]>  mobs=none
[00:10:37] [main/INFO] (Minecraft) [CHAT] §2§l§o[TenorClef] §rT2 [NOW] t=2:41.8 ph=IRON @52,66,-11 do=<Collecting 8 iron.: [[iron_ingot] x 8]>  eq=stone_pickaxe woodpick=1 stonepick=1 pick=0 iron=0 buck=0
[00:10:38] [main/INFO] (Minecraft) [CHAT] §2§l§o[TenorClef] §rT2 [NOW] t=2:42.8 ph=IRON @52,66,-11 do=<Collecting 8 iron.: [[iron_ingot] x 8]>  eq=stone_pickaxe woodpick=1 stonepick=1 pick=0 iron=0 buck=0
[00:10:39] [main/INFO] (Minecraft) [CHAT] §2§l§o[TenorClef] §rT2 [HIST] 2:43.3 SNAP ph=IRON @52,66,-11 sky=15 wet=false ground=true pick=0 buck=0 iron=0 ore=11 rods=0 pearls=0 eyes=0 child=CollectIronIngotTask dbg=<Collecting 8 iron.: [[iron_ingot] x 8]>  mobs=none
[00:10:39] [main/INFO] (Minecraft) [STDOUT]: ALTO CLEF: WARNING: T2 [S120] craft-gui jump @52,66,-11 child=CollectIronIngotTask
[00:10:39] [main/INFO] (Minecraft) [CHAT] §2§l§o[TenorClef] §cT2 [S120] craft-gui jump @52,66,-11 child=CollectIronIngotTask§r
[00:10:39] [main/INFO] (Minecraft) [CHAT] §2§l§o[TenorClef] §rT2 [HIST] 2:43.7 SOLVE S120 craft-gui jump @52,66,-11 child=CollectIronIngotTask
[00:10:39] [main/INFO] (Minecraft) [CHAT] §2§l§o[TenorClef] §rT2 [HIST] 2:43.7 WHY iron: smelt 8 in one furnace
[00:10:39] [main/INFO] (Minecraft) [CHAT] §2§l§o[TenorClef] §rT2 [NOW] t=2:43.8 ph=IRON @52,66,-11 do=<Collecting 8 iron.: [[iron_ingot] x 8]>  eq=stone_pickaxe woodpick=1 stonepick=1 pick=0 iron=0 buck=0
[00:10:40] [main/INFO] (Minecraft) [CHAT] §2§l§o[TenorClef] §rT2 [HB] t=2:44.8 ph=IRON y=66 child=CollectIronIngotTask logs=0 pick=0 woodpick=1
[00:10:40] [main/INFO] (Minecraft) [CHAT] §2§l§o[TenorClef] §rT2 [NOW] t=2:44.8 ph=IRON @52,66,-11 do=<Collecting 8 iron.: [[iron_ingot] x 8]>  eq=stone_pickaxe woodpick=1 stonepick=1 pick=0 iron=0 buck=0
[00:10:41] [main/INFO] (Minecraft) [STDOUT]: ALTO CLEF: WARNING: T2 [E70] iron stall 6s @52,-11 — clear blacklist + re-pick ore
[00:10:41] [main/INFO] (Minecraft) [CHAT] §2§l§o[TenorClef] §cT2 [E70] iron stall 6s @52,-11 — clear blacklist + re-pick ore§r
[00:10:41] [main/INFO] (Minecraft) [CHAT] §2§l§o[TenorClef] §rT2 [NOW] t=2:45.8 ph=IRON @52,66,-11 do=<Collecting 8 iron.: [[iron_ingot] x 8]>  eq=stone_pickaxe woodpick=1 stonepick=1 pick=0 iron=0 buck=0
[00:10:41] [main/INFO] (Minecraft) [CHAT] §2§l§o[TenorClef] §rT2 [HIST] 2:45.8 SNAP ph=IRON @52,66,-11 sky=15 wet=false ground=true pick=0 buck=0 iron=0 ore=11 rods=0 pearls=0 eyes=0 child=CollectIronIngotTask dbg=<Collecting 8 iron.: [[iron_ingot] x 8]>  mobs=none
[00:10:42] [main/INFO] (Minecraft) [CHAT] §2§l§o[TenorClef] §rT2 [NOW] t=2:46.8 ph=IRON @52,66,-11 do=<Collecting 8 iron.: [[iron_ingot] x 8]>  eq=stone_pickaxe woodpick=1 stonepick=1 pick=0 iron=0 buck=0
[00:10:43] [main/INFO] (Minecraft) [STDOUT]: ALTO CLEF: WARNING: T2 [E104] FurnaceScreen open 8s ph=IRON
[00:10:43] [main/INFO] (Minecraft) [CHAT] §2§l§o[TenorClef] §cT2 [E104] FurnaceScreen open 8s ph=IRON§r
[00:10:43] [main/INFO] (Minecraft) [CHAT] §2§l§o[TenorClef] §rT2 [HIST] 2:47.1 [E104] FurnaceScreen open 8s ph=IRON
[00:10:43] [main/INFO] (Minecraft) [CHAT] §2§l§o[TenorClef] §rT2 [HIST] 2:47.7 WHY iron: smelt 8 in one furnace
[00:10:43] [main/INFO] (Minecraft) [CHAT] §2§l§o[TenorClef] §rT2 [NOW] t=2:47.8 ph=IRON @52,66,-11 do=<Collecting 8 iron.: [[iron_ingot] x 8]>  eq=stone_pickaxe woodpick=1 stonepick=1 pick=0 iron=0 buck=0
[00:10:44] [main/INFO] (Minecraft) [CHAT] §2§l§o[TenorClef] §rT2 [HIST] 2:48.4 SNAP ph=IRON @52,66,-11 sky=15 wet=false ground=true pick=0 buck=0 iron=0 ore=11 rods=0 pearls=0 eyes=0 child=CollectIronIngotTask dbg=<Collecting 8 iron.: [[iron_ingot] x 8]>  mobs=none
[00:10:44] [main/INFO] (Minecraft) [CHAT] §2§l§o[TenorClef] §rT2 [NOW] t=2:48.8 ph=IRON @52,66,-11 do=<Collecting 8 iron.: [[iron_ingot] x 8]>  eq=stone_pickaxe woodpick=1 stonepick=1 pick=0 iron=0 buck=0
[00:10:45] [main/INFO] (Minecraft) [STDOUT]: ALTO CLEF: WARNING: T2 [S120] craft-gui jump @52,66,-11 child=CollectIronIngotTask
[00:10:45] [main/INFO] (Minecraft) [CHAT] §2§l§o[TenorClef] §cT2 [S120] craft-gui jump @52,66,-11 child=CollectIronIngotTask§r
[00:10:45] [main/INFO] (Minecraft) [CHAT] §2§l§o[TenorClef] §rT2 [HIST] 2:49.7 SOLVE S120 craft-gui jump @52,66,-11 child=CollectIronIngotTask
[00:10:45] [main/INFO] (Minecraft) [CHAT] §2§l§o[TenorClef] §rT2 [NOW] t=2:49.8 ph=IRON @52,66,-11 do=<Collecting 8 iron.: [[iron_ingot] x 8]>  eq=stone_pickaxe woodpick=1 stonepick=1 pick=0 iron=1 buck=0
[00:10:46] [main/INFO] (Minecraft) [CHAT] §2§l§o[TenorClef] §rT2 [NOW] t=2:50.8 ph=IRON @52,66,-11 do=<Collecting 8 iron.: [[iron_ingot] x 8]>  eq=stone_pickaxe woodpick=1 stonepick=1 pick=0 iron=1 buck=0
[00:10:46] [main/INFO] (Minecraft) [CHAT] §2§l§o[TenorClef] §rT2 [HIST] 2:50.8 SNAP ph=IRON @52,66,-11 sky=15 wet=false ground=true pick=0 buck=0 iron=1 ore=10 rods=0 pearls=0 eyes=0 child=CollectIronIngotTask dbg=<Collecting 8 iron.: [[iron_ingot] x 8]>  mobs=none
[00:10:47] [main/INFO] (Minecraft) [CHAT] §2§l§o[TenorClef] §rT2 [HIST] 2:51.1 [E104] FurnaceScreen open 8s ph=IRON
[00:10:47] [main/INFO] (Minecraft) [CHAT] §2§l§o[TenorClef] §rT2 [HIST] 2:51.7 WHY iron: smelt 8 in one furnace
[00:10:47] [main/INFO] (Minecraft) [CHAT] §2§l§o[TenorClef] §rT2 [NOW] t=2:51.8 ph=IRON @52,66,-11 do=<Collecting 8 iron.: [[iron_ingot] x 8]>  eq=stone_pickaxe woodpick=1 stonepick=1 pick=0 iron=1 buck=0
[00:10:48] [main/INFO] (Minecraft) [CHAT] §2§l§o[TenorClef] §rT2 [NOW] t=2:52.9 ph=IRON @52,66,-11 do=<Collecting 8 iron.: [[iron_ingot] x 8]>  eq=stone_pickaxe woodpick=1 stonepick=1 pick=0 iron=1 buck=0
[00:10:49] [main/INFO] (Minecraft) [CHAT] §2§l§o[TenorClef] §rT2 [HIST] 2:53.3 SNAP ph=IRON @52,66,-11 sky=15 wet=false ground=true pick=0 buck=0 iron=1 ore=10 rods=0 pearls=0 eyes=0 child=CollectIronIngotTask dbg=<Collecting 8 iron.: [[iron_ingot] x 8]>  mobs=none
[00:10:49] [main/INFO] (Minecraft) [CHAT] §2§l§o[TenorClef] §rT2 [NOW] t=2:53.8 ph=IRON @52,66,-11 do=<Collecting 8 iron.: [[iron_ingot] x 8]>  eq=stone_pickaxe woodpick=1 stonepick=1 pick=0 iron=1 buck=0
[00:10:50] [main/INFO] (Minecraft) [CHAT] §2§l§o[TenorClef] §rT2 [NOW] t=2:54.8 ph=IRON @52,66,-11 do=<Collecting 8 iron.: [[iron_ingot] x 8]>  eq=stone_pickaxe woodpick=1 stonepick=1 pick=0 iron=1 buck=0
[00:10:51] [main/INFO] (Minecraft) [STDOUT]: ALTO CLEF: WARNING: T2 [E104] FurnaceScreen open 8s ph=IRON
[00:10:51] [main/INFO] (Minecraft) [CHAT] §2§l§o[TenorClef] §cT2 [E104] FurnaceScreen open 8s ph=IRON§r
[00:10:51] [main/INFO] (Minecraft) [CHAT] §2§l§o[TenorClef] §rT2 [HIST] 2:55.2 [E104] FurnaceScreen open 8s ph=IRON
[00:10:51] [main/INFO] (Minecraft) [STDOUT]: ALTO CLEF: WARNING: T2 [E70] iron stall 6s @52,-11 — clear blacklist + re-pick ore
[00:10:51] [main/INFO] (Minecraft) [CHAT] §2§l§o[TenorClef] §cT2 [E70] iron stall 6s @52,-11 — clear blacklist + re-pick ore§r
[00:10:51] [main/INFO] (Minecraft) [STDOUT]: ALTO CLEF: WARNING: T2 [S120] craft-gui jump @52,66,-11 child=CollectIronIngotTask
[00:10:51] [main/INFO] (Minecraft) [CHAT] §2§l§o[TenorClef] §cT2 [S120] craft-gui jump @52,66,-11 child=CollectIronIngotTask§r
[00:10:51] [main/INFO] (Minecraft) [CHAT] §2§l§o[TenorClef] §rT2 [HIST] 2:55.6 SOLVE S120 craft-gui jump @52,66,-11 child=CollectIronIngotTask
[00:10:51] [main/INFO] (Minecraft) [CHAT] §2§l§o[TenorClef] §rT2 [HIST] 2:55.7 WHY iron: smelt 8 in one furnace
[00:10:51] [main/INFO] (Minecraft) [CHAT] §2§l§o[TenorClef] §rT2 [NOW] t=2:55.8 ph=IRON @52,66,-11 do=<Collecting 8 iron.: [[iron_ingot] x 8]>  eq=stone_pickaxe woodpick=1 stonepick=1 pick=0 iron=1 buck=0
[00:10:51] [main/INFO] (Minecraft) [CHAT] §2§l§o[TenorClef] §rT2 [HIST] 2:55.8 SNAP ph=IRON @52,66,-11 sky=15 wet=false ground=true pick=0 buck=0 iron=1 ore=10 rods=0 pearls=0 eyes=0 child=CollectIronIngotTask dbg=<Collecting 8 iron.: [[iron_ingot] x 8]>  mobs=none
[00:10:52] [main/INFO] (Minecraft) [CHAT] §2§l§o[TenorClef] §rT2 [NOW] t=2:56.8 ph=IRON @52,66,-11 do=<Collecting 8 iron.: [[iron_ingot] x 8]>  eq=stone_pickaxe woodpick=1 stonepick=1 pick=0 iron=1 buck=0
[00:10:53] [main/INFO] (Minecraft) [CHAT] §2§l§o[TenorClef] §rT2 [NOW] t=2:57.8 ph=IRON @52,66,-11 do=<Collecting 8 iron.: [[iron_ingot] x 8]>  eq=stone_pickaxe woodpick=1 stonepick=1 pick=0 iron=1 buck=0
[00:10:54] [main/INFO] (Minecraft) [CHAT] §2§l§o[TenorClef] §rT2 [HIST] 2:58.3 SNAP ph=IRON @52,66,-11 sky=15 wet=false ground=true pick=0 buck=0 iron=1 ore=10 rods=0 pearls=0 eyes=0 child=CollectIronIngotTask dbg=<Collecting 8 iron.: [[iron_ingot] x 8]>  mobs=none
[00:10:54] [main/INFO] (Minecraft) [CHAT] §2§l§o[TenorClef] §rT2 [NOW] t=2:58.9 ph=IRON @52,66,-11 do=<Collecting 8 iron.: [[iron_ingot] x 8]>  eq=stone_pickaxe woodpick=1 stonepick=1 pick=0 iron=1 buck=0
[00:10:55] [main/INFO] (Minecraft) [CHAT] §2§l§o[TenorClef] §rT2 [HIST] 2:59.2 [E104] FurnaceScreen open 8s ph=IRON
[00:10:55] [main/INFO] (Minecraft) [CHAT] §2§l§o[TenorClef] §rT2 [HIST] 2:59.7 WHY iron: smelt 8 in one furnace
[00:10:55] [main/INFO] (Minecraft) [CHAT] §2§l§o[TenorClef] §rT2 [NOW] t=2:59.8 ph=IRON @52,66,-11 do=<Collecting 8 iron.: [[iron_ingot] x 8]>  eq=stone_pickaxe woodpick=1 stonepick=1 pick=0 iron=2 buck=0
[00:10:56] [main/INFO] (Minecraft) [CHAT] §2§l§o[TenorClef] §rT2 [NOW] t=3:00.8 ph=IRON @52,66,-11 do=<Collecting 8 iron.: [[iron_ingot] x 8]>  eq=stone_pickaxe woodpick=1 stonepick=1 pick=0 iron=2 buck=0
[00:10:56] [main/INFO] (Minecraft) [CHAT] §2§l§o[TenorClef] §rT2 [HIST] 3:00.8 SNAP ph=IRON @52,66,-11 sky=15 wet=false ground=true pick=0 buck=0 iron=2 ore=9 rods=0 pearls=0 eyes=0 child=CollectIronIngotTask dbg=<Collecting 8 iron.: [[iron_ingot] x 8]>  mobs=none
[00:10:57] [main/INFO] (Minecraft) [CHAT] §2§l§o[TenorClef] §rT2 [HIST] 3:01.6 SOLVE S120 craft-gui jump @52,66,-11 child=CollectIronIngotTask
[00:10:57] [main/INFO] (Minecraft) [CHAT] §2§l§o[TenorClef] §rT2 [NOW] t=3:01.9 ph=IRON @52,66,-11 do=<Collecting 8 iron.: [[iron_ingot] x 8]>  eq=stone_pickaxe woodpick=1 stonepick=1 pick=0 iron=2 buck=0
[00:10:58] [main/INFO] (Minecraft) [CHAT] §2§l§o[TenorClef] §rT2 [NOW] t=3:02.8 ph=IRON @52,66,-11 do=<Collecting 8 iron.: [[iron_ingot] x 8]>  eq=stone_pickaxe woodpick=1 stonepick=1 pick=0 iron=2 buck=0
[00:10:59] [main/INFO] (Minecraft) [STDOUT]: ALTO CLEF: WARNING: T2 [E104] FurnaceScreen open 8s ph=IRON
[00:10:59] [main/INFO] (Minecraft) [CHAT] §2§l§o[TenorClef] §cT2 [E104] FurnaceScreen open 8s ph=IRON§r
[00:10:59] [main/INFO] (Minecraft) [CHAT] §2§l§o[TenorClef] §rT2 [HIST] 3:03.3 [E104] FurnaceScreen open 8s ph=IRON
[00:10:59] [main/INFO] (Minecraft) [CHAT] §2§l§o[TenorClef] §rT2 [HIST] 3:03.4 SNAP ph=IRON @52,66,-11 sky=15 wet=false ground=true pick=0 buck=0 iron=2 ore=9 rods=0 pearls=0 eyes=0 child=CollectIronIngotTask dbg=<Collecting 8 iron.: [[iron_ingot] x 8]>  mobs=none
[00:10:59] [main/INFO] (Minecraft) [CHAT] §2§l§o[TenorClef] §rT2 [HIST] 3:03.7 WHY iron: smelt 8 in one furnace
[00:10:59] [main/INFO] (Minecraft) [CHAT] §2§l§o[TenorClef] §rT2 [NOW] t=3:03.8 ph=IRON @52,66,-11 do=<Collecting 8 iron.: [[iron_ingot] x 8]>  eq=stone_pickaxe woodpick=1 stonepick=1 pick=0 iron=2 buck=0
[00:11:00] [main/INFO] (Minecraft) [CHAT] §2§l§o[TenorClef] §rT2 [NOW] t=3:04.8 ph=IRON @52,66,-11 do=<Collecting 8 iron.: [[iron_ingot] x 8]>  eq=stone_pickaxe woodpick=1 stonepick=1 pick=0 iron=2 buck=0
[00:11:01] [main/INFO] (Minecraft) [STDOUT]: ALTO CLEF: WARNING: T2 [E70] iron stall 6s @52,-11 — clear blacklist + re-pick ore
[00:11:01] [main/INFO] (Minecraft) [CHAT] §2§l§o[TenorClef] §cT2 [E70] iron stall 6s @52,-11 — clear blacklist + re-pick ore§r
[00:11:01] [main/INFO] (Minecraft) [CHAT] §2§l§o[TenorClef] §rT2 [NOW] t=3:05.8 ph=IRON @52,66,-11 do=<Collecting 8 iron.: [[iron_ingot] x 8]>  eq=stone_pickaxe woodpick=1 stonepick=1 pick=0 iron=2 buck=0
[00:11:01] [main/INFO] (Minecraft) [CHAT] §2§l§o[TenorClef] §rT2 [HIST] 3:05.8 SNAP ph=IRON @52,66,-11 sky=15 wet=false ground=true pick=0 buck=0 iron=2 ore=9 rods=0 pearls=0 eyes=0 child=CollectIronIngotTask dbg=<Collecting 8 iron.: [[iron_ingot] x 8]>  mobs=none
[00:11:02] [main/INFO] (Minecraft) [CHAT] §2§l§o[TenorClef] §rT2 [NOW] t=3:06.8 ph=IRON @52,66,-11 do=<Collecting 8 iron.: [[iron_ingot] x 8]>  eq=stone_pickaxe woodpick=1 stonepick=1 pick=0 iron=2 buck=0
[00:11:03] [main/INFO] (Minecraft) [CHAT] §2§l§o[TenorClef] §rT2 [HIST] 3:07.3 [E104] FurnaceScreen open 8s ph=IRON
[00:11:03] [main/INFO] (Minecraft) [STDOUT]: ALTO CLEF: WARNING: T2 [S120] craft-gui jump @52,66,-11 child=CollectIronIngotTask
[00:11:03] [main/INFO] (Minecraft) [CHAT] §2§l§o[TenorClef] §cT2 [S120] craft-gui jump @52,66,-11 child=CollectIronIngotTask§r
[00:11:03] [main/INFO] (Minecraft) [CHAT] §2§l§o[TenorClef] §rT2 [HIST] 3:07.7 SOLVE S120 craft-gui jump @52,66,-11 child=CollectIronIngotTask
[00:11:03] [main/INFO] (Minecraft) [CHAT] §2§l§o[TenorClef] §rT2 [HIST] 3:07.7 WHY iron: smelt 8 in one furnace
[00:11:03] [main/INFO] (Minecraft) [CHAT] §2§l§o[TenorClef] §rT2 [NOW] t=3:07.8 ph=IRON @52,66,-11 do=<Collecting 8 iron.: [[iron_ingot] x 8]>  eq=stone_pickaxe woodpick=1 stonepick=1 pick=0 iron=2 buck=0
[00:11:04] [main/INFO] (Minecraft) [CHAT] §2§l§o[TenorClef] §rT2 [HIST] 3:08.3 SNAP ph=IRON @52,66,-11 sky=15 wet=false ground=true pick=0 buck=0 iron=2 ore=9 rods=0 pearls=0 eyes=0 child=CollectIronIngotTask dbg=<Collecting 8 iron.: [[iron_ingot] x 8]>  mobs=none
[00:11:04] [main/INFO] (Minecraft) [CHAT] §2§l§o[TenorClef] §rT2 [NOW] t=3:08.8 ph=IRON @52,66,-11 do=<Collecting 8 iron.: [[iron_ingot] x 8]>  eq=stone_pickaxe woodpick=1 stonepick=1 pick=0 iron=2 buck=0
[00:11:05] [main/INFO] (Minecraft) [CHAT] §2§l§o[TenorClef] §rT2 [NOW] t=3:09.8 ph=IRON @52,66,-11 do=<Collecting 8 iron.: [[iron_ingot] x 8]>  eq=stone_pickaxe woodpick=1 stonepick=1 pick=0 iron=3 buck=0
[00:11:06] [main/INFO] (Minecraft) [CHAT] §2§l§o[TenorClef] §rT2 [NOW] t=3:10.8 ph=IRON @52,66,-11 do=<Collecting 8 iron.: [[iron_ingot] x 8]>  eq=stone_pickaxe woodpick=1 stonepick=1 pick=0 iron=3 buck=0
[00:11:06] [main/INFO] (Minecraft) [CHAT] §2§l§o[TenorClef] §rT2 [HIST] 3:10.8 SNAP ph=IRON @52,66,-11 sky=15 wet=false ground=true pick=0 buck=0 iron=3 ore=8 rods=0 pearls=0 eyes=0 child=CollectIronIngotTask dbg=<Collecting 8 iron.: [[iron_ingot] x 8]>  mobs=none
[00:11:07] [main/INFO] (Minecraft) [STDOUT]: ALTO CLEF: WARNING: T2 [E104] FurnaceScreen open 8s ph=IRON
[00:11:07] [main/INFO] (Minecraft) [CHAT] §2§l§o[TenorClef] §cT2 [E104] FurnaceScreen open 8s ph=IRON§r
[00:11:07] [main/INFO] (Minecraft) [CHAT] §2§l§o[TenorClef] §rT2 [HIST] 3:11.3 [E104] FurnaceScreen open 8s ph=IRON
[00:11:07] [main/INFO] (Minecraft) [CHAT] §2§l§o[TenorClef] §rT2 [HIST] 3:11.7 WHY iron: smelt 8 in one furnace
[00:11:07] [main/INFO] (Minecraft) [CHAT] §2§l§o[TenorClef] §rT2 [NOW] t=3:11.8 ph=IRON @52,66,-11 do=<Collecting 8 iron.: [[iron_ingot] x 8]>  eq=stone_pickaxe woodpick=1 stonepick=1 pick=0 iron=3 buck=0
[00:11:08] [main/INFO] (Minecraft) [CHAT] §2§l§o[TenorClef] §rT2 [NOW] t=3:12.8 ph=IRON @52,66,-11 do=<Collecting 8 iron.: [[iron_ingot] x 8]>  eq=stone_pickaxe woodpick=1 stonepick=1 pick=0 iron=3 buck=0
[00:11:09] [main/INFO] (Minecraft) [CHAT] §2§l§o[TenorClef] §rT2 [HIST] 3:13.3 SNAP ph=IRON @52,66,-11 sky=15 wet=false ground=true pick=0 buck=0 iron=3 ore=8 rods=0 pearls=0 eyes=0 child=CollectIronIngotTask dbg=<Collecting 8 iron.: [[iron_ingot] x 8]>  mobs=none
[00:11:09] [main/INFO] (Minecraft) [STDOUT]: ALTO CLEF: WARNING: T2 [S120] craft-gui jump @52,66,-11 child=CollectIronIngotTask
[00:11:09] [main/INFO] (Minecraft) [CHAT] §2§l§o[TenorClef] §cT2 [S120] craft-gui jump @52,66,-11 child=CollectIronIngotTask§r
[00:11:09] [main/INFO] (Minecraft) [CHAT] §2§l§o[TenorClef] §rT2 [HIST] 3:13.6 SOLVE S120 craft-gui jump @52,66,-11 child=CollectIronIngotTask
[00:11:09] [main/INFO] (Minecraft) [CHAT] §2§l§o[TenorClef] §rT2 [NOW] t=3:13.8 ph=IRON @52,66,-11 do=<Collecting 8 iron.: [[iron_ingot] x 8]>  eq=stone_pickaxe woodpick=1 stonepick=1 pick=0 iron=3 buck=0
[00:11:10] [main/INFO] (Minecraft) [CHAT] §2§l§o[TenorClef] §rT2 [NOW] t=3:14.8 ph=IRON @52,66,-11 do=<Collecting 8 iron.: [[iron_ingot] x 8]>  eq=stone_pickaxe woodpick=1 stonepick=1 pick=0 iron=3 buck=0
[00:11:11] [main/INFO] (Minecraft) [CHAT] §2§l§o[TenorClef] §rT2 [HIST] 3:15.4 [E104] FurnaceScreen open 8s ph=IRON
[00:11:11] [main/INFO] (Minecraft) [STDOUT]: ALTO CLEF: WARNING: T2 [E70] iron stall 6s @52,-11 — clear blacklist + re-pick ore
[00:11:11] [main/INFO] (Minecraft) [CHAT] §2§l§o[TenorClef] §cT2 [E70] iron stall 6s @52,-11 — clear blacklist + re-pick ore§r
[00:11:11] [main/INFO] (Minecraft) [CHAT] §2§l§o[TenorClef] §rT2 [HIST] 3:15.8 WHY iron: smelt 8 in one furnace
[00:11:11] [main/INFO] (Minecraft) [CHAT] §2§l§o[TenorClef] §rT2 [NOW] t=3:15.8 ph=IRON @52,66,-11 do=<Collecting 8 iron.: [[iron_ingot] x 8]>  eq=stone_pickaxe woodpick=1 stonepick=1 pick=0 iron=3 buck=0
[00:11:11] [main/INFO] (Minecraft) [CHAT] §2§l§o[TenorClef] §rT2 [HIST] 3:15.8 SNAP ph=IRON @52,66,-11 sky=15 wet=false ground=true pick=0 buck=0 iron=3 ore=8 rods=0 pearls=0 eyes=0 child=CollectIronIngotTask dbg=<Collecting 8 iron.: [[iron_ingot] x 8]>  mobs=none
[00:11:12] [main/INFO] (Minecraft) [CHAT] §2§l§o[TenorClef] §rT2 [NOW] t=3:16.9 ph=IRON @52,66,-11 do=<Collecting 8 iron.: [[iron_ingot] x 8]>  eq=stone_pickaxe woodpick=1 stonepick=1 pick=0 iron=3 buck=0
[00:11:13] [main/INFO] (Minecraft) [CHAT] §2§l§o[TenorClef] §rT2 [NOW] t=3:17.8 ph=IRON @52,66,-11 do=<Collecting 8 iron.: [[iron_ingot] x 8]>  eq=stone_pickaxe woodpick=1 stonepick=1 pick=0 iron=3 buck=0
[00:11:14] [main/INFO] (Minecraft) [CHAT] §2§l§o[TenorClef] §rT2 [HIST] 3:18.3 SNAP ph=IRON @52,66,-11 sky=15 wet=false ground=true pick=0 buck=0 iron=3 ore=8 rods=0 pearls=0 eyes=0 child=CollectIronIngotTask dbg=<Collecting 8 iron.: [[iron_ingot] x 8]>  mobs=none
[00:11:14] [main/INFO] (Minecraft) [CHAT] §2§l§o[TenorClef] §rT2 [NOW] t=3:18.9 ph=IRON @52,66,-11 do=<Collecting 8 iron.: [[iron_ingot] x 8]>  eq=stone_pickaxe woodpick=1 stonepick=1 pick=0 iron=3 buck=0
[00:11:15] [main/INFO] (Minecraft) [STDOUT]: ALTO CLEF: WARNING: T2 [E104] FurnaceScreen open 8s ph=IRON
[00:11:15] [main/INFO] (Minecraft) [CHAT] §2§l§o[TenorClef] §cT2 [E104] FurnaceScreen open 8s ph=IRON§r
[00:11:15] [main/INFO] (Minecraft) [CHAT] §2§l§o[TenorClef] §rT2 [HIST] 3:19.4 [E104] FurnaceScreen open 8s ph=IRON
[00:11:15] [main/INFO] (Minecraft) [CHAT] §2§l§o[TenorClef] §rT2 [HB] t=3:19.5 ph=IRON y=66 child=CollectIronIngotTask logs=0 pick=0 woodpick=1
[00:11:15] [main/INFO] (Minecraft) [STDOUT]: ALTO CLEF: WARNING: T2 [S120] craft-gui jump @52,66,-11 child=CollectIronIngotTask
[00:11:15] [main/INFO] (Minecraft) [CHAT] §2§l§o[TenorClef] §cT2 [S120] craft-gui jump @52,66,-11 child=CollectIronIngotTask§r
[00:11:15] [main/INFO] (Minecraft) [CHAT] §2§l§o[TenorClef] §rT2 [HIST] 3:19.6 SOLVE S120 craft-gui jump @52,66,-11 child=CollectIronIngotTask
[00:11:15] [main/INFO] (Minecraft) [CHAT] §2§l§o[TenorClef] §rT2 [HIST] 3:19.8 WHY iron: smelt 8 in one furnace
[00:11:15] [main/INFO] (Minecraft) [CHAT] §2§l§o[TenorClef] §rT2 [NOW] t=3:19.8 ph=IRON @52,66,-11 do=<Collecting 8 iron.: [[iron_ingot] x 8]>  eq=stone_pickaxe woodpick=1 stonepick=1 pick=0 iron=4 buck=0
[00:11:16] [main/INFO] (Minecraft) [CHAT] §2§l§o[TenorClef] §rT2 [NOW] t=3:20.8 ph=IRON @52,66,-11 do=<Collecting 8 iron.: [[iron_ingot] x 8]>  eq=stone_pickaxe woodpick=1 stonepick=1 pick=0 iron=4 buck=0
[00:11:16] [main/INFO] (Minecraft) [CHAT] §2§l§o[TenorClef] §rT2 [HIST] 3:20.8 SNAP ph=IRON @52,66,-11 sky=15 wet=false ground=true pick=0 buck=0 iron=4 ore=7 rods=0 pearls=0 eyes=0 child=CollectIronIngotTask dbg=<Collecting 8 iron.: [[iron_ingot] x 8]>  mobs=none
[00:11:17] [main/INFO] (Minecraft) [CHAT] §2§l§o[TenorClef] §rT2 [NOW] t=3:21.8 ph=IRON @52,66,-11 do=<Collecting 8 iron.: [[iron_ingot] x 8]>  eq=stone_pickaxe woodpick=1 stonepick=1 pick=0 iron=4 buck=0
[00:11:18] [main/INFO] (Minecraft) [CHAT] §2§l§o[TenorClef] §rT2 [NOW] t=3:22.8 ph=IRON @52,66,-11 do=<Collecting 8 iron.: [[iron_ingot] x 8]>  eq=stone_pickaxe woodpick=1 stonepick=1 pick=0 iron=4 buck=0
[00:11:19] [main/INFO] (Minecraft) [CHAT] §2§l§o[TenorClef] §rT2 [HIST] 3:23.3 SNAP ph=IRON @52,66,-11 sky=15 wet=false ground=true pick=0 buck=0 iron=4 ore=7 rods=0 pearls=0 eyes=0 child=CollectIronIngotTask dbg=<Collecting 8 iron.: [[iron_ingot] x 8]>  mobs=none
[00:11:19] [main/INFO] (Minecraft) [CHAT] §2§l§o[TenorClef] §rT2 [HIST] 3:23.5 [E104] FurnaceScreen open 8s ph=IRON
[00:11:19] [main/INFO] (Minecraft) [CHAT] §2§l§o[TenorClef] §rT2 [HIST] 3:23.8 WHY iron: smelt 8 in one furnace
[00:11:19] [main/INFO] (Minecraft) [CHAT] §2§l§o[TenorClef] §rT2 [NOW] t=3:23.8 ph=IRON @52,66,-11 do=<Collecting 8 iron.: [[iron_ingot] x 8]>  eq=stone_pickaxe woodpick=1 stonepick=1 pick=0 iron=4 buck=0
[00:11:20] [main/INFO] (Minecraft) [CHAT] §2§l§o[TenorClef] §rT2 [NOW] t=3:24.8 ph=IRON @52,66,-11 do=<Collecting 8 iron.: [[iron_ingot] x 8]>  eq=stone_pickaxe woodpick=1 stonepick=1 pick=0 iron=4 buck=0
[00:11:21] [main/INFO] (Minecraft) [STDOUT]: ALTO CLEF: WARNING: T2 [E70] iron stall 6s @52,-11 — clear blacklist + re-pick ore
[00:11:21] [main/INFO] (Minecraft) [CHAT] §2§l§o[TenorClef] §cT2 [E70] iron stall 6s @52,-11 — clear blacklist + re-pick ore§r
[00:11:21] [main/INFO] (Minecraft) [STDOUT]: ALTO CLEF: WARNING: T2 [S120] craft-gui jump @52,66,-11 child=CollectIronIngotTask
[00:11:21] [main/INFO] (Minecraft) [CHAT] §2§l§o[TenorClef] §cT2 [S120] craft-gui jump @52,66,-11 child=CollectIronIngotTask§r
[00:11:21] [main/INFO] (Minecraft) [CHAT] §2§l§o[TenorClef] §rT2 [HIST] 3:25.6 SOLVE S120 craft-gui jump @52,66,-11 child=CollectIronIngotTask
[00:11:21] [main/INFO] (Minecraft) [CHAT] §2§l§o[TenorClef] §rT2 [NOW] t=3:25.8 ph=IRON @52,66,-11 do=<Collecting 8 iron.: [[iron_ingot] x 8]>  eq=stone_pickaxe woodpick=1 stonepick=1 pick=0 iron=4 buck=0
[00:11:21] [main/INFO] (Minecraft) [CHAT] §2§l§o[TenorClef] §rT2 [HIST] 3:25.8 SNAP ph=IRON @52,66,-11 sky=15 wet=false ground=true pick=0 buck=0 iron=4 ore=7 rods=0 pearls=0 eyes=0 child=CollectIronIngotTask dbg=<Collecting 8 iron.: [[iron_ingot] x 8]>  mobs=none
[00:11:22] [main/INFO] (Minecraft) [CHAT] §2§l§o[TenorClef] §rT2 [NOW] t=3:26.8 ph=IRON @52,66,-11 do=<Collecting 8 iron.: [[iron_ingot] x 8]>  eq=stone_pickaxe woodpick=1 stonepick=1 pick=0 iron=4 buck=0
[00:11:23] [main/INFO] (Minecraft) [STDOUT]: ALTO CLEF: WARNING: T2 [E104] FurnaceScreen open 8s ph=IRON
[00:11:23] [main/INFO] (Minecraft) [CHAT] §2§l§o[TenorClef] §cT2 [E104] FurnaceScreen open 8s ph=IRON§r
[00:11:23] [main/INFO] (Minecraft) [CHAT] §2§l§o[TenorClef] §rT2 [HIST] 3:27.6 [E104] FurnaceScreen open 8s ph=IRON
[00:11:23] [main/INFO] (Minecraft) [CHAT] §2§l§o[TenorClef] §rT2 [NOW] t=3:27.9 ph=IRON @52,66,-11 do=<Collecting 8 iron.: [[iron_ingot] x 8]>  eq=stone_pickaxe woodpick=1 stonepick=1 pick=0 iron=4 buck=0
[00:11:23] [main/INFO] (Minecraft) [CHAT] §2§l§o[TenorClef] §rT2 [HIST] 3:27.9 WHY iron: smelt 8 in one furnace
[00:11:24] [main/INFO] (Minecraft) [CHAT] §2§l§o[TenorClef] §rT2 [HIST] 3:28.3 SNAP ph=IRON @52,66,-11 sky=15 wet=false ground=true pick=0 buck=0 iron=4 ore=7 rods=0 pearls=0 eyes=0 child=CollectIronIngotTask dbg=<Collecting 8 iron.: [[iron_ingot] x 8]>  mobs=none
[00:11:24] [main/INFO] (Minecraft) [CHAT] §2§l§o[TenorClef] §rT2 [NOW] t=3:28.8 ph=IRON @52,66,-11 do=<Collecting 8 iron.: [[iron_ingot] x 8]>  eq=stone_pickaxe woodpick=1 stonepick=1 pick=0 iron=4 buck=0
[00:11:25] [main/INFO] (Minecraft) [CHAT] §2§l§o[TenorClef] §rT2 [NOW] t=3:29.8 ph=IRON @52,66,-11 do=<Collecting 8 iron.: [[iron_ingot] x 8]>  eq=stone_pickaxe woodpick=1 stonepick=1 pick=0 iron=5 buck=0
[00:11:26] [main/INFO] (Minecraft) [CHAT] §2§l§o[TenorClef] §rT2 [NOW] t=3:30.9 ph=IRON @52,66,-11 do=<Collecting 8 iron.: [[iron_ingot] x 8]>  eq=stone_pickaxe woodpick=1 stonepick=1 pick=0 iron=5 buck=0
[00:11:26] [main/INFO] (Minecraft) [CHAT] §2§l§o[TenorClef] §rT2 [HIST] 3:30.9 SNAP ph=IRON @52,66,-11 sky=15 wet=false ground=true pick=0 buck=0 iron=5 ore=6 rods=0 pearls=0 eyes=0 child=CollectIronIngotTask dbg=<Collecting 8 iron.: [[iron_ingot] x 8]>  mobs=none
[00:11:27] [main/INFO] (Minecraft) [CHAT] §2§l§o[TenorClef] §rT2 [HIST] 3:31.6 [E104] FurnaceScreen open 8s ph=IRON
[00:11:27] [main/INFO] (Minecraft) [STDOUT]: ALTO CLEF: WARNING: T2 [S120] craft-gui jump @52,66,-11 child=CollectIronIngotTask
[00:11:27] [main/INFO] (Minecraft) [CHAT] §2§l§o[TenorClef] §cT2 [S120] craft-gui jump @52,66,-11 child=CollectIronIngotTask§r
[00:11:27] [main/INFO] (Minecraft) [CHAT] §2§l§o[TenorClef] §rT2 [HIST] 3:31.7 SOLVE S120 craft-gui jump @52,66,-11 child=CollectIronIngotTask
[00:11:27] [main/INFO] (Minecraft) [CHAT] §2§l§o[TenorClef] §rT2 [NOW] t=3:31.8 ph=IRON @52,66,-11 do=<Collecting 8 iron.: [[iron_ingot] x 8]>  eq=stone_pickaxe woodpick=1 stonepick=1 pick=0 iron=5 buck=0
[00:11:28] [main/INFO] (Minecraft) [CHAT] §2§l§o[TenorClef] §rT2 [HIST] 3:31.9 WHY iron: smelt 8 in one furnace
[00:11:28] [main/INFO] (Minecraft) [CHAT] §2§l§o[TenorClef] §rT2 [NOW] t=3:32.8 ph=IRON @52,66,-11 do=<Collecting 8 iron.: [[iron_ingot] x 8]>  eq=stone_pickaxe woodpick=1 stonepick=1 pick=0 iron=5 buck=0
[00:11:29] [main/INFO] (Minecraft) [CHAT] §2§l§o[TenorClef] §rT2 [HIST] 3:33.3 SNAP ph=IRON @52,66,-11 sky=15 wet=false ground=true pick=0 buck=0 iron=5 ore=6 rods=0 pearls=0 eyes=0 child=CollectIronIngotTask dbg=<Collecting 8 iron.: [[iron_ingot] x 8]>  mobs=none
[00:11:29] [main/INFO] (Minecraft) [CHAT] §2§l§o[TenorClef] §rT2 [NOW] t=3:33.8 ph=IRON @52,66,-11 do=<Collecting 8 iron.: [[iron_ingot] x 8]>  eq=stone_pickaxe woodpick=1 stonepick=1 pick=0 iron=5 buck=0
[00:11:30] [main/INFO] (Minecraft) [CHAT] §2§l§o[TenorClef] §rT2 [NOW] t=3:34.9 ph=IRON @52,66,-11 do=<Collecting 8 iron.: [[iron_ingot] x 8]>  eq=stone_pickaxe woodpick=1 stonepick=1 pick=0 iron=5 buck=0
[00:11:31] [main/INFO] (Minecraft) [STDOUT]: ALTO CLEF: WARNING: T2 [E70] iron stall 6s @52,-11 — clear blacklist + re-pick ore
[00:11:31] [main/INFO] (Minecraft) [CHAT] §2§l§o[TenorClef] §cT2 [E70] iron stall 6s @52,-11 — clear blacklist + re-pick ore§r
[00:11:31] [main/INFO] (Minecraft) [STDOUT]: ALTO CLEF: WARNING: T2 [E104] FurnaceScreen open 8s ph=IRON
[00:11:31] [main/INFO] (Minecraft) [CHAT] §2§l§o[TenorClef] §cT2 [E104] FurnaceScreen open 8s ph=IRON§r
[00:11:31] [main/INFO] (Minecraft) [CHAT] §2§l§o[TenorClef] §rT2 [HIST] 3:35.6 [E104] FurnaceScreen open 8s ph=IRON
[00:11:31] [main/INFO] (Minecraft) [CHAT] §2§l§o[TenorClef] §rT2 [NOW] t=3:35.8 ph=IRON @52,66,-11 do=<Collecting 8 iron.: [[iron_ingot] x 8]>  eq=stone_pickaxe woodpick=1 stonepick=1 pick=0 iron=5 buck=0
[00:11:31] [main/INFO] (Minecraft) [CHAT] §2§l§o[TenorClef] §rT2 [HIST] 3:35.8 SNAP ph=IRON @52,66,-11 sky=15 wet=false ground=true pick=0 buck=0 iron=5 ore=6 rods=0 pearls=0 eyes=0 child=CollectIronIngotTask dbg=<Collecting 8 iron.: [[iron_ingot] x 8]>  mobs=none
[00:11:32] [main/INFO] (Minecraft) [CHAT] §2§l§o[TenorClef] §rT2 [HIST] 3:35.9 WHY iron: smelt 8 in one furnace
[00:11:32] [main/INFO] (Minecraft) [CHAT] §2§l§o[TenorClef] §rT2 [NOW] t=3:36.8 ph=IRON @52,66,-11 do=<Collecting 8 iron.: [[iron_ingot] x 8]>  eq=stone_pickaxe woodpick=1 stonepick=1 pick=0 iron=5 buck=0
[00:11:33] [main/INFO] (Minecraft) [STDOUT]: ALTO CLEF: WARNING: T2 [S120] craft-gui jump @52,66,-11 child=CollectIronIngotTask
[00:11:33] [main/INFO] (Minecraft) [CHAT] §2§l§o[TenorClef] §cT2 [S120] craft-gui jump @52,66,-11 child=CollectIronIngotTask§r
[00:11:33] [main/INFO] (Minecraft) [CHAT] §2§l§o[TenorClef] §rT2 [HIST] 3:37.7 SOLVE S120 craft-gui jump @52,66,-11 child=CollectIronIngotTask
[00:11:33] [main/INFO] (Minecraft) [CHAT] §2§l§o[TenorClef] §rT2 [NOW] t=3:37.9 ph=IRON @52,66,-11 do=<Collecting 8 iron.: [[iron_ingot] x 8]>  eq=stone_pickaxe woodpick=1 stonepick=1 pick=0 iron=5 buck=0
[00:11:34] [main/INFO] (Minecraft) [CHAT] §2§l§o[TenorClef] §rT2 [HIST] 3:38.4 SNAP ph=IRON @52,66,-11 sky=15 wet=false ground=true pick=0 buck=0 iron=5 ore=6 rods=0 pearls=0 eyes=0 child=CollectIronIngotTask dbg=<Collecting 8 iron.: [[iron_ingot] x 8]>  mobs=none
[00:11:34] [main/INFO] (Minecraft) [CHAT] §2§l§o[TenorClef] §rT2 [NOW] t=3:38.8 ph=IRON @52,66,-11 do=<Collecting 8 iron.: [[iron_ingot] x 8]>  eq=stone_pickaxe woodpick=1 stonepick=1 pick=0 iron=5 buck=0
[00:11:35] [main/INFO] (Minecraft) [CHAT] §2§l§o[TenorClef] §rT2 [HIST] 3:39.7 [E104] FurnaceScreen open 8s ph=IRON
[00:11:35] [main/INFO] (Minecraft) [CHAT] §2§l§o[TenorClef] §rT2 [NOW] t=3:39.8 ph=IRON @52,66,-11 do=<Collecting 8 iron.: [[iron_ingot] x 8]>  eq=stone_pickaxe woodpick=1 stonepick=1 pick=0 iron=6 buck=0
[00:11:36] [main/INFO] (Minecraft) [CHAT] §2§l§o[TenorClef] §rT2 [HIST] 3:39.9 WHY iron: smelt 8 in one furnace
[00:11:36] [main/INFO] (Minecraft) [CHAT] §2§l§o[TenorClef] §rT2 [NOW] t=3:40.8 ph=IRON @52,66,-11 do=<Collecting 8 iron.: [[iron_ingot] x 8]>  eq=stone_pickaxe woodpick=1 stonepick=1 pick=0 iron=6 buck=0
[00:11:36] [main/INFO] (Minecraft) [CHAT] §2§l§o[TenorClef] §rT2 [HIST] 3:40.8 SNAP ph=IRON @52,66,-11 sky=15 wet=false ground=true pick=0 buck=0 iron=6 ore=5 rods=0 pearls=0 eyes=0 child=CollectIronIngotTask dbg=<Collecting 8 iron.: [[iron_ingot] x 8]>  mobs=none
[00:11:37] [main/INFO] (Minecraft) [CHAT] §2§l§o[TenorClef] §rT2 [NOW] t=3:41.8 ph=IRON @52,66,-11 do=<Collecting 8 iron.: [[iron_ingot] x 8]>  eq=stone_pickaxe woodpick=1 stonepick=1 pick=0 iron=6 buck=0
[00:11:38] [main/INFO] (Minecraft) [CHAT] §2§l§o[TenorClef] §rT2 [NOW] t=3:42.9 ph=IRON @52,66,-11 do=<Collecting 8 iron.: [[iron_ingot] x 8]>  eq=stone_pickaxe woodpick=1 stonepick=1 pick=0 iron=6 buck=0
[00:11:39] [main/INFO] (Minecraft) [CHAT] §2§l§o[TenorClef] §rT2 [HIST] 3:43.3 SNAP ph=IRON @52,66,-11 sky=15 wet=false ground=true pick=0 buck=0 iron=6 ore=5 rods=0 pearls=0 eyes=0 child=CollectIronIngotTask dbg=<Collecting 8 iron.: [[iron_ingot] x 8]>  mobs=none
[00:11:39] [main/INFO] (Minecraft) [CHAT] §2§l§o[TenorClef] §rT2 [HIST] 3:43.6 SOLVE S120 craft-gui jump @52,66,-11 child=CollectIronIngotTask
[00:11:39] [main/INFO] (Minecraft) [STDOUT]: ALTO CLEF: WARNING: T2 [E104] FurnaceScreen open 8s ph=IRON
[00:11:39] [main/INFO] (Minecraft) [CHAT] §2§l§o[TenorClef] §cT2 [E104] FurnaceScreen open 8s ph=IRON§r
[00:11:39] [main/INFO] (Minecraft) [CHAT] §2§l§o[TenorClef] §rT2 [HIST] 3:43.7 [E104] FurnaceScreen open 8s ph=IRON
[00:11:39] [main/INFO] (Minecraft) [CHAT] §2§l§o[TenorClef] §rT2 [NOW] t=3:43.8 ph=IRON @52,66,-11 do=<Collecting 8 iron.: [[iron_ingot] x 8]>  eq=stone_pickaxe woodpick=1 stonepick=1 pick=0 iron=6 buck=0
[00:11:40] [main/INFO] (Minecraft) [CHAT] §2§l§o[TenorClef] §rT2 [HIST] 3:43.9 WHY iron: smelt 8 in one furnace
[00:11:40] [main/INFO] (Minecraft) [CHAT] §2§l§o[TenorClef] §rT2 [NOW] t=3:44.8 ph=IRON @52,66,-11 do=<Collecting 8 iron.: [[iron_ingot] x 8]>  eq=stone_pickaxe woodpick=1 stonepick=1 pick=0 iron=6 buck=0
[00:11:41] [main/INFO] (Minecraft) [STDOUT]: ALTO CLEF: WARNING: T2 [E70] iron stall 6s @52,-11 — clear blacklist + re-pick ore
[00:11:41] [main/INFO] (Minecraft) [CHAT] §2§l§o[TenorClef] §cT2 [E70] iron stall 6s @52,-11 — clear blacklist + re-pick ore§r
[00:11:41] [main/INFO] (Minecraft) [CHAT] §2§l§o[TenorClef] §rT2 [NOW] t=3:45.8 ph=IRON @52,66,-11 do=<Collecting 8 iron.: [[iron_ingot] x 8]>  eq=stone_pickaxe woodpick=1 stonepick=1 pick=0 iron=6 buck=0
[00:11:41] [main/INFO] (Minecraft) [CHAT] §2§l§o[TenorClef] §rT2 [HIST] 3:45.8 SNAP ph=IRON @52,66,-11 sky=15 wet=false ground=true pick=0 buck=0 iron=6 ore=5 rods=0 pearls=0 eyes=0 child=CollectIronIngotTask dbg=<Collecting 8 iron.: [[iron_ingot] x 8]>  mobs=none
[00:11:42] [main/INFO] (Minecraft) [CHAT] §2§l§o[TenorClef] §rT2 [NOW] t=3:46.9 ph=IRON @52,66,-11 do=<Collecting 8 iron.: [[iron_ingot] x 8]>  eq=stone_pickaxe woodpick=1 stonepick=1 pick=0 iron=6 buck=0
[00:11:43] [main/INFO] (Minecraft) [CHAT] §2§l§o[TenorClef] §rT2 [HIST] 3:47.8 [E104] FurnaceScreen open 8s ph=IRON
[00:11:43] [main/INFO] (Minecraft) [CHAT] §2§l§o[TenorClef] §rT2 [NOW] t=3:47.8 ph=IRON @52,66,-11 do=<Collecting 8 iron.: [[iron_ingot] x 8]>  eq=stone_pickaxe woodpick=1 stonepick=1 pick=0 iron=6 buck=0
[00:11:44] [main/INFO] (Minecraft) [CHAT] §2§l§o[TenorClef] §rT2 [HIST] 3:47.9 WHY iron: smelt 8 in one furnace
[00:11:44] [main/INFO] (Minecraft) [CHAT] §2§l§o[TenorClef] §rT2 [HIST] 3:48.3 SNAP ph=IRON @52,66,-11 sky=15 wet=false ground=true pick=0 buck=0 iron=6 ore=5 rods=0 pearls=0 eyes=0 child=CollectIronIngotTask dbg=<Collecting 8 iron.: [[iron_ingot] x 8]>  mobs=none
[00:11:44] [main/INFO] (Minecraft) [CHAT] §2§l§o[TenorClef] §rT2 [NOW] t=3:48.8 ph=IRON @52,66,-11 do=<Collecting 8 iron.: [[iron_ingot] x 8]>  eq=stone_pickaxe woodpick=1 stonepick=1 pick=0 iron=6 buck=0
[00:11:45] [main/INFO] (Minecraft) [CHAT] §2§l§o[TenorClef] §rT2 [HB] t=3:49.6 ph=IRON y=66 child=CollectIronIngotTask logs=0 pick=0 woodpick=1
[00:11:45] [main/INFO] (Minecraft) [STDOUT]: ALTO CLEF: WARNING: T2 [S120] craft-gui jump @52,66,-11 child=CollectIronIngotTask
[00:11:45] [main/INFO] (Minecraft) [CHAT] §2§l§o[TenorClef] §cT2 [S120] craft-gui jump @52,66,-11 child=CollectIronIngotTask§r
[00:11:45] [main/INFO] (Minecraft) [CHAT] §2§l§o[TenorClef] §rT2 [HIST] 3:49.6 SOLVE S120 craft-gui jump @52,66,-11 child=CollectIronIngotTask
[00:11:45] [main/INFO] (Minecraft) [CHAT] §2§l§o[TenorClef] §rT2 [NOW] t=3:49.8 ph=IRON @52,66,-11 do=<Collecting 8 iron.: [[iron_ingot] x 8]>  eq=stone_pickaxe woodpick=1 stonepick=1 pick=0 iron=7 buck=0
[00:11:46] [main/INFO] (Minecraft) [CHAT] §2§l§o[TenorClef] §rT2 [NOW] t=3:50.8 ph=IRON @52,66,-11 do=<Collecting 8 iron.: [[iron_ingot] x 8]>  eq=stone_pickaxe woodpick=1 stonepick=1 pick=0 iron=7 buck=0
[00:11:46] [main/INFO] (Minecraft) [CHAT] §2§l§o[TenorClef] §rT2 [HIST] 3:50.8 SNAP ph=IRON @52,66,-11 sky=15 wet=false ground=true pick=0 buck=0 iron=7 ore=4 rods=0 pearls=0 eyes=0 child=CollectIronIngotTask dbg=<Collecting 8 iron.: [[iron_ingot] x 8]>  mobs=none
[00:11:47] [main/INFO] (Minecraft) [CHAT] §2§l§o[TenorClef] §rT2 [NOW] t=3:51.8 ph=IRON @52,66,-11 do=<Collecting 8 iron.: [[iron_ingot] x 8]>  eq=stone_pickaxe woodpick=1 stonepick=1 pick=0 iron=7 buck=0
[00:11:47] [main/INFO] (Minecraft) [STDOUT]: ALTO CLEF: WARNING: T2 [E104] FurnaceScreen open 8s ph=IRON
[00:11:47] [main/INFO] (Minecraft) [CHAT] §2§l§o[TenorClef] §cT2 [E104] FurnaceScreen open 8s ph=IRON§r
[00:11:47] [main/INFO] (Minecraft) [CHAT] §2§l§o[TenorClef] §rT2 [HIST] 3:51.9 [E104] FurnaceScreen open 8s ph=IRON
[00:11:48] [main/INFO] (Minecraft) [CHAT] §2§l§o[TenorClef] §rT2 [HIST] 3:52.0 WHY iron: smelt 8 in one furnace
[00:11:48] [main/INFO] (Minecraft) [CHAT] §2§l§o[TenorClef] §rT2 [NOW] t=3:52.8 ph=IRON @52,66,-11 do=<Collecting 8 iron.: [[iron_ingot] x 8]>  eq=stone_pickaxe woodpick=1 stonepick=1 pick=0 iron=7 buck=0
[00:11:49] [main/INFO] (Minecraft) [CHAT] §2§l§o[TenorClef] §rT2 [HIST] 3:53.3 SNAP ph=IRON @52,66,-11 sky=15 wet=false ground=true pick=0 buck=0 iron=7 ore=4 rods=0 pearls=0 eyes=0 child=CollectIronIngotTask dbg=<Collecting 8 iron.: [[iron_ingot] x 8]>  mobs=none
[00:11:49] [main/INFO] (Minecraft) [CHAT] §2§l§o[TenorClef] §rT2 [NOW] t=3:53.8 ph=IRON @52,66,-11 do=<Collecting 8 iron.: [[iron_ingot] x 8]>  eq=stone_pickaxe woodpick=1 stonepick=1 pick=0 iron=7 buck=0
[00:11:50] [main/INFO] (Minecraft) [CHAT] §2§l§o[TenorClef] §rT2 [NOW] t=3:54.8 ph=IRON @52,66,-11 do=<Collecting 8 iron.: [[iron_ingot] x 8]>  eq=stone_pickaxe woodpick=1 stonepick=1 pick=0 iron=7 buck=0
[00:11:51] [main/INFO] (Minecraft) [STDOUT]: ALTO CLEF: WARNING: T2 [E70] iron stall 6s @52,-11 — clear blacklist + re-pick ore
[00:11:51] [main/INFO] (Minecraft) [CHAT] §2§l§o[TenorClef] §cT2 [E70] iron stall 6s @52,-11 — clear blacklist + re-pick ore§r
[00:11:51] [main/INFO] (Minecraft) [STDOUT]: ALTO CLEF: WARNING: T2 [S120] craft-gui jump @52,66,-11 child=CollectIronIngotTask
[00:11:51] [main/INFO] (Minecraft) [CHAT] §2§l§o[TenorClef] §cT2 [S120] craft-gui jump @52,66,-11 child=CollectIronIngotTask§r
[00:11:51] [main/INFO] (Minecraft) [CHAT] §2§l§o[TenorClef] §rT2 [HIST] 3:55.7 SOLVE S120 craft-gui jump @52,66,-11 child=CollectIronIngotTask
[00:11:51] [main/INFO] (Minecraft) [CHAT] §2§l§o[TenorClef] §rT2 [NOW] t=3:55.8 ph=IRON @52,66,-11 do=<Collecting 8 iron.: [[iron_ingot] x 8]>  eq=stone_pickaxe woodpick=1 stonepick=1 pick=0 iron=7 buck=0
[00:11:51] [main/INFO] (Minecraft) [CHAT] §2§l§o[TenorClef] §rT2 [HIST] 3:55.9 SNAP ph=IRON @52,66,-11 sky=15 wet=false ground=true pick=0 buck=0 iron=7 ore=4 rods=0 pearls=0 eyes=0 child=CollectIronIngotTask dbg=<Collecting 8 iron.: [[iron_ingot] x 8]>  mobs=none
[00:11:52] [main/INFO] (Minecraft) [CHAT] §2§l§o[TenorClef] §rT2 [HIST] 3:55.9 [E104] FurnaceScreen open 8s ph=IRON
[00:11:52] [main/INFO] (Minecraft) [CHAT] §2§l§o[TenorClef] §rT2 [HIST] 3:56.0 WHY iron: smelt 8 in one furnace
[00:11:52] [main/INFO] (Minecraft) [CHAT] §2§l§o[TenorClef] §rT2 [NOW] t=3:56.8 ph=IRON @52,66,-11 do=<Collecting 8 iron.: [[iron_ingot] x 8]>  eq=stone_pickaxe woodpick=1 stonepick=1 pick=0 iron=7 buck=0
[00:11:53] [main/INFO] (Minecraft) [CHAT] §2§l§o[TenorClef] §rT2 [NOW] t=3:57.8 ph=IRON @52,66,-11 do=<Collecting 8 iron.: [[iron_ingot] x 8]>  eq=stone_pickaxe woodpick=1 stonepick=1 pick=0 iron=7 buck=0
[00:11:54] [main/INFO] (Minecraft) [CHAT] §2§l§o[TenorClef] §rT2 [HIST] 3:58.3 SNAP ph=IRON @52,66,-11 sky=15 wet=false ground=true pick=0 buck=0 iron=7 ore=4 rods=0 pearls=0 eyes=0 child=CollectIronIngotTask dbg=<Collecting 8 iron.: [[iron_ingot] x 8]>  mobs=none
[00:11:54] [main/INFO] (Minecraft) [CHAT] §2§l§o[TenorClef] §rT2 [NOW] t=3:58.9 ph=IRON @52,66,-11 do=<Collecting 8 iron.: [[iron_ingot] x 8]>  eq=stone_pickaxe woodpick=1 stonepick=1 pick=0 iron=7 buck=0
[00:11:55] [main/INFO] (Minecraft) [STDOUT]: ALTO CLEF: WARNING: T2 [E93] iron pick missing sticks fuel=0 latch=0
[00:11:55] [main/INFO] (Minecraft) [CHAT] §2§l§o[TenorClef] §cT2 [E93] iron pick missing sticks fuel=0 latch=0§r
[00:11:55] [main/INFO] (Minecraft) [CHAT] §2§l§o[TenorClef] §rT2 [HIST] 3:59.5 WHY iron: 1 log for sticks before pick table
[00:11:55] [main/INFO] (Minecraft) [CHAT] §2§l§o[TenorClef] §rT2 [HIST] 3:59.5 WHY wood: mine 1.16 logs only (no air)
[00:11:55] [main/INFO] (Minecraft) [STDOUT]: ALTO CLEF: WARNING: T2 [S143] wood latched MineAndCollectTask for 60s logs=0 fp=0
[00:11:55] [main/INFO] (Minecraft) [CHAT] §2§l§o[TenorClef] §cT2 [S143] wood latched MineAndCollectTask for 60s logs=0 fp=0§r
[00:11:55] [main/INFO] (Minecraft) [CHAT] §2§l§o[TenorClef] §rT2 [HIST] 3:59.5 FORCE S143 wood latched MineAndCollectTask for 60s logs=0 fp=0
[00:11:55] [main/INFO] (Minecraft) [CHAT] §2§l§o[TenorClef] §rT2 [HIST] 3:59.5 CHILD CollectIronIngotTask -> MineAndCollectTask ph=IRON @52,66,-11 sky=15 wet=false ground=true pick=0 buck=0 iron=8 ore=3 rods=0 pearls=0 eyes=0
[00:11:55] [main/INFO] (Minecraft) [CHAT] §2§l§o[TenorClef] §rT2 [NOW] t=3:59.8 ph=IRON @52,66,-11 do=<Mine And Collect: [[oak_log,birch_log,spruce_log,jungle_log,acacia_log,dark_oak_log]]>  eq=stone_pickaxe woodpick=1 stonepick=1 pick=0 iron=8 buck=0
[00:11:56] [main/INFO] (Minecraft) [STDOUT]: ALTO CLEF: WARNING: T2 [E104] FurnaceScreen open 8s ph=IRON
[00:11:56] [main/INFO] (Minecraft) [CHAT] §2§l§o[TenorClef] §cT2 [E104] FurnaceScreen open 8s ph=IRON§r
[00:11:56] [main/INFO] (Minecraft) [CHAT] §2§l§o[TenorClef] §rT2 [HIST] 4:00.0 [E104] FurnaceScreen open 8s ph=IRON
[00:11:56] [main/INFO] (Minecraft) [CHAT] §2§l§o[TenorClef] §rT2 [NOW] t=4:00.8 ph=IRON @52,66,-11 do=<Mine And Collect: [[oak_log,birch_log,spruce_log,jungle_log,acacia_log,dark_oak_log]]>  eq=stone_pickaxe woodpick=1 stonepick=1 pick=0 iron=8 buck=0
[00:11:56] [main/INFO] (Minecraft) [CHAT] §2§l§o[TenorClef] §rT2 [HIST] 4:00.8 SNAP ph=IRON @52,66,-11 sky=15 wet=false ground=true pick=0 buck=0 iron=8 ore=3 rods=0 pearls=0 eyes=0 child=MineAndCollectTask dbg=<Mine And Collect: [[oak_log,birch_log,spruce_log,jungle_log,acacia_log,dark_oak_log]]>  mobs=none
[00:11:57] [main/INFO] (Minecraft) [STDOUT]: ALTO CLEF: WARNING: T2 [S120] craft-gui jump @52,66,-11 child=MineAndCollectTask
[00:11:57] [main/INFO] (Minecraft) [CHAT] §2§l§o[TenorClef] §cT2 [S120] craft-gui jump @52,66,-11 child=MineAndCollectTask§r
[00:11:57] [main/INFO] (Minecraft) [CHAT] §2§l§o[TenorClef] §rT2 [HIST] 4:01.6 SOLVE S120 craft-gui jump @52,66,-11 child=MineAndCollectTask
[00:11:57] [main/INFO] (Minecraft) [CHAT] §2§l§o[TenorClef] §rT2 [NOW] t=4:01.8 ph=IRON @52,66,-11 do=<Mine And Collect: [[oak_log,birch_log,spruce_log,jungle_log,acacia_log,dark_oak_log]]>  eq=stone_pickaxe woodpick=1 stonepick=1 pick=0 iron=8 buck=0
[00:11:58] [main/INFO] (Minecraft) [CHAT] §2§l§o[TenorClef] §rT2 [NOW] t=4:02.8 ph=IRON @52,66,-11 do=<Mine And Collect: [[oak_log,birch_log,spruce_log,jungle_log,acacia_log,dark_oak_log]]>  eq=stone_pickaxe woodpick=1 stonepick=1 pick=0 iron=8 buck=0
[00:11:59] [Server thread/INFO] (Minecraft) Player583 has made the advancement [Acquire Hardware]
[00:11:59] [main/INFO] (Minecraft) [CHAT] Player583 has made the advancement [Acquire Hardware]
[00:11:59] [main/INFO] (Minecraft) Loaded 86 advancements
[00:11:59] [main/INFO] (Minecraft) [CHAT] §2§l§o[TenorClef] §rRefreshed inventory...
[00:11:59] [main/INFO] (Minecraft) [CHAT] §2§l§o[TenorClef] §rT2 [HIST] 4:03.3 SNAP ph=IRON @51,66,-11 sky=15 wet=false ground=true pick=0 buck=0 iron=8 ore=3 rods=0 pearls=0 eyes=0 child=MineAndCollectTask dbg=<Mine And Collect: [[oak_log,birch_log,spruce_log,jungle_log,acacia_log,dark_oak_log]]>  mobs=none
[00:11:59] [main/INFO] (Minecraft) [CHAT] §2§l§o[TenorClef] §rT2 [NOW] t=4:03.8 ph=IRON @50,66,-14 do=<Mine And Collect: [[oak_log,birch_log,spruce_log,jungle_log,acacia_log,dark_oak_log]]>  eq=stone_pickaxe woodpick=1 stonepick=1 pick=0 iron=8 buck=0
[00:12:00] [main/INFO] (Minecraft) [CHAT] §2§l§o[TenorClef] §rT2 [NOW] t=4:04.8 ph=IRON @49,66,-15 do=<Mine And Collect: [[oak_log,birch_log,spruce_log,jungle_log,acacia_log,dark_oak_log]]>  eq=diorite woodpick=1 stonepick=1 pick=0 iron=8 buck=0
[00:12:01] [main/INFO] (Minecraft) [CHAT] §2§l§o[TenorClef] §rT2 [NOW] t=4:05.8 ph=IRON @49,66,-15 do=<Mine And Collect: [[oak_log,birch_log,spruce_log,jungle_log,acacia_log,dark_oak_log]]>  eq=stone_pickaxe woodpick=1 stonepick=1 pick=0 iron=8 buck=0
[00:12:01] [main/INFO] (Minecraft) [CHAT] §2§l§o[TenorClef] §rT2 [HIST] 4:05.8 SNAP ph=IRON @49,66,-15 sky=14 wet=false ground=true pick=0 buck=0 iron=8 ore=3 rods=0 pearls=0 eyes=0 child=MineAndCollectTask dbg=<Mine And Collect: [[oak_log,birch_log,spruce_log,jungle_log,acacia_log,dark_oak_log]]>  mobs=none
[00:12:02] [main/INFO] (Minecraft) [CHAT] §2§l§o[TenorClef] §rT2 [NOW] t=4:06.8 ph=IRON @49,66,-15 do=<Mine And Collect: [[oak_log,birch_log,spruce_log,jungle_log,acacia_log,dark_oak_log]]>  eq=stone_pickaxe woodpick=1 stonepick=1 pick=0 iron=8 buck=0
[00:12:03] [main/INFO] (Minecraft) [CHAT] §2§l§o[TenorClef] §rT2 [NOW] t=4:07.8 ph=IRON @49,66,-15 do=<Mine And Collect: [[oak_log,birch_log,spruce_log,jungle_log,acacia_log,dark_oak_log]]>  eq=stone_pickaxe woodpick=1 stonepick=1 pick=0 iron=8 buck=0
[00:12:04] [main/INFO] (Minecraft) [CHAT] §2§l§o[TenorClef] §rT2 [HIST] 4:08.3 SNAP ph=IRON @49,66,-15 sky=14 wet=false ground=true pick=0 buck=0 iron=8 ore=3 rods=0 pearls=0 eyes=0 child=MineAndCollectTask dbg=<Mine And Collect: [[oak_log,birch_log,spruce_log,jungle_log,acacia_log,dark_oak_log]]>  mobs=none
[00:12:04] [main/INFO] (Minecraft) [CHAT] §2§l§o[TenorClef] §rT2 [NOW] t=4:08.8 ph=IRON @49,66,-15 do=<Mine And Collect: [[oak_log,birch_log,spruce_log,jungle_log,acacia_log,dark_oak_log]]>  eq=stone_pickaxe woodpick=1 stonepick=1 pick=0 iron=8 buck=0
[00:12:05] [main/INFO] (Minecraft) [STDOUT]: ALTO CLEF: WARNING: T2 [E70] iron stall 6s @49,-15 — clear blacklist + re-pick ore
[00:12:05] [main/INFO] (Minecraft) [CHAT] §2§l§o[TenorClef] §cT2 [E70] iron stall 6s @49,-15 — clear blacklist + re-pick ore§r
[00:12:05] [main/INFO] (Minecraft) [CHAT] §2§l§o[TenorClef] §rT2 [NOW] t=4:09.9 ph=IRON @49,66,-15 do=<Mine And Collect: [[oak_log,birch_log,spruce_log,jungle_log,acacia_log,dark_oak_log]]>  eq=stone_pickaxe woodpick=1 stonepick=1 pick=0 iron=8 buck=0
[00:12:06] [main/INFO] (Minecraft) [CHAT] §2§l§o[TenorClef] §rT2 [NOW] t=4:10.8 ph=IRON @49,66,-15 do=<Mine And Collect: [[oak_log,birch_log,spruce_log,jungle_log,acacia_log,dark_oak_log]]>  eq=stone_pickaxe woodpick=1 stonepick=1 pick=0 iron=8 buck=0
[00:12:06] [main/INFO] (Minecraft) [CHAT] §2§l§o[TenorClef] §rT2 [HIST] 4:10.9 SNAP ph=IRON @49,66,-15 sky=14 wet=false ground=true pick=0 buck=0 iron=8 ore=3 rods=0 pearls=0 eyes=0 child=MineAndCollectTask dbg=<Mine And Collect: [[oak_log,birch_log,spruce_log,jungle_log,acacia_log,dark_oak_log]]>  mobs=none
[00:12:07] [main/INFO] (Minecraft) [CHAT] §2§l§o[TenorClef] §rT2 [NOW] t=4:11.8 ph=IRON @49,66,-15 do=<Mine And Collect: [[oak_log,birch_log,spruce_log,jungle_log,acacia_log,dark_oak_log]]>  eq=stone_pickaxe woodpick=1 stonepick=1 pick=0 iron=8 buck=0
[00:12:08] [main/INFO] (Minecraft) [CHAT] §2§l§o[TenorClef] §rT2 [NOW] t=4:12.8 ph=IRON @49,66,-15 do=<Mine And Collect: [[oak_log,birch_log,spruce_log,jungle_log,acacia_log,dark_oak_log]]>  eq=stone_pickaxe woodpick=1 stonepick=1 pick=0 iron=8 buck=0
[00:12:09] [main/INFO] (Minecraft) [CHAT] §2§l§o[TenorClef] §rT2 [HIST] 4:13.3 SNAP ph=IRON @49,66,-15 sky=14 wet=false ground=true pick=0 buck=0 iron=8 ore=3 rods=0 pearls=0 eyes=0 child=MineAndCollectTask dbg=<Mine And Collect: [[oak_log,birch_log,spruce_log,jungle_log,acacia_log,dark_oak_log]]>  mobs=none
[00:12:09] [main/INFO] (Minecraft) [CHAT] §2§l§o[TenorClef] §rT2 [NOW] t=4:13.8 ph=IRON @49,66,-15 do=<Mine And Collect: [[oak_log,birch_log,spruce_log,jungle_log,acacia_log,dark_oak_log]]>  eq=stone_pickaxe woodpick=1 stonepick=1 pick=0 iron=8 buck=0
[00:12:10] [main/INFO] (Minecraft) [CHAT] §2§l§o[TenorClef] §rT2 [HB] t=4:14.5 ph=IRON y=66 child=MineAndCollectTask logs=0 pick=0 woodpick=1
[00:12:10] [main/INFO] (Minecraft) [CHAT] §2§l§o[TenorClef] §rT2 [NOW] t=4:14.9 ph=IRON @49,66,-15 do=<Mine And Collect: [[oak_log,birch_log,spruce_log,jungle_log,acacia_log,dark_oak_log]]>  eq=stone_pickaxe woodpick=1 stonepick=1 pick=0 iron=8 buck=0
[00:12:11] [main/INFO] (Minecraft) [STDOUT]: ALTO CLEF: WARNING: T2 [E70] iron stall 6s @48,-15 — clear blacklist + re-pick ore
[00:12:11] [main/INFO] (Minecraft) [CHAT] §2§l§o[TenorClef] §cT2 [E70] iron stall 6s @48,-15 — clear blacklist + re-pick ore§r
[00:12:11] [main/INFO] (Minecraft) [STDOUT]: ALTO CLEF: WARNING: T2 [S143] wood latch released — sticks available fuel=16
[00:12:11] [main/INFO] (Minecraft) [CHAT] §2§l§o[TenorClef] §cT2 [S143] wood latch released — sticks available fuel=16§r
[00:12:11] [main/INFO] (Minecraft) [CHAT] §2§l§o[TenorClef] §rT2 [HIST] 4:15.7 FORCE S143 wood latch released — sticks available fuel=16
[00:12:11] [main/INFO] (Minecraft) [CHAT] §2§l§o[TenorClef] §rT2 [HIST] 4:15.7 WHY iron: lock pick craft, ignore y flicker
[00:12:11] [main/INFO] (Minecraft) [CHAT] §2§l§o[TenorClef] §rT2 [HIST] 4:15.7 CHILD MineAndCollectTask -> CraftInTableTask ph=IRON @48,66,-15 sky=13 wet=false ground=true pick=0 buck=0 iron=8 ore=3 rods=0 pearls=0 eyes=0
[00:12:11] [main/INFO] (Minecraft) [CHAT] §2§l§o[TenorClef] §rT2 [NOW] t=4:15.9 ph=IRON @48,66,-15 do=<Doing stuff in crafting_table container: [[iron_pickaxe]]>  eq=stone_pickaxe woodpick=1 stonepick=1 pick=0 iron=8 buck=0
[00:12:11] [main/INFO] (Minecraft) [CHAT] §2§l§o[TenorClef] §rT2 [HIST] 4:15.9 SNAP ph=IRON @48,66,-15 sky=13 wet=false ground=true pick=0 buck=0 iron=8 ore=3 rods=0 pearls=0 eyes=0 child=CraftInTableTask dbg=<Doing stuff in crafting_table container: [[iron_pickaxe]]>  mobs=none
[00:12:12] [main/INFO] (Minecraft) Loaded 87 advancements
[00:12:12] [main/INFO] (Minecraft) [CHAT] §2§l§o[TenorClef] §rT2 [NOW] t=4:16.8 ph=IRON @48,66,-15 do=<Doing stuff in crafting_table container: [[iron_pickaxe]]>  eq=stone_pickaxe woodpick=1 stonepick=1 pick=0 iron=8 buck=0
[00:12:13] [main/INFO] (Minecraft) [CHAT] §2§l§o[TenorClef] §rT2 [NOW] t=4:17.8 ph=IRON @48,66,-15 do=<Doing stuff in crafting_table container: [[iron_pickaxe]]>  eq=stone_pickaxe woodpick=1 stonepick=1 pick=0 iron=8 buck=0
[00:12:14] [main/INFO] (Minecraft) [CHAT] §2§l§o[TenorClef] §rT2 [HIST] 4:18.3 SNAP ph=IRON @48,66,-15 sky=13 wet=false ground=true pick=0 buck=0 iron=8 ore=3 rods=0 pearls=0 eyes=0 child=CraftInTableTask dbg=<Doing stuff in crafting_table container: [[iron_pickaxe]]>  mobs=none
[00:12:14] [main/INFO] (Minecraft) [CHAT] §2§l§o[TenorClef] §rT2 [NOW] t=4:18.8 ph=IRON @49,66,-15 do=<Doing stuff in crafting_table container: [[iron_pickaxe]]>  eq=stone_pickaxe woodpick=1 stonepick=1 pick=0 iron=8 buck=0
[00:12:15] [main/INFO] (Minecraft) [CHAT] §2§l§o[TenorClef] §rT2 [I01] IRON -> PORTAL t=4:19.6
[00:12:15] [main/INFO] (Minecraft) [CHAT] §2§l§o[TenorClef] §rTESRUN2 split PORTAL  4:19.6
[00:12:15] [main/INFO] (Minecraft) [CHAT] §2§l§o[TenorClef] §rT2 [HIST] 4:19.7 WHY portal: water bucket before lava cast
[00:12:15] [main/INFO] (Minecraft) [CHAT] §2§l§o[TenorClef] §rT2 [HIST] 4:19.7 PHASE IRON -> PORTAL
[00:12:15] [main/INFO] (Minecraft) [CHAT] §2§l§o[TenorClef] §rT2 [HIST] 4:19.7 CHILD CraftInTableTask -> CollectWaterBucketTask ph=PORTAL @50,66,-13 sky=15 wet=false ground=true pick=1 buck=0 iron=5 ore=3 rods=0 pearls=0 eyes=0
[00:12:15] [main/INFO] (Minecraft) [CHAT] §2§l§o[TenorClef] §rT2 [NOW] t=4:19.9 ph=PORTAL @50,66,-13 do=<Collect 1 water buckets: [[water_bucket]]> Getting bucket... eq=stone_pickaxe woodpick=1 stonepick=1 pick=1 iron=5 buck=0
[00:12:16] [pool-5-thread-4/INFO] (Minecraft) [STDOUT]: 595584 movements considered
[00:12:16] [pool-5-thread-4/INFO] (Minecraft) [STDOUT]: Open set size: 25858
[00:12:16] [pool-5-thread-4/INFO] (Minecraft) [STDOUT]: PathNode map size: 52927
[00:12:16] [pool-5-thread-4/INFO] (Minecraft) [STDOUT]: 54035 nodes per second
[00:12:16] [pool-5-thread-4/INFO] (Minecraft) [STDOUT]: Path goes for 120.00416659433121 blocks
[00:12:16] [Server thread/INFO] (Minecraft) Player583 has made the advancement [Isn't It Iron Pick]
[00:12:16] [main/INFO] (Minecraft) [CHAT] Player583 has made the advancement [Isn't It Iron Pick]
[00:12:16] [main/INFO] (Minecraft) Loaded 91 advancements
[00:12:16] [main/INFO] (Minecraft) [CHAT] §2§l§o[TenorClef] §rT2 [NOW] t=4:20.8 ph=PORTAL @50,66,-12 do=<Collect 1 water buckets: [[water_bucket]]> Getting bucket... eq=stone_pickaxe woodpick=1 stonepick=1 pick=1 iron=5 buck=0
[00:12:16] [main/INFO] (Minecraft) [CHAT] §2§l§o[TenorClef] §rT2 [HIST] 4:20.8 SNAP ph=PORTAL @50,66,-12 sky=15 wet=false ground=true pick=1 buck=0 iron=5 ore=3 rods=0 pearls=0 eyes=0 child=CollectWaterBucketTask dbg=<Collect 1 water buckets: [[water_bucket]]> Getting bucket... mobs=none
[00:12:17] [main/INFO] (Minecraft) [CHAT] §2§l§o[TenorClef] §rT2 [HIST] 4:20.9 WHY portal: 1 flint before construct
[00:12:17] [main/INFO] (Minecraft) [CHAT] §2§l§o[TenorClef] §rT2 [HIST] 4:20.9 CHILD CollectWaterBucketTask -> CollectFlintTask ph=PORTAL @50,66,-12 sky=15 wet=false ground=true pick=1 buck=1 iron=2 ore=3 rods=0 pearls=0 eyes=0
[00:12:17] [main/INFO] (Minecraft) [STDOUT]: ALTO CLEF: WARNING: T2 [E116] drop 8 from 73 to 65 ph=PORTAL
[00:12:17] [main/INFO] (Minecraft) [CHAT] §2§l§o[TenorClef] §cT2 [E116] drop 8 from 73 to 65 ph=PORTAL§r
[00:12:17] [main/INFO] (Minecraft) [CHAT] §2§l§o[TenorClef] §rT2 [HIST] 4:21.5 [E116] drop 8 from 73 to 65 ph=PORTAL
[00:12:17] [main/INFO] (Minecraft) [CHAT] §2§l§o[TenorClef] §rT2 [NOW] t=4:21.8 ph=PORTAL @47,65,-13 do=<Collect 1 flint: [[flint]]>  eq=stone_pickaxe woodpick=1 stonepick=1 pick=1 iron=2 buck=0
[00:12:18] [main/INFO] (Minecraft) [CHAT] §2§l§o[TenorClef] §rT2 [NOW] t=4:22.8 ph=PORTAL @44,66,-14 do=<Collect 1 flint: [[flint]]>  eq=stone_pickaxe woodpick=1 stonepick=1 pick=1 iron=2 buck=0
[00:12:19] [main/INFO] (Minecraft) [CHAT] §2§l§o[TenorClef] §rT2 [HIST] 4:23.4 SNAP ph=PORTAL @44,66,-17 sky=13 wet=false ground=true pick=1 buck=1 iron=2 ore=3 rods=0 pearls=0 eyes=0 child=CollectFlintTask dbg=<Collect 1 flint: [[flint]]>  mobs=none
[00:12:19] [main/INFO] (Minecraft) [CHAT] §2§l§o[TenorClef] §rT2 [NOW] t=4:23.8 ph=PORTAL @43,66,-19 do=<Collect 1 flint: [[flint]]>  eq=stone_pickaxe woodpick=1 stonepick=1 pick=1 iron=2 buck=0
[00:12:20] [main/INFO] (Minecraft) [CHAT] §2§l§o[TenorClef] §rT2 [NOW] t=4:24.8 ph=PORTAL @43,66,-21 do=<Collect 1 flint: [[flint]]>  eq=oak_log woodpick=1 stonepick=1 pick=1 iron=2 buck=0
[00:12:21] [main/INFO] (Minecraft) [CHAT] §2§l§o[TenorClef] §rT2 [HIST] 4:25.0 WHY portal: 1 flint before construct
[00:12:21] [main/INFO] (Minecraft) [CHAT] §2§l§o[TenorClef] §rT2 [NOW] t=4:25.8 ph=PORTAL @43,65,-21 do=<Collect 1 flint: [[flint]]>  eq=oak_log woodpick=1 stonepick=1 pick=1 iron=2 buck=0
[00:12:21] [main/INFO] (Minecraft) [CHAT] §2§l§o[TenorClef] §rT2 [HIST] 4:25.8 SNAP ph=PORTAL @43,65,-21 sky=15 wet=false ground=true pick=1 buck=1 iron=2 ore=3 rods=0 pearls=0 eyes=0 child=CollectFlintTask dbg=<Collect 1 flint: [[flint]]>  mobs=none
[00:12:22] [main/INFO] (Minecraft) [CHAT] §2§l§o[TenorClef] §rT2 [NOW] t=4:26.8 ph=PORTAL @43,64,-21 do=<Collect 1 flint: [[flint]]>  eq=oak_log woodpick=1 stonepick=1 pick=1 iron=2 buck=0
[00:12:23] [main/INFO] (Minecraft) [STDOUT]: ALTO CLEF: WARNING: T2 [S100] stop jump-walk @43,-21 ph=PORTAL child=CollectFlintTask esc=1
[00:12:23] [main/INFO] (Minecraft) [CHAT] §2§l§o[TenorClef] §cT2 [S100] stop jump-walk @43,-21 ph=PORTAL child=CollectFlintTask esc=1§r
[00:12:23] [main/INFO] (Minecraft) [CHAT] §2§l§o[TenorClef] §rT2 [HIST] 4:27.5 SOLVE S100 stop jump-walk @43,-21 ph=PORTAL child=CollectFlintTask esc=1
[00:12:23] [main/INFO] (Minecraft) [CHAT] §2§l§o[TenorClef] §rT2 [NOW] t=4:27.8 ph=PORTAL @43,63,-21 do=<Collect 1 flint: [[flint]]>  eq=oak_log woodpick=1 stonepick=1 pick=1 iron=2 buck=0
[00:12:24] [main/INFO] (Minecraft) [STDOUT]: ALTO CLEF: WARNING: T2 [E100] jumps=6 @43,63,-21 ph=PORTAL child=CollectFlintTask
[00:12:24] [main/INFO] (Minecraft) [CHAT] §2§l§o[TenorClef] §cT2 [E100] jumps=6 @43,63,-21 ph=PORTAL child=CollectFlintTask§r
[00:12:24] [main/INFO] (Minecraft) [CHAT] §2§l§o[TenorClef] §rT2 [HIST] 4:28.2 [E100] jumps=6 @43,63,-21 ph=PORTAL child=CollectFlintTask
[00:12:24] [main/INFO] (Minecraft) [CHAT] §2§l§o[TenorClef] §rT2 [HIST] 4:28.3 SNAP ph=PORTAL @43,63,-21 sky=15 wet=false ground=true pick=1 buck=1 iron=2 ore=3 rods=0 pearls=0 eyes=0 child=CollectFlintTask dbg=<Collect 1 flint: [[flint]]>  mobs=none
[00:12:24] [main/INFO] (Minecraft) [CHAT] §2§l§o[TenorClef] §rT2 [NOW] t=4:28.9 ph=PORTAL @43,62,-21 do=<Collect 1 flint: [[flint]]>  eq=iron_pickaxe woodpick=1 stonepick=1 pick=1 iron=2 buck=0
[00:12:25] [main/INFO] (Minecraft) [CHAT] §2§l§o[TenorClef] §rT2 [HIST] 4:29.0 WHY portal: 1 flint before construct
[00:12:25] [main/INFO] (Minecraft) [CHAT] §2§l§o[TenorClef] §rT2 [NOW] t=4:29.8 ph=PORTAL @43,60,-21 do=<Collect 1 flint: [[flint]]>  eq=iron_pickaxe woodpick=1 stonepick=1 pick=1 iron=2 buck=0
[00:12:26] [main/INFO] (Minecraft) [CHAT] §2§l§o[TenorClef] §rT2 [HIST] 4:30.0 [E100] jumps=6 @43,60,-21 ph=PORTAL child=CollectFlintTask
[00:12:26] [main/INFO] (Minecraft) [CHAT] §2§l§o[TenorClef] §rT2 [NOW] t=4:30.8 ph=PORTAL @43,59,-21 do=<Collect 1 flint: [[flint]]>  eq=iron_pickaxe woodpick=1 stonepick=1 pick=1 iron=2 buck=0
[00:12:26] [main/INFO] (Minecraft) [CHAT] §2§l§o[TenorClef] §rT2 [HIST] 4:30.8 SNAP ph=PORTAL @43,59,-21 sky=15 wet=false ground=true pick=1 buck=1 iron=2 ore=3 rods=0 pearls=0 eyes=0 child=CollectFlintTask dbg=<Collect 1 flint: [[flint]]>  mobs=none
[00:12:27] [main/INFO] (Minecraft) [CHAT] §2§l§o[TenorClef] §rT2 [NOW] t=4:31.9 ph=PORTAL @43,59,-21 do=<Collect 1 flint: [[flint]]>  eq=iron_pickaxe woodpick=1 stonepick=1 pick=1 iron=2 buck=0
[00:12:28] [main/INFO] (Minecraft) [STDOUT]: ALTO CLEF: WARNING: T2 [E116] drop 8 from 66 to 58 ph=PORTAL
[00:12:28] [main/INFO] (Minecraft) [CHAT] §2§l§o[TenorClef] §cT2 [E116] drop 8 from 66 to 58 ph=PORTAL§r
[00:12:28] [main/INFO] (Minecraft) [CHAT] §2§l§o[TenorClef] §rT2 [HIST] 4:31.9 [E116] drop 8 from 66 to 58 ph=PORTAL
[00:12:28] [main/INFO] (Minecraft) Loaded 108 advancements
[00:12:28] [main/INFO] (Minecraft) [CHAT] §2§l§o[TenorClef] §rT2 [NOW] t=4:32.9 ph=PORTAL @43,58,-21 do=<Collect 1 flint: [[flint]]>  eq=iron_pickaxe woodpick=1 stonepick=1 pick=1 iron=2 buck=0
[00:12:29] [main/INFO] (Minecraft) [CHAT] §2§l§o[TenorClef] §rT2 [HIST] 4:33.0 WHY portal: 1 flint before construct
[00:12:29] [main/INFO] (Minecraft) [CHAT] §2§l§o[TenorClef] §rRefreshed inventory...
[00:12:29] [main/INFO] (Minecraft) [CHAT] §2§l§o[TenorClef] §rT2 [HIST] 4:33.4 SNAP ph=PORTAL @43,57,-21 sky=15 wet=false ground=false pick=1 buck=1 iron=2 ore=3 rods=0 pearls=0 eyes=0 child=CollectFlintTask dbg=<Collect 1 flint: [[flint]]>  mobs=none
[00:12:29] [main/INFO] (Minecraft) [STDOUT]: ALTO CLEF: WARNING: T2 [E100] jumps=6 @43,57,-21 ph=PORTAL child=CollectFlintTask
[00:12:29] [main/INFO] (Minecraft) [CHAT] §2§l§o[TenorClef] §cT2 [E100] jumps=6 @43,57,-21 ph=PORTAL child=CollectFlintTask§r
[00:12:29] [main/INFO] (Minecraft) [CHAT] §2§l§o[TenorClef] §rT2 [HIST] 4:33.5 [E100] jumps=6 @43,57,-21 ph=PORTAL child=CollectFlintTask
[00:12:29] [main/INFO] (Minecraft) [CHAT] §2§l§o[TenorClef] §rT2 [NOW] t=4:33.8 ph=PORTAL @43,57,-21 do=<Collect 1 flint: [[flint]]>  eq=iron_pickaxe woodpick=1 stonepick=1 pick=1 iron=2 buck=0
[00:12:30] [main/INFO] (Minecraft) [CHAT] §2§l§o[TenorClef] §rT2 [NOW] t=4:34.8 ph=PORTAL @43,56,-21 do=<Collect 1 flint: [[flint]]>  eq=iron_pickaxe woodpick=1 stonepick=1 pick=1 iron=2 buck=0
[00:12:31] [main/INFO] (Minecraft) [CHAT] §2§l§o[TenorClef] §rT2 [NOW] t=4:35.8 ph=PORTAL @43,56,-21 do=<Collect 1 flint: [[flint]]>  eq=iron_pickaxe woodpick=1 stonepick=1 pick=1 iron=2 buck=0
[00:12:31] [main/INFO] (Minecraft) [CHAT] §2§l§o[TenorClef] §rT2 [HIST] 4:35.8 SNAP ph=PORTAL @43,56,-21 sky=15 wet=false ground=true pick=1 buck=1 iron=2 ore=3 rods=0 pearls=0 eyes=0 child=CollectFlintTask dbg=<Collect 1 flint: [[flint]]>  mobs=none
[00:12:32] [main/INFO] (Minecraft) [STDOUT]: ALTO CLEF: WARNING: T2 [E62] portal jump-place @43,55,-21
[00:12:32] [main/INFO] (Minecraft) [CHAT] §2§l§o[TenorClef] §cT2 [E62] portal jump-place @43,55,-21§r
[00:12:32] [main/INFO] (Minecraft) [CHAT] §2§l§o[TenorClef] §rT2 [NOW] t=4:36.9 ph=PORTAL @43,55,-21 do=<Collect 1 flint: [[flint]]>  eq=iron_pickaxe woodpick=1 stonepick=1 pick=1 iron=2 buck=0
[00:12:33] [main/INFO] (Minecraft) [CHAT] §2§l§o[TenorClef] §rT2 [HIST] 4:37.0 WHY portal: 1 flint before construct
[00:12:33] [main/INFO] (Minecraft) [CHAT] §2§l§o[TenorClef] §rT2 [HIST] 4:37.5 [E100] jumps=6 @43,54,-21 ph=PORTAL child=CollectFlintTask
[00:12:33] [main/INFO] (Minecraft) [STDOUT]: ALTO CLEF: WARNING: T2 [S100] stop jump-walk @43,-21 ph=PORTAL child=CollectFlintTask esc=0
[00:12:33] [main/INFO] (Minecraft) [CHAT] §2§l§o[TenorClef] §cT2 [S100] stop jump-walk @43,-21 ph=PORTAL child=CollectFlintTask esc=0§r
[00:12:33] [main/INFO] (Minecraft) [CHAT] §2§l§o[TenorClef] §rT2 [HIST] 4:37.5 SOLVE S100 stop jump-walk @43,-21 ph=PORTAL child=CollectFlintTask esc=0
[00:12:33] [main/INFO] (Minecraft) [CHAT] §2§l§o[TenorClef] §rT2 [NOW] t=4:37.8 ph=PORTAL @43,54,-21 do=<Collect 1 flint: [[flint]]>  eq=iron_pickaxe woodpick=1 stonepick=1 pick=1 iron=2 buck=0
[00:12:34] [main/INFO] (Minecraft) [CHAT] §2§l§o[TenorClef] §rT2 [HIST] 4:38.3 SNAP ph=PORTAL @43,54,-21 sky=15 wet=false ground=true pick=1 buck=1 iron=2 ore=3 rods=0 pearls=0 eyes=0 child=CollectFlintTask dbg=<Collect 1 flint: [[flint]]>  mobs=none
[00:12:34] [main/INFO] (Minecraft) [CHAT] §2§l§o[TenorClef] §rT2 [NOW] t=4:38.8 ph=PORTAL @43,54,-21 do=<Collect 1 flint: [[flint]]>  eq=iron_pickaxe woodpick=1 stonepick=1 pick=1 iron=2 buck=0
[00:12:35] [main/INFO] (Minecraft) [CHAT] §2§l§o[TenorClef] §rT2 [NOW] t=4:39.8 ph=PORTAL @43,54,-21 do=<Collect 1 flint: [[flint]]>  eq=iron_pickaxe woodpick=1 stonepick=1 pick=1 iron=2 buck=0
[00:12:36] [main/INFO] (Minecraft) [CHAT] §2§l§o[TenorClef] §rT2 [NOW] t=4:40.8 ph=PORTAL @43,54,-21 do=<Collect 1 flint: [[flint]]>  eq=iron_pickaxe woodpick=1 stonepick=1 pick=1 iron=2 buck=0
[00:12:36] [main/INFO] (Minecraft) [CHAT] §2§l§o[TenorClef] §rT2 [HIST] 4:40.9 SNAP ph=PORTAL @43,54,-21 sky=15 wet=false ground=true pick=1 buck=1 iron=2 ore=3 rods=0 pearls=0 eyes=0 child=CollectFlintTask dbg=<Collect 1 flint: [[flint]]>  mobs=none
[00:12:37] [main/INFO] (Minecraft) [STDOUT]: ALTO CLEF: WARNING: T2 [E107] portal 20s no flint child=CollectFlintTask
[00:12:37] [main/INFO] (Minecraft) [CHAT] §2§l§o[TenorClef] §cT2 [E107] portal 20s no flint child=CollectFlintTask§r
[00:12:37] [main/INFO] (Minecraft) [CHAT] §2§l§o[TenorClef] §rT2 [HIST] 4:41.1 [E107] portal 20s no flint child=CollectFlintTask
[00:12:37] [main/INFO] (Minecraft) [CHAT] §2§l§o[TenorClef] §rT2 [HIST] 4:41.1 WHY portal: 1 flint before construct
[00:12:37] [main/INFO] (Minecraft) [CHAT] §2§l§o[TenorClef] §rT2 [NOW] t=4:41.8 ph=PORTAL @43,54,-21 do=<Collect 1 flint: [[flint]]>  eq=iron_pickaxe woodpick=1 stonepick=1 pick=1 iron=2 buck=0
[00:12:38] [main/INFO] (Minecraft) [CHAT] §2§l§o[TenorClef] §rT2 [HIST] 4:42.0 [E107] portal 21s no flint child=CollectFlintTask
[00:12:38] [main/INFO] (Minecraft) [CHAT] §2§l§o[TenorClef] §rT2 [NOW] t=4:42.8 ph=PORTAL @43,54,-21 do=<Collect 1 flint: [[flint]]>  eq=iron_pickaxe woodpick=1 stonepick=1 pick=1 iron=2 buck=0
[00:12:39] [main/INFO] (Minecraft) [CHAT] §2§l§o[TenorClef] §rT2 [HIST] 4:43.0 [E107] portal 22s no flint child=CollectFlintTask
[00:12:39] [main/INFO] (Minecraft) [CHAT] §2§l§o[TenorClef] §rT2 [HIST] 4:43.3 SNAP ph=PORTAL @43,54,-21 sky=15 wet=false ground=true pick=1 buck=1 iron=2 ore=3 rods=0 pearls=0 eyes=0 child=CollectFlintTask dbg=<Collect 1 flint: [[flint]]>  mobs=none
[00:12:39] [main/INFO] (Minecraft) [CHAT] §2§l§o[TenorClef] §rT2 [NOW] t=4:43.8 ph=PORTAL @43,54,-21 do=<Collect 1 flint: [[flint]]>  eq=iron_pickaxe woodpick=1 stonepick=1 pick=1 iron=2 buck=0
[00:12:40] [main/INFO] (Minecraft) [CHAT] §2§l§o[TenorClef] §rT2 [HIST] 4:44.0 [E107] portal 23s no flint child=CollectFlintTask
[00:12:40] [main/INFO] (Minecraft) [CHAT] §2§l§o[TenorClef] §rT2 [NOW] t=4:44.8 ph=PORTAL @43,54,-21 do=<Collect 1 flint: [[flint]]>  eq=iron_pickaxe woodpick=1 stonepick=1 pick=1 iron=2 buck=0
[00:12:41] [main/INFO] (Minecraft) [CHAT] §2§l§o[TenorClef] §rT2 [HIST] 4:45.0 [E107] portal 24s no flint child=CollectFlintTask
[00:12:41] [main/INFO] (Minecraft) [CHAT] §2§l§o[TenorClef] §rT2 [HIST] 4:45.1 WHY portal: 1 flint before construct
[00:12:41] [main/INFO] (Minecraft) [CHAT] §2§l§o[TenorClef] §rT2 [NOW] t=4:45.8 ph=PORTAL @43,54,-21 do=<Collect 1 flint: [[flint]]>  eq=iron_pickaxe woodpick=1 stonepick=1 pick=1 iron=2 buck=0
[00:12:41] [main/INFO] (Minecraft) [CHAT] §2§l§o[TenorClef] §rT2 [HIST] 4:45.8 SNAP ph=PORTAL @43,54,-21 sky=15 wet=false ground=true pick=1 buck=1 iron=2 ore=3 rods=0 pearls=0 eyes=0 child=CollectFlintTask dbg=<Collect 1 flint: [[flint]]>  mobs=none
[00:12:42] [main/INFO] (Minecraft) [CHAT] §2§l§o[TenorClef] §rT2 [HIST] 4:46.0 [E107] portal 25s no flint child=CollectFlintTask
[00:12:42] [main/INFO] (Minecraft) [STDOUT]: ALTO CLEF: WARNING: T2 [E107] portal 25s no flint child=CollectFlintTask
[00:12:42] [main/INFO] (Minecraft) [CHAT] §2§l§o[TenorClef] §cT2 [E107] portal 25s no flint child=CollectFlintTask§r
[00:12:42] [main/INFO] (Minecraft) [CHAT] §2§l§o[TenorClef] §rT2 [NOW] t=4:46.8 ph=PORTAL @43,54,-21 do=<Collect 1 flint: [[flint]]>  eq=iron_pickaxe woodpick=1 stonepick=1 pick=1 iron=2 buck=0
[00:12:43] [main/INFO] (Minecraft) [CHAT] §2§l§o[TenorClef] §rT2 [HIST] 4:47.0 [E107] portal 26s no flint child=CollectFlintTask
[00:12:43] [main/INFO] (Minecraft) [CHAT] §2§l§o[TenorClef] §rT2 [NOW] t=4:47.8 ph=PORTAL @43,54,-21 do=<Collect 1 flint: [[flint]]>  eq=iron_pickaxe woodpick=1 stonepick=1 pick=1 iron=2 buck=0
[00:12:44] [main/INFO] (Minecraft) [CHAT] §2§l§o[TenorClef] §rT2 [HIST] 4:48.0 [E107] portal 27s no flint child=CollectFlintTask
[00:12:44] [main/INFO] (Minecraft) [CHAT] §2§l§o[TenorClef] §rT2 [HIST] 4:48.3 SNAP ph=PORTAL @43,54,-21 sky=15 wet=false ground=true pick=1 buck=1 iron=2 ore=3 rods=0 pearls=0 eyes=0 child=CollectFlintTask dbg=<Collect 1 flint: [[flint]]>  mobs=none
[00:12:44] [main/INFO] (Minecraft) [CHAT] §2§l§o[TenorClef] §rT2 [NOW] t=4:48.8 ph=PORTAL @43,54,-21 do=<Collect 1 flint: [[flint]]>  eq=iron_pickaxe woodpick=1 stonepick=1 pick=1 iron=2 buck=0
[00:12:45] [main/INFO] (Minecraft) [CHAT] §2§l§o[TenorClef] §rT2 [HIST] 4:49.0 [E107] portal 28s no flint child=CollectFlintTask
[00:12:45] [main/INFO] (Minecraft) [CHAT] §2§l§o[TenorClef] §rT2 [HIST] 4:49.1 WHY portal: 1 flint before construct
[00:12:45] [main/INFO] (Minecraft) [CHAT] §2§l§o[TenorClef] §rT2 [NOW] t=4:49.8 ph=PORTAL @43,54,-21 do=<Collect 1 flint: [[flint]]>  eq=iron_pickaxe woodpick=1 stonepick=1 pick=1 iron=2 buck=0
[00:12:46] [main/INFO] (Minecraft) [CHAT] §2§l§o[TenorClef] §rT2 [HIST] 4:50.0 [E107] portal 29s no flint child=CollectFlintTask
[00:12:46] [main/INFO] (Minecraft) [CHAT] §2§l§o[TenorClef] §rT2 [NOW] t=4:50.9 ph=PORTAL @43,54,-21 do=<Collect 1 flint: [[flint]]>  eq=iron_pickaxe woodpick=1 stonepick=1 pick=1 iron=2 buck=0
[00:12:46] [main/INFO] (Minecraft) [CHAT] §2§l§o[TenorClef] §rT2 [HIST] 4:50.9 SNAP ph=PORTAL @43,54,-21 sky=15 wet=false ground=true pick=1 buck=1 iron=2 ore=3 rods=0 pearls=0 eyes=0 child=CollectFlintTask dbg=<Collect 1 flint: [[flint]]>  mobs=none
[00:12:47] [main/INFO] (Minecraft) [CHAT] §2§l§o[TenorClef] §rT2 [HIST] 4:51.0 [E107] portal 30s no flint child=CollectFlintTask
[00:12:47] [main/INFO] (Minecraft) [STDOUT]: ALTO CLEF: WARNING: T2 [E107] portal 30s no flint child=CollectFlintTask
[00:12:47] [main/INFO] (Minecraft) [CHAT] §2§l§o[TenorClef] §cT2 [E107] portal 30s no flint child=CollectFlintTask§r
[00:12:47] [main/INFO] (Minecraft) [CHAT] §2§l§o[TenorClef] §rT2 [NOW] t=4:51.8 ph=PORTAL @43,54,-21 do=<Collect 1 flint: [[flint]]>  eq=iron_pickaxe woodpick=1 stonepick=1 pick=1 iron=2 buck=0
[00:12:48] [main/INFO] (Minecraft) [CHAT] §2§l§o[TenorClef] §rT2 [HIST] 4:52.0 [E107] portal 31s no flint child=CollectFlintTask
[00:12:48] [main/INFO] (Minecraft) [CHAT] §2§l§o[TenorClef] §rT2 [NOW] t=4:52.8 ph=PORTAL @43,54,-21 do=<Collect 1 flint: [[flint]]>  eq=iron_pickaxe woodpick=1 stonepick=1 pick=1 iron=2 buck=0
[00:12:49] [main/INFO] (Minecraft) [CHAT] §2§l§o[TenorClef] §rT2 [HIST] 4:53.0 [E107] portal 32s no flint child=CollectFlintTask
[00:12:49] [main/INFO] (Minecraft) [CHAT] §2§l§o[TenorClef] §rT2 [HIST] 4:53.1 WHY portal: 1 flint before construct
[00:12:49] [main/INFO] (Minecraft) [CHAT] §2§l§o[TenorClef] §rT2 [HIST] 4:53.4 SNAP ph=PORTAL @43,54,-21 sky=15 wet=false ground=true pick=1 buck=1 iron=2 ore=3 rods=0 pearls=0 eyes=0 child=CollectFlintTask dbg=<Collect 1 flint: [[flint]]>  mobs=none
[00:12:49] [main/INFO] (Minecraft) [CHAT] §2§l§o[TenorClef] §rT2 [NOW] t=4:53.9 ph=PORTAL @43,54,-21 do=<Collect 1 flint: [[flint]]> Picking up eq=iron_pickaxe woodpick=1 stonepick=1 pick=1 iron=2 buck=0
[00:12:50] [main/INFO] (Minecraft) [CHAT] §2§l§o[TenorClef] §rT2 [HIST] 4:53.9 WHY portal: craft flint and steel
[00:12:50] [main/INFO] (Minecraft) [CHAT] §2§l§o[TenorClef] §rT2 [HIST] 4:53.9 CHILD CollectFlintTask -> CraftInInventoryTask ph=PORTAL @43,54,-21 sky=15 wet=false ground=true pick=1 buck=1 iron=2 ore=3 rods=0 pearls=0 eyes=0
[00:12:50] [main/INFO] (Minecraft) Loaded 111 advancements
[00:12:50] [main/INFO] (Minecraft) [CHAT] §2§l§o[TenorClef] §rT2 [NOW] t=4:54.8 ph=PORTAL @43,55,-22 do=<Construct Nether Portal> Getting water eq=oak_log woodpick=1 stonepick=1 pick=1 iron=1 buck=0
[00:12:51] [main/INFO] (Minecraft) [CHAT] §2§l§o[TenorClef] §rT2 [NOW] t=4:55.8 ph=PORTAL @43,55,-22 do=<Construct Nether Portal> Getting water eq=oak_log woodpick=1 stonepick=1 pick=1 iron=1 buck=0
[00:12:52] [main/INFO] (Minecraft) [CHAT] §2§l§o[TenorClef] §rT2 [NOW] t=4:56.9 ph=PORTAL @43,55,-22 do=<Construct Nether Portal> Getting water eq=oak_log woodpick=1 stonepick=1 pick=1 iron=1 buck=0
[00:12:53] [main/INFO] (Minecraft) [CHAT] §2§l§o[TenorClef] §rT2 [HIST] 4:57.5 SNAP ph=PORTAL @43,55,-22 sky=14 wet=false ground=true pick=1 buck=1 iron=1 ore=3 rods=0 pearls=0 eyes=0 child=ConstructNetherPortalBucketTask dbg=<Construct Nether Portal> Getting water mobs=none
[00:12:53] [main/INFO] (Minecraft) [CHAT] §2§l§o[TenorClef] §rT2 [NOW] t=4:57.8 ph=PORTAL @43,56,-23 do=<Construct Nether Portal> Getting water eq=iron_pickaxe woodpick=1 stonepick=1 pick=1 iron=1 buck=0
[00:12:54] [main/INFO] (Minecraft) [CHAT] §2§l§o[TenorClef] §rT2 [NOW] t=4:58.8 ph=PORTAL @43,56,-23 do=<Construct Nether Portal> Getting water eq=iron_pickaxe woodpick=1 stonepick=1 pick=1 iron=1 buck=0
[00:12:55] [main/INFO] (Minecraft) [CHAT] §2§l§o[TenorClef] §rT2 [NOW] t=4:59.9 ph=PORTAL @43,56,-24 do=<Construct Nether Portal> Getting water eq=iron_pickaxe woodpick=1 stonepick=1 pick=1 iron=1 buck=0
[00:12:56] [main/INFO] (Minecraft) [CHAT] §2§l§o[TenorClef] §rT2 [NOW] t=5:00.9 ph=PORTAL @42,56,-24 do=<Construct Nether Portal> Getting water eq=iron_pickaxe woodpick=1 stonepick=1 pick=1 iron=1 buck=0
[00:12:57] [main/INFO] (Minecraft) [CHAT] §2§l§o[TenorClef] §rT2 [NOW] t=5:01.9 ph=PORTAL @42,56,-24 do=<Construct Nether Portal> Getting water eq=iron_pickaxe woodpick=1 stonepick=1 pick=1 iron=1 buck=0
[00:12:58] [main/INFO] (Minecraft) [CHAT] §2§l§o[TenorClef] §rT2 [HIST] 5:02.5 SNAP ph=PORTAL @41,56,-24 sky=10 wet=false ground=true pick=1 buck=1 iron=1 ore=3 rods=0 pearls=0 eyes=0 child=ConstructNetherPortalBucketTask dbg=<Construct Nether Portal> Getting water mobs=none
[00:12:58] [main/INFO] (Minecraft) [CHAT] §2§l§o[TenorClef] §rT2 [NOW] t=5:02.8 ph=PORTAL @41,56,-24 do=<Construct Nether Portal> Getting water eq=iron_pickaxe woodpick=1 stonepick=1 pick=1 iron=1 buck=0
[00:12:59] [main/INFO] (Minecraft) [CHAT] §2§l§o[TenorClef] §rRefreshed inventory...
[00:12:59] [main/INFO] (Minecraft) [CHAT] §2§l§o[TenorClef] §rT2 [NOW] t=5:03.9 ph=PORTAL @40,56,-24 do=<Construct Nether Portal> Getting water eq=iron_pickaxe woodpick=1 stonepick=1 pick=1 iron=1 buck=0
[00:13:00] [main/INFO] (Minecraft) [CHAT] §2§l§o[TenorClef] §rT2 [NOW] t=5:04.8 ph=PORTAL @40,56,-24 do=<Construct Nether Portal> Getting water eq=iron_pickaxe woodpick=1 stonepick=1 pick=1 iron=1 buck=0
[00:13:01] [main/INFO] (Minecraft) [CHAT] §2§l§o[TenorClef] §rT2 [NOW] t=5:05.8 ph=PORTAL @40,56,-25 do=<Construct Nether Portal> Getting water eq=iron_pickaxe woodpick=1 stonepick=1 pick=1 iron=1 buck=0
[00:13:02] [main/INFO] (Minecraft) [CHAT] §2§l§o[TenorClef] §rT2 [NOW] t=5:06.8 ph=PORTAL @39,56,-25 do=<Construct Nether Portal> Getting water eq=iron_pickaxe woodpick=1 stonepick=1 pick=1 iron=1 buck=0
[00:13:03] [main/INFO] (Minecraft) [CHAT] §2§l§o[TenorClef] §rT2 [HIST] 5:07.5 SNAP ph=PORTAL @39,56,-25 sky=7 wet=false ground=true pick=1 buck=1 iron=1 ore=3 rods=0 pearls=0 eyes=0 child=ConstructNetherPortalBucketTask dbg=<Construct Nether Portal> Getting water mobs=none
[00:13:03] [main/INFO] (Minecraft) [CHAT] §2§l§o[TenorClef] §rT2 [NOW] t=5:07.8 ph=PORTAL @39,56,-25 do=<Construct Nether Portal> Getting water eq=iron_pickaxe woodpick=1 stonepick=1 pick=1 iron=1 buck=0
[00:13:04] [main/INFO] (Minecraft) [CHAT] §2§l§o[TenorClef] §r(Searching for lava lake with portalable spot nearby...)
[00:13:04] [main/INFO] (Minecraft) [CHAT] §2§l§o[TenorClef] §rFound with depth 16433
[00:13:04] [main/INFO] (Minecraft) [CHAT] §2§l§o[TenorClef] §rFound with depth 1
[00:13:04] [main/INFO] (Minecraft) [CHAT] §2§l§o[TenorClef] §rFound with depth 1
[00:13:04] [main/INFO] (Minecraft) [CHAT] §2§l§o[TenorClef] §rFound with depth 1
[00:13:04] [main/INFO] (Minecraft) [CHAT] §2§l§o[TenorClef] §rT2 [S165L] only a deep lava lake at y=10 - expect a long dark shaft
[00:13:04] [main/INFO] (Minecraft) [STDOUT]: ALTO CLEF: WARNING: Failed to find portalable region nearby. Consider increasing the search timeout range
[00:13:04] [main/INFO] (Minecraft) [CHAT] §2§l§o[TenorClef] §cFailed to find portalable region nearby. Consider increasing the search timeout range§r
[00:13:04] [main/INFO] (Minecraft) Loaded 112 advancements
[00:13:04] [pool-5-thread-4/INFO] (Minecraft) [STDOUT]: 635008 movements considered
[00:13:04] [pool-5-thread-4/INFO] (Minecraft) [STDOUT]: Open set size: 16242
[00:13:04] [pool-5-thread-4/INFO] (Minecraft) [STDOUT]: PathNode map size: 45104
[00:13:04] [pool-5-thread-4/INFO] (Minecraft) [STDOUT]: 57728 nodes per second
[00:13:04] [pool-5-thread-4/INFO] (Minecraft) [STDOUT]: Path goes for 65.92419889539804 blocks
[00:13:04] [main/INFO] (Minecraft) [CHAT] §2§l§o[TenorClef] §rT2 [NOW] t=5:08.9 ph=PORTAL @39,56,-25 do=<Construct Nether Portal> (timeout: Looking for lava lake) eq=iron_pickaxe woodpick=1 stonepick=1 pick=1 iron=1 buck=1
[00:13:05] [main/INFO] (Minecraft) [CHAT] §2§l§o[TenorClef] §rT2 [NOW] t=5:09.8 ph=PORTAL @38,56,-26 do=<Construct Nether Portal> (timeout: Looking for lava lake) eq=iron_pickaxe woodpick=1 stonepick=1 pick=1 iron=1 buck=1
[00:13:06] [main/INFO] (Minecraft) [CHAT] §2§l§o[TenorClef] §rT2 [NOW] t=5:10.9 ph=PORTAL @38,56,-26 do=<Construct Nether Portal> (timeout: Looking for lava lake) eq=iron_pickaxe woodpick=1 stonepick=1 pick=1 iron=1 buck=1
[00:13:07] [main/INFO] (Minecraft) [CHAT] §2§l§o[TenorClef] §rT2 [NOW] t=5:11.8 ph=PORTAL @38,56,-26 do=<Construct Nether Portal> (timeout: Looking for lava lake) eq=iron_pickaxe woodpick=1 stonepick=1 pick=1 iron=1 buck=1
[00:13:08] [main/INFO] (Minecraft) [CHAT] §2§l§o[TenorClef] §rT2 [HIST] 5:12.5 SNAP ph=PORTAL @37,55,-27 sky=2 wet=false ground=true pick=1 buck=1 iron=1 ore=3 rods=0 pearls=0 eyes=0 child=ConstructNetherPortalBucketTask dbg=<Construct Nether Portal> (timeout: Looking for lava lake) mobs=none
[00:13:08] [main/INFO] (Minecraft) [CHAT] §2§l§o[TenorClef] §rT2 [NOW] t=5:12.8 ph=PORTAL @37,55,-28 do=<Construct Nether Portal> (timeout: Looking for lava lake) eq=iron_pickaxe woodpick=1 stonepick=1 pick=1 iron=1 buck=1
[00:13:09] [main/INFO] (Minecraft) [CHAT] §2§l§o[TenorClef] §r(Searching for lava lake with portalable spot nearby...)
[00:13:09] [main/INFO] (Minecraft) [CHAT] §2§l§o[TenorClef] §rFound with depth 16433
[00:13:09] [main/INFO] (Minecraft) [CHAT] §2§l§o[TenorClef] §rFound with depth 1
[00:13:09] [main/INFO] (Minecraft) [CHAT] §2§l§o[TenorClef] §rFound with depth 1
[00:13:09] [main/INFO] (Minecraft) [CHAT] §2§l§o[TenorClef] §rFound with depth 1
[00:13:09] [main/INFO] (Minecraft) [CHAT] §2§l§o[TenorClef] §rT2 [S165L] only a deep lava lake at y=10 - expect a long dark shaft
[00:13:09] [main/INFO] (Minecraft) [STDOUT]: ALTO CLEF: WARNING: Failed to find portalable region nearby. Consider increasing the search timeout range
[00:13:09] [main/INFO] (Minecraft) [CHAT] §2§l§o[TenorClef] §cFailed to find portalable region nearby. Consider increasing the search timeout range§r
[00:13:09] [main/INFO] (Minecraft) [CHAT] §2§l§o[TenorClef] §rT2 [NOW] t=5:13.8 ph=PORTAL @36,56,-31 do=<Construct Nether Portal> (timeout: Looking for lava lake) eq=iron_pickaxe woodpick=1 stonepick=1 pick=1 iron=1 buck=1
[00:13:10] [main/INFO] (Minecraft) [CHAT] §2§l§o[TenorClef] §rT2 [NOW] t=5:14.8 ph=PORTAL @34,58,-33 do=<Construct Nether Portal> (timeout: Looking for lava lake) eq=iron_pickaxe woodpick=1 stonepick=1 pick=1 iron=1 buck=1
[00:13:11] [pool-5-thread-4/INFO] (Minecraft) [STDOUT]: 623744 movements considered
[00:13:11] [pool-5-thread-4/INFO] (Minecraft) [STDOUT]: Open set size: 17345
[00:13:11] [pool-5-thread-4/INFO] (Minecraft) [STDOUT]: PathNode map size: 45695
[00:13:11] [pool-5-thread-4/INFO] (Minecraft) [STDOUT]: 56590 nodes per second
[00:13:11] [pool-5-thread-4/INFO] (Minecraft) [STDOUT]: Path goes for 63.89053137985315 blocks
[00:13:11] [main/INFO] (Minecraft) [CHAT] §2§l§o[TenorClef] §rT2 [NOW] t=5:15.9 ph=PORTAL @34,58,-35 do=<Construct Nether Portal> (timeout: Looking for lava lake) eq=dirt woodpick=1 stonepick=1 pick=1 iron=1 buck=1
[00:13:11] [pool-5-thread-4/INFO] (Minecraft) [STDOUT]: 575872 movements considered
[00:13:11] [pool-5-thread-4/INFO] (Minecraft) [STDOUT]: Open set size: 15701
[00:13:11] [pool-5-thread-4/INFO] (Minecraft) [STDOUT]: PathNode map size: 41874
[00:13:11] [pool-5-thread-4/INFO] (Minecraft) [STDOUT]: 52247 nodes per second
[00:13:11] [pool-5-thread-4/INFO] (Minecraft) [STDOUT]: Path goes for 63.56886030125127 blocks
[00:13:12] [main/INFO] (Minecraft) [CHAT] §2§l§o[TenorClef] §rDuct tape: Refreshing inventory again just in case
[00:13:12] [main/INFO] (Minecraft) [CHAT] §2§l§o[TenorClef] §rT2 [NOW] t=5:16.8 ph=PORTAL @34,59,-35 do=<Construct Nether Portal> (timeout: Looking for lava lake) eq=iron_pickaxe woodpick=1 stonepick=1 pick=1 iron=1 buck=1
[00:13:13] [main/INFO] (Minecraft) [CHAT] §2§l§o[TenorClef] §rT2 [HIST] 5:17.5 SNAP ph=PORTAL @34,59,-35 sky=0 wet=false ground=true pick=1 buck=1 iron=1 ore=3 rods=0 pearls=0 eyes=0 child=ConstructNetherPortalBucketTask dbg=<Construct Nether Portal> (timeout: Looking for lava lake) mobs=none
[00:13:13] [main/INFO] (Minecraft) [CHAT] §2§l§o[TenorClef] §rT2 [NOW] t=5:17.8 ph=PORTAL @35,59,-35 do=<Construct Nether Portal> (timeout: Looking for lava lake) eq=iron_pickaxe woodpick=1 stonepick=1 pick=1 iron=1 buck=1
[00:13:14] [main/INFO] (Minecraft) [CHAT] §2§l§o[TenorClef] §r(Searching for lava lake with portalable spot nearby...)
[00:13:14] [main/INFO] (Minecraft) [CHAT] §2§l§o[TenorClef] §rFound with depth 16433
[00:13:14] [main/INFO] (Minecraft) [CHAT] §2§l§o[TenorClef] §rFound with depth 1
[00:13:14] [main/INFO] (Minecraft) [CHAT] §2§l§o[TenorClef] §rT2 [S165L] only a deep lava lake at y=10 - expect a long dark shaft
[00:13:14] [main/INFO] (Minecraft) [STDOUT]: ALTO CLEF: WARNING: Failed to find portalable region nearby. Consider increasing the search timeout range
[00:13:14] [main/INFO] (Minecraft) [CHAT] §2§l§o[TenorClef] §cFailed to find portalable region nearby. Consider increasing the search timeout range§r
[00:13:14] [main/INFO] (Minecraft) [CHAT] §2§l§o[TenorClef] §rT2 [NOW] t=5:18.8 ph=PORTAL @35,59,-35 do=<Construct Nether Portal> (timeout: Looking for lava lake) eq=oak_log woodpick=1 stonepick=1 pick=1 iron=1 buck=1
[00:13:15] [main/INFO] (Minecraft) [CHAT] §2§l§o[TenorClef] §rT2 [NOW] t=5:19.8 ph=PORTAL @35,60,-35 do=<Construct Nether Portal> (timeout: Looking for lava lake) eq=oak_log woodpick=1 stonepick=1 pick=1 iron=1 buck=1
[00:13:16] [main/INFO] (Minecraft) [CHAT] §2§l§o[TenorClef] §rT2 [NOW] t=5:20.8 ph=PORTAL @35,60,-35 do=<Construct Nether Portal> (timeout: Looking for lava lake) eq=oak_log woodpick=1 stonepick=1 pick=1 iron=1 buck=1
[00:13:17] [main/INFO] (Minecraft) [CHAT] §2§l§o[TenorClef] §rT2 [NOW] t=5:21.8 ph=PORTAL @35,60,-35 do=<Construct Nether Portal> (timeout: Looking for lava lake) eq=oak_log woodpick=1 stonepick=1 pick=1 iron=1 buck=1
[00:13:18] [main/INFO] (Minecraft) [CHAT] §2§l§o[TenorClef] §rT2 [HIST] 5:22.5 SNAP ph=PORTAL @35,60,-35 sky=12 wet=false ground=true pick=1 buck=1 iron=1 ore=3 rods=0 pearls=0 eyes=0 child=ConstructNetherPortalBucketTask dbg=<Construct Nether Portal> (timeout: Looking for lava lake) mobs=none
[00:13:18] [main/INFO] (Minecraft) [CHAT] §2§l§o[TenorClef] §rT2 [NOW] t=5:22.9 ph=PORTAL @35,61,-35 do=<Construct Nether Portal> (timeout: Looking for lava lake) eq=oak_log woodpick=1 stonepick=1 pick=1 iron=1 buck=1
[00:13:19] [main/INFO] (Minecraft) [CHAT] §2§l§o[TenorClef] §r(Searching for lava lake with portalable spot nearby...)
[00:13:19] [main/INFO] (Minecraft) [CHAT] §2§l§o[TenorClef] §rFound with depth 16433
[00:13:19] [main/INFO] (Minecraft) [CHAT] §2§l§o[TenorClef] §rFound with depth 1
[00:13:19] [main/INFO] (Minecraft) [CHAT] §2§l§o[TenorClef] §rT2 [S165L] only a deep lava lake at y=10 - expect a long dark shaft
[00:13:19] [main/INFO] (Minecraft) [STDOUT]: ALTO CLEF: WARNING: Failed to find portalable region nearby. Consider increasing the search timeout range
[00:13:19] [main/INFO] (Minecraft) [CHAT] §2§l§o[TenorClef] §cFailed to find portalable region nearby. Consider increasing the search timeout range§r
[00:13:19] [main/INFO] (Minecraft) [CHAT] §2§l§o[TenorClef] §rT2 [NOW] t=5:23.8 ph=PORTAL @35,61,-36 do=<Construct Nether Portal> (timeout: Looking for lava lake) eq=oak_log woodpick=1 stonepick=1 pick=1 iron=1 buck=1
[00:13:20] [main/INFO] (Minecraft) Loaded 114 advancements
[00:13:20] [main/INFO] (Minecraft) [CHAT] §2§l§o[TenorClef] §rT2 [NOW] t=5:24.8 ph=PORTAL @33,63,-36 do=<Construct Nether Portal> (timeout: Looking for lava lake) eq=oak_log woodpick=1 stonepick=1 pick=1 iron=1 buck=1
[00:13:21] [main/INFO] (Minecraft) [CHAT] §2§l§o[TenorClef] §rT2 [NOW] t=5:25.8 ph=PORTAL @29,63,-36 do=<Construct Nether Portal> (timeout: Looking for lava lake) eq=oak_log woodpick=1 stonepick=1 pick=1 iron=1 buck=1
[00:13:22] [pool-5-thread-4/INFO] (Minecraft) [STDOUT]: 580096 movements considered
[00:13:22] [pool-5-thread-4/INFO] (Minecraft) [STDOUT]: Open set size: 14938
[00:13:22] [pool-5-thread-4/INFO] (Minecraft) [STDOUT]: PathNode map size: 41303
[00:13:22] [pool-5-thread-4/INFO] (Minecraft) [STDOUT]: 52736 nodes per second
[00:13:22] [pool-5-thread-4/INFO] (Minecraft) [STDOUT]: Path goes for 19.44222209522358 blocks
[00:13:22] [pool-5-thread-4/INFO] (Minecraft) [STDOUT]: 850432 movements considered
[00:13:22] [pool-5-thread-4/INFO] (Minecraft) [STDOUT]: Open set size: 25735
[00:13:22] [pool-5-thread-4/INFO] (Minecraft) [STDOUT]: PathNode map size: 64385
[00:13:22] [pool-5-thread-4/INFO] (Minecraft) [STDOUT]: 77312 nodes per second
[00:13:22] [pool-5-thread-4/INFO] (Minecraft) [STDOUT]: Path goes for 19.44222209522358 blocks
[00:13:22] [main/INFO] (Minecraft) [CHAT] §2§l§o[TenorClef] §rT2 [NOW] t=5:26.8 ph=PORTAL @28,63,-36 do=<Construct Nether Portal> (timeout: Looking for lava lake) eq=oak_log woodpick=1 stonepick=1 pick=1 iron=1 buck=1
[00:13:23] [main/INFO] (Minecraft) [CHAT] §2§l§o[TenorClef] §rDuct tape: Refreshing inventory again just in case
[00:13:23] [main/INFO] (Minecraft) [CHAT] §2§l§o[TenorClef] §rT2 [HIST] 5:27.5 SNAP ph=PORTAL @25,63,-36 sky=15 wet=false ground=true pick=1 buck=1 iron=1 ore=3 rods=0 pearls=0 eyes=0 child=ConstructNetherPortalBucketTask dbg=<Construct Nether Portal> (timeout: Looking for lava lake) mobs=none
[00:13:23] [main/INFO] (Minecraft) [CHAT] §2§l§o[TenorClef] §rT2 [NOW] t=5:27.8 ph=PORTAL @23,63,-36 do=<Construct Nether Portal> (timeout: Looking for lava lake) eq=oak_log woodpick=1 stonepick=1 pick=1 iron=1 buck=1
[00:13:24] [main/INFO] (Minecraft) [CHAT] §2§l§o[TenorClef] §r(Searching for lava lake with portalable spot nearby...)
[00:13:24] [main/INFO] (Minecraft) [CHAT] §2§l§o[TenorClef] §rFound with depth 16433
[00:13:24] [main/INFO] (Minecraft) [CHAT] §2§l§o[TenorClef] §rFound with depth 1
[00:13:24] [main/INFO] (Minecraft) [CHAT] §2§l§o[TenorClef] §rT2 [S165L] only a deep lava lake at y=10 - expect a long dark shaft
[00:13:24] [main/INFO] (Minecraft) [STDOUT]: ALTO CLEF: WARNING: Failed to find portalable region nearby. Consider increasing the search timeout range
[00:13:24] [main/INFO] (Minecraft) [CHAT] §2§l§o[TenorClef] §cFailed to find portalable region nearby. Consider increasing the search timeout range§r
[00:13:24] [main/INFO] (Minecraft) [CHAT] §2§l§o[TenorClef] §rT2 [NOW] t=5:28.8 ph=PORTAL @18,63,-38 do=<Construct Nether Portal> (timeout: Looking for lava lake) eq=oak_log woodpick=1 stonepick=1 pick=1 iron=1 buck=1
[00:13:25] [main/INFO] (Minecraft) [CHAT] §2§l§o[TenorClef] §rT2 [NOW] t=5:29.9 ph=PORTAL @13,63,-39 do=<Construct Nether Portal> (timeout: Looking for lava lake) eq=oak_log woodpick=1 stonepick=1 pick=1 iron=1 buck=1
[00:13:26] [pool-5-thread-4/INFO] (Minecraft) [STDOUT]: 742016 movements considered
[00:13:26] [pool-5-thread-4/INFO] (Minecraft) [STDOUT]: Open set size: 22388
[00:13:26] [pool-5-thread-4/INFO] (Minecraft) [STDOUT]: PathNode map size: 56113
[00:13:26] [pool-5-thread-4/INFO] (Minecraft) [STDOUT]: 67321 nodes per second
[00:13:26] [pool-5-thread-4/INFO] (Minecraft) [STDOUT]: Path goes for 99.9699954986495 blocks
[00:13:26] [main/INFO] (Minecraft) [CHAT] §2§l§o[TenorClef] §rT2 [NOW] t=5:30.8 ph=PORTAL @12,64,-41 do=<Construct Nether Portal> (timeout: Looking for lava lake) eq=oak_log woodpick=1 stonepick=1 pick=1 iron=1 buck=1
[00:13:27] [main/INFO] (Minecraft) [CHAT] §2§l§o[TenorClef] §rT2 [NOW] t=5:31.9 ph=PORTAL @10,66,-41 do=<Construct Nether Portal> (timeout: Looking for lava lake) eq=dirt woodpick=1 stonepick=1 pick=1 iron=1 buck=1
[00:13:28] [main/INFO] (Minecraft) [CHAT] §2§l§o[TenorClef] §rT2 [HIST] 5:32.5 SNAP ph=PORTAL @10,67,-42 sky=15 wet=false ground=false pick=1 buck=1 iron=1 ore=3 rods=0 pearls=0 eyes=0 child=ConstructNetherPortalBucketTask dbg=<Construct Nether Portal> (timeout: Looking for lava lake) mobs=none
[00:13:28] [main/INFO] (Minecraft) [CHAT] §2§l§o[TenorClef] §rT2 [NOW] t=5:32.8 ph=PORTAL @10,68,-43 do=<Construct Nether Portal> (timeout: Looking for lava lake) eq=dirt woodpick=1 stonepick=1 pick=1 iron=1 buck=1
[00:13:29] [main/INFO] (Minecraft) [CHAT] §2§l§o[TenorClef] §r(Searching for lava lake with portalable spot nearby...)
[00:13:29] [main/INFO] (Minecraft) [CHAT] §2§l§o[TenorClef] §rFound with depth 1
[00:13:29] [main/INFO] (Minecraft) [CHAT] §2§l§o[TenorClef] §rFound with depth 16433
[00:13:29] [main/INFO] (Minecraft) [CHAT] §2§l§o[TenorClef] §rFound with depth 1
[00:13:29] [main/INFO] (Minecraft) [CHAT] §2§l§o[TenorClef] §rT2 [S165L] only a deep lava lake at y=9 - expect a long dark shaft
[00:13:29] [main/INFO] (Minecraft) [STDOUT]: ALTO CLEF: WARNING: Failed to find portalable region nearby. Consider increasing the search timeout range
[00:13:29] [main/INFO] (Minecraft) [CHAT] §2§l§o[TenorClef] §cFailed to find portalable region nearby. Consider increasing the search timeout range§r
[00:13:29] [main/INFO] (Minecraft) [CHAT] §2§l§o[TenorClef] §rRefreshed inventory...
[00:13:29] [main/INFO] (Minecraft) [CHAT] §2§l§o[TenorClef] §rT2 [NOW] t=5:33.8 ph=PORTAL @10,70,-45 do=<Construct Nether Portal> (timeout: Looking for lava lake) eq=dirt woodpick=1 stonepick=1 pick=1 iron=1 buck=1
[00:13:30] [main/INFO] (Minecraft) [CHAT] §2§l§o[TenorClef] §rT2 [NOW] t=5:34.8 ph=PORTAL @10,72,-47 do=<Construct Nether Portal> (timeout: Looking for lava lake) eq=dirt woodpick=1 stonepick=1 pick=1 iron=1 buck=1
[00:13:31] [main/INFO] (Minecraft) [CHAT] §2§l§o[TenorClef] §rT2 [NOW] t=5:35.9 ph=PORTAL @11,74,-48 do=<Construct Nether Portal> (timeout: Looking for lava lake) eq=dirt woodpick=1 stonepick=1 pick=1 iron=1 buck=1
[00:13:32] [pool-5-thread-4/INFO] (Minecraft) [STDOUT]: 478720 movements considered
[00:13:32] [pool-5-thread-4/INFO] (Minecraft) [STDOUT]: Open set size: 19539
[00:13:32] [pool-5-thread-4/INFO] (Minecraft) [STDOUT]: PathNode map size: 41248
[00:13:32] [pool-5-thread-4/INFO] (Minecraft) [STDOUT]: 43346 nodes per second
[00:13:32] [pool-5-thread-4/INFO] (Minecraft) [STDOUT]: Path goes for 119.22248110151038 blocks
[00:13:32] [main/INFO] (Minecraft) [CHAT] §2§l§o[TenorClef] §rT2 [NOW] t=5:36.8 ph=PORTAL @11,74,-50 do=<Construct Nether Portal> (timeout: Looking for lava lake) eq=dirt woodpick=1 stonepick=1 pick=1 iron=1 buck=1
[00:13:33] [pool-5-thread-4/INFO] (Minecraft) [STDOUT]: 812416 movements considered
[00:13:33] [pool-5-thread-4/INFO] (Minecraft) [STDOUT]: Open set size: 25213
[00:13:33] [pool-5-thread-4/INFO] (Minecraft) [STDOUT]: PathNode map size: 62093
[00:13:33] [pool-5-thread-4/INFO] (Minecraft) [STDOUT]: 73856 nodes per second
[00:13:33] [pool-5-thread-4/INFO] (Minecraft) [STDOUT]: Path goes for 118.22436297142819 blocks
[00:13:33] [main/INFO] (Minecraft) [CHAT] §2§l§o[TenorClef] §rT2 [HIST] 5:37.5 SNAP ph=PORTAL @10,74,-51 sky=15 wet=false ground=true pick=1 buck=1 iron=1 ore=3 rods=0 pearls=0 eyes=0 child=ConstructNetherPortalBucketTask dbg=<Construct Nether Portal> (timeout: Looking for lava lake) mobs=none
[00:13:33] [main/INFO] (Minecraft) [CHAT] §2§l§o[TenorClef] §rT2 [NOW] t=5:37.8 ph=PORTAL @9,75,-52 do=<Construct Nether Portal> (timeout: Looking for lava lake) eq=dirt woodpick=1 stonepick=1 pick=1 iron=1 buck=1
[00:13:34] [main/INFO] (Minecraft) [CHAT] §2§l§o[TenorClef] §rDuct tape: Refreshing inventory again just in case
[00:13:34] [main/INFO] (Minecraft) [CHAT] §2§l§o[TenorClef] §r(Searching for lava lake with portalable spot nearby...)
[00:13:34] [main/INFO] (Minecraft) [CHAT] §2§l§o[TenorClef] §rFound with depth 16433
[00:13:34] [main/INFO] (Minecraft) [CHAT] §2§l§o[TenorClef] §rFound with depth 1
[00:13:34] [main/INFO] (Minecraft) [CHAT] §2§l§o[TenorClef] §rT2 [S165L] only a deep lava lake at y=9 - expect a long dark shaft
[00:13:34] [main/INFO] (Minecraft) [STDOUT]: ALTO CLEF: WARNING: Failed to find portalable region nearby. Consider increasing the search timeout range
[00:13:34] [main/INFO] (Minecraft) [CHAT] §2§l§o[TenorClef] §cFailed to find portalable region nearby. Consider increasing the search timeout range§r
[00:13:34] [main/INFO] (Minecraft) [CHAT] §2§l§o[TenorClef] §rT2 [NOW] t=5:38.8 ph=PORTAL @8,76,-56 do=<Construct Nether Portal> (timeout: Looking for lava lake) eq=dirt woodpick=1 stonepick=1 pick=1 iron=1 buck=1
[00:13:35] [main/INFO] (Minecraft) [CHAT] §2§l§o[TenorClef] §rT2 [NOW] t=5:39.8 ph=PORTAL @8,78,-62 do=<Construct Nether Portal> (timeout: Looking for lava lake) eq=dirt woodpick=1 stonepick=1 pick=1 iron=1 buck=1
[00:13:36] [main/INFO] (Minecraft) [CHAT] §2§l§o[TenorClef] §rT2 [NOW] t=5:40.9 ph=PORTAL @7,78,-66 do=<Construct Nether Portal> (timeout: Looking for lava lake) eq=dirt woodpick=1 stonepick=1 pick=1 iron=1 buck=1
[00:13:37] [pool-5-thread-4/INFO] (Minecraft) [STDOUT]: 775808 movements considered
[00:13:37] [pool-5-thread-4/INFO] (Minecraft) [STDOUT]: Open set size: 27650
[00:13:37] [pool-5-thread-4/INFO] (Minecraft) [STDOUT]: PathNode map size: 62869
[00:13:37] [pool-5-thread-4/INFO] (Minecraft) [STDOUT]: 70247 nodes per second
[00:13:37] [pool-5-thread-4/INFO] (Minecraft) [STDOUT]: Path goes for 102.76672613253767 blocks
[00:13:37] [pool-5-thread-4/INFO] (Minecraft) [STDOUT]: 705408 movements considered
[00:13:37] [pool-5-thread-4/INFO] (Minecraft) [STDOUT]: Open set size: 23887
[00:13:37] [pool-5-thread-4/INFO] (Minecraft) [STDOUT]: PathNode map size: 55927
[00:13:37] [pool-5-thread-4/INFO] (Minecraft) [STDOUT]: 64000 nodes per second
[00:13:37] [pool-5-thread-4/INFO] (Minecraft) [STDOUT]: Path goes for 79.65550828411052 blocks
[00:13:37] [main/INFO] (Minecraft) [CHAT] §2§l§o[TenorClef] §rT2 [NOW] t=5:41.8 ph=PORTAL @6,78,-66 do=<Construct Nether Portal> (timeout: Looking for lava lake) eq=dirt woodpick=1 stonepick=1 pick=1 iron=1 buck=1
[00:13:38] [main/INFO] (Minecraft) [CHAT] §2§l§o[TenorClef] §rT2 [HIST] 5:42.5 SNAP ph=PORTAL @3,78,-64 sky=15 wet=false ground=true pick=1 buck=1 iron=1 ore=3 rods=0 pearls=0 eyes=0 child=ConstructNetherPortalBucketTask dbg=<Construct Nether Portal> (timeout: Looking for lava lake) mobs=none
[00:13:38] [main/INFO] (Minecraft) [CHAT] §2§l§o[TenorClef] §rT2 [NOW] t=5:42.8 ph=PORTAL @2,78,-63 do=<Construct Nether Portal> (timeout: Looking for lava lake) eq=dirt woodpick=1 stonepick=1 pick=1 iron=1 buck=1
[00:13:39] [main/INFO] (Minecraft) [CHAT] §2§l§o[TenorClef] §r(Searching for lava lake with portalable spot nearby...)
[00:13:39] [main/INFO] (Minecraft) [CHAT] §2§l§o[TenorClef] §rFound with depth 16433
[00:13:39] [main/INFO] (Minecraft) [CHAT] §2§l§o[TenorClef] §rFound with depth 1
[00:13:39] [main/INFO] (Minecraft) [CHAT] §2§l§o[TenorClef] §rT2 [S165L] only a deep lava lake at y=8 - expect a long dark shaft
[00:13:39] [main/INFO] (Minecraft) [STDOUT]: ALTO CLEF: WARNING: Failed to find portalable region nearby. Consider increasing the search timeout range
[00:13:39] [main/INFO] (Minecraft) [CHAT] §2§l§o[TenorClef] §cFailed to find portalable region nearby. Consider increasing the search timeout range§r
[00:13:39] [main/INFO] (Minecraft) [CHAT] §2§l§o[TenorClef] §rT2 [NOW] t=5:43.9 ph=PORTAL @-2,77,-63 do=<Construct Nether Portal> (timeout: Looking for lava lake) eq=dirt woodpick=1 stonepick=1 pick=1 iron=1 buck=1
[00:13:40] [pool-5-thread-4/INFO] (Minecraft) [STDOUT]: 656128 movements considered
[00:13:40] [pool-5-thread-4/INFO] (Minecraft) [STDOUT]: Open set size: 17469
[00:13:40] [pool-5-thread-4/INFO] (Minecraft) [STDOUT]: PathNode map size: 47291
[00:13:40] [pool-5-thread-4/INFO] (Minecraft) [STDOUT]: 59648 nodes per second
[00:13:40] [pool-5-thread-4/INFO] (Minecraft) [STDOUT]: Path goes for 71.65193647069142 blocks
[00:13:40] [pool-5-thread-4/INFO] (Minecraft) [STDOUT]: 761728 movements considered
[00:13:40] [pool-5-thread-4/INFO] (Minecraft) [STDOUT]: Open set size: 27192
[00:13:40] [pool-5-thread-4/INFO] (Minecraft) [STDOUT]: PathNode map size: 61791
[00:13:40] [pool-5-thread-4/INFO] (Minecraft) [STDOUT]: 69248 nodes per second
[00:13:40] [pool-5-thread-4/INFO] (Minecraft) [STDOUT]: Path goes for 107.00467279516349 blocks
[00:13:40] [main/INFO] (Minecraft) [CHAT] §2§l§o[TenorClef] §rT2 [NOW] t=5:44.8 ph=PORTAL @-3,77,-64 do=<Construct Nether Portal> (timeout: Looking for lava lake) eq=dirt woodpick=1 stonepick=1 pick=1 iron=1 buck=1
[00:13:41] [main/INFO] (Minecraft) [CHAT] §2§l§o[TenorClef] §rT2 [NOW] t=5:45.8 ph=PORTAL @-3,76,-69 do=<Construct Nether Portal> (timeout: Looking for lava lake) eq=dirt woodpick=1 stonepick=1 pick=1 iron=1 buck=1
[00:13:42] [main/INFO] (Minecraft) [CHAT] §2§l§o[TenorClef] §rT2 [NOW] t=5:46.8 ph=PORTAL @-3,75,-74 do=<Construct Nether Portal> (timeout: Looking for lava lake) eq=dirt woodpick=1 stonepick=1 pick=1 iron=1 buck=1
[00:13:43] [main/INFO] (Minecraft) [CHAT] §2§l§o[TenorClef] §rT2 [HIST] 5:47.5 SNAP ph=PORTAL @-3,74,-78 sky=15 wet=false ground=true pick=1 buck=1 iron=1 ore=3 rods=0 pearls=0 eyes=0 child=ConstructNetherPortalBucketTask dbg=<Construct Nether Portal> (timeout: Looking for lava lake) mobs=none
[00:13:43] [main/INFO] (Minecraft) [CHAT] §2§l§o[TenorClef] §rT2 [NOW] t=5:47.8 ph=PORTAL @-3,73,-79 do=<Construct Nether Portal> (timeout: Looking for lava lake) eq=dirt woodpick=1 stonepick=1 pick=1 iron=1 buck=1
[00:13:44] [main/INFO] (Minecraft) [CHAT] §2§l§o[TenorClef] §r(Searching for lava lake with portalable spot nearby...)
[00:13:44] [main/INFO] (Minecraft) [CHAT] §2§l§o[TenorClef] §rFound with depth 16433
[00:13:44] [main/INFO] (Minecraft) [CHAT] §2§l§o[TenorClef] §rT2 [S165L] only a deep lava lake at y=8 - expect a long dark shaft
[00:13:44] [main/INFO] (Minecraft) [CHAT] §2§l§o[TenorClef] §rConstruct: need iron for 2nd bucket (iron=1 empty=0 water=1 lava=0)
[00:13:44] [main/INFO] (Minecraft) [CHAT] §2§l§o[TenorClef] §rMineAndCollect: equip item.minecraft.iron_pickaxe for block.minecraft.coal_ore
[00:13:44] [main/INFO] (Minecraft) [CHAT] §2§l§o[TenorClef] §rT2 [NOW] t=5:48.8 ph=PORTAL @-4,72,-82 do=<Construct Nether Portal> Mining iron for 2nd bucket at lava eq=iron_pickaxe woodpick=1 stonepick=1 pick=1 iron=1 buck=1
[00:13:45] [main/INFO] (Minecraft) [CHAT] §2§l§o[TenorClef] §rDuct tape: Refreshing inventory again just in case
[00:13:45] [main/INFO] (Minecraft) [CHAT] §2§l§o[TenorClef] §rMineAndCollect: equip item.minecraft.iron_pickaxe for block.minecraft.coal_ore
[00:13:45] [main/INFO] (Minecraft) [CHAT] §2§l§o[TenorClef] §rT2 [NOW] t=5:49.8 ph=PORTAL @-5,73,-79 do=<Construct Nether Portal> Mining iron for 2nd bucket at lava eq=oak_log woodpick=1 stonepick=1 pick=1 iron=1 buck=1
[00:13:45] [main/INFO] (Minecraft) [CHAT] §2§l§o[TenorClef] §rMineAndCollect: equip item.minecraft.iron_pickaxe for block.minecraft.coal_ore
[00:13:46] [main/INFO] (Minecraft) [CHAT] §2§l§o[TenorClef] §rMineAndCollect: equip item.minecraft.iron_pickaxe for block.minecraft.coal_ore
[00:13:46] [main/INFO] (Minecraft) [CHAT] §2§l§o[TenorClef] §rMineAndCollect: equip item.minecraft.iron_pickaxe for block.minecraft.coal_ore
[00:13:46] [main/INFO] (Minecraft) [CHAT] §2§l§o[TenorClef] §rMineAndCollect: equip item.minecraft.iron_pickaxe for block.minecraft.coal_ore
[00:13:46] [main/INFO] (Minecraft) [CHAT] §2§l§o[TenorClef] §rMineAndCollect: equip item.minecraft.iron_pickaxe for block.minecraft.coal_ore
[00:13:46] [main/INFO] (Minecraft) [CHAT] §2§l§o[TenorClef] §rMineAndCollect: equip item.minecraft.iron_pickaxe for block.minecraft.coal_ore
[00:13:46] [main/INFO] (Minecraft) [CHAT] §2§l§o[TenorClef] §rMineAndCollect: equip item.minecraft.iron_pickaxe for block.minecraft.coal_ore
[00:13:46] [main/INFO] (Minecraft) [CHAT] §2§l§o[TenorClef] §rMineAndCollect: equip item.minecraft.iron_pickaxe for block.minecraft.coal_ore
[00:13:46] [main/INFO] (Minecraft) [CHAT] §2§l§o[TenorClef] §rMineAndCollect: equip item.minecraft.iron_pickaxe for block.minecraft.coal_ore
[00:13:46] [main/INFO] (Minecraft) [CHAT] §2§l§o[TenorClef] §rMineAndCollect: equip item.minecraft.iron_pickaxe for block.minecraft.coal_ore
[00:13:46] [main/INFO] (Minecraft) [CHAT] §2§l§o[TenorClef] §rMineAndCollect: equip item.minecraft.iron_pickaxe for block.minecraft.coal_ore
[00:13:46] [main/INFO] (Minecraft) [CHAT] §2§l§o[TenorClef] §rMineAndCollect: equip item.minecraft.iron_pickaxe for block.minecraft.coal_ore
[00:13:46] [main/INFO] (Minecraft) [CHAT] §2§l§o[TenorClef] §rMineAndCollect: equip item.minecraft.iron_pickaxe for block.minecraft.coal_ore
[00:13:46] [main/INFO] (Minecraft) [CHAT] §2§l§o[TenorClef] §rMineAndCollect: equip item.minecraft.iron_pickaxe for block.minecraft.coal_ore
[00:13:46] [main/INFO] (Minecraft) [CHAT] §2§l§o[TenorClef] §rMineAndCollect: equip item.minecraft.iron_pickaxe for block.minecraft.coal_ore
[00:13:46] [main/INFO] (Minecraft) [CHAT] §2§l§o[TenorClef] §rMineAndCollect: equip item.minecraft.iron_pickaxe for block.minecraft.coal_ore
[00:13:46] [main/INFO] (Minecraft) [CHAT] §2§l§o[TenorClef] §rT2 [NOW] t=5:50.8 ph=PORTAL @-5,73,-79 do=<Construct Nether Portal> Mining iron for 2nd bucket at lava eq=oak_log woodpick=1 stonepick=1 pick=1 iron=1 buck=1
[00:13:46] [main/INFO] (Minecraft) [CHAT] §2§l§o[TenorClef] §rMineAndCollect: equip item.minecraft.iron_pickaxe for block.minecraft.coal_ore
[00:13:47] [main/INFO] (Minecraft) [CHAT] §2§l§o[TenorClef] §rMineAndCollect: equip item.minecraft.iron_pickaxe for block.minecraft.coal_ore
[00:13:47] [main/INFO] (Minecraft) [CHAT] §2§l§o[TenorClef] §rMineAndCollect: equip item.minecraft.iron_pickaxe for block.minecraft.coal_ore
[00:13:47] [main/INFO] (Minecraft) [CHAT] §2§l§o[TenorClef] §rMineAndCollect: equip item.minecraft.iron_pickaxe for block.minecraft.coal_ore
[00:13:47] [main/INFO] (Minecraft) [CHAT] §2§l§o[TenorClef] §rMineAndCollect: equip item.minecraft.iron_pickaxe for block.minecraft.coal_ore
[00:13:47] [main/INFO] (Minecraft) [CHAT] §2§l§o[TenorClef] §rMineAndCollect: equip item.minecraft.iron_pickaxe for block.minecraft.coal_ore
[00:13:47] [main/INFO] (Minecraft) [CHAT] §2§l§o[TenorClef] §rMineAndCollect: equip item.minecraft.iron_pickaxe for block.minecraft.coal_ore
[00:13:47] [main/INFO] (Minecraft) [CHAT] §2§l§o[TenorClef] §rMineAndCollect: equip item.minecraft.iron_pickaxe for block.minecraft.coal_ore
[00:13:47] [main/INFO] (Minecraft) [CHAT] §2§l§o[TenorClef] §rMineAndCollect: equip item.minecraft.iron_pickaxe for block.minecraft.coal_ore
[00:13:47] [main/INFO] (Minecraft) [CHAT] §2§l§o[TenorClef] §rMineAndCollect: equip item.minecraft.iron_pickaxe for block.minecraft.coal_ore
[00:13:47] [main/INFO] (Minecraft) [CHAT] §2§l§o[TenorClef] §rMineAndCollect: equip item.minecraft.iron_pickaxe for block.minecraft.coal_ore
[00:13:47] [main/INFO] (Minecraft) [CHAT] §2§l§o[TenorClef] §rMineAndCollect: equip item.minecraft.iron_pickaxe for block.minecraft.coal_ore
[00:13:47] [main/INFO] (Minecraft) [CHAT] §2§l§o[TenorClef] §rMineAndCollect: equip item.minecraft.iron_pickaxe for block.minecraft.coal_ore
[00:13:47] [main/INFO] (Minecraft) [CHAT] §2§l§o[TenorClef] §rMineAndCollect: equip item.minecraft.iron_pickaxe for block.minecraft.coal_ore
[00:13:47] [main/INFO] (Minecraft) [CHAT] §2§l§o[TenorClef] §rMineAndCollect: equip item.minecraft.iron_pickaxe for block.minecraft.coal_ore
[00:13:47] [main/INFO] (Minecraft) [CHAT] §2§l§o[TenorClef] §rT2 [NOW] t=5:51.8 ph=PORTAL @-5,72,-79 do=<Construct Nether Portal> Mining iron for 2nd bucket at lava eq=oak_log woodpick=1 stonepick=1 pick=1 iron=1 buck=1
[00:13:47] [main/INFO] (Minecraft) [CHAT] §2§l§o[TenorClef] §rMineAndCollect: equip item.minecraft.iron_pickaxe for block.minecraft.coal_ore
[00:13:48] [main/INFO] (Minecraft) [CHAT] §2§l§o[TenorClef] §rMineAndCollect: equip item.minecraft.iron_pickaxe for block.minecraft.coal_ore
[00:13:48] [main/INFO] (Minecraft) [CHAT] §2§l§o[TenorClef] §rMineAndCollect: equip item.minecraft.iron_pickaxe for block.minecraft.coal_ore
[00:13:48] [main/INFO] (Minecraft) [CHAT] §2§l§o[TenorClef] §rMineAndCollect: equip item.minecraft.iron_pickaxe for block.minecraft.coal_ore
[00:13:48] [main/INFO] (Minecraft) [CHAT] §2§l§o[TenorClef] §rMineAndCollect: equip item.minecraft.iron_pickaxe for block.minecraft.coal_ore
[00:13:48] [main/INFO] (Minecraft) [CHAT] §2§l§o[TenorClef] §rMineAndCollect: equip item.minecraft.iron_pickaxe for block.minecraft.coal_ore
[00:13:48] [main/INFO] (Minecraft) [CHAT] §2§l§o[TenorClef] §rMineAndCollect: equip item.minecraft.iron_pickaxe for block.minecraft.coal_ore
[00:13:48] [main/INFO] (Minecraft) [CHAT] §2§l§o[TenorClef] §rMineAndCollect: equip item.minecraft.iron_pickaxe for block.minecraft.coal_ore
[00:13:48] [main/INFO] (Minecraft) [CHAT] §2§l§o[TenorClef] §rMineAndCollect: equip item.minecraft.iron_pickaxe for block.minecraft.coal_ore
[00:13:48] [main/INFO] (Minecraft) [CHAT] §2§l§o[TenorClef] §rMineAndCollect: equip item.minecraft.iron_pickaxe for block.minecraft.coal_ore
[00:13:48] [main/INFO] (Minecraft) [CHAT] §2§l§o[TenorClef] §rMineAndCollect: equip item.minecraft.iron_pickaxe for block.minecraft.coal_ore
[00:13:48] [main/INFO] (Minecraft) [CHAT] §2§l§o[TenorClef] §rT2 [HIST] 5:52.5 SNAP ph=PORTAL @-5,71,-79 sky=15 wet=false ground=true pick=1 buck=1 iron=1 ore=3 rods=0 pearls=0 eyes=0 child=ConstructNetherPortalBucketTask dbg=<Construct Nether Portal> Mining iron for 2nd bucket at lava mobs=none
[00:13:48] [main/INFO] (Minecraft) [CHAT] §2§l§o[TenorClef] §rMineAndCollect: equip item.minecraft.iron_pickaxe for block.minecraft.coal_ore
[00:13:48] [main/INFO] (Minecraft) [CHAT] §2§l§o[TenorClef] §rMineAndCollect: equip item.minecraft.iron_pickaxe for block.minecraft.coal_ore
[00:13:48] [main/INFO] (Minecraft) [CHAT] §2§l§o[TenorClef] §rMineAndCollect: equip item.minecraft.iron_pickaxe for block.minecraft.coal_ore
[00:13:48] [main/INFO] (Minecraft) [CHAT] §2§l§o[TenorClef] §rMineAndCollect: equip item.minecraft.iron_pickaxe for block.minecraft.coal_ore
[00:13:48] [main/INFO] (Minecraft) [CHAT] §2§l§o[TenorClef] §rMineAndCollect: equip item.minecraft.iron_pickaxe for block.minecraft.coal_ore
[00:13:48] [main/INFO] (Minecraft) [CHAT] §2§l§o[TenorClef] §rT2 [NOW] t=5:52.8 ph=PORTAL @-5,71,-79 do=<Construct Nether Portal> Mining iron for 2nd bucket at lava eq=oak_log woodpick=1 stonepick=1 pick=1 iron=1 buck=1
[00:13:48] [main/INFO] (Minecraft) [CHAT] §2§l§o[TenorClef] §rMineAndCollect: equip item.minecraft.iron_pickaxe for block.minecraft.coal_ore
[00:13:49] [main/INFO] (Minecraft) [CHAT] §2§l§o[TenorClef] §rMineAndCollect: equip item.minecraft.iron_pickaxe for block.minecraft.coal_ore
[00:13:49] [main/INFO] (Minecraft) [CHAT] §2§l§o[TenorClef] §rMineAndCollect: equip item.minecraft.iron_pickaxe for block.minecraft.coal_ore
[00:13:49] [main/INFO] (Minecraft) [STDOUT]: ALTO CLEF: WARNING: T2 [E116] drop 8 from 78 to 70 ph=PORTAL
[00:13:49] [main/INFO] (Minecraft) [CHAT] §2§l§o[TenorClef] §cT2 [E116] drop 8 from 78 to 70 ph=PORTAL§r
[00:13:49] [main/INFO] (Minecraft) [CHAT] §2§l§o[TenorClef] §rT2 [HIST] 5:53.0 [E116] drop 8 from 78 to 70 ph=PORTAL
[00:13:49] [main/INFO] (Minecraft) [CHAT] §2§l§o[TenorClef] §rMineAndCollect: equip item.minecraft.iron_pickaxe for block.minecraft.coal_ore
[00:13:49] [main/INFO] (Minecraft) [STDOUT]: ALTO CLEF: WARNING: T2 [S100] stop jump-walk @-5,-79 ph=PORTAL child=ConstructNetherPortalBucketTask esc=0
[00:13:49] [main/INFO] (Minecraft) [CHAT] §2§l§o[TenorClef] §cT2 [S100] stop jump-walk @-5,-79 ph=PORTAL child=ConstructNetherPortalBucketTask esc=0§r
[00:13:49] [main/INFO] (Minecraft) [CHAT] §2§l§o[TenorClef] §rT2 [HIST] 5:53.2 SOLVE S100 stop jump-walk @-5,-79 ph=PORTAL child=ConstructNetherPortalBucketTask esc=0
[00:13:49] [main/INFO] (Minecraft) [STDOUT]: ALTO CLEF: WARNING: T2 [E100] jumps=7 @-5,69,-79 ph=PORTAL child=ConstructNetherPortalBucketTask
[00:13:49] [main/INFO] (Minecraft) [CHAT] §2§l§o[TenorClef] §cT2 [E100] jumps=7 @-5,69,-79 ph=PORTAL child=ConstructNetherPortalBucketTask§r
[00:13:49] [main/INFO] (Minecraft) [CHAT] §2§l§o[TenorClef] §rT2 [HIST] 5:53.8 [E100] jumps=7 @-5,69,-79 ph=PORTAL child=ConstructNetherPortalBucketTask
[00:13:49] [main/INFO] (Minecraft) [CHAT] §2§l§o[TenorClef] §rT2 [NOW] t=5:53.8 ph=PORTAL @-5,69,-79 do=<Construct Nether Portal> Mining iron for 2nd bucket at lava eq=iron_pickaxe woodpick=1 stonepick=1 pick=1 iron=1 buck=1
[00:13:50] [main/INFO] (Minecraft) [STDOUT]: ALTO CLEF: WARNING: T2 [E30] stall ph=PORTAL after 120s
[00:13:50] [main/INFO] (Minecraft) [CHAT] §2§l§o[TenorClef] §cT2 [E30] stall ph=PORTAL after 120s§r
[00:13:50] [main/INFO] (Minecraft) [STDOUT]: ALTO CLEF: WARNING: T2 [E40] closer=ConstructNetherPortalBucketTask
[00:13:50] [main/INFO] (Minecraft) [CHAT] §2§l§o[TenorClef] §cT2 [E40] closer=ConstructNetherPortalBucketTask§r
[00:13:50] [main/INFO] (Minecraft) [CHAT] §2§l§o[TenorClef] §rT2 [NOW] t=5:54.8 ph=PORTAL @-5,69,-79 do=<Construct Nether Portal> Mining iron for 2nd bucket at lava eq=iron_pickaxe woodpick=1 stonepick=1 pick=1 iron=1 buck=1
[00:13:51] [main/INFO] (Minecraft) [CHAT] §2§l§o[TenorClef] §rT2 [NOW] t=5:55.8 ph=PORTAL @-5,68,-79 do=<Construct Nether Portal> Mining iron for 2nd bucket at lava eq=iron_pickaxe woodpick=1 stonepick=1 pick=1 iron=1 buck=1
[00:13:52] [main/INFO] (Minecraft) [CHAT] §2§l§o[TenorClef] §rT2 [HIST] 5:55.9 SNAP ph=PORTAL @-5,68,-79 sky=15 wet=false ground=true pick=1 buck=1 iron=1 ore=3 rods=0 pearls=0 eyes=0 child=ConstructNetherPortalBucketTask dbg=<Construct Nether Portal> Mining iron for 2nd bucket at lava mobs=none
[00:13:52] [main/INFO] (Minecraft) [CHAT] §2§l§o[TenorClef] §rT2 [NOW] t=5:56.8 ph=PORTAL @-5,68,-79 do=<Construct Nether Portal> Mining iron for 2nd bucket at lava eq=iron_pickaxe woodpick=1 stonepick=1 pick=1 iron=1 buck=1
[00:13:53] [main/INFO] (Minecraft) [CHAT] §2§l§o[TenorClef] §rT2 [NOW] t=5:57.8 ph=PORTAL @-5,68,-79 do=<Construct Nether Portal> Mining iron for 2nd bucket at lava eq=iron_pickaxe woodpick=1 stonepick=1 pick=1 iron=1 buck=1
[00:13:54] [main/INFO] (Minecraft) [CHAT] §2§l§o[TenorClef] §rT2 [HIST] 5:58.4 SNAP ph=PORTAL @-4,68,-79 sky=14 wet=false ground=true pick=1 buck=1 iron=1 ore=3 rods=0 pearls=0 eyes=0 child=ConstructNetherPortalBucketTask dbg=<Construct Nether Portal> Mining iron for 2nd bucket at lava mobs=none
[00:13:54] [main/INFO] (Minecraft) [CHAT] §2§l§o[TenorClef] §rT2 [NOW] t=5:58.8 ph=PORTAL @-4,68,-79 do=<Construct Nether Portal> Mining iron for 2nd bucket at lava eq=iron_pickaxe woodpick=1 stonepick=1 pick=1 iron=1 buck=1
[00:13:55] [main/INFO] (Minecraft) [CHAT] §2§l§o[TenorClef] §rT2 [NOW] t=5:59.8 ph=PORTAL @-4,68,-79 do=<Construct Nether Portal> Mining iron for 2nd bucket at lava eq=iron_pickaxe woodpick=1 stonepick=1 pick=1 iron=1 buck=1
[00:13:56] [main/INFO] (Minecraft) [CHAT] §2§l§o[TenorClef] §rDuct tape: Refreshing inventory again just in case
[00:13:56] [main/INFO] (Minecraft) [CHAT] §2§l§o[TenorClef] §rT2 [NOW] t=6:00.9 ph=PORTAL @-3,67,-79 do=<Construct Nether Portal> Mining iron for 2nd bucket at lava eq=iron_pickaxe woodpick=1 stonepick=1 pick=1 iron=1 buck=1
[00:13:57] [main/INFO] (Minecraft) [CHAT] §2§l§o[TenorClef] §rT2 [HIST] 6:00.9 SNAP ph=PORTAL @-3,67,-79 sky=12 wet=false ground=false pick=1 buck=1 iron=1 ore=3 rods=0 pearls=0 eyes=0 child=ConstructNetherPortalBucketTask dbg=<Construct Nether Portal> Mining iron for 2nd bucket at lava mobs=none
[00:13:57] [main/INFO] (Minecraft) [CHAT] §2§l§o[TenorClef] §rT2 [NOW] t=6:01.8 ph=PORTAL @-3,67,-79 do=<Construct Nether Portal> Mining iron for 2nd bucket at lava eq=air woodpick=1 stonepick=1 pick=1 iron=1 buck=1
[00:13:58] [main/INFO] (Minecraft) [CHAT] §2§l§o[TenorClef] §rT2 [NOW] t=6:02.8 ph=PORTAL @-4,68,-79 do=<Construct Nether Portal> Mining iron for 2nd bucket at lava eq=cobblestone woodpick=1 stonepick=1 pick=1 iron=1 buck=1
[00:13:59] [main/INFO] (Minecraft) [CHAT] §2§l§o[TenorClef] §rT2 [HIST] 6:03.4 SNAP ph=PORTAL @-4,68,-79 sky=13 wet=false ground=true pick=1 buck=1 iron=1 ore=3 rods=0 pearls=0 eyes=0 child=ConstructNetherPortalBucketTask dbg=<Construct Nether Portal> Mining iron for 2nd bucket at lava mobs=none
[00:13:59] [main/INFO] (Minecraft) [CHAT] §2§l§o[TenorClef] §rConstruct: need iron for 2nd bucket (iron=1 empty=0 water=1 lava=0)
[00:13:59] [main/INFO] (Minecraft) [CHAT] §2§l§o[TenorClef] §rT2 [NOW] t=6:03.8 ph=PORTAL @-4,68,-79 do=<Construct Nether Portal> Mining iron for 2nd bucket at lava eq=air woodpick=1 stonepick=1 pick=1 iron=1 buck=1
[00:14:00] [main/INFO] (Minecraft) [CHAT] §2§l§o[TenorClef] §rT2 [HB] t=6:04.1 ph=PORTAL y=68 child=ConstructNetherPortalBucketTask logs=1 pick=1 woodpick=1
[00:14:00] [main/INFO] (Minecraft) [CHAT] §2§l§o[TenorClef] §rT2 [NOW] t=6:04.8 ph=PORTAL @-4,68,-79 do=<Construct Nether Portal> Mining iron for 2nd bucket at lava eq=air woodpick=1 stonepick=1 pick=1 iron=1 buck=1
[00:14:01] [main/INFO] (Minecraft) [CHAT] §2§l§o[TenorClef] §rT2 [NOW] t=6:05.8 ph=PORTAL @-4,68,-79 do=<Construct Nether Portal> Mining iron for 2nd bucket at lava eq=air woodpick=1 stonepick=1 pick=1 iron=1 buck=1
[00:14:02] [main/INFO] (Minecraft) [CHAT] §2§l§o[TenorClef] §rT2 [HIST] 6:05.9 SNAP ph=PORTAL @-4,68,-79 sky=13 wet=false ground=true pick=1 buck=1 iron=1 ore=3 rods=0 pearls=0 eyes=0 child=ConstructNetherPortalBucketTask dbg=<Construct Nether Portal> Mining iron for 2nd bucket at lava mobs=none
[00:14:02] [main/INFO] (Minecraft) [STDOUT]: ALTO CLEF: WARNING: T2 [S120] craft-gui jump @-4,68,-79 child=ConstructNetherPortalBucketTask
[00:14:02] [main/INFO] (Minecraft) [CHAT] §2§l§o[TenorClef] §cT2 [S120] craft-gui jump @-4,68,-79 child=ConstructNetherPortalBucketTask§r
[00:14:02] [main/INFO] (Minecraft) [CHAT] §2§l§o[TenorClef] §rT2 [HIST] 6:06.5 SOLVE S120 craft-gui jump @-4,68,-79 child=ConstructNetherPortalBucketTask
[00:14:02] [main/INFO] (Minecraft) [CHAT] §2§l§o[TenorClef] §rT2 [NOW] t=6:06.9 ph=PORTAL @-4,68,-79 do=<Construct Nether Portal> Mining iron for 2nd bucket at lava eq=air woodpick=1 stonepick=1 pick=1 iron=1 buck=1
[00:14:03] [main/INFO] (Minecraft) [CHAT] §2§l§o[TenorClef] §rT2 [NOW] t=6:07.9 ph=PORTAL @-4,68,-79 do=<Construct Nether Portal> Mining iron for 2nd bucket at lava eq=air woodpick=1 stonepick=1 pick=1 iron=1 buck=1
[00:14:04] [main/INFO] (Minecraft) [CHAT] §2§l§o[TenorClef] §rT2 [HIST] 6:08.4 SNAP ph=PORTAL @-4,68,-79 sky=13 wet=false ground=true pick=1 buck=1 iron=1 ore=3 rods=0 pearls=0 eyes=0 child=ConstructNetherPortalBucketTask dbg=<Construct Nether Portal> Mining iron for 2nd bucket at lava mobs=none
[00:14:04] [main/INFO] (Minecraft) [CHAT] §2§l§o[TenorClef] §rT2 [NOW] t=6:08.8 ph=PORTAL @-4,68,-79 do=<Construct Nether Portal> Mining iron for 2nd bucket at lava eq=air woodpick=1 stonepick=1 pick=1 iron=1 buck=1
[00:14:05] [main/INFO] (Minecraft) [CHAT] §2§l§o[TenorClef] §rT2 [NOW] t=6:09.8 ph=PORTAL @-4,68,-79 do=<Construct Nether Portal> Mining iron for 2nd bucket at lava eq=air woodpick=1 stonepick=1 pick=1 iron=1 buck=1
[00:14:06] [main/INFO] (Minecraft) [CHAT] §2§l§o[TenorClef] §rT2 [NOW] t=6:10.8 ph=PORTAL @-4,68,-79 do=<Construct Nether Portal> Mining iron for 2nd bucket at lava eq=air woodpick=1 stonepick=1 pick=1 iron=1 buck=1
[00:14:07] [main/INFO] (Minecraft) [CHAT] §2§l§o[TenorClef] §rT2 [HIST] 6:10.9 SNAP ph=PORTAL @-4,68,-79 sky=13 wet=false ground=true pick=1 buck=1 iron=1 ore=3 rods=0 pearls=0 eyes=0 child=ConstructNetherPortalBucketTask dbg=<Construct Nether Portal> Mining iron for 2nd bucket at lava mobs=none
[00:14:07] [main/INFO] (Minecraft) [STDOUT]: ALTO CLEF: WARNING: T2 [E104] FurnaceScreen open 8s ph=PORTAL
[00:14:07] [main/INFO] (Minecraft) [CHAT] §2§l§o[TenorClef] §cT2 [E104] FurnaceScreen open 8s ph=PORTAL§r
[00:14:07] [main/INFO] (Minecraft) [CHAT] §2§l§o[TenorClef] §rT2 [HIST] 6:11.0 [E104] FurnaceScreen open 8s ph=PORTAL
[00:14:07] [main/INFO] (Minecraft) [CHAT] §2§l§o[TenorClef] §rT2 [NOW] t=6:11.8 ph=PORTAL @-4,68,-79 do=<Construct Nether Portal> Mining iron for 2nd bucket at lava eq=air woodpick=1 stonepick=1 pick=1 iron=1 buck=1
[00:14:08] [main/INFO] (Minecraft) [STDOUT]: ALTO CLEF: WARNING: T2 [S120] craft-gui jump @-4,68,-79 child=ConstructNetherPortalBucketTask
[00:14:08] [main/INFO] (Minecraft) [CHAT] §2§l§o[TenorClef] §cT2 [S120] craft-gui jump @-4,68,-79 child=ConstructNetherPortalBucketTask§r
[00:14:08] [main/INFO] (Minecraft) [CHAT] §2§l§o[TenorClef] §rT2 [HIST] 6:12.5 SOLVE S120 craft-gui jump @-4,68,-79 child=ConstructNetherPortalBucketTask
[00:14:08] [main/INFO] (Minecraft) [CHAT] §2§l§o[TenorClef] §rT2 [NOW] t=6:12.8 ph=PORTAL @-4,68,-79 do=<Construct Nether Portal> Mining iron for 2nd bucket at lava eq=air woodpick=1 stonepick=1 pick=1 iron=1 buck=1
[00:14:09] [main/INFO] (Minecraft) [CHAT] §2§l§o[TenorClef] §rT2 [HIST] 6:13.4 SNAP ph=PORTAL @-4,68,-79 sky=13 wet=false ground=true pick=1 buck=1 iron=1 ore=3 rods=0 pearls=0 eyes=0 child=ConstructNetherPortalBucketTask dbg=<Construct Nether Portal> Mining iron for 2nd bucket at lava mobs=none
[00:14:09] [main/INFO] (Minecraft) [CHAT] §2§l§o[TenorClef] §rT2 [NOW] t=6:13.8 ph=PORTAL @-4,68,-79 do=<Construct Nether Portal> Mining iron for 2nd bucket at lava eq=air woodpick=1 stonepick=1 pick=1 iron=1 buck=1
[00:14:10] [main/INFO] (Minecraft) [CHAT] §2§l§o[TenorClef] §rT2 [HB] t=6:14.1 ph=PORTAL y=68 child=ConstructNetherPortalBucketTask logs=1 pick=1 woodpick=1
[00:14:10] [main/INFO] (Minecraft) [STDOUT]: ALTO CLEF: WARNING: T2 [E62] portal jump-place @-4,68,-79
[00:14:10] [main/INFO] (Minecraft) [CHAT] §2§l§o[TenorClef] §cT2 [E62] portal jump-place @-4,68,-79§r
[00:14:10] [main/INFO] (Minecraft) [CHAT] §2§l§o[TenorClef] §rT2 [NOW] t=6:14.8 ph=PORTAL @-3,67,-79 do=<Construct Nether Portal> Mining iron for 2nd bucket at lava eq=air woodpick=1 stonepick=1 pick=1 iron=2 buck=1
[00:14:11] [main/INFO] (Minecraft) [CHAT] §2§l§o[TenorClef] §rT2 [HIST] 6:15.0 [E104] FurnaceScreen open 8s ph=PORTAL
[00:14:11] [main/INFO] (Minecraft) [CHAT] §2§l§o[TenorClef] §rT2 [NOW] t=6:15.9 ph=PORTAL @-3,67,-79 do=<Construct Nether Portal> Mining iron for 2nd bucket at lava eq=air woodpick=1 stonepick=1 pick=1 iron=2 buck=1
[00:14:12] [main/INFO] (Minecraft) [CHAT] §2§l§o[TenorClef] §rT2 [HIST] 6:15.9 SNAP ph=PORTAL @-3,67,-79 sky=11 wet=false ground=true pick=1 buck=1 iron=2 ore=2 rods=0 pearls=0 eyes=0 child=ConstructNetherPortalBucketTask dbg=<Construct Nether Portal> Mining iron for 2nd bucket at lava mobs=none
[00:14:12] [main/INFO] (Minecraft) [CHAT] §2§l§o[TenorClef] §rT2 [NOW] t=6:16.8 ph=PORTAL @-3,67,-79 do=<Construct Nether Portal> Mining iron for 2nd bucket at lava eq=air woodpick=1 stonepick=1 pick=1 iron=2 buck=1
[00:14:13] [main/INFO] (Minecraft) [CHAT] §2§l§o[TenorClef] §rT2 [NOW] t=6:17.8 ph=PORTAL @-3,67,-79 do=<Construct Nether Portal> Mining iron for 2nd bucket at lava eq=air woodpick=1 stonepick=1 pick=1 iron=2 buck=1
[00:14:14] [main/INFO] (Minecraft) [CHAT] §2§l§o[TenorClef] §rT2 [HIST] 6:18.4 SNAP ph=PORTAL @-3,67,-79 sky=11 wet=false ground=true pick=1 buck=1 iron=2 ore=2 rods=0 pearls=0 eyes=0 child=ConstructNetherPortalBucketTask dbg=<Construct Nether Portal> Mining iron for 2nd bucket at lava mobs=none
[00:14:14] [main/INFO] (Minecraft) [STDOUT]: ALTO CLEF: WARNING: T2 [S120] craft-gui jump @-3,67,-79 child=ConstructNetherPortalBucketTask
[00:14:14] [main/INFO] (Minecraft) [CHAT] §2§l§o[TenorClef] §cT2 [S120] craft-gui jump @-3,67,-79 child=ConstructNetherPortalBucketTask§r
[00:14:14] [main/INFO] (Minecraft) [CHAT] §2§l§o[TenorClef] §rT2 [HIST] 6:18.6 SOLVE S120 craft-gui jump @-3,67,-79 child=ConstructNetherPortalBucketTask
[00:14:14] [main/INFO] (Minecraft) [CHAT] §2§l§o[TenorClef] §rConstruct: need iron for 2nd bucket (iron=2 empty=0 water=1 lava=0)
[00:14:14] [main/INFO] (Minecraft) [CHAT] §2§l§o[TenorClef] §rT2 [NOW] t=6:18.9 ph=PORTAL @-3,67,-79 do=<Construct Nether Portal> Mining iron for 2nd bucket at lava eq=air woodpick=1 stonepick=1 pick=1 iron=2 buck=1
[00:14:15] [main/INFO] (Minecraft) [STDOUT]: ALTO CLEF: WARNING: T2 [E104] FurnaceScreen open 8s ph=PORTAL
[00:14:15] [main/INFO] (Minecraft) [CHAT] §2§l§o[TenorClef] §cT2 [E104] FurnaceScreen open 8s ph=PORTAL§r
[00:14:15] [main/INFO] (Minecraft) [CHAT] §2§l§o[TenorClef] §rT2 [HIST] 6:19.1 [E104] FurnaceScreen open 8s ph=PORTAL
[00:14:15] [main/INFO] (Minecraft) [CHAT] §2§l§o[TenorClef] §rT2 [NOW] t=6:19.8 ph=PORTAL @-3,67,-79 do=<Construct Nether Portal> Mining iron for 2nd bucket at lava eq=air woodpick=1 stonepick=1 pick=1 iron=2 buck=1
[00:14:16] [main/INFO] (Minecraft) [CHAT] §2§l§o[TenorClef] §rT2 [NOW] t=6:20.8 ph=PORTAL @-3,67,-79 do=<Construct Nether Portal> Mining iron for 2nd bucket at lava eq=air woodpick=1 stonepick=1 pick=1 iron=2 buck=1
[00:14:17] [main/INFO] (Minecraft) [CHAT] §2§l§o[TenorClef] §rT2 [HIST] 6:20.9 SNAP ph=PORTAL @-3,67,-79 sky=11 wet=false ground=true pick=1 buck=1 iron=2 ore=2 rods=0 pearls=0 eyes=0 child=ConstructNetherPortalBucketTask dbg=<Construct Nether Portal> Mining iron for 2nd bucket at lava mobs=none
[00:14:17] [main/INFO] (Minecraft) [CHAT] §2§l§o[TenorClef] §rT2 [NOW] t=6:21.8 ph=PORTAL @-3,67,-79 do=<Construct Nether Portal> Mining iron for 2nd bucket at lava eq=air woodpick=1 stonepick=1 pick=1 iron=2 buck=1
[00:14:18] [main/INFO] (Minecraft) [CHAT] §2§l§o[TenorClef] §rT2 [NOW] t=6:22.8 ph=PORTAL @-3,67,-79 do=<Construct Nether Portal> Mining iron for 2nd bucket at lava eq=air woodpick=1 stonepick=1 pick=1 iron=2 buck=1
[00:14:19] [main/INFO] (Minecraft) [CHAT] §2§l§o[TenorClef] §rT2 [HIST] 6:23.4 SNAP ph=PORTAL @-3,67,-79 sky=11 wet=false ground=true pick=1 buck=1 iron=2 ore=2 rods=0 pearls=0 eyes=0 child=ConstructNetherPortalBucketTask dbg=<Construct Nether Portal> Mining iron for 2nd bucket at lava mobs=none
[00:14:19] [main/INFO] (Minecraft) [CHAT] §2§l§o[TenorClef] §rT2 [NOW] t=6:23.8 ph=PORTAL @-3,67,-79 do=<Construct Nether Portal> Mining iron for 2nd bucket at lava eq=air woodpick=1 stonepick=1 pick=1 iron=2 buck=1
[00:14:20] [main/INFO] (Minecraft) [CHAT] §2§l§o[TenorClef] §rT2 [HB] t=6:24.1 ph=PORTAL y=67 child=ConstructNetherPortalBucketTask logs=1 pick=1 woodpick=1
[00:14:20] [main/INFO] (Minecraft) [STDOUT]: ALTO CLEF: WARNING: T2 [S120] craft-gui jump @-3,67,-79 child=ConstructNetherPortalBucketTask
[00:14:20] [main/INFO] (Minecraft) [CHAT] §2§l§o[TenorClef] §cT2 [S120] craft-gui jump @-3,67,-79 child=ConstructNetherPortalBucketTask§r
[00:14:20] [main/INFO] (Minecraft) [CHAT] §2§l§o[TenorClef] §rT2 [HIST] 6:24.6 SOLVE S120 craft-gui jump @-3,67,-79 child=ConstructNetherPortalBucketTask
[00:14:20] [main/INFO] (Minecraft) [CHAT] §2§l§o[TenorClef] §rRefreshed inventory...
[00:14:20] [main/INFO] (Minecraft) [CHAT] §2§l§o[TenorClef] §rT2 [NOW] t=6:24.9 ph=PORTAL @-3,67,-79 do=<Construct Nether Portal> Collecting lava eq=air woodpick=1 stonepick=1 pick=1 iron=3 buck=1
[00:14:21] [pool-5-thread-4/INFO] (Minecraft) [STDOUT]: 520960 movements considered
[00:14:21] [pool-5-thread-4/INFO] (Minecraft) [STDOUT]: Open set size: 10620
[00:14:21] [pool-5-thread-4/INFO] (Minecraft) [STDOUT]: PathNode map size: 34300
[00:14:21] [pool-5-thread-4/INFO] (Minecraft) [STDOUT]: 47360 nodes per second
[00:14:21] [pool-5-thread-4/INFO] (Minecraft) [STDOUT]: Warning: cost coefficient is greater than three! Probably means that
[00:14:21] [pool-5-thread-4/INFO] (Minecraft) [STDOUT]: the path I found is pretty terrible (like sneak-bridging for dozens of blocks)
[00:14:21] [pool-5-thread-4/INFO] (Minecraft) [STDOUT]: But I'm going to do it anyway, because yolo
[00:14:21] [pool-5-thread-4/INFO] (Minecraft) [STDOUT]: Path goes for 23.853720883753127 blocks
[00:14:21] [main/INFO] (Minecraft) [CHAT] §2§l§o[TenorClef] §rT2 [NOW] t=6:25.8 ph=PORTAL @-3,67,-79 do=<Construct Nether Portal> Collecting lava eq=iron_pickaxe woodpick=1 stonepick=1 pick=1 iron=0 buck=1
[00:14:22] [main/INFO] (Minecraft) [CHAT] §2§l§o[TenorClef] §rT2 [HIST] 6:25.9 SNAP ph=PORTAL @-3,67,-79 sky=11 wet=false ground=true pick=1 buck=2 iron=0 ore=1 rods=0 pearls=0 eyes=0 child=ConstructNetherPortalBucketTask dbg=<Construct Nether Portal> Collecting lava mobs=none
[00:14:22] [main/INFO] (Minecraft) [STDOUT]: ALTO CLEF: WARNING: T2 [E62] portal jump-place @-3,66,-79
[00:14:22] [main/INFO] (Minecraft) [CHAT] §2§l§o[TenorClef] §cT2 [E62] portal jump-place @-3,66,-79§r
[00:14:22] [main/INFO] (Minecraft) [CHAT] §2§l§o[TenorClef] §rT2 [NOW] t=6:26.8 ph=PORTAL @-3,66,-79 do=<Construct Nether Portal> Collecting lava eq=iron_pickaxe woodpick=1 stonepick=1 pick=1 iron=0 buck=1
[00:14:23] [pool-5-thread-4/INFO] (Minecraft) [STDOUT]: 549120 movements considered
[00:14:23] [pool-5-thread-4/INFO] (Minecraft) [STDOUT]: Open set size: 10824
[00:14:23] [pool-5-thread-4/INFO] (Minecraft) [STDOUT]: PathNode map size: 35784
[00:14:23] [pool-5-thread-4/INFO] (Minecraft) [STDOUT]: 49820 nodes per second
[00:14:23] [pool-5-thread-4/INFO] (Minecraft) [STDOUT]: Warning: cost coefficient is greater than three! Probably means that
[00:14:23] [pool-5-thread-4/INFO] (Minecraft) [STDOUT]: the path I found is pretty terrible (like sneak-bridging for dozens of blocks)
[00:14:23] [pool-5-thread-4/INFO] (Minecraft) [STDOUT]: But I'm going to do it anyway, because yolo
[00:14:23] [pool-5-thread-4/INFO] (Minecraft) [STDOUT]: Path goes for 23.021728866442675 blocks
[00:14:23] [main/INFO] (Minecraft) [CHAT] §2§l§o[TenorClef] §rT2 [NOW] t=6:27.8 ph=PORTAL @-3,66,-79 do=<Construct Nether Portal> Collecting lava eq=iron_pickaxe woodpick=1 stonepick=1 pick=1 iron=0 buck=1
[00:14:24] [main/INFO] (Minecraft) [CHAT] §2§l§o[TenorClef] §rT2 [HIST] 6:28.4 SNAP ph=PORTAL @-3,66,-79 sky=10 wet=false ground=true pick=1 buck=2 iron=0 ore=1 rods=0 pearls=0 eyes=0 child=ConstructNetherPortalBucketTask dbg=<Construct Nether Portal> Collecting lava mobs=none
[00:14:24] [main/INFO] (Minecraft) [CHAT] §2§l§o[TenorClef] §rT2 [NOW] t=6:28.8 ph=PORTAL @-3,66,-79 do=<Construct Nether Portal> Collecting lava eq=iron_pickaxe woodpick=1 stonepick=1 pick=1 iron=0 buck=1
[00:14:25] [main/INFO] (Minecraft) [CHAT] §2§l§o[TenorClef] §rT2 [NOW] t=6:29.8 ph=PORTAL @-2,65,-79 do=<Construct Nether Portal> Collecting lava eq=iron_pickaxe woodpick=1 stonepick=1 pick=1 iron=0 buck=1
[00:14:26] [main/INFO] (Minecraft) [CHAT] §2§l§o[TenorClef] §rT2 [NOW] t=6:30.8 ph=PORTAL @-2,64,-79 do=<Construct Nether Portal> Collecting lava eq=iron_pickaxe woodpick=1 stonepick=1 pick=1 iron=0 buck=1
[00:14:27] [main/INFO] (Minecraft) [CHAT] §2§l§o[TenorClef] §rT2 [HIST] 6:30.9 SNAP ph=PORTAL @-2,64,-79 sky=7 wet=false ground=true pick=1 buck=2 iron=0 ore=1 rods=0 pearls=0 eyes=0 child=ConstructNetherPortalBucketTask dbg=<Construct Nether Portal> Collecting lava mobs=none
[00:14:27] [main/INFO] (Minecraft) [STDOUT]: ALTO CLEF: WARNING: T2 [S130] START trigger=jump-pit flips=6 ph=PORTAL prev=ConstructNetherPortalBucketTask cycle=1 pos=-2,63,-79 walls=4/4/4 sky=6 place=75 boxed=true hold=false cool=0 ban=0 startY=63 step=0
[00:14:27] [main/INFO] (Minecraft) [CHAT] §2§l§o[TenorClef] §cT2 [S130] START trigger=jump-pit flips=6 ph=PORTAL prev=ConstructNetherPortalBucketTask cycle=1 pos=-2,63,-79 walls=4/4/4 sky=6 place=75 boxed=true hold=false cool=0 ban=0 startY=63 step=0§r
[00:14:27] [main/INFO] (Minecraft) [CHAT] §2§l§o[TenorClef] §rT2 [HIST] 6:31.4 FORCE S130 START trigger=jump-pit flips=6 ph=PORTAL prev=ConstructNetherPortalBucketTask cycle=1 pos=-2,63,-79 walls=4/4/4 sky=6 place=75 boxed=true hold=false cool=0 ban=0 startY=63 step=0
[00:14:27] [main/INFO] (Minecraft) [CHAT] §2§l§o[TenorClef] §rT2 [HIST] 6:31.4 PILLAR START jump-pit flips=6 prev=ConstructNetherPortalBucketTask
[00:14:27] [main/INFO] (Minecraft) [CHAT] §2§l§o[TenorClef] §rT2 [HIST] 6:31.4 SOLVE S130 jump-pit pillar @-2,63,-79
[00:14:27] [main/INFO] (Minecraft) [CHAT] §2§l§o[TenorClef] §rT2 [HIST] 6:31.4 CHILD ConstructNetherPortalBucketTask -> HolePillarTask ph=PORTAL @-2,63,-79 sky=6 wet=false ground=true pick=1 buck=2 iron=0 ore=1 rods=0 pearls=0 eyes=0
[00:14:27] [main/INFO] (Minecraft) [STDOUT]: ALTO CLEF: WARNING: T2 [S130] tick y=63 slot=5 air=false pos=-2,63,-79 walls=4/4/4 sky=6 place=75 boxed=true hold=true cool=0 ban=0 startY=63 step=1
[00:14:27] [main/INFO] (Minecraft) [CHAT] §2§l§o[TenorClef] §cT2 [S130] tick y=63 slot=5 air=false pos=-2,63,-79 walls=4/4/4 sky=6 place=75 boxed=true hold=true cool=0 ban=0 startY=63 step=1§r
[00:14:27] [main/INFO] (Minecraft) [CHAT] §2§l§o[TenorClef] §rT2 [HIST] 6:31.4 FORCE S130 tick y=63 slot=5 air=false pos=-2,63,-79 walls=4/4/4 sky=6 place=75 boxed=true hold=true cool=0 ban=0 startY=63 step=1
[00:14:27] [main/INFO] (Minecraft) [CHAT] §2§l§o[TenorClef] §rT2 [NOW] t=6:31.8 ph=PORTAL @-2,64,-79 do=<T2 pillar-out>  eq=gravel woodpick=1 stonepick=1 pick=1 iron=0 buck=1
[00:14:28] [main/INFO] (Minecraft) [STDOUT]: ALTO CLEF: WARNING: T2 [S130] tick y=65 slot=5 air=false pos=-2,65,-79 walls=4/3/4 sky=8 place=74 boxed=false hold=true cool=0 ban=0 startY=63 step=21
[00:14:28] [main/INFO] (Minecraft) [CHAT] §2§l§o[TenorClef] §cT2 [S130] tick y=65 slot=5 air=false pos=-2,65,-79 walls=4/3/4 sky=8 place=74 boxed=false hold=true cool=0 ban=0 startY=63 step=21§r
[00:14:28] [main/INFO] (Minecraft) [CHAT] §2§l§o[TenorClef] §rT2 [HIST] 6:32.4 FORCE S130 tick y=65 slot=5 air=false pos=-2,65,-79 walls=4/3/4 sky=8 place=74 boxed=false hold=true cool=0 ban=0 startY=63 step=21
[00:14:28] [main/INFO] (Minecraft) [CHAT] §2§l§o[TenorClef] §rT2 [NOW] t=6:32.9 ph=PORTAL @-2,66,-79 do=<T2 pillar-out>  eq=gravel woodpick=1 stonepick=1 pick=1 iron=0 buck=1
[00:14:29] [main/INFO] (Minecraft) [STDOUT]: ALTO CLEF: WARNING: T2 [E100] jumps=14 @-2,66,-79 ph=PORTAL child=HolePillarTask
[00:14:29] [main/INFO] (Minecraft) [CHAT] §2§l§o[TenorClef] §cT2 [E100] jumps=14 @-2,66,-79 ph=PORTAL child=HolePillarTask§r
[00:14:29] [main/INFO] (Minecraft) [CHAT] §2§l§o[TenorClef] §rT2 [HIST] 6:33.4 [E100] jumps=14 @-2,66,-79 ph=PORTAL child=HolePillarTask
[00:14:29] [main/INFO] (Minecraft) [STDOUT]: ALTO CLEF: WARNING: T2 [S130] tick y=66 slot=5 air=false pos=-2,66,-79 walls=3/3/4 sky=9 place=73 boxed=false hold=true cool=0 ban=0 startY=63 step=41
[00:14:29] [main/INFO] (Minecraft) [CHAT] §2§l§o[TenorClef] §cT2 [S130] tick y=66 slot=5 air=false pos=-2,66,-79 walls=3/3/4 sky=9 place=73 boxed=false hold=true cool=0 ban=0 startY=63 step=41§r
[00:14:29] [main/INFO] (Minecraft) [CHAT] §2§l§o[TenorClef] §rT2 [HIST] 6:33.4 FORCE S130 tick y=66 slot=5 air=false pos=-2,66,-79 walls=3/3/4 sky=9 place=73 boxed=false hold=true cool=0 ban=0 startY=63 step=41
[00:14:29] [main/INFO] (Minecraft) [CHAT] §2§l§o[TenorClef] §rT2 [NOW] t=6:33.9 ph=PORTAL @-2,66,-79 do=<T2 pillar-out>  eq=gravel woodpick=1 stonepick=1 pick=1 iron=0 buck=1
[00:14:30] [main/INFO] (Minecraft) [STDOUT]: ALTO CLEF: WARNING: T2 [S133] cool arm ticks=240 reason=stuck-low step=50 y=66 startY=63 ban=-2,-79 pos=-2,66,-79 walls=3/3/4 sky=9 place=73 boxed=false hold=true cool=240 ban=240 startY=63 step=50
[00:14:30] [main/INFO] (Minecraft) [CHAT] §2§l§o[TenorClef] §cT2 [S133] cool arm ticks=240 reason=stuck-low step=50 y=66 startY=63 ban=-2,-79 pos=-2,66,-79 walls=3/3/4 sky=9 place=73 boxed=false hold=true cool=240 ban=240 startY=63 step=50§r
[00:14:30] [main/INFO] (Minecraft) [CHAT] §2§l§o[TenorClef] §rT2 [HIST] 6:33.9 FORCE S133 cool arm ticks=240 reason=stuck-low step=50 y=66 startY=63 ban=-2,-79 pos=-2,66,-79 walls=3/3/4 sky=9 place=73 boxed=false hold=true cool=240 ban=240 startY=63 step=50
[00:14:30] [main/INFO] (Minecraft) [STDOUT]: ALTO CLEF: WARNING: T2 [S136] END reason=stuck-low step=50 y=66 startY=63 roseReal=false giveUp=true pos=-2,66,-79 walls=3/3/4 sky=9 place=73 boxed=false hold=true cool=240 ban=240 startY=63 step=50
[00:14:30] [main/INFO] (Minecraft) [CHAT] §2§l§o[TenorClef] §cT2 [S136] END reason=stuck-low step=50 y=66 startY=63 roseReal=false giveUp=true pos=-2,66,-79 walls=3/3/4 sky=9 place=73 boxed=false hold=true cool=240 ban=240 startY=63 step=50§r
[00:14:30] [main/INFO] (Minecraft) [CHAT] §2§l§o[TenorClef] §rT2 [HIST] 6:33.9 FORCE S136 END reason=stuck-low step=50 y=66 startY=63 roseReal=false giveUp=true pos=-2,66,-79 walls=3/3/4 sky=9 place=73 boxed=false hold=true cool=240 ban=240 startY=63 step=50
[00:14:30] [main/INFO] (Minecraft) [CHAT] §2§l§o[TenorClef] §rT2 [HIST] 6:33.9 PILLAR END stuck-low step=50 y=66 startY=63
[00:14:30] [main/INFO] (Minecraft) [CHAT] §2§l§o[TenorClef] §rT2 [HIST] 6:33.9 CHILD HolePillarTask -> ConstructNetherPortalBucketTask ph=PORTAL @-2,66,-79 sky=9 wet=false ground=true pick=1 buck=2 iron=0 ore=1 rods=0 pearls=0 eyes=0
[00:14:30] [main/INFO] (Minecraft) [STDOUT]: ALTO CLEF: WARNING: T2 [S136] onStop interrupt=ConstructNetherPortalBucketTask finishWhy=givingUp cool=240 lastEnd=stuck-low step=50 y=66 startY=63 pos=-2,66,-79 walls=3/3/4 sky=9 place=73 boxed=false hold=false cool=239 ban=239 startY=- step=0
[00:14:30] [main/INFO] (Minecraft) [CHAT] §2§l§o[TenorClef] §cT2 [S136] onStop interrupt=ConstructNetherPortalBucketTask finishWhy=givingUp cool=240 lastEnd=stuck-low step=50 y=66 startY=63 pos=-2,66,-79 walls=3/3/4 sky=9 place=73 boxed=false hold=false cool=239 ban=239 startY=- step=0§r
[00:14:30] [main/INFO] (Minecraft) [CHAT] §2§l§o[TenorClef] §rT2 [HIST] 6:33.9 FORCE S136 onStop interrupt=ConstructNetherPortalBucketTask finishWhy=givingUp cool=240 lastEnd=stuck-low step=50 y=66 startY=63 pos=-2,66,-79 walls=3/3/4 sky=9 place=73 boxed=false hold=false cool=239 ban=239 startY=- step=0
[00:14:30] [main/INFO] (Minecraft) [CHAT] §2§l§o[TenorClef] §r(Searching for lava lake with portalable spot nearby...)
[00:14:30] [main/INFO] (Minecraft) [CHAT] §2§l§o[TenorClef] §rFound with depth 105
[00:14:30] [main/INFO] (Minecraft) [CHAT] §2§l§o[TenorClef] §rFound with depth 16433
[00:14:30] [main/INFO] (Minecraft) [CHAT] §2§l§o[TenorClef] §rT2 [S165L] only a deep lava lake at y=9 - expect a long dark shaft
[00:14:30] [main/INFO] (Minecraft) [CHAT] §2§l§o[TenorClef] §rT2 [HIST] 6:34.0 CHILD ConstructNetherPortalBucketTask -> HolePillarTask ph=PORTAL @-2,66,-79 sky=9 wet=false ground=true pick=1 buck=2 iron=0 ore=1 rods=0 pearls=0 eyes=0
[00:14:30] [main/INFO] (Minecraft) [CHAT] §2§l§o[TenorClef] §rT2 [HIST] 6:34.0 CHILD HolePillarTask -> ConstructNetherPortalBucketTask ph=PORTAL @-2,66,-79 sky=9 wet=false ground=true pick=1 buck=2 iron=0 ore=1 rods=0 pearls=0 eyes=0
[00:14:30] [main/INFO] (Minecraft) [CHAT] §2§l§o[TenorClef] §rT2 [HIST] 6:34.0 CHILD ConstructNetherPortalBucketTask -> HolePillarTask ph=PORTAL @-2,66,-79 sky=9 wet=false ground=true pick=1 buck=2 iron=0 ore=1 rods=0 pearls=0 eyes=0
[00:14:30] [main/INFO] (Minecraft) [CHAT] §2§l§o[TenorClef] §rT2 [HIST] 6:34.0 CHILD HolePillarTask -> ConstructNetherPortalBucketTask ph=PORTAL @-2,66,-79 sky=9 wet=false ground=true pick=1 buck=2 iron=0 ore=1 rods=0 pearls=0 eyes=0
[00:14:30] [main/INFO] (Minecraft) [CHAT] §2§l§o[TenorClef] §rT2 [HIST] 6:34.1 CHILD ConstructNetherPortalBucketTask -> HolePillarTask ph=PORTAL @-2,66,-79 sky=9 wet=false ground=true pick=1 buck=2 iron=0 ore=1 rods=0 pearls=0 eyes=0
[00:14:30] [main/INFO] (Minecraft) [CHAT] §2§l§o[TenorClef] §rT2 [HIST] 6:34.1 CHILD HolePillarTask -> ConstructNetherPortalBucketTask ph=PORTAL @-2,66,-79 sky=9 wet=false ground=true pick=1 buck=2 iron=0 ore=1 rods=0 pearls=0 eyes=0
[00:14:30] [main/INFO] (Minecraft) [CHAT] §2§l§o[TenorClef] §rT2 [HB] t=6:34.1 ph=PORTAL y=66 child=HolePillarTask logs=1 pick=1 woodpick=1
[00:14:30] [main/INFO] (Minecraft) [CHAT] §2§l§o[TenorClef] §rT2 [HIST] 6:34.2 CHILD ConstructNetherPortalBucketTask -> HolePillarTask ph=PORTAL @-2,66,-79 sky=9 wet=false ground=true pick=1 buck=2 iron=0 ore=1 rods=0 pearls=0 eyes=0
[00:14:30] [main/INFO] (Minecraft) [CHAT] §2§l§o[TenorClef] §rT2 [HIST] 6:34.2 CHILD HolePillarTask -> ConstructNetherPortalBucketTask ph=PORTAL @-2,66,-79 sky=9 wet=false ground=true pick=1 buck=2 iron=0 ore=1 rods=0 pearls=0 eyes=0
[00:14:30] [main/INFO] (Minecraft) [CHAT] §2§l§o[TenorClef] §rT2 [HIST] 6:34.2 CHILD ConstructNetherPortalBucketTask -> HolePillarTask ph=PORTAL @-2,66,-79 sky=9 wet=false ground=true pick=1 buck=2 iron=0 ore=1 rods=0 pearls=0 eyes=0
[00:14:30] [main/INFO] (Minecraft) [CHAT] §2§l§o[TenorClef] §rT2 [HIST] 6:34.2 CHILD HolePillarTask -> ConstructNetherPortalBucketTask ph=PORTAL @-2,66,-79 sky=9 wet=false ground=true pick=1 buck=2 iron=0 ore=1 rods=0 pearls=0 eyes=0
[00:14:30] [main/INFO] (Minecraft) [CHAT] §2§l§o[TenorClef] §rT2 [HIST] 6:34.3 CHILD ConstructNetherPortalBucketTask -> HolePillarTask ph=PORTAL @-2,66,-79 sky=9 wet=false ground=true pick=1 buck=2 iron=0 ore=1 rods=0 pearls=0 eyes=0
[00:14:30] [main/INFO] (Minecraft) [CHAT] §2§l§o[TenorClef] §rT2 [HIST] 6:34.3 CHILD HolePillarTask -> ConstructNetherPortalBucketTask ph=PORTAL @-2,66,-79 sky=9 wet=false ground=true pick=1 buck=2 iron=0 ore=1 rods=0 pearls=0 eyes=0
[00:14:30] [main/INFO] (Minecraft) [CHAT] §2§l§o[TenorClef] §rT2 [HIST] 6:34.3 CHILD ConstructNetherPortalBucketTask -> HolePillarTask ph=PORTAL @-2,66,-79 sky=9 wet=false ground=true pick=1 buck=2 iron=0 ore=1 rods=0 pearls=0 eyes=0
[00:14:30] [main/INFO] (Minecraft) [CHAT] §2§l§o[TenorClef] §rT2 [HIST] 6:34.3 CHILD HolePillarTask -> ConstructNetherPortalBucketTask ph=PORTAL @-2,66,-79 sky=9 wet=false ground=true pick=1 buck=2 iron=0 ore=1 rods=0 pearls=0 eyes=0
[00:14:30] [main/INFO] (Minecraft) [CHAT] §2§l§o[TenorClef] §rT2 [HIST] 6:34.3 CHILD ConstructNetherPortalBucketTask -> HolePillarTask ph=PORTAL @-2,66,-79 sky=9 wet=false ground=true pick=1 buck=2 iron=0 ore=1 rods=0 pearls=0 eyes=0
[00:14:30] [main/INFO] (Minecraft) [CHAT] §2§l§o[TenorClef] §rT2 [HIST] 6:34.3 CHILD HolePillarTask -> ConstructNetherPortalBucketTask ph=PORTAL @-2,66,-79 sky=9 wet=false ground=true pick=1 buck=2 iron=0 ore=1 rods=0 pearls=0 eyes=0
[00:14:30] [main/INFO] (Minecraft) [CHAT] §2§l§o[TenorClef] §rT2 [HIST] 6:34.4 CHILD ConstructNetherPortalBucketTask -> HolePillarTask ph=PORTAL @-2,66,-79 sky=9 wet=false ground=true pick=1 buck=2 iron=0 ore=1 rods=0 pearls=0 eyes=0
[00:14:30] [main/INFO] (Minecraft) [CHAT] §2§l§o[TenorClef] §rT2 [HIST] 6:34.4 CHILD HolePillarTask -> ConstructNetherPortalBucketTask ph=PORTAL @-2,66,-79 sky=9 wet=false ground=true pick=1 buck=2 iron=0 ore=1 rods=0 pearls=0 eyes=0
[00:14:30] [main/INFO] (Minecraft) [CHAT] §2§l§o[TenorClef] §rT2 [HIST] 6:34.4 CHILD ConstructNetherPortalBucketTask -> HolePillarTask ph=PORTAL @-2,66,-79 sky=9 wet=false ground=true pick=1 buck=2 iron=0 ore=1 rods=0 pearls=0 eyes=0
[00:14:30] [main/INFO] (Minecraft) [CHAT] §2§l§o[TenorClef] §rT2 [HIST] 6:34.4 CHILD HolePillarTask -> ConstructNetherPortalBucketTask ph=PORTAL @-2,66,-79 sky=9 wet=false ground=true pick=1 buck=2 iron=0 ore=1 rods=0 pearls=0 eyes=0
[00:14:30] [pool-5-thread-4/INFO] (Minecraft) [STDOUT]: 667392 movements considered
[00:14:30] [pool-5-thread-4/INFO] (Minecraft) [STDOUT]: Open set size: 12091
[00:14:30] [pool-5-thread-4/INFO] (Minecraft) [STDOUT]: PathNode map size: 42427
[00:14:30] [pool-5-thread-4/INFO] (Minecraft) [STDOUT]: 60672 nodes per second
[00:14:30] [pool-5-thread-4/INFO] (Minecraft) [STDOUT]: Warning: cost coefficient is greater than three! Probably means that
[00:14:30] [pool-5-thread-4/INFO] (Minecraft) [STDOUT]: the path I found is pretty terrible (like sneak-bridging for dozens of blocks)
[00:14:30] [pool-5-thread-4/INFO] (Minecraft) [STDOUT]: But I'm going to do it anyway, because yolo
[00:14:30] [pool-5-thread-4/INFO] (Minecraft) [STDOUT]: Path goes for 35.45419580247167 blocks
[00:14:30] [main/INFO] (Minecraft) [CHAT] §2§l§o[TenorClef] §rT2 [HIST] 6:34.5 CHILD ConstructNetherPortalBucketTask -> HolePillarTask ph=PORTAL @-2,66,-79 sky=9 wet=false ground=true pick=1 buck=2 iron=0 ore=1 rods=0 pearls=0 eyes=0
[00:14:30] [main/INFO] (Minecraft) [CHAT] §2§l§o[TenorClef] §rT2 [HIST] 6:34.5 CHILD HolePillarTask -> ConstructNetherPortalBucketTask ph=PORTAL @-2,66,-79 sky=9 wet=false ground=true pick=1 buck=2 iron=0 ore=1 rods=0 pearls=0 eyes=0
[00:14:30] [main/INFO] (Minecraft) [CHAT] §2§l§o[TenorClef] §rT2 [HIST] 6:34.5 CHILD ConstructNetherPortalBucketTask -> HolePillarTask ph=PORTAL @-2,66,-79 sky=9 wet=false ground=true pick=1 buck=2 iron=0 ore=1 rods=0 pearls=0 eyes=0
[00:14:30] [main/INFO] (Minecraft) [CHAT] §2§l§o[TenorClef] §rT2 [HIST] 6:34.5 CHILD HolePillarTask -> ConstructNetherPortalBucketTask ph=PORTAL @-2,66,-79 sky=9 wet=false ground=true pick=1 buck=2 iron=0 ore=1 rods=0 pearls=0 eyes=0
[00:14:30] [main/INFO] (Minecraft) [CHAT] §2§l§o[TenorClef] §rT2 [HIST] 6:34.6 CHILD ConstructNetherPortalBucketTask -> HolePillarTask ph=PORTAL @-2,66,-79 sky=9 wet=false ground=true pick=1 buck=2 iron=0 ore=1 rods=0 pearls=0 eyes=0
[00:14:30] [main/INFO] (Minecraft) [CHAT] §2§l§o[TenorClef] §rT2 [HIST] 6:34.6 CHILD HolePillarTask -> ConstructNetherPortalBucketTask ph=PORTAL @-2,66,-79 sky=9 wet=false ground=true pick=1 buck=2 iron=0 ore=1 rods=0 pearls=0 eyes=0
[00:14:30] [main/INFO] (Minecraft) [CHAT] §2§l§o[TenorClef] §rT2 [HIST] 6:34.7 CHILD ConstructNetherPortalBucketTask -> HolePillarTask ph=PORTAL @-2,66,-79 sky=9 wet=false ground=true pick=1 buck=2 iron=0 ore=1 rods=0 pearls=0 eyes=0
[00:14:30] [main/INFO] (Minecraft) [CHAT] §2§l§o[TenorClef] §rT2 [HIST] 6:34.7 SNAP ph=PORTAL @-2,66,-79 sky=9 wet=false ground=true pick=1 buck=2 iron=0 ore=1 rods=0 pearls=0 eyes=0 child=HolePillarTask dbg=<T2 pillar-out>  mobs=none
[00:14:30] [main/INFO] (Minecraft) [CHAT] §2§l§o[TenorClef] §rT2 [HIST] 6:34.7 CHILD HolePillarTask -> ConstructNetherPortalBucketTask ph=PORTAL @-2,66,-79 sky=9 wet=false ground=true pick=1 buck=2 iron=0 ore=1 rods=0 pearls=0 eyes=0
[00:14:30] [main/INFO] (Minecraft) [CHAT] §2§l§o[TenorClef] §rT2 [HIST] 6:34.7 CHILD ConstructNetherPortalBucketTask -> HolePillarTask ph=PORTAL @-2,66,-79 sky=9 wet=false ground=true pick=1 buck=2 iron=0 ore=1 rods=0 pearls=0 eyes=0
[00:14:30] [main/INFO] (Minecraft) [CHAT] §2§l§o[TenorClef] §rT2 [HIST] 6:34.7 CHILD HolePillarTask -> ConstructNetherPortalBucketTask ph=PORTAL @-2,66,-79 sky=9 wet=false ground=true pick=1 buck=2 iron=0 ore=1 rods=0 pearls=0 eyes=0
[00:14:30] [main/INFO] (Minecraft) [CHAT] §2§l§o[TenorClef] §rT2 [HIST] 6:34.7 CHILD ConstructNetherPortalBucketTask -> HolePillarTask ph=PORTAL @-2,66,-79 sky=9 wet=false ground=true pick=1 buck=2 iron=0 ore=1 rods=0 pearls=0 eyes=0
[00:14:30] [main/INFO] (Minecraft) [CHAT] §2§l§o[TenorClef] §rT2 [HIST] 6:34.7 CHILD HolePillarTask -> ConstructNetherPortalBucketTask ph=PORTAL @-2,66,-79 sky=9 wet=false ground=true pick=1 buck=2 iron=0 ore=1 rods=0 pearls=0 eyes=0
[00:14:30] [main/INFO] (Minecraft) [CHAT] §2§l§o[TenorClef] §rT2 [HIST] 6:34.8 CHILD ConstructNetherPortalBucketTask -> HolePillarTask ph=PORTAL @-2,66,-79 sky=9 wet=false ground=true pick=1 buck=2 iron=0 ore=1 rods=0 pearls=0 eyes=0
[00:14:30] [main/INFO] (Minecraft) [CHAT] §2§l§o[TenorClef] §rT2 [HIST] 6:34.8 CHILD HolePillarTask -> ConstructNetherPortalBucketTask ph=PORTAL @-2,66,-79 sky=9 wet=false ground=true pick=1 buck=2 iron=0 ore=1 rods=0 pearls=0 eyes=0
[00:14:30] [main/INFO] (Minecraft) [CHAT] §2§l§o[TenorClef] §rT2 [NOW] t=6:34.8 ph=PORTAL @-2,66,-79 do=<T2 pillar-out>  eq=air woodpick=1 stonepick=1 pick=1 iron=0 buck=1
[00:14:30] [main/INFO] (Minecraft) [CHAT] §2§l§o[TenorClef] §rT2 [HIST] 6:34.8 CHILD ConstructNetherPortalBucketTask -> HolePillarTask ph=PORTAL @-2,66,-79 sky=9 wet=false ground=true pick=1 buck=2 iron=0 ore=1 rods=0 pearls=0 eyes=0
[00:14:30] [main/INFO] (Minecraft) [CHAT] §2§l§o[TenorClef] §rT2 [HIST] 6:34.8 CHILD HolePillarTask -> ConstructNetherPortalBucketTask ph=PORTAL @-2,66,-79 sky=9 wet=false ground=true pick=1 buck=2 iron=0 ore=1 rods=0 pearls=0 eyes=0
[00:14:31] [main/INFO] (Minecraft) [CHAT] §2§l§o[TenorClef] §rT2 [HIST] 6:34.9 CHILD ConstructNetherPortalBucketTask -> HolePillarTask ph=PORTAL @-2,66,-79 sky=9 wet=false ground=true pick=1 buck=2 iron=0 ore=1 rods=0 pearls=0 eyes=0
[00:14:31] [main/INFO] (Minecraft) [CHAT] §2§l§o[TenorClef] §rT2 [HIST] 6:34.9 CHILD HolePillarTask -> ConstructNetherPortalBucketTask ph=PORTAL @-2,66,-79 sky=9 wet=false ground=true pick=1 buck=2 iron=0 ore=1 rods=0 pearls=0 eyes=0
[00:14:31] [main/INFO] (Minecraft) [CHAT] §2§l§o[TenorClef] §rT2 [HIST] 6:34.9 CHILD ConstructNetherPortalBucketTask -> HolePillarTask ph=PORTAL @-2,66,-79 sky=9 wet=false ground=true pick=1 buck=2 iron=0 ore=1 rods=0 pearls=0 eyes=0
[00:14:31] [main/INFO] (Minecraft) [CHAT] §2§l§o[TenorClef] §rT2 [HIST] 6:34.9 CHILD HolePillarTask -> ConstructNetherPortalBucketTask ph=PORTAL @-2,66,-79 sky=9 wet=false ground=true pick=1 buck=2 iron=0 ore=1 rods=0 pearls=0 eyes=0
[00:14:31] [main/INFO] (Minecraft) [CHAT] §2§l§o[TenorClef] §rT2 [HIST] 6:35.0 CHILD ConstructNetherPortalBucketTask -> HolePillarTask ph=PORTAL @-2,66,-79 sky=9 wet=false ground=true pick=1 buck=2 iron=0 ore=1 rods=0 pearls=0 eyes=0
[00:14:31] [main/INFO] (Minecraft) [CHAT] §2§l§o[TenorClef] §rT2 [HIST] 6:35.0 CHILD HolePillarTask -> ConstructNetherPortalBucketTask ph=PORTAL @-2,66,-79 sky=9 wet=false ground=true pick=1 buck=2 iron=0 ore=1 rods=0 pearls=0 eyes=0
[00:14:31] [main/INFO] (Minecraft) [CHAT] §2§l§o[TenorClef] §rT2 [HIST] 6:35.0 CHILD ConstructNetherPortalBucketTask -> HolePillarTask ph=PORTAL @-2,66,-79 sky=9 wet=false ground=true pick=1 buck=2 iron=0 ore=1 rods=0 pearls=0 eyes=0
[00:14:31] [main/INFO] (Minecraft) [CHAT] §2§l§o[TenorClef] §rT2 [HIST] 6:35.1 CHILD HolePillarTask -> ConstructNetherPortalBucketTask ph=PORTAL @-2,66,-79 sky=9 wet=false ground=true pick=1 buck=2 iron=0 ore=1 rods=0 pearls=0 eyes=0
[00:14:31] [main/INFO] (Minecraft) [CHAT] §2§l§o[TenorClef] §rT2 [HIST] 6:35.1 CHILD ConstructNetherPortalBucketTask -> HolePillarTask ph=PORTAL @-2,66,-79 sky=9 wet=false ground=true pick=1 buck=2 iron=0 ore=1 rods=0 pearls=0 eyes=0
[00:14:31] [main/INFO] (Minecraft) [CHAT] §2§l§o[TenorClef] §rT2 [HIST] 6:35.1 CHILD HolePillarTask -> ConstructNetherPortalBucketTask ph=PORTAL @-2,66,-79 sky=9 wet=false ground=true pick=1 buck=2 iron=0 ore=1 rods=0 pearls=0 eyes=0
[00:14:31] [main/INFO] (Minecraft) [CHAT] §2§l§o[TenorClef] §rT2 [HIST] 6:35.2 CHILD ConstructNetherPortalBucketTask -> HolePillarTask ph=PORTAL @-2,66,-79 sky=9 wet=false ground=true pick=1 buck=2 iron=0 ore=1 rods=0 pearls=0 eyes=0
[00:14:31] [main/INFO] (Minecraft) [CHAT] §2§l§o[TenorClef] §rT2 [HIST] 6:35.2 CHILD HolePillarTask -> ConstructNetherPortalBucketTask ph=PORTAL @-2,66,-79 sky=9 wet=false ground=true pick=1 buck=2 iron=0 ore=1 rods=0 pearls=0 eyes=0
[00:14:31] [main/INFO] (Minecraft) [CHAT] §2§l§o[TenorClef] §rT2 [HIST] 6:35.2 CHILD ConstructNetherPortalBucketTask -> HolePillarTask ph=PORTAL @-2,66,-79 sky=9 wet=false ground=true pick=1 buck=2 iron=0 ore=1 rods=0 pearls=0 eyes=0
[00:14:31] [main/INFO] (Minecraft) [CHAT] §2§l§o[TenorClef] §rT2 [HIST] 6:35.2 CHILD HolePillarTask -> ConstructNetherPortalBucketTask ph=PORTAL @-2,66,-79 sky=9 wet=false ground=true pick=1 buck=2 iron=0 ore=1 rods=0 pearls=0 eyes=0
[00:14:31] [main/INFO] (Minecraft) [CHAT] §2§l§o[TenorClef] §rT2 [HIST] 6:35.2 CHILD ConstructNetherPortalBucketTask -> HolePillarTask ph=PORTAL @-2,66,-79 sky=9 wet=false ground=true pick=1 buck=2 iron=0 ore=1 rods=0 pearls=0 eyes=0
[00:14:31] [main/INFO] (Minecraft) [CHAT] §2§l§o[TenorClef] §rT2 [HIST] 6:35.2 CHILD HolePillarTask -> ConstructNetherPortalBucketTask ph=PORTAL @-2,66,-79 sky=9 wet=false ground=true pick=1 buck=2 iron=0 ore=1 rods=0 pearls=0 eyes=0
[00:14:31] [main/INFO] (Minecraft) [CHAT] §2§l§o[TenorClef] §rT2 [HIST] 6:35.3 CHILD ConstructNetherPortalBucketTask -> HolePillarTask ph=PORTAL @-2,66,-79 sky=9 wet=false ground=true pick=1 buck=2 iron=0 ore=1 rods=0 pearls=0 eyes=0
[00:14:31] [main/INFO] (Minecraft) [CHAT] §2§l§o[TenorClef] §rT2 [HIST] 6:35.3 CHILD HolePillarTask -> ConstructNetherPortalBucketTask ph=PORTAL @-2,66,-79 sky=9 wet=false ground=true pick=1 buck=2 iron=0 ore=1 rods=0 pearls=0 eyes=0
[00:14:31] [main/INFO] (Minecraft) [CHAT] §2§l§o[TenorClef] §rT2 [HIST] 6:35.3 CHILD ConstructNetherPortalBucketTask -> HolePillarTask ph=PORTAL @-2,66,-79 sky=9 wet=false ground=true pick=1 buck=2 iron=0 ore=1 rods=0 pearls=0 eyes=0
[00:14:31] [main/INFO] (Minecraft) [CHAT] §2§l§o[TenorClef] §rT2 [HIST] 6:35.3 CHILD HolePillarTask -> ConstructNetherPortalBucketTask ph=PORTAL @-2,66,-79 sky=9 wet=false ground=true pick=1 buck=2 iron=0 ore=1 rods=0 pearls=0 eyes=0
[00:14:31] [main/INFO] (Minecraft) [CHAT] §2§l§o[TenorClef] §rT2 [HIST] 6:35.4 CHILD ConstructNetherPortalBucketTask -> HolePillarTask ph=PORTAL @-2,65,-79 sky=8 wet=false ground=false pick=1 buck=2 iron=0 ore=1 rods=0 pearls=0 eyes=0
[00:14:31] [main/INFO] (Minecraft) [CHAT] §2§l§o[TenorClef] §rT2 [HIST] 6:35.4 CHILD HolePillarTask -> ConstructNetherPortalBucketTask ph=PORTAL @-2,65,-79 sky=8 wet=false ground=false pick=1 buck=2 iron=0 ore=1 rods=0 pearls=0 eyes=0
[00:14:31] [main/INFO] (Minecraft) [CHAT] §2§l§o[TenorClef] §rT2 [HIST] 6:35.4 CHILD ConstructNetherPortalBucketTask -> HolePillarTask ph=PORTAL @-2,65,-79 sky=8 wet=false ground=false pick=1 buck=2 iron=0 ore=1 rods=0 pearls=0 eyes=0
[00:14:31] [main/INFO] (Minecraft) [CHAT] §2§l§o[TenorClef] §rT2 [HIST] 6:35.4 CHILD HolePillarTask -> ConstructNetherPortalBucketTask ph=PORTAL @-2,65,-79 sky=8 wet=false ground=false pick=1 buck=2 iron=0 ore=1 rods=0 pearls=0 eyes=0
[00:14:31] [main/INFO] (Minecraft) [CHAT] §2§l§o[TenorClef] §rT2 [HIST] 6:35.5 CHILD ConstructNetherPortalBucketTask -> HolePillarTask ph=PORTAL @-2,65,-79 sky=8 wet=false ground=false pick=1 buck=2 iron=0 ore=1 rods=0 pearls=0 eyes=0
[00:14:31] [main/INFO] (Minecraft) [CHAT] §2§l§o[TenorClef] §rT2 [HIST] 6:35.5 CHILD HolePillarTask -> ConstructNetherPortalBucketTask ph=PORTAL @-2,65,-79 sky=8 wet=false ground=false pick=1 buck=2 iron=0 ore=1 rods=0 pearls=0 eyes=0
[00:14:31] [main/INFO] (Minecraft) [CHAT] §2§l§o[TenorClef] §rT2 [HIST] 6:35.5 CHILD ConstructNetherPortalBucketTask -> HolePillarTask ph=PORTAL @-2,65,-79 sky=8 wet=false ground=false pick=1 buck=2 iron=0 ore=1 rods=0 pearls=0 eyes=0
[00:14:31] [main/INFO] (Minecraft) [CHAT] §2§l§o[TenorClef] §rT2 [HIST] 6:35.5 CHILD HolePillarTask -> ConstructNetherPortalBucketTask ph=PORTAL @-2,65,-79 sky=8 wet=false ground=false pick=1 buck=2 iron=0 ore=1 rods=0 pearls=0 eyes=0
[00:14:31] [main/INFO] (Minecraft) [CHAT] §2§l§o[TenorClef] §rT2 [HIST] 6:35.6 CHILD ConstructNetherPortalBucketTask -> HolePillarTask ph=PORTAL @-2,65,-79 sky=8 wet=false ground=true pick=1 buck=2 iron=0 ore=1 rods=0 pearls=0 eyes=0
[00:14:31] [main/INFO] (Minecraft) [CHAT] §2§l§o[TenorClef] §rT2 [HIST] 6:35.6 CHILD HolePillarTask -> ConstructNetherPortalBucketTask ph=PORTAL @-2,65,-79 sky=8 wet=false ground=true pick=1 buck=2 iron=0 ore=1 rods=0 pearls=0 eyes=0
[00:14:31] [main/INFO] (Minecraft) [CHAT] §2§l§o[TenorClef] §rT2 [HIST] 6:35.6 CHILD ConstructNetherPortalBucketTask -> HolePillarTask ph=PORTAL @-2,65,-79 sky=8 wet=false ground=true pick=1 buck=2 iron=0 ore=1 rods=0 pearls=0 eyes=0
[00:14:31] [main/INFO] (Minecraft) [CHAT] §2§l§o[TenorClef] §rT2 [HIST] 6:35.7 CHILD HolePillarTask -> ConstructNetherPortalBucketTask ph=PORTAL @-2,65,-79 sky=8 wet=false ground=true pick=1 buck=2 iron=0 ore=1 rods=0 pearls=0 eyes=0
[00:14:31] [main/INFO] (Minecraft) [CHAT] §2§l§o[TenorClef] §rT2 [HIST] 6:35.7 CHILD ConstructNetherPortalBucketTask -> HolePillarTask ph=PORTAL @-2,65,-79 sky=8 wet=false ground=true pick=1 buck=2 iron=0 ore=1 rods=0 pearls=0 eyes=0
[00:14:31] [main/INFO] (Minecraft) [CHAT] §2§l§o[TenorClef] §rT2 [HIST] 6:35.7 CHILD HolePillarTask -> ConstructNetherPortalBucketTask ph=PORTAL @-2,65,-79 sky=8 wet=false ground=true pick=1 buck=2 iron=0 ore=1 rods=0 pearls=0 eyes=0
[00:14:31] [main/INFO] (Minecraft) [CHAT] §2§l§o[TenorClef] §rT2 [HIST] 6:35.7 CHILD ConstructNetherPortalBucketTask -> HolePillarTask ph=PORTAL @-2,65,-79 sky=8 wet=false ground=true pick=1 buck=2 iron=0 ore=1 rods=0 pearls=0 eyes=0
[00:14:31] [main/INFO] (Minecraft) [CHAT] §2§l§o[TenorClef] §rT2 [HIST] 6:35.7 CHILD HolePillarTask -> ConstructNetherPortalBucketTask ph=PORTAL @-2,65,-79 sky=8 wet=false ground=true pick=1 buck=2 iron=0 ore=1 rods=0 pearls=0 eyes=0
[00:14:31] [main/INFO] (Minecraft) [CHAT] §2§l§o[TenorClef] §rT2 [HIST] 6:35.8 CHILD ConstructNetherPortalBucketTask -> HolePillarTask ph=PORTAL @-2,65,-79 sky=8 wet=false ground=true pick=1 buck=2 iron=0 ore=1 rods=0 pearls=0 eyes=0
[00:14:31] [main/INFO] (Minecraft) [CHAT] §2§l§o[TenorClef] §rT2 [HIST] 6:35.8 CHILD HolePillarTask -> ConstructNetherPortalBucketTask ph=PORTAL @-2,65,-79 sky=8 wet=false ground=true pick=1 buck=2 iron=0 ore=1 rods=0 pearls=0 eyes=0
[00:14:31] [main/INFO] (Minecraft) [CHAT] §2§l§o[TenorClef] §rT2 [NOW] t=6:35.9 ph=PORTAL @-2,65,-79 do=<T2 pillar-out>  eq=air woodpick=1 stonepick=1 pick=1 iron=0 buck=1
[00:14:31] [main/INFO] (Minecraft) [CHAT] §2§l§o[TenorClef] §rT2 [HIST] 6:35.9 CHILD ConstructNetherPortalBucketTask -> HolePillarTask ph=PORTAL @-2,65,-79 sky=8 wet=false ground=true pick=1 buck=2 iron=0 ore=1 rods=0 pearls=0 eyes=0
[00:14:31] [main/INFO] (Minecraft) [CHAT] §2§l§o[TenorClef] §rT2 [HIST] 6:35.9 CHILD HolePillarTask -> ConstructNetherPortalBucketTask ph=PORTAL @-2,65,-79 sky=8 wet=false ground=true pick=1 buck=2 iron=0 ore=1 rods=0 pearls=0 eyes=0
[00:14:32] [main/INFO] (Minecraft) [CHAT] §2§l§o[TenorClef] §rT2 [HIST] 6:35.9 CHILD ConstructNetherPortalBucketTask -> HolePillarTask ph=PORTAL @-2,65,-79 sky=8 wet=false ground=true pick=1 buck=2 iron=0 ore=1 rods=0 pearls=0 eyes=0
[00:14:32] [main/INFO] (Minecraft) [CHAT] §2§l§o[TenorClef] §rT2 [HIST] 6:35.9 CHILD HolePillarTask -> ConstructNetherPortalBucketTask ph=PORTAL @-2,65,-79 sky=8 wet=false ground=true pick=1 buck=2 iron=0 ore=1 rods=0 pearls=0 eyes=0
[00:14:32] [main/INFO] (Minecraft) [CHAT] §2§l§o[TenorClef] §rT2 [HIST] 6:36.0 CHILD ConstructNetherPortalBucketTask -> HolePillarTask ph=PORTAL @-2,65,-79 sky=8 wet=false ground=true pick=1 buck=2 iron=0 ore=1 rods=0 pearls=0 eyes=0
[00:14:32] [main/INFO] (Minecraft) [CHAT] §2§l§o[TenorClef] §rT2 [HIST] 6:36.0 CHILD HolePillarTask -> ConstructNetherPortalBucketTask ph=PORTAL @-2,65,-79 sky=8 wet=false ground=true pick=1 buck=2 iron=0 ore=1 rods=0 pearls=0 eyes=0
[00:14:32] [main/INFO] (Minecraft) [CHAT] §2§l§o[TenorClef] §rT2 [HIST] 6:36.0 CHILD ConstructNetherPortalBucketTask -> HolePillarTask ph=PORTAL @-2,65,-79 sky=8 wet=false ground=true pick=1 buck=2 iron=0 ore=1 rods=0 pearls=0 eyes=0
[00:14:32] [main/INFO] (Minecraft) [CHAT] §2§l§o[TenorClef] §rT2 [HIST] 6:36.0 CHILD HolePillarTask -> ConstructNetherPortalBucketTask ph=PORTAL @-2,65,-79 sky=8 wet=false ground=true pick=1 buck=2 iron=0 ore=1 rods=0 pearls=0 eyes=0
[00:14:32] [main/INFO] (Minecraft) [CHAT] §2§l§o[TenorClef] §rT2 [HIST] 6:36.1 CHILD ConstructNetherPortalBucketTask -> HolePillarTask ph=PORTAL @-2,65,-79 sky=8 wet=false ground=true pick=1 buck=2 iron=0 ore=1 rods=0 pearls=0 eyes=0
[00:14:32] [main/INFO] (Minecraft) [CHAT] §2§l§o[TenorClef] §rT2 [HIST] 6:36.1 CHILD HolePillarTask -> ConstructNetherPortalBucketTask ph=PORTAL @-2,65,-79 sky=8 wet=false ground=true pick=1 buck=2 iron=0 ore=1 rods=0 pearls=0 eyes=0
[00:14:32] [main/INFO] (Minecraft) [CHAT] §2§l§o[TenorClef] §rT2 [HIST] 6:36.1 CHILD ConstructNetherPortalBucketTask -> HolePillarTask ph=PORTAL @-2,65,-79 sky=8 wet=false ground=true pick=1 buck=2 iron=0 ore=1 rods=0 pearls=0 eyes=0
[00:14:32] [main/INFO] (Minecraft) [CHAT] §2§l§o[TenorClef] §rT2 [HIST] 6:36.1 CHILD HolePillarTask -> ConstructNetherPortalBucketTask ph=PORTAL @-2,65,-79 sky=8 wet=false ground=true pick=1 buck=2 iron=0 ore=1 rods=0 pearls=0 eyes=0
[00:14:32] [main/INFO] (Minecraft) [CHAT] §2§l§o[TenorClef] §rT2 [HIST] 6:36.1 CHILD ConstructNetherPortalBucketTask -> HolePillarTask ph=PORTAL @-2,65,-79 sky=8 wet=false ground=true pick=1 buck=2 iron=0 ore=1 rods=0 pearls=0 eyes=0
[00:14:32] [main/INFO] (Minecraft) [CHAT] §2§l§o[TenorClef] §rT2 [HIST] 6:36.1 CHILD HolePillarTask -> ConstructNetherPortalBucketTask ph=PORTAL @-2,65,-79 sky=8 wet=false ground=true pick=1 buck=2 iron=0 ore=1 rods=0 pearls=0 eyes=0
[00:14:32] [main/INFO] (Minecraft) [CHAT] §2§l§o[TenorClef] §rT2 [HIST] 6:36.2 CHILD ConstructNetherPortalBucketTask -> HolePillarTask ph=PORTAL @-2,65,-79 sky=8 wet=false ground=true pick=1 buck=2 iron=0 ore=1 rods=0 pearls=0 eyes=0
[00:14:32] [main/INFO] (Minecraft) [CHAT] §2§l§o[TenorClef] §rT2 [HIST] 6:36.2 CHILD HolePillarTask -> ConstructNetherPortalBucketTask ph=PORTAL @-2,65,-79 sky=8 wet=false ground=true pick=1 buck=2 iron=0 ore=1 rods=0 pearls=0 eyes=0
[00:14:32] [main/INFO] (Minecraft) [CHAT] §2§l§o[TenorClef] §rT2 [HIST] 6:36.2 CHILD ConstructNetherPortalBucketTask -> HolePillarTask ph=PORTAL @-2,65,-79 sky=8 wet=false ground=true pick=1 buck=2 iron=0 ore=1 rods=0 pearls=0 eyes=0
[00:14:32] [main/INFO] (Minecraft) [CHAT] §2§l§o[TenorClef] §rT2 [HIST] 6:36.2 CHILD HolePillarTask -> ConstructNetherPortalBucketTask ph=PORTAL @-2,65,-79 sky=8 wet=false ground=true pick=1 buck=2 iron=0 ore=1 rods=0 pearls=0 eyes=0
[00:14:32] [main/INFO] (Minecraft) [CHAT] §2§l§o[TenorClef] §rT2 [HIST] 6:36.3 CHILD ConstructNetherPortalBucketTask -> HolePillarTask ph=PORTAL @-2,65,-79 sky=8 wet=false ground=true pick=1 buck=2 iron=0 ore=1 rods=0 pearls=0 eyes=0
[00:14:32] [main/INFO] (Minecraft) [CHAT] §2§l§o[TenorClef] §rT2 [HIST] 6:36.3 CHILD HolePillarTask -> ConstructNetherPortalBucketTask ph=PORTAL @-2,65,-79 sky=8 wet=false ground=true pick=1 buck=2 iron=0 ore=1 rods=0 pearls=0 eyes=0
[00:14:32] [main/INFO] (Minecraft) [CHAT] §2§l§o[TenorClef] §rT2 [HIST] 6:36.3 CHILD ConstructNetherPortalBucketTask -> HolePillarTask ph=PORTAL @-2,65,-79 sky=8 wet=false ground=true pick=1 buck=2 iron=0 ore=1 rods=0 pearls=0 eyes=0
[00:14:32] [main/INFO] (Minecraft) [CHAT] §2§l§o[TenorClef] §rT2 [HIST] 6:36.3 CHILD HolePillarTask -> ConstructNetherPortalBucketTask ph=PORTAL @-2,65,-79 sky=8 wet=false ground=true pick=1 buck=2 iron=0 ore=1 rods=0 pearls=0 eyes=0
[00:14:32] [main/INFO] (Minecraft) [CHAT] §2§l§o[TenorClef] §rT2 [HIST] 6:36.4 CHILD ConstructNetherPortalBucketTask -> HolePillarTask ph=PORTAL @-2,65,-79 sky=8 wet=false ground=true pick=1 buck=2 iron=0 ore=1 rods=0 pearls=0 eyes=0
[00:14:32] [main/INFO] (Minecraft) [CHAT] §2§l§o[TenorClef] §rT2 [HIST] 6:36.4 CHILD HolePillarTask -> ConstructNetherPortalBucketTask ph=PORTAL @-2,65,-79 sky=8 wet=false ground=true pick=1 buck=2 iron=0 ore=1 rods=0 pearls=0 eyes=0
[00:14:32] [main/INFO] (Minecraft) [CHAT] §2§l§o[TenorClef] §rT2 [HIST] 6:36.4 CHILD ConstructNetherPortalBucketTask -> HolePillarTask ph=PORTAL @-2,65,-79 sky=8 wet=false ground=true pick=1 buck=2 iron=0 ore=1 rods=0 pearls=0 eyes=0
[00:14:32] [main/INFO] (Minecraft) [CHAT] §2§l§o[TenorClef] §rT2 [HIST] 6:36.4 CHILD HolePillarTask -> ConstructNetherPortalBucketTask ph=PORTAL @-2,65,-79 sky=8 wet=false ground=true pick=1 buck=2 iron=0 ore=1 rods=0 pearls=0 eyes=0
[00:14:32] [main/INFO] (Minecraft) [CHAT] §2§l§o[TenorClef] §rT2 [HIST] 6:36.5 CHILD ConstructNetherPortalBucketTask -> HolePillarTask ph=PORTAL @-2,65,-79 sky=8 wet=false ground=true pick=1 buck=2 iron=0 ore=1 rods=0 pearls=0 eyes=0
[00:14:32] [main/INFO] (Minecraft) [CHAT] §2§l§o[TenorClef] §rT2 [HIST] 6:36.5 CHILD HolePillarTask -> ConstructNetherPortalBucketTask ph=PORTAL @-2,65,-79 sky=8 wet=false ground=true pick=1 buck=2 iron=0 ore=1 rods=0 pearls=0 eyes=0
[00:14:32] [main/INFO] (Minecraft) [CHAT] §2§l§o[TenorClef] §rT2 [HIST] 6:36.5 CHILD ConstructNetherPortalBucketTask -> HolePillarTask ph=PORTAL @-2,65,-79 sky=8 wet=false ground=true pick=1 buck=2 iron=0 ore=1 rods=0 pearls=0 eyes=0
[00:14:32] [main/INFO] (Minecraft) [CHAT] §2§l§o[TenorClef] §rT2 [HIST] 6:36.5 CHILD HolePillarTask -> ConstructNetherPortalBucketTask ph=PORTAL @-2,65,-79 sky=8 wet=false ground=true pick=1 buck=2 iron=0 ore=1 rods=0 pearls=0 eyes=0
[00:14:32] [main/INFO] (Minecraft) [CHAT] §2§l§o[TenorClef] §rT2 [HIST] 6:36.6 CHILD ConstructNetherPortalBucketTask -> HolePillarTask ph=PORTAL @-2,64,-79 sky=7 wet=false ground=false pick=1 buck=2 iron=0 ore=1 rods=0 pearls=0 eyes=0
[00:14:32] [main/INFO] (Minecraft) [CHAT] §2§l§o[TenorClef] §rT2 [HIST] 6:36.6 CHILD HolePillarTask -> ConstructNetherPortalBucketTask ph=PORTAL @-2,64,-79 sky=7 wet=false ground=false pick=1 buck=2 iron=0 ore=1 rods=0 pearls=0 eyes=0
[00:14:32] [main/INFO] (Minecraft) [CHAT] §2§l§o[TenorClef] §rT2 [HIST] 6:36.6 CHILD ConstructNetherPortalBucketTask -> HolePillarTask ph=PORTAL @-2,64,-79 sky=7 wet=false ground=false pick=1 buck=2 iron=0 ore=1 rods=0 pearls=0 eyes=0
[00:14:32] [main/INFO] (Minecraft) [CHAT] §2§l§o[TenorClef] §rT2 [HIST] 6:36.6 CHILD HolePillarTask -> ConstructNetherPortalBucketTask ph=PORTAL @-2,64,-79 sky=7 wet=false ground=false pick=1 buck=2 iron=0 ore=1 rods=0 pearls=0 eyes=0
[00:14:32] [main/INFO] (Minecraft) [CHAT] §2§l§o[TenorClef] §rT2 [HIST] 6:36.7 CHILD ConstructNetherPortalBucketTask -> HolePillarTask ph=PORTAL @-2,64,-79 sky=7 wet=false ground=false pick=1 buck=2 iron=0 ore=1 rods=0 pearls=0 eyes=0
[00:14:32] [main/INFO] (Minecraft) [CHAT] §2§l§o[TenorClef] §rT2 [HIST] 6:36.7 CHILD HolePillarTask -> ConstructNetherPortalBucketTask ph=PORTAL @-2,64,-79 sky=7 wet=false ground=false pick=1 buck=2 iron=0 ore=1 rods=0 pearls=0 eyes=0
[00:14:32] [main/INFO] (Minecraft) [CHAT] §2§l§o[TenorClef] §rT2 [HIST] 6:36.7 CHILD ConstructNetherPortalBucketTask -> HolePillarTask ph=PORTAL @-2,64,-79 sky=7 wet=false ground=false pick=1 buck=2 iron=0 ore=1 rods=0 pearls=0 eyes=0
[00:14:32] [main/INFO] (Minecraft) [CHAT] §2§l§o[TenorClef] §rT2 [HIST] 6:36.7 CHILD HolePillarTask -> ConstructNetherPortalBucketTask ph=PORTAL @-2,64,-79 sky=7 wet=false ground=false pick=1 buck=2 iron=0 ore=1 rods=0 pearls=0 eyes=0
[00:14:32] [main/INFO] (Minecraft) [CHAT] §2§l§o[TenorClef] §rT2 [HIST] 6:36.8 CHILD ConstructNetherPortalBucketTask -> HolePillarTask ph=PORTAL @-2,64,-79 sky=7 wet=false ground=true pick=1 buck=2 iron=0 ore=1 rods=0 pearls=0 eyes=0
[00:14:32] [main/INFO] (Minecraft) [CHAT] §2§l§o[TenorClef] §rT2 [HIST] 6:36.8 [E100] jumps=6 @-2,64,-79 ph=PORTAL child=HolePillarTask
[00:14:32] [main/INFO] (Minecraft) [CHAT] §2§l§o[TenorClef] §rT2 [HIST] 6:36.8 CHILD HolePillarTask -> ConstructNetherPortalBucketTask ph=PORTAL @-2,64,-79 sky=7 wet=false ground=true pick=1 buck=2 iron=0 ore=1 rods=0 pearls=0 eyes=0
[00:14:32] [main/INFO] (Minecraft) [CHAT] §2§l§o[TenorClef] §rT2 [NOW] t=6:36.9 ph=PORTAL @-2,64,-79 do=<T2 pillar-out>  eq=air woodpick=1 stonepick=1 pick=1 iron=0 buck=1
[00:14:32] [main/INFO] (Minecraft) [CHAT] §2§l§o[TenorClef] §rT2 [HIST] 6:36.9 CHILD ConstructNetherPortalBucketTask -> HolePillarTask ph=PORTAL @-2,64,-79 sky=7 wet=false ground=true pick=1 buck=2 iron=0 ore=1 rods=0 pearls=0 eyes=0
[00:14:32] [main/INFO] (Minecraft) [CHAT] §2§l§o[TenorClef] §rT2 [HIST] 6:36.9 CHILD HolePillarTask -> ConstructNetherPortalBucketTask ph=PORTAL @-2,64,-79 sky=7 wet=false ground=true pick=1 buck=2 iron=0 ore=1 rods=0 pearls=0 eyes=0
[00:14:33] [main/INFO] (Minecraft) [CHAT] §2§l§o[TenorClef] §rT2 [HIST] 6:36.9 CHILD ConstructNetherPortalBucketTask -> HolePillarTask ph=PORTAL @-2,64,-79 sky=7 wet=false ground=true pick=1 buck=2 iron=0 ore=1 rods=0 pearls=0 eyes=0
[00:14:33] [main/INFO] (Minecraft) [CHAT] §2§l§o[TenorClef] §rT2 [HIST] 6:36.9 CHILD HolePillarTask -> ConstructNetherPortalBucketTask ph=PORTAL @-2,64,-79 sky=7 wet=false ground=true pick=1 buck=2 iron=0 ore=1 rods=0 pearls=0 eyes=0
[00:14:33] [main/INFO] (Minecraft) [CHAT] §2§l§o[TenorClef] §rT2 [HIST] 6:36.9 CHILD ConstructNetherPortalBucketTask -> HolePillarTask ph=PORTAL @-2,64,-79 sky=7 wet=false ground=true pick=1 buck=2 iron=0 ore=1 rods=0 pearls=0 eyes=0
[00:14:33] [main/INFO] (Minecraft) [CHAT] §2§l§o[TenorClef] §rT2 [HIST] 6:36.9 CHILD HolePillarTask -> ConstructNetherPortalBucketTask ph=PORTAL @-2,64,-79 sky=7 wet=false ground=true pick=1 buck=2 iron=0 ore=1 rods=0 pearls=0 eyes=0
[00:14:33] [main/INFO] (Minecraft) [CHAT] §2§l§o[TenorClef] §rT2 [HIST] 6:37.0 CHILD ConstructNetherPortalBucketTask -> HolePillarTask ph=PORTAL @-2,64,-79 sky=7 wet=false ground=true pick=1 buck=2 iron=0 ore=1 rods=0 pearls=0 eyes=0
[00:14:33] [main/INFO] (Minecraft) [CHAT] §2§l§o[TenorClef] §rT2 [HIST] 6:37.0 CHILD HolePillarTask -> ConstructNetherPortalBucketTask ph=PORTAL @-2,64,-79 sky=7 wet=false ground=true pick=1 buck=2 iron=0 ore=1 rods=0 pearls=0 eyes=0
[00:14:33] [main/INFO] (Minecraft) [CHAT] §2§l§o[TenorClef] §rT2 [HIST] 6:37.0 CHILD ConstructNetherPortalBucketTask -> HolePillarTask ph=PORTAL @-2,64,-79 sky=7 wet=false ground=true pick=1 buck=2 iron=0 ore=1 rods=0 pearls=0 eyes=0
[00:14:33] [main/INFO] (Minecraft) [CHAT] §2§l§o[TenorClef] §rT2 [HIST] 6:37.0 CHILD HolePillarTask -> ConstructNetherPortalBucketTask ph=PORTAL @-2,64,-79 sky=7 wet=false ground=true pick=1 buck=2 iron=0 ore=1 rods=0 pearls=0 eyes=0
[00:14:33] [main/INFO] (Minecraft) [CHAT] §2§l§o[TenorClef] §rT2 [HIST] 6:37.1 CHILD ConstructNetherPortalBucketTask -> HolePillarTask ph=PORTAL @-2,64,-79 sky=7 wet=false ground=true pick=1 buck=2 iron=0 ore=1 rods=0 pearls=0 eyes=0
[00:14:33] [main/INFO] (Minecraft) [CHAT] §2§l§o[TenorClef] §rT2 [HIST] 6:37.1 CHILD HolePillarTask -> ConstructNetherPortalBucketTask ph=PORTAL @-2,64,-79 sky=7 wet=false ground=true pick=1 buck=2 iron=0 ore=1 rods=0 pearls=0 eyes=0
[00:14:33] [main/INFO] (Minecraft) [CHAT] §2§l§o[TenorClef] §rT2 [HIST] 6:37.1 CHILD ConstructNetherPortalBucketTask -> HolePillarTask ph=PORTAL @-2,64,-79 sky=7 wet=false ground=true pick=1 buck=2 iron=0 ore=1 rods=0 pearls=0 eyes=0
[00:14:33] [main/INFO] (Minecraft) [CHAT] §2§l§o[TenorClef] §rT2 [HIST] 6:37.1 SNAP ph=PORTAL @-2,64,-79 sky=7 wet=false ground=true pick=1 buck=2 iron=0 ore=1 rods=0 pearls=0 eyes=0 child=HolePillarTask dbg=<T2 pillar-out>  mobs=none
[00:14:33] [main/INFO] (Minecraft) [CHAT] §2§l§o[TenorClef] §rT2 [HIST] 6:37.1 CHILD HolePillarTask -> ConstructNetherPortalBucketTask ph=PORTAL @-2,64,-79 sky=7 wet=false ground=true pick=1 buck=2 iron=0 ore=1 rods=0 pearls=0 eyes=0
[00:14:33] [main/INFO] (Minecraft) [CHAT] §2§l§o[TenorClef] §rT2 [HIST] 6:37.2 CHILD ConstructNetherPortalBucketTask -> HolePillarTask ph=PORTAL @-2,64,-79 sky=7 wet=false ground=true pick=1 buck=2 iron=0 ore=1 rods=0 pearls=0 eyes=0
[00:14:33] [main/INFO] (Minecraft) [CHAT] §2§l§o[TenorClef] §rT2 [HIST] 6:37.2 CHILD HolePillarTask -> ConstructNetherPortalBucketTask ph=PORTAL @-2,64,-79 sky=7 wet=false ground=true pick=1 buck=2 iron=0 ore=1 rods=0 pearls=0 eyes=0
[00:14:33] [main/INFO] (Minecraft) [CHAT] §2§l§o[TenorClef] §rT2 [HIST] 6:37.3 CHILD ConstructNetherPortalBucketTask -> HolePillarTask ph=PORTAL @-2,64,-79 sky=7 wet=false ground=true pick=1 buck=2 iron=0 ore=1 rods=0 pearls=0 eyes=0
[00:14:33] [main/INFO] (Minecraft) [CHAT] §2§l§o[TenorClef] §rT2 [HIST] 6:37.3 CHILD HolePillarTask -> ConstructNetherPortalBucketTask ph=PORTAL @-2,64,-79 sky=7 wet=false ground=true pick=1 buck=2 iron=0 ore=1 rods=0 pearls=0 eyes=0
[00:14:33] [main/INFO] (Minecraft) [CHAT] §2§l§o[TenorClef] §rT2 [HIST] 6:37.3 CHILD ConstructNetherPortalBucketTask -> HolePillarTask ph=PORTAL @-2,64,-79 sky=7 wet=false ground=true pick=1 buck=2 iron=0 ore=1 rods=0 pearls=0 eyes=0
[00:14:33] [main/INFO] (Minecraft) [CHAT] §2§l§o[TenorClef] §rT2 [HIST] 6:37.3 CHILD HolePillarTask -> ConstructNetherPortalBucketTask ph=PORTAL @-2,64,-79 sky=7 wet=false ground=true pick=1 buck=2 iron=0 ore=1 rods=0 pearls=0 eyes=0
[00:14:33] [main/INFO] (Minecraft) [CHAT] §2§l§o[TenorClef] §rT2 [HIST] 6:37.4 CHILD ConstructNetherPortalBucketTask -> HolePillarTask ph=PORTAL @-2,64,-79 sky=7 wet=false ground=true pick=1 buck=2 iron=0 ore=1 rods=0 pearls=0 eyes=0
[00:14:33] [main/INFO] (Minecraft) [CHAT] §2§l§o[TenorClef] §rT2 [HIST] 6:37.4 CHILD HolePillarTask -> ConstructNetherPortalBucketTask ph=PORTAL @-2,64,-79 sky=7 wet=false ground=true pick=1 buck=2 iron=0 ore=1 rods=0 pearls=0 eyes=0
[00:14:33] [main/INFO] (Minecraft) [CHAT] §2§l§o[TenorClef] §rT2 [HIST] 6:37.4 CHILD ConstructNetherPortalBucketTask -> HolePillarTask ph=PORTAL @-2,64,-79 sky=7 wet=false ground=true pick=1 buck=2 iron=0 ore=1 rods=0 pearls=0 eyes=0
[00:14:33] [main/INFO] (Minecraft) [CHAT] §2§l§o[TenorClef] §rT2 [HIST] 6:37.4 CHILD HolePillarTask -> ConstructNetherPortalBucketTask ph=PORTAL @-2,64,-79 sky=7 wet=false ground=true pick=1 buck=2 iron=0 ore=1 rods=0 pearls=0 eyes=0
[00:14:33] [main/INFO] (Minecraft) [CHAT] §2§l§o[TenorClef] §rT2 [HIST] 6:37.4 CHILD ConstructNetherPortalBucketTask -> HolePillarTask ph=PORTAL @-2,64,-79 sky=7 wet=false ground=true pick=1 buck=2 iron=0 ore=1 rods=0 pearls=0 eyes=0
[00:14:33] [main/INFO] (Minecraft) [CHAT] §2§l§o[TenorClef] §rT2 [HIST] 6:37.4 CHILD HolePillarTask -> ConstructNetherPortalBucketTask ph=PORTAL @-2,64,-79 sky=7 wet=false ground=true pick=1 buck=2 iron=0 ore=1 rods=0 pearls=0 eyes=0
[00:14:33] [main/INFO] (Minecraft) [CHAT] §2§l§o[TenorClef] §rT2 [HIST] 6:37.5 CHILD ConstructNetherPortalBucketTask -> HolePillarTask ph=PORTAL @-2,64,-79 sky=7 wet=false ground=true pick=1 buck=2 iron=0 ore=1 rods=0 pearls=0 eyes=0
[00:14:33] [main/INFO] (Minecraft) [CHAT] §2§l§o[TenorClef] §rT2 [HIST] 6:37.5 CHILD HolePillarTask -> ConstructNetherPortalBucketTask ph=PORTAL @-2,64,-79 sky=7 wet=false ground=true pick=1 buck=2 iron=0 ore=1 rods=0 pearls=0 eyes=0
[00:14:33] [main/INFO] (Minecraft) [CHAT] §2§l§o[TenorClef] §rT2 [HIST] 6:37.5 CHILD ConstructNetherPortalBucketTask -> HolePillarTask ph=PORTAL @-2,64,-79 sky=7 wet=false ground=true pick=1 buck=2 iron=0 ore=1 rods=0 pearls=0 eyes=0
[00:14:33] [main/INFO] (Minecraft) [CHAT] §2§l§o[TenorClef] §rT2 [HIST] 6:37.5 CHILD HolePillarTask -> ConstructNetherPortalBucketTask ph=PORTAL @-2,64,-79 sky=7 wet=false ground=true pick=1 buck=2 iron=0 ore=1 rods=0 pearls=0 eyes=0
[00:14:33] [main/INFO] (Minecraft) [CHAT] §2§l§o[TenorClef] §rT2 [HIST] 6:37.6 CHILD ConstructNetherPortalBucketTask -> HolePillarTask ph=PORTAL @-2,64,-79 sky=7 wet=false ground=true pick=1 buck=2 iron=0 ore=1 rods=0 pearls=0 eyes=0
[00:14:33] [main/INFO] (Minecraft) [CHAT] §2§l§o[TenorClef] §rT2 [HIST] 6:37.6 CHILD HolePillarTask -> ConstructNetherPortalBucketTask ph=PORTAL @-2,64,-79 sky=7 wet=false ground=true pick=1 buck=2 iron=0 ore=1 rods=0 pearls=0 eyes=0
[00:14:33] [main/INFO] (Minecraft) [CHAT] §2§l§o[TenorClef] §rT2 [HIST] 6:37.7 CHILD ConstructNetherPortalBucketTask -> HolePillarTask ph=PORTAL @-2,64,-79 sky=7 wet=false ground=true pick=1 buck=2 iron=0 ore=1 rods=0 pearls=0 eyes=0
[00:14:33] [main/INFO] (Minecraft) [CHAT] §2§l§o[TenorClef] §rT2 [HIST] 6:37.7 CHILD HolePillarTask -> ConstructNetherPortalBucketTask ph=PORTAL @-2,64,-79 sky=7 wet=false ground=true pick=1 buck=2 iron=0 ore=1 rods=0 pearls=0 eyes=0
[00:14:33] [main/INFO] (Minecraft) [CHAT] §2§l§o[TenorClef] §rT2 [HIST] 6:37.7 CHILD ConstructNetherPortalBucketTask -> HolePillarTask ph=PORTAL @-2,64,-79 sky=7 wet=false ground=true pick=1 buck=2 iron=0 ore=1 rods=0 pearls=0 eyes=0
[00:14:33] [main/INFO] (Minecraft) [CHAT] §2§l§o[TenorClef] §rT2 [HIST] 6:37.7 CHILD HolePillarTask -> ConstructNetherPortalBucketTask ph=PORTAL @-2,64,-79 sky=7 wet=false ground=true pick=1 buck=2 iron=0 ore=1 rods=0 pearls=0 eyes=0
[00:14:33] [main/INFO] (Minecraft) [CHAT] §2§l§o[TenorClef] §rT2 [HIST] 6:37.8 CHILD ConstructNetherPortalBucketTask -> HolePillarTask ph=PORTAL @-2,64,-79 sky=7 wet=false ground=true pick=1 buck=2 iron=0 ore=1 rods=0 pearls=0 eyes=0
[00:14:33] [main/INFO] (Minecraft) [CHAT] §2§l§o[TenorClef] §rT2 [HIST] 6:37.8 CHILD HolePillarTask -> ConstructNetherPortalBucketTask ph=PORTAL @-2,64,-79 sky=7 wet=false ground=true pick=1 buck=2 iron=0 ore=1 rods=0 pearls=0 eyes=0
[00:14:33] [main/INFO] (Minecraft) [CHAT] §2§l§o[TenorClef] §rT2 [HIST] 6:37.8 CHILD ConstructNetherPortalBucketTask -> HolePillarTask ph=PORTAL @-2,63,-79 sky=6 wet=false ground=false pick=1 buck=2 iron=0 ore=1 rods=0 pearls=0 eyes=0
[00:14:33] [main/INFO] (Minecraft) [CHAT] §2§l§o[TenorClef] §rT2 [HIST] 6:37.8 CHILD HolePillarTask -> ConstructNetherPortalBucketTask ph=PORTAL @-2,63,-79 sky=6 wet=false ground=false pick=1 buck=2 iron=0 ore=1 rods=0 pearls=0 eyes=0
[00:14:33] [main/INFO] (Minecraft) [CHAT] §2§l§o[TenorClef] §rT2 [NOW] t=6:37.8 ph=PORTAL @-2,63,-79 do=<T2 pillar-out>  eq=air woodpick=1 stonepick=1 pick=1 iron=0 buck=1
[00:14:33] [main/INFO] (Minecraft) [CHAT] §2§l§o[TenorClef] §rT2 [HIST] 6:37.8 CHILD ConstructNetherPortalBucketTask -> HolePillarTask ph=PORTAL @-2,63,-79 sky=6 wet=false ground=false pick=1 buck=2 iron=0 ore=1 rods=0 pearls=0 eyes=0
[00:14:33] [main/INFO] (Minecraft) [CHAT] §2§l§o[TenorClef] §rT2 [HIST] 6:37.8 CHILD HolePillarTask -> ConstructNetherPortalBucketTask ph=PORTAL @-2,63,-79 sky=6 wet=false ground=false pick=1 buck=2 iron=0 ore=1 rods=0 pearls=0 eyes=0
[00:14:34] [main/INFO] (Minecraft) [CHAT] §2§l§o[TenorClef] §rT2 [HIST] 6:37.9 CHILD ConstructNetherPortalBucketTask -> HolePillarTask ph=PORTAL @-2,63,-79 sky=6 wet=false ground=false pick=1 buck=2 iron=0 ore=1 rods=0 pearls=0 eyes=0
[00:14:34] [main/INFO] (Minecraft) [CHAT] §2§l§o[TenorClef] §rT2 [HIST] 6:37.9 CHILD HolePillarTask -> ConstructNetherPortalBucketTask ph=PORTAL @-2,63,-79 sky=6 wet=false ground=false pick=1 buck=2 iron=0 ore=1 rods=0 pearls=0 eyes=0
[00:14:34] [main/INFO] (Minecraft) [CHAT] §2§l§o[TenorClef] §rT2 [HIST] 6:38.0 CHILD ConstructNetherPortalBucketTask -> HolePillarTask ph=PORTAL @-2,63,-79 sky=6 wet=false ground=false pick=1 buck=2 iron=0 ore=1 rods=0 pearls=0 eyes=0
[00:14:34] [main/INFO] (Minecraft) [CHAT] §2§l§o[TenorClef] §rT2 [HIST] 6:38.0 CHILD HolePillarTask -> ConstructNetherPortalBucketTask ph=PORTAL @-2,63,-79 sky=6 wet=false ground=false pick=1 buck=2 iron=0 ore=1 rods=0 pearls=0 eyes=0
[00:14:34] [main/INFO] (Minecraft) [CHAT] §2§l§o[TenorClef] §rT2 [HIST] 6:38.0 CHILD ConstructNetherPortalBucketTask -> HolePillarTask ph=PORTAL @-2,63,-79 sky=6 wet=false ground=true pick=1 buck=2 iron=0 ore=1 rods=0 pearls=0 eyes=0
[00:14:34] [main/INFO] (Minecraft) [CHAT] §2§l§o[TenorClef] §rT2 [HIST] 6:38.0 CHILD HolePillarTask -> ConstructNetherPortalBucketTask ph=PORTAL @-2,63,-79 sky=6 wet=false ground=true pick=1 buck=2 iron=0 ore=1 rods=0 pearls=0 eyes=0
[00:14:34] [main/INFO] (Minecraft) [CHAT] §2§l§o[TenorClef] §rT2 [HIST] 6:38.0 CHILD ConstructNetherPortalBucketTask -> HolePillarTask ph=PORTAL @-2,63,-79 sky=6 wet=false ground=true pick=1 buck=2 iron=0 ore=1 rods=0 pearls=0 eyes=0
[00:14:34] [main/INFO] (Minecraft) [CHAT] §2§l§o[TenorClef] §rT2 [HIST] 6:38.0 CHILD HolePillarTask -> ConstructNetherPortalBucketTask ph=PORTAL @-2,63,-79 sky=6 wet=false ground=true pick=1 buck=2 iron=0 ore=1 rods=0 pearls=0 eyes=0
[00:14:34] [main/INFO] (Minecraft) [CHAT] §2§l§o[TenorClef] §rT2 [HIST] 6:38.1 CHILD ConstructNetherPortalBucketTask -> HolePillarTask ph=PORTAL @-2,63,-79 sky=6 wet=false ground=true pick=1 buck=2 iron=0 ore=1 rods=0 pearls=0 eyes=0
[00:14:34] [main/INFO] (Minecraft) [CHAT] §2§l§o[TenorClef] §rT2 [HIST] 6:38.1 CHILD HolePillarTask -> ConstructNetherPortalBucketTask ph=PORTAL @-2,63,-79 sky=6 wet=false ground=true pick=1 buck=2 iron=0 ore=1 rods=0 pearls=0 eyes=0
[00:14:34] [main/INFO] (Minecraft) [CHAT] §2§l§o[TenorClef] §rT2 [HIST] 6:38.1 CHILD ConstructNetherPortalBucketTask -> HolePillarTask ph=PORTAL @-2,63,-79 sky=6 wet=false ground=true pick=1 buck=2 iron=0 ore=1 rods=0 pearls=0 eyes=0
[00:14:34] [main/INFO] (Minecraft) [CHAT] §2§l§o[TenorClef] §rT2 [HIST] 6:38.1 CHILD HolePillarTask -> ConstructNetherPortalBucketTask ph=PORTAL @-2,63,-79 sky=6 wet=false ground=true pick=1 buck=2 iron=0 ore=1 rods=0 pearls=0 eyes=0
[00:14:34] [main/INFO] (Minecraft) [CHAT] §2§l§o[TenorClef] §rT2 [HIST] 6:38.2 CHILD ConstructNetherPortalBucketTask -> HolePillarTask ph=PORTAL @-2,63,-79 sky=6 wet=false ground=true pick=1 buck=2 iron=0 ore=1 rods=0 pearls=0 eyes=0
[00:14:34] [main/INFO] (Minecraft) [CHAT] §2§l§o[TenorClef] §rT2 [HIST] 6:38.2 CHILD HolePillarTask -> ConstructNetherPortalBucketTask ph=PORTAL @-2,63,-79 sky=6 wet=false ground=true pick=1 buck=2 iron=0 ore=1 rods=0 pearls=0 eyes=0
[00:14:34] [main/INFO] (Minecraft) [CHAT] §2§l§o[TenorClef] §rT2 [HIST] 6:38.2 CHILD ConstructNetherPortalBucketTask -> HolePillarTask ph=PORTAL @-2,63,-79 sky=6 wet=false ground=true pick=1 buck=2 iron=0 ore=1 rods=0 pearls=0 eyes=0
[00:14:34] [main/INFO] (Minecraft) [CHAT] §2§l§o[TenorClef] §rT2 [HIST] 6:38.2 CHILD HolePillarTask -> ConstructNetherPortalBucketTask ph=PORTAL @-2,63,-79 sky=6 wet=false ground=true pick=1 buck=2 iron=0 ore=1 rods=0 pearls=0 eyes=0
[00:14:34] [main/INFO] (Minecraft) [CHAT] §2§l§o[TenorClef] §rT2 [HIST] 6:38.3 CHILD ConstructNetherPortalBucketTask -> HolePillarTask ph=PORTAL @-2,63,-79 sky=6 wet=false ground=true pick=1 buck=2 iron=0 ore=1 rods=0 pearls=0 eyes=0
[00:14:34] [main/INFO] (Minecraft) [CHAT] §2§l§o[TenorClef] §rT2 [HIST] 6:38.3 CHILD HolePillarTask -> ConstructNetherPortalBucketTask ph=PORTAL @-2,63,-79 sky=6 wet=false ground=true pick=1 buck=2 iron=0 ore=1 rods=0 pearls=0 eyes=0
[00:14:34] [main/INFO] (Minecraft) [CHAT] §2§l§o[TenorClef] §rT2 [HIST] 6:38.4 CHILD ConstructNetherPortalBucketTask -> HolePillarTask ph=PORTAL @-2,63,-79 sky=6 wet=false ground=true pick=1 buck=2 iron=0 ore=1 rods=0 pearls=0 eyes=0
[00:14:34] [main/INFO] (Minecraft) [CHAT] §2§l§o[TenorClef] §rT2 [HIST] 6:38.4 CHILD HolePillarTask -> ConstructNetherPortalBucketTask ph=PORTAL @-2,63,-79 sky=6 wet=false ground=true pick=1 buck=2 iron=0 ore=1 rods=0 pearls=0 eyes=0
[00:14:34] [main/INFO] (Minecraft) [CHAT] §2§l§o[TenorClef] §rT2 [HIST] 6:38.4 CHILD ConstructNetherPortalBucketTask -> HolePillarTask ph=PORTAL @-2,63,-79 sky=6 wet=false ground=true pick=1 buck=2 iron=0 ore=1 rods=0 pearls=0 eyes=0
[00:14:34] [main/INFO] (Minecraft) [CHAT] §2§l§o[TenorClef] §rT2 [HIST] 6:38.4 CHILD HolePillarTask -> ConstructNetherPortalBucketTask ph=PORTAL @-2,63,-79 sky=6 wet=false ground=true pick=1 buck=2 iron=0 ore=1 rods=0 pearls=0 eyes=0
[00:14:34] [main/INFO] (Minecraft) [CHAT] §2§l§o[TenorClef] §rT2 [HIST] 6:38.4 CHILD ConstructNetherPortalBucketTask -> HolePillarTask ph=PORTAL @-2,63,-79 sky=6 wet=false ground=true pick=1 buck=2 iron=0 ore=1 rods=0 pearls=0 eyes=0
[00:14:34] [main/INFO] (Minecraft) [CHAT] §2§l§o[TenorClef] §rT2 [HIST] 6:38.4 CHILD HolePillarTask -> ConstructNetherPortalBucketTask ph=PORTAL @-2,63,-79 sky=6 wet=false ground=true pick=1 buck=2 iron=0 ore=1 rods=0 pearls=0 eyes=0
[00:14:34] [main/INFO] (Minecraft) [CHAT] §2§l§o[TenorClef] §rT2 [HIST] 6:38.5 CHILD ConstructNetherPortalBucketTask -> HolePillarTask ph=PORTAL @-2,62,-79 sky=5 wet=false ground=false pick=1 buck=2 iron=0 ore=1 rods=0 pearls=0 eyes=0
[00:14:34] [main/INFO] (Minecraft) [STDOUT]: ALTO CLEF: WARNING: T2 [E116] drop 8 from 70 to 62 ph=PORTAL
[00:14:34] [main/INFO] (Minecraft) [CHAT] §2§l§o[TenorClef] §cT2 [E116] drop 8 from 70 to 62 ph=PORTAL§r
[00:14:34] [main/INFO] (Minecraft) [CHAT] §2§l§o[TenorClef] §rT2 [HIST] 6:38.5 [E116] drop 8 from 70 to 62 ph=PORTAL
[00:14:34] [main/INFO] (Minecraft) [CHAT] §2§l§o[TenorClef] §rT2 [HIST] 6:38.5 CHILD HolePillarTask -> ConstructNetherPortalBucketTask ph=PORTAL @-2,62,-79 sky=5 wet=false ground=false pick=1 buck=2 iron=0 ore=1 rods=0 pearls=0 eyes=0
[00:14:34] [main/INFO] (Minecraft) [CHAT] §2§l§o[TenorClef] §rT2 [HIST] 6:38.6 CHILD ConstructNetherPortalBucketTask -> HolePillarTask ph=PORTAL @-2,62,-79 sky=5 wet=false ground=false pick=1 buck=2 iron=0 ore=1 rods=0 pearls=0 eyes=0
[00:14:34] [main/INFO] (Minecraft) [CHAT] §2§l§o[TenorClef] §rT2 [HIST] 6:38.6 CHILD HolePillarTask -> ConstructNetherPortalBucketTask ph=PORTAL @-2,62,-79 sky=5 wet=false ground=false pick=1 buck=2 iron=0 ore=1 rods=0 pearls=0 eyes=0
[00:14:34] [main/INFO] (Minecraft) [CHAT] §2§l§o[TenorClef] §rT2 [HIST] 6:38.6 CHILD ConstructNetherPortalBucketTask -> HolePillarTask ph=PORTAL @-2,62,-79 sky=5 wet=false ground=false pick=1 buck=2 iron=0 ore=1 rods=0 pearls=0 eyes=0
[00:14:34] [main/INFO] (Minecraft) [CHAT] §2§l§o[TenorClef] §rT2 [HIST] 6:38.6 CHILD HolePillarTask -> ConstructNetherPortalBucketTask ph=PORTAL @-2,62,-79 sky=5 wet=false ground=false pick=1 buck=2 iron=0 ore=1 rods=0 pearls=0 eyes=0
[00:14:34] [main/INFO] (Minecraft) [CHAT] §2§l§o[TenorClef] §rT2 [HIST] 6:38.6 CHILD ConstructNetherPortalBucketTask -> HolePillarTask ph=PORTAL @-2,62,-79 sky=5 wet=false ground=false pick=1 buck=2 iron=0 ore=1 rods=0 pearls=0 eyes=0
[00:14:34] [main/INFO] (Minecraft) [CHAT] §2§l§o[TenorClef] §rT2 [HIST] 6:38.6 CHILD HolePillarTask -> ConstructNetherPortalBucketTask ph=PORTAL @-2,62,-79 sky=5 wet=false ground=false pick=1 buck=2 iron=0 ore=1 rods=0 pearls=0 eyes=0
[00:14:34] [main/INFO] (Minecraft) [CHAT] §2§l§o[TenorClef] §rT2 [HIST] 6:38.7 CHILD ConstructNetherPortalBucketTask -> HolePillarTask ph=PORTAL @-2,62,-79 sky=5 wet=false ground=true pick=1 buck=2 iron=0 ore=1 rods=0 pearls=0 eyes=0
[00:14:34] [main/INFO] (Minecraft) [CHAT] §2§l§o[TenorClef] §rT2 [HIST] 6:38.7 CHILD HolePillarTask -> ConstructNetherPortalBucketTask ph=PORTAL @-2,62,-79 sky=5 wet=false ground=true pick=1 buck=2 iron=0 ore=1 rods=0 pearls=0 eyes=0
[00:14:34] [main/INFO] (Minecraft) [CHAT] §2§l§o[TenorClef] §rT2 [HIST] 6:38.7 CHILD ConstructNetherPortalBucketTask -> HolePillarTask ph=PORTAL @-2,62,-79 sky=5 wet=false ground=true pick=1 buck=2 iron=0 ore=1 rods=0 pearls=0 eyes=0
[00:14:34] [main/INFO] (Minecraft) [CHAT] §2§l§o[TenorClef] §rT2 [HIST] 6:38.7 CHILD HolePillarTask -> ConstructNetherPortalBucketTask ph=PORTAL @-2,62,-79 sky=5 wet=false ground=true pick=1 buck=2 iron=0 ore=1 rods=0 pearls=0 eyes=0
[00:14:34] [main/INFO] (Minecraft) [CHAT] §2§l§o[TenorClef] §rT2 [HIST] 6:38.8 CHILD ConstructNetherPortalBucketTask -> HolePillarTask ph=PORTAL @-2,62,-79 sky=5 wet=false ground=true pick=1 buck=2 iron=0 ore=1 rods=0 pearls=0 eyes=0
[00:14:34] [main/INFO] (Minecraft) [CHAT] §2§l§o[TenorClef] §rT2 [HIST] 6:38.8 CHILD HolePillarTask -> ConstructNetherPortalBucketTask ph=PORTAL @-2,62,-79 sky=5 wet=false ground=true pick=1 buck=2 iron=0 ore=1 rods=0 pearls=0 eyes=0
[00:14:34] [main/INFO] (Minecraft) [CHAT] §2§l§o[TenorClef] §rT2 [NOW] t=6:38.9 ph=PORTAL @-2,62,-79 do=<T2 pillar-out>  eq=iron_pickaxe woodpick=1 stonepick=1 pick=1 iron=0 buck=1
[00:14:34] [main/INFO] (Minecraft) [CHAT] §2§l§o[TenorClef] §rT2 [HIST] 6:38.9 CHILD ConstructNetherPortalBucketTask -> HolePillarTask ph=PORTAL @-2,62,-79 sky=5 wet=false ground=true pick=1 buck=2 iron=0 ore=1 rods=0 pearls=0 eyes=0
[00:14:34] [main/INFO] (Minecraft) [CHAT] §2§l§o[TenorClef] §rT2 [HIST] 6:38.9 CHILD HolePillarTask -> ConstructNetherPortalBucketTask ph=PORTAL @-2,62,-79 sky=5 wet=false ground=true pick=1 buck=2 iron=0 ore=1 rods=0 pearls=0 eyes=0
[00:14:35] [main/INFO] (Minecraft) [CHAT] §2§l§o[TenorClef] §rT2 [HIST] 6:38.9 CHILD ConstructNetherPortalBucketTask -> HolePillarTask ph=PORTAL @-2,62,-79 sky=5 wet=false ground=true pick=1 buck=2 iron=0 ore=1 rods=0 pearls=0 eyes=0
[00:14:35] [main/INFO] (Minecraft) [CHAT] §2§l§o[TenorClef] §rT2 [HIST] 6:38.9 CHILD HolePillarTask -> ConstructNetherPortalBucketTask ph=PORTAL @-2,62,-79 sky=5 wet=false ground=true pick=1 buck=2 iron=0 ore=1 rods=0 pearls=0 eyes=0
[00:14:35] [main/INFO] (Minecraft) [CHAT] §2§l§o[TenorClef] §rT2 [HIST] 6:38.9 CHILD ConstructNetherPortalBucketTask -> HolePillarTask ph=PORTAL @-2,62,-79 sky=5 wet=false ground=true pick=1 buck=2 iron=0 ore=1 rods=0 pearls=0 eyes=0
[00:14:35] [main/INFO] (Minecraft) [CHAT] §2§l§o[TenorClef] §rT2 [HIST] 6:38.9 CHILD HolePillarTask -> ConstructNetherPortalBucketTask ph=PORTAL @-2,62,-79 sky=5 wet=false ground=true pick=1 buck=2 iron=0 ore=1 rods=0 pearls=0 eyes=0
[00:14:35] [main/INFO] (Minecraft) [CHAT] §2§l§o[TenorClef] §rT2 [HIST] 6:39.0 CHILD ConstructNetherPortalBucketTask -> HolePillarTask ph=PORTAL @-2,62,-79 sky=5 wet=false ground=true pick=1 buck=2 iron=0 ore=1 rods=0 pearls=0 eyes=0
[00:14:35] [main/INFO] (Minecraft) [CHAT] §2§l§o[TenorClef] §rT2 [HIST] 6:39.0 CHILD HolePillarTask -> ConstructNetherPortalBucketTask ph=PORTAL @-2,62,-79 sky=5 wet=false ground=true pick=1 buck=2 iron=0 ore=1 rods=0 pearls=0 eyes=0
[00:14:35] [main/INFO] (Minecraft) [CHAT] §2§l§o[TenorClef] §rT2 [HIST] 6:39.0 CHILD ConstructNetherPortalBucketTask -> HolePillarTask ph=PORTAL @-2,62,-79 sky=5 wet=false ground=true pick=1 buck=2 iron=0 ore=1 rods=0 pearls=0 eyes=0
[00:14:35] [main/INFO] (Minecraft) [CHAT] §2§l§o[TenorClef] §rT2 [HIST] 6:39.0 CHILD HolePillarTask -> ConstructNetherPortalBucketTask ph=PORTAL @-2,62,-79 sky=5 wet=false ground=true pick=1 buck=2 iron=0 ore=1 rods=0 pearls=0 eyes=0
[00:14:35] [main/INFO] (Minecraft) [CHAT] §2§l§o[TenorClef] §rT2 [HIST] 6:39.1 CHILD ConstructNetherPortalBucketTask -> HolePillarTask ph=PORTAL @-2,62,-79 sky=5 wet=false ground=true pick=1 buck=2 iron=0 ore=1 rods=0 pearls=0 eyes=0
[00:14:35] [main/INFO] (Minecraft) [CHAT] §2§l§o[TenorClef] §rT2 [HIST] 6:39.1 CHILD HolePillarTask -> ConstructNetherPortalBucketTask ph=PORTAL @-2,62,-79 sky=5 wet=false ground=true pick=1 buck=2 iron=0 ore=1 rods=0 pearls=0 eyes=0
[00:14:35] [main/INFO] (Minecraft) [CHAT] §2§l§o[TenorClef] §rT2 [HIST] 6:39.2 CHILD ConstructNetherPortalBucketTask -> HolePillarTask ph=PORTAL @-2,62,-79 sky=5 wet=false ground=true pick=1 buck=2 iron=0 ore=1 rods=0 pearls=0 eyes=0
[00:14:35] [main/INFO] (Minecraft) [CHAT] §2§l§o[TenorClef] §rT2 [HIST] 6:39.2 CHILD HolePillarTask -> ConstructNetherPortalBucketTask ph=PORTAL @-2,62,-79 sky=5 wet=false ground=true pick=1 buck=2 iron=0 ore=1 rods=0 pearls=0 eyes=0
[00:14:35] [main/INFO] (Minecraft) [CHAT] §2§l§o[TenorClef] §rT2 [HIST] 6:39.2 CHILD ConstructNetherPortalBucketTask -> HolePillarTask ph=PORTAL @-2,61,-79 sky=4 wet=false ground=false pick=1 buck=2 iron=0 ore=1 rods=0 pearls=0 eyes=0
[00:14:35] [main/INFO] (Minecraft) [CHAT] §2§l§o[TenorClef] §rT2 [HIST] 6:39.2 CHILD HolePillarTask -> ConstructNetherPortalBucketTask ph=PORTAL @-2,61,-79 sky=4 wet=false ground=false pick=1 buck=2 iron=0 ore=1 rods=0 pearls=0 eyes=0
[00:14:35] [main/INFO] (Minecraft) [CHAT] §2§l§o[TenorClef] §rT2 [HIST] 6:39.2 CHILD ConstructNetherPortalBucketTask -> HolePillarTask ph=PORTAL @-2,61,-79 sky=4 wet=false ground=false pick=1 buck=2 iron=0 ore=1 rods=0 pearls=0 eyes=0
[00:14:35] [main/INFO] (Minecraft) [CHAT] §2§l§o[TenorClef] §rT2 [HIST] 6:39.2 CHILD HolePillarTask -> ConstructNetherPortalBucketTask ph=PORTAL @-2,61,-79 sky=4 wet=false ground=false pick=1 buck=2 iron=0 ore=1 rods=0 pearls=0 eyes=0
[00:14:35] [main/INFO] (Minecraft) [CHAT] §2§l§o[TenorClef] §rT2 [HIST] 6:39.3 CHILD ConstructNetherPortalBucketTask -> HolePillarTask ph=PORTAL @-2,61,-79 sky=4 wet=false ground=false pick=1 buck=2 iron=0 ore=1 rods=0 pearls=0 eyes=0
[00:14:35] [main/INFO] (Minecraft) [CHAT] §2§l§o[TenorClef] §rT2 [HIST] 6:39.3 CHILD HolePillarTask -> ConstructNetherPortalBucketTask ph=PORTAL @-2,61,-79 sky=4 wet=false ground=false pick=1 buck=2 iron=0 ore=1 rods=0 pearls=0 eyes=0
[00:14:35] [main/INFO] (Minecraft) [CHAT] §2§l§o[TenorClef] §rT2 [HIST] 6:39.3 CHILD ConstructNetherPortalBucketTask -> HolePillarTask ph=PORTAL @-2,61,-79 sky=4 wet=false ground=false pick=1 buck=2 iron=0 ore=1 rods=0 pearls=0 eyes=0
[00:14:35] [main/INFO] (Minecraft) [CHAT] §2§l§o[TenorClef] §rT2 [HIST] 6:39.3 CHILD HolePillarTask -> ConstructNetherPortalBucketTask ph=PORTAL @-2,61,-79 sky=4 wet=false ground=false pick=1 buck=2 iron=0 ore=1 rods=0 pearls=0 eyes=0
[00:14:35] [main/INFO] (Minecraft) [CHAT] §2§l§o[TenorClef] §rT2 [HIST] 6:39.4 CHILD ConstructNetherPortalBucketTask -> HolePillarTask ph=PORTAL @-2,61,-79 sky=4 wet=false ground=true pick=1 buck=2 iron=0 ore=1 rods=0 pearls=0 eyes=0
[00:14:35] [main/INFO] (Minecraft) [STDOUT]: ALTO CLEF: WARNING: T2 [E100] jumps=6 @-2,61,-79 ph=PORTAL child=HolePillarTask
[00:14:35] [main/INFO] (Minecraft) [CHAT] §2§l§o[TenorClef] §cT2 [E100] jumps=6 @-2,61,-79 ph=PORTAL child=HolePillarTask§r
[00:14:35] [main/INFO] (Minecraft) [CHAT] §2§l§o[TenorClef] §rT2 [HIST] 6:39.4 [E100] jumps=6 @-2,61,-79 ph=PORTAL child=HolePillarTask
[00:14:35] [main/INFO] (Minecraft) [CHAT] §2§l§o[TenorClef] §rT2 [HIST] 6:39.4 CHILD HolePillarTask -> ConstructNetherPortalBucketTask ph=PORTAL @-2,61,-79 sky=4 wet=false ground=true pick=1 buck=2 iron=0 ore=1 rods=0 pearls=0 eyes=0
[00:14:35] [main/INFO] (Minecraft) [CHAT] §2§l§o[TenorClef] §rT2 [HIST] 6:39.4 CHILD ConstructNetherPortalBucketTask -> HolePillarTask ph=PORTAL @-2,61,-79 sky=4 wet=false ground=true pick=1 buck=2 iron=0 ore=1 rods=0 pearls=0 eyes=0
[00:14:35] [main/INFO] (Minecraft) [CHAT] §2§l§o[TenorClef] §rT2 [HIST] 6:39.4 CHILD HolePillarTask -> ConstructNetherPortalBucketTask ph=PORTAL @-2,61,-79 sky=4 wet=false ground=true pick=1 buck=2 iron=0 ore=1 rods=0 pearls=0 eyes=0
[00:14:35] [main/INFO] (Minecraft) [CHAT] §2§l§o[TenorClef] §rT2 [HIST] 6:39.5 CHILD ConstructNetherPortalBucketTask -> HolePillarTask ph=PORTAL @-2,61,-79 sky=4 wet=false ground=true pick=1 buck=2 iron=0 ore=1 rods=0 pearls=0 eyes=0
[00:14:35] [main/INFO] (Minecraft) [CHAT] §2§l§o[TenorClef] §rT2 [HIST] 6:39.5 CHILD HolePillarTask -> ConstructNetherPortalBucketTask ph=PORTAL @-2,61,-79 sky=4 wet=false ground=true pick=1 buck=2 iron=0 ore=1 rods=0 pearls=0 eyes=0
[00:14:35] [main/INFO] (Minecraft) [CHAT] §2§l§o[TenorClef] §rT2 [HIST] 6:39.5 CHILD ConstructNetherPortalBucketTask -> HolePillarTask ph=PORTAL @-2,61,-79 sky=4 wet=false ground=true pick=1 buck=2 iron=0 ore=1 rods=0 pearls=0 eyes=0
[00:14:35] [main/INFO] (Minecraft) [CHAT] §2§l§o[TenorClef] §rT2 [HIST] 6:39.5 CHILD HolePillarTask -> ConstructNetherPortalBucketTask ph=PORTAL @-2,61,-79 sky=4 wet=false ground=true pick=1 buck=2 iron=0 ore=1 rods=0 pearls=0 eyes=0
[00:14:35] [main/INFO] (Minecraft) [CHAT] §2§l§o[TenorClef] §rT2 [HIST] 6:39.6 CHILD ConstructNetherPortalBucketTask -> HolePillarTask ph=PORTAL @-2,61,-79 sky=4 wet=false ground=true pick=1 buck=2 iron=0 ore=1 rods=0 pearls=0 eyes=0
[00:14:35] [main/INFO] (Minecraft) [CHAT] §2§l§o[TenorClef] §rT2 [HIST] 6:39.6 CHILD HolePillarTask -> ConstructNetherPortalBucketTask ph=PORTAL @-2,61,-79 sky=4 wet=false ground=true pick=1 buck=2 iron=0 ore=1 rods=0 pearls=0 eyes=0
[00:14:35] [main/INFO] (Minecraft) [CHAT] §2§l§o[TenorClef] §rT2 [HIST] 6:39.6 CHILD ConstructNetherPortalBucketTask -> HolePillarTask ph=PORTAL @-2,61,-79 sky=4 wet=false ground=true pick=1 buck=2 iron=0 ore=1 rods=0 pearls=0 eyes=0
[00:14:35] [main/INFO] (Minecraft) [CHAT] §2§l§o[TenorClef] §rT2 [HIST] 6:39.6 SNAP ph=PORTAL @-2,61,-79 sky=4 wet=false ground=true pick=1 buck=2 iron=0 ore=1 rods=0 pearls=0 eyes=0 child=HolePillarTask dbg=<T2 pillar-out>  mobs=none
[00:14:35] [main/INFO] (Minecraft) [CHAT] §2§l§o[TenorClef] §rT2 [HIST] 6:39.6 CHILD HolePillarTask -> ConstructNetherPortalBucketTask ph=PORTAL @-2,61,-79 sky=4 wet=false ground=true pick=1 buck=2 iron=0 ore=1 rods=0 pearls=0 eyes=0
[00:14:35] [main/INFO] (Minecraft) [CHAT] §2§l§o[TenorClef] §rT2 [HIST] 6:39.7 CHILD ConstructNetherPortalBucketTask -> HolePillarTask ph=PORTAL @-2,61,-79 sky=4 wet=false ground=true pick=1 buck=2 iron=0 ore=1 rods=0 pearls=0 eyes=0
[00:14:35] [main/INFO] (Minecraft) [CHAT] §2§l§o[TenorClef] §rT2 [HIST] 6:39.7 CHILD HolePillarTask -> ConstructNetherPortalBucketTask ph=PORTAL @-2,61,-79 sky=4 wet=false ground=true pick=1 buck=2 iron=0 ore=1 rods=0 pearls=0 eyes=0
[00:14:35] [main/INFO] (Minecraft) [CHAT] §2§l§o[TenorClef] §rT2 [HIST] 6:39.7 CHILD ConstructNetherPortalBucketTask -> HolePillarTask ph=PORTAL @-2,61,-79 sky=4 wet=false ground=true pick=1 buck=2 iron=0 ore=1 rods=0 pearls=0 eyes=0
[00:14:35] [main/INFO] (Minecraft) [CHAT] §2§l§o[TenorClef] §rT2 [HIST] 6:39.7 CHILD HolePillarTask -> ConstructNetherPortalBucketTask ph=PORTAL @-2,61,-79 sky=4 wet=false ground=true pick=1 buck=2 iron=0 ore=1 rods=0 pearls=0 eyes=0
[00:14:35] [main/INFO] (Minecraft) [CHAT] §2§l§o[TenorClef] §rT2 [HIST] 6:39.8 CHILD ConstructNetherPortalBucketTask -> HolePillarTask ph=PORTAL @-2,61,-79 sky=4 wet=false ground=true pick=1 buck=2 iron=0 ore=1 rods=0 pearls=0 eyes=0
[00:14:35] [main/INFO] (Minecraft) [CHAT] §2§l§o[TenorClef] §rT2 [HIST] 6:39.8 CHILD HolePillarTask -> ConstructNetherPortalBucketTask ph=PORTAL @-2,61,-79 sky=4 wet=false ground=true pick=1 buck=2 iron=0 ore=1 rods=0 pearls=0 eyes=0
[00:14:35] [main/INFO] (Minecraft) [CHAT] §2§l§o[TenorClef] §rT2 [NOW] t=6:39.8 ph=PORTAL @-2,61,-79 do=<T2 pillar-out>  eq=iron_pickaxe woodpick=1 stonepick=1 pick=1 iron=0 buck=1
[00:14:35] [main/INFO] (Minecraft) [CHAT] §2§l§o[TenorClef] §rT2 [HIST] 6:39.8 CHILD ConstructNetherPortalBucketTask -> HolePillarTask ph=PORTAL @-2,61,-79 sky=4 wet=false ground=true pick=1 buck=2 iron=0 ore=1 rods=0 pearls=0 eyes=0
[00:14:35] [main/INFO] (Minecraft) [CHAT] §2§l§o[TenorClef] §rT2 [HIST] 6:39.8 CHILD HolePillarTask -> ConstructNetherPortalBucketTask ph=PORTAL @-2,61,-79 sky=4 wet=false ground=true pick=1 buck=2 iron=0 ore=1 rods=0 pearls=0 eyes=0
[00:14:36] [main/INFO] (Minecraft) [CHAT] §2§l§o[TenorClef] §rT2 [HIST] 6:39.9 CHILD ConstructNetherPortalBucketTask -> HolePillarTask ph=PORTAL @-2,60,-79 sky=3 wet=false ground=false pick=1 buck=2 iron=0 ore=1 rods=0 pearls=0 eyes=0
[00:14:36] [main/INFO] (Minecraft) [CHAT] §2§l§o[TenorClef] §rT2 [HIST] 6:39.9 CHILD HolePillarTask -> ConstructNetherPortalBucketTask ph=PORTAL @-2,60,-79 sky=3 wet=false ground=false pick=1 buck=2 iron=0 ore=1 rods=0 pearls=0 eyes=0
[00:14:36] [main/INFO] (Minecraft) [CHAT] §2§l§o[TenorClef] §rT2 [HIST] 6:40.0 CHILD ConstructNetherPortalBucketTask -> HolePillarTask ph=PORTAL @-2,60,-79 sky=3 wet=false ground=false pick=1 buck=2 iron=0 ore=1 rods=0 pearls=0 eyes=0
[00:14:36] [main/INFO] (Minecraft) [CHAT] §2§l§o[TenorClef] §rT2 [HIST] 6:40.0 CHILD HolePillarTask -> ConstructNetherPortalBucketTask ph=PORTAL @-2,60,-79 sky=3 wet=false ground=false pick=1 buck=2 iron=0 ore=1 rods=0 pearls=0 eyes=0
[00:14:36] [main/INFO] (Minecraft) [CHAT] §2§l§o[TenorClef] §rT2 [HIST] 6:40.0 CHILD ConstructNetherPortalBucketTask -> HolePillarTask ph=PORTAL @-2,60,-79 sky=3 wet=false ground=false pick=1 buck=2 iron=0 ore=1 rods=0 pearls=0 eyes=0
[00:14:36] [main/INFO] (Minecraft) [CHAT] §2§l§o[TenorClef] §rT2 [HIST] 6:40.0 CHILD HolePillarTask -> ConstructNetherPortalBucketTask ph=PORTAL @-2,60,-79 sky=3 wet=false ground=false pick=1 buck=2 iron=0 ore=1 rods=0 pearls=0 eyes=0
[00:14:36] [main/INFO] (Minecraft) [CHAT] §2§l§o[TenorClef] §rT2 [HIST] 6:40.0 CHILD ConstructNetherPortalBucketTask -> HolePillarTask ph=PORTAL @-2,60,-79 sky=3 wet=false ground=false pick=1 buck=2 iron=0 ore=1 rods=0 pearls=0 eyes=0
[00:14:36] [main/INFO] (Minecraft) [CHAT] §2§l§o[TenorClef] §rT2 [HIST] 6:40.0 CHILD HolePillarTask -> ConstructNetherPortalBucketTask ph=PORTAL @-2,60,-79 sky=3 wet=false ground=false pick=1 buck=2 iron=0 ore=1 rods=0 pearls=0 eyes=0
[00:14:36] [main/INFO] (Minecraft) [CHAT] §2§l§o[TenorClef] §rT2 [HIST] 6:40.1 CHILD ConstructNetherPortalBucketTask -> HolePillarTask ph=PORTAL @-2,60,-79 sky=3 wet=false ground=true pick=1 buck=2 iron=0 ore=1 rods=0 pearls=0 eyes=0
[00:14:36] [main/INFO] (Minecraft) [CHAT] §2§l§o[TenorClef] §rT2 [HIST] 6:40.1 CHILD HolePillarTask -> ConstructNetherPortalBucketTask ph=PORTAL @-2,60,-79 sky=3 wet=false ground=true pick=1 buck=2 iron=0 ore=1 rods=0 pearls=0 eyes=0
[00:14:36] [main/INFO] (Minecraft) [CHAT] §2§l§o[TenorClef] §rT2 [HIST] 6:40.1 CHILD ConstructNetherPortalBucketTask -> HolePillarTask ph=PORTAL @-2,60,-79 sky=3 wet=false ground=true pick=1 buck=2 iron=0 ore=1 rods=0 pearls=0 eyes=0
[00:14:36] [main/INFO] (Minecraft) [CHAT] §2§l§o[TenorClef] §rT2 [HIST] 6:40.1 CHILD HolePillarTask -> ConstructNetherPortalBucketTask ph=PORTAL @-2,60,-79 sky=3 wet=false ground=true pick=1 buck=2 iron=0 ore=1 rods=0 pearls=0 eyes=0
[00:14:36] [main/INFO] (Minecraft) [CHAT] §2§l§o[TenorClef] §rT2 [HIST] 6:40.2 CHILD ConstructNetherPortalBucketTask -> HolePillarTask ph=PORTAL @-2,60,-79 sky=3 wet=false ground=true pick=1 buck=2 iron=0 ore=1 rods=0 pearls=0 eyes=0
[00:14:36] [main/INFO] (Minecraft) [CHAT] §2§l§o[TenorClef] §rT2 [HIST] 6:40.2 CHILD HolePillarTask -> ConstructNetherPortalBucketTask ph=PORTAL @-2,60,-79 sky=3 wet=false ground=true pick=1 buck=2 iron=0 ore=1 rods=0 pearls=0 eyes=0
[00:14:36] [main/INFO] (Minecraft) [CHAT] §2§l§o[TenorClef] §rT2 [HIST] 6:40.2 CHILD ConstructNetherPortalBucketTask -> HolePillarTask ph=PORTAL @-2,60,-79 sky=3 wet=false ground=true pick=1 buck=2 iron=0 ore=1 rods=0 pearls=0 eyes=0
[00:14:36] [main/INFO] (Minecraft) [CHAT] §2§l§o[TenorClef] §rT2 [HIST] 6:40.2 CHILD HolePillarTask -> ConstructNetherPortalBucketTask ph=PORTAL @-2,60,-79 sky=3 wet=false ground=true pick=1 buck=2 iron=0 ore=1 rods=0 pearls=0 eyes=0
[00:14:36] [main/INFO] (Minecraft) [CHAT] §2§l§o[TenorClef] §rT2 [HIST] 6:40.3 CHILD ConstructNetherPortalBucketTask -> HolePillarTask ph=PORTAL @-2,60,-79 sky=3 wet=false ground=true pick=1 buck=2 iron=0 ore=1 rods=0 pearls=0 eyes=0
[00:14:36] [main/INFO] (Minecraft) [CHAT] §2§l§o[TenorClef] §rT2 [HIST] 6:40.3 CHILD HolePillarTask -> ConstructNetherPortalBucketTask ph=PORTAL @-2,60,-79 sky=3 wet=false ground=true pick=1 buck=2 iron=0 ore=1 rods=0 pearls=0 eyes=0
[00:14:36] [main/INFO] (Minecraft) [CHAT] §2§l§o[TenorClef] §rT2 [HIST] 6:40.3 CHILD ConstructNetherPortalBucketTask -> HolePillarTask ph=PORTAL @-2,60,-79 sky=3 wet=false ground=true pick=1 buck=2 iron=0 ore=1 rods=0 pearls=0 eyes=0
[00:14:36] [main/INFO] (Minecraft) [CHAT] §2§l§o[TenorClef] §rT2 [HIST] 6:40.3 CHILD HolePillarTask -> ConstructNetherPortalBucketTask ph=PORTAL @-2,60,-79 sky=3 wet=false ground=true pick=1 buck=2 iron=0 ore=1 rods=0 pearls=0 eyes=0
[00:14:36] [main/INFO] (Minecraft) [CHAT] §2§l§o[TenorClef] §rT2 [HIST] 6:40.4 CHILD ConstructNetherPortalBucketTask -> HolePillarTask ph=PORTAL @-2,60,-79 sky=3 wet=false ground=true pick=1 buck=2 iron=0 ore=1 rods=0 pearls=0 eyes=0
[00:14:36] [main/INFO] (Minecraft) [CHAT] §2§l§o[TenorClef] §rT2 [HIST] 6:40.4 CHILD HolePillarTask -> ConstructNetherPortalBucketTask ph=PORTAL @-2,60,-79 sky=3 wet=false ground=true pick=1 buck=2 iron=0 ore=1 rods=0 pearls=0 eyes=0
[00:14:36] [main/INFO] (Minecraft) [CHAT] §2§l§o[TenorClef] §rT2 [HIST] 6:40.4 CHILD ConstructNetherPortalBucketTask -> HolePillarTask ph=PORTAL @-2,60,-79 sky=3 wet=false ground=true pick=1 buck=2 iron=0 ore=1 rods=0 pearls=0 eyes=0
[00:14:36] [main/INFO] (Minecraft) [CHAT] §2§l§o[TenorClef] §rT2 [HIST] 6:40.4 CHILD HolePillarTask -> ConstructNetherPortalBucketTask ph=PORTAL @-2,60,-79 sky=3 wet=false ground=true pick=1 buck=2 iron=0 ore=1 rods=0 pearls=0 eyes=0
[00:14:36] [main/INFO] (Minecraft) [CHAT] §2§l§o[TenorClef] §rT2 [HIST] 6:40.5 CHILD ConstructNetherPortalBucketTask -> HolePillarTask ph=PORTAL @-2,60,-79 sky=3 wet=false ground=true pick=1 buck=2 iron=0 ore=1 rods=0 pearls=0 eyes=0
[00:14:36] [main/INFO] (Minecraft) [CHAT] §2§l§o[TenorClef] §rT2 [HIST] 6:40.5 CHILD HolePillarTask -> ConstructNetherPortalBucketTask ph=PORTAL @-2,60,-79 sky=3 wet=false ground=true pick=1 buck=2 iron=0 ore=1 rods=0 pearls=0 eyes=0
[00:14:36] [main/INFO] (Minecraft) [CHAT] §2§l§o[TenorClef] §rT2 [HIST] 6:40.6 CHILD ConstructNetherPortalBucketTask -> HolePillarTask ph=PORTAL @-2,60,-79 sky=3 wet=false ground=true pick=1 buck=2 iron=0 ore=1 rods=0 pearls=0 eyes=0
[00:14:36] [main/INFO] (Minecraft) [CHAT] §2§l§o[TenorClef] §rT2 [HIST] 6:40.6 CHILD HolePillarTask -> ConstructNetherPortalBucketTask ph=PORTAL @-2,60,-79 sky=3 wet=false ground=true pick=1 buck=2 iron=0 ore=1 rods=0 pearls=0 eyes=0
[00:14:36] [main/INFO] (Minecraft) [CHAT] §2§l§o[TenorClef] §rT2 [HIST] 6:40.6 CHILD ConstructNetherPortalBucketTask -> HolePillarTask ph=PORTAL @-2,59,-79 sky=2 wet=false ground=false pick=1 buck=2 iron=0 ore=1 rods=0 pearls=0 eyes=0
[00:14:36] [main/INFO] (Minecraft) [CHAT] §2§l§o[TenorClef] §rT2 [HIST] 6:40.6 CHILD HolePillarTask -> ConstructNetherPortalBucketTask ph=PORTAL @-2,59,-79 sky=2 wet=false ground=false pick=1 buck=2 iron=0 ore=1 rods=0 pearls=0 eyes=0
[00:14:36] [main/INFO] (Minecraft) [CHAT] §2§l§o[TenorClef] §rT2 [HIST] 6:40.7 CHILD ConstructNetherPortalBucketTask -> HolePillarTask ph=PORTAL @-2,59,-79 sky=2 wet=false ground=false pick=1 buck=2 iron=0 ore=1 rods=0 pearls=0 eyes=0
[00:14:36] [main/INFO] (Minecraft) [CHAT] §2§l§o[TenorClef] §rT2 [HIST] 6:40.7 CHILD HolePillarTask -> ConstructNetherPortalBucketTask ph=PORTAL @-2,59,-79 sky=2 wet=false ground=false pick=1 buck=2 iron=0 ore=1 rods=0 pearls=0 eyes=0
[00:14:36] [main/INFO] (Minecraft) [CHAT] §2§l§o[TenorClef] §rT2 [HIST] 6:40.7 CHILD ConstructNetherPortalBucketTask -> HolePillarTask ph=PORTAL @-2,59,-79 sky=2 wet=false ground=false pick=1 buck=2 iron=0 ore=1 rods=0 pearls=0 eyes=0
[00:14:36] [main/INFO] (Minecraft) [CHAT] §2§l§o[TenorClef] §rT2 [HIST] 6:40.7 CHILD HolePillarTask -> ConstructNetherPortalBucketTask ph=PORTAL @-2,59,-79 sky=2 wet=false ground=false pick=1 buck=2 iron=0 ore=1 rods=0 pearls=0 eyes=0
[00:14:36] [main/INFO] (Minecraft) [CHAT] §2§l§o[TenorClef] §rT2 [HIST] 6:40.7 CHILD ConstructNetherPortalBucketTask -> HolePillarTask ph=PORTAL @-2,59,-79 sky=2 wet=false ground=false pick=1 buck=2 iron=0 ore=1 rods=0 pearls=0 eyes=0
[00:14:36] [main/INFO] (Minecraft) [CHAT] §2§l§o[TenorClef] §rT2 [HIST] 6:40.8 CHILD HolePillarTask -> ConstructNetherPortalBucketTask ph=PORTAL @-2,59,-79 sky=2 wet=false ground=false pick=1 buck=2 iron=0 ore=1 rods=0 pearls=0 eyes=0
[00:14:36] [main/INFO] (Minecraft) [CHAT] §2§l§o[TenorClef] §rT2 [HIST] 6:40.8 CHILD ConstructNetherPortalBucketTask -> HolePillarTask ph=PORTAL @-2,59,-79 sky=2 wet=false ground=true pick=1 buck=2 iron=0 ore=1 rods=0 pearls=0 eyes=0
[00:14:36] [main/INFO] (Minecraft) [CHAT] §2§l§o[TenorClef] §rT2 [HIST] 6:40.8 CHILD HolePillarTask -> ConstructNetherPortalBucketTask ph=PORTAL @-2,59,-79 sky=2 wet=false ground=true pick=1 buck=2 iron=0 ore=1 rods=0 pearls=0 eyes=0
[00:14:36] [main/INFO] (Minecraft) [CHAT] §2§l§o[TenorClef] §rT2 [NOW] t=6:40.9 ph=PORTAL @-2,59,-79 do=<T2 pillar-out>  eq=iron_pickaxe woodpick=1 stonepick=1 pick=1 iron=0 buck=1
[00:14:36] [main/INFO] (Minecraft) [CHAT] §2§l§o[TenorClef] §rT2 [HIST] 6:40.9 CHILD ConstructNetherPortalBucketTask -> HolePillarTask ph=PORTAL @-2,59,-79 sky=2 wet=false ground=true pick=1 buck=2 iron=0 ore=1 rods=0 pearls=0 eyes=0
[00:14:36] [main/INFO] (Minecraft) [CHAT] §2§l§o[TenorClef] §rT2 [HIST] 6:40.9 CHILD HolePillarTask -> ConstructNetherPortalBucketTask ph=PORTAL @-2,59,-79 sky=2 wet=false ground=true pick=1 buck=2 iron=0 ore=1 rods=0 pearls=0 eyes=0
[00:14:37] [main/INFO] (Minecraft) [CHAT] §2§l§o[TenorClef] §rT2 [HIST] 6:40.9 CHILD ConstructNetherPortalBucketTask -> HolePillarTask ph=PORTAL @-2,59,-79 sky=2 wet=false ground=true pick=1 buck=2 iron=0 ore=1 rods=0 pearls=0 eyes=0
[00:14:37] [main/INFO] (Minecraft) [CHAT] §2§l§o[TenorClef] §rT2 [HIST] 6:40.9 CHILD HolePillarTask -> ConstructNetherPortalBucketTask ph=PORTAL @-2,59,-79 sky=2 wet=false ground=true pick=1 buck=2 iron=0 ore=1 rods=0 pearls=0 eyes=0
[00:14:37] [main/INFO] (Minecraft) [CHAT] §2§l§o[TenorClef] §rT2 [HIST] 6:40.9 CHILD ConstructNetherPortalBucketTask -> HolePillarTask ph=PORTAL @-2,59,-79 sky=2 wet=false ground=true pick=1 buck=2 iron=0 ore=1 rods=0 pearls=0 eyes=0
[00:14:37] [main/INFO] (Minecraft) [CHAT] §2§l§o[TenorClef] §rT2 [HIST] 6:40.9 CHILD HolePillarTask -> ConstructNetherPortalBucketTask ph=PORTAL @-2,59,-79 sky=2 wet=false ground=true pick=1 buck=2 iron=0 ore=1 rods=0 pearls=0 eyes=0
[00:14:37] [main/INFO] (Minecraft) [CHAT] §2§l§o[TenorClef] §rT2 [HIST] 6:41.0 CHILD ConstructNetherPortalBucketTask -> HolePillarTask ph=PORTAL @-2,59,-79 sky=2 wet=false ground=true pick=1 buck=2 iron=0 ore=1 rods=0 pearls=0 eyes=0
[00:14:37] [main/INFO] (Minecraft) [CHAT] §2§l§o[TenorClef] §rT2 [HIST] 6:41.0 CHILD HolePillarTask -> ConstructNetherPortalBucketTask ph=PORTAL @-2,59,-79 sky=2 wet=false ground=true pick=1 buck=2 iron=0 ore=1 rods=0 pearls=0 eyes=0
[00:14:37] [main/INFO] (Minecraft) [CHAT] §2§l§o[TenorClef] §rT2 [HIST] 6:41.0 CHILD ConstructNetherPortalBucketTask -> HolePillarTask ph=PORTAL @-2,59,-79 sky=2 wet=false ground=true pick=1 buck=2 iron=0 ore=1 rods=0 pearls=0 eyes=0
[00:14:37] [main/INFO] (Minecraft) [CHAT] §2§l§o[TenorClef] §rT2 [HIST] 6:41.0 CHILD HolePillarTask -> ConstructNetherPortalBucketTask ph=PORTAL @-2,59,-79 sky=2 wet=false ground=true pick=1 buck=2 iron=0 ore=1 rods=0 pearls=0 eyes=0
[00:14:37] [main/INFO] (Minecraft) [CHAT] §2§l§o[TenorClef] §rT2 [HIST] 6:41.1 CHILD ConstructNetherPortalBucketTask -> HolePillarTask ph=PORTAL @-2,59,-79 sky=2 wet=false ground=true pick=1 buck=2 iron=0 ore=1 rods=0 pearls=0 eyes=0
[00:14:37] [main/INFO] (Minecraft) [CHAT] §2§l§o[TenorClef] §rT2 [HIST] 6:41.1 CHILD HolePillarTask -> ConstructNetherPortalBucketTask ph=PORTAL @-2,59,-79 sky=2 wet=false ground=true pick=1 buck=2 iron=0 ore=1 rods=0 pearls=0 eyes=0
[00:14:37] [main/INFO] (Minecraft) [CHAT] §2§l§o[TenorClef] §rT2 [HIST] 6:41.2 CHILD ConstructNetherPortalBucketTask -> HolePillarTask ph=PORTAL @-2,59,-79 sky=2 wet=false ground=true pick=1 buck=2 iron=0 ore=1 rods=0 pearls=0 eyes=0
[00:14:37] [main/INFO] (Minecraft) [CHAT] §2§l§o[TenorClef] §rT2 [HIST] 6:41.2 CHILD HolePillarTask -> ConstructNetherPortalBucketTask ph=PORTAL @-2,59,-79 sky=2 wet=false ground=true pick=1 buck=2 iron=0 ore=1 rods=0 pearls=0 eyes=0
[00:14:37] [main/INFO] (Minecraft) [CHAT] §2§l§o[TenorClef] §rT2 [HIST] 6:41.2 CHILD ConstructNetherPortalBucketTask -> HolePillarTask ph=PORTAL @-2,59,-79 sky=2 wet=false ground=true pick=1 buck=2 iron=0 ore=1 rods=0 pearls=0 eyes=0
[00:14:37] [main/INFO] (Minecraft) [CHAT] §2§l§o[TenorClef] §rT2 [HIST] 6:41.2 CHILD HolePillarTask -> ConstructNetherPortalBucketTask ph=PORTAL @-2,59,-79 sky=2 wet=false ground=true pick=1 buck=2 iron=0 ore=1 rods=0 pearls=0 eyes=0
[00:14:37] [main/INFO] (Minecraft) [CHAT] §2§l§o[TenorClef] §rT2 [HIST] 6:41.3 CHILD ConstructNetherPortalBucketTask -> HolePillarTask ph=PORTAL @-2,59,-79 sky=2 wet=false ground=true pick=1 buck=2 iron=0 ore=1 rods=0 pearls=0 eyes=0
[00:14:37] [main/INFO] (Minecraft) [CHAT] §2§l§o[TenorClef] §rT2 [HIST] 6:41.3 CHILD HolePillarTask -> ConstructNetherPortalBucketTask ph=PORTAL @-2,59,-79 sky=2 wet=false ground=true pick=1 buck=2 iron=0 ore=1 rods=0 pearls=0 eyes=0
[00:14:37] [main/INFO] (Minecraft) [CHAT] §2§l§o[TenorClef] §rT2 [HIST] 6:41.3 CHILD ConstructNetherPortalBucketTask -> HolePillarTask ph=PORTAL @-2,58,-79 sky=1 wet=false ground=false pick=1 buck=2 iron=0 ore=1 rods=0 pearls=0 eyes=0
[00:14:37] [main/INFO] (Minecraft) [CHAT] §2§l§o[TenorClef] §rT2 [HIST] 6:41.3 CHILD HolePillarTask -> ConstructNetherPortalBucketTask ph=PORTAL @-2,58,-79 sky=1 wet=false ground=false pick=1 buck=2 iron=0 ore=1 rods=0 pearls=0 eyes=0
[00:14:37] [main/INFO] (Minecraft) [CHAT] §2§l§o[TenorClef] §rT2 [HIST] 6:41.3 CHILD ConstructNetherPortalBucketTask -> HolePillarTask ph=PORTAL @-2,58,-79 sky=1 wet=false ground=false pick=1 buck=2 iron=0 ore=1 rods=0 pearls=0 eyes=0
[00:14:37] [main/INFO] (Minecraft) [CHAT] §2§l§o[TenorClef] §rT2 [HIST] 6:41.3 CHILD HolePillarTask -> ConstructNetherPortalBucketTask ph=PORTAL @-2,58,-79 sky=1 wet=false ground=false pick=1 buck=2 iron=0 ore=1 rods=0 pearls=0 eyes=0
[00:14:37] [main/INFO] (Minecraft) [CHAT] §2§l§o[TenorClef] §rT2 [HIST] 6:41.4 CHILD ConstructNetherPortalBucketTask -> HolePillarTask ph=PORTAL @-2,58,-79 sky=1 wet=false ground=false pick=1 buck=2 iron=0 ore=1 rods=0 pearls=0 eyes=0
[00:14:37] [main/INFO] (Minecraft) [CHAT] §2§l§o[TenorClef] §rT2 [HIST] 6:41.4 CHILD HolePillarTask -> ConstructNetherPortalBucketTask ph=PORTAL @-2,58,-79 sky=1 wet=false ground=false pick=1 buck=2 iron=0 ore=1 rods=0 pearls=0 eyes=0
[00:14:37] [main/INFO] (Minecraft) [CHAT] §2§l§o[TenorClef] §rT2 [HIST] 6:41.5 CHILD ConstructNetherPortalBucketTask -> HolePillarTask ph=PORTAL @-2,58,-79 sky=1 wet=false ground=false pick=1 buck=2 iron=0 ore=1 rods=0 pearls=0 eyes=0
[00:14:37] [main/INFO] (Minecraft) [CHAT] §2§l§o[TenorClef] §rT2 [HIST] 6:41.5 CHILD HolePillarTask -> ConstructNetherPortalBucketTask ph=PORTAL @-2,58,-79 sky=1 wet=false ground=false pick=1 buck=2 iron=0 ore=1 rods=0 pearls=0 eyes=0
[00:14:37] [main/INFO] (Minecraft) [CHAT] §2§l§o[TenorClef] §rT2 [HIST] 6:41.5 CHILD ConstructNetherPortalBucketTask -> HolePillarTask ph=PORTAL @-2,58,-79 sky=1 wet=false ground=true pick=1 buck=2 iron=0 ore=1 rods=0 pearls=0 eyes=0
[00:14:37] [main/INFO] (Minecraft) [CHAT] §2§l§o[TenorClef] §rT2 [HIST] 6:41.5 [E100] jumps=6 @-2,58,-79 ph=PORTAL child=HolePillarTask
[00:14:37] [main/INFO] (Minecraft) [CHAT] §2§l§o[TenorClef] §rT2 [HIST] 6:41.5 CHILD HolePillarTask -> ConstructNetherPortalBucketTask ph=PORTAL @-2,58,-79 sky=1 wet=false ground=true pick=1 buck=2 iron=0 ore=1 rods=0 pearls=0 eyes=0
[00:14:37] [main/INFO] (Minecraft) [CHAT] §2§l§o[TenorClef] §rT2 [HIST] 6:41.5 CHILD ConstructNetherPortalBucketTask -> HolePillarTask ph=PORTAL @-2,58,-79 sky=1 wet=false ground=true pick=1 buck=2 iron=0 ore=1 rods=0 pearls=0 eyes=0
[00:14:37] [main/INFO] (Minecraft) [CHAT] §2§l§o[TenorClef] §rT2 [HIST] 6:41.5 CHILD HolePillarTask -> ConstructNetherPortalBucketTask ph=PORTAL @-2,58,-79 sky=1 wet=false ground=true pick=1 buck=2 iron=0 ore=1 rods=0 pearls=0 eyes=0
[00:14:37] [main/INFO] (Minecraft) [CHAT] §2§l§o[TenorClef] §rT2 [HIST] 6:41.6 CHILD ConstructNetherPortalBucketTask -> HolePillarTask ph=PORTAL @-2,58,-79 sky=1 wet=false ground=true pick=1 buck=2 iron=0 ore=1 rods=0 pearls=0 eyes=0
[00:14:37] [main/INFO] (Minecraft) [CHAT] §2§l§o[TenorClef] §rT2 [HIST] 6:41.6 CHILD HolePillarTask -> ConstructNetherPortalBucketTask ph=PORTAL @-2,58,-79 sky=1 wet=false ground=true pick=1 buck=2 iron=0 ore=1 rods=0 pearls=0 eyes=0
[00:14:37] [main/INFO] (Minecraft) [CHAT] §2§l§o[TenorClef] §rT2 [HIST] 6:41.6 CHILD ConstructNetherPortalBucketTask -> HolePillarTask ph=PORTAL @-2,58,-79 sky=1 wet=false ground=true pick=1 buck=2 iron=0 ore=1 rods=0 pearls=0 eyes=0
[00:14:37] [main/INFO] (Minecraft) [CHAT] §2§l§o[TenorClef] §rT2 [HIST] 6:41.6 CHILD HolePillarTask -> ConstructNetherPortalBucketTask ph=PORTAL @-2,58,-79 sky=1 wet=false ground=true pick=1 buck=2 iron=0 ore=1 rods=0 pearls=0 eyes=0
[00:14:37] [main/INFO] (Minecraft) [CHAT] §2§l§o[TenorClef] §rT2 [HIST] 6:41.7 CHILD ConstructNetherPortalBucketTask -> HolePillarTask ph=PORTAL @-2,58,-79 sky=1 wet=false ground=true pick=1 buck=2 iron=0 ore=1 rods=0 pearls=0 eyes=0
[00:14:37] [main/INFO] (Minecraft) [CHAT] §2§l§o[TenorClef] §rT2 [HIST] 6:41.7 CHILD HolePillarTask -> ConstructNetherPortalBucketTask ph=PORTAL @-2,58,-79 sky=1 wet=false ground=true pick=1 buck=2 iron=0 ore=1 rods=0 pearls=0 eyes=0
[00:14:37] [main/INFO] (Minecraft) [CHAT] §2§l§o[TenorClef] §rT2 [HIST] 6:41.7 CHILD ConstructNetherPortalBucketTask -> HolePillarTask ph=PORTAL @-2,58,-79 sky=1 wet=false ground=true pick=1 buck=2 iron=0 ore=1 rods=0 pearls=0 eyes=0
[00:14:37] [main/INFO] (Minecraft) [CHAT] §2§l§o[TenorClef] §rT2 [HIST] 6:41.7 CHILD HolePillarTask -> ConstructNetherPortalBucketTask ph=PORTAL @-2,58,-79 sky=1 wet=false ground=true pick=1 buck=2 iron=0 ore=1 rods=0 pearls=0 eyes=0
[00:14:37] [main/INFO] (Minecraft) [CHAT] §2§l§o[TenorClef] §rT2 [HIST] 6:41.8 CHILD ConstructNetherPortalBucketTask -> HolePillarTask ph=PORTAL @-2,58,-79 sky=1 wet=false ground=true pick=1 buck=2 iron=0 ore=1 rods=0 pearls=0 eyes=0
[00:14:37] [main/INFO] (Minecraft) [CHAT] §2§l§o[TenorClef] §rT2 [HIST] 6:41.8 CHILD HolePillarTask -> ConstructNetherPortalBucketTask ph=PORTAL @-2,58,-79 sky=1 wet=false ground=true pick=1 buck=2 iron=0 ore=1 rods=0 pearls=0 eyes=0
[00:14:37] [main/INFO] (Minecraft) [CHAT] §2§l§o[TenorClef] §rT2 [NOW] t=6:41.8 ph=PORTAL @-2,58,-79 do=<T2 pillar-out>  eq=iron_pickaxe woodpick=1 stonepick=1 pick=1 iron=0 buck=1
[00:14:37] [main/INFO] (Minecraft) [CHAT] §2§l§o[TenorClef] §rT2 [HIST] 6:41.8 CHILD ConstructNetherPortalBucketTask -> HolePillarTask ph=PORTAL @-2,58,-79 sky=1 wet=false ground=true pick=1 buck=2 iron=0 ore=1 rods=0 pearls=0 eyes=0
[00:14:37] [main/INFO] (Minecraft) [CHAT] §2§l§o[TenorClef] §rT2 [HIST] 6:41.8 CHILD HolePillarTask -> ConstructNetherPortalBucketTask ph=PORTAL @-2,58,-79 sky=1 wet=false ground=true pick=1 buck=2 iron=0 ore=1 rods=0 pearls=0 eyes=0
[00:14:38] [main/INFO] (Minecraft) [CHAT] §2§l§o[TenorClef] §rT2 [HIST] 6:41.9 CHILD ConstructNetherPortalBucketTask -> HolePillarTask ph=PORTAL @-2,58,-79 sky=1 wet=false ground=true pick=1 buck=2 iron=0 ore=1 rods=0 pearls=0 eyes=0
[00:14:38] [main/INFO] (Minecraft) [CHAT] §2§l§o[TenorClef] §rT2 [HIST] 6:41.9 CHILD HolePillarTask -> ConstructNetherPortalBucketTask ph=PORTAL @-2,58,-79 sky=1 wet=false ground=true pick=1 buck=2 iron=0 ore=1 rods=0 pearls=0 eyes=0
[00:14:38] [main/INFO] (Minecraft) [CHAT] §2§l§o[TenorClef] §rT2 [HIST] 6:41.9 CHILD ConstructNetherPortalBucketTask -> HolePillarTask ph=PORTAL @-2,58,-79 sky=1 wet=false ground=true pick=1 buck=2 iron=0 ore=1 rods=0 pearls=0 eyes=0
[00:14:38] [main/INFO] (Minecraft) [CHAT] §2§l§o[TenorClef] §rT2 [HIST] 6:41.9 CHILD HolePillarTask -> ConstructNetherPortalBucketTask ph=PORTAL @-2,58,-79 sky=1 wet=false ground=true pick=1 buck=2 iron=0 ore=1 rods=0 pearls=0 eyes=0
[00:14:38] [main/INFO] (Minecraft) [CHAT] §2§l§o[TenorClef] §rT2 [HIST] 6:42.0 CHILD ConstructNetherPortalBucketTask -> HolePillarTask ph=PORTAL @-2,57,-79 sky=0 wet=false ground=false pick=1 buck=2 iron=0 ore=1 rods=0 pearls=0 eyes=0
[00:14:38] [main/INFO] (Minecraft) [CHAT] §2§l§o[TenorClef] §rT2 [HIST] 6:42.0 CHILD HolePillarTask -> ConstructNetherPortalBucketTask ph=PORTAL @-2,57,-79 sky=0 wet=false ground=false pick=1 buck=2 iron=0 ore=1 rods=0 pearls=0 eyes=0
[00:14:38] [main/INFO] (Minecraft) [CHAT] §2§l§o[TenorClef] §rT2 [HIST] 6:42.0 CHILD ConstructNetherPortalBucketTask -> HolePillarTask ph=PORTAL @-2,57,-79 sky=0 wet=false ground=false pick=1 buck=2 iron=0 ore=1 rods=0 pearls=0 eyes=0
[00:14:38] [main/INFO] (Minecraft) [CHAT] §2§l§o[TenorClef] §rT2 [HIST] 6:42.0 CHILD HolePillarTask -> ConstructNetherPortalBucketTask ph=PORTAL @-2,57,-79 sky=0 wet=false ground=false pick=1 buck=2 iron=0 ore=1 rods=0 pearls=0 eyes=0
[00:14:38] [main/INFO] (Minecraft) [CHAT] §2§l§o[TenorClef] §rT2 [HIST] 6:42.1 CHILD ConstructNetherPortalBucketTask -> HolePillarTask ph=PORTAL @-2,57,-79 sky=0 wet=false ground=false pick=1 buck=2 iron=0 ore=1 rods=0 pearls=0 eyes=0
[00:14:38] [main/INFO] (Minecraft) [CHAT] §2§l§o[TenorClef] §rT2 [HIST] 6:42.1 CHILD HolePillarTask -> ConstructNetherPortalBucketTask ph=PORTAL @-2,57,-79 sky=0 wet=false ground=false pick=1 buck=2 iron=0 ore=1 rods=0 pearls=0 eyes=0
[00:14:38] [main/INFO] (Minecraft) [CHAT] §2§l§o[TenorClef] §rT2 [HIST] 6:42.2 CHILD ConstructNetherPortalBucketTask -> HolePillarTask ph=PORTAL @-2,57,-79 sky=0 wet=false ground=false pick=1 buck=2 iron=0 ore=1 rods=0 pearls=0 eyes=0
[00:14:38] [main/INFO] (Minecraft) [CHAT] §2§l§o[TenorClef] §rT2 [HIST] 6:42.2 SNAP ph=PORTAL @-2,57,-79 sky=0 wet=false ground=false pick=1 buck=2 iron=0 ore=1 rods=0 pearls=0 eyes=0 child=HolePillarTask dbg=<T2 pillar-out>  mobs=none
[00:14:38] [main/INFO] (Minecraft) [CHAT] §2§l§o[TenorClef] §rT2 [HIST] 6:42.2 CHILD HolePillarTask -> ConstructNetherPortalBucketTask ph=PORTAL @-2,57,-79 sky=0 wet=false ground=false pick=1 buck=2 iron=0 ore=1 rods=0 pearls=0 eyes=0
[00:14:38] [main/INFO] (Minecraft) [CHAT] §2§l§o[TenorClef] §rT2 [HIST] 6:42.2 CHILD ConstructNetherPortalBucketTask -> HolePillarTask ph=PORTAL @-2,57,-79 sky=0 wet=false ground=true pick=1 buck=2 iron=0 ore=1 rods=0 pearls=0 eyes=0
[00:14:38] [main/INFO] (Minecraft) [CHAT] §2§l§o[TenorClef] §rT2 [HIST] 6:42.2 CHILD HolePillarTask -> ConstructNetherPortalBucketTask ph=PORTAL @-2,57,-79 sky=0 wet=false ground=true pick=1 buck=2 iron=0 ore=1 rods=0 pearls=0 eyes=0
[00:14:38] [main/INFO] (Minecraft) [CHAT] §2§l§o[TenorClef] §rT2 [HIST] 6:42.3 CHILD ConstructNetherPortalBucketTask -> HolePillarTask ph=PORTAL @-2,57,-79 sky=0 wet=false ground=true pick=1 buck=2 iron=0 ore=1 rods=0 pearls=0 eyes=0
[00:14:38] [main/INFO] (Minecraft) [CHAT] §2§l§o[TenorClef] §rT2 [HIST] 6:42.3 CHILD HolePillarTask -> ConstructNetherPortalBucketTask ph=PORTAL @-2,57,-79 sky=0 wet=false ground=true pick=1 buck=2 iron=0 ore=1 rods=0 pearls=0 eyes=0
[00:14:38] [main/INFO] (Minecraft) [CHAT] §2§l§o[TenorClef] §rT2 [HIST] 6:42.3 CHILD ConstructNetherPortalBucketTask -> HolePillarTask ph=PORTAL @-2,57,-79 sky=0 wet=false ground=true pick=1 buck=2 iron=0 ore=1 rods=0 pearls=0 eyes=0
[00:14:38] [main/INFO] (Minecraft) [CHAT] §2§l§o[TenorClef] §rT2 [HIST] 6:42.3 CHILD HolePillarTask -> ConstructNetherPortalBucketTask ph=PORTAL @-2,57,-79 sky=0 wet=false ground=true pick=1 buck=2 iron=0 ore=1 rods=0 pearls=0 eyes=0
[00:14:38] [main/INFO] (Minecraft) [CHAT] §2§l§o[TenorClef] §rT2 [HIST] 6:42.3 CHILD ConstructNetherPortalBucketTask -> HolePillarTask ph=PORTAL @-2,57,-79 sky=0 wet=false ground=true pick=1 buck=2 iron=0 ore=1 rods=0 pearls=0 eyes=0
[00:14:38] [main/INFO] (Minecraft) [CHAT] §2§l§o[TenorClef] §rT2 [HIST] 6:42.3 CHILD HolePillarTask -> ConstructNetherPortalBucketTask ph=PORTAL @-2,57,-79 sky=0 wet=false ground=true pick=1 buck=2 iron=0 ore=1 rods=0 pearls=0 eyes=0
[00:14:38] [main/INFO] (Minecraft) [CHAT] §2§l§o[TenorClef] §rT2 [HIST] 6:42.4 CHILD ConstructNetherPortalBucketTask -> HolePillarTask ph=PORTAL @-2,57,-79 sky=0 wet=false ground=true pick=1 buck=2 iron=0 ore=1 rods=0 pearls=0 eyes=0
[00:14:38] [main/INFO] (Minecraft) [CHAT] §2§l§o[TenorClef] §rT2 [HIST] 6:42.4 CHILD HolePillarTask -> ConstructNetherPortalBucketTask ph=PORTAL @-2,57,-79 sky=0 wet=false ground=true pick=1 buck=2 iron=0 ore=1 rods=0 pearls=0 eyes=0
[00:14:38] [main/INFO] (Minecraft) [CHAT] §2§l§o[TenorClef] §rT2 [HIST] 6:42.4 CHILD ConstructNetherPortalBucketTask -> HolePillarTask ph=PORTAL @-2,57,-79 sky=0 wet=false ground=true pick=1 buck=2 iron=0 ore=1 rods=0 pearls=0 eyes=0
[00:14:38] [main/INFO] (Minecraft) [CHAT] §2§l§o[TenorClef] §rT2 [HIST] 6:42.4 CHILD HolePillarTask -> ConstructNetherPortalBucketTask ph=PORTAL @-2,57,-79 sky=0 wet=false ground=true pick=1 buck=2 iron=0 ore=1 rods=0 pearls=0 eyes=0
[00:14:38] [main/INFO] (Minecraft) [CHAT] §2§l§o[TenorClef] §rT2 [HIST] 6:42.5 CHILD ConstructNetherPortalBucketTask -> HolePillarTask ph=PORTAL @-2,57,-79 sky=0 wet=false ground=true pick=1 buck=2 iron=0 ore=1 rods=0 pearls=0 eyes=0
[00:14:38] [main/INFO] (Minecraft) [CHAT] §2§l§o[TenorClef] §rT2 [HIST] 6:42.5 CHILD HolePillarTask -> ConstructNetherPortalBucketTask ph=PORTAL @-2,57,-79 sky=0 wet=false ground=true pick=1 buck=2 iron=0 ore=1 rods=0 pearls=0 eyes=0
[00:14:38] [main/INFO] (Minecraft) [CHAT] §2§l§o[TenorClef] §rT2 [HIST] 6:42.5 CHILD ConstructNetherPortalBucketTask -> HolePillarTask ph=PORTAL @-2,57,-79 sky=0 wet=false ground=true pick=1 buck=2 iron=0 ore=1 rods=0 pearls=0 eyes=0
[00:14:38] [main/INFO] (Minecraft) [CHAT] §2§l§o[TenorClef] §rT2 [HIST] 6:42.5 CHILD HolePillarTask -> ConstructNetherPortalBucketTask ph=PORTAL @-2,57,-79 sky=0 wet=false ground=true pick=1 buck=2 iron=0 ore=1 rods=0 pearls=0 eyes=0
[00:14:38] [main/INFO] (Minecraft) [CHAT] §2§l§o[TenorClef] §rT2 [HIST] 6:42.6 CHILD ConstructNetherPortalBucketTask -> HolePillarTask ph=PORTAL @-2,57,-79 sky=0 wet=false ground=true pick=1 buck=2 iron=0 ore=1 rods=0 pearls=0 eyes=0
[00:14:38] [main/INFO] (Minecraft) [CHAT] §2§l§o[TenorClef] §rT2 [HIST] 6:42.6 CHILD HolePillarTask -> ConstructNetherPortalBucketTask ph=PORTAL @-2,57,-79 sky=0 wet=false ground=true pick=1 buck=2 iron=0 ore=1 rods=0 pearls=0 eyes=0
[00:14:38] [main/INFO] (Minecraft) [CHAT] §2§l§o[TenorClef] §rT2 [HIST] 6:42.6 CHILD ConstructNetherPortalBucketTask -> HolePillarTask ph=PORTAL @-2,57,-79 sky=0 wet=false ground=true pick=1 buck=2 iron=0 ore=1 rods=0 pearls=0 eyes=0
[00:14:38] [main/INFO] (Minecraft) [CHAT] §2§l§o[TenorClef] §rT2 [HIST] 6:42.6 CHILD HolePillarTask -> ConstructNetherPortalBucketTask ph=PORTAL @-2,57,-79 sky=0 wet=false ground=true pick=1 buck=2 iron=0 ore=1 rods=0 pearls=0 eyes=0
[00:14:38] [main/INFO] (Minecraft) [CHAT] §2§l§o[TenorClef] §rT2 [HIST] 6:42.7 CHILD ConstructNetherPortalBucketTask -> HolePillarTask ph=PORTAL @-2,56,-79 sky=0 wet=false ground=false pick=1 buck=2 iron=0 ore=1 rods=0 pearls=0 eyes=0
[00:14:38] [main/INFO] (Minecraft) [CHAT] §2§l§o[TenorClef] §rT2 [HIST] 6:42.7 CHILD HolePillarTask -> ConstructNetherPortalBucketTask ph=PORTAL @-2,56,-79 sky=0 wet=false ground=false pick=1 buck=2 iron=0 ore=1 rods=0 pearls=0 eyes=0
[00:14:38] [main/INFO] (Minecraft) [CHAT] §2§l§o[TenorClef] §rT2 [HIST] 6:42.7 CHILD ConstructNetherPortalBucketTask -> HolePillarTask ph=PORTAL @-2,56,-79 sky=0 wet=false ground=false pick=1 buck=2 iron=0 ore=1 rods=0 pearls=0 eyes=0
[00:14:38] [main/INFO] (Minecraft) [CHAT] §2§l§o[TenorClef] §rT2 [HIST] 6:42.7 CHILD HolePillarTask -> ConstructNetherPortalBucketTask ph=PORTAL @-2,56,-79 sky=0 wet=false ground=false pick=1 buck=2 iron=0 ore=1 rods=0 pearls=0 eyes=0
[00:14:38] [main/INFO] (Minecraft) [CHAT] §2§l§o[TenorClef] §rT2 [HIST] 6:42.8 CHILD ConstructNetherPortalBucketTask -> HolePillarTask ph=PORTAL @-2,56,-79 sky=0 wet=false ground=false pick=1 buck=2 iron=0 ore=1 rods=0 pearls=0 eyes=0
[00:14:38] [main/INFO] (Minecraft) [CHAT] §2§l§o[TenorClef] §rT2 [HIST] 6:42.8 CHILD HolePillarTask -> ConstructNetherPortalBucketTask ph=PORTAL @-2,56,-79 sky=0 wet=false ground=false pick=1 buck=2 iron=0 ore=1 rods=0 pearls=0 eyes=0
[00:14:38] [main/INFO] (Minecraft) [CHAT] §2§l§o[TenorClef] §rT2 [NOW] t=6:42.8 ph=PORTAL @-2,56,-79 do=<T2 pillar-out>  eq=iron_pickaxe woodpick=1 stonepick=1 pick=1 iron=0 buck=1
[00:14:38] [main/INFO] (Minecraft) [CHAT] §2§l§o[TenorClef] §rT2 [HIST] 6:42.8 CHILD ConstructNetherPortalBucketTask -> HolePillarTask ph=PORTAL @-2,56,-79 sky=0 wet=false ground=false pick=1 buck=2 iron=0 ore=1 rods=0 pearls=0 eyes=0
[00:14:38] [main/INFO] (Minecraft) [CHAT] §2§l§o[TenorClef] §rT2 [HIST] 6:42.8 CHILD HolePillarTask -> ConstructNetherPortalBucketTask ph=PORTAL @-2,56,-79 sky=0 wet=false ground=false pick=1 buck=2 iron=0 ore=1 rods=0 pearls=0 eyes=0
[00:14:39] [main/INFO] (Minecraft) [CHAT] §2§l§o[TenorClef] §rT2 [HIST] 6:42.9 CHILD ConstructNetherPortalBucketTask -> HolePillarTask ph=PORTAL @-2,56,-79 sky=0 wet=false ground=true pick=1 buck=2 iron=0 ore=1 rods=0 pearls=0 eyes=0
[00:14:39] [main/INFO] (Minecraft) [CHAT] §2§l§o[TenorClef] §rT2 [HIST] 6:42.9 CHILD HolePillarTask -> ConstructNetherPortalBucketTask ph=PORTAL @-2,56,-79 sky=0 wet=false ground=true pick=1 buck=2 iron=0 ore=1 rods=0 pearls=0 eyes=0
[00:14:39] [main/INFO] (Minecraft) [CHAT] §2§l§o[TenorClef] §rT2 [HIST] 6:42.9 CHILD ConstructNetherPortalBucketTask -> HolePillarTask ph=PORTAL @-2,56,-79 sky=0 wet=false ground=true pick=1 buck=2 iron=0 ore=1 rods=0 pearls=0 eyes=0
[00:14:39] [main/INFO] (Minecraft) [CHAT] §2§l§o[TenorClef] §rT2 [HIST] 6:42.9 CHILD HolePillarTask -> ConstructNetherPortalBucketTask ph=PORTAL @-2,56,-79 sky=0 wet=false ground=true pick=1 buck=2 iron=0 ore=1 rods=0 pearls=0 eyes=0
[00:14:39] [main/INFO] (Minecraft) [CHAT] §2§l§o[TenorClef] §rT2 [HIST] 6:43.0 CHILD ConstructNetherPortalBucketTask -> HolePillarTask ph=PORTAL @-2,56,-79 sky=0 wet=false ground=true pick=1 buck=2 iron=0 ore=1 rods=0 pearls=0 eyes=0
[00:14:39] [main/INFO] (Minecraft) [CHAT] §2§l§o[TenorClef] §rT2 [HIST] 6:43.0 CHILD HolePillarTask -> ConstructNetherPortalBucketTask ph=PORTAL @-2,56,-79 sky=0 wet=false ground=true pick=1 buck=2 iron=0 ore=1 rods=0 pearls=0 eyes=0
[00:14:39] [main/INFO] (Minecraft) [CHAT] §2§l§o[TenorClef] §rT2 [HIST] 6:43.1 CHILD ConstructNetherPortalBucketTask -> HolePillarTask ph=PORTAL @-2,56,-79 sky=0 wet=false ground=true pick=1 buck=2 iron=0 ore=1 rods=0 pearls=0 eyes=0
[00:14:39] [main/INFO] (Minecraft) [CHAT] §2§l§o[TenorClef] §rT2 [HIST] 6:43.1 CHILD HolePillarTask -> ConstructNetherPortalBucketTask ph=PORTAL @-2,56,-79 sky=0 wet=false ground=true pick=1 buck=2 iron=0 ore=1 rods=0 pearls=0 eyes=0
[00:14:39] [main/INFO] (Minecraft) [CHAT] §2§l§o[TenorClef] §rT2 [HIST] 6:43.1 CHILD ConstructNetherPortalBucketTask -> HolePillarTask ph=PORTAL @-2,56,-79 sky=0 wet=false ground=true pick=1 buck=2 iron=0 ore=1 rods=0 pearls=0 eyes=0
[00:14:39] [main/INFO] (Minecraft) [CHAT] §2§l§o[TenorClef] §rT2 [HIST] 6:43.1 CHILD HolePillarTask -> ConstructNetherPortalBucketTask ph=PORTAL @-2,56,-79 sky=0 wet=false ground=true pick=1 buck=2 iron=0 ore=1 rods=0 pearls=0 eyes=0
[00:14:39] [main/INFO] (Minecraft) [CHAT] §2§l§o[TenorClef] §rT2 [HIST] 6:43.1 CHILD ConstructNetherPortalBucketTask -> HolePillarTask ph=PORTAL @-2,56,-79 sky=0 wet=false ground=true pick=1 buck=2 iron=0 ore=1 rods=0 pearls=0 eyes=0
[00:14:39] [main/INFO] (Minecraft) [CHAT] §2§l§o[TenorClef] §rT2 [HIST] 6:43.1 CHILD HolePillarTask -> ConstructNetherPortalBucketTask ph=PORTAL @-2,56,-79 sky=0 wet=false ground=true pick=1 buck=2 iron=0 ore=1 rods=0 pearls=0 eyes=0
[00:14:39] [main/INFO] (Minecraft) [CHAT] §2§l§o[TenorClef] §rT2 [HIST] 6:43.2 CHILD ConstructNetherPortalBucketTask -> HolePillarTask ph=PORTAL @-2,56,-79 sky=0 wet=false ground=true pick=1 buck=2 iron=0 ore=1 rods=0 pearls=0 eyes=0
[00:14:39] [main/INFO] (Minecraft) [CHAT] §2§l§o[TenorClef] §rT2 [HIST] 6:43.2 CHILD HolePillarTask -> ConstructNetherPortalBucketTask ph=PORTAL @-2,56,-79 sky=0 wet=false ground=true pick=1 buck=2 iron=0 ore=1 rods=0 pearls=0 eyes=0
[00:14:39] [main/INFO] (Minecraft) [CHAT] §2§l§o[TenorClef] §rT2 [HIST] 6:43.2 CHILD ConstructNetherPortalBucketTask -> HolePillarTask ph=PORTAL @-2,56,-79 sky=0 wet=false ground=true pick=1 buck=2 iron=0 ore=1 rods=0 pearls=0 eyes=0
[00:14:39] [main/INFO] (Minecraft) [CHAT] §2§l§o[TenorClef] §rT2 [HIST] 6:43.2 CHILD HolePillarTask -> ConstructNetherPortalBucketTask ph=PORTAL @-2,56,-79 sky=0 wet=false ground=true pick=1 buck=2 iron=0 ore=1 rods=0 pearls=0 eyes=0
[00:14:39] [main/INFO] (Minecraft) [CHAT] §2§l§o[TenorClef] §rT2 [HIST] 6:43.3 CHILD ConstructNetherPortalBucketTask -> HolePillarTask ph=PORTAL @-2,56,-79 sky=0 wet=false ground=true pick=1 buck=2 iron=0 ore=1 rods=0 pearls=0 eyes=0
[00:14:39] [main/INFO] (Minecraft) [CHAT] §2§l§o[TenorClef] §rT2 [HIST] 6:43.3 CHILD HolePillarTask -> ConstructNetherPortalBucketTask ph=PORTAL @-2,56,-79 sky=0 wet=false ground=true pick=1 buck=2 iron=0 ore=1 rods=0 pearls=0 eyes=0
[00:14:39] [main/INFO] (Minecraft) [CHAT] §2§l§o[TenorClef] §rT2 [HIST] 6:43.3 CHILD ConstructNetherPortalBucketTask -> HolePillarTask ph=PORTAL @-2,56,-79 sky=0 wet=false ground=true pick=1 buck=2 iron=0 ore=1 rods=0 pearls=0 eyes=0
[00:14:39] [main/INFO] (Minecraft) [CHAT] §2§l§o[TenorClef] §rT2 [HIST] 6:43.3 CHILD HolePillarTask -> ConstructNetherPortalBucketTask ph=PORTAL @-2,56,-79 sky=0 wet=false ground=true pick=1 buck=2 iron=0 ore=1 rods=0 pearls=0 eyes=0
[00:14:39] [main/INFO] (Minecraft) [CHAT] §2§l§o[TenorClef] §rT2 [HIST] 6:43.4 CHILD ConstructNetherPortalBucketTask -> HolePillarTask ph=PORTAL @-2,56,-79 sky=0 wet=false ground=true pick=1 buck=2 iron=0 ore=1 rods=0 pearls=0 eyes=0
[00:14:39] [main/INFO] (Minecraft) [CHAT] §2§l§o[TenorClef] §rT2 [HIST] 6:43.4 CHILD HolePillarTask -> ConstructNetherPortalBucketTask ph=PORTAL @-2,56,-79 sky=0 wet=false ground=true pick=1 buck=2 iron=0 ore=1 rods=0 pearls=0 eyes=0
[00:14:39] [main/INFO] (Minecraft) [CHAT] §2§l§o[TenorClef] §rT2 [HIST] 6:43.4 CHILD ConstructNetherPortalBucketTask -> HolePillarTask ph=PORTAL @-2,56,-79 sky=0 wet=false ground=true pick=1 buck=2 iron=0 ore=1 rods=0 pearls=0 eyes=0
[00:14:39] [main/INFO] (Minecraft) [CHAT] §2§l§o[TenorClef] §rT2 [HIST] 6:43.4 CHILD HolePillarTask -> ConstructNetherPortalBucketTask ph=PORTAL @-2,56,-79 sky=0 wet=false ground=true pick=1 buck=2 iron=0 ore=1 rods=0 pearls=0 eyes=0
[00:14:39] [main/INFO] (Minecraft) [CHAT] §2§l§o[TenorClef] §rT2 [HIST] 6:43.5 CHILD ConstructNetherPortalBucketTask -> HolePillarTask ph=PORTAL @-2,56,-79 sky=0 wet=false ground=true pick=1 buck=2 iron=0 ore=1 rods=0 pearls=0 eyes=0
[00:14:39] [main/INFO] (Minecraft) [CHAT] §2§l§o[TenorClef] §rT2 [HIST] 6:43.5 CHILD HolePillarTask -> ConstructNetherPortalBucketTask ph=PORTAL @-2,56,-79 sky=0 wet=false ground=true pick=1 buck=2 iron=0 ore=1 rods=0 pearls=0 eyes=0
[00:14:39] [main/INFO] (Minecraft) [CHAT] §2§l§o[TenorClef] §rT2 [HIST] 6:43.5 CHILD ConstructNetherPortalBucketTask -> HolePillarTask ph=PORTAL @-2,56,-79 sky=0 wet=false ground=true pick=1 buck=2 iron=0 ore=1 rods=0 pearls=0 eyes=0
[00:14:39] [main/INFO] (Minecraft) [CHAT] §2§l§o[TenorClef] §rT2 [HIST] 6:43.5 CHILD HolePillarTask -> ConstructNetherPortalBucketTask ph=PORTAL @-2,56,-79 sky=0 wet=false ground=true pick=1 buck=2 iron=0 ore=1 rods=0 pearls=0 eyes=0
[00:14:39] [main/INFO] (Minecraft) [CHAT] §2§l§o[TenorClef] §rT2 [HIST] 6:43.6 CHILD ConstructNetherPortalBucketTask -> HolePillarTask ph=PORTAL @-2,56,-79 sky=0 wet=false ground=true pick=1 buck=2 iron=0 ore=1 rods=0 pearls=0 eyes=0
[00:14:39] [main/INFO] (Minecraft) [CHAT] §2§l§o[TenorClef] §rT2 [HIST] 6:43.6 CHILD HolePillarTask -> ConstructNetherPortalBucketTask ph=PORTAL @-2,56,-79 sky=0 wet=false ground=true pick=1 buck=2 iron=0 ore=1 rods=0 pearls=0 eyes=0
[00:14:39] [main/INFO] (Minecraft) [CHAT] §2§l§o[TenorClef] §rT2 [HIST] 6:43.6 CHILD ConstructNetherPortalBucketTask -> HolePillarTask ph=PORTAL @-2,56,-79 sky=0 wet=false ground=true pick=1 buck=2 iron=0 ore=1 rods=0 pearls=0 eyes=0
[00:14:39] [main/INFO] (Minecraft) [CHAT] §2§l§o[TenorClef] §rT2 [HIST] 6:43.6 CHILD HolePillarTask -> ConstructNetherPortalBucketTask ph=PORTAL @-2,56,-79 sky=0 wet=false ground=true pick=1 buck=2 iron=0 ore=1 rods=0 pearls=0 eyes=0
[00:14:39] [main/INFO] (Minecraft) [CHAT] §2§l§o[TenorClef] §rT2 [HIST] 6:43.7 CHILD ConstructNetherPortalBucketTask -> HolePillarTask ph=PORTAL @-2,56,-79 sky=0 wet=false ground=true pick=1 buck=2 iron=0 ore=1 rods=0 pearls=0 eyes=0
[00:14:39] [main/INFO] (Minecraft) [CHAT] §2§l§o[TenorClef] §rT2 [HIST] 6:43.7 CHILD HolePillarTask -> ConstructNetherPortalBucketTask ph=PORTAL @-2,56,-79 sky=0 wet=false ground=true pick=1 buck=2 iron=0 ore=1 rods=0 pearls=0 eyes=0
[00:14:39] [main/INFO] (Minecraft) [CHAT] §2§l§o[TenorClef] §rT2 [HIST] 6:43.8 CHILD ConstructNetherPortalBucketTask -> HolePillarTask ph=PORTAL @-2,56,-79 sky=0 wet=false ground=true pick=1 buck=2 iron=0 ore=1 rods=0 pearls=0 eyes=0
[00:14:39] [main/INFO] (Minecraft) [CHAT] §2§l§o[TenorClef] §rT2 [HIST] 6:43.8 CHILD HolePillarTask -> ConstructNetherPortalBucketTask ph=PORTAL @-2,56,-79 sky=0 wet=false ground=true pick=1 buck=2 iron=0 ore=1 rods=0 pearls=0 eyes=0
[00:14:39] [main/INFO] (Minecraft) [CHAT] §2§l§o[TenorClef] §rT2 [HIST] 6:43.8 CHILD ConstructNetherPortalBucketTask -> HolePillarTask ph=PORTAL @-2,56,-79 sky=0 wet=false ground=true pick=1 buck=2 iron=0 ore=1 rods=0 pearls=0 eyes=0
[00:14:39] [main/INFO] (Minecraft) [CHAT] §2§l§o[TenorClef] §rT2 [HIST] 6:43.8 CHILD HolePillarTask -> ConstructNetherPortalBucketTask ph=PORTAL @-2,56,-79 sky=0 wet=false ground=true pick=1 buck=2 iron=0 ore=1 rods=0 pearls=0 eyes=0
[00:14:39] [main/INFO] (Minecraft) [CHAT] §2§l§o[TenorClef] §rT2 [NOW] t=6:43.8 ph=PORTAL @-2,56,-79 do=<T2 pillar-out>  eq=iron_pickaxe woodpick=1 stonepick=1 pick=1 iron=0 buck=1
[00:14:39] [main/INFO] (Minecraft) [CHAT] §2§l§o[TenorClef] §rT2 [HIST] 6:43.8 CHILD ConstructNetherPortalBucketTask -> HolePillarTask ph=PORTAL @-2,56,-79 sky=0 wet=false ground=true pick=1 buck=2 iron=0 ore=1 rods=0 pearls=0 eyes=0
[00:14:39] [main/INFO] (Minecraft) [CHAT] §2§l§o[TenorClef] §rT2 [HIST] 6:43.8 CHILD HolePillarTask -> ConstructNetherPortalBucketTask ph=PORTAL @-2,56,-79 sky=0 wet=false ground=true pick=1 buck=2 iron=0 ore=1 rods=0 pearls=0 eyes=0
[00:14:40] [main/INFO] (Minecraft) [CHAT] §2§l§o[TenorClef] §rT2 [HIST] 6:43.9 CHILD ConstructNetherPortalBucketTask -> HolePillarTask ph=PORTAL @-2,56,-79 sky=0 wet=false ground=true pick=1 buck=2 iron=0 ore=1 rods=0 pearls=0 eyes=0
[00:14:40] [main/INFO] (Minecraft) [STDOUT]: ALTO CLEF: WARNING: T2 [E62] portal jump-place @-2,56,-79
[00:14:40] [main/INFO] (Minecraft) [CHAT] §2§l§o[TenorClef] §cT2 [E62] portal jump-place @-2,56,-79§r
[00:14:40] [main/INFO] (Minecraft) [CHAT] §2§l§o[TenorClef] §rT2 [HIST] 6:43.9 CHILD HolePillarTask -> ConstructNetherPortalBucketTask ph=PORTAL @-2,56,-79 sky=0 wet=false ground=true pick=1 buck=2 iron=0 ore=1 rods=0 pearls=0 eyes=0
[00:14:40] [main/INFO] (Minecraft) [CHAT] §2§l§o[TenorClef] §rT2 [HIST] 6:43.9 CHILD ConstructNetherPortalBucketTask -> HolePillarTask ph=PORTAL @-2,56,-79 sky=0 wet=false ground=true pick=1 buck=2 iron=0 ore=1 rods=0 pearls=0 eyes=0
[00:14:40] [main/INFO] (Minecraft) [CHAT] §2§l§o[TenorClef] §rT2 [HIST] 6:43.9 CHILD HolePillarTask -> ConstructNetherPortalBucketTask ph=PORTAL @-2,56,-79 sky=0 wet=false ground=true pick=1 buck=2 iron=0 ore=1 rods=0 pearls=0 eyes=0
[00:14:40] [main/INFO] (Minecraft) [CHAT] §2§l§o[TenorClef] §rT2 [HIST] 6:44.0 CHILD ConstructNetherPortalBucketTask -> HolePillarTask ph=PORTAL @-2,56,-79 sky=0 wet=false ground=true pick=1 buck=2 iron=0 ore=1 rods=0 pearls=0 eyes=0
[00:14:40] [main/INFO] (Minecraft) [CHAT] §2§l§o[TenorClef] §rT2 [HIST] 6:44.0 CHILD HolePillarTask -> ConstructNetherPortalBucketTask ph=PORTAL @-2,56,-79 sky=0 wet=false ground=true pick=1 buck=2 iron=0 ore=1 rods=0 pearls=0 eyes=0
[00:14:40] [main/INFO] (Minecraft) [CHAT] §2§l§o[TenorClef] §rT2 [HIST] 6:44.0 CHILD ConstructNetherPortalBucketTask -> HolePillarTask ph=PORTAL @-2,56,-79 sky=0 wet=false ground=true pick=1 buck=2 iron=0 ore=1 rods=0 pearls=0 eyes=0
[00:14:40] [main/INFO] (Minecraft) [CHAT] §2§l§o[TenorClef] §rT2 [HIST] 6:44.1 CHILD HolePillarTask -> ConstructNetherPortalBucketTask ph=PORTAL @-2,56,-79 sky=0 wet=false ground=true pick=1 buck=2 iron=0 ore=1 rods=0 pearls=0 eyes=0
[00:14:40] [main/INFO] (Minecraft) [CHAT] §2§l§o[TenorClef] §rT2 [HIST] 6:44.1 CHILD ConstructNetherPortalBucketTask -> HolePillarTask ph=PORTAL @-2,56,-79 sky=0 wet=false ground=true pick=1 buck=2 iron=0 ore=1 rods=0 pearls=0 eyes=0
[00:14:40] [main/INFO] (Minecraft) [CHAT] §2§l§o[TenorClef] §rT2 [HIST] 6:44.1 CHILD HolePillarTask -> ConstructNetherPortalBucketTask ph=PORTAL @-2,56,-79 sky=0 wet=false ground=true pick=1 buck=2 iron=0 ore=1 rods=0 pearls=0 eyes=0
[00:14:40] [main/INFO] (Minecraft) [CHAT] §2§l§o[TenorClef] §rT2 [HB] t=6:44.1 ph=PORTAL y=56 child=HolePillarTask logs=1 pick=1 woodpick=1
[00:14:40] [main/INFO] (Minecraft) [CHAT] §2§l§o[TenorClef] §rT2 [HIST] 6:44.1 CHILD ConstructNetherPortalBucketTask -> HolePillarTask ph=PORTAL @-2,56,-79 sky=0 wet=false ground=true pick=1 buck=2 iron=0 ore=1 rods=0 pearls=0 eyes=0
[00:14:40] [main/INFO] (Minecraft) [CHAT] §2§l§o[TenorClef] §rT2 [HIST] 6:44.1 CHILD HolePillarTask -> ConstructNetherPortalBucketTask ph=PORTAL @-2,56,-79 sky=0 wet=false ground=true pick=1 buck=2 iron=0 ore=1 rods=0 pearls=0 eyes=0
[00:14:40] [main/INFO] (Minecraft) [CHAT] §2§l§o[TenorClef] §rT2 [HIST] 6:44.2 CHILD ConstructNetherPortalBucketTask -> HolePillarTask ph=PORTAL @-2,56,-79 sky=0 wet=false ground=true pick=1 buck=2 iron=0 ore=1 rods=0 pearls=0 eyes=0
[00:14:40] [main/INFO] (Minecraft) [CHAT] §2§l§o[TenorClef] §rT2 [HIST] 6:44.2 CHILD HolePillarTask -> ConstructNetherPortalBucketTask ph=PORTAL @-2,56,-79 sky=0 wet=false ground=true pick=1 buck=2 iron=0 ore=1 rods=0 pearls=0 eyes=0
[00:14:40] [main/INFO] (Minecraft) [CHAT] §2§l§o[TenorClef] §rT2 [HIST] 6:44.2 CHILD ConstructNetherPortalBucketTask -> HolePillarTask ph=PORTAL @-2,56,-79 sky=0 wet=false ground=true pick=1 buck=2 iron=0 ore=1 rods=0 pearls=0 eyes=0
[00:14:40] [main/INFO] (Minecraft) [CHAT] §2§l§o[TenorClef] §rT2 [HIST] 6:44.2 CHILD HolePillarTask -> ConstructNetherPortalBucketTask ph=PORTAL @-2,56,-79 sky=0 wet=false ground=true pick=1 buck=2 iron=0 ore=1 rods=0 pearls=0 eyes=0
[00:14:40] [main/INFO] (Minecraft) [CHAT] §2§l§o[TenorClef] §rT2 [HIST] 6:44.3 CHILD ConstructNetherPortalBucketTask -> HolePillarTask ph=PORTAL @-2,56,-79 sky=0 wet=false ground=true pick=1 buck=2 iron=0 ore=1 rods=0 pearls=0 eyes=0
[00:14:40] [main/INFO] (Minecraft) [CHAT] §2§l§o[TenorClef] §rT2 [HIST] 6:44.3 CHILD HolePillarTask -> ConstructNetherPortalBucketTask ph=PORTAL @-2,56,-79 sky=0 wet=false ground=true pick=1 buck=2 iron=0 ore=1 rods=0 pearls=0 eyes=0
[00:14:40] [main/INFO] (Minecraft) [CHAT] §2§l§o[TenorClef] §rT2 [HIST] 6:44.4 CHILD ConstructNetherPortalBucketTask -> HolePillarTask ph=PORTAL @-2,56,-79 sky=0 wet=false ground=true pick=1 buck=2 iron=0 ore=1 rods=0 pearls=0 eyes=0
[00:14:40] [main/INFO] (Minecraft) [CHAT] §2§l§o[TenorClef] §rT2 [HIST] 6:44.4 CHILD HolePillarTask -> ConstructNetherPortalBucketTask ph=PORTAL @-2,56,-79 sky=0 wet=false ground=true pick=1 buck=2 iron=0 ore=1 rods=0 pearls=0 eyes=0
[00:14:40] [main/INFO] (Minecraft) [CHAT] §2§l§o[TenorClef] §rT2 [HIST] 6:44.4 CHILD ConstructNetherPortalBucketTask -> HolePillarTask ph=PORTAL @-2,56,-79 sky=0 wet=false ground=true pick=1 buck=2 iron=0 ore=1 rods=0 pearls=0 eyes=0
[00:14:40] [main/INFO] (Minecraft) [CHAT] §2§l§o[TenorClef] §rT2 [HIST] 6:44.4 CHILD HolePillarTask -> ConstructNetherPortalBucketTask ph=PORTAL @-2,56,-79 sky=0 wet=false ground=true pick=1 buck=2 iron=0 ore=1 rods=0 pearls=0 eyes=0
[00:14:40] [pool-5-thread-4/INFO] (Minecraft) [STDOUT]: 637824 movements considered
[00:14:40] [pool-5-thread-4/INFO] (Minecraft) [STDOUT]: Open set size: 8841
[00:14:40] [pool-5-thread-4/INFO] (Minecraft) [STDOUT]: PathNode map size: 37833
[00:14:40] [pool-5-thread-4/INFO] (Minecraft) [STDOUT]: 57984 nodes per second
[00:14:40] [pool-5-thread-4/INFO] (Minecraft) [STDOUT]: Path goes for 12.36931687685298 blocks
[00:14:40] [main/INFO] (Minecraft) [CHAT] §2§l§o[TenorClef] §rT2 [HIST] 6:44.4 CHILD ConstructNetherPortalBucketTask -> HolePillarTask ph=PORTAL @-2,56,-79 sky=0 wet=false ground=true pick=1 buck=2 iron=0 ore=1 rods=0 pearls=0 eyes=0
[00:14:40] [main/INFO] (Minecraft) [CHAT] §2§l§o[TenorClef] §rT2 [HIST] 6:44.4 CHILD HolePillarTask -> ConstructNetherPortalBucketTask ph=PORTAL @-2,56,-79 sky=0 wet=false ground=true pick=1 buck=2 iron=0 ore=1 rods=0 pearls=0 eyes=0
[00:14:40] [main/INFO] (Minecraft) [CHAT] §2§l§o[TenorClef] §rT2 [HIST] 6:44.5 CHILD ConstructNetherPortalBucketTask -> HolePillarTask ph=PORTAL @-2,56,-79 sky=0 wet=false ground=true pick=1 buck=2 iron=0 ore=1 rods=0 pearls=0 eyes=0
[00:14:40] [main/INFO] (Minecraft) [CHAT] §2§l§o[TenorClef] §rT2 [HIST] 6:44.5 CHILD HolePillarTask -> ConstructNetherPortalBucketTask ph=PORTAL @-2,56,-79 sky=0 wet=false ground=true pick=1 buck=2 iron=0 ore=1 rods=0 pearls=0 eyes=0
[00:14:40] [main/INFO] (Minecraft) [CHAT] §2§l§o[TenorClef] §rT2 [HIST] 6:44.6 CHILD ConstructNetherPortalBucketTask -> HolePillarTask ph=PORTAL @-2,56,-79 sky=0 wet=false ground=true pick=1 buck=2 iron=0 ore=1 rods=0 pearls=0 eyes=0
[00:14:40] [main/INFO] (Minecraft) [CHAT] §2§l§o[TenorClef] §rT2 [HIST] 6:44.6 CHILD HolePillarTask -> ConstructNetherPortalBucketTask ph=PORTAL @-2,56,-79 sky=0 wet=false ground=true pick=1 buck=2 iron=0 ore=1 rods=0 pearls=0 eyes=0
[00:14:40] [main/INFO] (Minecraft) [CHAT] §2§l§o[TenorClef] §rT2 [HIST] 6:44.6 CHILD ConstructNetherPortalBucketTask -> HolePillarTask ph=PORTAL @-2,56,-79 sky=0 wet=false ground=true pick=1 buck=2 iron=0 ore=1 rods=0 pearls=0 eyes=0
[00:14:40] [main/INFO] (Minecraft) [CHAT] §2§l§o[TenorClef] §rT2 [HIST] 6:44.6 CHILD HolePillarTask -> ConstructNetherPortalBucketTask ph=PORTAL @-2,56,-79 sky=0 wet=false ground=true pick=1 buck=2 iron=0 ore=1 rods=0 pearls=0 eyes=0
[00:14:40] [main/INFO] (Minecraft) [CHAT] §2§l§o[TenorClef] §rT2 [HIST] 6:44.7 CHILD ConstructNetherPortalBucketTask -> HolePillarTask ph=PORTAL @-2,56,-79 sky=0 wet=false ground=true pick=1 buck=2 iron=0 ore=1 rods=0 pearls=0 eyes=0
[00:14:40] [main/INFO] (Minecraft) [CHAT] §2§l§o[TenorClef] §rT2 [HIST] 6:44.7 SNAP ph=PORTAL @-2,56,-79 sky=0 wet=false ground=true pick=1 buck=2 iron=0 ore=1 rods=0 pearls=0 eyes=0 child=HolePillarTask dbg=<T2 pillar-out>  mobs=none
[00:14:40] [main/INFO] (Minecraft) [CHAT] §2§l§o[TenorClef] §rT2 [HIST] 6:44.7 CHILD HolePillarTask -> ConstructNetherPortalBucketTask ph=PORTAL @-2,56,-79 sky=0 wet=false ground=true pick=1 buck=2 iron=0 ore=1 rods=0 pearls=0 eyes=0
[00:14:40] [main/INFO] (Minecraft) [CHAT] §2§l§o[TenorClef] §rT2 [HIST] 6:44.7 CHILD ConstructNetherPortalBucketTask -> HolePillarTask ph=PORTAL @-2,56,-79 sky=0 wet=false ground=true pick=1 buck=2 iron=0 ore=1 rods=0 pearls=0 eyes=0
[00:14:40] [main/INFO] (Minecraft) [CHAT] §2§l§o[TenorClef] §rT2 [HIST] 6:44.7 CHILD HolePillarTask -> ConstructNetherPortalBucketTask ph=PORTAL @-2,56,-79 sky=0 wet=false ground=true pick=1 buck=2 iron=0 ore=1 rods=0 pearls=0 eyes=0
[00:14:40] [main/INFO] (Minecraft) [CHAT] §2§l§o[TenorClef] §rT2 [HIST] 6:44.7 CHILD ConstructNetherPortalBucketTask -> HolePillarTask ph=PORTAL @-2,56,-79 sky=0 wet=false ground=true pick=1 buck=2 iron=0 ore=1 rods=0 pearls=0 eyes=0
[00:14:40] [main/INFO] (Minecraft) [CHAT] §2§l§o[TenorClef] §rT2 [HIST] 6:44.7 CHILD HolePillarTask -> ConstructNetherPortalBucketTask ph=PORTAL @-2,56,-79 sky=0 wet=false ground=true pick=1 buck=2 iron=0 ore=1 rods=0 pearls=0 eyes=0
[00:14:40] [main/INFO] (Minecraft) [CHAT] §2§l§o[TenorClef] §rT2 [HIST] 6:44.8 CHILD ConstructNetherPortalBucketTask -> HolePillarTask ph=PORTAL @-2,56,-79 sky=0 wet=false ground=true pick=1 buck=2 iron=0 ore=1 rods=0 pearls=0 eyes=0
[00:14:40] [main/INFO] (Minecraft) [CHAT] §2§l§o[TenorClef] §rT2 [HIST] 6:44.8 CHILD HolePillarTask -> ConstructNetherPortalBucketTask ph=PORTAL @-2,56,-79 sky=0 wet=false ground=true pick=1 buck=2 iron=0 ore=1 rods=0 pearls=0 eyes=0
[00:14:40] [main/INFO] (Minecraft) [CHAT] §2§l§o[TenorClef] §rT2 [NOW] t=6:44.9 ph=PORTAL @-2,56,-79 do=<T2 pillar-out>  eq=iron_pickaxe woodpick=1 stonepick=1 pick=1 iron=0 buck=1
[00:14:40] [main/INFO] (Minecraft) [CHAT] §2§l§o[TenorClef] §rT2 [HIST] 6:44.9 CHILD ConstructNetherPortalBucketTask -> HolePillarTask ph=PORTAL @-2,56,-79 sky=0 wet=false ground=true pick=1 buck=2 iron=0 ore=1 rods=0 pearls=0 eyes=0
[00:14:40] [main/INFO] (Minecraft) [CHAT] §2§l§o[TenorClef] §rT2 [HIST] 6:44.9 CHILD HolePillarTask -> ConstructNetherPortalBucketTask ph=PORTAL @-2,56,-79 sky=0 wet=false ground=true pick=1 buck=2 iron=0 ore=1 rods=0 pearls=0 eyes=0
[00:14:41] [main/INFO] (Minecraft) [CHAT] §2§l§o[TenorClef] §rT2 [HIST] 6:44.9 CHILD ConstructNetherPortalBucketTask -> HolePillarTask ph=PORTAL @-2,56,-79 sky=0 wet=false ground=true pick=1 buck=2 iron=0 ore=1 rods=0 pearls=0 eyes=0
[00:14:41] [main/INFO] (Minecraft) [CHAT] §2§l§o[TenorClef] §rT2 [HIST] 6:44.9 CHILD HolePillarTask -> ConstructNetherPortalBucketTask ph=PORTAL @-2,56,-79 sky=0 wet=false ground=true pick=1 buck=2 iron=0 ore=1 rods=0 pearls=0 eyes=0
[00:14:41] [main/INFO] (Minecraft) [CHAT] §2§l§o[TenorClef] §rT2 [HIST] 6:44.9 CHILD ConstructNetherPortalBucketTask -> HolePillarTask ph=PORTAL @-2,56,-79 sky=0 wet=false ground=true pick=1 buck=2 iron=0 ore=1 rods=0 pearls=0 eyes=0
[00:14:41] [main/INFO] (Minecraft) [CHAT] §2§l§o[TenorClef] §rT2 [HIST] 6:44.9 CHILD HolePillarTask -> ConstructNetherPortalBucketTask ph=PORTAL @-2,56,-79 sky=0 wet=false ground=true pick=1 buck=2 iron=0 ore=1 rods=0 pearls=0 eyes=0
[00:14:41] [main/INFO] (Minecraft) [CHAT] §2§l§o[TenorClef] §rT2 [HIST] 6:45.0 CHILD ConstructNetherPortalBucketTask -> HolePillarTask ph=PORTAL @-2,56,-79 sky=0 wet=false ground=true pick=1 buck=2 iron=0 ore=1 rods=0 pearls=0 eyes=0
[00:14:41] [main/INFO] (Minecraft) [CHAT] §2§l§o[TenorClef] §rT2 [HIST] 6:45.0 CHILD HolePillarTask -> ConstructNetherPortalBucketTask ph=PORTAL @-2,56,-79 sky=0 wet=false ground=true pick=1 buck=2 iron=0 ore=1 rods=0 pearls=0 eyes=0
[00:14:41] [main/INFO] (Minecraft) [CHAT] §2§l§o[TenorClef] §rT2 [HIST] 6:45.0 CHILD ConstructNetherPortalBucketTask -> HolePillarTask ph=PORTAL @-2,56,-79 sky=0 wet=false ground=true pick=1 buck=2 iron=0 ore=1 rods=0 pearls=0 eyes=0
[00:14:41] [main/INFO] (Minecraft) [CHAT] §2§l§o[TenorClef] §rT2 [HIST] 6:45.0 CHILD HolePillarTask -> ConstructNetherPortalBucketTask ph=PORTAL @-2,56,-79 sky=0 wet=false ground=true pick=1 buck=2 iron=0 ore=1 rods=0 pearls=0 eyes=0
[00:14:41] [main/INFO] (Minecraft) [CHAT] §2§l§o[TenorClef] §rT2 [HIST] 6:45.1 CHILD ConstructNetherPortalBucketTask -> HolePillarTask ph=PORTAL @-2,56,-79 sky=0 wet=false ground=true pick=1 buck=2 iron=0 ore=1 rods=0 pearls=0 eyes=0
[00:14:41] [main/INFO] (Minecraft) [CHAT] §2§l§o[TenorClef] §rT2 [HIST] 6:45.1 CHILD HolePillarTask -> ConstructNetherPortalBucketTask ph=PORTAL @-2,56,-79 sky=0 wet=false ground=true pick=1 buck=2 iron=0 ore=1 rods=0 pearls=0 eyes=0
[00:14:41] [main/INFO] (Minecraft) [CHAT] §2§l§o[TenorClef] §rT2 [HIST] 6:45.1 CHILD ConstructNetherPortalBucketTask -> HolePillarTask ph=PORTAL @-2,56,-79 sky=0 wet=false ground=true pick=1 buck=2 iron=0 ore=1 rods=0 pearls=0 eyes=0
[00:14:41] [main/INFO] (Minecraft) [CHAT] §2§l§o[TenorClef] §rT2 [HIST] 6:45.1 CHILD HolePillarTask -> ConstructNetherPortalBucketTask ph=PORTAL @-2,56,-79 sky=0 wet=false ground=true pick=1 buck=2 iron=0 ore=1 rods=0 pearls=0 eyes=0
[00:14:41] [main/INFO] (Minecraft) [CHAT] §2§l§o[TenorClef] §rT2 [HIST] 6:45.2 CHILD ConstructNetherPortalBucketTask -> HolePillarTask ph=PORTAL @-2,56,-79 sky=0 wet=false ground=true pick=1 buck=2 iron=0 ore=1 rods=0 pearls=0 eyes=0
[00:14:41] [main/INFO] (Minecraft) [CHAT] §2§l§o[TenorClef] §rT2 [HIST] 6:45.2 CHILD HolePillarTask -> ConstructNetherPortalBucketTask ph=PORTAL @-2,56,-79 sky=0 wet=false ground=true pick=1 buck=2 iron=0 ore=1 rods=0 pearls=0 eyes=0
[00:14:41] [main/INFO] (Minecraft) [CHAT] §2§l§o[TenorClef] §rT2 [HIST] 6:45.3 CHILD ConstructNetherPortalBucketTask -> HolePillarTask ph=PORTAL @-2,56,-79 sky=0 wet=false ground=true pick=1 buck=2 iron=0 ore=1 rods=0 pearls=0 eyes=0
[00:14:41] [main/INFO] (Minecraft) [CHAT] §2§l§o[TenorClef] §rT2 [HIST] 6:45.3 CHILD HolePillarTask -> ConstructNetherPortalBucketTask ph=PORTAL @-2,56,-79 sky=0 wet=false ground=true pick=1 buck=2 iron=0 ore=1 rods=0 pearls=0 eyes=0
[00:14:41] [main/INFO] (Minecraft) [CHAT] §2§l§o[TenorClef] §rT2 [HIST] 6:45.3 CHILD ConstructNetherPortalBucketTask -> HolePillarTask ph=PORTAL @-2,56,-79 sky=0 wet=false ground=true pick=1 buck=2 iron=0 ore=1 rods=0 pearls=0 eyes=0
[00:14:41] [main/INFO] (Minecraft) [CHAT] §2§l§o[TenorClef] §rT2 [HIST] 6:45.3 CHILD HolePillarTask -> ConstructNetherPortalBucketTask ph=PORTAL @-2,56,-79 sky=0 wet=false ground=true pick=1 buck=2 iron=0 ore=1 rods=0 pearls=0 eyes=0
[00:14:41] [main/INFO] (Minecraft) [CHAT] §2§l§o[TenorClef] §rT2 [HIST] 6:45.3 CHILD ConstructNetherPortalBucketTask -> HolePillarTask ph=PORTAL @-2,56,-79 sky=0 wet=false ground=true pick=1 buck=2 iron=0 ore=1 rods=0 pearls=0 eyes=0
[00:14:41] [main/INFO] (Minecraft) [CHAT] §2§l§o[TenorClef] §rT2 [HIST] 6:45.3 CHILD HolePillarTask -> ConstructNetherPortalBucketTask ph=PORTAL @-2,56,-79 sky=0 wet=false ground=true pick=1 buck=2 iron=0 ore=1 rods=0 pearls=0 eyes=0
[00:14:41] [main/INFO] (Minecraft) [CHAT] §2§l§o[TenorClef] §rT2 [HIST] 6:45.4 CHILD ConstructNetherPortalBucketTask -> HolePillarTask ph=PORTAL @-2,56,-79 sky=0 wet=false ground=true pick=1 buck=2 iron=0 ore=1 rods=0 pearls=0 eyes=0
[00:14:41] [main/INFO] (Minecraft) [CHAT] §2§l§o[TenorClef] §rT2 [HIST] 6:45.4 CHILD HolePillarTask -> ConstructNetherPortalBucketTask ph=PORTAL @-2,56,-79 sky=0 wet=false ground=true pick=1 buck=2 iron=0 ore=1 rods=0 pearls=0 eyes=0
[00:14:41] [main/INFO] (Minecraft) [CHAT] §2§l§o[TenorClef] §rT2 [HIST] 6:45.4 CHILD ConstructNetherPortalBucketTask -> HolePillarTask ph=PORTAL @-2,56,-79 sky=0 wet=false ground=true pick=1 buck=2 iron=0 ore=1 rods=0 pearls=0 eyes=0
[00:14:41] [main/INFO] (Minecraft) [CHAT] §2§l§o[TenorClef] §rT2 [HIST] 6:45.4 CHILD HolePillarTask -> ConstructNetherPortalBucketTask ph=PORTAL @-2,56,-79 sky=0 wet=false ground=true pick=1 buck=2 iron=0 ore=1 rods=0 pearls=0 eyes=0
[00:14:41] [main/INFO] (Minecraft) [CHAT] §2§l§o[TenorClef] §rT2 [HIST] 6:45.5 CHILD ConstructNetherPortalBucketTask -> HolePillarTask ph=PORTAL @-2,56,-79 sky=0 wet=false ground=true pick=1 buck=2 iron=0 ore=1 rods=0 pearls=0 eyes=0
[00:14:41] [main/INFO] (Minecraft) [CHAT] §2§l§o[TenorClef] §rT2 [HIST] 6:45.5 CHILD HolePillarTask -> ConstructNetherPortalBucketTask ph=PORTAL @-2,56,-79 sky=0 wet=false ground=true pick=1 buck=2 iron=0 ore=1 rods=0 pearls=0 eyes=0
[00:14:41] [main/INFO] (Minecraft) [CHAT] §2§l§o[TenorClef] §rT2 [HIST] 6:45.5 CHILD ConstructNetherPortalBucketTask -> HolePillarTask ph=PORTAL @-2,56,-79 sky=0 wet=false ground=true pick=1 buck=2 iron=0 ore=1 rods=0 pearls=0 eyes=0
[00:14:41] [main/INFO] (Minecraft) [CHAT] §2§l§o[TenorClef] §rT2 [HIST] 6:45.5 CHILD HolePillarTask -> ConstructNetherPortalBucketTask ph=PORTAL @-2,56,-79 sky=0 wet=false ground=true pick=1 buck=2 iron=0 ore=1 rods=0 pearls=0 eyes=0
[00:14:41] [main/INFO] (Minecraft) [CHAT] §2§l§o[TenorClef] §rT2 [HIST] 6:45.6 CHILD ConstructNetherPortalBucketTask -> HolePillarTask ph=PORTAL @-2,56,-79 sky=0 wet=false ground=true pick=1 buck=2 iron=0 ore=1 rods=0 pearls=0 eyes=0
[00:14:41] [main/INFO] (Minecraft) [CHAT] §2§l§o[TenorClef] §rT2 [HIST] 6:45.6 CHILD HolePillarTask -> ConstructNetherPortalBucketTask ph=PORTAL @-2,56,-79 sky=0 wet=false ground=true pick=1 buck=2 iron=0 ore=1 rods=0 pearls=0 eyes=0
[00:14:41] [main/INFO] (Minecraft) [CHAT] §2§l§o[TenorClef] §rT2 [HIST] 6:45.6 CHILD ConstructNetherPortalBucketTask -> HolePillarTask ph=PORTAL @-2,56,-79 sky=0 wet=false ground=true pick=1 buck=2 iron=0 ore=1 rods=0 pearls=0 eyes=0
[00:14:41] [main/INFO] (Minecraft) [CHAT] §2§l§o[TenorClef] §rT2 [HIST] 6:45.6 CHILD HolePillarTask -> ConstructNetherPortalBucketTask ph=PORTAL @-2,56,-79 sky=0 wet=false ground=true pick=1 buck=2 iron=0 ore=1 rods=0 pearls=0 eyes=0
[00:14:41] [main/INFO] (Minecraft) [CHAT] §2§l§o[TenorClef] §rT2 [HIST] 6:45.7 CHILD ConstructNetherPortalBucketTask -> HolePillarTask ph=PORTAL @-2,56,-79 sky=0 wet=false ground=true pick=1 buck=2 iron=0 ore=1 rods=0 pearls=0 eyes=0
[00:14:41] [main/INFO] (Minecraft) [CHAT] §2§l§o[TenorClef] §rT2 [HIST] 6:45.7 CHILD HolePillarTask -> ConstructNetherPortalBucketTask ph=PORTAL @-2,56,-79 sky=0 wet=false ground=true pick=1 buck=2 iron=0 ore=1 rods=0 pearls=0 eyes=0
[00:14:41] [main/INFO] (Minecraft) [CHAT] §2§l§o[TenorClef] §rT2 [HIST] 6:45.7 CHILD ConstructNetherPortalBucketTask -> HolePillarTask ph=PORTAL @-2,56,-78 sky=0 wet=false ground=true pick=1 buck=2 iron=0 ore=1 rods=0 pearls=0 eyes=0
[00:14:41] [main/INFO] (Minecraft) [CHAT] §2§l§o[TenorClef] §rT2 [HIST] 6:45.7 CHILD HolePillarTask -> ConstructNetherPortalBucketTask ph=PORTAL @-2,56,-78 sky=0 wet=false ground=true pick=1 buck=2 iron=0 ore=1 rods=0 pearls=0 eyes=0
[00:14:41] [main/INFO] (Minecraft) [CHAT] §2§l§o[TenorClef] §rT2 [HIST] 6:45.8 CHILD ConstructNetherPortalBucketTask -> HolePillarTask ph=PORTAL @-2,56,-78 sky=0 wet=false ground=true pick=1 buck=2 iron=0 ore=1 rods=0 pearls=0 eyes=0
[00:14:41] [main/INFO] (Minecraft) [CHAT] §2§l§o[TenorClef] §rT2 [HIST] 6:45.8 CHILD HolePillarTask -> ConstructNetherPortalBucketTask ph=PORTAL @-2,56,-78 sky=0 wet=false ground=true pick=1 buck=2 iron=0 ore=1 rods=0 pearls=0 eyes=0
[00:14:41] [main/INFO] (Minecraft) [CHAT] §2§l§o[TenorClef] §rT2 [NOW] t=6:45.8 ph=PORTAL @-2,55,-78 do=<T2 pillar-out>  eq=iron_pickaxe woodpick=1 stonepick=1 pick=1 iron=0 buck=1
[00:14:41] [main/INFO] (Minecraft) [CHAT] §2§l§o[TenorClef] §rT2 [HIST] 6:45.9 CHILD ConstructNetherPortalBucketTask -> HolePillarTask ph=PORTAL @-2,55,-78 sky=0 wet=false ground=false pick=1 buck=2 iron=0 ore=1 rods=0 pearls=0 eyes=0
[00:14:41] [main/INFO] (Minecraft) [CHAT] §2§l§o[TenorClef] §rT2 [HIST] 6:45.9 CHILD HolePillarTask -> ConstructNetherPortalBucketTask ph=PORTAL @-2,55,-78 sky=0 wet=false ground=false pick=1 buck=2 iron=0 ore=1 rods=0 pearls=0 eyes=0
[00:14:42] [main/INFO] (Minecraft) [CHAT] §2§l§o[TenorClef] §rT2 [HIST] 6:45.9 CHILD ConstructNetherPortalBucketTask -> HolePillarTask ph=PORTAL @-2,55,-78 sky=0 wet=false ground=false pick=1 buck=2 iron=0 ore=1 rods=0 pearls=0 eyes=0
[00:14:42] [main/INFO] (Minecraft) [STDOUT]: ALTO CLEF: WARNING: T2 [S134] pillar cool expire after jump-pit flips=6 end=stuck-low step=50 y=66 startY=63
[00:14:42] [main/INFO] (Minecraft) [CHAT] §2§l§o[TenorClef] §cT2 [S134] pillar cool expire after jump-pit flips=6 end=stuck-low step=50 y=66 startY=63§r
[00:14:42] [main/INFO] (Minecraft) [CHAT] §2§l§o[TenorClef] §rT2 [HIST] 6:45.9 FORCE S134 pillar cool expire after jump-pit flips=6 end=stuck-low step=50 y=66 startY=63
[00:14:42] [main/INFO] (Minecraft) [CHAT] §2§l§o[TenorClef] §rT2 [HIST] 6:45.9 CHILD HolePillarTask -> ConstructNetherPortalBucketTask ph=PORTAL @-2,55,-78 sky=0 wet=false ground=false pick=1 buck=2 iron=0 ore=1 rods=0 pearls=0 eyes=0
[00:14:42] [main/INFO] (Minecraft) [CHAT] §2§l§o[TenorClef] §rT2 [HIST] 6:45.9 CHILD ConstructNetherPortalBucketTask -> HolePillarTask ph=PORTAL @-2,55,-78 sky=0 wet=false ground=false pick=1 buck=2 iron=0 ore=1 rods=0 pearls=0 eyes=0
[00:14:42] [main/INFO] (Minecraft) [CHAT] §2§l§o[TenorClef] §rT2 [HIST] 6:45.9 CHILD HolePillarTask -> ConstructNetherPortalBucketTask ph=PORTAL @-2,55,-78 sky=0 wet=false ground=false pick=1 buck=2 iron=0 ore=1 rods=0 pearls=0 eyes=0
[00:14:42] [main/INFO] (Minecraft) [CHAT] §2§l§o[TenorClef] §rT2 [HIST] 6:46.0 CHILD ConstructNetherPortalBucketTask -> HolePillarTask ph=PORTAL @-2,55,-78 sky=0 wet=false ground=false pick=1 buck=2 iron=0 ore=1 rods=0 pearls=0 eyes=0
[00:14:42] [main/INFO] (Minecraft) [CHAT] §2§l§o[TenorClef] §rT2 [HIST] 6:46.0 CHILD HolePillarTask -> ConstructNetherPortalBucketTask ph=PORTAL @-2,55,-78 sky=0 wet=false ground=false pick=1 buck=2 iron=0 ore=1 rods=0 pearls=0 eyes=0
[00:14:42] [main/INFO] (Minecraft) [CHAT] §2§l§o[TenorClef] §rT2 [HIST] 6:46.0 CHILD ConstructNetherPortalBucketTask -> HolePillarTask ph=PORTAL @-2,54,-78 sky=0 wet=false ground=false pick=1 buck=2 iron=0 ore=1 rods=0 pearls=0 eyes=0
[00:14:42] [main/INFO] (Minecraft) [STDOUT]: ALTO CLEF: WARNING: T2 [E116] drop 8 from 62 to 54 ph=PORTAL
[00:14:42] [main/INFO] (Minecraft) [CHAT] §2§l§o[TenorClef] §cT2 [E116] drop 8 from 62 to 54 ph=PORTAL§r
[00:14:42] [main/INFO] (Minecraft) [CHAT] §2§l§o[TenorClef] §rT2 [HIST] 6:46.0 [E116] drop 8 from 62 to 54 ph=PORTAL
[00:14:42] [main/INFO] (Minecraft) [CHAT] §2§l§o[TenorClef] §rT2 [HIST] 6:46.0 CHILD HolePillarTask -> ConstructNetherPortalBucketTask ph=PORTAL @-2,54,-78 sky=0 wet=false ground=false pick=1 buck=2 iron=0 ore=1 rods=0 pearls=0 eyes=0
[00:14:42] [main/INFO] (Minecraft) [CHAT] §2§l§o[TenorClef] §rT2 [HIST] 6:46.1 CHILD ConstructNetherPortalBucketTask -> HolePillarTask ph=PORTAL @-2,54,-78 sky=0 wet=false ground=false pick=1 buck=2 iron=0 ore=1 rods=0 pearls=0 eyes=0
[00:14:42] [main/INFO] (Minecraft) [CHAT] §2§l§o[TenorClef] §rT2 [HIST] 6:46.1 CHILD HolePillarTask -> ConstructNetherPortalBucketTask ph=PORTAL @-2,54,-78 sky=0 wet=false ground=false pick=1 buck=2 iron=0 ore=1 rods=0 pearls=0 eyes=0
[00:14:42] [main/INFO] (Minecraft) [STDOUT]: ALTO CLEF: WARNING: T2 [S152] onStop interrupt=null dead=false ph=PORTAL y=53.9 -> session preserved
[00:14:42] [main/INFO] (Minecraft) [CHAT] §2§l§o[TenorClef] §cT2 [S152] onStop interrupt=null dead=false ph=PORTAL y=53.9 -> session preserved§r
[00:14:42] [main/INFO] (Minecraft) [CHAT] §2§l§o[TenorClef] §r(NEW clutch target: Mutable{x=-2, y=48, z=-78})
[00:14:42] [main/INFO] (Minecraft) [CHAT] §2§l§o[TenorClef] §rHIT: BlockPos{x=-2, y=49, z=-78}
[00:14:42] [main/INFO] (Minecraft) [STDOUT]: ALTO CLEF: WARNING: T2 [S154] falling with no clutch item - MLG chain stays inactive
[00:14:42] [main/INFO] (Minecraft) [CHAT] §2§l§o[TenorClef] §cT2 [S154] falling with no clutch item - MLG chain stays inactive§r
[00:14:42] [main/INFO] (Minecraft) [STDOUT]: ALTO CLEF: WARNING: T2 [E80] parent onStart ignored, still ph=PORTAL t=6:46.4
[00:14:42] [main/INFO] (Minecraft) [CHAT] §2§l§o[TenorClef] §cT2 [E80] parent onStart ignored, still ph=PORTAL t=6:46.4§r
[00:14:42] [main/INFO] (Minecraft) [CHAT] §2§l§o[TenorClef] §rT2 [HIST] 6:46.4 onStart swallowed — keep PORTAL
[00:14:42] [main/INFO] (Minecraft) [CHAT] §2§l§o[TenorClef] §rT2 [HIST] 6:46.4 CHILD ConstructNetherPortalBucketTask -> HolePillarTask ph=PORTAL @-2,50,-78 sky=0 wet=false ground=false pick=1 buck=2 iron=0 ore=1 rods=0 pearls=0 eyes=0
[00:14:42] [main/INFO] (Minecraft) [CHAT] §2§l§o[TenorClef] §rT2 [HIST] 6:46.4 CHILD HolePillarTask -> ConstructNetherPortalBucketTask ph=PORTAL @-2,50,-78 sky=0 wet=false ground=false pick=1 buck=2 iron=0 ore=1 rods=0 pearls=0 eyes=0
[00:14:42] [main/INFO] (Minecraft) [CHAT] §2§l§o[TenorClef] §rT2 [HIST] 6:46.4 CHILD ConstructNetherPortalBucketTask -> HolePillarTask ph=PORTAL @-2,49,-78 sky=0 wet=false ground=false pick=1 buck=2 iron=0 ore=1 rods=0 pearls=0 eyes=0
[00:14:42] [main/INFO] (Minecraft) [CHAT] §2§l§o[TenorClef] §rT2 [HIST] 6:46.4 CHILD HolePillarTask -> ConstructNetherPortalBucketTask ph=PORTAL @-2,49,-78 sky=0 wet=false ground=false pick=1 buck=2 iron=0 ore=1 rods=0 pearls=0 eyes=0
[00:14:42] [main/INFO] (Minecraft) Loaded 120 advancements
[00:14:42] [main/INFO] (Minecraft) [CHAT] §2§l§o[TenorClef] §rT2 [HIST] 6:46.5 CHILD ConstructNetherPortalBucketTask -> HolePillarTask ph=PORTAL @-2,49,-78 sky=0 wet=false ground=true pick=1 buck=2 iron=0 ore=1 rods=0 pearls=0 eyes=0
[00:14:42] [main/INFO] (Minecraft) [CHAT] §2§l§o[TenorClef] §rT2 [HIST] 6:46.5 CHILD HolePillarTask -> ConstructNetherPortalBucketTask ph=PORTAL @-2,49,-78 sky=0 wet=false ground=true pick=1 buck=2 iron=0 ore=1 rods=0 pearls=0 eyes=0
[00:15:02] [main/INFO] (Minecraft) [STDOUT]: ALTO CLEF: WARNING: T2 [S155] mob-defense disengage (timeout) hp=20.0 - handing priority back to the run task
[00:15:02] [main/INFO] (Minecraft) [CHAT] §2§l§o[TenorClef] §cT2 [S155] mob-defense disengage (timeout) hp=20.0 - handing priority back to the run task§r
[00:15:02] [main/INFO] (Minecraft) [STDOUT]: ALTO CLEF: WARNING: T2 [E80] parent onStart ignored, still ph=PORTAL t=7:06.2
[00:15:02] [main/INFO] (Minecraft) [CHAT] §2§l§o[TenorClef] §cT2 [E80] parent onStart ignored, still ph=PORTAL t=7:06.2§r
[00:15:02] [main/INFO] (Minecraft) [CHAT] §2§l§o[TenorClef] §rT2 [HIST] 7:06.2 CHILD ConstructNetherPortalBucketTask -> HolePillarTask ph=PORTAL @0,51,-80 sky=0 wet=false ground=true pick=1 buck=2 iron=0 ore=1 rods=0 pearls=0 eyes=0
[00:15:02] [main/INFO] (Minecraft) [STDOUT]: ALTO CLEF: WARNING: T2 [S138] shaft ban clear left-xz ban=-2,-79 now=0,-80 manh=3 left=53
[00:15:02] [main/INFO] (Minecraft) [CHAT] §2§l§o[TenorClef] §cT2 [S138] shaft ban clear left-xz ban=-2,-79 now=0,-80 manh=3 left=53§r
[00:15:02] [main/INFO] (Minecraft) [CHAT] §2§l§o[TenorClef] §rT2 [HIST] 7:06.2 FORCE S138 shaft ban clear left-xz ban=-2,-79 now=0,-80 manh=3 left=53
[00:15:02] [main/INFO] (Minecraft) [CHAT] §2§l§o[TenorClef] §rT2 [HIST] 7:06.2 CHILD HolePillarTask -> ConstructNetherPortalBucketTask ph=PORTAL @0,51,-80 sky=0 wet=false ground=true pick=1 buck=2 iron=0 ore=1 rods=0 pearls=0 eyes=0
[00:15:02] [main/INFO] (Minecraft) [CHAT] §2§l§o[TenorClef] §rRefreshed inventory...
[00:15:02] [main/INFO] (Minecraft) [CHAT] §2§l§o[TenorClef] §rT2 [HIST] 7:06.2 CHILD ConstructNetherPortalBucketTask -> HolePillarTask ph=PORTAL @0,51,-80 sky=0 wet=false ground=true pick=1 buck=2 iron=0 ore=1 rods=0 pearls=0 eyes=0
[00:15:02] [main/INFO] (Minecraft) [CHAT] §2§l§o[TenorClef] §rT2 [HIST] 7:06.2 CHILD HolePillarTask -> ConstructNetherPortalBucketTask ph=PORTAL @0,51,-80 sky=0 wet=false ground=true pick=1 buck=2 iron=0 ore=1 rods=0 pearls=0 eyes=0
[00:15:02] [main/INFO] (Minecraft) [CHAT] §2§l§o[TenorClef] §rT2 [HIST] 7:06.3 CHILD ConstructNetherPortalBucketTask -> HolePillarTask ph=PORTAL @0,51,-80 sky=0 wet=false ground=true pick=1 buck=2 iron=0 ore=1 rods=0 pearls=0 eyes=0
[00:15:02] [main/INFO] (Minecraft) [CHAT] §2§l§o[TenorClef] §rT2 [HIST] 7:06.3 CHILD HolePillarTask -> ConstructNetherPortalBucketTask ph=PORTAL @0,51,-80 sky=0 wet=false ground=true pick=1 buck=2 iron=0 ore=1 rods=0 pearls=0 eyes=0
[00:15:02] [main/INFO] (Minecraft) [CHAT] §2§l§o[TenorClef] §rT2 [HIST] 7:06.3 CHILD ConstructNetherPortalBucketTask -> HolePillarTask ph=PORTAL @0,51,-80 sky=0 wet=false ground=true pick=1 buck=2 iron=0 ore=1 rods=0 pearls=0 eyes=0
[00:15:02] [main/INFO] (Minecraft) [CHAT] §2§l§o[TenorClef] §rT2 [HIST] 7:06.4 CHILD HolePillarTask -> ConstructNetherPortalBucketTask ph=PORTAL @0,51,-80 sky=0 wet=false ground=true pick=1 buck=2 iron=0 ore=1 rods=0 pearls=0 eyes=0
[00:15:02] [main/INFO] (Minecraft) [CHAT] §2§l§o[TenorClef] §rT2 [HIST] 7:06.4 CHILD ConstructNetherPortalBucketTask -> HolePillarTask ph=PORTAL @0,51,-80 sky=0 wet=false ground=true pick=1 buck=2 iron=0 ore=1 rods=0 pearls=0 eyes=0
[00:15:02] [main/INFO] (Minecraft) [CHAT] §2§l§o[TenorClef] §rT2 [HIST] 7:06.4 CHILD HolePillarTask -> ConstructNetherPortalBucketTask ph=PORTAL @0,51,-80 sky=0 wet=false ground=true pick=1 buck=2 iron=0 ore=1 rods=0 pearls=0 eyes=0
[00:15:02] [main/INFO] (Minecraft) [CHAT] §2§l§o[TenorClef] §rT2 [HIST] 7:06.4 CHILD ConstructNetherPortalBucketTask -> HolePillarTask ph=PORTAL @0,51,-80 sky=0 wet=false ground=true pick=1 buck=2 iron=0 ore=1 rods=0 pearls=0 eyes=0
[00:15:02] [main/INFO] (Minecraft) [CHAT] §2§l§o[TenorClef] §rT2 [HIST] 7:06.4 CHILD HolePillarTask -> ConstructNetherPortalBucketTask ph=PORTAL @0,51,-80 sky=0 wet=false ground=true pick=1 buck=2 iron=0 ore=1 rods=0 pearls=0 eyes=0
[00:15:02] [main/INFO] (Minecraft) [CHAT] §2§l§o[TenorClef] §rT2 [HIST] 7:06.5 CHILD ConstructNetherPortalBucketTask -> HolePillarTask ph=PORTAL @0,51,-80 sky=0 wet=false ground=true pick=1 buck=2 iron=0 ore=1 rods=0 pearls=0 eyes=0
[00:15:02] [main/INFO] (Minecraft) [CHAT] §2§l§o[TenorClef] §rT2 [HIST] 7:06.5 CHILD HolePillarTask -> ConstructNetherPortalBucketTask ph=PORTAL @0,51,-80 sky=0 wet=false ground=true pick=1 buck=2 iron=0 ore=1 rods=0 pearls=0 eyes=0
[00:15:02] [main/INFO] (Minecraft) [CHAT] §2§l§o[TenorClef] §rT2 [HIST] 7:06.5 CHILD ConstructNetherPortalBucketTask -> HolePillarTask ph=PORTAL @0,51,-80 sky=0 wet=false ground=true pick=1 buck=2 iron=0 ore=1 rods=0 pearls=0 eyes=0
[00:15:02] [main/INFO] (Minecraft) [CHAT] §2§l§o[TenorClef] §rT2 [HIST] 7:06.5 CHILD HolePillarTask -> ConstructNetherPortalBucketTask ph=PORTAL @0,51,-80 sky=0 wet=false ground=true pick=1 buck=2 iron=0 ore=1 rods=0 pearls=0 eyes=0
[00:15:02] [main/INFO] (Minecraft) [CHAT] §2§l§o[TenorClef] §rT2 [HIST] 7:06.6 CHILD ConstructNetherPortalBucketTask -> HolePillarTask ph=PORTAL @0,51,-80 sky=0 wet=false ground=true pick=1 buck=2 iron=0 ore=1 rods=0 pearls=0 eyes=0
[00:15:02] [main/INFO] (Minecraft) [CHAT] §2§l§o[TenorClef] §rT2 [HIST] 7:06.6 CHILD HolePillarTask -> ConstructNetherPortalBucketTask ph=PORTAL @0,51,-80 sky=0 wet=false ground=true pick=1 buck=2 iron=0 ore=1 rods=0 pearls=0 eyes=0
[00:15:02] [main/INFO] (Minecraft) [CHAT] §2§l§o[TenorClef] §rT2 [HIST] 7:06.6 CHILD ConstructNetherPortalBucketTask -> HolePillarTask ph=PORTAL @0,51,-80 sky=0 wet=false ground=true pick=1 buck=2 iron=0 ore=1 rods=0 pearls=0 eyes=0
[00:15:02] [main/INFO] (Minecraft) [CHAT] §2§l§o[TenorClef] §rT2 [HIST] 7:06.6 CHILD HolePillarTask -> ConstructNetherPortalBucketTask ph=PORTAL @0,51,-80 sky=0 wet=false ground=true pick=1 buck=2 iron=0 ore=1 rods=0 pearls=0 eyes=0
[00:15:02] [main/INFO] (Minecraft) [CHAT] §2§l§o[TenorClef] §rT2 [HIST] 7:06.7 CHILD ConstructNetherPortalBucketTask -> HolePillarTask ph=PORTAL @0,51,-80 sky=0 wet=false ground=true pick=1 buck=2 iron=0 ore=1 rods=0 pearls=0 eyes=0
[00:15:02] [main/INFO] (Minecraft) [CHAT] §2§l§o[TenorClef] §rT2 [HIST] 7:06.7 CHILD HolePillarTask -> ConstructNetherPortalBucketTask ph=PORTAL @0,51,-80 sky=0 wet=false ground=true pick=1 buck=2 iron=0 ore=1 rods=0 pearls=0 eyes=0
[00:15:02] [pool-5-thread-4/INFO] (Minecraft) [STDOUT]: 535040 movements considered
[00:15:02] [pool-5-thread-4/INFO] (Minecraft) [STDOUT]: Open set size: 8033
[00:15:02] [pool-5-thread-4/INFO] (Minecraft) [STDOUT]: PathNode map size: 32353
[00:15:02] [pool-5-thread-4/INFO] (Minecraft) [STDOUT]: 48640 nodes per second
[00:15:02] [pool-5-thread-4/INFO] (Minecraft) [STDOUT]: Path goes for 7.810249675906654 blocks
[00:15:02] [main/INFO] (Minecraft) [CHAT] §2§l§o[TenorClef] §rT2 [NOW] t=7:06.7 ph=PORTAL @0,51,-80 do=<T2 pillar-out>  eq=dirt woodpick=1 stonepick=1 pick=1 iron=0 buck=1
[00:15:02] [main/INFO] (Minecraft) [CHAT] §2§l§o[TenorClef] §rT2 [HIST] 7:06.7 CHILD ConstructNetherPortalBucketTask -> HolePillarTask ph=PORTAL @0,51,-80 sky=0 wet=false ground=true pick=1 buck=2 iron=0 ore=1 rods=0 pearls=0 eyes=0
[00:15:02] [main/INFO] (Minecraft) [CHAT] §2§l§o[TenorClef] §rT2 [HIST] 7:06.7 CHILD HolePillarTask -> ConstructNetherPortalBucketTask ph=PORTAL @0,51,-80 sky=0 wet=false ground=true pick=1 buck=2 iron=0 ore=1 rods=0 pearls=0 eyes=0
[00:15:02] [main/INFO] (Minecraft) [CHAT] §2§l§o[TenorClef] §rT2 [HIST] 7:06.8 CHILD ConstructNetherPortalBucketTask -> HolePillarTask ph=PORTAL @0,51,-80 sky=0 wet=false ground=true pick=1 buck=2 iron=0 ore=1 rods=0 pearls=0 eyes=0
[00:15:02] [main/INFO] (Minecraft) [CHAT] §2§l§o[TenorClef] §rT2 [HIST] 7:06.8 CHILD HolePillarTask -> ConstructNetherPortalBucketTask ph=PORTAL @0,51,-80 sky=0 wet=false ground=true pick=1 buck=2 iron=0 ore=1 rods=0 pearls=0 eyes=0
[00:15:02] [main/INFO] (Minecraft) [CHAT] §2§l§o[TenorClef] §rT2 [HIST] 7:06.8 CHILD ConstructNetherPortalBucketTask -> HolePillarTask ph=PORTAL @0,51,-80 sky=0 wet=false ground=true pick=1 buck=2 iron=0 ore=1 rods=0 pearls=0 eyes=0
[00:15:02] [main/INFO] (Minecraft) [CHAT] §2§l§o[TenorClef] §rT2 [HIST] 7:06.8 CHILD HolePillarTask -> ConstructNetherPortalBucketTask ph=PORTAL @0,51,-80 sky=0 wet=false ground=true pick=1 buck=2 iron=0 ore=1 rods=0 pearls=0 eyes=0
[00:15:03] [main/INFO] (Minecraft) [CHAT] §2§l§o[TenorClef] §rT2 [HIST] 7:06.9 CHILD ConstructNetherPortalBucketTask -> HolePillarTask ph=PORTAL @0,51,-80 sky=0 wet=false ground=true pick=1 buck=2 iron=0 ore=1 rods=0 pearls=0 eyes=0
[00:15:03] [main/INFO] (Minecraft) [CHAT] §2§l§o[TenorClef] §rT2 [HIST] 7:06.9 CHILD HolePillarTask -> ConstructNetherPortalBucketTask ph=PORTAL @0,51,-80 sky=0 wet=false ground=true pick=1 buck=2 iron=0 ore=1 rods=0 pearls=0 eyes=0
[00:15:03] [main/INFO] (Minecraft) [CHAT] §2§l§o[TenorClef] §rT2 [HIST] 7:06.9 CHILD ConstructNetherPortalBucketTask -> HolePillarTask ph=PORTAL @0,51,-80 sky=0 wet=false ground=true pick=1 buck=2 iron=0 ore=1 rods=0 pearls=0 eyes=0
[00:15:03] [main/INFO] (Minecraft) [CHAT] §2§l§o[TenorClef] §rT2 [HIST] 7:06.9 CHILD HolePillarTask -> ConstructNetherPortalBucketTask ph=PORTAL @0,51,-80 sky=0 wet=false ground=true pick=1 buck=2 iron=0 ore=1 rods=0 pearls=0 eyes=0
[00:15:03] [main/INFO] (Minecraft) [CHAT] §2§l§o[TenorClef] §rT2 [HIST] 7:07.0 CHILD ConstructNetherPortalBucketTask -> HolePillarTask ph=PORTAL @1,51,-80 sky=0 wet=false ground=true pick=1 buck=2 iron=0 ore=1 rods=0 pearls=0 eyes=0
[00:15:03] [main/INFO] (Minecraft) [CHAT] §2§l§o[TenorClef] §rT2 [HIST] 7:07.0 CHILD HolePillarTask -> ConstructNetherPortalBucketTask ph=PORTAL @1,51,-80 sky=0 wet=false ground=true pick=1 buck=2 iron=0 ore=1 rods=0 pearls=0 eyes=0
[00:15:03] [main/INFO] (Minecraft) [CHAT] §2§l§o[TenorClef] §rT2 [HIST] 7:07.0 CHILD ConstructNetherPortalBucketTask -> HolePillarTask ph=PORTAL @1,51,-80 sky=0 wet=false ground=true pick=1 buck=2 iron=0 ore=1 rods=0 pearls=0 eyes=0
[00:15:03] [main/INFO] (Minecraft) [CHAT] §2§l§o[TenorClef] §rT2 [HIST] 7:07.0 SNAP ph=PORTAL @1,51,-80 sky=0 wet=false ground=true pick=1 buck=2 iron=0 ore=1 rods=0 pearls=0 eyes=0 child=HolePillarTask dbg=<T2 pillar-out>  mobs=none
[00:15:03] [main/INFO] (Minecraft) [CHAT] §2§l§o[TenorClef] §rT2 [HIST] 7:07.0 CHILD HolePillarTask -> ConstructNetherPortalBucketTask ph=PORTAL @1,51,-80 sky=0 wet=false ground=true pick=1 buck=2 iron=0 ore=1 rods=0 pearls=0 eyes=0
[00:15:03] [main/INFO] (Minecraft) [CHAT] §2§l§o[TenorClef] §rT2 [HIST] 7:07.1 CHILD ConstructNetherPortalBucketTask -> HolePillarTask ph=PORTAL @1,50,-80 sky=0 wet=false ground=false pick=1 buck=2 iron=0 ore=1 rods=0 pearls=0 eyes=0
[00:15:03] [main/INFO] (Minecraft) [CHAT] §2§l§o[TenorClef] §rT2 [HIST] 7:07.1 CHILD HolePillarTask -> ConstructNetherPortalBucketTask ph=PORTAL @1,50,-80 sky=0 wet=false ground=false pick=1 buck=2 iron=0 ore=1 rods=0 pearls=0 eyes=0
[00:15:03] [main/INFO] (Minecraft) [CHAT] §2§l§o[TenorClef] §rT2 [HIST] 7:07.1 CHILD ConstructNetherPortalBucketTask -> HolePillarTask ph=PORTAL @1,50,-80 sky=0 wet=false ground=false pick=1 buck=2 iron=0 ore=1 rods=0 pearls=0 eyes=0
[00:15:03] [main/INFO] (Minecraft) [CHAT] §2§l§o[TenorClef] §rT2 [HIST] 7:07.2 CHILD HolePillarTask -> ConstructNetherPortalBucketTask ph=PORTAL @1,50,-80 sky=0 wet=false ground=false pick=1 buck=2 iron=0 ore=1 rods=0 pearls=0 eyes=0
[00:15:03] [main/INFO] (Minecraft) [CHAT] §2§l§o[TenorClef] §rT2 [HIST] 7:07.2 CHILD ConstructNetherPortalBucketTask -> HolePillarTask ph=PORTAL @1,50,-80 sky=0 wet=false ground=false pick=1 buck=2 iron=0 ore=1 rods=0 pearls=0 eyes=0
[00:15:03] [main/INFO] (Minecraft) [CHAT] §2§l§o[TenorClef] §rT2 [HIST] 7:07.2 CHILD HolePillarTask -> ConstructNetherPortalBucketTask ph=PORTAL @1,50,-80 sky=0 wet=false ground=false pick=1 buck=2 iron=0 ore=1 rods=0 pearls=0 eyes=0
[00:15:03] [main/INFO] (Minecraft) [CHAT] §2§l§o[TenorClef] §rT2 [HIST] 7:07.2 CHILD ConstructNetherPortalBucketTask -> HolePillarTask ph=PORTAL @1,50,-80 sky=0 wet=false ground=false pick=1 buck=2 iron=0 ore=1 rods=0 pearls=0 eyes=0
[00:15:03] [main/INFO] (Minecraft) [CHAT] §2§l§o[TenorClef] §rT2 [HIST] 7:07.2 CHILD HolePillarTask -> ConstructNetherPortalBucketTask ph=PORTAL @1,50,-80 sky=0 wet=false ground=false pick=1 buck=2 iron=0 ore=1 rods=0 pearls=0 eyes=0
[00:15:03] [main/INFO] (Minecraft) [CHAT] §2§l§o[TenorClef] §rT2 [HIST] 7:07.3 CHILD ConstructNetherPortalBucketTask -> HolePillarTask ph=PORTAL @1,50,-80 sky=0 wet=false ground=true pick=1 buck=2 iron=0 ore=1 rods=0 pearls=0 eyes=0
[00:15:03] [main/INFO] (Minecraft) [CHAT] §2§l§o[TenorClef] §rT2 [HIST] 7:07.3 CHILD HolePillarTask -> ConstructNetherPortalBucketTask ph=PORTAL @1,50,-80 sky=0 wet=false ground=true pick=1 buck=2 iron=0 ore=1 rods=0 pearls=0 eyes=0
[00:15:03] [main/INFO] (Minecraft) [CHAT] §2§l§o[TenorClef] §rT2 [HIST] 7:07.3 CHILD ConstructNetherPortalBucketTask -> HolePillarTask ph=PORTAL @1,50,-80 sky=0 wet=false ground=true pick=1 buck=2 iron=0 ore=1 rods=0 pearls=0 eyes=0
[00:15:03] [main/INFO] (Minecraft) [CHAT] §2§l§o[TenorClef] §rT2 [HIST] 7:07.3 CHILD HolePillarTask -> ConstructNetherPortalBucketTask ph=PORTAL @1,50,-80 sky=0 wet=false ground=true pick=1 buck=2 iron=0 ore=1 rods=0 pearls=0 eyes=0
[00:15:03] [main/INFO] (Minecraft) [CHAT] §2§l§o[TenorClef] §rT2 [HIST] 7:07.4 CHILD ConstructNetherPortalBucketTask -> HolePillarTask ph=PORTAL @1,50,-80 sky=0 wet=false ground=true pick=1 buck=2 iron=0 ore=1 rods=0 pearls=0 eyes=0
[00:15:03] [main/INFO] (Minecraft) [CHAT] §2§l§o[TenorClef] §rT2 [HIST] 7:07.4 CHILD HolePillarTask -> ConstructNetherPortalBucketTask ph=PORTAL @1,50,-80 sky=0 wet=false ground=true pick=1 buck=2 iron=0 ore=1 rods=0 pearls=0 eyes=0
[00:15:03] [main/INFO] (Minecraft) [CHAT] §2§l§o[TenorClef] §rT2 [HIST] 7:07.5 CHILD ConstructNetherPortalBucketTask -> HolePillarTask ph=PORTAL @1,50,-79 sky=0 wet=false ground=true pick=1 buck=2 iron=0 ore=1 rods=0 pearls=0 eyes=0
[00:15:03] [main/INFO] (Minecraft) [CHAT] §2§l§o[TenorClef] §rT2 [HIST] 7:07.5 CHILD HolePillarTask -> ConstructNetherPortalBucketTask ph=PORTAL @1,50,-79 sky=0 wet=false ground=true pick=1 buck=2 iron=0 ore=1 rods=0 pearls=0 eyes=0
[00:15:03] [main/INFO] (Minecraft) [CHAT] §2§l§o[TenorClef] §rT2 [HIST] 7:07.5 CHILD ConstructNetherPortalBucketTask -> HolePillarTask ph=PORTAL @1,50,-79 sky=0 wet=false ground=true pick=1 buck=2 iron=0 ore=1 rods=0 pearls=0 eyes=0
[00:15:03] [main/INFO] (Minecraft) [CHAT] §2§l§o[TenorClef] §rT2 [HIST] 7:07.5 CHILD HolePillarTask -> ConstructNetherPortalBucketTask ph=PORTAL @1,50,-79 sky=0 wet=false ground=true pick=1 buck=2 iron=0 ore=1 rods=0 pearls=0 eyes=0
[00:15:03] [main/INFO] (Minecraft) [CHAT] §2§l§o[TenorClef] §rT2 [HIST] 7:07.6 CHILD ConstructNetherPortalBucketTask -> HolePillarTask ph=PORTAL @1,50,-79 sky=0 wet=false ground=true pick=1 buck=2 iron=0 ore=1 rods=0 pearls=0 eyes=0
[00:15:03] [main/INFO] (Minecraft) [CHAT] §2§l§o[TenorClef] §rT2 [HIST] 7:07.6 CHILD HolePillarTask -> ConstructNetherPortalBucketTask ph=PORTAL @1,50,-79 sky=0 wet=false ground=true pick=1 buck=2 iron=0 ore=1 rods=0 pearls=0 eyes=0
[00:15:03] [main/INFO] (Minecraft) [CHAT] §2§l§o[TenorClef] §rT2 [HIST] 7:07.6 CHILD ConstructNetherPortalBucketTask -> HolePillarTask ph=PORTAL @1,50,-79 sky=0 wet=false ground=true pick=1 buck=2 iron=0 ore=1 rods=0 pearls=0 eyes=0
[00:15:03] [main/INFO] (Minecraft) [CHAT] §2§l§o[TenorClef] §rT2 [HIST] 7:07.6 CHILD HolePillarTask -> ConstructNetherPortalBucketTask ph=PORTAL @1,50,-79 sky=0 wet=false ground=true pick=1 buck=2 iron=0 ore=1 rods=0 pearls=0 eyes=0
[00:15:03] [main/INFO] (Minecraft) [CHAT] §2§l§o[TenorClef] §rT2 [HIST] 7:07.6 CHILD ConstructNetherPortalBucketTask -> HolePillarTask ph=PORTAL @1,50,-79 sky=0 wet=false ground=true pick=1 buck=2 iron=0 ore=1 rods=0 pearls=0 eyes=0
[00:15:03] [main/INFO] (Minecraft) [CHAT] §2§l§o[TenorClef] §rT2 [HIST] 7:07.7 CHILD HolePillarTask -> ConstructNetherPortalBucketTask ph=PORTAL @1,50,-79 sky=0 wet=false ground=true pick=1 buck=2 iron=0 ore=1 rods=0 pearls=0 eyes=0
[00:15:03] [main/INFO] (Minecraft) [CHAT] §2§l§o[TenorClef] §rT2 [HIST] 7:07.7 CHILD ConstructNetherPortalBucketTask -> HolePillarTask ph=PORTAL @0,50,-79 sky=0 wet=false ground=true pick=1 buck=2 iron=0 ore=1 rods=0 pearls=0 eyes=0
[00:15:03] [main/INFO] (Minecraft) [CHAT] §2§l§o[TenorClef] §rT2 [HIST] 7:07.7 CHILD HolePillarTask -> ConstructNetherPortalBucketTask ph=PORTAL @0,50,-79 sky=0 wet=false ground=true pick=1 buck=2 iron=0 ore=1 rods=0 pearls=0 eyes=0
[00:15:03] [main/INFO] (Minecraft) [CHAT] §2§l§o[TenorClef] §rT2 [NOW] t=7:07.7 ph=PORTAL @0,50,-79 do=<T2 pillar-out>  eq=dirt woodpick=1 stonepick=1 pick=1 iron=0 buck=1
[00:15:03] [main/INFO] (Minecraft) [CHAT] §2§l§o[TenorClef] §rT2 [HIST] 7:07.7 CHILD ConstructNetherPortalBucketTask -> HolePillarTask ph=PORTAL @0,50,-79 sky=0 wet=false ground=true pick=1 buck=2 iron=0 ore=1 rods=0 pearls=0 eyes=0
[00:15:03] [main/INFO] (Minecraft) [CHAT] §2§l§o[TenorClef] §rT2 [HIST] 7:07.7 CHILD HolePillarTask -> ConstructNetherPortalBucketTask ph=PORTAL @0,50,-79 sky=0 wet=false ground=true pick=1 buck=2 iron=0 ore=1 rods=0 pearls=0 eyes=0
[00:15:03] [main/INFO] (Minecraft) [STDOUT]: ALTO CLEF: WARNING: T2 [S152] onStop interrupt=null dead=false ph=PORTAL y=49.9 -> session preserved
[00:15:03] [main/INFO] (Minecraft) [CHAT] §2§l§o[TenorClef] §cT2 [S152] onStop interrupt=null dead=false ph=PORTAL y=49.9 -> session preserved§r
[00:15:04] [main/INFO] (Minecraft) [CHAT] §2§l§o[TenorClef] §rT2 [HIST] 7:08.0 onStart swallowed — keep PORTAL
[00:15:04] [main/INFO] (Minecraft) [CHAT] §2§l§o[TenorClef] §rT2 [HIST] 7:08.0 CHILD ConstructNetherPortalBucketTask -> HolePillarTask ph=PORTAL @0,48,-79 sky=0 wet=false ground=false pick=1 buck=2 iron=0 ore=1 rods=0 pearls=0 eyes=0
[00:15:04] [main/INFO] (Minecraft) [CHAT] §2§l§o[TenorClef] §rT2 [HIST] 7:08.0 WHY fight: melee hostile in face
[00:15:04] [main/INFO] (Minecraft) [CHAT] §2§l§o[TenorClef] §rT2 [HIST] 7:08.1 CHILD HolePillarTask -> AnyWeaponCombatTask ph=PORTAL @0,48,-79 sky=0 wet=false ground=false pick=1 buck=2 iron=0 ore=1 rods=0 pearls=0 eyes=0
[00:15:04] [main/INFO] (Minecraft) [CHAT] §2§l§o[TenorClef] §rT2 [HIST] 7:08.1 PHASE PORTAL -> FIGHT
[00:15:04] [main/INFO] (Minecraft) [CHAT] §2§l§o[TenorClef] §rT2 [HIST] 7:08.1 PHASE FIGHT -> PORTAL
[00:15:04] [main/INFO] (Minecraft) [STDOUT]: ALTO CLEF: WARNING: T2 [E112] ph FIGHT->PORTAL in 44ms
[00:15:04] [main/INFO] (Minecraft) [CHAT] §2§l§o[TenorClef] §cT2 [E112] ph FIGHT->PORTAL in 44ms§r
[00:15:04] [main/INFO] (Minecraft) [CHAT] §2§l§o[TenorClef] §rT2 [HIST] 7:08.1 [E112] ph FIGHT->PORTAL in 44ms
[00:15:04] [main/INFO] (Minecraft) [CHAT] §2§l§o[TenorClef] §rT2 [HIST] 7:08.1 PHASE PORTAL -> FIGHT
[00:15:04] [main/INFO] (Minecraft) [CHAT] §2§l§o[TenorClef] §rT2 [HIST] 7:08.1 [E112] ph PORTAL->FIGHT in 3ms
[00:15:04] [main/INFO] (Minecraft) [CHAT] §2§l§o[TenorClef] §rT2 [HIST] 7:08.2 PHASE FIGHT -> PORTAL
[00:15:04] [main/INFO] (Minecraft) [CHAT] §2§l§o[TenorClef] §rT2 [HIST] 7:08.2 [E112] ph FIGHT->PORTAL in 54ms
[00:15:04] [main/INFO] (Minecraft) [CHAT] §2§l§o[TenorClef] §rT2 [HIST] 7:08.2 PHASE PORTAL -> FIGHT
[00:15:04] [main/INFO] (Minecraft) [CHAT] §2§l§o[TenorClef] §rT2 [HIST] 7:08.2 [E112] ph PORTAL->FIGHT in 0ms
[00:15:32] [main/INFO] (Minecraft) [CHAT] §2§l§o[TenorClef] §rRefreshed inventory...
[00:16:02] [main/INFO] (Minecraft) [CHAT] §2§l§o[TenorClef] §rRefreshed inventory...
[00:16:32] [main/INFO] (Minecraft) [CHAT] §2§l§o[TenorClef] §rRefreshed inventory...
[00:16:40] [main/WARN] (Minecraft) Received passengers for unknown entity
[00:17:02] [main/INFO] (Minecraft) [CHAT] §2§l§o[TenorClef] §rRefreshed inventory...
[00:17:32] [main/INFO] (Minecraft) [CHAT] §2§l§o[TenorClef] §rRefreshed inventory...
[00:18:02] [main/INFO] (Minecraft) [CHAT] §2§l§o[TenorClef] §rRefreshed inventory...
[00:18:21] [pool-5-thread-2/INFO] (Minecraft) [STDOUT]: Saving region -1,0 to disk C:\Users\redfa\Documents\MinecraftDev\altoclef\versions\1.16.1\run\saves\AutoRun_20260924_000728\.\baritone\cache
[00:18:21] [ForkJoinPool.commonPool-worker-6/INFO] (Minecraft) [STDOUT]: Saving region 0,0 to disk C:\Users\redfa\Documents\MinecraftDev\altoclef\versions\1.16.1\run\saves\AutoRun_20260924_000728\.\baritone\cache
[00:18:21] [ForkJoinPool.commonPool-worker-5/INFO] (Minecraft) [STDOUT]: Saving region -1,-1 to disk C:\Users\redfa\Documents\MinecraftDev\altoclef\versions\1.16.1\run\saves\AutoRun_20260924_000728\.\baritone\cache
[00:18:21] [ForkJoinPool.commonPool-worker-4/INFO] (Minecraft) [STDOUT]: Saving region 0,-1 to disk C:\Users\redfa\Documents\MinecraftDev\altoclef\versions\1.16.1\run\saves\AutoRun_20260924_000728\.\baritone\cache
[00:18:21] [pool-5-thread-2/INFO] (Minecraft) [STDOUT]: Saved region successfully
[00:18:21] [ForkJoinPool.commonPool-worker-6/INFO] (Minecraft) [STDOUT]: Saved region successfully
[00:18:21] [ForkJoinPool.commonPool-worker-5/INFO] (Minecraft) [STDOUT]: Saved region successfully
[00:18:21] [ForkJoinPool.commonPool-worker-4/INFO] (Minecraft) [STDOUT]: Saved region successfully
[00:18:21] [pool-5-thread-2/INFO] (Minecraft) [STDOUT]: World save took 74ms
[00:18:32] [main/INFO] (Minecraft) [CHAT] §2§l§o[TenorClef] §rRefreshed inventory...
[00:19:02] [main/INFO] (Minecraft) [CHAT] §2§l§o[TenorClef] §rRefreshed inventory...
[00:19:32] [main/INFO] (Minecraft) [CHAT] §2§l§o[TenorClef] §rRefreshed inventory...
[00:19:38] [Server thread/INFO] (Minecraft) Player583 has made the advancement [Monster Hunter]
[00:19:38] [main/INFO] (Minecraft) [CHAT] Player583 has made the advancement [Monster Hunter]
[00:19:38] [main/INFO] (Minecraft) Loaded 137 advancements
[00:20:02] [main/INFO] (Minecraft) [CHAT] §2§l§o[TenorClef] §rRefreshed inventory...
[00:20:32] [main/INFO] (Minecraft) [CHAT] §2§l§o[TenorClef] §rRefreshed inventory...
[00:21:02] [main/INFO] (Minecraft) [CHAT] §2§l§o[TenorClef] §rRefreshed inventory...
[00:21:33] [main/INFO] (Minecraft) [CHAT] §2§l§o[TenorClef] §rRefreshed inventory...
[00:22:03] [main/INFO] (Minecraft) [CHAT] §2§l§o[TenorClef] §rRefreshed inventory...
[00:22:33] [main/INFO] (Minecraft) [CHAT] §2§l§o[TenorClef] §rRefreshed inventory...
[00:23:03] [main/INFO] (Minecraft) [CHAT] §2§l§o[TenorClef] §rRefreshed inventory...
[00:23:33] [main/INFO] (Minecraft) [CHAT] §2§l§o[TenorClef] §rRefreshed inventory...
[00:24:03] [main/INFO] (Minecraft) [CHAT] §2§l§o[TenorClef] §rRefreshed inventory...
[00:24:33] [main/INFO] (Minecraft) [CHAT] §2§l§o[TenorClef] §rRefreshed inventory...
[00:25:03] [main/INFO] (Minecraft) [CHAT] §2§l§o[TenorClef] §rRefreshed inventory...
[00:25:33] [main/INFO] (Minecraft) [CHAT] §2§l§o[TenorClef] §rRefreshed inventory...
[00:26:03] [main/INFO] (Minecraft) [CHAT] §2§l§o[TenorClef] §rRefreshed inventory...
[00:26:33] [main/INFO] (Minecraft) [CHAT] §2§l§o[TenorClef] §rRefreshed inventory...
[00:27:03] [main/INFO] (Minecraft) [CHAT] §2§l§o[TenorClef] §rRefreshed inventory...
[00:27:33] [main/INFO] (Minecraft) [CHAT] §2§l§o[TenorClef] §rRefreshed inventory...
[00:28:03] [main/INFO] (Minecraft) [CHAT] §2§l§o[TenorClef] §rRefreshed inventory...
[00:28:21] [pool-5-thread-2/INFO] (Minecraft) [STDOUT]: World save took 0ms
