To honour the JVM settings for this build a single-use Daemon process will be forked. For more on this, please refer to https://docs.gradle.org/9.4.1/userguide/gradle_daemon.html#sec:disabling_the_daemon in the Gradle documentation.
Daemon will be stopped at the end of the build 
[tenorclef] gradle.properties.local sets org.gradle.java.home — Gradle selects the daemon JDK from JAVA_HOME or ~/.gradle/gradle.properties; export JAVA_HOME="C:/Program Files/Eclipse Adoptium/jdk-21.0.12.101-hotspot" if this pin is required.
[tenorclef] Loaded 4 entries from gradle.properties.local

> Configure project :1.16.1
Fabric Loom: 1.15.5

> Configure project :1.21.1
Fabric Loom: 1.15.5
[altoclef] Tungsten jars for 1.21.1: [tungsten-fabric-ALPHA-1.6.0-1.21compat-SNAPSHOT.jar]
Build file 'C:\Users\redfa\Documents\MinecraftDev\altoclef\build.gradle': line 335
Properties should be assigned using the 'propName = value' syntax. Setting a property via the Gradle-generated 'propName value' or 'propName(value)' syntax in Groovy DSL has been deprecated. This is scheduled to be removed in Gradle 10. Use assignment ('duplicatesStrategy = <value>') instead. Consult the upgrading guide for further information: https://docs.gradle.org/9.4.1/userguide/upgrading_version_8.html#groovy_space_assignment_syntax
	at build_dsk7s0l5lw6a69ogktr7fgsy9$_run_closure13$_closure39.doCall$original(C:\Users\redfa\Documents\MinecraftDev\altoclef\build.gradle:335)
	(Run with --stacktrace to get the full stack trace of this deprecation warning.)
	at build_dsk7s0l5lw6a69ogktr7fgsy9$_run_closure13.doCall$original(C:\Users\redfa\Documents\MinecraftDev\altoclef\build.gradle:334)
	(Run with --stacktrace to get the full stack trace of this deprecation warning.)
Not publishing sources jar as it was not created by the java plugin. Use java.withSourcesJar() to fix.

> Configure project :1.16.5
Fabric Loom: 1.15.5

> Configure project :1.21
Fabric Loom: 1.15.5
[altoclef] Tungsten jars for 1.21: [tungsten-fabric-ALPHA-1.6.0-1.21compat-SNAPSHOT.jar]
Not publishing sources jar as it was not created by the java plugin. Use java.withSourcesJar() to fix.

> Configure project :1.17.1
Fabric Loom: 1.15.5

> Configure project :1.20.6
Fabric Loom: 1.15.5
Not publishing sources jar as it was not created by the java plugin. Use java.withSourcesJar() to fix.

> Configure project :1.18
Fabric Loom: 1.15.5

> Configure project :1.20.5
Fabric Loom: 1.15.5
Not publishing sources jar as it was not created by the java plugin. Use java.withSourcesJar() to fix.

> Configure project :1.18.2
Fabric Loom: 1.15.5

> Configure project :1.20.4
Fabric Loom: 1.15.5
Not publishing sources jar as it was not created by the java plugin. Use java.withSourcesJar() to fix.

> Configure project :1.19.4
Fabric Loom: 1.15.5

> Configure project :1.20.2
Fabric Loom: 1.15.5
Not publishing sources jar as it was not created by the java plugin. Use java.withSourcesJar() to fix.

> Configure project :1.20.1
Fabric Loom: 1.15.5
Not publishing sources jar as it was not created by the java plugin. Use java.withSourcesJar() to fix.

> Configure project :1.19.4
Not publishing sources jar as it was not created by the java plugin. Use java.withSourcesJar() to fix.

> Configure project :1.18.2
Not publishing sources jar as it was not created by the java plugin. Use java.withSourcesJar() to fix.

> Configure project :1.18
Not publishing sources jar as it was not created by the java plugin. Use java.withSourcesJar() to fix.

> Configure project :1.17.1
Not publishing sources jar as it was not created by the java plugin. Use java.withSourcesJar() to fix.

> Configure project :1.16.5
Not publishing sources jar as it was not created by the java plugin. Use java.withSourcesJar() to fix.

> Configure project :1.16.1
[altoclef] Ostinato Baritone for 1.16.1: baritone-unoptimized-fabric-1.16.1.jar
[altoclef] Tungsten jars for 1.16.1: [tungsten-fabric-ALPHA-1.6.0-1.16.1-SNAPSHOT.jar]
Not publishing sources jar as it was not created by the java plugin. Use java.withSourcesJar() to fix.

> Configure project :1.21.11
Fabric Loom: 1.15.5
[altoclef] Ostinato Baritone for 1.21.11: baritone-unoptimized-fabric-1.17.0-7-g9bb1b309-dirty.jar
[altoclef] Tungsten jars for 1.21.11: [tungsten-fabric-ALPHA-1.6.0-1.21compat-SNAPSHOT.jar]
Not publishing sources jar as it was not created by the java plugin. Use java.withSourcesJar() to fix.

> Task :1.16.1:prepareDestMappingsForPreprocessor UP-TO-DATE
> Task :1.16.1:prepareSourceMappingsForPreprocessor UP-TO-DATE
> Task :1.16.5:prepareDestMappingsForPreprocessor UP-TO-DATE
> Task :1.16.5:prepareSourceMappingsForPreprocessor UP-TO-DATE
> Task :1.17.1:prepareDestMappingsForPreprocessor UP-TO-DATE
> Task :1.17.1:prepareSourceMappingsForPreprocessor UP-TO-DATE
> Task :1.18:prepareDestMappingsForPreprocessor UP-TO-DATE
> Task :1.18:prepareSourceMappingsForPreprocessor UP-TO-DATE
> Task :1.18.2:prepareDestMappingsForPreprocessor UP-TO-DATE
> Task :1.18.2:prepareSourceMappingsForPreprocessor UP-TO-DATE
> Task :1.19.4:prepareDestMappingsForPreprocessor UP-TO-DATE
> Task :1.19.4:prepareSourceMappingsForPreprocessor UP-TO-DATE
> Task :1.20.1:prepareDestMappingsForPreprocessor UP-TO-DATE
> Task :1.20.1:prepareSourceMappingsForPreprocessor UP-TO-DATE
> Task :1.20.2:prepareDestMappingsForPreprocessor UP-TO-DATE
> Task :1.20.2:prepareSourceMappingsForPreprocessor UP-TO-DATE
> Task :1.20.4:prepareDestMappingsForPreprocessor UP-TO-DATE
> Task :1.20.4:prepareSourceMappingsForPreprocessor UP-TO-DATE
> Task :1.20.5:prepareDestMappingsForPreprocessor UP-TO-DATE
> Task :1.20.5:prepareSourceMappingsForPreprocessor UP-TO-DATE
> Task :1.20.6:prepareDestMappingsForPreprocessor UP-TO-DATE
> Task :1.20.6:prepareSourceMappingsForPreprocessor UP-TO-DATE
> Task :1.21:prepareDestMappingsForPreprocessor UP-TO-DATE
> Task :1.21:prepareSourceMappingsForPreprocessor UP-TO-DATE

> Task :1.21:preprocessCode
Invocation of Task.project at execution time has been deprecated. This will fail with an error in Gradle 10. This API is incompatible with the configuration cache, which will become the only mode supported by Gradle in a future release. Consult the upgrading guide for further information: https://docs.gradle.org/9.4.1/userguide/upgrading_version_7.html#task_project
WARN: Failed to initialize native filesystem for Windows
java.lang.UnsatisfiedLinkError: 'IdeaWin64.dll' not found in 'C:\Users\redfa\AppData\Local\Temp\bin' among null
	at org.jetbrains.kotlin.com.intellij.util.loader.NativeLibraryLoader.loadPlatformLibrary(NativeLibraryLoader.java:29)
	at org.jetbrains.kotlin.com.intellij.openapi.util.io.win32.IdeaWin32.<clinit>(IdeaWin32.java:33)
	at org.jetbrains.kotlin.com.intellij.openapi.util.io.FileSystemUtil.getMediator(FileSystemUtil.java:54)
	at org.jetbrains.kotlin.com.intellij.openapi.util.io.FileSystemUtil.<clinit>(FileSystemUtil.java:49)
	at org.jetbrains.kotlin.com.intellij.openapi.vfs.impl.ZipHandler.setFileAttributes(ZipHandler.java:48)
	at org.jetbrains.kotlin.com.intellij.openapi.vfs.impl.ZipHandler$1.createAccessor(ZipHandler.java:30)
	at org.jetbrains.kotlin.com.intellij.openapi.vfs.impl.ZipHandler$1.createAccessor(ZipHandler.java:25)
	at org.jetbrains.kotlin.com.intellij.util.io.FileAccessorCache.createHandle(FileAccessorCache.java:62)
	at org.jetbrains.kotlin.com.intellij.util.io.FileAccessorCache.get(FileAccessorCache.java:55)
	at org.jetbrains.kotlin.com.intellij.openapi.vfs.impl.ZipHandler.getCachedZipFileHandle(ZipHandler.java:70)
	at org.jetbrains.kotlin.com.intellij.openapi.vfs.impl.ZipHandler.acquireZipHandle(ZipHandler.java:117)
	at org.jetbrains.kotlin.com.intellij.openapi.vfs.impl.ZipHandlerBase.createEntriesMap(ZipHandlerBase.java:38)
	at org.jetbrains.kotlin.com.intellij.openapi.vfs.impl.ArchiveHandler.getEntriesMap(ArchiveHandler.java:179)
	at org.jetbrains.kotlin.com.intellij.openapi.vfs.impl.jar.CoreJarHandler.<init>(CoreJarHandler.java:42)
	at org.jetbrains.kotlin.com.intellij.openapi.vfs.impl.jar.CoreJarFileSystem.lambda$new$0(CoreJarFileSystem.java:33)
	at org.jetbrains.kotlin.com.intellij.util.containers.ConcurrentFactoryMap$2.create(ConcurrentFactoryMap.java:174)
	at org.jetbrains.kotlin.com.intellij.util.containers.ConcurrentFactoryMap.get(ConcurrentFactoryMap.java:40)
	at org.jetbrains.kotlin.com.intellij.openapi.vfs.impl.jar.CoreJarFileSystem.findFileByPath(CoreJarFileSystem.java:44)
	at org.jetbrains.kotlin.cli.jvm.compiler.KotlinCoreEnvironment.findJarRoot(KotlinCoreEnvironment.kt:394)
	at org.jetbrains.kotlin.cli.jvm.compiler.KotlinCoreEnvironment.contentRootToVirtualFile(KotlinCoreEnvironment.kt:373)
	at org.jetbrains.kotlin.cli.jvm.compiler.KotlinCoreEnvironment.access$contentRootToVirtualFile(KotlinCoreEnvironment.kt:109)
	at org.jetbrains.kotlin.cli.jvm.compiler.KotlinCoreEnvironment$3.invoke(KotlinCoreEnvironment.kt:213)
	at org.jetbrains.kotlin.cli.jvm.compiler.KotlinCoreEnvironment$3.invoke(KotlinCoreEnvironment.kt:213)
	at org.jetbrains.kotlin.cli.jvm.compiler.ClasspathRootsResolver.convertClasspathRoots(ClasspathRootsResolver.kt:75)
	at org.jetbrains.kotlin.cli.jvm.compiler.KotlinCoreEnvironment.<init>(KotlinCoreEnvironment.kt:221)
	at org.jetbrains.kotlin.cli.jvm.compiler.KotlinCoreEnvironment.<init>(KotlinCoreEnvironment.kt)
	at org.jetbrains.kotlin.cli.jvm.compiler.KotlinCoreEnvironment$Companion.createForProduction(KotlinCoreEnvironment.kt:431)
	at com.replaymod.gradle.remap.Transformer.remap(Transformer.kt:87)
	at com.replaymod.gradle.preprocess.PreprocessTask.preprocess(PreprocessTask.kt:288)
	at java.base/jdk.internal.reflect.DirectMethodHandleAccessor.invoke(DirectMethodHandleAccessor.java:103)
	at java.base/java.lang.reflect.Method.invoke(Method.java:580)
	at org.gradle.internal.reflect.JavaMethod.invoke(JavaMethod.java:125)
	at org.gradle.api.internal.project.taskfactory.StandardTaskAction.doExecute(StandardTaskAction.java:58)
	at org.gradle.api.internal.project.taskfactory.StandardTaskAction.execute(StandardTaskAction.java:51)
	at org.gradle.api.internal.project.taskfactory.StandardTaskAction.execute(StandardTaskAction.java:29)
	at org.gradle.api.internal.tasks.execution.TaskExecution$3.run(TaskExecution.java:259)
	at org.gradle.internal.operations.DefaultBuildOperationRunner$1.execute(DefaultBuildOperationRunner.java:30)
	at org.gradle.internal.operations.DefaultBuildOperationRunner$1.execute(DefaultBuildOperationRunner.java:27)
	at org.gradle.internal.operations.DefaultBuildOperationRunner$2.execute(DefaultBuildOperationRunner.java:67)
	at org.gradle.internal.operations.DefaultBuildOperationRunner$2.execute(DefaultBuildOperationRunner.java:60)
	at org.gradle.internal.operations.DefaultBuildOperationRunner.execute(DefaultBuildOperationRunner.java:167)
	at org.gradle.internal.operations.DefaultBuildOperationRunner.execute(DefaultBuildOperationRunner.java:60)
	at org.gradle.internal.operations.DefaultBuildOperationRunner.run(DefaultBuildOperationRunner.java:48)
	at org.gradle.api.internal.tasks.execution.TaskExecution.executeAction(TaskExecution.java:244)
	at org.gradle.api.internal.tasks.execution.TaskExecution.executeActions(TaskExecution.java:227)
	at org.gradle.api.internal.tasks.execution.TaskExecution.executeWithPreviousOutputFiles(TaskExecution.java:210)
	at org.gradle.api.internal.tasks.execution.TaskExecution.execute(TaskExecution.java:176)
	at org.gradle.internal.execution.steps.ExecuteStep.executeInternal(ExecuteStep.java:167)
	at org.gradle.internal.execution.steps.ExecuteStep.access$000(ExecuteStep.java:47)
	at org.gradle.internal.execution.steps.ExecuteStep$1.call(ExecuteStep.java:137)
	at org.gradle.internal.execution.steps.ExecuteStep$1.call(ExecuteStep.java:134)
	at org.gradle.internal.operations.DefaultBuildOperationRunner$CallableBuildOperationWorker.execute(DefaultBuildOperationRunner.java:210)
	at org.gradle.internal.operations.DefaultBuildOperationRunner$CallableBuildOperationWorker.execute(DefaultBuildOperationRunner.java:205)
	at org.gradle.internal.operations.DefaultBuildOperationRunner$2.execute(DefaultBuildOperationRunner.java:67)
	at org.gradle.internal.operations.DefaultBuildOperationRunner$2.execute(DefaultBuildOperationRunner.java:60)
	at org.gradle.internal.operations.DefaultBuildOperationRunner.execute(DefaultBuildOperationRunner.java:167)
	at org.gradle.internal.operations.DefaultBuildOperationRunner.execute(DefaultBuildOperationRunner.java:60)
	at org.gradle.internal.operations.DefaultBuildOperationRunner.call(DefaultBuildOperationRunner.java:54)
	at org.gradle.internal.execution.steps.ExecuteStep.execute(ExecuteStep.java:134)
	at org.gradle.internal.execution.steps.ExecuteStep$Mutable.execute(ExecuteStep.java:80)
	at org.gradle.internal.execution.steps.CancelExecutionStep.execute(CancelExecutionStep.java:42)
	at org.gradle.internal.execution.steps.TimeoutStep.executeWithoutTimeout(TimeoutStep.java:75)
	at org.gradle.internal.execution.steps.TimeoutStep.execute(TimeoutStep.java:55)
	at org.gradle.internal.execution.steps.PreCreateOutputParentsStep.execute(PreCreateOutputParentsStep.java:51)
	at org.gradle.internal.execution.steps.PreCreateOutputParentsStep.execute(PreCreateOutputParentsStep.java:29)
	at org.gradle.internal.execution.steps.RemovePreviousOutputsStep.executeMutable(RemovePreviousOutputsStep.java:67)
	at org.gradle.internal.execution.steps.RemovePreviousOutputsStep.executeMutable(RemovePreviousOutputsStep.java:39)
	at org.gradle.internal.execution.steps.MutableStep.execute(MutableStep.java:26)
	at org.gradle.internal.execution.steps.BroadcastChangingOutputsStep.execute(BroadcastChangingOutputsStep.java:42)
	at org.gradle.internal.execution.steps.BroadcastChangingOutputsStep.execute(BroadcastChangingOutputsStep.java:24)
	at org.gradle.internal.execution.steps.CaptureOutputsAfterExecutionStep.execute(CaptureOutputsAfterExecutionStep.java:69)
	at org.gradle.internal.execution.steps.CaptureOutputsAfterExecutionStep.execute(CaptureOutputsAfterExecutionStep.java:46)
	at org.gradle.internal.execution.steps.ResolveInputChangesStep.executeMutable(ResolveInputChangesStep.java:39)
	at org.gradle.internal.execution.steps.ResolveInputChangesStep.executeMutable(ResolveInputChangesStep.java:28)
	at org.gradle.internal.execution.steps.MutableStep.execute(MutableStep.java:26)
	at org.gradle.internal.execution.steps.BuildCacheStep.executeWithoutCache(BuildCacheStep.java:189)
	at org.gradle.internal.execution.steps.BuildCacheStep.executeAndStoreInCache(BuildCacheStep.java:145)
	at org.gradle.internal.execution.steps.BuildCacheStep.lambda$executeWithCache$4(BuildCacheStep.java:104)
	at java.base/java.util.Optional.orElseGet(Optional.java:364)
	at org.gradle.internal.execution.steps.BuildCacheStep.lambda$executeWithCache$5(BuildCacheStep.java:104)
	at org.gradle.internal.Try$Success.map(Try.java:170)
	at org.gradle.internal.execution.steps.BuildCacheStep.executeWithCache(BuildCacheStep.java:88)
	at org.gradle.internal.execution.steps.BuildCacheStep.lambda$execute$0(BuildCacheStep.java:75)
	at org.gradle.internal.Either$Left.fold(Either.java:116)
	at org.gradle.internal.execution.caching.CachingState.fold(CachingState.java:62)
	at org.gradle.internal.execution.steps.BuildCacheStep.execute(BuildCacheStep.java:74)
	at org.gradle.internal.execution.steps.BuildCacheStep.execute(BuildCacheStep.java:49)
	at org.gradle.internal.execution.steps.StoreExecutionStateStep.executeMutable(StoreExecutionStateStep.java:46)
	at org.gradle.internal.execution.steps.StoreExecutionStateStep.executeMutable(StoreExecutionStateStep.java:35)
	at org.gradle.internal.execution.steps.MutableStep.execute(MutableStep.java:26)
	at org.gradle.internal.execution.steps.SkipUpToDateStep.executeBecause(SkipUpToDateStep.java:75)
	at org.gradle.internal.execution.steps.SkipUpToDateStep.lambda$execute$2(SkipUpToDateStep.java:53)
	at java.base/java.util.Optional.orElseGet(Optional.java:364)
	at org.gradle.internal.execution.steps.SkipUpToDateStep.execute(SkipUpToDateStep.java:53)
	at org.gradle.internal.execution.steps.SkipUpToDateStep.execute(SkipUpToDateStep.java:35)
	at org.gradle.internal.execution.steps.legacy.MarkSnapshottingInputsFinishedStep.execute(MarkSnapshottingInputsFinishedStep.java:37)
	at org.gradle.internal.execution.steps.legacy.MarkSnapshottingInputsFinishedStep.execute(MarkSnapshottingInputsFinishedStep.java:27)
	at org.gradle.internal.execution.steps.ResolveMutableCachingStateStep.executeDelegate(ResolveMutableCachingStateStep.java:70)
	at org.gradle.internal.execution.steps.ResolveMutableCachingStateStep.executeDelegate(ResolveMutableCachingStateStep.java:32)
	at org.gradle.internal.execution.steps.AbstractResolveCachingStateStep.execute(AbstractResolveCachingStateStep.java:69)
	at org.gradle.internal.execution.steps.AbstractResolveCachingStateStep.execute(AbstractResolveCachingStateStep.java:37)
	at org.gradle.internal.execution.steps.ResolveChangesStep.executeMutable(ResolveChangesStep.java:63)
	at org.gradle.internal.execution.steps.ResolveChangesStep.executeMutable(ResolveChangesStep.java:34)
	at org.gradle.internal.execution.steps.MutableStep.execute(MutableStep.java:26)
	at org.gradle.internal.execution.steps.ValidateStep$Mutable.executeDelegate(ValidateStep.java:79)
	at org.gradle.internal.execution.steps.ValidateStep$Mutable.executeDelegate(ValidateStep.java:65)
	at org.gradle.internal.execution.steps.ValidateStep.execute(ValidateStep.java:99)
	at org.gradle.internal.execution.steps.ValidateStep$Mutable.execute(ValidateStep.java:65)
	at org.gradle.internal.execution.steps.CaptureMutableStateBeforeExecutionStep.executeMutable(CaptureMutableStateBeforeExecutionStep.java:86)
	at org.gradle.internal.execution.steps.CaptureMutableStateBeforeExecutionStep.execute(CaptureMutableStateBeforeExecutionStep.java:65)
	at org.gradle.internal.execution.steps.CaptureMutableStateBeforeExecutionStep.execute(CaptureMutableStateBeforeExecutionStep.java:45)
	at org.gradle.internal.execution.steps.SkipEmptyMutableWorkStep.executeWithNonEmptySources(SkipEmptyMutableWorkStep.java:210)
	at org.gradle.internal.execution.steps.SkipEmptyMutableWorkStep.executeMutable(SkipEmptyMutableWorkStep.java:90)
	at org.gradle.internal.execution.steps.SkipEmptyMutableWorkStep.executeMutable(SkipEmptyMutableWorkStep.java:53)
	at org.gradle.internal.execution.steps.MutableStep.execute(MutableStep.java:26)
	at org.gradle.internal.execution.steps.legacy.MarkSnapshottingInputsStartedStep.execute(MarkSnapshottingInputsStartedStep.java:38)
	at org.gradle.internal.execution.steps.LoadPreviousExecutionStateStep.executeMutable(LoadPreviousExecutionStateStep.java:36)
	at org.gradle.internal.execution.steps.LoadPreviousExecutionStateStep.executeMutable(LoadPreviousExecutionStateStep.java:23)
	at org.gradle.internal.execution.steps.MutableStep.execute(MutableStep.java:26)
	at org.gradle.internal.execution.steps.HandleStaleOutputsStep.executeMutable(HandleStaleOutputsStep.java:77)
	at org.gradle.internal.execution.steps.HandleStaleOutputsStep.executeMutable(HandleStaleOutputsStep.java:43)
	at org.gradle.internal.execution.steps.MutableStep.execute(MutableStep.java:26)
	at org.gradle.internal.execution.steps.AssignMutableWorkspaceStep.lambda$executeMutable$0(AssignMutableWorkspaceStep.java:34)
	at org.gradle.api.internal.tasks.execution.TaskExecution$4.withWorkspace(TaskExecution.java:305)
	at org.gradle.internal.execution.steps.AssignMutableWorkspaceStep.executeMutable(AssignMutableWorkspaceStep.java:30)
	at org.gradle.internal.execution.steps.AssignMutableWorkspaceStep.executeMutable(AssignMutableWorkspaceStep.java:21)
	at org.gradle.internal.execution.steps.MutableStep.execute(MutableStep.java:26)
	at org.gradle.internal.execution.steps.ChoosePipelineStep.execute(ChoosePipelineStep.java:40)
	at org.gradle.internal.execution.steps.ChoosePipelineStep.execute(ChoosePipelineStep.java:23)
	at org.gradle.internal.execution.steps.ExecuteWorkBuildOperationFiringStep.lambda$execute$2(ExecuteWorkBuildOperationFiringStep.java:67)
	at java.base/java.util.Optional.orElseGet(Optional.java:364)
	at org.gradle.internal.execution.steps.ExecuteWorkBuildOperationFiringStep.execute(ExecuteWorkBuildOperationFiringStep.java:67)
	at org.gradle.internal.execution.steps.ExecuteWorkBuildOperationFiringStep.execute(ExecuteWorkBuildOperationFiringStep.java:39)
	at org.gradle.internal.execution.steps.IdentityCacheStep.execute(IdentityCacheStep.java:46)
	at org.gradle.internal.execution.steps.IdentityCacheStep.execute(IdentityCacheStep.java:34)
	at org.gradle.internal.execution.steps.IdentifyStep.execute(IdentifyStep.java:56)
	at org.gradle.internal.execution.steps.IdentifyStep.execute(IdentifyStep.java:38)
	at org.gradle.internal.execution.impl.DefaultExecutionEngine$1.execute(DefaultExecutionEngine.java:68)
	at org.gradle.api.internal.tasks.execution.ExecuteActionsTaskExecuter.executeIfValid(ExecuteActionsTaskExecuter.java:132)
	at org.gradle.api.internal.tasks.execution.ExecuteActionsTaskExecuter.execute(ExecuteActionsTaskExecuter.java:121)
	at org.gradle.api.internal.tasks.execution.ProblemsTaskPathTrackingTaskExecuter.execute(ProblemsTaskPathTrackingTaskExecuter.java:41)
	at org.gradle.api.internal.tasks.execution.ResolveTaskExecutionModeExecuter.execute(ResolveTaskExecutionModeExecuter.java:51)
	at org.gradle.api.internal.tasks.execution.FinalizePropertiesTaskExecuter.execute(FinalizePropertiesTaskExecuter.java:46)
	at org.gradle.api.internal.tasks.execution.SkipTaskWithNoActionsExecuter.execute(SkipTaskWithNoActionsExecuter.java:57)
	at org.gradle.api.internal.tasks.execution.SkipOnlyIfTaskExecuter.execute(SkipOnlyIfTaskExecuter.java:74)
	at org.gradle.api.internal.tasks.execution.CatchExceptionTaskExecuter.execute(CatchExceptionTaskExecuter.java:36)
	at org.gradle.api.internal.tasks.execution.EventFiringTaskExecuter$1.executeTask(EventFiringTaskExecuter.java:77)
	at org.gradle.api.internal.tasks.execution.EventFiringTaskExecuter$1.call(EventFiringTaskExecuter.java:55)
	at org.gradle.api.internal.tasks.execution.EventFiringTaskExecuter$1.call(EventFiringTaskExecuter.java:52)
	at org.gradle.internal.operations.DefaultBuildOperationRunner$CallableBuildOperationWorker.execute(DefaultBuildOperationRunner.java:210)
	at org.gradle.internal.operations.DefaultBuildOperationRunner$CallableBuildOperationWorker.execute(DefaultBuildOperationRunner.java:205)
	at org.gradle.internal.operations.DefaultBuildOperationRunner$2.execute(DefaultBuildOperationRunner.java:67)
	at org.gradle.internal.operations.DefaultBuildOperationRunner$2.execute(DefaultBuildOperationRunner.java:60)
	at org.gradle.internal.operations.DefaultBuildOperationRunner.execute(DefaultBuildOperationRunner.java:167)
	at org.gradle.internal.operations.DefaultBuildOperationRunner.execute(DefaultBuildOperationRunner.java:60)
	at org.gradle.internal.operations.DefaultBuildOperationRunner.call(DefaultBuildOperationRunner.java:54)
	at org.gradle.api.internal.tasks.execution.EventFiringTaskExecuter.execute(EventFiringTaskExecuter.java:52)
	at org.gradle.execution.plan.DefaultNodeExecutor.executeLocalTaskNode(DefaultNodeExecutor.java:55)
	at org.gradle.execution.plan.DefaultNodeExecutor.execute(DefaultNodeExecutor.java:34)
	at org.gradle.execution.taskgraph.DefaultTaskExecutionGraph$InvokeNodeExecutorsAction.execute(DefaultTaskExecutionGraph.java:355)
	at org.gradle.execution.taskgraph.DefaultTaskExecutionGraph$InvokeNodeExecutorsAction.execute(DefaultTaskExecutionGraph.java:343)
	at org.gradle.execution.taskgraph.DefaultTaskExecutionGraph$BuildOperationAwareExecutionAction.lambda$execute$0(DefaultTaskExecutionGraph.java:339)
	at org.gradle.internal.operations.CurrentBuildOperationRef.with(CurrentBuildOperationRef.java:84)
	at org.gradle.execution.taskgraph.DefaultTaskExecutionGraph$BuildOperationAwareExecutionAction.execute(DefaultTaskExecutionGraph.java:339)
	at org.gradle.execution.taskgraph.DefaultTaskExecutionGraph$BuildOperationAwareExecutionAction.execute(DefaultTaskExecutionGraph.java:328)
	at org.gradle.execution.plan.DefaultPlanExecutor$ExecutorWorker.execute(DefaultPlanExecutor.java:459)
	at org.gradle.execution.plan.DefaultPlanExecutor$ExecutorWorker.run(DefaultPlanExecutor.java:376)
	at org.gradle.internal.concurrent.ExecutorPolicy$CatchAndRecordFailures.onExecute(ExecutorPolicy.java:64)
	at org.gradle.internal.concurrent.AbstractManagedExecutor$1.run(AbstractManagedExecutor.java:47)
	at java.base/java.util.concurrent.ThreadPoolExecutor.runWorker(ThreadPoolExecutor.java:1144)
	at java.base/java.util.concurrent.ThreadPoolExecutor$Worker.run(ThreadPoolExecutor.java:642)
	at java.base/java.lang.Thread.run(Thread.java:1583)
v: Loading modules: [java.se, jdk.accessibility, jdk.attach, jdk.compiler, jdk.dynalink, jdk.httpserver, jdk.incubator.vector, jdk.jartool, jdk.javadoc, jdk.jconsole, jdk.jdi, jdk.jfr, jdk.jshell, jdk.jsobject, jdk.management, jdk.management.jfr, jdk.net, jdk.nio.mapmode, jdk.sctp, jdk.security.auth, jdk.security.jgss, jdk.unsupported, jdk.unsupported.desktop, jdk.xml.dom, java.base, java.compiler, java.datatransfer, java.desktop, java.xml, java.instrument, java.logging, java.management, java.management.rmi, java.rmi, java.naming, java.net.http, java.prefs, java.scripting, java.security.jgss, java.security.sasl, java.sql, java.transaction.xa, java.sql.rowset, java.xml.crypto, jdk.internal.jvmstat, jdk.internal.opt, jdk.zipfs, jdk.management.agent, jdk.jdwp.agent, jdk.internal.ed, jdk.internal.le]
e: C:/Users/redfa/.gradle/caches/modules-2/files-2.1/org.jetbrains/annotations/26.0.2/c7ce3cdeda3d18909368dfe5977332dfad326c6d/annotations-26.0.2.jar!/META-INF/annotations.kotlin_module: Module was compiled with an incompatible version of Kotlin. The binary version of its metadata is 1.9.0, expected version is 1.5.1.
v: Loading modules: [java.se, jdk.accessibility, jdk.attach, jdk.compiler, jdk.dynalink, jdk.httpserver, jdk.incubator.vector, jdk.jartool, jdk.javadoc, jdk.jconsole, jdk.jdi, jdk.jfr, jdk.jshell, jdk.jsobject, jdk.management, jdk.management.jfr, jdk.net, jdk.nio.mapmode, jdk.sctp, jdk.security.auth, jdk.security.jgss, jdk.unsupported, jdk.unsupported.desktop, jdk.xml.dom, java.base, java.compiler, java.datatransfer, java.desktop, java.xml, java.instrument, java.logging, java.management, java.management.rmi, java.rmi, java.naming, java.net.http, java.prefs, java.scripting, java.security.jgss, java.security.sasl, java.sql, java.transaction.xa, java.sql.rowset, java.xml.crypto, jdk.internal.jvmstat, jdk.internal.opt, jdk.zipfs, jdk.management.agent, jdk.jdwp.agent, jdk.internal.ed, jdk.internal.le]
e: C:/Users/redfa/.gradle/caches/modules-2/files-2.1/org.jetbrains/annotations/26.0.2/c7ce3cdeda3d18909368dfe5977332dfad326c6d/annotations-26.0.2.jar!/META-INF/annotations.kotlin_module: Module was compiled with an incompatible version of Kotlin. The binary version of its metadata is 1.9.0, expected version is 1.5.1.
WARN: The registry key 'java.correct.class.type.by.place.resolve.scope' accessed, but not loaded yet
WARN: The registry key 'unsound.capture.conversion.java.spec.change' accessed, but not loaded yet

> Task :1.20.6:preprocessCode
v: Loading modules: [java.se, jdk.accessibility, jdk.attach, jdk.compiler, jdk.dynalink, jdk.httpserver, jdk.incubator.vector, jdk.jartool, jdk.javadoc, jdk.jconsole, jdk.jdi, jdk.jfr, jdk.jshell, jdk.jsobject, jdk.management, jdk.management.jfr, jdk.net, jdk.nio.mapmode, jdk.sctp, jdk.security.auth, jdk.security.jgss, jdk.unsupported, jdk.unsupported.desktop, jdk.xml.dom, java.base, java.compiler, java.datatransfer, java.desktop, java.xml, java.instrument, java.logging, java.management, java.management.rmi, java.rmi, java.naming, java.net.http, java.prefs, java.scripting, java.security.jgss, java.security.sasl, java.sql, java.transaction.xa, java.sql.rowset, java.xml.crypto, jdk.internal.jvmstat, jdk.internal.opt, jdk.zipfs, jdk.management.agent, jdk.jdwp.agent, jdk.internal.ed, jdk.internal.le]
e: C:/Users/redfa/.gradle/caches/modules-2/files-2.1/org.jetbrains/annotations/26.0.2/c7ce3cdeda3d18909368dfe5977332dfad326c6d/annotations-26.0.2.jar!/META-INF/annotations.kotlin_module: Module was compiled with an incompatible version of Kotlin. The binary version of its metadata is 1.9.0, expected version is 1.5.1.
v: Loading modules: [java.se, jdk.accessibility, jdk.attach, jdk.compiler, jdk.dynalink, jdk.httpserver, jdk.incubator.vector, jdk.jartool, jdk.javadoc, jdk.jconsole, jdk.jdi, jdk.jfr, jdk.jshell, jdk.jsobject, jdk.management, jdk.management.jfr, jdk.net, jdk.nio.mapmode, jdk.sctp, jdk.security.auth, jdk.security.jgss, jdk.unsupported, jdk.unsupported.desktop, jdk.xml.dom, java.base, java.compiler, java.datatransfer, java.desktop, java.xml, java.instrument, java.logging, java.management, java.management.rmi, java.rmi, java.naming, java.net.http, java.prefs, java.scripting, java.security.jgss, java.security.sasl, java.sql, java.transaction.xa, java.sql.rowset, java.xml.crypto, jdk.internal.jvmstat, jdk.internal.opt, jdk.zipfs, jdk.management.agent, jdk.jdwp.agent, jdk.internal.ed, jdk.internal.le]
e: C:/Users/redfa/.gradle/caches/modules-2/files-2.1/org.jetbrains/annotations/26.0.2/c7ce3cdeda3d18909368dfe5977332dfad326c6d/annotations-26.0.2.jar!/META-INF/annotations.kotlin_module: Module was compiled with an incompatible version of Kotlin. The binary version of its metadata is 1.9.0, expected version is 1.5.1.

> Task :1.20.5:preprocessCode
v: Loading modules: [java.se, jdk.accessibility, jdk.attach, jdk.compiler, jdk.dynalink, jdk.httpserver, jdk.incubator.vector, jdk.jartool, jdk.javadoc, jdk.jconsole, jdk.jdi, jdk.jfr, jdk.jshell, jdk.jsobject, jdk.management, jdk.management.jfr, jdk.net, jdk.nio.mapmode, jdk.sctp, jdk.security.auth, jdk.security.jgss, jdk.unsupported, jdk.unsupported.desktop, jdk.xml.dom, java.base, java.compiler, java.datatransfer, java.desktop, java.xml, java.instrument, java.logging, java.management, java.management.rmi, java.rmi, java.naming, java.net.http, java.prefs, java.scripting, java.security.jgss, java.security.sasl, java.sql, java.transaction.xa, java.sql.rowset, java.xml.crypto, jdk.internal.jvmstat, jdk.internal.opt, jdk.zipfs, jdk.management.agent, jdk.jdwp.agent, jdk.internal.ed, jdk.internal.le]
e: C:/Users/redfa/.gradle/caches/modules-2/files-2.1/org.jetbrains/annotations/26.0.2/c7ce3cdeda3d18909368dfe5977332dfad326c6d/annotations-26.0.2.jar!/META-INF/annotations.kotlin_module: Module was compiled with an incompatible version of Kotlin. The binary version of its metadata is 1.9.0, expected version is 1.5.1.
v: Loading modules: [java.se, jdk.accessibility, jdk.attach, jdk.compiler, jdk.dynalink, jdk.httpserver, jdk.incubator.vector, jdk.jartool, jdk.javadoc, jdk.jconsole, jdk.jdi, jdk.jfr, jdk.jshell, jdk.jsobject, jdk.management, jdk.management.jfr, jdk.net, jdk.nio.mapmode, jdk.sctp, jdk.security.auth, jdk.security.jgss, jdk.unsupported, jdk.unsupported.desktop, jdk.xml.dom, java.base, java.compiler, java.datatransfer, java.desktop, java.xml, java.instrument, java.logging, java.management, java.management.rmi, java.rmi, java.naming, java.net.http, java.prefs, java.scripting, java.security.jgss, java.security.sasl, java.sql, java.transaction.xa, java.sql.rowset, java.xml.crypto, jdk.internal.jvmstat, jdk.internal.opt, jdk.zipfs, jdk.management.agent, jdk.jdwp.agent, jdk.internal.ed, jdk.internal.le]
e: C:/Users/redfa/.gradle/caches/modules-2/files-2.1/org.jetbrains/annotations/26.0.2/c7ce3cdeda3d18909368dfe5977332dfad326c6d/annotations-26.0.2.jar!/META-INF/annotations.kotlin_module: Module was compiled with an incompatible version of Kotlin. The binary version of its metadata is 1.9.0, expected version is 1.5.1.

> Task :1.20.4:preprocessCode
v: Loading modules: [java.se, jdk.accessibility, jdk.attach, jdk.compiler, jdk.dynalink, jdk.httpserver, jdk.incubator.vector, jdk.jartool, jdk.javadoc, jdk.jconsole, jdk.jdi, jdk.jfr, jdk.jshell, jdk.jsobject, jdk.management, jdk.management.jfr, jdk.net, jdk.nio.mapmode, jdk.sctp, jdk.security.auth, jdk.security.jgss, jdk.unsupported, jdk.unsupported.desktop, jdk.xml.dom, java.base, java.compiler, java.datatransfer, java.desktop, java.xml, java.instrument, java.logging, java.management, java.management.rmi, java.rmi, java.naming, java.net.http, java.prefs, java.scripting, java.security.jgss, java.security.sasl, java.sql, java.transaction.xa, java.sql.rowset, java.xml.crypto, jdk.internal.jvmstat, jdk.internal.opt, jdk.zipfs, jdk.management.agent, jdk.jdwp.agent, jdk.internal.ed, jdk.internal.le]
e: C:/Users/redfa/.gradle/caches/modules-2/files-2.1/org.jetbrains/annotations/26.0.2/c7ce3cdeda3d18909368dfe5977332dfad326c6d/annotations-26.0.2.jar!/META-INF/annotations.kotlin_module: Module was compiled with an incompatible version of Kotlin. The binary version of its metadata is 1.9.0, expected version is 1.5.1.
v: Loading modules: [java.se, jdk.accessibility, jdk.attach, jdk.compiler, jdk.dynalink, jdk.httpserver, jdk.incubator.vector, jdk.jartool, jdk.javadoc, jdk.jconsole, jdk.jdi, jdk.jfr, jdk.jshell, jdk.jsobject, jdk.management, jdk.management.jfr, jdk.net, jdk.nio.mapmode, jdk.sctp, jdk.security.auth, jdk.security.jgss, jdk.unsupported, jdk.unsupported.desktop, jdk.xml.dom, java.base, java.compiler, java.datatransfer, java.desktop, java.xml, java.instrument, java.logging, java.management, java.management.rmi, java.rmi, java.naming, java.net.http, java.prefs, java.scripting, java.security.jgss, java.security.sasl, java.sql, java.transaction.xa, java.sql.rowset, java.xml.crypto, jdk.internal.jvmstat, jdk.internal.opt, jdk.zipfs, jdk.management.agent, jdk.jdwp.agent, jdk.internal.ed, jdk.internal.le]
e: C:/Users/redfa/.gradle/caches/modules-2/files-2.1/org.jetbrains/annotations/26.0.2/c7ce3cdeda3d18909368dfe5977332dfad326c6d/annotations-26.0.2.jar!/META-INF/annotations.kotlin_module: Module was compiled with an incompatible version of Kotlin. The binary version of its metadata is 1.9.0, expected version is 1.5.1.

> Task :1.20.2:preprocessCode
v: Loading modules: [java.se, jdk.accessibility, jdk.attach, jdk.compiler, jdk.dynalink, jdk.httpserver, jdk.incubator.vector, jdk.jartool, jdk.javadoc, jdk.jconsole, jdk.jdi, jdk.jfr, jdk.jshell, jdk.jsobject, jdk.management, jdk.management.jfr, jdk.net, jdk.nio.mapmode, jdk.sctp, jdk.security.auth, jdk.security.jgss, jdk.unsupported, jdk.unsupported.desktop, jdk.xml.dom, java.base, java.compiler, java.datatransfer, java.desktop, java.xml, java.instrument, java.logging, java.management, java.management.rmi, java.rmi, java.naming, java.net.http, java.prefs, java.scripting, java.security.jgss, java.security.sasl, java.sql, java.transaction.xa, java.sql.rowset, java.xml.crypto, jdk.internal.jvmstat, jdk.internal.opt, jdk.zipfs, jdk.management.agent, jdk.jdwp.agent, jdk.internal.ed, jdk.internal.le]
e: C:/Users/redfa/.gradle/caches/modules-2/files-2.1/org.jetbrains/annotations/26.0.2/c7ce3cdeda3d18909368dfe5977332dfad326c6d/annotations-26.0.2.jar!/META-INF/annotations.kotlin_module: Module was compiled with an incompatible version of Kotlin. The binary version of its metadata is 1.9.0, expected version is 1.5.1.
v: Loading modules: [java.se, jdk.accessibility, jdk.attach, jdk.compiler, jdk.dynalink, jdk.httpserver, jdk.incubator.vector, jdk.jartool, jdk.javadoc, jdk.jconsole, jdk.jdi, jdk.jfr, jdk.jshell, jdk.jsobject, jdk.management, jdk.management.jfr, jdk.net, jdk.nio.mapmode, jdk.sctp, jdk.security.auth, jdk.security.jgss, jdk.unsupported, jdk.unsupported.desktop, jdk.xml.dom, java.base, java.compiler, java.datatransfer, java.desktop, java.xml, java.instrument, java.logging, java.management, java.management.rmi, java.rmi, java.naming, java.net.http, java.prefs, java.scripting, java.security.jgss, java.security.sasl, java.sql, java.transaction.xa, java.sql.rowset, java.xml.crypto, jdk.internal.jvmstat, jdk.internal.opt, jdk.zipfs, jdk.management.agent, jdk.jdwp.agent, jdk.internal.ed, jdk.internal.le]
e: C:/Users/redfa/.gradle/caches/modules-2/files-2.1/org.jetbrains/annotations/26.0.2/c7ce3cdeda3d18909368dfe5977332dfad326c6d/annotations-26.0.2.jar!/META-INF/annotations.kotlin_module: Module was compiled with an incompatible version of Kotlin. The binary version of its metadata is 1.9.0, expected version is 1.5.1.

> Task :1.20.1:preprocessCode
v: Loading modules: [java.se, jdk.accessibility, jdk.attach, jdk.compiler, jdk.dynalink, jdk.httpserver, jdk.incubator.vector, jdk.jartool, jdk.javadoc, jdk.jconsole, jdk.jdi, jdk.jfr, jdk.jshell, jdk.jsobject, jdk.management, jdk.management.jfr, jdk.net, jdk.nio.mapmode, jdk.sctp, jdk.security.auth, jdk.security.jgss, jdk.unsupported, jdk.unsupported.desktop, jdk.xml.dom, java.base, java.compiler, java.datatransfer, java.desktop, java.xml, java.instrument, java.logging, java.management, java.management.rmi, java.rmi, java.naming, java.net.http, java.prefs, java.scripting, java.security.jgss, java.security.sasl, java.sql, java.transaction.xa, java.sql.rowset, java.xml.crypto, jdk.internal.jvmstat, jdk.internal.opt, jdk.zipfs, jdk.management.agent, jdk.jdwp.agent, jdk.internal.ed, jdk.internal.le]
e: C:/Users/redfa/.gradle/caches/modules-2/files-2.1/org.jetbrains/annotations/26.0.2/c7ce3cdeda3d18909368dfe5977332dfad326c6d/annotations-26.0.2.jar!/META-INF/annotations.kotlin_module: Module was compiled with an incompatible version of Kotlin. The binary version of its metadata is 1.9.0, expected version is 1.5.1.
v: Loading modules: [java.se, jdk.accessibility, jdk.attach, jdk.compiler, jdk.dynalink, jdk.httpserver, jdk.incubator.vector, jdk.jartool, jdk.javadoc, jdk.jconsole, jdk.jdi, jdk.jfr, jdk.jshell, jdk.jsobject, jdk.management, jdk.management.jfr, jdk.net, jdk.nio.mapmode, jdk.sctp, jdk.security.auth, jdk.security.jgss, jdk.unsupported, jdk.unsupported.desktop, jdk.xml.dom, java.base, java.compiler, java.datatransfer, java.desktop, java.xml, java.instrument, java.logging, java.management, java.management.rmi, java.rmi, java.naming, java.net.http, java.prefs, java.scripting, java.security.jgss, java.security.sasl, java.sql, java.transaction.xa, java.sql.rowset, java.xml.crypto, jdk.internal.jvmstat, jdk.internal.opt, jdk.zipfs, jdk.management.agent, jdk.jdwp.agent, jdk.internal.ed, jdk.internal.le]
e: C:/Users/redfa/.gradle/caches/modules-2/files-2.1/org.jetbrains/annotations/26.0.2/c7ce3cdeda3d18909368dfe5977332dfad326c6d/annotations-26.0.2.jar!/META-INF/annotations.kotlin_module: Module was compiled with an incompatible version of Kotlin. The binary version of its metadata is 1.9.0, expected version is 1.5.1.

> Task :1.19.4:preprocessCode
v: Loading modules: [java.se, jdk.accessibility, jdk.attach, jdk.compiler, jdk.dynalink, jdk.httpserver, jdk.incubator.vector, jdk.jartool, jdk.javadoc, jdk.jconsole, jdk.jdi, jdk.jfr, jdk.jshell, jdk.jsobject, jdk.management, jdk.management.jfr, jdk.net, jdk.nio.mapmode, jdk.sctp, jdk.security.auth, jdk.security.jgss, jdk.unsupported, jdk.unsupported.desktop, jdk.xml.dom, java.base, java.compiler, java.datatransfer, java.desktop, java.xml, java.instrument, java.logging, java.management, java.management.rmi, java.rmi, java.naming, java.net.http, java.prefs, java.scripting, java.security.jgss, java.security.sasl, java.sql, java.transaction.xa, java.sql.rowset, java.xml.crypto, jdk.internal.jvmstat, jdk.internal.opt, jdk.zipfs, jdk.management.agent, jdk.jdwp.agent, jdk.internal.ed, jdk.internal.le]
e: C:/Users/redfa/.gradle/caches/modules-2/files-2.1/org.jetbrains/annotations/26.0.2/c7ce3cdeda3d18909368dfe5977332dfad326c6d/annotations-26.0.2.jar!/META-INF/annotations.kotlin_module: Module was compiled with an incompatible version of Kotlin. The binary version of its metadata is 1.9.0, expected version is 1.5.1.
v: Loading modules: [java.se, jdk.accessibility, jdk.attach, jdk.compiler, jdk.dynalink, jdk.httpserver, jdk.incubator.vector, jdk.jartool, jdk.javadoc, jdk.jconsole, jdk.jdi, jdk.jfr, jdk.jshell, jdk.jsobject, jdk.management, jdk.management.jfr, jdk.net, jdk.nio.mapmode, jdk.sctp, jdk.security.auth, jdk.security.jgss, jdk.unsupported, jdk.unsupported.desktop, jdk.xml.dom, java.base, java.compiler, java.datatransfer, java.desktop, java.xml, java.instrument, java.logging, java.management, java.management.rmi, java.rmi, java.naming, java.net.http, java.prefs, java.scripting, java.security.jgss, java.security.sasl, java.sql, java.transaction.xa, java.sql.rowset, java.xml.crypto, jdk.internal.jvmstat, jdk.internal.opt, jdk.zipfs, jdk.management.agent, jdk.jdwp.agent, jdk.internal.ed, jdk.internal.le]
e: C:/Users/redfa/.gradle/caches/modules-2/files-2.1/org.jetbrains/annotations/26.0.2/c7ce3cdeda3d18909368dfe5977332dfad326c6d/annotations-26.0.2.jar!/META-INF/annotations.kotlin_module: Module was compiled with an incompatible version of Kotlin. The binary version of its metadata is 1.9.0, expected version is 1.5.1.

> Task :1.18.2:preprocessCode
v: Loading modules: [java.se, jdk.accessibility, jdk.attach, jdk.compiler, jdk.dynalink, jdk.httpserver, jdk.incubator.vector, jdk.jartool, jdk.javadoc, jdk.jconsole, jdk.jdi, jdk.jfr, jdk.jshell, jdk.jsobject, jdk.management, jdk.management.jfr, jdk.net, jdk.nio.mapmode, jdk.sctp, jdk.security.auth, jdk.security.jgss, jdk.unsupported, jdk.unsupported.desktop, jdk.xml.dom, java.base, java.compiler, java.datatransfer, java.desktop, java.xml, java.instrument, java.logging, java.management, java.management.rmi, java.rmi, java.naming, java.net.http, java.prefs, java.scripting, java.security.jgss, java.security.sasl, java.sql, java.transaction.xa, java.sql.rowset, java.xml.crypto, jdk.internal.jvmstat, jdk.internal.opt, jdk.zipfs, jdk.management.agent, jdk.jdwp.agent, jdk.internal.ed, jdk.internal.le]
e: C:/Users/redfa/.gradle/caches/modules-2/files-2.1/org.jetbrains/annotations/26.0.2/c7ce3cdeda3d18909368dfe5977332dfad326c6d/annotations-26.0.2.jar!/META-INF/annotations.kotlin_module: Module was compiled with an incompatible version of Kotlin. The binary version of its metadata is 1.9.0, expected version is 1.5.1.
v: Loading modules: [java.se, jdk.accessibility, jdk.attach, jdk.compiler, jdk.dynalink, jdk.httpserver, jdk.incubator.vector, jdk.jartool, jdk.javadoc, jdk.jconsole, jdk.jdi, jdk.jfr, jdk.jshell, jdk.jsobject, jdk.management, jdk.management.jfr, jdk.net, jdk.nio.mapmode, jdk.sctp, jdk.security.auth, jdk.security.jgss, jdk.unsupported, jdk.unsupported.desktop, jdk.xml.dom, java.base, java.compiler, java.datatransfer, java.desktop, java.xml, java.instrument, java.logging, java.management, java.management.rmi, java.rmi, java.naming, java.net.http, java.prefs, java.scripting, java.security.jgss, java.security.sasl, java.sql, java.transaction.xa, java.sql.rowset, java.xml.crypto, jdk.internal.jvmstat, jdk.internal.opt, jdk.zipfs, jdk.management.agent, jdk.jdwp.agent, jdk.internal.ed, jdk.internal.le]
e: C:/Users/redfa/.gradle/caches/modules-2/files-2.1/org.jetbrains/annotations/26.0.2/c7ce3cdeda3d18909368dfe5977332dfad326c6d/annotations-26.0.2.jar!/META-INF/annotations.kotlin_module: Module was compiled with an incompatible version of Kotlin. The binary version of its metadata is 1.9.0, expected version is 1.5.1.

> Task :1.18:preprocessCode
v: Loading modules: [java.se, jdk.accessibility, jdk.attach, jdk.compiler, jdk.dynalink, jdk.httpserver, jdk.incubator.vector, jdk.jartool, jdk.javadoc, jdk.jconsole, jdk.jdi, jdk.jfr, jdk.jshell, jdk.jsobject, jdk.management, jdk.management.jfr, jdk.net, jdk.nio.mapmode, jdk.sctp, jdk.security.auth, jdk.security.jgss, jdk.unsupported, jdk.unsupported.desktop, jdk.xml.dom, java.base, java.compiler, java.datatransfer, java.desktop, java.xml, java.instrument, java.logging, java.management, java.management.rmi, java.rmi, java.naming, java.net.http, java.prefs, java.scripting, java.security.jgss, java.security.sasl, java.sql, java.transaction.xa, java.sql.rowset, java.xml.crypto, jdk.internal.jvmstat, jdk.internal.opt, jdk.zipfs, jdk.management.agent, jdk.jdwp.agent, jdk.internal.ed, jdk.internal.le]
e: C:/Users/redfa/.gradle/caches/modules-2/files-2.1/org.jetbrains/annotations/26.0.2/c7ce3cdeda3d18909368dfe5977332dfad326c6d/annotations-26.0.2.jar!/META-INF/annotations.kotlin_module: Module was compiled with an incompatible version of Kotlin. The binary version of its metadata is 1.9.0, expected version is 1.5.1.
v: Loading modules: [java.se, jdk.accessibility, jdk.attach, jdk.compiler, jdk.dynalink, jdk.httpserver, jdk.incubator.vector, jdk.jartool, jdk.javadoc, jdk.jconsole, jdk.jdi, jdk.jfr, jdk.jshell, jdk.jsobject, jdk.management, jdk.management.jfr, jdk.net, jdk.nio.mapmode, jdk.sctp, jdk.security.auth, jdk.security.jgss, jdk.unsupported, jdk.unsupported.desktop, jdk.xml.dom, java.base, java.compiler, java.datatransfer, java.desktop, java.xml, java.instrument, java.logging, java.management, java.management.rmi, java.rmi, java.naming, java.net.http, java.prefs, java.scripting, java.security.jgss, java.security.sasl, java.sql, java.transaction.xa, java.sql.rowset, java.xml.crypto, jdk.internal.jvmstat, jdk.internal.opt, jdk.zipfs, jdk.management.agent, jdk.jdwp.agent, jdk.internal.ed, jdk.internal.le]
e: C:/Users/redfa/.gradle/caches/modules-2/files-2.1/org.jetbrains/annotations/26.0.2/c7ce3cdeda3d18909368dfe5977332dfad326c6d/annotations-26.0.2.jar!/META-INF/annotations.kotlin_module: Module was compiled with an incompatible version of Kotlin. The binary version of its metadata is 1.9.0, expected version is 1.5.1.

> Task :1.17.1:preprocessCode
v: Loading modules: [java.se, jdk.accessibility, jdk.attach, jdk.compiler, jdk.dynalink, jdk.httpserver, jdk.incubator.vector, jdk.jartool, jdk.javadoc, jdk.jconsole, jdk.jdi, jdk.jfr, jdk.jshell, jdk.jsobject, jdk.management, jdk.management.jfr, jdk.net, jdk.nio.mapmode, jdk.sctp, jdk.security.auth, jdk.security.jgss, jdk.unsupported, jdk.unsupported.desktop, jdk.xml.dom, java.base, java.compiler, java.datatransfer, java.desktop, java.xml, java.instrument, java.logging, java.management, java.management.rmi, java.rmi, java.naming, java.net.http, java.prefs, java.scripting, java.security.jgss, java.security.sasl, java.sql, java.transaction.xa, java.sql.rowset, java.xml.crypto, jdk.internal.jvmstat, jdk.internal.opt, jdk.zipfs, jdk.management.agent, jdk.jdwp.agent, jdk.internal.ed, jdk.internal.le]
e: C:/Users/redfa/.gradle/caches/modules-2/files-2.1/org.jetbrains/annotations/26.0.2/c7ce3cdeda3d18909368dfe5977332dfad326c6d/annotations-26.0.2.jar!/META-INF/annotations.kotlin_module: Module was compiled with an incompatible version of Kotlin. The binary version of its metadata is 1.9.0, expected version is 1.5.1.
v: Loading modules: [java.se, jdk.accessibility, jdk.attach, jdk.compiler, jdk.dynalink, jdk.httpserver, jdk.incubator.vector, jdk.jartool, jdk.javadoc, jdk.jconsole, jdk.jdi, jdk.jfr, jdk.jshell, jdk.jsobject, jdk.management, jdk.management.jfr, jdk.net, jdk.nio.mapmode, jdk.sctp, jdk.security.auth, jdk.security.jgss, jdk.unsupported, jdk.unsupported.desktop, jdk.xml.dom, java.base, java.compiler, java.datatransfer, java.desktop, java.xml, java.instrument, java.logging, java.management, java.management.rmi, java.rmi, java.naming, java.net.http, java.prefs, java.scripting, java.security.jgss, java.security.sasl, java.sql, java.transaction.xa, java.sql.rowset, java.xml.crypto, jdk.internal.jvmstat, jdk.internal.opt, jdk.zipfs, jdk.management.agent, jdk.jdwp.agent, jdk.internal.ed, jdk.internal.le]
e: C:/Users/redfa/.gradle/caches/modules-2/files-2.1/org.jetbrains/annotations/26.0.2/c7ce3cdeda3d18909368dfe5977332dfad326c6d/annotations-26.0.2.jar!/META-INF/annotations.kotlin_module: Module was compiled with an incompatible version of Kotlin. The binary version of its metadata is 1.9.0, expected version is 1.5.1.

> Task :1.16.5:preprocessCode
v: Loading modules: [java.se, jdk.accessibility, jdk.attach, jdk.compiler, jdk.dynalink, jdk.httpserver, jdk.incubator.vector, jdk.jartool, jdk.javadoc, jdk.jconsole, jdk.jdi, jdk.jfr, jdk.jshell, jdk.jsobject, jdk.management, jdk.management.jfr, jdk.net, jdk.nio.mapmode, jdk.sctp, jdk.security.auth, jdk.security.jgss, jdk.unsupported, jdk.unsupported.desktop, jdk.xml.dom, java.base, java.compiler, java.datatransfer, java.desktop, java.xml, java.instrument, java.logging, java.management, java.management.rmi, java.rmi, java.naming, java.net.http, java.prefs, java.scripting, java.security.jgss, java.security.sasl, java.sql, java.transaction.xa, java.sql.rowset, java.xml.crypto, jdk.internal.jvmstat, jdk.internal.opt, jdk.zipfs, jdk.management.agent, jdk.jdwp.agent, jdk.internal.ed, jdk.internal.le]
e: C:/Users/redfa/.gradle/caches/modules-2/files-2.1/org.jetbrains/annotations/26.0.2/c7ce3cdeda3d18909368dfe5977332dfad326c6d/annotations-26.0.2.jar!/META-INF/annotations.kotlin_module: Module was compiled with an incompatible version of Kotlin. The binary version of its metadata is 1.9.0, expected version is 1.5.1.
v: Loading modules: [java.se, jdk.accessibility, jdk.attach, jdk.compiler, jdk.dynalink, jdk.httpserver, jdk.incubator.vector, jdk.jartool, jdk.javadoc, jdk.jconsole, jdk.jdi, jdk.jfr, jdk.jshell, jdk.jsobject, jdk.management, jdk.management.jfr, jdk.net, jdk.nio.mapmode, jdk.sctp, jdk.security.auth, jdk.security.jgss, jdk.unsupported, jdk.unsupported.desktop, jdk.xml.dom, java.base, java.compiler, java.datatransfer, java.desktop, java.xml, java.instrument, java.logging, java.management, java.management.rmi, java.rmi, java.naming, java.net.http, java.prefs, java.scripting, java.security.jgss, java.security.sasl, java.sql, java.transaction.xa, java.sql.rowset, java.xml.crypto, jdk.internal.jvmstat, jdk.internal.opt, jdk.zipfs, jdk.management.agent, jdk.jdwp.agent, jdk.internal.ed, jdk.internal.le]
e: C:/Users/redfa/.gradle/caches/modules-2/files-2.1/org.jetbrains/annotations/26.0.2/c7ce3cdeda3d18909368dfe5977332dfad326c6d/annotations-26.0.2.jar!/META-INF/annotations.kotlin_module: Module was compiled with an incompatible version of Kotlin. The binary version of its metadata is 1.9.0, expected version is 1.5.1.

> Task :1.16.1:preprocessCode
v: Loading modules: [java.se, jdk.accessibility, jdk.attach, jdk.compiler, jdk.dynalink, jdk.httpserver, jdk.incubator.vector, jdk.jartool, jdk.javadoc, jdk.jconsole, jdk.jdi, jdk.jfr, jdk.jshell, jdk.jsobject, jdk.management, jdk.management.jfr, jdk.net, jdk.nio.mapmode, jdk.sctp, jdk.security.auth, jdk.security.jgss, jdk.unsupported, jdk.unsupported.desktop, jdk.xml.dom, java.base, java.compiler, java.datatransfer, java.desktop, java.xml, java.instrument, java.logging, java.management, java.management.rmi, java.rmi, java.naming, java.net.http, java.prefs, java.scripting, java.security.jgss, java.security.sasl, java.sql, java.transaction.xa, java.sql.rowset, java.xml.crypto, jdk.internal.jvmstat, jdk.internal.opt, jdk.zipfs, jdk.management.agent, jdk.jdwp.agent, jdk.internal.ed, jdk.internal.le]
e: C:/Users/redfa/.gradle/caches/modules-2/files-2.1/org.jetbrains/annotations/26.0.2/c7ce3cdeda3d18909368dfe5977332dfad326c6d/annotations-26.0.2.jar!/META-INF/annotations.kotlin_module: Module was compiled with an incompatible version of Kotlin. The binary version of its metadata is 1.9.0, expected version is 1.5.1.
v: Loading modules: [java.se, jdk.accessibility, jdk.attach, jdk.compiler, jdk.dynalink, jdk.httpserver, jdk.incubator.vector, jdk.jartool, jdk.javadoc, jdk.jconsole, jdk.jdi, jdk.jfr, jdk.jshell, jdk.jsobject, jdk.management, jdk.management.jfr, jdk.net, jdk.nio.mapmode, jdk.sctp, jdk.security.auth, jdk.security.jgss, jdk.unsupported, jdk.unsupported.desktop, jdk.xml.dom, java.base, java.compiler, java.datatransfer, java.desktop, java.xml, java.instrument, java.logging, java.management, java.management.rmi, java.rmi, java.naming, java.net.http, java.prefs, java.scripting, java.security.jgss, java.security.sasl, java.sql, java.transaction.xa, java.sql.rowset, java.xml.crypto, jdk.internal.jvmstat, jdk.internal.opt, jdk.zipfs, jdk.management.agent, jdk.jdwp.agent, jdk.internal.ed, jdk.internal.le]
e: C:/Users/redfa/.gradle/caches/modules-2/files-2.1/org.jetbrains/annotations/26.0.2/c7ce3cdeda3d18909368dfe5977332dfad326c6d/annotations-26.0.2.jar!/META-INF/annotations.kotlin_module: Module was compiled with an incompatible version of Kotlin. The binary version of its metadata is 1.9.0, expected version is 1.5.1.

> Task :1.16.1:compileJava
> Task :1.21:preprocessResources UP-TO-DATE
> Task :1.20.6:preprocessResources UP-TO-DATE
> Task :1.20.5:preprocessResources UP-TO-DATE
> Task :1.20.4:preprocessResources UP-TO-DATE
> Task :1.20.2:preprocessResources UP-TO-DATE
> Task :1.20.1:preprocessResources UP-TO-DATE
> Task :1.19.4:preprocessResources UP-TO-DATE
> Task :1.18.2:preprocessResources UP-TO-DATE
> Task :1.18:preprocessResources UP-TO-DATE
> Task :1.17.1:preprocessResources UP-TO-DATE
> Task :1.16.5:preprocessResources UP-TO-DATE
> Task :1.16.1:preprocessResources UP-TO-DATE
> Task :1.16.1:processResources UP-TO-DATE
> Task :1.16.1:classes
> Task :1.16.1:generateLog4jConfig UP-TO-DATE
> Task :1.16.1:generateRemapClasspath UP-TO-DATE
> Task :1.16.1:generateDLIConfig UP-TO-DATE
> Task :1.16.1:configureLaunch UP-TO-DATE
> Task :1.16.1:downloadAssets UP-TO-DATE
> Task :1.16.1:extractNatives UP-TO-DATE
> Task :1.16.1:configureClientLaunch UP-TO-DATE

> Task :1.16.1:runClient
2026-09-24 02:41:55,155 main ERROR Error processing element Queue ([Appenders: null]): CLASS_NOT_FOUND
2026-09-24 02:41:55,283 main ERROR Unable to locate appender "ServerGuiConsole" for logger config "root"
[02:41:55] [main/INFO] (FabricLoader/GameProvider) Loading Minecraft 1.16.1 with Fabric Loader 0.16.7
[02:41:55] [ForkJoinPool-1-worker-6/WARN] (FabricLoader/Metadata) Mod tungsten uses the version ALPHA-1.6.0-1.16.1-SNAPSHOT which isn't compatible with Loader's extended semantic version format (Could not parse version number component 'ALPHA'!), SemVer is recommended for reliably evaluating dependencies and prioritizing newer version
[02:41:55] [main/INFO] (FabricLoader) Loading 46 mods:
	- altoclef 1.16.1-0.19
	- baritone 1.16.1-ostinato
	- fabric 0.18.0+build.387-1.16.1
	- fabric-api-base 0.1.3+12a8474c02
	- fabric-biomes-v1 0.2.7+059ea86602
	- fabric-blockrenderlayer-v1 1.1.4+c6a8ea8902
	- fabric-command-api-v1 1.0.8+5ce5339802
	- fabric-commands-v0 0.2.0+52d3083602
	- fabric-containers-v0 0.1.8+045df74f02
	- fabric-content-registries-v0 0.1.9+059ea86602
	- fabric-crash-report-info-v1 0.1.2+b7f9825d02
	- fabric-dimensions-v1 1.0.0+a71b305302
	- fabric-events-interaction-v0 0.4.0+e540c58402
	- fabric-events-lifecycle-v0 0.2.0+16acbe5b02
	- fabric-game-rule-api-v1 1.0.0+fe81e12502
	- fabric-item-api-v1 1.0.0+16acbe5b02
	- fabric-item-groups-v0 0.2.0+438f963602
	- fabric-key-binding-api-v1 1.0.1+f404f3be02
	- fabric-keybindings-v0 0.2.0+3fa9f7c502
	- fabric-lifecycle-events-v1 1.2.0+e83e061c02
	- fabric-loot-tables-v1 1.0.0+386eb69e02
	- fabric-mining-levels-v0 0.1.2+b764ce9902
	- fabric-models-v0 0.1.0+dfdb52d602
	- fabric-networking-blockentity-v0 0.2.5+b50ffc7b02
	- fabric-networking-v0 0.1.10+e00ecb5f02
	- fabric-object-builder-api-v1 1.5.7+2242e77202
	- fabric-object-builders-v0 0.6.1+a2d21ddd02
	- fabric-particles-v1 0.2.1+0a6f2a7002
	- fabric-registry-sync-v0 0.3.8+7dba2d6c02
	- fabric-renderer-api-v1 0.2.13+eae12eb802
	- fabric-renderer-indigo 0.3.4+34d6c87102
	- fabric-renderer-registries-v1 2.1.0+be551d3c02
	- fabric-rendering-data-attachment-v1 0.1.3+b7f9825d02
	- fabric-rendering-fluids-v1 0.1.8+b7084faa02
	- fabric-rendering-v0 1.1.0+5341049002
	- fabric-rendering-v1 1.1.2+346247d702
	- fabric-resource-loader-v0 0.2.6+f41e209802
	- fabric-screen-handler-api-v1 1.1.0+97324d1102
	- fabric-tag-extensions-v0 0.2.7+a4c57d8e02
	- fabric-textures-v0 1.0.4+eae12eb802
	- fabric-tool-attribute-api-v1 1.2.1+91fca5cd02
	- fabricloader 0.16.7
	- java 21
	- minecraft 1.16.1
	- mixinextras 0.4.1
	- tungsten ALPHA-1.6.0-1.16.1-SNAPSHOT
[02:41:55] [main/INFO] (FabricLoader/Mixin) SpongePowered MIXIN Subsystem Version=0.8.7 Source=file:/C:/Users/redfa/.gradle/caches/modules-2/files-2.1/net.fabricmc/sponge-mixin/0.15.3+mixin.0.8.7/51ee0a44ab05f6fddd66b09e66b3a16904f9c55d/sponge-mixin-0.15.3+mixin.0.8.7.jar Service=Knot/Fabric Env=CLIENT
[02:41:55] [main/INFO] (FabricLoader/Mixin) Loaded Fabric development mappings for mixin remapper!
[02:41:55] [main/INFO] (FabricLoader/Mixin) Compatibility level set to JAVA_17
[02:41:55] [main/INFO] (FabricLoader/Mixin) Compatibility level set to JAVA_21
[02:41:56] [main/WARN] (FabricLoader/Mixin) Error loading class: me/jellysquid/mods/sodium/client/world/SodiumChunkManager (java.lang.ClassNotFoundException: me/jellysquid/mods/sodium/client/world/SodiumChunkManager)
[02:41:56] [main/WARN] (FabricLoader/Mixin) Error loading class: me/jellysquid/mods/sodium/client/util/collections/FixedLongHashTable (java.lang.ClassNotFoundException: me/jellysquid/mods/sodium/client/util/collections/FixedLongHashTable)
[02:41:56] [main/INFO] (FabricLoader/MixinExtras|Service) Initializing MixinExtras via com.llamalad7.mixinextras.service.MixinExtrasServiceImpl(version=0.4.1).
[02:42:00] [main/INFO] (FabricLoader/Mixin) altoclef.mixins.json:AxeItemAccessor from mod altoclef->@Accessor[FIELD_GETTER]::getEffectiveMaterials()Ljava/util/Set; should be static as its target is
[02:42:02] [main/INFO] (Minecraft) Environment: authHost='https://authserver.mojang.com', accountsHost='https://api.mojang.com', sessionHost='https://sessionserver.mojang.com', name='PROD'
[02:42:02] [main/INFO] (Minecraft) Setting user: Player369
[02:42:03] [main/INFO] (Indigo) [Indigo] Registering Indigo renderer!
[02:42:03] [main/INFO] (Minecraft) [STDERR]: [LWJGL] [ThreadLocalUtil] Unsupported JNI version detected, this may result in a crash. Please inform LWJGL developers.
[02:42:03] [main/INFO] (Minecraft) Backend library: LWJGL version 3.3.2-snapshot
[02:42:05] [main/INFO] (Minecraft) Narrator library for x64 successfully loaded
[02:42:05] [main/INFO] (Minecraft) [STDOUT]: TENORCLEF: Global Init
[02:42:05] [main/INFO] (Minecraft) [CHAT] [Baritone] Baritone settings file not found, resetting.
[02:42:07] [main/INFO] (Minecraft) Reloading ResourceManager: Default, Fabric Networking Block Entity (v0), Fabric Key Binding API (v1), Fabric Events Interaction (v0), Fabric Rendering (v0), Fabric Resource Loader (v0), Fabric Renderer Registries (v1), Fabric Rendering Data Attachment (v1), Fabric Game Rule API (v1), Fabric Mining Levels (v0), Fabric Object Builders (v0), Fabric Item API (v1), Fabric BlockRenderLayer Registration (v1), Fabric Object Builder API (v1), Tungsten, Fabric Containers (v0), Fabric Renderer API (v1), Fabric Registry Sync (v0), Fabric Events Lifecycle (v0), Fabric Rendering Fluids (v1), Fabric Renderer - Indigo, Fabric Tag Extensions (v0), Fabric Rendering (v1), Fabric Crash Report Info (v1), Fabric Loot Tables (v1), Fabric Screen Handler API (v1), Fabric API, Fabric Loader, Fabric Tool Attribute API (v1), Fabric Biomes (v1), Alto Clef, Fabric Models (v0), Fabric Networking (v0), Fabric API Base, Fabric Item Groups (v0), Fabric Content Registries (v0), Fabric Textures (v0), Fabric Key Bindings (v0), Fabric Lifecycle Events (v1)
[02:42:08] [main/INFO] (Minecraft) [STDOUT]: TENORCLEF: MIXIN OK ClientTickMixin injected into MinecraftClient.tick()
[02:42:08] [main/INFO] (Minecraft) [STDOUT]: TENORCLEF: HARNESS: AUTOWORLD: fresh-world create armed (firing in 3s)
[02:42:10] [main/INFO] (Minecraft) [STDOUT]: TENORCLEF: HARNESS: AUTOWORLD: creating fresh world 'AutoRun_20260924_024210' mode=survival difficulty=easy hardcore=false
[02:42:12] [main/WARN] (Minecraft) Ambiguity between arguments [teleport, destination] and [teleport, targets] with inputs: [Player, 0123, @e, dd12be42-52a9-4a91-a8a1-11c01849e498]
[02:42:12] [main/WARN] (Minecraft) Ambiguity between arguments [teleport, location] and [teleport, destination] with inputs: [0.1 -0.5 .9, 0 0 0]
[02:42:12] [main/WARN] (Minecraft) Ambiguity between arguments [teleport, location] and [teleport, targets] with inputs: [0.1 -0.5 .9, 0 0 0]
[02:42:12] [main/WARN] (Minecraft) Ambiguity between arguments [teleport, targets] and [teleport, destination] with inputs: [Player, 0123, dd12be42-52a9-4a91-a8a1-11c01849e498]
[02:42:12] [main/WARN] (Minecraft) Ambiguity between arguments [teleport, targets, location] and [teleport, targets, destination] with inputs: [0.1 -0.5 .9, 0 0 0]
[02:42:12] [main/INFO] (Minecraft) Reloading ResourceManager: Default, Fabric Networking Block Entity (v0), Fabric Key Binding API (v1), Fabric Events Interaction (v0), Fabric Rendering (v0), Fabric Resource Loader (v0), Fabric Renderer Registries (v1), Fabric Rendering Data Attachment (v1), Fabric Game Rule API (v1), Fabric Mining Levels (v0), Fabric Object Builders (v0), Fabric Item API (v1), Fabric BlockRenderLayer Registration (v1), Fabric Object Builder API (v1), Tungsten, Fabric Containers (v0), Fabric Renderer API (v1), Fabric Registry Sync (v0), Fabric Events Lifecycle (v0), Fabric Rendering Fluids (v1), Fabric Renderer - Indigo, Fabric Tag Extensions (v0), Fabric Rendering (v1), Fabric Crash Report Info (v1), Fabric Loot Tables (v1), Fabric Screen Handler API (v1), Fabric API, Fabric Loader, Fabric Tool Attribute API (v1), Fabric Biomes (v1), Alto Clef, Fabric Models (v0), Fabric Networking (v0), Fabric API Base, Fabric Item Groups (v0), Fabric Content Registries (v0), Fabric Textures (v0), Fabric Key Bindings (v0), Fabric Lifecycle Events (v1), Fabric Tool Attribute API (v1)
[02:42:14] [main/INFO] (Minecraft) Loaded 7 recipes
[02:42:15] [main/INFO] (Minecraft) Loaded 927 advancements
[02:42:16] [main/INFO] (Minecraft) Environment: authHost='https://authserver.mojang.com', accountsHost='https://api.mojang.com', sessionHost='https://sessionserver.mojang.com', name='PROD'
[02:42:17] [Server thread/INFO] (Minecraft) Starting integrated minecraft server version 1.16.1
[02:42:17] [Server thread/INFO] (Minecraft) Generating keypair
[02:42:21] [Server thread/INFO] (Minecraft) Preparing start region for dimension minecraft:overworld
[02:42:21] [main/INFO] (Minecraft) Preparing spawn area: 0%
[02:42:22] [main/INFO] (Minecraft) Preparing spawn area: 0%
[02:42:22] [main/INFO] (Minecraft) Preparing spawn area: 1%
[02:42:23] [main/INFO] (Minecraft) Preparing spawn area: 4%
[02:42:23] [main/INFO] (Minecraft) Preparing spawn area: 5%
[02:42:24] [main/INFO] (Minecraft) Preparing spawn area: 9%
[02:42:24] [main/INFO] (Minecraft) Preparing spawn area: 12%
[02:42:25] [main/INFO] (Minecraft) Preparing spawn area: 15%
[02:42:25] [main/INFO] (Minecraft) Preparing spawn area: 19%
[02:42:26] [main/INFO] (Minecraft) Preparing spawn area: 22%
[02:42:26] [main/INFO] (Minecraft) Preparing spawn area: 26%
[02:42:27] [main/INFO] (Minecraft) Preparing spawn area: 29%
[02:42:27] [main/INFO] (Minecraft) Preparing spawn area: 29%
[02:42:28] [main/INFO] (Minecraft) Preparing spawn area: 35%
[02:42:28] [main/INFO] (Minecraft) Preparing spawn area: 39%
[02:42:29] [main/INFO] (Minecraft) Preparing spawn area: 44%
[02:42:30] [main/INFO] (Minecraft) Preparing spawn area: 48%
[02:42:30] [main/INFO] (Minecraft) Preparing spawn area: 54%
[02:42:30] [main/INFO] (Minecraft) Preparing spawn area: 59%
[02:42:31] [main/INFO] (Minecraft) Preparing spawn area: 65%
[02:42:31] [main/INFO] (Minecraft) Preparing spawn area: 70%
[02:42:32] [main/INFO] (Minecraft) Preparing spawn area: 75%
[02:42:32] [main/INFO] (Minecraft) Preparing spawn area: 83%
[02:42:33] [main/INFO] (Minecraft) Preparing spawn area: 86%
[02:42:33] [main/INFO] (Minecraft) Preparing spawn area: 93%
[02:42:34] [main/INFO] (Minecraft) Preparing spawn area: 99%
[02:42:34] [main/INFO] (Minecraft) Time elapsed: 12503 ms
[02:42:34] [Server thread/INFO] (Minecraft) Changing view distance to 11, from 10
[02:42:35] [main/INFO] (Minecraft) [STDOUT]: TENORCLEF: HARNESS: AUTOWORLD: create call returned — waiting for join
[02:42:35] [Server thread/INFO] (Minecraft) Player369[local:E:802d974f] logged in with entity id 109 at (199.5, 67.0, 128.5)
[02:42:35] [main/INFO] (Minecraft) OpenAL initialized.
[02:42:35] [main/INFO] (Minecraft) Sound engine started
[02:42:35] [Server thread/INFO] (Minecraft) Player369 joined the game
[02:42:35] [main/INFO] (Minecraft) Created: 1024x1024x4 minecraft:textures/atlas/blocks.png-atlas
[02:42:36] [main/INFO] (Minecraft) Created: 256x128x4 minecraft:textures/atlas/signs.png-atlas
[02:42:36] [main/INFO] (Minecraft) Created: 1024x512x4 minecraft:textures/atlas/banner_patterns.png-atlas
[02:42:36] [main/INFO] (Minecraft) Created: 1024x512x4 minecraft:textures/atlas/shield_patterns.png-atlas
[02:42:36] [main/INFO] (Minecraft) Created: 256x256x4 minecraft:textures/atlas/chest.png-atlas
[02:42:36] [main/INFO] (Minecraft) Created: 512x256x4 minecraft:textures/atlas/beds.png-atlas
[02:42:36] [main/INFO] (Minecraft) Created: 512x256x4 minecraft:textures/atlas/shulker_boxes.png-atlas
[02:42:37] [main/INFO] (Minecraft) Created: 256x256x0 minecraft:textures/atlas/particles.png-atlas
[02:42:37] [main/INFO] (Minecraft) Created: 256x256x0 minecraft:textures/atlas/paintings.png-atlas
[02:42:37] [main/INFO] (Minecraft) Created: 256x128x0 minecraft:textures/atlas/mob_effects.png-atlas
[02:42:37] [main/INFO] (Minecraft) [STDOUT]: Baritone world data dir: C:\Users\redfa\Documents\MinecraftDev\altoclef\versions\1.16.1\run\saves\AutoRun_20260924_024210\.\baritone
[02:42:37] [main/INFO] (Minecraft) [STDOUT]: Cached world directory: C:\Users\redfa\Documents\MinecraftDev\altoclef\versions\1.16.1\run\saves\AutoRun_20260924_024210\.\baritone\cache
[02:42:37] [main/INFO] (Minecraft) [STDOUT]: Would save waypoints to C:\Users\redfa\Documents\MinecraftDev\altoclef\versions\1.16.1\run\saves\AutoRun_20260924_024210\.\baritone\waypoints
[02:42:37] [Server thread/INFO] (Minecraft) Saving and pausing game...
[02:42:37] [Server thread/INFO] (Minecraft) Saving chunks for level 'ServerLevel[AutoRun_20260924_024210]'/minecraft:overworld
[02:42:38] [main/INFO] (Minecraft) Loaded 0 advancements
[02:42:38] [main/INFO] (Minecraft) [STDOUT]: TENORCLEF: HARNESS: AUTORUN: armed 'testrun2' (firing in 5s)
[02:42:39] [Server thread/INFO] (Minecraft) Saving chunks for level 'ServerLevel[AutoRun_20260924_024210]'/minecraft:the_nether
[02:42:39] [Server thread/INFO] (Minecraft) Saving chunks for level 'ServerLevel[AutoRun_20260924_024210]'/minecraft:the_end
[02:42:42] [main/INFO] (Minecraft) [STDOUT]: TENORCLEF: HARNESS: AUTORUN: executing 'testrun2'
[02:42:42] [main/INFO] (Minecraft) [CHAT] §2§l§o[TenorClef] §rAUTORUN: executing 'testrun2'
[02:42:42] [main/INFO] (Minecraft) [CHAT] §2§l§o[TenorClef] §rTESRUN2 start — @stop to cancel
[02:42:42] [main/INFO] (Minecraft) [CHAT] §2§l§o[TenorClef] §rUser Task Set: <testrun2/BOOTSTRAP> 
[02:42:42] [main/INFO] (Minecraft) [CHAT] §2§l§o[TenorClef] §rTESRUN2 clock 0:00.0
[02:42:42] [main/INFO] (Minecraft) [CHAT] §2§l§o[TenorClef] §rTungstenBridge: kaptainwutax.tungsten bound
[02:42:42] [main/INFO] (Minecraft) [CHAT] §2§l§o[TenorClef] §rTESRUN2 start Tungsten backend: AVAILABLE (kaptainwutax.tungsten bound; mover=BARITONE) eyes=12 rods=6 skipDiamond=true
[02:42:42] [main/INFO] (Minecraft) [CHAT] §2§l§o[TenorClef] §rT2 [HIST] 0:00.0 PHASE  -> BOOTSTRAP
[02:42:42] [main/INFO] (Minecraft) [CHAT] §2§l§o[TenorClef] §rT2 [HIST] 0:00.0 DIM  -> OVERWORLD at 199,67,128
[02:42:42] [main/INFO] (Minecraft) [CHAT] §2§l§o[TenorClef] §rT2 [HIST] 0:00.0 CHILD  -> - ph=BOOTSTRAP @199,67,128 sky=14 wet=false ground=true pick=0 buck=0 iron=0 ore=0 rods=0 pearls=0 eyes=0
[02:42:42] [main/INFO] (Minecraft) [CHAT] §2§l§o[TenorClef] §rT2 [HIST] 0:00.0 WHY wood: mine 1.16 logs only (no air)
[02:42:42] [main/INFO] (Minecraft) [CHAT] §2§l§o[TenorClef] §rT2 [HIST] 0:00.0 CHILD - -> MineAndCollectTask ph=BOOTSTRAP @199,67,128 sky=14 wet=false ground=true pick=0 buck=0 iron=0 ore=0 rods=0 pearls=0 eyes=0
[02:42:42] [main/INFO] (Minecraft) [STDOUT]: ALTO CLEF: WARNING: T2 [S176] one client tick took 34849ms (limit 8000ms) — BOOTSTRAP @199,67,128 child=MineAndCollectTask
[02:42:42] [main/INFO] (Minecraft) [CHAT] §2§l§o[TenorClef] §cT2 [S176] one client tick took 34849ms (limit 8000ms) — BOOTSTRAP @199,67,128 child=MineAndCollectTask§r
[02:42:42] [main/INFO] (Minecraft) [CHAT] §2§l§o[TenorClef] §rT2 [HIST] 0:00.0 FORCE S176 one client tick took 34849ms (limit 8000ms) — BOOTSTRAP @199,67,128 child=MineAndCollectTask
[02:42:42] [main/INFO] (Minecraft) [STDOUT]: TENORCLEF: HARNESS: DEADMAN: watchdog started (warn 30s, fatal 120s, worst-tick limit 8s)
[02:42:43] [main/INFO] (Minecraft) [CHAT] §2§l§o[TenorClef] §rT2 [NOW] t=0:00.9 ph=BOOTSTRAP @199,67,128 do=<Mine And Collect: [[oak_log,birch_log,spruce_log,jungle_log,acacia_log,dark_oak_log] x 2]>  eq=air woodpick=0 stonepick=0 pick=0 iron=0 buck=0
[02:42:44] [main/INFO] (Minecraft) [CHAT] §2§l§o[TenorClef] §rT2 [NOW] t=0:01.8 ph=BOOTSTRAP @199,67,128 do=<Mine And Collect: [[oak_log,birch_log,spruce_log,jungle_log,acacia_log,dark_oak_log] x 2]>  eq=air woodpick=0 stonepick=0 pick=0 iron=0 buck=0
[02:42:45] [main/INFO] (Minecraft) [CHAT] §2§l§o[TenorClef] §rT2 [HIST] 0:02.3 SNAP ph=BOOTSTRAP @199,67,128 sky=14 wet=false ground=true pick=0 buck=0 iron=0 ore=0 rods=0 pearls=0 eyes=0 child=MineAndCollectTask dbg=<Mine And Collect: [[oak_log,birch_log,spruce_log,jungle_log,acacia_log,dark_oak_log] x 2]>  mobs=none
[02:42:45] [main/INFO] (Minecraft) [CHAT] §2§l§o[TenorClef] §rT2 [NOW] t=0:02.8 ph=BOOTSTRAP @199,67,128 do=<Mine And Collect: [[oak_log,birch_log,spruce_log,jungle_log,acacia_log,dark_oak_log] x 2]>  eq=air woodpick=0 stonepick=0 pick=0 iron=0 buck=0
[02:42:46] [main/INFO] (Minecraft) [CHAT] §2§l§o[TenorClef] §rT2 [NOW] t=0:03.8 ph=BOOTSTRAP @199,67,128 do=<Mine And Collect: [[oak_log,birch_log,spruce_log,jungle_log,acacia_log,dark_oak_log] x 2]>  eq=air woodpick=0 stonepick=0 pick=0 iron=0 buck=0
[02:42:46] [main/INFO] (Minecraft) [CHAT] §2§l§o[TenorClef] §rT2 [HIST] 0:04.0 WHY wood: mine 1.16 logs only (no air)
[02:42:47] [main/INFO] (Minecraft) [CHAT] §2§l§o[TenorClef] §rT2 [NOW] t=0:04.8 ph=BOOTSTRAP @199,67,129 do=<Mine And Collect: [[oak_log,birch_log,spruce_log,jungle_log,acacia_log,dark_oak_log] x 2]>  eq=air woodpick=0 stonepick=0 pick=0 iron=0 buck=0
[02:42:47] [main/INFO] (Minecraft) [CHAT] §2§l§o[TenorClef] §rT2 [HIST] 0:04.8 SNAP ph=BOOTSTRAP @199,67,129 sky=13 wet=false ground=true pick=0 buck=0 iron=0 ore=0 rods=0 pearls=0 eyes=0 child=MineAndCollectTask dbg=<Mine And Collect: [[oak_log,birch_log,spruce_log,jungle_log,acacia_log,dark_oak_log] x 2]>  mobs=none
[02:42:48] [main/INFO] (Minecraft) [CHAT] §2§l§o[TenorClef] §rT2 [NOW] t=0:05.8 ph=BOOTSTRAP @199,67,129 do=<Mine And Collect: [[oak_log,birch_log,spruce_log,jungle_log,acacia_log,dark_oak_log] x 2]>  eq=air woodpick=0 stonepick=0 pick=0 iron=0 buck=0
[02:42:49] [main/INFO] (Minecraft) [CHAT] §2§l§o[TenorClef] §rT2 [NOW] t=0:06.8 ph=BOOTSTRAP @199,67,129 do=<Mine And Collect: [[oak_log,birch_log,spruce_log,jungle_log,acacia_log,dark_oak_log] x 2]>  eq=air woodpick=0 stonepick=0 pick=0 iron=0 buck=0
[02:42:50] [main/INFO] (Minecraft) [CHAT] §2§l§o[TenorClef] §rT2 [HIST] 0:07.3 CHILD MineAndCollectTask -> CraftInInventoryTask ph=BOOTSTRAP @198,68,129 sky=13 wet=false ground=true pick=0 buck=0 iron=0 ore=0 rods=0 pearls=0 eyes=0
[02:42:50] [main/INFO] (Minecraft) [CHAT] §2§l§o[TenorClef] §rT2 [HIST] 0:07.3 SNAP ph=BOOTSTRAP @198,68,129 sky=13 wet=false ground=true pick=0 buck=0 iron=0 ore=0 rods=0 pearls=0 eyes=0 child=CraftInInventoryTask dbg=<Craft 2x2 Task Recipe{crafting_table}: [[crafting_table]]>  mobs=none
[02:42:50] [main/INFO] (Minecraft) Loaded 4 advancements
[02:42:50] [main/INFO] (Minecraft) [CHAT] §2§l§o[TenorClef] §rT2 [NOW] t=0:07.8 ph=BOOTSTRAP @198,68,130 do=<Craft 2x2 Task Recipe{crafting_table}: [[crafting_table]]> Crafting in inventory... for [crafting_table] eq=air woodpick=0 stonepick=0 pick=0 iron=0 buck=0
[02:42:50] [main/INFO] (Minecraft) Loaded 16 advancements
[02:42:51] [main/INFO] (Minecraft) [CHAT] §2§l§o[TenorClef] §rT2 [NOW] t=0:08.8 ph=BOOTSTRAP @198,68,130 do=<Craft 2x2 Task Recipe{crafting_table}: [[crafting_table]]> Crafting in inventory... for [crafting_table] eq=air woodpick=0 stonepick=0 pick=0 iron=0 buck=0
[02:42:51] [main/INFO] (Minecraft) Loaded 19 advancements
[02:42:51] [main/INFO] (Minecraft) [CHAT] §2§l§o[TenorClef] §rT2 [HIST] 0:08.9 WHY bootstrap: table exists — wooden pick, not more logs
[02:42:51] [main/INFO] (Minecraft) [CHAT] §2§l§o[TenorClef] §rT2 [HIST] 0:08.9 CHILD CraftInInventoryTask -> CraftInTableTask ph=BOOTSTRAP @198,68,130 sky=12 wet=false ground=true pick=0 buck=0 iron=0 ore=0 rods=0 pearls=0 eyes=0
[02:42:52] [main/INFO] (Minecraft) [CHAT] §2§l§o[TenorClef] §rT2 [NOW] t=0:09.8 ph=BOOTSTRAP @198,68,130 do=<Doing stuff in crafting_table container: [[wooden_pickaxe]]>  eq=air woodpick=0 stonepick=0 pick=0 iron=0 buck=0
[02:42:52] [main/INFO] (Minecraft) [CHAT] §2§l§o[TenorClef] §rT2 [HIST] 0:09.8 SNAP ph=BOOTSTRAP @198,68,130 sky=12 wet=false ground=true pick=0 buck=0 iron=0 ore=0 rods=0 pearls=0 eyes=0 child=CraftInTableTask dbg=<Doing stuff in crafting_table container: [[wooden_pickaxe]]>  mobs=none
[02:42:53] [main/INFO] (Minecraft) Loaded 28 advancements
[02:42:53] [main/INFO] (Minecraft) [CHAT] §2§l§o[TenorClef] §rT2 [NOW] t=0:10.8 ph=BOOTSTRAP @198,68,130 do=<Doing stuff in crafting_table container: [[wooden_pickaxe]]>  eq=air woodpick=0 stonepick=0 pick=0 iron=0 buck=0
[02:42:54] [main/INFO] (Minecraft) [CHAT] §2§l§o[TenorClef] §rT2 [NOW] t=0:11.8 ph=BOOTSTRAP @198,68,130 do=<Doing stuff in crafting_table container: [[wooden_pickaxe]]>  eq=air woodpick=0 stonepick=0 pick=0 iron=0 buck=0
[02:42:55] [main/INFO] (Minecraft) [CHAT] §2§l§o[TenorClef] §rT2 [HIST] 0:12.3 SNAP ph=BOOTSTRAP @198,68,130 sky=12 wet=false ground=true pick=0 buck=0 iron=0 ore=0 rods=0 pearls=0 eyes=0 child=CraftInTableTask dbg=<Doing stuff in crafting_table container: [[wooden_pickaxe]]>  mobs=none
[02:42:55] [main/INFO] (Minecraft) [CHAT] §2§l§o[TenorClef] §rT2 [NOW] t=0:12.8 ph=BOOTSTRAP @198,68,130 do=<Doing stuff in crafting_table container: [[wooden_pickaxe]]>  eq=air woodpick=0 stonepick=0 pick=0 iron=0 buck=0
[02:42:56] [main/INFO] (Minecraft) [CHAT] §2§l§o[TenorClef] §rT2 [NOW] t=0:13.8 ph=BOOTSTRAP @198,68,130 do=<Doing stuff in crafting_table container: [[wooden_pickaxe]]>  eq=air woodpick=0 stonepick=0 pick=0 iron=0 buck=0
[02:42:57] [main/INFO] (Minecraft) [CHAT] §2§l§o[TenorClef] §rT2 [NOW] t=0:14.8 ph=BOOTSTRAP @198,68,130 do=<Doing stuff in crafting_table container: [[wooden_pickaxe]]>  eq=air woodpick=0 stonepick=0 pick=0 iron=0 buck=0
[02:42:57] [main/INFO] (Minecraft) [CHAT] §2§l§o[TenorClef] §rT2 [HIST] 0:14.8 SNAP ph=BOOTSTRAP @198,68,130 sky=12 wet=false ground=true pick=0 buck=0 iron=0 ore=0 rods=0 pearls=0 eyes=0 child=CraftInTableTask dbg=<Doing stuff in crafting_table container: [[wooden_pickaxe]]>  mobs=none
[02:42:58] [main/INFO] (Minecraft) [CHAT] §2§l§o[TenorClef] §rT2 [NOW] t=0:15.8 ph=BOOTSTRAP @199,68,130 do=<Doing stuff in crafting_table container: [[wooden_pickaxe]]>  eq=air woodpick=0 stonepick=0 pick=0 iron=0 buck=0
[02:42:59] [main/INFO] (Minecraft) [CHAT] §2§l§o[TenorClef] §rT2 [NOW] t=0:16.8 ph=BOOTSTRAP @199,68,130 do=<Doing stuff in crafting_table container: [[wooden_pickaxe]]>  eq=air woodpick=0 stonepick=0 pick=0 iron=0 buck=0
[02:43:00] [main/INFO] (Minecraft) [CHAT] §2§l§o[TenorClef] §rT2 [HIST] 0:17.3 SNAP ph=BOOTSTRAP @199,68,130 sky=13 wet=false ground=true pick=0 buck=0 iron=0 ore=0 rods=0 pearls=0 eyes=0 child=CraftInTableTask dbg=<Doing stuff in crafting_table container: [[wooden_pickaxe]]>  mobs=none
[02:43:00] [main/INFO] (Minecraft) [CHAT] §2§l§o[TenorClef] §rT2 [NOW] t=0:17.8 ph=BOOTSTRAP @199,68,130 do=<Doing stuff in crafting_table container: [[wooden_pickaxe]]>  eq=air woodpick=0 stonepick=0 pick=0 iron=0 buck=0
[02:43:01] [main/INFO] (Minecraft) [CHAT] §2§l§o[TenorClef] §rT2 [NOW] t=0:18.8 ph=BOOTSTRAP @199,68,130 do=<Doing stuff in crafting_table container: [[wooden_pickaxe]]>  eq=air woodpick=0 stonepick=0 pick=0 iron=0 buck=0
[02:43:02] [main/INFO] (Minecraft) [CHAT] §2§l§o[TenorClef] §rT2 [NOW] t=0:19.8 ph=BOOTSTRAP @199,68,130 do=<Doing stuff in crafting_table container: [[wooden_pickaxe]]>  eq=air woodpick=0 stonepick=0 pick=0 iron=0 buck=0
[02:43:02] [main/INFO] (Minecraft) [CHAT] §2§l§o[TenorClef] §rTESRUN2 spawn biome=TaigaBiome trees~=4 villageHint=false rpHint=true surfaceLava=0 vDist=unseen rpDist=59  playable
[02:43:02] [main/INFO] (Minecraft) [STDOUT]: ALTO CLEF: WARNING: T2 [S159] spawn ACCEPTED biome=TaigaBiome village=false rp=true vDist=unseen rpDist=59 @199,68,130 probes=0 t=0:19.9
[02:43:02] [main/INFO] (Minecraft) [CHAT] §2§l§o[TenorClef] §cT2 [S159] spawn ACCEPTED biome=TaigaBiome village=false rp=true vDist=unseen rpDist=59 @199,68,130 probes=0 t=0:19.9§r
[02:43:02] [main/INFO] (Minecraft) [CHAT] §2§l§o[TenorClef] §rT2 [HIST] 0:19.9 FORCE S159 spawn ACCEPTED biome=TaigaBiome village=false rp=true vDist=unseen rpDist=59 @199,68,130 probes=0 t=0:19.9
[02:43:02] [main/INFO] (Minecraft) [CHAT] §2§l§o[TenorClef] §rT2 [HIST] 0:19.9 WHY bootstrap: table exists — wooden pick, not more logs
[02:43:02] [main/INFO] (Minecraft) [CHAT] §2§l§o[TenorClef] §rT2 [HIST] 0:19.9 SNAP ph=BOOTSTRAP @199,68,130 sky=13 wet=false ground=true pick=0 buck=0 iron=0 ore=0 rods=0 pearls=0 eyes=0 child=CraftInTableTask dbg=<Doing stuff in crafting_table container: [[wooden_pickaxe]]>  mobs=none
[02:43:03] [main/INFO] (Minecraft) [CHAT] §2§l§o[TenorClef] §rT2 [NOW] t=0:20.8 ph=BOOTSTRAP @199,68,130 do=<Doing stuff in crafting_table container: [[wooden_pickaxe]]>  eq=air woodpick=0 stonepick=0 pick=0 iron=0 buck=0
[02:43:04] [main/INFO] (Minecraft) [CHAT] §2§l§o[TenorClef] §rT2 [NOW] t=0:21.8 ph=BOOTSTRAP @199,68,130 do=<Doing stuff in crafting_table container: [[wooden_pickaxe]]>  eq=air woodpick=0 stonepick=0 pick=0 iron=0 buck=0
[02:43:05] [main/INFO] (Minecraft) [CHAT] §2§l§o[TenorClef] §rT2 [HIST] 0:22.3 SNAP ph=BOOTSTRAP @199,68,130 sky=13 wet=false ground=true pick=0 buck=0 iron=0 ore=0 rods=0 pearls=0 eyes=0 child=CraftInTableTask dbg=<Doing stuff in crafting_table container: [[wooden_pickaxe]]>  mobs=none
[02:43:05] [main/INFO] (Minecraft) [CHAT] §2§l§o[TenorClef] §rT2 [NOW] t=0:22.8 ph=BOOTSTRAP @199,68,130 do=<Doing stuff in crafting_table container: [[wooden_pickaxe]]>  eq=air woodpick=0 stonepick=0 pick=0 iron=0 buck=0
[02:43:06] [main/INFO] (Minecraft) [CHAT] §2§l§o[TenorClef] §rT2 [NOW] t=0:23.8 ph=BOOTSTRAP @199,68,130 do=<Doing stuff in crafting_table container: [[wooden_pickaxe]]>  eq=air woodpick=0 stonepick=0 pick=0 iron=0 buck=0
[02:43:07] [pool-5-thread-2/INFO] (Minecraft) [STDOUT]: Saving region 0,-1 to disk C:\Users\redfa\Documents\MinecraftDev\altoclef\versions\1.16.1\run\saves\AutoRun_20260924_024210\.\baritone\cache
[02:43:07] [ForkJoinPool.commonPool-worker-1/INFO] (Minecraft) [STDOUT]: Saving region 0,0 to disk C:\Users\redfa\Documents\MinecraftDev\altoclef\versions\1.16.1\run\saves\AutoRun_20260924_024210\.\baritone\cache
[02:43:07] [pool-5-thread-2/INFO] (Minecraft) [STDOUT]: Saved region successfully
[02:43:07] [ForkJoinPool.commonPool-worker-1/INFO] (Minecraft) [STDOUT]: Saved region successfully
[02:43:07] [pool-5-thread-2/INFO] (Minecraft) [STDOUT]: World save took 150ms
[02:43:07] [main/INFO] (Minecraft) [CHAT] §2§l§o[TenorClef] §rT2 [NOW] t=0:24.8 ph=BOOTSTRAP @199,68,130 do=<Doing stuff in crafting_table container: [[wooden_pickaxe]]>  eq=air woodpick=0 stonepick=0 pick=0 iron=0 buck=0
[02:43:07] [main/INFO] (Minecraft) [CHAT] §2§l§o[TenorClef] §rT2 [HIST] 0:24.8 SNAP ph=BOOTSTRAP @199,68,130 sky=13 wet=false ground=true pick=0 buck=0 iron=0 ore=0 rods=0 pearls=0 eyes=0 child=CraftInTableTask dbg=<Doing stuff in crafting_table container: [[wooden_pickaxe]]>  mobs=none
[02:43:08] [main/INFO] (Minecraft) [CHAT] §2§l§o[TenorClef] §rT2 [NOW] t=0:25.8 ph=BOOTSTRAP @199,68,131 do=<Doing stuff in crafting_table container: [[wooden_pickaxe]]>  eq=air woodpick=0 stonepick=0 pick=0 iron=0 buck=0
[02:43:08] [main/INFO] (Minecraft) [CHAT] §2§l§o[TenorClef] §rRefreshed inventory...
[02:43:09] [main/INFO] (Minecraft) [CHAT] §2§l§o[TenorClef] §rPRESSED
[02:43:09] [main/INFO] (Minecraft) [CHAT] §2§l§o[TenorClef] §rT2 [NOW] t=0:26.8 ph=BOOTSTRAP @199,68,131 do=<Doing stuff in crafting_table container: [[wooden_pickaxe]]>  eq=air woodpick=0 stonepick=0 pick=0 iron=0 buck=0
[02:43:10] [main/INFO] (Minecraft) [CHAT] §2§l§o[TenorClef] §rT2 [HIST] 0:27.3 SNAP ph=BOOTSTRAP @199,68,131 sky=12 wet=false ground=true pick=0 buck=0 iron=0 ore=0 rods=0 pearls=0 eyes=0 child=CraftInTableTask dbg=<Doing stuff in crafting_table container: [[wooden_pickaxe]]>  mobs=none
[02:43:10] [main/INFO] (Minecraft) [CHAT] §2§l§o[TenorClef] §rT2 [I01] BOOTSTRAP -> IRON t=0:27.5
[02:43:10] [main/INFO] (Minecraft) [CHAT] §2§l§o[TenorClef] §rTESRUN2 split IRON  0:27.5
[02:43:10] [main/INFO] (Minecraft) [STDOUT]: ALTO CLEF: WARNING: T2 [S146] iron target locked want=8 at ingot=0 ore=0 metal=0
[02:43:10] [main/INFO] (Minecraft) [CHAT] §2§l§o[TenorClef] §cT2 [S146] iron target locked want=8 at ingot=0 ore=0 metal=0§r
[02:43:10] [main/INFO] (Minecraft) [CHAT] §2§l§o[TenorClef] §rT2 [HIST] 0:27.5 FORCE S146 iron target locked want=8 at ingot=0 ore=0 metal=0
[02:43:10] [main/INFO] (Minecraft) [CHAT] §2§l§o[TenorClef] §rT2 [HIST] 0:27.5 WHY iron: smelt 8 in one furnace
[02:43:10] [main/INFO] (Minecraft) [CHAT] §2§l§o[TenorClef] §rT2 [HIST] 0:27.5 PHASE BOOTSTRAP -> IRON
[02:43:10] [main/INFO] (Minecraft) [CHAT] §2§l§o[TenorClef] §rT2 [HIST] 0:27.5 CHILD CraftInTableTask -> CollectIronIngotTask ph=IRON @199,68,131 sky=12 wet=false ground=true pick=0 buck=0 iron=0 ore=0 rods=0 pearls=0 eyes=0
[02:43:10] [main/INFO] (Minecraft) [STDOUT]: ALTO CLEF: WARNING: T2 [E109] mine/collect with no pick child=CollectIronIngotTask
[02:43:10] [main/INFO] (Minecraft) [CHAT] §2§l§o[TenorClef] §cT2 [E109] mine/collect with no pick child=CollectIronIngotTask§r
[02:43:10] [main/INFO] (Minecraft) [CHAT] §2§l§o[TenorClef] §rT2 [HIST] 0:27.7 [E109] mine/collect with no pick child=CollectIronIngotTask
[02:43:10] [main/INFO] (Minecraft) [CHAT] §2§l§o[TenorClef] §rT2 [NOW] t=0:27.8 ph=IRON @199,69,131 do=<Collecting 8 iron.: [[iron_ingot] x 8]>  eq=stick woodpick=0 stonepick=0 pick=0 iron=0 buck=0
[02:43:11] [main/INFO] (Minecraft) [CHAT] §2§l§o[TenorClef] §rTESRUN2 split BOOTSTRAP  0:28.5
[02:43:11] [main/INFO] (Minecraft) [CHAT] §2§l§o[TenorClef] §rT2 [HIST] 0:28.5 WHY bootstrap: table exists — wooden pick, not more logs
[02:43:11] [main/INFO] (Minecraft) [CHAT] §2§l§o[TenorClef] §rT2 [HIST] 0:28.5 PHASE IRON -> BOOTSTRAP
[02:43:11] [main/INFO] (Minecraft) [CHAT] §2§l§o[TenorClef] §rT2 [HIST] 0:28.5 CHILD CollectIronIngotTask -> CraftInTableTask ph=BOOTSTRAP @199,69,131 sky=12 wet=false ground=true pick=0 buck=0 iron=0 ore=0 rods=0 pearls=0 eyes=0
[02:43:11] [main/INFO] (Minecraft) [STDOUT]: ALTO CLEF: WARNING: T2 [E112] ph IRON->BOOTSTRAP in 989ms
[02:43:11] [main/INFO] (Minecraft) [CHAT] §2§l§o[TenorClef] §cT2 [E112] ph IRON->BOOTSTRAP in 989ms§r
[02:43:11] [main/INFO] (Minecraft) [CHAT] §2§l§o[TenorClef] §rT2 [HIST] 0:28.6 [E112] ph IRON->BOOTSTRAP in 989ms
[02:43:11] [main/INFO] (Minecraft) [CHAT] §2§l§o[TenorClef] §rT2 [NOW] t=0:28.8 ph=BOOTSTRAP @197,69,131 do=<Doing stuff in crafting_table container: [[wooden_pickaxe]]> Picking up eq=stick woodpick=0 stonepick=0 pick=0 iron=0 buck=0
[02:43:12] [main/INFO] (Minecraft) [CHAT] §2§l§o[TenorClef] §rTESRUN2 split IRON  0:29.7
[02:43:12] [main/INFO] (Minecraft) [STDOUT]: ALTO CLEF: WARNING: T2 [S146] iron target locked want=8 at ingot=0 ore=0 metal=0
[02:43:12] [main/INFO] (Minecraft) [CHAT] §2§l§o[TenorClef] §cT2 [S146] iron target locked want=8 at ingot=0 ore=0 metal=0§r
[02:43:12] [main/INFO] (Minecraft) [CHAT] §2§l§o[TenorClef] §rT2 [HIST] 0:29.7 PHASE BOOTSTRAP -> IRON
[02:43:12] [main/INFO] (Minecraft) [CHAT] §2§l§o[TenorClef] §rT2 [HIST] 0:29.7 CHILD CraftInTableTask -> CollectIronIngotTask ph=IRON @197,69,131 sky=11 wet=false ground=true pick=0 buck=0 iron=0 ore=0 rods=0 pearls=0 eyes=0
[02:43:12] [main/INFO] (Minecraft) [CHAT] §2§l§o[TenorClef] §rT2 [HIST] 0:29.8 [E112] ph BOOTSTRAP->IRON in 1209ms
[02:43:12] [main/INFO] (Minecraft) [CHAT] §2§l§o[TenorClef] §rT2 [NOW] t=0:29.8 ph=IRON @197,69,131 do=<Collecting 8 iron.: [[iron_ingot] x 8]>  eq=spruce_planks woodpick=1 stonepick=0 pick=0 iron=0 buck=0
[02:43:12] [main/INFO] (Minecraft) [CHAT] §2§l§o[TenorClef] §rT2 [HIST] 0:29.8 SNAP ph=IRON @197,69,131 sky=11 wet=false ground=true pick=0 buck=0 iron=0 ore=0 rods=0 pearls=0 eyes=0 child=CollectIronIngotTask dbg=<Collecting 8 iron.: [[iron_ingot] x 8]>  mobs=none
[02:43:13] [main/INFO] (Minecraft) [CHAT] §2§l§o[TenorClef] §rT2 [NOW] t=0:30.8 ph=IRON @197,69,131 do=<Collecting 8 iron.: [[iron_ingot] x 8]>  eq=spruce_planks woodpick=1 stonepick=0 pick=0 iron=0 buck=0
[02:43:14] [main/INFO] (Minecraft) [CHAT] §2§l§o[TenorClef] §rT2 [HIST] 0:31.6 WHY iron: smelt 8 in one furnace
[02:43:14] [main/INFO] (Minecraft) [CHAT] §2§l§o[TenorClef] §rT2 [NOW] t=0:31.8 ph=IRON @196,69,131 do=<Collecting 8 iron.: [[iron_ingot] x 8]>  eq=spruce_planks woodpick=1 stonepick=0 pick=0 iron=0 buck=0
[02:43:15] [main/INFO] (Minecraft) [CHAT] §2§l§o[TenorClef] §rT2 [HIST] 0:32.3 SNAP ph=IRON @196,69,131 sky=10 wet=false ground=true pick=0 buck=0 iron=0 ore=0 rods=0 pearls=0 eyes=0 child=CollectIronIngotTask dbg=<Collecting 8 iron.: [[iron_ingot] x 8]>  mobs=none
[02:43:15] [main/INFO] (Minecraft) [CHAT] §2§l§o[TenorClef] §rT2 [NOW] t=0:32.8 ph=IRON @196,69,131 do=<Collecting 8 iron.: [[iron_ingot] x 8]>  eq=spruce_planks woodpick=1 stonepick=0 pick=0 iron=0 buck=0
[02:43:16] [main/INFO] (Minecraft) [CHAT] §2§l§o[TenorClef] §rT2 [NOW] t=0:33.8 ph=IRON @196,68,132 do=<Collecting 8 iron.: [[iron_ingot] x 8]>  eq=wooden_pickaxe woodpick=1 stonepick=0 pick=0 iron=0 buck=0
[02:43:17] [main/INFO] (Minecraft) [CHAT] §2§l§o[TenorClef] §rT2 [HB] t=0:34.7 ph=IRON y=68 child=CollectIronIngotTask logs=1 pick=0 woodpick=1
[02:43:17] [main/INFO] (Minecraft) [CHAT] §2§l§o[TenorClef] §rT2 [NOW] t=0:34.8 ph=IRON @196,68,132 do=<Collecting 8 iron.: [[iron_ingot] x 8]>  eq=spruce_planks woodpick=1 stonepick=0 pick=0 iron=0 buck=0
[02:43:17] [main/INFO] (Minecraft) [CHAT] §2§l§o[TenorClef] §rT2 [HIST] 0:34.8 SNAP ph=IRON @196,68,132 sky=10 wet=false ground=true pick=0 buck=0 iron=0 ore=0 rods=0 pearls=0 eyes=0 child=CollectIronIngotTask dbg=<Collecting 8 iron.: [[iron_ingot] x 8]>  mobs=none
[02:43:17] [main/INFO] (Minecraft) [STDOUT]: ALTO CLEF: WARNING: T2 [S130] START trigger=flips=3 ph=IRON prev=CollectIronIngotTask cycle=1 pos=196,67,132 walls=4/4/4 sky=9 place=7 boxed=true hold=false cool=0 ban=0 startY=67 step=0
[02:43:17] [main/INFO] (Minecraft) [CHAT] §2§l§o[TenorClef] §cT2 [S130] START trigger=flips=3 ph=IRON prev=CollectIronIngotTask cycle=1 pos=196,67,132 walls=4/4/4 sky=9 place=7 boxed=true hold=false cool=0 ban=0 startY=67 step=0§r
[02:43:17] [main/INFO] (Minecraft) [CHAT] §2§l§o[TenorClef] §rT2 [HIST] 0:34.9 FORCE S130 START trigger=flips=3 ph=IRON prev=CollectIronIngotTask cycle=1 pos=196,67,132 walls=4/4/4 sky=9 place=7 boxed=true hold=false cool=0 ban=0 startY=67 step=0
[02:43:17] [main/INFO] (Minecraft) [CHAT] §2§l§o[TenorClef] §rT2 [HIST] 0:34.9 PILLAR START flips=3 prev=CollectIronIngotTask
[02:43:17] [main/INFO] (Minecraft) [CHAT] §2§l§o[TenorClef] §rT2 [HIST] 0:34.9 SOLVE S130 pillar-out @196,67,132 ph=IRON flips=3
[02:43:17] [main/INFO] (Minecraft) [CHAT] §2§l§o[TenorClef] §rT2 [HIST] 0:34.9 CHILD CollectIronIngotTask -> HolePillarTask ph=IRON @196,67,132 sky=9 wet=false ground=false pick=0 buck=0 iron=0 ore=0 rods=0 pearls=0 eyes=0
[02:43:17] [main/INFO] (Minecraft) [STDOUT]: ALTO CLEF: WARNING: T2 [S130] tick y=67 slot=0 air=true pos=196,67,132 walls=4/4/4 sky=9 place=7 boxed=true hold=true cool=0 ban=0 startY=67 step=1
[02:43:17] [main/INFO] (Minecraft) [CHAT] §2§l§o[TenorClef] §cT2 [S130] tick y=67 slot=0 air=true pos=196,67,132 walls=4/4/4 sky=9 place=7 boxed=true hold=true cool=0 ban=0 startY=67 step=1§r
[02:43:17] [main/INFO] (Minecraft) [CHAT] §2§l§o[TenorClef] §rT2 [HIST] 0:34.9 FORCE S130 tick y=67 slot=0 air=true pos=196,67,132 walls=4/4/4 sky=9 place=7 boxed=true hold=true cool=0 ban=0 startY=67 step=1
[02:43:18] [main/INFO] (Minecraft) [CHAT] §2§l§o[TenorClef] §rT2 [NOW] t=0:35.8 ph=IRON @196,69,132 do=<T2 pillar-out>  eq=spruce_planks woodpick=1 stonepick=0 pick=0 iron=0 buck=0
[02:43:18] [main/INFO] (Minecraft) [STDOUT]: ALTO CLEF: WARNING: T2 [S130] tick y=69 slot=0 air=true pos=196,69,132 walls=3/1/4 sky=11 place=6 boxed=false hold=true cool=0 ban=0 startY=67 step=21
[02:43:18] [main/INFO] (Minecraft) [CHAT] §2§l§o[TenorClef] §cT2 [S130] tick y=69 slot=0 air=true pos=196,69,132 walls=3/1/4 sky=11 place=6 boxed=false hold=true cool=0 ban=0 startY=67 step=21§r
[02:43:18] [main/INFO] (Minecraft) [CHAT] §2§l§o[TenorClef] §rT2 [HIST] 0:35.9 FORCE S130 tick y=69 slot=0 air=true pos=196,69,132 walls=3/1/4 sky=11 place=6 boxed=false hold=true cool=0 ban=0 startY=67 step=21
[02:43:19] [main/INFO] (Minecraft) [CHAT] §2§l§o[TenorClef] §rT2 [NOW] t=0:36.8 ph=IRON @196,69,132 do=<T2 pillar-out>  eq=spruce_planks woodpick=1 stonepick=0 pick=0 iron=0 buck=0
[02:43:19] [main/INFO] (Minecraft) [STDOUT]: ALTO CLEF: WARNING: T2 [S130] tick y=69 slot=0 air=false pos=196,69,132 walls=3/1/4 sky=11 place=6 boxed=false hold=true cool=0 ban=0 startY=67 step=41
[02:43:19] [main/INFO] (Minecraft) [CHAT] §2§l§o[TenorClef] §cT2 [S130] tick y=69 slot=0 air=false pos=196,69,132 walls=3/1/4 sky=11 place=6 boxed=false hold=true cool=0 ban=0 startY=67 step=41§r
[02:43:19] [main/INFO] (Minecraft) [CHAT] §2§l§o[TenorClef] §rT2 [HIST] 0:36.9 FORCE S130 tick y=69 slot=0 air=false pos=196,69,132 walls=3/1/4 sky=11 place=6 boxed=false hold=true cool=0 ban=0 startY=67 step=41
[02:43:20] [main/INFO] (Minecraft) [STDOUT]: ALTO CLEF: WARNING: T2 [S133] cool arm ticks=240 reason=stuck-low step=50 y=69 startY=67 ban=196,69,132 pos=196,69,132 walls=3/1/4 sky=11 place=6 boxed=false hold=true cool=240 ban=240 startY=67 step=50
[02:43:20] [main/INFO] (Minecraft) [CHAT] §2§l§o[TenorClef] §cT2 [S133] cool arm ticks=240 reason=stuck-low step=50 y=69 startY=67 ban=196,69,132 pos=196,69,132 walls=3/1/4 sky=11 place=6 boxed=false hold=true cool=240 ban=240 startY=67 step=50§r
[02:43:20] [main/INFO] (Minecraft) [CHAT] §2§l§o[TenorClef] §rT2 [HIST] 0:37.4 FORCE S133 cool arm ticks=240 reason=stuck-low step=50 y=69 startY=67 ban=196,69,132 pos=196,69,132 walls=3/1/4 sky=11 place=6 boxed=false hold=true cool=240 ban=240 startY=67 step=50
[02:43:20] [main/INFO] (Minecraft) [STDOUT]: ALTO CLEF: WARNING: T2 [S136] END reason=stuck-low step=50 y=69 startY=67 roseReal=false giveUp=true pos=196,69,132 walls=3/1/4 sky=11 place=6 boxed=false hold=true cool=240 ban=240 startY=67 step=50
[02:43:20] [main/INFO] (Minecraft) [CHAT] §2§l§o[TenorClef] §cT2 [S136] END reason=stuck-low step=50 y=69 startY=67 roseReal=false giveUp=true pos=196,69,132 walls=3/1/4 sky=11 place=6 boxed=false hold=true cool=240 ban=240 startY=67 step=50§r
[02:43:20] [main/INFO] (Minecraft) [CHAT] §2§l§o[TenorClef] §rT2 [HIST] 0:37.4 FORCE S136 END reason=stuck-low step=50 y=69 startY=67 roseReal=false giveUp=true pos=196,69,132 walls=3/1/4 sky=11 place=6 boxed=false hold=true cool=240 ban=240 startY=67 step=50
[02:43:20] [main/INFO] (Minecraft) [CHAT] §2§l§o[TenorClef] §rT2 [HIST] 0:37.4 PILLAR END stuck-low step=50 y=69 startY=67
[02:43:20] [main/INFO] (Minecraft) [CHAT] §2§l§o[TenorClef] §rT2 [HIST] 0:37.5 WHY iron: smelt 8 in one furnace
[02:43:20] [main/INFO] (Minecraft) [STDOUT]: ALTO CLEF: WARNING: T2 [S136] stick drop pillar -> CollectIronIngotTask finished=true hold=false cool=239 end=stuck-low step=50 y=69 startY=67 pos=196,69,132 walls=3/1/4 sky=11 place=6 boxed=false hold=false cool=239 ban=239 startY=- step=0
[02:43:20] [main/INFO] (Minecraft) [CHAT] §2§l§o[TenorClef] §cT2 [S136] stick drop pillar -> CollectIronIngotTask finished=true hold=false cool=239 end=stuck-low step=50 y=69 startY=67 pos=196,69,132 walls=3/1/4 sky=11 place=6 boxed=false hold=false cool=239 ban=239 startY=- step=0§r
[02:43:20] [main/INFO] (Minecraft) [CHAT] §2§l§o[TenorClef] §rT2 [HIST] 0:37.5 FORCE S136 stick drop pillar -> CollectIronIngotTask finished=true hold=false cool=239 end=stuck-low step=50 y=69 startY=67 pos=196,69,132 walls=3/1/4 sky=11 place=6 boxed=false hold=false cool=239 ban=239 startY=- step=0
[02:43:20] [main/INFO] (Minecraft) [CHAT] §2§l§o[TenorClef] §rT2 [HIST] 0:37.5 CHILD HolePillarTask -> CollectIronIngotTask ph=IRON @196,69,132 sky=11 wet=false ground=true pick=0 buck=0 iron=0 ore=0 rods=0 pearls=0 eyes=0
[02:43:20] [main/INFO] (Minecraft) [STDOUT]: ALTO CLEF: WARNING: T2 [S136] onStop interrupt=CollectIronIngotTask finishWhy=givingUp cool=239 lastEnd=stuck-low step=50 y=69 startY=67 pos=196,69,132 walls=3/1/4 sky=11 place=6 boxed=false hold=false cool=239 ban=239 startY=- step=0
[02:43:20] [main/INFO] (Minecraft) [CHAT] §2§l§o[TenorClef] §cT2 [S136] onStop interrupt=CollectIronIngotTask finishWhy=givingUp cool=239 lastEnd=stuck-low step=50 y=69 startY=67 pos=196,69,132 walls=3/1/4 sky=11 place=6 boxed=false hold=false cool=239 ban=239 startY=- step=0§r
[02:43:20] [main/INFO] (Minecraft) [CHAT] §2§l§o[TenorClef] §rT2 [HIST] 0:37.5 FORCE S136 onStop interrupt=CollectIronIngotTask finishWhy=givingUp cool=239 lastEnd=stuck-low step=50 y=69 startY=67 pos=196,69,132 walls=3/1/4 sky=11 place=6 boxed=false hold=false cool=239 ban=239 startY=- step=0
[02:43:20] [main/INFO] (Minecraft) [CHAT] §2§l§o[TenorClef] §rMineAndCollect: equip item.minecraft.wooden_pickaxe for block.minecraft.stone
[02:43:20] [main/INFO] (Minecraft) [CHAT] §2§l§o[TenorClef] §rMineAndCollect: equip item.minecraft.wooden_pickaxe for block.minecraft.stone
[02:43:20] [main/INFO] (Minecraft) [STDOUT]: ALTO CLEF: WARNING: T2 [E100] jumps=14 @196,69,132 ph=IRON child=CollectIronIngotTask
[02:43:20] [main/INFO] (Minecraft) [CHAT] §2§l§o[TenorClef] §cT2 [E100] jumps=14 @196,69,132 ph=IRON child=CollectIronIngotTask§r
[02:43:20] [main/INFO] (Minecraft) [CHAT] §2§l§o[TenorClef] §rT2 [HIST] 0:37.7 [E100] jumps=14 @196,69,132 ph=IRON child=CollectIronIngotTask
[02:43:20] [main/INFO] (Minecraft) [CHAT] §2§l§o[TenorClef] §rMineAndCollect: equip item.minecraft.wooden_pickaxe for block.minecraft.stone
[02:43:20] [main/INFO] (Minecraft) [STDOUT]: ALTO CLEF: WARNING: T2 [S109] equip pick for mining (was holding spruce_planks)
[02:43:20] [main/INFO] (Minecraft) [CHAT] §2§l§o[TenorClef] §cT2 [S109] equip pick for mining (was holding spruce_planks)§r
[02:43:20] [main/INFO] (Minecraft) [CHAT] §2§l§o[TenorClef] §rT2 [HIST] 0:37.8 SOLVE S109 equip pick for mining (was holding spruce_planks)
[02:43:20] [main/INFO] (Minecraft) [CHAT] §2§l§o[TenorClef] §rT2 [NOW] t=0:37.8 ph=IRON @196,69,132 do=<Collecting 8 iron.: [[iron_ingot] x 8]>  eq=spruce_planks woodpick=1 stonepick=0 pick=0 iron=0 buck=0
[02:43:20] [main/INFO] (Minecraft) [CHAT] §2§l§o[TenorClef] §rMineAndCollect: equip item.minecraft.wooden_pickaxe for block.minecraft.stone
[02:43:20] [main/INFO] (Minecraft) [CHAT] §2§l§o[TenorClef] §rMineAndCollect: equip item.minecraft.wooden_pickaxe for block.minecraft.stone
[02:43:20] [main/INFO] (Minecraft) [CHAT] §2§l§o[TenorClef] §rMineAndCollect: equip item.minecraft.wooden_pickaxe for block.minecraft.stone
[02:43:21] [main/INFO] (Minecraft) [CHAT] §2§l§o[TenorClef] §rMineAndCollect: equip item.minecraft.wooden_pickaxe for block.minecraft.stone
[02:43:21] [main/INFO] (Minecraft) [CHAT] §2§l§o[TenorClef] §rMineAndCollect: equip item.minecraft.wooden_pickaxe for block.minecraft.stone
[02:43:21] [main/INFO] (Minecraft) [CHAT] §2§l§o[TenorClef] §rMineAndCollect: equip item.minecraft.wooden_pickaxe for block.minecraft.stone
[02:43:21] [main/INFO] (Minecraft) [CHAT] §2§l§o[TenorClef] §rMineAndCollect: equip item.minecraft.wooden_pickaxe for block.minecraft.stone
[02:43:21] [main/INFO] (Minecraft) [CHAT] §2§l§o[TenorClef] §rMineAndCollect: equip item.minecraft.wooden_pickaxe for block.minecraft.stone
[02:43:21] [main/INFO] (Minecraft) [CHAT] §2§l§o[TenorClef] §rT2 [HIST] 0:38.6 SNAP ph=IRON @196,69,132 sky=11 wet=false ground=true pick=0 buck=0 iron=0 ore=0 rods=0 pearls=0 eyes=0 child=CollectIronIngotTask dbg=<Collecting 8 iron.: [[iron_ingot] x 8]>  mobs=none
[02:43:21] [main/INFO] (Minecraft) [CHAT] §2§l§o[TenorClef] §rMineAndCollect: equip item.minecraft.wooden_pickaxe for block.minecraft.stone
[02:43:21] [main/INFO] (Minecraft) [CHAT] §2§l§o[TenorClef] §rMineAndCollect: equip item.minecraft.wooden_pickaxe for block.minecraft.stone
[02:43:21] [main/INFO] (Minecraft) [CHAT] §2§l§o[TenorClef] §rMineAndCollect: equip item.minecraft.wooden_pickaxe for block.minecraft.stone
[02:43:21] [main/INFO] (Minecraft) [CHAT] §2§l§o[TenorClef] §rT2 [NOW] t=0:38.8 ph=IRON @196,69,132 do=<Collecting 8 iron.: [[iron_ingot] x 8]>  eq=spruce_planks woodpick=1 stonepick=0 pick=0 iron=0 buck=0
[02:43:21] [main/INFO] (Minecraft) [CHAT] §2§l§o[TenorClef] §rMineAndCollect: equip item.minecraft.wooden_pickaxe for block.minecraft.stone
[02:43:21] [main/INFO] (Minecraft) [CHAT] §2§l§o[TenorClef] §rMineAndCollect: equip item.minecraft.wooden_pickaxe for block.minecraft.stone
[02:43:22] [main/INFO] (Minecraft) [CHAT] §2§l§o[TenorClef] §rMineAndCollect: equip item.minecraft.wooden_pickaxe for block.minecraft.stone
[02:43:22] [main/INFO] (Minecraft) [CHAT] §2§l§o[TenorClef] §rMineAndCollect: equip item.minecraft.wooden_pickaxe for block.minecraft.stone
[02:43:22] [main/INFO] (Minecraft) [CHAT] §2§l§o[TenorClef] §rMineAndCollect: equip item.minecraft.wooden_pickaxe for block.minecraft.stone
[02:43:22] [main/INFO] (Minecraft) [CHAT] §2§l§o[TenorClef] §rMineAndCollect: equip item.minecraft.wooden_pickaxe for block.minecraft.stone
[02:43:22] [main/INFO] (Minecraft) [CHAT] §2§l§o[TenorClef] §rMineAndCollect: equip item.minecraft.wooden_pickaxe for block.minecraft.stone
[02:43:22] [main/INFO] (Minecraft) [CHAT] §2§l§o[TenorClef] §rMineAndCollect: equip item.minecraft.wooden_pickaxe for block.minecraft.stone
[02:43:22] [main/INFO] (Minecraft) [CHAT] §2§l§o[TenorClef] §rMineAndCollect: equip item.minecraft.wooden_pickaxe for block.minecraft.stone
[02:43:22] [main/INFO] (Minecraft) [CHAT] §2§l§o[TenorClef] §rMineAndCollect: equip item.minecraft.wooden_pickaxe for block.minecraft.stone
[02:43:22] [main/INFO] (Minecraft) [CHAT] §2§l§o[TenorClef] §rT2 [NOW] t=0:39.8 ph=IRON @196,69,132 do=<Collecting 8 iron.: [[iron_ingot] x 8]>  eq=spruce_planks woodpick=1 stonepick=0 pick=0 iron=0 buck=0
[02:43:22] [main/INFO] (Minecraft) [CHAT] §2§l§o[TenorClef] §rMineAndCollect: equip item.minecraft.wooden_pickaxe for block.minecraft.stone
[02:43:22] [main/INFO] (Minecraft) [CHAT] §2§l§o[TenorClef] §rMineAndCollect: equip item.minecraft.wooden_pickaxe for block.minecraft.stone
[02:43:23] [main/INFO] (Minecraft) [CHAT] §2§l§o[TenorClef] §rMineAndCollect: equip item.minecraft.wooden_pickaxe for block.minecraft.stone
[02:43:23] [main/INFO] (Minecraft) [CHAT] §2§l§o[TenorClef] §rMineAndCollect: equip item.minecraft.wooden_pickaxe for block.minecraft.stone
[02:43:23] [main/INFO] (Minecraft) [CHAT] §2§l§o[TenorClef] §rMineAndCollect: equip item.minecraft.wooden_pickaxe for block.minecraft.stone
[02:43:23] [main/INFO] (Minecraft) [CHAT] §2§l§o[TenorClef] §rMineAndCollect: equip item.minecraft.wooden_pickaxe for block.minecraft.stone
[02:43:23] [main/INFO] (Minecraft) [CHAT] §2§l§o[TenorClef] §rMineAndCollect: equip item.minecraft.wooden_pickaxe for block.minecraft.stone
[02:43:23] [main/INFO] (Minecraft) [CHAT] §2§l§o[TenorClef] §rMineAndCollect: equip item.minecraft.wooden_pickaxe for block.minecraft.stone
[02:43:23] [main/INFO] (Minecraft) [CHAT] §2§l§o[TenorClef] §rMineAndCollect: equip item.minecraft.wooden_pickaxe for block.minecraft.stone
[02:43:23] [main/INFO] (Minecraft) [CHAT] §2§l§o[TenorClef] §rT2 [NOW] t=0:40.8 ph=IRON @196,69,132 do=<Collecting 8 iron.: [[iron_ingot] x 8]>  eq=spruce_planks woodpick=1 stonepick=0 pick=0 iron=0 buck=0
[02:43:23] [main/INFO] (Minecraft) [CHAT] §2§l§o[TenorClef] §rMineAndCollect: equip item.minecraft.wooden_pickaxe for block.minecraft.stone
[02:43:23] [main/INFO] (Minecraft) [CHAT] §2§l§o[TenorClef] §rT2 [HIST] 0:41.1 SNAP ph=IRON @195,69,132 sky=11 wet=false ground=true pick=0 buck=0 iron=0 ore=0 rods=0 pearls=0 eyes=0 child=CollectIronIngotTask dbg=<Collecting 8 iron.: [[iron_ingot] x 8]>  mobs=none
[02:43:24] [main/INFO] (Minecraft) [CHAT] §2§l§o[TenorClef] §rMineAndCollect: equip item.minecraft.wooden_pickaxe for block.minecraft.stone
[02:43:24] [main/INFO] (Minecraft) [CHAT] §2§l§o[TenorClef] §rT2 [HIST] 0:41.5 WHY iron: smelt 8 in one furnace
[02:43:24] [main/INFO] (Minecraft) [CHAT] §2§l§o[TenorClef] §rMineAndCollect: equip item.minecraft.wooden_pickaxe for block.minecraft.stone
[02:43:24] [main/INFO] (Minecraft) [CHAT] §2§l§o[TenorClef] §rMineAndCollect: equip item.minecraft.wooden_pickaxe for block.minecraft.stone
[02:43:24] [main/INFO] (Minecraft) [CHAT] §2§l§o[TenorClef] §rMineAndCollect: equip item.minecraft.wooden_pickaxe for block.minecraft.stone
[02:43:24] [main/INFO] (Minecraft) [CHAT] §2§l§o[TenorClef] §rMineAndCollect: equip item.minecraft.wooden_pickaxe for block.minecraft.stone
[02:43:24] [main/INFO] (Minecraft) [CHAT] §2§l§o[TenorClef] §rT2 [NOW] t=0:41.8 ph=IRON @195,68,132 do=<Collecting 8 iron.: [[iron_ingot] x 8]>  eq=spruce_planks woodpick=1 stonepick=0 pick=0 iron=0 buck=0
[02:43:24] [main/INFO] (Minecraft) [CHAT] §2§l§o[TenorClef] §rMineAndCollect: equip item.minecraft.wooden_pickaxe for block.minecraft.stone
[02:43:24] [main/INFO] (Minecraft) [CHAT] §2§l§o[TenorClef] §rMineAndCollect: equip item.minecraft.wooden_pickaxe for block.minecraft.stone
[02:43:24] [main/INFO] (Minecraft) [CHAT] §2§l§o[TenorClef] §rMineAndCollect: equip item.minecraft.wooden_pickaxe for block.minecraft.stone
[02:43:25] [main/INFO] (Minecraft) [CHAT] §2§l§o[TenorClef] §rMineAndCollect: equip item.minecraft.wooden_pickaxe for block.minecraft.stone
[02:43:25] [main/INFO] (Minecraft) [CHAT] §2§l§o[TenorClef] §rMineAndCollect: equip item.minecraft.wooden_pickaxe for block.minecraft.stone
[02:43:25] [main/INFO] (Minecraft) [STDOUT]: ALTO CLEF: WARNING: T2 [S135] S130 suppressed why=would-S130 but busy cool=141 flips=3 sameXz=27 child=CollectIronIngotTask cool=141 ban=141 hold=false pos=195,67,132 walls=4/4/4 sky=9 place=9 boxed=true hold=false cool=141 ban=141 startY=- step=0
[02:43:25] [main/INFO] (Minecraft) [CHAT] §2§l§o[TenorClef] §cT2 [S135] S130 suppressed why=would-S130 but busy cool=141 flips=3 sameXz=27 child=CollectIronIngotTask cool=141 ban=141 hold=false pos=195,67,132 walls=4/4/4 sky=9 place=9 boxed=true hold=false cool=141 ban=141 startY=- step=0§r
[02:43:25] [main/INFO] (Minecraft) [CHAT] §2§l§o[TenorClef] §rT2 [HIST] 0:42.4 FORCE S135 S130 suppressed why=would-S130 but busy cool=141 flips=3 sameXz=27 child=CollectIronIngotTask cool=141 ban=141 hold=false pos=195,67,132 walls=4/4/4 sky=9 place=9 boxed=true hold=false cool=141 ban=141 startY=- step=0
[02:43:25] [main/INFO] (Minecraft) [CHAT] §2§l§o[TenorClef] §rMineAndCollect: equip item.minecraft.wooden_pickaxe for block.minecraft.stone
[02:43:25] [main/INFO] (Minecraft) [CHAT] §2§l§o[TenorClef] §rT2 [NOW] t=0:42.8 ph=IRON @195,67,132 do=<Collecting 8 iron.: [[iron_ingot] x 8]>  eq=wooden_pickaxe woodpick=1 stonepick=0 pick=0 iron=0 buck=0
[02:43:26] [main/INFO] (Minecraft) [CHAT] §2§l§o[TenorClef] §rT2 [HIST] 0:43.6 SNAP ph=IRON @195,67,132 sky=9 wet=false ground=true pick=0 buck=0 iron=0 ore=0 rods=0 pearls=0 eyes=0 child=CollectIronIngotTask dbg=<Collecting 8 iron.: [[iron_ingot] x 8]>  mobs=none
[02:43:26] [main/INFO] (Minecraft) [CHAT] §2§l§o[TenorClef] §rT2 [NOW] t=0:43.8 ph=IRON @195,67,132 do=<Collecting 8 iron.: [[iron_ingot] x 8]>  eq=wooden_pickaxe woodpick=1 stonepick=0 pick=0 iron=0 buck=0
[02:43:27] [main/INFO] (Minecraft) [STDOUT]: ALTO CLEF: WARNING: T2 [S100] stop jump-walk @195,132 ph=IRON child=CollectIronIngotTask esc=0
[02:43:27] [main/INFO] (Minecraft) [CHAT] §2§l§o[TenorClef] §cT2 [S100] stop jump-walk @195,132 ph=IRON child=CollectIronIngotTask esc=0§r
[02:43:27] [main/INFO] (Minecraft) [CHAT] §2§l§o[TenorClef] §rT2 [HIST] 0:44.2 SOLVE S100 stop jump-walk @195,132 ph=IRON child=CollectIronIngotTask esc=0
[02:43:27] [main/INFO] (Minecraft) [STDOUT]: ALTO CLEF: WARNING: T2 [S135] S130 suppressed why=would-S130 but busy cool=101 flips=0 sameXz=67 child=CollectIronIngotTask cool=101 ban=101 hold=false pos=195,66,132 walls=4/4/4 sky=8 place=10 boxed=true hold=false cool=101 ban=101 startY=- step=0
[02:43:27] [main/INFO] (Minecraft) [CHAT] §2§l§o[TenorClef] §cT2 [S135] S130 suppressed why=would-S130 but busy cool=101 flips=0 sameXz=67 child=CollectIronIngotTask cool=101 ban=101 hold=false pos=195,66,132 walls=4/4/4 sky=8 place=10 boxed=true hold=false cool=101 ban=101 startY=- step=0§r
[02:43:27] [main/INFO] (Minecraft) [CHAT] §2§l§o[TenorClef] §rT2 [HIST] 0:44.4 FORCE S135 S130 suppressed why=would-S130 but busy cool=101 flips=0 sameXz=67 child=CollectIronIngotTask cool=101 ban=101 hold=false pos=195,66,132 walls=4/4/4 sky=8 place=10 boxed=true hold=false cool=101 ban=101 startY=- step=0
[02:43:27] [Server thread/INFO] (Minecraft) Player369 has made the advancement [Stone Age]
[02:43:27] [main/INFO] (Minecraft) [CHAT] Player369 has made the advancement [Stone Age]
[02:43:27] [main/INFO] (Minecraft) Loaded 43 advancements
[02:43:27] [main/INFO] (Minecraft) [CHAT] §2§l§o[TenorClef] §rT2 [NOW] t=0:44.8 ph=IRON @195,66,132 do=<Collecting 8 iron.: [[iron_ingot] x 8]>  eq=wooden_pickaxe woodpick=1 stonepick=0 pick=0 iron=0 buck=0
[02:43:27] [main/INFO] (Minecraft) [STDOUT]: ALTO CLEF: WARNING: T2 [E100] jumps=6 @195,66,132 ph=IRON child=CollectIronIngotTask
[02:43:27] [main/INFO] (Minecraft) [CHAT] §2§l§o[TenorClef] §cT2 [E100] jumps=6 @195,66,132 ph=IRON child=CollectIronIngotTask§r
[02:43:27] [main/INFO] (Minecraft) [CHAT] §2§l§o[TenorClef] §rT2 [HIST] 0:45.1 [E100] jumps=6 @195,66,132 ph=IRON child=CollectIronIngotTask
[02:43:28] [main/INFO] (Minecraft) [CHAT] §2§l§o[TenorClef] §rT2 [HIST] 0:45.5 WHY iron: smelt 8 in one furnace
[02:43:28] [main/INFO] (Minecraft) [CHAT] §2§l§o[TenorClef] §rT2 [NOW] t=0:45.8 ph=IRON @195,65,132 do=<Collecting 8 iron.: [[iron_ingot] x 8]>  eq=wooden_pickaxe woodpick=1 stonepick=0 pick=0 iron=0 buck=0
[02:43:28] [main/INFO] (Minecraft) [CHAT] §2§l§o[TenorClef] §rT2 [HIST] 0:46.1 SNAP ph=IRON @195,65,132 sky=7 wet=false ground=true pick=0 buck=0 iron=0 ore=0 rods=0 pearls=0 eyes=0 child=CollectIronIngotTask dbg=<Collecting 8 iron.: [[iron_ingot] x 8]>  mobs=none
[02:43:29] [main/INFO] (Minecraft) [STDOUT]: ALTO CLEF: WARNING: T2 [S135] S130 suppressed why=would-S130 but busy cool=60 flips=2 sameXz=108 child=CollectIronIngotTask cool=60 ban=60 hold=false pos=195,65,132 walls=4/4/4 sky=7 place=12 boxed=true hold=false cool=60 ban=60 startY=- step=0
[02:43:29] [main/INFO] (Minecraft) [CHAT] §2§l§o[TenorClef] §cT2 [S135] S130 suppressed why=would-S130 but busy cool=60 flips=2 sameXz=108 child=CollectIronIngotTask cool=60 ban=60 hold=false pos=195,65,132 walls=4/4/4 sky=7 place=12 boxed=true hold=false cool=60 ban=60 startY=- step=0§r
[02:43:29] [main/INFO] (Minecraft) [CHAT] §2§l§o[TenorClef] §rT2 [HIST] 0:46.4 FORCE S135 S130 suppressed why=would-S130 but busy cool=60 flips=2 sameXz=108 child=CollectIronIngotTask cool=60 ban=60 hold=false pos=195,65,132 walls=4/4/4 sky=7 place=12 boxed=true hold=false cool=60 ban=60 startY=- step=0
[02:43:29] [main/INFO] (Minecraft) [CHAT] §2§l§o[TenorClef] §rT2 [NOW] t=0:46.8 ph=IRON @195,65,132 do=<Collecting 8 iron.: [[iron_ingot] x 8]>  eq=wooden_pickaxe woodpick=1 stonepick=0 pick=0 iron=0 buck=0
[02:43:30] [main/INFO] (Minecraft) [STDOUT]: ALTO CLEF: WARNING: T2 [S138] shaft ban clear left-y ban=196,69,132 now=195,64,132 manh=1 dy=5 left=36
[02:43:30] [main/INFO] (Minecraft) [CHAT] §2§l§o[TenorClef] §cT2 [S138] shaft ban clear left-y ban=196,69,132 now=195,64,132 manh=1 dy=5 left=36§r
[02:43:30] [main/INFO] (Minecraft) [CHAT] §2§l§o[TenorClef] §rT2 [HIST] 0:47.7 FORCE S138 shaft ban clear left-y ban=196,69,132 now=195,64,132 manh=1 dy=5 left=36
[02:43:30] [main/INFO] (Minecraft) [CHAT] §2§l§o[TenorClef] §rT2 [NOW] t=0:47.8 ph=IRON @195,64,132 do=<Collecting 8 iron.: [[iron_ingot] x 8]>  eq=wooden_pickaxe woodpick=1 stonepick=0 pick=0 iron=0 buck=0
[02:43:31] [main/INFO] (Minecraft) [STDOUT]: ALTO CLEF: WARNING: T2 [S135] S130 suppressed why=would-S130 but busy cool=20 flips=5 sameXz=148 child=CollectIronIngotTask cool=20 ban=0 hold=false pos=195,64,132 walls=4/4/4 sky=6 place=13 boxed=true hold=false cool=20 ban=0 startY=- step=0
[02:43:31] [main/INFO] (Minecraft) [CHAT] §2§l§o[TenorClef] §cT2 [S135] S130 suppressed why=would-S130 but busy cool=20 flips=5 sameXz=148 child=CollectIronIngotTask cool=20 ban=0 hold=false pos=195,64,132 walls=4/4/4 sky=6 place=13 boxed=true hold=false cool=20 ban=0 startY=- step=0§r
[02:43:31] [main/INFO] (Minecraft) [CHAT] §2§l§o[TenorClef] §rT2 [HIST] 0:48.4 FORCE S135 S130 suppressed why=would-S130 but busy cool=20 flips=5 sameXz=148 child=CollectIronIngotTask cool=20 ban=0 hold=false pos=195,64,132 walls=4/4/4 sky=6 place=13 boxed=true hold=false cool=20 ban=0 startY=- step=0
[02:43:31] [main/INFO] (Minecraft) [STDOUT]: ALTO CLEF: WARNING: T2 [S109] equip pick for mining (was holding dirt)
[02:43:31] [main/INFO] (Minecraft) [CHAT] §2§l§o[TenorClef] §cT2 [S109] equip pick for mining (was holding dirt)§r
[02:43:31] [main/INFO] (Minecraft) [CHAT] §2§l§o[TenorClef] §rT2 [HIST] 0:48.5 SOLVE S109 equip pick for mining (was holding dirt)
[02:43:31] [main/INFO] (Minecraft) [CHAT] §2§l§o[TenorClef] §rT2 [HIST] 0:48.6 SNAP ph=IRON @195,65,132 sky=7 wet=false ground=false pick=0 buck=0 iron=0 ore=0 rods=0 pearls=0 eyes=0 child=CollectIronIngotTask dbg=<Collecting 8 iron.: [[iron_ingot] x 8]>  mobs=none
[02:43:31] [main/INFO] (Minecraft) [CHAT] §2§l§o[TenorClef] §rT2 [HIST] 0:48.8 [E100] jumps=6 @195,65,132 ph=IRON child=CollectIronIngotTask
[02:43:31] [main/INFO] (Minecraft) [CHAT] §2§l§o[TenorClef] §rT2 [HIST] 0:48.8 SOLVE S100 stop jump-walk @195,132 ph=IRON child=CollectIronIngotTask esc=1
[02:43:31] [main/INFO] (Minecraft) [STDOUT]: ALTO CLEF: WARNING: T2 [S144] jump-stuck collector — replace CollectIronIngotTask with wander (esc=2)
[02:43:31] [main/INFO] (Minecraft) [CHAT] §2§l§o[TenorClef] §cT2 [S144] jump-stuck collector — replace CollectIronIngotTask with wander (esc=2)§r
[02:43:31] [main/INFO] (Minecraft) [CHAT] §2§l§o[TenorClef] §rT2 [HIST] 0:48.8 SOLVE S144 jump-stuck collector — replace CollectIronIngotTask with wander (esc=2)
[02:43:31] [main/INFO] (Minecraft) [CHAT] §2§l§o[TenorClef] §rT2 [HIST] 0:48.8 CHILD CollectIronIngotTask -> TimeoutWanderTask ph=IRON @195,65,132 sky=7 wet=false ground=true pick=0 buck=0 iron=0 ore=0 rods=0 pearls=0 eyes=0
[02:43:31] [main/INFO] (Minecraft) [CHAT] §2§l§o[TenorClef] §rT2 [NOW] t=0:48.8 ph=IRON @195,65,132 do=<Wander for Infinity blocks> Exploring. eq=wooden_pickaxe woodpick=1 stonepick=0 pick=0 iron=0 buck=0
[02:43:32] [pool-5-thread-4/INFO] (Minecraft) [STDOUT]: 382976 movements considered
[02:43:32] [pool-5-thread-4/INFO] (Minecraft) [STDOUT]: Open set size: 17563
[02:43:32] [pool-5-thread-4/INFO] (Minecraft) [STDOUT]: PathNode map size: 34971
[02:43:32] [pool-5-thread-4/INFO] (Minecraft) [STDOUT]: 34746 nodes per second
[02:43:32] [pool-5-thread-4/INFO] (Minecraft) [STDOUT]: Path goes for 116.00862036935014 blocks
[02:43:32] [main/INFO] (Minecraft) [STDOUT]: ALTO CLEF: WARNING: T2 [S134] pillar cool expire after flips=3 end=stuck-low step=50 y=69 startY=67
[02:43:32] [main/INFO] (Minecraft) [CHAT] §2§l§o[TenorClef] §cT2 [S134] pillar cool expire after flips=3 end=stuck-low step=50 y=69 startY=67§r
[02:43:32] [main/INFO] (Minecraft) [CHAT] §2§l§o[TenorClef] §rT2 [HIST] 0:49.4 FORCE S134 pillar cool expire after flips=3 end=stuck-low step=50 y=69 startY=67
[02:43:32] [main/INFO] (Minecraft) [CHAT] §2§l§o[TenorClef] §rT2 [NOW] t=0:49.8 ph=IRON @195,66,132 do=<Wander for Infinity blocks> Exploring. eq=dirt woodpick=1 stonepick=0 pick=0 iron=0 buck=0
[02:43:33] [main/INFO] (Minecraft) [CHAT] §2§l§o[TenorClef] §rT2 [NOW] t=0:50.8 ph=IRON @195,68,132 do=<Wander for Infinity blocks> Exploring. eq=dirt woodpick=1 stonepick=0 pick=0 iron=0 buck=0
[02:43:33] [main/INFO] (Minecraft) [STDOUT]: ALTO CLEF: WARNING: T2 [E100] jumps=6 @195,68,132 ph=IRON child=TimeoutWanderTask
[02:43:33] [main/INFO] (Minecraft) [CHAT] §2§l§o[TenorClef] §cT2 [E100] jumps=6 @195,68,132 ph=IRON child=TimeoutWanderTask§r
[02:43:33] [main/INFO] (Minecraft) [CHAT] §2§l§o[TenorClef] §rT2 [HIST] 0:51.0 [E100] jumps=6 @195,68,132 ph=IRON child=TimeoutWanderTask
[02:43:34] [main/INFO] (Minecraft) [STDOUT]: ALTO CLEF: WARNING: T2 [S138] shaft ban clear left-xz ban=196,69,132 now=197,69,131 manh=2 dy=0 left=15
[02:43:34] [main/INFO] (Minecraft) [CHAT] §2§l§o[TenorClef] §cT2 [S138] shaft ban clear left-xz ban=196,69,132 now=197,69,131 manh=2 dy=0 left=15§r
[02:43:34] [main/INFO] (Minecraft) [CHAT] §2§l§o[TenorClef] §rT2 [HIST] 0:51.7 FORCE S138 shaft ban clear left-xz ban=196,69,132 now=197,69,131 manh=2 dy=0 left=15
[02:43:34] [main/INFO] (Minecraft) [CHAT] §2§l§o[TenorClef] §rT2 [NOW] t=0:51.8 ph=IRON @197,69,131 do=<Wander for Infinity blocks> Exploring. eq=dirt woodpick=1 stonepick=0 pick=0 iron=0 buck=0
[02:43:35] [main/INFO] (Minecraft) [CHAT] §2§l§o[TenorClef] §rT2 [NOW] t=0:52.8 ph=IRON @194,69,127 do=<Wander for Infinity blocks> Exploring. eq=dirt woodpick=1 stonepick=0 pick=0 iron=0 buck=0
[02:43:36] [main/INFO] (Minecraft) [CHAT] §2§l§o[TenorClef] §rT2 [HB] t=0:53.2 ph=IRON y=70 child=TimeoutWanderTask logs=1 pick=0 woodpick=1
[02:43:36] [main/INFO] (Minecraft) [CHAT] §2§l§o[TenorClef] §rT2 [HIST] 0:53.4 SNAP ph=IRON @192,70,127 sky=15 wet=false ground=true pick=0 buck=0 iron=0 ore=0 rods=0 pearls=0 eyes=0 child=TimeoutWanderTask dbg=<Wander for Infinity blocks> Exploring. mobs=none
[02:43:36] [pool-5-thread-4/INFO] (Minecraft) [STDOUT]: 426624 movements considered
[02:43:36] [pool-5-thread-4/INFO] (Minecraft) [STDOUT]: Open set size: 18937
[02:43:36] [pool-5-thread-4/INFO] (Minecraft) [STDOUT]: PathNode map size: 38329
[02:43:36] [pool-5-thread-4/INFO] (Minecraft) [STDOUT]: 38706 nodes per second
[02:43:36] [pool-5-thread-4/INFO] (Minecraft) [STDOUT]: Path goes for 114.3153532995459 blocks
[02:43:36] [main/INFO] (Minecraft) [CHAT] §2§l§o[TenorClef] §rT2 [NOW] t=0:53.8 ph=IRON @192,71,127 do=<Wander for Infinity blocks> Exploring. eq=dirt woodpick=1 stonepick=0 pick=0 iron=0 buck=0
[02:43:37] [pool-5-thread-4/INFO] (Minecraft) [STDOUT]: 444928 movements considered
[02:43:37] [pool-5-thread-4/INFO] (Minecraft) [STDOUT]: Open set size: 18141
[02:43:37] [pool-5-thread-4/INFO] (Minecraft) [STDOUT]: PathNode map size: 38365
[02:43:37] [pool-5-thread-4/INFO] (Minecraft) [STDOUT]: 40367 nodes per second
[02:43:37] [pool-5-thread-4/INFO] (Minecraft) [STDOUT]: Path goes for 113.3181362359971 blocks
[02:43:37] [main/INFO] (Minecraft) [CHAT] §2§l§o[TenorClef] §rT2 [NOW] t=0:54.9 ph=IRON @191,71,127 do=<Wander for Infinity blocks> Exploring. eq=dirt woodpick=1 stonepick=0 pick=0 iron=0 buck=0
[02:43:38] [pool-5-thread-4/INFO] (Minecraft) [STDOUT]: 422400 movements considered
[02:43:38] [pool-5-thread-4/INFO] (Minecraft) [STDOUT]: Open set size: 15724
[02:43:38] [pool-5-thread-4/INFO] (Minecraft) [STDOUT]: PathNode map size: 34924
[02:43:38] [pool-5-thread-4/INFO] (Minecraft) [STDOUT]: 38400 nodes per second
[02:43:38] [pool-5-thread-4/INFO] (Minecraft) [STDOUT]: Path goes for 110.40380428228005 blocks
[02:43:38] [main/INFO] (Minecraft) [CHAT] §2§l§o[TenorClef] §rT2 [NOW] t=0:55.8 ph=IRON @189,72,128 do=<Wander for Infinity blocks> Exploring. eq=dirt woodpick=1 stonepick=0 pick=0 iron=0 buck=0
[02:43:38] [main/INFO] (Minecraft) [CHAT] §2§l§o[TenorClef] §rRefreshed inventory...
[02:43:39] [pool-5-thread-4/INFO] (Minecraft) [STDOUT]: 544896 movements considered
[02:43:39] [pool-5-thread-4/INFO] (Minecraft) [STDOUT]: Open set size: 18885
[02:43:39] [pool-5-thread-4/INFO] (Minecraft) [STDOUT]: PathNode map size: 43653
[02:43:39] [pool-5-thread-4/INFO] (Minecraft) [STDOUT]: 49536 nodes per second
[02:43:39] [pool-5-thread-4/INFO] (Minecraft) [STDOUT]: Path goes for 110.40380428228005 blocks
[02:43:39] [main/INFO] (Minecraft) [CHAT] §2§l§o[TenorClef] §rT2 [NOW] t=0:56.8 ph=IRON @187,72,129 do=<Wander for Infinity blocks> Exploring. eq=dirt woodpick=1 stonepick=0 pick=0 iron=0 buck=0
[02:43:39] [main/INFO] (Minecraft) [CHAT] §2§l§o[TenorClef] §rT2 [HIST] 0:56.8 WHY iron: smelt 8 in one furnace
[02:43:39] [main/INFO] (Minecraft) [CHAT] §2§l§o[TenorClef] §rT2 [HIST] 0:56.8 CHILD TimeoutWanderTask -> CollectIronIngotTask ph=IRON @187,72,129 sky=13 wet=false ground=true pick=0 buck=0 iron=0 ore=0 rods=0 pearls=0 eyes=0
[02:43:40] [main/INFO] (Minecraft) [CHAT] §2§l§o[TenorClef] §rT2 [HIST] 0:57.6 SNAP ph=IRON @190,72,128 sky=14 wet=false ground=true pick=0 buck=0 iron=0 ore=0 rods=0 pearls=0 eyes=0 child=CollectIronIngotTask dbg=<Collecting 8 iron.: [[iron_ingot] x 8]>  mobs=none
[02:43:40] [main/INFO] (Minecraft) [CHAT] §2§l§o[TenorClef] §rT2 [NOW] t=0:57.8 ph=IRON @191,71,128 do=<Collecting 8 iron.: [[iron_ingot] x 8]>  eq=wooden_pickaxe woodpick=1 stonepick=0 pick=0 iron=0 buck=0
[02:43:41] [main/INFO] (Minecraft) [CHAT] §2§l§o[TenorClef] §rT2 [NOW] t=0:58.8 ph=IRON @195,69,127 do=<Collecting 8 iron.: [[iron_ingot] x 8]>  eq=wooden_pickaxe woodpick=1 stonepick=0 pick=0 iron=0 buck=0
[02:43:42] [main/INFO] (Minecraft) [CHAT] §2§l§o[TenorClef] §rT2 [NOW] t=0:59.8 ph=IRON @197,69,130 do=<Collecting 8 iron.: [[iron_ingot] x 8]>  eq=wooden_pickaxe woodpick=1 stonepick=1 pick=0 iron=0 buck=0
[02:43:42] [Server thread/INFO] (Minecraft) Player369 has made the advancement [Getting an Upgrade]
[02:43:42] [main/INFO] (Minecraft) [CHAT] Player369 has made the advancement [Getting an Upgrade]
[02:43:42] [main/INFO] (Minecraft) Loaded 47 advancements
[02:43:42] [main/INFO] (Minecraft) [CHAT] §2§l§o[TenorClef] §rMineAndCollect: equip item.minecraft.stone_pickaxe for block.minecraft.iron_ore
[02:43:42] [main/INFO] (Minecraft) [CHAT] §2§l§o[TenorClef] §rT2 [HB] t=1:00.0 ph=IRON y=69 child=CollectIronIngotTask logs=1 pick=0 woodpick=1
[02:43:42] [main/INFO] (Minecraft) [CHAT] §2§l§o[TenorClef] §rT2 [HIST] 1:00.1 SNAP ph=IRON @197,69,130 sky=12 wet=false ground=true pick=0 buck=0 iron=0 ore=0 rods=0 pearls=0 eyes=0 child=CollectIronIngotTask dbg=<Collecting 8 iron.: [[iron_ingot] x 8]>  mobs=none
[02:43:43] [main/INFO] (Minecraft) [CHAT] §2§l§o[TenorClef] §rT2 [NOW] t=1:00.8 ph=IRON @200,69,132 do=<Collecting 8 iron.: [[iron_ingot] x 8]>  eq=stone_pickaxe woodpick=1 stonepick=1 pick=0 iron=0 buck=0
[02:43:44] [main/INFO] (Minecraft) [CHAT] §2§l§o[TenorClef] §rT2 [NOW] t=1:01.8 ph=IRON @202,68,133 do=<Collecting 8 iron.: [[iron_ingot] x 8]>  eq=stone_pickaxe woodpick=1 stonepick=1 pick=0 iron=0 buck=0
[02:43:45] [main/INFO] (Minecraft) [CHAT] §2§l§o[TenorClef] §rT2 [HIST] 1:02.6 SNAP ph=IRON @205,68,136 sky=15 wet=false ground=true pick=0 buck=0 iron=0 ore=0 rods=0 pearls=0 eyes=0 child=CollectIronIngotTask dbg=<Collecting 8 iron.: [[iron_ingot] x 8]>  mobs=none
[02:43:45] [main/INFO] (Minecraft) [CHAT] §2§l§o[TenorClef] §rT2 [NOW] t=1:02.8 ph=IRON @206,68,137 do=<Collecting 8 iron.: [[iron_ingot] x 8]>  eq=spruce_planks woodpick=1 stonepick=1 pick=0 iron=0 buck=0
[02:43:46] [main/INFO] (Minecraft) [CHAT] §2§l§o[TenorClef] §rT2 [NOW] t=1:03.8 ph=IRON @206,68,137 do=<Collecting 8 iron.: [[iron_ingot] x 8]>  eq=spruce_planks woodpick=1 stonepick=1 pick=0 iron=0 buck=0
[02:43:47] [main/INFO] (Minecraft) [CHAT] §2§l§o[TenorClef] §rT2 [NOW] t=1:04.8 ph=IRON @206,67,137 do=<Collecting 8 iron.: [[iron_ingot] x 8]>  eq=spruce_planks woodpick=1 stonepick=1 pick=0 iron=0 buck=0
[02:43:47] [main/INFO] (Minecraft) [CHAT] §2§l§o[TenorClef] §rT2 [HB] t=1:05.0 ph=IRON y=66 child=CollectIronIngotTask logs=3 pick=0 woodpick=1
[02:43:47] [main/INFO] (Minecraft) [CHAT] §2§l§o[TenorClef] §rT2 [HIST] 1:05.1 SNAP ph=IRON @206,66,137 sky=15 wet=false ground=false pick=0 buck=0 iron=0 ore=0 rods=0 pearls=0 eyes=0 child=CollectIronIngotTask dbg=<Collecting 8 iron.: [[iron_ingot] x 8]>  mobs=none
[02:43:48] [main/INFO] (Minecraft) [CHAT] §2§l§o[TenorClef] §rT2 [NOW] t=1:05.8 ph=IRON @206,66,137 do=<Collecting 8 iron.: [[iron_ingot] x 8]>  eq=spruce_planks woodpick=1 stonepick=1 pick=0 iron=0 buck=0
[02:43:49] [main/INFO] (Minecraft) [STDOUT]: ALTO CLEF: WARNING: T2 [S100] stop jump-walk @206,137 ph=IRON child=CollectIronIngotTask esc=0
[02:43:49] [main/INFO] (Minecraft) [CHAT] §2§l§o[TenorClef] §cT2 [S100] stop jump-walk @206,137 ph=IRON child=CollectIronIngotTask esc=0§r
[02:43:49] [main/INFO] (Minecraft) [CHAT] §2§l§o[TenorClef] §rT2 [HIST] 1:06.2 SOLVE S100 stop jump-walk @206,137 ph=IRON child=CollectIronIngotTask esc=0
[02:43:49] [main/INFO] (Minecraft) [CHAT] §2§l§o[TenorClef] §rT2 [HIST] 1:06.2 WHY iron: smelt 8 in one furnace
[02:43:49] [main/INFO] (Minecraft) [STDOUT]: ALTO CLEF: WARNING: T2 [E100] jumps=6 @206,65,137 ph=IRON child=CollectIronIngotTask
[02:43:49] [main/INFO] (Minecraft) [CHAT] §2§l§o[TenorClef] §cT2 [E100] jumps=6 @206,65,137 ph=IRON child=CollectIronIngotTask§r
[02:43:49] [main/INFO] (Minecraft) [CHAT] §2§l§o[TenorClef] §rT2 [HIST] 1:06.7 [E100] jumps=6 @206,65,137 ph=IRON child=CollectIronIngotTask
[02:43:49] [main/INFO] (Minecraft) [CHAT] §2§l§o[TenorClef] §rT2 [NOW] t=1:06.8 ph=IRON @206,65,137 do=<Collecting 8 iron.: [[iron_ingot] x 8]>  eq=stone_pickaxe woodpick=1 stonepick=1 pick=0 iron=0 buck=0
[02:43:50] [main/INFO] (Minecraft) [CHAT] §2§l§o[TenorClef] §rT2 [HIST] 1:07.6 SNAP ph=IRON @206,64,137 sky=15 wet=false ground=true pick=0 buck=0 iron=0 ore=0 rods=0 pearls=0 eyes=0 child=CollectIronIngotTask dbg=<Collecting 8 iron.: [[iron_ingot] x 8]>  mobs=none
[02:43:50] [main/INFO] (Minecraft) [CHAT] §2§l§o[TenorClef] §rT2 [NOW] t=1:07.8 ph=IRON @206,64,137 do=<Collecting 8 iron.: [[iron_ingot] x 8]>  eq=stone_pickaxe woodpick=1 stonepick=1 pick=0 iron=0 buck=0
[02:43:51] [main/INFO] (Minecraft) [STDOUT]: ALTO CLEF: WARNING: T2 [E70] iron stall 6s @206,137 — clear blacklist + re-pick ore
[02:43:51] [main/INFO] (Minecraft) [CHAT] §2§l§o[TenorClef] §cT2 [E70] iron stall 6s @206,137 — clear blacklist + re-pick ore§r
[02:43:51] [main/INFO] (Minecraft) [CHAT] §2§l§o[TenorClef] §rT2 [NOW] t=1:08.8 ph=IRON @206,63,137 do=<Collecting 8 iron.: [[iron_ingot] x 8]>  eq=stone_pickaxe woodpick=1 stonepick=1 pick=0 iron=0 buck=0
[02:43:52] [main/INFO] (Minecraft) [CHAT] §2§l§o[TenorClef] §rT2 [HIST] 1:09.7 [E100] jumps=6 @206,62,137 ph=IRON child=CollectIronIngotTask
[02:43:52] [main/INFO] (Minecraft) [STDOUT]: ALTO CLEF: WARNING: T2 [S144] jump-stuck collector — replace CollectIronIngotTask with wander (esc=2)
[02:43:52] [main/INFO] (Minecraft) [CHAT] §2§l§o[TenorClef] §cT2 [S144] jump-stuck collector — replace CollectIronIngotTask with wander (esc=2)§r
[02:43:52] [main/INFO] (Minecraft) [CHAT] §2§l§o[TenorClef] §rT2 [HIST] 1:09.7 SOLVE S144 jump-stuck collector — replace CollectIronIngotTask with wander (esc=2)
[02:43:52] [main/INFO] (Minecraft) [CHAT] §2§l§o[TenorClef] §rT2 [HIST] 1:09.7 CHILD CollectIronIngotTask -> TimeoutWanderTask ph=IRON @206,62,137 sky=15 wet=false ground=true pick=0 buck=0 iron=0 ore=0 rods=0 pearls=0 eyes=0
[02:43:52] [main/INFO] (Minecraft) [CHAT] §2§l§o[TenorClef] §rT2 [NOW] t=1:09.8 ph=IRON @206,62,137 do=<Wander for Infinity blocks> Exploring. eq=stone_pickaxe woodpick=1 stonepick=1 pick=0 iron=0 buck=0
[02:43:52] [main/INFO] (Minecraft) Loaded 49 advancements
[02:43:53] [pool-5-thread-4/INFO] (Minecraft) [STDOUT]: 657536 movements considered
[02:43:53] [pool-5-thread-4/INFO] (Minecraft) [STDOUT]: Open set size: 15946
[02:43:53] [pool-5-thread-4/INFO] (Minecraft) [STDOUT]: PathNode map size: 45834
[02:43:53] [pool-5-thread-4/INFO] (Minecraft) [STDOUT]: 59776 nodes per second
[02:43:53] [pool-5-thread-4/INFO] (Minecraft) [STDOUT]: Path goes for 147.6787053031005 blocks
[02:43:53] [main/INFO] (Minecraft) [CHAT] §2§l§o[TenorClef] §rT2 [HB] t=1:10.4 ph=IRON y=62 child=TimeoutWanderTask logs=3 pick=0 woodpick=1
[02:43:53] [main/INFO] (Minecraft) [CHAT] §2§l§o[TenorClef] §rT2 [HIST] 1:10.5 SNAP ph=IRON @206,62,137 sky=15 wet=false ground=true pick=0 buck=0 iron=0 ore=1 rods=0 pearls=0 eyes=0 child=TimeoutWanderTask dbg=<Wander for Infinity blocks> Exploring. mobs=none
[02:43:53] [main/INFO] (Minecraft) [CHAT] §2§l§o[TenorClef] §rT2 [NOW] t=1:10.8 ph=IRON @206,62,137 do=<Wander for Infinity blocks> Exploring. eq=stone_pickaxe woodpick=1 stonepick=1 pick=0 iron=0 buck=0
[02:43:54] [main/INFO] (Minecraft) [CHAT] §2§l§o[TenorClef] §rT2 [NOW] t=1:11.8 ph=IRON @206,62,137 do=<Wander for Infinity blocks> Exploring. eq=stone_pickaxe woodpick=1 stonepick=1 pick=0 iron=0 buck=0
[02:43:55] [main/INFO] (Minecraft) [CHAT] §2§l§o[TenorClef] §rT2 [NOW] t=1:12.8 ph=IRON @207,63,137 do=<Wander for Infinity blocks> Exploring. eq=spruce_planks woodpick=1 stonepick=1 pick=0 iron=0 buck=0
[02:43:56] [main/INFO] (Minecraft) [CHAT] §2§l§o[TenorClef] §rT2 [NOW] t=1:13.8 ph=IRON @207,63,137 do=<Wander for Infinity blocks> Exploring. eq=stone_pickaxe woodpick=1 stonepick=1 pick=0 iron=0 buck=0
[02:43:57] [main/INFO] (Minecraft) [CHAT] §2§l§o[TenorClef] §rT2 [NOW] t=1:14.8 ph=IRON @208,63,137 do=<Wander for Infinity blocks> Exploring. eq=spruce_planks woodpick=1 stonepick=1 pick=0 iron=0 buck=0
[02:43:58] [main/INFO] (Minecraft) [CHAT] §2§l§o[TenorClef] §rT2 [HIST] 1:15.5 SNAP ph=IRON @208,63,137 sky=13 wet=false ground=true pick=0 buck=0 iron=0 ore=1 rods=0 pearls=0 eyes=0 child=TimeoutWanderTask dbg=<Wander for Infinity blocks> Exploring. mobs=none
[02:43:58] [pool-5-thread-4/INFO] (Minecraft) [STDOUT]: 470272 movements considered
[02:43:58] [pool-5-thread-4/INFO] (Minecraft) [STDOUT]: Open set size: 13164
[02:43:58] [pool-5-thread-4/INFO] (Minecraft) [STDOUT]: PathNode map size: 34540
[02:43:58] [pool-5-thread-4/INFO] (Minecraft) [STDOUT]: 42078 nodes per second
[02:43:58] [pool-5-thread-4/INFO] (Minecraft) [STDOUT]: Path goes for 145.67772650614782 blocks
[02:43:58] [main/INFO] (Minecraft) [CHAT] §2§l§o[TenorClef] §rT2 [NOW] t=1:15.8 ph=IRON @208,63,137 do=<Wander for Infinity blocks> Exploring. eq=spruce_planks woodpick=1 stonepick=1 pick=0 iron=0 buck=0
[02:43:59] [pool-5-thread-4/INFO] (Minecraft) [STDOUT]: 608256 movements considered
[02:43:59] [pool-5-thread-4/INFO] (Minecraft) [STDOUT]: Open set size: 16426
[02:43:59] [pool-5-thread-4/INFO] (Minecraft) [STDOUT]: PathNode map size: 44074
[02:43:59] [pool-5-thread-4/INFO] (Minecraft) [STDOUT]: 55185 nodes per second
[02:43:59] [pool-5-thread-4/INFO] (Minecraft) [STDOUT]: Path goes for 145.67772650614782 blocks
[02:43:59] [main/INFO] (Minecraft) [CHAT] §2§l§o[TenorClef] §rT2 [NOW] t=1:16.8 ph=IRON @208,63,137 do=<Wander for Infinity blocks> Exploring. eq=spruce_planks woodpick=1 stonepick=1 pick=0 iron=0 buck=0
[02:44:00] [main/INFO] (Minecraft) [CHAT] §2§l§o[TenorClef] §rT2 [HIST] 1:17.7 WHY iron: smelt 8 in one furnace
[02:44:00] [main/INFO] (Minecraft) [CHAT] §2§l§o[TenorClef] §rT2 [HIST] 1:17.7 CHILD TimeoutWanderTask -> CollectIronIngotTask ph=IRON @208,63,137 sky=13 wet=false ground=true pick=0 buck=0 iron=0 ore=1 rods=0 pearls=0 eyes=0
[02:44:00] [main/INFO] (Minecraft) [CHAT] §2§l§o[TenorClef] §rT2 [NOW] t=1:17.8 ph=IRON @208,63,137 do=<Collecting 8 iron.: [[iron_ingot] x 8]>  eq=stone_pickaxe woodpick=1 stonepick=1 pick=0 iron=0 buck=0
[02:44:01] [main/INFO] (Minecraft) [CHAT] §2§l§o[TenorClef] §rT2 [NOW] t=1:18.8 ph=IRON @207,62,137 do=<Collecting 8 iron.: [[iron_ingot] x 8]>  eq=stone_pickaxe woodpick=1 stonepick=1 pick=0 iron=0 buck=0
[02:44:01] [main/INFO] (Minecraft) [CHAT] §2§l§o[TenorClef] §rT2 [HB] t=1:19.1 ph=IRON y=62 child=CollectIronIngotTask logs=3 pick=0 woodpick=1
[02:44:01] [main/INFO] (Minecraft) [CHAT] §2§l§o[TenorClef] §rT2 [HIST] 1:19.1 SNAP ph=IRON @207,62,137 sky=14 wet=false ground=true pick=0 buck=0 iron=0 ore=1 rods=0 pearls=0 eyes=0 child=CollectIronIngotTask dbg=<Collecting 8 iron.: [[iron_ingot] x 8]>  mobs=none
[02:44:02] [main/INFO] (Minecraft) [CHAT] §2§l§o[TenorClef] §rT2 [NOW] t=1:19.8 ph=IRON @207,62,137 do=<Collecting 8 iron.: [[iron_ingot] x 8]>  eq=stone_pickaxe woodpick=1 stonepick=1 pick=0 iron=0 buck=0
[02:44:03] [main/INFO] (Minecraft) [CHAT] §2§l§o[TenorClef] §rT2 [NOW] t=1:20.8 ph=IRON @207,61,137 do=<Collecting 8 iron.: [[iron_ingot] x 8]>  eq=stone_pickaxe woodpick=1 stonepick=1 pick=0 iron=0 buck=0
[02:44:04] [main/INFO] (Minecraft) [STDOUT]: ALTO CLEF: WARNING: T2 [S130] START trigger=flips=5 ph=IRON prev=CollectIronIngotTask cycle=1 pos=207,60,137 walls=4/4/4 sky=12 place=19 boxed=true hold=false cool=0 ban=0 startY=60 step=0
[02:44:04] [main/INFO] (Minecraft) [CHAT] §2§l§o[TenorClef] §cT2 [S130] START trigger=flips=5 ph=IRON prev=CollectIronIngotTask cycle=1 pos=207,60,137 walls=4/4/4 sky=12 place=19 boxed=true hold=false cool=0 ban=0 startY=60 step=0§r
[02:44:04] [main/INFO] (Minecraft) [CHAT] §2§l§o[TenorClef] §rT2 [HIST] 1:21.3 FORCE S130 START trigger=flips=5 ph=IRON prev=CollectIronIngotTask cycle=1 pos=207,60,137 walls=4/4/4 sky=12 place=19 boxed=true hold=false cool=0 ban=0 startY=60 step=0
[02:44:04] [main/INFO] (Minecraft) [CHAT] §2§l§o[TenorClef] §rT2 [HIST] 1:21.3 PILLAR START flips=5 prev=CollectIronIngotTask
[02:44:04] [main/INFO] (Minecraft) [CHAT] §2§l§o[TenorClef] §rT2 [HIST] 1:21.3 SOLVE S130 pillar-out @207,60,137 ph=IRON flips=5
[02:44:04] [main/INFO] (Minecraft) [CHAT] §2§l§o[TenorClef] §rT2 [HIST] 1:21.3 CHILD CollectIronIngotTask -> HolePillarTask ph=IRON @207,60,137 sky=12 wet=false ground=false pick=0 buck=0 iron=0 ore=2 rods=0 pearls=0 eyes=0
[02:44:04] [main/INFO] (Minecraft) [STDOUT]: ALTO CLEF: WARNING: T2 [S130] tick y=60 slot=0 air=true pos=207,60,137 walls=4/4/4 sky=12 place=19 boxed=true hold=true cool=0 ban=0 startY=60 step=1
[02:44:04] [main/INFO] (Minecraft) [CHAT] §2§l§o[TenorClef] §cT2 [S130] tick y=60 slot=0 air=true pos=207,60,137 walls=4/4/4 sky=12 place=19 boxed=true hold=true cool=0 ban=0 startY=60 step=1§r
[02:44:04] [main/INFO] (Minecraft) [CHAT] §2§l§o[TenorClef] §rT2 [HIST] 1:21.3 FORCE S130 tick y=60 slot=0 air=true pos=207,60,137 walls=4/4/4 sky=12 place=19 boxed=true hold=true cool=0 ban=0 startY=60 step=1
[02:44:04] [main/INFO] (Minecraft) [CHAT] §2§l§o[TenorClef] §rT2 [NOW] t=1:21.8 ph=IRON @207,61,137 do=<T2 pillar-out>  eq=cobblestone woodpick=1 stonepick=1 pick=0 iron=0 buck=0
[02:44:04] [main/INFO] (Minecraft) [CHAT] §2§l§o[TenorClef] §rT2 [HIST] 1:21.9 SNAP ph=IRON @207,61,137 sky=13 wet=false ground=false pick=0 buck=0 iron=0 ore=2 rods=0 pearls=0 eyes=0 child=HolePillarTask dbg=<T2 pillar-out>  mobs=none
[02:44:04] [main/INFO] (Minecraft) [STDOUT]: ALTO CLEF: WARNING: T2 [E100] jumps=8 @207,61,137 ph=IRON child=HolePillarTask
[02:44:04] [main/INFO] (Minecraft) [CHAT] §2§l§o[TenorClef] §cT2 [E100] jumps=8 @207,61,137 ph=IRON child=HolePillarTask§r
[02:44:04] [main/INFO] (Minecraft) [CHAT] §2§l§o[TenorClef] §rT2 [HIST] 1:22.0 [E100] jumps=8 @207,61,137 ph=IRON child=HolePillarTask
[02:44:05] [main/INFO] (Minecraft) [STDOUT]: ALTO CLEF: WARNING: T2 [S180] marginal escape +2y free at y=62 startY=60 pos=207,62,137 walls=3/2/4 sky=14 place=19 boxed=false hold=true cool=0 ban=0 startY=60 step=17
[02:44:05] [main/INFO] (Minecraft) [CHAT] §2§l§o[TenorClef] §cT2 [S180] marginal escape +2y free at y=62 startY=60 pos=207,62,137 walls=3/2/4 sky=14 place=19 boxed=false hold=true cool=0 ban=0 startY=60 step=17§r
[02:44:05] [main/INFO] (Minecraft) [CHAT] §2§l§o[TenorClef] §rT2 [HIST] 1:22.1 FORCE S180 marginal escape +2y free at y=62 startY=60 pos=207,62,137 walls=3/2/4 sky=14 place=19 boxed=false hold=true cool=0 ban=0 startY=60 step=17
[02:44:05] [main/INFO] (Minecraft) [STDOUT]: ALTO CLEF: WARNING: T2 [S139] rise pending +2y t=1 y=62 startY=60
[02:44:05] [main/INFO] (Minecraft) [CHAT] §2§l§o[TenorClef] §cT2 [S139] rise pending +2y t=1 y=62 startY=60§r
[02:44:05] [main/INFO] (Minecraft) [CHAT] §2§l§o[TenorClef] §rT2 [HIST] 1:22.1 FORCE S139 rise pending +2y t=1 y=62 startY=60
[02:44:05] [main/INFO] (Minecraft) [STDOUT]: ALTO CLEF: WARNING: T2 [S130] tick y=62 slot=1 air=true pos=207,62,137 walls=3/2/4 sky=14 place=18 boxed=false hold=true cool=0 ban=0 startY=60 step=21
[02:44:05] [main/INFO] (Minecraft) [CHAT] §2§l§o[TenorClef] §cT2 [S130] tick y=62 slot=1 air=true pos=207,62,137 walls=3/2/4 sky=14 place=18 boxed=false hold=true cool=0 ban=0 startY=60 step=21§r
[02:44:05] [main/INFO] (Minecraft) [CHAT] §2§l§o[TenorClef] §rT2 [HIST] 1:22.3 FORCE S130 tick y=62 slot=1 air=true pos=207,62,137 walls=3/2/4 sky=14 place=18 boxed=false hold=true cool=0 ban=0 startY=60 step=21
[02:44:05] [main/INFO] (Minecraft) [STDOUT]: ALTO CLEF: WARNING: T2 [S141] hop not sustained +3y cleared=10t y=63 startY=60 pos=207,63,137 walls=2/2/3 sky=14 place=18 boxed=false hold=true cool=0 ban=0 startY=60 step=27
[02:44:05] [main/INFO] (Minecraft) [CHAT] §2§l§o[TenorClef] §cT2 [S141] hop not sustained +3y cleared=10t y=63 startY=60 pos=207,63,137 walls=2/2/3 sky=14 place=18 boxed=false hold=true cool=0 ban=0 startY=60 step=27§r
[02:44:05] [main/INFO] (Minecraft) [CHAT] §2§l§o[TenorClef] §rT2 [HIST] 1:22.6 FORCE S141 hop not sustained +3y cleared=10t y=63 startY=60 pos=207,63,137 walls=2/2/3 sky=14 place=18 boxed=false hold=true cool=0 ban=0 startY=60 step=27
[02:44:05] [main/INFO] (Minecraft) [CHAT] §2§l§o[TenorClef] §rT2 [NOW] t=1:22.8 ph=IRON @207,63,137 do=<T2 pillar-out>  eq=cobblestone woodpick=1 stonepick=1 pick=0 iron=0 buck=0
[02:44:06] [main/INFO] (Minecraft) [CHAT] §2§l§o[TenorClef] §rT2 [HIST] 1:23.1 [E100] jumps=6 @207,63,137 ph=IRON child=HolePillarTask
[02:44:06] [main/INFO] (Minecraft) [STDOUT]: ALTO CLEF: WARNING: T2 [S130] tick y=63 slot=1 air=false pos=207,63,137 walls=2/2/3 sky=14 place=17 boxed=false hold=true cool=0 ban=0 startY=60 step=41
[02:44:06] [main/INFO] (Minecraft) [CHAT] §2§l§o[TenorClef] §cT2 [S130] tick y=63 slot=1 air=false pos=207,63,137 walls=2/2/3 sky=14 place=17 boxed=false hold=true cool=0 ban=0 startY=60 step=41§r
[02:44:06] [main/INFO] (Minecraft) [CHAT] §2§l§o[TenorClef] §rT2 [HIST] 1:23.3 FORCE S130 tick y=63 slot=1 air=false pos=207,63,137 walls=2/2/3 sky=14 place=17 boxed=false hold=true cool=0 ban=0 startY=60 step=41
[02:44:06] [main/INFO] (Minecraft) [STDOUT]: ALTO CLEF: WARNING: T2 [S133] cool arm ticks=240 reason=stuck-low step=50 y=63 startY=60 ban=207,63,137 pos=207,63,137 walls=2/2/3 sky=14 place=17 boxed=false hold=true cool=240 ban=240 startY=60 step=50
[02:44:06] [main/INFO] (Minecraft) [CHAT] §2§l§o[TenorClef] §cT2 [S133] cool arm ticks=240 reason=stuck-low step=50 y=63 startY=60 ban=207,63,137 pos=207,63,137 walls=2/2/3 sky=14 place=17 boxed=false hold=true cool=240 ban=240 startY=60 step=50§r
[02:44:06] [main/INFO] (Minecraft) [CHAT] §2§l§o[TenorClef] §rT2 [HIST] 1:23.8 FORCE S133 cool arm ticks=240 reason=stuck-low step=50 y=63 startY=60 ban=207,63,137 pos=207,63,137 walls=2/2/3 sky=14 place=17 boxed=false hold=true cool=240 ban=240 startY=60 step=50
[02:44:06] [main/INFO] (Minecraft) [STDOUT]: ALTO CLEF: WARNING: T2 [S136] END reason=stuck-low step=50 y=63 startY=60 roseReal=false giveUp=true pos=207,63,137 walls=2/2/3 sky=14 place=17 boxed=false hold=true cool=240 ban=240 startY=60 step=50
[02:44:06] [main/INFO] (Minecraft) [CHAT] §2§l§o[TenorClef] §cT2 [S136] END reason=stuck-low step=50 y=63 startY=60 roseReal=false giveUp=true pos=207,63,137 walls=2/2/3 sky=14 place=17 boxed=false hold=true cool=240 ban=240 startY=60 step=50§r
[02:44:06] [main/INFO] (Minecraft) [CHAT] §2§l§o[TenorClef] §rT2 [HIST] 1:23.8 FORCE S136 END reason=stuck-low step=50 y=63 startY=60 roseReal=false giveUp=true pos=207,63,137 walls=2/2/3 sky=14 place=17 boxed=false hold=true cool=240 ban=240 startY=60 step=50
[02:44:06] [main/INFO] (Minecraft) [CHAT] §2§l§o[TenorClef] §rT2 [HIST] 1:23.8 PILLAR END stuck-low step=50 y=63 startY=60
[02:44:06] [main/INFO] (Minecraft) [CHAT] §2§l§o[TenorClef] §rT2 [NOW] t=1:23.8 ph=IRON @207,63,137 do=<T2 pillar-out>  eq=cobblestone woodpick=1 stonepick=1 pick=0 iron=0 buck=0
[02:44:06] [main/INFO] (Minecraft) [CHAT] §2§l§o[TenorClef] §rT2 [HIST] 1:23.8 WHY iron: smelt 8 in one furnace
[02:44:06] [main/INFO] (Minecraft) [STDOUT]: ALTO CLEF: WARNING: T2 [S136] stick drop pillar -> CollectIronIngotTask finished=true hold=false cool=239 end=stuck-low step=50 y=63 startY=60 pos=207,63,137 walls=2/2/3 sky=14 place=17 boxed=false hold=false cool=239 ban=239 startY=- step=0
[02:44:06] [main/INFO] (Minecraft) [CHAT] §2§l§o[TenorClef] §cT2 [S136] stick drop pillar -> CollectIronIngotTask finished=true hold=false cool=239 end=stuck-low step=50 y=63 startY=60 pos=207,63,137 walls=2/2/3 sky=14 place=17 boxed=false hold=false cool=239 ban=239 startY=- step=0§r
[02:44:06] [main/INFO] (Minecraft) [CHAT] §2§l§o[TenorClef] §rT2 [HIST] 1:23.8 FORCE S136 stick drop pillar -> CollectIronIngotTask finished=true hold=false cool=239 end=stuck-low step=50 y=63 startY=60 pos=207,63,137 walls=2/2/3 sky=14 place=17 boxed=false hold=false cool=239 ban=239 startY=- step=0
[02:44:06] [main/INFO] (Minecraft) [CHAT] §2§l§o[TenorClef] §rT2 [HIST] 1:23.8 CHILD HolePillarTask -> CollectIronIngotTask ph=IRON @207,63,137 sky=14 wet=false ground=true pick=0 buck=0 iron=0 ore=2 rods=0 pearls=0 eyes=0
[02:44:06] [main/INFO] (Minecraft) [STDOUT]: ALTO CLEF: WARNING: T2 [S136] onStop interrupt=CollectIronIngotTask finishWhy=givingUp cool=239 lastEnd=stuck-low step=50 y=63 startY=60 pos=207,63,137 walls=2/2/3 sky=14 place=17 boxed=false hold=false cool=239 ban=239 startY=- step=0
[02:44:06] [main/INFO] (Minecraft) [CHAT] §2§l§o[TenorClef] §cT2 [S136] onStop interrupt=CollectIronIngotTask finishWhy=givingUp cool=239 lastEnd=stuck-low step=50 y=63 startY=60 pos=207,63,137 walls=2/2/3 sky=14 place=17 boxed=false hold=false cool=239 ban=239 startY=- step=0§r
[02:44:06] [main/INFO] (Minecraft) [CHAT] §2§l§o[TenorClef] §rT2 [HIST] 1:23.8 FORCE S136 onStop interrupt=CollectIronIngotTask finishWhy=givingUp cool=239 lastEnd=stuck-low step=50 y=63 startY=60 pos=207,63,137 walls=2/2/3 sky=14 place=17 boxed=false hold=false cool=239 ban=239 startY=- step=0
[02:44:06] [main/INFO] (Minecraft) [CHAT] §2§l§o[TenorClef] §rMineAndCollect: equip item.minecraft.stone_pickaxe for block.minecraft.iron_ore
[02:44:07] [main/INFO] (Minecraft) [CHAT] §2§l§o[TenorClef] §rT2 [NOW] t=1:24.8 ph=IRON @207,63,137 do=<Collecting 8 iron.: [[iron_ingot] x 8]>  eq=stone_pickaxe woodpick=1 stonepick=1 pick=0 iron=0 buck=0
[02:44:08] [main/INFO] (Minecraft) [CHAT] §2§l§o[TenorClef] §rT2 [HIST] 1:25.3 SNAP ph=IRON @207,62,137 sky=14 wet=false ground=true pick=0 buck=0 iron=0 ore=2 rods=0 pearls=0 eyes=0 child=CollectIronIngotTask dbg=<Collecting 8 iron.: [[iron_ingot] x 8]>  mobs=none
[02:44:08] [main/INFO] (Minecraft) [CHAT] §2§l§o[TenorClef] §rT2 [NOW] t=1:25.8 ph=IRON @207,62,137 do=<Collecting 8 iron.: [[iron_ingot] x 8]>  eq=stone_pickaxe woodpick=1 stonepick=1 pick=0 iron=0 buck=0
[02:44:09] [main/INFO] (Minecraft) [CHAT] §2§l§o[TenorClef] §rT2 [NOW] t=1:26.8 ph=IRON @207,62,137 do=<Collecting 8 iron.: [[iron_ingot] x 8]>  eq=stone_pickaxe woodpick=1 stonepick=1 pick=0 iron=0 buck=0
[02:44:10] [main/INFO] (Minecraft) [STDOUT]: ALTO CLEF: WARNING: T2 [E100] jumps=6 @207,61,137 ph=IRON child=CollectIronIngotTask
[02:44:10] [main/INFO] (Minecraft) [CHAT] §2§l§o[TenorClef] §cT2 [E100] jumps=6 @207,61,137 ph=IRON child=CollectIronIngotTask§r
[02:44:10] [main/INFO] (Minecraft) [CHAT] §2§l§o[TenorClef] §rT2 [HIST] 1:27.8 [E100] jumps=6 @207,61,137 ph=IRON child=CollectIronIngotTask
[02:44:10] [main/INFO] (Minecraft) [CHAT] §2§l§o[TenorClef] §rT2 [NOW] t=1:27.8 ph=IRON @207,61,137 do=<Collecting 8 iron.: [[iron_ingot] x 8]>  eq=stone_pickaxe woodpick=1 stonepick=1 pick=0 iron=0 buck=0
[02:44:10] [main/INFO] (Minecraft) [CHAT] §2§l§o[TenorClef] §rT2 [HIST] 1:27.8 WHY iron: smelt 8 in one furnace
[02:44:10] [main/INFO] (Minecraft) [CHAT] §2§l§o[TenorClef] §rT2 [HIST] 1:27.8 SNAP ph=IRON @207,61,137 sky=14 wet=false ground=true pick=0 buck=0 iron=0 ore=3 rods=0 pearls=0 eyes=0 child=CollectIronIngotTask dbg=<Collecting 8 iron.: [[iron_ingot] x 8]>  mobs=none
[02:44:11] [main/INFO] (Minecraft) [CHAT] §2§l§o[TenorClef] §rT2 [NOW] t=1:28.8 ph=IRON @207,61,137 do=<Collecting 8 iron.: [[iron_ingot] x 8]>  eq=stone_pickaxe woodpick=1 stonepick=1 pick=0 iron=0 buck=0
[02:44:12] [main/INFO] (Minecraft) [CHAT] §2§l§o[TenorClef] §rT2 [NOW] t=1:29.8 ph=IRON @207,61,137 do=<Collecting 8 iron.: [[iron_ingot] x 8]>  eq=stone_pickaxe woodpick=1 stonepick=1 pick=0 iron=0 buck=0
[02:44:13] [main/INFO] (Minecraft) [CHAT] §2§l§o[TenorClef] §rT2 [HIST] 1:30.3 SNAP ph=IRON @207,61,137 sky=14 wet=false ground=true pick=0 buck=0 iron=0 ore=3 rods=0 pearls=0 eyes=0 child=CollectIronIngotTask dbg=<Collecting 8 iron.: [[iron_ingot] x 8]>  mobs=none
[02:44:13] [main/INFO] (Minecraft) [CHAT] §2§l§o[TenorClef] §rT2 [NOW] t=1:30.8 ph=IRON @207,61,137 do=<Collecting 8 iron.: [[iron_ingot] x 8]>  eq=stone_pickaxe woodpick=1 stonepick=1 pick=0 iron=0 buck=0
[02:44:14] [main/INFO] (Minecraft) [CHAT] §2§l§o[TenorClef] §rT2 [NOW] t=1:31.8 ph=IRON @207,61,137 do=<Collecting 8 iron.: [[iron_ingot] x 8]>  eq=stone_pickaxe woodpick=1 stonepick=1 pick=0 iron=0 buck=0
[02:44:15] [main/INFO] (Minecraft) [CHAT] §2§l§o[TenorClef] §rT2 [NOW] t=1:32.8 ph=IRON @207,61,137 do=<Collecting 8 iron.: [[iron_ingot] x 8]>  eq=stone_pickaxe woodpick=1 stonepick=1 pick=0 iron=0 buck=0
[02:44:15] [main/INFO] (Minecraft) [CHAT] §2§l§o[TenorClef] §rT2 [HIST] 1:32.8 SNAP ph=IRON @207,61,137 sky=14 wet=false ground=true pick=0 buck=0 iron=0 ore=5 rods=0 pearls=0 eyes=0 child=CollectIronIngotTask dbg=<Collecting 8 iron.: [[iron_ingot] x 8]>  mobs=none
[02:44:16] [main/INFO] (Minecraft) [CHAT] §2§l§o[TenorClef] §rT2 [NOW] t=1:33.8 ph=IRON @207,61,137 do=<Collecting 8 iron.: [[iron_ingot] x 8]>  eq=stone_pickaxe woodpick=1 stonepick=1 pick=0 iron=0 buck=0
[02:44:17] [main/INFO] (Minecraft) [CHAT] §2§l§o[TenorClef] §rT2 [NOW] t=1:34.8 ph=IRON @206,61,137 do=<Collecting 8 iron.: [[iron_ingot] x 8]>  eq=stone_pickaxe woodpick=1 stonepick=1 pick=0 iron=0 buck=0
[02:44:18] [main/INFO] (Minecraft) [CHAT] §2§l§o[TenorClef] §rT2 [HIST] 1:35.3 SNAP ph=IRON @207,61,137 sky=14 wet=false ground=true pick=0 buck=0 iron=0 ore=7 rods=0 pearls=0 eyes=0 child=CollectIronIngotTask dbg=<Collecting 8 iron.: [[iron_ingot] x 8]>  mobs=none
[02:44:18] [main/INFO] (Minecraft) [STDOUT]: ALTO CLEF: WARNING: T2 [S134] pillar cool expire after flips=5 end=stuck-low step=50 y=63 startY=60
[02:44:18] [main/INFO] (Minecraft) [CHAT] §2§l§o[TenorClef] §cT2 [S134] pillar cool expire after flips=5 end=stuck-low step=50 y=63 startY=60§r
[02:44:18] [main/INFO] (Minecraft) [CHAT] §2§l§o[TenorClef] §rT2 [HIST] 1:35.8 FORCE S134 pillar cool expire after flips=5 end=stuck-low step=50 y=63 startY=60
[02:44:18] [main/INFO] (Minecraft) [CHAT] §2§l§o[TenorClef] §rT2 [HIST] 1:35.8 WHY iron: smelt 8 in one furnace
[02:44:18] [main/INFO] (Minecraft) [CHAT] §2§l§o[TenorClef] §rT2 [NOW] t=1:35.8 ph=IRON @207,60,138 do=<Collecting 8 iron.: [[iron_ingot] x 8]>  eq=stone_pickaxe woodpick=1 stonepick=1 pick=0 iron=0 buck=0
[02:44:19] [main/INFO] (Minecraft) [STDOUT]: ALTO CLEF: WARNING: T2 [S135] S130 suppressed why=would-S130 but busy cool=0 flips=3 sameXz=17 child=CollectIronIngotTask cool=0 ban=44 hold=false pos=207,59,138 walls=4/4/4 sky=11 place=20 boxed=true hold=false cool=0 ban=44 startY=- step=0
[02:44:19] [main/INFO] (Minecraft) [CHAT] §2§l§o[TenorClef] §cT2 [S135] S130 suppressed why=would-S130 but busy cool=0 flips=3 sameXz=17 child=CollectIronIngotTask cool=0 ban=44 hold=false pos=207,59,138 walls=4/4/4 sky=11 place=20 boxed=true hold=false cool=0 ban=44 startY=- step=0§r
[02:44:19] [main/INFO] (Minecraft) [CHAT] §2§l§o[TenorClef] §rT2 [HIST] 1:36.6 FORCE S135 S130 suppressed why=would-S130 but busy cool=0 flips=3 sameXz=17 child=CollectIronIngotTask cool=0 ban=44 hold=false pos=207,59,138 walls=4/4/4 sky=11 place=20 boxed=true hold=false cool=0 ban=44 startY=- step=0
[02:44:19] [main/INFO] (Minecraft) [CHAT] §2§l§o[TenorClef] §rT2 [NOW] t=1:36.8 ph=IRON @207,59,138 do=<Collecting 8 iron.: [[iron_ingot] x 8]>  eq=stone_pickaxe woodpick=1 stonepick=1 pick=0 iron=0 buck=0
[02:44:20] [main/INFO] (Minecraft) [STDOUT]: ALTO CLEF: WARNING: T2 [S138] shaft ban clear left-y ban=207,63,137 now=207,58,138 manh=1 dy=5 left=31
[02:44:20] [main/INFO] (Minecraft) [CHAT] §2§l§o[TenorClef] §cT2 [S138] shaft ban clear left-y ban=207,63,137 now=207,58,138 manh=1 dy=5 left=31§r
[02:44:20] [main/INFO] (Minecraft) [CHAT] §2§l§o[TenorClef] §rT2 [HIST] 1:37.3 FORCE S138 shaft ban clear left-y ban=207,63,137 now=207,58,138 manh=1 dy=5 left=31
[02:44:20] [main/INFO] (Minecraft) [STDOUT]: ALTO CLEF: WARNING: T2 [S130] START trigger=flips=4 ph=IRON prev=CollectIronIngotTask cycle=1 pos=207,58,138 walls=4/4/4 sky=10 place=21 boxed=true hold=false cool=0 ban=0 startY=58 step=0
[02:44:20] [main/INFO] (Minecraft) [CHAT] §2§l§o[TenorClef] §cT2 [S130] START trigger=flips=4 ph=IRON prev=CollectIronIngotTask cycle=1 pos=207,58,138 walls=4/4/4 sky=10 place=21 boxed=true hold=false cool=0 ban=0 startY=58 step=0§r
[02:44:20] [main/INFO] (Minecraft) [CHAT] §2§l§o[TenorClef] §rT2 [HIST] 1:37.3 FORCE S130 START trigger=flips=4 ph=IRON prev=CollectIronIngotTask cycle=1 pos=207,58,138 walls=4/4/4 sky=10 place=21 boxed=true hold=false cool=0 ban=0 startY=58 step=0
[02:44:20] [main/INFO] (Minecraft) [CHAT] §2§l§o[TenorClef] §rT2 [HIST] 1:37.3 PILLAR START flips=4 prev=CollectIronIngotTask
[02:44:20] [main/INFO] (Minecraft) [CHAT] §2§l§o[TenorClef] §rT2 [HIST] 1:37.3 SOLVE S130 pillar-out @207,58,138 ph=IRON flips=4
[02:44:20] [main/INFO] (Minecraft) [CHAT] §2§l§o[TenorClef] §rT2 [HIST] 1:37.3 CHILD CollectIronIngotTask -> HolePillarTask ph=IRON @207,58,138 sky=10 wet=false ground=false pick=0 buck=0 iron=0 ore=7 rods=0 pearls=0 eyes=0
[02:44:20] [main/INFO] (Minecraft) [STDOUT]: ALTO CLEF: WARNING: T2 [S130] tick y=58 slot=1 air=true pos=207,58,138 walls=4/4/4 sky=10 place=21 boxed=true hold=true cool=0 ban=0 startY=58 step=1
[02:44:20] [main/INFO] (Minecraft) [CHAT] §2§l§o[TenorClef] §cT2 [S130] tick y=58 slot=1 air=true pos=207,58,138 walls=4/4/4 sky=10 place=21 boxed=true hold=true cool=0 ban=0 startY=58 step=1§r
[02:44:20] [main/INFO] (Minecraft) [CHAT] §2§l§o[TenorClef] §rT2 [HIST] 1:37.3 FORCE S130 tick y=58 slot=1 air=true pos=207,58,138 walls=4/4/4 sky=10 place=21 boxed=true hold=true cool=0 ban=0 startY=58 step=1
[02:44:20] [main/INFO] (Minecraft) [CHAT] §2§l§o[TenorClef] §rT2 [NOW] t=1:37.8 ph=IRON @207,59,138 do=<T2 pillar-out>  eq=cobblestone woodpick=1 stonepick=1 pick=0 iron=0 buck=0
[02:44:21] [main/INFO] (Minecraft) [STDOUT]: ALTO CLEF: WARNING: T2 [S180] marginal escape +2y free at y=60 startY=58 pos=207,60,138 walls=4/2/4 sky=12 place=21 boxed=false hold=true cool=0 ban=0 startY=58 step=17
[02:44:21] [main/INFO] (Minecraft) [CHAT] §2§l§o[TenorClef] §cT2 [S180] marginal escape +2y free at y=60 startY=58 pos=207,60,138 walls=4/2/4 sky=12 place=21 boxed=false hold=true cool=0 ban=0 startY=58 step=17§r
[02:44:21] [main/INFO] (Minecraft) [CHAT] §2§l§o[TenorClef] §rT2 [HIST] 1:38.1 FORCE S180 marginal escape +2y free at y=60 startY=58 pos=207,60,138 walls=4/2/4 sky=12 place=21 boxed=false hold=true cool=0 ban=0 startY=58 step=17
[02:44:21] [main/INFO] (Minecraft) [STDOUT]: ALTO CLEF: WARNING: T2 [S139] rise pending +2y t=1 y=60 startY=58
[02:44:21] [main/INFO] (Minecraft) [CHAT] §2§l§o[TenorClef] §cT2 [S139] rise pending +2y t=1 y=60 startY=58§r
[02:44:21] [main/INFO] (Minecraft) [CHAT] §2§l§o[TenorClef] §rT2 [HIST] 1:38.1 FORCE S139 rise pending +2y t=1 y=60 startY=58
[02:44:21] [main/INFO] (Minecraft) [STDOUT]: ALTO CLEF: WARNING: T2 [S130] tick y=60 slot=1 air=true pos=207,60,138 walls=4/2/4 sky=12 place=20 boxed=false hold=true cool=0 ban=0 startY=58 step=21
[02:44:21] [main/INFO] (Minecraft) [CHAT] §2§l§o[TenorClef] §cT2 [S130] tick y=60 slot=1 air=true pos=207,60,138 walls=4/2/4 sky=12 place=20 boxed=false hold=true cool=0 ban=0 startY=58 step=21§r
[02:44:21] [main/INFO] (Minecraft) [CHAT] §2§l§o[TenorClef] §rT2 [HIST] 1:38.3 FORCE S130 tick y=60 slot=1 air=true pos=207,60,138 walls=4/2/4 sky=12 place=20 boxed=false hold=true cool=0 ban=0 startY=58 step=21
[02:44:21] [main/INFO] (Minecraft) [CHAT] §2§l§o[TenorClef] §rT2 [HIST] 1:38.4 SNAP ph=IRON @207,60,138 sky=12 wet=false ground=false pick=0 buck=0 iron=0 ore=7 rods=0 pearls=0 eyes=0 child=HolePillarTask dbg=<T2 pillar-out>  mobs=none
[02:44:21] [main/INFO] (Minecraft) [STDOUT]: ALTO CLEF: WARNING: T2 [S141] hop not sustained +3y cleared=10t y=61 startY=58 pos=207,61,138 walls=2/3/4 sky=13 place=20 boxed=false hold=true cool=0 ban=0 startY=58 step=27
[02:44:21] [main/INFO] (Minecraft) [CHAT] §2§l§o[TenorClef] §cT2 [S141] hop not sustained +3y cleared=10t y=61 startY=58 pos=207,61,138 walls=2/3/4 sky=13 place=20 boxed=false hold=true cool=0 ban=0 startY=58 step=27§r
[02:44:21] [main/INFO] (Minecraft) [CHAT] §2§l§o[TenorClef] §rT2 [HIST] 1:38.6 FORCE S141 hop not sustained +3y cleared=10t y=61 startY=58 pos=207,61,138 walls=2/3/4 sky=13 place=20 boxed=false hold=true cool=0 ban=0 startY=58 step=27
[02:44:21] [main/INFO] (Minecraft) [CHAT] §2§l§o[TenorClef] §rT2 [NOW] t=1:38.8 ph=IRON @207,61,138 do=<T2 pillar-out>  eq=cobblestone woodpick=1 stonepick=1 pick=0 iron=0 buck=0
[02:44:22] [main/INFO] (Minecraft) [STDOUT]: ALTO CLEF: WARNING: T2 [S130] tick y=61 slot=1 air=false pos=207,61,138 walls=2/3/4 sky=13 place=19 boxed=false hold=true cool=0 ban=0 startY=58 step=41
[02:44:22] [main/INFO] (Minecraft) [CHAT] §2§l§o[TenorClef] §cT2 [S130] tick y=61 slot=1 air=false pos=207,61,138 walls=2/3/4 sky=13 place=19 boxed=false hold=true cool=0 ban=0 startY=58 step=41§r
[02:44:22] [main/INFO] (Minecraft) [CHAT] §2§l§o[TenorClef] §rT2 [HIST] 1:39.3 FORCE S130 tick y=61 slot=1 air=false pos=207,61,138 walls=2/3/4 sky=13 place=19 boxed=false hold=true cool=0 ban=0 startY=58 step=41
[02:44:22] [main/INFO] (Minecraft) [STDOUT]: ALTO CLEF: WARNING: T2 [E100] jumps=15 @207,61,138 ph=IRON child=HolePillarTask
[02:44:22] [main/INFO] (Minecraft) [CHAT] §2§l§o[TenorClef] §cT2 [E100] jumps=15 @207,61,138 ph=IRON child=HolePillarTask§r
[02:44:22] [main/INFO] (Minecraft) [CHAT] §2§l§o[TenorClef] §rT2 [HIST] 1:39.5 [E100] jumps=15 @207,61,138 ph=IRON child=HolePillarTask
[02:44:22] [main/INFO] (Minecraft) [STDOUT]: ALTO CLEF: WARNING: T2 [S133] cool arm ticks=240 reason=stuck-low step=50 y=61 startY=58 ban=207,61,138 pos=207,61,138 walls=2/3/4 sky=13 place=19 boxed=false hold=true cool=240 ban=240 startY=58 step=50
[02:44:22] [main/INFO] (Minecraft) [CHAT] §2§l§o[TenorClef] §cT2 [S133] cool arm ticks=240 reason=stuck-low step=50 y=61 startY=58 ban=207,61,138 pos=207,61,138 walls=2/3/4 sky=13 place=19 boxed=false hold=true cool=240 ban=240 startY=58 step=50§r
[02:44:22] [main/INFO] (Minecraft) [CHAT] §2§l§o[TenorClef] §rT2 [HIST] 1:39.8 FORCE S133 cool arm ticks=240 reason=stuck-low step=50 y=61 startY=58 ban=207,61,138 pos=207,61,138 walls=2/3/4 sky=13 place=19 boxed=false hold=true cool=240 ban=240 startY=58 step=50
[02:44:22] [main/INFO] (Minecraft) [STDOUT]: ALTO CLEF: WARNING: T2 [S136] END reason=stuck-low step=50 y=61 startY=58 roseReal=false giveUp=true pos=207,61,138 walls=2/3/4 sky=13 place=19 boxed=false hold=true cool=240 ban=240 startY=58 step=50
[02:44:22] [main/INFO] (Minecraft) [CHAT] §2§l§o[TenorClef] §cT2 [S136] END reason=stuck-low step=50 y=61 startY=58 roseReal=false giveUp=true pos=207,61,138 walls=2/3/4 sky=13 place=19 boxed=false hold=true cool=240 ban=240 startY=58 step=50§r
[02:44:22] [main/INFO] (Minecraft) [CHAT] §2§l§o[TenorClef] §rT2 [HIST] 1:39.8 FORCE S136 END reason=stuck-low step=50 y=61 startY=58 roseReal=false giveUp=true pos=207,61,138 walls=2/3/4 sky=13 place=19 boxed=false hold=true cool=240 ban=240 startY=58 step=50
[02:44:22] [main/INFO] (Minecraft) [CHAT] §2§l§o[TenorClef] §rT2 [HIST] 1:39.8 PILLAR END stuck-low step=50 y=61 startY=58
[02:44:22] [main/INFO] (Minecraft) [CHAT] §2§l§o[TenorClef] §rT2 [NOW] t=1:39.8 ph=IRON @207,61,138 do=<T2 pillar-out>  eq=cobblestone woodpick=1 stonepick=1 pick=0 iron=0 buck=0
[02:44:22] [main/INFO] (Minecraft) [CHAT] §2§l§o[TenorClef] §rT2 [HIST] 1:39.8 WHY iron: smelt 8 in one furnace
[02:44:22] [main/INFO] (Minecraft) [STDOUT]: ALTO CLEF: WARNING: T2 [S136] stick drop pillar -> CollectIronIngotTask finished=true hold=false cool=239 end=stuck-low step=50 y=61 startY=58 pos=207,61,138 walls=2/3/4 sky=13 place=19 boxed=false hold=false cool=239 ban=239 startY=- step=0
[02:44:22] [main/INFO] (Minecraft) [CHAT] §2§l§o[TenorClef] §cT2 [S136] stick drop pillar -> CollectIronIngotTask finished=true hold=false cool=239 end=stuck-low step=50 y=61 startY=58 pos=207,61,138 walls=2/3/4 sky=13 place=19 boxed=false hold=false cool=239 ban=239 startY=- step=0§r
[02:44:22] [main/INFO] (Minecraft) [CHAT] §2§l§o[TenorClef] §rT2 [HIST] 1:39.8 FORCE S136 stick drop pillar -> CollectIronIngotTask finished=true hold=false cool=239 end=stuck-low step=50 y=61 startY=58 pos=207,61,138 walls=2/3/4 sky=13 place=19 boxed=false hold=false cool=239 ban=239 startY=- step=0
[02:44:22] [main/INFO] (Minecraft) [CHAT] §2§l§o[TenorClef] §rT2 [HIST] 1:39.8 CHILD HolePillarTask -> CollectIronIngotTask ph=IRON @207,61,138 sky=13 wet=false ground=true pick=0 buck=0 iron=0 ore=7 rods=0 pearls=0 eyes=0
[02:44:22] [main/INFO] (Minecraft) [STDOUT]: ALTO CLEF: WARNING: T2 [S136] onStop interrupt=CollectIronIngotTask finishWhy=givingUp cool=239 lastEnd=stuck-low step=50 y=61 startY=58 pos=207,61,138 walls=2/3/4 sky=13 place=19 boxed=false hold=false cool=239 ban=239 startY=- step=0
[02:44:22] [main/INFO] (Minecraft) [CHAT] §2§l§o[TenorClef] §cT2 [S136] onStop interrupt=CollectIronIngotTask finishWhy=givingUp cool=239 lastEnd=stuck-low step=50 y=61 startY=58 pos=207,61,138 walls=2/3/4 sky=13 place=19 boxed=false hold=false cool=239 ban=239 startY=- step=0§r
[02:44:22] [main/INFO] (Minecraft) [CHAT] §2§l§o[TenorClef] §rT2 [HIST] 1:39.8 FORCE S136 onStop interrupt=CollectIronIngotTask finishWhy=givingUp cool=239 lastEnd=stuck-low step=50 y=61 startY=58 pos=207,61,138 walls=2/3/4 sky=13 place=19 boxed=false hold=false cool=239 ban=239 startY=- step=0
[02:44:22] [main/INFO] (Minecraft) [CHAT] §2§l§o[TenorClef] §rMineAndCollect: equip item.minecraft.stone_pickaxe for block.minecraft.iron_ore
[02:44:23] [main/INFO] (Minecraft) [STDOUT]: ALTO CLEF: WARNING: T2 [S138] shaft ban clear left-xz ban=207,61,138 now=206,61,137 manh=2 dy=0 left=232
[02:44:23] [main/INFO] (Minecraft) [CHAT] §2§l§o[TenorClef] §cT2 [S138] shaft ban clear left-xz ban=207,61,138 now=206,61,137 manh=2 dy=0 left=232§r
[02:44:23] [main/INFO] (Minecraft) [CHAT] §2§l§o[TenorClef] §rT2 [HIST] 1:40.2 FORCE S138 shaft ban clear left-xz ban=207,61,138 now=206,61,137 manh=2 dy=0 left=232
[02:44:23] [main/INFO] (Minecraft) [CHAT] §2§l§o[TenorClef] §rT2 [NOW] t=1:40.8 ph=IRON @206,61,137 do=<Collecting 8 iron.: [[iron_ingot] x 8]>  eq=stone_pickaxe woodpick=1 stonepick=1 pick=0 iron=0 buck=0
[02:44:24] [main/INFO] (Minecraft) [CHAT] §2§l§o[TenorClef] §rT2 [HIST] 1:41.6 SNAP ph=IRON @206,60,137 sky=15 wet=false ground=true pick=0 buck=0 iron=0 ore=7 rods=0 pearls=0 eyes=0 child=CollectIronIngotTask dbg=<Collecting 8 iron.: [[iron_ingot] x 8]>  mobs=none
[02:44:24] [main/INFO] (Minecraft) [CHAT] §2§l§o[TenorClef] §rT2 [HB] t=1:41.6 ph=IRON y=60 child=CollectIronIngotTask logs=3 pick=0 woodpick=1
[02:44:24] [main/INFO] (Minecraft) [CHAT] §2§l§o[TenorClef] §rT2 [NOW] t=1:41.8 ph=IRON @206,60,137 do=<Collecting 8 iron.: [[iron_ingot] x 8]>  eq=stone_pickaxe woodpick=1 stonepick=1 pick=0 iron=0 buck=0
[02:44:25] [main/INFO] (Minecraft) [CHAT] §2§l§o[TenorClef] §rT2 [NOW] t=1:42.8 ph=IRON @206,59,137 do=<Collecting 8 iron.: [[iron_ingot] x 8]>  eq=stone_pickaxe woodpick=1 stonepick=1 pick=0 iron=0 buck=0
[02:44:25] [main/INFO] (Minecraft) [STDOUT]: ALTO CLEF: WARNING: T2 [S135] S130 suppressed why=jump-pit-busy child=CollectIronIngotTask cool=174 ban=0 hold=false pos=206,58,137 walls=4/4/4 sky=15 place=21 boxed=false hold=false cool=174 ban=0 startY=- step=0
[02:44:25] [main/INFO] (Minecraft) [CHAT] §2§l§o[TenorClef] §cT2 [S135] S130 suppressed why=jump-pit-busy child=CollectIronIngotTask cool=174 ban=0 hold=false pos=206,58,137 walls=4/4/4 sky=15 place=21 boxed=false hold=false cool=174 ban=0 startY=- step=0§r
[02:44:25] [main/INFO] (Minecraft) [CHAT] §2§l§o[TenorClef] §rT2 [HIST] 1:43.1 FORCE S135 S130 suppressed why=jump-pit-busy child=CollectIronIngotTask cool=174 ban=0 hold=false pos=206,58,137 walls=4/4/4 sky=15 place=21 boxed=false hold=false cool=174 ban=0 startY=- step=0
[02:44:25] [main/INFO] (Minecraft) [STDOUT]: ALTO CLEF: WARNING: T2 [S100] stop jump-walk @206,137 ph=IRON child=CollectIronIngotTask esc=0
[02:44:25] [main/INFO] (Minecraft) [CHAT] §2§l§o[TenorClef] §cT2 [S100] stop jump-walk @206,137 ph=IRON child=CollectIronIngotTask esc=0§r
[02:44:25] [main/INFO] (Minecraft) [CHAT] §2§l§o[TenorClef] §rT2 [HIST] 1:43.1 SOLVE S100 stop jump-walk @206,137 ph=IRON child=CollectIronIngotTask esc=0
[02:44:26] [main/INFO] (Minecraft) [CHAT] §2§l§o[TenorClef] §rT2 [NOW] t=1:43.8 ph=IRON @206,57,137 do=<Collecting 8 iron.: [[iron_ingot] x 8]>  eq=stone_pickaxe woodpick=1 stonepick=1 pick=0 iron=0 buck=0
[02:44:26] [main/INFO] (Minecraft) [CHAT] §2§l§o[TenorClef] §rT2 [HIST] 1:43.8 WHY iron: smelt 8 in one furnace
[02:44:26] [main/INFO] (Minecraft) [CHAT] §2§l§o[TenorClef] §rT2 [HIST] 1:44.1 SNAP ph=IRON @206,57,137 sky=15 wet=false ground=true pick=0 buck=0 iron=0 ore=7 rods=0 pearls=0 eyes=0 child=CollectIronIngotTask dbg=<Collecting 8 iron.: [[iron_ingot] x 8]>  mobs=none
[02:44:27] [main/INFO] (Minecraft) [CHAT] §2§l§o[TenorClef] §rT2 [HIST] 1:44.3 [E100] jumps=8 @206,57,137 ph=IRON child=CollectIronIngotTask
[02:44:27] [main/INFO] (Minecraft) [CHAT] §2§l§o[TenorClef] §rT2 [NOW] t=1:44.8 ph=IRON @206,56,137 do=<Collecting 8 iron.: [[iron_ingot] x 8]>  eq=stone_pickaxe woodpick=1 stonepick=1 pick=0 iron=0 buck=0
[02:44:28] [main/INFO] (Minecraft) [CHAT] §2§l§o[TenorClef] §rT2 [NOW] t=1:45.8 ph=IRON @206,55,137 do=<Collecting 8 iron.: [[iron_ingot] x 8]>  eq=stone_pickaxe woodpick=1 stonepick=1 pick=0 iron=0 buck=0
[02:44:28] [main/INFO] (Minecraft) [STDOUT]: ALTO CLEF: WARNING: T2 [S135] S130 suppressed why=jump-pit-busy child=CollectIronIngotTask cool=119 ban=0 hold=false pos=206,55,137 walls=4/4/4 sky=15 place=24 boxed=false hold=false cool=119 ban=0 startY=- step=0
[02:44:28] [main/INFO] (Minecraft) [CHAT] §2§l§o[TenorClef] §cT2 [S135] S130 suppressed why=jump-pit-busy child=CollectIronIngotTask cool=119 ban=0 hold=false pos=206,55,137 walls=4/4/4 sky=15 place=24 boxed=false hold=false cool=119 ban=0 startY=- step=0§r
[02:44:28] [main/INFO] (Minecraft) [CHAT] §2§l§o[TenorClef] §rT2 [HIST] 1:45.8 FORCE S135 S130 suppressed why=jump-pit-busy child=CollectIronIngotTask cool=119 ban=0 hold=false pos=206,55,137 walls=4/4/4 sky=15 place=24 boxed=false hold=false cool=119 ban=0 startY=- step=0
[02:44:28] [main/INFO] (Minecraft) [STDOUT]: ALTO CLEF: WARNING: T2 [S144] jump-stuck collector — replace CollectIronIngotTask with wander (esc=2)
[02:44:28] [main/INFO] (Minecraft) [CHAT] §2§l§o[TenorClef] §cT2 [S144] jump-stuck collector — replace CollectIronIngotTask with wander (esc=2)§r
[02:44:28] [main/INFO] (Minecraft) [CHAT] §2§l§o[TenorClef] §rT2 [HIST] 1:45.8 SOLVE S144 jump-stuck collector — replace CollectIronIngotTask with wander (esc=2)
[02:44:28] [main/INFO] (Minecraft) [CHAT] §2§l§o[TenorClef] §rT2 [HIST] 1:45.8 CHILD CollectIronIngotTask -> TimeoutWanderTask ph=IRON @206,55,137 sky=15 wet=false ground=true pick=0 buck=0 iron=0 ore=7 rods=0 pearls=0 eyes=0
[02:44:29] [pool-5-thread-4/INFO] (Minecraft) [STDOUT]: 563200 movements considered
[02:44:29] [pool-5-thread-4/INFO] (Minecraft) [STDOUT]: Open set size: 14547
[02:44:29] [pool-5-thread-4/INFO] (Minecraft) [STDOUT]: PathNode map size: 40147
[02:44:29] [pool-5-thread-4/INFO] (Minecraft) [STDOUT]: 50693 nodes per second
[02:44:29] [pool-5-thread-4/INFO] (Minecraft) [STDOUT]: Path goes for 147.9391766909631 blocks
[02:44:29] [main/INFO] (Minecraft) [STDOUT]: ALTO CLEF: WARNING: T2 [E100] jumps=6 @206,56,137 ph=IRON child=TimeoutWanderTask
[02:44:29] [main/INFO] (Minecraft) [CHAT] §2§l§o[TenorClef] §cT2 [E100] jumps=6 @206,56,137 ph=IRON child=TimeoutWanderTask§r
[02:44:29] [main/INFO] (Minecraft) [CHAT] §2§l§o[TenorClef] §rT2 [HIST] 1:46.8 [E100] jumps=6 @206,56,137 ph=IRON child=TimeoutWanderTask
[02:44:29] [main/INFO] (Minecraft) [CHAT] §2§l§o[TenorClef] §rT2 [NOW] t=1:46.8 ph=IRON @206,56,137 do=<Wander for Infinity blocks> Exploring. eq=dirt woodpick=1 stonepick=1 pick=0 iron=0 buck=0
[02:44:30] [main/INFO] (Minecraft) [CHAT] §2§l§o[TenorClef] §rT2 [HIST] 1:47.3 SNAP ph=IRON @206,57,137 sky=15 wet=false ground=false pick=0 buck=0 iron=0 ore=7 rods=0 pearls=0 eyes=0 child=TimeoutWanderTask dbg=<Wander for Infinity blocks> Exploring. mobs=none
[02:44:30] [main/INFO] (Minecraft) [CHAT] §2§l§o[TenorClef] §rT2 [HB] t=1:47.4 ph=IRON y=58 child=TimeoutWanderTask logs=3 pick=0 woodpick=1
[02:44:30] [main/INFO] (Minecraft) [CHAT] §2§l§o[TenorClef] §rT2 [NOW] t=1:47.8 ph=IRON @206,59,137 do=<Wander for Infinity blocks> Exploring. eq=dirt woodpick=1 stonepick=1 pick=0 iron=0 buck=0
[02:44:31] [main/INFO] (Minecraft) [CHAT] §2§l§o[TenorClef] §rT2 [HIST] 1:48.1 [E100] jumps=6 @206,59,137 ph=IRON child=TimeoutWanderTask
[02:44:31] [main/INFO] (Minecraft) [CHAT] §2§l§o[TenorClef] §rT2 [NOW] t=1:48.8 ph=IRON @206,61,137 do=<Wander for Infinity blocks> Exploring. eq=dirt woodpick=1 stonepick=1 pick=0 iron=0 buck=0
[02:44:32] [main/INFO] (Minecraft) [CHAT] §2§l§o[TenorClef] §rT2 [NOW] t=1:49.8 ph=IRON @207,61,137 do=<Wander for Infinity blocks> Exploring. eq=stone_pickaxe woodpick=1 stonepick=1 pick=0 iron=0 buck=0
[02:44:33] [main/INFO] (Minecraft) [CHAT] §2§l§o[TenorClef] §rT2 [NOW] t=1:50.8 ph=IRON @208,62,137 do=<Wander for Infinity blocks> Exploring. eq=air woodpick=1 stonepick=1 pick=0 iron=0 buck=0
[02:44:34] [main/INFO] (Minecraft) [STDOUT]: ALTO CLEF: WARNING: T2 [S134] pillar cool expire after flips=4 end=stuck-low step=50 y=61 startY=58
[02:44:34] [main/INFO] (Minecraft) [CHAT] §2§l§o[TenorClef] §cT2 [S134] pillar cool expire after flips=4 end=stuck-low step=50 y=61 startY=58§r
[02:44:34] [main/INFO] (Minecraft) [CHAT] §2§l§o[TenorClef] §rT2 [HIST] 1:51.8 FORCE S134 pillar cool expire after flips=4 end=stuck-low step=50 y=61 startY=58
[02:44:34] [main/INFO] (Minecraft) [CHAT] §2§l§o[TenorClef] §rT2 [NOW] t=1:51.8 ph=IRON @209,63,137 do=<Wander for Infinity blocks> Exploring. eq=air woodpick=1 stonepick=1 pick=0 iron=0 buck=0
[02:44:34] [main/INFO] (Minecraft) [STDOUT]: ALTO CLEF: WARNING: T2 [S138] shaft ban clear left-xz ban=207,61,138 now=209,63,137 manh=3 dy=2 left=60
[02:44:34] [main/INFO] (Minecraft) [CHAT] §2§l§o[TenorClef] §cT2 [S138] shaft ban clear left-xz ban=207,61,138 now=209,63,137 manh=3 dy=2 left=60§r
[02:44:34] [main/INFO] (Minecraft) [CHAT] §2§l§o[TenorClef] §rT2 [HIST] 1:51.8 FORCE S138 shaft ban clear left-xz ban=207,61,138 now=209,63,137 manh=3 dy=2 left=60
[02:44:35] [main/INFO] (Minecraft) [CHAT] §2§l§o[TenorClef] §rT2 [HIST] 1:52.3 SNAP ph=IRON @209,63,137 sky=12 wet=false ground=true pick=0 buck=0 iron=0 ore=7 rods=0 pearls=0 eyes=0 child=TimeoutWanderTask dbg=<Wander for Infinity blocks> Exploring. mobs=none
[02:44:35] [main/INFO] (Minecraft) [CHAT] §2§l§o[TenorClef] §rRefreshed inventory...
[02:44:35] [main/INFO] (Minecraft) [CHAT] §2§l§o[TenorClef] §rT2 [NOW] t=1:52.8 ph=IRON @209,63,137 do=<Wander for Infinity blocks> Exploring. eq=air woodpick=1 stonepick=1 pick=0 iron=0 buck=0
[02:44:36] [main/INFO] (Minecraft) [CHAT] §2§l§o[TenorClef] §rT2 [NOW] t=1:53.8 ph=IRON @209,63,137 do=<Wander for Infinity blocks> Exploring. eq=air woodpick=1 stonepick=1 pick=0 iron=0 buck=0
[02:44:36] [main/INFO] (Minecraft) [CHAT] §2§l§o[TenorClef] §rT2 [HIST] 1:53.9 WHY iron: smelt 8 in one furnace
[02:44:36] [main/INFO] (Minecraft) [CHAT] §2§l§o[TenorClef] §rT2 [HIST] 1:53.9 CHILD TimeoutWanderTask -> CollectIronIngotTask ph=IRON @209,64,137 sky=12 wet=false ground=false pick=0 buck=0 iron=0 ore=7 rods=0 pearls=0 eyes=0
[02:44:37] [main/INFO] (Minecraft) [CHAT] §2§l§o[TenorClef] §rT2 [NOW] t=1:54.8 ph=IRON @211,64,137 do=<Collecting 8 iron.: [[iron_ingot] x 8]>  eq=stone_pickaxe woodpick=1 stonepick=1 pick=0 iron=0 buck=0
[02:44:38] [main/INFO] (Minecraft) [CHAT] §2§l§o[TenorClef] §rT2 [HIST] 1:55.6 SNAP ph=IRON @213,63,135 sky=11 wet=false ground=false pick=0 buck=0 iron=0 ore=7 rods=0 pearls=0 eyes=0 child=CollectIronIngotTask dbg=<Collecting 8 iron.: [[iron_ingot] x 8]>  mobs=none
[02:44:38] [main/INFO] (Minecraft) [CHAT] §2§l§o[TenorClef] §rT2 [NOW] t=1:55.8 ph=IRON @214,63,134 do=<Collecting 8 iron.: [[iron_ingot] x 8]>  eq=stone_pickaxe woodpick=1 stonepick=1 pick=0 iron=0 buck=0
[02:44:39] [main/INFO] (Minecraft) Loaded 55 advancements
[02:44:39] [main/INFO] (Minecraft) [CHAT] §2§l§o[TenorClef] §rT2 [NOW] t=1:56.8 ph=IRON @215,62,133 do=<Collecting 8 iron.: [[iron_ingot] x 8]>  eq=dirt woodpick=1 stonepick=1 pick=0 iron=0 buck=0
[02:44:40] [main/INFO] (Minecraft) [CHAT] §2§l§o[TenorClef] §rT2 [NOW] t=1:57.8 ph=IRON @216,63,133 do=<Collecting 8 iron.: [[iron_ingot] x 8]>  eq=stone_pickaxe woodpick=1 stonepick=1 pick=0 iron=0 buck=0
[02:44:40] [main/INFO] (Minecraft) [CHAT] §2§l§o[TenorClef] §rT2 [HIST] 1:58.1 SNAP ph=IRON @216,62,133 sky=12 wet=true ground=false pick=0 buck=0 iron=0 ore=7 rods=0 pearls=0 eyes=0 child=CollectIronIngotTask dbg=<Collecting 8 iron.: [[iron_ingot] x 8]>  mobs=none
[02:44:41] [main/INFO] (Minecraft) [CHAT] §2§l§o[TenorClef] §rT2 [NOW] t=1:58.8 ph=IRON @216,63,133 do=<Collecting 8 iron.: [[iron_ingot] x 8]>  eq=stone_pickaxe woodpick=1 stonepick=1 pick=0 iron=0 buck=0
[02:44:42] [main/INFO] (Minecraft) [CHAT] §2§l§o[TenorClef] §rT2 [NOW] t=1:59.8 ph=IRON @216,62,132 do=<Collecting 8 iron.: [[iron_ingot] x 8]>  eq=dirt woodpick=1 stonepick=1 pick=0 iron=0 buck=0
[02:44:43] [main/INFO] (Minecraft) [CHAT] §2§l§o[TenorClef] §rT2 [HIST] 2:00.6 SNAP ph=IRON @216,63,132 sky=14 wet=false ground=true pick=0 buck=0 iron=0 ore=7 rods=0 pearls=0 eyes=0 child=CollectIronIngotTask dbg=<Collecting 8 iron.: [[iron_ingot] x 8]>  mobs=none
[02:44:43] [main/INFO] (Minecraft) [CHAT] §2§l§o[TenorClef] §rT2 [NOW] t=2:00.8 ph=IRON @216,63,132 do=<Collecting 8 iron.: [[iron_ingot] x 8]>  eq=stone_pickaxe woodpick=1 stonepick=1 pick=0 iron=0 buck=0
[02:44:44] [main/INFO] (Minecraft) [CHAT] §2§l§o[TenorClef] §rT2 [NOW] t=2:01.8 ph=IRON @217,63,132 do=<Collecting 8 iron.: [[iron_ingot] x 8]>  eq=stone_pickaxe woodpick=1 stonepick=1 pick=0 iron=0 buck=0
[02:44:45] [main/INFO] (Minecraft) [CHAT] §2§l§o[TenorClef] §rT2 [NOW] t=2:02.8 ph=IRON @217,62,131 do=<Collecting 8 iron.: [[iron_ingot] x 8]>  eq=cobblestone woodpick=1 stonepick=1 pick=0 iron=0 buck=0
[02:44:45] [main/INFO] (Minecraft) [CHAT] §2§l§o[TenorClef] §rT2 [HIST] 2:03.1 SNAP ph=IRON @217,62,131 sky=14 wet=true ground=false pick=0 buck=0 iron=0 ore=7 rods=0 pearls=0 eyes=0 child=CollectIronIngotTask dbg=<Collecting 8 iron.: [[iron_ingot] x 8]>  mobs=none
[02:44:46] [main/INFO] (Minecraft) [CHAT] §2§l§o[TenorClef] §rT2 [NOW] t=2:03.8 ph=IRON @218,63,131 do=<Collecting 8 iron.: [[iron_ingot] x 8]>  eq=stone_pickaxe woodpick=1 stonepick=1 pick=0 iron=0 buck=0
[02:44:47] [main/INFO] (Minecraft) [CHAT] §2§l§o[TenorClef] §rT2 [NOW] t=2:04.8 ph=IRON @218,63,131 do=<Collecting 8 iron.: [[iron_ingot] x 8]>  eq=stone_pickaxe woodpick=1 stonepick=1 pick=0 iron=0 buck=0
[02:44:48] [main/INFO] (Minecraft) [CHAT] §2§l§o[TenorClef] §rT2 [HIST] 2:05.6 SNAP ph=IRON @219,63,128 sky=15 wet=false ground=true pick=0 buck=0 iron=0 ore=7 rods=0 pearls=0 eyes=0 child=CollectIronIngotTask dbg=<Collecting 8 iron.: [[iron_ingot] x 8]>  mobs=none
[02:44:48] [main/INFO] (Minecraft) [CHAT] §2§l§o[TenorClef] §rT2 [NOW] t=2:05.8 ph=IRON @219,63,128 do=<Collecting 8 iron.: [[iron_ingot] x 8]>  eq=air woodpick=1 stonepick=1 pick=0 iron=0 buck=0
[02:44:49] [main/INFO] (Minecraft) [CHAT] §2§l§o[TenorClef] §rT2 [NOW] t=2:06.8 ph=IRON @219,62,128 do=<Collecting 8 iron.: [[iron_ingot] x 8]>  eq=air woodpick=1 stonepick=1 pick=0 iron=0 buck=0
[02:44:50] [main/INFO] (Minecraft) [CHAT] §2§l§o[TenorClef] §rT2 [NOW] t=2:07.8 ph=IRON @219,62,128 do=<Collecting 8 iron.: [[iron_ingot] x 8]>  eq=dirt woodpick=1 stonepick=1 pick=0 iron=0 buck=0
[02:44:50] [main/INFO] (Minecraft) [CHAT] §2§l§o[TenorClef] §rT2 [HIST] 2:08.1 SNAP ph=IRON @219,61,128 sky=15 wet=false ground=false pick=0 buck=0 iron=0 ore=7 rods=0 pearls=0 eyes=0 child=CollectIronIngotTask dbg=<Collecting 8 iron.: [[iron_ingot] x 8]>  mobs=none
[02:44:51] [main/INFO] (Minecraft) [STDOUT]: ALTO CLEF: WARNING: T2 [E70] iron stall 6s @219,128 — clear blacklist + re-pick ore
[02:44:51] [main/INFO] (Minecraft) [CHAT] §2§l§o[TenorClef] §cT2 [E70] iron stall 6s @219,128 — clear blacklist + re-pick ore§r
[02:44:51] [main/INFO] (Minecraft) [CHAT] §2§l§o[TenorClef] §rT2 [NOW] t=2:08.8 ph=IRON @219,60,128 do=<Collecting 8 iron.: [[iron_ingot] x 8]>  eq=stone_pickaxe woodpick=1 stonepick=1 pick=0 iron=0 buck=0
[02:44:51] [main/INFO] (Minecraft) [STDOUT]: ALTO CLEF: WARNING: T2 [S100] stop jump-walk @219,128 ph=IRON child=CollectIronIngotTask esc=0
[02:44:51] [main/INFO] (Minecraft) [CHAT] §2§l§o[TenorClef] §cT2 [S100] stop jump-walk @219,128 ph=IRON child=CollectIronIngotTask esc=0§r
[02:44:51] [main/INFO] (Minecraft) [CHAT] §2§l§o[TenorClef] §rT2 [HIST] 2:09.0 SOLVE S100 stop jump-walk @219,128 ph=IRON child=CollectIronIngotTask esc=0
[02:44:51] [main/INFO] (Minecraft) [CHAT] §2§l§o[TenorClef] §rT2 [HIST] 2:09.0 WHY iron: smelt 8 in one furnace
[02:44:52] [main/INFO] (Minecraft) [STDOUT]: ALTO CLEF: WARNING: T2 [E100] jumps=6 @219,60,128 ph=IRON child=CollectIronIngotTask
[02:44:52] [main/INFO] (Minecraft) [CHAT] §2§l§o[TenorClef] §cT2 [E100] jumps=6 @219,60,128 ph=IRON child=CollectIronIngotTask§r
[02:44:52] [main/INFO] (Minecraft) [CHAT] §2§l§o[TenorClef] §rT2 [HIST] 2:09.6 [E100] jumps=6 @219,60,128 ph=IRON child=CollectIronIngotTask
[02:44:52] [main/INFO] (Minecraft) [CHAT] §2§l§o[TenorClef] §rT2 [NOW] t=2:09.8 ph=IRON @219,59,128 do=<Collecting 8 iron.: [[iron_ingot] x 8]>  eq=stone_pickaxe woodpick=1 stonepick=1 pick=0 iron=0 buck=0
[02:44:53] [main/INFO] (Minecraft) [CHAT] §2§l§o[TenorClef] §rT2 [HIST] 2:10.6 SNAP ph=IRON @219,59,128 sky=15 wet=false ground=true pick=0 buck=0 iron=0 ore=7 rods=0 pearls=0 eyes=0 child=CollectIronIngotTask dbg=<Collecting 8 iron.: [[iron_ingot] x 8]>  mobs=none
[02:44:53] [main/INFO] (Minecraft) [CHAT] §2§l§o[TenorClef] §rT2 [HB] t=2:10.7 ph=IRON y=59 child=CollectIronIngotTask logs=3 pick=0 woodpick=1
[02:44:53] [main/INFO] (Minecraft) [CHAT] §2§l§o[TenorClef] §rT2 [NOW] t=2:10.8 ph=IRON @219,59,128 do=<Collecting 8 iron.: [[iron_ingot] x 8]>  eq=stone_pickaxe woodpick=1 stonepick=1 pick=0 iron=0 buck=0
[02:44:54] [main/INFO] (Minecraft) [CHAT] §2§l§o[TenorClef] §rT2 [NOW] t=2:11.8 ph=IRON @219,59,128 do=<Collecting 8 iron.: [[iron_ingot] x 8]>  eq=stone_pickaxe woodpick=1 stonepick=1 pick=0 iron=0 buck=0
[02:44:55] [main/INFO] (Minecraft) [CHAT] §2§l§o[TenorClef] §rT2 [NOW] t=2:12.8 ph=IRON @218,59,128 do=<Collecting 8 iron.: [[iron_ingot] x 8]>  eq=stone_pickaxe woodpick=1 stonepick=1 pick=0 iron=0 buck=0
[02:44:55] [main/INFO] (Minecraft) [CHAT] §2§l§o[TenorClef] §rT2 [HIST] 2:13.1 WHY iron: smelt 8 in one furnace
[02:44:55] [main/INFO] (Minecraft) [CHAT] §2§l§o[TenorClef] §rT2 [HIST] 2:13.1 SNAP ph=IRON @218,58,128 sky=13 wet=false ground=false pick=0 buck=0 iron=0 ore=7 rods=0 pearls=0 eyes=0 child=CollectIronIngotTask dbg=<Collecting 8 iron.: [[iron_ingot] x 8]>  mobs=none
[02:44:56] [main/INFO] (Minecraft) [CHAT] §2§l§o[TenorClef] §rT2 [NOW] t=2:13.8 ph=IRON @218,58,128 do=<Collecting 8 iron.: [[iron_ingot] x 8]>  eq=stone_pickaxe woodpick=1 stonepick=1 pick=0 iron=0 buck=0
[02:44:57] [main/INFO] (Minecraft) [STDOUT]: ALTO CLEF: WARNING: T2 [E70] iron stall 6s @218,128 — clear blacklist + re-pick ore
[02:44:57] [main/INFO] (Minecraft) [CHAT] §2§l§o[TenorClef] §cT2 [E70] iron stall 6s @218,128 — clear blacklist + re-pick ore§r
[02:44:57] [main/INFO] (Minecraft) [CHAT] §2§l§o[TenorClef] §rT2 [NOW] t=2:14.8 ph=IRON @218,58,128 do=<Collecting 8 iron.: [[iron_ingot] x 8]>  eq=stone_pickaxe woodpick=1 stonepick=1 pick=0 iron=0 buck=0
[02:44:58] [main/INFO] (Minecraft) [CHAT] §2§l§o[TenorClef] §rT2 [HIST] 2:15.6 SNAP ph=IRON @218,58,128 sky=13 wet=false ground=true pick=0 buck=0 iron=0 ore=7 rods=0 pearls=0 eyes=0 child=CollectIronIngotTask dbg=<Collecting 8 iron.: [[iron_ingot] x 8]>  mobs=none
[02:44:58] [main/INFO] (Minecraft) [CHAT] §2§l§o[TenorClef] §rT2 [NOW] t=2:15.8 ph=IRON @218,58,128 do=<Collecting 8 iron.: [[iron_ingot] x 8]>  eq=stone_pickaxe woodpick=1 stonepick=1 pick=0 iron=0 buck=0
[02:44:59] [main/INFO] (Minecraft) [CHAT] §2§l§o[TenorClef] §rT2 [NOW] t=2:16.8 ph=IRON @218,57,129 do=<Collecting 8 iron.: [[iron_ingot] x 8]>  eq=stone_pickaxe woodpick=1 stonepick=1 pick=0 iron=0 buck=0
[02:45:00] [main/INFO] (Minecraft) [CHAT] §2§l§o[TenorClef] §rT2 [NOW] t=2:17.8 ph=IRON @218,57,129 do=<Collecting 8 iron.: [[iron_ingot] x 8]>  eq=stone_pickaxe woodpick=1 stonepick=1 pick=0 iron=0 buck=0
[02:45:00] [main/INFO] (Minecraft) [CHAT] §2§l§o[TenorClef] §rT2 [HIST] 2:18.1 SNAP ph=IRON @218,57,129 sky=11 wet=false ground=true pick=0 buck=0 iron=0 ore=7 rods=0 pearls=0 eyes=0 child=CollectIronIngotTask dbg=<Collecting 8 iron.: [[iron_ingot] x 8]>  mobs=none
[02:45:01] [main/INFO] (Minecraft) [CHAT] §2§l§o[TenorClef] §rT2 [NOW] t=2:18.8 ph=IRON @218,57,129 do=<Collecting 8 iron.: [[iron_ingot] x 8]>  eq=stone_pickaxe woodpick=1 stonepick=1 pick=0 iron=0 buck=0
[02:45:02] [main/INFO] (Minecraft) [CHAT] §2§l§o[TenorClef] §rT2 [NOW] t=2:19.8 ph=IRON @218,57,129 do=<Collecting 8 iron.: [[iron_ingot] x 8]>  eq=stone_pickaxe woodpick=1 stonepick=1 pick=0 iron=0 buck=0
[02:45:03] [main/INFO] (Minecraft) [STDOUT]: ALTO CLEF: WARNING: T2 [E70] iron stall 6s @218,129 — clear blacklist + re-pick ore
[02:45:03] [main/INFO] (Minecraft) [CHAT] §2§l§o[TenorClef] §cT2 [E70] iron stall 6s @218,129 — clear blacklist + re-pick ore§r
[02:45:03] [main/INFO] (Minecraft) [CHAT] §2§l§o[TenorClef] §rT2 [HIST] 2:20.6 SNAP ph=IRON @218,57,129 sky=11 wet=false ground=true pick=0 buck=0 iron=0 ore=7 rods=0 pearls=0 eyes=0 child=CollectIronIngotTask dbg=<Collecting 8 iron.: [[iron_ingot] x 8]>  mobs=none
[02:45:03] [main/INFO] (Minecraft) [CHAT] §2§l§o[TenorClef] §rT2 [HB] t=2:20.7 ph=IRON y=57 child=CollectIronIngotTask logs=3 pick=0 woodpick=1
[02:45:03] [main/INFO] (Minecraft) [CHAT] §2§l§o[TenorClef] §rT2 [NOW] t=2:20.8 ph=IRON @218,57,129 do=<Collecting 8 iron.: [[iron_ingot] x 8]>  eq=stone_pickaxe woodpick=1 stonepick=1 pick=0 iron=0 buck=0
[02:45:04] [main/INFO] (Minecraft) [CHAT] §2§l§o[TenorClef] §rT2 [NOW] t=2:21.8 ph=IRON @218,57,129 do=<Collecting 8 iron.: [[iron_ingot] x 8]>  eq=stone_pickaxe woodpick=1 stonepick=1 pick=0 iron=0 buck=0
[02:45:05] [main/INFO] (Minecraft) [CHAT] §2§l§o[TenorClef] §rT2 [NOW] t=2:22.8 ph=IRON @218,57,129 do=<Collecting 8 iron.: [[iron_ingot] x 8]>  eq=stone_pickaxe woodpick=1 stonepick=1 pick=0 iron=0 buck=0
[02:45:05] [main/INFO] (Minecraft) [CHAT] §2§l§o[TenorClef] §rT2 [HIST] 2:23.1 SNAP ph=IRON @218,57,129 sky=11 wet=false ground=true pick=0 buck=0 iron=0 ore=7 rods=0 pearls=0 eyes=0 child=CollectIronIngotTask dbg=<Collecting 8 iron.: [[iron_ingot] x 8]>  mobs=none
[02:45:06] [main/INFO] (Minecraft) [CHAT] §2§l§o[TenorClef] §rT2 [NOW] t=2:23.8 ph=IRON @218,57,129 do=<Collecting 8 iron.: [[iron_ingot] x 8]>  eq=stone_pickaxe woodpick=1 stonepick=1 pick=0 iron=0 buck=0
[02:45:07] [main/INFO] (Minecraft) [CHAT] §2§l§o[TenorClef] §rT2 [NOW] t=2:24.8 ph=IRON @218,57,129 do=<Collecting 8 iron.: [[iron_ingot] x 8]>  eq=stone_pickaxe woodpick=1 stonepick=1 pick=0 iron=0 buck=0
[02:45:08] [main/INFO] (Minecraft) [CHAT] §2§l§o[TenorClef] §rT2 [HIST] 2:25.6 SNAP ph=IRON @218,57,129 sky=11 wet=false ground=true pick=0 buck=0 iron=0 ore=7 rods=0 pearls=0 eyes=0 child=CollectIronIngotTask dbg=<Collecting 8 iron.: [[iron_ingot] x 8]>  mobs=none
[02:45:08] [main/INFO] (Minecraft) [CHAT] §2§l§o[TenorClef] §rT2 [HB] t=2:25.7 ph=IRON y=57 child=CollectIronIngotTask logs=3 pick=0 woodpick=1
[02:45:08] [main/INFO] (Minecraft) [CHAT] §2§l§o[TenorClef] §rT2 [NOW] t=2:25.8 ph=IRON @218,57,129 do=<Collecting 8 iron.: [[iron_ingot] x 8]>  eq=stone_pickaxe woodpick=1 stonepick=1 pick=0 iron=0 buck=0
[02:45:08] [main/INFO] (Minecraft) [CHAT] §2§l§o[TenorClef] §rRefreshed inventory...
[02:45:09] [main/INFO] (Minecraft) [STDOUT]: ALTO CLEF: WARNING: T2 [E70] iron stall 6s @218,130 — clear blacklist + re-pick ore
[02:45:09] [main/INFO] (Minecraft) [CHAT] §2§l§o[TenorClef] §cT2 [E70] iron stall 6s @218,130 — clear blacklist + re-pick ore§r
[02:45:09] [main/INFO] (Minecraft) [CHAT] §2§l§o[TenorClef] §rT2 [NOW] t=2:26.8 ph=IRON @218,56,130 do=<Collecting 8 iron.: [[iron_ingot] x 8]>  eq=stone_pickaxe woodpick=1 stonepick=1 pick=0 iron=0 buck=0
[02:45:10] [main/INFO] (Minecraft) [CHAT] §2§l§o[TenorClef] §rT2 [NOW] t=2:27.8 ph=IRON @218,55,131 do=<Collecting 8 iron.: [[iron_ingot] x 8]>  eq=stone_pickaxe woodpick=1 stonepick=1 pick=0 iron=0 buck=0
[02:45:10] [main/INFO] (Minecraft) [CHAT] §2§l§o[TenorClef] §rT2 [HIST] 2:28.1 SNAP ph=IRON @218,55,131 sky=7 wet=false ground=true pick=0 buck=0 iron=0 ore=12 rods=0 pearls=0 eyes=0 child=CollectIronIngotTask dbg=<Collecting 8 iron.: [[iron_ingot] x 8]>  mobs=none
[02:45:11] [main/INFO] (Minecraft) [CHAT] §2§l§o[TenorClef] §rT2 [NOW] t=2:28.8 ph=IRON @218,55,132 do=<Collecting 8 iron.: [[iron_ingot] x 8]>  eq=stone_pickaxe woodpick=1 stonepick=1 pick=0 iron=0 buck=0
[02:45:12] [main/INFO] (Minecraft) [CHAT] §2§l§o[TenorClef] §rT2 [NOW] t=2:29.8 ph=IRON @218,55,131 do=<Collecting 8 iron.: [[iron_ingot] x 8]>  eq=stone_pickaxe woodpick=1 stonepick=1 pick=0 iron=0 buck=0
[02:45:13] [main/INFO] (Minecraft) [CHAT] §2§l§o[TenorClef] §rT2 [HIST] 2:30.6 SNAP ph=IRON @218,55,132 sky=6 wet=false ground=true pick=0 buck=0 iron=0 ore=12 rods=0 pearls=0 eyes=0 child=CollectIronIngotTask dbg=<Collecting 8 iron.: [[iron_ingot] x 8]>  mobs=none
[02:45:13] [main/INFO] (Minecraft) [CHAT] §2§l§o[TenorClef] §rT2 [NOW] t=2:30.8 ph=IRON @218,55,132 do=<Collecting 8 iron.: [[iron_ingot] x 8]>  eq=dirt woodpick=1 stonepick=1 pick=0 iron=0 buck=0
[02:45:14] [main/INFO] (Minecraft) Loaded 72 advancements
[02:45:14] [main/INFO] (Minecraft) [CHAT] §2§l§o[TenorClef] §rT2 [NOW] t=2:31.8 ph=IRON @218,55,132 do=<Collecting 8 iron.: [[iron_ingot] x 8]>  eq=dirt woodpick=1 stonepick=1 pick=0 iron=0 buck=0
[02:45:15] [main/INFO] (Minecraft) [CHAT] §2§l§o[TenorClef] §rT2 [NOW] t=2:32.8 ph=IRON @218,55,132 do=<Collecting 8 iron.: [[iron_ingot] x 8]>  eq=stone_pickaxe woodpick=1 stonepick=1 pick=0 iron=0 buck=0
[02:45:15] [main/INFO] (Minecraft) [CHAT] §2§l§o[TenorClef] §rT2 [HIST] 2:33.1 SNAP ph=IRON @218,55,132 sky=6 wet=false ground=true pick=0 buck=0 iron=0 ore=12 rods=0 pearls=0 eyes=0 child=CollectIronIngotTask dbg=<Collecting 8 iron.: [[iron_ingot] x 8]>  mobs=none
[02:45:16] [main/INFO] (Minecraft) [CHAT] §2§l§o[TenorClef] §rT2 [NOW] t=2:33.8 ph=IRON @218,55,132 do=<Collecting 8 iron.: [[iron_ingot] x 8]>  eq=stone_pickaxe woodpick=1 stonepick=1 pick=0 iron=0 buck=0
[02:45:17] [main/INFO] (Minecraft) Loaded 73 advancements
[02:45:17] [main/INFO] (Minecraft) [CHAT] §2§l§o[TenorClef] §rT2 [NOW] t=2:34.8 ph=IRON @218,55,131 do=<Collecting 8 iron.: [[iron_ingot] x 8]>  eq=stone_pickaxe woodpick=1 stonepick=1 pick=0 iron=0 buck=0
[02:45:18] [main/INFO] (Minecraft) [CHAT] §2§l§o[TenorClef] §rT2 [HIST] 2:35.6 SNAP ph=IRON @218,56,130 sky=9 wet=false ground=false pick=0 buck=0 iron=0 ore=12 rods=0 pearls=0 eyes=0 child=CollectIronIngotTask dbg=<Collecting 8 iron.: [[iron_ingot] x 8]>  mobs=none
[02:45:18] [main/INFO] (Minecraft) [CHAT] §2§l§o[TenorClef] §rT2 [NOW] t=2:35.8 ph=IRON @218,57,130 do=<Collecting 8 iron.: [[iron_ingot] x 8]>  eq=stone_pickaxe woodpick=1 stonepick=1 pick=0 iron=0 buck=0
[02:45:19] [main/INFO] (Minecraft) [CHAT] §2§l§o[TenorClef] §rT2 [NOW] t=2:36.8 ph=IRON @219,59,128 do=<Collecting 8 iron.: [[iron_ingot] x 8]>  eq=dirt woodpick=1 stonepick=1 pick=0 iron=0 buck=0
[02:45:20] [main/INFO] (Minecraft) [CHAT] §2§l§o[TenorClef] §rT2 [NOW] t=2:37.8 ph=IRON @219,60,128 do=<Collecting 8 iron.: [[iron_ingot] x 8]>  eq=air woodpick=1 stonepick=1 pick=0 iron=0 buck=0
[02:45:20] [main/INFO] (Minecraft) [CHAT] §2§l§o[TenorClef] §rT2 [HIST] 2:38.1 SNAP ph=IRON @219,60,128 sky=15 wet=false ground=false pick=0 buck=0 iron=0 ore=12 rods=0 pearls=0 eyes=0 child=CollectIronIngotTask dbg=<Collecting 8 iron.: [[iron_ingot] x 8]>  mobs=none
[02:45:21] [main/INFO] (Minecraft) [CHAT] §2§l§o[TenorClef] §rT2 [NOW] t=2:38.8 ph=IRON @219,61,128 do=<Collecting 8 iron.: [[iron_ingot] x 8]>  eq=air woodpick=1 stonepick=1 pick=0 iron=0 buck=0
[02:45:21] [main/INFO] (Minecraft) [STDOUT]: ALTO CLEF: WARNING: T2 [S100] stop jump-walk @219,128 ph=IRON child=CollectIronIngotTask esc=1
[02:45:21] [main/INFO] (Minecraft) [CHAT] §2§l§o[TenorClef] §cT2 [S100] stop jump-walk @219,128 ph=IRON child=CollectIronIngotTask esc=1§r
[02:45:21] [main/INFO] (Minecraft) [CHAT] §2§l§o[TenorClef] §rT2 [HIST] 2:38.8 SOLVE S100 stop jump-walk @219,128 ph=IRON child=CollectIronIngotTask esc=1
[02:45:21] [main/INFO] (Minecraft) [STDOUT]: ALTO CLEF: WARNING: T2 [S144] jump-stuck collector — replace CollectIronIngotTask with wander (esc=2)
[02:45:21] [main/INFO] (Minecraft) [CHAT] §2§l§o[TenorClef] §cT2 [S144] jump-stuck collector — replace CollectIronIngotTask with wander (esc=2)§r
[02:45:21] [main/INFO] (Minecraft) [CHAT] §2§l§o[TenorClef] §rT2 [HIST] 2:38.8 SOLVE S144 jump-stuck collector — replace CollectIronIngotTask with wander (esc=2)
[02:45:21] [main/INFO] (Minecraft) [CHAT] §2§l§o[TenorClef] §rT2 [HIST] 2:38.8 CHILD CollectIronIngotTask -> TimeoutWanderTask ph=IRON @219,61,128 sky=15 wet=false ground=false pick=0 buck=0 iron=0 ore=12 rods=0 pearls=0 eyes=0
[02:45:22] [pool-5-thread-4/INFO] (Minecraft) [STDOUT]: 758912 movements considered
[02:45:22] [pool-5-thread-4/INFO] (Minecraft) [STDOUT]: Open set size: 20992
[02:45:22] [pool-5-thread-4/INFO] (Minecraft) [STDOUT]: PathNode map size: 55488
[02:45:22] [pool-5-thread-4/INFO] (Minecraft) [STDOUT]: 68854 nodes per second
[02:45:22] [pool-5-thread-4/INFO] (Minecraft) [STDOUT]: Path goes for 134.15289784421356 blocks
[02:45:22] [main/INFO] (Minecraft) [CHAT] §2§l§o[TenorClef] §rT2 [NOW] t=2:39.8 ph=IRON @219,61,128 do=<Wander for Infinity blocks> Exploring. eq=cobblestone woodpick=1 stonepick=1 pick=0 iron=0 buck=0
[02:45:23] [main/INFO] (Minecraft) [CHAT] §2§l§o[TenorClef] §rT2 [NOW] t=2:40.8 ph=IRON @219,63,129 do=<Wander for Infinity blocks> Exploring. eq=cobblestone woodpick=1 stonepick=1 pick=0 iron=0 buck=0
[02:45:24] [main/INFO] (Minecraft) [CHAT] §2§l§o[TenorClef] §rT2 [NOW] t=2:41.8 ph=IRON @224,63,130 do=<Wander for Infinity blocks> Exploring. eq=cobblestone woodpick=1 stonepick=1 pick=0 iron=0 buck=0
[02:45:25] [main/INFO] (Minecraft) [CHAT] §2§l§o[TenorClef] §rT2 [HIST] 2:42.3 SNAP ph=IRON @226,63,130 sky=15 wet=false ground=true pick=0 buck=0 iron=0 ore=12 rods=0 pearls=0 eyes=0 child=TimeoutWanderTask dbg=<Wander for Infinity blocks> Exploring. mobs=none
[02:45:25] [main/INFO] (Minecraft) [CHAT] §2§l§o[TenorClef] §rT2 [HB] t=2:42.7 ph=IRON y=63 child=TimeoutWanderTask logs=3 pick=0 woodpick=1
[02:45:25] [main/INFO] (Minecraft) [CHAT] §2§l§o[TenorClef] §rT2 [NOW] t=2:42.8 ph=IRON @227,63,131 do=<Wander for Infinity blocks> Exploring. eq=cobblestone woodpick=1 stonepick=1 pick=0 iron=0 buck=0
[02:45:25] [pool-5-thread-4/INFO] (Minecraft) [STDOUT]: 566016 movements considered
[02:45:25] [pool-5-thread-4/INFO] (Minecraft) [STDOUT]: Open set size: 18671
[02:45:25] [pool-5-thread-4/INFO] (Minecraft) [STDOUT]: PathNode map size: 44399
[02:45:25] [pool-5-thread-4/INFO] (Minecraft) [STDOUT]: 51456 nodes per second
[02:45:25] [pool-5-thread-4/INFO] (Minecraft) [STDOUT]: Path goes for 126.19825672330026 blocks
[02:45:26] [main/INFO] (Minecraft) [CHAT] §2§l§o[TenorClef] §rT2 [NOW] t=2:43.8 ph=IRON @231,63,131 do=<Wander for Infinity blocks> Exploring. eq=cobblestone woodpick=1 stonepick=1 pick=0 iron=0 buck=0
[02:45:27] [main/INFO] (Minecraft) [CHAT] §2§l§o[TenorClef] §rT2 [NOW] t=2:44.8 ph=IRON @236,63,131 do=<Wander for Infinity blocks> Exploring. eq=cobblestone woodpick=1 stonepick=1 pick=0 iron=0 buck=0
[02:45:28] [main/INFO] (Minecraft) [CHAT] §2§l§o[TenorClef] §rT2 [NOW] t=2:45.8 ph=IRON @241,64,130 do=<Wander for Infinity blocks> Exploring. eq=cobblestone woodpick=1 stonepick=1 pick=0 iron=0 buck=0
[02:45:29] [pool-5-thread-4/INFO] (Minecraft) [STDOUT]: 485760 movements considered
[02:45:29] [pool-5-thread-4/INFO] (Minecraft) [STDOUT]: Open set size: 17051
[02:45:29] [pool-5-thread-4/INFO] (Minecraft) [STDOUT]: PathNode map size: 39131
[02:45:29] [pool-5-thread-4/INFO] (Minecraft) [STDOUT]: 43636 nodes per second
[02:45:29] [pool-5-thread-4/INFO] (Minecraft) [STDOUT]: Path goes for 117.03845521878696 blocks
[02:45:29] [main/INFO] (Minecraft) [CHAT] §2§l§o[TenorClef] §rT2 [NOW] t=2:46.8 ph=IRON @244,64,130 do=<Wander for Infinity blocks> Exploring. eq=cobblestone woodpick=1 stonepick=1 pick=0 iron=0 buck=0
[02:45:29] [main/INFO] (Minecraft) [CHAT] §2§l§o[TenorClef] §rT2 [HIST] 2:46.9 WHY iron: smelt 8 in one furnace
[02:45:29] [main/INFO] (Minecraft) [CHAT] §2§l§o[TenorClef] §rT2 [HIST] 2:46.9 CHILD TimeoutWanderTask -> CollectIronIngotTask ph=IRON @244,64,130 sky=15 wet=false ground=true pick=0 buck=0 iron=0 ore=12 rods=0 pearls=0 eyes=0
[02:45:29] [main/INFO] (Minecraft) [CHAT] §2§l§o[TenorClef] §rT2 [HIST] 2:47.1 SNAP ph=IRON @244,64,130 sky=15 wet=false ground=true pick=0 buck=0 iron=0 ore=12 rods=0 pearls=0 eyes=0 child=CollectIronIngotTask dbg=<Collecting 8 iron.: [[iron_ingot] x 8]>  mobs=none
[02:45:30] [main/INFO] (Minecraft) [CHAT] §2§l§o[TenorClef] §rT2 [NOW] t=2:47.8 ph=IRON @244,64,130 do=<Collecting 8 iron.: [[iron_ingot] x 8]>  eq=stone_pickaxe woodpick=1 stonepick=1 pick=0 iron=0 buck=0
[02:45:31] [main/INFO] (Minecraft) [CHAT] §2§l§o[TenorClef] §rT2 [NOW] t=2:48.8 ph=IRON @244,64,130 do=<Collecting 8 iron.: [[iron_ingot] x 8]>  eq=stone_pickaxe woodpick=1 stonepick=1 pick=0 iron=0 buck=0
[02:45:31] [main/INFO] (Minecraft) [CHAT] [Baritone] Missing materials for at least:
[02:45:31] [main/INFO] (Minecraft) [CHAT] [Baritone] 1x Block{minecraft:cobblestone}
[02:45:31] [main/INFO] (Minecraft) [CHAT] [Baritone] Unable to do it. Pausing. resume to resume, cancel to cancel
[02:45:32] [main/INFO] (Minecraft) [CHAT] §2§l§o[TenorClef] §rT2 [HIST] 2:49.6 SNAP ph=IRON @245,64,130 sky=15 wet=false ground=true pick=0 buck=0 iron=0 ore=12 rods=0 pearls=0 eyes=0 child=CollectIronIngotTask dbg=<Collecting 8 iron.: [[iron_ingot] x 8]>  mobs=none
[02:45:32] [main/INFO] (Minecraft) [CHAT] §2§l§o[TenorClef] §rT2 [HB] t=2:49.8 ph=IRON y=64 child=CollectIronIngotTask logs=2 pick=0 woodpick=1
[02:45:32] [main/INFO] (Minecraft) [CHAT] §2§l§o[TenorClef] §rT2 [NOW] t=2:49.8 ph=IRON @245,64,131 do=<Collecting 8 iron.: [[iron_ingot] x 8]>  eq=stone_pickaxe woodpick=1 stonepick=1 pick=0 iron=0 buck=0
[02:45:33] [main/INFO] (Minecraft) [CHAT] §2§l§o[TenorClef] §rT2 [NOW] t=2:50.8 ph=IRON @246,64,131 do=<Collecting 8 iron.: [[iron_ingot] x 8]>  eq=stone_pickaxe woodpick=1 stonepick=1 pick=0 iron=0 buck=0
[02:45:34] [main/INFO] (Minecraft) Loaded 74 advancements
[02:45:34] [main/INFO] (Minecraft) [CHAT] §2§l§o[TenorClef] §rT2 [NOW] t=2:51.8 ph=IRON @246,65,131 do=<Collecting 8 iron.: [[iron_ingot] x 8]>  eq=stone_pickaxe woodpick=1 stonepick=1 pick=0 iron=0 buck=0
[02:45:34] [main/INFO] (Minecraft) [CHAT] §2§l§o[TenorClef] §rT2 [HIST] 2:52.1 SNAP ph=IRON @246,65,131 sky=15 wet=false ground=true pick=0 buck=0 iron=0 ore=12 rods=0 pearls=0 eyes=0 child=CollectIronIngotTask dbg=<Collecting 8 iron.: [[iron_ingot] x 8]>  mobs=none
[02:45:35] [main/INFO] (Minecraft) [CHAT] §2§l§o[TenorClef] §rT2 [NOW] t=2:52.8 ph=IRON @246,65,131 do=<Collecting 8 iron.: [[iron_ingot] x 8]>  eq=stone_pickaxe woodpick=1 stonepick=1 pick=0 iron=0 buck=0
[02:45:35] [main/INFO] (Minecraft) [STDOUT]: ALTO CLEF: WARNING: T2 [E70] iron stall 6s @246,131 — clear blacklist + re-pick ore
[02:45:35] [main/INFO] (Minecraft) [CHAT] §2§l§o[TenorClef] §cT2 [E70] iron stall 6s @246,131 — clear blacklist + re-pick ore§r
[02:45:36] [main/INFO] (Minecraft) [CHAT] §2§l§o[TenorClef] §rT2 [NOW] t=2:53.8 ph=IRON @246,65,131 do=<Collecting 8 iron.: [[iron_ingot] x 8]>  eq=stone_pickaxe woodpick=1 stonepick=1 pick=0 iron=0 buck=0
[02:45:36] [main/INFO] (Minecraft) [STDOUT]: ALTO CLEF: WARNING: T2 [S120] craft-gui jump @246,65,131 child=CollectIronIngotTask
[02:45:36] [main/INFO] (Minecraft) [CHAT] §2§l§o[TenorClef] §cT2 [S120] craft-gui jump @246,65,131 child=CollectIronIngotTask§r
[02:45:36] [main/INFO] (Minecraft) [CHAT] §2§l§o[TenorClef] §rT2 [HIST] 2:53.9 SOLVE S120 craft-gui jump @246,65,131 child=CollectIronIngotTask
[02:45:36] [main/INFO] (Minecraft) [CHAT] §2§l§o[TenorClef] §rT2 [HIST] 2:53.9 WHY iron: smelt 8 in one furnace
[02:45:37] [main/INFO] (Minecraft) [CHAT] §2§l§o[TenorClef] §rT2 [HIST] 2:54.6 SNAP ph=IRON @245,64,129 sky=15 wet=false ground=true pick=0 buck=0 iron=0 ore=12 rods=0 pearls=0 eyes=0 child=CollectIronIngotTask dbg=<Collecting 8 iron.: [[iron_ingot] x 8]>  mobs=none
[02:45:37] [main/INFO] (Minecraft) [CHAT] §2§l§o[TenorClef] §rT2 [NOW] t=2:54.8 ph=IRON @244,64,129 do=<Collecting 8 iron.: [[iron_ingot] x 8]>  eq=stone_pickaxe woodpick=1 stonepick=1 pick=0 iron=0 buck=0
[02:45:38] [main/INFO] (Minecraft) [CHAT] §2§l§o[TenorClef] §rT2 [NOW] t=2:55.8 ph=IRON @243,64,129 do=<Collecting 8 iron.: [[iron_ingot] x 8]>  eq=stone_pickaxe woodpick=1 stonepick=1 pick=0 iron=0 buck=0
[02:45:39] [main/INFO] (Minecraft) [CHAT] §2§l§o[TenorClef] §rT2 [NOW] t=2:56.8 ph=IRON @243,64,129 do=<Collecting 8 iron.: [[iron_ingot] x 8]>  eq=stone_pickaxe woodpick=1 stonepick=1 pick=0 iron=0 buck=0
[02:45:39] [main/INFO] (Minecraft) [CHAT] §2§l§o[TenorClef] §rT2 [HIST] 2:57.1 SNAP ph=IRON @243,64,129 sky=15 wet=false ground=true pick=0 buck=0 iron=0 ore=12 rods=0 pearls=0 eyes=0 child=CollectIronIngotTask dbg=<Collecting 8 iron.: [[iron_ingot] x 8]>  mobs=none
[02:45:40] [main/INFO] (Minecraft) [CHAT] §2§l§o[TenorClef] §rT2 [NOW] t=2:57.8 ph=IRON @243,64,129 do=<Collecting 8 iron.: [[iron_ingot] x 8]>  eq=stone_pickaxe woodpick=1 stonepick=1 pick=0 iron=0 buck=0
[02:45:41] [main/INFO] (Minecraft) [CHAT] §2§l§o[TenorClef] §rT2 [NOW] t=2:58.8 ph=IRON @243,64,129 do=<Collecting 8 iron.: [[iron_ingot] x 8]>  eq=stone_pickaxe woodpick=1 stonepick=1 pick=0 iron=0 buck=0
[02:45:42] [main/INFO] (Minecraft) [CHAT] §2§l§o[TenorClef] §rT2 [HIST] 2:59.6 SNAP ph=IRON @243,64,129 sky=15 wet=false ground=true pick=0 buck=0 iron=0 ore=12 rods=0 pearls=0 eyes=0 child=CollectIronIngotTask dbg=<Collecting 8 iron.: [[iron_ingot] x 8]>  mobs=none
[02:45:42] [main/INFO] (Minecraft) [CHAT] §2§l§o[TenorClef] §rT2 [NOW] t=2:59.8 ph=IRON @243,64,129 do=<Collecting 8 iron.: [[iron_ingot] x 8]>  eq=stone_pickaxe woodpick=1 stonepick=1 pick=0 iron=0 buck=0
[02:45:42] [main/INFO] (Minecraft) [STDOUT]: ALTO CLEF: WARNING: T2 [S120] craft-gui jump @243,64,129 child=CollectIronIngotTask
[02:45:42] [main/INFO] (Minecraft) [CHAT] §2§l§o[TenorClef] §cT2 [S120] craft-gui jump @243,64,129 child=CollectIronIngotTask§r
[02:45:42] [main/INFO] (Minecraft) [CHAT] §2§l§o[TenorClef] §rT2 [HIST] 2:59.9 SOLVE S120 craft-gui jump @243,64,129 child=CollectIronIngotTask
[02:45:42] [main/INFO] (Minecraft) [CHAT] §2§l§o[TenorClef] §rT2 [HIST] 2:59.9 WHY iron: smelt 8 in one furnace
[02:45:43] [main/INFO] (Minecraft) [CHAT] §2§l§o[TenorClef] §rT2 [NOW] t=3:00.8 ph=IRON @243,64,129 do=<Collecting 8 iron.: [[iron_ingot] x 8]>  eq=stone_pickaxe woodpick=1 stonepick=1 pick=0 iron=0 buck=0
[02:45:44] [main/INFO] (Minecraft) [STDOUT]: ALTO CLEF: WARNING: T2 [E70] iron stall 6s @243,129 — clear blacklist + re-pick ore
[02:45:44] [main/INFO] (Minecraft) [CHAT] §2§l§o[TenorClef] §cT2 [E70] iron stall 6s @243,129 — clear blacklist + re-pick ore§r
[02:45:44] [main/INFO] (Minecraft) [CHAT] §2§l§o[TenorClef] §rT2 [NOW] t=3:01.8 ph=IRON @243,64,129 do=<Collecting 8 iron.: [[iron_ingot] x 8]>  eq=stone_pickaxe woodpick=1 stonepick=1 pick=0 iron=0 buck=0
[02:45:44] [main/INFO] (Minecraft) [STDOUT]: ALTO CLEF: WARNING: T2 [E104] FurnaceScreen open 8s ph=IRON
[02:45:44] [main/INFO] (Minecraft) [CHAT] §2§l§o[TenorClef] §cT2 [E104] FurnaceScreen open 8s ph=IRON§r
[02:45:44] [main/INFO] (Minecraft) [CHAT] §2§l§o[TenorClef] §rT2 [HIST] 3:02.0 [E104] FurnaceScreen open 8s ph=IRON
[02:45:44] [main/INFO] (Minecraft) [CHAT] §2§l§o[TenorClef] §rT2 [HIST] 3:02.1 SNAP ph=IRON @243,64,129 sky=15 wet=false ground=true pick=0 buck=0 iron=0 ore=12 rods=0 pearls=0 eyes=0 child=CollectIronIngotTask dbg=<Collecting 8 iron.: [[iron_ingot] x 8]>  mobs=none
[02:45:45] [main/INFO] (Minecraft) [CHAT] §2§l§o[TenorClef] §rT2 [NOW] t=3:02.8 ph=IRON @243,64,129 do=<Collecting 8 iron.: [[iron_ingot] x 8]>  eq=stone_pickaxe woodpick=1 stonepick=1 pick=0 iron=0 buck=0
[02:45:46] [main/INFO] (Minecraft) [CHAT] §2§l§o[TenorClef] §rT2 [NOW] t=3:03.8 ph=IRON @243,64,129 do=<Collecting 8 iron.: [[iron_ingot] x 8]>  eq=stone_pickaxe woodpick=1 stonepick=1 pick=0 iron=0 buck=0
[02:45:46] [main/INFO] (Minecraft) [CHAT] §2§l§o[TenorClef] §rT2 [HIST] 3:04.0 WHY iron: smelt 8 in one furnace
[02:45:47] [main/INFO] (Minecraft) [CHAT] §2§l§o[TenorClef] §rT2 [HIST] 3:04.6 SNAP ph=IRON @243,64,129 sky=15 wet=false ground=true pick=0 buck=0 iron=1 ore=11 rods=0 pearls=0 eyes=0 child=CollectIronIngotTask dbg=<Collecting 8 iron.: [[iron_ingot] x 8]>  mobs=none
[02:45:47] [main/INFO] (Minecraft) [CHAT] §2§l§o[TenorClef] §rT2 [NOW] t=3:04.8 ph=IRON @243,64,129 do=<Collecting 8 iron.: [[iron_ingot] x 8]>  eq=stone_pickaxe woodpick=1 stonepick=1 pick=0 iron=1 buck=0
[02:45:48] [main/INFO] (Minecraft) [CHAT] §2§l§o[TenorClef] §rT2 [NOW] t=3:05.8 ph=IRON @243,64,129 do=<Collecting 8 iron.: [[iron_ingot] x 8]>  eq=stone_pickaxe woodpick=1 stonepick=1 pick=0 iron=1 buck=0
[02:45:48] [main/INFO] (Minecraft) [STDOUT]: ALTO CLEF: WARNING: T2 [S120] craft-gui jump @243,64,129 child=CollectIronIngotTask
[02:45:48] [main/INFO] (Minecraft) [CHAT] §2§l§o[TenorClef] §cT2 [S120] craft-gui jump @243,64,129 child=CollectIronIngotTask§r
[02:45:48] [main/INFO] (Minecraft) [CHAT] §2§l§o[TenorClef] §rT2 [HIST] 3:05.9 SOLVE S120 craft-gui jump @243,64,129 child=CollectIronIngotTask
[02:45:48] [main/INFO] (Minecraft) [CHAT] §2§l§o[TenorClef] §rT2 [HIST] 3:06.1 [E104] FurnaceScreen open 8s ph=IRON
[02:45:49] [main/INFO] (Minecraft) [CHAT] §2§l§o[TenorClef] §rT2 [NOW] t=3:06.8 ph=IRON @243,64,129 do=<Collecting 8 iron.: [[iron_ingot] x 8]>  eq=stone_pickaxe woodpick=1 stonepick=1 pick=0 iron=1 buck=0
[02:45:49] [main/INFO] (Minecraft) [CHAT] §2§l§o[TenorClef] §rT2 [HIST] 3:07.1 SNAP ph=IRON @243,64,129 sky=15 wet=false ground=true pick=0 buck=0 iron=1 ore=11 rods=0 pearls=0 eyes=0 child=CollectIronIngotTask dbg=<Collecting 8 iron.: [[iron_ingot] x 8]>  mobs=none
[02:45:50] [main/INFO] (Minecraft) [CHAT] §2§l§o[TenorClef] §rT2 [NOW] t=3:07.8 ph=IRON @243,64,129 do=<Collecting 8 iron.: [[iron_ingot] x 8]>  eq=stone_pickaxe woodpick=1 stonepick=1 pick=0 iron=1 buck=0
[02:45:50] [main/INFO] (Minecraft) [CHAT] §2§l§o[TenorClef] §rT2 [HIST] 3:08.0 WHY iron: smelt 8 in one furnace
[02:45:51] [main/INFO] (Minecraft) [CHAT] §2§l§o[TenorClef] §rT2 [NOW] t=3:08.8 ph=IRON @243,64,129 do=<Collecting 8 iron.: [[iron_ingot] x 8]>  eq=stone_pickaxe woodpick=1 stonepick=1 pick=0 iron=1 buck=0
[02:45:52] [main/INFO] (Minecraft) [CHAT] §2§l§o[TenorClef] §rT2 [HIST] 3:09.6 SNAP ph=IRON @243,64,129 sky=15 wet=false ground=true pick=0 buck=0 iron=1 ore=11 rods=0 pearls=0 eyes=0 child=CollectIronIngotTask dbg=<Collecting 8 iron.: [[iron_ingot] x 8]>  mobs=none
[02:45:52] [main/INFO] (Minecraft) [CHAT] §2§l§o[TenorClef] §rT2 [NOW] t=3:09.8 ph=IRON @243,64,129 do=<Collecting 8 iron.: [[iron_ingot] x 8]>  eq=stone_pickaxe woodpick=1 stonepick=1 pick=0 iron=1 buck=0
[02:45:53] [main/INFO] (Minecraft) [STDOUT]: ALTO CLEF: WARNING: T2 [E104] FurnaceScreen open 8s ph=IRON
[02:45:53] [main/INFO] (Minecraft) [CHAT] §2§l§o[TenorClef] §cT2 [E104] FurnaceScreen open 8s ph=IRON§r
[02:45:53] [main/INFO] (Minecraft) [CHAT] §2§l§o[TenorClef] §rT2 [HIST] 3:10.1 [E104] FurnaceScreen open 8s ph=IRON
[02:45:53] [main/INFO] (Minecraft) [STDOUT]: ALTO CLEF: WARNING: T2 [E70] iron stall 6s @243,129 — clear blacklist + re-pick ore
[02:45:53] [main/INFO] (Minecraft) [CHAT] §2§l§o[TenorClef] §cT2 [E70] iron stall 6s @243,129 — clear blacklist + re-pick ore§r
[02:45:53] [main/INFO] (Minecraft) [CHAT] §2§l§o[TenorClef] §rT2 [NOW] t=3:10.8 ph=IRON @243,64,129 do=<Collecting 8 iron.: [[iron_ingot] x 8]>  eq=stone_pickaxe woodpick=1 stonepick=1 pick=0 iron=1 buck=0
[02:45:54] [main/INFO] (Minecraft) [CHAT] §2§l§o[TenorClef] §rT2 [NOW] t=3:11.8 ph=IRON @243,64,129 do=<Collecting 8 iron.: [[iron_ingot] x 8]>  eq=stone_pickaxe woodpick=1 stonepick=1 pick=0 iron=1 buck=0
[02:45:54] [main/INFO] (Minecraft) [STDOUT]: ALTO CLEF: WARNING: T2 [S120] craft-gui jump @243,64,129 child=CollectIronIngotTask
[02:45:54] [main/INFO] (Minecraft) [CHAT] §2§l§o[TenorClef] §cT2 [S120] craft-gui jump @243,64,129 child=CollectIronIngotTask§r
[02:45:54] [main/INFO] (Minecraft) [CHAT] §2§l§o[TenorClef] §rT2 [HIST] 3:11.9 SOLVE S120 craft-gui jump @243,64,129 child=CollectIronIngotTask
[02:45:54] [main/INFO] (Minecraft) [CHAT] §2§l§o[TenorClef] §rT2 [HIST] 3:12.0 WHY iron: smelt 8 in one furnace
[02:45:54] [main/INFO] (Minecraft) [CHAT] §2§l§o[TenorClef] §rT2 [HIST] 3:12.1 SNAP ph=IRON @243,64,129 sky=15 wet=false ground=true pick=0 buck=0 iron=1 ore=11 rods=0 pearls=0 eyes=0 child=CollectIronIngotTask dbg=<Collecting 8 iron.: [[iron_ingot] x 8]>  mobs=none
[02:45:55] [main/INFO] (Minecraft) [CHAT] §2§l§o[TenorClef] §rT2 [NOW] t=3:12.8 ph=IRON @243,64,129 do=<Collecting 8 iron.: [[iron_ingot] x 8]>  eq=stone_pickaxe woodpick=1 stonepick=1 pick=0 iron=1 buck=0
[02:45:56] [main/INFO] (Minecraft) [CHAT] §2§l§o[TenorClef] §rT2 [NOW] t=3:13.8 ph=IRON @243,64,129 do=<Collecting 8 iron.: [[iron_ingot] x 8]>  eq=stone_pickaxe woodpick=1 stonepick=1 pick=0 iron=1 buck=0
[02:45:57] [main/INFO] (Minecraft) [CHAT] §2§l§o[TenorClef] §rT2 [HIST] 3:14.2 [E104] FurnaceScreen open 8s ph=IRON
[02:45:57] [main/INFO] (Minecraft) [CHAT] §2§l§o[TenorClef] §rT2 [HIST] 3:14.6 SNAP ph=IRON @243,64,129 sky=15 wet=false ground=true pick=0 buck=0 iron=2 ore=10 rods=0 pearls=0 eyes=0 child=CollectIronIngotTask dbg=<Collecting 8 iron.: [[iron_ingot] x 8]>  mobs=none
[02:45:57] [main/INFO] (Minecraft) [CHAT] §2§l§o[TenorClef] §rT2 [NOW] t=3:14.8 ph=IRON @243,64,129 do=<Collecting 8 iron.: [[iron_ingot] x 8]>  eq=stone_pickaxe woodpick=1 stonepick=1 pick=0 iron=2 buck=0
[02:45:58] [main/INFO] (Minecraft) [CHAT] §2§l§o[TenorClef] §rT2 [NOW] t=3:15.8 ph=IRON @243,64,129 do=<Collecting 8 iron.: [[iron_ingot] x 8]>  eq=stone_pickaxe woodpick=1 stonepick=1 pick=0 iron=2 buck=0
[02:45:58] [main/INFO] (Minecraft) [CHAT] §2§l§o[TenorClef] §rT2 [HIST] 3:16.0 WHY iron: smelt 8 in one furnace
[02:45:59] [main/INFO] (Minecraft) [CHAT] §2§l§o[TenorClef] §rT2 [NOW] t=3:16.8 ph=IRON @243,64,129 do=<Collecting 8 iron.: [[iron_ingot] x 8]>  eq=stone_pickaxe woodpick=1 stonepick=1 pick=0 iron=2 buck=0
[02:45:59] [main/INFO] (Minecraft) [CHAT] §2§l§o[TenorClef] §rT2 [HIST] 3:17.1 SNAP ph=IRON @243,64,129 sky=15 wet=false ground=true pick=0 buck=0 iron=2 ore=10 rods=0 pearls=0 eyes=0 child=CollectIronIngotTask dbg=<Collecting 8 iron.: [[iron_ingot] x 8]>  mobs=none
[02:46:00] [main/INFO] (Minecraft) [CHAT] §2§l§o[TenorClef] §rT2 [NOW] t=3:17.8 ph=IRON @243,64,129 do=<Collecting 8 iron.: [[iron_ingot] x 8]>  eq=stone_pickaxe woodpick=1 stonepick=1 pick=0 iron=2 buck=0
[02:46:00] [main/INFO] (Minecraft) [CHAT] §2§l§o[TenorClef] §rT2 [HIST] 3:17.9 SOLVE S120 craft-gui jump @243,64,129 child=CollectIronIngotTask
[02:46:01] [main/INFO] (Minecraft) [STDOUT]: ALTO CLEF: WARNING: T2 [E104] FurnaceScreen open 8s ph=IRON
[02:46:01] [main/INFO] (Minecraft) [CHAT] §2§l§o[TenorClef] §cT2 [E104] FurnaceScreen open 8s ph=IRON§r
[02:46:01] [main/INFO] (Minecraft) [CHAT] §2§l§o[TenorClef] §rT2 [HIST] 3:18.2 [E104] FurnaceScreen open 8s ph=IRON
[02:46:01] [main/INFO] (Minecraft) [CHAT] §2§l§o[TenorClef] §rT2 [NOW] t=3:18.8 ph=IRON @243,64,129 do=<Collecting 8 iron.: [[iron_ingot] x 8]>  eq=stone_pickaxe woodpick=1 stonepick=1 pick=0 iron=2 buck=0
[02:46:02] [main/INFO] (Minecraft) [CHAT] §2§l§o[TenorClef] §rT2 [HIST] 3:19.6 SNAP ph=IRON @243,64,129 sky=15 wet=false ground=true pick=0 buck=0 iron=2 ore=10 rods=0 pearls=0 eyes=0 child=CollectIronIngotTask dbg=<Collecting 8 iron.: [[iron_ingot] x 8]>  mobs=none
[02:46:02] [main/INFO] (Minecraft) [CHAT] §2§l§o[TenorClef] §rT2 [NOW] t=3:19.8 ph=IRON @243,64,129 do=<Collecting 8 iron.: [[iron_ingot] x 8]>  eq=stone_pickaxe woodpick=1 stonepick=1 pick=0 iron=2 buck=0
[02:46:02] [main/INFO] (Minecraft) [CHAT] §2§l§o[TenorClef] §rT2 [HIST] 3:20.1 WHY iron: smelt 8 in one furnace
[02:46:03] [main/INFO] (Minecraft) [STDOUT]: ALTO CLEF: WARNING: T2 [E70] iron stall 6s @243,129 — clear blacklist + re-pick ore
[02:46:03] [main/INFO] (Minecraft) [CHAT] §2§l§o[TenorClef] §cT2 [E70] iron stall 6s @243,129 — clear blacklist + re-pick ore§r
[02:46:03] [main/INFO] (Minecraft) [CHAT] §2§l§o[TenorClef] §rT2 [NOW] t=3:20.8 ph=IRON @243,64,129 do=<Collecting 8 iron.: [[iron_ingot] x 8]>  eq=stone_pickaxe woodpick=1 stonepick=1 pick=0 iron=2 buck=0
[02:46:04] [main/INFO] (Minecraft) [CHAT] §2§l§o[TenorClef] §rT2 [NOW] t=3:21.8 ph=IRON @243,64,129 do=<Collecting 8 iron.: [[iron_ingot] x 8]>  eq=stone_pickaxe woodpick=1 stonepick=1 pick=0 iron=2 buck=0
[02:46:04] [main/INFO] (Minecraft) [CHAT] §2§l§o[TenorClef] §rT2 [HIST] 3:22.1 SNAP ph=IRON @243,64,129 sky=15 wet=false ground=true pick=0 buck=0 iron=2 ore=10 rods=0 pearls=0 eyes=0 child=CollectIronIngotTask dbg=<Collecting 8 iron.: [[iron_ingot] x 8]>  mobs=none
[02:46:05] [main/INFO] (Minecraft) [CHAT] §2§l§o[TenorClef] §rT2 [HIST] 3:22.3 [E104] FurnaceScreen open 8s ph=IRON
[02:46:05] [main/INFO] (Minecraft) [CHAT] §2§l§o[TenorClef] §rT2 [NOW] t=3:22.8 ph=IRON @243,64,129 do=<Collecting 8 iron.: [[iron_ingot] x 8]>  eq=stone_pickaxe woodpick=1 stonepick=1 pick=0 iron=2 buck=0
[02:46:06] [main/INFO] (Minecraft) [CHAT] §2§l§o[TenorClef] §rT2 [NOW] t=3:23.8 ph=IRON @243,64,129 do=<Collecting 8 iron.: [[iron_ingot] x 8]>  eq=stone_pickaxe woodpick=1 stonepick=1 pick=0 iron=2 buck=0
[02:46:06] [main/INFO] (Minecraft) [STDOUT]: ALTO CLEF: WARNING: T2 [S120] craft-gui jump @243,64,129 child=CollectIronIngotTask
[02:46:06] [main/INFO] (Minecraft) [CHAT] §2§l§o[TenorClef] §cT2 [S120] craft-gui jump @243,64,129 child=CollectIronIngotTask§r
[02:46:06] [main/INFO] (Minecraft) [CHAT] §2§l§o[TenorClef] §rT2 [HIST] 3:23.9 SOLVE S120 craft-gui jump @243,64,129 child=CollectIronIngotTask
[02:46:06] [main/INFO] (Minecraft) [CHAT] §2§l§o[TenorClef] §rT2 [HIST] 3:24.1 WHY iron: smelt 8 in one furnace
[02:46:07] [main/INFO] (Minecraft) [CHAT] §2§l§o[TenorClef] §rT2 [HIST] 3:24.6 SNAP ph=IRON @243,64,129 sky=15 wet=false ground=true pick=0 buck=0 iron=3 ore=9 rods=0 pearls=0 eyes=0 child=CollectIronIngotTask dbg=<Collecting 8 iron.: [[iron_ingot] x 8]>  mobs=none
[02:46:07] [main/INFO] (Minecraft) [CHAT] §2§l§o[TenorClef] §rT2 [NOW] t=3:24.8 ph=IRON @243,64,129 do=<Collecting 8 iron.: [[iron_ingot] x 8]>  eq=stone_pickaxe woodpick=1 stonepick=1 pick=0 iron=3 buck=0
[02:46:08] [main/INFO] (Minecraft) [CHAT] §2§l§o[TenorClef] §rT2 [NOW] t=3:25.8 ph=IRON @243,64,129 do=<Collecting 8 iron.: [[iron_ingot] x 8]>  eq=stone_pickaxe woodpick=1 stonepick=1 pick=0 iron=3 buck=0
[02:46:09] [main/INFO] (Minecraft) [STDOUT]: ALTO CLEF: WARNING: T2 [E104] FurnaceScreen open 8s ph=IRON
[02:46:09] [main/INFO] (Minecraft) [CHAT] §2§l§o[TenorClef] §cT2 [E104] FurnaceScreen open 8s ph=IRON§r
[02:46:09] [main/INFO] (Minecraft) [CHAT] §2§l§o[TenorClef] §rT2 [HIST] 3:26.3 [E104] FurnaceScreen open 8s ph=IRON
[02:46:09] [main/INFO] (Minecraft) [CHAT] §2§l§o[TenorClef] §rT2 [NOW] t=3:26.8 ph=IRON @243,64,129 do=<Collecting 8 iron.: [[iron_ingot] x 8]>  eq=stone_pickaxe woodpick=1 stonepick=1 pick=0 iron=3 buck=0
[02:46:09] [main/INFO] (Minecraft) [CHAT] §2§l§o[TenorClef] §rT2 [HIST] 3:27.1 SNAP ph=IRON @243,64,129 sky=15 wet=false ground=true pick=0 buck=0 iron=3 ore=9 rods=0 pearls=0 eyes=0 child=CollectIronIngotTask dbg=<Collecting 8 iron.: [[iron_ingot] x 8]>  mobs=none
[02:46:10] [main/INFO] (Minecraft) [CHAT] §2§l§o[TenorClef] §rT2 [NOW] t=3:27.8 ph=IRON @243,64,129 do=<Collecting 8 iron.: [[iron_ingot] x 8]>  eq=stone_pickaxe woodpick=1 stonepick=1 pick=0 iron=3 buck=0
[02:46:11] [main/INFO] (Minecraft) [CHAT] §2§l§o[TenorClef] §rT2 [HIST] 3:28.1 WHY iron: smelt 8 in one furnace
[02:46:11] [main/INFO] (Minecraft) [CHAT] §2§l§o[TenorClef] §rT2 [NOW] t=3:28.8 ph=IRON @243,64,129 do=<Collecting 8 iron.: [[iron_ingot] x 8]>  eq=stone_pickaxe woodpick=1 stonepick=1 pick=0 iron=3 buck=0
[02:46:12] [main/INFO] (Minecraft) [CHAT] §2§l§o[TenorClef] §rT2 [HIST] 3:29.6 SNAP ph=IRON @243,64,129 sky=15 wet=false ground=true pick=0 buck=0 iron=3 ore=9 rods=0 pearls=0 eyes=0 child=CollectIronIngotTask dbg=<Collecting 8 iron.: [[iron_ingot] x 8]>  mobs=none
[02:46:12] [main/INFO] (Minecraft) [CHAT] §2§l§o[TenorClef] §rT2 [NOW] t=3:29.8 ph=IRON @243,64,129 do=<Collecting 8 iron.: [[iron_ingot] x 8]>  eq=stone_pickaxe woodpick=1 stonepick=1 pick=0 iron=3 buck=0
[02:46:12] [main/INFO] (Minecraft) [STDOUT]: ALTO CLEF: WARNING: T2 [S120] craft-gui jump @243,64,129 child=CollectIronIngotTask
[02:46:12] [main/INFO] (Minecraft) [CHAT] §2§l§o[TenorClef] §cT2 [S120] craft-gui jump @243,64,129 child=CollectIronIngotTask§r
[02:46:12] [main/INFO] (Minecraft) [CHAT] §2§l§o[TenorClef] §rT2 [HIST] 3:29.9 SOLVE S120 craft-gui jump @243,64,129 child=CollectIronIngotTask
[02:46:13] [main/INFO] (Minecraft) [CHAT] §2§l§o[TenorClef] §rT2 [HIST] 3:30.4 [E104] FurnaceScreen open 8s ph=IRON
[02:46:13] [main/INFO] (Minecraft) [STDOUT]: ALTO CLEF: WARNING: T2 [E70] iron stall 6s @243,129 — clear blacklist + re-pick ore
[02:46:13] [main/INFO] (Minecraft) [CHAT] §2§l§o[TenorClef] §cT2 [E70] iron stall 6s @243,129 — clear blacklist + re-pick ore§r
[02:46:13] [main/INFO] (Minecraft) [CHAT] §2§l§o[TenorClef] §rT2 [NOW] t=3:30.8 ph=IRON @243,64,129 do=<Collecting 8 iron.: [[iron_ingot] x 8]>  eq=stone_pickaxe woodpick=1 stonepick=1 pick=0 iron=3 buck=0
[02:46:14] [main/INFO] (Minecraft) [CHAT] §2§l§o[TenorClef] §rT2 [NOW] t=3:31.8 ph=IRON @243,64,129 do=<Collecting 8 iron.: [[iron_ingot] x 8]>  eq=stone_pickaxe woodpick=1 stonepick=1 pick=0 iron=3 buck=0
[02:46:14] [main/INFO] (Minecraft) [CHAT] §2§l§o[TenorClef] §rT2 [HIST] 3:32.1 SNAP ph=IRON @243,64,129 sky=15 wet=false ground=true pick=0 buck=0 iron=3 ore=9 rods=0 pearls=0 eyes=0 child=CollectIronIngotTask dbg=<Collecting 8 iron.: [[iron_ingot] x 8]>  mobs=none
[02:46:15] [main/INFO] (Minecraft) [CHAT] §2§l§o[TenorClef] §rT2 [HIST] 3:32.1 WHY iron: smelt 8 in one furnace
[02:46:15] [main/INFO] (Minecraft) [CHAT] §2§l§o[TenorClef] §rT2 [NOW] t=3:32.8 ph=IRON @243,64,129 do=<Collecting 8 iron.: [[iron_ingot] x 8]>  eq=stone_pickaxe woodpick=1 stonepick=1 pick=0 iron=3 buck=0
[02:46:16] [main/INFO] (Minecraft) [CHAT] §2§l§o[TenorClef] §rT2 [NOW] t=3:33.8 ph=IRON @243,64,129 do=<Collecting 8 iron.: [[iron_ingot] x 8]>  eq=stone_pickaxe woodpick=1 stonepick=1 pick=0 iron=3 buck=0
[02:46:17] [main/INFO] (Minecraft) [STDOUT]: ALTO CLEF: WARNING: T2 [E104] FurnaceScreen open 8s ph=IRON
[02:46:17] [main/INFO] (Minecraft) [CHAT] §2§l§o[TenorClef] §cT2 [E104] FurnaceScreen open 8s ph=IRON§r
[02:46:17] [main/INFO] (Minecraft) [CHAT] §2§l§o[TenorClef] §rT2 [HIST] 3:34.4 [E104] FurnaceScreen open 8s ph=IRON
[02:46:17] [main/INFO] (Minecraft) [CHAT] §2§l§o[TenorClef] §rT2 [HIST] 3:34.6 SNAP ph=IRON @243,64,129 sky=15 wet=false ground=true pick=0 buck=0 iron=4 ore=8 rods=0 pearls=0 eyes=0 child=CollectIronIngotTask dbg=<Collecting 8 iron.: [[iron_ingot] x 8]>  mobs=none
[02:46:17] [main/INFO] (Minecraft) [CHAT] §2§l§o[TenorClef] §rT2 [NOW] t=3:34.8 ph=IRON @243,64,129 do=<Collecting 8 iron.: [[iron_ingot] x 8]>  eq=stone_pickaxe woodpick=1 stonepick=1 pick=0 iron=4 buck=0
[02:46:18] [main/INFO] (Minecraft) [CHAT] §2§l§o[TenorClef] §rT2 [NOW] t=3:35.8 ph=IRON @243,64,129 do=<Collecting 8 iron.: [[iron_ingot] x 8]>  eq=stone_pickaxe woodpick=1 stonepick=1 pick=0 iron=4 buck=0
[02:46:18] [main/INFO] (Minecraft) [STDOUT]: ALTO CLEF: WARNING: T2 [S120] craft-gui jump @243,64,129 child=CollectIronIngotTask
[02:46:18] [main/INFO] (Minecraft) [CHAT] §2§l§o[TenorClef] §cT2 [S120] craft-gui jump @243,64,129 child=CollectIronIngotTask§r
[02:46:18] [main/INFO] (Minecraft) [CHAT] §2§l§o[TenorClef] §rT2 [HIST] 3:35.9 SOLVE S120 craft-gui jump @243,64,129 child=CollectIronIngotTask
[02:46:19] [main/INFO] (Minecraft) [CHAT] §2§l§o[TenorClef] §rT2 [HIST] 3:36.1 WHY iron: smelt 8 in one furnace
[02:46:19] [main/INFO] (Minecraft) [CHAT] §2§l§o[TenorClef] §rT2 [NOW] t=3:36.8 ph=IRON @243,64,129 do=<Collecting 8 iron.: [[iron_ingot] x 8]>  eq=stone_pickaxe woodpick=1 stonepick=1 pick=0 iron=4 buck=0
[02:46:19] [main/INFO] (Minecraft) [CHAT] §2§l§o[TenorClef] §rT2 [HIST] 3:37.1 SNAP ph=IRON @243,64,129 sky=15 wet=false ground=true pick=0 buck=0 iron=4 ore=8 rods=0 pearls=0 eyes=0 child=CollectIronIngotTask dbg=<Collecting 8 iron.: [[iron_ingot] x 8]>  mobs=none
[02:46:20] [main/INFO] (Minecraft) [CHAT] §2§l§o[TenorClef] §rT2 [NOW] t=3:37.8 ph=IRON @243,64,129 do=<Collecting 8 iron.: [[iron_ingot] x 8]>  eq=stone_pickaxe woodpick=1 stonepick=1 pick=0 iron=4 buck=0
[02:46:21] [main/INFO] (Minecraft) [CHAT] §2§l§o[TenorClef] §rT2 [HIST] 3:38.5 [E104] FurnaceScreen open 8s ph=IRON
[02:46:21] [main/INFO] (Minecraft) [CHAT] §2§l§o[TenorClef] §rT2 [NOW] t=3:38.8 ph=IRON @243,64,129 do=<Collecting 8 iron.: [[iron_ingot] x 8]>  eq=stone_pickaxe woodpick=1 stonepick=1 pick=0 iron=4 buck=0
[02:46:22] [main/INFO] (Minecraft) [CHAT] §2§l§o[TenorClef] §rT2 [HIST] 3:39.6 SNAP ph=IRON @243,64,129 sky=15 wet=false ground=true pick=0 buck=0 iron=4 ore=8 rods=0 pearls=0 eyes=0 child=CollectIronIngotTask dbg=<Collecting 8 iron.: [[iron_ingot] x 8]>  mobs=none
[02:46:22] [main/INFO] (Minecraft) [CHAT] §2§l§o[TenorClef] §rT2 [NOW] t=3:39.8 ph=IRON @243,64,129 do=<Collecting 8 iron.: [[iron_ingot] x 8]>  eq=stone_pickaxe woodpick=1 stonepick=1 pick=0 iron=4 buck=0
[02:46:23] [main/INFO] (Minecraft) [CHAT] §2§l§o[TenorClef] §rT2 [HIST] 3:40.2 WHY iron: smelt 8 in one furnace
[02:46:23] [main/INFO] (Minecraft) [STDOUT]: ALTO CLEF: WARNING: T2 [E70] iron stall 6s @243,129 — clear blacklist + re-pick ore
[02:46:23] [main/INFO] (Minecraft) [CHAT] §2§l§o[TenorClef] §cT2 [E70] iron stall 6s @243,129 — clear blacklist + re-pick ore§r
[02:46:23] [main/INFO] (Minecraft) [CHAT] §2§l§o[TenorClef] §rT2 [NOW] t=3:40.8 ph=IRON @243,64,129 do=<Collecting 8 iron.: [[iron_ingot] x 8]>  eq=stone_pickaxe woodpick=1 stonepick=1 pick=0 iron=4 buck=0
[02:46:24] [main/INFO] (Minecraft) [CHAT] §2§l§o[TenorClef] §rT2 [NOW] t=3:41.8 ph=IRON @243,64,129 do=<Collecting 8 iron.: [[iron_ingot] x 8]>  eq=stone_pickaxe woodpick=1 stonepick=1 pick=0 iron=4 buck=0
[02:46:24] [main/INFO] (Minecraft) [STDOUT]: ALTO CLEF: WARNING: T2 [S120] craft-gui jump @243,64,129 child=CollectIronIngotTask
[02:46:24] [main/INFO] (Minecraft) [CHAT] §2§l§o[TenorClef] §cT2 [S120] craft-gui jump @243,64,129 child=CollectIronIngotTask§r
[02:46:24] [main/INFO] (Minecraft) [CHAT] §2§l§o[TenorClef] §rT2 [HIST] 3:41.9 SOLVE S120 craft-gui jump @243,64,129 child=CollectIronIngotTask
[02:46:24] [main/INFO] (Minecraft) [CHAT] §2§l§o[TenorClef] §rT2 [HIST] 3:42.1 SNAP ph=IRON @243,64,129 sky=15 wet=false ground=true pick=0 buck=0 iron=4 ore=8 rods=0 pearls=0 eyes=0 child=CollectIronIngotTask dbg=<Collecting 8 iron.: [[iron_ingot] x 8]>  mobs=none
[02:46:25] [main/INFO] (Minecraft) [STDOUT]: ALTO CLEF: WARNING: T2 [E104] FurnaceScreen open 8s ph=IRON
[02:46:25] [main/INFO] (Minecraft) [CHAT] §2§l§o[TenorClef] §cT2 [E104] FurnaceScreen open 8s ph=IRON§r
[02:46:25] [main/INFO] (Minecraft) [CHAT] §2§l§o[TenorClef] §rT2 [HIST] 3:42.5 [E104] FurnaceScreen open 8s ph=IRON
[02:46:25] [main/INFO] (Minecraft) [CHAT] §2§l§o[TenorClef] §rT2 [NOW] t=3:42.8 ph=IRON @243,64,129 do=<Collecting 8 iron.: [[iron_ingot] x 8]>  eq=stone_pickaxe woodpick=1 stonepick=1 pick=0 iron=4 buck=0
[02:46:26] [main/INFO] (Minecraft) [CHAT] §2§l§o[TenorClef] §rT2 [NOW] t=3:43.8 ph=IRON @243,64,129 do=<Collecting 8 iron.: [[iron_ingot] x 8]>  eq=stone_pickaxe woodpick=1 stonepick=1 pick=0 iron=4 buck=0
[02:46:27] [main/INFO] (Minecraft) [CHAT] §2§l§o[TenorClef] §rT2 [HIST] 3:44.2 WHY iron: smelt 8 in one furnace
[02:46:27] [main/INFO] (Minecraft) [CHAT] §2§l§o[TenorClef] §rT2 [HIST] 3:44.6 SNAP ph=IRON @243,64,129 sky=15 wet=false ground=true pick=0 buck=0 iron=5 ore=7 rods=0 pearls=0 eyes=0 child=CollectIronIngotTask dbg=<Collecting 8 iron.: [[iron_ingot] x 8]>  mobs=none
[02:46:27] [main/INFO] (Minecraft) [CHAT] §2§l§o[TenorClef] §rT2 [NOW] t=3:44.8 ph=IRON @243,64,129 do=<Collecting 8 iron.: [[iron_ingot] x 8]>  eq=stone_pickaxe woodpick=1 stonepick=1 pick=0 iron=5 buck=0
[02:46:28] [main/INFO] (Minecraft) [CHAT] §2§l§o[TenorClef] §rT2 [NOW] t=3:45.8 ph=IRON @243,64,129 do=<Collecting 8 iron.: [[iron_ingot] x 8]>  eq=stone_pickaxe woodpick=1 stonepick=1 pick=0 iron=5 buck=0
[02:46:29] [main/WARN] (Minecraft) Unable to play empty soundEvent: minecraft:entity.cod.ambient
[02:46:29] [main/INFO] (Minecraft) [CHAT] §2§l§o[TenorClef] §rT2 [HIST] 3:46.6 [E104] FurnaceScreen open 8s ph=IRON
[02:46:29] [main/INFO] (Minecraft) [CHAT] §2§l§o[TenorClef] §rT2 [NOW] t=3:46.8 ph=IRON @243,64,129 do=<Collecting 8 iron.: [[iron_ingot] x 8]>  eq=stone_pickaxe woodpick=1 stonepick=1 pick=0 iron=5 buck=0
[02:46:29] [main/INFO] (Minecraft) [CHAT] §2§l§o[TenorClef] §rT2 [HIST] 3:47.1 SNAP ph=IRON @243,64,129 sky=15 wet=false ground=true pick=0 buck=0 iron=5 ore=7 rods=0 pearls=0 eyes=0 child=CollectIronIngotTask dbg=<Collecting 8 iron.: [[iron_ingot] x 8]>  mobs=none
[02:46:30] [main/INFO] (Minecraft) [CHAT] §2§l§o[TenorClef] §rT2 [NOW] t=3:47.8 ph=IRON @243,64,129 do=<Collecting 8 iron.: [[iron_ingot] x 8]>  eq=stone_pickaxe woodpick=1 stonepick=1 pick=0 iron=5 buck=0
[02:46:30] [main/INFO] (Minecraft) [STDOUT]: ALTO CLEF: WARNING: T2 [S120] craft-gui jump @243,64,129 child=CollectIronIngotTask
[02:46:30] [main/INFO] (Minecraft) [CHAT] §2§l§o[TenorClef] §cT2 [S120] craft-gui jump @243,64,129 child=CollectIronIngotTask§r
[02:46:30] [main/INFO] (Minecraft) [CHAT] §2§l§o[TenorClef] §rT2 [HIST] 3:47.9 SOLVE S120 craft-gui jump @243,64,129 child=CollectIronIngotTask
[02:46:31] [main/INFO] (Minecraft) [CHAT] §2§l§o[TenorClef] §rT2 [HIST] 3:48.2 WHY iron: smelt 8 in one furnace
[02:46:31] [main/INFO] (Minecraft) [CHAT] §2§l§o[TenorClef] §rT2 [NOW] t=3:48.8 ph=IRON @243,64,129 do=<Collecting 8 iron.: [[iron_ingot] x 8]>  eq=stone_pickaxe woodpick=1 stonepick=1 pick=0 iron=5 buck=0
[02:46:32] [main/INFO] (Minecraft) [CHAT] §2§l§o[TenorClef] §rT2 [HIST] 3:49.6 SNAP ph=IRON @243,64,129 sky=15 wet=false ground=true pick=0 buck=0 iron=5 ore=7 rods=0 pearls=0 eyes=0 child=CollectIronIngotTask dbg=<Collecting 8 iron.: [[iron_ingot] x 8]>  mobs=none
[02:46:32] [main/INFO] (Minecraft) [CHAT] §2§l§o[TenorClef] §rT2 [NOW] t=3:49.8 ph=IRON @243,64,129 do=<Collecting 8 iron.: [[iron_ingot] x 8]>  eq=stone_pickaxe woodpick=1 stonepick=1 pick=0 iron=5 buck=0
[02:46:33] [main/INFO] (Minecraft) [STDOUT]: ALTO CLEF: WARNING: T2 [E70] iron stall 6s @243,129 — clear blacklist + re-pick ore
[02:46:33] [main/INFO] (Minecraft) [CHAT] §2§l§o[TenorClef] §cT2 [E70] iron stall 6s @243,129 — clear blacklist + re-pick ore§r
[02:46:33] [main/INFO] (Minecraft) [STDOUT]: ALTO CLEF: WARNING: T2 [E104] FurnaceScreen open 8s ph=IRON
[02:46:33] [main/INFO] (Minecraft) [CHAT] §2§l§o[TenorClef] §cT2 [E104] FurnaceScreen open 8s ph=IRON§r
[02:46:33] [main/INFO] (Minecraft) [CHAT] §2§l§o[TenorClef] §rT2 [HIST] 3:50.6 [E104] FurnaceScreen open 8s ph=IRON
[02:46:33] [main/INFO] (Minecraft) [CHAT] §2§l§o[TenorClef] §rT2 [NOW] t=3:50.8 ph=IRON @243,64,129 do=<Collecting 8 iron.: [[iron_ingot] x 8]>  eq=stone_pickaxe woodpick=1 stonepick=1 pick=0 iron=5 buck=0
[02:46:34] [main/INFO] (Minecraft) [CHAT] §2§l§o[TenorClef] §rT2 [NOW] t=3:51.8 ph=IRON @243,64,129 do=<Collecting 8 iron.: [[iron_ingot] x 8]>  eq=stone_pickaxe woodpick=1 stonepick=1 pick=0 iron=5 buck=0
[02:46:34] [main/INFO] (Minecraft) [CHAT] §2§l§o[TenorClef] §rT2 [HIST] 3:52.1 SNAP ph=IRON @243,64,129 sky=15 wet=false ground=true pick=0 buck=0 iron=5 ore=7 rods=0 pearls=0 eyes=0 child=CollectIronIngotTask dbg=<Collecting 8 iron.: [[iron_ingot] x 8]>  mobs=none
[02:46:35] [main/INFO] (Minecraft) [CHAT] §2§l§o[TenorClef] §rT2 [HIST] 3:52.2 WHY iron: smelt 8 in one furnace
[02:46:35] [main/INFO] (Minecraft) [CHAT] §2§l§o[TenorClef] §rT2 [NOW] t=3:52.8 ph=IRON @243,64,129 do=<Collecting 8 iron.: [[iron_ingot] x 8]>  eq=stone_pickaxe woodpick=1 stonepick=1 pick=0 iron=5 buck=0
[02:46:36] [main/INFO] (Minecraft) [CHAT] §2§l§o[TenorClef] §rT2 [NOW] t=3:53.8 ph=IRON @243,64,129 do=<Collecting 8 iron.: [[iron_ingot] x 8]>  eq=stone_pickaxe woodpick=1 stonepick=1 pick=0 iron=5 buck=0
[02:46:36] [main/INFO] (Minecraft) [STDOUT]: ALTO CLEF: WARNING: T2 [S120] craft-gui jump @243,64,129 child=CollectIronIngotTask
[02:46:36] [main/INFO] (Minecraft) [CHAT] §2§l§o[TenorClef] §cT2 [S120] craft-gui jump @243,64,129 child=CollectIronIngotTask§r
[02:46:36] [main/INFO] (Minecraft) [CHAT] §2§l§o[TenorClef] §rT2 [HIST] 3:53.9 SOLVE S120 craft-gui jump @243,64,129 child=CollectIronIngotTask
[02:46:37] [main/INFO] (Minecraft) [CHAT] §2§l§o[TenorClef] §rT2 [HIST] 3:54.6 SNAP ph=IRON @243,64,129 sky=15 wet=false ground=true pick=0 buck=0 iron=6 ore=6 rods=0 pearls=0 eyes=0 child=CollectIronIngotTask dbg=<Collecting 8 iron.: [[iron_ingot] x 8]>  mobs=none
[02:46:37] [main/INFO] (Minecraft) [CHAT] §2§l§o[TenorClef] §rT2 [HIST] 3:54.7 [E104] FurnaceScreen open 8s ph=IRON
[02:46:37] [main/INFO] (Minecraft) [CHAT] §2§l§o[TenorClef] §rT2 [NOW] t=3:54.8 ph=IRON @243,64,129 do=<Collecting 8 iron.: [[iron_ingot] x 8]>  eq=stone_pickaxe woodpick=1 stonepick=1 pick=0 iron=6 buck=0
[02:46:38] [main/INFO] (Minecraft) [CHAT] §2§l§o[TenorClef] §rT2 [NOW] t=3:55.8 ph=IRON @243,64,129 do=<Collecting 8 iron.: [[iron_ingot] x 8]>  eq=stone_pickaxe woodpick=1 stonepick=1 pick=0 iron=6 buck=0
[02:46:39] [main/INFO] (Minecraft) [CHAT] §2§l§o[TenorClef] §rT2 [HIST] 3:56.3 WHY iron: smelt 8 in one furnace
[02:46:39] [main/INFO] (Minecraft) [CHAT] §2§l§o[TenorClef] §rT2 [NOW] t=3:56.8 ph=IRON @243,64,129 do=<Collecting 8 iron.: [[iron_ingot] x 8]>  eq=stone_pickaxe woodpick=1 stonepick=1 pick=0 iron=6 buck=0
[02:46:39] [main/INFO] (Minecraft) [CHAT] §2§l§o[TenorClef] §rT2 [HIST] 3:57.1 SNAP ph=IRON @243,64,129 sky=15 wet=false ground=true pick=0 buck=0 iron=6 ore=6 rods=0 pearls=0 eyes=0 child=CollectIronIngotTask dbg=<Collecting 8 iron.: [[iron_ingot] x 8]>  mobs=none
[02:46:40] [main/INFO] (Minecraft) [CHAT] §2§l§o[TenorClef] §rT2 [NOW] t=3:57.8 ph=IRON @243,64,129 do=<Collecting 8 iron.: [[iron_ingot] x 8]>  eq=stone_pickaxe woodpick=1 stonepick=1 pick=0 iron=6 buck=0
[02:46:41] [main/INFO] (Minecraft) [STDOUT]: ALTO CLEF: WARNING: T2 [E104] FurnaceScreen open 8s ph=IRON
[02:46:41] [main/INFO] (Minecraft) [CHAT] §2§l§o[TenorClef] §cT2 [E104] FurnaceScreen open 8s ph=IRON§r
[02:46:41] [main/INFO] (Minecraft) [CHAT] §2§l§o[TenorClef] §rT2 [HIST] 3:58.7 [E104] FurnaceScreen open 8s ph=IRON
[02:46:41] [main/INFO] (Minecraft) [CHAT] §2§l§o[TenorClef] §rT2 [NOW] t=3:58.8 ph=IRON @243,64,129 do=<Collecting 8 iron.: [[iron_ingot] x 8]>  eq=stone_pickaxe woodpick=1 stonepick=1 pick=0 iron=6 buck=0
[02:46:42] [main/INFO] (Minecraft) [CHAT] §2§l§o[TenorClef] §rT2 [HIST] 3:59.6 SNAP ph=IRON @243,64,129 sky=15 wet=false ground=true pick=0 buck=0 iron=6 ore=6 rods=0 pearls=0 eyes=0 child=CollectIronIngotTask dbg=<Collecting 8 iron.: [[iron_ingot] x 8]>  mobs=none
[02:46:42] [main/INFO] (Minecraft) [CHAT] §2§l§o[TenorClef] §rT2 [NOW] t=3:59.8 ph=IRON @243,64,129 do=<Collecting 8 iron.: [[iron_ingot] x 8]>  eq=stone_pickaxe woodpick=1 stonepick=1 pick=0 iron=6 buck=0
[02:46:42] [main/INFO] (Minecraft) [STDOUT]: ALTO CLEF: WARNING: T2 [S120] craft-gui jump @243,64,129 child=CollectIronIngotTask
[02:46:42] [main/INFO] (Minecraft) [CHAT] §2§l§o[TenorClef] §cT2 [S120] craft-gui jump @243,64,129 child=CollectIronIngotTask§r
[02:46:42] [main/INFO] (Minecraft) [CHAT] §2§l§o[TenorClef] §rT2 [HIST] 3:59.9 SOLVE S120 craft-gui jump @243,64,129 child=CollectIronIngotTask
[02:46:43] [main/INFO] (Minecraft) [CHAT] §2§l§o[TenorClef] §rT2 [HIST] 4:00.3 WHY iron: smelt 8 in one furnace
[02:46:43] [main/INFO] (Minecraft) [STDOUT]: ALTO CLEF: WARNING: T2 [E70] iron stall 6s @243,129 — clear blacklist + re-pick ore
[02:46:43] [main/INFO] (Minecraft) [CHAT] §2§l§o[TenorClef] §cT2 [E70] iron stall 6s @243,129 — clear blacklist + re-pick ore§r
[02:46:43] [main/INFO] (Minecraft) [CHAT] §2§l§o[TenorClef] §rT2 [NOW] t=4:00.8 ph=IRON @243,64,129 do=<Collecting 8 iron.: [[iron_ingot] x 8]>  eq=stone_pickaxe woodpick=1 stonepick=1 pick=0 iron=6 buck=0
[02:46:44] [main/INFO] (Minecraft) [CHAT] §2§l§o[TenorClef] §rT2 [NOW] t=4:01.8 ph=IRON @243,64,129 do=<Collecting 8 iron.: [[iron_ingot] x 8]>  eq=stone_pickaxe woodpick=1 stonepick=1 pick=0 iron=6 buck=0
[02:46:44] [main/INFO] (Minecraft) [CHAT] §2§l§o[TenorClef] §rT2 [HIST] 4:02.1 SNAP ph=IRON @243,64,129 sky=15 wet=false ground=true pick=0 buck=0 iron=6 ore=6 rods=0 pearls=0 eyes=0 child=CollectIronIngotTask dbg=<Collecting 8 iron.: [[iron_ingot] x 8]>  mobs=none
[02:46:45] [main/INFO] (Minecraft) [CHAT] §2§l§o[TenorClef] §rT2 [HIST] 4:02.8 [E104] FurnaceScreen open 8s ph=IRON
[02:46:45] [main/INFO] (Minecraft) [CHAT] §2§l§o[TenorClef] §rT2 [NOW] t=4:02.8 ph=IRON @243,64,129 do=<Collecting 8 iron.: [[iron_ingot] x 8]>  eq=stone_pickaxe woodpick=1 stonepick=1 pick=0 iron=6 buck=0
[02:46:46] [main/INFO] (Minecraft) [CHAT] §2§l§o[TenorClef] §rT2 [NOW] t=4:03.8 ph=IRON @243,64,129 do=<Collecting 8 iron.: [[iron_ingot] x 8]>  eq=stone_pickaxe woodpick=1 stonepick=1 pick=0 iron=6 buck=0
[02:46:47] [main/INFO] (Minecraft) [CHAT] §2§l§o[TenorClef] §rT2 [HIST] 4:04.3 WHY iron: smelt 8 in one furnace
[02:46:47] [main/INFO] (Minecraft) [CHAT] §2§l§o[TenorClef] §rT2 [HIST] 4:04.6 SNAP ph=IRON @243,64,129 sky=15 wet=false ground=true pick=0 buck=0 iron=7 ore=5 rods=0 pearls=0 eyes=0 child=CollectIronIngotTask dbg=<Collecting 8 iron.: [[iron_ingot] x 8]>  mobs=none
[02:46:47] [main/INFO] (Minecraft) [CHAT] §2§l§o[TenorClef] §rT2 [NOW] t=4:04.8 ph=IRON @243,64,129 do=<Collecting 8 iron.: [[iron_ingot] x 8]>  eq=stone_pickaxe woodpick=1 stonepick=1 pick=0 iron=7 buck=0
[02:46:48] [main/INFO] (Minecraft) [CHAT] §2§l§o[TenorClef] §rT2 [NOW] t=4:05.8 ph=IRON @243,64,129 do=<Collecting 8 iron.: [[iron_ingot] x 8]>  eq=stone_pickaxe woodpick=1 stonepick=1 pick=0 iron=7 buck=0
[02:46:48] [main/INFO] (Minecraft) [STDOUT]: ALTO CLEF: WARNING: T2 [S120] craft-gui jump @243,64,129 child=CollectIronIngotTask
[02:46:48] [main/INFO] (Minecraft) [CHAT] §2§l§o[TenorClef] §cT2 [S120] craft-gui jump @243,64,129 child=CollectIronIngotTask§r
[02:46:48] [main/INFO] (Minecraft) [CHAT] §2§l§o[TenorClef] §rT2 [HIST] 4:05.9 SOLVE S120 craft-gui jump @243,64,129 child=CollectIronIngotTask
[02:46:49] [main/INFO] (Minecraft) [CHAT] §2§l§o[TenorClef] §rT2 [NOW] t=4:06.8 ph=IRON @243,64,129 do=<Collecting 8 iron.: [[iron_ingot] x 8]>  eq=stone_pickaxe woodpick=1 stonepick=1 pick=0 iron=7 buck=0
[02:46:49] [main/INFO] (Minecraft) [STDOUT]: ALTO CLEF: WARNING: T2 [E104] FurnaceScreen open 8s ph=IRON
[02:46:49] [main/INFO] (Minecraft) [CHAT] §2§l§o[TenorClef] §cT2 [E104] FurnaceScreen open 8s ph=IRON§r
[02:46:49] [main/INFO] (Minecraft) [CHAT] §2§l§o[TenorClef] §rT2 [HIST] 4:06.8 [E104] FurnaceScreen open 8s ph=IRON
[02:46:49] [main/INFO] (Minecraft) [CHAT] §2§l§o[TenorClef] §rT2 [HIST] 4:07.1 SNAP ph=IRON @243,64,129 sky=15 wet=false ground=true pick=0 buck=0 iron=7 ore=5 rods=0 pearls=0 eyes=0 child=CollectIronIngotTask dbg=<Collecting 8 iron.: [[iron_ingot] x 8]>  mobs=none
[02:46:50] [main/INFO] (Minecraft) [CHAT] §2§l§o[TenorClef] §rT2 [NOW] t=4:07.8 ph=IRON @243,64,129 do=<Collecting 8 iron.: [[iron_ingot] x 8]>  eq=stone_pickaxe woodpick=1 stonepick=1 pick=0 iron=7 buck=0
[02:46:51] [main/INFO] (Minecraft) [CHAT] §2§l§o[TenorClef] §rT2 [HIST] 4:08.3 WHY iron: smelt 8 in one furnace
[02:46:51] [main/INFO] (Minecraft) [CHAT] §2§l§o[TenorClef] §rT2 [NOW] t=4:08.8 ph=IRON @243,64,129 do=<Collecting 8 iron.: [[iron_ingot] x 8]>  eq=stone_pickaxe woodpick=1 stonepick=1 pick=0 iron=7 buck=0
[02:46:52] [main/INFO] (Minecraft) [CHAT] §2§l§o[TenorClef] §rT2 [HIST] 4:09.6 SNAP ph=IRON @243,64,129 sky=15 wet=false ground=true pick=0 buck=0 iron=7 ore=5 rods=0 pearls=0 eyes=0 child=CollectIronIngotTask dbg=<Collecting 8 iron.: [[iron_ingot] x 8]>  mobs=none
[02:46:52] [main/INFO] (Minecraft) [CHAT] §2§l§o[TenorClef] §rT2 [NOW] t=4:09.8 ph=IRON @243,64,129 do=<Collecting 8 iron.: [[iron_ingot] x 8]>  eq=stone_pickaxe woodpick=1 stonepick=1 pick=0 iron=7 buck=0
[02:46:53] [main/INFO] (Minecraft) [STDOUT]: ALTO CLEF: WARNING: T2 [E70] iron stall 6s @243,129 — clear blacklist + re-pick ore
[02:46:53] [main/INFO] (Minecraft) [CHAT] §2§l§o[TenorClef] §cT2 [E70] iron stall 6s @243,129 — clear blacklist + re-pick ore§r
[02:46:53] [main/INFO] (Minecraft) [CHAT] §2§l§o[TenorClef] §rT2 [NOW] t=4:10.8 ph=IRON @243,64,129 do=<Collecting 8 iron.: [[iron_ingot] x 8]>  eq=stone_pickaxe woodpick=1 stonepick=1 pick=0 iron=7 buck=0
[02:46:53] [main/INFO] (Minecraft) [CHAT] §2§l§o[TenorClef] §rT2 [HIST] 4:10.9 [E104] FurnaceScreen open 8s ph=IRON
[02:46:54] [main/INFO] (Minecraft) [CHAT] §2§l§o[TenorClef] §rT2 [NOW] t=4:11.8 ph=IRON @243,64,129 do=<Collecting 8 iron.: [[iron_ingot] x 8]>  eq=stone_pickaxe woodpick=1 stonepick=1 pick=0 iron=7 buck=0
[02:46:54] [main/INFO] (Minecraft) [STDOUT]: ALTO CLEF: WARNING: T2 [S120] craft-gui jump @243,64,129 child=CollectIronIngotTask
[02:46:54] [main/INFO] (Minecraft) [CHAT] §2§l§o[TenorClef] §cT2 [S120] craft-gui jump @243,64,129 child=CollectIronIngotTask§r
[02:46:54] [main/INFO] (Minecraft) [CHAT] §2§l§o[TenorClef] §rT2 [HIST] 4:11.9 SOLVE S120 craft-gui jump @243,64,129 child=CollectIronIngotTask
[02:46:54] [main/INFO] (Minecraft) [CHAT] §2§l§o[TenorClef] §rT2 [HIST] 4:12.1 SNAP ph=IRON @243,64,129 sky=15 wet=false ground=true pick=0 buck=0 iron=7 ore=5 rods=0 pearls=0 eyes=0 child=CollectIronIngotTask dbg=<Collecting 8 iron.: [[iron_ingot] x 8]>  mobs=none
[02:46:55] [main/INFO] (Minecraft) [CHAT] §2§l§o[TenorClef] §rT2 [HIST] 4:12.3 WHY iron: smelt 8 in one furnace
[02:46:55] [main/INFO] (Minecraft) [CHAT] §2§l§o[TenorClef] §rT2 [NOW] t=4:12.8 ph=IRON @243,64,129 do=<Collecting 8 iron.: [[iron_ingot] x 8]>  eq=stone_pickaxe woodpick=1 stonepick=1 pick=0 iron=7 buck=0
[02:46:56] [main/INFO] (Minecraft) [CHAT] §2§l§o[TenorClef] §rT2 [NOW] t=4:13.8 ph=IRON @243,64,129 do=<Collecting 8 iron.: [[iron_ingot] x 8]>  eq=stone_pickaxe woodpick=1 stonepick=1 pick=0 iron=7 buck=0
[02:46:57] [main/INFO] (Minecraft) [CHAT] §2§l§o[TenorClef] §rT2 [HIST] 4:14.5 WHY iron: lock pick craft, ignore y flicker
[02:46:57] [main/INFO] (Minecraft) [CHAT] §2§l§o[TenorClef] §rT2 [HIST] 4:14.5 CHILD CollectIronIngotTask -> CraftInTableTask ph=IRON @243,64,129 sky=15 wet=false ground=true pick=0 buck=0 iron=8 ore=4 rods=0 pearls=0 eyes=0
[02:46:57] [main/INFO] (Minecraft) [CHAT] §2§l§o[TenorClef] §rT2 [HIST] 4:14.6 SNAP ph=IRON @243,64,129 sky=15 wet=false ground=true pick=0 buck=0 iron=8 ore=4 rods=0 pearls=0 eyes=0 child=CraftInTableTask dbg=<Doing stuff in crafting_table container: [[iron_pickaxe]]>  mobs=none
[02:46:57] [Server thread/INFO] (Minecraft) Player369 has made the advancement [Acquire Hardware]
[02:46:57] [main/INFO] (Minecraft) [CHAT] Player369 has made the advancement [Acquire Hardware]
[02:46:57] [main/INFO] (Minecraft) Loaded 100 advancements
[02:46:57] [main/INFO] (Minecraft) [CHAT] §2§l§o[TenorClef] §rRefreshed inventory...
[02:46:57] [main/INFO] (Minecraft) [CHAT] §2§l§o[TenorClef] §rT2 [NOW] t=4:14.8 ph=IRON @243,64,129 do=<Doing stuff in crafting_table container: [[iron_pickaxe]]>  eq=stone_pickaxe woodpick=1 stonepick=1 pick=0 iron=8 buck=0
[02:46:58] [main/INFO] (Minecraft) [CHAT] §2§l§o[TenorClef] §rT2 [NOW] t=4:15.8 ph=IRON @240,63,134 do=<Doing stuff in crafting_table container: [[iron_pickaxe]]>  eq=stone_pickaxe woodpick=1 stonepick=1 pick=0 iron=8 buck=0
[02:46:59] [main/INFO] (Minecraft) [CHAT] §2§l§o[TenorClef] §rT2 [NOW] t=4:16.8 ph=IRON @239,63,138 do=<Doing stuff in crafting_table container: [[iron_pickaxe]]>  eq=stone_pickaxe woodpick=1 stonepick=1 pick=0 iron=8 buck=0
[02:46:59] [main/INFO] (Minecraft) [CHAT] §2§l§o[TenorClef] §rT2 [HIST] 4:17.1 SNAP ph=IRON @239,63,138 sky=15 wet=false ground=true pick=0 buck=0 iron=8 ore=4 rods=0 pearls=0 eyes=0 child=CraftInTableTask dbg=<Doing stuff in crafting_table container: [[iron_pickaxe]]>  mobs=none
[02:47:00] [main/INFO] (Minecraft) [CHAT] §2§l§o[TenorClef] §rT2 [NOW] t=4:17.8 ph=IRON @239,63,138 do=<Doing stuff in crafting_table container: [[iron_pickaxe]]>  eq=stone_pickaxe woodpick=1 stonepick=1 pick=0 iron=8 buck=0
[02:47:01] [main/INFO] (Minecraft) [CHAT] §2§l§o[TenorClef] §rT2 [NOW] t=4:18.8 ph=IRON @239,63,135 do=<Doing stuff in crafting_table container: [[iron_pickaxe]]>  eq=stone_pickaxe woodpick=1 stonepick=1 pick=0 iron=8 buck=0
[02:47:02] [main/INFO] (Minecraft) [CHAT] §2§l§o[TenorClef] §rT2 [HIST] 4:19.6 SNAP ph=IRON @242,63,133 sky=15 wet=false ground=true pick=0 buck=0 iron=8 ore=4 rods=0 pearls=0 eyes=0 child=CraftInTableTask dbg=<Doing stuff in crafting_table container: [[iron_pickaxe]]>  mobs=none
[02:47:02] [main/INFO] (Minecraft) [CHAT] §2§l§o[TenorClef] §rT2 [NOW] t=4:19.8 ph=IRON @242,63,132 do=<Doing stuff in crafting_table container: [[iron_pickaxe]]>  eq=stone_pickaxe woodpick=1 stonepick=1 pick=0 iron=8 buck=0
[02:47:02] [main/INFO] (Minecraft) [CHAT] §2§l§o[TenorClef] §rT2 [I01] IRON -> PORTAL t=4:19.9
[02:47:02] [main/INFO] (Minecraft) [CHAT] §2§l§o[TenorClef] §rTESRUN2 split PORTAL  4:19.9
[02:47:02] [main/INFO] (Minecraft) [STDOUT]: ALTO CLEF: WARNING: T2 [S177] adopting ruined portal @230,10,148 dist=57 (the seed was accepted on this structure)
[02:47:02] [main/INFO] (Minecraft) [CHAT] §2§l§o[TenorClef] §cT2 [S177] adopting ruined portal @230,10,148 dist=57 (the seed was accepted on this structure)§r
[02:47:02] [main/INFO] (Minecraft) [CHAT] §2§l§o[TenorClef] §rT2 [HIST] 4:19.9 FORCE S177 adopting ruined portal @230,10,148 dist=57 (the seed was accepted on this structure)
[02:47:02] [main/INFO] (Minecraft) [CHAT] §2§l§o[TenorClef] §rT2 [HIST] 4:19.9 PHASE IRON -> PORTAL
[02:47:02] [main/INFO] (Minecraft) [CHAT] §2§l§o[TenorClef] §rT2 [HIST] 4:19.9 CHILD CraftInTableTask -> RuinedPortalFinishTask ph=PORTAL @242,63,132 sky=15 wet=false ground=true pick=1 buck=0 iron=5 ore=4 rods=0 pearls=0 eyes=0
[02:47:02] [main/INFO] (Minecraft) [STDOUT]: ALTO CLEF: WARNING: T2 [S177] finishing ruined portal near 230,10,148 obsidian-nearby=12/10
[02:47:02] [main/INFO] (Minecraft) [CHAT] §2§l§o[TenorClef] §cT2 [S177] finishing ruined portal near 230,10,148 obsidian-nearby=12/10§r
[02:47:02] [main/INFO] (Minecraft) [CHAT] §2§l§o[TenorClef] §rT2 [HIST] 4:19.9 FORCE S177 finishing ruined portal near 230,10,148 obsidian-nearby=12/10
[02:47:02] [main/INFO] (Minecraft) [STDOUT]: ALTO CLEF: WARNING: T2 [E116] drop 9 from 72 to 63 ph=PORTAL
[02:47:02] [main/INFO] (Minecraft) [CHAT] §2§l§o[TenorClef] §cT2 [E116] drop 9 from 72 to 63 ph=PORTAL§r
[02:47:02] [main/INFO] (Minecraft) [CHAT] §2§l§o[TenorClef] §rT2 [HIST] 4:19.9 [E116] drop 9 from 72 to 63 ph=PORTAL
[02:47:02] [main/INFO] (Minecraft) [CHAT] §2§l§o[TenorClef] §rT2 [HIST] 4:19.9 WHY portal: water bucket before lava cast
[02:47:02] [main/INFO] (Minecraft) [CHAT] §2§l§o[TenorClef] §rT2 [HIST] 4:19.9 CHILD RuinedPortalFinishTask -> CollectWaterBucketTask ph=PORTAL @242,63,132 sky=15 wet=false ground=true pick=1 buck=0 iron=5 ore=4 rods=0 pearls=0 eyes=0
[02:47:02] [main/INFO] (Minecraft) [CHAT] §2§l§o[TenorClef] §rTESRUN2 S177 gave up: no igniter
[02:47:02] [main/INFO] (Minecraft) [STDOUT]: ALTO CLEF: WARNING: T2 [S177] adopting ruined portal @230,10,148 dist=57 (the seed was accepted on this structure)
[02:47:02] [main/INFO] (Minecraft) [CHAT] §2§l§o[TenorClef] §cT2 [S177] adopting ruined portal @230,10,148 dist=57 (the seed was accepted on this structure)§r
[02:47:02] [main/INFO] (Minecraft) [CHAT] §2§l§o[TenorClef] §rT2 [HIST] 4:20.0 CHILD CollectWaterBucketTask -> RuinedPortalFinishTask ph=PORTAL @242,63,132 sky=15 wet=false ground=true pick=1 buck=0 iron=5 ore=4 rods=0 pearls=0 eyes=0
[02:47:02] [main/INFO] (Minecraft) [STDOUT]: ALTO CLEF: WARNING: T2 [S177] finishing ruined portal near 230,10,148 obsidian-nearby=12/10
[02:47:02] [main/INFO] (Minecraft) [CHAT] §2§l§o[TenorClef] §cT2 [S177] finishing ruined portal near 230,10,148 obsidian-nearby=12/10§r
[02:47:02] [main/INFO] (Minecraft) [CHAT] §2§l§o[TenorClef] §rT2 [HIST] 4:20.0 CHILD RuinedPortalFinishTask -> CollectWaterBucketTask ph=PORTAL @242,63,132 sky=15 wet=false ground=true pick=1 buck=0 iron=5 ore=4 rods=0 pearls=0 eyes=0
[02:47:02] [main/INFO] (Minecraft) [CHAT] §2§l§o[TenorClef] §rTESRUN2 S177 gave up: no igniter
[02:47:03] [pool-5-thread-4/INFO] (Minecraft) [STDOUT]: 533632 movements considered
[02:47:03] [pool-5-thread-4/INFO] (Minecraft) [STDOUT]: Open set size: 16355
[02:47:03] [pool-5-thread-4/INFO] (Minecraft) [STDOUT]: PathNode map size: 40611
[02:47:03] [pool-5-thread-4/INFO] (Minecraft) [STDOUT]: 48512 nodes per second
[02:47:03] [pool-5-thread-4/INFO] (Minecraft) [STDOUT]: Path goes for 111.36875683960919 blocks
[02:47:03] [Server thread/INFO] (Minecraft) Player369 has made the advancement [Isn't It Iron Pick]
[02:47:03] [main/INFO] (Minecraft) [CHAT] Player369 has made the advancement [Isn't It Iron Pick]
[02:47:03] [main/INFO] (Minecraft) Loaded 105 advancements
[02:47:03] [main/INFO] (Minecraft) [CHAT] §2§l§o[TenorClef] §rT2 [NOW] t=4:20.8 ph=PORTAL @242,63,132 do=<Collect 1 water buckets: [[water_bucket]]> Getting bucket... eq=stone_pickaxe woodpick=1 stonepick=1 pick=1 iron=5 buck=0
[02:47:04] [main/INFO] (Minecraft) [CHAT] §2§l§o[TenorClef] §rT2 [HIST] 4:21.2 WHY portal: 1 flint before construct
[02:47:04] [main/INFO] (Minecraft) [CHAT] §2§l§o[TenorClef] §rT2 [HIST] 4:21.2 CHILD CollectWaterBucketTask -> CollectFlintTask ph=PORTAL @242,63,132 sky=15 wet=false ground=true pick=1 buck=1 iron=2 ore=4 rods=0 pearls=0 eyes=0
[02:47:04] [main/INFO] (Minecraft) [CHAT] §2§l§o[TenorClef] §rT2 [NOW] t=4:21.8 ph=PORTAL @240,63,133 do=<Collect 1 flint: [[flint]]>  eq=stick woodpick=1 stonepick=1 pick=1 iron=2 buck=0
[02:47:04] [main/INFO] (Minecraft) [CHAT] §2§l§o[TenorClef] §rT2 [HIST] 4:22.1 SNAP ph=PORTAL @240,63,133 sky=15 wet=false ground=true pick=1 buck=1 iron=2 ore=4 rods=0 pearls=0 eyes=0 child=CollectFlintTask dbg=<Collect 1 flint: [[flint]]>  mobs=none
[02:47:05] [main/INFO] (Minecraft) [CHAT] §2§l§o[TenorClef] §rT2 [NOW] t=4:22.8 ph=PORTAL @240,62,133 do=<Collect 1 flint: [[flint]]>  eq=stick woodpick=1 stonepick=1 pick=1 iron=2 buck=0
[02:47:06] [main/INFO] (Minecraft) [CHAT] §2§l§o[TenorClef] §rT2 [NOW] t=4:23.8 ph=PORTAL @240,61,133 do=<Collect 1 flint: [[flint]]>  eq=stick woodpick=1 stonepick=1 pick=1 iron=2 buck=0
[02:47:07] [main/INFO] (Minecraft) [CHAT] §2§l§o[TenorClef] §rT2 [HIST] 4:24.6 SNAP ph=PORTAL @240,61,133 sky=15 wet=false ground=true pick=1 buck=1 iron=2 ore=4 rods=0 pearls=0 eyes=0 child=CollectFlintTask dbg=<Collect 1 flint: [[flint]]>  mobs=none
[02:47:07] [main/INFO] (Minecraft) [CHAT] §2§l§o[TenorClef] §rT2 [NOW] t=4:24.8 ph=PORTAL @240,60,133 do=<Collect 1 flint: [[flint]]>  eq=stick woodpick=1 stonepick=1 pick=1 iron=2 buck=0
[02:47:07] [main/INFO] (Minecraft) [STDOUT]: ALTO CLEF: WARNING: T2 [S100] stop jump-walk @240,133 ph=PORTAL child=CollectFlintTask esc=0
[02:47:07] [main/INFO] (Minecraft) [CHAT] §2§l§o[TenorClef] §cT2 [S100] stop jump-walk @240,133 ph=PORTAL child=CollectFlintTask esc=0§r
[02:47:07] [main/INFO] (Minecraft) [CHAT] §2§l§o[TenorClef] §rT2 [HIST] 4:25.0 SOLVE S100 stop jump-walk @240,133 ph=PORTAL child=CollectFlintTask esc=0
[02:47:08] [main/INFO] (Minecraft) [CHAT] §2§l§o[TenorClef] §rT2 [HIST] 4:25.2 WHY portal: 1 flint before construct
[02:47:08] [main/INFO] (Minecraft) [STDOUT]: ALTO CLEF: WARNING: T2 [E100] jumps=7 @240,59,133 ph=PORTAL child=CollectFlintTask
[02:47:08] [main/INFO] (Minecraft) [CHAT] §2§l§o[TenorClef] §cT2 [E100] jumps=7 @240,59,133 ph=PORTAL child=CollectFlintTask§r
[02:47:08] [main/INFO] (Minecraft) [CHAT] §2§l§o[TenorClef] §rT2 [HIST] 4:25.7 [E100] jumps=7 @240,59,133 ph=PORTAL child=CollectFlintTask
[02:47:08] [main/INFO] (Minecraft) [CHAT] §2§l§o[TenorClef] §rT2 [NOW] t=4:25.8 ph=PORTAL @240,59,133 do=<Collect 1 flint: [[flint]]>  eq=iron_pickaxe woodpick=1 stonepick=1 pick=1 iron=2 buck=0
[02:47:09] [main/INFO] (Minecraft) [CHAT] §2§l§o[TenorClef] §rT2 [NOW] t=4:26.8 ph=PORTAL @240,59,133 do=<Collect 1 flint: [[flint]]>  eq=iron_pickaxe woodpick=1 stonepick=1 pick=1 iron=2 buck=0
[02:47:09] [main/INFO] (Minecraft) [CHAT] §2§l§o[TenorClef] §rT2 [HIST] 4:27.1 SNAP ph=PORTAL @240,58,133 sky=15 wet=false ground=false pick=1 buck=1 iron=2 ore=4 rods=0 pearls=0 eyes=0 child=CollectFlintTask dbg=<Collect 1 flint: [[flint]]>  mobs=none
[02:47:10] [main/INFO] (Minecraft) [CHAT] §2§l§o[TenorClef] §rT2 [NOW] t=4:27.8 ph=PORTAL @240,58,133 do=<Collect 1 flint: [[flint]]>  eq=iron_pickaxe woodpick=1 stonepick=1 pick=1 iron=2 buck=0
[02:47:11] [main/INFO] (Minecraft) [CHAT] §2§l§o[TenorClef] §rT2 [NOW] t=4:28.8 ph=PORTAL @240,57,133 do=<Collect 1 flint: [[flint]]>  eq=iron_pickaxe woodpick=1 stonepick=1 pick=1 iron=2 buck=0
[02:47:12] [main/INFO] (Minecraft) [CHAT] §2§l§o[TenorClef] §rT2 [HIST] 4:29.2 WHY portal: 1 flint before construct
[02:47:12] [main/INFO] (Minecraft) [CHAT] §2§l§o[TenorClef] §rT2 [HIST] 4:29.6 SNAP ph=PORTAL @240,57,133 sky=15 wet=false ground=true pick=1 buck=1 iron=2 ore=4 rods=0 pearls=0 eyes=0 child=CollectFlintTask dbg=<Collect 1 flint: [[flint]]>  mobs=none
[02:47:12] [main/INFO] (Minecraft) [CHAT] §2§l§o[TenorClef] §rT2 [HIST] 4:29.6 [E100] jumps=6 @240,56,133 ph=PORTAL child=CollectFlintTask
[02:47:12] [main/INFO] (Minecraft) [CHAT] §2§l§o[TenorClef] §rT2 [NOW] t=4:29.8 ph=PORTAL @240,56,133 do=<Collect 1 flint: [[flint]]>  eq=iron_pickaxe woodpick=1 stonepick=1 pick=1 iron=2 buck=0
[02:47:13] [main/INFO] (Minecraft) [CHAT] §2§l§o[TenorClef] §rT2 [NOW] t=4:30.8 ph=PORTAL @240,56,133 do=<Collect 1 flint: [[flint]]>  eq=iron_pickaxe woodpick=1 stonepick=1 pick=1 iron=2 buck=0
[02:47:13] [main/INFO] (Minecraft) [STDOUT]: ALTO CLEF: WARNING: T2 [E116] drop 8 from 63 to 55 ph=PORTAL
[02:47:13] [main/INFO] (Minecraft) [CHAT] §2§l§o[TenorClef] §cT2 [E116] drop 8 from 63 to 55 ph=PORTAL§r
[02:47:13] [main/INFO] (Minecraft) [CHAT] §2§l§o[TenorClef] §rT2 [HIST] 4:31.0 [E116] drop 8 from 63 to 55 ph=PORTAL
[02:47:14] [main/INFO] (Minecraft) [CHAT] §2§l§o[TenorClef] §rT2 [NOW] t=4:31.8 ph=PORTAL @240,55,133 do=<Collect 1 flint: [[flint]]>  eq=iron_pickaxe woodpick=1 stonepick=1 pick=1 iron=2 buck=0
[02:47:14] [main/WARN] (Minecraft) Received passengers for unknown entity
[02:47:14] [main/INFO] (Minecraft) [CHAT] §2§l§o[TenorClef] §rT2 [HIST] 4:32.1 SNAP ph=PORTAL @240,55,133 sky=15 wet=false ground=true pick=1 buck=1 iron=2 ore=4 rods=0 pearls=0 eyes=0 child=CollectFlintTask dbg=<Collect 1 flint: [[flint]]>  mobs=none
[02:47:15] [main/INFO] (Minecraft) [CHAT] §2§l§o[TenorClef] §rT2 [NOW] t=4:32.8 ph=PORTAL @240,55,133 do=<Collect 1 flint: [[flint]]>  eq=iron_pickaxe woodpick=1 stonepick=1 pick=1 iron=2 buck=0
[02:47:16] [main/INFO] (Minecraft) [CHAT] §2§l§o[TenorClef] §rT2 [HIST] 4:33.2 WHY portal: 1 flint before construct
[02:47:16] [main/INFO] (Minecraft) [STDOUT]: ALTO CLEF: WARNING: T2 [E62] portal jump-place @240,55,133
[02:47:16] [main/INFO] (Minecraft) [CHAT] §2§l§o[TenorClef] §cT2 [E62] portal jump-place @240,55,133§r
[02:47:16] [main/INFO] (Minecraft) [CHAT] §2§l§o[TenorClef] §rT2 [NOW] t=4:33.8 ph=PORTAL @240,55,133 do=<Collect 1 flint: [[flint]]>  eq=iron_pickaxe woodpick=1 stonepick=1 pick=1 iron=2 buck=0
[02:47:17] [main/INFO] (Minecraft) [CHAT] §2§l§o[TenorClef] §rT2 [HIST] 4:34.6 SNAP ph=PORTAL @240,55,133 sky=15 wet=false ground=true pick=1 buck=1 iron=2 ore=4 rods=0 pearls=0 eyes=0 child=CollectFlintTask dbg=<Collect 1 flint: [[flint]]>  mobs=none
[02:47:17] [main/INFO] (Minecraft) [CHAT] §2§l§o[TenorClef] §rT2 [NOW] t=4:34.8 ph=PORTAL @240,55,133 do=<Collect 1 flint: [[flint]]>  eq=iron_pickaxe woodpick=1 stonepick=1 pick=1 iron=2 buck=0
[02:47:18] [main/INFO] (Minecraft) [CHAT] §2§l§o[TenorClef] §rT2 [NOW] t=4:35.8 ph=PORTAL @240,55,133 do=<Collect 1 flint: [[flint]]>  eq=iron_pickaxe woodpick=1 stonepick=1 pick=1 iron=2 buck=0
[02:47:19] [main/INFO] (Minecraft) [CHAT] §2§l§o[TenorClef] §rT2 [NOW] t=4:36.8 ph=PORTAL @240,55,133 do=<Collect 1 flint: [[flint]]>  eq=iron_pickaxe woodpick=1 stonepick=1 pick=1 iron=2 buck=0
[02:47:19] [main/INFO] (Minecraft) [CHAT] §2§l§o[TenorClef] §rT2 [HIST] 4:37.1 SNAP ph=PORTAL @240,55,133 sky=15 wet=false ground=true pick=1 buck=1 iron=2 ore=4 rods=0 pearls=0 eyes=0 child=CollectFlintTask dbg=<Collect 1 flint: [[flint]]>  mobs=none
[02:47:20] [main/INFO] (Minecraft) [CHAT] §2§l§o[TenorClef] §rT2 [NOW] t=4:37.8 ph=PORTAL @240,55,134 do=<Collect 1 flint: [[flint]]> Picking up eq=iron_pickaxe woodpick=1 stonepick=1 pick=1 iron=2 buck=0
[02:47:20] [main/INFO] (Minecraft) [CHAT] §2§l§o[TenorClef] §rT2 [HIST] 4:38.0 WHY portal: craft flint and steel
[02:47:20] [main/INFO] (Minecraft) [CHAT] §2§l§o[TenorClef] §rT2 [HIST] 4:38.0 CHILD CollectFlintTask -> CraftInInventoryTask ph=PORTAL @240,55,134 sky=14 wet=false ground=true pick=1 buck=1 iron=2 ore=4 rods=0 pearls=0 eyes=0
[02:47:20] [main/INFO] (Minecraft) Loaded 108 advancements
[02:47:21] [main/INFO] (Minecraft) [CHAT] §2§l§o[TenorClef] §rT2 [NOW] t=4:38.8 ph=PORTAL @240,56,134 do=<Construct Nether Portal> Getting water eq=dirt woodpick=1 stonepick=1 pick=1 iron=1 buck=0
[02:47:22] [main/INFO] (Minecraft) [CHAT] §2§l§o[TenorClef] §rT2 [NOW] t=4:39.8 ph=PORTAL @240,58,133 do=<Construct Nether Portal> Getting water eq=cobblestone woodpick=1 stonepick=1 pick=1 iron=1 buck=0
[02:47:23] [main/INFO] (Minecraft) [CHAT] §2§l§o[TenorClef] §rT2 [NOW] t=4:40.8 ph=PORTAL @240,60,133 do=<Construct Nether Portal> Getting water eq=cobblestone woodpick=1 stonepick=1 pick=1 iron=1 buck=0
[02:47:23] [main/INFO] (Minecraft) [CHAT] §2§l§o[TenorClef] §rT2 [HIST] 4:40.8 SNAP ph=PORTAL @240,60,133 sky=15 wet=false ground=true pick=1 buck=1 iron=1 ore=4 rods=0 pearls=0 eyes=0 child=ConstructNetherPortalBucketTask dbg=<Construct Nether Portal> Getting water mobs=none
[02:47:24] [main/INFO] (Minecraft) [STDOUT]: ALTO CLEF: WARNING: T2 [S100] stop jump-walk @240,133 ph=PORTAL child=ConstructNetherPortalBucketTask esc=0
[02:47:24] [main/INFO] (Minecraft) [CHAT] §2§l§o[TenorClef] §cT2 [S100] stop jump-walk @240,133 ph=PORTAL child=ConstructNetherPortalBucketTask esc=0§r
[02:47:24] [main/INFO] (Minecraft) [CHAT] §2§l§o[TenorClef] §rT2 [HIST] 4:41.4 SOLVE S100 stop jump-walk @240,133 ph=PORTAL child=ConstructNetherPortalBucketTask esc=0
[02:47:24] [main/INFO] (Minecraft) Loaded 109 advancements
[02:47:24] [main/INFO] (Minecraft) [CHAT] §2§l§o[TenorClef] §r(Searching for lava lake with portalable spot nearby...)
[02:47:24] [main/INFO] (Minecraft) [CHAT] §2§l§o[TenorClef] §rFound with depth 8457
[02:47:24] [main/INFO] (Minecraft) [CHAT] §2§l§o[TenorClef] §rT2 [S165L] only a deep lava lake at y=7 - expect a long dark shaft
[02:47:24] [main/INFO] (Minecraft) [CHAT] §2§l§o[TenorClef] §rConstruct: need iron for 2nd bucket (iron=1 empty=0 water=1 lava=0)
[02:47:24] [main/INFO] (Minecraft) [CHAT] §2§l§o[TenorClef] §rT2 [NOW] t=4:41.8 ph=PORTAL @240,61,133 do=<Construct Nether Portal> Mining iron for 2nd bucket at lava eq=water_bucket woodpick=1 stonepick=1 pick=1 iron=1 buck=1
[02:47:24] [main/INFO] (Minecraft) [CHAT] §2§l§o[TenorClef] §rMineAndCollect: equip item.minecraft.iron_pickaxe for block.minecraft.coal_ore
[02:47:24] [main/INFO] (Minecraft) [CHAT] §2§l§o[TenorClef] §rMineAndCollect: equip item.minecraft.iron_pickaxe for block.minecraft.coal_ore
[02:47:24] [main/INFO] (Minecraft) [CHAT] §2§l§o[TenorClef] §rMineAndCollect: equip item.minecraft.iron_pickaxe for block.minecraft.coal_ore
[02:47:25] [main/INFO] (Minecraft) [CHAT] §2§l§o[TenorClef] §rMineAndCollect: equip item.minecraft.iron_pickaxe for block.minecraft.coal_ore
[02:47:25] [main/INFO] (Minecraft) [CHAT] §2§l§o[TenorClef] §rMineAndCollect: equip item.minecraft.iron_pickaxe for block.minecraft.coal_ore
[02:47:25] [main/INFO] (Minecraft) [CHAT] §2§l§o[TenorClef] §rMineAndCollect: equip item.minecraft.iron_pickaxe for block.minecraft.coal_ore
[02:47:25] [main/INFO] (Minecraft) [CHAT] §2§l§o[TenorClef] §rMineAndCollect: equip item.minecraft.iron_pickaxe for block.minecraft.coal_ore
[02:47:25] [main/INFO] (Minecraft) [CHAT] §2§l§o[TenorClef] §rMineAndCollect: equip item.minecraft.iron_pickaxe for block.minecraft.coal_ore
[02:47:25] [main/INFO] (Minecraft) [CHAT] §2§l§o[TenorClef] §rMineAndCollect: equip item.minecraft.iron_pickaxe for block.minecraft.coal_ore
[02:47:25] [main/INFO] (Minecraft) [CHAT] §2§l§o[TenorClef] §rMineAndCollect: equip item.minecraft.iron_pickaxe for block.minecraft.coal_ore
[02:47:25] [main/INFO] (Minecraft) [CHAT] §2§l§o[TenorClef] §rMineAndCollect: equip item.minecraft.iron_pickaxe for block.minecraft.coal_ore
[02:47:25] [main/INFO] (Minecraft) [CHAT] §2§l§o[TenorClef] §rMineAndCollect: equip item.minecraft.iron_pickaxe for block.minecraft.coal_ore
[02:47:25] [main/INFO] (Minecraft) [CHAT] §2§l§o[TenorClef] §rMineAndCollect: equip item.minecraft.iron_pickaxe for block.minecraft.coal_ore
[02:47:25] [main/INFO] (Minecraft) [CHAT] §2§l§o[TenorClef] §rMineAndCollect: equip item.minecraft.iron_pickaxe for block.minecraft.coal_ore
[02:47:25] [main/INFO] (Minecraft) [CHAT] §2§l§o[TenorClef] §rMineAndCollect: equip item.minecraft.iron_pickaxe for block.minecraft.coal_ore
[02:47:25] [main/INFO] (Minecraft) [CHAT] §2§l§o[TenorClef] §rT2 [NOW] t=4:42.8 ph=PORTAL @240,61,133 do=<Construct Nether Portal> Mining iron for 2nd bucket at lava eq=water_bucket woodpick=1 stonepick=1 pick=1 iron=1 buck=1
[02:47:25] [main/INFO] (Minecraft) [CHAT] §2§l§o[TenorClef] §rMineAndCollect: equip item.minecraft.iron_pickaxe for block.minecraft.coal_ore
[02:47:25] [main/INFO] (Minecraft) [CHAT] §2§l§o[TenorClef] §rMineAndCollect: equip item.minecraft.iron_pickaxe for block.minecraft.coal_ore
[02:47:25] [main/INFO] (Minecraft) [CHAT] §2§l§o[TenorClef] §rMineAndCollect: equip item.minecraft.iron_pickaxe for block.minecraft.coal_ore
[02:47:25] [main/INFO] (Minecraft) [CHAT] §2§l§o[TenorClef] §rMineAndCollect: equip item.minecraft.iron_pickaxe for block.minecraft.coal_ore
[02:47:26] [main/INFO] (Minecraft) [CHAT] §2§l§o[TenorClef] §rMineAndCollect: equip item.minecraft.iron_pickaxe for block.minecraft.coal_ore
[02:47:26] [main/INFO] (Minecraft) [STDOUT]: ALTO CLEF: WARNING: T2 [E100] jumps=11 @240,62,133 ph=PORTAL child=ConstructNetherPortalBucketTask
[02:47:26] [main/INFO] (Minecraft) [CHAT] §2§l§o[TenorClef] §cT2 [E100] jumps=11 @240,62,133 ph=PORTAL child=ConstructNetherPortalBucketTask§r
[02:47:26] [main/INFO] (Minecraft) [CHAT] §2§l§o[TenorClef] §rT2 [HIST] 4:43.4 [E100] jumps=11 @240,62,133 ph=PORTAL child=ConstructNetherPortalBucketTask
[02:47:26] [main/INFO] (Minecraft) [CHAT] §2§l§o[TenorClef] §rT2 [NOW] t=4:43.8 ph=PORTAL @240,63,132 do=<Construct Nether Portal> Mining iron for 2nd bucket at lava eq=iron_pickaxe woodpick=1 stonepick=1 pick=1 iron=1 buck=1
[02:47:27] [main/INFO] (Minecraft) [CHAT] §2§l§o[TenorClef] §rRefreshed inventory...
[02:47:27] [main/INFO] (Minecraft) [CHAT] §2§l§o[TenorClef] §rT2 [NOW] t=4:44.8 ph=PORTAL @239,64,129 do=<Construct Nether Portal> Mining iron for 2nd bucket at lava eq=iron_pickaxe woodpick=1 stonepick=1 pick=1 iron=1 buck=1
[02:47:28] [main/INFO] (Minecraft) [CHAT] §2§l§o[TenorClef] §rMineAndCollect: equip item.minecraft.iron_pickaxe for block.minecraft.coal_ore
[02:47:28] [main/INFO] (Minecraft) [CHAT] §2§l§o[TenorClef] §rMineAndCollect: equip item.minecraft.iron_pickaxe for block.minecraft.coal_ore
[02:47:28] [main/INFO] (Minecraft) [CHAT] §2§l§o[TenorClef] §rMineAndCollect: equip item.minecraft.iron_pickaxe for block.minecraft.coal_ore
[02:47:28] [main/INFO] (Minecraft) [CHAT] §2§l§o[TenorClef] §rMineAndCollect: equip item.minecraft.iron_pickaxe for block.minecraft.coal_ore
[02:47:28] [main/INFO] (Minecraft) [CHAT] §2§l§o[TenorClef] §rMineAndCollect: equip item.minecraft.iron_pickaxe for block.minecraft.coal_ore
[02:47:28] [main/INFO] (Minecraft) [CHAT] §2§l§o[TenorClef] §rMineAndCollect: equip item.minecraft.iron_pickaxe for block.minecraft.coal_ore
[02:47:28] [main/INFO] (Minecraft) [CHAT] §2§l§o[TenorClef] §rMineAndCollect: equip item.minecraft.iron_pickaxe for block.minecraft.coal_ore
[02:47:28] [main/INFO] (Minecraft) [CHAT] §2§l§o[TenorClef] §rMineAndCollect: equip item.minecraft.iron_pickaxe for block.minecraft.coal_ore
[02:47:28] [main/INFO] (Minecraft) [CHAT] §2§l§o[TenorClef] §rMineAndCollect: equip item.minecraft.iron_pickaxe for block.minecraft.coal_ore
[02:47:28] [main/INFO] (Minecraft) [CHAT] §2§l§o[TenorClef] §rMineAndCollect: equip item.minecraft.iron_pickaxe for block.minecraft.coal_ore
[02:47:28] [main/INFO] (Minecraft) [CHAT] §2§l§o[TenorClef] §rMineAndCollect: equip item.minecraft.iron_pickaxe for block.minecraft.coal_ore
[02:47:28] [main/INFO] (Minecraft) [CHAT] §2§l§o[TenorClef] §rMineAndCollect: equip item.minecraft.iron_pickaxe for block.minecraft.coal_ore
[02:47:28] [main/INFO] (Minecraft) [CHAT] §2§l§o[TenorClef] §rT2 [NOW] t=4:45.8 ph=PORTAL @238,64,128 do=<Construct Nether Portal> Mining iron for 2nd bucket at lava eq=water_bucket woodpick=1 stonepick=1 pick=1 iron=1 buck=1
[02:47:28] [main/INFO] (Minecraft) [CHAT] §2§l§o[TenorClef] §rT2 [HIST] 4:45.8 SNAP ph=PORTAL @238,64,128 sky=15 wet=false ground=true pick=1 buck=1 iron=1 ore=4 rods=0 pearls=0 eyes=0 child=ConstructNetherPortalBucketTask dbg=<Construct Nether Portal> Mining iron for 2nd bucket at lava mobs=none
[02:47:28] [main/INFO] (Minecraft) [CHAT] §2§l§o[TenorClef] §rMineAndCollect: equip item.minecraft.iron_pickaxe for block.minecraft.coal_ore
[02:47:28] [main/INFO] (Minecraft) [CHAT] §2§l§o[TenorClef] §rMineAndCollect: equip item.minecraft.iron_pickaxe for block.minecraft.coal_ore
[02:47:28] [main/INFO] (Minecraft) [CHAT] §2§l§o[TenorClef] §rMineAndCollect: equip item.minecraft.iron_pickaxe for block.minecraft.coal_ore
[02:47:28] [main/INFO] (Minecraft) [CHAT] §2§l§o[TenorClef] §rMineAndCollect: equip item.minecraft.iron_pickaxe for block.minecraft.coal_ore
[02:47:29] [main/INFO] (Minecraft) [CHAT] §2§l§o[TenorClef] §rMineAndCollect: equip item.minecraft.iron_pickaxe for block.minecraft.coal_ore
[02:47:29] [main/INFO] (Minecraft) [CHAT] §2§l§o[TenorClef] §rMineAndCollect: equip item.minecraft.iron_pickaxe for block.minecraft.coal_ore
[02:47:29] [main/INFO] (Minecraft) [CHAT] §2§l§o[TenorClef] §rMineAndCollect: equip item.minecraft.iron_pickaxe for block.minecraft.coal_ore
[02:47:29] [main/INFO] (Minecraft) [CHAT] §2§l§o[TenorClef] §rMineAndCollect: equip item.minecraft.iron_pickaxe for block.minecraft.coal_ore
[02:47:29] [main/INFO] (Minecraft) [CHAT] §2§l§o[TenorClef] §rMineAndCollect: equip item.minecraft.iron_pickaxe for block.minecraft.coal_ore
[02:47:29] [main/INFO] (Minecraft) [CHAT] §2§l§o[TenorClef] §rMineAndCollect: equip item.minecraft.iron_pickaxe for block.minecraft.coal_ore
[02:47:29] [main/INFO] (Minecraft) [CHAT] §2§l§o[TenorClef] §rMineAndCollect: equip item.minecraft.iron_pickaxe for block.minecraft.coal_ore
[02:47:29] [main/INFO] (Minecraft) [CHAT] §2§l§o[TenorClef] §rMineAndCollect: equip item.minecraft.iron_pickaxe for block.minecraft.coal_ore
[02:47:29] [main/INFO] (Minecraft) [CHAT] §2§l§o[TenorClef] §rMineAndCollect: equip item.minecraft.iron_pickaxe for block.minecraft.coal_ore
[02:47:29] [main/INFO] (Minecraft) [CHAT] §2§l§o[TenorClef] §rMineAndCollect: equip item.minecraft.iron_pickaxe for block.minecraft.coal_ore
[02:47:29] [main/INFO] (Minecraft) [CHAT] §2§l§o[TenorClef] §rMineAndCollect: equip item.minecraft.iron_pickaxe for block.minecraft.coal_ore
[02:47:29] [main/INFO] (Minecraft) [CHAT] §2§l§o[TenorClef] §rT2 [NOW] t=4:46.8 ph=PORTAL @238,63,128 do=<Construct Nether Portal> Mining iron for 2nd bucket at lava eq=water_bucket woodpick=1 stonepick=1 pick=1 iron=1 buck=1
[02:47:29] [main/INFO] (Minecraft) [CHAT] §2§l§o[TenorClef] §rMineAndCollect: equip item.minecraft.iron_pickaxe for block.minecraft.coal_ore
[02:47:29] [main/INFO] (Minecraft) [CHAT] §2§l§o[TenorClef] §rMineAndCollect: equip item.minecraft.iron_pickaxe for block.minecraft.coal_ore
[02:47:29] [main/INFO] (Minecraft) [CHAT] §2§l§o[TenorClef] §rMineAndCollect: equip item.minecraft.iron_pickaxe for block.minecraft.coal_ore
[02:47:29] [main/INFO] (Minecraft) [CHAT] §2§l§o[TenorClef] §rMineAndCollect: equip item.minecraft.iron_pickaxe for block.minecraft.coal_ore
[02:47:30] [main/INFO] (Minecraft) [CHAT] §2§l§o[TenorClef] §rMineAndCollect: equip item.minecraft.iron_pickaxe for block.minecraft.coal_ore
[02:47:30] [main/INFO] (Minecraft) [CHAT] §2§l§o[TenorClef] §rMineAndCollect: equip item.minecraft.iron_pickaxe for block.minecraft.coal_ore
[02:47:30] [main/INFO] (Minecraft) [CHAT] §2§l§o[TenorClef] §rMineAndCollect: equip item.minecraft.iron_pickaxe for block.minecraft.coal_ore
[02:47:30] [main/INFO] (Minecraft) [CHAT] §2§l§o[TenorClef] §rMineAndCollect: equip item.minecraft.iron_pickaxe for block.minecraft.coal_ore
[02:47:30] [main/INFO] (Minecraft) [CHAT] §2§l§o[TenorClef] §rMineAndCollect: equip item.minecraft.iron_pickaxe for block.minecraft.coal_ore
[02:47:30] [main/INFO] (Minecraft) [CHAT] §2§l§o[TenorClef] §rMineAndCollect: equip item.minecraft.iron_pickaxe for block.minecraft.coal_ore
[02:47:30] [main/INFO] (Minecraft) [CHAT] §2§l§o[TenorClef] §rMineAndCollect: equip item.minecraft.iron_pickaxe for block.minecraft.coal_ore
[02:47:30] [main/INFO] (Minecraft) [CHAT] §2§l§o[TenorClef] §rMineAndCollect: equip item.minecraft.iron_pickaxe for block.minecraft.coal_ore
[02:47:30] [main/INFO] (Minecraft) [CHAT] §2§l§o[TenorClef] §rMineAndCollect: equip item.minecraft.iron_pickaxe for block.minecraft.coal_ore
[02:47:30] [main/INFO] (Minecraft) [CHAT] §2§l§o[TenorClef] §rMineAndCollect: equip item.minecraft.iron_pickaxe for block.minecraft.coal_ore
[02:47:30] [main/INFO] (Minecraft) [CHAT] §2§l§o[TenorClef] §rMineAndCollect: equip item.minecraft.iron_pickaxe for block.minecraft.coal_ore
[02:47:30] [main/INFO] (Minecraft) [CHAT] §2§l§o[TenorClef] §rMineAndCollect: equip item.minecraft.iron_pickaxe for block.minecraft.coal_ore
[02:47:30] [main/INFO] (Minecraft) [CHAT] §2§l§o[TenorClef] §rT2 [NOW] t=4:47.8 ph=PORTAL @238,62,128 do=<Construct Nether Portal> Mining iron for 2nd bucket at lava eq=water_bucket woodpick=1 stonepick=1 pick=1 iron=1 buck=1
[02:47:30] [main/INFO] (Minecraft) [CHAT] §2§l§o[TenorClef] §rMineAndCollect: equip item.minecraft.iron_pickaxe for block.minecraft.coal_ore
[02:47:30] [main/INFO] (Minecraft) [CHAT] §2§l§o[TenorClef] §rMineAndCollect: equip item.minecraft.iron_pickaxe for block.minecraft.coal_ore
[02:47:30] [main/INFO] (Minecraft) [CHAT] §2§l§o[TenorClef] §rMineAndCollect: equip item.minecraft.iron_pickaxe for block.minecraft.coal_ore
[02:47:30] [main/INFO] (Minecraft) [CHAT] §2§l§o[TenorClef] §rMineAndCollect: equip item.minecraft.iron_pickaxe for block.minecraft.coal_ore
[02:47:31] [main/INFO] (Minecraft) [CHAT] §2§l§o[TenorClef] §rMineAndCollect: equip item.minecraft.iron_pickaxe for block.minecraft.coal_ore
[02:47:31] [main/INFO] (Minecraft) [CHAT] §2§l§o[TenorClef] §rMineAndCollect: equip item.minecraft.iron_pickaxe for block.minecraft.coal_ore
[02:47:31] [main/INFO] (Minecraft) [CHAT] §2§l§o[TenorClef] §rMineAndCollect: equip item.minecraft.iron_pickaxe for block.minecraft.coal_ore
[02:47:31] [main/INFO] (Minecraft) [CHAT] §2§l§o[TenorClef] §rMineAndCollect: equip item.minecraft.iron_pickaxe for block.minecraft.coal_ore
[02:47:31] [main/INFO] (Minecraft) [CHAT] §2§l§o[TenorClef] §rMineAndCollect: equip item.minecraft.iron_pickaxe for block.minecraft.coal_ore
[02:47:31] [main/INFO] (Minecraft) [STDOUT]: ALTO CLEF: WARNING: T2 [S100] stop jump-walk @238,128 ph=PORTAL child=ConstructNetherPortalBucketTask esc=0
[02:47:31] [main/INFO] (Minecraft) [CHAT] §2§l§o[TenorClef] §cT2 [S100] stop jump-walk @238,128 ph=PORTAL child=ConstructNetherPortalBucketTask esc=0§r
[02:47:31] [main/INFO] (Minecraft) [CHAT] §2§l§o[TenorClef] §rT2 [HIST] 4:48.5 SOLVE S100 stop jump-walk @238,128 ph=PORTAL child=ConstructNetherPortalBucketTask esc=0
[02:47:31] [main/INFO] (Minecraft) [CHAT] §2§l§o[TenorClef] §rT2 [NOW] t=4:48.8 ph=PORTAL @238,61,128 do=<Construct Nether Portal> Mining iron for 2nd bucket at lava eq=iron_pickaxe woodpick=1 stonepick=1 pick=1 iron=1 buck=1
[02:47:31] [main/INFO] (Minecraft) [STDOUT]: ALTO CLEF: WARNING: T2 [E100] jumps=6 @238,61,128 ph=PORTAL child=ConstructNetherPortalBucketTask
[02:47:31] [main/INFO] (Minecraft) [CHAT] §2§l§o[TenorClef] §cT2 [E100] jumps=6 @238,61,128 ph=PORTAL child=ConstructNetherPortalBucketTask§r
[02:47:31] [main/INFO] (Minecraft) [CHAT] §2§l§o[TenorClef] §rT2 [HIST] 4:49.1 [E100] jumps=6 @238,61,128 ph=PORTAL child=ConstructNetherPortalBucketTask
[02:47:32] [main/INFO] (Minecraft) [CHAT] §2§l§o[TenorClef] §rT2 [NOW] t=4:49.8 ph=PORTAL @238,60,128 do=<Construct Nether Portal> Mining iron for 2nd bucket at lava eq=iron_pickaxe woodpick=1 stonepick=1 pick=1 iron=1 buck=1
[02:47:33] [pool-5-thread-4/INFO] (Minecraft) [STDOUT]: 702592 movements considered
[02:47:33] [pool-5-thread-4/INFO] (Minecraft) [STDOUT]: Open set size: 9986
[02:47:33] [pool-5-thread-4/INFO] (Minecraft) [STDOUT]: PathNode map size: 41921
[02:47:33] [pool-5-thread-4/INFO] (Minecraft) [STDOUT]: 63872 nodes per second
[02:47:33] [pool-5-thread-4/INFO] (Minecraft) [STDOUT]: Warning: cost coefficient is greater than three! Probably means that
[02:47:33] [pool-5-thread-4/INFO] (Minecraft) [STDOUT]: the path I found is pretty terrible (like sneak-bridging for dozens of blocks)
[02:47:33] [pool-5-thread-4/INFO] (Minecraft) [STDOUT]: But I'm going to do it anyway, because yolo
[02:47:33] [pool-5-thread-4/INFO] (Minecraft) [STDOUT]: Path goes for 8.306623862918075 blocks
[02:47:33] [main/INFO] (Minecraft) [CHAT] §2§l§o[TenorClef] §rT2 [NOW] t=4:50.8 ph=PORTAL @238,61,128 do=<Construct Nether Portal> Mining iron for 2nd bucket at lava eq=dirt woodpick=1 stonepick=1 pick=1 iron=1 buck=1
[02:47:33] [main/INFO] (Minecraft) [CHAT] §2§l§o[TenorClef] §rT2 [HIST] 4:50.8 SNAP ph=PORTAL @238,61,128 sky=15 wet=false ground=false pick=1 buck=1 iron=1 ore=4 rods=0 pearls=0 eyes=0 child=ConstructNetherPortalBucketTask dbg=<Construct Nether Portal> Mining iron for 2nd bucket at lava mobs=none
[02:47:34] [main/INFO] (Minecraft) [CHAT] §2§l§o[TenorClef] §rT2 [HIST] 4:51.5 [E100] jumps=6 @238,62,128 ph=PORTAL child=ConstructNetherPortalBucketTask
[02:47:34] [main/INFO] (Minecraft) [CHAT] §2§l§o[TenorClef] §rT2 [NOW] t=4:51.8 ph=PORTAL @238,62,128 do=<Construct Nether Portal> Mining iron for 2nd bucket at lava eq=water_bucket woodpick=1 stonepick=1 pick=1 iron=1 buck=1
[02:47:35] [main/INFO] (Minecraft) [CHAT] §2§l§o[TenorClef] §rT2 [NOW] t=4:52.8 ph=PORTAL @239,63,128 do=<Construct Nether Portal> Mining iron for 2nd bucket at lava eq=water_bucket woodpick=1 stonepick=1 pick=1 iron=1 buck=1
[02:47:36] [main/INFO] (Minecraft) [CHAT] §2§l§o[TenorClef] §rT2 [NOW] t=4:53.8 ph=PORTAL @241,64,129 do=<Construct Nether Portal> Mining iron for 2nd bucket at lava eq=water_bucket woodpick=1 stonepick=1 pick=1 iron=1 buck=1
[02:47:37] [main/INFO] (Minecraft) [CHAT] §2§l§o[TenorClef] §rPRESSED
[02:47:37] [main/INFO] (Minecraft) [CHAT] §2§l§o[TenorClef] §rT2 [NOW] t=4:54.8 ph=PORTAL @242,64,129 do=<Construct Nether Portal> Mining iron for 2nd bucket at lava eq=air woodpick=1 stonepick=1 pick=1 iron=1 buck=1
[02:47:38] [main/INFO] (Minecraft) [CHAT] §2§l§o[TenorClef] §rT2 [NOW] t=4:55.8 ph=PORTAL @242,64,129 do=<Construct Nether Portal> Mining iron for 2nd bucket at lava eq=air woodpick=1 stonepick=1 pick=1 iron=1 buck=1
[02:47:38] [main/INFO] (Minecraft) [CHAT] §2§l§o[TenorClef] §rT2 [HIST] 4:55.8 SNAP ph=PORTAL @242,64,129 sky=15 wet=false ground=true pick=1 buck=1 iron=1 ore=4 rods=0 pearls=0 eyes=0 child=ConstructNetherPortalBucketTask dbg=<Construct Nether Portal> Mining iron for 2nd bucket at lava mobs=none
[02:47:39] [main/INFO] (Minecraft) [CHAT] §2§l§o[TenorClef] §rConstruct: need iron for 2nd bucket (iron=1 empty=0 water=1 lava=0)
[02:47:39] [main/INFO] (Minecraft) [CHAT] §2§l§o[TenorClef] §rT2 [NOW] t=4:56.8 ph=PORTAL @242,64,129 do=<Construct Nether Portal> Mining iron for 2nd bucket at lava eq=air woodpick=1 stonepick=1 pick=1 iron=1 buck=1
[02:47:40] [main/INFO] (Minecraft) [CHAT] §2§l§o[TenorClef] §rT2 [NOW] t=4:57.8 ph=PORTAL @242,64,129 do=<Construct Nether Portal> Mining iron for 2nd bucket at lava eq=air woodpick=1 stonepick=1 pick=1 iron=1 buck=1
[02:47:40] [main/INFO] (Minecraft) [STDOUT]: ALTO CLEF: WARNING: T2 [S120] craft-gui jump @242,64,129 child=ConstructNetherPortalBucketTask
[02:47:40] [main/INFO] (Minecraft) [CHAT] §2§l§o[TenorClef] §cT2 [S120] craft-gui jump @242,64,129 child=ConstructNetherPortalBucketTask§r
[02:47:40] [main/INFO] (Minecraft) [CHAT] §2§l§o[TenorClef] §rT2 [HIST] 4:57.9 SOLVE S120 craft-gui jump @242,64,129 child=ConstructNetherPortalBucketTask
[02:47:41] [main/INFO] (Minecraft) [CHAT] §2§l§o[TenorClef] §rT2 [NOW] t=4:58.8 ph=PORTAL @243,62,133 do=<Construct Nether Portal> Mining iron for 2nd bucket at lava eq=air woodpick=1 stonepick=1 pick=1 iron=1 buck=1
[02:47:42] [main/INFO] (Minecraft) [CHAT] §2§l§o[TenorClef] §rT2 [NOW] t=4:59.8 ph=PORTAL @243,61,135 do=<Construct Nether Portal> Mining iron for 2nd bucket at lava eq=air woodpick=1 stonepick=1 pick=1 iron=1 buck=1
[02:47:43] [main/INFO] (Minecraft) [CHAT] §2§l§o[TenorClef] §rT2 [NOW] t=5:00.8 ph=PORTAL @243,61,136 do=<Construct Nether Portal> Mining iron for 2nd bucket at lava eq=air woodpick=1 stonepick=1 pick=1 iron=1 buck=1
[02:47:43] [main/INFO] (Minecraft) [CHAT] §2§l§o[TenorClef] §rT2 [HIST] 5:00.8 SNAP ph=PORTAL @243,61,136 sky=13 wet=true ground=false pick=1 buck=1 iron=1 ore=4 rods=0 pearls=0 eyes=0 child=ConstructNetherPortalBucketTask dbg=<Construct Nether Portal> Mining iron for 2nd bucket at lava mobs=none
[02:47:44] [main/INFO] (Minecraft) [CHAT] §2§l§o[TenorClef] §rT2 [NOW] t=5:01.8 ph=PORTAL @243,61,136 do=<Construct Nether Portal> Mining iron for 2nd bucket at lava eq=air woodpick=1 stonepick=1 pick=1 iron=1 buck=1
[02:47:45] [main/INFO] (Minecraft) [CHAT] §2§l§o[TenorClef] §rT2 [NOW] t=5:02.8 ph=PORTAL @243,61,136 do=<Construct Nether Portal> Mining iron for 2nd bucket at lava eq=air woodpick=1 stonepick=1 pick=1 iron=1 buck=1
[02:47:46] [main/INFO] (Minecraft) [CHAT] §2§l§o[TenorClef] §rT2 [NOW] t=5:03.8 ph=PORTAL @243,61,136 do=<Construct Nether Portal> Mining iron for 2nd bucket at lava eq=air woodpick=1 stonepick=1 pick=1 iron=1 buck=1
[02:47:47] [main/INFO] (Minecraft) [CHAT] §2§l§o[TenorClef] §rT2 [NOW] t=5:04.8 ph=PORTAL @243,61,136 do=<Construct Nether Portal> Mining iron for 2nd bucket at lava eq=air woodpick=1 stonepick=1 pick=1 iron=1 buck=1
[02:47:48] [main/INFO] (Minecraft) [CHAT] §2§l§o[TenorClef] §rT2 [NOW] t=5:05.8 ph=PORTAL @243,61,136 do=<Construct Nether Portal> Mining iron for 2nd bucket at lava eq=air woodpick=1 stonepick=1 pick=1 iron=1 buck=1
[02:47:48] [main/INFO] (Minecraft) [CHAT] §2§l§o[TenorClef] §rT2 [HIST] 5:05.8 SNAP ph=PORTAL @243,61,136 sky=13 wet=true ground=false pick=1 buck=1 iron=1 ore=4 rods=0 pearls=0 eyes=0 child=ConstructNetherPortalBucketTask dbg=<Construct Nether Portal> Mining iron for 2nd bucket at lava mobs=none
[02:47:48] [main/INFO] (Minecraft) [STDOUT]: ALTO CLEF: WARNING: T2 [E104] FurnaceScreen open 8s ph=PORTAL
[02:47:48] [main/INFO] (Minecraft) [CHAT] §2§l§o[TenorClef] §cT2 [E104] FurnaceScreen open 8s ph=PORTAL§r
[02:47:48] [main/INFO] (Minecraft) [CHAT] §2§l§o[TenorClef] §rT2 [HIST] 5:06.1 [E104] FurnaceScreen open 8s ph=PORTAL
[02:47:49] [main/INFO] (Minecraft) [STDOUT]: ALTO CLEF: WARNING: T2 [E102] spd=0.000 @243,61,136
[02:47:49] [main/INFO] (Minecraft) [CHAT] §2§l§o[TenorClef] §cT2 [E102] spd=0.000 @243,61,136§r
[02:47:49] [main/INFO] (Minecraft) [CHAT] §2§l§o[TenorClef] §rT2 [HIST] 5:06.4 [E102] spd=0.000 @243,61,136
[02:47:49] [main/INFO] (Minecraft) [CHAT] §2§l§o[TenorClef] §rT2 [NOW] t=5:06.8 ph=PORTAL @243,61,136 do=<Construct Nether Portal> Mining iron for 2nd bucket at lava eq=air woodpick=1 stonepick=1 pick=1 iron=2 buck=1
[02:47:50] [main/INFO] (Minecraft) [CHAT] §2§l§o[TenorClef] §rT2 [NOW] t=5:07.8 ph=PORTAL @243,61,136 do=<Construct Nether Portal> Mining iron for 2nd bucket at lava eq=air woodpick=1 stonepick=1 pick=1 iron=2 buck=1
[02:47:51] [main/INFO] (Minecraft) [CHAT] §2§l§o[TenorClef] §rT2 [NOW] t=5:08.8 ph=PORTAL @243,61,136 do=<Construct Nether Portal> Mining iron for 2nd bucket at lava eq=air woodpick=1 stonepick=1 pick=1 iron=2 buck=1
[02:47:52] [main/INFO] (Minecraft) [CHAT] §2§l§o[TenorClef] §rT2 [NOW] t=5:09.8 ph=PORTAL @243,61,136 do=<Construct Nether Portal> Mining iron for 2nd bucket at lava eq=air woodpick=1 stonepick=1 pick=1 iron=2 buck=1
[02:47:53] [main/INFO] (Minecraft) [CHAT] §2§l§o[TenorClef] §rT2 [HIST] 5:10.1 [E104] FurnaceScreen open 8s ph=PORTAL
[02:47:53] [main/INFO] (Minecraft) [CHAT] §2§l§o[TenorClef] §rT2 [NOW] t=5:10.8 ph=PORTAL @243,61,136 do=<Construct Nether Portal> Mining iron for 2nd bucket at lava eq=air woodpick=1 stonepick=1 pick=1 iron=2 buck=1
[02:47:53] [main/INFO] (Minecraft) [CHAT] §2§l§o[TenorClef] §rT2 [HIST] 5:10.8 SNAP ph=PORTAL @243,61,136 sky=13 wet=true ground=false pick=1 buck=1 iron=2 ore=3 rods=0 pearls=0 eyes=0 child=ConstructNetherPortalBucketTask dbg=<Construct Nether Portal> Mining iron for 2nd bucket at lava mobs=none
[02:47:54] [main/INFO] (Minecraft) [CHAT] §2§l§o[TenorClef] §rConstruct: need iron for 2nd bucket (iron=2 empty=0 water=1 lava=0)
[02:47:54] [main/INFO] (Minecraft) [CHAT] §2§l§o[TenorClef] §rT2 [NOW] t=5:11.8 ph=PORTAL @243,61,136 do=<Construct Nether Portal> Mining iron for 2nd bucket at lava eq=air woodpick=1 stonepick=1 pick=1 iron=2 buck=1
[02:47:55] [main/INFO] (Minecraft) [STDOUT]: ALTO CLEF: WARNING: T2 [E62] portal jump-place @243,61,136
[02:47:55] [main/INFO] (Minecraft) [CHAT] §2§l§o[TenorClef] §cT2 [E62] portal jump-place @243,61,136§r
[02:47:55] [main/INFO] (Minecraft) [STDOUT]: ALTO CLEF: WARNING: T2 [S102] escape water spd=0.016
[02:47:55] [main/INFO] (Minecraft) [CHAT] §2§l§o[TenorClef] §cT2 [S102] escape water spd=0.016§r
[02:47:55] [main/INFO] (Minecraft) [CHAT] §2§l§o[TenorClef] §rT2 [HIST] 5:12.2 SOLVE S102 escape water spd=0.016
[02:47:55] [main/INFO] (Minecraft) [CHAT] §2§l§o[TenorClef] §rT2 [NOW] t=5:12.8 ph=PORTAL @243,61,136 do=<Construct Nether Portal> Mining iron for 2nd bucket at lava eq=air woodpick=1 stonepick=1 pick=1 iron=2 buck=1
[02:47:56] [main/INFO] (Minecraft) [CHAT] §2§l§o[TenorClef] §rT2 [NOW] t=5:13.8 ph=PORTAL @243,61,136 do=<Construct Nether Portal> Mining iron for 2nd bucket at lava eq=air woodpick=1 stonepick=1 pick=1 iron=2 buck=1
[02:47:57] [main/INFO] (Minecraft) [CHAT] §2§l§o[TenorClef] §rRefreshed inventory...
[02:47:57] [main/INFO] (Minecraft) [CHAT] §2§l§o[TenorClef] §rT2 [NOW] t=5:14.8 ph=PORTAL @243,61,136 do=<Construct Nether Portal> Mining iron for 2nd bucket at lava eq=air woodpick=1 stonepick=1 pick=1 iron=2 buck=1
[02:47:58] [main/INFO] (Minecraft) [CHAT] §2§l§o[TenorClef] §rT2 [NOW] t=5:15.8 ph=PORTAL @243,61,136 do=<Construct Nether Portal> Mining iron for 2nd bucket at lava eq=air woodpick=1 stonepick=1 pick=1 iron=2 buck=1
[02:47:58] [main/INFO] (Minecraft) [CHAT] §2§l§o[TenorClef] §rT2 [HIST] 5:15.8 SNAP ph=PORTAL @243,61,136 sky=13 wet=true ground=true pick=1 buck=1 iron=2 ore=2 rods=0 pearls=0 eyes=0 child=ConstructNetherPortalBucketTask dbg=<Construct Nether Portal> Mining iron for 2nd bucket at lava mobs=none
[02:47:59] [main/INFO] (Minecraft) [CHAT] §2§l§o[TenorClef] §rT2 [NOW] t=5:16.8 ph=PORTAL @243,61,136 do=<Construct Nether Portal> Mining iron for 2nd bucket at lava eq=air woodpick=1 stonepick=1 pick=1 iron=2 buck=1
[02:48:00] [main/INFO] (Minecraft) [CHAT] §2§l§o[TenorClef] §rT2 [NOW] t=5:17.8 ph=PORTAL @243,61,136 do=<Construct Nether Portal> Mining iron for 2nd bucket at lava eq=air woodpick=1 stonepick=1 pick=1 iron=2 buck=1
[02:48:01] [main/INFO] (Minecraft) [STDOUT]: ALTO CLEF: WARNING: T2 [S102] escape water spd=0.000
[02:48:01] [main/INFO] (Minecraft) [CHAT] §2§l§o[TenorClef] §cT2 [S102] escape water spd=0.000§r
[02:48:01] [main/INFO] (Minecraft) [CHAT] §2§l§o[TenorClef] §rT2 [HIST] 5:18.2 SOLVE S102 escape water spd=0.000
[02:48:01] [main/INFO] (Minecraft) [STDOUT]: ALTO CLEF: WARNING: T2 [E102] spd=0.000 @243,61,136
[02:48:01] [main/INFO] (Minecraft) [CHAT] §2§l§o[TenorClef] §cT2 [E102] spd=0.000 @243,61,136§r
[02:48:01] [main/INFO] (Minecraft) [CHAT] §2§l§o[TenorClef] §rT2 [HIST] 5:18.5 [E102] spd=0.000 @243,61,136
[02:48:01] [main/INFO] (Minecraft) [CHAT] §2§l§o[TenorClef] §rT2 [NOW] t=5:18.8 ph=PORTAL @243,61,136 do=<Construct Nether Portal> Mining iron for 2nd bucket at lava eq=air woodpick=1 stonepick=1 pick=1 iron=2 buck=1
[02:48:02] [main/INFO] (Minecraft) [CHAT] §2§l§o[TenorClef] §rT2 [HB] t=5:19.6 ph=PORTAL y=61 child=ConstructNetherPortalBucketTask logs=1 pick=1 woodpick=1
[02:48:02] [main/INFO] (Minecraft) [CHAT] §2§l§o[TenorClef] §rT2 [NOW] t=5:19.8 ph=PORTAL @243,61,136 do=<Construct Nether Portal> Mining iron for 2nd bucket at lava eq=air woodpick=1 stonepick=1 pick=1 iron=2 buck=1
[02:48:03] [main/INFO] (Minecraft) [CHAT] §2§l§o[TenorClef] §rT2 [NOW] t=5:20.8 ph=PORTAL @243,61,136 do=<Construct Nether Portal> Mining iron for 2nd bucket at lava eq=air woodpick=1 stonepick=1 pick=1 iron=2 buck=1
[02:48:03] [main/INFO] (Minecraft) [CHAT] §2§l§o[TenorClef] §rT2 [HIST] 5:20.8 SNAP ph=PORTAL @243,61,136 sky=13 wet=true ground=true pick=1 buck=1 iron=2 ore=2 rods=0 pearls=0 eyes=0 child=ConstructNetherPortalBucketTask dbg=<Construct Nether Portal> Mining iron for 2nd bucket at lava mobs=none
[02:48:04] [main/INFO] (Minecraft) [CHAT] §2§l§o[TenorClef] §rT2 [NOW] t=5:21.8 ph=PORTAL @243,61,136 do=<Construct Nether Portal> Mining iron for 2nd bucket at lava eq=air woodpick=1 stonepick=1 pick=1 iron=2 buck=1
[02:48:05] [main/INFO] (Minecraft) [CHAT] §2§l§o[TenorClef] §rDuct tape: Refreshing inventory again just in case
[02:48:05] [main/INFO] (Minecraft) [CHAT] §2§l§o[TenorClef] §rT2 [NOW] t=5:22.8 ph=PORTAL @243,61,136 do=<Construct Nether Portal> Mining iron for 2nd bucket at lava eq=air woodpick=1 stonepick=1 pick=1 iron=2 buck=1
[02:48:06] [main/INFO] (Minecraft) [CHAT] §2§l§o[TenorClef] §rT2 [NOW] t=5:23.8 ph=PORTAL @243,61,136 do=<Construct Nether Portal> Mining iron for 2nd bucket at lava eq=air woodpick=1 stonepick=1 pick=1 iron=2 buck=1
[02:48:07] [main/INFO] (Minecraft) [STDOUT]: ALTO CLEF: WARNING: T2 [S102] escape water spd=0.000
[02:48:07] [main/INFO] (Minecraft) [CHAT] §2§l§o[TenorClef] §cT2 [S102] escape water spd=0.000§r
[02:48:07] [main/INFO] (Minecraft) [CHAT] §2§l§o[TenorClef] §rT2 [HIST] 5:24.2 SOLVE S102 escape water spd=0.000
[02:48:07] [main/INFO] (Minecraft) [CHAT] §2§l§o[TenorClef] §rFailed, blacklisting and wandering.
[02:48:07] [main/INFO] (Minecraft) [CHAT] §2§l§o[TenorClef] §rBlacklist RESET: BlockPos{x=246, y=64, z=131}
[02:48:07] [main/INFO] (Minecraft) [CHAT] §2§l§o[TenorClef] §rBlacklist: BlockPos{x=246, y=64, z=131}: Try 1 / 4
[02:48:07] [main/INFO] (Minecraft) [STDOUT]: ALTO CLEF: WARNING: T2 [E102] spd=0.000 @243,61,136
[02:48:07] [main/INFO] (Minecraft) [CHAT] §2§l§o[TenorClef] §cT2 [E102] spd=0.000 @243,61,136§r
[02:48:07] [main/INFO] (Minecraft) [CHAT] §2§l§o[TenorClef] §rT2 [HIST] 5:24.5 [E102] spd=0.000 @243,61,136
[02:48:07] [main/INFO] (Minecraft) [CHAT] §2§l§o[TenorClef] §rT2 [NOW] t=5:24.8 ph=PORTAL @243,61,136 do=<Construct Nether Portal> Mining iron for 2nd bucket at lava eq=air woodpick=1 stonepick=1 pick=1 iron=2 buck=1
[02:48:08] [main/INFO] (Minecraft) [CHAT] §2§l§o[TenorClef] §rT2 [NOW] t=5:25.8 ph=PORTAL @243,62,136 do=<Construct Nether Portal> Mining iron for 2nd bucket at lava eq=air woodpick=1 stonepick=1 pick=1 iron=2 buck=1
[02:48:08] [main/INFO] (Minecraft) [CHAT] §2§l§o[TenorClef] §rT2 [HIST] 5:25.8 SNAP ph=PORTAL @243,62,136 sky=14 wet=true ground=false pick=1 buck=1 iron=2 ore=2 rods=0 pearls=0 eyes=0 child=ConstructNetherPortalBucketTask dbg=<Construct Nether Portal> Mining iron for 2nd bucket at lava mobs=none
[02:48:09] [main/INFO] (Minecraft) [CHAT] §2§l§o[TenorClef] §rConstruct: need iron for 2nd bucket (iron=2 empty=0 water=1 lava=0)
[02:48:09] [main/INFO] (Minecraft) [CHAT] §2§l§o[TenorClef] §rT2 [NOW] t=5:26.8 ph=PORTAL @243,62,136 do=<Construct Nether Portal> Mining iron for 2nd bucket at lava eq=air woodpick=1 stonepick=1 pick=1 iron=2 buck=1
[02:48:10] [main/INFO] (Minecraft) [CHAT] §2§l§o[TenorClef] §rT2 [NOW] t=5:27.8 ph=PORTAL @243,62,136 do=<Construct Nether Portal> Mining iron for 2nd bucket at lava eq=air woodpick=1 stonepick=1 pick=1 iron=2 buck=1
[02:48:11] [main/INFO] (Minecraft) [CHAT] §2§l§o[TenorClef] §rT2 [NOW] t=5:28.8 ph=PORTAL @243,61,136 do=<Construct Nether Portal> Mining iron for 2nd bucket at lava eq=air woodpick=1 stonepick=1 pick=1 iron=2 buck=1
[02:48:11] [main/INFO] (Minecraft) [CHAT] §2§l§o[TenorClef] §rT2 [HB] t=5:29.0 ph=PORTAL y=61 child=ConstructNetherPortalBucketTask logs=1 pick=1 woodpick=1
[02:48:12] [main/INFO] (Minecraft) [CHAT] §2§l§o[TenorClef] §rT2 [NOW] t=5:29.8 ph=PORTAL @243,61,136 do=<Construct Nether Portal> Mining iron for 2nd bucket at lava eq=air woodpick=1 stonepick=1 pick=1 iron=2 buck=1
[02:48:13] [main/INFO] (Minecraft) [STDOUT]: ALTO CLEF: WARNING: T2 [S102] escape water spd=0.000
[02:48:13] [main/INFO] (Minecraft) [CHAT] §2§l§o[TenorClef] §cT2 [S102] escape water spd=0.000§r
[02:48:13] [main/INFO] (Minecraft) [CHAT] §2§l§o[TenorClef] §rT2 [HIST] 5:30.2 SOLVE S102 escape water spd=0.000
[02:48:13] [main/INFO] (Minecraft) [CHAT] §2§l§o[TenorClef] §rT2 [NOW] t=5:30.8 ph=PORTAL @243,61,136 do=<Construct Nether Portal> Mining iron for 2nd bucket at lava eq=air woodpick=1 stonepick=1 pick=1 iron=2 buck=1
[02:48:13] [main/INFO] (Minecraft) [CHAT] §2§l§o[TenorClef] §rT2 [HIST] 5:30.8 SNAP ph=PORTAL @243,61,136 sky=13 wet=true ground=false pick=1 buck=1 iron=2 ore=2 rods=0 pearls=0 eyes=0 child=ConstructNetherPortalBucketTask dbg=<Construct Nether Portal> Mining iron for 2nd bucket at lava mobs=none
[02:48:14] [main/INFO] (Minecraft) [CHAT] §2§l§o[TenorClef] §rT2 [NOW] t=5:31.8 ph=PORTAL @243,61,136 do=<Construct Nether Portal> Mining iron for 2nd bucket at lava eq=air woodpick=1 stonepick=1 pick=1 iron=2 buck=1
[02:48:15] [main/INFO] (Minecraft) [CHAT] §2§l§o[TenorClef] §rT2 [NOW] t=5:32.8 ph=PORTAL @243,61,136 do=<Construct Nether Portal> Mining iron for 2nd bucket at lava eq=air woodpick=1 stonepick=1 pick=1 iron=2 buck=1
[02:48:16] [main/INFO] (Minecraft) [STDOUT]: ALTO CLEF: WARNING: T2 [E102] spd=0.000 @243,61,136
[02:48:16] [main/INFO] (Minecraft) [CHAT] §2§l§o[TenorClef] §cT2 [E102] spd=0.000 @243,61,136§r
[02:48:16] [main/INFO] (Minecraft) [CHAT] §2§l§o[TenorClef] §rT2 [HIST] 5:33.6 [E102] spd=0.000 @243,61,136
[02:48:16] [main/INFO] (Minecraft) [CHAT] §2§l§o[TenorClef] §rDuct tape: Refreshing inventory again just in case
[02:48:16] [main/INFO] (Minecraft) [CHAT] §2§l§o[TenorClef] §rT2 [NOW] t=5:33.8 ph=PORTAL @243,61,136 do=<Construct Nether Portal> Mining iron for 2nd bucket at lava eq=air woodpick=1 stonepick=1 pick=1 iron=2 buck=1
[02:48:17] [main/INFO] (Minecraft) [CHAT] §2§l§o[TenorClef] §rT2 [NOW] t=5:34.8 ph=PORTAL @243,61,136 do=<Construct Nether Portal> Mining iron for 2nd bucket at lava eq=air woodpick=1 stonepick=1 pick=1 iron=2 buck=1
[02:48:18] [main/INFO] (Minecraft) [CHAT] §2§l§o[TenorClef] §rT2 [NOW] t=5:35.8 ph=PORTAL @243,61,136 do=<Construct Nether Portal> Mining iron for 2nd bucket at lava eq=air woodpick=1 stonepick=1 pick=1 iron=2 buck=1
[02:48:18] [main/INFO] (Minecraft) [CHAT] §2§l§o[TenorClef] §rT2 [HIST] 5:35.8 SNAP ph=PORTAL @243,61,136 sky=13 wet=true ground=false pick=1 buck=1 iron=2 ore=2 rods=0 pearls=0 eyes=0 child=ConstructNetherPortalBucketTask dbg=<Construct Nether Portal> Mining iron for 2nd bucket at lava mobs=none
[02:48:19] [main/INFO] (Minecraft) [STDOUT]: ALTO CLEF: WARNING: T2 [S102] escape water spd=0.000
[02:48:19] [main/INFO] (Minecraft) [CHAT] §2§l§o[TenorClef] §cT2 [S102] escape water spd=0.000§r
[02:48:19] [main/INFO] (Minecraft) [CHAT] §2§l§o[TenorClef] §rT2 [HIST] 5:36.2 SOLVE S102 escape water spd=0.000
[02:48:19] [main/INFO] (Minecraft) [CHAT] §2§l§o[TenorClef] §rFailed exploring.
[02:48:19] [main/INFO] (Minecraft) [CHAT] §2§l§o[TenorClef] §rT2 [NOW] t=5:36.8 ph=PORTAL @243,61,136 do=<Construct Nether Portal> Mining iron for 2nd bucket at lava eq=air woodpick=1 stonepick=1 pick=1 iron=2 buck=1
[02:48:20] [main/INFO] (Minecraft) [CHAT] §2§l§o[TenorClef] §rT2 [NOW] t=5:37.8 ph=PORTAL @243,61,136 do=<Construct Nether Portal> Mining iron for 2nd bucket at lava eq=air woodpick=1 stonepick=1 pick=1 iron=2 buck=1
[02:48:21] [main/INFO] (Minecraft) [CHAT] §2§l§o[TenorClef] §rT2 [NOW] t=5:38.8 ph=PORTAL @243,61,136 do=<Construct Nether Portal> Mining iron for 2nd bucket at lava eq=air woodpick=1 stonepick=1 pick=1 iron=2 buck=1
[02:48:21] [main/INFO] (Minecraft) [CHAT] §2§l§o[TenorClef] §rT2 [HB] t=5:39.0 ph=PORTAL y=61 child=ConstructNetherPortalBucketTask logs=1 pick=1 woodpick=1
[02:48:22] [main/INFO] (Minecraft) [STDOUT]: ALTO CLEF: WARNING: T2 [E102] spd=0.000 @243,61,136
[02:48:22] [main/INFO] (Minecraft) [CHAT] §2§l§o[TenorClef] §cT2 [E102] spd=0.000 @243,61,136§r
[02:48:22] [main/INFO] (Minecraft) [CHAT] §2§l§o[TenorClef] §rT2 [HIST] 5:39.6 [E102] spd=0.000 @243,61,136
[02:48:22] [main/INFO] (Minecraft) [CHAT] §2§l§o[TenorClef] §rT2 [NOW] t=5:39.8 ph=PORTAL @243,61,136 do=<Construct Nether Portal> Mining iron for 2nd bucket at lava eq=air woodpick=1 stonepick=1 pick=1 iron=2 buck=1
[02:48:23] [main/INFO] (Minecraft) [CHAT] §2§l§o[TenorClef] §rT2 [NOW] t=5:40.8 ph=PORTAL @243,61,136 do=<Construct Nether Portal> Mining iron for 2nd bucket at lava eq=air woodpick=1 stonepick=1 pick=1 iron=2 buck=1
[02:48:23] [main/INFO] (Minecraft) [CHAT] §2§l§o[TenorClef] §rT2 [HIST] 5:40.8 SNAP ph=PORTAL @243,61,136 sky=13 wet=true ground=false pick=1 buck=1 iron=2 ore=2 rods=0 pearls=0 eyes=0 child=ConstructNetherPortalBucketTask dbg=<Construct Nether Portal> Mining iron for 2nd bucket at lava mobs=none
[02:48:24] [main/INFO] (Minecraft) [CHAT] §2§l§o[TenorClef] §rConstruct: need iron for 2nd bucket (iron=2 empty=0 water=1 lava=0)
[02:48:24] [main/INFO] (Minecraft) [CHAT] §2§l§o[TenorClef] §rT2 [NOW] t=5:41.8 ph=PORTAL @243,61,136 do=<Construct Nether Portal> Mining iron for 2nd bucket at lava eq=air woodpick=1 stonepick=1 pick=1 iron=2 buck=1
[02:48:25] [main/INFO] (Minecraft) [STDOUT]: ALTO CLEF: WARNING: T2 [S102] escape water spd=0.000
[02:48:25] [main/INFO] (Minecraft) [CHAT] §2§l§o[TenorClef] §cT2 [S102] escape water spd=0.000§r
[02:48:25] [main/INFO] (Minecraft) [CHAT] §2§l§o[TenorClef] §rT2 [HIST] 5:42.2 SOLVE S102 escape water spd=0.000
[02:48:25] [main/INFO] (Minecraft) [CHAT] §2§l§o[TenorClef] §rFailed exploring.
[02:48:25] [main/INFO] (Minecraft) [CHAT] §2§l§o[TenorClef] §rT2 [NOW] t=5:42.8 ph=PORTAL @243,61,136 do=<Construct Nether Portal> Mining iron for 2nd bucket at lava eq=air woodpick=1 stonepick=1 pick=1 iron=2 buck=1
[02:48:26] [main/INFO] (Minecraft) [CHAT] §2§l§o[TenorClef] §rT2 [NOW] t=5:43.8 ph=PORTAL @243,61,136 do=<Construct Nether Portal> Mining iron for 2nd bucket at lava eq=air woodpick=1 stonepick=1 pick=1 iron=2 buck=1
[02:48:27] [main/INFO] (Minecraft) [CHAT] §2§l§o[TenorClef] §rDuct tape: Refreshing inventory again just in case
[02:48:27] [main/INFO] (Minecraft) [CHAT] §2§l§o[TenorClef] §rT2 [NOW] t=5:44.8 ph=PORTAL @243,61,136 do=<Construct Nether Portal> Mining iron for 2nd bucket at lava eq=air woodpick=1 stonepick=1 pick=1 iron=2 buck=1
[02:48:27] [main/INFO] (Minecraft) [CHAT] §2§l§o[TenorClef] §rRefreshed inventory...
[02:48:28] [main/INFO] (Minecraft) [STDOUT]: ALTO CLEF: WARNING: T2 [E102] spd=0.000 @243,61,136
[02:48:28] [main/INFO] (Minecraft) [CHAT] §2§l§o[TenorClef] §cT2 [E102] spd=0.000 @243,61,136§r
[02:48:28] [main/INFO] (Minecraft) [CHAT] §2§l§o[TenorClef] §rT2 [HIST] 5:45.7 [E102] spd=0.000 @243,61,136
[02:48:28] [main/INFO] (Minecraft) [CHAT] §2§l§o[TenorClef] §rT2 [NOW] t=5:45.8 ph=PORTAL @243,61,136 do=<Construct Nether Portal> Mining iron for 2nd bucket at lava eq=air woodpick=1 stonepick=1 pick=1 iron=2 buck=1
[02:48:28] [main/INFO] (Minecraft) [CHAT] §2§l§o[TenorClef] §rT2 [HIST] 5:45.8 SNAP ph=PORTAL @243,61,136 sky=13 wet=true ground=false pick=1 buck=1 iron=2 ore=2 rods=0 pearls=0 eyes=0 child=ConstructNetherPortalBucketTask dbg=<Construct Nether Portal> Mining iron for 2nd bucket at lava mobs=none
[02:48:29] [main/INFO] (Minecraft) [CHAT] §2§l§o[TenorClef] §rT2 [NOW] t=5:46.8 ph=PORTAL @243,61,136 do=<Construct Nether Portal> Mining iron for 2nd bucket at lava eq=air woodpick=1 stonepick=1 pick=1 iron=2 buck=1
[02:48:30] [main/INFO] (Minecraft) [CHAT] §2§l§o[TenorClef] §rT2 [NOW] t=5:47.8 ph=PORTAL @243,61,136 do=<Construct Nether Portal> Mining iron for 2nd bucket at lava eq=air woodpick=1 stonepick=1 pick=1 iron=2 buck=1
[02:48:31] [main/INFO] (Minecraft) [STDOUT]: ALTO CLEF: WARNING: T2 [S102] escape water spd=0.000
[02:48:31] [main/INFO] (Minecraft) [CHAT] §2§l§o[TenorClef] §cT2 [S102] escape water spd=0.000§r
[02:48:31] [main/INFO] (Minecraft) [CHAT] §2§l§o[TenorClef] §rT2 [HIST] 5:48.2 SOLVE S102 escape water spd=0.000
[02:48:31] [main/INFO] (Minecraft) [CHAT] §2§l§o[TenorClef] §rFailed exploring.
[02:48:31] [main/INFO] (Minecraft) [CHAT] §2§l§o[TenorClef] §rT2 [NOW] t=5:48.8 ph=PORTAL @243,61,136 do=<Construct Nether Portal> Mining iron for 2nd bucket at lava eq=air woodpick=1 stonepick=1 pick=1 iron=2 buck=1
[02:48:31] [main/INFO] (Minecraft) [CHAT] §2§l§o[TenorClef] §rT2 [HB] t=5:49.0 ph=PORTAL y=61 child=ConstructNetherPortalBucketTask logs=1 pick=1 woodpick=1
[02:48:32] [main/INFO] (Minecraft) [CHAT] §2§l§o[TenorClef] §rT2 [NOW] t=5:49.8 ph=PORTAL @243,61,136 do=<Construct Nether Portal> Mining iron for 2nd bucket at lava eq=air woodpick=1 stonepick=1 pick=1 iron=2 buck=1
[02:48:33] [main/INFO] (Minecraft) [CHAT] §2§l§o[TenorClef] §rT2 [NOW] t=5:50.8 ph=PORTAL @243,61,136 do=<Construct Nether Portal> Mining iron for 2nd bucket at lava eq=air woodpick=1 stonepick=1 pick=1 iron=2 buck=1
[02:48:33] [main/INFO] (Minecraft) [CHAT] §2§l§o[TenorClef] §rT2 [HIST] 5:50.8 SNAP ph=PORTAL @243,61,136 sky=13 wet=true ground=false pick=1 buck=1 iron=2 ore=2 rods=0 pearls=0 eyes=0 child=ConstructNetherPortalBucketTask dbg=<Construct Nether Portal> Mining iron for 2nd bucket at lava mobs=none
[02:48:34] [main/INFO] (Minecraft) [STDOUT]: ALTO CLEF: WARNING: T2 [E102] spd=0.000 @243,61,136
[02:48:34] [main/INFO] (Minecraft) [CHAT] §2§l§o[TenorClef] §cT2 [E102] spd=0.000 @243,61,136§r
[02:48:34] [main/INFO] (Minecraft) [CHAT] §2§l§o[TenorClef] §rT2 [HIST] 5:51.7 [E102] spd=0.000 @243,61,136
[02:48:34] [main/INFO] (Minecraft) [CHAT] §2§l§o[TenorClef] §rT2 [NOW] t=5:51.8 ph=PORTAL @243,61,136 do=<Construct Nether Portal> Mining iron for 2nd bucket at lava eq=air woodpick=1 stonepick=1 pick=1 iron=2 buck=1
[02:48:35] [main/INFO] (Minecraft) [CHAT] §2§l§o[TenorClef] §rT2 [NOW] t=5:52.8 ph=PORTAL @243,61,136 do=<Construct Nether Portal> Mining iron for 2nd bucket at lava eq=air woodpick=1 stonepick=1 pick=1 iron=2 buck=1
[02:48:36] [main/INFO] (Minecraft) [CHAT] §2§l§o[TenorClef] §rT2 [NOW] t=5:53.8 ph=PORTAL @243,61,136 do=<Construct Nether Portal> Mining iron for 2nd bucket at lava eq=air woodpick=1 stonepick=1 pick=1 iron=2 buck=1
[02:48:37] [main/INFO] (Minecraft) [STDOUT]: ALTO CLEF: WARNING: T2 [S102] escape water spd=0.000
[02:48:37] [main/INFO] (Minecraft) [CHAT] §2§l§o[TenorClef] §cT2 [S102] escape water spd=0.000§r
[02:48:37] [main/INFO] (Minecraft) [CHAT] §2§l§o[TenorClef] §rT2 [HIST] 5:54.2 SOLVE S102 escape water spd=0.000
[02:48:37] [main/INFO] (Minecraft) [CHAT] §2§l§o[TenorClef] §rFailed exploring.
[02:48:37] [main/INFO] (Minecraft) [CHAT] §2§l§o[TenorClef] §rT2 [NOW] t=5:54.8 ph=PORTAL @243,61,136 do=<Construct Nether Portal> Mining iron for 2nd bucket at lava eq=air woodpick=1 stonepick=1 pick=1 iron=2 buck=1
[02:48:38] [main/INFO] (Minecraft) [CHAT] §2§l§o[TenorClef] §rDuct tape: Refreshing inventory again just in case
[02:48:38] [main/INFO] (Minecraft) [CHAT] §2§l§o[TenorClef] §rT2 [NOW] t=5:55.8 ph=PORTAL @243,61,136 do=<Construct Nether Portal> Mining iron for 2nd bucket at lava eq=air woodpick=1 stonepick=1 pick=1 iron=2 buck=1
[02:48:38] [main/INFO] (Minecraft) [CHAT] §2§l§o[TenorClef] §rT2 [HIST] 5:55.8 SNAP ph=PORTAL @243,61,136 sky=13 wet=true ground=false pick=1 buck=1 iron=2 ore=2 rods=0 pearls=0 eyes=0 child=ConstructNetherPortalBucketTask dbg=<Construct Nether Portal> Mining iron for 2nd bucket at lava mobs=none
[02:48:39] [main/INFO] (Minecraft) [CHAT] §2§l§o[TenorClef] §rT2 [NOW] t=5:56.8 ph=PORTAL @243,61,136 do=<Construct Nether Portal> Mining iron for 2nd bucket at lava eq=air woodpick=1 stonepick=1 pick=1 iron=2 buck=1
[02:48:39] [main/INFO] (Minecraft) [CHAT] §2§l§o[TenorClef] §rConstruct: need iron for 2nd bucket (iron=2 empty=0 water=1 lava=0)
[02:48:40] [main/INFO] (Minecraft) [STDOUT]: ALTO CLEF: WARNING: T2 [E102] spd=0.000 @243,61,136
[02:48:40] [main/INFO] (Minecraft) [CHAT] §2§l§o[TenorClef] §cT2 [E102] spd=0.000 @243,61,136§r
[02:48:40] [main/INFO] (Minecraft) [CHAT] §2§l§o[TenorClef] §rT2 [HIST] 5:57.8 [E102] spd=0.000 @243,61,136
[02:48:40] [main/INFO] (Minecraft) [CHAT] §2§l§o[TenorClef] §rT2 [NOW] t=5:57.8 ph=PORTAL @243,61,136 do=<Construct Nether Portal> Mining iron for 2nd bucket at lava eq=air woodpick=1 stonepick=1 pick=1 iron=2 buck=1
[02:48:41] [main/INFO] (Minecraft) [CHAT] §2§l§o[TenorClef] §rT2 [NOW] t=5:58.8 ph=PORTAL @243,61,136 do=<Construct Nether Portal> Mining iron for 2nd bucket at lava eq=air woodpick=1 stonepick=1 pick=1 iron=2 buck=1
[02:48:41] [main/INFO] (Minecraft) [CHAT] §2§l§o[TenorClef] §rT2 [HB] t=5:59.0 ph=PORTAL y=61 child=ConstructNetherPortalBucketTask logs=1 pick=1 woodpick=1
[02:48:42] [main/INFO] (Minecraft) [CHAT] §2§l§o[TenorClef] §rT2 [NOW] t=5:59.8 ph=PORTAL @243,61,136 do=<Construct Nether Portal> Mining iron for 2nd bucket at lava eq=air woodpick=1 stonepick=1 pick=1 iron=2 buck=1
[02:48:43] [main/INFO] (Minecraft) [STDOUT]: ALTO CLEF: WARNING: T2 [S102] escape water spd=0.000
[02:48:43] [main/INFO] (Minecraft) [CHAT] §2§l§o[TenorClef] §cT2 [S102] escape water spd=0.000§r
[02:48:43] [main/INFO] (Minecraft) [CHAT] §2§l§o[TenorClef] §rT2 [HIST] 6:00.2 SOLVE S102 escape water spd=0.000
[02:48:43] [main/INFO] (Minecraft) [CHAT] §2§l§o[TenorClef] §rFailed exploring.
[02:48:43] [main/INFO] (Minecraft) [CHAT] §2§l§o[TenorClef] §rT2 [NOW] t=6:00.8 ph=PORTAL @243,61,136 do=<Construct Nether Portal> Mining iron for 2nd bucket at lava eq=air woodpick=1 stonepick=1 pick=1 iron=2 buck=1
[02:48:43] [main/INFO] (Minecraft) [CHAT] §2§l§o[TenorClef] §rT2 [HIST] 6:00.8 SNAP ph=PORTAL @243,61,136 sky=13 wet=true ground=false pick=1 buck=1 iron=2 ore=2 rods=0 pearls=0 eyes=0 child=ConstructNetherPortalBucketTask dbg=<Construct Nether Portal> Mining iron for 2nd bucket at lava mobs=none
[02:48:44] [main/INFO] (Minecraft) [CHAT] §2§l§o[TenorClef] §rT2 [NOW] t=6:01.8 ph=PORTAL @243,61,136 do=<Construct Nether Portal> Mining iron for 2nd bucket at lava eq=air woodpick=1 stonepick=1 pick=1 iron=2 buck=1
[02:48:45] [main/INFO] (Minecraft) [CHAT] §2§l§o[TenorClef] §rT2 [NOW] t=6:02.8 ph=PORTAL @243,61,136 do=<Construct Nether Portal> Mining iron for 2nd bucket at lava eq=air woodpick=1 stonepick=1 pick=1 iron=2 buck=1
[02:48:46] [main/INFO] (Minecraft) [CHAT] §2§l§o[TenorClef] §rT2 [NOW] t=6:03.8 ph=PORTAL @243,61,136 do=<Construct Nether Portal> Mining iron for 2nd bucket at lava eq=air woodpick=1 stonepick=1 pick=1 iron=2 buck=1
[02:48:46] [main/INFO] (Minecraft) [STDOUT]: ALTO CLEF: WARNING: T2 [E102] spd=0.000 @243,61,136
[02:48:46] [main/INFO] (Minecraft) [CHAT] §2§l§o[TenorClef] §cT2 [E102] spd=0.000 @243,61,136§r
[02:48:46] [main/INFO] (Minecraft) [CHAT] §2§l§o[TenorClef] §rT2 [HIST] 6:03.8 [E102] spd=0.000 @243,61,136
[02:48:47] [main/INFO] (Minecraft) [CHAT] §2§l§o[TenorClef] §rT2 [NOW] t=6:04.8 ph=PORTAL @243,61,136 do=<Construct Nether Portal> Mining iron for 2nd bucket at lava eq=air woodpick=1 stonepick=1 pick=1 iron=2 buck=1
[02:48:48] [main/INFO] (Minecraft) [CHAT] §2§l§o[TenorClef] §rT2 [NOW] t=6:05.8 ph=PORTAL @243,61,136 do=<Construct Nether Portal> Mining iron for 2nd bucket at lava eq=air woodpick=1 stonepick=1 pick=1 iron=2 buck=1
[02:48:48] [main/INFO] (Minecraft) [CHAT] §2§l§o[TenorClef] §rT2 [HIST] 6:05.8 SNAP ph=PORTAL @243,61,136 sky=13 wet=true ground=false pick=1 buck=1 iron=2 ore=2 rods=0 pearls=0 eyes=0 child=ConstructNetherPortalBucketTask dbg=<Construct Nether Portal> Mining iron for 2nd bucket at lava mobs=none
[02:48:49] [main/INFO] (Minecraft) [STDOUT]: ALTO CLEF: WARNING: T2 [S102] escape water spd=0.000
[02:48:49] [main/INFO] (Minecraft) [CHAT] §2§l§o[TenorClef] §cT2 [S102] escape water spd=0.000§r
[02:48:49] [main/INFO] (Minecraft) [CHAT] §2§l§o[TenorClef] §rT2 [HIST] 6:06.2 SOLVE S102 escape water spd=0.000
[02:48:49] [main/INFO] (Minecraft) [CHAT] §2§l§o[TenorClef] §rDuct tape: Refreshing inventory again just in case
[02:48:49] [main/INFO] (Minecraft) [CHAT] §2§l§o[TenorClef] §rFailed exploring.
[02:48:49] [main/INFO] (Minecraft) [CHAT] §2§l§o[TenorClef] §rT2 [NOW] t=6:06.8 ph=PORTAL @243,61,136 do=<Construct Nether Portal> Mining iron for 2nd bucket at lava eq=air woodpick=1 stonepick=1 pick=1 iron=2 buck=1
[02:48:50] [main/INFO] (Minecraft) [CHAT] §2§l§o[TenorClef] §rT2 [NOW] t=6:07.8 ph=PORTAL @243,61,136 do=<Construct Nether Portal> Mining iron for 2nd bucket at lava eq=air woodpick=1 stonepick=1 pick=1 iron=2 buck=1
[02:48:51] [main/INFO] (Minecraft) [CHAT] §2§l§o[TenorClef] §rT2 [NOW] t=6:08.8 ph=PORTAL @243,61,136 do=<Construct Nether Portal> Mining iron for 2nd bucket at lava eq=air woodpick=1 stonepick=1 pick=1 iron=2 buck=1
[02:48:51] [main/INFO] (Minecraft) [CHAT] §2§l§o[TenorClef] §rT2 [HB] t=6:09.0 ph=PORTAL y=61 child=ConstructNetherPortalBucketTask logs=1 pick=1 woodpick=1
[02:48:52] [main/INFO] (Minecraft) [CHAT] §2§l§o[TenorClef] §rT2 [NOW] t=6:09.8 ph=PORTAL @243,61,136 do=<Construct Nether Portal> Mining iron for 2nd bucket at lava eq=air woodpick=1 stonepick=1 pick=1 iron=2 buck=1
[02:48:52] [main/INFO] (Minecraft) [STDOUT]: ALTO CLEF: WARNING: T2 [E102] spd=0.000 @243,61,136
[02:48:52] [main/INFO] (Minecraft) [CHAT] §2§l§o[TenorClef] §cT2 [E102] spd=0.000 @243,61,136§r
[02:48:52] [main/INFO] (Minecraft) [CHAT] §2§l§o[TenorClef] §rT2 [HIST] 6:09.9 [E102] spd=0.000 @243,61,136
[02:48:53] [main/INFO] (Minecraft) [CHAT] §2§l§o[TenorClef] §rT2 [NOW] t=6:10.8 ph=PORTAL @243,61,136 do=<Construct Nether Portal> Mining iron for 2nd bucket at lava eq=air woodpick=1 stonepick=1 pick=1 iron=2 buck=1
[02:48:53] [main/INFO] (Minecraft) [CHAT] §2§l§o[TenorClef] §rT2 [HIST] 6:10.8 SNAP ph=PORTAL @243,61,136 sky=13 wet=true ground=false pick=1 buck=1 iron=2 ore=2 rods=0 pearls=0 eyes=0 child=ConstructNetherPortalBucketTask dbg=<Construct Nether Portal> Mining iron for 2nd bucket at lava mobs=none
[02:48:54] [main/INFO] (Minecraft) [CHAT] §2§l§o[TenorClef] §rT2 [NOW] t=6:11.8 ph=PORTAL @243,61,136 do=<Construct Nether Portal> Mining iron for 2nd bucket at lava eq=air woodpick=1 stonepick=1 pick=1 iron=2 buck=1
[02:48:54] [main/INFO] (Minecraft) [CHAT] §2§l§o[TenorClef] §rConstruct: need iron for 2nd bucket (iron=2 empty=0 water=1 lava=0)
[02:48:55] [main/INFO] (Minecraft) [STDOUT]: ALTO CLEF: WARNING: T2 [S102] escape water spd=0.000
[02:48:55] [main/INFO] (Minecraft) [CHAT] §2§l§o[TenorClef] §cT2 [S102] escape water spd=0.000§r
[02:48:55] [main/INFO] (Minecraft) [CHAT] §2§l§o[TenorClef] §rT2 [HIST] 6:12.2 SOLVE S102 escape water spd=0.000
[02:48:55] [main/INFO] (Minecraft) [CHAT] §2§l§o[TenorClef] §rT2 [NOW] t=6:12.8 ph=PORTAL @243,61,136 do=<Construct Nether Portal> Mining iron for 2nd bucket at lava eq=air woodpick=1 stonepick=1 pick=1 iron=2 buck=1
[02:48:55] [main/INFO] (Minecraft) [CHAT] §2§l§o[TenorClef] §rFailed exploring.
[02:48:56] [main/INFO] (Minecraft) [CHAT] §2§l§o[TenorClef] §rT2 [NOW] t=6:13.8 ph=PORTAL @243,61,136 do=<Construct Nether Portal> Mining iron for 2nd bucket at lava eq=air woodpick=1 stonepick=1 pick=1 iron=2 buck=1
[02:48:57] [main/INFO] (Minecraft) [CHAT] §2§l§o[TenorClef] §rT2 [NOW] t=6:14.8 ph=PORTAL @243,61,136 do=<Construct Nether Portal> Mining iron for 2nd bucket at lava eq=air woodpick=1 stonepick=1 pick=1 iron=2 buck=1
[02:48:57] [main/INFO] (Minecraft) [CHAT] §2§l§o[TenorClef] §rRefreshed inventory...
[02:48:58] [main/INFO] (Minecraft) [CHAT] §2§l§o[TenorClef] §rT2 [NOW] t=6:15.8 ph=PORTAL @243,61,136 do=<Construct Nether Portal> Mining iron for 2nd bucket at lava eq=air woodpick=1 stonepick=1 pick=1 iron=2 buck=1
[02:48:58] [main/INFO] (Minecraft) [CHAT] §2§l§o[TenorClef] §rT2 [HIST] 6:15.8 SNAP ph=PORTAL @243,61,136 sky=13 wet=true ground=false pick=1 buck=1 iron=2 ore=2 rods=0 pearls=0 eyes=0 child=ConstructNetherPortalBucketTask dbg=<Construct Nether Portal> Mining iron for 2nd bucket at lava mobs=none
[02:48:58] [main/INFO] (Minecraft) [STDOUT]: ALTO CLEF: WARNING: T2 [E102] spd=0.000 @243,61,136
[02:48:58] [main/INFO] (Minecraft) [CHAT] §2§l§o[TenorClef] §cT2 [E102] spd=0.000 @243,61,136§r
[02:48:58] [main/INFO] (Minecraft) [CHAT] §2§l§o[TenorClef] §rT2 [HIST] 6:16.0 [E102] spd=0.000 @243,61,136
[02:48:59] [main/INFO] (Minecraft) [CHAT] §2§l§o[TenorClef] §rT2 [NOW] t=6:16.8 ph=PORTAL @243,61,136 do=<Construct Nether Portal> Mining iron for 2nd bucket at lava eq=air woodpick=1 stonepick=1 pick=1 iron=2 buck=1
[02:49:00] [main/INFO] (Minecraft) [CHAT] §2§l§o[TenorClef] §rDuct tape: Refreshing inventory again just in case
[02:49:00] [main/INFO] (Minecraft) [CHAT] §2§l§o[TenorClef] §rT2 [NOW] t=6:17.8 ph=PORTAL @243,61,136 do=<Construct Nether Portal> Mining iron for 2nd bucket at lava eq=air woodpick=1 stonepick=1 pick=1 iron=2 buck=1
[02:49:01] [main/INFO] (Minecraft) [STDOUT]: ALTO CLEF: WARNING: T2 [S102] escape water spd=0.000
[02:49:01] [main/INFO] (Minecraft) [CHAT] §2§l§o[TenorClef] §cT2 [S102] escape water spd=0.000§r
[02:49:01] [main/INFO] (Minecraft) [CHAT] §2§l§o[TenorClef] §rT2 [HIST] 6:18.2 SOLVE S102 escape water spd=0.000
[02:49:01] [main/INFO] (Minecraft) [CHAT] §2§l§o[TenorClef] §rT2 [NOW] t=6:18.8 ph=PORTAL @243,61,136 do=<Construct Nether Portal> Mining iron for 2nd bucket at lava eq=air woodpick=1 stonepick=1 pick=1 iron=2 buck=1
[02:49:01] [main/INFO] (Minecraft) [CHAT] §2§l§o[TenorClef] §rFailed exploring.
[02:49:01] [main/INFO] (Minecraft) [CHAT] §2§l§o[TenorClef] §rT2 [HB] t=6:19.0 ph=PORTAL y=61 child=ConstructNetherPortalBucketTask logs=1 pick=1 woodpick=1
[02:49:02] [main/INFO] (Minecraft) [CHAT] §2§l§o[TenorClef] §rT2 [NOW] t=6:19.8 ph=PORTAL @243,61,136 do=<Construct Nether Portal> Mining iron for 2nd bucket at lava eq=air woodpick=1 stonepick=1 pick=1 iron=2 buck=1
[02:49:03] [main/INFO] (Minecraft) [CHAT] §2§l§o[TenorClef] §rT2 [NOW] t=6:20.8 ph=PORTAL @243,61,136 do=<Construct Nether Portal> Mining iron for 2nd bucket at lava eq=air woodpick=1 stonepick=1 pick=1 iron=2 buck=1
[02:49:03] [main/INFO] (Minecraft) [CHAT] §2§l§o[TenorClef] §rT2 [HIST] 6:20.8 SNAP ph=PORTAL @243,61,136 sky=13 wet=true ground=false pick=1 buck=1 iron=2 ore=2 rods=0 pearls=0 eyes=0 child=ConstructNetherPortalBucketTask dbg=<Construct Nether Portal> Mining iron for 2nd bucket at lava mobs=none
[02:49:04] [main/INFO] (Minecraft) [CHAT] §2§l§o[TenorClef] §rT2 [NOW] t=6:21.8 ph=PORTAL @243,61,136 do=<Construct Nether Portal> Mining iron for 2nd bucket at lava eq=air woodpick=1 stonepick=1 pick=1 iron=2 buck=1
[02:49:04] [main/INFO] (Minecraft) [STDOUT]: ALTO CLEF: WARNING: T2 [E102] spd=0.000 @243,61,136
[02:49:04] [main/INFO] (Minecraft) [CHAT] §2§l§o[TenorClef] §cT2 [E102] spd=0.000 @243,61,136§r
[02:49:04] [main/INFO] (Minecraft) [CHAT] §2§l§o[TenorClef] §rT2 [HIST] 6:22.0 [E102] spd=0.000 @243,61,136
[02:49:05] [main/INFO] (Minecraft) [CHAT] §2§l§o[TenorClef] §rT2 [NOW] t=6:22.8 ph=PORTAL @243,61,136 do=<Construct Nether Portal> Mining iron for 2nd bucket at lava eq=air woodpick=1 stonepick=1 pick=1 iron=2 buck=1
[02:49:06] [main/INFO] (Minecraft) [CHAT] §2§l§o[TenorClef] §rT2 [NOW] t=6:23.8 ph=PORTAL @243,61,136 do=<Construct Nether Portal> Mining iron for 2nd bucket at lava eq=air woodpick=1 stonepick=1 pick=1 iron=2 buck=1
[02:49:07] [main/INFO] (Minecraft) [STDOUT]: ALTO CLEF: WARNING: T2 [S102] escape water spd=0.000
[02:49:07] [main/INFO] (Minecraft) [CHAT] §2§l§o[TenorClef] §cT2 [S102] escape water spd=0.000§r
[02:49:07] [main/INFO] (Minecraft) [CHAT] §2§l§o[TenorClef] §rT2 [HIST] 6:24.2 SOLVE S102 escape water spd=0.000
[02:49:07] [main/INFO] (Minecraft) [CHAT] §2§l§o[TenorClef] §rT2 [NOW] t=6:24.8 ph=PORTAL @243,61,136 do=<Construct Nether Portal> Mining iron for 2nd bucket at lava eq=air woodpick=1 stonepick=1 pick=1 iron=2 buck=1
[02:49:07] [main/INFO] (Minecraft) [CHAT] §2§l§o[TenorClef] §rFailed exploring.
[02:49:08] [main/INFO] (Minecraft) [CHAT] §2§l§o[TenorClef] §rT2 [NOW] t=6:25.8 ph=PORTAL @243,61,136 do=<Construct Nether Portal> Mining iron for 2nd bucket at lava eq=air woodpick=1 stonepick=1 pick=1 iron=2 buck=1
[02:49:08] [main/INFO] (Minecraft) [CHAT] §2§l§o[TenorClef] §rT2 [HIST] 6:25.8 SNAP ph=PORTAL @243,61,136 sky=13 wet=true ground=false pick=1 buck=1 iron=2 ore=2 rods=0 pearls=0 eyes=0 child=ConstructNetherPortalBucketTask dbg=<Construct Nether Portal> Mining iron for 2nd bucket at lava mobs=none
[02:49:09] [main/INFO] (Minecraft) [CHAT] §2§l§o[TenorClef] §rT2 [NOW] t=6:26.8 ph=PORTAL @243,61,136 do=<Construct Nether Portal> Mining iron for 2nd bucket at lava eq=air woodpick=1 stonepick=1 pick=1 iron=2 buck=1
[02:49:09] [main/INFO] (Minecraft) [CHAT] §2§l§o[TenorClef] §rConstruct: need iron for 2nd bucket (iron=2 empty=0 water=1 lava=0)
[02:49:10] [main/INFO] (Minecraft) [CHAT] §2§l§o[TenorClef] §rT2 [NOW] t=6:27.8 ph=PORTAL @243,61,136 do=<Construct Nether Portal> Mining iron for 2nd bucket at lava eq=air woodpick=1 stonepick=1 pick=1 iron=2 buck=1
[02:49:10] [main/INFO] (Minecraft) [STDOUT]: ALTO CLEF: WARNING: T2 [E102] spd=0.000 @243,61,136
[02:49:10] [main/INFO] (Minecraft) [CHAT] §2§l§o[TenorClef] §cT2 [E102] spd=0.000 @243,61,136§r
[02:49:10] [main/INFO] (Minecraft) [CHAT] §2§l§o[TenorClef] §rT2 [HIST] 6:28.0 [E102] spd=0.000 @243,61,136
[02:49:11] [main/INFO] (Minecraft) [CHAT] §2§l§o[TenorClef] §rT2 [NOW] t=6:28.8 ph=PORTAL @243,61,136 do=<Construct Nether Portal> Mining iron for 2nd bucket at lava eq=air woodpick=1 stonepick=1 pick=1 iron=2 buck=1
[02:49:11] [main/INFO] (Minecraft) [CHAT] §2§l§o[TenorClef] §rDuct tape: Refreshing inventory again just in case
[02:49:11] [main/INFO] (Minecraft) [CHAT] §2§l§o[TenorClef] §rT2 [HB] t=6:29.0 ph=PORTAL y=61 child=ConstructNetherPortalBucketTask logs=1 pick=1 woodpick=1
[02:49:12] [main/INFO] (Minecraft) [CHAT] §2§l§o[TenorClef] §rT2 [NOW] t=6:29.8 ph=PORTAL @243,61,136 do=<Construct Nether Portal> Mining iron for 2nd bucket at lava eq=air woodpick=1 stonepick=1 pick=1 iron=2 buck=1
[02:49:13] [main/INFO] (Minecraft) [STDOUT]: ALTO CLEF: WARNING: T2 [S102] escape water spd=0.000
[02:49:13] [main/INFO] (Minecraft) [CHAT] §2§l§o[TenorClef] §cT2 [S102] escape water spd=0.000§r
[02:49:13] [main/INFO] (Minecraft) [CHAT] §2§l§o[TenorClef] §rT2 [HIST] 6:30.2 SOLVE S102 escape water spd=0.000
[02:49:13] [main/INFO] (Minecraft) [CHAT] §2§l§o[TenorClef] §rT2 [NOW] t=6:30.8 ph=PORTAL @243,61,136 do=<Construct Nether Portal> Mining iron for 2nd bucket at lava eq=air woodpick=1 stonepick=1 pick=1 iron=2 buck=1
[02:49:13] [main/INFO] (Minecraft) [CHAT] §2§l§o[TenorClef] §rT2 [HIST] 6:30.8 SNAP ph=PORTAL @243,61,136 sky=13 wet=true ground=false pick=1 buck=1 iron=2 ore=2 rods=0 pearls=0 eyes=0 child=ConstructNetherPortalBucketTask dbg=<Construct Nether Portal> Mining iron for 2nd bucket at lava mobs=none
[02:49:13] [main/INFO] (Minecraft) [CHAT] §2§l§o[TenorClef] §rFailed exploring.
[02:49:14] [main/INFO] (Minecraft) [CHAT] §2§l§o[TenorClef] §rT2 [NOW] t=6:31.8 ph=PORTAL @243,61,136 do=<Construct Nether Portal> Mining iron for 2nd bucket at lava eq=air woodpick=1 stonepick=1 pick=1 iron=2 buck=1
[02:49:15] [main/INFO] (Minecraft) [CHAT] §2§l§o[TenorClef] §rT2 [NOW] t=6:32.8 ph=PORTAL @243,61,136 do=<Construct Nether Portal> Mining iron for 2nd bucket at lava eq=air woodpick=1 stonepick=1 pick=1 iron=2 buck=1
[02:49:16] [main/INFO] (Minecraft) [CHAT] §2§l§o[TenorClef] §rT2 [NOW] t=6:33.8 ph=PORTAL @243,61,136 do=<Construct Nether Portal> Mining iron for 2nd bucket at lava eq=air woodpick=1 stonepick=1 pick=1 iron=2 buck=1
[02:49:16] [main/INFO] (Minecraft) [STDOUT]: ALTO CLEF: WARNING: T2 [E102] spd=0.000 @243,61,136
[02:49:16] [main/INFO] (Minecraft) [CHAT] §2§l§o[TenorClef] §cT2 [E102] spd=0.000 @243,61,136§r
[02:49:16] [main/INFO] (Minecraft) [CHAT] §2§l§o[TenorClef] §rT2 [HIST] 6:34.1 [E102] spd=0.000 @243,61,136
[02:49:17] [main/INFO] (Minecraft) [CHAT] §2§l§o[TenorClef] §rT2 [NOW] t=6:34.8 ph=PORTAL @243,61,136 do=<Construct Nether Portal> Mining iron for 2nd bucket at lava eq=air woodpick=1 stonepick=1 pick=1 iron=2 buck=1
[02:49:18] [main/INFO] (Minecraft) [CHAT] §2§l§o[TenorClef] §rT2 [NOW] t=6:35.8 ph=PORTAL @243,61,136 do=<Construct Nether Portal> Mining iron for 2nd bucket at lava eq=air woodpick=1 stonepick=1 pick=1 iron=2 buck=1
[02:49:18] [main/INFO] (Minecraft) [CHAT] §2§l§o[TenorClef] §rT2 [HIST] 6:35.8 SNAP ph=PORTAL @243,61,136 sky=13 wet=true ground=false pick=1 buck=1 iron=2 ore=2 rods=0 pearls=0 eyes=0 child=ConstructNetherPortalBucketTask dbg=<Construct Nether Portal> Mining iron for 2nd bucket at lava mobs=none
[02:49:18] [main/INFO] (Minecraft) [STDOUT]: ALTO CLEF: WARNING: T2 [E118] ConstructNetherPortalBucketTask 90s no inv change ph=PORTAL
[02:49:18] [main/INFO] (Minecraft) [CHAT] §2§l§o[TenorClef] §cT2 [E118] ConstructNetherPortalBucketTask 90s no inv change ph=PORTAL§r
[02:49:18] [main/INFO] (Minecraft) [CHAT] §2§l§o[TenorClef] §rT2 [HIST] 6:36.0 [E118] ConstructNetherPortalBucketTask 90s no inv change ph=PORTAL
[02:49:19] [main/INFO] (Minecraft) [STDOUT]: ALTO CLEF: WARNING: T2 [S102] escape water spd=0.000
[02:49:19] [main/INFO] (Minecraft) [CHAT] §2§l§o[TenorClef] §cT2 [S102] escape water spd=0.000§r
[02:49:19] [main/INFO] (Minecraft) [CHAT] §2§l§o[TenorClef] §rT2 [HIST] 6:36.2 SOLVE S102 escape water spd=0.000
[02:49:19] [main/INFO] (Minecraft) [CHAT] §2§l§o[TenorClef] §rT2 [NOW] t=6:36.8 ph=PORTAL @243,61,136 do=<Construct Nether Portal> Mining iron for 2nd bucket at lava eq=air woodpick=1 stonepick=1 pick=1 iron=2 buck=1
[02:49:19] [main/INFO] (Minecraft) [CHAT] §2§l§o[TenorClef] §rFailed exploring.
[02:49:19] [main/INFO] (Minecraft) [CHAT] §2§l§o[TenorClef] §rIncreased wander range
[02:49:20] [main/INFO] (Minecraft) [CHAT] §2§l§o[TenorClef] §rT2 [NOW] t=6:37.8 ph=PORTAL @243,61,136 do=<Construct Nether Portal> Mining iron for 2nd bucket at lava eq=air woodpick=1 stonepick=1 pick=1 iron=2 buck=1
[02:49:21] [main/INFO] (Minecraft) [STDOUT]: ALTO CLEF: WARNING: T2 [S160] portal build held the slot 120s without finishing @243,61,136 - pin suspended for 30s so the driver can relocate
[02:49:21] [main/INFO] (Minecraft) [CHAT] §2§l§o[TenorClef] §cT2 [S160] portal build held the slot 120s without finishing @243,61,136 - pin suspended for 30s so the driver can relocate§r
[02:49:21] [main/INFO] (Minecraft) [CHAT] §2§l§o[TenorClef] §rT2 [HIST] 6:38.4 FORCE S160 portal build held the slot 120s without finishing @243,61,136 - pin suspended for 30s so the driver can relocate
[02:49:21] [main/INFO] (Minecraft) [CHAT] §2§l§o[TenorClef] §rT2 [NOW] t=6:38.8 ph=PORTAL @243,61,136 do=<Construct Nether Portal> Mining iron for 2nd bucket at lava eq=air woodpick=1 stonepick=1 pick=1 iron=2 buck=1
[02:49:21] [main/INFO] (Minecraft) [CHAT] §2§l§o[TenorClef] §rT2 [HB] t=6:39.0 ph=PORTAL y=62 child=ConstructNetherPortalBucketTask logs=1 pick=1 woodpick=1
[02:49:22] [main/INFO] (Minecraft) [CHAT] §2§l§o[TenorClef] §rT2 [NOW] t=6:39.8 ph=PORTAL @243,62,136 do=<Construct Nether Portal> Mining iron for 2nd bucket at lava eq=air woodpick=1 stonepick=1 pick=1 iron=2 buck=1
[02:49:23] [main/INFO] (Minecraft) [STDOUT]: ALTO CLEF: WARNING: T2 [E102] spd=0.000 @243,62,136
[02:49:23] [main/INFO] (Minecraft) [CHAT] §2§l§o[TenorClef] §cT2 [E102] spd=0.000 @243,62,136§r
[02:49:23] [main/INFO] (Minecraft) [CHAT] §2§l§o[TenorClef] §rT2 [HIST] 6:40.1 [E102] spd=0.000 @243,62,136
[02:49:23] [main/INFO] (Minecraft) [CHAT] §2§l§o[TenorClef] §rT2 [NOW] t=6:40.8 ph=PORTAL @243,61,136 do=<Construct Nether Portal> Mining iron for 2nd bucket at lava eq=air woodpick=1 stonepick=1 pick=1 iron=2 buck=1
[02:49:23] [main/INFO] (Minecraft) [CHAT] §2§l§o[TenorClef] §rT2 [HIST] 6:40.8 SNAP ph=PORTAL @243,61,136 sky=13 wet=true ground=false pick=1 buck=1 iron=2 ore=2 rods=0 pearls=0 eyes=0 child=ConstructNetherPortalBucketTask dbg=<Construct Nether Portal> Mining iron for 2nd bucket at lava mobs=none
[02:49:24] [main/INFO] (Minecraft) [CHAT] §2§l§o[TenorClef] §rT2 [NOW] t=6:41.8 ph=PORTAL @243,61,136 do=<Construct Nether Portal> Mining iron for 2nd bucket at lava eq=air woodpick=1 stonepick=1 pick=1 iron=2 buck=1
[02:49:25] [main/INFO] (Minecraft) [STDOUT]: ALTO CLEF: WARNING: T2 [S102] escape water spd=0.000
[02:49:25] [main/INFO] (Minecraft) [CHAT] §2§l§o[TenorClef] §cT2 [S102] escape water spd=0.000§r
[02:49:25] [main/INFO] (Minecraft) [CHAT] §2§l§o[TenorClef] §rT2 [HIST] 6:42.2 SOLVE S102 escape water spd=0.000
[02:49:25] [main/INFO] (Minecraft) [CHAT] §2§l§o[TenorClef] §rT2 [NOW] t=6:42.8 ph=PORTAL @243,61,136 do=<Construct Nether Portal> Mining iron for 2nd bucket at lava eq=air woodpick=1 stonepick=1 pick=1 iron=2 buck=1
[02:49:26] [main/INFO] (Minecraft) [CHAT] §2§l§o[TenorClef] §rT2 [NOW] t=6:43.8 ph=PORTAL @243,61,136 do=<Construct Nether Portal> Mining iron for 2nd bucket at lava eq=air woodpick=1 stonepick=1 pick=1 iron=2 buck=1
[02:49:27] [main/INFO] (Minecraft) [CHAT] §2§l§o[TenorClef] §rT2 [NOW] t=6:44.8 ph=PORTAL @243,61,136 do=<Construct Nether Portal> Mining iron for 2nd bucket at lava eq=air woodpick=1 stonepick=1 pick=1 iron=2 buck=1
[02:49:27] [main/INFO] (Minecraft) [CHAT] §2§l§o[TenorClef] §rRefreshed inventory...
[02:49:28] [main/INFO] (Minecraft) [CHAT] §2§l§o[TenorClef] §rT2 [NOW] t=6:45.8 ph=PORTAL @243,61,136 do=<Construct Nether Portal> Mining iron for 2nd bucket at lava eq=air woodpick=1 stonepick=1 pick=1 iron=2 buck=1
[02:49:28] [main/INFO] (Minecraft) [CHAT] §2§l§o[TenorClef] §rT2 [HIST] 6:45.8 SNAP ph=PORTAL @243,61,136 sky=13 wet=true ground=false pick=1 buck=1 iron=2 ore=2 rods=0 pearls=0 eyes=0 child=ConstructNetherPortalBucketTask dbg=<Construct Nether Portal> Mining iron for 2nd bucket at lava mobs=none
[02:49:29] [main/INFO] (Minecraft) [STDOUT]: ALTO CLEF: WARNING: T2 [E102] spd=0.000 @243,61,136
[02:49:29] [main/INFO] (Minecraft) [CHAT] §2§l§o[TenorClef] §cT2 [E102] spd=0.000 @243,61,136§r
[02:49:29] [main/INFO] (Minecraft) [CHAT] §2§l§o[TenorClef] §rT2 [HIST] 6:46.2 [E102] spd=0.000 @243,61,136
[02:49:29] [main/INFO] (Minecraft) [CHAT] §2§l§o[TenorClef] §rT2 [NOW] t=6:46.8 ph=PORTAL @243,61,136 do=<Construct Nether Portal> Mining iron for 2nd bucket at lava eq=air woodpick=1 stonepick=1 pick=1 iron=2 buck=1
[02:49:30] [main/INFO] (Minecraft) [CHAT] §2§l§o[TenorClef] §rT2 [NOW] t=6:47.8 ph=PORTAL @243,61,136 do=<Construct Nether Portal> Mining iron for 2nd bucket at lava eq=air woodpick=1 stonepick=1 pick=1 iron=2 buck=1
[02:49:31] [main/INFO] (Minecraft) [STDOUT]: ALTO CLEF: WARNING: T2 [S102] escape water spd=0.000
[02:49:31] [main/INFO] (Minecraft) [CHAT] §2§l§o[TenorClef] §cT2 [S102] escape water spd=0.000§r
[02:49:31] [main/INFO] (Minecraft) [CHAT] §2§l§o[TenorClef] §rT2 [HIST] 6:48.2 SOLVE S102 escape water spd=0.000
[02:49:31] [main/INFO] (Minecraft) [CHAT] §2§l§o[TenorClef] §rT2 [NOW] t=6:48.8 ph=PORTAL @243,61,136 do=<Construct Nether Portal> Mining iron for 2nd bucket at lava eq=air woodpick=1 stonepick=1 pick=1 iron=2 buck=1
[02:49:31] [main/INFO] (Minecraft) [CHAT] §2§l§o[TenorClef] §rT2 [HB] t=6:49.0 ph=PORTAL y=61 child=ConstructNetherPortalBucketTask logs=1 pick=1 woodpick=1
[02:49:32] [main/INFO] (Minecraft) [CHAT] §2§l§o[TenorClef] §rT2 [NOW] t=6:49.8 ph=PORTAL @243,61,136 do=<Construct Nether Portal> Mining iron for 2nd bucket at lava eq=air woodpick=1 stonepick=1 pick=1 iron=2 buck=1
[02:49:33] [main/INFO] (Minecraft) [CHAT] §2§l§o[TenorClef] §rFailed exploring.
[02:49:33] [main/INFO] (Minecraft) [CHAT] §2§l§o[TenorClef] §rT2 [NOW] t=6:50.8 ph=PORTAL @243,61,136 do=<Construct Nether Portal> Mining iron for 2nd bucket at lava eq=air woodpick=1 stonepick=1 pick=1 iron=2 buck=1
[02:49:33] [main/INFO] (Minecraft) [CHAT] §2§l§o[TenorClef] §rT2 [HIST] 6:50.8 SNAP ph=PORTAL @243,61,136 sky=13 wet=true ground=false pick=1 buck=1 iron=2 ore=2 rods=0 pearls=0 eyes=0 child=ConstructNetherPortalBucketTask dbg=<Construct Nether Portal> Mining iron for 2nd bucket at lava mobs=none
[02:49:34] [main/INFO] (Minecraft) [CHAT] §2§l§o[TenorClef] §rT2 [NOW] t=6:51.8 ph=PORTAL @243,61,136 do=<Construct Nether Portal> Mining iron for 2nd bucket at lava eq=air woodpick=1 stonepick=1 pick=1 iron=2 buck=1
[02:49:35] [main/INFO] (Minecraft) [STDOUT]: ALTO CLEF: WARNING: T2 [E102] spd=0.000 @243,61,136
[02:49:35] [main/INFO] (Minecraft) [CHAT] §2§l§o[TenorClef] §cT2 [E102] spd=0.000 @243,61,136§r
[02:49:35] [main/INFO] (Minecraft) [CHAT] §2§l§o[TenorClef] §rT2 [HIST] 6:52.2 [E102] spd=0.000 @243,61,136
[02:49:35] [main/INFO] (Minecraft) [CHAT] §2§l§o[TenorClef] §rT2 [NOW] t=6:52.8 ph=PORTAL @243,61,136 do=<Construct Nether Portal> Mining iron for 2nd bucket at lava eq=air woodpick=1 stonepick=1 pick=1 iron=2 buck=1
[02:49:36] [main/INFO] (Minecraft) [CHAT] §2§l§o[TenorClef] §rT2 [NOW] t=6:53.8 ph=PORTAL @243,61,136 do=<Construct Nether Portal> Mining iron for 2nd bucket at lava eq=air woodpick=1 stonepick=1 pick=1 iron=2 buck=1
[02:49:37] [main/INFO] (Minecraft) [STDOUT]: ALTO CLEF: WARNING: T2 [S102] escape water spd=0.000
[02:49:37] [main/INFO] (Minecraft) [CHAT] §2§l§o[TenorClef] §cT2 [S102] escape water spd=0.000§r
[02:49:37] [main/INFO] (Minecraft) [CHAT] §2§l§o[TenorClef] §rT2 [HIST] 6:54.2 SOLVE S102 escape water spd=0.000
[02:49:37] [main/INFO] (Minecraft) [CHAT] §2§l§o[TenorClef] §rT2 [NOW] t=6:54.8 ph=PORTAL @243,61,136 do=<Construct Nether Portal> Mining iron for 2nd bucket at lava eq=air woodpick=1 stonepick=1 pick=1 iron=2 buck=1
[02:49:38] [main/INFO] (Minecraft) [CHAT] §2§l§o[TenorClef] §rT2 [NOW] t=6:55.8 ph=PORTAL @243,61,136 do=<Construct Nether Portal> Mining iron for 2nd bucket at lava eq=air woodpick=1 stonepick=1 pick=1 iron=2 buck=1
[02:49:38] [main/INFO] (Minecraft) [CHAT] §2§l§o[TenorClef] §rT2 [HIST] 6:55.8 SNAP ph=PORTAL @243,61,136 sky=13 wet=true ground=false pick=1 buck=1 iron=2 ore=2 rods=0 pearls=0 eyes=0 child=ConstructNetherPortalBucketTask dbg=<Construct Nether Portal> Mining iron for 2nd bucket at lava mobs=none
[02:49:39] [main/INFO] (Minecraft) [CHAT] §2§l§o[TenorClef] §rFailed exploring.
[02:49:39] [main/INFO] (Minecraft) [CHAT] §2§l§o[TenorClef] §rT2 [NOW] t=6:56.8 ph=PORTAL @243,61,136 do=<Construct Nether Portal> Mining iron for 2nd bucket at lava eq=air woodpick=1 stonepick=1 pick=1 iron=2 buck=1
[02:49:40] [main/INFO] (Minecraft) [CHAT] §2§l§o[TenorClef] §rT2 [NOW] t=6:57.8 ph=PORTAL @243,61,136 do=<Construct Nether Portal> Mining iron for 2nd bucket at lava eq=air woodpick=1 stonepick=1 pick=1 iron=2 buck=1
[02:49:41] [main/INFO] (Minecraft) [STDOUT]: ALTO CLEF: WARNING: T2 [E102] spd=0.000 @243,61,136
[02:49:41] [main/INFO] (Minecraft) [CHAT] §2§l§o[TenorClef] §cT2 [E102] spd=0.000 @243,61,136§r
[02:49:41] [main/INFO] (Minecraft) [CHAT] §2§l§o[TenorClef] §rT2 [HIST] 6:58.3 [E102] spd=0.000 @243,61,136
[02:49:41] [main/INFO] (Minecraft) [CHAT] §2§l§o[TenorClef] §rT2 [NOW] t=6:58.8 ph=PORTAL @243,61,136 do=<Construct Nether Portal> Mining iron for 2nd bucket at lava eq=air woodpick=1 stonepick=1 pick=1 iron=2 buck=1
[02:49:41] [main/INFO] (Minecraft) [CHAT] §2§l§o[TenorClef] §rT2 [HB] t=6:59.0 ph=PORTAL y=61 child=ConstructNetherPortalBucketTask logs=1 pick=1 woodpick=1
[02:49:42] [main/INFO] (Minecraft) [CHAT] §2§l§o[TenorClef] §rT2 [NOW] t=6:59.8 ph=PORTAL @243,61,136 do=<Construct Nether Portal> Mining iron for 2nd bucket at lava eq=air woodpick=1 stonepick=1 pick=1 iron=2 buck=1
[02:49:43] [main/INFO] (Minecraft) [STDOUT]: ALTO CLEF: WARNING: T2 [S102] escape water spd=0.000
[02:49:43] [main/INFO] (Minecraft) [CHAT] §2§l§o[TenorClef] §cT2 [S102] escape water spd=0.000§r
[02:49:43] [main/INFO] (Minecraft) [CHAT] §2§l§o[TenorClef] §rT2 [HIST] 7:00.2 SOLVE S102 escape water spd=0.000
[02:49:43] [main/INFO] (Minecraft) [CHAT] §2§l§o[TenorClef] §rT2 [NOW] t=7:00.8 ph=PORTAL @243,61,136 do=<Construct Nether Portal> Mining iron for 2nd bucket at lava eq=air woodpick=1 stonepick=1 pick=1 iron=2 buck=1
[02:49:43] [main/INFO] (Minecraft) [CHAT] §2§l§o[TenorClef] §rT2 [HIST] 7:00.8 SNAP ph=PORTAL @243,61,136 sky=13 wet=true ground=false pick=1 buck=1 iron=2 ore=2 rods=0 pearls=0 eyes=0 child=ConstructNetherPortalBucketTask dbg=<Construct Nether Portal> Mining iron for 2nd bucket at lava mobs=none
[02:49:44] [main/INFO] (Minecraft) [CHAT] §2§l§o[TenorClef] §rT2 [NOW] t=7:01.8 ph=PORTAL @243,61,136 do=<Construct Nether Portal> Mining iron for 2nd bucket at lava eq=air woodpick=1 stonepick=1 pick=1 iron=2 buck=1
[02:49:45] [main/INFO] (Minecraft) [CHAT] §2§l§o[TenorClef] §rFailed exploring.
[02:49:45] [main/INFO] (Minecraft) [CHAT] §2§l§o[TenorClef] §rT2 [NOW] t=7:02.8 ph=PORTAL @243,61,136 do=<Construct Nether Portal> Mining iron for 2nd bucket at lava eq=air woodpick=1 stonepick=1 pick=1 iron=2 buck=1
[02:49:46] [main/INFO] (Minecraft) [CHAT] §2§l§o[TenorClef] §rT2 [NOW] t=7:03.8 ph=PORTAL @243,61,136 do=<Construct Nether Portal> Mining iron for 2nd bucket at lava eq=air woodpick=1 stonepick=1 pick=1 iron=2 buck=1
[02:49:47] [main/INFO] (Minecraft) [STDOUT]: ALTO CLEF: WARNING: T2 [E102] spd=0.000 @243,61,136
[02:49:47] [main/INFO] (Minecraft) [CHAT] §2§l§o[TenorClef] §cT2 [E102] spd=0.000 @243,61,136§r
[02:49:47] [main/INFO] (Minecraft) [CHAT] §2§l§o[TenorClef] §rT2 [HIST] 7:04.3 [E102] spd=0.000 @243,61,136
[02:49:47] [main/INFO] (Minecraft) [CHAT] §2§l§o[TenorClef] §rT2 [NOW] t=7:04.8 ph=PORTAL @243,61,136 do=<Construct Nether Portal> Mining iron for 2nd bucket at lava eq=air woodpick=1 stonepick=1 pick=1 iron=2 buck=1
[02:49:48] [main/INFO] (Minecraft) [CHAT] §2§l§o[TenorClef] §rT2 [NOW] t=7:05.8 ph=PORTAL @243,61,136 do=<Construct Nether Portal> Mining iron for 2nd bucket at lava eq=air woodpick=1 stonepick=1 pick=1 iron=2 buck=1
[02:49:48] [main/INFO] (Minecraft) [CHAT] §2§l§o[TenorClef] §rT2 [HIST] 7:05.8 SNAP ph=PORTAL @243,61,136 sky=13 wet=true ground=false pick=1 buck=1 iron=2 ore=2 rods=0 pearls=0 eyes=0 child=ConstructNetherPortalBucketTask dbg=<Construct Nether Portal> Mining iron for 2nd bucket at lava mobs=none
[02:49:49] [main/INFO] (Minecraft) [STDOUT]: ALTO CLEF: WARNING: T2 [S102] escape water spd=0.000
[02:49:49] [main/INFO] (Minecraft) [CHAT] §2§l§o[TenorClef] §cT2 [S102] escape water spd=0.000§r
[02:49:49] [main/INFO] (Minecraft) [CHAT] §2§l§o[TenorClef] §rT2 [HIST] 7:06.2 SOLVE S102 escape water spd=0.000
[02:49:49] [main/INFO] (Minecraft) [CHAT] §2§l§o[TenorClef] §rT2 [NOW] t=7:06.8 ph=PORTAL @243,61,136 do=<Construct Nether Portal> Mining iron for 2nd bucket at lava eq=air woodpick=1 stonepick=1 pick=1 iron=2 buck=1
[02:49:50] [main/INFO] (Minecraft) [CHAT] §2§l§o[TenorClef] §rT2 [NOW] t=7:07.8 ph=PORTAL @243,61,136 do=<Construct Nether Portal> Mining iron for 2nd bucket at lava eq=air woodpick=1 stonepick=1 pick=1 iron=2 buck=1
[02:49:51] [main/INFO] (Minecraft) [CHAT] §2§l§o[TenorClef] §rConstruct: need iron for 2nd bucket (iron=2 empty=0 water=1 lava=0)
[02:49:51] [main/INFO] (Minecraft) [STDOUT]: ALTO CLEF: WARNING: T2 [S160] portal build held the slot 120s without finishing @243,61,136 - pin suspended for 30s so the driver can relocate
[02:49:51] [main/INFO] (Minecraft) [CHAT] §2§l§o[TenorClef] §cT2 [S160] portal build held the slot 120s without finishing @243,61,136 - pin suspended for 30s so the driver can relocate§r
[02:49:51] [main/INFO] (Minecraft) [CHAT] §2§l§o[TenorClef] §rT2 [HIST] 7:08.4 FORCE S160 portal build held the slot 120s without finishing @243,61,136 - pin suspended for 30s so the driver can relocate
[02:49:51] [main/INFO] (Minecraft) [CHAT] §2§l§o[TenorClef] §rT2 [NOW] t=7:08.8 ph=PORTAL @243,61,136 do=<Construct Nether Portal> Mining iron for 2nd bucket at lava eq=air woodpick=1 stonepick=1 pick=1 iron=2 buck=1
[02:49:51] [main/INFO] (Minecraft) [CHAT] §2§l§o[TenorClef] §rT2 [HB] t=7:09.0 ph=PORTAL y=61 child=ConstructNetherPortalBucketTask logs=1 pick=1 woodpick=1
[02:49:52] [main/INFO] (Minecraft) [CHAT] §2§l§o[TenorClef] §rT2 [NOW] t=7:09.8 ph=PORTAL @243,61,136 do=<Construct Nether Portal> Mining iron for 2nd bucket at lava eq=air woodpick=1 stonepick=1 pick=1 iron=2 buck=1
[02:49:53] [main/INFO] (Minecraft) [STDOUT]: ALTO CLEF: WARNING: T2 [E102] spd=0.000 @243,61,136
[02:49:53] [main/INFO] (Minecraft) [CHAT] §2§l§o[TenorClef] §cT2 [E102] spd=0.000 @243,61,136§r
[02:49:53] [main/INFO] (Minecraft) [CHAT] §2§l§o[TenorClef] §rT2 [HIST] 7:10.4 [E102] spd=0.000 @243,61,136
[02:49:53] [main/INFO] (Minecraft) [CHAT] §2§l§o[TenorClef] §rT2 [NOW] t=7:10.8 ph=PORTAL @243,61,136 do=<Construct Nether Portal> Mining iron for 2nd bucket at lava eq=air woodpick=1 stonepick=1 pick=1 iron=2 buck=1
[02:49:53] [main/INFO] (Minecraft) [CHAT] §2§l§o[TenorClef] §rT2 [HIST] 7:10.8 SNAP ph=PORTAL @243,61,136 sky=13 wet=true ground=false pick=1 buck=1 iron=2 ore=2 rods=0 pearls=0 eyes=0 child=ConstructNetherPortalBucketTask dbg=<Construct Nether Portal> Mining iron for 2nd bucket at lava mobs=none
[02:49:54] [main/INFO] (Minecraft) [CHAT] §2§l§o[TenorClef] §rT2 [NOW] t=7:11.8 ph=PORTAL @243,61,136 do=<Construct Nether Portal> Mining iron for 2nd bucket at lava eq=air woodpick=1 stonepick=1 pick=1 iron=2 buck=1
[02:49:55] [main/INFO] (Minecraft) [STDOUT]: ALTO CLEF: WARNING: T2 [S102] escape water spd=0.000
[02:49:55] [main/INFO] (Minecraft) [CHAT] §2§l§o[TenorClef] §cT2 [S102] escape water spd=0.000§r
[02:49:55] [main/INFO] (Minecraft) [CHAT] §2§l§o[TenorClef] §rT2 [HIST] 7:12.2 SOLVE S102 escape water spd=0.000
[02:49:55] [main/INFO] (Minecraft) [CHAT] §2§l§o[TenorClef] §rT2 [NOW] t=7:12.8 ph=PORTAL @243,61,136 do=<Construct Nether Portal> Mining iron for 2nd bucket at lava eq=air woodpick=1 stonepick=1 pick=1 iron=2 buck=1
[02:49:56] [main/INFO] (Minecraft) [CHAT] §2§l§o[TenorClef] §rT2 [NOW] t=7:13.8 ph=PORTAL @243,61,136 do=<Construct Nether Portal> Mining iron for 2nd bucket at lava eq=air woodpick=1 stonepick=1 pick=1 iron=2 buck=1
[02:49:57] [main/INFO] (Minecraft) [CHAT] §2§l§o[TenorClef] §rFailed exploring.
[02:49:57] [main/INFO] (Minecraft) [CHAT] §2§l§o[TenorClef] §rT2 [NOW] t=7:14.8 ph=PORTAL @243,61,136 do=<Construct Nether Portal> Mining iron for 2nd bucket at lava eq=air woodpick=1 stonepick=1 pick=1 iron=2 buck=1
[02:49:57] [main/INFO] (Minecraft) [CHAT] §2§l§o[TenorClef] §rRefreshed inventory...
[02:49:58] [main/INFO] (Minecraft) [CHAT] §2§l§o[TenorClef] §rT2 [NOW] t=7:15.8 ph=PORTAL @243,61,136 do=<Construct Nether Portal> Mining iron for 2nd bucket at lava eq=air woodpick=1 stonepick=1 pick=1 iron=2 buck=1
[02:49:58] [main/INFO] (Minecraft) [CHAT] §2§l§o[TenorClef] §rT2 [HIST] 7:15.8 SNAP ph=PORTAL @243,61,136 sky=13 wet=true ground=false pick=1 buck=1 iron=2 ore=2 rods=0 pearls=0 eyes=0 child=ConstructNetherPortalBucketTask dbg=<Construct Nether Portal> Mining iron for 2nd bucket at lava mobs=none
[02:49:59] [main/INFO] (Minecraft) [STDOUT]: ALTO CLEF: WARNING: T2 [E102] spd=0.000 @243,61,136
[02:49:59] [main/INFO] (Minecraft) [CHAT] §2§l§o[TenorClef] §cT2 [E102] spd=0.000 @243,61,136§r
[02:49:59] [main/INFO] (Minecraft) [CHAT] §2§l§o[TenorClef] §rT2 [HIST] 7:16.4 [E102] spd=0.000 @243,61,136
[02:49:59] [main/INFO] (Minecraft) [CHAT] §2§l§o[TenorClef] §rT2 [NOW] t=7:16.8 ph=PORTAL @243,61,136 do=<Construct Nether Portal> Mining iron for 2nd bucket at lava eq=air woodpick=1 stonepick=1 pick=1 iron=2 buck=1
[02:50:00] [main/INFO] (Minecraft) [CHAT] §2§l§o[TenorClef] §rT2 [NOW] t=7:17.8 ph=PORTAL @243,61,136 do=<Construct Nether Portal> Mining iron for 2nd bucket at lava eq=air woodpick=1 stonepick=1 pick=1 iron=2 buck=1
[02:50:01] [main/INFO] (Minecraft) [STDOUT]: ALTO CLEF: WARNING: T2 [S102] escape water spd=0.000
[02:50:01] [main/INFO] (Minecraft) [CHAT] §2§l§o[TenorClef] §cT2 [S102] escape water spd=0.000§r
[02:50:01] [main/INFO] (Minecraft) [CHAT] §2§l§o[TenorClef] §rT2 [HIST] 7:18.2 SOLVE S102 escape water spd=0.000
[02:50:01] [main/INFO] (Minecraft) [CHAT] §2§l§o[TenorClef] §rT2 [NOW] t=7:18.8 ph=PORTAL @243,61,136 do=<Construct Nether Portal> Mining iron for 2nd bucket at lava eq=air woodpick=1 stonepick=1 pick=1 iron=2 buck=1
[02:50:01] [main/INFO] (Minecraft) [CHAT] §2§l§o[TenorClef] §rT2 [HB] t=7:19.0 ph=PORTAL y=61 child=ConstructNetherPortalBucketTask logs=1 pick=1 woodpick=1
[02:50:02] [main/INFO] (Minecraft) [CHAT] §2§l§o[TenorClef] §rT2 [NOW] t=7:19.8 ph=PORTAL @243,61,136 do=<Construct Nether Portal> Mining iron for 2nd bucket at lava eq=air woodpick=1 stonepick=1 pick=1 iron=2 buck=1
[02:50:03] [main/INFO] (Minecraft) [CHAT] §2§l§o[TenorClef] §rFailed exploring.
[02:50:03] [main/INFO] (Minecraft) [CHAT] §2§l§o[TenorClef] §rT2 [NOW] t=7:20.8 ph=PORTAL @243,61,136 do=<Construct Nether Portal> Mining iron for 2nd bucket at lava eq=air woodpick=1 stonepick=1 pick=1 iron=2 buck=1
[02:50:03] [main/INFO] (Minecraft) [CHAT] §2§l§o[TenorClef] §rT2 [HIST] 7:20.8 SNAP ph=PORTAL @243,61,136 sky=13 wet=true ground=false pick=1 buck=1 iron=2 ore=2 rods=0 pearls=0 eyes=0 child=ConstructNetherPortalBucketTask dbg=<Construct Nether Portal> Mining iron for 2nd bucket at lava mobs=none
[02:50:04] [main/INFO] (Minecraft) [CHAT] §2§l§o[TenorClef] §rT2 [NOW] t=7:21.8 ph=PORTAL @243,61,136 do=<Construct Nether Portal> Mining iron for 2nd bucket at lava eq=air woodpick=1 stonepick=1 pick=1 iron=2 buck=1
[02:50:05] [main/INFO] (Minecraft) [STDOUT]: ALTO CLEF: WARNING: T2 [E102] spd=0.000 @243,61,136
[02:50:05] [main/INFO] (Minecraft) [CHAT] §2§l§o[TenorClef] §cT2 [E102] spd=0.000 @243,61,136§r
[02:50:05] [main/INFO] (Minecraft) [CHAT] §2§l§o[TenorClef] §rT2 [HIST] 7:22.5 [E102] spd=0.000 @243,61,136
[02:50:05] [main/INFO] (Minecraft) [CHAT] §2§l§o[TenorClef] §rT2 [NOW] t=7:22.8 ph=PORTAL @243,61,136 do=<Construct Nether Portal> Mining iron for 2nd bucket at lava eq=air woodpick=1 stonepick=1 pick=1 iron=2 buck=1
[02:50:06] [main/INFO] (Minecraft) [CHAT] §2§l§o[TenorClef] §rT2 [NOW] t=7:23.8 ph=PORTAL @243,61,136 do=<Construct Nether Portal> Mining iron for 2nd bucket at lava eq=air woodpick=1 stonepick=1 pick=1 iron=2 buck=1
[02:50:07] [main/INFO] (Minecraft) [STDOUT]: ALTO CLEF: WARNING: T2 [S102] escape water spd=0.000
[02:50:07] [main/INFO] (Minecraft) [CHAT] §2§l§o[TenorClef] §cT2 [S102] escape water spd=0.000§r
[02:50:07] [main/INFO] (Minecraft) [CHAT] §2§l§o[TenorClef] §rT2 [HIST] 7:24.2 SOLVE S102 escape water spd=0.000
[02:50:07] [main/INFO] (Minecraft) [CHAT] §2§l§o[TenorClef] §rT2 [NOW] t=7:24.8 ph=PORTAL @243,61,136 do=<Construct Nether Portal> Mining iron for 2nd bucket at lava eq=air woodpick=1 stonepick=1 pick=1 iron=2 buck=1
[02:50:08] [main/INFO] (Minecraft) [CHAT] §2§l§o[TenorClef] §rT2 [NOW] t=7:25.8 ph=PORTAL @243,61,136 do=<Construct Nether Portal> Mining iron for 2nd bucket at lava eq=air woodpick=1 stonepick=1 pick=1 iron=2 buck=1
[02:50:08] [main/INFO] (Minecraft) [CHAT] §2§l§o[TenorClef] §rT2 [HIST] 7:25.8 SNAP ph=PORTAL @243,61,136 sky=13 wet=true ground=false pick=1 buck=1 iron=2 ore=2 rods=0 pearls=0 eyes=0 child=ConstructNetherPortalBucketTask dbg=<Construct Nether Portal> Mining iron for 2nd bucket at lava mobs=none
[02:50:09] [main/INFO] (Minecraft) [CHAT] §2§l§o[TenorClef] §rFailed exploring.
[02:50:09] [main/INFO] (Minecraft) [CHAT] §2§l§o[TenorClef] §rT2 [NOW] t=7:26.8 ph=PORTAL @243,61,136 do=<Construct Nether Portal> Mining iron for 2nd bucket at lava eq=air woodpick=1 stonepick=1 pick=1 iron=2 buck=1
[02:50:10] [main/INFO] (Minecraft) [CHAT] §2§l§o[TenorClef] §rT2 [NOW] t=7:27.9 ph=PORTAL @243,61,136 do=<Construct Nether Portal> Mining iron for 2nd bucket at lava eq=air woodpick=1 stonepick=1 pick=1 iron=2 buck=1
[02:50:11] [main/INFO] (Minecraft) [STDOUT]: ALTO CLEF: WARNING: T2 [E102] spd=0.000 @243,61,136
[02:50:11] [main/INFO] (Minecraft) [CHAT] §2§l§o[TenorClef] §cT2 [E102] spd=0.000 @243,61,136§r
[02:50:11] [main/INFO] (Minecraft) [CHAT] §2§l§o[TenorClef] §rT2 [HIST] 7:28.5 [E102] spd=0.000 @243,61,136
[02:50:11] [main/INFO] (Minecraft) [CHAT] §2§l§o[TenorClef] §rT2 [NOW] t=7:28.8 ph=PORTAL @243,61,136 do=<Construct Nether Portal> Mining iron for 2nd bucket at lava eq=air woodpick=1 stonepick=1 pick=1 iron=2 buck=1
[02:50:11] [main/INFO] (Minecraft) [CHAT] §2§l§o[TenorClef] §rT2 [HB] t=7:29.0 ph=PORTAL y=61 child=ConstructNetherPortalBucketTask logs=1 pick=1 woodpick=1
[02:50:12] [main/INFO] (Minecraft) [CHAT] §2§l§o[TenorClef] §rT2 [NOW] t=7:29.8 ph=PORTAL @243,61,136 do=<Construct Nether Portal> Mining iron for 2nd bucket at lava eq=air woodpick=1 stonepick=1 pick=1 iron=2 buck=1
[02:50:13] [main/INFO] (Minecraft) [STDOUT]: ALTO CLEF: WARNING: T2 [S102] escape water spd=0.000
[02:50:13] [main/INFO] (Minecraft) [CHAT] §2§l§o[TenorClef] §cT2 [S102] escape water spd=0.000§r
[02:50:13] [main/INFO] (Minecraft) [CHAT] §2§l§o[TenorClef] §rT2 [HIST] 7:30.2 SOLVE S102 escape water spd=0.000
[02:50:13] [main/INFO] (Minecraft) [CHAT] §2§l§o[TenorClef] §rT2 [NOW] t=7:30.8 ph=PORTAL @243,61,136 do=<Construct Nether Portal> Mining iron for 2nd bucket at lava eq=air woodpick=1 stonepick=1 pick=1 iron=2 buck=1
[02:50:13] [main/INFO] (Minecraft) [CHAT] §2§l§o[TenorClef] §rT2 [HIST] 7:30.8 SNAP ph=PORTAL @243,61,136 sky=13 wet=true ground=false pick=1 buck=1 iron=2 ore=2 rods=0 pearls=0 eyes=0 child=ConstructNetherPortalBucketTask dbg=<Construct Nether Portal> Mining iron for 2nd bucket at lava mobs=none
[02:50:14] [main/INFO] (Minecraft) [CHAT] §2§l§o[TenorClef] §rT2 [NOW] t=7:31.8 ph=PORTAL @243,61,136 do=<Construct Nether Portal> Mining iron for 2nd bucket at lava eq=air woodpick=1 stonepick=1 pick=1 iron=2 buck=1
[02:50:15] [main/INFO] (Minecraft) [CHAT] §2§l§o[TenorClef] §rFailed exploring.
[02:50:15] [main/INFO] (Minecraft) [CHAT] §2§l§o[TenorClef] §rT2 [NOW] t=7:32.8 ph=PORTAL @243,61,136 do=<Construct Nether Portal> Mining iron for 2nd bucket at lava eq=air woodpick=1 stonepick=1 pick=1 iron=2 buck=1
[02:50:16] [main/INFO] (Minecraft) [CHAT] §2§l§o[TenorClef] §rT2 [NOW] t=7:33.8 ph=PORTAL @243,61,136 do=<Construct Nether Portal> Mining iron for 2nd bucket at lava eq=air woodpick=1 stonepick=1 pick=1 iron=2 buck=1
[02:50:17] [main/INFO] (Minecraft) [STDOUT]: ALTO CLEF: WARNING: T2 [E102] spd=0.000 @243,61,136
[02:50:17] [main/INFO] (Minecraft) [CHAT] §2§l§o[TenorClef] §cT2 [E102] spd=0.000 @243,61,136§r
[02:50:17] [main/INFO] (Minecraft) [CHAT] §2§l§o[TenorClef] §rT2 [HIST] 7:34.6 [E102] spd=0.000 @243,61,136
[02:50:17] [main/INFO] (Minecraft) [CHAT] §2§l§o[TenorClef] §rT2 [NOW] t=7:34.8 ph=PORTAL @243,61,136 do=<Construct Nether Portal> Mining iron for 2nd bucket at lava eq=air woodpick=1 stonepick=1 pick=1 iron=2 buck=1
[02:50:18] [main/INFO] (Minecraft) [CHAT] §2§l§o[TenorClef] §rT2 [NOW] t=7:35.8 ph=PORTAL @243,61,136 do=<Construct Nether Portal> Mining iron for 2nd bucket at lava eq=air woodpick=1 stonepick=1 pick=1 iron=2 buck=1
[02:50:18] [main/INFO] (Minecraft) [CHAT] §2§l§o[TenorClef] §rT2 [HIST] 7:35.8 SNAP ph=PORTAL @243,61,136 sky=13 wet=true ground=false pick=1 buck=1 iron=2 ore=2 rods=0 pearls=0 eyes=0 child=ConstructNetherPortalBucketTask dbg=<Construct Nether Portal> Mining iron for 2nd bucket at lava mobs=none
[02:50:18] [main/INFO] (Minecraft) [STDOUT]: ALTO CLEF: WARNING: T2 [E118] ConstructNetherPortalBucketTask 90s no inv change ph=PORTAL
[02:50:18] [main/INFO] (Minecraft) [CHAT] §2§l§o[TenorClef] §cT2 [E118] ConstructNetherPortalBucketTask 90s no inv change ph=PORTAL§r
[02:50:18] [main/INFO] (Minecraft) [CHAT] §2§l§o[TenorClef] §rT2 [HIST] 7:36.0 [E118] ConstructNetherPortalBucketTask 90s no inv change ph=PORTAL
[02:50:19] [main/INFO] (Minecraft) [STDOUT]: ALTO CLEF: WARNING: T2 [S102] escape water spd=0.000
[02:50:19] [main/INFO] (Minecraft) [CHAT] §2§l§o[TenorClef] §cT2 [S102] escape water spd=0.000§r
[02:50:19] [main/INFO] (Minecraft) [CHAT] §2§l§o[TenorClef] §rT2 [HIST] 7:36.2 SOLVE S102 escape water spd=0.000
[02:50:19] [main/INFO] (Minecraft) [CHAT] §2§l§o[TenorClef] §rT2 [NOW] t=7:36.8 ph=PORTAL @243,61,136 do=<Construct Nether Portal> Mining iron for 2nd bucket at lava eq=air woodpick=1 stonepick=1 pick=1 iron=2 buck=1
[02:50:20] [main/INFO] (Minecraft) [CHAT] §2§l§o[TenorClef] §rT2 [NOW] t=7:37.8 ph=PORTAL @243,61,136 do=<Construct Nether Portal> Mining iron for 2nd bucket at lava eq=air woodpick=1 stonepick=1 pick=1 iron=2 buck=1
[02:50:21] [main/INFO] (Minecraft) [CHAT] §2§l§o[TenorClef] §rConstruct: need iron for 2nd bucket (iron=2 empty=0 water=1 lava=0)
[02:50:21] [main/INFO] (Minecraft) [STDOUT]: ALTO CLEF: WARNING: T2 [S160] portal build held the slot 120s without finishing @243,61,136 - pin suspended for 30s so the driver can relocate
[02:50:21] [main/INFO] (Minecraft) [CHAT] §2§l§o[TenorClef] §cT2 [S160] portal build held the slot 120s without finishing @243,61,136 - pin suspended for 30s so the driver can relocate§r
[02:50:21] [main/INFO] (Minecraft) [CHAT] §2§l§o[TenorClef] §rT2 [HIST] 7:38.5 FORCE S160 portal build held the slot 120s without finishing @243,61,136 - pin suspended for 30s so the driver can relocate
[02:50:21] [main/INFO] (Minecraft) [CHAT] §2§l§o[TenorClef] §rT2 [NOW] t=7:38.8 ph=PORTAL @243,61,136 do=<Construct Nether Portal> Mining iron for 2nd bucket at lava eq=air woodpick=1 stonepick=1 pick=1 iron=2 buck=1
[02:50:21] [main/INFO] (Minecraft) [CHAT] §2§l§o[TenorClef] §rT2 [HB] t=7:39.0 ph=PORTAL y=61 child=ConstructNetherPortalBucketTask logs=1 pick=1 woodpick=1
[02:50:22] [main/INFO] (Minecraft) [CHAT] §2§l§o[TenorClef] §rT2 [NOW] t=7:39.8 ph=PORTAL @243,61,136 do=<Construct Nether Portal> Mining iron for 2nd bucket at lava eq=air woodpick=1 stonepick=1 pick=1 iron=2 buck=1
[02:50:23] [main/INFO] (Minecraft) [STDOUT]: ALTO CLEF: WARNING: T2 [E102] spd=0.000 @243,61,136
[02:50:23] [main/INFO] (Minecraft) [CHAT] §2§l§o[TenorClef] §cT2 [E102] spd=0.000 @243,61,136§r
[02:50:23] [main/INFO] (Minecraft) [CHAT] §2§l§o[TenorClef] §rT2 [HIST] 7:40.6 [E102] spd=0.000 @243,61,136
[02:50:23] [main/INFO] (Minecraft) [CHAT] §2§l§o[TenorClef] §rT2 [NOW] t=7:40.8 ph=PORTAL @243,61,136 do=<Construct Nether Portal> Mining iron for 2nd bucket at lava eq=air woodpick=1 stonepick=1 pick=1 iron=2 buck=1
[02:50:23] [main/INFO] (Minecraft) [CHAT] §2§l§o[TenorClef] §rT2 [HIST] 7:40.8 SNAP ph=PORTAL @243,61,136 sky=13 wet=true ground=false pick=1 buck=1 iron=2 ore=2 rods=0 pearls=0 eyes=0 child=ConstructNetherPortalBucketTask dbg=<Construct Nether Portal> Mining iron for 2nd bucket at lava mobs=none
[02:50:24] [main/INFO] (Minecraft) [CHAT] §2§l§o[TenorClef] §rT2 [NOW] t=7:41.8 ph=PORTAL @243,61,136 do=<Construct Nether Portal> Mining iron for 2nd bucket at lava eq=air woodpick=1 stonepick=1 pick=1 iron=2 buck=1
[02:50:25] [main/INFO] (Minecraft) [STDOUT]: ALTO CLEF: WARNING: T2 [S102] escape water spd=0.000
[02:50:25] [main/INFO] (Minecraft) [CHAT] §2§l§o[TenorClef] §cT2 [S102] escape water spd=0.000§r
[02:50:25] [main/INFO] (Minecraft) [CHAT] §2§l§o[TenorClef] §rT2 [HIST] 7:42.2 SOLVE S102 escape water spd=0.000
[02:50:25] [main/INFO] (Minecraft) [CHAT] §2§l§o[TenorClef] §rT2 [NOW] t=7:42.8 ph=PORTAL @243,61,136 do=<Construct Nether Portal> Mining iron for 2nd bucket at lava eq=air woodpick=1 stonepick=1 pick=1 iron=2 buck=1
[02:50:26] [main/INFO] (Minecraft) [CHAT] §2§l§o[TenorClef] §rT2 [NOW] t=7:43.8 ph=PORTAL @243,61,136 do=<Construct Nether Portal> Mining iron for 2nd bucket at lava eq=air woodpick=1 stonepick=1 pick=1 iron=2 buck=1
[02:50:27] [main/INFO] (Minecraft) [CHAT] §2§l§o[TenorClef] §rFailed exploring.
[02:50:27] [main/INFO] (Minecraft) [CHAT] §2§l§o[TenorClef] §rT2 [NOW] t=7:44.8 ph=PORTAL @243,61,136 do=<Construct Nether Portal> Mining iron for 2nd bucket at lava eq=air woodpick=1 stonepick=1 pick=1 iron=2 buck=1
[02:50:27] [main/INFO] (Minecraft) [CHAT] §2§l§o[TenorClef] §rRefreshed inventory...
[02:50:28] [main/INFO] (Minecraft) [CHAT] §2§l§o[TenorClef] §rT2 [NOW] t=7:45.8 ph=PORTAL @243,61,136 do=<Construct Nether Portal> Mining iron for 2nd bucket at lava eq=air woodpick=1 stonepick=1 pick=1 iron=2 buck=1
[02:50:28] [main/INFO] (Minecraft) [CHAT] §2§l§o[TenorClef] §rT2 [HIST] 7:45.8 SNAP ph=PORTAL @243,61,136 sky=13 wet=true ground=false pick=1 buck=1 iron=2 ore=2 rods=0 pearls=0 eyes=0 child=ConstructNetherPortalBucketTask dbg=<Construct Nether Portal> Mining iron for 2nd bucket at lava mobs=none
[02:50:29] [main/INFO] (Minecraft) [STDOUT]: ALTO CLEF: WARNING: T2 [E102] spd=0.000 @243,61,136
[02:50:29] [main/INFO] (Minecraft) [CHAT] §2§l§o[TenorClef] §cT2 [E102] spd=0.000 @243,61,136§r
[02:50:29] [main/INFO] (Minecraft) [CHAT] §2§l§o[TenorClef] §rT2 [HIST] 7:46.7 [E102] spd=0.000 @243,61,136
[02:50:29] [main/INFO] (Minecraft) [CHAT] §2§l§o[TenorClef] §rT2 [NOW] t=7:46.8 ph=PORTAL @243,61,136 do=<Construct Nether Portal> Mining iron for 2nd bucket at lava eq=air woodpick=1 stonepick=1 pick=1 iron=2 buck=1
[02:50:30] [main/INFO] (Minecraft) [CHAT] §2§l§o[TenorClef] §rT2 [NOW] t=7:47.8 ph=PORTAL @243,61,136 do=<Construct Nether Portal> Mining iron for 2nd bucket at lava eq=air woodpick=1 stonepick=1 pick=1 iron=2 buck=1
[02:50:31] [main/INFO] (Minecraft) [STDOUT]: ALTO CLEF: WARNING: T2 [S102] escape water spd=0.000
[02:50:31] [main/INFO] (Minecraft) [CHAT] §2§l§o[TenorClef] §cT2 [S102] escape water spd=0.000§r
[02:50:31] [main/INFO] (Minecraft) [CHAT] §2§l§o[TenorClef] §rT2 [HIST] 7:48.2 SOLVE S102 escape water spd=0.000
[02:50:31] [main/INFO] (Minecraft) [CHAT] §2§l§o[TenorClef] §rT2 [NOW] t=7:48.8 ph=PORTAL @243,61,136 do=<Construct Nether Portal> Mining iron for 2nd bucket at lava eq=air woodpick=1 stonepick=1 pick=1 iron=2 buck=1
[02:50:31] [main/INFO] (Minecraft) [CHAT] §2§l§o[TenorClef] §rT2 [HB] t=7:49.0 ph=PORTAL y=61 child=ConstructNetherPortalBucketTask logs=1 pick=1 woodpick=1
[02:50:32] [main/INFO] (Minecraft) [CHAT] §2§l§o[TenorClef] §rT2 [NOW] t=7:49.8 ph=PORTAL @243,61,136 do=<Construct Nether Portal> Mining iron for 2nd bucket at lava eq=air woodpick=1 stonepick=1 pick=1 iron=2 buck=1
[02:50:33] [main/INFO] (Minecraft) [CHAT] §2§l§o[TenorClef] §rFailed exploring.
[02:50:33] [main/INFO] (Minecraft) [CHAT] §2§l§o[TenorClef] §rT2 [NOW] t=7:50.8 ph=PORTAL @243,61,136 do=<Construct Nether Portal> Mining iron for 2nd bucket at lava eq=air woodpick=1 stonepick=1 pick=1 iron=2 buck=1
[02:50:33] [main/INFO] (Minecraft) [CHAT] §2§l§o[TenorClef] §rT2 [HIST] 7:50.8 SNAP ph=PORTAL @243,61,136 sky=13 wet=true ground=false pick=1 buck=1 iron=2 ore=2 rods=0 pearls=0 eyes=0 child=ConstructNetherPortalBucketTask dbg=<Construct Nether Portal> Mining iron for 2nd bucket at lava mobs=none
[02:50:34] [main/INFO] (Minecraft) [CHAT] §2§l§o[TenorClef] §rT2 [NOW] t=7:51.8 ph=PORTAL @243,61,136 do=<Construct Nether Portal> Mining iron for 2nd bucket at lava eq=air woodpick=1 stonepick=1 pick=1 iron=2 buck=1
[02:50:35] [main/INFO] (Minecraft) [STDOUT]: ALTO CLEF: WARNING: T2 [E102] spd=0.000 @243,61,136
[02:50:35] [main/INFO] (Minecraft) [CHAT] §2§l§o[TenorClef] §cT2 [E102] spd=0.000 @243,61,136§r
[02:50:35] [main/INFO] (Minecraft) [CHAT] §2§l§o[TenorClef] §rT2 [HIST] 7:52.7 [E102] spd=0.000 @243,61,136
[02:50:35] [main/INFO] (Minecraft) [CHAT] §2§l§o[TenorClef] §rT2 [NOW] t=7:52.8 ph=PORTAL @243,61,136 do=<Construct Nether Portal> Mining iron for 2nd bucket at lava eq=air woodpick=1 stonepick=1 pick=1 iron=2 buck=1
[02:50:36] [main/INFO] (Minecraft) [CHAT] §2§l§o[TenorClef] §rT2 [NOW] t=7:53.8 ph=PORTAL @243,61,136 do=<Construct Nether Portal> Mining iron for 2nd bucket at lava eq=air woodpick=1 stonepick=1 pick=1 iron=2 buck=1
[02:50:37] [main/INFO] (Minecraft) [STDOUT]: ALTO CLEF: WARNING: T2 [S102] escape water spd=0.000
[02:50:37] [main/INFO] (Minecraft) [CHAT] §2§l§o[TenorClef] §cT2 [S102] escape water spd=0.000§r
[02:50:37] [main/INFO] (Minecraft) [CHAT] §2§l§o[TenorClef] §rT2 [HIST] 7:54.2 SOLVE S102 escape water spd=0.000
[02:50:37] [main/INFO] (Minecraft) [CHAT] §2§l§o[TenorClef] §rT2 [NOW] t=7:54.8 ph=PORTAL @243,61,136 do=<Construct Nether Portal> Mining iron for 2nd bucket at lava eq=air woodpick=1 stonepick=1 pick=1 iron=2 buck=1
[02:50:38] [main/INFO] (Minecraft) [CHAT] §2§l§o[TenorClef] §rT2 [NOW] t=7:55.8 ph=PORTAL @243,61,136 do=<Construct Nether Portal> Mining iron for 2nd bucket at lava eq=air woodpick=1 stonepick=1 pick=1 iron=2 buck=1
[02:50:38] [main/INFO] (Minecraft) [CHAT] §2§l§o[TenorClef] §rT2 [HIST] 7:55.8 SNAP ph=PORTAL @243,61,136 sky=13 wet=true ground=false pick=1 buck=1 iron=2 ore=2 rods=0 pearls=0 eyes=0 child=ConstructNetherPortalBucketTask dbg=<Construct Nether Portal> Mining iron for 2nd bucket at lava mobs=none
[02:50:39] [main/INFO] (Minecraft) [CHAT] §2§l§o[TenorClef] §rFailed exploring.
[02:50:39] [main/INFO] (Minecraft) [CHAT] §2§l§o[TenorClef] §rT2 [NOW] t=7:56.8 ph=PORTAL @243,61,136 do=<Construct Nether Portal> Mining iron for 2nd bucket at lava eq=air woodpick=1 stonepick=1 pick=1 iron=2 buck=1
[02:50:40] [main/INFO] (Minecraft) [CHAT] §2§l§o[TenorClef] §rT2 [NOW] t=7:57.8 ph=PORTAL @243,61,136 do=<Construct Nether Portal> Mining iron for 2nd bucket at lava eq=air woodpick=1 stonepick=1 pick=1 iron=2 buck=1
[02:50:41] [main/INFO] (Minecraft) [STDOUT]: ALTO CLEF: WARNING: T2 [E102] spd=0.000 @243,61,136
[02:50:41] [main/INFO] (Minecraft) [CHAT] §2§l§o[TenorClef] §cT2 [E102] spd=0.000 @243,61,136§r
[02:50:41] [main/INFO] (Minecraft) [CHAT] §2§l§o[TenorClef] §rT2 [HIST] 7:58.8 [E102] spd=0.000 @243,61,136
[02:50:41] [main/INFO] (Minecraft) [CHAT] §2§l§o[TenorClef] §rT2 [NOW] t=7:58.8 ph=PORTAL @243,61,136 do=<Construct Nether Portal> Mining iron for 2nd bucket at lava eq=air woodpick=1 stonepick=1 pick=1 iron=2 buck=1
[02:50:41] [main/INFO] (Minecraft) [CHAT] §2§l§o[TenorClef] §rT2 [HB] t=7:59.0 ph=PORTAL y=61 child=ConstructNetherPortalBucketTask logs=1 pick=1 woodpick=1
[02:50:42] [main/INFO] (Minecraft) [CHAT] §2§l§o[TenorClef] §rT2 [NOW] t=7:59.8 ph=PORTAL @243,61,136 do=<Construct Nether Portal> Mining iron for 2nd bucket at lava eq=air woodpick=1 stonepick=1 pick=1 iron=2 buck=1
[02:50:43] [main/INFO] (Minecraft) [STDOUT]: ALTO CLEF: WARNING: T2 [S102] escape water spd=0.000
[02:50:43] [main/INFO] (Minecraft) [CHAT] §2§l§o[TenorClef] §cT2 [S102] escape water spd=0.000§r
[02:50:43] [main/INFO] (Minecraft) [CHAT] §2§l§o[TenorClef] §rT2 [HIST] 8:00.2 SOLVE S102 escape water spd=0.000
[02:50:43] [main/INFO] (Minecraft) [CHAT] §2§l§o[TenorClef] §rT2 [NOW] t=8:00.8 ph=PORTAL @243,61,136 do=<Construct Nether Portal> Mining iron for 2nd bucket at lava eq=air woodpick=1 stonepick=1 pick=1 iron=2 buck=1
[02:50:43] [main/INFO] (Minecraft) [CHAT] §2§l§o[TenorClef] §rT2 [HIST] 8:00.8 SNAP ph=PORTAL @243,61,136 sky=13 wet=true ground=false pick=1 buck=1 iron=2 ore=2 rods=0 pearls=0 eyes=0 child=ConstructNetherPortalBucketTask dbg=<Construct Nether Portal> Mining iron for 2nd bucket at lava mobs=none
[02:50:44] [main/INFO] (Minecraft) [CHAT] §2§l§o[TenorClef] §rT2 [NOW] t=8:01.8 ph=PORTAL @243,61,136 do=<Construct Nether Portal> Mining iron for 2nd bucket at lava eq=air woodpick=1 stonepick=1 pick=1 iron=2 buck=1
[02:50:45] [main/INFO] (Minecraft) [CHAT] §2§l§o[TenorClef] §rFailed exploring.
[02:50:45] [main/INFO] (Minecraft) [CHAT] §2§l§o[TenorClef] §rT2 [NOW] t=8:02.8 ph=PORTAL @243,61,136 do=<Construct Nether Portal> Mining iron for 2nd bucket at lava eq=air woodpick=1 stonepick=1 pick=1 iron=2 buck=1
[02:50:46] [main/INFO] (Minecraft) [CHAT] §2§l§o[TenorClef] §rT2 [NOW] t=8:03.8 ph=PORTAL @243,61,136 do=<Construct Nether Portal> Mining iron for 2nd bucket at lava eq=air woodpick=1 stonepick=1 pick=1 iron=2 buck=1
[02:50:47] [main/INFO] (Minecraft) [CHAT] §2§l§o[TenorClef] §rT2 [NOW] t=8:04.8 ph=PORTAL @243,61,136 do=<Construct Nether Portal> Mining iron for 2nd bucket at lava eq=air woodpick=1 stonepick=1 pick=1 iron=2 buck=1
[02:50:47] [main/INFO] (Minecraft) [STDOUT]: ALTO CLEF: WARNING: T2 [E102] spd=0.000 @243,61,136
[02:50:47] [main/INFO] (Minecraft) [CHAT] §2§l§o[TenorClef] §cT2 [E102] spd=0.000 @243,61,136§r
[02:50:47] [main/INFO] (Minecraft) [CHAT] §2§l§o[TenorClef] §rT2 [HIST] 8:04.8 [E102] spd=0.000 @243,61,136
[02:50:48] [main/INFO] (Minecraft) [CHAT] §2§l§o[TenorClef] §rT2 [NOW] t=8:05.8 ph=PORTAL @243,61,136 do=<Construct Nether Portal> Mining iron for 2nd bucket at lava eq=air woodpick=1 stonepick=1 pick=1 iron=2 buck=1
[02:50:48] [main/INFO] (Minecraft) [CHAT] §2§l§o[TenorClef] §rT2 [HIST] 8:05.8 SNAP ph=PORTAL @243,61,136 sky=13 wet=true ground=false pick=1 buck=1 iron=2 ore=2 rods=0 pearls=0 eyes=0 child=ConstructNetherPortalBucketTask dbg=<Construct Nether Portal> Mining iron for 2nd bucket at lava mobs=none
[02:50:49] [main/INFO] (Minecraft) [STDOUT]: ALTO CLEF: WARNING: T2 [S102] escape water spd=0.000
[02:50:49] [main/INFO] (Minecraft) [CHAT] §2§l§o[TenorClef] §cT2 [S102] escape water spd=0.000§r
[02:50:49] [main/INFO] (Minecraft) [CHAT] §2§l§o[TenorClef] §rT2 [HIST] 8:06.2 SOLVE S102 escape water spd=0.000
[02:50:49] [main/INFO] (Minecraft) [CHAT] §2§l§o[TenorClef] §rT2 [NOW] t=8:06.8 ph=PORTAL @243,61,136 do=<Construct Nether Portal> Mining iron for 2nd bucket at lava eq=air woodpick=1 stonepick=1 pick=1 iron=2 buck=1
[02:50:50] [main/INFO] (Minecraft) [CHAT] §2§l§o[TenorClef] §rT2 [NOW] t=8:07.8 ph=PORTAL @243,61,136 do=<Construct Nether Portal> Mining iron for 2nd bucket at lava eq=air woodpick=1 stonepick=1 pick=1 iron=2 buck=1
[02:50:51] [main/INFO] (Minecraft) [CHAT] §2§l§o[TenorClef] §rConstruct: need iron for 2nd bucket (iron=2 empty=0 water=1 lava=0)
[02:50:51] [main/INFO] (Minecraft) [STDOUT]: ALTO CLEF: WARNING: T2 [S160] portal build held the slot 120s without finishing @243,61,136 - pin suspended for 30s so the driver can relocate
[02:50:51] [main/INFO] (Minecraft) [CHAT] §2§l§o[TenorClef] §cT2 [S160] portal build held the slot 120s without finishing @243,61,136 - pin suspended for 30s so the driver can relocate§r
[02:50:51] [main/INFO] (Minecraft) [CHAT] §2§l§o[TenorClef] §rT2 [HIST] 8:08.5 FORCE S160 portal build held the slot 120s without finishing @243,61,136 - pin suspended for 30s so the driver can relocate
[02:50:51] [main/INFO] (Minecraft) [CHAT] §2§l§o[TenorClef] §rT2 [NOW] t=8:08.8 ph=PORTAL @243,61,136 do=<Construct Nether Portal> Mining iron for 2nd bucket at lava eq=air woodpick=1 stonepick=1 pick=1 iron=2 buck=1
[02:50:51] [main/INFO] (Minecraft) [CHAT] §2§l§o[TenorClef] §rT2 [HB] t=8:09.0 ph=PORTAL y=61 child=ConstructNetherPortalBucketTask logs=1 pick=1 woodpick=1
[02:50:52] [main/INFO] (Minecraft) [CHAT] §2§l§o[TenorClef] §rT2 [NOW] t=8:09.8 ph=PORTAL @243,61,136 do=<Construct Nether Portal> Mining iron for 2nd bucket at lava eq=air woodpick=1 stonepick=1 pick=1 iron=2 buck=1
[02:50:53] [main/INFO] (Minecraft) [CHAT] §2§l§o[TenorClef] §rT2 [NOW] t=8:10.8 ph=PORTAL @243,61,136 do=<Construct Nether Portal> Mining iron for 2nd bucket at lava eq=air woodpick=1 stonepick=1 pick=1 iron=2 buck=1
[02:50:53] [main/INFO] (Minecraft) [CHAT] §2§l§o[TenorClef] §rT2 [HIST] 8:10.8 SNAP ph=PORTAL @243,61,136 sky=13 wet=true ground=false pick=1 buck=1 iron=2 ore=2 rods=0 pearls=0 eyes=0 child=ConstructNetherPortalBucketTask dbg=<Construct Nether Portal> Mining iron for 2nd bucket at lava mobs=none
[02:50:53] [main/INFO] (Minecraft) [STDOUT]: ALTO CLEF: WARNING: T2 [E102] spd=0.000 @243,61,136
[02:50:53] [main/INFO] (Minecraft) [CHAT] §2§l§o[TenorClef] §cT2 [E102] spd=0.000 @243,61,136§r
[02:50:53] [main/INFO] (Minecraft) [CHAT] §2§l§o[TenorClef] §rT2 [HIST] 8:10.9 [E102] spd=0.000 @243,61,136
[02:50:54] [main/INFO] (Minecraft) [CHAT] §2§l§o[TenorClef] §rT2 [NOW] t=8:11.8 ph=PORTAL @243,61,136 do=<Construct Nether Portal> Mining iron for 2nd bucket at lava eq=air woodpick=1 stonepick=1 pick=1 iron=2 buck=1
[02:50:55] [main/INFO] (Minecraft) [STDOUT]: ALTO CLEF: WARNING: T2 [S102] escape water spd=0.000
[02:50:55] [main/INFO] (Minecraft) [CHAT] §2§l§o[TenorClef] §cT2 [S102] escape water spd=0.000§r
[02:50:55] [main/INFO] (Minecraft) [CHAT] §2§l§o[TenorClef] §rT2 [HIST] 8:12.2 SOLVE S102 escape water spd=0.000
[02:50:55] [main/INFO] (Minecraft) [CHAT] §2§l§o[TenorClef] §rT2 [NOW] t=8:12.8 ph=PORTAL @243,61,136 do=<Construct Nether Portal> Mining iron for 2nd bucket at lava eq=air woodpick=1 stonepick=1 pick=1 iron=2 buck=1
[02:50:56] [main/INFO] (Minecraft) [CHAT] §2§l§o[TenorClef] §rT2 [NOW] t=8:13.8 ph=PORTAL @243,61,136 do=<Construct Nether Portal> Mining iron for 2nd bucket at lava eq=air woodpick=1 stonepick=1 pick=1 iron=2 buck=1
[02:50:57] [main/INFO] (Minecraft) [CHAT] §2§l§o[TenorClef] §rFailed exploring.
[02:50:57] [main/INFO] (Minecraft) [CHAT] §2§l§o[TenorClef] §rT2 [NOW] t=8:14.8 ph=PORTAL @243,61,136 do=<Construct Nether Portal> Mining iron for 2nd bucket at lava eq=air woodpick=1 stonepick=1 pick=1 iron=2 buck=1
[02:50:58] [main/INFO] (Minecraft) [CHAT] §2§l§o[TenorClef] §rRefreshed inventory...
[02:50:58] [main/INFO] (Minecraft) [CHAT] §2§l§o[TenorClef] §rT2 [NOW] t=8:15.8 ph=PORTAL @243,61,136 do=<Construct Nether Portal> Mining iron for 2nd bucket at lava eq=air woodpick=1 stonepick=1 pick=1 iron=2 buck=1
[02:50:58] [main/INFO] (Minecraft) [CHAT] §2§l§o[TenorClef] §rT2 [HIST] 8:15.8 SNAP ph=PORTAL @243,61,136 sky=13 wet=true ground=false pick=1 buck=1 iron=2 ore=2 rods=0 pearls=0 eyes=0 child=ConstructNetherPortalBucketTask dbg=<Construct Nether Portal> Mining iron for 2nd bucket at lava mobs=none
[02:50:59] [main/INFO] (Minecraft) [CHAT] §2§l§o[TenorClef] §rT2 [NOW] t=8:16.8 ph=PORTAL @243,61,136 do=<Construct Nether Portal> Mining iron for 2nd bucket at lava eq=air woodpick=1 stonepick=1 pick=1 iron=2 buck=1
[02:50:59] [main/INFO] (Minecraft) [STDOUT]: ALTO CLEF: WARNING: T2 [E102] spd=0.000 @243,61,136
[02:50:59] [main/INFO] (Minecraft) [CHAT] §2§l§o[TenorClef] §cT2 [E102] spd=0.000 @243,61,136§r
[02:50:59] [main/INFO] (Minecraft) [CHAT] §2§l§o[TenorClef] §rT2 [HIST] 8:16.9 [E102] spd=0.000 @243,61,136
[02:51:00] [main/INFO] (Minecraft) [CHAT] §2§l§o[TenorClef] §rT2 [NOW] t=8:17.8 ph=PORTAL @243,61,136 do=<Construct Nether Portal> Mining iron for 2nd bucket at lava eq=air woodpick=1 stonepick=1 pick=1 iron=2 buck=1
[02:51:01] [main/INFO] (Minecraft) [STDOUT]: ALTO CLEF: WARNING: T2 [S102] escape water spd=0.000
[02:51:01] [main/INFO] (Minecraft) [CHAT] §2§l§o[TenorClef] §cT2 [S102] escape water spd=0.000§r
[02:51:01] [main/INFO] (Minecraft) [CHAT] §2§l§o[TenorClef] §rT2 [HIST] 8:18.2 SOLVE S102 escape water spd=0.000
[02:51:01] [main/INFO] (Minecraft) [CHAT] §2§l§o[TenorClef] §rT2 [NOW] t=8:18.8 ph=PORTAL @243,61,136 do=<Construct Nether Portal> Mining iron for 2nd bucket at lava eq=air woodpick=1 stonepick=1 pick=1 iron=2 buck=1
[02:51:01] [main/INFO] (Minecraft) [CHAT] §2§l§o[TenorClef] §rT2 [HB] t=8:19.0 ph=PORTAL y=61 child=ConstructNetherPortalBucketTask logs=1 pick=1 woodpick=1
[02:51:02] [main/INFO] (Minecraft) [CHAT] §2§l§o[TenorClef] §rT2 [NOW] t=8:19.8 ph=PORTAL @243,61,136 do=<Construct Nether Portal> Mining iron for 2nd bucket at lava eq=air woodpick=1 stonepick=1 pick=1 iron=2 buck=1
[02:51:03] [main/INFO] (Minecraft) [CHAT] §2§l§o[TenorClef] §rFailed exploring.
[02:51:03] [main/INFO] (Minecraft) [CHAT] §2§l§o[TenorClef] §rT2 [NOW] t=8:20.8 ph=PORTAL @243,61,136 do=<Construct Nether Portal> Mining iron for 2nd bucket at lava eq=air woodpick=1 stonepick=1 pick=1 iron=2 buck=1
[02:51:03] [main/INFO] (Minecraft) [CHAT] §2§l§o[TenorClef] §rT2 [HIST] 8:20.8 SNAP ph=PORTAL @243,61,136 sky=13 wet=true ground=false pick=1 buck=1 iron=2 ore=2 rods=0 pearls=0 eyes=0 child=ConstructNetherPortalBucketTask dbg=<Construct Nether Portal> Mining iron for 2nd bucket at lava mobs=none
[02:51:04] [main/INFO] (Minecraft) [CHAT] §2§l§o[TenorClef] §rT2 [NOW] t=8:21.8 ph=PORTAL @243,61,136 do=<Construct Nether Portal> Mining iron for 2nd bucket at lava eq=air woodpick=1 stonepick=1 pick=1 iron=2 buck=1
[02:51:05] [main/INFO] (Minecraft) [CHAT] §2§l§o[TenorClef] §rT2 [NOW] t=8:22.8 ph=PORTAL @243,61,136 do=<Construct Nether Portal> Mining iron for 2nd bucket at lava eq=air woodpick=1 stonepick=1 pick=1 iron=2 buck=1
[02:51:05] [main/INFO] (Minecraft) [STDOUT]: ALTO CLEF: WARNING: T2 [E102] spd=0.000 @243,61,136
[02:51:05] [main/INFO] (Minecraft) [CHAT] §2§l§o[TenorClef] §cT2 [E102] spd=0.000 @243,61,136§r
[02:51:05] [main/INFO] (Minecraft) [CHAT] §2§l§o[TenorClef] §rT2 [HIST] 8:23.0 [E102] spd=0.000 @243,61,136
[02:51:06] [main/INFO] (Minecraft) [CHAT] §2§l§o[TenorClef] §rT2 [NOW] t=8:23.8 ph=PORTAL @243,61,136 do=<Construct Nether Portal> Mining iron for 2nd bucket at lava eq=air woodpick=1 stonepick=1 pick=1 iron=2 buck=1
[02:51:07] [main/INFO] (Minecraft) [STDOUT]: ALTO CLEF: WARNING: T2 [S102] escape water spd=0.000
[02:51:07] [main/INFO] (Minecraft) [CHAT] §2§l§o[TenorClef] §cT2 [S102] escape water spd=0.000§r
[02:51:07] [main/INFO] (Minecraft) [CHAT] §2§l§o[TenorClef] §rT2 [HIST] 8:24.2 SOLVE S102 escape water spd=0.000
[02:51:07] [main/INFO] (Minecraft) [CHAT] §2§l§o[TenorClef] §rT2 [NOW] t=8:24.8 ph=PORTAL @243,61,136 do=<Construct Nether Portal> Mining iron for 2nd bucket at lava eq=air woodpick=1 stonepick=1 pick=1 iron=2 buck=1
[02:51:08] [main/INFO] (Minecraft) [CHAT] §2§l§o[TenorClef] §rT2 [NOW] t=8:25.8 ph=PORTAL @243,61,136 do=<Construct Nether Portal> Mining iron for 2nd bucket at lava eq=air woodpick=1 stonepick=1 pick=1 iron=2 buck=1
[02:51:08] [main/INFO] (Minecraft) [CHAT] §2§l§o[TenorClef] §rT2 [HIST] 8:25.8 SNAP ph=PORTAL @243,61,136 sky=13 wet=true ground=false pick=1 buck=1 iron=2 ore=2 rods=0 pearls=0 eyes=0 child=ConstructNetherPortalBucketTask dbg=<Construct Nether Portal> Mining iron for 2nd bucket at lava mobs=none
[02:51:09] [main/INFO] (Minecraft) [CHAT] §2§l§o[TenorClef] §rFailed exploring.
[02:51:09] [main/INFO] (Minecraft) [CHAT] §2§l§o[TenorClef] §rT2 [NOW] t=8:26.8 ph=PORTAL @243,61,136 do=<Construct Nether Portal> Mining iron for 2nd bucket at lava eq=air woodpick=1 stonepick=1 pick=1 iron=2 buck=1
[02:51:10] [main/INFO] (Minecraft) [CHAT] §2§l§o[TenorClef] §rT2 [NOW] t=8:27.8 ph=PORTAL @243,61,136 do=<Construct Nether Portal> Mining iron for 2nd bucket at lava eq=air woodpick=1 stonepick=1 pick=1 iron=2 buck=1
[02:51:11] [main/INFO] (Minecraft) [CHAT] §2§l§o[TenorClef] §rT2 [NOW] t=8:28.8 ph=PORTAL @243,61,136 do=<Construct Nether Portal> Mining iron for 2nd bucket at lava eq=air woodpick=1 stonepick=1 pick=1 iron=2 buck=1
[02:51:11] [main/INFO] (Minecraft) [CHAT] §2§l§o[TenorClef] §rT2 [HB] t=8:29.0 ph=PORTAL y=61 child=ConstructNetherPortalBucketTask logs=1 pick=1 woodpick=1
[02:51:11] [main/INFO] (Minecraft) [STDOUT]: ALTO CLEF: WARNING: T2 [E102] spd=0.000 @243,61,136
[02:51:11] [main/INFO] (Minecraft) [CHAT] §2§l§o[TenorClef] §cT2 [E102] spd=0.000 @243,61,136§r
[02:51:11] [main/INFO] (Minecraft) [CHAT] §2§l§o[TenorClef] §rT2 [HIST] 8:29.0 [E102] spd=0.000 @243,61,136
[02:51:12] [main/INFO] (Minecraft) [CHAT] §2§l§o[TenorClef] §rT2 [NOW] t=8:29.8 ph=PORTAL @243,61,136 do=<Construct Nether Portal> Mining iron for 2nd bucket at lava eq=air woodpick=1 stonepick=1 pick=1 iron=2 buck=1
[02:51:13] [main/INFO] (Minecraft) [STDOUT]: ALTO CLEF: WARNING: T2 [S102] escape water spd=0.000
[02:51:13] [main/INFO] (Minecraft) [CHAT] §2§l§o[TenorClef] §cT2 [S102] escape water spd=0.000§r
[02:51:13] [main/INFO] (Minecraft) [CHAT] §2§l§o[TenorClef] §rT2 [HIST] 8:30.2 SOLVE S102 escape water spd=0.000
[02:51:13] [main/INFO] (Minecraft) [CHAT] §2§l§o[TenorClef] §rT2 [NOW] t=8:30.8 ph=PORTAL @243,61,136 do=<Construct Nether Portal> Mining iron for 2nd bucket at lava eq=air woodpick=1 stonepick=1 pick=1 iron=2 buck=1
[02:51:13] [main/INFO] (Minecraft) [CHAT] §2§l§o[TenorClef] §rT2 [HIST] 8:30.8 SNAP ph=PORTAL @243,61,136 sky=13 wet=true ground=false pick=1 buck=1 iron=2 ore=2 rods=0 pearls=0 eyes=0 child=ConstructNetherPortalBucketTask dbg=<Construct Nether Portal> Mining iron for 2nd bucket at lava mobs=none
[02:51:14] [main/INFO] (Minecraft) [CHAT] §2§l§o[TenorClef] §rT2 [NOW] t=8:31.8 ph=PORTAL @243,61,136 do=<Construct Nether Portal> Mining iron for 2nd bucket at lava eq=air woodpick=1 stonepick=1 pick=1 iron=2 buck=1
[02:51:15] [main/INFO] (Minecraft) [CHAT] §2§l§o[TenorClef] §rFailed exploring.
[02:51:15] [main/INFO] (Minecraft) [CHAT] §2§l§o[TenorClef] §rT2 [NOW] t=8:32.8 ph=PORTAL @243,61,136 do=<Construct Nether Portal> Mining iron for 2nd bucket at lava eq=air woodpick=1 stonepick=1 pick=1 iron=2 buck=1
[02:51:16] [main/INFO] (Minecraft) [CHAT] §2§l§o[TenorClef] §rT2 [NOW] t=8:33.8 ph=PORTAL @243,61,136 do=<Construct Nether Portal> Mining iron for 2nd bucket at lava eq=air woodpick=1 stonepick=1 pick=1 iron=2 buck=1
[02:51:17] [main/INFO] (Minecraft) [CHAT] §2§l§o[TenorClef] §rT2 [NOW] t=8:34.8 ph=PORTAL @243,61,136 do=<Construct Nether Portal> Mining iron for 2nd bucket at lava eq=air woodpick=1 stonepick=1 pick=1 iron=2 buck=1
[02:51:17] [main/INFO] (Minecraft) [STDOUT]: ALTO CLEF: WARNING: T2 [E102] spd=0.000 @243,61,136
[02:51:17] [main/INFO] (Minecraft) [CHAT] §2§l§o[TenorClef] §cT2 [E102] spd=0.000 @243,61,136§r
[02:51:17] [main/INFO] (Minecraft) [CHAT] §2§l§o[TenorClef] §rT2 [HIST] 8:35.1 [E102] spd=0.000 @243,61,136
[02:51:18] [main/INFO] (Minecraft) [CHAT] §2§l§o[TenorClef] §rT2 [NOW] t=8:35.8 ph=PORTAL @243,61,136 do=<Construct Nether Portal> Mining iron for 2nd bucket at lava eq=air woodpick=1 stonepick=1 pick=1 iron=2 buck=1
[02:51:18] [main/INFO] (Minecraft) [CHAT] §2§l§o[TenorClef] §rT2 [HIST] 8:35.8 SNAP ph=PORTAL @243,61,136 sky=13 wet=true ground=false pick=1 buck=1 iron=2 ore=2 rods=0 pearls=0 eyes=0 child=ConstructNetherPortalBucketTask dbg=<Construct Nether Portal> Mining iron for 2nd bucket at lava mobs=none
[02:51:18] [main/INFO] (Minecraft) [STDOUT]: ALTO CLEF: WARNING: T2 [E118] ConstructNetherPortalBucketTask 90s no inv change ph=PORTAL
[02:51:18] [main/INFO] (Minecraft) [CHAT] §2§l§o[TenorClef] §cT2 [E118] ConstructNetherPortalBucketTask 90s no inv change ph=PORTAL§r
[02:51:18] [main/INFO] (Minecraft) [CHAT] §2§l§o[TenorClef] §rT2 [HIST] 8:36.1 [E118] ConstructNetherPortalBucketTask 90s no inv change ph=PORTAL
[02:51:19] [main/INFO] (Minecraft) [STDOUT]: ALTO CLEF: WARNING: T2 [S102] escape water spd=0.000
[02:51:19] [main/INFO] (Minecraft) [CHAT] §2§l§o[TenorClef] §cT2 [S102] escape water spd=0.000§r
[02:51:19] [main/INFO] (Minecraft) [CHAT] §2§l§o[TenorClef] §rT2 [HIST] 8:36.2 SOLVE S102 escape water spd=0.000
[02:51:19] [main/INFO] (Minecraft) [CHAT] §2§l§o[TenorClef] §rT2 [NOW] t=8:36.8 ph=PORTAL @243,61,136 do=<Construct Nether Portal> Mining iron for 2nd bucket at lava eq=air woodpick=1 stonepick=1 pick=1 iron=2 buck=1
[02:51:20] [main/INFO] (Minecraft) [CHAT] §2§l§o[TenorClef] §rT2 [NOW] t=8:37.8 ph=PORTAL @243,61,136 do=<Construct Nether Portal> Mining iron for 2nd bucket at lava eq=air woodpick=1 stonepick=1 pick=1 iron=2 buck=1
[02:51:21] [main/INFO] (Minecraft) [CHAT] §2§l§o[TenorClef] §rConstruct: need iron for 2nd bucket (iron=2 empty=0 water=1 lava=0)
[02:51:21] [main/INFO] (Minecraft) [STDOUT]: ALTO CLEF: WARNING: T2 [S160] portal build held the slot 120s without finishing @243,61,136 - pin suspended for 30s so the driver can relocate
[02:51:21] [main/INFO] (Minecraft) [CHAT] §2§l§o[TenorClef] §cT2 [S160] portal build held the slot 120s without finishing @243,61,136 - pin suspended for 30s so the driver can relocate§r
[02:51:21] [main/INFO] (Minecraft) [CHAT] §2§l§o[TenorClef] §rT2 [HIST] 8:38.6 FORCE S160 portal build held the slot 120s without finishing @243,61,136 - pin suspended for 30s so the driver can relocate
[02:51:21] [main/INFO] (Minecraft) [CHAT] §2§l§o[TenorClef] §rT2 [NOW] t=8:38.8 ph=PORTAL @243,61,136 do=<Construct Nether Portal> Mining iron for 2nd bucket at lava eq=air woodpick=1 stonepick=1 pick=1 iron=2 buck=1
[02:51:21] [main/INFO] (Minecraft) [CHAT] §2§l§o[TenorClef] §rT2 [HB] t=8:39.0 ph=PORTAL y=61 child=ConstructNetherPortalBucketTask logs=1 pick=1 woodpick=1
[02:51:22] [main/INFO] (Minecraft) [CHAT] §2§l§o[TenorClef] §rT2 [NOW] t=8:39.8 ph=PORTAL @243,61,136 do=<Construct Nether Portal> Mining iron for 2nd bucket at lava eq=air woodpick=1 stonepick=1 pick=1 iron=2 buck=1
[02:51:23] [main/INFO] (Minecraft) [CHAT] §2§l§o[TenorClef] §rT2 [NOW] t=8:40.8 ph=PORTAL @243,61,136 do=<Construct Nether Portal> Mining iron for 2nd bucket at lava eq=air woodpick=1 stonepick=1 pick=1 iron=2 buck=1
[02:51:23] [main/INFO] (Minecraft) [CHAT] §2§l§o[TenorClef] §rT2 [HIST] 8:40.8 SNAP ph=PORTAL @243,61,136 sky=13 wet=true ground=false pick=1 buck=1 iron=2 ore=2 rods=0 pearls=0 eyes=0 child=ConstructNetherPortalBucketTask dbg=<Construct Nether Portal> Mining iron for 2nd bucket at lava mobs=none
[02:51:24] [main/INFO] (Minecraft) [STDOUT]: ALTO CLEF: WARNING: T2 [E102] spd=0.000 @243,61,136
[02:51:24] [main/INFO] (Minecraft) [CHAT] §2§l§o[TenorClef] §cT2 [E102] spd=0.000 @243,61,136§r
[02:51:24] [main/INFO] (Minecraft) [CHAT] §2§l§o[TenorClef] §rT2 [HIST] 8:41.1 [E102] spd=0.000 @243,61,136
[02:51:24] [main/INFO] (Minecraft) [CHAT] §2§l§o[TenorClef] §rT2 [NOW] t=8:41.8 ph=PORTAL @243,61,136 do=<Construct Nether Portal> Mining iron for 2nd bucket at lava eq=air woodpick=1 stonepick=1 pick=1 iron=2 buck=1
[02:51:25] [main/INFO] (Minecraft) [STDOUT]: ALTO CLEF: WARNING: T2 [S102] escape water spd=0.000
[02:51:25] [main/INFO] (Minecraft) [CHAT] §2§l§o[TenorClef] §cT2 [S102] escape water spd=0.000§r
[02:51:25] [main/INFO] (Minecraft) [CHAT] §2§l§o[TenorClef] §rT2 [HIST] 8:42.2 SOLVE S102 escape water spd=0.000
[02:51:25] [main/INFO] (Minecraft) [CHAT] §2§l§o[TenorClef] §rT2 [NOW] t=8:42.8 ph=PORTAL @243,61,136 do=<Construct Nether Portal> Mining iron for 2nd bucket at lava eq=air woodpick=1 stonepick=1 pick=1 iron=2 buck=1
[02:51:26] [main/INFO] (Minecraft) [CHAT] §2§l§o[TenorClef] §rT2 [NOW] t=8:43.8 ph=PORTAL @243,61,136 do=<Construct Nether Portal> Mining iron for 2nd bucket at lava eq=air woodpick=1 stonepick=1 pick=1 iron=2 buck=1
[02:51:27] [main/INFO] (Minecraft) [CHAT] §2§l§o[TenorClef] §rT2 [NOW] t=8:44.8 ph=PORTAL @243,61,136 do=<Construct Nether Portal> Mining iron for 2nd bucket at lava eq=air woodpick=1 stonepick=1 pick=1 iron=2 buck=1
[02:51:28] [main/INFO] (Minecraft) [CHAT] §2§l§o[TenorClef] §rRefreshed inventory...
[02:51:28] [main/INFO] (Minecraft) [CHAT] §2§l§o[TenorClef] §rT2 [NOW] t=8:45.8 ph=PORTAL @243,61,136 do=<Construct Nether Portal> Mining iron for 2nd bucket at lava eq=air woodpick=1 stonepick=1 pick=1 iron=2 buck=1
[02:51:28] [main/INFO] (Minecraft) [CHAT] §2§l§o[TenorClef] §rT2 [HIST] 8:45.8 SNAP ph=PORTAL @243,61,136 sky=13 wet=true ground=false pick=1 buck=1 iron=2 ore=2 rods=0 pearls=0 eyes=0 child=ConstructNetherPortalBucketTask dbg=<Construct Nether Portal> Mining iron for 2nd bucket at lava mobs=none
[02:51:29] [main/INFO] (Minecraft) [CHAT] §2§l§o[TenorClef] §rT2 [NOW] t=8:46.8 ph=PORTAL @243,61,136 do=<Construct Nether Portal> Mining iron for 2nd bucket at lava eq=air woodpick=1 stonepick=1 pick=1 iron=2 buck=1
[02:51:30] [main/INFO] (Minecraft) [STDOUT]: ALTO CLEF: WARNING: T2 [E102] spd=0.000 @243,61,136
[02:51:30] [main/INFO] (Minecraft) [CHAT] §2§l§o[TenorClef] §cT2 [E102] spd=0.000 @243,61,136§r
[02:51:30] [main/INFO] (Minecraft) [CHAT] §2§l§o[TenorClef] §rT2 [HIST] 8:47.2 [E102] spd=0.000 @243,61,136
[02:51:30] [main/INFO] (Minecraft) [CHAT] §2§l§o[TenorClef] §rT2 [NOW] t=8:47.8 ph=PORTAL @243,61,136 do=<Construct Nether Portal> Mining iron for 2nd bucket at lava eq=air woodpick=1 stonepick=1 pick=1 iron=2 buck=1
[02:51:31] [main/INFO] (Minecraft) [STDOUT]: ALTO CLEF: WARNING: T2 [S102] escape water spd=0.000
[02:51:31] [main/INFO] (Minecraft) [CHAT] §2§l§o[TenorClef] §cT2 [S102] escape water spd=0.000§r
[02:51:31] [main/INFO] (Minecraft) [CHAT] §2§l§o[TenorClef] §rT2 [HIST] 8:48.2 SOLVE S102 escape water spd=0.000
[02:51:31] [main/INFO] (Minecraft) [CHAT] §2§l§o[TenorClef] §rT2 [NOW] t=8:48.8 ph=PORTAL @243,61,136 do=<Construct Nether Portal> Mining iron for 2nd bucket at lava eq=air woodpick=1 stonepick=1 pick=1 iron=2 buck=1
[02:51:31] [main/INFO] (Minecraft) [CHAT] §2§l§o[TenorClef] §rT2 [HB] t=8:49.0 ph=PORTAL y=61 child=ConstructNetherPortalBucketTask logs=1 pick=1 woodpick=1
[02:51:32] [main/INFO] (Minecraft) [CHAT] §2§l§o[TenorClef] §rT2 [NOW] t=8:49.8 ph=PORTAL @243,61,136 do=<Construct Nether Portal> Mining iron for 2nd bucket at lava eq=air woodpick=1 stonepick=1 pick=1 iron=2 buck=1
[02:51:33] [main/INFO] (Minecraft) [CHAT] §2§l§o[TenorClef] §rFailed exploring.
[02:51:33] [main/INFO] (Minecraft) [CHAT] §2§l§o[TenorClef] §rT2 [NOW] t=8:50.8 ph=PORTAL @243,61,136 do=<Construct Nether Portal> Mining iron for 2nd bucket at lava eq=air woodpick=1 stonepick=1 pick=1 iron=2 buck=1
[02:51:33] [main/INFO] (Minecraft) [CHAT] §2§l§o[TenorClef] §rT2 [HIST] 8:50.8 SNAP ph=PORTAL @243,61,136 sky=13 wet=true ground=false pick=1 buck=1 iron=2 ore=2 rods=0 pearls=0 eyes=0 child=ConstructNetherPortalBucketTask dbg=<Construct Nether Portal> Mining iron for 2nd bucket at lava mobs=none
[02:51:34] [main/INFO] (Minecraft) [CHAT] §2§l§o[TenorClef] §rT2 [NOW] t=8:51.8 ph=PORTAL @243,61,136 do=<Construct Nether Portal> Mining iron for 2nd bucket at lava eq=air woodpick=1 stonepick=1 pick=1 iron=2 buck=1
[02:51:35] [main/INFO] (Minecraft) [CHAT] §2§l§o[TenorClef] §rT2 [NOW] t=8:52.8 ph=PORTAL @243,61,136 do=<Construct Nether Portal> Mining iron for 2nd bucket at lava eq=air woodpick=1 stonepick=1 pick=1 iron=2 buck=1
[02:51:36] [main/INFO] (Minecraft) [STDOUT]: ALTO CLEF: WARNING: T2 [E102] spd=0.000 @243,61,136
[02:51:36] [main/INFO] (Minecraft) [CHAT] §2§l§o[TenorClef] §cT2 [E102] spd=0.000 @243,61,136§r
[02:51:36] [main/INFO] (Minecraft) [CHAT] §2§l§o[TenorClef] §rT2 [HIST] 8:53.2 [E102] spd=0.000 @243,61,136
[02:51:36] [main/INFO] (Minecraft) [CHAT] §2§l§o[TenorClef] §rT2 [NOW] t=8:53.8 ph=PORTAL @243,61,136 do=<Construct Nether Portal> Mining iron for 2nd bucket at lava eq=air woodpick=1 stonepick=1 pick=1 iron=2 buck=1
[02:51:37] [main/INFO] (Minecraft) [STDOUT]: ALTO CLEF: WARNING: T2 [S102] escape water spd=0.000
[02:51:37] [main/INFO] (Minecraft) [CHAT] §2§l§o[TenorClef] §cT2 [S102] escape water spd=0.000§r
[02:51:37] [main/INFO] (Minecraft) [CHAT] §2§l§o[TenorClef] §rT2 [HIST] 8:54.2 SOLVE S102 escape water spd=0.000
[02:51:37] [main/INFO] (Minecraft) [CHAT] §2§l§o[TenorClef] §rT2 [NOW] t=8:54.8 ph=PORTAL @243,61,136 do=<Construct Nether Portal> Mining iron for 2nd bucket at lava eq=air woodpick=1 stonepick=1 pick=1 iron=2 buck=1
[02:51:38] [main/INFO] (Minecraft) [CHAT] §2§l§o[TenorClef] §rT2 [NOW] t=8:55.8 ph=PORTAL @243,61,136 do=<Construct Nether Portal> Mining iron for 2nd bucket at lava eq=air woodpick=1 stonepick=1 pick=1 iron=2 buck=1
[02:51:38] [main/INFO] (Minecraft) [CHAT] §2§l§o[TenorClef] §rT2 [HIST] 8:55.8 SNAP ph=PORTAL @243,61,136 sky=13 wet=true ground=false pick=1 buck=1 iron=2 ore=2 rods=0 pearls=0 eyes=0 child=ConstructNetherPortalBucketTask dbg=<Construct Nether Portal> Mining iron for 2nd bucket at lava mobs=none
[02:51:39] [main/INFO] (Minecraft) [CHAT] §2§l§o[TenorClef] §rFailed exploring.
[02:51:39] [main/INFO] (Minecraft) [CHAT] §2§l§o[TenorClef] §rT2 [NOW] t=8:56.8 ph=PORTAL @243,61,136 do=<Construct Nether Portal> Mining iron for 2nd bucket at lava eq=air woodpick=1 stonepick=1 pick=1 iron=2 buck=1
[02:51:40] [main/INFO] (Minecraft) [CHAT] §2§l§o[TenorClef] §rT2 [NOW] t=8:57.8 ph=PORTAL @243,61,136 do=<Construct Nether Portal> Mining iron for 2nd bucket at lava eq=air woodpick=1 stonepick=1 pick=1 iron=2 buck=1
[02:51:41] [main/INFO] (Minecraft) [CHAT] §2§l§o[TenorClef] §rT2 [NOW] t=8:58.8 ph=PORTAL @243,61,136 do=<Construct Nether Portal> Mining iron for 2nd bucket at lava eq=air woodpick=1 stonepick=1 pick=1 iron=2 buck=1
[02:51:41] [main/INFO] (Minecraft) [CHAT] §2§l§o[TenorClef] §rT2 [HB] t=8:59.0 ph=PORTAL y=61 child=ConstructNetherPortalBucketTask logs=1 pick=1 woodpick=1
[02:51:42] [main/INFO] (Minecraft) [STDOUT]: ALTO CLEF: WARNING: T2 [E102] spd=0.000 @243,61,136
[02:51:42] [main/INFO] (Minecraft) [CHAT] §2§l§o[TenorClef] §cT2 [E102] spd=0.000 @243,61,136§r
[02:51:42] [main/INFO] (Minecraft) [CHAT] §2§l§o[TenorClef] §rT2 [HIST] 8:59.3 [E102] spd=0.000 @243,61,136
[02:51:42] [main/INFO] (Minecraft) [CHAT] §2§l§o[TenorClef] §rT2 [NOW] t=8:59.8 ph=PORTAL @243,61,136 do=<Construct Nether Portal> Mining iron for 2nd bucket at lava eq=air woodpick=1 stonepick=1 pick=1 iron=2 buck=1
[02:51:43] [main/INFO] (Minecraft) [STDOUT]: ALTO CLEF: WARNING: T2 [S102] escape water spd=0.000
[02:51:43] [main/INFO] (Minecraft) [CHAT] §2§l§o[TenorClef] §cT2 [S102] escape water spd=0.000§r
[02:51:43] [main/INFO] (Minecraft) [CHAT] §2§l§o[TenorClef] §rT2 [HIST] 9:00.2 SOLVE S102 escape water spd=0.000
[02:51:43] [main/INFO] (Minecraft) [CHAT] §2§l§o[TenorClef] §rT2 [NOW] t=9:00.8 ph=PORTAL @243,61,136 do=<Construct Nether Portal> Mining iron for 2nd bucket at lava eq=air woodpick=1 stonepick=1 pick=1 iron=2 buck=1
[02:51:43] [main/INFO] (Minecraft) [CHAT] §2§l§o[TenorClef] §rT2 [HIST] 9:00.8 SNAP ph=PORTAL @243,61,136 sky=13 wet=true ground=false pick=1 buck=1 iron=2 ore=2 rods=0 pearls=0 eyes=0 child=ConstructNetherPortalBucketTask dbg=<Construct Nether Portal> Mining iron for 2nd bucket at lava mobs=none
[02:51:44] [main/INFO] (Minecraft) [CHAT] §2§l§o[TenorClef] §rT2 [NOW] t=9:01.8 ph=PORTAL @243,61,136 do=<Construct Nether Portal> Mining iron for 2nd bucket at lava eq=air woodpick=1 stonepick=1 pick=1 iron=2 buck=1
[02:51:45] [main/INFO] (Minecraft) [CHAT] §2§l§o[TenorClef] §rFailed exploring.
[02:51:45] [main/INFO] (Minecraft) [CHAT] §2§l§o[TenorClef] §rT2 [NOW] t=9:02.8 ph=PORTAL @243,61,136 do=<Construct Nether Portal> Mining iron for 2nd bucket at lava eq=air woodpick=1 stonepick=1 pick=1 iron=2 buck=1
[02:51:46] [main/INFO] (Minecraft) [CHAT] §2§l§o[TenorClef] §rT2 [NOW] t=9:03.8 ph=PORTAL @243,61,136 do=<Construct Nether Portal> Mining iron for 2nd bucket at lava eq=air woodpick=1 stonepick=1 pick=1 iron=2 buck=1
[02:51:47] [main/INFO] (Minecraft) [CHAT] §2§l§o[TenorClef] §rT2 [NOW] t=9:04.8 ph=PORTAL @243,61,136 do=<Construct Nether Portal> Mining iron for 2nd bucket at lava eq=air woodpick=1 stonepick=1 pick=1 iron=2 buck=1
[02:51:48] [main/INFO] (Minecraft) [STDOUT]: ALTO CLEF: WARNING: T2 [E102] spd=0.000 @243,61,136
[02:51:48] [main/INFO] (Minecraft) [CHAT] §2§l§o[TenorClef] §cT2 [E102] spd=0.000 @243,61,136§r
[02:51:48] [main/INFO] (Minecraft) [CHAT] §2§l§o[TenorClef] §rT2 [HIST] 9:05.3 [E102] spd=0.000 @243,61,136
[02:51:48] [main/INFO] (Minecraft) [CHAT] §2§l§o[TenorClef] §rT2 [NOW] t=9:05.8 ph=PORTAL @243,61,136 do=<Construct Nether Portal> Mining iron for 2nd bucket at lava eq=air woodpick=1 stonepick=1 pick=1 iron=2 buck=1
[02:51:48] [main/INFO] (Minecraft) [CHAT] §2§l§o[TenorClef] §rT2 [HIST] 9:05.8 SNAP ph=PORTAL @243,61,136 sky=13 wet=true ground=false pick=1 buck=1 iron=2 ore=2 rods=0 pearls=0 eyes=0 child=ConstructNetherPortalBucketTask dbg=<Construct Nether Portal> Mining iron for 2nd bucket at lava mobs=none
[02:51:49] [main/INFO] (Minecraft) [STDOUT]: ALTO CLEF: WARNING: T2 [S102] escape water spd=0.000
[02:51:49] [main/INFO] (Minecraft) [CHAT] §2§l§o[TenorClef] §cT2 [S102] escape water spd=0.000§r
[02:51:49] [main/INFO] (Minecraft) [CHAT] §2§l§o[TenorClef] §rT2 [HIST] 9:06.2 SOLVE S102 escape water spd=0.000
[02:51:49] [main/INFO] (Minecraft) [CHAT] §2§l§o[TenorClef] §rT2 [NOW] t=9:06.8 ph=PORTAL @243,61,136 do=<Construct Nether Portal> Mining iron for 2nd bucket at lava eq=air woodpick=1 stonepick=1 pick=1 iron=2 buck=1
[02:51:50] [main/INFO] (Minecraft) [CHAT] §2§l§o[TenorClef] §rT2 [NOW] t=9:07.8 ph=PORTAL @243,61,136 do=<Construct Nether Portal> Mining iron for 2nd bucket at lava eq=air woodpick=1 stonepick=1 pick=1 iron=2 buck=1
[02:51:51] [main/INFO] (Minecraft) [CHAT] §2§l§o[TenorClef] §rConstruct: need iron for 2nd bucket (iron=2 empty=0 water=1 lava=0)
[02:51:51] [main/INFO] (Minecraft) [STDOUT]: ALTO CLEF: WARNING: T2 [S160] portal build held the slot 120s without finishing @243,61,136 - pin suspended for 30s so the driver can relocate
[02:51:51] [main/INFO] (Minecraft) [CHAT] §2§l§o[TenorClef] §cT2 [S160] portal build held the slot 120s without finishing @243,61,136 - pin suspended for 30s so the driver can relocate§r
[02:51:51] [main/INFO] (Minecraft) [CHAT] §2§l§o[TenorClef] §rT2 [HIST] 9:08.6 FORCE S160 portal build held the slot 120s without finishing @243,61,136 - pin suspended for 30s so the driver can relocate
[02:51:51] [main/INFO] (Minecraft) [CHAT] §2§l§o[TenorClef] §rT2 [NOW] t=9:08.8 ph=PORTAL @243,61,136 do=<Construct Nether Portal> Mining iron for 2nd bucket at lava eq=air woodpick=1 stonepick=1 pick=1 iron=2 buck=1
[02:51:51] [main/INFO] (Minecraft) [CHAT] §2§l§o[TenorClef] §rT2 [HB] t=9:09.0 ph=PORTAL y=61 child=ConstructNetherPortalBucketTask logs=1 pick=1 woodpick=1
[02:51:52] [main/INFO] (Minecraft) [CHAT] §2§l§o[TenorClef] §rT2 [NOW] t=9:09.8 ph=PORTAL @243,61,136 do=<Construct Nether Portal> Mining iron for 2nd bucket at lava eq=air woodpick=1 stonepick=1 pick=1 iron=2 buck=1
[02:51:53] [main/INFO] (Minecraft) [CHAT] §2§l§o[TenorClef] §rT2 [NOW] t=9:10.8 ph=PORTAL @243,61,136 do=<Construct Nether Portal> Mining iron for 2nd bucket at lava eq=air woodpick=1 stonepick=1 pick=1 iron=2 buck=1
[02:51:53] [main/INFO] (Minecraft) [CHAT] §2§l§o[TenorClef] §rT2 [HIST] 9:10.8 SNAP ph=PORTAL @243,61,136 sky=13 wet=true ground=false pick=1 buck=1 iron=2 ore=2 rods=0 pearls=0 eyes=0 child=ConstructNetherPortalBucketTask dbg=<Construct Nether Portal> Mining iron for 2nd bucket at lava mobs=none
[02:51:54] [main/INFO] (Minecraft) [STDOUT]: ALTO CLEF: WARNING: T2 [E102] spd=0.000 @243,61,136
[02:51:54] [main/INFO] (Minecraft) [CHAT] §2§l§o[TenorClef] §cT2 [E102] spd=0.000 @243,61,136§r
[02:51:54] [main/INFO] (Minecraft) [CHAT] §2§l§o[TenorClef] §rT2 [HIST] 9:11.4 [E102] spd=0.000 @243,61,136
[02:51:54] [main/INFO] (Minecraft) [CHAT] §2§l§o[TenorClef] §rT2 [NOW] t=9:11.8 ph=PORTAL @243,61,136 do=<Construct Nether Portal> Mining iron for 2nd bucket at lava eq=air woodpick=1 stonepick=1 pick=1 iron=2 buck=1
[02:51:55] [main/INFO] (Minecraft) [STDOUT]: ALTO CLEF: WARNING: T2 [S102] escape water spd=0.000
[02:51:55] [main/INFO] (Minecraft) [CHAT] §2§l§o[TenorClef] §cT2 [S102] escape water spd=0.000§r
[02:51:55] [main/INFO] (Minecraft) [CHAT] §2§l§o[TenorClef] §rT2 [HIST] 9:12.2 SOLVE S102 escape water spd=0.000
[02:51:55] [main/INFO] (Minecraft) [CHAT] §2§l§o[TenorClef] §rT2 [NOW] t=9:12.8 ph=PORTAL @243,61,136 do=<Construct Nether Portal> Mining iron for 2nd bucket at lava eq=air woodpick=1 stonepick=1 pick=1 iron=2 buck=1
[02:51:56] [main/INFO] (Minecraft) [CHAT] §2§l§o[TenorClef] §rT2 [NOW] t=9:13.8 ph=PORTAL @243,61,136 do=<Construct Nether Portal> Mining iron for 2nd bucket at lava eq=air woodpick=1 stonepick=1 pick=1 iron=2 buck=1
[02:51:57] [main/INFO] (Minecraft) [CHAT] §2§l§o[TenorClef] §rFailed exploring.
[02:51:57] [main/INFO] (Minecraft) [CHAT] §2§l§o[TenorClef] §rT2 [NOW] t=9:14.8 ph=PORTAL @243,61,136 do=<Construct Nether Portal> Mining iron for 2nd bucket at lava eq=air woodpick=1 stonepick=1 pick=1 iron=2 buck=1
[02:51:58] [main/INFO] (Minecraft) [CHAT] §2§l§o[TenorClef] §rRefreshed inventory...
[02:51:58] [main/INFO] (Minecraft) [CHAT] §2§l§o[TenorClef] §rT2 [NOW] t=9:15.8 ph=PORTAL @243,61,136 do=<Construct Nether Portal> Mining iron for 2nd bucket at lava eq=air woodpick=1 stonepick=1 pick=1 iron=2 buck=1
[02:51:58] [main/INFO] (Minecraft) [CHAT] §2§l§o[TenorClef] §rT2 [HIST] 9:15.8 SNAP ph=PORTAL @243,61,136 sky=13 wet=true ground=false pick=1 buck=1 iron=2 ore=2 rods=0 pearls=0 eyes=0 child=ConstructNetherPortalBucketTask dbg=<Construct Nether Portal> Mining iron for 2nd bucket at lava mobs=none
[02:51:59] [main/INFO] (Minecraft) [CHAT] §2§l§o[TenorClef] §rT2 [NOW] t=9:16.8 ph=PORTAL @243,61,136 do=<Construct Nether Portal> Mining iron for 2nd bucket at lava eq=air woodpick=1 stonepick=1 pick=1 iron=2 buck=1
[02:52:00] [main/INFO] (Minecraft) [STDOUT]: ALTO CLEF: WARNING: T2 [E102] spd=0.000 @243,61,136
[02:52:00] [main/INFO] (Minecraft) [CHAT] §2§l§o[TenorClef] §cT2 [E102] spd=0.000 @243,61,136§r
[02:52:00] [main/INFO] (Minecraft) [CHAT] §2§l§o[TenorClef] §rT2 [HIST] 9:17.4 [E102] spd=0.000 @243,61,136
[02:52:00] [main/INFO] (Minecraft) [CHAT] §2§l§o[TenorClef] §rT2 [NOW] t=9:17.8 ph=PORTAL @243,61,136 do=<Construct Nether Portal> Mining iron for 2nd bucket at lava eq=air woodpick=1 stonepick=1 pick=1 iron=2 buck=1
[02:52:01] [main/INFO] (Minecraft) [STDOUT]: ALTO CLEF: WARNING: T2 [S102] escape water spd=0.000
[02:52:01] [main/INFO] (Minecraft) [CHAT] §2§l§o[TenorClef] §cT2 [S102] escape water spd=0.000§r
[02:52:01] [main/INFO] (Minecraft) [CHAT] §2§l§o[TenorClef] §rT2 [HIST] 9:18.2 SOLVE S102 escape water spd=0.000
[02:52:01] [main/INFO] (Minecraft) [CHAT] §2§l§o[TenorClef] §rT2 [NOW] t=9:18.8 ph=PORTAL @243,61,136 do=<Construct Nether Portal> Mining iron for 2nd bucket at lava eq=air woodpick=1 stonepick=1 pick=1 iron=2 buck=1
[02:52:01] [main/INFO] (Minecraft) [CHAT] §2§l§o[TenorClef] §rT2 [HB] t=9:19.0 ph=PORTAL y=61 child=ConstructNetherPortalBucketTask logs=1 pick=1 woodpick=1
[02:52:02] [main/INFO] (Minecraft) [CHAT] §2§l§o[TenorClef] §rT2 [NOW] t=9:19.8 ph=PORTAL @243,61,136 do=<Construct Nether Portal> Mining iron for 2nd bucket at lava eq=air woodpick=1 stonepick=1 pick=1 iron=2 buck=1
[02:52:03] [main/INFO] (Minecraft) [CHAT] §2§l§o[TenorClef] §rFailed exploring.
[02:52:03] [main/INFO] (Minecraft) [CHAT] §2§l§o[TenorClef] §rT2 [NOW] t=9:20.8 ph=PORTAL @243,61,136 do=<Construct Nether Portal> Mining iron for 2nd bucket at lava eq=air woodpick=1 stonepick=1 pick=1 iron=2 buck=1
[02:52:03] [main/INFO] (Minecraft) [CHAT] §2§l§o[TenorClef] §rT2 [HIST] 9:20.8 SNAP ph=PORTAL @243,61,136 sky=13 wet=true ground=false pick=1 buck=1 iron=2 ore=2 rods=0 pearls=0 eyes=0 child=ConstructNetherPortalBucketTask dbg=<Construct Nether Portal> Mining iron for 2nd bucket at lava mobs=none
[02:52:04] [main/INFO] (Minecraft) [CHAT] §2§l§o[TenorClef] §rT2 [NOW] t=9:21.8 ph=PORTAL @243,61,136 do=<Construct Nether Portal> Mining iron for 2nd bucket at lava eq=air woodpick=1 stonepick=1 pick=1 iron=2 buck=1
[02:52:05] [main/INFO] (Minecraft) [CHAT] §2§l§o[TenorClef] §rT2 [NOW] t=9:22.8 ph=PORTAL @243,61,136 do=<Construct Nether Portal> Mining iron for 2nd bucket at lava eq=air woodpick=1 stonepick=1 pick=1 iron=2 buck=1
[02:52:06] [main/INFO] (Minecraft) [STDOUT]: ALTO CLEF: WARNING: T2 [E102] spd=0.000 @243,61,136
[02:52:06] [main/INFO] (Minecraft) [CHAT] §2§l§o[TenorClef] §cT2 [E102] spd=0.000 @243,61,136§r
[02:52:06] [main/INFO] (Minecraft) [CHAT] §2§l§o[TenorClef] §rT2 [HIST] 9:23.5 [E102] spd=0.000 @243,61,136
[02:52:06] [main/INFO] (Minecraft) [CHAT] §2§l§o[TenorClef] §rT2 [NOW] t=9:23.8 ph=PORTAL @243,61,136 do=<Construct Nether Portal> Mining iron for 2nd bucket at lava eq=air woodpick=1 stonepick=1 pick=1 iron=2 buck=1
[02:52:07] [main/INFO] (Minecraft) [STDOUT]: ALTO CLEF: WARNING: T2 [S102] escape water spd=0.000
[02:52:07] [main/INFO] (Minecraft) [CHAT] §2§l§o[TenorClef] §cT2 [S102] escape water spd=0.000§r
[02:52:07] [main/INFO] (Minecraft) [CHAT] §2§l§o[TenorClef] §rT2 [HIST] 9:24.2 SOLVE S102 escape water spd=0.000
[02:52:07] [main/INFO] (Minecraft) [CHAT] §2§l§o[TenorClef] §rT2 [NOW] t=9:24.8 ph=PORTAL @243,61,136 do=<Construct Nether Portal> Mining iron for 2nd bucket at lava eq=air woodpick=1 stonepick=1 pick=1 iron=2 buck=1
[02:52:08] [main/INFO] (Minecraft) [CHAT] §2§l§o[TenorClef] §rT2 [NOW] t=9:25.8 ph=PORTAL @243,61,136 do=<Construct Nether Portal> Mining iron for 2nd bucket at lava eq=air woodpick=1 stonepick=1 pick=1 iron=2 buck=1
[02:52:08] [main/INFO] (Minecraft) [CHAT] §2§l§o[TenorClef] §rT2 [HIST] 9:25.8 SNAP ph=PORTAL @243,61,136 sky=13 wet=true ground=false pick=1 buck=1 iron=2 ore=2 rods=0 pearls=0 eyes=0 child=ConstructNetherPortalBucketTask dbg=<Construct Nether Portal> Mining iron for 2nd bucket at lava mobs=none
[02:52:09] [main/INFO] (Minecraft) [CHAT] §2§l§o[TenorClef] §rFailed exploring.
[02:52:09] [main/INFO] (Minecraft) [CHAT] §2§l§o[TenorClef] §rT2 [NOW] t=9:26.8 ph=PORTAL @243,61,136 do=<Construct Nether Portal> Mining iron for 2nd bucket at lava eq=air woodpick=1 stonepick=1 pick=1 iron=2 buck=1
[02:52:10] [main/INFO] (Minecraft) [CHAT] §2§l§o[TenorClef] §rT2 [NOW] t=9:27.8 ph=PORTAL @243,61,136 do=<Construct Nether Portal> Mining iron for 2nd bucket at lava eq=air woodpick=1 stonepick=1 pick=1 iron=2 buck=1
[02:52:11] [main/INFO] (Minecraft) [CHAT] §2§l§o[TenorClef] §rT2 [NOW] t=9:28.8 ph=PORTAL @243,61,136 do=<Construct Nether Portal> Mining iron for 2nd bucket at lava eq=air woodpick=1 stonepick=1 pick=1 iron=2 buck=1
[02:52:11] [main/INFO] (Minecraft) [CHAT] §2§l§o[TenorClef] §rT2 [HB] t=9:29.0 ph=PORTAL y=61 child=ConstructNetherPortalBucketTask logs=1 pick=1 woodpick=1
[02:52:12] [main/INFO] (Minecraft) [STDOUT]: ALTO CLEF: WARNING: T2 [E102] spd=0.000 @243,61,136
[02:52:12] [main/INFO] (Minecraft) [CHAT] §2§l§o[TenorClef] §cT2 [E102] spd=0.000 @243,61,136§r
[02:52:12] [main/INFO] (Minecraft) [CHAT] §2§l§o[TenorClef] §rT2 [HIST] 9:29.5 [E102] spd=0.000 @243,61,136
[02:52:12] [main/INFO] (Minecraft) [CHAT] §2§l§o[TenorClef] §rT2 [NOW] t=9:29.8 ph=PORTAL @243,61,136 do=<Construct Nether Portal> Mining iron for 2nd bucket at lava eq=air woodpick=1 stonepick=1 pick=1 iron=2 buck=1
[02:52:13] [main/INFO] (Minecraft) [STDOUT]: ALTO CLEF: WARNING: T2 [S102] escape water spd=0.000
[02:52:13] [main/INFO] (Minecraft) [CHAT] §2§l§o[TenorClef] §cT2 [S102] escape water spd=0.000§r
[02:52:13] [main/INFO] (Minecraft) [CHAT] §2§l§o[TenorClef] §rT2 [HIST] 9:30.2 SOLVE S102 escape water spd=0.000
[02:52:13] [main/INFO] (Minecraft) [CHAT] §2§l§o[TenorClef] §rT2 [NOW] t=9:30.8 ph=PORTAL @243,61,136 do=<Construct Nether Portal> Mining iron for 2nd bucket at lava eq=air woodpick=1 stonepick=1 pick=1 iron=2 buck=1
[02:52:13] [main/INFO] (Minecraft) [CHAT] §2§l§o[TenorClef] §rT2 [HIST] 9:30.8 SNAP ph=PORTAL @243,61,136 sky=13 wet=true ground=false pick=1 buck=1 iron=2 ore=2 rods=0 pearls=0 eyes=0 child=ConstructNetherPortalBucketTask dbg=<Construct Nether Portal> Mining iron for 2nd bucket at lava mobs=none
[02:52:14] [main/INFO] (Minecraft) [CHAT] §2§l§o[TenorClef] §rT2 [NOW] t=9:31.8 ph=PORTAL @243,61,136 do=<Construct Nether Portal> Mining iron for 2nd bucket at lava eq=air woodpick=1 stonepick=1 pick=1 iron=2 buck=1
[02:52:15] [main/INFO] (Minecraft) [CHAT] §2§l§o[TenorClef] §rT2 [NOW] t=9:32.8 ph=PORTAL @243,61,136 do=<Construct Nether Portal> Mining iron for 2nd bucket at lava eq=air woodpick=1 stonepick=1 pick=1 iron=2 buck=1
[02:52:15] [main/INFO] (Minecraft) [CHAT] §2§l§o[TenorClef] §rFailed exploring.
[02:52:16] [main/INFO] (Minecraft) [CHAT] §2§l§o[TenorClef] §rT2 [NOW] t=9:33.8 ph=PORTAL @243,61,136 do=<Construct Nether Portal> Mining iron for 2nd bucket at lava eq=air woodpick=1 stonepick=1 pick=1 iron=2 buck=1
[02:52:17] [main/INFO] (Minecraft) [CHAT] §2§l§o[TenorClef] §rT2 [NOW] t=9:34.8 ph=PORTAL @243,61,136 do=<Construct Nether Portal> Mining iron for 2nd bucket at lava eq=air woodpick=1 stonepick=1 pick=1 iron=2 buck=1
[02:52:18] [main/INFO] (Minecraft) [STDOUT]: ALTO CLEF: WARNING: T2 [E102] spd=0.000 @243,61,136
[02:52:18] [main/INFO] (Minecraft) [CHAT] §2§l§o[TenorClef] §cT2 [E102] spd=0.000 @243,61,136§r
[02:52:18] [main/INFO] (Minecraft) [CHAT] §2§l§o[TenorClef] §rT2 [HIST] 9:35.6 [E102] spd=0.000 @243,61,136
[02:52:18] [main/INFO] (Minecraft) [CHAT] §2§l§o[TenorClef] §rT2 [NOW] t=9:35.8 ph=PORTAL @243,61,136 do=<Construct Nether Portal> Mining iron for 2nd bucket at lava eq=air woodpick=1 stonepick=1 pick=1 iron=2 buck=1
[02:52:18] [main/INFO] (Minecraft) [CHAT] §2§l§o[TenorClef] §rT2 [HIST] 9:35.8 SNAP ph=PORTAL @243,61,136 sky=13 wet=true ground=false pick=1 buck=1 iron=2 ore=2 rods=0 pearls=0 eyes=0 child=ConstructNetherPortalBucketTask dbg=<Construct Nether Portal> Mining iron for 2nd bucket at lava mobs=none
[02:52:19] [main/INFO] (Minecraft) [STDOUT]: ALTO CLEF: WARNING: T2 [E118] ConstructNetherPortalBucketTask 90s no inv change ph=PORTAL
[02:52:19] [main/INFO] (Minecraft) [CHAT] §2§l§o[TenorClef] §cT2 [E118] ConstructNetherPortalBucketTask 90s no inv change ph=PORTAL§r
[02:52:19] [main/INFO] (Minecraft) [CHAT] §2§l§o[TenorClef] §rT2 [HIST] 9:36.1 [E118] ConstructNetherPortalBucketTask 90s no inv change ph=PORTAL
[02:52:19] [main/INFO] (Minecraft) [STDOUT]: ALTO CLEF: WARNING: T2 [S102] escape water spd=0.000
[02:52:19] [main/INFO] (Minecraft) [CHAT] §2§l§o[TenorClef] §cT2 [S102] escape water spd=0.000§r
[02:52:19] [main/INFO] (Minecraft) [CHAT] §2§l§o[TenorClef] §rT2 [HIST] 9:36.2 SOLVE S102 escape water spd=0.000
[02:52:19] [main/INFO] (Minecraft) [CHAT] §2§l§o[TenorClef] §rT2 [NOW] t=9:36.8 ph=PORTAL @243,61,136 do=<Construct Nether Portal> Mining iron for 2nd bucket at lava eq=air woodpick=1 stonepick=1 pick=1 iron=2 buck=1
[02:52:20] [main/INFO] (Minecraft) [CHAT] §2§l§o[TenorClef] §rT2 [NOW] t=9:37.8 ph=PORTAL @243,61,136 do=<Construct Nether Portal> Mining iron for 2nd bucket at lava eq=air woodpick=1 stonepick=1 pick=1 iron=2 buck=1
[02:52:21] [main/INFO] (Minecraft) [CHAT] §2§l§o[TenorClef] §rConstruct: need iron for 2nd bucket (iron=2 empty=0 water=1 lava=0)
[02:52:21] [main/INFO] (Minecraft) [STDOUT]: ALTO CLEF: WARNING: T2 [S160] portal build held the slot 120s without finishing @243,61,136 - pin suspended for 30s so the driver can relocate
[02:52:21] [main/INFO] (Minecraft) [CHAT] §2§l§o[TenorClef] §cT2 [S160] portal build held the slot 120s without finishing @243,61,136 - pin suspended for 30s so the driver can relocate§r
[02:52:21] [main/INFO] (Minecraft) [CHAT] §2§l§o[TenorClef] §rT2 [HIST] 9:38.7 FORCE S160 portal build held the slot 120s without finishing @243,61,136 - pin suspended for 30s so the driver can relocate
[02:52:21] [main/INFO] (Minecraft) [CHAT] §2§l§o[TenorClef] §rT2 [NOW] t=9:38.8 ph=PORTAL @243,61,136 do=<Construct Nether Portal> Mining iron for 2nd bucket at lava eq=air woodpick=1 stonepick=1 pick=1 iron=2 buck=1
[02:52:21] [main/INFO] (Minecraft) [CHAT] §2§l§o[TenorClef] §rT2 [HB] t=9:39.0 ph=PORTAL y=61 child=ConstructNetherPortalBucketTask logs=1 pick=1 woodpick=1
[02:52:22] [main/INFO] (Minecraft) [CHAT] §2§l§o[TenorClef] §rT2 [NOW] t=9:39.8 ph=PORTAL @243,61,136 do=<Construct Nether Portal> Mining iron for 2nd bucket at lava eq=air woodpick=1 stonepick=1 pick=1 iron=2 buck=1
[02:52:23] [main/INFO] (Minecraft) [CHAT] §2§l§o[TenorClef] §rT2 [NOW] t=9:40.8 ph=PORTAL @243,61,136 do=<Construct Nether Portal> Mining iron for 2nd bucket at lava eq=air woodpick=1 stonepick=1 pick=1 iron=2 buck=1
[02:52:23] [main/INFO] (Minecraft) [CHAT] §2§l§o[TenorClef] §rT2 [HIST] 9:40.8 SNAP ph=PORTAL @243,61,136 sky=13 wet=true ground=false pick=1 buck=1 iron=2 ore=2 rods=0 pearls=0 eyes=0 child=ConstructNetherPortalBucketTask dbg=<Construct Nether Portal> Mining iron for 2nd bucket at lava mobs=none
[02:52:24] [main/INFO] (Minecraft) [STDOUT]: ALTO CLEF: WARNING: T2 [E102] spd=0.000 @243,61,136
[02:52:24] [main/INFO] (Minecraft) [CHAT] §2§l§o[TenorClef] §cT2 [E102] spd=0.000 @243,61,136§r
[02:52:24] [main/INFO] (Minecraft) [CHAT] §2§l§o[TenorClef] §rT2 [HIST] 9:41.6 [E102] spd=0.000 @243,61,136
[02:52:24] [main/INFO] (Minecraft) [CHAT] §2§l§o[TenorClef] §rT2 [NOW] t=9:41.8 ph=PORTAL @243,61,136 do=<Construct Nether Portal> Mining iron for 2nd bucket at lava eq=air woodpick=1 stonepick=1 pick=1 iron=2 buck=1
[02:52:25] [main/INFO] (Minecraft) [STDOUT]: ALTO CLEF: WARNING: T2 [S102] escape water spd=0.000
[02:52:25] [main/INFO] (Minecraft) [CHAT] §2§l§o[TenorClef] §cT2 [S102] escape water spd=0.000§r
[02:52:25] [main/INFO] (Minecraft) [CHAT] §2§l§o[TenorClef] §rT2 [HIST] 9:42.2 SOLVE S102 escape water spd=0.000
[02:52:25] [main/INFO] (Minecraft) [CHAT] §2§l§o[TenorClef] §rT2 [NOW] t=9:42.8 ph=PORTAL @243,61,136 do=<Construct Nether Portal> Mining iron for 2nd bucket at lava eq=air woodpick=1 stonepick=1 pick=1 iron=2 buck=1
[02:52:26] [main/INFO] (Minecraft) [CHAT] §2§l§o[TenorClef] §rT2 [NOW] t=9:43.8 ph=PORTAL @243,61,136 do=<Construct Nether Portal> Mining iron for 2nd bucket at lava eq=air woodpick=1 stonepick=1 pick=1 iron=2 buck=1
[02:52:27] [main/INFO] (Minecraft) [CHAT] §2§l§o[TenorClef] §rFailed exploring.
[02:52:27] [main/INFO] (Minecraft) [CHAT] §2§l§o[TenorClef] §rT2 [NOW] t=9:44.8 ph=PORTAL @243,61,136 do=<Construct Nether Portal> Mining iron for 2nd bucket at lava eq=air woodpick=1 stonepick=1 pick=1 iron=2 buck=1
[02:52:28] [main/INFO] (Minecraft) [CHAT] §2§l§o[TenorClef] §rRefreshed inventory...
[02:52:28] [main/INFO] (Minecraft) [CHAT] §2§l§o[TenorClef] §rT2 [NOW] t=9:45.8 ph=PORTAL @243,61,136 do=<Construct Nether Portal> Mining iron for 2nd bucket at lava eq=air woodpick=1 stonepick=1 pick=1 iron=2 buck=1
[02:52:28] [main/INFO] (Minecraft) [CHAT] §2§l§o[TenorClef] §rT2 [HIST] 9:45.8 SNAP ph=PORTAL @243,61,136 sky=13 wet=true ground=false pick=1 buck=1 iron=2 ore=2 rods=0 pearls=0 eyes=0 child=ConstructNetherPortalBucketTask dbg=<Construct Nether Portal> Mining iron for 2nd bucket at lava mobs=none
[02:52:29] [main/INFO] (Minecraft) [CHAT] §2§l§o[TenorClef] §rT2 [NOW] t=9:46.8 ph=PORTAL @243,61,136 do=<Construct Nether Portal> Mining iron for 2nd bucket at lava eq=air woodpick=1 stonepick=1 pick=1 iron=2 buck=1
[02:52:30] [main/INFO] (Minecraft) [STDOUT]: ALTO CLEF: WARNING: T2 [E102] spd=0.000 @243,61,136
[02:52:30] [main/INFO] (Minecraft) [CHAT] §2§l§o[TenorClef] §cT2 [E102] spd=0.000 @243,61,136§r
[02:52:30] [main/INFO] (Minecraft) [CHAT] §2§l§o[TenorClef] §rT2 [HIST] 9:47.7 [E102] spd=0.000 @243,61,136
[02:52:30] [main/INFO] (Minecraft) [CHAT] §2§l§o[TenorClef] §rT2 [NOW] t=9:47.8 ph=PORTAL @243,61,136 do=<Construct Nether Portal> Mining iron for 2nd bucket at lava eq=air woodpick=1 stonepick=1 pick=1 iron=2 buck=1
[02:52:31] [main/INFO] (Minecraft) [STDOUT]: ALTO CLEF: WARNING: T2 [S102] escape water spd=0.000
[02:52:31] [main/INFO] (Minecraft) [CHAT] §2§l§o[TenorClef] §cT2 [S102] escape water spd=0.000§r
[02:52:31] [main/INFO] (Minecraft) [CHAT] §2§l§o[TenorClef] §rT2 [HIST] 9:48.2 SOLVE S102 escape water spd=0.000
[02:52:31] [main/INFO] (Minecraft) [CHAT] §2§l§o[TenorClef] §rT2 [NOW] t=9:48.8 ph=PORTAL @243,61,136 do=<Construct Nether Portal> Mining iron for 2nd bucket at lava eq=air woodpick=1 stonepick=1 pick=1 iron=2 buck=1
[02:52:31] [main/INFO] (Minecraft) [CHAT] §2§l§o[TenorClef] §rT2 [HB] t=9:49.0 ph=PORTAL y=61 child=ConstructNetherPortalBucketTask logs=1 pick=1 woodpick=1
[02:52:32] [main/INFO] (Minecraft) [CHAT] §2§l§o[TenorClef] §rT2 [NOW] t=9:49.8 ph=PORTAL @243,61,136 do=<Construct Nether Portal> Mining iron for 2nd bucket at lava eq=air woodpick=1 stonepick=1 pick=1 iron=2 buck=1
[02:52:33] [main/INFO] (Minecraft) [CHAT] §2§l§o[TenorClef] §rFailed exploring.
[02:52:33] [main/INFO] (Minecraft) [CHAT] §2§l§o[TenorClef] §rT2 [NOW] t=9:50.8 ph=PORTAL @243,61,136 do=<Construct Nether Portal> Mining iron for 2nd bucket at lava eq=air woodpick=1 stonepick=1 pick=1 iron=2 buck=1
[02:52:33] [main/INFO] (Minecraft) [CHAT] §2§l§o[TenorClef] §rT2 [HIST] 9:50.8 SNAP ph=PORTAL @243,61,136 sky=13 wet=true ground=false pick=1 buck=1 iron=2 ore=2 rods=0 pearls=0 eyes=0 child=ConstructNetherPortalBucketTask dbg=<Construct Nether Portal> Mining iron for 2nd bucket at lava mobs=none
[02:52:34] [main/INFO] (Minecraft) [CHAT] §2§l§o[TenorClef] §rT2 [NOW] t=9:51.8 ph=PORTAL @243,61,136 do=<Construct Nether Portal> Mining iron for 2nd bucket at lava eq=air woodpick=1 stonepick=1 pick=1 iron=2 buck=1
[02:52:35] [main/INFO] (Minecraft) [CHAT] §2§l§o[TenorClef] §rT2 [NOW] t=9:52.8 ph=PORTAL @243,61,136 do=<Construct Nether Portal> Mining iron for 2nd bucket at lava eq=air woodpick=1 stonepick=1 pick=1 iron=2 buck=1
[02:52:36] [main/INFO] (Minecraft) [STDOUT]: ALTO CLEF: WARNING: T2 [E102] spd=0.000 @243,61,136
[02:52:36] [main/INFO] (Minecraft) [CHAT] §2§l§o[TenorClef] §cT2 [E102] spd=0.000 @243,61,136§r
[02:52:36] [main/INFO] (Minecraft) [CHAT] §2§l§o[TenorClef] §rT2 [HIST] 9:53.7 [E102] spd=0.000 @243,61,136
[02:52:36] [main/INFO] (Minecraft) [CHAT] §2§l§o[TenorClef] §rT2 [NOW] t=9:53.8 ph=PORTAL @243,61,136 do=<Construct Nether Portal> Mining iron for 2nd bucket at lava eq=air woodpick=1 stonepick=1 pick=1 iron=2 buck=1
[02:52:37] [main/INFO] (Minecraft) [STDOUT]: ALTO CLEF: WARNING: T2 [S102] escape water spd=0.000
[02:52:37] [main/INFO] (Minecraft) [CHAT] §2§l§o[TenorClef] §cT2 [S102] escape water spd=0.000§r
[02:52:37] [main/INFO] (Minecraft) [CHAT] §2§l§o[TenorClef] §rT2 [HIST] 9:54.2 SOLVE S102 escape water spd=0.000
[02:52:37] [main/INFO] (Minecraft) [CHAT] §2§l§o[TenorClef] §rT2 [NOW] t=9:54.8 ph=PORTAL @243,61,136 do=<Construct Nether Portal> Mining iron for 2nd bucket at lava eq=air woodpick=1 stonepick=1 pick=1 iron=2 buck=1
[02:52:38] [main/INFO] (Minecraft) [CHAT] §2§l§o[TenorClef] §rT2 [NOW] t=9:55.8 ph=PORTAL @243,61,136 do=<Construct Nether Portal> Mining iron for 2nd bucket at lava eq=air woodpick=1 stonepick=1 pick=1 iron=2 buck=1
[02:52:38] [main/INFO] (Minecraft) [CHAT] §2§l§o[TenorClef] §rT2 [HIST] 9:55.8 SNAP ph=PORTAL @243,61,136 sky=13 wet=true ground=false pick=1 buck=1 iron=2 ore=2 rods=0 pearls=0 eyes=0 child=ConstructNetherPortalBucketTask dbg=<Construct Nether Portal> Mining iron for 2nd bucket at lava mobs=none
[02:52:39] [main/INFO] (Minecraft) [CHAT] §2§l§o[TenorClef] §rT2 [NOW] t=9:56.8 ph=PORTAL @243,61,136 do=<Construct Nether Portal> Mining iron for 2nd bucket at lava eq=air woodpick=1 stonepick=1 pick=1 iron=2 buck=1
[02:52:39] [main/INFO] (Minecraft) [CHAT] §2§l§o[TenorClef] §rFailed exploring.
[02:52:40] [main/INFO] (Minecraft) [CHAT] §2§l§o[TenorClef] §rT2 [NOW] t=9:57.8 ph=PORTAL @243,61,136 do=<Construct Nether Portal> Mining iron for 2nd bucket at lava eq=air woodpick=1 stonepick=1 pick=1 iron=2 buck=1
[02:52:41] [main/INFO] (Minecraft) [CHAT] §2§l§o[TenorClef] §rT2 [NOW] t=9:58.8 ph=PORTAL @243,61,136 do=<Construct Nether Portal> Mining iron for 2nd bucket at lava eq=air woodpick=1 stonepick=1 pick=1 iron=2 buck=1
[02:52:41] [main/INFO] (Minecraft) [CHAT] §2§l§o[TenorClef] §rT2 [HB] t=9:59.0 ph=PORTAL y=61 child=ConstructNetherPortalBucketTask logs=1 pick=1 woodpick=1
[02:52:42] [main/INFO] (Minecraft) [STDOUT]: ALTO CLEF: WARNING: T2 [E102] spd=0.000 @243,61,136
[02:52:42] [main/INFO] (Minecraft) [CHAT] §2§l§o[TenorClef] §cT2 [E102] spd=0.000 @243,61,136§r
[02:52:42] [main/INFO] (Minecraft) [CHAT] §2§l§o[TenorClef] §rT2 [HIST] 9:59.8 [E102] spd=0.000 @243,61,136
[02:52:42] [main/INFO] (Minecraft) [CHAT] §2§l§o[TenorClef] §rT2 [NOW] t=9:59.8 ph=PORTAL @243,61,136 do=<Construct Nether Portal> Mining iron for 2nd bucket at lava eq=air woodpick=1 stonepick=1 pick=1 iron=2 buck=1
[02:52:43] [main/INFO] (Minecraft) [STDOUT]: ALTO CLEF: WARNING: T2 [S102] escape water spd=0.000
[02:52:43] [main/INFO] (Minecraft) [CHAT] §2§l§o[TenorClef] §cT2 [S102] escape water spd=0.000§r
[02:52:43] [main/INFO] (Minecraft) [CHAT] §2§l§o[TenorClef] §rT2 [HIST] 10:00.2 SOLVE S102 escape water spd=0.000
[02:52:43] [main/INFO] (Minecraft) [CHAT] §2§l§o[TenorClef] §rT2 [NOW] t=10:00.8 ph=PORTAL @243,61,136 do=<Construct Nether Portal> Mining iron for 2nd bucket at lava eq=air woodpick=1 stonepick=1 pick=1 iron=2 buck=1
[02:52:43] [main/INFO] (Minecraft) [CHAT] §2§l§o[TenorClef] §rT2 [HIST] 10:00.8 SNAP ph=PORTAL @243,61,136 sky=13 wet=true ground=false pick=1 buck=1 iron=2 ore=2 rods=0 pearls=0 eyes=0 child=ConstructNetherPortalBucketTask dbg=<Construct Nether Portal> Mining iron for 2nd bucket at lava mobs=none
[02:52:44] [main/INFO] (Minecraft) [CHAT] §2§l§o[TenorClef] §rT2 [NOW] t=10:01.8 ph=PORTAL @243,61,136 do=<Construct Nether Portal> Mining iron for 2nd bucket at lava eq=air woodpick=1 stonepick=1 pick=1 iron=2 buck=1
[02:52:45] [main/INFO] (Minecraft) [CHAT] §2§l§o[TenorClef] §rT2 [NOW] t=10:02.8 ph=PORTAL @243,61,136 do=<Construct Nether Portal> Mining iron for 2nd bucket at lava eq=air woodpick=1 stonepick=1 pick=1 iron=2 buck=1
[02:52:45] [main/INFO] (Minecraft) [CHAT] §2§l§o[TenorClef] §rFailed exploring.
[02:52:46] [main/INFO] (Minecraft) [CHAT] §2§l§o[TenorClef] §rT2 [NOW] t=10:03.8 ph=PORTAL @243,61,136 do=<Construct Nether Portal> Mining iron for 2nd bucket at lava eq=air woodpick=1 stonepick=1 pick=1 iron=2 buck=1
[02:52:47] [main/INFO] (Minecraft) [CHAT] §2§l§o[TenorClef] §rT2 [NOW] t=10:04.8 ph=PORTAL @243,61,136 do=<Construct Nether Portal> Mining iron for 2nd bucket at lava eq=air woodpick=1 stonepick=1 pick=1 iron=2 buck=1
[02:52:48] [main/INFO] (Minecraft) [CHAT] §2§l§o[TenorClef] §rT2 [NOW] t=10:05.8 ph=PORTAL @243,61,136 do=<Construct Nether Portal> Mining iron for 2nd bucket at lava eq=air woodpick=1 stonepick=1 pick=1 iron=2 buck=1
[02:52:48] [main/INFO] (Minecraft) [CHAT] §2§l§o[TenorClef] §rT2 [HIST] 10:05.8 SNAP ph=PORTAL @243,61,136 sky=13 wet=true ground=false pick=1 buck=1 iron=2 ore=2 rods=0 pearls=0 eyes=0 child=ConstructNetherPortalBucketTask dbg=<Construct Nether Portal> Mining iron for 2nd bucket at lava mobs=none
[02:52:48] [main/INFO] (Minecraft) [STDOUT]: ALTO CLEF: WARNING: T2 [E102] spd=0.000 @243,61,136
[02:52:48] [main/INFO] (Minecraft) [CHAT] §2§l§o[TenorClef] §cT2 [E102] spd=0.000 @243,61,136§r
[02:52:48] [main/INFO] (Minecraft) [CHAT] §2§l§o[TenorClef] §rT2 [HIST] 10:05.8 [E102] spd=0.000 @243,61,136
[02:52:49] [main/INFO] (Minecraft) [STDOUT]: ALTO CLEF: WARNING: T2 [S102] escape water spd=0.000
[02:52:49] [main/INFO] (Minecraft) [CHAT] §2§l§o[TenorClef] §cT2 [S102] escape water spd=0.000§r
[02:52:49] [main/INFO] (Minecraft) [CHAT] §2§l§o[TenorClef] §rT2 [HIST] 10:06.2 SOLVE S102 escape water spd=0.000
[02:52:49] [main/INFO] (Minecraft) [CHAT] §2§l§o[TenorClef] §rT2 [NOW] t=10:06.8 ph=PORTAL @243,61,136 do=<Construct Nether Portal> Mining iron for 2nd bucket at lava eq=air woodpick=1 stonepick=1 pick=1 iron=2 buck=1
[02:52:50] [main/INFO] (Minecraft) [CHAT] §2§l§o[TenorClef] §rT2 [NOW] t=10:07.8 ph=PORTAL @243,61,136 do=<Construct Nether Portal> Mining iron for 2nd bucket at lava eq=air woodpick=1 stonepick=1 pick=1 iron=2 buck=1
[02:52:51] [main/INFO] (Minecraft) [CHAT] §2§l§o[TenorClef] §rConstruct: need iron for 2nd bucket (iron=2 empty=0 water=1 lava=0)
[02:52:51] [main/INFO] (Minecraft) [STDOUT]: ALTO CLEF: WARNING: T2 [S160] portal build held the slot 120s without finishing @243,61,136 - pin suspended for 30s so the driver can relocate
[02:52:51] [main/INFO] (Minecraft) [CHAT] §2§l§o[TenorClef] §cT2 [S160] portal build held the slot 120s without finishing @243,61,136 - pin suspended for 30s so the driver can relocate§r
[02:52:51] [main/INFO] (Minecraft) [CHAT] §2§l§o[TenorClef] §rT2 [HIST] 10:08.7 FORCE S160 portal build held the slot 120s without finishing @243,61,136 - pin suspended for 30s so the driver can relocate
[02:52:51] [main/INFO] (Minecraft) [CHAT] §2§l§o[TenorClef] §rT2 [NOW] t=10:08.8 ph=PORTAL @243,61,136 do=<Construct Nether Portal> Mining iron for 2nd bucket at lava eq=air woodpick=1 stonepick=1 pick=1 iron=2 buck=1
[02:52:51] [main/INFO] (Minecraft) [CHAT] §2§l§o[TenorClef] §rT2 [HB] t=10:09.0 ph=PORTAL y=61 child=ConstructNetherPortalBucketTask logs=1 pick=1 woodpick=1
[02:52:52] [main/INFO] (Minecraft) [CHAT] §2§l§o[TenorClef] §rT2 [NOW] t=10:09.8 ph=PORTAL @243,61,136 do=<Construct Nether Portal> Mining iron for 2nd bucket at lava eq=air woodpick=1 stonepick=1 pick=1 iron=2 buck=1
[02:52:53] [main/INFO] (Minecraft) [CHAT] §2§l§o[TenorClef] §rT2 [NOW] t=10:10.8 ph=PORTAL @243,61,136 do=<Construct Nether Portal> Mining iron for 2nd bucket at lava eq=air woodpick=1 stonepick=1 pick=1 iron=2 buck=1
[02:52:53] [main/INFO] (Minecraft) [CHAT] §2§l§o[TenorClef] §rT2 [HIST] 10:10.8 SNAP ph=PORTAL @243,61,136 sky=13 wet=true ground=false pick=1 buck=1 iron=2 ore=2 rods=0 pearls=0 eyes=0 child=ConstructNetherPortalBucketTask dbg=<Construct Nether Portal> Mining iron for 2nd bucket at lava mobs=none
[02:52:54] [main/INFO] (Minecraft) [CHAT] §2§l§o[TenorClef] §rT2 [NOW] t=10:11.8 ph=PORTAL @243,61,136 do=<Construct Nether Portal> Mining iron for 2nd bucket at lava eq=air woodpick=1 stonepick=1 pick=1 iron=2 buck=1
[02:52:54] [main/INFO] (Minecraft) [STDOUT]: ALTO CLEF: WARNING: T2 [E102] spd=0.000 @243,61,136
[02:52:54] [main/INFO] (Minecraft) [CHAT] §2§l§o[TenorClef] §cT2 [E102] spd=0.000 @243,61,136§r
[02:52:54] [main/INFO] (Minecraft) [CHAT] §2§l§o[TenorClef] §rT2 [HIST] 10:11.9 [E102] spd=0.000 @243,61,136
[02:52:55] [main/INFO] (Minecraft) [STDOUT]: ALTO CLEF: WARNING: T2 [S102] escape water spd=0.000
[02:52:55] [main/INFO] (Minecraft) [CHAT] §2§l§o[TenorClef] §cT2 [S102] escape water spd=0.000§r
[02:52:55] [main/INFO] (Minecraft) [CHAT] §2§l§o[TenorClef] §rT2 [HIST] 10:12.2 SOLVE S102 escape water spd=0.000
[02:52:55] [main/INFO] (Minecraft) [CHAT] §2§l§o[TenorClef] §rT2 [NOW] t=10:12.8 ph=PORTAL @243,61,136 do=<Construct Nether Portal> Mining iron for 2nd bucket at lava eq=air woodpick=1 stonepick=1 pick=1 iron=2 buck=1
[02:52:56] [main/INFO] (Minecraft) [CHAT] §2§l§o[TenorClef] §rT2 [NOW] t=10:13.8 ph=PORTAL @243,61,136 do=<Construct Nether Portal> Mining iron for 2nd bucket at lava eq=air woodpick=1 stonepick=1 pick=1 iron=2 buck=1
[02:52:57] [main/INFO] (Minecraft) [CHAT] §2§l§o[TenorClef] §rFailed exploring.
[02:52:57] [main/INFO] (Minecraft) [CHAT] §2§l§o[TenorClef] §rT2 [NOW] t=10:14.8 ph=PORTAL @243,61,136 do=<Construct Nether Portal> Mining iron for 2nd bucket at lava eq=air woodpick=1 stonepick=1 pick=1 iron=2 buck=1
[02:52:58] [main/INFO] (Minecraft) [CHAT] §2§l§o[TenorClef] §rRefreshed inventory...
[02:52:58] [main/INFO] (Minecraft) [CHAT] §2§l§o[TenorClef] §rT2 [NOW] t=10:15.8 ph=PORTAL @243,61,136 do=<Construct Nether Portal> Mining iron for 2nd bucket at lava eq=air woodpick=1 stonepick=1 pick=1 iron=2 buck=1
[02:52:58] [main/INFO] (Minecraft) [CHAT] §2§l§o[TenorClef] §rT2 [HIST] 10:15.8 SNAP ph=PORTAL @243,61,136 sky=13 wet=true ground=false pick=1 buck=1 iron=2 ore=2 rods=0 pearls=0 eyes=0 child=ConstructNetherPortalBucketTask dbg=<Construct Nether Portal> Mining iron for 2nd bucket at lava mobs=none
[02:52:59] [main/INFO] (Minecraft) [CHAT] §2§l§o[TenorClef] §rT2 [NOW] t=10:16.8 ph=PORTAL @243,61,136 do=<Construct Nether Portal> Mining iron for 2nd bucket at lava eq=air woodpick=1 stonepick=1 pick=1 iron=2 buck=1
[02:53:00] [main/INFO] (Minecraft) [CHAT] §2§l§o[TenorClef] §rT2 [NOW] t=10:17.8 ph=PORTAL @243,61,136 do=<Construct Nether Portal> Mining iron for 2nd bucket at lava eq=air woodpick=1 stonepick=1 pick=1 iron=2 buck=1
[02:53:00] [main/INFO] (Minecraft) [STDOUT]: ALTO CLEF: WARNING: T2 [E102] spd=0.000 @243,61,136
[02:53:00] [main/INFO] (Minecraft) [CHAT] §2§l§o[TenorClef] §cT2 [E102] spd=0.000 @243,61,136§r
[02:53:00] [main/INFO] (Minecraft) [CHAT] §2§l§o[TenorClef] §rT2 [HIST] 10:17.9 [E102] spd=0.000 @243,61,136
[02:53:01] [main/INFO] (Minecraft) [STDOUT]: ALTO CLEF: WARNING: T2 [S102] escape water spd=0.000
[02:53:01] [main/INFO] (Minecraft) [CHAT] §2§l§o[TenorClef] §cT2 [S102] escape water spd=0.000§r
[02:53:01] [main/INFO] (Minecraft) [CHAT] §2§l§o[TenorClef] §rT2 [HIST] 10:18.2 SOLVE S102 escape water spd=0.000
[02:53:01] [main/INFO] (Minecraft) [CHAT] §2§l§o[TenorClef] §rT2 [NOW] t=10:18.8 ph=PORTAL @243,61,136 do=<Construct Nether Portal> Mining iron for 2nd bucket at lava eq=air woodpick=1 stonepick=1 pick=1 iron=2 buck=1
[02:53:01] [main/INFO] (Minecraft) [CHAT] §2§l§o[TenorClef] §rT2 [HB] t=10:19.0 ph=PORTAL y=61 child=ConstructNetherPortalBucketTask logs=1 pick=1 woodpick=1
[02:53:02] [main/INFO] (Minecraft) [CHAT] §2§l§o[TenorClef] §rT2 [NOW] t=10:19.8 ph=PORTAL @243,61,136 do=<Construct Nether Portal> Mining iron for 2nd bucket at lava eq=air woodpick=1 stonepick=1 pick=1 iron=2 buck=1
[02:53:03] [main/INFO] (Minecraft) [CHAT] §2§l§o[TenorClef] §rT2 [NOW] t=10:20.8 ph=PORTAL @243,61,136 do=<Construct Nether Portal> Mining iron for 2nd bucket at lava eq=air woodpick=1 stonepick=1 pick=1 iron=2 buck=1
[02:53:03] [main/INFO] (Minecraft) [CHAT] §2§l§o[TenorClef] §rT2 [HIST] 10:20.8 SNAP ph=PORTAL @243,61,136 sky=13 wet=true ground=false pick=1 buck=1 iron=2 ore=2 rods=0 pearls=0 eyes=0 child=ConstructNetherPortalBucketTask dbg=<Construct Nether Portal> Mining iron for 2nd bucket at lava mobs=none
[02:53:03] [main/INFO] (Minecraft) [CHAT] §2§l§o[TenorClef] §rFailed exploring.
[02:53:04] [main/INFO] (Minecraft) [CHAT] §2§l§o[TenorClef] §rT2 [NOW] t=10:21.8 ph=PORTAL @243,61,136 do=<Construct Nether Portal> Mining iron for 2nd bucket at lava eq=air woodpick=1 stonepick=1 pick=1 iron=2 buck=1
[02:53:05] [main/INFO] (Minecraft) [CHAT] §2§l§o[TenorClef] §rT2 [NOW] t=10:22.8 ph=PORTAL @243,61,136 do=<Construct Nether Portal> Mining iron for 2nd bucket at lava eq=air woodpick=1 stonepick=1 pick=1 iron=2 buck=1
[02:53:06] [main/INFO] (Minecraft) [CHAT] §2§l§o[TenorClef] §rT2 [NOW] t=10:23.8 ph=PORTAL @243,61,136 do=<Construct Nether Portal> Mining iron for 2nd bucket at lava eq=air woodpick=1 stonepick=1 pick=1 iron=2 buck=1
[02:53:06] [main/INFO] (Minecraft) [STDOUT]: ALTO CLEF: WARNING: T2 [E102] spd=0.000 @243,61,136
[02:53:06] [main/INFO] (Minecraft) [CHAT] §2§l§o[TenorClef] §cT2 [E102] spd=0.000 @243,61,136§r
[02:53:06] [main/INFO] (Minecraft) [CHAT] §2§l§o[TenorClef] §rT2 [HIST] 10:24.0 [E102] spd=0.000 @243,61,136
[02:53:07] [main/INFO] (Minecraft) [STDOUT]: ALTO CLEF: WARNING: T2 [S102] escape water spd=0.000
[02:53:07] [main/INFO] (Minecraft) [CHAT] §2§l§o[TenorClef] §cT2 [S102] escape water spd=0.000§r
[02:53:07] [main/INFO] (Minecraft) [CHAT] §2§l§o[TenorClef] §rT2 [HIST] 10:24.2 SOLVE S102 escape water spd=0.000
[02:53:07] [pool-5-thread-2/INFO] (Minecraft) [STDOUT]: Saving region 0,-1 to disk C:\Users\redfa\Documents\MinecraftDev\altoclef\versions\1.16.1\run\saves\AutoRun_20260924_024210\.\baritone\cache
[02:53:07] [ForkJoinPool.commonPool-worker-2/INFO] (Minecraft) [STDOUT]: Saving region 0,0 to disk C:\Users\redfa\Documents\MinecraftDev\altoclef\versions\1.16.1\run\saves\AutoRun_20260924_024210\.\baritone\cache
[02:53:07] [main/INFO] (Minecraft) [CHAT] §2§l§o[TenorClef] §rT2 [NOW] t=10:24.8 ph=PORTAL @243,61,136 do=<Construct Nether Portal> Mining iron for 2nd bucket at lava eq=air woodpick=1 stonepick=1 pick=1 iron=2 buck=1
[02:53:07] [pool-5-thread-2/INFO] (Minecraft) [STDOUT]: Saved region successfully
[02:53:07] [ForkJoinPool.commonPool-worker-2/INFO] (Minecraft) [STDOUT]: Saved region successfully
[02:53:07] [pool-5-thread-2/INFO] (Minecraft) [STDOUT]: World save took 159ms
[02:53:08] [main/INFO] (Minecraft) [CHAT] §2§l§o[TenorClef] §rT2 [NOW] t=10:25.8 ph=PORTAL @243,61,136 do=<Construct Nether Portal> Mining iron for 2nd bucket at lava eq=air woodpick=1 stonepick=1 pick=1 iron=2 buck=1
[02:53:08] [main/INFO] (Minecraft) [CHAT] §2§l§o[TenorClef] §rT2 [HIST] 10:25.8 SNAP ph=PORTAL @243,61,136 sky=13 wet=true ground=false pick=1 buck=1 iron=2 ore=2 rods=0 pearls=0 eyes=0 child=ConstructNetherPortalBucketTask dbg=<Construct Nether Portal> Mining iron for 2nd bucket at lava mobs=none
[02:53:09] [main/INFO] (Minecraft) [CHAT] §2§l§o[TenorClef] §rT2 [NOW] t=10:26.8 ph=PORTAL @243,61,136 do=<Construct Nether Portal> Mining iron for 2nd bucket at lava eq=air woodpick=1 stonepick=1 pick=1 iron=2 buck=1
[02:53:09] [main/INFO] (Minecraft) [CHAT] §2§l§o[TenorClef] §rFailed exploring.
[02:53:10] [main/INFO] (Minecraft) [CHAT] §2§l§o[TenorClef] §rT2 [NOW] t=10:27.8 ph=PORTAL @243,61,136 do=<Construct Nether Portal> Mining iron for 2nd bucket at lava eq=air woodpick=1 stonepick=1 pick=1 iron=2 buck=1
[02:53:11] [main/INFO] (Minecraft) [CHAT] §2§l§o[TenorClef] §rT2 [NOW] t=10:28.8 ph=PORTAL @243,61,136 do=<Construct Nether Portal> Mining iron for 2nd bucket at lava eq=air woodpick=1 stonepick=1 pick=1 iron=2 buck=1
[02:53:11] [main/INFO] (Minecraft) [CHAT] §2§l§o[TenorClef] §rT2 [HB] t=10:29.0 ph=PORTAL y=61 child=ConstructNetherPortalBucketTask logs=1 pick=1 woodpick=1
[02:53:12] [main/INFO] (Minecraft) [CHAT] §2§l§o[TenorClef] §rT2 [NOW] t=10:29.8 ph=PORTAL @243,61,136 do=<Construct Nether Portal> Mining iron for 2nd bucket at lava eq=air woodpick=1 stonepick=1 pick=1 iron=2 buck=1
[02:53:12] [main/INFO] (Minecraft) [STDOUT]: ALTO CLEF: WARNING: T2 [E102] spd=0.000 @243,61,136
[02:53:12] [main/INFO] (Minecraft) [CHAT] §2§l§o[TenorClef] §cT2 [E102] spd=0.000 @243,61,136§r
[02:53:12] [main/INFO] (Minecraft) [CHAT] §2§l§o[TenorClef] §rT2 [HIST] 10:30.0 [E102] spd=0.000 @243,61,136
[02:53:13] [main/INFO] (Minecraft) [STDOUT]: ALTO CLEF: WARNING: T2 [S102] escape water spd=0.000
[02:53:13] [main/INFO] (Minecraft) [CHAT] §2§l§o[TenorClef] §cT2 [S102] escape water spd=0.000§r
[02:53:13] [main/INFO] (Minecraft) [CHAT] §2§l§o[TenorClef] §rT2 [HIST] 10:30.2 SOLVE S102 escape water spd=0.000
[02:53:13] [main/INFO] (Minecraft) [CHAT] §2§l§o[TenorClef] §rT2 [NOW] t=10:30.8 ph=PORTAL @243,61,136 do=<Construct Nether Portal> Mining iron for 2nd bucket at lava eq=air woodpick=1 stonepick=1 pick=1 iron=2 buck=1
[02:53:13] [main/INFO] (Minecraft) [CHAT] §2§l§o[TenorClef] §rT2 [HIST] 10:30.8 SNAP ph=PORTAL @243,61,136 sky=13 wet=true ground=false pick=1 buck=1 iron=2 ore=2 rods=0 pearls=0 eyes=0 child=ConstructNetherPortalBucketTask dbg=<Construct Nether Portal> Mining iron for 2nd bucket at lava mobs=none
[02:53:14] [main/INFO] (Minecraft) [CHAT] §2§l§o[TenorClef] §rT2 [NOW] t=10:31.8 ph=PORTAL @243,61,136 do=<Construct Nether Portal> Mining iron for 2nd bucket at lava eq=air woodpick=1 stonepick=1 pick=1 iron=2 buck=1
[02:53:15] [main/INFO] (Minecraft) [CHAT] §2§l§o[TenorClef] §rT2 [NOW] t=10:32.8 ph=PORTAL @243,61,136 do=<Construct Nether Portal> Mining iron for 2nd bucket at lava eq=air woodpick=1 stonepick=1 pick=1 iron=2 buck=1
[02:53:15] [main/INFO] (Minecraft) [CHAT] §2§l§o[TenorClef] §rFailed exploring.
[02:53:16] [main/INFO] (Minecraft) [CHAT] §2§l§o[TenorClef] §rT2 [NOW] t=10:33.8 ph=PORTAL @243,61,136 do=<Construct Nether Portal> Mining iron for 2nd bucket at lava eq=air woodpick=1 stonepick=1 pick=1 iron=2 buck=1
[02:53:17] [main/INFO] (Minecraft) [CHAT] §2§l§o[TenorClef] §rT2 [NOW] t=10:34.8 ph=PORTAL @243,61,136 do=<Construct Nether Portal> Mining iron for 2nd bucket at lava eq=air woodpick=1 stonepick=1 pick=1 iron=2 buck=1
[02:53:18] [main/INFO] (Minecraft) [CHAT] §2§l§o[TenorClef] §rT2 [NOW] t=10:35.8 ph=PORTAL @243,61,136 do=<Construct Nether Portal> Mining iron for 2nd bucket at lava eq=air woodpick=1 stonepick=1 pick=1 iron=2 buck=1
[02:53:18] [main/INFO] (Minecraft) [CHAT] §2§l§o[TenorClef] §rT2 [HIST] 10:35.8 SNAP ph=PORTAL @243,61,136 sky=13 wet=true ground=false pick=1 buck=1 iron=2 ore=2 rods=0 pearls=0 eyes=0 child=ConstructNetherPortalBucketTask dbg=<Construct Nether Portal> Mining iron for 2nd bucket at lava mobs=none
[02:53:18] [main/INFO] (Minecraft) [STDOUT]: ALTO CLEF: WARNING: T2 [E102] spd=0.000 @243,61,136
[02:53:18] [main/INFO] (Minecraft) [CHAT] §2§l§o[TenorClef] §cT2 [E102] spd=0.000 @243,61,136§r
[02:53:18] [main/INFO] (Minecraft) [CHAT] §2§l§o[TenorClef] §rT2 [HIST] 10:36.1 [E102] spd=0.000 @243,61,136
[02:53:19] [main/INFO] (Minecraft) [STDOUT]: ALTO CLEF: WARNING: T2 [E118] ConstructNetherPortalBucketTask 90s no inv change ph=PORTAL
[02:53:19] [main/INFO] (Minecraft) [CHAT] §2§l§o[TenorClef] §cT2 [E118] ConstructNetherPortalBucketTask 90s no inv change ph=PORTAL§r
[02:53:19] [main/INFO] (Minecraft) [CHAT] §2§l§o[TenorClef] §rT2 [HIST] 10:36.2 [E118] ConstructNetherPortalBucketTask 90s no inv change ph=PORTAL
[02:53:19] [main/INFO] (Minecraft) [STDOUT]: ALTO CLEF: WARNING: T2 [S102] escape water spd=0.000
[02:53:19] [main/INFO] (Minecraft) [CHAT] §2§l§o[TenorClef] §cT2 [S102] escape water spd=0.000§r
[02:53:19] [main/INFO] (Minecraft) [CHAT] §2§l§o[TenorClef] §rT2 [HIST] 10:36.2 SOLVE S102 escape water spd=0.000
[02:53:19] [main/INFO] (Minecraft) [CHAT] §2§l§o[TenorClef] §rT2 [NOW] t=10:36.8 ph=PORTAL @243,61,136 do=<Construct Nether Portal> Mining iron for 2nd bucket at lava eq=air woodpick=1 stonepick=1 pick=1 iron=2 buck=1
[02:53:20] [main/INFO] (Minecraft) [CHAT] §2§l§o[TenorClef] §rT2 [NOW] t=10:37.8 ph=PORTAL @243,61,136 do=<Construct Nether Portal> Mining iron for 2nd bucket at lava eq=air woodpick=1 stonepick=1 pick=1 iron=2 buck=1
[02:53:21] [main/INFO] (Minecraft) [CHAT] §2§l§o[TenorClef] §rConstruct: need iron for 2nd bucket (iron=2 empty=0 water=1 lava=0)
[02:53:21] [main/INFO] (Minecraft) [STDOUT]: ALTO CLEF: WARNING: T2 [S160] portal build held the slot 120s without finishing @243,61,136 - pin suspended for 30s so the driver can relocate
[02:53:21] [main/INFO] (Minecraft) [CHAT] §2§l§o[TenorClef] §cT2 [S160] portal build held the slot 120s without finishing @243,61,136 - pin suspended for 30s so the driver can relocate§r
[02:53:21] [main/INFO] (Minecraft) [CHAT] §2§l§o[TenorClef] §rT2 [HIST] 10:38.8 FORCE S160 portal build held the slot 120s without finishing @243,61,136 - pin suspended for 30s so the driver can relocate
[02:53:21] [main/INFO] (Minecraft) [CHAT] §2§l§o[TenorClef] §rT2 [NOW] t=10:38.8 ph=PORTAL @243,61,136 do=<Construct Nether Portal> Mining iron for 2nd bucket at lava eq=air woodpick=1 stonepick=1 pick=1 iron=2 buck=1
[02:53:21] [main/INFO] (Minecraft) [CHAT] §2§l§o[TenorClef] §rT2 [HB] t=10:39.0 ph=PORTAL y=61 child=ConstructNetherPortalBucketTask logs=1 pick=1 woodpick=1
[02:53:22] [main/INFO] (Minecraft) [CHAT] §2§l§o[TenorClef] §rT2 [NOW] t=10:39.8 ph=PORTAL @243,61,136 do=<Construct Nether Portal> Mining iron for 2nd bucket at lava eq=air woodpick=1 stonepick=1 pick=1 iron=2 buck=1
[02:53:23] [main/INFO] (Minecraft) [CHAT] §2§l§o[TenorClef] §rT2 [NOW] t=10:40.8 ph=PORTAL @243,61,136 do=<Construct Nether Portal> Mining iron for 2nd bucket at lava eq=air woodpick=1 stonepick=1 pick=1 iron=2 buck=1
[02:53:23] [main/INFO] (Minecraft) [CHAT] §2§l§o[TenorClef] §rT2 [HIST] 10:40.8 SNAP ph=PORTAL @243,61,136 sky=13 wet=true ground=false pick=1 buck=1 iron=2 ore=2 rods=0 pearls=0 eyes=0 child=ConstructNetherPortalBucketTask dbg=<Construct Nether Portal> Mining iron for 2nd bucket at lava mobs=none
[02:53:24] [main/INFO] (Minecraft) [CHAT] §2§l§o[TenorClef] §rT2 [NOW] t=10:41.8 ph=PORTAL @243,61,136 do=<Construct Nether Portal> Mining iron for 2nd bucket at lava eq=air woodpick=1 stonepick=1 pick=1 iron=2 buck=1
[02:53:25] [main/INFO] (Minecraft) [STDOUT]: ALTO CLEF: WARNING: T2 [E102] spd=0.000 @243,61,136
[02:53:25] [main/INFO] (Minecraft) [CHAT] §2§l§o[TenorClef] §cT2 [E102] spd=0.000 @243,61,136§r
[02:53:25] [main/INFO] (Minecraft) [CHAT] §2§l§o[TenorClef] §rT2 [HIST] 10:42.1 [E102] spd=0.000 @243,61,136
[02:53:25] [main/INFO] (Minecraft) [STDOUT]: ALTO CLEF: WARNING: T2 [S102] escape water spd=0.000
[02:53:25] [main/INFO] (Minecraft) [CHAT] §2§l§o[TenorClef] §cT2 [S102] escape water spd=0.000§r
[02:53:25] [main/INFO] (Minecraft) [CHAT] §2§l§o[TenorClef] §rT2 [HIST] 10:42.2 SOLVE S102 escape water spd=0.000
[02:53:25] [main/INFO] (Minecraft) [CHAT] §2§l§o[TenorClef] §rT2 [NOW] t=10:42.8 ph=PORTAL @243,61,136 do=<Construct Nether Portal> Mining iron for 2nd bucket at lava eq=air woodpick=1 stonepick=1 pick=1 iron=2 buck=1
[02:53:26] [main/INFO] (Minecraft) [CHAT] §2§l§o[TenorClef] §rT2 [NOW] t=10:43.8 ph=PORTAL @243,61,136 do=<Construct Nether Portal> Mining iron for 2nd bucket at lava eq=air woodpick=1 stonepick=1 pick=1 iron=2 buck=1
[02:53:27] [main/INFO] (Minecraft) [CHAT] §2§l§o[TenorClef] §rT2 [NOW] t=10:44.8 ph=PORTAL @243,61,136 do=<Construct Nether Portal> Mining iron for 2nd bucket at lava eq=air woodpick=1 stonepick=1 pick=1 iron=2 buck=1
[02:53:27] [main/INFO] (Minecraft) [CHAT] §2§l§o[TenorClef] §rFailed exploring.
[02:53:28] [main/INFO] (Minecraft) [CHAT] §2§l§o[TenorClef] §rRefreshed inventory...
[02:53:28] [main/INFO] (Minecraft) [CHAT] §2§l§o[TenorClef] §rT2 [NOW] t=10:45.8 ph=PORTAL @243,61,136 do=<Construct Nether Portal> Mining iron for 2nd bucket at lava eq=air woodpick=1 stonepick=1 pick=1 iron=2 buck=1
[02:53:28] [main/INFO] (Minecraft) [CHAT] §2§l§o[TenorClef] §rT2 [HIST] 10:45.8 SNAP ph=PORTAL @243,61,136 sky=13 wet=true ground=false pick=1 buck=1 iron=2 ore=2 rods=0 pearls=0 eyes=0 child=ConstructNetherPortalBucketTask dbg=<Construct Nether Portal> Mining iron for 2nd bucket at lava mobs=none
[02:53:29] [main/INFO] (Minecraft) [CHAT] §2§l§o[TenorClef] §rT2 [NOW] t=10:46.8 ph=PORTAL @243,61,136 do=<Construct Nether Portal> Mining iron for 2nd bucket at lava eq=air woodpick=1 stonepick=1 pick=1 iron=2 buck=1
[02:53:30] [main/INFO] (Minecraft) [CHAT] §2§l§o[TenorClef] §rT2 [NOW] t=10:47.8 ph=PORTAL @243,61,136 do=<Construct Nether Portal> Mining iron for 2nd bucket at lava eq=air woodpick=1 stonepick=1 pick=1 iron=2 buck=1
[02:53:31] [main/INFO] (Minecraft) [STDOUT]: ALTO CLEF: WARNING: T2 [E102] spd=0.000 @243,61,136
[02:53:31] [main/INFO] (Minecraft) [CHAT] §2§l§o[TenorClef] §cT2 [E102] spd=0.000 @243,61,136§r
[02:53:31] [main/INFO] (Minecraft) [CHAT] §2§l§o[TenorClef] §rT2 [HIST] 10:48.2 [E102] spd=0.000 @243,61,136
[02:53:31] [main/INFO] (Minecraft) [STDOUT]: ALTO CLEF: WARNING: T2 [S102] escape water spd=0.000
[02:53:31] [main/INFO] (Minecraft) [CHAT] §2§l§o[TenorClef] §cT2 [S102] escape water spd=0.000§r
[02:53:31] [main/INFO] (Minecraft) [CHAT] §2§l§o[TenorClef] §rT2 [HIST] 10:48.2 SOLVE S102 escape water spd=0.000
[02:53:31] [main/INFO] (Minecraft) [CHAT] §2§l§o[TenorClef] §rT2 [NOW] t=10:48.8 ph=PORTAL @243,61,136 do=<Construct Nether Portal> Mining iron for 2nd bucket at lava eq=air woodpick=1 stonepick=1 pick=1 iron=2 buck=1
[02:53:31] [main/INFO] (Minecraft) [CHAT] §2§l§o[TenorClef] §rT2 [HB] t=10:49.0 ph=PORTAL y=61 child=ConstructNetherPortalBucketTask logs=1 pick=1 woodpick=1
[02:53:32] [main/INFO] (Minecraft) [CHAT] §2§l§o[TenorClef] §rT2 [NOW] t=10:49.8 ph=PORTAL @243,61,136 do=<Construct Nether Portal> Mining iron for 2nd bucket at lava eq=air woodpick=1 stonepick=1 pick=1 iron=2 buck=1
[02:53:33] [main/INFO] (Minecraft) [CHAT] §2§l§o[TenorClef] §rT2 [NOW] t=10:50.8 ph=PORTAL @243,61,136 do=<Construct Nether Portal> Mining iron for 2nd bucket at lava eq=air woodpick=1 stonepick=1 pick=1 iron=2 buck=1
[02:53:33] [main/INFO] (Minecraft) [CHAT] §2§l§o[TenorClef] §rT2 [HIST] 10:50.8 SNAP ph=PORTAL @243,61,136 sky=13 wet=true ground=false pick=1 buck=1 iron=2 ore=2 rods=0 pearls=0 eyes=0 child=ConstructNetherPortalBucketTask dbg=<Construct Nether Portal> Mining iron for 2nd bucket at lava mobs=none
[02:53:33] [main/INFO] (Minecraft) [CHAT] §2§l§o[TenorClef] §rFailed exploring.
[02:53:34] [main/INFO] (Minecraft) [CHAT] §2§l§o[TenorClef] §rT2 [NOW] t=10:51.8 ph=PORTAL @243,61,136 do=<Construct Nether Portal> Mining iron for 2nd bucket at lava eq=air woodpick=1 stonepick=1 pick=1 iron=2 buck=1
[02:53:35] [main/INFO] (Minecraft) [CHAT] §2§l§o[TenorClef] §rT2 [NOW] t=10:52.8 ph=PORTAL @243,61,136 do=<Construct Nether Portal> Mining iron for 2nd bucket at lava eq=air woodpick=1 stonepick=1 pick=1 iron=2 buck=1
[02:53:36] [main/INFO] (Minecraft) [CHAT] §2§l§o[TenorClef] §rT2 [NOW] t=10:53.8 ph=PORTAL @243,61,136 do=<Construct Nether Portal> Mining iron for 2nd bucket at lava eq=air woodpick=1 stonepick=1 pick=1 iron=2 buck=1
[02:53:37] [main/INFO] (Minecraft) [STDOUT]: ALTO CLEF: WARNING: T2 [E102] spd=0.000 @243,61,136
[02:53:37] [main/INFO] (Minecraft) [CHAT] §2§l§o[TenorClef] §cT2 [E102] spd=0.000 @243,61,136§r
[02:53:37] [main/INFO] (Minecraft) [CHAT] §2§l§o[TenorClef] §rT2 [HIST] 10:54.2 [E102] spd=0.000 @243,61,136
[02:53:37] [main/INFO] (Minecraft) [STDOUT]: ALTO CLEF: WARNING: T2 [S102] escape water spd=0.000
[02:53:37] [main/INFO] (Minecraft) [CHAT] §2§l§o[TenorClef] §cT2 [S102] escape water spd=0.000§r
[02:53:37] [main/INFO] (Minecraft) [CHAT] §2§l§o[TenorClef] §rT2 [HIST] 10:54.2 SOLVE S102 escape water spd=0.000
[02:53:37] [main/INFO] (Minecraft) [CHAT] §2§l§o[TenorClef] §rT2 [NOW] t=10:54.8 ph=PORTAL @243,61,136 do=<Construct Nether Portal> Mining iron for 2nd bucket at lava eq=air woodpick=1 stonepick=1 pick=1 iron=2 buck=1
[02:53:38] [main/INFO] (Minecraft) [CHAT] §2§l§o[TenorClef] §rT2 [NOW] t=10:55.8 ph=PORTAL @243,61,136 do=<Construct Nether Portal> Mining iron for 2nd bucket at lava eq=air woodpick=1 stonepick=1 pick=1 iron=2 buck=1
[02:53:38] [main/INFO] (Minecraft) [CHAT] §2§l§o[TenorClef] §rT2 [HIST] 10:55.8 SNAP ph=PORTAL @243,61,136 sky=13 wet=true ground=false pick=1 buck=1 iron=2 ore=2 rods=0 pearls=0 eyes=0 child=ConstructNetherPortalBucketTask dbg=<Construct Nether Portal> Mining iron for 2nd bucket at lava mobs=none
[02:53:39] [main/INFO] (Minecraft) [CHAT] §2§l§o[TenorClef] §rT2 [NOW] t=10:56.8 ph=PORTAL @243,61,136 do=<Construct Nether Portal> Mining iron for 2nd bucket at lava eq=air woodpick=1 stonepick=1 pick=1 iron=2 buck=1
[02:53:39] [main/INFO] (Minecraft) [CHAT] §2§l§o[TenorClef] §rFailed exploring.
[02:53:40] [main/INFO] (Minecraft) [CHAT] §2§l§o[TenorClef] §rT2 [NOW] t=10:57.8 ph=PORTAL @243,61,136 do=<Construct Nether Portal> Mining iron for 2nd bucket at lava eq=air woodpick=1 stonepick=1 pick=1 iron=2 buck=1
[02:53:41] [main/INFO] (Minecraft) [CHAT] §2§l§o[TenorClef] §rT2 [NOW] t=10:58.8 ph=PORTAL @243,61,136 do=<Construct Nether Portal> Mining iron for 2nd bucket at lava eq=air woodpick=1 stonepick=1 pick=1 iron=2 buck=1
[02:53:41] [main/INFO] (Minecraft) [CHAT] §2§l§o[TenorClef] §rT2 [HB] t=10:59.0 ph=PORTAL y=61 child=ConstructNetherPortalBucketTask logs=1 pick=1 woodpick=1
[02:53:42] [main/INFO] (Minecraft) [CHAT] §2§l§o[TenorClef] §rT2 [NOW] t=10:59.8 ph=PORTAL @243,61,136 do=<Construct Nether Portal> Mining iron for 2nd bucket at lava eq=air woodpick=1 stonepick=1 pick=1 iron=2 buck=1
[02:53:43] [main/INFO] (Minecraft) [STDOUT]: ALTO CLEF: WARNING: T2 [E102] spd=0.000 @243,61,136
[02:53:43] [main/INFO] (Minecraft) [CHAT] §2§l§o[TenorClef] §cT2 [E102] spd=0.000 @243,61,136§r
[02:53:43] [main/INFO] (Minecraft) [CHAT] §2§l§o[TenorClef] §rT2 [HIST] 11:00.3 [E102] spd=0.000 @243,61,136
[02:53:43] [main/INFO] (Minecraft) [CHAT] §2§l§o[TenorClef] §rT2 [NOW] t=11:00.8 ph=PORTAL @243,61,136 do=<Construct Nether Portal> Mining iron for 2nd bucket at lava eq=air woodpick=1 stonepick=1 pick=1 iron=2 buck=1
[02:53:43] [main/INFO] (Minecraft) [CHAT] §2§l§o[TenorClef] §rT2 [HIST] 11:00.8 SNAP ph=PORTAL @243,61,136 sky=13 wet=true ground=false pick=1 buck=1 iron=2 ore=2 rods=0 pearls=0 eyes=0 child=ConstructNetherPortalBucketTask dbg=<Construct Nether Portal> Mining iron for 2nd bucket at lava mobs=none
[02:53:44] [main/INFO] (Minecraft) [CHAT] §2§l§o[TenorClef] §rT2 [NOW] t=11:01.8 ph=PORTAL @243,61,136 do=<Construct Nether Portal> Mining iron for 2nd bucket at lava eq=air woodpick=1 stonepick=1 pick=1 iron=2 buck=1
[02:53:45] [main/INFO] (Minecraft) [CHAT] §2§l§o[TenorClef] §rT2 [NOW] t=11:02.8 ph=PORTAL @243,61,136 do=<Construct Nether Portal> Mining iron for 2nd bucket at lava eq=air woodpick=1 stonepick=1 pick=1 iron=2 buck=1
[02:53:45] [main/INFO] (Minecraft) [CHAT] §2§l§o[TenorClef] §rFailed exploring.
[02:53:46] [main/INFO] (Minecraft) [CHAT] §2§l§o[TenorClef] §rT2 [NOW] t=11:03.8 ph=PORTAL @243,61,136 do=<Construct Nether Portal> Mining iron for 2nd bucket at lava eq=air woodpick=1 stonepick=1 pick=1 iron=2 buck=1
[02:53:47] [main/INFO] (Minecraft) [CHAT] §2§l§o[TenorClef] §rT2 [NOW] t=11:04.8 ph=PORTAL @243,61,136 do=<Construct Nether Portal> Mining iron for 2nd bucket at lava eq=air woodpick=1 stonepick=1 pick=1 iron=2 buck=1
[02:53:48] [main/INFO] (Minecraft) [CHAT] §2§l§o[TenorClef] §rT2 [NOW] t=11:05.8 ph=PORTAL @243,61,136 do=<Construct Nether Portal> Mining iron for 2nd bucket at lava eq=air woodpick=1 stonepick=1 pick=1 iron=2 buck=1
[02:53:48] [main/INFO] (Minecraft) [CHAT] §2§l§o[TenorClef] §rT2 [HIST] 11:05.8 SNAP ph=PORTAL @243,61,136 sky=13 wet=true ground=false pick=1 buck=1 iron=2 ore=2 rods=0 pearls=0 eyes=0 child=ConstructNetherPortalBucketTask dbg=<Construct Nether Portal> Mining iron for 2nd bucket at lava mobs=none
[02:53:49] [main/INFO] (Minecraft) [STDOUT]: ALTO CLEF: WARNING: T2 [S102] escape water spd=0.000
[02:53:49] [main/INFO] (Minecraft) [CHAT] §2§l§o[TenorClef] §cT2 [S102] escape water spd=0.000§r
[02:53:49] [main/INFO] (Minecraft) [CHAT] §2§l§o[TenorClef] §rT2 [HIST] 11:06.2 SOLVE S102 escape water spd=0.000
[02:53:49] [main/INFO] (Minecraft) [STDOUT]: ALTO CLEF: WARNING: T2 [E102] spd=0.000 @243,61,136
[02:53:49] [main/INFO] (Minecraft) [CHAT] §2§l§o[TenorClef] §cT2 [E102] spd=0.000 @243,61,136§r
[02:53:49] [main/INFO] (Minecraft) [CHAT] §2§l§o[TenorClef] §rT2 [HIST] 11:06.3 [E102] spd=0.000 @243,61,136
[02:53:49] [main/INFO] (Minecraft) [CHAT] §2§l§o[TenorClef] §rT2 [NOW] t=11:06.8 ph=PORTAL @243,61,136 do=<Construct Nether Portal> Mining iron for 2nd bucket at lava eq=air woodpick=1 stonepick=1 pick=1 iron=2 buck=1
[02:53:50] [main/INFO] (Minecraft) [CHAT] §2§l§o[TenorClef] §rT2 [NOW] t=11:07.8 ph=PORTAL @243,61,136 do=<Construct Nether Portal> Mining iron for 2nd bucket at lava eq=air woodpick=1 stonepick=1 pick=1 iron=2 buck=1
[02:53:51] [main/INFO] (Minecraft) [CHAT] §2§l§o[TenorClef] §rConstruct: need iron for 2nd bucket (iron=2 empty=0 water=1 lava=0)
[02:53:51] [main/INFO] (Minecraft) [CHAT] §2§l§o[TenorClef] §rT2 [NOW] t=11:08.8 ph=PORTAL @243,61,136 do=<Construct Nether Portal> Mining iron for 2nd bucket at lava eq=air woodpick=1 stonepick=1 pick=1 iron=2 buck=1
[02:53:51] [main/INFO] (Minecraft) [STDOUT]: ALTO CLEF: WARNING: T2 [S160] portal build held the slot 120s without finishing @243,61,136 - pin suspended for 30s so the driver can relocate
[02:53:51] [main/INFO] (Minecraft) [CHAT] §2§l§o[TenorClef] §cT2 [S160] portal build held the slot 120s without finishing @243,61,136 - pin suspended for 30s so the driver can relocate§r
[02:53:51] [main/INFO] (Minecraft) [CHAT] §2§l§o[TenorClef] §rT2 [HIST] 11:08.8 FORCE S160 portal build held the slot 120s without finishing @243,61,136 - pin suspended for 30s so the driver can relocate
[02:53:51] [main/INFO] (Minecraft) [CHAT] §2§l§o[TenorClef] §rT2 [HB] t=11:09.0 ph=PORTAL y=61 child=ConstructNetherPortalBucketTask logs=1 pick=1 woodpick=1
[02:53:52] [main/INFO] (Minecraft) [CHAT] §2§l§o[TenorClef] §rT2 [NOW] t=11:09.8 ph=PORTAL @243,61,136 do=<Construct Nether Portal> Mining iron for 2nd bucket at lava eq=air woodpick=1 stonepick=1 pick=1 iron=2 buck=1
[02:53:53] [main/INFO] (Minecraft) [CHAT] §2§l§o[TenorClef] §rT2 [NOW] t=11:10.8 ph=PORTAL @243,61,136 do=<Construct Nether Portal> Mining iron for 2nd bucket at lava eq=air woodpick=1 stonepick=1 pick=1 iron=2 buck=1
[02:53:53] [main/INFO] (Minecraft) [CHAT] §2§l§o[TenorClef] §rT2 [HIST] 11:10.8 SNAP ph=PORTAL @243,61,136 sky=13 wet=true ground=false pick=1 buck=1 iron=2 ore=2 rods=0 pearls=0 eyes=0 child=ConstructNetherPortalBucketTask dbg=<Construct Nether Portal> Mining iron for 2nd bucket at lava mobs=none
[02:53:54] [main/INFO] (Minecraft) [CHAT] §2§l§o[TenorClef] §rT2 [NOW] t=11:11.8 ph=PORTAL @243,61,136 do=<Construct Nether Portal> Mining iron for 2nd bucket at lava eq=air woodpick=1 stonepick=1 pick=1 iron=2 buck=1
[02:53:55] [main/INFO] (Minecraft) [STDOUT]: ALTO CLEF: WARNING: T2 [S102] escape water spd=0.000
[02:53:55] [main/INFO] (Minecraft) [CHAT] §2§l§o[TenorClef] §cT2 [S102] escape water spd=0.000§r
[02:53:55] [main/INFO] (Minecraft) [CHAT] §2§l§o[TenorClef] §rT2 [HIST] 11:12.2 SOLVE S102 escape water spd=0.000
[02:53:55] [main/INFO] (Minecraft) [STDOUT]: ALTO CLEF: WARNING: T2 [E102] spd=0.000 @243,61,136
[02:53:55] [main/INFO] (Minecraft) [CHAT] §2§l§o[TenorClef] §cT2 [E102] spd=0.000 @243,61,136§r
[02:53:55] [main/INFO] (Minecraft) [CHAT] §2§l§o[TenorClef] §rT2 [HIST] 11:12.4 [E102] spd=0.000 @243,61,136
[02:53:55] [main/INFO] (Minecraft) [CHAT] §2§l§o[TenorClef] §rT2 [NOW] t=11:12.8 ph=PORTAL @243,61,136 do=<Construct Nether Portal> Mining iron for 2nd bucket at lava eq=air woodpick=1 stonepick=1 pick=1 iron=2 buck=1
[02:53:56] [main/INFO] (Minecraft) [CHAT] §2§l§o[TenorClef] §rT2 [NOW] t=11:13.8 ph=PORTAL @243,61,136 do=<Construct Nether Portal> Mining iron for 2nd bucket at lava eq=air woodpick=1 stonepick=1 pick=1 iron=2 buck=1
[02:53:57] [main/INFO] (Minecraft) [CHAT] §2§l§o[TenorClef] §rT2 [NOW] t=11:14.8 ph=PORTAL @243,61,136 do=<Construct Nether Portal> Mining iron for 2nd bucket at lava eq=air woodpick=1 stonepick=1 pick=1 iron=2 buck=1
[02:53:57] [main/INFO] (Minecraft) [CHAT] §2§l§o[TenorClef] §rFailed exploring.
[02:53:58] [main/INFO] (Minecraft) [CHAT] §2§l§o[TenorClef] §rRefreshed inventory...
[02:53:58] [main/INFO] (Minecraft) [CHAT] §2§l§o[TenorClef] §rT2 [NOW] t=11:15.8 ph=PORTAL @243,61,136 do=<Construct Nether Portal> Mining iron for 2nd bucket at lava eq=air woodpick=1 stonepick=1 pick=1 iron=2 buck=1
[02:53:58] [main/INFO] (Minecraft) [CHAT] §2§l§o[TenorClef] §rT2 [HIST] 11:15.8 SNAP ph=PORTAL @243,61,136 sky=13 wet=true ground=false pick=1 buck=1 iron=2 ore=2 rods=0 pearls=0 eyes=0 child=ConstructNetherPortalBucketTask dbg=<Construct Nether Portal> Mining iron for 2nd bucket at lava mobs=none
[02:53:59] [main/INFO] (Minecraft) [CHAT] §2§l§o[TenorClef] §rT2 [NOW] t=11:16.8 ph=PORTAL @243,61,136 do=<Construct Nether Portal> Mining iron for 2nd bucket at lava eq=air woodpick=1 stonepick=1 pick=1 iron=2 buck=1
[02:54:00] [main/INFO] (Minecraft) [CHAT] §2§l§o[TenorClef] §rT2 [NOW] t=11:17.8 ph=PORTAL @243,61,136 do=<Construct Nether Portal> Mining iron for 2nd bucket at lava eq=air woodpick=1 stonepick=1 pick=1 iron=2 buck=1
[02:54:01] [main/INFO] (Minecraft) [STDOUT]: ALTO CLEF: WARNING: T2 [S102] escape water spd=0.000
[02:54:01] [main/INFO] (Minecraft) [CHAT] §2§l§o[TenorClef] §cT2 [S102] escape water spd=0.000§r
[02:54:01] [main/INFO] (Minecraft) [CHAT] §2§l§o[TenorClef] §rT2 [HIST] 11:18.2 SOLVE S102 escape water spd=0.000
[02:54:01] [main/INFO] (Minecraft) [STDOUT]: ALTO CLEF: WARNING: T2 [E102] spd=0.000 @243,61,136
[02:54:01] [main/INFO] (Minecraft) [CHAT] §2§l§o[TenorClef] §cT2 [E102] spd=0.000 @243,61,136§r
[02:54:01] [main/INFO] (Minecraft) [CHAT] §2§l§o[TenorClef] §rT2 [HIST] 11:18.4 [E102] spd=0.000 @243,61,136
[02:54:01] [main/INFO] (Minecraft) [CHAT] §2§l§o[TenorClef] §rT2 [NOW] t=11:18.8 ph=PORTAL @243,61,136 do=<Construct Nether Portal> Mining iron for 2nd bucket at lava eq=air woodpick=1 stonepick=1 pick=1 iron=2 buck=1
[02:54:01] [main/INFO] (Minecraft) [CHAT] §2§l§o[TenorClef] §rT2 [HB] t=11:19.0 ph=PORTAL y=61 child=ConstructNetherPortalBucketTask logs=1 pick=1 woodpick=1
[02:54:02] [main/INFO] (Minecraft) [CHAT] §2§l§o[TenorClef] §rT2 [NOW] t=11:19.8 ph=PORTAL @243,61,136 do=<Construct Nether Portal> Mining iron for 2nd bucket at lava eq=air woodpick=1 stonepick=1 pick=1 iron=2 buck=1
[02:54:03] [main/INFO] (Minecraft) [CHAT] §2§l§o[TenorClef] §rT2 [NOW] t=11:20.8 ph=PORTAL @243,61,136 do=<Construct Nether Portal> Mining iron for 2nd bucket at lava eq=air woodpick=1 stonepick=1 pick=1 iron=2 buck=1
[02:54:03] [main/INFO] (Minecraft) [CHAT] §2§l§o[TenorClef] §rT2 [HIST] 11:20.8 SNAP ph=PORTAL @243,61,136 sky=13 wet=true ground=false pick=1 buck=1 iron=2 ore=2 rods=0 pearls=0 eyes=0 child=ConstructNetherPortalBucketTask dbg=<Construct Nether Portal> Mining iron for 2nd bucket at lava mobs=none
[02:54:03] [main/INFO] (Minecraft) [CHAT] §2§l§o[TenorClef] §rFailed exploring.
[02:54:04] [main/INFO] (Minecraft) [CHAT] §2§l§o[TenorClef] §rT2 [NOW] t=11:21.8 ph=PORTAL @243,61,136 do=<Construct Nether Portal> Mining iron for 2nd bucket at lava eq=air woodpick=1 stonepick=1 pick=1 iron=2 buck=1
[02:54:05] [main/INFO] (Minecraft) [CHAT] §2§l§o[TenorClef] §rT2 [NOW] t=11:22.8 ph=PORTAL @243,61,136 do=<Construct Nether Portal> Mining iron for 2nd bucket at lava eq=air woodpick=1 stonepick=1 pick=1 iron=2 buck=1
[02:54:06] [main/INFO] (Minecraft) [CHAT] §2§l§o[TenorClef] §rT2 [NOW] t=11:23.8 ph=PORTAL @243,61,136 do=<Construct Nether Portal> Mining iron for 2nd bucket at lava eq=air woodpick=1 stonepick=1 pick=1 iron=2 buck=1
[02:54:07] [main/INFO] (Minecraft) [STDOUT]: ALTO CLEF: WARNING: T2 [S102] escape water spd=0.000
[02:54:07] [main/INFO] (Minecraft) [CHAT] §2§l§o[TenorClef] §cT2 [S102] escape water spd=0.000§r
[02:54:07] [main/INFO] (Minecraft) [CHAT] §2§l§o[TenorClef] §rT2 [HIST] 11:24.2 SOLVE S102 escape water spd=0.000
[02:54:07] [main/INFO] (Minecraft) [STDOUT]: ALTO CLEF: WARNING: T2 [E102] spd=0.000 @243,61,136
[02:54:07] [main/INFO] (Minecraft) [CHAT] §2§l§o[TenorClef] §cT2 [E102] spd=0.000 @243,61,136§r
[02:54:07] [main/INFO] (Minecraft) [CHAT] §2§l§o[TenorClef] §rT2 [HIST] 11:24.5 [E102] spd=0.000 @243,61,136
[02:54:07] [main/INFO] (Minecraft) [CHAT] §2§l§o[TenorClef] §rT2 [NOW] t=11:24.8 ph=PORTAL @243,61,136 do=<Construct Nether Portal> Mining iron for 2nd bucket at lava eq=air woodpick=1 stonepick=1 pick=1 iron=2 buck=1
[02:54:08] [main/INFO] (Minecraft) [CHAT] §2§l§o[TenorClef] §rT2 [NOW] t=11:25.8 ph=PORTAL @243,61,136 do=<Construct Nether Portal> Mining iron for 2nd bucket at lava eq=air woodpick=1 stonepick=1 pick=1 iron=2 buck=1
[02:54:08] [main/INFO] (Minecraft) [CHAT] §2§l§o[TenorClef] §rT2 [HIST] 11:25.8 SNAP ph=PORTAL @243,61,136 sky=13 wet=true ground=false pick=1 buck=1 iron=2 ore=2 rods=0 pearls=0 eyes=0 child=ConstructNetherPortalBucketTask dbg=<Construct Nether Portal> Mining iron for 2nd bucket at lava mobs=none
[02:54:09] [main/INFO] (Minecraft) [CHAT] §2§l§o[TenorClef] §rT2 [NOW] t=11:26.8 ph=PORTAL @243,61,136 do=<Construct Nether Portal> Mining iron for 2nd bucket at lava eq=air woodpick=1 stonepick=1 pick=1 iron=2 buck=1
[02:54:09] [main/INFO] (Minecraft) [CHAT] §2§l§o[TenorClef] §rFailed exploring.
[02:54:10] [main/INFO] (Minecraft) [CHAT] §2§l§o[TenorClef] §rT2 [NOW] t=11:27.8 ph=PORTAL @243,61,136 do=<Construct Nether Portal> Mining iron for 2nd bucket at lava eq=air woodpick=1 stonepick=1 pick=1 iron=2 buck=1
[02:54:11] [main/INFO] (Minecraft) [CHAT] §2§l§o[TenorClef] §rT2 [NOW] t=11:28.8 ph=PORTAL @243,61,136 do=<Construct Nether Portal> Mining iron for 2nd bucket at lava eq=air woodpick=1 stonepick=1 pick=1 iron=2 buck=1
[02:54:11] [main/INFO] (Minecraft) [CHAT] §2§l§o[TenorClef] §rT2 [HB] t=11:29.0 ph=PORTAL y=61 child=ConstructNetherPortalBucketTask logs=1 pick=1 woodpick=1
[02:54:12] [main/INFO] (Minecraft) [CHAT] §2§l§o[TenorClef] §rT2 [NOW] t=11:29.8 ph=PORTAL @243,61,136 do=<Construct Nether Portal> Mining iron for 2nd bucket at lava eq=air woodpick=1 stonepick=1 pick=1 iron=2 buck=1
[02:54:13] [main/INFO] (Minecraft) [STDOUT]: ALTO CLEF: WARNING: T2 [S102] escape water spd=0.000
[02:54:13] [main/INFO] (Minecraft) [CHAT] §2§l§o[TenorClef] §cT2 [S102] escape water spd=0.000§r
[02:54:13] [main/INFO] (Minecraft) [CHAT] §2§l§o[TenorClef] §rT2 [HIST] 11:30.2 SOLVE S102 escape water spd=0.000
[02:54:13] [main/INFO] (Minecraft) [STDOUT]: ALTO CLEF: WARNING: T2 [E102] spd=0.000 @243,61,136
[02:54:13] [main/INFO] (Minecraft) [CHAT] §2§l§o[TenorClef] §cT2 [E102] spd=0.000 @243,61,136§r
[02:54:13] [main/INFO] (Minecraft) [CHAT] §2§l§o[TenorClef] §rT2 [HIST] 11:30.5 [E102] spd=0.000 @243,61,136
[02:54:13] [main/INFO] (Minecraft) [CHAT] §2§l§o[TenorClef] §rT2 [NOW] t=11:30.8 ph=PORTAL @243,61,136 do=<Construct Nether Portal> Mining iron for 2nd bucket at lava eq=air woodpick=1 stonepick=1 pick=1 iron=2 buck=1
[02:54:13] [main/INFO] (Minecraft) [CHAT] §2§l§o[TenorClef] §rT2 [HIST] 11:30.8 SNAP ph=PORTAL @243,61,136 sky=13 wet=true ground=false pick=1 buck=1 iron=2 ore=2 rods=0 pearls=0 eyes=0 child=ConstructNetherPortalBucketTask dbg=<Construct Nether Portal> Mining iron for 2nd bucket at lava mobs=none
[02:54:14] [main/INFO] (Minecraft) [CHAT] §2§l§o[TenorClef] §rT2 [NOW] t=11:31.8 ph=PORTAL @243,61,136 do=<Construct Nether Portal> Mining iron for 2nd bucket at lava eq=air woodpick=1 stonepick=1 pick=1 iron=2 buck=1
[02:54:15] [main/INFO] (Minecraft) [CHAT] §2§l§o[TenorClef] §rT2 [NOW] t=11:32.8 ph=PORTAL @243,61,136 do=<Construct Nether Portal> Mining iron for 2nd bucket at lava eq=air woodpick=1 stonepick=1 pick=1 iron=2 buck=1
[02:54:15] [main/INFO] (Minecraft) [CHAT] §2§l§o[TenorClef] §rFailed exploring.
[02:54:16] [main/INFO] (Minecraft) [CHAT] §2§l§o[TenorClef] §rT2 [NOW] t=11:33.8 ph=PORTAL @243,61,136 do=<Construct Nether Portal> Mining iron for 2nd bucket at lava eq=air woodpick=1 stonepick=1 pick=1 iron=2 buck=1
[02:54:17] [main/INFO] (Minecraft) [CHAT] §2§l§o[TenorClef] §rT2 [NOW] t=11:34.8 ph=PORTAL @243,61,136 do=<Construct Nether Portal> Mining iron for 2nd bucket at lava eq=air woodpick=1 stonepick=1 pick=1 iron=2 buck=1
[02:54:18] [main/INFO] (Minecraft) [CHAT] §2§l§o[TenorClef] §rT2 [NOW] t=11:35.8 ph=PORTAL @243,61,136 do=<Construct Nether Portal> Mining iron for 2nd bucket at lava eq=air woodpick=1 stonepick=1 pick=1 iron=2 buck=1
[02:54:18] [main/INFO] (Minecraft) [CHAT] §2§l§o[TenorClef] §rT2 [HIST] 11:35.8 SNAP ph=PORTAL @243,61,136 sky=13 wet=true ground=false pick=1 buck=1 iron=2 ore=2 rods=0 pearls=0 eyes=0 child=ConstructNetherPortalBucketTask dbg=<Construct Nether Portal> Mining iron for 2nd bucket at lava mobs=none
[02:54:19] [main/INFO] (Minecraft) [STDOUT]: ALTO CLEF: WARNING: T2 [E118] ConstructNetherPortalBucketTask 90s no inv change ph=PORTAL
[02:54:19] [main/INFO] (Minecraft) [CHAT] §2§l§o[TenorClef] §cT2 [E118] ConstructNetherPortalBucketTask 90s no inv change ph=PORTAL§r
[02:54:19] [main/INFO] (Minecraft) [CHAT] §2§l§o[TenorClef] §rT2 [HIST] 11:36.2 [E118] ConstructNetherPortalBucketTask 90s no inv change ph=PORTAL
[02:54:19] [main/INFO] (Minecraft) [STDOUT]: ALTO CLEF: WARNING: T2 [S102] escape water spd=0.000
[02:54:19] [main/INFO] (Minecraft) [CHAT] §2§l§o[TenorClef] §cT2 [S102] escape water spd=0.000§r
[02:54:19] [main/INFO] (Minecraft) [CHAT] §2§l§o[TenorClef] §rT2 [HIST] 11:36.2 SOLVE S102 escape water spd=0.000
[02:54:19] [main/INFO] (Minecraft) [STDOUT]: ALTO CLEF: WARNING: T2 [E102] spd=0.000 @243,61,136
[02:54:19] [main/INFO] (Minecraft) [CHAT] §2§l§o[TenorClef] §cT2 [E102] spd=0.000 @243,61,136§r
[02:54:19] [main/INFO] (Minecraft) [CHAT] §2§l§o[TenorClef] §rT2 [HIST] 11:36.6 [E102] spd=0.000 @243,61,136
[02:54:19] [main/INFO] (Minecraft) [CHAT] §2§l§o[TenorClef] §rT2 [NOW] t=11:36.8 ph=PORTAL @243,61,136 do=<Construct Nether Portal> Mining iron for 2nd bucket at lava eq=air woodpick=1 stonepick=1 pick=1 iron=2 buck=1
[02:54:20] [main/INFO] (Minecraft) [CHAT] §2§l§o[TenorClef] §rT2 [NOW] t=11:37.8 ph=PORTAL @243,61,136 do=<Construct Nether Portal> Mining iron for 2nd bucket at lava eq=air woodpick=1 stonepick=1 pick=1 iron=2 buck=1
[02:54:21] [main/INFO] (Minecraft) [CHAT] §2§l§o[TenorClef] §rT2 [NOW] t=11:38.8 ph=PORTAL @243,61,136 do=<Construct Nether Portal> Mining iron for 2nd bucket at lava eq=air woodpick=1 stonepick=1 pick=1 iron=2 buck=1
[02:54:21] [main/INFO] (Minecraft) [CHAT] §2§l§o[TenorClef] §rConstruct: need iron for 2nd bucket (iron=2 empty=0 water=1 lava=0)
[02:54:21] [main/INFO] (Minecraft) [STDOUT]: ALTO CLEF: WARNING: T2 [S160] portal build held the slot 120s without finishing @243,61,136 - pin suspended for 30s so the driver can relocate
[02:54:21] [main/INFO] (Minecraft) [CHAT] §2§l§o[TenorClef] §cT2 [S160] portal build held the slot 120s without finishing @243,61,136 - pin suspended for 30s so the driver can relocate§r
[02:54:21] [main/INFO] (Minecraft) [CHAT] §2§l§o[TenorClef] §rT2 [HIST] 11:38.9 FORCE S160 portal build held the slot 120s without finishing @243,61,136 - pin suspended for 30s so the driver can relocate
[02:54:21] [main/INFO] (Minecraft) [CHAT] §2§l§o[TenorClef] §rT2 [HB] t=11:39.0 ph=PORTAL y=61 child=ConstructNetherPortalBucketTask logs=1 pick=1 woodpick=1
[02:54:22] [main/INFO] (Minecraft) [CHAT] §2§l§o[TenorClef] §rT2 [NOW] t=11:39.8 ph=PORTAL @243,61,136 do=<Construct Nether Portal> Mining iron for 2nd bucket at lava eq=air woodpick=1 stonepick=1 pick=1 iron=2 buck=1
[02:54:23] [main/INFO] (Minecraft) [CHAT] §2§l§o[TenorClef] §rT2 [NOW] t=11:40.8 ph=PORTAL @243,61,136 do=<Construct Nether Portal> Mining iron for 2nd bucket at lava eq=air woodpick=1 stonepick=1 pick=1 iron=2 buck=1
[02:54:23] [main/INFO] (Minecraft) [CHAT] §2§l§o[TenorClef] §rT2 [HIST] 11:40.8 SNAP ph=PORTAL @243,61,136 sky=13 wet=true ground=false pick=1 buck=1 iron=2 ore=2 rods=0 pearls=0 eyes=0 child=ConstructNetherPortalBucketTask dbg=<Construct Nether Portal> Mining iron for 2nd bucket at lava mobs=none
[02:54:24] [main/INFO] (Minecraft) [CHAT] §2§l§o[TenorClef] §rT2 [NOW] t=11:41.8 ph=PORTAL @243,61,136 do=<Construct Nether Portal> Mining iron for 2nd bucket at lava eq=air woodpick=1 stonepick=1 pick=1 iron=2 buck=1
[02:54:25] [main/INFO] (Minecraft) [STDOUT]: ALTO CLEF: WARNING: T2 [S102] escape water spd=0.000
[02:54:25] [main/INFO] (Minecraft) [CHAT] §2§l§o[TenorClef] §cT2 [S102] escape water spd=0.000§r
[02:54:25] [main/INFO] (Minecraft) [CHAT] §2§l§o[TenorClef] §rT2 [HIST] 11:42.2 SOLVE S102 escape water spd=0.000
[02:54:25] [main/INFO] (Minecraft) [STDOUT]: ALTO CLEF: WARNING: T2 [E102] spd=0.000 @243,61,136
[02:54:25] [main/INFO] (Minecraft) [CHAT] §2§l§o[TenorClef] §cT2 [E102] spd=0.000 @243,61,136§r
[02:54:25] [main/INFO] (Minecraft) [CHAT] §2§l§o[TenorClef] §rT2 [HIST] 11:42.6 [E102] spd=0.000 @243,61,136
[02:54:25] [main/INFO] (Minecraft) [CHAT] §2§l§o[TenorClef] §rT2 [NOW] t=11:42.8 ph=PORTAL @243,61,136 do=<Construct Nether Portal> Mining iron for 2nd bucket at lava eq=air woodpick=1 stonepick=1 pick=1 iron=2 buck=1
[02:54:26] [main/INFO] (Minecraft) [CHAT] §2§l§o[TenorClef] §rT2 [NOW] t=11:43.8 ph=PORTAL @243,61,136 do=<Construct Nether Portal> Mining iron for 2nd bucket at lava eq=air woodpick=1 stonepick=1 pick=1 iron=2 buck=1
[02:54:27] [main/INFO] (Minecraft) [CHAT] §2§l§o[TenorClef] §rT2 [NOW] t=11:44.8 ph=PORTAL @243,61,136 do=<Construct Nether Portal> Mining iron for 2nd bucket at lava eq=air woodpick=1 stonepick=1 pick=1 iron=2 buck=1
[02:54:27] [main/INFO] (Minecraft) [CHAT] §2§l§o[TenorClef] §rFailed exploring.
[02:54:28] [main/INFO] (Minecraft) [CHAT] §2§l§o[TenorClef] §rRefreshed inventory...
[02:54:28] [main/INFO] (Minecraft) [CHAT] §2§l§o[TenorClef] §rT2 [NOW] t=11:45.8 ph=PORTAL @243,61,136 do=<Construct Nether Portal> Mining iron for 2nd bucket at lava eq=air woodpick=1 stonepick=1 pick=1 iron=2 buck=1
[02:54:28] [main/INFO] (Minecraft) [CHAT] §2§l§o[TenorClef] §rT2 [HIST] 11:45.8 SNAP ph=PORTAL @243,61,136 sky=13 wet=true ground=false pick=1 buck=1 iron=2 ore=2 rods=0 pearls=0 eyes=0 child=ConstructNetherPortalBucketTask dbg=<Construct Nether Portal> Mining iron for 2nd bucket at lava mobs=none
[02:54:29] [main/INFO] (Minecraft) [CHAT] §2§l§o[TenorClef] §rT2 [NOW] t=11:46.8 ph=PORTAL @243,61,136 do=<Construct Nether Portal> Mining iron for 2nd bucket at lava eq=air woodpick=1 stonepick=1 pick=1 iron=2 buck=1
[02:54:30] [main/INFO] (Minecraft) [CHAT] §2§l§o[TenorClef] §rT2 [NOW] t=11:47.8 ph=PORTAL @243,61,136 do=<Construct Nether Portal> Mining iron for 2nd bucket at lava eq=air woodpick=1 stonepick=1 pick=1 iron=2 buck=1
[02:54:31] [main/INFO] (Minecraft) [STDOUT]: ALTO CLEF: WARNING: T2 [S102] escape water spd=0.000
[02:54:31] [main/INFO] (Minecraft) [CHAT] §2§l§o[TenorClef] §cT2 [S102] escape water spd=0.000§r
[02:54:31] [main/INFO] (Minecraft) [CHAT] §2§l§o[TenorClef] §rT2 [HIST] 11:48.2 SOLVE S102 escape water spd=0.000
[02:54:31] [main/INFO] (Minecraft) [STDOUT]: ALTO CLEF: WARNING: T2 [E102] spd=0.000 @243,61,136
[02:54:31] [main/INFO] (Minecraft) [CHAT] §2§l§o[TenorClef] §cT2 [E102] spd=0.000 @243,61,136§r
[02:54:31] [main/INFO] (Minecraft) [CHAT] §2§l§o[TenorClef] §rT2 [HIST] 11:48.7 [E102] spd=0.000 @243,61,136
[02:54:31] [main/INFO] (Minecraft) [CHAT] §2§l§o[TenorClef] §rT2 [NOW] t=11:48.8 ph=PORTAL @243,61,136 do=<Construct Nether Portal> Mining iron for 2nd bucket at lava eq=air woodpick=1 stonepick=1 pick=1 iron=2 buck=1
[02:54:31] [main/INFO] (Minecraft) [CHAT] §2§l§o[TenorClef] §rT2 [HB] t=11:49.0 ph=PORTAL y=61 child=ConstructNetherPortalBucketTask logs=1 pick=1 woodpick=1
[02:54:32] [main/INFO] (Minecraft) [CHAT] §2§l§o[TenorClef] §rT2 [NOW] t=11:49.8 ph=PORTAL @243,61,136 do=<Construct Nether Portal> Mining iron for 2nd bucket at lava eq=air woodpick=1 stonepick=1 pick=1 iron=2 buck=1
[02:54:33] [main/INFO] (Minecraft) [CHAT] §2§l§o[TenorClef] §rT2 [NOW] t=11:50.8 ph=PORTAL @243,61,136 do=<Construct Nether Portal> Mining iron for 2nd bucket at lava eq=air woodpick=1 stonepick=1 pick=1 iron=2 buck=1
[02:54:33] [main/INFO] (Minecraft) [CHAT] §2§l§o[TenorClef] §rT2 [HIST] 11:50.8 SNAP ph=PORTAL @243,61,136 sky=13 wet=true ground=false pick=1 buck=1 iron=2 ore=2 rods=0 pearls=0 eyes=0 child=ConstructNetherPortalBucketTask dbg=<Construct Nether Portal> Mining iron for 2nd bucket at lava mobs=none
[02:54:33] [main/INFO] (Minecraft) [CHAT] §2§l§o[TenorClef] §rFailed exploring.
[02:54:34] [main/INFO] (Minecraft) [CHAT] §2§l§o[TenorClef] §rT2 [NOW] t=11:51.8 ph=PORTAL @243,61,136 do=<Construct Nether Portal> Mining iron for 2nd bucket at lava eq=air woodpick=1 stonepick=1 pick=1 iron=2 buck=1
[02:54:35] [main/INFO] (Minecraft) [CHAT] §2§l§o[TenorClef] §rT2 [NOW] t=11:52.8 ph=PORTAL @243,61,136 do=<Construct Nether Portal> Mining iron for 2nd bucket at lava eq=air woodpick=1 stonepick=1 pick=1 iron=2 buck=1
[02:54:36] [main/INFO] (Minecraft) [CHAT] §2§l§o[TenorClef] §rT2 [NOW] t=11:53.8 ph=PORTAL @243,61,136 do=<Construct Nether Portal> Mining iron for 2nd bucket at lava eq=air woodpick=1 stonepick=1 pick=1 iron=2 buck=1
[02:54:37] [main/INFO] (Minecraft) [STDOUT]: ALTO CLEF: WARNING: T2 [S102] escape water spd=0.000
[02:54:37] [main/INFO] (Minecraft) [CHAT] §2§l§o[TenorClef] §cT2 [S102] escape water spd=0.000§r
[02:54:37] [main/INFO] (Minecraft) [CHAT] §2§l§o[TenorClef] §rT2 [HIST] 11:54.2 SOLVE S102 escape water spd=0.000
[02:54:37] [main/INFO] (Minecraft) [STDOUT]: ALTO CLEF: WARNING: T2 [E102] spd=0.000 @243,61,136
[02:54:37] [main/INFO] (Minecraft) [CHAT] §2§l§o[TenorClef] §cT2 [E102] spd=0.000 @243,61,136§r
[02:54:37] [main/INFO] (Minecraft) [CHAT] §2§l§o[TenorClef] §rT2 [HIST] 11:54.7 [E102] spd=0.000 @243,61,136
[02:54:37] [main/INFO] (Minecraft) [CHAT] §2§l§o[TenorClef] §rT2 [NOW] t=11:54.8 ph=PORTAL @243,61,136 do=<Construct Nether Portal> Mining iron for 2nd bucket at lava eq=air woodpick=1 stonepick=1 pick=1 iron=2 buck=1
[02:54:38] [main/INFO] (Minecraft) [CHAT] §2§l§o[TenorClef] §rT2 [NOW] t=11:55.8 ph=PORTAL @243,61,136 do=<Construct Nether Portal> Mining iron for 2nd bucket at lava eq=air woodpick=1 stonepick=1 pick=1 iron=2 buck=1
[02:54:38] [main/INFO] (Minecraft) [CHAT] §2§l§o[TenorClef] §rT2 [HIST] 11:55.8 SNAP ph=PORTAL @243,61,136 sky=13 wet=true ground=false pick=1 buck=1 iron=2 ore=2 rods=0 pearls=0 eyes=0 child=ConstructNetherPortalBucketTask dbg=<Construct Nether Portal> Mining iron for 2nd bucket at lava mobs=none
[02:54:39] [main/INFO] (Minecraft) [CHAT] §2§l§o[TenorClef] §rT2 [NOW] t=11:56.8 ph=PORTAL @243,61,136 do=<Construct Nether Portal> Mining iron for 2nd bucket at lava eq=air woodpick=1 stonepick=1 pick=1 iron=2 buck=1
[02:54:39] [main/INFO] (Minecraft) [CHAT] §2§l§o[TenorClef] §rFailed exploring.
[02:54:40] [main/INFO] (Minecraft) [CHAT] §2§l§o[TenorClef] §rT2 [NOW] t=11:57.8 ph=PORTAL @243,61,136 do=<Construct Nether Portal> Mining iron for 2nd bucket at lava eq=air woodpick=1 stonepick=1 pick=1 iron=2 buck=1
[02:54:41] [main/INFO] (Minecraft) [CHAT] §2§l§o[TenorClef] §rT2 [NOW] t=11:58.8 ph=PORTAL @243,61,136 do=<Construct Nether Portal> Mining iron for 2nd bucket at lava eq=air woodpick=1 stonepick=1 pick=1 iron=2 buck=1
[02:54:41] [main/INFO] (Minecraft) [CHAT] §2§l§o[TenorClef] §rT2 [HB] t=11:59.0 ph=PORTAL y=61 child=ConstructNetherPortalBucketTask logs=1 pick=1 woodpick=1
[02:54:42] [main/INFO] (Minecraft) [CHAT] §2§l§o[TenorClef] §rT2 [NOW] t=11:59.8 ph=PORTAL @243,61,136 do=<Construct Nether Portal> Mining iron for 2nd bucket at lava eq=air woodpick=1 stonepick=1 pick=1 iron=2 buck=1
[02:54:43] [main/INFO] (Minecraft) [STDOUT]: ALTO CLEF: WARNING: T2 [S102] escape water spd=0.000
[02:54:43] [main/INFO] (Minecraft) [CHAT] §2§l§o[TenorClef] §cT2 [S102] escape water spd=0.000§r
[02:54:43] [main/INFO] (Minecraft) [CHAT] §2§l§o[TenorClef] §rT2 [HIST] 12:00.2 SOLVE S102 escape water spd=0.000
[02:54:43] [main/INFO] (Minecraft) [STDOUT]: ALTO CLEF: WARNING: T2 [E102] spd=0.000 @243,61,136
[02:54:43] [main/INFO] (Minecraft) [CHAT] §2§l§o[TenorClef] §cT2 [E102] spd=0.000 @243,61,136§r
[02:54:43] [main/INFO] (Minecraft) [CHAT] §2§l§o[TenorClef] §rT2 [HIST] 12:00.8 [E102] spd=0.000 @243,61,136
[02:54:43] [main/INFO] (Minecraft) [CHAT] §2§l§o[TenorClef] §rT2 [NOW] t=12:00.8 ph=PORTAL @243,61,136 do=<Construct Nether Portal> Mining iron for 2nd bucket at lava eq=air woodpick=1 stonepick=1 pick=1 iron=2 buck=1
[02:54:43] [main/INFO] (Minecraft) [CHAT] §2§l§o[TenorClef] §rT2 [HIST] 12:00.8 SNAP ph=PORTAL @243,61,136 sky=13 wet=true ground=false pick=1 buck=1 iron=2 ore=2 rods=0 pearls=0 eyes=0 child=ConstructNetherPortalBucketTask dbg=<Construct Nether Portal> Mining iron for 2nd bucket at lava mobs=none
[02:54:44] [main/INFO] (Minecraft) [CHAT] §2§l§o[TenorClef] §rT2 [NOW] t=12:01.8 ph=PORTAL @243,61,136 do=<Construct Nether Portal> Mining iron for 2nd bucket at lava eq=air woodpick=1 stonepick=1 pick=1 iron=2 buck=1
[02:54:45] [main/INFO] (Minecraft) [CHAT] §2§l§o[TenorClef] §rT2 [NOW] t=12:02.8 ph=PORTAL @243,61,136 do=<Construct Nether Portal> Mining iron for 2nd bucket at lava eq=air woodpick=1 stonepick=1 pick=1 iron=2 buck=1
[02:54:45] [main/INFO] (Minecraft) [CHAT] §2§l§o[TenorClef] §rFailed exploring.
[02:54:46] [main/INFO] (Minecraft) [CHAT] §2§l§o[TenorClef] §rT2 [NOW] t=12:03.8 ph=PORTAL @243,61,136 do=<Construct Nether Portal> Mining iron for 2nd bucket at lava eq=air woodpick=1 stonepick=1 pick=1 iron=2 buck=1
[02:54:47] [main/INFO] (Minecraft) [CHAT] §2§l§o[TenorClef] §rT2 [NOW] t=12:04.8 ph=PORTAL @243,61,136 do=<Construct Nether Portal> Mining iron for 2nd bucket at lava eq=air woodpick=1 stonepick=1 pick=1 iron=2 buck=1
[02:54:48] [main/INFO] (Minecraft) [CHAT] §2§l§o[TenorClef] §rT2 [NOW] t=12:05.8 ph=PORTAL @243,61,136 do=<Construct Nether Portal> Mining iron for 2nd bucket at lava eq=air woodpick=1 stonepick=1 pick=1 iron=2 buck=1
[02:54:48] [main/INFO] (Minecraft) [CHAT] §2§l§o[TenorClef] §rT2 [HIST] 12:05.8 SNAP ph=PORTAL @243,61,136 sky=13 wet=true ground=false pick=1 buck=1 iron=2 ore=2 rods=0 pearls=0 eyes=0 child=ConstructNetherPortalBucketTask dbg=<Construct Nether Portal> Mining iron for 2nd bucket at lava mobs=none
[02:54:49] [main/INFO] (Minecraft) [STDOUT]: ALTO CLEF: WARNING: T2 [S102] escape water spd=0.000
[02:54:49] [main/INFO] (Minecraft) [CHAT] §2§l§o[TenorClef] §cT2 [S102] escape water spd=0.000§r
[02:54:49] [main/INFO] (Minecraft) [CHAT] §2§l§o[TenorClef] §rT2 [HIST] 12:06.2 SOLVE S102 escape water spd=0.000
[02:54:49] [main/INFO] (Minecraft) [CHAT] §2§l§o[TenorClef] §rT2 [NOW] t=12:06.8 ph=PORTAL @243,61,136 do=<Construct Nether Portal> Mining iron for 2nd bucket at lava eq=air woodpick=1 stonepick=1 pick=1 iron=2 buck=1
[02:54:49] [main/INFO] (Minecraft) [STDOUT]: ALTO CLEF: WARNING: T2 [E102] spd=0.000 @243,61,136
[02:54:49] [main/INFO] (Minecraft) [CHAT] §2§l§o[TenorClef] §cT2 [E102] spd=0.000 @243,61,136§r
[02:54:49] [main/INFO] (Minecraft) [CHAT] §2§l§o[TenorClef] §rT2 [HIST] 12:06.8 [E102] spd=0.000 @243,61,136
[02:54:50] [main/INFO] (Minecraft) [CHAT] §2§l§o[TenorClef] §rT2 [NOW] t=12:07.8 ph=PORTAL @243,61,136 do=<Construct Nether Portal> Mining iron for 2nd bucket at lava eq=air woodpick=1 stonepick=1 pick=1 iron=2 buck=1
[02:54:51] [main/INFO] (Minecraft) [CHAT] §2§l§o[TenorClef] §rT2 [NOW] t=12:08.8 ph=PORTAL @243,61,136 do=<Construct Nether Portal> Mining iron for 2nd bucket at lava eq=air woodpick=1 stonepick=1 pick=1 iron=2 buck=1
[02:54:51] [main/INFO] (Minecraft) [CHAT] §2§l§o[TenorClef] §rConstruct: need iron for 2nd bucket (iron=2 empty=0 water=1 lava=0)
[02:54:51] [main/INFO] (Minecraft) [STDOUT]: ALTO CLEF: WARNING: T2 [S160] portal build held the slot 120s without finishing @243,61,136 - pin suspended for 30s so the driver can relocate
[02:54:51] [main/INFO] (Minecraft) [CHAT] §2§l§o[TenorClef] §cT2 [S160] portal build held the slot 120s without finishing @243,61,136 - pin suspended for 30s so the driver can relocate§r
[02:54:51] [main/INFO] (Minecraft) [CHAT] §2§l§o[TenorClef] §rT2 [HIST] 12:08.9 FORCE S160 portal build held the slot 120s without finishing @243,61,136 - pin suspended for 30s so the driver can relocate
[02:54:51] [main/INFO] (Minecraft) [CHAT] §2§l§o[TenorClef] §rT2 [HB] t=12:09.0 ph=PORTAL y=61 child=ConstructNetherPortalBucketTask logs=1 pick=1 woodpick=1
[02:54:52] [main/INFO] (Minecraft) [CHAT] §2§l§o[TenorClef] §rT2 [NOW] t=12:09.8 ph=PORTAL @243,61,136 do=<Construct Nether Portal> Mining iron for 2nd bucket at lava eq=air woodpick=1 stonepick=1 pick=1 iron=2 buck=1
[02:54:53] [main/INFO] (Minecraft) [CHAT] §2§l§o[TenorClef] §rT2 [NOW] t=12:10.8 ph=PORTAL @243,61,136 do=<Construct Nether Portal> Mining iron for 2nd bucket at lava eq=air woodpick=1 stonepick=1 pick=1 iron=2 buck=1
[02:54:53] [main/INFO] (Minecraft) [CHAT] §2§l§o[TenorClef] §rT2 [HIST] 12:10.8 SNAP ph=PORTAL @243,61,136 sky=13 wet=true ground=false pick=1 buck=1 iron=2 ore=2 rods=0 pearls=0 eyes=0 child=ConstructNetherPortalBucketTask dbg=<Construct Nether Portal> Mining iron for 2nd bucket at lava mobs=none
[02:54:54] [main/INFO] (Minecraft) [CHAT] §2§l§o[TenorClef] §rT2 [NOW] t=12:11.8 ph=PORTAL @243,61,136 do=<Construct Nether Portal> Mining iron for 2nd bucket at lava eq=air woodpick=1 stonepick=1 pick=1 iron=2 buck=1
[02:54:55] [main/INFO] (Minecraft) [STDOUT]: ALTO CLEF: WARNING: T2 [S102] escape water spd=0.000
[02:54:55] [main/INFO] (Minecraft) [CHAT] §2§l§o[TenorClef] §cT2 [S102] escape water spd=0.000§r
[02:54:55] [main/INFO] (Minecraft) [CHAT] §2§l§o[TenorClef] §rT2 [HIST] 12:12.2 SOLVE S102 escape water spd=0.000
[02:54:55] [main/INFO] (Minecraft) [CHAT] §2§l§o[TenorClef] §rT2 [NOW] t=12:12.8 ph=PORTAL @243,61,136 do=<Construct Nether Portal> Mining iron for 2nd bucket at lava eq=air woodpick=1 stonepick=1 pick=1 iron=2 buck=1
[02:54:55] [main/INFO] (Minecraft) [STDOUT]: ALTO CLEF: WARNING: T2 [E102] spd=0.000 @243,61,136
[02:54:55] [main/INFO] (Minecraft) [CHAT] §2§l§o[TenorClef] §cT2 [E102] spd=0.000 @243,61,136§r
[02:54:55] [main/INFO] (Minecraft) [CHAT] §2§l§o[TenorClef] §rT2 [HIST] 12:12.9 [E102] spd=0.000 @243,61,136
[02:54:56] [main/INFO] (Minecraft) [CHAT] §2§l§o[TenorClef] §rT2 [NOW] t=12:13.8 ph=PORTAL @243,61,136 do=<Construct Nether Portal> Mining iron for 2nd bucket at lava eq=air woodpick=1 stonepick=1 pick=1 iron=2 buck=1
[02:54:57] [main/INFO] (Minecraft) [CHAT] §2§l§o[TenorClef] §rT2 [NOW] t=12:14.8 ph=PORTAL @243,61,136 do=<Construct Nether Portal> Mining iron for 2nd bucket at lava eq=air woodpick=1 stonepick=1 pick=1 iron=2 buck=1
[02:54:57] [main/INFO] (Minecraft) [CHAT] §2§l§o[TenorClef] §rFailed exploring.
[02:54:58] [main/INFO] (Minecraft) [CHAT] §2§l§o[TenorClef] §rRefreshed inventory...
[02:54:58] [main/INFO] (Minecraft) [CHAT] §2§l§o[TenorClef] §rT2 [NOW] t=12:15.8 ph=PORTAL @243,61,136 do=<Construct Nether Portal> Mining iron for 2nd bucket at lava eq=air woodpick=1 stonepick=1 pick=1 iron=2 buck=1
[02:54:58] [main/INFO] (Minecraft) [CHAT] §2§l§o[TenorClef] §rT2 [HIST] 12:15.8 SNAP ph=PORTAL @243,61,136 sky=13 wet=true ground=false pick=1 buck=1 iron=2 ore=2 rods=0 pearls=0 eyes=0 child=ConstructNetherPortalBucketTask dbg=<Construct Nether Portal> Mining iron for 2nd bucket at lava mobs=none
[02:54:59] [main/INFO] (Minecraft) [CHAT] §2§l§o[TenorClef] §rT2 [NOW] t=12:16.8 ph=PORTAL @243,61,136 do=<Construct Nether Portal> Mining iron for 2nd bucket at lava eq=air woodpick=1 stonepick=1 pick=1 iron=2 buck=1
[02:55:00] [main/INFO] (Minecraft) [CHAT] §2§l§o[TenorClef] §rT2 [NOW] t=12:17.8 ph=PORTAL @243,61,136 do=<Construct Nether Portal> Mining iron for 2nd bucket at lava eq=air woodpick=1 stonepick=1 pick=1 iron=2 buck=1
[02:55:01] [main/INFO] (Minecraft) [STDOUT]: ALTO CLEF: WARNING: T2 [S102] escape water spd=0.000
[02:55:01] [main/INFO] (Minecraft) [CHAT] §2§l§o[TenorClef] §cT2 [S102] escape water spd=0.000§r
[02:55:01] [main/INFO] (Minecraft) [CHAT] §2§l§o[TenorClef] §rT2 [HIST] 12:18.2 SOLVE S102 escape water spd=0.000
[02:55:01] [main/INFO] (Minecraft) [CHAT] §2§l§o[TenorClef] §rT2 [NOW] t=12:18.8 ph=PORTAL @243,61,136 do=<Construct Nether Portal> Mining iron for 2nd bucket at lava eq=air woodpick=1 stonepick=1 pick=1 iron=2 buck=1
[02:55:01] [main/INFO] (Minecraft) [STDOUT]: ALTO CLEF: WARNING: T2 [E102] spd=0.000 @243,61,136
[02:55:01] [main/INFO] (Minecraft) [CHAT] §2§l§o[TenorClef] §cT2 [E102] spd=0.000 @243,61,136§r
[02:55:01] [main/INFO] (Minecraft) [CHAT] §2§l§o[TenorClef] §rT2 [HIST] 12:18.9 [E102] spd=0.000 @243,61,136
[02:55:01] [main/INFO] (Minecraft) [CHAT] §2§l§o[TenorClef] §rT2 [HB] t=12:19.0 ph=PORTAL y=61 child=ConstructNetherPortalBucketTask logs=1 pick=1 woodpick=1
[02:55:02] [main/INFO] (Minecraft) [CHAT] §2§l§o[TenorClef] §rT2 [NOW] t=12:19.8 ph=PORTAL @243,61,136 do=<Construct Nether Portal> Mining iron for 2nd bucket at lava eq=air woodpick=1 stonepick=1 pick=1 iron=2 buck=1
[02:55:03] [main/INFO] (Minecraft) [CHAT] §2§l§o[TenorClef] §rT2 [NOW] t=12:20.8 ph=PORTAL @243,61,136 do=<Construct Nether Portal> Mining iron for 2nd bucket at lava eq=air woodpick=1 stonepick=1 pick=1 iron=2 buck=1
[02:55:03] [main/INFO] (Minecraft) [CHAT] §2§l§o[TenorClef] §rT2 [HIST] 12:20.8 SNAP ph=PORTAL @243,61,136 sky=13 wet=true ground=false pick=1 buck=1 iron=2 ore=2 rods=0 pearls=0 eyes=0 child=ConstructNetherPortalBucketTask dbg=<Construct Nether Portal> Mining iron for 2nd bucket at lava mobs=none
[02:55:03] [main/INFO] (Minecraft) [CHAT] §2§l§o[TenorClef] §rFailed exploring.
[02:55:04] [main/INFO] (Minecraft) [CHAT] §2§l§o[TenorClef] §rT2 [NOW] t=12:21.8 ph=PORTAL @243,61,136 do=<Construct Nether Portal> Mining iron for 2nd bucket at lava eq=air woodpick=1 stonepick=1 pick=1 iron=2 buck=1
[02:55:05] [main/INFO] (Minecraft) [CHAT] §2§l§o[TenorClef] §rT2 [NOW] t=12:22.8 ph=PORTAL @243,61,136 do=<Construct Nether Portal> Mining iron for 2nd bucket at lava eq=air woodpick=1 stonepick=1 pick=1 iron=2 buck=1
[02:55:06] [main/INFO] (Minecraft) [CHAT] §2§l§o[TenorClef] §rT2 [NOW] t=12:23.8 ph=PORTAL @243,61,136 do=<Construct Nether Portal> Mining iron for 2nd bucket at lava eq=air woodpick=1 stonepick=1 pick=1 iron=2 buck=1
[02:55:07] [main/INFO] (Minecraft) [STDOUT]: ALTO CLEF: WARNING: T2 [S102] escape water spd=0.000
[02:55:07] [main/INFO] (Minecraft) [CHAT] §2§l§o[TenorClef] §cT2 [S102] escape water spd=0.000§r
[02:55:07] [main/INFO] (Minecraft) [CHAT] §2§l§o[TenorClef] §rT2 [HIST] 12:24.2 SOLVE S102 escape water spd=0.000
[02:55:07] [main/INFO] (Minecraft) [CHAT] §2§l§o[TenorClef] §rT2 [NOW] t=12:24.8 ph=PORTAL @243,61,136 do=<Construct Nether Portal> Mining iron for 2nd bucket at lava eq=air woodpick=1 stonepick=1 pick=1 iron=2 buck=1
[02:55:07] [main/INFO] (Minecraft) [STDOUT]: ALTO CLEF: WARNING: T2 [E102] spd=0.000 @243,61,136
[02:55:07] [main/INFO] (Minecraft) [CHAT] §2§l§o[TenorClef] §cT2 [E102] spd=0.000 @243,61,136§r
[02:55:07] [main/INFO] (Minecraft) [CHAT] §2§l§o[TenorClef] §rT2 [HIST] 12:25.0 [E102] spd=0.000 @243,61,136
[02:55:08] [main/INFO] (Minecraft) [CHAT] §2§l§o[TenorClef] §rT2 [NOW] t=12:25.8 ph=PORTAL @243,61,136 do=<Construct Nether Portal> Mining iron for 2nd bucket at lava eq=air woodpick=1 stonepick=1 pick=1 iron=2 buck=1
[02:55:08] [main/INFO] (Minecraft) [CHAT] §2§l§o[TenorClef] §rT2 [HIST] 12:25.8 SNAP ph=PORTAL @243,61,136 sky=13 wet=true ground=false pick=1 buck=1 iron=2 ore=2 rods=0 pearls=0 eyes=0 child=ConstructNetherPortalBucketTask dbg=<Construct Nether Portal> Mining iron for 2nd bucket at lava mobs=none
[02:55:09] [main/INFO] (Minecraft) [CHAT] §2§l§o[TenorClef] §rT2 [NOW] t=12:26.8 ph=PORTAL @243,61,136 do=<Construct Nether Portal> Mining iron for 2nd bucket at lava eq=air woodpick=1 stonepick=1 pick=1 iron=2 buck=1
[02:55:09] [main/INFO] (Minecraft) [CHAT] §2§l§o[TenorClef] §rFailed exploring.
[02:55:10] [main/INFO] (Minecraft) [CHAT] §2§l§o[TenorClef] §rT2 [NOW] t=12:27.8 ph=PORTAL @243,61,136 do=<Construct Nether Portal> Mining iron for 2nd bucket at lava eq=air woodpick=1 stonepick=1 pick=1 iron=2 buck=1
[02:55:11] [main/INFO] (Minecraft) [CHAT] §2§l§o[TenorClef] §rT2 [NOW] t=12:28.8 ph=PORTAL @243,61,136 do=<Construct Nether Portal> Mining iron for 2nd bucket at lava eq=air woodpick=1 stonepick=1 pick=1 iron=2 buck=1
[02:55:11] [main/INFO] (Minecraft) [CHAT] §2§l§o[TenorClef] §rT2 [HB] t=12:29.0 ph=PORTAL y=61 child=ConstructNetherPortalBucketTask logs=1 pick=1 woodpick=1
[02:55:12] [main/INFO] (Minecraft) [CHAT] §2§l§o[TenorClef] §rT2 [NOW] t=12:29.8 ph=PORTAL @243,61,136 do=<Construct Nether Portal> Mining iron for 2nd bucket at lava eq=air woodpick=1 stonepick=1 pick=1 iron=2 buck=1
[02:55:13] [main/INFO] (Minecraft) [STDOUT]: ALTO CLEF: WARNING: T2 [S102] escape water spd=0.000
[02:55:13] [main/INFO] (Minecraft) [CHAT] §2§l§o[TenorClef] §cT2 [S102] escape water spd=0.000§r
[02:55:13] [main/INFO] (Minecraft) [CHAT] §2§l§o[TenorClef] §rT2 [HIST] 12:30.2 SOLVE S102 escape water spd=0.000
[02:55:13] [main/INFO] (Minecraft) [CHAT] §2§l§o[TenorClef] §rT2 [NOW] t=12:30.8 ph=PORTAL @243,61,136 do=<Construct Nether Portal> Mining iron for 2nd bucket at lava eq=air woodpick=1 stonepick=1 pick=1 iron=2 buck=1
[02:55:13] [main/INFO] (Minecraft) [CHAT] §2§l§o[TenorClef] §rT2 [HIST] 12:30.8 SNAP ph=PORTAL @243,61,136 sky=13 wet=true ground=false pick=1 buck=1 iron=2 ore=2 rods=0 pearls=0 eyes=0 child=ConstructNetherPortalBucketTask dbg=<Construct Nether Portal> Mining iron for 2nd bucket at lava mobs=none
[02:55:13] [main/INFO] (Minecraft) [STDOUT]: ALTO CLEF: WARNING: T2 [E102] spd=0.000 @243,61,136
[02:55:13] [main/INFO] (Minecraft) [CHAT] §2§l§o[TenorClef] §cT2 [E102] spd=0.000 @243,61,136§r
[02:55:13] [main/INFO] (Minecraft) [CHAT] §2§l§o[TenorClef] §rT2 [HIST] 12:31.0 [E102] spd=0.000 @243,61,136
[02:55:14] [main/INFO] (Minecraft) [CHAT] §2§l§o[TenorClef] §rT2 [NOW] t=12:31.8 ph=PORTAL @243,61,136 do=<Construct Nether Portal> Mining iron for 2nd bucket at lava eq=air woodpick=1 stonepick=1 pick=1 iron=2 buck=1
[02:55:15] [main/INFO] (Minecraft) [CHAT] §2§l§o[TenorClef] §rT2 [NOW] t=12:32.8 ph=PORTAL @243,61,136 do=<Construct Nether Portal> Mining iron for 2nd bucket at lava eq=air woodpick=1 stonepick=1 pick=1 iron=2 buck=1
[02:55:16] [main/INFO] (Minecraft) [CHAT] §2§l§o[TenorClef] §rFailed exploring.
[02:55:16] [main/INFO] (Minecraft) [CHAT] §2§l§o[TenorClef] §rT2 [NOW] t=12:33.8 ph=PORTAL @243,61,136 do=<Construct Nether Portal> Mining iron for 2nd bucket at lava eq=air woodpick=1 stonepick=1 pick=1 iron=2 buck=1
[02:55:17] [main/INFO] (Minecraft) [CHAT] §2§l§o[TenorClef] §rT2 [NOW] t=12:34.8 ph=PORTAL @243,61,136 do=<Construct Nether Portal> Mining iron for 2nd bucket at lava eq=air woodpick=1 stonepick=1 pick=1 iron=2 buck=1
[02:55:18] [main/INFO] (Minecraft) [CHAT] §2§l§o[TenorClef] §rT2 [NOW] t=12:35.8 ph=PORTAL @243,61,136 do=<Construct Nether Portal> Mining iron for 2nd bucket at lava eq=air woodpick=1 stonepick=1 pick=1 iron=2 buck=1
[02:55:18] [main/INFO] (Minecraft) [CHAT] §2§l§o[TenorClef] §rT2 [HIST] 12:35.8 SNAP ph=PORTAL @243,61,136 sky=13 wet=true ground=false pick=1 buck=1 iron=2 ore=2 rods=0 pearls=0 eyes=0 child=ConstructNetherPortalBucketTask dbg=<Construct Nether Portal> Mining iron for 2nd bucket at lava mobs=none
[02:55:19] [main/INFO] (Minecraft) [STDOUT]: ALTO CLEF: WARNING: T2 [S102] escape water spd=0.000
[02:55:19] [main/INFO] (Minecraft) [CHAT] §2§l§o[TenorClef] §cT2 [S102] escape water spd=0.000§r
[02:55:19] [main/INFO] (Minecraft) [CHAT] §2§l§o[TenorClef] §rT2 [HIST] 12:36.2 SOLVE S102 escape water spd=0.000
[02:55:19] [main/INFO] (Minecraft) [STDOUT]: ALTO CLEF: WARNING: T2 [E118] ConstructNetherPortalBucketTask 90s no inv change ph=PORTAL
[02:55:19] [main/INFO] (Minecraft) [CHAT] §2§l§o[TenorClef] §cT2 [E118] ConstructNetherPortalBucketTask 90s no inv change ph=PORTAL§r
[02:55:19] [main/INFO] (Minecraft) [CHAT] §2§l§o[TenorClef] §rT2 [HIST] 12:36.3 [E118] ConstructNetherPortalBucketTask 90s no inv change ph=PORTAL
[02:55:19] [main/INFO] (Minecraft) [CHAT] §2§l§o[TenorClef] §rT2 [NOW] t=12:36.8 ph=PORTAL @243,61,136 do=<Construct Nether Portal> Mining iron for 2nd bucket at lava eq=air woodpick=1 stonepick=1 pick=1 iron=2 buck=1
[02:55:19] [main/INFO] (Minecraft) [STDOUT]: ALTO CLEF: WARNING: T2 [E102] spd=0.000 @243,61,136
[02:55:19] [main/INFO] (Minecraft) [CHAT] §2§l§o[TenorClef] §cT2 [E102] spd=0.000 @243,61,136§r
[02:55:19] [main/INFO] (Minecraft) [CHAT] §2§l§o[TenorClef] §rT2 [HIST] 12:37.1 [E102] spd=0.000 @243,61,136
[02:55:20] [main/INFO] (Minecraft) [CHAT] §2§l§o[TenorClef] §rT2 [NOW] t=12:37.8 ph=PORTAL @243,61,136 do=<Construct Nether Portal> Mining iron for 2nd bucket at lava eq=air woodpick=1 stonepick=1 pick=1 iron=2 buck=1
[02:55:21] [main/INFO] (Minecraft) [CHAT] §2§l§o[TenorClef] §rT2 [NOW] t=12:38.8 ph=PORTAL @243,61,136 do=<Construct Nether Portal> Mining iron for 2nd bucket at lava eq=air woodpick=1 stonepick=1 pick=1 iron=2 buck=1
[02:55:21] [main/INFO] (Minecraft) [CHAT] §2§l§o[TenorClef] §rConstruct: need iron for 2nd bucket (iron=2 empty=0 water=1 lava=0)
[02:55:21] [main/INFO] (Minecraft) [CHAT] §2§l§o[TenorClef] §rT2 [HB] t=12:39.0 ph=PORTAL y=61 child=ConstructNetherPortalBucketTask logs=1 pick=1 woodpick=1
[02:55:21] [main/INFO] (Minecraft) [STDOUT]: ALTO CLEF: WARNING: T2 [S160] portal build held the slot 120s without finishing @243,61,136 - pin suspended for 30s so the driver can relocate
[02:55:21] [main/INFO] (Minecraft) [CHAT] §2§l§o[TenorClef] §cT2 [S160] portal build held the slot 120s without finishing @243,61,136 - pin suspended for 30s so the driver can relocate§r
[02:55:21] [main/INFO] (Minecraft) [CHAT] §2§l§o[TenorClef] §rT2 [HIST] 12:39.0 FORCE S160 portal build held the slot 120s without finishing @243,61,136 - pin suspended for 30s so the driver can relocate
[02:55:22] [main/INFO] (Minecraft) [CHAT] §2§l§o[TenorClef] §rT2 [NOW] t=12:39.8 ph=PORTAL @243,61,136 do=<Construct Nether Portal> Mining iron for 2nd bucket at lava eq=air woodpick=1 stonepick=1 pick=1 iron=2 buck=1
[02:55:23] [main/INFO] (Minecraft) [CHAT] §2§l§o[TenorClef] §rT2 [NOW] t=12:40.8 ph=PORTAL @243,61,136 do=<Construct Nether Portal> Mining iron for 2nd bucket at lava eq=air woodpick=1 stonepick=1 pick=1 iron=2 buck=1
[02:55:23] [main/INFO] (Minecraft) [CHAT] §2§l§o[TenorClef] §rT2 [HIST] 12:40.8 SNAP ph=PORTAL @243,61,136 sky=13 wet=true ground=false pick=1 buck=1 iron=2 ore=2 rods=0 pearls=0 eyes=0 child=ConstructNetherPortalBucketTask dbg=<Construct Nether Portal> Mining iron for 2nd bucket at lava mobs=none
[02:55:24] [main/INFO] (Minecraft) [CHAT] §2§l§o[TenorClef] §rT2 [NOW] t=12:41.8 ph=PORTAL @243,61,136 do=<Construct Nether Portal> Mining iron for 2nd bucket at lava eq=air woodpick=1 stonepick=1 pick=1 iron=2 buck=1
[02:55:25] [main/INFO] (Minecraft) [STDOUT]: ALTO CLEF: WARNING: T2 [S102] escape water spd=0.000
[02:55:25] [main/INFO] (Minecraft) [CHAT] §2§l§o[TenorClef] §cT2 [S102] escape water spd=0.000§r
[02:55:25] [main/INFO] (Minecraft) [CHAT] §2§l§o[TenorClef] §rT2 [HIST] 12:42.2 SOLVE S102 escape water spd=0.000
[02:55:25] [main/INFO] (Minecraft) [CHAT] §2§l§o[TenorClef] §rT2 [NOW] t=12:42.8 ph=PORTAL @243,61,136 do=<Construct Nether Portal> Mining iron for 2nd bucket at lava eq=air woodpick=1 stonepick=1 pick=1 iron=2 buck=1
[02:55:26] [main/INFO] (Minecraft) [STDOUT]: ALTO CLEF: WARNING: T2 [E102] spd=0.000 @243,61,136
[02:55:26] [main/INFO] (Minecraft) [CHAT] §2§l§o[TenorClef] §cT2 [E102] spd=0.000 @243,61,136§r
[02:55:26] [main/INFO] (Minecraft) [CHAT] §2§l§o[TenorClef] §rT2 [HIST] 12:43.1 [E102] spd=0.000 @243,61,136
[02:55:26] [main/INFO] (Minecraft) [CHAT] §2§l§o[TenorClef] §rT2 [NOW] t=12:43.8 ph=PORTAL @243,61,136 do=<Construct Nether Portal> Mining iron for 2nd bucket at lava eq=air woodpick=1 stonepick=1 pick=1 iron=2 buck=1
[02:55:27] [main/INFO] (Minecraft) [CHAT] §2§l§o[TenorClef] §rT2 [NOW] t=12:44.8 ph=PORTAL @243,61,136 do=<Construct Nether Portal> Mining iron for 2nd bucket at lava eq=air woodpick=1 stonepick=1 pick=1 iron=2 buck=1
[02:55:27] [main/INFO] (Minecraft) [CHAT] §2§l§o[TenorClef] §rFailed exploring.
[02:55:28] [main/INFO] (Minecraft) [CHAT] §2§l§o[TenorClef] §rRefreshed inventory...
[02:55:28] [main/INFO] (Minecraft) [CHAT] §2§l§o[TenorClef] §rT2 [NOW] t=12:45.8 ph=PORTAL @243,61,136 do=<Construct Nether Portal> Mining iron for 2nd bucket at lava eq=air woodpick=1 stonepick=1 pick=1 iron=2 buck=1
[02:55:28] [main/INFO] (Minecraft) [CHAT] §2§l§o[TenorClef] §rT2 [HIST] 12:45.8 SNAP ph=PORTAL @243,61,136 sky=13 wet=true ground=false pick=1 buck=1 iron=2 ore=2 rods=0 pearls=0 eyes=0 child=ConstructNetherPortalBucketTask dbg=<Construct Nether Portal> Mining iron for 2nd bucket at lava mobs=none
[02:55:29] [main/INFO] (Minecraft) [CHAT] §2§l§o[TenorClef] §rT2 [NOW] t=12:46.8 ph=PORTAL @243,61,136 do=<Construct Nether Portal> Mining iron for 2nd bucket at lava eq=air woodpick=1 stonepick=1 pick=1 iron=2 buck=1
[02:55:30] [main/INFO] (Minecraft) [CHAT] §2§l§o[TenorClef] §rT2 [NOW] t=12:47.8 ph=PORTAL @243,61,136 do=<Construct Nether Portal> Mining iron for 2nd bucket at lava eq=air woodpick=1 stonepick=1 pick=1 iron=2 buck=1
[02:55:31] [main/INFO] (Minecraft) [STDOUT]: ALTO CLEF: WARNING: T2 [S102] escape water spd=0.000
[02:55:31] [main/INFO] (Minecraft) [CHAT] §2§l§o[TenorClef] §cT2 [S102] escape water spd=0.000§r
[02:55:31] [main/INFO] (Minecraft) [CHAT] §2§l§o[TenorClef] §rT2 [HIST] 12:48.2 SOLVE S102 escape water spd=0.000
[02:55:31] [main/INFO] (Minecraft) [CHAT] §2§l§o[TenorClef] §rT2 [NOW] t=12:48.8 ph=PORTAL @243,61,136 do=<Construct Nether Portal> Mining iron for 2nd bucket at lava eq=air woodpick=1 stonepick=1 pick=1 iron=2 buck=1
[02:55:31] [main/INFO] (Minecraft) [CHAT] §2§l§o[TenorClef] §rT2 [HB] t=12:49.0 ph=PORTAL y=61 child=ConstructNetherPortalBucketTask logs=1 pick=1 woodpick=1
[02:55:32] [main/INFO] (Minecraft) [STDOUT]: ALTO CLEF: WARNING: T2 [E102] spd=0.000 @243,61,136
[02:55:32] [main/INFO] (Minecraft) [CHAT] §2§l§o[TenorClef] §cT2 [E102] spd=0.000 @243,61,136§r
[02:55:32] [main/INFO] (Minecraft) [CHAT] §2§l§o[TenorClef] §rT2 [HIST] 12:49.2 [E102] spd=0.000 @243,61,136
[02:55:32] [main/INFO] (Minecraft) [CHAT] §2§l§o[TenorClef] §rT2 [NOW] t=12:49.8 ph=PORTAL @243,61,136 do=<Construct Nether Portal> Mining iron for 2nd bucket at lava eq=air woodpick=1 stonepick=1 pick=1 iron=2 buck=1
[02:55:33] [main/INFO] (Minecraft) [CHAT] §2§l§o[TenorClef] §rT2 [NOW] t=12:50.8 ph=PORTAL @243,61,136 do=<Construct Nether Portal> Mining iron for 2nd bucket at lava eq=air woodpick=1 stonepick=1 pick=1 iron=2 buck=1
[02:55:33] [main/INFO] (Minecraft) [CHAT] §2§l§o[TenorClef] §rT2 [HIST] 12:50.8 SNAP ph=PORTAL @243,61,136 sky=13 wet=true ground=false pick=1 buck=1 iron=2 ore=2 rods=0 pearls=0 eyes=0 child=ConstructNetherPortalBucketTask dbg=<Construct Nether Portal> Mining iron for 2nd bucket at lava mobs=none
[02:55:33] [main/INFO] (Minecraft) [CHAT] §2§l§o[TenorClef] §rFailed exploring.
[02:55:34] [main/INFO] (Minecraft) [CHAT] §2§l§o[TenorClef] §rT2 [NOW] t=12:51.8 ph=PORTAL @243,61,136 do=<Construct Nether Portal> Mining iron for 2nd bucket at lava eq=air woodpick=1 stonepick=1 pick=1 iron=2 buck=1
[02:55:35] [main/INFO] (Minecraft) [CHAT] §2§l§o[TenorClef] §rT2 [NOW] t=12:52.8 ph=PORTAL @243,61,136 do=<Construct Nether Portal> Mining iron for 2nd bucket at lava eq=air woodpick=1 stonepick=1 pick=1 iron=2 buck=1
[02:55:36] [main/INFO] (Minecraft) [CHAT] §2§l§o[TenorClef] §rT2 [NOW] t=12:53.8 ph=PORTAL @243,61,136 do=<Construct Nether Portal> Mining iron for 2nd bucket at lava eq=air woodpick=1 stonepick=1 pick=1 iron=2 buck=1
[02:55:37] [main/INFO] (Minecraft) [STDOUT]: ALTO CLEF: WARNING: T2 [S102] escape water spd=0.000
[02:55:37] [main/INFO] (Minecraft) [CHAT] §2§l§o[TenorClef] §cT2 [S102] escape water spd=0.000§r
[02:55:37] [main/INFO] (Minecraft) [CHAT] §2§l§o[TenorClef] §rT2 [HIST] 12:54.2 SOLVE S102 escape water spd=0.000
[02:55:37] [main/INFO] (Minecraft) [CHAT] §2§l§o[TenorClef] §rT2 [NOW] t=12:54.8 ph=PORTAL @243,61,136 do=<Construct Nether Portal> Mining iron for 2nd bucket at lava eq=air woodpick=1 stonepick=1 pick=1 iron=2 buck=1
[02:55:38] [main/INFO] (Minecraft) [STDOUT]: ALTO CLEF: WARNING: T2 [E102] spd=0.000 @243,61,136
[02:55:38] [main/INFO] (Minecraft) [CHAT] §2§l§o[TenorClef] §cT2 [E102] spd=0.000 @243,61,136§r
[02:55:38] [main/INFO] (Minecraft) [CHAT] §2§l§o[TenorClef] §rT2 [HIST] 12:55.2 [E102] spd=0.000 @243,61,136
[02:55:38] [main/INFO] (Minecraft) [CHAT] §2§l§o[TenorClef] §rT2 [NOW] t=12:55.8 ph=PORTAL @243,61,136 do=<Construct Nether Portal> Mining iron for 2nd bucket at lava eq=air woodpick=1 stonepick=1 pick=1 iron=2 buck=1
[02:55:38] [main/INFO] (Minecraft) [CHAT] §2§l§o[TenorClef] §rT2 [HIST] 12:55.8 SNAP ph=PORTAL @243,61,136 sky=13 wet=true ground=false pick=1 buck=1 iron=2 ore=2 rods=0 pearls=0 eyes=0 child=ConstructNetherPortalBucketTask dbg=<Construct Nether Portal> Mining iron for 2nd bucket at lava mobs=none
[02:55:39] [main/INFO] (Minecraft) [CHAT] §2§l§o[TenorClef] §rT2 [NOW] t=12:56.8 ph=PORTAL @243,61,136 do=<Construct Nether Portal> Mining iron for 2nd bucket at lava eq=air woodpick=1 stonepick=1 pick=1 iron=2 buck=1
[02:55:40] [main/INFO] (Minecraft) [CHAT] §2§l§o[TenorClef] §rFailed exploring.
[02:55:40] [main/INFO] (Minecraft) [CHAT] §2§l§o[TenorClef] §rT2 [NOW] t=12:57.8 ph=PORTAL @243,61,136 do=<Construct Nether Portal> Mining iron for 2nd bucket at lava eq=air woodpick=1 stonepick=1 pick=1 iron=2 buck=1
[02:55:41] [main/INFO] (Minecraft) [CHAT] §2§l§o[TenorClef] §rT2 [NOW] t=12:58.8 ph=PORTAL @243,61,136 do=<Construct Nether Portal> Mining iron for 2nd bucket at lava eq=air woodpick=1 stonepick=1 pick=1 iron=2 buck=1
[02:55:41] [main/INFO] (Minecraft) [CHAT] §2§l§o[TenorClef] §rT2 [HB] t=12:59.0 ph=PORTAL y=61 child=ConstructNetherPortalBucketTask logs=1 pick=1 woodpick=1
[02:55:42] [main/INFO] (Minecraft) [CHAT] §2§l§o[TenorClef] §rT2 [NOW] t=12:59.8 ph=PORTAL @243,61,136 do=<Construct Nether Portal> Mining iron for 2nd bucket at lava eq=air woodpick=1 stonepick=1 pick=1 iron=2 buck=1
[02:55:43] [main/INFO] (Minecraft) [STDOUT]: ALTO CLEF: WARNING: T2 [S102] escape water spd=0.000
[02:55:43] [main/INFO] (Minecraft) [CHAT] §2§l§o[TenorClef] §cT2 [S102] escape water spd=0.000§r
[02:55:43] [main/INFO] (Minecraft) [CHAT] §2§l§o[TenorClef] §rT2 [HIST] 13:00.2 SOLVE S102 escape water spd=0.000
[02:55:43] [main/INFO] (Minecraft) [CHAT] §2§l§o[TenorClef] §rT2 [NOW] t=13:00.8 ph=PORTAL @243,61,136 do=<Construct Nether Portal> Mining iron for 2nd bucket at lava eq=air woodpick=1 stonepick=1 pick=1 iron=2 buck=1
[02:55:43] [main/INFO] (Minecraft) [CHAT] §2§l§o[TenorClef] §rT2 [HIST] 13:00.8 SNAP ph=PORTAL @243,61,136 sky=13 wet=true ground=false pick=1 buck=1 iron=2 ore=2 rods=0 pearls=0 eyes=0 child=ConstructNetherPortalBucketTask dbg=<Construct Nether Portal> Mining iron for 2nd bucket at lava mobs=none
[02:55:44] [main/INFO] (Minecraft) [STDOUT]: ALTO CLEF: WARNING: T2 [E102] spd=0.000 @243,61,136
[02:55:44] [main/INFO] (Minecraft) [CHAT] §2§l§o[TenorClef] §cT2 [E102] spd=0.000 @243,61,136§r
[02:55:44] [main/INFO] (Minecraft) [CHAT] §2§l§o[TenorClef] §rT2 [HIST] 13:01.3 [E102] spd=0.000 @243,61,136
[02:55:44] [main/INFO] (Minecraft) [CHAT] §2§l§o[TenorClef] §rT2 [NOW] t=13:01.8 ph=PORTAL @243,61,136 do=<Construct Nether Portal> Mining iron for 2nd bucket at lava eq=air woodpick=1 stonepick=1 pick=1 iron=2 buck=1
[02:55:45] [main/INFO] (Minecraft) [CHAT] §2§l§o[TenorClef] §rT2 [NOW] t=13:02.8 ph=PORTAL @243,61,136 do=<Construct Nether Portal> Mining iron for 2nd bucket at lava eq=air woodpick=1 stonepick=1 pick=1 iron=2 buck=1
[02:55:46] [main/INFO] (Minecraft) [CHAT] §2§l§o[TenorClef] §rFailed exploring.
[02:55:46] [main/INFO] (Minecraft) [CHAT] §2§l§o[TenorClef] §rT2 [NOW] t=13:03.8 ph=PORTAL @243,61,136 do=<Construct Nether Portal> Mining iron for 2nd bucket at lava eq=air woodpick=1 stonepick=1 pick=1 iron=2 buck=1
[02:55:47] [main/INFO] (Minecraft) [CHAT] §2§l§o[TenorClef] §rT2 [NOW] t=13:04.8 ph=PORTAL @243,61,136 do=<Construct Nether Portal> Mining iron for 2nd bucket at lava eq=air woodpick=1 stonepick=1 pick=1 iron=2 buck=1
[02:55:48] [main/INFO] (Minecraft) [STDOUT]: ALTO CLEF: WARNING: T2 [S152] onStop interrupt=null dead=false ph=PORTAL y=61.4 -> session preserved
[02:55:48] [main/INFO] (Minecraft) [CHAT] §2§l§o[TenorClef] §cT2 [S152] onStop interrupt=null dead=false ph=PORTAL y=61.4 -> session preserved§r
[02:55:48] [main/INFO] (Minecraft) [CHAT] §2§l§o[TenorClef] §rStopped
[02:55:48] [main/INFO] (Minecraft) [CHAT] §2§l§o[TenorClef] §rUser task FINISHED. Took 13 minutes and 5.484 seconds.
[02:55:49] [Server thread/INFO] (Minecraft) Saving and pausing game...
[02:55:49] [Server thread/INFO] (Minecraft) Saving chunks for level 'ServerLevel[AutoRun_20260924_024210]'/minecraft:overworld
[02:55:49] [Server thread/INFO] (Minecraft) Saving chunks for level 'ServerLevel[AutoRun_20260924_024210]'/minecraft:the_nether
[02:55:49] [Server thread/INFO] (Minecraft) Saving chunks for level 'ServerLevel[AutoRun_20260924_024210]'/minecraft:the_end
[02:55:50] [Server thread/INFO] (Minecraft) Player369 lost connection: Disconnected
[02:55:50] [Server thread/INFO] (Minecraft) Player369 left the game
[02:55:50] [Server thread/INFO] (Minecraft) Stopping singleplayer server as player logged out
[02:55:50] [Server thread/INFO] (Minecraft) Stopping server
[02:55:50] [Server thread/INFO] (Minecraft) Saving players
[02:55:50] [Server thread/INFO] (Minecraft) Saving worlds
[02:55:50] [Server thread/INFO] (Minecraft) Saving chunks for level 'ServerLevel[AutoRun_20260924_024210]'/minecraft:overworld
[02:55:50] [Server thread/INFO] (Minecraft) ThreadedAnvilChunkStorage (AutoRun_20260924_024210): All chunks are saved
[02:55:50] [Server thread/INFO] (Minecraft) Saving chunks for level 'ServerLevel[AutoRun_20260924_024210]'/minecraft:the_nether
[02:55:50] [Server thread/INFO] (Minecraft) ThreadedAnvilChunkStorage (DIM-1): All chunks are saved
[02:55:50] [Server thread/INFO] (Minecraft) Saving chunks for level 'ServerLevel[AutoRun_20260924_024210]'/minecraft:the_end
[02:55:50] [Server thread/INFO] (Minecraft) ThreadedAnvilChunkStorage (DIM1): All chunks are saved
[02:55:50] [Server thread/INFO] (Minecraft) ThreadedAnvilChunkStorage (AutoRun_20260924_024210): All chunks are saved
[02:55:50] [Server thread/INFO] (Minecraft) ThreadedAnvilChunkStorage (DIM-1): All chunks are saved
[02:55:50] [Server thread/INFO] (Minecraft) ThreadedAnvilChunkStorage (DIM1): All chunks are saved
[02:55:51] [main/INFO] (Minecraft) Stopping!

[Incubating] Problems report is available at: file:///C:/Users/redfa/Documents/MinecraftDev/altoclef/build/reports/problems/problems-report.html

BUILD SUCCESSFUL in 16m 29s
56 actionable tasks: 14 executed, 42 up-to-date
