WARNING: A restricted method in java.lang.System has been called
WARNING: java.lang.System::load has been called by net.rubygrapefruit.platform.internal.NativeLibraryLoader in an unnamed module (file:/C:/Users/redfa/.gradle/wrapper/dists/gradle-9.4.1-bin/arn2x92ynaizyzdaamcbpbhtj/gradle-9.4.1/lib/native-platform-0.22-milestone-29.jar)
WARNING: Use --enable-native-access=ALL-UNNAMED to avoid a warning for callers in this module
WARNING: Restricted methods will be blocked in a future release unless native access is enabled

To honour the JVM settings for this build a single-use Daemon process will be forked. For more on this, please refer to https://docs.gradle.org/9.4.1/userguide/gradle_daemon.html#sec:disabling_the_daemon in the Gradle documentation.
Daemon will be stopped at the end of the build 
[tenorclef] gradle.properties.local sets org.gradle.java.home — Gradle selects the daemon JDK from JAVA_HOME or ~/.gradle/gradle.properties; export JAVA_HOME="C:/Program Files/Eclipse Adoptium/jdk-21.0.12.101-hotspot" if this pin is required.
[tenorclef] Loaded 4 entries from gradle.properties.local

> Configure project :1.16.1
Fabric Loom: 1.15.5

> Configure project :1.21.1
Fabric Loom: 1.15.5
[altoclef] Tungsten jars for 1.21.1: [tungsten-fabric-ALPHA-1.6.0-1.21compat-SNAPSHOT.jar]
Build file 'C:\Users\redfa\Documents\MinecraftDev\altoclef\build.gradle': line 335
Properties should be assigned using the 'propName = value' syntax. Setting a property via the Gradle-generated 'propName value' or 'propName(value)' syntax in Groovy DSL has been deprecated. This is scheduled to be removed in Gradle 10. Use assignment ('duplicatesStrategy = <value>') instead. Consult the upgrading guide for further information: https://docs.gradle.org/9.4.1/userguide/upgrading_version_8.html#groovy_space_assignment_syntax
	at build_dsk7s0l5lw6a69ogktr7fgsy9$_run_closure13$_closure39.doCall$original(C:\Users\redfa\Documents\MinecraftDev\altoclef\build.gradle:335)
	(Run with --stacktrace to get the full stack trace of this deprecation warning.)
	at build_dsk7s0l5lw6a69ogktr7fgsy9$_run_closure13.doCall$original(C:\Users\redfa\Documents\MinecraftDev\altoclef\build.gradle:334)
	(Run with --stacktrace to get the full stack trace of this deprecation warning.)
Not publishing sources jar as it was not created by the java plugin. Use java.withSourcesJar() to fix.

> Configure project :1.16.5
Fabric Loom: 1.15.5

> Configure project :1.21
Fabric Loom: 1.15.5
[altoclef] Tungsten jars for 1.21: [tungsten-fabric-ALPHA-1.6.0-1.21compat-SNAPSHOT.jar]
Not publishing sources jar as it was not created by the java plugin. Use java.withSourcesJar() to fix.

> Configure project :1.17.1
Fabric Loom: 1.15.5

> Configure project :1.20.6
Fabric Loom: 1.15.5
Not publishing sources jar as it was not created by the java plugin. Use java.withSourcesJar() to fix.

> Configure project :1.18
Fabric Loom: 1.15.5

> Configure project :1.20.5
Fabric Loom: 1.15.5
Not publishing sources jar as it was not created by the java plugin. Use java.withSourcesJar() to fix.

> Configure project :1.18.2
Fabric Loom: 1.15.5

> Configure project :1.20.4
Fabric Loom: 1.15.5
Not publishing sources jar as it was not created by the java plugin. Use java.withSourcesJar() to fix.

> Configure project :1.19.4
Fabric Loom: 1.15.5

> Configure project :1.20.2
Fabric Loom: 1.15.5
Not publishing sources jar as it was not created by the java plugin. Use java.withSourcesJar() to fix.

> Configure project :1.20.1
Fabric Loom: 1.15.5
Not publishing sources jar as it was not created by the java plugin. Use java.withSourcesJar() to fix.

> Configure project :1.19.4
Not publishing sources jar as it was not created by the java plugin. Use java.withSourcesJar() to fix.

> Configure project :1.18.2
Not publishing sources jar as it was not created by the java plugin. Use java.withSourcesJar() to fix.

> Configure project :1.18
Not publishing sources jar as it was not created by the java plugin. Use java.withSourcesJar() to fix.

> Configure project :1.17.1
Not publishing sources jar as it was not created by the java plugin. Use java.withSourcesJar() to fix.

> Configure project :1.16.5
Not publishing sources jar as it was not created by the java plugin. Use java.withSourcesJar() to fix.

> Configure project :1.16.1
[altoclef] Ostinato Baritone for 1.16.1: baritone-unoptimized-fabric-1.16.1.jar
[altoclef] Tungsten jars for 1.16.1: [tungsten-fabric-ALPHA-1.6.0-1.16.1-SNAPSHOT.jar]
Not publishing sources jar as it was not created by the java plugin. Use java.withSourcesJar() to fix.

> Configure project :1.21.11
Fabric Loom: 1.15.5
[altoclef] Ostinato Baritone for 1.21.11: baritone-unoptimized-fabric-1.17.0-7-g9bb1b309-dirty.jar
[altoclef] Tungsten jars for 1.21.11: [tungsten-fabric-ALPHA-1.6.0-1.21compat-SNAPSHOT.jar]
Not publishing sources jar as it was not created by the java plugin. Use java.withSourcesJar() to fix.

> Task :1.16.1:prepareDestMappingsForPreprocessor UP-TO-DATE
> Task :1.16.1:prepareSourceMappingsForPreprocessor UP-TO-DATE
> Task :1.16.5:prepareDestMappingsForPreprocessor UP-TO-DATE
> Task :1.16.5:prepareSourceMappingsForPreprocessor UP-TO-DATE
> Task :1.17.1:prepareDestMappingsForPreprocessor UP-TO-DATE
> Task :1.17.1:prepareSourceMappingsForPreprocessor UP-TO-DATE
> Task :1.18:prepareDestMappingsForPreprocessor UP-TO-DATE
> Task :1.18:prepareSourceMappingsForPreprocessor UP-TO-DATE
> Task :1.18.2:prepareDestMappingsForPreprocessor UP-TO-DATE
> Task :1.18.2:prepareSourceMappingsForPreprocessor UP-TO-DATE
> Task :1.19.4:prepareDestMappingsForPreprocessor UP-TO-DATE
> Task :1.19.4:prepareSourceMappingsForPreprocessor UP-TO-DATE
> Task :1.20.1:prepareDestMappingsForPreprocessor UP-TO-DATE
> Task :1.20.1:prepareSourceMappingsForPreprocessor UP-TO-DATE
> Task :1.20.2:prepareDestMappingsForPreprocessor UP-TO-DATE
> Task :1.20.2:prepareSourceMappingsForPreprocessor UP-TO-DATE
> Task :1.20.4:prepareDestMappingsForPreprocessor UP-TO-DATE
> Task :1.20.4:prepareSourceMappingsForPreprocessor UP-TO-DATE
> Task :1.20.5:prepareDestMappingsForPreprocessor UP-TO-DATE
> Task :1.20.5:prepareSourceMappingsForPreprocessor UP-TO-DATE
> Task :1.20.6:prepareDestMappingsForPreprocessor UP-TO-DATE
> Task :1.20.6:prepareSourceMappingsForPreprocessor UP-TO-DATE
> Task :1.21:prepareDestMappingsForPreprocessor UP-TO-DATE
> Task :1.21:prepareSourceMappingsForPreprocessor UP-TO-DATE
> Task :1.21:preprocessCode UP-TO-DATE
> Task :1.20.6:preprocessCode UP-TO-DATE
> Task :1.20.5:preprocessCode UP-TO-DATE
> Task :1.20.4:preprocessCode UP-TO-DATE
> Task :1.20.2:preprocessCode UP-TO-DATE
> Task :1.20.1:preprocessCode UP-TO-DATE
> Task :1.19.4:preprocessCode UP-TO-DATE
> Task :1.18.2:preprocessCode UP-TO-DATE
> Task :1.18:preprocessCode UP-TO-DATE
> Task :1.17.1:preprocessCode UP-TO-DATE
> Task :1.16.5:preprocessCode UP-TO-DATE
> Task :1.16.1:preprocessCode UP-TO-DATE
> Task :1.16.1:compileJava UP-TO-DATE
> Task :1.21:preprocessResources UP-TO-DATE
> Task :1.20.6:preprocessResources UP-TO-DATE
> Task :1.20.5:preprocessResources UP-TO-DATE
> Task :1.20.4:preprocessResources UP-TO-DATE
> Task :1.20.2:preprocessResources UP-TO-DATE
> Task :1.20.1:preprocessResources UP-TO-DATE
> Task :1.19.4:preprocessResources UP-TO-DATE
> Task :1.18.2:preprocessResources UP-TO-DATE
> Task :1.18:preprocessResources UP-TO-DATE
> Task :1.17.1:preprocessResources UP-TO-DATE
> Task :1.16.5:preprocessResources UP-TO-DATE
> Task :1.16.1:preprocessResources UP-TO-DATE
> Task :1.16.1:processResources UP-TO-DATE
> Task :1.16.1:classes UP-TO-DATE
> Task :1.16.1:generateLog4jConfig UP-TO-DATE
> Task :1.16.1:generateRemapClasspath UP-TO-DATE
> Task :1.16.1:generateDLIConfig UP-TO-DATE
> Task :1.16.1:configureLaunch UP-TO-DATE
> Task :1.16.1:downloadAssets UP-TO-DATE
> Task :1.16.1:extractNatives UP-TO-DATE
> Task :1.16.1:configureClientLaunch UP-TO-DATE

> Task :1.16.1:runClient
2026-09-20 19:46:07,872 main ERROR Error processing element Queue ([Appenders: null]): CLASS_NOT_FOUND
2026-09-20 19:46:08,513 main ERROR Unable to locate appender "ServerGuiConsole" for logger config "root"
[19:46:08] [main/INFO] (FabricLoader/GameProvider) Loading Minecraft 1.16.1 with Fabric Loader 0.16.7
[19:46:08] [ForkJoinPool-1-worker-6/WARN] (FabricLoader/Metadata) Mod tungsten uses the version ALPHA-1.6.0-1.16.1-SNAPSHOT which isn't compatible with Loader's extended semantic version format (Could not parse version number component 'ALPHA'!), SemVer is recommended for reliably evaluating dependencies and prioritizing newer version
[19:46:08] [main/INFO] (FabricLoader) Loading 46 mods:
	- altoclef 1.16.1-0.19
	- baritone 1.16.1-ostinato
	- fabric 0.18.0+build.387-1.16.1
	- fabric-api-base 0.1.3+12a8474c02
	- fabric-biomes-v1 0.2.7+059ea86602
	- fabric-blockrenderlayer-v1 1.1.4+c6a8ea8902
	- fabric-command-api-v1 1.0.8+5ce5339802
	- fabric-commands-v0 0.2.0+52d3083602
	- fabric-containers-v0 0.1.8+045df74f02
	- fabric-content-registries-v0 0.1.9+059ea86602
	- fabric-crash-report-info-v1 0.1.2+b7f9825d02
	- fabric-dimensions-v1 1.0.0+a71b305302
	- fabric-events-interaction-v0 0.4.0+e540c58402
	- fabric-events-lifecycle-v0 0.2.0+16acbe5b02
	- fabric-game-rule-api-v1 1.0.0+fe81e12502
	- fabric-item-api-v1 1.0.0+16acbe5b02
	- fabric-item-groups-v0 0.2.0+438f963602
	- fabric-key-binding-api-v1 1.0.1+f404f3be02
	- fabric-keybindings-v0 0.2.0+3fa9f7c502
	- fabric-lifecycle-events-v1 1.2.0+e83e061c02
	- fabric-loot-tables-v1 1.0.0+386eb69e02
	- fabric-mining-levels-v0 0.1.2+b764ce9902
	- fabric-models-v0 0.1.0+dfdb52d602
	- fabric-networking-blockentity-v0 0.2.5+b50ffc7b02
	- fabric-networking-v0 0.1.10+e00ecb5f02
	- fabric-object-builder-api-v1 1.5.7+2242e77202
	- fabric-object-builders-v0 0.6.1+a2d21ddd02
	- fabric-particles-v1 0.2.1+0a6f2a7002
	- fabric-registry-sync-v0 0.3.8+7dba2d6c02
	- fabric-renderer-api-v1 0.2.13+eae12eb802
	- fabric-renderer-indigo 0.3.4+34d6c87102
	- fabric-renderer-registries-v1 2.1.0+be551d3c02
	- fabric-rendering-data-attachment-v1 0.1.3+b7f9825d02
	- fabric-rendering-fluids-v1 0.1.8+b7084faa02
	- fabric-rendering-v0 1.1.0+5341049002
	- fabric-rendering-v1 1.1.2+346247d702
	- fabric-resource-loader-v0 0.2.6+f41e209802
	- fabric-screen-handler-api-v1 1.1.0+97324d1102
	- fabric-tag-extensions-v0 0.2.7+a4c57d8e02
	- fabric-textures-v0 1.0.4+eae12eb802
	- fabric-tool-attribute-api-v1 1.2.1+91fca5cd02
	- fabricloader 0.16.7
	- java 21
	- minecraft 1.16.1
	- mixinextras 0.4.1
	- tungsten ALPHA-1.6.0-1.16.1-SNAPSHOT
[19:46:09] [main/INFO] (FabricLoader/Mixin) SpongePowered MIXIN Subsystem Version=0.8.7 Source=file:/C:/Users/redfa/.gradle/caches/modules-2/files-2.1/net.fabricmc/sponge-mixin/0.15.3+mixin.0.8.7/51ee0a44ab05f6fddd66b09e66b3a16904f9c55d/sponge-mixin-0.15.3+mixin.0.8.7.jar Service=Knot/Fabric Env=CLIENT
[19:46:09] [main/INFO] (FabricLoader/Mixin) Loaded Fabric development mappings for mixin remapper!
[19:46:09] [main/INFO] (FabricLoader/Mixin) Compatibility level set to JAVA_21
[19:46:09] [main/WARN] (FabricLoader/Mixin) Error loading class: me/jellysquid/mods/sodium/client/world/SodiumChunkManager (java.lang.ClassNotFoundException: me/jellysquid/mods/sodium/client/world/SodiumChunkManager)
[19:46:09] [main/WARN] (FabricLoader/Mixin) Error loading class: me/jellysquid/mods/sodium/client/util/collections/FixedLongHashTable (java.lang.ClassNotFoundException: me/jellysquid/mods/sodium/client/util/collections/FixedLongHashTable)
[19:46:10] [main/INFO] (FabricLoader/MixinExtras|Service) Initializing MixinExtras via com.llamalad7.mixinextras.service.MixinExtrasServiceImpl(version=0.4.1).
[19:46:13] [main/INFO] (FabricLoader/Mixin) altoclef.mixins.json:AxeItemAccessor from mod altoclef->@Accessor[FIELD_GETTER]::getEffectiveMaterials()Ljava/util/Set; should be static as its target is
[19:46:16] [main/INFO] (Minecraft) Environment: authHost='https://authserver.mojang.com', accountsHost='https://api.mojang.com', sessionHost='https://sessionserver.mojang.com', name='PROD'
[19:46:16] [main/INFO] (Minecraft) Setting user: Player95
[19:46:16] [main/INFO] (Indigo) [Indigo] Registering Indigo renderer!
[19:46:17] [main/INFO] (Minecraft) [STDERR]: [LWJGL] [ThreadLocalUtil] Unsupported JNI version detected, this may result in a crash. Please inform LWJGL developers.
[19:46:17] [main/INFO] (Minecraft) Backend library: LWJGL version 3.3.2-snapshot
[19:46:19] [main/INFO] (Minecraft) Narrator library for x64 successfully loaded
[19:46:20] [main/INFO] (Minecraft) [STDOUT]: TENORCLEF: Global Init
[19:46:20] [main/INFO] (Minecraft) [CHAT] [Baritone] Baritone settings file not found, resetting.
[19:46:21] [main/INFO] (Minecraft) Reloading ResourceManager: Default, Fabric Networking (v0), Fabric Renderer API (v1), Fabric Item API (v1), Fabric Item Groups (v0), Fabric Rendering Data Attachment (v1), Fabric Registry Sync (v0), Fabric Rendering Fluids (v1), Fabric Rendering (v0), Fabric Textures (v0), Fabric BlockRenderLayer Registration (v1), Alto Clef, Fabric API, Fabric Content Registries (v0), Fabric Renderer - Indigo, Fabric Biomes (v1), Fabric Events Lifecycle (v0), Fabric API Base, Fabric Key Binding API (v1), Fabric Tag Extensions (v0), Fabric Rendering (v1), Fabric Models (v0), Fabric Events Interaction (v0), Fabric Mining Levels (v0), Fabric Crash Report Info (v1), Tungsten, Fabric Loader, Fabric Loot Tables (v1), Fabric Screen Handler API (v1), Fabric Object Builders (v0), Fabric Game Rule API (v1), Fabric Renderer Registries (v1), Fabric Lifecycle Events (v1), Fabric Networking Block Entity (v0), Fabric Key Bindings (v0), Fabric Object Builder API (v1), Fabric Resource Loader (v0), Fabric Tool Attribute API (v1), Fabric Containers (v0)
[19:46:21] [main/INFO] (Minecraft) [STDOUT]: TENORCLEF: MIXIN OK ClientTickMixin injected into MinecraftClient.tick()
[19:46:22] [main/INFO] (Minecraft) [STDOUT]: TENORCLEF: HARNESS: AUTOWORLD: fresh-world create armed (firing in 3s)
[19:46:24] [main/INFO] (Minecraft) [STDOUT]: TENORCLEF: HARNESS: AUTOWORLD: creating fresh world 'AutoRun_20260920_194624' mode=survival difficulty=easy hardcore=false
[19:46:25] [main/WARN] (Minecraft) Ambiguity between arguments [teleport, destination] and [teleport, targets] with inputs: [Player, 0123, @e, dd12be42-52a9-4a91-a8a1-11c01849e498]
[19:46:25] [main/WARN] (Minecraft) Ambiguity between arguments [teleport, location] and [teleport, destination] with inputs: [0.1 -0.5 .9, 0 0 0]
[19:46:25] [main/WARN] (Minecraft) Ambiguity between arguments [teleport, location] and [teleport, targets] with inputs: [0.1 -0.5 .9, 0 0 0]
[19:46:25] [main/WARN] (Minecraft) Ambiguity between arguments [teleport, targets] and [teleport, destination] with inputs: [Player, 0123, dd12be42-52a9-4a91-a8a1-11c01849e498]
[19:46:25] [main/WARN] (Minecraft) Ambiguity between arguments [teleport, targets, location] and [teleport, targets, destination] with inputs: [0.1 -0.5 .9, 0 0 0]
[19:46:25] [main/INFO] (Minecraft) Reloading ResourceManager: Default, Fabric Networking (v0), Fabric Renderer API (v1), Fabric Item API (v1), Fabric Item Groups (v0), Fabric Rendering Data Attachment (v1), Fabric Registry Sync (v0), Fabric Rendering Fluids (v1), Fabric Rendering (v0), Fabric Textures (v0), Fabric BlockRenderLayer Registration (v1), Alto Clef, Fabric API, Fabric Content Registries (v0), Fabric Renderer - Indigo, Fabric Biomes (v1), Fabric Events Lifecycle (v0), Fabric API Base, Fabric Key Binding API (v1), Fabric Tag Extensions (v0), Fabric Rendering (v1), Fabric Models (v0), Fabric Events Interaction (v0), Fabric Mining Levels (v0), Fabric Crash Report Info (v1), Tungsten, Fabric Loader, Fabric Loot Tables (v1), Fabric Screen Handler API (v1), Fabric Object Builders (v0), Fabric Game Rule API (v1), Fabric Renderer Registries (v1), Fabric Lifecycle Events (v1), Fabric Networking Block Entity (v0), Fabric Key Bindings (v0), Fabric Object Builder API (v1), Fabric Resource Loader (v0), Fabric Tool Attribute API (v1), Fabric Containers (v0), Fabric Tool Attribute API (v1)
[19:46:27] [main/INFO] (Minecraft) Loaded 7 recipes
[19:46:27] [main/INFO] (Minecraft) Loaded 927 advancements
[19:46:29] [main/INFO] (Minecraft) Environment: authHost='https://authserver.mojang.com', accountsHost='https://api.mojang.com', sessionHost='https://sessionserver.mojang.com', name='PROD'
[19:46:30] [Server thread/INFO] (Minecraft) Starting integrated minecraft server version 1.16.1
[19:46:30] [Server thread/INFO] (Minecraft) Generating keypair
[19:46:33] [Server thread/INFO] (Minecraft) Preparing start region for dimension minecraft:overworld
[19:46:33] [main/INFO] (Minecraft) Preparing spawn area: 0%
[19:46:34] [main/INFO] (Minecraft) Preparing spawn area: 1%
[19:46:34] [main/INFO] (Minecraft) Preparing spawn area: 3%
[19:46:35] [main/INFO] (Minecraft) Preparing spawn area: 5%
[19:46:35] [main/INFO] (Minecraft) Preparing spawn area: 11%
[19:46:36] [main/INFO] (Minecraft) Preparing spawn area: 14%
[19:46:36] [main/INFO] (Minecraft) Preparing spawn area: 17%
[19:46:37] [main/INFO] (Minecraft) Preparing spawn area: 17%
[19:46:37] [main/INFO] (Minecraft) Preparing spawn area: 27%
[19:46:38] [main/INFO] (Minecraft) Preparing spawn area: 29%
[19:46:38] [main/INFO] (Minecraft) Preparing spawn area: 35%
[19:46:39] [main/INFO] (Minecraft) Preparing spawn area: 36%
[19:46:39] [main/INFO] (Minecraft) Preparing spawn area: 43%
[19:46:40] [main/INFO] (Minecraft) Preparing spawn area: 45%
[19:46:40] [main/INFO] (Minecraft) Preparing spawn area: 49%
[19:46:41] [main/INFO] (Minecraft) Preparing spawn area: 55%
[19:46:41] [main/INFO] (Minecraft) Preparing spawn area: 61%
[19:46:42] [main/INFO] (Minecraft) Preparing spawn area: 69%
[19:46:42] [main/INFO] (Minecraft) Preparing spawn area: 75%
[19:46:43] [main/INFO] (Minecraft) Preparing spawn area: 84%
[19:46:43] [main/INFO] (Minecraft) Preparing spawn area: 90%
[19:46:44] [main/INFO] (Minecraft) Preparing spawn area: 97%
[19:46:44] [main/INFO] (Minecraft) Time elapsed: 10610 ms
[19:46:44] [Server thread/INFO] (Minecraft) Changing view distance to 11, from 10
[19:46:45] [main/INFO] (Minecraft) [STDOUT]: TENORCLEF: HARNESS: AUTOWORLD: create call returned — waiting for join
[19:46:45] [Server thread/INFO] (Minecraft) Player95[local:E:66ed2a36] logged in with entity id 245 at (152.5, 64.0, 77.5)
[19:46:45] [Server thread/INFO] (Minecraft) Player95 joined the game
[19:46:45] [main/INFO] (Minecraft) OpenAL initialized.
[19:46:45] [main/INFO] (Minecraft) Sound engine started
[19:46:45] [main/INFO] (Minecraft) Created: 1024x1024x4 minecraft:textures/atlas/blocks.png-atlas
[19:46:46] [main/INFO] (Minecraft) Created: 256x128x4 minecraft:textures/atlas/signs.png-atlas
[19:46:46] [main/INFO] (Minecraft) Created: 1024x512x4 minecraft:textures/atlas/banner_patterns.png-atlas
[19:46:46] [main/INFO] (Minecraft) Created: 1024x512x4 minecraft:textures/atlas/shield_patterns.png-atlas
[19:46:46] [main/INFO] (Minecraft) Created: 256x256x4 minecraft:textures/atlas/chest.png-atlas
[19:46:46] [main/INFO] (Minecraft) Created: 512x256x4 minecraft:textures/atlas/beds.png-atlas
[19:46:46] [main/INFO] (Minecraft) Created: 512x256x4 minecraft:textures/atlas/shulker_boxes.png-atlas
[19:46:47] [main/INFO] (Minecraft) Created: 256x256x0 minecraft:textures/atlas/particles.png-atlas
[19:46:47] [main/INFO] (Minecraft) Created: 256x256x0 minecraft:textures/atlas/paintings.png-atlas
[19:46:47] [main/INFO] (Minecraft) Created: 256x128x0 minecraft:textures/atlas/mob_effects.png-atlas
[19:46:47] [main/INFO] (Minecraft) [STDOUT]: Baritone world data dir: C:\Users\redfa\Documents\MinecraftDev\altoclef\versions\1.16.1\run\saves\AutoRun_20260920_194624\.\baritone
[19:46:47] [main/INFO] (Minecraft) [STDOUT]: Cached world directory: C:\Users\redfa\Documents\MinecraftDev\altoclef\versions\1.16.1\run\saves\AutoRun_20260920_194624\.\baritone\cache
[19:46:47] [main/INFO] (Minecraft) [STDOUT]: Would save waypoints to C:\Users\redfa\Documents\MinecraftDev\altoclef\versions\1.16.1\run\saves\AutoRun_20260920_194624\.\baritone\waypoints
[19:46:47] [Server thread/INFO] (Minecraft) Saving and pausing game...
[19:46:48] [main/INFO] (Minecraft) Loaded 0 advancements
[19:46:48] [main/INFO] (Minecraft) [STDOUT]: TENORCLEF: HARNESS: AUTORUN: armed 'testrun2' (firing in 5s)
[19:46:48] [Server thread/INFO] (Minecraft) Saving chunks for level 'ServerLevel[AutoRun_20260920_194624]'/minecraft:overworld
[19:46:50] [Server thread/INFO] (Minecraft) Saving chunks for level 'ServerLevel[AutoRun_20260920_194624]'/minecraft:the_nether
[19:46:50] [Server thread/INFO] (Minecraft) Saving chunks for level 'ServerLevel[AutoRun_20260920_194624]'/minecraft:the_end
[19:46:51] [Server thread/WARN] (Minecraft) Can't keep up! Is the server overloaded? Running 3484ms or 69 ticks behind
[19:46:52] [main/INFO] (Minecraft) [STDOUT]: TENORCLEF: HARNESS: AUTORUN: executing 'testrun2'
[19:46:52] [main/INFO] (Minecraft) [CHAT] §2§l§o[TenorClef] §rAUTORUN: executing 'testrun2'
[19:46:52] [main/INFO] (Minecraft) [CHAT] §2§l§o[TenorClef] §rTESRUN2 start — @stop to cancel
[19:46:52] [main/INFO] (Minecraft) [CHAT] §2§l§o[TenorClef] §rUser Task Set: <testrun2/BOOTSTRAP> 
[19:46:52] [main/INFO] (Minecraft) [CHAT] §2§l§o[TenorClef] §rTESRUN2 clock 0:00.0
[19:46:52] [main/INFO] (Minecraft) [CHAT] §2§l§o[TenorClef] §rTESRUN2 spawn biome=PlainsBiome trees~=0 villageHint=false rpHint=true surfaceLava=0  playable
[19:46:52] [main/INFO] (Minecraft) [CHAT] §2§l§o[TenorClef] §rTungstenBridge: kaptainwutax.tungsten bound
[19:46:52] [main/INFO] (Minecraft) [CHAT] §2§l§o[TenorClef] §rTESRUN2 start Tungsten backend: AVAILABLE (kaptainwutax.tungsten bound; mover=BARITONE) eyes=12 rods=6 skipDiamond=true
[19:46:52] [main/INFO] (Minecraft) [CHAT] §2§l§o[TenorClef] §rT2 [HIST] 0:00.1 PHASE  -> BOOTSTRAP
[19:46:52] [main/INFO] (Minecraft) [CHAT] §2§l§o[TenorClef] §rT2 [HIST] 0:00.1 DIM  -> OVERWORLD at 152,64,77
[19:46:52] [main/INFO] (Minecraft) [CHAT] §2§l§o[TenorClef] §rT2 [HIST] 0:00.1 CHILD  -> - ph=BOOTSTRAP @152,64,77 sky=15 wet=false ground=true pick=0 buck=0 iron=0 rods=0 pearls=0 eyes=0
[19:46:52] [main/INFO] (Minecraft) [CHAT] §2§l§o[TenorClef] §rT2 [HIST] 0:00.1 WHY wood: mine 1.16 logs only (no air)
[19:46:53] [main/INFO] (Minecraft) [CHAT] §2§l§o[TenorClef] §rT2 [HIST] 0:00.1 CHILD - -> MineAndCollectTask ph=BOOTSTRAP @152,64,77 sky=15 wet=false ground=true pick=0 buck=0 iron=0 rods=0 pearls=0 eyes=0
[19:46:53] [main/INFO] (Minecraft) [CHAT] §2§l§o[TenorClef] §rT2 [NOW] t=0:00.8 ph=BOOTSTRAP @154,64,76 do=<Mine And Collect: [[oak_log,birch_log,spruce_log,jungle_log,acacia_log,dark_oak_log] x 2]>  eq=air woodpick=0 stonepick=0 pick=0 iron=0 buck=0
[19:46:54] [main/INFO] (Minecraft) [CHAT] §2§l§o[TenorClef] §rT2 [NOW] t=0:01.8 ph=BOOTSTRAP @158,64,73 do=<Mine And Collect: [[oak_log,birch_log,spruce_log,jungle_log,acacia_log,dark_oak_log] x 2]>  eq=air woodpick=0 stonepick=0 pick=0 iron=0 buck=0
[19:46:55] [main/INFO] (Minecraft) [CHAT] §2§l§o[TenorClef] §rT2 [HIST] 0:02.3 SNAP ph=BOOTSTRAP @160,64,72 sky=15 wet=false ground=true pick=0 buck=0 iron=0 rods=0 pearls=0 eyes=0 child=MineAndCollectTask dbg=<Mine And Collect: [[oak_log,birch_log,spruce_log,jungle_log,acacia_log,dark_oak_log] x 2]>  mobs=none
[19:46:55] [main/INFO] (Minecraft) [CHAT] §2§l§o[TenorClef] §rT2 [NOW] t=0:02.8 ph=BOOTSTRAP @162,65,72 do=<Mine And Collect: [[oak_log,birch_log,spruce_log,jungle_log,acacia_log,dark_oak_log] x 2]>  eq=air woodpick=0 stonepick=0 pick=0 iron=0 buck=0
[19:46:56] [main/INFO] (Minecraft) [CHAT] §2§l§o[TenorClef] §rT2 [NOW] t=0:03.9 ph=BOOTSTRAP @163,67,72 do=<Mine And Collect: [[oak_log,birch_log,spruce_log,jungle_log,acacia_log,dark_oak_log] x 2]>  eq=air woodpick=0 stonepick=0 pick=0 iron=0 buck=0
[19:46:57] [main/INFO] (Minecraft) [CHAT] §2§l§o[TenorClef] §rT2 [NOW] t=0:04.8 ph=BOOTSTRAP @167,67,70 do=<Mine And Collect: [[oak_log,birch_log,spruce_log,jungle_log,acacia_log,dark_oak_log] x 2]>  eq=air woodpick=0 stonepick=0 pick=0 iron=0 buck=0
[19:46:57] [main/INFO] (Minecraft) [CHAT] §2§l§o[TenorClef] §rT2 [HIST] 0:04.8 SNAP ph=BOOTSTRAP @167,67,70 sky=15 wet=false ground=true pick=0 buck=0 iron=0 rods=0 pearls=0 eyes=0 child=MineAndCollectTask dbg=<Mine And Collect: [[oak_log,birch_log,spruce_log,jungle_log,acacia_log,dark_oak_log] x 2]>  mobs=none
[19:46:58] [main/INFO] (Minecraft) [CHAT] §2§l§o[TenorClef] §rT2 [NOW] t=0:05.8 ph=BOOTSTRAP @172,67,69 do=<Mine And Collect: [[oak_log,birch_log,spruce_log,jungle_log,acacia_log,dark_oak_log] x 2]>  eq=air woodpick=0 stonepick=0 pick=0 iron=0 buck=0
[19:46:59] [main/INFO] (Minecraft) [CHAT] §2§l§o[TenorClef] §rT2 [NOW] t=0:06.8 ph=BOOTSTRAP @177,67,69 do=<Mine And Collect: [[oak_log,birch_log,spruce_log,jungle_log,acacia_log,dark_oak_log] x 2]>  eq=air woodpick=0 stonepick=0 pick=0 iron=0 buck=0
[19:47:00] [main/INFO] (Minecraft) [CHAT] §2§l§o[TenorClef] §rT2 [HIST] 0:07.3 SNAP ph=BOOTSTRAP @179,67,70 sky=15 wet=false ground=true pick=0 buck=0 iron=0 rods=0 pearls=0 eyes=0 child=MineAndCollectTask dbg=<Mine And Collect: [[oak_log,birch_log,spruce_log,jungle_log,acacia_log,dark_oak_log] x 2]>  mobs=none
[19:47:00] [main/INFO] (Minecraft) [CHAT] §2§l§o[TenorClef] §rT2 [NOW] t=0:07.8 ph=BOOTSTRAP @182,67,70 do=<Mine And Collect: [[oak_log,birch_log,spruce_log,jungle_log,acacia_log,dark_oak_log] x 2]>  eq=air woodpick=0 stonepick=0 pick=0 iron=0 buck=0
[19:47:01] [main/INFO] (Minecraft) [CHAT] §2§l§o[TenorClef] §rT2 [NOW] t=0:08.8 ph=BOOTSTRAP @187,66,68 do=<Mine And Collect: [[oak_log,birch_log,spruce_log,jungle_log,acacia_log,dark_oak_log] x 2]>  eq=air woodpick=0 stonepick=0 pick=0 iron=0 buck=0
[19:47:02] [main/INFO] (Minecraft) [CHAT] §2§l§o[TenorClef] §rT2 [NOW] t=0:09.8 ph=BOOTSTRAP @188,66,68 do=<Mine And Collect: [[oak_log,birch_log,spruce_log,jungle_log,acacia_log,dark_oak_log] x 2]>  eq=air woodpick=0 stonepick=0 pick=0 iron=0 buck=0
[19:47:02] [main/INFO] (Minecraft) [CHAT] §2§l§o[TenorClef] §rT2 [HIST] 0:09.8 SNAP ph=BOOTSTRAP @188,66,68 sky=15 wet=false ground=true pick=0 buck=0 iron=0 rods=0 pearls=0 eyes=0 child=MineAndCollectTask dbg=<Mine And Collect: [[oak_log,birch_log,spruce_log,jungle_log,acacia_log,dark_oak_log] x 2]>  mobs=none
[19:47:03] [main/INFO] (Minecraft) [CHAT] §2§l§o[TenorClef] §rT2 [NOW] t=0:10.8 ph=BOOTSTRAP @189,66,68 do=<Mine And Collect: [[oak_log,birch_log,spruce_log,jungle_log,acacia_log,dark_oak_log] x 2]>  eq=air woodpick=0 stonepick=0 pick=0 iron=0 buck=0
[19:47:04] [main/INFO] (Minecraft) [CHAT] §2§l§o[TenorClef] §rT2 [NOW] t=0:11.8 ph=BOOTSTRAP @189,66,68 do=<Mine And Collect: [[oak_log,birch_log,spruce_log,jungle_log,acacia_log,dark_oak_log] x 2]>  eq=air woodpick=0 stonepick=0 pick=0 iron=0 buck=0
[19:47:05] [main/INFO] (Minecraft) [CHAT] §2§l§o[TenorClef] §rT2 [HIST] 0:12.3 SNAP ph=BOOTSTRAP @189,66,68 sky=15 wet=false ground=true pick=0 buck=0 iron=0 rods=0 pearls=0 eyes=0 child=MineAndCollectTask dbg=<Mine And Collect: [[oak_log,birch_log,spruce_log,jungle_log,acacia_log,dark_oak_log] x 2]>  mobs=none
[19:47:05] [main/INFO] (Minecraft) [CHAT] §2§l§o[TenorClef] §rT2 [NOW] t=0:12.8 ph=BOOTSTRAP @189,66,68 do=<Mine And Collect: [[oak_log,birch_log,spruce_log,jungle_log,acacia_log,dark_oak_log] x 2]>  eq=air woodpick=0 stonepick=0 pick=0 iron=0 buck=0
[19:47:06] [main/INFO] (Minecraft) [CHAT] §2§l§o[TenorClef] §rT2 [NOW] t=0:13.8 ph=BOOTSTRAP @189,66,68 do=<Mine And Collect: [[oak_log,birch_log,spruce_log,jungle_log,acacia_log,dark_oak_log] x 2]>  eq=air woodpick=0 stonepick=0 pick=0 iron=0 buck=0
[19:47:07] [main/INFO] (Minecraft) [CHAT] §2§l§o[TenorClef] §rT2 [NOW] t=0:14.8 ph=BOOTSTRAP @189,66,68 do=<Mine And Collect: [[oak_log,birch_log,spruce_log,jungle_log,acacia_log,dark_oak_log] x 2]>  eq=air woodpick=0 stonepick=0 pick=0 iron=0 buck=0
[19:47:07] [main/INFO] (Minecraft) [CHAT] §2§l§o[TenorClef] §rT2 [HIST] 0:14.8 SNAP ph=BOOTSTRAP @189,66,68 sky=15 wet=false ground=true pick=0 buck=0 iron=0 rods=0 pearls=0 eyes=0 child=MineAndCollectTask dbg=<Mine And Collect: [[oak_log,birch_log,spruce_log,jungle_log,acacia_log,dark_oak_log] x 2]>  mobs=none
[19:47:07] [main/INFO] (Minecraft) [CHAT] §2§l§o[TenorClef] §rT2 [HIST] 0:15.0 CHILD MineAndCollectTask -> CraftInInventoryTask ph=BOOTSTRAP @189,66,68 sky=15 wet=false ground=true pick=0 buck=0 iron=0 rods=0 pearls=0 eyes=0
[19:47:07] [main/INFO] (Minecraft) Loaded 4 advancements
[19:47:08] [main/INFO] (Minecraft) Loaded 16 advancements
[19:47:08] [main/INFO] (Minecraft) Loaded 19 advancements
[19:47:08] [main/INFO] (Minecraft) [CHAT] §2§l§o[TenorClef] §rT2 [HIST] 0:15.8 WHY bootstrap: table exists — wooden pick, not more logs
[19:47:08] [main/INFO] (Minecraft) [CHAT] §2§l§o[TenorClef] §rT2 [HIST] 0:15.8 CHILD CraftInInventoryTask -> CraftInTableTask ph=BOOTSTRAP @189,66,68 sky=15 wet=false ground=true pick=0 buck=0 iron=0 rods=0 pearls=0 eyes=0
[19:47:08] [main/INFO] (Minecraft) [CHAT] §2§l§o[TenorClef] §rT2 [NOW] t=0:15.8 ph=BOOTSTRAP @189,66,68 do=<Doing stuff in crafting_table container: [[wooden_pickaxe]]>  eq=air woodpick=0 stonepick=0 pick=0 iron=0 buck=0
[19:47:09] [main/INFO] (Minecraft) [CHAT] §2§l§o[TenorClef] §rT2 [NOW] t=0:16.8 ph=BOOTSTRAP @189,66,68 do=<Doing stuff in crafting_table container: [[wooden_pickaxe]]>  eq=air woodpick=0 stonepick=0 pick=0 iron=0 buck=0
[19:47:10] [main/INFO] (Minecraft) [CHAT] §2§l§o[TenorClef] §rT2 [HIST] 0:17.3 SNAP ph=BOOTSTRAP @189,66,68 sky=15 wet=false ground=true pick=0 buck=0 iron=0 rods=0 pearls=0 eyes=0 child=CraftInTableTask dbg=<Doing stuff in crafting_table container: [[wooden_pickaxe]]>  mobs=none
[19:47:10] [main/INFO] (Minecraft) [CHAT] §2§l§o[TenorClef] §rT2 [NOW] t=0:17.8 ph=BOOTSTRAP @189,66,68 do=<Doing stuff in crafting_table container: [[wooden_pickaxe]]>  eq=air woodpick=0 stonepick=0 pick=0 iron=0 buck=0
[19:47:11] [main/INFO] (Minecraft) [CHAT] §2§l§o[TenorClef] §rT2 [NOW] t=0:18.8 ph=BOOTSTRAP @189,66,68 do=<Doing stuff in crafting_table container: [[wooden_pickaxe]]>  eq=air woodpick=0 stonepick=0 pick=0 iron=0 buck=0
[19:47:12] [main/INFO] (Minecraft) [CHAT] §2§l§o[TenorClef] §rT2 [NOW] t=0:19.8 ph=BOOTSTRAP @189,66,68 do=<Doing stuff in crafting_table container: [[wooden_pickaxe]]>  eq=air woodpick=0 stonepick=0 pick=0 iron=0 buck=0
[19:47:12] [main/INFO] (Minecraft) [CHAT] §2§l§o[TenorClef] §rT2 [HIST] 0:19.8 SNAP ph=BOOTSTRAP @189,66,68 sky=15 wet=false ground=true pick=0 buck=0 iron=0 rods=0 pearls=0 eyes=0 child=CraftInTableTask dbg=<Doing stuff in crafting_table container: [[wooden_pickaxe]]>  mobs=none
[19:47:13] [main/INFO] (Minecraft) [CHAT] §2§l§o[TenorClef] §rT2 [NOW] t=0:20.8 ph=BOOTSTRAP @189,66,68 do=<Doing stuff in crafting_table container: [[wooden_pickaxe]]>  eq=air woodpick=0 stonepick=0 pick=0 iron=0 buck=0
[19:47:14] [main/INFO] (Minecraft) [CHAT] §2§l§o[TenorClef] §rT2 [NOW] t=0:21.8 ph=BOOTSTRAP @189,66,68 do=<Doing stuff in crafting_table container: [[wooden_pickaxe]]>  eq=air woodpick=0 stonepick=0 pick=0 iron=0 buck=0
[19:47:15] [main/INFO] (Minecraft) [CHAT] §2§l§o[TenorClef] §rT2 [HIST] 0:22.3 SNAP ph=BOOTSTRAP @189,66,68 sky=15 wet=false ground=true pick=0 buck=0 iron=0 rods=0 pearls=0 eyes=0 child=CraftInTableTask dbg=<Doing stuff in crafting_table container: [[wooden_pickaxe]]>  mobs=none
[19:47:15] [main/INFO] (Minecraft) [CHAT] §2§l§o[TenorClef] §rT2 [NOW] t=0:22.8 ph=BOOTSTRAP @189,66,68 do=<Doing stuff in crafting_table container: [[wooden_pickaxe]]>  eq=air woodpick=0 stonepick=0 pick=0 iron=0 buck=0
[19:47:16] [main/INFO] (Minecraft) [CHAT] §2§l§o[TenorClef] §rT2 [NOW] t=0:23.8 ph=BOOTSTRAP @189,66,68 do=<Doing stuff in crafting_table container: [[wooden_pickaxe]]>  eq=air woodpick=0 stonepick=0 pick=0 iron=0 buck=0
[19:47:17] [pool-5-thread-2/INFO] (Minecraft) [STDOUT]: Saving region -1,0 to disk C:\Users\redfa\Documents\MinecraftDev\altoclef\versions\1.16.1\run\saves\AutoRun_20260920_194624\.\baritone\cache
[19:47:17] [ForkJoinPool.commonPool-worker-1/INFO] (Minecraft) [STDOUT]: Saving region 0,-1 to disk C:\Users\redfa\Documents\MinecraftDev\altoclef\versions\1.16.1\run\saves\AutoRun_20260920_194624\.\baritone\cache
[19:47:17] [ForkJoinPool.commonPool-worker-2/INFO] (Minecraft) [STDOUT]: Saving region 0,0 to disk C:\Users\redfa\Documents\MinecraftDev\altoclef\versions\1.16.1\run\saves\AutoRun_20260920_194624\.\baritone\cache
[19:47:17] [ForkJoinPool.commonPool-worker-3/INFO] (Minecraft) [STDOUT]: Saving region -1,-1 to disk C:\Users\redfa\Documents\MinecraftDev\altoclef\versions\1.16.1\run\saves\AutoRun_20260920_194624\.\baritone\cache
[19:47:17] [main/INFO] (Minecraft) [CHAT] §2§l§o[TenorClef] §rT2 [NOW] t=0:24.8 ph=BOOTSTRAP @189,66,68 do=<Doing stuff in crafting_table container: [[wooden_pickaxe]]>  eq=air woodpick=0 stonepick=0 pick=0 iron=0 buck=0
[19:47:17] [main/INFO] (Minecraft) [CHAT] §2§l§o[TenorClef] §rT2 [HIST] 0:24.8 SNAP ph=BOOTSTRAP @189,66,68 sky=15 wet=false ground=true pick=0 buck=0 iron=0 rods=0 pearls=0 eyes=0 child=CraftInTableTask dbg=<Doing stuff in crafting_table container: [[wooden_pickaxe]]>  mobs=none
[19:47:17] [pool-5-thread-2/INFO] (Minecraft) [STDOUT]: Saved region successfully
[19:47:17] [ForkJoinPool.commonPool-worker-3/INFO] (Minecraft) [STDOUT]: Saved region successfully
[19:47:17] [ForkJoinPool.commonPool-worker-1/INFO] (Minecraft) [STDOUT]: Saved region successfully
[19:47:18] [ForkJoinPool.commonPool-worker-2/INFO] (Minecraft) [STDOUT]: Saved region successfully
[19:47:18] [pool-5-thread-2/INFO] (Minecraft) [STDOUT]: World save took 371ms
[19:47:18] [main/INFO] (Minecraft) [CHAT] §2§l§o[TenorClef] §rT2 [NOW] t=0:25.8 ph=BOOTSTRAP @190,65,68 do=<Doing stuff in crafting_table container: [[wooden_pickaxe]]>  eq=air woodpick=0 stonepick=0 pick=0 iron=0 buck=0
[19:47:18] [main/INFO] (Minecraft) [CHAT] §2§l§o[TenorClef] §rRefreshed inventory...
[19:47:19] [main/INFO] (Minecraft) [CHAT] §2§l§o[TenorClef] §rT2 [NOW] t=0:26.8 ph=BOOTSTRAP @191,65,68 do=<Doing stuff in crafting_table container: [[wooden_pickaxe]]>  eq=oak_log woodpick=0 stonepick=0 pick=0 iron=0 buck=0
[19:47:20] [main/INFO] (Minecraft) [CHAT] §2§l§o[TenorClef] §rT2 [HIST] 0:27.3 SNAP ph=BOOTSTRAP @191,65,68 sky=15 wet=false ground=true pick=0 buck=0 iron=0 rods=0 pearls=0 eyes=0 child=CraftInTableTask dbg=<Doing stuff in crafting_table container: [[wooden_pickaxe]]>  mobs=none
[19:47:20] [main/INFO] (Minecraft) [CHAT] §2§l§o[TenorClef] §rT2 [NOW] t=0:27.8 ph=BOOTSTRAP @191,65,68 do=<Doing stuff in crafting_table container: [[wooden_pickaxe]]>  eq=oak_log woodpick=0 stonepick=0 pick=0 iron=0 buck=0
[19:47:20] [main/INFO] (Minecraft) Loaded 28 advancements
[19:47:21] [main/INFO] (Minecraft) [CHAT] §2§l§o[TenorClef] §rT2 [NOW] t=0:28.8 ph=BOOTSTRAP @191,65,68 do=<Doing stuff in crafting_table container: [[wooden_pickaxe]]>  eq=oak_log woodpick=0 stonepick=0 pick=0 iron=0 buck=0
[19:47:22] [main/INFO] (Minecraft) [CHAT] §2§l§o[TenorClef] §rT2 [NOW] t=0:29.8 ph=BOOTSTRAP @191,65,68 do=<Doing stuff in crafting_table container: [[wooden_pickaxe]]>  eq=air woodpick=0 stonepick=0 pick=0 iron=0 buck=0
[19:47:22] [main/INFO] (Minecraft) [CHAT] §2§l§o[TenorClef] §rT2 [HIST] 0:29.8 SNAP ph=BOOTSTRAP @191,65,68 sky=15 wet=false ground=true pick=0 buck=0 iron=0 rods=0 pearls=0 eyes=0 child=CraftInTableTask dbg=<Doing stuff in crafting_table container: [[wooden_pickaxe]]>  mobs=none
[19:47:23] [main/INFO] (Minecraft) [STDOUT]: ALTO CLEF: WARNING: T2 [S120] craft-gui jump @191,65,68 child=CraftInTableTask
[19:47:23] [main/INFO] (Minecraft) [CHAT] §2§l§o[TenorClef] §cT2 [S120] craft-gui jump @191,65,68 child=CraftInTableTask§r
[19:47:23] [main/INFO] (Minecraft) [CHAT] §2§l§o[TenorClef] §rT2 [HIST] 0:30.6 SOLVE S120 craft-gui jump @191,65,68 child=CraftInTableTask
[19:47:23] [main/INFO] (Minecraft) [CHAT] §2§l§o[TenorClef] §rT2 [HIST] 0:30.6 WHY bootstrap: table exists — wooden pick, not more logs
[19:47:23] [main/INFO] (Minecraft) [CHAT] §2§l§o[TenorClef] §rT2 [NOW] t=0:30.8 ph=BOOTSTRAP @191,65,68 do=<Doing stuff in crafting_table container: [[wooden_pickaxe]]>  eq=air woodpick=0 stonepick=0 pick=0 iron=0 buck=0
[19:47:23] [main/INFO] (Minecraft) [CHAT] §2§l§o[TenorClef] §rT2 [I01] BOOTSTRAP -> IRON t=0:31.0
[19:47:23] [main/INFO] (Minecraft) [CHAT] §2§l§o[TenorClef] §rTESRUN2 split IRON  0:31.0
[19:47:23] [main/INFO] (Minecraft) [CHAT] §2§l§o[TenorClef] §rT2 [HIST] 0:31.0 WHY iron: smelt 8 in one furnace
[19:47:23] [main/INFO] (Minecraft) [CHAT] §2§l§o[TenorClef] §rT2 [HIST] 0:31.0 PHASE BOOTSTRAP -> IRON
[19:47:23] [main/INFO] (Minecraft) [CHAT] §2§l§o[TenorClef] §rT2 [HIST] 0:31.0 CHILD CraftInTableTask -> CollectIronIngotTask ph=IRON @191,65,68 sky=15 wet=false ground=true pick=0 buck=0 iron=0 rods=0 pearls=0 eyes=0
[19:47:24] [main/INFO] (Minecraft) [STDOUT]: ALTO CLEF: WARNING: T2 [E109] mine/collect with no pick child=CollectIronIngotTask
[19:47:24] [main/INFO] (Minecraft) [CHAT] §2§l§o[TenorClef] §cT2 [E109] mine/collect with no pick child=CollectIronIngotTask§r
[19:47:24] [main/INFO] (Minecraft) [CHAT] §2§l§o[TenorClef] §rT2 [HIST] 0:31.3 [E109] mine/collect with no pick child=CollectIronIngotTask
[19:47:24] [main/INFO] (Minecraft) [CHAT] §2§l§o[TenorClef] §rT2 [NOW] t=0:31.8 ph=IRON @191,65,68 do=<Collecting 8 iron.: [[iron_ingot] x 8]>  eq=oak_planks woodpick=0 stonepick=0 pick=0 iron=0 buck=0
[19:47:24] [main/INFO] (Minecraft) [CHAT] §2§l§o[TenorClef] §rTESRUN2 split BOOTSTRAP  0:32.0
[19:47:24] [main/INFO] (Minecraft) [CHAT] §2§l§o[TenorClef] §rT2 [HIST] 0:32.0 PHASE IRON -> BOOTSTRAP
[19:47:24] [main/INFO] (Minecraft) [CHAT] §2§l§o[TenorClef] §rT2 [HIST] 0:32.0 CHILD CollectIronIngotTask -> CraftInTableTask ph=BOOTSTRAP @191,65,68 sky=15 wet=false ground=true pick=0 buck=0 iron=0 rods=0 pearls=0 eyes=0
[19:47:25] [main/INFO] (Minecraft) [STDOUT]: ALTO CLEF: WARNING: T2 [E112] ph IRON->BOOTSTRAP in 986ms
[19:47:25] [main/INFO] (Minecraft) [CHAT] §2§l§o[TenorClef] §cT2 [E112] ph IRON->BOOTSTRAP in 986ms§r
[19:47:25] [main/INFO] (Minecraft) [CHAT] §2§l§o[TenorClef] §rT2 [HIST] 0:32.1 [E112] ph IRON->BOOTSTRAP in 986ms
[19:47:25] [main/INFO] (Minecraft) [CHAT] §2§l§o[TenorClef] §rT2 [HIST] 0:32.3 SNAP ph=BOOTSTRAP @191,65,68 sky=15 wet=false ground=true pick=0 buck=0 iron=0 rods=0 pearls=0 eyes=0 child=CraftInTableTask dbg=<Doing stuff in crafting_table container: [[wooden_pickaxe]]> Picking up mobs=none
[19:47:25] [main/INFO] (Minecraft) [CHAT] §2§l§o[TenorClef] §rT2 [NOW] t=0:32.8 ph=BOOTSTRAP @192,65,68 do=<Doing stuff in crafting_table container: [[wooden_pickaxe]]> Picking up eq=oak_planks woodpick=0 stonepick=0 pick=0 iron=0 buck=0
[19:47:26] [main/INFO] (Minecraft) [CHAT] §2§l§o[TenorClef] §rTESRUN2 split IRON  0:33.2
[19:47:26] [main/INFO] (Minecraft) [CHAT] §2§l§o[TenorClef] §rT2 [HIST] 0:33.2 PHASE BOOTSTRAP -> IRON
[19:47:26] [main/INFO] (Minecraft) [CHAT] §2§l§o[TenorClef] §rT2 [HIST] 0:33.2 CHILD CraftInTableTask -> CollectIronIngotTask ph=IRON @192,65,68 sky=14 wet=false ground=true pick=0 buck=0 iron=0 rods=0 pearls=0 eyes=0
[19:47:26] [main/INFO] (Minecraft) [CHAT] §2§l§o[TenorClef] §rT2 [HIST] 0:33.3 [E112] ph BOOTSTRAP->IRON in 1193ms
[19:47:26] [main/INFO] (Minecraft) [CHAT] §2§l§o[TenorClef] §rT2 [NOW] t=0:33.8 ph=IRON @190,65,68 do=<Collecting 8 iron.: [[iron_ingot] x 8]>  eq=oak_planks woodpick=1 stonepick=0 pick=0 iron=0 buck=0
[19:47:27] [main/INFO] (Minecraft) [CHAT] §2§l§o[TenorClef] §rT2 [NOW] t=0:34.8 ph=IRON @190,64,68 do=<Collecting 8 iron.: [[iron_ingot] x 8]>  eq=wooden_pickaxe woodpick=1 stonepick=0 pick=0 iron=0 buck=0
[19:47:27] [main/INFO] (Minecraft) [CHAT] §2§l§o[TenorClef] §rT2 [HIST] 0:34.8 SNAP ph=IRON @190,64,68 sky=13 wet=false ground=false pick=0 buck=0 iron=0 rods=0 pearls=0 eyes=0 child=CollectIronIngotTask dbg=<Collecting 8 iron.: [[iron_ingot] x 8]>  mobs=none
[19:47:28] [main/INFO] (Minecraft) [CHAT] §2§l§o[TenorClef] §rT2 [HIST] 0:35.1 WHY iron: smelt 8 in one furnace
[19:47:28] [main/INFO] (Minecraft) [CHAT] §2§l§o[TenorClef] §rT2 [NOW] t=0:35.8 ph=IRON @190,63,68 do=<Collecting 8 iron.: [[iron_ingot] x 8]>  eq=oak_planks woodpick=1 stonepick=0 pick=0 iron=0 buck=0
[19:47:28] [main/INFO] (Minecraft) [STDOUT]: ALTO CLEF: WARNING: T2 [S130] START trigger=flips=3 ph=IRON prev=CollectIronIngotTask cycle=1 pos=190,63,68 walls=4/4/4 sky=12 place=5 boxed=true hold=false cool=0 ban=0 startY=63 step=0
[19:47:28] [main/INFO] (Minecraft) [CHAT] §2§l§o[TenorClef] §cT2 [S130] START trigger=flips=3 ph=IRON prev=CollectIronIngotTask cycle=1 pos=190,63,68 walls=4/4/4 sky=12 place=5 boxed=true hold=false cool=0 ban=0 startY=63 step=0§r
[19:47:28] [main/INFO] (Minecraft) [CHAT] §2§l§o[TenorClef] §rT2 [HIST] 0:35.8 FORCE S130 START trigger=flips=3 ph=IRON prev=CollectIronIngotTask cycle=1 pos=190,63,68 walls=4/4/4 sky=12 place=5 boxed=true hold=false cool=0 ban=0 startY=63 step=0
[19:47:28] [main/INFO] (Minecraft) [CHAT] §2§l§o[TenorClef] §rT2 [HIST] 0:35.8 PILLAR START flips=3 prev=CollectIronIngotTask
[19:47:28] [main/INFO] (Minecraft) [CHAT] §2§l§o[TenorClef] §rT2 [HIST] 0:35.8 SOLVE S130 pillar-out @190,63,68 ph=IRON flips=3
[19:47:28] [main/INFO] (Minecraft) [CHAT] §2§l§o[TenorClef] §rT2 [HIST] 0:35.8 CHILD CollectIronIngotTask -> HolePillarTask ph=IRON @190,63,68 sky=12 wet=false ground=false pick=0 buck=0 iron=0 rods=0 pearls=0 eyes=0
[19:47:28] [main/INFO] (Minecraft) [STDOUT]: ALTO CLEF: WARNING: T2 [S130] tick y=63 slot=0 air=true pos=190,63,68 walls=4/4/4 sky=12 place=5 boxed=true hold=true cool=0 ban=0 startY=63 step=1
[19:47:28] [main/INFO] (Minecraft) [CHAT] §2§l§o[TenorClef] §cT2 [S130] tick y=63 slot=0 air=true pos=190,63,68 walls=4/4/4 sky=12 place=5 boxed=true hold=true cool=0 ban=0 startY=63 step=1§r
[19:47:28] [main/INFO] (Minecraft) [CHAT] §2§l§o[TenorClef] §rT2 [HIST] 0:35.8 FORCE S130 tick y=63 slot=0 air=true pos=190,63,68 walls=4/4/4 sky=12 place=5 boxed=true hold=true cool=0 ban=0 startY=63 step=1
[19:47:29] [main/INFO] (Minecraft) [CHAT] §2§l§o[TenorClef] §rT2 [NOW] t=0:36.8 ph=IRON @190,65,68 do=<T2 pillar-out>  eq=oak_planks woodpick=1 stonepick=0 pick=0 iron=0 buck=0
[19:47:29] [main/INFO] (Minecraft) [STDOUT]: ALTO CLEF: WARNING: T2 [S130] tick y=65 slot=0 air=true pos=190,65,68 walls=2/2/4 sky=14 place=4 boxed=false hold=true cool=0 ban=0 startY=63 step=21
[19:47:29] [main/INFO] (Minecraft) [CHAT] §2§l§o[TenorClef] §cT2 [S130] tick y=65 slot=0 air=true pos=190,65,68 walls=2/2/4 sky=14 place=4 boxed=false hold=true cool=0 ban=0 startY=63 step=21§r
[19:47:29] [main/INFO] (Minecraft) [CHAT] §2§l§o[TenorClef] §rT2 [HIST] 0:36.8 FORCE S130 tick y=65 slot=0 air=true pos=190,65,68 walls=2/2/4 sky=14 place=4 boxed=false hold=true cool=0 ban=0 startY=63 step=21
[19:47:30] [main/INFO] (Minecraft) [STDOUT]: ALTO CLEF: WARNING: T2 [E100] jumps=11 @190,66,68 ph=IRON child=HolePillarTask
[19:47:30] [main/INFO] (Minecraft) [CHAT] §2§l§o[TenorClef] §cT2 [E100] jumps=11 @190,66,68 ph=IRON child=HolePillarTask§r
[19:47:30] [main/INFO] (Minecraft) [CHAT] §2§l§o[TenorClef] §rT2 [HIST] 0:37.6 [E100] jumps=11 @190,66,68 ph=IRON child=HolePillarTask
[19:47:30] [main/INFO] (Minecraft) [CHAT] §2§l§o[TenorClef] §rT2 [NOW] t=0:37.8 ph=IRON @190,66,68 do=<T2 pillar-out>  eq=oak_log woodpick=1 stonepick=0 pick=0 iron=0 buck=0
[19:47:30] [main/INFO] (Minecraft) [STDOUT]: ALTO CLEF: WARNING: T2 [S130] tick y=66 slot=3 air=false pos=190,66,68 walls=2/2/2 sky=14 place=3 boxed=false hold=true cool=0 ban=0 startY=63 step=41
[19:47:30] [main/INFO] (Minecraft) [CHAT] §2§l§o[TenorClef] §cT2 [S130] tick y=66 slot=3 air=false pos=190,66,68 walls=2/2/2 sky=14 place=3 boxed=false hold=true cool=0 ban=0 startY=63 step=41§r
[19:47:30] [main/INFO] (Minecraft) [CHAT] §2§l§o[TenorClef] §rT2 [HIST] 0:37.8 FORCE S130 tick y=66 slot=3 air=false pos=190,66,68 walls=2/2/2 sky=14 place=3 boxed=false hold=true cool=0 ban=0 startY=63 step=41
[19:47:31] [main/INFO] (Minecraft) [STDOUT]: ALTO CLEF: WARNING: T2 [S133] cool arm ticks=240 reason=stuck-low step=50 y=66 startY=63 ban=190,68 pos=190,66,68 walls=2/2/2 sky=14 place=3 boxed=false hold=true cool=240 ban=240 startY=63 step=50
[19:47:31] [main/INFO] (Minecraft) [CHAT] §2§l§o[TenorClef] §cT2 [S133] cool arm ticks=240 reason=stuck-low step=50 y=66 startY=63 ban=190,68 pos=190,66,68 walls=2/2/2 sky=14 place=3 boxed=false hold=true cool=240 ban=240 startY=63 step=50§r
[19:47:31] [main/INFO] (Minecraft) [CHAT] §2§l§o[TenorClef] §rT2 [HIST] 0:38.3 FORCE S133 cool arm ticks=240 reason=stuck-low step=50 y=66 startY=63 ban=190,68 pos=190,66,68 walls=2/2/2 sky=14 place=3 boxed=false hold=true cool=240 ban=240 startY=63 step=50
[19:47:31] [main/INFO] (Minecraft) [STDOUT]: ALTO CLEF: WARNING: T2 [S136] END reason=stuck-low step=50 y=66 startY=63 roseReal=false giveUp=true pos=190,66,68 walls=2/2/2 sky=14 place=3 boxed=false hold=true cool=240 ban=240 startY=63 step=50
[19:47:31] [main/INFO] (Minecraft) [CHAT] §2§l§o[TenorClef] §cT2 [S136] END reason=stuck-low step=50 y=66 startY=63 roseReal=false giveUp=true pos=190,66,68 walls=2/2/2 sky=14 place=3 boxed=false hold=true cool=240 ban=240 startY=63 step=50§r
[19:47:31] [main/INFO] (Minecraft) [CHAT] §2§l§o[TenorClef] §rT2 [HIST] 0:38.3 FORCE S136 END reason=stuck-low step=50 y=66 startY=63 roseReal=false giveUp=true pos=190,66,68 walls=2/2/2 sky=14 place=3 boxed=false hold=true cool=240 ban=240 startY=63 step=50
[19:47:31] [main/INFO] (Minecraft) [CHAT] §2§l§o[TenorClef] §rT2 [HIST] 0:38.3 PILLAR END stuck-low step=50 y=66 startY=63
[19:47:31] [main/INFO] (Minecraft) [STDOUT]: ALTO CLEF: WARNING: T2 [S136] stick drop pillar -> CollectIronIngotTask finished=true hold=false cool=239 end=stuck-low step=50 y=66 startY=63 pos=190,66,68 walls=2/2/2 sky=14 place=3 boxed=false hold=false cool=239 ban=239 startY=- step=0
[19:47:31] [main/INFO] (Minecraft) [CHAT] §2§l§o[TenorClef] §cT2 [S136] stick drop pillar -> CollectIronIngotTask finished=true hold=false cool=239 end=stuck-low step=50 y=66 startY=63 pos=190,66,68 walls=2/2/2 sky=14 place=3 boxed=false hold=false cool=239 ban=239 startY=- step=0§r
[19:47:31] [main/INFO] (Minecraft) [CHAT] §2§l§o[TenorClef] §rT2 [HIST] 0:38.4 FORCE S136 stick drop pillar -> CollectIronIngotTask finished=true hold=false cool=239 end=stuck-low step=50 y=66 startY=63 pos=190,66,68 walls=2/2/2 sky=14 place=3 boxed=false hold=false cool=239 ban=239 startY=- step=0
[19:47:31] [main/INFO] (Minecraft) [CHAT] §2§l§o[TenorClef] §rT2 [HIST] 0:38.4 CHILD HolePillarTask -> CollectIronIngotTask ph=IRON @190,66,68 sky=14 wet=false ground=true pick=0 buck=0 iron=0 rods=0 pearls=0 eyes=0
[19:47:31] [main/INFO] (Minecraft) [STDOUT]: ALTO CLEF: WARNING: T2 [S136] onStop interrupt=CollectIronIngotTask finishWhy=givingUp cool=239 lastEnd=stuck-low step=50 y=66 startY=63 pos=190,66,68 walls=2/2/2 sky=14 place=3 boxed=false hold=false cool=239 ban=239 startY=- step=0
[19:47:31] [main/INFO] (Minecraft) [CHAT] §2§l§o[TenorClef] §cT2 [S136] onStop interrupt=CollectIronIngotTask finishWhy=givingUp cool=239 lastEnd=stuck-low step=50 y=66 startY=63 pos=190,66,68 walls=2/2/2 sky=14 place=3 boxed=false hold=false cool=239 ban=239 startY=- step=0§r
[19:47:31] [main/INFO] (Minecraft) [CHAT] §2§l§o[TenorClef] §rT2 [HIST] 0:38.4 FORCE S136 onStop interrupt=CollectIronIngotTask finishWhy=givingUp cool=239 lastEnd=stuck-low step=50 y=66 startY=63 pos=190,66,68 walls=2/2/2 sky=14 place=3 boxed=false hold=false cool=239 ban=239 startY=- step=0
[19:47:31] [main/INFO] (Minecraft) [CHAT] §2§l§o[TenorClef] §rMineAndCollect: equip item.minecraft.wooden_pickaxe for block.minecraft.stone
[19:47:31] [main/INFO] (Minecraft) [CHAT] §2§l§o[TenorClef] §rT2 [HIST] 0:38.6 SNAP ph=IRON @191,66,68 sky=15 wet=false ground=true pick=0 buck=0 iron=0 rods=0 pearls=0 eyes=0 child=CollectIronIngotTask dbg=<Collecting 8 iron.: [[iron_ingot] x 8]>  mobs=none
[19:47:31] [main/INFO] (Minecraft) [CHAT] §2§l§o[TenorClef] §rT2 [NOW] t=0:38.8 ph=IRON @191,65,68 do=<Collecting 8 iron.: [[iron_ingot] x 8]>  eq=wooden_pickaxe woodpick=1 stonepick=0 pick=0 iron=0 buck=0
[19:47:31] [main/INFO] (Minecraft) [STDOUT]: ALTO CLEF: WARNING: T2 [S138] shaft ban clear left-xz ban=190,68 now=192,68 manh=2 left=229
[19:47:31] [main/INFO] (Minecraft) [CHAT] §2§l§o[TenorClef] §cT2 [S138] shaft ban clear left-xz ban=190,68 now=192,68 manh=2 left=229§r
[19:47:31] [main/INFO] (Minecraft) [CHAT] §2§l§o[TenorClef] §rT2 [HIST] 0:38.9 FORCE S138 shaft ban clear left-xz ban=190,68 now=192,68 manh=2 left=229
[19:47:31] [main/INFO] (Minecraft) [CHAT] §2§l§o[TenorClef] §rMineAndCollect: equip item.minecraft.wooden_pickaxe for block.minecraft.stone
[19:47:31] [main/INFO] (Minecraft) [CHAT] §2§l§o[TenorClef] §rMineAndCollect: equip item.minecraft.wooden_pickaxe for block.minecraft.stone
[19:47:32] [main/INFO] (Minecraft) [CHAT] §2§l§o[TenorClef] §rT2 [HIST] 0:39.1 WHY iron: smelt 8 in one furnace
[19:47:32] [main/INFO] (Minecraft) [CHAT] §2§l§o[TenorClef] §rMineAndCollect: equip item.minecraft.wooden_pickaxe for block.minecraft.stone
[19:47:32] [main/INFO] (Minecraft) [STDOUT]: ALTO CLEF: WARNING: T2 [S109] equip pick for mining (was holding empty)
[19:47:32] [main/INFO] (Minecraft) [CHAT] §2§l§o[TenorClef] §cT2 [S109] equip pick for mining (was holding empty)§r
[19:47:32] [main/INFO] (Minecraft) [CHAT] §2§l§o[TenorClef] §rT2 [HIST] 0:39.2 SOLVE S109 equip pick for mining (was holding empty)
[19:47:32] [main/INFO] (Minecraft) [CHAT] §2§l§o[TenorClef] §rMineAndCollect: equip item.minecraft.wooden_pickaxe for block.minecraft.stone
[19:47:32] [main/INFO] (Minecraft) [CHAT] §2§l§o[TenorClef] §rMineAndCollect: equip item.minecraft.wooden_pickaxe for block.minecraft.stone
[19:47:32] [main/INFO] (Minecraft) [CHAT] §2§l§o[TenorClef] §rMineAndCollect: equip item.minecraft.wooden_pickaxe for block.minecraft.stone
[19:47:32] [main/INFO] (Minecraft) [CHAT] §2§l§o[TenorClef] §rMineAndCollect: equip item.minecraft.wooden_pickaxe for block.minecraft.stone
[19:47:32] [main/INFO] (Minecraft) [CHAT] §2§l§o[TenorClef] §rMineAndCollect: equip item.minecraft.wooden_pickaxe for block.minecraft.stone
[19:47:32] [main/INFO] (Minecraft) [CHAT] §2§l§o[TenorClef] §rMineAndCollect: equip item.minecraft.wooden_pickaxe for block.minecraft.stone
[19:47:32] [main/INFO] (Minecraft) [CHAT] §2§l§o[TenorClef] §rT2 [NOW] t=0:39.8 ph=IRON @192,65,68 do=<Collecting 8 iron.: [[iron_ingot] x 8]>  eq=air woodpick=1 stonepick=0 pick=0 iron=0 buck=0
[19:47:32] [main/INFO] (Minecraft) [CHAT] §2§l§o[TenorClef] §rMineAndCollect: equip item.minecraft.wooden_pickaxe for block.minecraft.stone
[19:47:32] [main/INFO] (Minecraft) [CHAT] §2§l§o[TenorClef] §rMineAndCollect: equip item.minecraft.wooden_pickaxe for block.minecraft.stone
[19:47:32] [main/INFO] (Minecraft) [CHAT] §2§l§o[TenorClef] §rMineAndCollect: equip item.minecraft.wooden_pickaxe for block.minecraft.stone
[19:47:33] [main/INFO] (Minecraft) [CHAT] §2§l§o[TenorClef] §rMineAndCollect: equip item.minecraft.wooden_pickaxe for block.minecraft.stone
[19:47:33] [main/INFO] (Minecraft) [CHAT] §2§l§o[TenorClef] §rMineAndCollect: equip item.minecraft.wooden_pickaxe for block.minecraft.stone
[19:47:33] [main/INFO] (Minecraft) [CHAT] §2§l§o[TenorClef] §rMineAndCollect: equip item.minecraft.wooden_pickaxe for block.minecraft.stone
[19:47:33] [main/INFO] (Minecraft) [CHAT] §2§l§o[TenorClef] §rMineAndCollect: equip item.minecraft.wooden_pickaxe for block.minecraft.stone
[19:47:33] [main/INFO] (Minecraft) [CHAT] §2§l§o[TenorClef] §rMineAndCollect: equip item.minecraft.wooden_pickaxe for block.minecraft.stone
[19:47:33] [main/INFO] (Minecraft) [CHAT] §2§l§o[TenorClef] §rMineAndCollect: equip item.minecraft.wooden_pickaxe for block.minecraft.stone
[19:47:33] [main/INFO] (Minecraft) [CHAT] §2§l§o[TenorClef] §rT2 [NOW] t=0:40.8 ph=IRON @192,65,68 do=<Collecting 8 iron.: [[iron_ingot] x 8]>  eq=wooden_pickaxe woodpick=1 stonepick=0 pick=0 iron=0 buck=0
[19:47:33] [main/INFO] (Minecraft) [CHAT] §2§l§o[TenorClef] §rT2 [HIST] 0:41.1 SNAP ph=IRON @191,64,69 sky=13 wet=false ground=false pick=0 buck=0 iron=0 rods=0 pearls=0 eyes=0 child=CollectIronIngotTask dbg=<Collecting 8 iron.: [[iron_ingot] x 8]>  mobs=none
[19:47:34] [main/INFO] (Minecraft) [CHAT] §2§l§o[TenorClef] §rMineAndCollect: equip item.minecraft.wooden_pickaxe for block.minecraft.stone
[19:47:34] [main/INFO] (Minecraft) [CHAT] §2§l§o[TenorClef] §rMineAndCollect: equip item.minecraft.wooden_pickaxe for block.minecraft.stone
[19:47:34] [main/INFO] (Minecraft) [CHAT] §2§l§o[TenorClef] §rMineAndCollect: equip item.minecraft.wooden_pickaxe for block.minecraft.stone
[19:47:34] [main/INFO] (Minecraft) [CHAT] §2§l§o[TenorClef] §rMineAndCollect: equip item.minecraft.wooden_pickaxe for block.minecraft.stone
[19:47:34] [main/INFO] (Minecraft) [CHAT] §2§l§o[TenorClef] §rMineAndCollect: equip item.minecraft.wooden_pickaxe for block.minecraft.stone
[19:47:34] [main/INFO] (Minecraft) [CHAT] §2§l§o[TenorClef] §rMineAndCollect: equip item.minecraft.wooden_pickaxe for block.minecraft.stone
[19:47:34] [main/INFO] (Minecraft) [CHAT] §2§l§o[TenorClef] §rT2 [NOW] t=0:41.8 ph=IRON @191,64,69 do=<Collecting 8 iron.: [[iron_ingot] x 8]>  eq=air woodpick=1 stonepick=0 pick=0 iron=0 buck=0
[19:47:34] [main/INFO] (Minecraft) [CHAT] §2§l§o[TenorClef] §rMineAndCollect: equip item.minecraft.wooden_pickaxe for block.minecraft.stone
[19:47:34] [main/INFO] (Minecraft) [CHAT] §2§l§o[TenorClef] §rMineAndCollect: equip item.minecraft.wooden_pickaxe for block.minecraft.stone
[19:47:34] [main/INFO] (Minecraft) [CHAT] §2§l§o[TenorClef] §rMineAndCollect: equip item.minecraft.wooden_pickaxe for block.minecraft.stone
[19:47:35] [main/INFO] (Minecraft) [CHAT] §2§l§o[TenorClef] §rMineAndCollect: equip item.minecraft.wooden_pickaxe for block.minecraft.stone
[19:47:35] [main/INFO] (Minecraft) [STDOUT]: ALTO CLEF: WARNING: T2 [S135] S130 suppressed why=would-S130 but busy cool=160 flips=3 sameXz=29 child=CollectIronIngotTask cool=160 ban=0 hold=false pos=191,63,69 walls=4/4/4 sky=12 place=4 boxed=true hold=false cool=160 ban=0 startY=- step=0
[19:47:35] [main/INFO] (Minecraft) [CHAT] §2§l§o[TenorClef] §cT2 [S135] S130 suppressed why=would-S130 but busy cool=160 flips=3 sameXz=29 child=CollectIronIngotTask cool=160 ban=0 hold=false pos=191,63,69 walls=4/4/4 sky=12 place=4 boxed=true hold=false cool=160 ban=0 startY=- step=0§r
[19:47:35] [main/INFO] (Minecraft) [CHAT] §2§l§o[TenorClef] §rT2 [HIST] 0:42.3 FORCE S135 S130 suppressed why=would-S130 but busy cool=160 flips=3 sameXz=29 child=CollectIronIngotTask cool=160 ban=0 hold=false pos=191,63,69 walls=4/4/4 sky=12 place=4 boxed=true hold=false cool=160 ban=0 startY=- step=0
[19:47:35] [main/INFO] (Minecraft) [CHAT] §2§l§o[TenorClef] §rMineAndCollect: equip item.minecraft.wooden_pickaxe for block.minecraft.stone
[19:47:35] [main/INFO] (Minecraft) [CHAT] §2§l§o[TenorClef] §rT2 [NOW] t=0:42.8 ph=IRON @191,63,69 do=<Collecting 8 iron.: [[iron_ingot] x 8]>  eq=wooden_pickaxe woodpick=1 stonepick=0 pick=0 iron=0 buck=0
[19:47:36] [main/INFO] (Minecraft) [CHAT] §2§l§o[TenorClef] §rT2 [HIST] 0:43.1 WHY iron: smelt 8 in one furnace
[19:47:36] [main/INFO] (Minecraft) [CHAT] §2§l§o[TenorClef] §rT2 [HIST] 0:43.6 SNAP ph=IRON @191,63,69 sky=12 wet=false ground=true pick=0 buck=0 iron=0 rods=0 pearls=0 eyes=0 child=CollectIronIngotTask dbg=<Collecting 8 iron.: [[iron_ingot] x 8]>  mobs=none
[19:47:36] [main/INFO] (Minecraft) [CHAT] §2§l§o[TenorClef] §rT2 [NOW] t=0:43.8 ph=IRON @191,63,69 do=<Collecting 8 iron.: [[iron_ingot] x 8]>  eq=wooden_pickaxe woodpick=1 stonepick=0 pick=0 iron=0 buck=0
[19:47:37] [main/INFO] (Minecraft) [STDOUT]: ALTO CLEF: WARNING: T2 [S100] stop jump-walk @191,69 ph=IRON child=CollectIronIngotTask esc=0
[19:47:37] [main/INFO] (Minecraft) [CHAT] §2§l§o[TenorClef] §cT2 [S100] stop jump-walk @191,69 ph=IRON child=CollectIronIngotTask esc=0§r
[19:47:37] [main/INFO] (Minecraft) [CHAT] §2§l§o[TenorClef] §rT2 [HIST] 0:44.1 SOLVE S100 stop jump-walk @191,69 ph=IRON child=CollectIronIngotTask esc=0
[19:47:37] [main/INFO] (Minecraft) [STDOUT]: ALTO CLEF: WARNING: T2 [S135] S130 suppressed why=would-S130 but busy cool=120 flips=0 sameXz=69 child=CollectIronIngotTask cool=120 ban=0 hold=false pos=191,62,69 walls=4/4/4 sky=11 place=5 boxed=true hold=false cool=120 ban=0 startY=- step=0
[19:47:37] [main/INFO] (Minecraft) [CHAT] §2§l§o[TenorClef] §cT2 [S135] S130 suppressed why=would-S130 but busy cool=120 flips=0 sameXz=69 child=CollectIronIngotTask cool=120 ban=0 hold=false pos=191,62,69 walls=4/4/4 sky=11 place=5 boxed=true hold=false cool=120 ban=0 startY=- step=0§r
[19:47:37] [main/INFO] (Minecraft) [CHAT] §2§l§o[TenorClef] §rT2 [HIST] 0:44.3 FORCE S135 S130 suppressed why=would-S130 but busy cool=120 flips=0 sameXz=69 child=CollectIronIngotTask cool=120 ban=0 hold=false pos=191,62,69 walls=4/4/4 sky=11 place=5 boxed=true hold=false cool=120 ban=0 startY=- step=0
[19:47:37] [Server thread/INFO] (Minecraft) Player95 has made the advancement [Stone Age]
[19:47:37] [main/INFO] (Minecraft) [CHAT] Player95 has made the advancement [Stone Age]
[19:47:37] [main/INFO] (Minecraft) Loaded 43 advancements
[19:47:37] [main/INFO] (Minecraft) [CHAT] §2§l§o[TenorClef] §rT2 [NOW] t=0:44.8 ph=IRON @191,62,69 do=<Collecting 8 iron.: [[iron_ingot] x 8]>  eq=wooden_pickaxe woodpick=1 stonepick=0 pick=0 iron=0 buck=0
[19:47:37] [main/INFO] (Minecraft) [STDOUT]: ALTO CLEF: WARNING: T2 [E100] jumps=6 @191,62,69 ph=IRON child=CollectIronIngotTask
[19:47:37] [main/INFO] (Minecraft) [CHAT] §2§l§o[TenorClef] §cT2 [E100] jumps=6 @191,62,69 ph=IRON child=CollectIronIngotTask§r
[19:47:37] [main/INFO] (Minecraft) [CHAT] §2§l§o[TenorClef] §rT2 [HIST] 0:44.9 [E100] jumps=6 @191,62,69 ph=IRON child=CollectIronIngotTask
[19:47:38] [main/INFO] (Minecraft) [CHAT] §2§l§o[TenorClef] §rT2 [NOW] t=0:45.8 ph=IRON @191,61,69 do=<Collecting 8 iron.: [[iron_ingot] x 8]>  eq=wooden_pickaxe woodpick=1 stonepick=0 pick=0 iron=0 buck=0
[19:47:39] [main/INFO] (Minecraft) [CHAT] §2§l§o[TenorClef] §rT2 [HIST] 0:46.1 SNAP ph=IRON @191,61,69 sky=10 wet=false ground=true pick=0 buck=0 iron=0 rods=0 pearls=0 eyes=0 child=CollectIronIngotTask dbg=<Collecting 8 iron.: [[iron_ingot] x 8]>  mobs=none
[19:47:39] [main/INFO] (Minecraft) [STDOUT]: ALTO CLEF: WARNING: T2 [S135] S130 suppressed why=would-S130 but busy cool=80 flips=2 sameXz=109 child=CollectIronIngotTask cool=80 ban=0 hold=false pos=191,61,69 walls=4/4/4 sky=10 place=7 boxed=true hold=false cool=80 ban=0 startY=- step=0
[19:47:39] [main/INFO] (Minecraft) [CHAT] §2§l§o[TenorClef] §cT2 [S135] S130 suppressed why=would-S130 but busy cool=80 flips=2 sameXz=109 child=CollectIronIngotTask cool=80 ban=0 hold=false pos=191,61,69 walls=4/4/4 sky=10 place=7 boxed=true hold=false cool=80 ban=0 startY=- step=0§r
[19:47:39] [main/INFO] (Minecraft) [CHAT] §2§l§o[TenorClef] §rT2 [HIST] 0:46.3 FORCE S135 S130 suppressed why=would-S130 but busy cool=80 flips=2 sameXz=109 child=CollectIronIngotTask cool=80 ban=0 hold=false pos=191,61,69 walls=4/4/4 sky=10 place=7 boxed=true hold=false cool=80 ban=0 startY=- step=0
[19:47:39] [main/INFO] (Minecraft) [CHAT] §2§l§o[TenorClef] §rT2 [NOW] t=0:46.8 ph=IRON @191,61,69 do=<Collecting 8 iron.: [[iron_ingot] x 8]>  eq=wooden_pickaxe woodpick=1 stonepick=0 pick=0 iron=0 buck=0
[19:47:40] [main/INFO] (Minecraft) [CHAT] §2§l§o[TenorClef] §rT2 [HIST] 0:47.1 WHY iron: smelt 8 in one furnace
[19:47:40] [main/INFO] (Minecraft) [CHAT] §2§l§o[TenorClef] §rT2 [NOW] t=0:47.8 ph=IRON @191,60,69 do=<Collecting 8 iron.: [[iron_ingot] x 8]>  eq=wooden_pickaxe woodpick=1 stonepick=0 pick=0 iron=0 buck=0
[19:47:41] [main/INFO] (Minecraft) [STDOUT]: ALTO CLEF: WARNING: T2 [S135] S130 suppressed why=would-S130 but busy cool=40 flips=5 sameXz=149 child=CollectIronIngotTask cool=40 ban=0 hold=false pos=191,60,69 walls=4/4/4 sky=9 place=8 boxed=true hold=false cool=40 ban=0 startY=- step=0
[19:47:41] [main/INFO] (Minecraft) [CHAT] §2§l§o[TenorClef] §cT2 [S135] S130 suppressed why=would-S130 but busy cool=40 flips=5 sameXz=149 child=CollectIronIngotTask cool=40 ban=0 hold=false pos=191,60,69 walls=4/4/4 sky=9 place=8 boxed=true hold=false cool=40 ban=0 startY=- step=0§r
[19:47:41] [main/INFO] (Minecraft) [CHAT] §2§l§o[TenorClef] §rT2 [HIST] 0:48.3 FORCE S135 S130 suppressed why=would-S130 but busy cool=40 flips=5 sameXz=149 child=CollectIronIngotTask cool=40 ban=0 hold=false pos=191,60,69 walls=4/4/4 sky=9 place=8 boxed=true hold=false cool=40 ban=0 startY=- step=0
[19:47:41] [main/INFO] (Minecraft) [STDOUT]: ALTO CLEF: WARNING: T2 [S109] equip pick for mining (was holding dirt)
[19:47:41] [main/INFO] (Minecraft) [CHAT] §2§l§o[TenorClef] §cT2 [S109] equip pick for mining (was holding dirt)§r
[19:47:41] [main/INFO] (Minecraft) [CHAT] §2§l§o[TenorClef] §rT2 [HIST] 0:48.4 SOLVE S109 equip pick for mining (was holding dirt)
[19:47:41] [main/INFO] (Minecraft) [STDOUT]: ALTO CLEF: WARNING: T2 [S120] craft-gui jump @191,61,69 child=CollectIronIngotTask
[19:47:41] [main/INFO] (Minecraft) [CHAT] §2§l§o[TenorClef] §cT2 [S120] craft-gui jump @191,61,69 child=CollectIronIngotTask§r
[19:47:41] [main/INFO] (Minecraft) [CHAT] §2§l§o[TenorClef] §rT2 [HIST] 0:48.5 SOLVE S120 craft-gui jump @191,61,69 child=CollectIronIngotTask
[19:47:41] [main/INFO] (Minecraft) [CHAT] §2§l§o[TenorClef] §rT2 [HIST] 0:48.6 SNAP ph=IRON @191,61,69 sky=10 wet=false ground=false pick=0 buck=0 iron=0 rods=0 pearls=0 eyes=0 child=CollectIronIngotTask dbg=<Collecting 8 iron.: [[iron_ingot] x 8]>  mobs=none
[19:47:41] [Server thread/INFO] (Minecraft) Player95 has made the advancement [Getting an Upgrade]
[19:47:41] [main/INFO] (Minecraft) [CHAT] Player95 has made the advancement [Getting an Upgrade]
[19:47:41] [main/INFO] (Minecraft) Loaded 47 advancements
[19:47:41] [main/INFO] (Minecraft) [CHAT] §2§l§o[TenorClef] §rT2 [NOW] t=0:48.8 ph=IRON @191,60,69 do=<Collecting 8 iron.: [[iron_ingot] x 8]>  eq=wooden_pickaxe woodpick=1 stonepick=1 pick=0 iron=0 buck=0
[19:47:41] [main/INFO] (Minecraft) [CHAT] §2§l§o[TenorClef] §rMineAndCollect: equip item.minecraft.stone_pickaxe for block.minecraft.iron_ore
[19:47:41] [main/INFO] (Minecraft) [CHAT] §2§l§o[TenorClef] §rT2 [HIST] 0:48.9 [E100] jumps=6 @191,60,69 ph=IRON child=CollectIronIngotTask
[19:47:42] [main/INFO] (Minecraft) [CHAT] §2§l§o[TenorClef] §rT2 [NOW] t=0:49.8 ph=IRON @191,59,69 do=<Collecting 8 iron.: [[iron_ingot] x 8]>  eq=stone_pickaxe woodpick=1 stonepick=1 pick=0 iron=0 buck=0
[19:47:43] [main/INFO] (Minecraft) [STDOUT]: ALTO CLEF: WARNING: T2 [S134] pillar cool expire after flips=3 end=stuck-low step=50 y=66 startY=63
[19:47:43] [main/INFO] (Minecraft) [CHAT] §2§l§o[TenorClef] §cT2 [S134] pillar cool expire after flips=3 end=stuck-low step=50 y=66 startY=63§r
[19:47:43] [main/INFO] (Minecraft) [CHAT] §2§l§o[TenorClef] §rT2 [HIST] 0:50.3 FORCE S134 pillar cool expire after flips=3 end=stuck-low step=50 y=66 startY=63
[19:47:43] [main/INFO] (Minecraft) [STDOUT]: ALTO CLEF: WARNING: T2 [S138] shaft ban clear left-xz ban=190,68 now=191,69 manh=2 left=60
[19:47:43] [main/INFO] (Minecraft) [CHAT] §2§l§o[TenorClef] §cT2 [S138] shaft ban clear left-xz ban=190,68 now=191,69 manh=2 left=60§r
[19:47:43] [main/INFO] (Minecraft) [CHAT] §2§l§o[TenorClef] §rT2 [HIST] 0:50.4 FORCE S138 shaft ban clear left-xz ban=190,68 now=191,69 manh=2 left=60
[19:47:43] [main/INFO] (Minecraft) [CHAT] §2§l§o[TenorClef] §rT2 [NOW] t=0:50.8 ph=IRON @191,58,69 do=<Collecting 8 iron.: [[iron_ingot] x 8]>  eq=stone_pickaxe woodpick=1 stonepick=1 pick=0 iron=0 buck=0
[19:47:43] [main/INFO] (Minecraft) [CHAT] §2§l§o[TenorClef] §rT2 [HIST] 0:51.1 SNAP ph=IRON @191,58,69 sky=7 wet=false ground=true pick=0 buck=0 iron=0 rods=0 pearls=0 eyes=0 child=CollectIronIngotTask dbg=<Collecting 8 iron.: [[iron_ingot] x 8]>  mobs=none
[19:47:44] [main/INFO] (Minecraft) [CHAT] §2§l§o[TenorClef] §rT2 [HIST] 0:51.1 WHY iron: smelt 8 in one furnace
[19:47:44] [main/INFO] (Minecraft) [CHAT] §2§l§o[TenorClef] §rT2 [NOW] t=0:51.8 ph=IRON @191,58,69 do=<Collecting 8 iron.: [[iron_ingot] x 8]>  eq=stone_pickaxe woodpick=1 stonepick=1 pick=0 iron=0 buck=0
[19:47:45] [main/INFO] (Minecraft) [CHAT] §2§l§o[TenorClef] §rT2 [NOW] t=0:52.8 ph=IRON @191,58,69 do=<Collecting 8 iron.: [[iron_ingot] x 8]>  eq=stone_pickaxe woodpick=1 stonepick=1 pick=0 iron=0 buck=0
[19:47:46] [main/INFO] (Minecraft) [CHAT] §2§l§o[TenorClef] §rT2 [HIST] 0:53.6 SNAP ph=IRON @191,58,68 sky=6 wet=false ground=true pick=0 buck=0 iron=0 rods=0 pearls=0 eyes=0 child=CollectIronIngotTask dbg=<Collecting 8 iron.: [[iron_ingot] x 8]>  mobs=none
[19:47:46] [main/INFO] (Minecraft) [CHAT] §2§l§o[TenorClef] §rT2 [NOW] t=0:53.8 ph=IRON @191,57,68 do=<Collecting 8 iron.: [[iron_ingot] x 8]>  eq=stone_pickaxe woodpick=1 stonepick=1 pick=0 iron=0 buck=0
[19:47:47] [main/INFO] (Minecraft) [CHAT] §2§l§o[TenorClef] §rT2 [NOW] t=0:54.8 ph=IRON @191,57,68 do=<Collecting 8 iron.: [[iron_ingot] x 8]>  eq=stone_pickaxe woodpick=1 stonepick=1 pick=0 iron=0 buck=0
[19:47:48] [main/INFO] (Minecraft) [CHAT] §2§l§o[TenorClef] §rT2 [NOW] t=0:55.8 ph=IRON @191,57,68 do=<Collecting 8 iron.: [[iron_ingot] x 8]>  eq=stone_pickaxe woodpick=1 stonepick=1 pick=0 iron=0 buck=0
[19:47:48] [main/INFO] (Minecraft) Loaded 57 advancements
[19:47:49] [main/INFO] (Minecraft) [CHAT] §2§l§o[TenorClef] §rT2 [HIST] 0:56.1 SNAP ph=IRON @191,57,68 sky=5 wet=false ground=true pick=0 buck=0 iron=0 rods=0 pearls=0 eyes=0 child=CollectIronIngotTask dbg=<Collecting 8 iron.: [[iron_ingot] x 8]>  mobs=none
[19:47:49] [main/INFO] (Minecraft) [STDOUT]: ALTO CLEF: WARNING: T2 [E70] iron stall 6s @191,68 — clear blacklist + re-pick ore
[19:47:49] [main/INFO] (Minecraft) [CHAT] §2§l§o[TenorClef] §cT2 [E70] iron stall 6s @191,68 — clear blacklist + re-pick ore§r
[19:47:49] [main/INFO] (Minecraft) [CHAT] §2§l§o[TenorClef] §rRefreshed inventory...
[19:47:49] [main/INFO] (Minecraft) [CHAT] §2§l§o[TenorClef] §rT2 [NOW] t=0:56.8 ph=IRON @191,56,67 do=<Collecting 8 iron.: [[iron_ingot] x 8]>  eq=stone_pickaxe woodpick=1 stonepick=1 pick=0 iron=0 buck=0
[19:47:50] [main/INFO] (Minecraft) [CHAT] §2§l§o[TenorClef] §rT2 [NOW] t=0:57.8 ph=IRON @191,56,67 do=<Collecting 8 iron.: [[iron_ingot] x 8]>  eq=stone_pickaxe woodpick=1 stonepick=1 pick=0 iron=0 buck=0
[19:47:51] [main/INFO] (Minecraft) [CHAT] §2§l§o[TenorClef] §rT2 [HIST] 0:58.6 SNAP ph=IRON @191,56,67 sky=3 wet=false ground=true pick=0 buck=0 iron=0 rods=0 pearls=0 eyes=0 child=CollectIronIngotTask dbg=<Collecting 8 iron.: [[iron_ingot] x 8]>  mobs=none
[19:47:51] [main/INFO] (Minecraft) [CHAT] §2§l§o[TenorClef] §rT2 [NOW] t=0:58.8 ph=IRON @191,56,67 do=<Collecting 8 iron.: [[iron_ingot] x 8]>  eq=stone_pickaxe woodpick=1 stonepick=1 pick=0 iron=0 buck=0
[19:47:52] [main/INFO] (Minecraft) [CHAT] §2§l§o[TenorClef] §rT2 [HB] t=0:59.5 ph=IRON y=56 child=CollectIronIngotTask logs=1 pick=0 woodpick=1
[19:47:52] [main/INFO] (Minecraft) [CHAT] §2§l§o[TenorClef] §rT2 [NOW] t=0:59.8 ph=IRON @190,55,67 do=<Collecting 8 iron.: [[iron_ingot] x 8]>  eq=stone_pickaxe woodpick=1 stonepick=1 pick=0 iron=0 buck=0
[19:47:53] [main/INFO] (Minecraft) [CHAT] §2§l§o[TenorClef] §rT2 [NOW] t=1:00.8 ph=IRON @190,55,67 do=<Collecting 8 iron.: [[iron_ingot] x 8]>  eq=stone_pickaxe woodpick=1 stonepick=1 pick=0 iron=0 buck=0
[19:47:53] [main/INFO] (Minecraft) [CHAT] §2§l§o[TenorClef] §rT2 [HIST] 1:01.1 SNAP ph=IRON @190,55,67 sky=1 wet=false ground=true pick=0 buck=0 iron=0 rods=0 pearls=0 eyes=0 child=CollectIronIngotTask dbg=<Collecting 8 iron.: [[iron_ingot] x 8]>  mobs=none
[19:47:54] [main/INFO] (Minecraft) [CHAT] §2§l§o[TenorClef] §rT2 [NOW] t=1:01.8 ph=IRON @190,55,67 do=<Collecting 8 iron.: [[iron_ingot] x 8]>  eq=stone_pickaxe woodpick=1 stonepick=1 pick=0 iron=0 buck=0
[19:47:55] [main/INFO] (Minecraft) [STDOUT]: ALTO CLEF: WARNING: T2 [E70] iron stall 6s @190,67 — clear blacklist + re-pick ore
[19:47:55] [main/INFO] (Minecraft) [CHAT] §2§l§o[TenorClef] §cT2 [E70] iron stall 6s @190,67 — clear blacklist + re-pick ore§r
[19:47:55] [main/INFO] (Minecraft) [CHAT] §2§l§o[TenorClef] §rT2 [NOW] t=1:02.8 ph=IRON @190,55,67 do=<Collecting 8 iron.: [[iron_ingot] x 8]>  eq=stone_pickaxe woodpick=1 stonepick=1 pick=0 iron=0 buck=0
[19:47:56] [main/INFO] (Minecraft) [CHAT] §2§l§o[TenorClef] §rT2 [HIST] 1:03.6 SNAP ph=IRON @190,55,67 sky=1 wet=false ground=true pick=0 buck=0 iron=0 rods=0 pearls=0 eyes=0 child=CollectIronIngotTask dbg=<Collecting 8 iron.: [[iron_ingot] x 8]>  mobs=none
[19:47:56] [main/INFO] (Minecraft) [CHAT] §2§l§o[TenorClef] §rT2 [NOW] t=1:03.8 ph=IRON @190,55,67 do=<Collecting 8 iron.: [[iron_ingot] x 8]>  eq=stone_pickaxe woodpick=1 stonepick=1 pick=0 iron=0 buck=0
[19:47:57] [main/INFO] (Minecraft) [CHAT] §2§l§o[TenorClef] §rT2 [NOW] t=1:04.8 ph=IRON @190,55,67 do=<Collecting 8 iron.: [[iron_ingot] x 8]>  eq=stone_pickaxe woodpick=1 stonepick=1 pick=0 iron=0 buck=0
[19:47:58] [main/INFO] (Minecraft) [CHAT] §2§l§o[TenorClef] §rT2 [NOW] t=1:05.8 ph=IRON @189,54,67 do=<Collecting 8 iron.: [[iron_ingot] x 8]>  eq=stone_pickaxe woodpick=1 stonepick=1 pick=0 iron=0 buck=0
[19:47:58] [main/INFO] (Minecraft) [CHAT] §2§l§o[TenorClef] §rT2 [HIST] 1:06.1 SNAP ph=IRON @189,54,67 sky=0 wet=false ground=true pick=0 buck=0 iron=0 rods=0 pearls=0 eyes=0 child=CollectIronIngotTask dbg=<Collecting 8 iron.: [[iron_ingot] x 8]>  mobs=none
[19:47:59] [main/INFO] (Minecraft) [CHAT] §2§l§o[TenorClef] §rT2 [NOW] t=1:06.8 ph=IRON @189,54,67 do=<Collecting 8 iron.: [[iron_ingot] x 8]>  eq=stone_pickaxe woodpick=1 stonepick=1 pick=0 iron=0 buck=0
[19:48:00] [main/INFO] (Minecraft) [CHAT] §2§l§o[TenorClef] §rT2 [NOW] t=1:07.8 ph=IRON @189,54,67 do=<Collecting 8 iron.: [[iron_ingot] x 8]>  eq=stone_pickaxe woodpick=1 stonepick=1 pick=0 iron=0 buck=0
[19:48:01] [main/INFO] (Minecraft) [CHAT] §2§l§o[TenorClef] §rT2 [HIST] 1:08.6 SNAP ph=IRON @189,54,67 sky=0 wet=false ground=true pick=0 buck=0 iron=0 rods=0 pearls=0 eyes=0 child=CollectIronIngotTask dbg=<Collecting 8 iron.: [[iron_ingot] x 8]>  mobs=none
[19:48:01] [main/INFO] (Minecraft) [STDOUT]: ALTO CLEF: WARNING: T2 [E70] iron stall 6s @189,67 — clear blacklist + re-pick ore
[19:48:01] [main/INFO] (Minecraft) [CHAT] §2§l§o[TenorClef] §cT2 [E70] iron stall 6s @189,67 — clear blacklist + re-pick ore§r
[19:48:01] [main/INFO] (Minecraft) Loaded 59 advancements
[19:48:01] [main/INFO] (Minecraft) [CHAT] §2§l§o[TenorClef] §rT2 [NOW] t=1:08.8 ph=IRON @189,54,67 do=<Collecting 8 iron.: [[iron_ingot] x 8]>  eq=stone_pickaxe woodpick=1 stonepick=1 pick=0 iron=0 buck=0
[19:48:02] [main/INFO] (Minecraft) [CHAT] §2§l§o[TenorClef] §rT2 [HB] t=1:09.6 ph=IRON y=54 child=CollectIronIngotTask logs=1 pick=0 woodpick=1
[19:48:02] [main/INFO] (Minecraft) [CHAT] §2§l§o[TenorClef] §rT2 [NOW] t=1:09.8 ph=IRON @189,54,67 do=<Collecting 8 iron.: [[iron_ingot] x 8]>  eq=stone_pickaxe woodpick=1 stonepick=1 pick=0 iron=0 buck=0
[19:48:03] [main/INFO] (Minecraft) [CHAT] §2§l§o[TenorClef] §rT2 [NOW] t=1:10.8 ph=IRON @189,54,67 do=<Collecting 8 iron.: [[iron_ingot] x 8]>  eq=stone_pickaxe woodpick=1 stonepick=1 pick=0 iron=0 buck=0
[19:48:03] [main/INFO] (Minecraft) [CHAT] §2§l§o[TenorClef] §rT2 [HIST] 1:11.1 SNAP ph=IRON @189,54,67 sky=0 wet=false ground=true pick=0 buck=0 iron=1 rods=0 pearls=0 eyes=0 child=CollectIronIngotTask dbg=<Collecting 8 iron.: [[iron_ingot] x 8]>  mobs=none
[19:48:04] [main/INFO] (Minecraft) [CHAT] §2§l§o[TenorClef] §rT2 [NOW] t=1:11.8 ph=IRON @189,54,67 do=<Collecting 8 iron.: [[iron_ingot] x 8]>  eq=stone_pickaxe woodpick=1 stonepick=1 pick=0 iron=0 buck=0
[19:48:05] [main/INFO] (Minecraft) [CHAT] §2§l§o[TenorClef] §rT2 [NOW] t=1:12.8 ph=IRON @189,54,67 do=<Collecting 8 iron.: [[iron_ingot] x 8]>  eq=stone_pickaxe woodpick=1 stonepick=1 pick=0 iron=0 buck=0
[19:48:06] [main/INFO] (Minecraft) [CHAT] §2§l§o[TenorClef] §rT2 [HIST] 1:13.6 SNAP ph=IRON @189,54,67 sky=0 wet=false ground=true pick=0 buck=0 iron=1 rods=0 pearls=0 eyes=0 child=CollectIronIngotTask dbg=<Collecting 8 iron.: [[iron_ingot] x 8]>  mobs=none
[19:48:06] [main/INFO] (Minecraft) [CHAT] §2§l§o[TenorClef] §rT2 [NOW] t=1:13.8 ph=IRON @189,54,66 do=<Collecting 8 iron.: [[iron_ingot] x 8]>  eq=stone_pickaxe woodpick=1 stonepick=1 pick=0 iron=0 buck=0
[19:48:07] [main/INFO] (Minecraft) [CHAT] §2§l§o[TenorClef] §rT2 [HIST] 1:14.3 WHY iron: smelt 10 in one furnace
[19:48:07] [main/INFO] (Minecraft) [CHAT] §2§l§o[TenorClef] §rT2 [HB] t=1:14.6 ph=IRON y=54 child=CollectIronIngotTask logs=1 pick=0 woodpick=1
[19:48:07] [main/INFO] (Minecraft) [CHAT] §2§l§o[TenorClef] §rT2 [HIST] 1:14.6 WHY iron: smelt 12 in one furnace
[19:48:07] [main/INFO] (Minecraft) [CHAT] §2§l§o[TenorClef] §rT2 [NOW] t=1:14.8 ph=IRON @189,54,65 do=<Collecting 8 iron.: [[iron_ingot] x 8]>  eq=stone_pickaxe woodpick=1 stonepick=1 pick=0 iron=0 buck=0
[19:48:08] [main/INFO] (Minecraft) [CHAT] §2§l§o[TenorClef] §rT2 [NOW] t=1:15.8 ph=IRON @188,54,65 do=<Collecting 8 iron.: [[iron_ingot] x 8]>  eq=stone_pickaxe woodpick=1 stonepick=1 pick=0 iron=0 buck=0
[19:48:09] [main/INFO] (Minecraft) [CHAT] §2§l§o[TenorClef] §rT2 [HIST] 1:16.1 SNAP ph=IRON @188,54,65 sky=0 wet=false ground=true pick=0 buck=0 iron=6 rods=0 pearls=0 eyes=0 child=CollectIronIngotTask dbg=<Collecting 8 iron.: [[iron_ingot] x 8]>  mobs=none
[19:48:09] [main/INFO] (Minecraft) [CHAT] §2§l§o[TenorClef] §rT2 [NOW] t=1:16.8 ph=IRON @188,54,64 do=<Collecting 8 iron.: [[iron_ingot] x 8]>  eq=stone_pickaxe woodpick=1 stonepick=1 pick=0 iron=0 buck=0
[19:48:09] [main/INFO] (Minecraft) Loaded 68 advancements
[19:48:10] [main/INFO] (Minecraft) [CHAT] §2§l§o[TenorClef] §rT2 [NOW] t=1:17.8 ph=IRON @188,54,64 do=<Collecting 8 iron.: [[iron_ingot] x 8]>  eq=stone_pickaxe woodpick=1 stonepick=1 pick=0 iron=0 buck=0
[19:48:11] [main/INFO] (Minecraft) [CHAT] §2§l§o[TenorClef] §rT2 [HIST] 1:18.6 SNAP ph=IRON @187,54,64 sky=0 wet=false ground=true pick=0 buck=0 iron=6 rods=0 pearls=0 eyes=0 child=CollectIronIngotTask dbg=<Collecting 8 iron.: [[iron_ingot] x 8]>  mobs=none
[19:48:11] [main/INFO] (Minecraft) [CHAT] §2§l§o[TenorClef] §rT2 [NOW] t=1:18.8 ph=IRON @187,54,64 do=<Collecting 8 iron.: [[iron_ingot] x 8]>  eq=stone_pickaxe woodpick=1 stonepick=1 pick=0 iron=0 buck=0
[19:48:12] [main/INFO] (Minecraft) [CHAT] §2§l§o[TenorClef] §rT2 [HB] t=1:19.6 ph=IRON y=54 child=CollectIronIngotTask logs=1 pick=0 woodpick=1
[19:48:12] [main/INFO] (Minecraft) [CHAT] §2§l§o[TenorClef] §rT2 [NOW] t=1:19.8 ph=IRON @187,54,64 do=<Collecting 8 iron.: [[iron_ingot] x 8]>  eq=stone_pickaxe woodpick=1 stonepick=1 pick=0 iron=0 buck=0
[19:48:13] [main/INFO] (Minecraft) [CHAT] §2§l§o[TenorClef] §rT2 [NOW] t=1:20.8 ph=IRON @187,54,64 do=<Collecting 8 iron.: [[iron_ingot] x 8]>  eq=stone_pickaxe woodpick=1 stonepick=1 pick=0 iron=0 buck=0
[19:48:14] [main/INFO] (Minecraft) [CHAT] §2§l§o[TenorClef] §rT2 [HIST] 1:21.1 SNAP ph=IRON @187,54,64 sky=0 wet=false ground=true pick=0 buck=0 iron=6 rods=0 pearls=0 eyes=0 child=CollectIronIngotTask dbg=<Collecting 8 iron.: [[iron_ingot] x 8]>  mobs=none
[19:48:14] [main/INFO] (Minecraft) [CHAT] §2§l§o[TenorClef] §rT2 [NOW] t=1:21.8 ph=IRON @186,53,64 do=<Collecting 8 iron.: [[iron_ingot] x 8]>  eq=stone_pickaxe woodpick=1 stonepick=1 pick=0 iron=0 buck=0
[19:48:15] [main/INFO] (Minecraft) [CHAT] §2§l§o[TenorClef] §rT2 [NOW] t=1:22.8 ph=IRON @186,53,64 do=<Collecting 8 iron.: [[iron_ingot] x 8]>  eq=stone_pickaxe woodpick=1 stonepick=1 pick=0 iron=0 buck=0
[19:48:16] [main/INFO] (Minecraft) [CHAT] §2§l§o[TenorClef] §rT2 [HIST] 1:23.6 SNAP ph=IRON @186,53,64 sky=0 wet=false ground=true pick=0 buck=0 iron=6 rods=0 pearls=0 eyes=0 child=CollectIronIngotTask dbg=<Collecting 8 iron.: [[iron_ingot] x 8]>  mobs=none
[19:48:16] [main/INFO] (Minecraft) [CHAT] §2§l§o[TenorClef] §rT2 [NOW] t=1:23.8 ph=IRON @186,53,64 do=<Collecting 8 iron.: [[iron_ingot] x 8]>  eq=stone_pickaxe woodpick=1 stonepick=1 pick=0 iron=0 buck=0
[19:48:17] [main/INFO] (Minecraft) [STDOUT]: ALTO CLEF: WARNING: T2 [E70] iron stall 6s @186,64 — clear blacklist + re-pick ore
[19:48:17] [main/INFO] (Minecraft) [CHAT] §2§l§o[TenorClef] §cT2 [E70] iron stall 6s @186,64 — clear blacklist + re-pick ore§r
[19:48:17] [main/INFO] (Minecraft) [CHAT] §2§l§o[TenorClef] §rT2 [NOW] t=1:24.8 ph=IRON @186,53,64 do=<Collecting 8 iron.: [[iron_ingot] x 8]>  eq=stone_pickaxe woodpick=1 stonepick=1 pick=0 iron=0 buck=0
[19:48:18] [main/INFO] (Minecraft) [CHAT] §2§l§o[TenorClef] §rT2 [NOW] t=1:25.8 ph=IRON @186,53,64 do=<Collecting 8 iron.: [[iron_ingot] x 8]>  eq=stone_pickaxe woodpick=1 stonepick=1 pick=0 iron=0 buck=0
[19:48:19] [main/INFO] (Minecraft) [CHAT] §2§l§o[TenorClef] §rT2 [HIST] 1:26.1 SNAP ph=IRON @186,53,64 sky=0 wet=false ground=true pick=0 buck=0 iron=6 rods=0 pearls=0 eyes=0 child=CollectIronIngotTask dbg=<Collecting 8 iron.: [[iron_ingot] x 8]>  mobs=none
[19:48:19] [main/INFO] (Minecraft) [CHAT] §2§l§o[TenorClef] §rT2 [NOW] t=1:26.8 ph=IRON @186,53,64 do=<Collecting 8 iron.: [[iron_ingot] x 8]>  eq=stone_pickaxe woodpick=1 stonepick=1 pick=0 iron=0 buck=0
[19:48:20] [main/INFO] (Minecraft) [CHAT] §2§l§o[TenorClef] §rT2 [NOW] t=1:27.8 ph=IRON @186,53,64 do=<Collecting 8 iron.: [[iron_ingot] x 8]>  eq=stone_pickaxe woodpick=1 stonepick=1 pick=0 iron=0 buck=0
[19:48:21] [main/INFO] (Minecraft) [CHAT] §2§l§o[TenorClef] §rT2 [HIST] 1:28.6 SNAP ph=IRON @186,53,64 sky=0 wet=false ground=true pick=0 buck=0 iron=6 rods=0 pearls=0 eyes=0 child=CollectIronIngotTask dbg=<Collecting 8 iron.: [[iron_ingot] x 8]>  mobs=none
[19:48:21] [main/INFO] (Minecraft) [CHAT] §2§l§o[TenorClef] §rT2 [NOW] t=1:28.8 ph=IRON @186,53,64 do=<Collecting 8 iron.: [[iron_ingot] x 8]>  eq=stone_pickaxe woodpick=1 stonepick=1 pick=0 iron=0 buck=0
[19:48:22] [main/INFO] (Minecraft) [CHAT] §2§l§o[TenorClef] §rT2 [NOW] t=1:29.8 ph=IRON @186,53,64 do=<Collecting 8 iron.: [[iron_ingot] x 8]>  eq=stone_pickaxe woodpick=1 stonepick=1 pick=0 iron=0 buck=0
[19:48:22] [main/INFO] (Minecraft) [CHAT] §2§l§o[TenorClef] §rRefreshed inventory...
[19:48:23] [main/INFO] (Minecraft) [STDOUT]: ALTO CLEF: WARNING: T2 [E70] iron stall 6s @185,64 — clear blacklist + re-pick ore
[19:48:23] [main/INFO] (Minecraft) [CHAT] §2§l§o[TenorClef] §cT2 [E70] iron stall 6s @185,64 — clear blacklist + re-pick ore§r
[19:48:23] [main/INFO] (Minecraft) [CHAT] §2§l§o[TenorClef] §rT2 [NOW] t=1:30.8 ph=IRON @185,52,64 do=<Collecting 8 iron.: [[iron_ingot] x 8]>  eq=stone_pickaxe woodpick=1 stonepick=1 pick=0 iron=0 buck=0
[19:48:23] [main/INFO] (Minecraft) [CHAT] §2§l§o[TenorClef] §rT2 [HIST] 1:31.1 SNAP ph=IRON @185,52,64 sky=0 wet=false ground=true pick=0 buck=0 iron=6 rods=0 pearls=0 eyes=0 child=CollectIronIngotTask dbg=<Collecting 8 iron.: [[iron_ingot] x 8]>  mobs=none
[19:48:24] [main/INFO] (Minecraft) [CHAT] §2§l§o[TenorClef] §rT2 [HIST] 1:31.3 WHY iron: smelt 20 in one furnace
[19:48:24] [main/INFO] (Minecraft) [CHAT] §2§l§o[TenorClef] §rT2 [NOW] t=1:31.8 ph=IRON @185,51,64 do=<Collecting 8 iron.: [[iron_ingot] x 8]>  eq=stone_pickaxe woodpick=1 stonepick=1 pick=0 iron=0 buck=0
[19:48:25] [main/INFO] (Minecraft) [CHAT] §2§l§o[TenorClef] §rT2 [NOW] t=1:32.8 ph=IRON @185,51,64 do=<Collecting 8 iron.: [[iron_ingot] x 8]>  eq=stone_pickaxe woodpick=1 stonepick=1 pick=0 iron=0 buck=0
[19:48:26] [main/INFO] (Minecraft) [CHAT] §2§l§o[TenorClef] §rT2 [HIST] 1:33.6 SNAP ph=IRON @185,51,65 sky=0 wet=false ground=true pick=0 buck=0 iron=10 rods=0 pearls=0 eyes=0 child=CollectIronIngotTask dbg=<Collecting 8 iron.: [[iron_ingot] x 8]>  mobs=none
[19:48:26] [main/INFO] (Minecraft) [CHAT] §2§l§o[TenorClef] §rT2 [NOW] t=1:33.8 ph=IRON @185,51,65 do=<Collecting 8 iron.: [[iron_ingot] x 8]>  eq=stone_pickaxe woodpick=1 stonepick=1 pick=0 iron=0 buck=0
[19:48:27] [main/INFO] (Minecraft) [CHAT] §2§l§o[TenorClef] §rT2 [HB] t=1:34.6 ph=IRON y=51 child=CollectIronIngotTask logs=1 pick=0 woodpick=1
[19:48:27] [main/INFO] (Minecraft) [CHAT] §2§l§o[TenorClef] §rT2 [NOW] t=1:34.8 ph=IRON @185,51,65 do=<Collecting 8 iron.: [[iron_ingot] x 8]>  eq=stone_pickaxe woodpick=1 stonepick=1 pick=0 iron=0 buck=0
[19:48:28] [main/INFO] (Minecraft) [CHAT] §2§l§o[TenorClef] §rT2 [NOW] t=1:35.8 ph=IRON @185,51,66 do=<Collecting 8 iron.: [[iron_ingot] x 8]>  eq=stone_pickaxe woodpick=1 stonepick=1 pick=0 iron=0 buck=0
[19:48:29] [main/INFO] (Minecraft) [CHAT] §2§l§o[TenorClef] §rT2 [HIST] 1:36.1 SNAP ph=IRON @185,51,66 sky=0 wet=false ground=true pick=0 buck=0 iron=10 rods=0 pearls=0 eyes=0 child=CollectIronIngotTask dbg=<Collecting 8 iron.: [[iron_ingot] x 8]>  mobs=none
[19:48:29] [main/INFO] (Minecraft) [CHAT] §2§l§o[TenorClef] §rT2 [NOW] t=1:36.8 ph=IRON @185,51,66 do=<Collecting 8 iron.: [[iron_ingot] x 8]>  eq=stone_pickaxe woodpick=1 stonepick=1 pick=0 iron=0 buck=0
[19:48:30] [main/INFO] (Minecraft) [STDOUT]: ALTO CLEF: WARNING: T2 [E70] iron stall 6s @185,67 — clear blacklist + re-pick ore
[19:48:30] [main/INFO] (Minecraft) [CHAT] §2§l§o[TenorClef] §cT2 [E70] iron stall 6s @185,67 — clear blacklist + re-pick ore§r
[19:48:30] [main/INFO] (Minecraft) [CHAT] §2§l§o[TenorClef] §rT2 [NOW] t=1:37.8 ph=IRON @185,51,67 do=<Collecting 8 iron.: [[iron_ingot] x 8]>  eq=stone_pickaxe woodpick=1 stonepick=1 pick=0 iron=0 buck=0
[19:48:31] [main/INFO] (Minecraft) [CHAT] §2§l§o[TenorClef] §rT2 [HIST] 1:38.6 SNAP ph=IRON @185,51,67 sky=0 wet=false ground=true pick=0 buck=0 iron=10 rods=0 pearls=0 eyes=0 child=CollectIronIngotTask dbg=<Collecting 8 iron.: [[iron_ingot] x 8]>  mobs=none
[19:48:31] [main/INFO] (Minecraft) [CHAT] §2§l§o[TenorClef] §rT2 [NOW] t=1:38.8 ph=IRON @185,51,68 do=<Collecting 8 iron.: [[iron_ingot] x 8]>  eq=stone_pickaxe woodpick=1 stonepick=1 pick=0 iron=0 buck=0
[19:48:32] [main/INFO] (Minecraft) [CHAT] §2§l§o[TenorClef] §rT2 [NOW] t=1:39.8 ph=IRON @185,51,68 do=<Collecting 8 iron.: [[iron_ingot] x 8]>  eq=stone_pickaxe woodpick=1 stonepick=1 pick=0 iron=0 buck=0
[19:48:33] [main/INFO] (Minecraft) [CHAT] §2§l§o[TenorClef] §rT2 [NOW] t=1:40.8 ph=IRON @185,51,69 do=<Collecting 8 iron.: [[iron_ingot] x 8]>  eq=stone_pickaxe woodpick=1 stonepick=1 pick=0 iron=0 buck=0
[19:48:33] [main/INFO] (Minecraft) [CHAT] §2§l§o[TenorClef] §rT2 [HIST] 1:41.1 SNAP ph=IRON @185,51,69 sky=0 wet=false ground=true pick=0 buck=0 iron=10 rods=0 pearls=0 eyes=0 child=CollectIronIngotTask dbg=<Collecting 8 iron.: [[iron_ingot] x 8]>  mobs=none
[19:48:34] [main/INFO] (Minecraft) [CHAT] §2§l§o[TenorClef] §rT2 [NOW] t=1:41.8 ph=IRON @185,51,69 do=<Collecting 8 iron.: [[iron_ingot] x 8]>  eq=stone_pickaxe woodpick=1 stonepick=1 pick=0 iron=0 buck=0
[19:48:35] [main/INFO] (Minecraft) [CHAT] §2§l§o[TenorClef] §rT2 [NOW] t=1:42.8 ph=IRON @185,51,69 do=<Collecting 8 iron.: [[iron_ingot] x 8]>  eq=stone_pickaxe woodpick=1 stonepick=1 pick=0 iron=0 buck=0
[19:48:36] [main/INFO] (Minecraft) [CHAT] §2§l§o[TenorClef] §rT2 [HIST] 1:43.6 SNAP ph=IRON @185,51,69 sky=0 wet=false ground=true pick=0 buck=0 iron=10 rods=0 pearls=0 eyes=0 child=CollectIronIngotTask dbg=<Collecting 8 iron.: [[iron_ingot] x 8]>  mobs=none
[19:48:36] [main/INFO] (Minecraft) [CHAT] §2§l§o[TenorClef] §rT2 [NOW] t=1:43.8 ph=IRON @185,51,69 do=<Collecting 8 iron.: [[iron_ingot] x 8]>  eq=stone_pickaxe woodpick=1 stonepick=1 pick=0 iron=0 buck=0
[19:48:37] [main/INFO] (Minecraft) Loaded 69 advancements
[19:48:37] [main/INFO] (Minecraft) [STDOUT]: ALTO CLEF: WARNING: T2 [E70] iron stall 6s @185,68 — clear blacklist + re-pick ore
[19:48:37] [main/INFO] (Minecraft) [CHAT] §2§l§o[TenorClef] §cT2 [E70] iron stall 6s @185,68 — clear blacklist + re-pick ore§r
[19:48:37] [main/INFO] (Minecraft) [CHAT] §2§l§o[TenorClef] §rT2 [NOW] t=1:44.8 ph=IRON @185,51,67 do=<Collecting 8 iron.: [[iron_ingot] x 8]>  eq=stone_pickaxe woodpick=1 stonepick=1 pick=0 iron=0 buck=0
[19:48:38] [main/INFO] (Minecraft) [CHAT] §2§l§o[TenorClef] §rT2 [NOW] t=1:45.8 ph=IRON @185,52,64 do=<Collecting 8 iron.: [[iron_ingot] x 8]>  eq=dirt woodpick=1 stonepick=1 pick=0 iron=0 buck=0
[19:48:38] [main/INFO] (Minecraft) [CHAT] §2§l§o[TenorClef] §rT2 [HIST] 1:46.1 SNAP ph=IRON @185,53,64 sky=0 wet=false ground=false pick=0 buck=0 iron=10 rods=0 pearls=0 eyes=0 child=CollectIronIngotTask dbg=<Collecting 8 iron.: [[iron_ingot] x 8]>  mobs=none
[19:48:39] [main/INFO] (Minecraft) [CHAT] §2§l§o[TenorClef] §rT2 [NOW] t=1:46.8 ph=IRON @187,54,64 do=<Collecting 8 iron.: [[iron_ingot] x 8]>  eq=stone_pickaxe woodpick=1 stonepick=1 pick=0 iron=0 buck=0
[19:48:40] [main/INFO] (Minecraft) [CHAT] §2§l§o[TenorClef] §rT2 [NOW] t=1:47.8 ph=IRON @189,54,66 do=<Collecting 8 iron.: [[iron_ingot] x 8]>  eq=stone_pickaxe woodpick=1 stonepick=1 pick=0 iron=0 buck=0
[19:48:41] [main/INFO] (Minecraft) [CHAT] §2§l§o[TenorClef] §rT2 [HIST] 1:48.6 SNAP ph=IRON @190,55,67 sky=1 wet=false ground=true pick=0 buck=0 iron=10 rods=0 pearls=0 eyes=0 child=CollectIronIngotTask dbg=<Collecting 8 iron.: [[iron_ingot] x 8]>  mobs=none
[19:48:41] [main/INFO] (Minecraft) [CHAT] §2§l§o[TenorClef] §rT2 [NOW] t=1:48.8 ph=IRON @191,56,67 do=<Collecting 8 iron.: [[iron_ingot] x 8]>  eq=stone_pickaxe woodpick=1 stonepick=1 pick=0 iron=0 buck=0
[19:48:42] [main/INFO] (Minecraft) [CHAT] §2§l§o[TenorClef] §rT2 [HB] t=1:49.7 ph=IRON y=58 child=CollectIronIngotTask logs=1 pick=0 woodpick=1
[19:48:42] [main/INFO] (Minecraft) [CHAT] §2§l§o[TenorClef] §rT2 [NOW] t=1:49.8 ph=IRON @191,58,69 do=<Collecting 8 iron.: [[iron_ingot] x 8]>  eq=dirt woodpick=1 stonepick=1 pick=0 iron=0 buck=0
[19:48:43] [main/INFO] (Minecraft) [STDOUT]: ALTO CLEF: WARNING: T2 [S130] START trigger=flips=4 ph=IRON prev=CollectIronIngotTask cycle=1 pos=191,60,69 walls=4/4/3 sky=9 place=42 boxed=true hold=false cool=0 ban=0 startY=60 step=0
[19:48:43] [main/INFO] (Minecraft) [CHAT] §2§l§o[TenorClef] §cT2 [S130] START trigger=flips=4 ph=IRON prev=CollectIronIngotTask cycle=1 pos=191,60,69 walls=4/4/3 sky=9 place=42 boxed=true hold=false cool=0 ban=0 startY=60 step=0§r
[19:48:43] [main/INFO] (Minecraft) [CHAT] §2§l§o[TenorClef] §rT2 [HIST] 1:50.5 FORCE S130 START trigger=flips=4 ph=IRON prev=CollectIronIngotTask cycle=1 pos=191,60,69 walls=4/4/3 sky=9 place=42 boxed=true hold=false cool=0 ban=0 startY=60 step=0
[19:48:43] [main/INFO] (Minecraft) [CHAT] §2§l§o[TenorClef] §rT2 [HIST] 1:50.5 PILLAR START flips=4 prev=CollectIronIngotTask
[19:48:43] [main/INFO] (Minecraft) [CHAT] §2§l§o[TenorClef] §rT2 [HIST] 1:50.5 SOLVE S130 pillar-out @191,60,69 ph=IRON flips=4
[19:48:43] [main/INFO] (Minecraft) [CHAT] §2§l§o[TenorClef] §rT2 [HIST] 1:50.5 CHILD CollectIronIngotTask -> HolePillarTask ph=IRON @191,60,69 sky=9 wet=false ground=false pick=0 buck=0 iron=10 rods=0 pearls=0 eyes=0
[19:48:43] [main/INFO] (Minecraft) [STDOUT]: ALTO CLEF: WARNING: T2 [S130] tick y=60 slot=0 air=true pos=191,60,69 walls=4/4/3 sky=9 place=42 boxed=true hold=true cool=0 ban=0 startY=60 step=1
[19:48:43] [main/INFO] (Minecraft) [CHAT] §2§l§o[TenorClef] §cT2 [S130] tick y=60 slot=0 air=true pos=191,60,69 walls=4/4/3 sky=9 place=42 boxed=true hold=true cool=0 ban=0 startY=60 step=1§r
[19:48:43] [main/INFO] (Minecraft) [CHAT] §2§l§o[TenorClef] §rT2 [HIST] 1:50.5 FORCE S130 tick y=60 slot=0 air=true pos=191,60,69 walls=4/4/3 sky=9 place=42 boxed=true hold=true cool=0 ban=0 startY=60 step=1
[19:48:43] [main/INFO] (Minecraft) [CHAT] §2§l§o[TenorClef] §rT2 [NOW] t=1:50.8 ph=IRON @191,60,69 do=<T2 pillar-out>  eq=cobblestone woodpick=1 stonepick=1 pick=0 iron=0 buck=0
[19:48:44] [main/INFO] (Minecraft) [STDOUT]: ALTO CLEF: WARNING: T2 [S130] tick y=62 slot=0 air=true pos=191,62,69 walls=4/4/4 sky=11 place=40 boxed=true hold=true cool=0 ban=0 startY=60 step=21
[19:48:44] [main/INFO] (Minecraft) [CHAT] §2§l§o[TenorClef] §cT2 [S130] tick y=62 slot=0 air=true pos=191,62,69 walls=4/4/4 sky=11 place=40 boxed=true hold=true cool=0 ban=0 startY=60 step=21§r
[19:48:44] [main/INFO] (Minecraft) [CHAT] §2§l§o[TenorClef] §rT2 [HIST] 1:51.5 FORCE S130 tick y=62 slot=0 air=true pos=191,62,69 walls=4/4/4 sky=11 place=40 boxed=true hold=true cool=0 ban=0 startY=60 step=21
[19:48:44] [main/INFO] (Minecraft) [CHAT] §2§l§o[TenorClef] §rT2 [HIST] 1:51.7 SNAP ph=IRON @191,62,69 sky=11 wet=false ground=false pick=0 buck=0 iron=10 rods=0 pearls=0 eyes=0 child=HolePillarTask dbg=<T2 pillar-out>  mobs=none
[19:48:44] [main/INFO] (Minecraft) [CHAT] §2§l§o[TenorClef] §rT2 [NOW] t=1:51.8 ph=IRON @191,62,69 do=<T2 pillar-out>  eq=cobblestone woodpick=1 stonepick=1 pick=0 iron=0 buck=0
[19:48:45] [main/INFO] (Minecraft) [STDOUT]: ALTO CLEF: WARNING: T2 [S139] rise confirmed +4y y=64 startY=60 pos=191,64,69 walls=4/2/4 sky=13 place=38 boxed=false hold=true cool=0 ban=0 startY=60 step=40
[19:48:45] [main/INFO] (Minecraft) [CHAT] §2§l§o[TenorClef] §cT2 [S139] rise confirmed +4y y=64 startY=60 pos=191,64,69 walls=4/2/4 sky=13 place=38 boxed=false hold=true cool=0 ban=0 startY=60 step=40§r
[19:48:45] [main/INFO] (Minecraft) [CHAT] §2§l§o[TenorClef] §rT2 [HIST] 1:52.5 FORCE S139 rise confirmed +4y y=64 startY=60 pos=191,64,69 walls=4/2/4 sky=13 place=38 boxed=false hold=true cool=0 ban=0 startY=60 step=40
[19:48:45] [main/INFO] (Minecraft) [STDOUT]: ALTO CLEF: WARNING: T2 [S133] cool arm ticks=80 reason=risen y=64 startY=60 ban=191,69 pos=191,64,69 walls=4/2/4 sky=13 place=38 boxed=false hold=true cool=80 ban=80 startY=60 step=40
[19:48:45] [main/INFO] (Minecraft) [CHAT] §2§l§o[TenorClef] §cT2 [S133] cool arm ticks=80 reason=risen y=64 startY=60 ban=191,69 pos=191,64,69 walls=4/2/4 sky=13 place=38 boxed=false hold=true cool=80 ban=80 startY=60 step=40§r
[19:48:45] [main/INFO] (Minecraft) [CHAT] §2§l§o[TenorClef] §rT2 [HIST] 1:52.5 FORCE S133 cool arm ticks=80 reason=risen y=64 startY=60 ban=191,69 pos=191,64,69 walls=4/2/4 sky=13 place=38 boxed=false hold=true cool=80 ban=80 startY=60 step=40
[19:48:45] [main/INFO] (Minecraft) [STDOUT]: ALTO CLEF: WARNING: T2 [S136] END reason=risen y=64 startY=60 roseReal=true giveUp=true pos=191,64,69 walls=4/2/4 sky=13 place=38 boxed=false hold=true cool=80 ban=80 startY=60 step=40
[19:48:45] [main/INFO] (Minecraft) [CHAT] §2§l§o[TenorClef] §cT2 [S136] END reason=risen y=64 startY=60 roseReal=true giveUp=true pos=191,64,69 walls=4/2/4 sky=13 place=38 boxed=false hold=true cool=80 ban=80 startY=60 step=40§r
[19:48:45] [main/INFO] (Minecraft) [CHAT] §2§l§o[TenorClef] §rT2 [HIST] 1:52.5 FORCE S136 END reason=risen y=64 startY=60 roseReal=true giveUp=true pos=191,64,69 walls=4/2/4 sky=13 place=38 boxed=false hold=true cool=80 ban=80 startY=60 step=40
[19:48:45] [main/INFO] (Minecraft) [CHAT] §2§l§o[TenorClef] §rT2 [HIST] 1:52.5 PILLAR END risen y=64 startY=60
[19:48:45] [main/INFO] (Minecraft) [CHAT] §2§l§o[TenorClef] §rT2 [HIST] 1:52.5 WHY iron: smelt 20 in one furnace
[19:48:45] [main/INFO] (Minecraft) [STDOUT]: ALTO CLEF: WARNING: T2 [S136] stick drop pillar -> CollectIronIngotTask finished=true hold=false cool=79 end=risen y=64 startY=60 pos=191,64,69 walls=4/2/4 sky=13 place=38 boxed=false hold=false cool=79 ban=79 startY=- step=0
[19:48:45] [main/INFO] (Minecraft) [CHAT] §2§l§o[TenorClef] §cT2 [S136] stick drop pillar -> CollectIronIngotTask finished=true hold=false cool=79 end=risen y=64 startY=60 pos=191,64,69 walls=4/2/4 sky=13 place=38 boxed=false hold=false cool=79 ban=79 startY=- step=0§r
[19:48:45] [main/INFO] (Minecraft) [CHAT] §2§l§o[TenorClef] §rT2 [HIST] 1:52.5 FORCE S136 stick drop pillar -> CollectIronIngotTask finished=true hold=false cool=79 end=risen y=64 startY=60 pos=191,64,69 walls=4/2/4 sky=13 place=38 boxed=false hold=false cool=79 ban=79 startY=- step=0
[19:48:45] [main/INFO] (Minecraft) [CHAT] §2§l§o[TenorClef] §rT2 [HIST] 1:52.5 CHILD HolePillarTask -> CollectIronIngotTask ph=IRON @191,64,69 sky=13 wet=false ground=false pick=0 buck=0 iron=10 rods=0 pearls=0 eyes=0
[19:48:45] [main/INFO] (Minecraft) [STDOUT]: ALTO CLEF: WARNING: T2 [S136] onStop interrupt=CollectIronIngotTask finishWhy=givingUp cool=79 lastEnd=risen y=64 startY=60 pos=191,64,69 walls=4/2/4 sky=13 place=38 boxed=false hold=false cool=79 ban=79 startY=- step=0
[19:48:45] [main/INFO] (Minecraft) [CHAT] §2§l§o[TenorClef] §cT2 [S136] onStop interrupt=CollectIronIngotTask finishWhy=givingUp cool=79 lastEnd=risen y=64 startY=60 pos=191,64,69 walls=4/2/4 sky=13 place=38 boxed=false hold=false cool=79 ban=79 startY=- step=0§r
[19:48:45] [main/INFO] (Minecraft) [CHAT] §2§l§o[TenorClef] §rT2 [HIST] 1:52.5 FORCE S136 onStop interrupt=CollectIronIngotTask finishWhy=givingUp cool=79 lastEnd=risen y=64 startY=60 pos=191,64,69 walls=4/2/4 sky=13 place=38 boxed=false hold=false cool=79 ban=79 startY=- step=0
[19:48:45] [main/INFO] (Minecraft) [CHAT] §2§l§o[TenorClef] §rMineAndCollect: equip item.minecraft.stone_pickaxe for block.minecraft.iron_ore
[19:48:45] [main/INFO] (Minecraft) [CHAT] §2§l§o[TenorClef] §rMineAndCollect: equip item.minecraft.stone_pickaxe for block.minecraft.iron_ore
[19:48:45] [main/INFO] (Minecraft) [CHAT] §2§l§o[TenorClef] §rMineAndCollect: equip item.minecraft.stone_pickaxe for block.minecraft.iron_ore
[19:48:45] [main/INFO] (Minecraft) [CHAT] §2§l§o[TenorClef] §rT2 [NOW] t=1:52.8 ph=IRON @191,63,69 do=<Collecting 20 iron.: [[iron_ingot] x 20]>  eq=cobblestone woodpick=1 stonepick=1 pick=0 iron=0 buck=0
[19:48:45] [main/INFO] (Minecraft) [STDOUT]: ALTO CLEF: WARNING: T2 [S109] equip pick for mining (was holding cobblestone)
[19:48:45] [main/INFO] (Minecraft) [CHAT] §2§l§o[TenorClef] §cT2 [S109] equip pick for mining (was holding cobblestone)§r
[19:48:45] [main/INFO] (Minecraft) [CHAT] §2§l§o[TenorClef] §rT2 [HIST] 1:52.8 SOLVE S109 equip pick for mining (was holding cobblestone)
[19:48:45] [main/INFO] (Minecraft) [CHAT] §2§l§o[TenorClef] §rMineAndCollect: equip item.minecraft.stone_pickaxe for block.minecraft.iron_ore
[19:48:45] [main/INFO] (Minecraft) [CHAT] §2§l§o[TenorClef] §rMineAndCollect: equip item.minecraft.stone_pickaxe for block.minecraft.iron_ore
[19:48:45] [main/INFO] (Minecraft) [CHAT] §2§l§o[TenorClef] §rMineAndCollect: equip item.minecraft.stone_pickaxe for block.minecraft.iron_ore
[19:48:46] [main/INFO] (Minecraft) [CHAT] §2§l§o[TenorClef] §rMineAndCollect: equip item.minecraft.stone_pickaxe for block.minecraft.iron_ore
[19:48:46] [main/INFO] (Minecraft) [CHAT] §2§l§o[TenorClef] §rMineAndCollect: equip item.minecraft.stone_pickaxe for block.minecraft.iron_ore
[19:48:46] [main/INFO] (Minecraft) [CHAT] §2§l§o[TenorClef] §rMineAndCollect: equip item.minecraft.stone_pickaxe for block.minecraft.iron_ore
[19:48:46] [main/INFO] (Minecraft) [CHAT] §2§l§o[TenorClef] §rMineAndCollect: equip item.minecraft.stone_pickaxe for block.minecraft.iron_ore
[19:48:46] [main/INFO] (Minecraft) [CHAT] §2§l§o[TenorClef] §rMineAndCollect: equip item.minecraft.stone_pickaxe for block.minecraft.iron_ore
[19:48:46] [main/INFO] (Minecraft) [CHAT] §2§l§o[TenorClef] §rMineAndCollect: equip item.minecraft.stone_pickaxe for block.minecraft.iron_ore
[19:48:46] [main/INFO] (Minecraft) [STDOUT]: ALTO CLEF: WARNING: T2 [E100] jumps=13 @191,63,69 ph=IRON child=CollectIronIngotTask
[19:48:46] [main/INFO] (Minecraft) [CHAT] §2§l§o[TenorClef] §cT2 [E100] jumps=13 @191,63,69 ph=IRON child=CollectIronIngotTask§r
[19:48:46] [main/INFO] (Minecraft) [CHAT] §2§l§o[TenorClef] §rT2 [HIST] 1:53.7 [E100] jumps=13 @191,63,69 ph=IRON child=CollectIronIngotTask
[19:48:46] [main/INFO] (Minecraft) [CHAT] §2§l§o[TenorClef] §rMineAndCollect: equip item.minecraft.stone_pickaxe for block.minecraft.iron_ore
[19:48:46] [main/INFO] (Minecraft) [CHAT] §2§l§o[TenorClef] §rT2 [NOW] t=1:53.8 ph=IRON @191,63,69 do=<Collecting 20 iron.: [[iron_ingot] x 20]>  eq=cobblestone woodpick=1 stonepick=1 pick=0 iron=0 buck=0
[19:48:46] [main/INFO] (Minecraft) [CHAT] §2§l§o[TenorClef] §rMineAndCollect: equip item.minecraft.stone_pickaxe for block.minecraft.iron_ore
[19:48:47] [main/INFO] (Minecraft) [CHAT] §2§l§o[TenorClef] §rT2 [HIST] 1:54.6 SNAP ph=IRON @192,65,69 sky=15 wet=false ground=false pick=0 buck=0 iron=10 rods=0 pearls=0 eyes=0 child=CollectIronIngotTask dbg=<Collecting 20 iron.: [[iron_ingot] x 20]>  mobs=none
[19:48:47] [main/INFO] (Minecraft) [STDOUT]: ALTO CLEF: WARNING: T2 [S138] shaft ban clear left-xz ban=191,69 now=192,70 manh=2 left=36
[19:48:47] [main/INFO] (Minecraft) [CHAT] §2§l§o[TenorClef] §cT2 [S138] shaft ban clear left-xz ban=191,69 now=192,70 manh=2 left=36§r
[19:48:47] [main/INFO] (Minecraft) [CHAT] §2§l§o[TenorClef] §rT2 [HIST] 1:54.7 FORCE S138 shaft ban clear left-xz ban=191,69 now=192,70 manh=2 left=36
[19:48:47] [main/INFO] (Minecraft) [CHAT] §2§l§o[TenorClef] §rT2 [NOW] t=1:54.8 ph=IRON @192,65,70 do=<Collecting 20 iron.: [[iron_ingot] x 20]>  eq=stone_pickaxe woodpick=1 stonepick=1 pick=0 iron=0 buck=0
[19:48:48] [main/INFO] (Minecraft) [CHAT] §2§l§o[TenorClef] §rT2 [NOW] t=1:55.8 ph=IRON @197,65,73 do=<Collecting 20 iron.: [[iron_ingot] x 20]>  eq=stone_pickaxe woodpick=1 stonepick=1 pick=0 iron=0 buck=0
[19:48:49] [main/INFO] (Minecraft) [CHAT] §2§l§o[TenorClef] §rMineAndCollect: equip item.minecraft.stone_pickaxe for block.minecraft.iron_ore
[19:48:49] [main/INFO] (Minecraft) [CHAT] §2§l§o[TenorClef] §rMineAndCollect: equip item.minecraft.stone_pickaxe for block.minecraft.iron_ore
[19:48:49] [main/INFO] (Minecraft) [CHAT] §2§l§o[TenorClef] §rMineAndCollect: equip item.minecraft.stone_pickaxe for block.minecraft.iron_ore
[19:48:49] [main/INFO] (Minecraft) [CHAT] §2§l§o[TenorClef] §rMineAndCollect: equip item.minecraft.stone_pickaxe for block.minecraft.iron_ore
[19:48:49] [main/INFO] (Minecraft) [CHAT] §2§l§o[TenorClef] §rMineAndCollect: equip item.minecraft.stone_pickaxe for block.minecraft.iron_ore
[19:48:49] [main/INFO] (Minecraft) [STDOUT]: ALTO CLEF: WARNING: T2 [S134] pillar cool expire after flips=4 end=risen y=64 startY=60
[19:48:49] [main/INFO] (Minecraft) [CHAT] §2§l§o[TenorClef] §cT2 [S134] pillar cool expire after flips=4 end=risen y=64 startY=60§r
[19:48:49] [main/INFO] (Minecraft) [CHAT] §2§l§o[TenorClef] §rT2 [HIST] 1:56.5 FORCE S134 pillar cool expire after flips=4 end=risen y=64 startY=60
[19:48:49] [main/INFO] (Minecraft) [STDOUT]: ALTO CLEF: WARNING: T2 [S138] shaft ban clear left-xz ban=191,69 now=198,73 manh=11 left=60
[19:48:49] [main/INFO] (Minecraft) [CHAT] §2§l§o[TenorClef] §cT2 [S138] shaft ban clear left-xz ban=191,69 now=198,73 manh=11 left=60§r
[19:48:49] [main/INFO] (Minecraft) [CHAT] §2§l§o[TenorClef] §rT2 [HIST] 1:56.5 FORCE S138 shaft ban clear left-xz ban=191,69 now=198,73 manh=11 left=60
[19:48:49] [main/INFO] (Minecraft) [CHAT] §2§l§o[TenorClef] §rT2 [HIST] 1:56.5 WHY iron: smelt 20 in one furnace
[19:48:49] [main/INFO] (Minecraft) [CHAT] §2§l§o[TenorClef] §rMineAndCollect: equip item.minecraft.stone_pickaxe for block.minecraft.iron_ore
[19:48:49] [main/INFO] (Minecraft) [CHAT] §2§l§o[TenorClef] §rT2 [NOW] t=1:56.8 ph=IRON @198,65,73 do=<Collecting 20 iron.: [[iron_ingot] x 20]>  eq=cobblestone woodpick=1 stonepick=1 pick=0 iron=0 buck=0
[19:48:49] [main/INFO] (Minecraft) [CHAT] §2§l§o[TenorClef] §rT2 [HIST] 1:57.1 SNAP ph=IRON @198,65,73 sky=15 wet=false ground=true pick=0 buck=0 iron=10 rods=0 pearls=0 eyes=0 child=CollectIronIngotTask dbg=<Collecting 20 iron.: [[iron_ingot] x 20]>  mobs=none
[19:48:50] [main/INFO] (Minecraft) [CHAT] §2§l§o[TenorClef] §rT2 [NOW] t=1:57.8 ph=IRON @198,64,73 do=<Collecting 20 iron.: [[iron_ingot] x 20]>  eq=cobblestone woodpick=1 stonepick=1 pick=0 iron=0 buck=0
[19:48:51] [main/INFO] (Minecraft) [STDOUT]: ALTO CLEF: WARNING: T2 [S130] START trigger=flips=3 ph=IRON prev=CollectIronIngotTask cycle=1 pos=198,63,73 walls=4/4/4 sky=15 place=40 boxed=true hold=false cool=0 ban=0 startY=63 step=0
[19:48:51] [main/INFO] (Minecraft) [CHAT] §2§l§o[TenorClef] §cT2 [S130] START trigger=flips=3 ph=IRON prev=CollectIronIngotTask cycle=1 pos=198,63,73 walls=4/4/4 sky=15 place=40 boxed=true hold=false cool=0 ban=0 startY=63 step=0§r
[19:48:51] [main/INFO] (Minecraft) [CHAT] §2§l§o[TenorClef] §rT2 [HIST] 1:58.3 FORCE S130 START trigger=flips=3 ph=IRON prev=CollectIronIngotTask cycle=1 pos=198,63,73 walls=4/4/4 sky=15 place=40 boxed=true hold=false cool=0 ban=0 startY=63 step=0
[19:48:51] [main/INFO] (Minecraft) [CHAT] §2§l§o[TenorClef] §rT2 [HIST] 1:58.3 PILLAR START flips=3 prev=CollectIronIngotTask
[19:48:51] [main/INFO] (Minecraft) [CHAT] §2§l§o[TenorClef] §rT2 [HIST] 1:58.3 SOLVE S130 pillar-out @198,63,73 ph=IRON flips=3
[19:48:51] [main/INFO] (Minecraft) [CHAT] §2§l§o[TenorClef] §rT2 [HIST] 1:58.3 CHILD CollectIronIngotTask -> HolePillarTask ph=IRON @198,63,73 sky=15 wet=false ground=false pick=0 buck=0 iron=10 rods=0 pearls=0 eyes=0
[19:48:51] [main/INFO] (Minecraft) [STDOUT]: ALTO CLEF: WARNING: T2 [S130] tick y=63 slot=0 air=true pos=198,63,73 walls=4/4/4 sky=15 place=40 boxed=true hold=true cool=0 ban=0 startY=63 step=1
[19:48:51] [main/INFO] (Minecraft) [CHAT] §2§l§o[TenorClef] §cT2 [S130] tick y=63 slot=0 air=true pos=198,63,73 walls=4/4/4 sky=15 place=40 boxed=true hold=true cool=0 ban=0 startY=63 step=1§r
[19:48:51] [main/INFO] (Minecraft) [CHAT] §2§l§o[TenorClef] §rT2 [HIST] 1:58.3 FORCE S130 tick y=63 slot=0 air=true pos=198,63,73 walls=4/4/4 sky=15 place=40 boxed=true hold=true cool=0 ban=0 startY=63 step=1
[19:48:51] [main/INFO] (Minecraft) [CHAT] §2§l§o[TenorClef] §rT2 [NOW] t=1:58.8 ph=IRON @198,64,73 do=<T2 pillar-out>  eq=cobblestone woodpick=1 stonepick=1 pick=0 iron=0 buck=0
[19:48:52] [main/INFO] (Minecraft) [STDOUT]: ALTO CLEF: WARNING: T2 [S130] tick y=65 slot=0 air=true pos=198,65,73 walls=0/0/4 sky=15 place=39 boxed=false hold=true cool=0 ban=0 startY=63 step=21
[19:48:52] [main/INFO] (Minecraft) [CHAT] §2§l§o[TenorClef] §cT2 [S130] tick y=65 slot=0 air=true pos=198,65,73 walls=0/0/4 sky=15 place=39 boxed=false hold=true cool=0 ban=0 startY=63 step=21§r
[19:48:52] [main/INFO] (Minecraft) [CHAT] §2§l§o[TenorClef] §rT2 [HIST] 1:59.3 FORCE S130 tick y=65 slot=0 air=true pos=198,65,73 walls=0/0/4 sky=15 place=39 boxed=false hold=true cool=0 ban=0 startY=63 step=21
[19:48:52] [main/INFO] (Minecraft) [CHAT] §2§l§o[TenorClef] §rT2 [NOW] t=1:59.8 ph=IRON @198,66,73 do=<T2 pillar-out>  eq=cobblestone woodpick=1 stonepick=1 pick=0 iron=0 buck=0
[19:48:52] [main/INFO] (Minecraft) [STDOUT]: ALTO CLEF: WARNING: T2 [E100] jumps=11 @198,66,73 ph=IRON child=HolePillarTask
[19:48:52] [main/INFO] (Minecraft) [CHAT] §2§l§o[TenorClef] §cT2 [E100] jumps=11 @198,66,73 ph=IRON child=HolePillarTask§r
[19:48:53] [main/INFO] (Minecraft) [CHAT] §2§l§o[TenorClef] §rT2 [HIST] 2:00.1 [E100] jumps=11 @198,66,73 ph=IRON child=HolePillarTask
[19:48:53] [main/INFO] (Minecraft) [STDOUT]: ALTO CLEF: WARNING: T2 [S139] rise confirmed +4y y=67 startY=63 pos=198,67,73 walls=0/0/0 sky=15 place=38 boxed=false hold=true cool=0 ban=0 startY=63 step=37
[19:48:53] [main/INFO] (Minecraft) [CHAT] §2§l§o[TenorClef] §cT2 [S139] rise confirmed +4y y=67 startY=63 pos=198,67,73 walls=0/0/0 sky=15 place=38 boxed=false hold=true cool=0 ban=0 startY=63 step=37§r
[19:48:53] [main/INFO] (Minecraft) [CHAT] §2§l§o[TenorClef] §rT2 [HIST] 2:00.1 FORCE S139 rise confirmed +4y y=67 startY=63 pos=198,67,73 walls=0/0/0 sky=15 place=38 boxed=false hold=true cool=0 ban=0 startY=63 step=37
[19:48:53] [main/INFO] (Minecraft) [STDOUT]: ALTO CLEF: WARNING: T2 [S133] cool arm ticks=80 reason=risen y=67 startY=63 ban=198,73 pos=198,67,73 walls=0/0/0 sky=15 place=38 boxed=false hold=true cool=80 ban=80 startY=63 step=37
[19:48:53] [main/INFO] (Minecraft) [CHAT] §2§l§o[TenorClef] §cT2 [S133] cool arm ticks=80 reason=risen y=67 startY=63 ban=198,73 pos=198,67,73 walls=0/0/0 sky=15 place=38 boxed=false hold=true cool=80 ban=80 startY=63 step=37§r
[19:48:53] [main/INFO] (Minecraft) [CHAT] §2§l§o[TenorClef] §rT2 [HIST] 2:00.1 FORCE S133 cool arm ticks=80 reason=risen y=67 startY=63 ban=198,73 pos=198,67,73 walls=0/0/0 sky=15 place=38 boxed=false hold=true cool=80 ban=80 startY=63 step=37
[19:48:53] [main/INFO] (Minecraft) [STDOUT]: ALTO CLEF: WARNING: T2 [S136] END reason=risen y=67 startY=63 roseReal=true giveUp=true pos=198,67,73 walls=0/0/0 sky=15 place=38 boxed=false hold=true cool=80 ban=80 startY=63 step=37
[19:48:53] [main/INFO] (Minecraft) [CHAT] §2§l§o[TenorClef] §cT2 [S136] END reason=risen y=67 startY=63 roseReal=true giveUp=true pos=198,67,73 walls=0/0/0 sky=15 place=38 boxed=false hold=true cool=80 ban=80 startY=63 step=37§r
[19:48:53] [main/INFO] (Minecraft) [CHAT] §2§l§o[TenorClef] §rT2 [HIST] 2:00.1 FORCE S136 END reason=risen y=67 startY=63 roseReal=true giveUp=true pos=198,67,73 walls=0/0/0 sky=15 place=38 boxed=false hold=true cool=80 ban=80 startY=63 step=37
[19:48:53] [main/INFO] (Minecraft) [CHAT] §2§l§o[TenorClef] §rT2 [HIST] 2:00.1 PILLAR END risen y=67 startY=63
[19:48:53] [main/INFO] (Minecraft) [STDOUT]: ALTO CLEF: WARNING: T2 [S136] stick drop pillar -> CollectIronIngotTask finished=true hold=false cool=79 end=risen y=67 startY=63 pos=198,67,73 walls=0/0/0 sky=15 place=38 boxed=false hold=false cool=79 ban=79 startY=- step=0
[19:48:53] [main/INFO] (Minecraft) [CHAT] §2§l§o[TenorClef] §cT2 [S136] stick drop pillar -> CollectIronIngotTask finished=true hold=false cool=79 end=risen y=67 startY=63 pos=198,67,73 walls=0/0/0 sky=15 place=38 boxed=false hold=false cool=79 ban=79 startY=- step=0§r
[19:48:53] [main/INFO] (Minecraft) [CHAT] §2§l§o[TenorClef] §rT2 [HIST] 2:00.2 FORCE S136 stick drop pillar -> CollectIronIngotTask finished=true hold=false cool=79 end=risen y=67 startY=63 pos=198,67,73 walls=0/0/0 sky=15 place=38 boxed=false hold=false cool=79 ban=79 startY=- step=0
[19:48:53] [main/INFO] (Minecraft) [CHAT] §2§l§o[TenorClef] §rT2 [HIST] 2:00.2 CHILD HolePillarTask -> CollectIronIngotTask ph=IRON @198,67,73 sky=15 wet=false ground=false pick=0 buck=0 iron=10 rods=0 pearls=0 eyes=0
[19:48:53] [main/INFO] (Minecraft) [STDOUT]: ALTO CLEF: WARNING: T2 [S136] onStop interrupt=CollectIronIngotTask finishWhy=givingUp cool=79 lastEnd=risen y=67 startY=63 pos=198,67,73 walls=0/0/0 sky=15 place=38 boxed=false hold=false cool=79 ban=79 startY=- step=0
[19:48:53] [main/INFO] (Minecraft) [CHAT] §2§l§o[TenorClef] §cT2 [S136] onStop interrupt=CollectIronIngotTask finishWhy=givingUp cool=79 lastEnd=risen y=67 startY=63 pos=198,67,73 walls=0/0/0 sky=15 place=38 boxed=false hold=false cool=79 ban=79 startY=- step=0§r
[19:48:53] [main/INFO] (Minecraft) [CHAT] §2§l§o[TenorClef] §rT2 [HIST] 2:00.2 FORCE S136 onStop interrupt=CollectIronIngotTask finishWhy=givingUp cool=79 lastEnd=risen y=67 startY=63 pos=198,67,73 walls=0/0/0 sky=15 place=38 boxed=false hold=false cool=79 ban=79 startY=- step=0
[19:48:53] [main/INFO] (Minecraft) [CHAT] §2§l§o[TenorClef] §rMineAndCollect: equip item.minecraft.stone_pickaxe for block.minecraft.iron_ore
[19:48:53] [main/INFO] (Minecraft) [CHAT] §2§l§o[TenorClef] §rT2 [HIST] 2:00.5 SNAP ph=IRON @198,66,73 sky=15 wet=false ground=false pick=0 buck=0 iron=10 rods=0 pearls=0 eyes=0 child=CollectIronIngotTask dbg=<Collecting 20 iron.: [[iron_ingot] x 20]>  mobs=none
[19:48:53] [main/INFO] (Minecraft) [CHAT] §2§l§o[TenorClef] §rT2 [HIST] 2:00.6 WHY iron: smelt 20 in one furnace
[19:48:53] [main/INFO] (Minecraft) [CHAT] §2§l§o[TenorClef] §rT2 [NOW] t=2:00.8 ph=IRON @198,66,73 do=<Collecting 20 iron.: [[iron_ingot] x 20]>  eq=stone_pickaxe woodpick=1 stonepick=1 pick=0 iron=0 buck=0
[19:48:54] [main/INFO] (Minecraft) [CHAT] §2§l§o[TenorClef] §rT2 [NOW] t=2:01.8 ph=IRON @198,65,73 do=<Collecting 20 iron.: [[iron_ingot] x 20]>  eq=stone_pickaxe woodpick=1 stonepick=1 pick=0 iron=0 buck=0
[19:48:55] [main/INFO] (Minecraft) [CHAT] §2§l§o[TenorClef] §rT2 [NOW] t=2:02.8 ph=IRON @198,64,73 do=<Collecting 20 iron.: [[iron_ingot] x 20]>  eq=stone_pickaxe woodpick=1 stonepick=1 pick=0 iron=0 buck=0
[19:48:55] [main/INFO] (Minecraft) [CHAT] §2§l§o[TenorClef] §rT2 [HIST] 2:03.0 SNAP ph=IRON @198,64,73 sky=15 wet=false ground=true pick=0 buck=0 iron=10 rods=0 pearls=0 eyes=0 child=CollectIronIngotTask dbg=<Collecting 20 iron.: [[iron_ingot] x 20]>  mobs=none
[19:48:56] [main/INFO] (Minecraft) [CHAT] §2§l§o[TenorClef] §rT2 [HIST] 2:03.4 [E100] jumps=6 @198,63,73 ph=IRON child=CollectIronIngotTask
[19:48:56] [main/INFO] (Minecraft) [STDOUT]: ALTO CLEF: WARNING: T2 [S135] S130 suppressed why=would-S130 but busy cool=14 flips=6 sameXz=66 child=CollectIronIngotTask cool=14 ban=14 hold=false pos=198,63,73 walls=4/4/4 sky=15 place=40 boxed=true hold=false cool=14 ban=14 startY=- step=0
[19:48:56] [main/INFO] (Minecraft) [CHAT] §2§l§o[TenorClef] §cT2 [S135] S130 suppressed why=would-S130 but busy cool=14 flips=6 sameXz=66 child=CollectIronIngotTask cool=14 ban=14 hold=false pos=198,63,73 walls=4/4/4 sky=15 place=40 boxed=true hold=false cool=14 ban=14 startY=- step=0§r
[19:48:56] [main/INFO] (Minecraft) [CHAT] §2§l§o[TenorClef] §rT2 [HIST] 2:03.4 FORCE S135 S130 suppressed why=would-S130 but busy cool=14 flips=6 sameXz=66 child=CollectIronIngotTask cool=14 ban=14 hold=false pos=198,63,73 walls=4/4/4 sky=15 place=40 boxed=true hold=false cool=14 ban=14 startY=- step=0
[19:48:56] [main/INFO] (Minecraft) [STDOUT]: ALTO CLEF: WARNING: T2 [S100] stop jump-walk @198,73 ph=IRON child=CollectIronIngotTask esc=1
[19:48:56] [main/INFO] (Minecraft) [CHAT] §2§l§o[TenorClef] §cT2 [S100] stop jump-walk @198,73 ph=IRON child=CollectIronIngotTask esc=1§r
[19:48:56] [main/INFO] (Minecraft) [CHAT] §2§l§o[TenorClef] §rT2 [HIST] 2:03.4 SOLVE S100 stop jump-walk @198,73 ph=IRON child=CollectIronIngotTask esc=1
[19:48:56] [main/INFO] (Minecraft) [STDOUT]: ALTO CLEF: WARNING: T2 [S144] jump-stuck collector — replace CollectIronIngotTask with wander (esc=2)
[19:48:56] [main/INFO] (Minecraft) [CHAT] §2§l§o[TenorClef] §cT2 [S144] jump-stuck collector — replace CollectIronIngotTask with wander (esc=2)§r
[19:48:56] [main/INFO] (Minecraft) [CHAT] §2§l§o[TenorClef] §rT2 [HIST] 2:03.4 SOLVE S144 jump-stuck collector — replace CollectIronIngotTask with wander (esc=2)
[19:48:56] [main/INFO] (Minecraft) [CHAT] §2§l§o[TenorClef] §rT2 [HIST] 2:03.4 CHILD CollectIronIngotTask -> TimeoutWanderTask ph=IRON @198,63,73 sky=15 wet=false ground=false pick=0 buck=0 iron=10 rods=0 pearls=0 eyes=0
[19:48:56] [main/INFO] (Minecraft) [CHAT] §2§l§o[TenorClef] §rT2 [NOW] t=2:03.8 ph=IRON @198,63,73 do=<Wander for Infinity blocks> Exploring. eq=stone_pickaxe woodpick=1 stonepick=1 pick=0 iron=0 buck=0
[19:48:56] [pool-5-thread-4/INFO] (Minecraft) [STDOUT]: 530816 movements considered
[19:48:56] [pool-5-thread-4/INFO] (Minecraft) [STDOUT]: Open set size: 20558
[19:48:56] [pool-5-thread-4/INFO] (Minecraft) [STDOUT]: PathNode map size: 44683
[19:48:56] [pool-5-thread-4/INFO] (Minecraft) [STDOUT]: 48063 nodes per second
[19:48:56] [pool-5-thread-4/INFO] (Minecraft) [STDOUT]: Path goes for 112.4544352171136 blocks
[19:48:57] [main/INFO] (Minecraft) [STDOUT]: ALTO CLEF: WARNING: T2 [S134] pillar cool expire after flips=3 end=risen y=67 startY=63
[19:48:57] [main/INFO] (Minecraft) [CHAT] §2§l§o[TenorClef] §cT2 [S134] pillar cool expire after flips=3 end=risen y=67 startY=63§r
[19:48:57] [main/INFO] (Minecraft) [CHAT] §2§l§o[TenorClef] §rT2 [HIST] 2:04.1 FORCE S134 pillar cool expire after flips=3 end=risen y=67 startY=63
[19:48:57] [main/INFO] (Minecraft) [STDOUT]: ALTO CLEF: WARNING: T2 [S137] re-cool still-boxed@198,73 n=1 ticks=160 end=risen y=67 startY=63 pos=198,63,73 walls=4/4/4 sky=15 place=41 boxed=true hold=false cool=160 ban=160 startY=- step=0
[19:48:57] [main/INFO] (Minecraft) [CHAT] §2§l§o[TenorClef] §cT2 [S137] re-cool still-boxed@198,73 n=1 ticks=160 end=risen y=67 startY=63 pos=198,63,73 walls=4/4/4 sky=15 place=41 boxed=true hold=false cool=160 ban=160 startY=- step=0§r
[19:48:57] [main/INFO] (Minecraft) [CHAT] §2§l§o[TenorClef] §rT2 [HIST] 2:04.1 FORCE S137 re-cool still-boxed@198,73 n=1 ticks=160 end=risen y=67 startY=63 pos=198,63,73 walls=4/4/4 sky=15 place=41 boxed=true hold=false cool=160 ban=160 startY=- step=0
[19:48:57] [main/INFO] (Minecraft) [CHAT] §2§l§o[TenorClef] §rT2 [NOW] t=2:04.8 ph=IRON @198,63,73 do=<Wander for Infinity blocks> Exploring. eq=cobblestone woodpick=1 stonepick=1 pick=0 iron=0 buck=0
[19:48:58] [main/INFO] (Minecraft) [CHAT] §2§l§o[TenorClef] §rT2 [NOW] t=2:05.8 ph=IRON @198,65,74 do=<Wander for Infinity blocks> Exploring. eq=cobblestone woodpick=1 stonepick=1 pick=0 iron=0 buck=0
[19:48:58] [main/INFO] (Minecraft) [STDOUT]: ALTO CLEF: WARNING: T2 [S138] shaft ban clear left-xz ban=198,73 now=198,75 manh=2 left=123
[19:48:58] [main/INFO] (Minecraft) [CHAT] §2§l§o[TenorClef] §cT2 [S138] shaft ban clear left-xz ban=198,73 now=198,75 manh=2 left=123§r
[19:48:58] [main/INFO] (Minecraft) [CHAT] §2§l§o[TenorClef] §rT2 [HIST] 2:06.0 FORCE S138 shaft ban clear left-xz ban=198,73 now=198,75 manh=2 left=123
[19:48:59] [main/INFO] (Minecraft) [CHAT] §2§l§o[TenorClef] §rT2 [NOW] t=2:06.8 ph=IRON @201,65,77 do=<Wander for Infinity blocks> Exploring. eq=cobblestone woodpick=1 stonepick=1 pick=0 iron=0 buck=0
[19:49:00] [main/INFO] (Minecraft) [CHAT] §2§l§o[TenorClef] §rT2 [HIST] 2:07.6 SNAP ph=IRON @203,65,81 sky=15 wet=false ground=true pick=0 buck=0 iron=10 rods=0 pearls=0 eyes=0 child=TimeoutWanderTask dbg=<Wander for Infinity blocks> Exploring. mobs=none
[19:49:00] [main/INFO] (Minecraft) [CHAT] §2§l§o[TenorClef] §rT2 [NOW] t=2:07.8 ph=IRON @204,65,82 do=<Wander for Infinity blocks> Exploring. eq=cobblestone woodpick=1 stonepick=1 pick=0 iron=0 buck=0
[19:49:01] [pool-5-thread-4/INFO] (Minecraft) [STDOUT]: 772992 movements considered
[19:49:01] [pool-5-thread-4/INFO] (Minecraft) [STDOUT]: Open set size: 23036
[19:49:01] [pool-5-thread-4/INFO] (Minecraft) [STDOUT]: PathNode map size: 58167
[19:49:01] [pool-5-thread-4/INFO] (Minecraft) [STDOUT]: 70272 nodes per second
[19:49:01] [pool-5-thread-4/INFO] (Minecraft) [STDOUT]: Path goes for 103.82196299434914 blocks
[19:49:01] [pool-5-thread-4/INFO] (Minecraft) [STDOUT]: 653312 movements considered
[19:49:01] [pool-5-thread-4/INFO] (Minecraft) [STDOUT]: Open set size: 19767
[19:49:01] [pool-5-thread-4/INFO] (Minecraft) [STDOUT]: PathNode map size: 49460
[19:49:01] [pool-5-thread-4/INFO] (Minecraft) [STDOUT]: 59273 nodes per second
[19:49:01] [pool-5-thread-4/INFO] (Minecraft) [STDOUT]: Path goes for 59.06775770248944 blocks
[19:49:01] [main/INFO] (Minecraft) [CHAT] §2§l§o[TenorClef] §rT2 [NOW] t=2:08.8 ph=IRON @204,65,82 do=<Wander for Infinity blocks> Exploring. eq=cobblestone woodpick=1 stonepick=1 pick=0 iron=0 buck=0
[19:49:02] [main/INFO] (Minecraft) [CHAT] §2§l§o[TenorClef] §rT2 [NOW] t=2:09.8 ph=IRON @209,64,82 do=<Wander for Infinity blocks> Exploring. eq=cobblestone woodpick=1 stonepick=1 pick=0 iron=0 buck=0
[19:49:02] [main/INFO] (Minecraft) [CHAT] §2§l§o[TenorClef] §rT2 [HB] t=2:09.9 ph=IRON y=64 child=TimeoutWanderTask logs=1 pick=0 woodpick=1
[19:49:03] [pool-5-thread-4/INFO] (Minecraft) [STDOUT]: 529408 movements considered
[19:49:03] [pool-5-thread-4/INFO] (Minecraft) [STDOUT]: Open set size: 16106
[19:49:03] [pool-5-thread-4/INFO] (Minecraft) [STDOUT]: PathNode map size: 40170
[19:49:03] [pool-5-thread-4/INFO] (Minecraft) [STDOUT]: 48031 nodes per second
[19:49:03] [pool-5-thread-4/INFO] (Minecraft) [STDOUT]: Path goes for 54.13871073455665 blocks
[19:49:03] [main/INFO] (Minecraft) [CHAT] §2§l§o[TenorClef] §rT2 [NOW] t=2:10.8 ph=IRON @210,64,82 do=<Wander for Infinity blocks> Exploring. eq=cobblestone woodpick=1 stonepick=1 pick=0 iron=0 buck=0
[19:49:03] [pool-5-thread-4/INFO] (Minecraft) [STDOUT]: 818048 movements considered
[19:49:03] [pool-5-thread-4/INFO] (Minecraft) [STDOUT]: Open set size: 25027
[19:49:03] [pool-5-thread-4/INFO] (Minecraft) [STDOUT]: PathNode map size: 62206
[19:49:03] [pool-5-thread-4/INFO] (Minecraft) [STDOUT]: 74368 nodes per second
[19:49:03] [pool-5-thread-4/INFO] (Minecraft) [STDOUT]: Path goes for 102.17631819555841 blocks
[19:49:04] [main/INFO] (Minecraft) [CHAT] §2§l§o[TenorClef] §rT2 [HIST] 2:11.5 WHY iron: smelt 20 in one furnace
[19:49:04] [main/INFO] (Minecraft) [CHAT] §2§l§o[TenorClef] §rT2 [HIST] 2:11.5 CHILD TimeoutWanderTask -> CollectIronIngotTask ph=IRON @210,64,85 sky=15 wet=false ground=true pick=0 buck=0 iron=10 rods=0 pearls=0 eyes=0
[19:49:04] [main/INFO] (Minecraft) [CHAT] §2§l§o[TenorClef] §rMineAndCollect: equip item.minecraft.stone_pickaxe for block.minecraft.iron_ore
[19:49:04] [main/INFO] (Minecraft) [CHAT] §2§l§o[TenorClef] §rT2 [NOW] t=2:11.8 ph=IRON @209,64,86 do=<Collecting 20 iron.: [[iron_ingot] x 20]>  eq=stone_pickaxe woodpick=1 stonepick=1 pick=0 iron=0 buck=0
[19:49:04] [main/INFO] (Minecraft) [CHAT] §2§l§o[TenorClef] §rT2 [HIST] 2:12.0 SNAP ph=IRON @208,65,86 sky=15 wet=false ground=false pick=0 buck=0 iron=10 rods=0 pearls=0 eyes=0 child=CollectIronIngotTask dbg=<Collecting 20 iron.: [[iron_ingot] x 20]>  mobs=none
[19:49:05] [main/INFO] (Minecraft) [STDOUT]: ALTO CLEF: WARNING: T2 [S134] pillar cool expire after flips=3 end=risen y=67 startY=63
[19:49:05] [main/INFO] (Minecraft) [CHAT] §2§l§o[TenorClef] §cT2 [S134] pillar cool expire after flips=3 end=risen y=67 startY=63§r
[19:49:05] [main/INFO] (Minecraft) [CHAT] §2§l§o[TenorClef] §rT2 [HIST] 2:12.1 FORCE S134 pillar cool expire after flips=3 end=risen y=67 startY=63
[19:49:05] [main/INFO] (Minecraft) [STDOUT]: ALTO CLEF: WARNING: T2 [S138] shaft ban clear left-xz ban=198,73 now=208,86 manh=23 left=60
[19:49:05] [main/INFO] (Minecraft) [CHAT] §2§l§o[TenorClef] §cT2 [S138] shaft ban clear left-xz ban=198,73 now=208,86 manh=23 left=60§r
[19:49:05] [main/INFO] (Minecraft) [CHAT] §2§l§o[TenorClef] §rT2 [HIST] 2:12.2 FORCE S138 shaft ban clear left-xz ban=198,73 now=208,86 manh=23 left=60
[19:49:05] [main/INFO] (Minecraft) [CHAT] §2§l§o[TenorClef] §rRefreshed inventory...
[19:49:05] [main/INFO] (Minecraft) [CHAT] §2§l§o[TenorClef] §rT2 [NOW] t=2:12.8 ph=IRON @207,65,86 do=<Collecting 20 iron.: [[iron_ingot] x 20]>  eq=cobblestone woodpick=1 stonepick=1 pick=0 iron=0 buck=0
[19:49:06] [main/INFO] (Minecraft) [CHAT] §2§l§o[TenorClef] §rT2 [NOW] t=2:13.8 ph=IRON @207,64,86 do=<Collecting 20 iron.: [[iron_ingot] x 20]>  eq=cobblestone woodpick=1 stonepick=1 pick=0 iron=0 buck=0
[19:49:07] [main/INFO] (Minecraft) [STDOUT]: ALTO CLEF: WARNING: T2 [S130] START trigger=flips=3 ph=IRON prev=CollectIronIngotTask cycle=1 pos=207,63,86 walls=4/4/4 sky=15 place=43 boxed=true hold=false cool=0 ban=0 startY=63 step=0
[19:49:07] [main/INFO] (Minecraft) [CHAT] §2§l§o[TenorClef] §cT2 [S130] START trigger=flips=3 ph=IRON prev=CollectIronIngotTask cycle=1 pos=207,63,86 walls=4/4/4 sky=15 place=43 boxed=true hold=false cool=0 ban=0 startY=63 step=0§r
[19:49:07] [main/INFO] (Minecraft) [CHAT] §2§l§o[TenorClef] §rT2 [HIST] 2:14.5 FORCE S130 START trigger=flips=3 ph=IRON prev=CollectIronIngotTask cycle=1 pos=207,63,86 walls=4/4/4 sky=15 place=43 boxed=true hold=false cool=0 ban=0 startY=63 step=0
[19:49:07] [main/INFO] (Minecraft) [CHAT] §2§l§o[TenorClef] §rT2 [HIST] 2:14.5 PILLAR START flips=3 prev=CollectIronIngotTask
[19:49:07] [main/INFO] (Minecraft) [CHAT] §2§l§o[TenorClef] §rT2 [HIST] 2:14.5 SOLVE S130 pillar-out @207,63,86 ph=IRON flips=3
[19:49:07] [main/INFO] (Minecraft) [CHAT] §2§l§o[TenorClef] §rT2 [HIST] 2:14.5 CHILD CollectIronIngotTask -> HolePillarTask ph=IRON @207,63,86 sky=15 wet=false ground=false pick=0 buck=0 iron=10 rods=0 pearls=0 eyes=0
[19:49:07] [main/INFO] (Minecraft) [STDOUT]: ALTO CLEF: WARNING: T2 [S130] tick y=63 slot=0 air=true pos=207,63,86 walls=4/4/4 sky=15 place=43 boxed=true hold=true cool=0 ban=0 startY=63 step=1
[19:49:07] [main/INFO] (Minecraft) [CHAT] §2§l§o[TenorClef] §cT2 [S130] tick y=63 slot=0 air=true pos=207,63,86 walls=4/4/4 sky=15 place=43 boxed=true hold=true cool=0 ban=0 startY=63 step=1§r
[19:49:07] [main/INFO] (Minecraft) [CHAT] §2§l§o[TenorClef] §rT2 [HIST] 2:14.5 FORCE S130 tick y=63 slot=0 air=true pos=207,63,86 walls=4/4/4 sky=15 place=43 boxed=true hold=true cool=0 ban=0 startY=63 step=1
[19:49:07] [main/INFO] (Minecraft) [CHAT] §2§l§o[TenorClef] §rT2 [HIST] 2:14.5 SNAP ph=IRON @207,63,86 sky=15 wet=false ground=false pick=0 buck=0 iron=10 rods=0 pearls=0 eyes=0 child=HolePillarTask dbg=<T2 pillar-out>  mobs=none
[19:49:07] [main/INFO] (Minecraft) [CHAT] §2§l§o[TenorClef] §rT2 [NOW] t=2:14.8 ph=IRON @207,64,86 do=<T2 pillar-out>  eq=cobblestone woodpick=1 stonepick=1 pick=0 iron=0 buck=0
[19:49:08] [main/INFO] (Minecraft) [STDOUT]: ALTO CLEF: WARNING: T2 [S130] tick y=65 slot=0 air=true pos=207,65,86 walls=0/0/4 sky=15 place=42 boxed=false hold=true cool=0 ban=0 startY=63 step=21
[19:49:08] [main/INFO] (Minecraft) [CHAT] §2§l§o[TenorClef] §cT2 [S130] tick y=65 slot=0 air=true pos=207,65,86 walls=0/0/4 sky=15 place=42 boxed=false hold=true cool=0 ban=0 startY=63 step=21§r
[19:49:08] [main/INFO] (Minecraft) [CHAT] §2§l§o[TenorClef] §rT2 [HIST] 2:15.5 FORCE S130 tick y=65 slot=0 air=true pos=207,65,86 walls=0/0/4 sky=15 place=42 boxed=false hold=true cool=0 ban=0 startY=63 step=21
[19:49:08] [main/INFO] (Minecraft) [CHAT] §2§l§o[TenorClef] §rT2 [NOW] t=2:15.8 ph=IRON @207,66,86 do=<T2 pillar-out>  eq=cobblestone woodpick=1 stonepick=1 pick=0 iron=0 buck=0
[19:49:09] [main/INFO] (Minecraft) [STDOUT]: ALTO CLEF: WARNING: T2 [E100] jumps=11 @207,67,86 ph=IRON child=HolePillarTask
[19:49:09] [main/INFO] (Minecraft) [CHAT] §2§l§o[TenorClef] §cT2 [E100] jumps=11 @207,67,86 ph=IRON child=HolePillarTask§r
[19:49:09] [main/INFO] (Minecraft) [CHAT] §2§l§o[TenorClef] §rT2 [HIST] 2:16.3 [E100] jumps=11 @207,67,86 ph=IRON child=HolePillarTask
[19:49:09] [main/INFO] (Minecraft) [STDOUT]: ALTO CLEF: WARNING: T2 [S139] rise confirmed +4y y=67 startY=63 pos=207,67,86 walls=0/0/0 sky=15 place=41 boxed=false hold=true cool=0 ban=0 startY=63 step=37
[19:49:09] [main/INFO] (Minecraft) [CHAT] §2§l§o[TenorClef] §cT2 [S139] rise confirmed +4y y=67 startY=63 pos=207,67,86 walls=0/0/0 sky=15 place=41 boxed=false hold=true cool=0 ban=0 startY=63 step=37§r
[19:49:09] [main/INFO] (Minecraft) [CHAT] §2§l§o[TenorClef] §rT2 [HIST] 2:16.3 FORCE S139 rise confirmed +4y y=67 startY=63 pos=207,67,86 walls=0/0/0 sky=15 place=41 boxed=false hold=true cool=0 ban=0 startY=63 step=37
[19:49:09] [main/INFO] (Minecraft) [STDOUT]: ALTO CLEF: WARNING: T2 [S133] cool arm ticks=80 reason=risen y=67 startY=63 ban=207,86 pos=207,67,86 walls=0/0/0 sky=15 place=41 boxed=false hold=true cool=80 ban=80 startY=63 step=37
[19:49:09] [main/INFO] (Minecraft) [CHAT] §2§l§o[TenorClef] §cT2 [S133] cool arm ticks=80 reason=risen y=67 startY=63 ban=207,86 pos=207,67,86 walls=0/0/0 sky=15 place=41 boxed=false hold=true cool=80 ban=80 startY=63 step=37§r
[19:49:09] [main/INFO] (Minecraft) [CHAT] §2§l§o[TenorClef] §rT2 [HIST] 2:16.3 FORCE S133 cool arm ticks=80 reason=risen y=67 startY=63 ban=207,86 pos=207,67,86 walls=0/0/0 sky=15 place=41 boxed=false hold=true cool=80 ban=80 startY=63 step=37
[19:49:09] [main/INFO] (Minecraft) [STDOUT]: ALTO CLEF: WARNING: T2 [S136] END reason=risen y=67 startY=63 roseReal=true giveUp=true pos=207,67,86 walls=0/0/0 sky=15 place=41 boxed=false hold=true cool=80 ban=80 startY=63 step=37
[19:49:09] [main/INFO] (Minecraft) [CHAT] §2§l§o[TenorClef] §cT2 [S136] END reason=risen y=67 startY=63 roseReal=true giveUp=true pos=207,67,86 walls=0/0/0 sky=15 place=41 boxed=false hold=true cool=80 ban=80 startY=63 step=37§r
[19:49:09] [main/INFO] (Minecraft) [CHAT] §2§l§o[TenorClef] §rT2 [HIST] 2:16.3 FORCE S136 END reason=risen y=67 startY=63 roseReal=true giveUp=true pos=207,67,86 walls=0/0/0 sky=15 place=41 boxed=false hold=true cool=80 ban=80 startY=63 step=37
[19:49:09] [main/INFO] (Minecraft) [CHAT] §2§l§o[TenorClef] §rT2 [HIST] 2:16.3 PILLAR END risen y=67 startY=63
[19:49:09] [main/INFO] (Minecraft) [CHAT] §2§l§o[TenorClef] §rT2 [HIST] 2:16.4 WHY iron: smelt 20 in one furnace
[19:49:09] [main/INFO] (Minecraft) [STDOUT]: ALTO CLEF: WARNING: T2 [S136] stick drop pillar -> CollectIronIngotTask finished=true hold=false cool=79 end=risen y=67 startY=63 pos=207,67,86 walls=0/0/0 sky=15 place=41 boxed=false hold=false cool=79 ban=79 startY=- step=0
[19:49:09] [main/INFO] (Minecraft) [CHAT] §2§l§o[TenorClef] §cT2 [S136] stick drop pillar -> CollectIronIngotTask finished=true hold=false cool=79 end=risen y=67 startY=63 pos=207,67,86 walls=0/0/0 sky=15 place=41 boxed=false hold=false cool=79 ban=79 startY=- step=0§r
[19:49:09] [main/INFO] (Minecraft) [CHAT] §2§l§o[TenorClef] §rT2 [HIST] 2:16.4 FORCE S136 stick drop pillar -> CollectIronIngotTask finished=true hold=false cool=79 end=risen y=67 startY=63 pos=207,67,86 walls=0/0/0 sky=15 place=41 boxed=false hold=false cool=79 ban=79 startY=- step=0
[19:49:09] [main/INFO] (Minecraft) [CHAT] §2§l§o[TenorClef] §rT2 [HIST] 2:16.4 CHILD HolePillarTask -> CollectIronIngotTask ph=IRON @207,67,86 sky=15 wet=false ground=false pick=0 buck=0 iron=10 rods=0 pearls=0 eyes=0
[19:49:09] [main/INFO] (Minecraft) [STDOUT]: ALTO CLEF: WARNING: T2 [S136] onStop interrupt=CollectIronIngotTask finishWhy=givingUp cool=79 lastEnd=risen y=67 startY=63 pos=207,67,86 walls=0/0/0 sky=15 place=41 boxed=false hold=false cool=79 ban=79 startY=- step=0
[19:49:09] [main/INFO] (Minecraft) [CHAT] §2§l§o[TenorClef] §cT2 [S136] onStop interrupt=CollectIronIngotTask finishWhy=givingUp cool=79 lastEnd=risen y=67 startY=63 pos=207,67,86 walls=0/0/0 sky=15 place=41 boxed=false hold=false cool=79 ban=79 startY=- step=0§r
[19:49:09] [main/INFO] (Minecraft) [CHAT] §2§l§o[TenorClef] §rT2 [HIST] 2:16.4 FORCE S136 onStop interrupt=CollectIronIngotTask finishWhy=givingUp cool=79 lastEnd=risen y=67 startY=63 pos=207,67,86 walls=0/0/0 sky=15 place=41 boxed=false hold=false cool=79 ban=79 startY=- step=0
[19:49:09] [main/INFO] (Minecraft) [CHAT] §2§l§o[TenorClef] §rMineAndCollect: equip item.minecraft.stone_pickaxe for block.minecraft.iron_ore
[19:49:09] [main/INFO] (Minecraft) [CHAT] §2§l§o[TenorClef] §rT2 [HB] t=2:16.6 ph=IRON y=66 child=CollectIronIngotTask logs=1 pick=0 woodpick=1
[19:49:09] [main/INFO] (Minecraft) [CHAT] §2§l§o[TenorClef] §rT2 [NOW] t=2:16.8 ph=IRON @207,66,86 do=<Collecting 20 iron.: [[iron_ingot] x 20]>  eq=stone_pickaxe woodpick=1 stonepick=1 pick=0 iron=0 buck=0
[19:49:10] [main/INFO] (Minecraft) [CHAT] §2§l§o[TenorClef] §rT2 [NOW] t=2:17.8 ph=IRON @207,65,86 do=<Collecting 20 iron.: [[iron_ingot] x 20]>  eq=stone_pickaxe woodpick=1 stonepick=1 pick=0 iron=0 buck=0
[19:49:10] [main/INFO] (Minecraft) [CHAT] §2§l§o[TenorClef] §rT2 [HIST] 2:17.9 SNAP ph=IRON @207,65,86 sky=15 wet=false ground=true pick=0 buck=0 iron=10 rods=0 pearls=0 eyes=0 child=CollectIronIngotTask dbg=<Collecting 20 iron.: [[iron_ingot] x 20]>  mobs=none
[19:49:11] [main/INFO] (Minecraft) [CHAT] §2§l§o[TenorClef] §rT2 [NOW] t=2:18.8 ph=IRON @207,64,86 do=<Collecting 20 iron.: [[iron_ingot] x 20]>  eq=stone_pickaxe woodpick=1 stonepick=1 pick=0 iron=0 buck=0
[19:49:12] [main/INFO] (Minecraft) [CHAT] §2§l§o[TenorClef] §rT2 [HIST] 2:19.6 [E100] jumps=6 @207,63,86 ph=IRON child=CollectIronIngotTask
[19:49:12] [main/INFO] (Minecraft) [STDOUT]: ALTO CLEF: WARNING: T2 [S135] S130 suppressed why=would-S130 but busy cool=14 flips=6 sameXz=66 child=CollectIronIngotTask cool=14 ban=14 hold=false pos=207,63,86 walls=4/4/4 sky=15 place=43 boxed=true hold=false cool=14 ban=14 startY=- step=0
[19:49:12] [main/INFO] (Minecraft) [CHAT] §2§l§o[TenorClef] §cT2 [S135] S130 suppressed why=would-S130 but busy cool=14 flips=6 sameXz=66 child=CollectIronIngotTask cool=14 ban=14 hold=false pos=207,63,86 walls=4/4/4 sky=15 place=43 boxed=true hold=false cool=14 ban=14 startY=- step=0§r
[19:49:12] [main/INFO] (Minecraft) [CHAT] §2§l§o[TenorClef] §rT2 [HIST] 2:19.6 FORCE S135 S130 suppressed why=would-S130 but busy cool=14 flips=6 sameXz=66 child=CollectIronIngotTask cool=14 ban=14 hold=false pos=207,63,86 walls=4/4/4 sky=15 place=43 boxed=true hold=false cool=14 ban=14 startY=- step=0
[19:49:12] [main/INFO] (Minecraft) [STDOUT]: ALTO CLEF: WARNING: T2 [S100] stop jump-walk @207,86 ph=IRON child=CollectIronIngotTask esc=0
[19:49:12] [main/INFO] (Minecraft) [CHAT] §2§l§o[TenorClef] §cT2 [S100] stop jump-walk @207,86 ph=IRON child=CollectIronIngotTask esc=0§r
[19:49:12] [main/INFO] (Minecraft) [CHAT] §2§l§o[TenorClef] §rT2 [HIST] 2:19.6 SOLVE S100 stop jump-walk @207,86 ph=IRON child=CollectIronIngotTask esc=0
[19:49:12] [main/INFO] (Minecraft) [CHAT] §2§l§o[TenorClef] §rMineAndCollect: equip item.minecraft.stone_pickaxe for block.minecraft.iron_ore
[19:49:12] [main/INFO] (Minecraft) [CHAT] §2§l§o[TenorClef] §rT2 [NOW] t=2:19.8 ph=IRON @207,63,86 do=<Collecting 20 iron.: [[iron_ingot] x 20]>  eq=cobblestone woodpick=1 stonepick=1 pick=0 iron=0 buck=0
[19:49:12] [main/INFO] (Minecraft) [CHAT] §2§l§o[TenorClef] §rMineAndCollect: equip item.minecraft.stone_pickaxe for block.minecraft.iron_ore
[19:49:12] [main/INFO] (Minecraft) [CHAT] §2§l§o[TenorClef] §rMineAndCollect: equip item.minecraft.stone_pickaxe for block.minecraft.iron_ore
[19:49:12] [main/INFO] (Minecraft) [STDOUT]: ALTO CLEF: WARNING: T2 [S109] equip pick for mining (was holding cobblestone)
[19:49:12] [main/INFO] (Minecraft) [CHAT] §2§l§o[TenorClef] §cT2 [S109] equip pick for mining (was holding cobblestone)§r
[19:49:12] [main/INFO] (Minecraft) [CHAT] §2§l§o[TenorClef] §rT2 [HIST] 2:20.0 SOLVE S109 equip pick for mining (was holding cobblestone)
[19:49:12] [main/INFO] (Minecraft) [CHAT] §2§l§o[TenorClef] §rMineAndCollect: equip item.minecraft.stone_pickaxe for block.minecraft.iron_ore
[19:49:13] [main/INFO] (Minecraft) [CHAT] §2§l§o[TenorClef] §rMineAndCollect: equip item.minecraft.stone_pickaxe for block.minecraft.iron_ore
[19:49:13] [main/INFO] (Minecraft) [CHAT] §2§l§o[TenorClef] §rMineAndCollect: equip item.minecraft.stone_pickaxe for block.minecraft.iron_ore
[19:49:13] [main/INFO] (Minecraft) [STDOUT]: ALTO CLEF: WARNING: T2 [S134] pillar cool expire after flips=3 end=risen y=67 startY=63
[19:49:13] [main/INFO] (Minecraft) [CHAT] §2§l§o[TenorClef] §cT2 [S134] pillar cool expire after flips=3 end=risen y=67 startY=63§r
[19:49:13] [main/INFO] (Minecraft) [CHAT] §2§l§o[TenorClef] §rT2 [HIST] 2:20.3 FORCE S134 pillar cool expire after flips=3 end=risen y=67 startY=63
[19:49:13] [main/INFO] (Minecraft) [STDOUT]: ALTO CLEF: WARNING: T2 [S137] re-cool still-boxed@207,86 n=1 ticks=160 end=risen y=67 startY=63 pos=207,63,86 walls=4/4/4 sky=15 place=44 boxed=true hold=false cool=160 ban=160 startY=- step=0
[19:49:13] [main/INFO] (Minecraft) [CHAT] §2§l§o[TenorClef] §cT2 [S137] re-cool still-boxed@207,86 n=1 ticks=160 end=risen y=67 startY=63 pos=207,63,86 walls=4/4/4 sky=15 place=44 boxed=true hold=false cool=160 ban=160 startY=- step=0§r
[19:49:13] [main/INFO] (Minecraft) [CHAT] §2§l§o[TenorClef] §rT2 [HIST] 2:20.3 FORCE S137 re-cool still-boxed@207,86 n=1 ticks=160 end=risen y=67 startY=63 pos=207,63,86 walls=4/4/4 sky=15 place=44 boxed=true hold=false cool=160 ban=160 startY=- step=0
[19:49:13] [main/INFO] (Minecraft) [CHAT] §2§l§o[TenorClef] §rMineAndCollect: equip item.minecraft.stone_pickaxe for block.minecraft.iron_ore
[19:49:13] [main/INFO] (Minecraft) [CHAT] §2§l§o[TenorClef] §rT2 [HIST] 2:20.4 WHY iron: smelt 20 in one furnace
[19:49:13] [main/INFO] (Minecraft) [CHAT] §2§l§o[TenorClef] §rT2 [HIST] 2:20.4 SNAP ph=IRON @207,63,86 sky=15 wet=false ground=true pick=0 buck=0 iron=10 rods=0 pearls=0 eyes=0 child=CollectIronIngotTask dbg=<Collecting 20 iron.: [[iron_ingot] x 20]>  mobs=none
[19:49:13] [main/INFO] (Minecraft) [CHAT] §2§l§o[TenorClef] §rMineAndCollect: equip item.minecraft.stone_pickaxe for block.minecraft.iron_ore
[19:49:13] [main/INFO] (Minecraft) [CHAT] §2§l§o[TenorClef] §rMineAndCollect: equip item.minecraft.stone_pickaxe for block.minecraft.iron_ore
[19:49:13] [main/INFO] (Minecraft) [CHAT] §2§l§o[TenorClef] §rMineAndCollect: equip item.minecraft.stone_pickaxe for block.minecraft.iron_ore
[19:49:13] [main/INFO] (Minecraft) [CHAT] §2§l§o[TenorClef] §rMineAndCollect: equip item.minecraft.stone_pickaxe for block.minecraft.iron_ore
[19:49:13] [main/INFO] (Minecraft) [CHAT] §2§l§o[TenorClef] §rT2 [NOW] t=2:20.8 ph=IRON @207,62,86 do=<Collecting 20 iron.: [[iron_ingot] x 20]>  eq=cobblestone woodpick=1 stonepick=1 pick=0 iron=0 buck=0
[19:49:13] [main/INFO] (Minecraft) [CHAT] §2§l§o[TenorClef] §rMineAndCollect: equip item.minecraft.stone_pickaxe for block.minecraft.iron_ore
[19:49:13] [main/INFO] (Minecraft) [CHAT] §2§l§o[TenorClef] §rMineAndCollect: equip item.minecraft.stone_pickaxe for block.minecraft.iron_ore
[19:49:13] [main/INFO] (Minecraft) [CHAT] §2§l§o[TenorClef] §rMineAndCollect: equip item.minecraft.stone_pickaxe for block.minecraft.iron_ore
[19:49:14] [main/INFO] (Minecraft) [CHAT] §2§l§o[TenorClef] §rMineAndCollect: equip item.minecraft.stone_pickaxe for block.minecraft.iron_ore
[19:49:14] [main/INFO] (Minecraft) [CHAT] §2§l§o[TenorClef] §rMineAndCollect: equip item.minecraft.stone_pickaxe for block.minecraft.iron_ore
[19:49:14] [main/INFO] (Minecraft) [CHAT] §2§l§o[TenorClef] §rMineAndCollect: equip item.minecraft.stone_pickaxe for block.minecraft.iron_ore
[19:49:14] [main/INFO] (Minecraft) [CHAT] §2§l§o[TenorClef] §rMineAndCollect: equip item.minecraft.stone_pickaxe for block.minecraft.iron_ore
[19:49:14] [main/INFO] (Minecraft) [CHAT] §2§l§o[TenorClef] §rMineAndCollect: equip item.minecraft.stone_pickaxe for block.minecraft.iron_ore
[19:49:14] [main/INFO] (Minecraft) [CHAT] §2§l§o[TenorClef] §rT2 [HB] t=2:21.6 ph=IRON y=62 child=CollectIronIngotTask logs=1 pick=0 woodpick=1
[19:49:14] [main/INFO] (Minecraft) [CHAT] §2§l§o[TenorClef] §rMineAndCollect: equip item.minecraft.stone_pickaxe for block.minecraft.iron_ore
[19:49:14] [main/INFO] (Minecraft) [STDOUT]: ALTO CLEF: WARNING: T2 [S135] S130 suppressed why=would-S130 but busy cool=132 flips=3 sameXz=29 child=CollectIronIngotTask cool=132 ban=132 hold=false pos=207,61,86 walls=4/4/4 sky=15 place=45 boxed=true hold=false cool=132 ban=132 startY=- step=0
[19:49:14] [main/INFO] (Minecraft) [CHAT] §2§l§o[TenorClef] §cT2 [S135] S130 suppressed why=would-S130 but busy cool=132 flips=3 sameXz=29 child=CollectIronIngotTask cool=132 ban=132 hold=false pos=207,61,86 walls=4/4/4 sky=15 place=45 boxed=true hold=false cool=132 ban=132 startY=- step=0§r
[19:49:14] [main/INFO] (Minecraft) [CHAT] §2§l§o[TenorClef] §rT2 [HIST] 2:21.7 FORCE S135 S130 suppressed why=would-S130 but busy cool=132 flips=3 sameXz=29 child=CollectIronIngotTask cool=132 ban=132 hold=false pos=207,61,86 walls=4/4/4 sky=15 place=45 boxed=true hold=false cool=132 ban=132 startY=- step=0
[19:49:14] [main/INFO] (Minecraft) [CHAT] §2§l§o[TenorClef] §rMineAndCollect: equip item.minecraft.stone_pickaxe for block.minecraft.iron_ore
[19:49:14] [main/INFO] (Minecraft) [CHAT] §2§l§o[TenorClef] §rT2 [NOW] t=2:21.8 ph=IRON @207,61,86 do=<Collecting 20 iron.: [[iron_ingot] x 20]>  eq=stone_pickaxe woodpick=1 stonepick=1 pick=0 iron=0 buck=0
[19:49:15] [main/INFO] (Minecraft) [CHAT] §2§l§o[TenorClef] §rT2 [NOW] t=2:22.8 ph=IRON @207,61,86 do=<Collecting 20 iron.: [[iron_ingot] x 20]>  eq=stone_pickaxe woodpick=1 stonepick=1 pick=0 iron=0 buck=0
[19:49:15] [main/INFO] (Minecraft) [CHAT] §2§l§o[TenorClef] §rT2 [HIST] 2:22.9 SNAP ph=IRON @207,61,86 sky=15 wet=false ground=true pick=0 buck=0 iron=10 rods=0 pearls=0 eyes=0 child=CollectIronIngotTask dbg=<Collecting 20 iron.: [[iron_ingot] x 20]>  mobs=none
[19:49:16] [main/INFO] (Minecraft) [STDOUT]: ALTO CLEF: WARNING: T2 [E100] jumps=6 @207,60,86 ph=IRON child=CollectIronIngotTask
[19:49:16] [main/INFO] (Minecraft) [CHAT] §2§l§o[TenorClef] §cT2 [E100] jumps=6 @207,60,86 ph=IRON child=CollectIronIngotTask§r
[19:49:16] [main/INFO] (Minecraft) [CHAT] §2§l§o[TenorClef] §rT2 [HIST] 2:23.3 [E100] jumps=6 @207,60,86 ph=IRON child=CollectIronIngotTask
[19:49:16] [main/INFO] (Minecraft) [CHAT] §2§l§o[TenorClef] §rT2 [HIST] 2:23.5 SOLVE S100 stop jump-walk @207,86 ph=IRON child=CollectIronIngotTask esc=1
[19:49:16] [main/INFO] (Minecraft) [STDOUT]: ALTO CLEF: WARNING: T2 [S144] jump-stuck collector — replace CollectIronIngotTask with wander (esc=2)
[19:49:16] [main/INFO] (Minecraft) [CHAT] §2§l§o[TenorClef] §cT2 [S144] jump-stuck collector — replace CollectIronIngotTask with wander (esc=2)§r
[19:49:16] [main/INFO] (Minecraft) [CHAT] §2§l§o[TenorClef] §rT2 [HIST] 2:23.5 SOLVE S144 jump-stuck collector — replace CollectIronIngotTask with wander (esc=2)
[19:49:16] [main/INFO] (Minecraft) [CHAT] §2§l§o[TenorClef] §rT2 [HIST] 2:23.5 CHILD CollectIronIngotTask -> TimeoutWanderTask ph=IRON @207,60,86 sky=15 wet=false ground=true pick=0 buck=0 iron=10 rods=0 pearls=0 eyes=0
[19:49:16] [main/INFO] (Minecraft) [CHAT] §2§l§o[TenorClef] §rT2 [NOW] t=2:23.8 ph=IRON @207,60,86 do=<Wander for Infinity blocks> Exploring. eq=stone_pickaxe woodpick=1 stonepick=1 pick=0 iron=0 buck=0
[19:49:16] [pool-5-thread-4/INFO] (Minecraft) [STDOUT]: 823680 movements considered
[19:49:16] [pool-5-thread-4/INFO] (Minecraft) [STDOUT]: Open set size: 26047
[19:49:16] [pool-5-thread-4/INFO] (Minecraft) [STDOUT]: PathNode map size: 63482
[19:49:16] [pool-5-thread-4/INFO] (Minecraft) [STDOUT]: 74730 nodes per second
[19:49:16] [pool-5-thread-4/INFO] (Minecraft) [STDOUT]: Path goes for 98.49365461794989 blocks
[19:49:17] [main/INFO] (Minecraft) [CHAT] §2§l§o[TenorClef] §rT2 [NOW] t=2:24.8 ph=IRON @207,62,86 do=<Wander for Infinity blocks> Exploring. eq=dirt woodpick=1 stonepick=1 pick=0 iron=0 buck=0
[19:49:18] [main/INFO] (Minecraft) [CHAT] §2§l§o[TenorClef] §rT2 [NOW] t=2:25.8 ph=IRON @207,62,86 do=<Wander for Infinity blocks> Exploring. eq=cobblestone woodpick=1 stonepick=1 pick=0 iron=0 buck=0
[19:49:19] [main/INFO] (Minecraft) [CHAT] §2§l§o[TenorClef] §rT2 [NOW] t=2:26.8 ph=IRON @207,62,86 do=<Wander for Infinity blocks> Exploring. eq=cobblestone woodpick=1 stonepick=1 pick=0 iron=0 buck=0
[19:49:20] [main/INFO] (Minecraft) [CHAT] §2§l§o[TenorClef] §rT2 [HIST] 2:27.2 [E100] jumps=6 @207,62,86 ph=IRON child=TimeoutWanderTask
[19:49:20] [main/INFO] (Minecraft) [CHAT] §2§l§o[TenorClef] §rT2 [HIST] 2:27.3 SNAP ph=IRON @207,63,86 sky=15 wet=false ground=false pick=0 buck=0 iron=11 rods=0 pearls=0 eyes=0 child=TimeoutWanderTask dbg=<Wander for Infinity blocks> Exploring. mobs=none
[19:49:20] [main/INFO] (Minecraft) [CHAT] §2§l§o[TenorClef] §rT2 [NOW] t=2:27.8 ph=IRON @208,64,86 do=<Wander for Infinity blocks> Exploring. eq=cobblestone woodpick=1 stonepick=1 pick=0 iron=0 buck=0
[19:49:20] [main/INFO] (Minecraft) [STDOUT]: ALTO CLEF: WARNING: T2 [S138] shaft ban clear left-xz ban=207,86 now=209,86 manh=2 left=7
[19:49:20] [main/INFO] (Minecraft) [CHAT] §2§l§o[TenorClef] §cT2 [S138] shaft ban clear left-xz ban=207,86 now=209,86 manh=2 left=7§r
[19:49:20] [main/INFO] (Minecraft) [CHAT] §2§l§o[TenorClef] §rT2 [HIST] 2:28.0 FORCE S138 shaft ban clear left-xz ban=207,86 now=209,86 manh=2 left=7
[19:49:21] [main/INFO] (Minecraft) [STDOUT]: ALTO CLEF: WARNING: T2 [S134] pillar cool expire after flips=3 end=risen y=67 startY=63
[19:49:21] [main/INFO] (Minecraft) [CHAT] §2§l§o[TenorClef] §cT2 [S134] pillar cool expire after flips=3 end=risen y=67 startY=63§r
[19:49:21] [main/INFO] (Minecraft) [CHAT] §2§l§o[TenorClef] §rT2 [HIST] 2:28.3 FORCE S134 pillar cool expire after flips=3 end=risen y=67 startY=63
[19:49:21] [main/INFO] (Minecraft) [STDOUT]: ALTO CLEF: WARNING: T2 [S138] shaft ban clear left-xz ban=207,86 now=210,87 manh=4 left=60
[19:49:21] [main/INFO] (Minecraft) [CHAT] §2§l§o[TenorClef] §cT2 [S138] shaft ban clear left-xz ban=207,86 now=210,87 manh=4 left=60§r
[19:49:21] [main/INFO] (Minecraft) [CHAT] §2§l§o[TenorClef] §rT2 [HIST] 2:28.4 FORCE S138 shaft ban clear left-xz ban=207,86 now=210,87 manh=4 left=60
[19:49:21] [main/INFO] (Minecraft) [CHAT] §2§l§o[TenorClef] §rT2 [NOW] t=2:28.8 ph=IRON @210,64,89 do=<Wander for Infinity blocks> Exploring. eq=cobblestone woodpick=1 stonepick=1 pick=0 iron=0 buck=0
[19:49:22] [main/INFO] (Minecraft) [CHAT] §2§l§o[TenorClef] §rT2 [HB] t=2:29.7 ph=IRON y=64 child=TimeoutWanderTask logs=1 pick=0 woodpick=1
[19:49:22] [main/INFO] (Minecraft) [CHAT] §2§l§o[TenorClef] §rT2 [NOW] t=2:29.8 ph=IRON @210,64,95 do=<Wander for Infinity blocks> Exploring. eq=cobblestone woodpick=1 stonepick=1 pick=0 iron=0 buck=0
[19:49:23] [main/INFO] (Minecraft) [CHAT] §2§l§o[TenorClef] §rT2 [NOW] t=2:30.8 ph=IRON @209,64,99 do=<Wander for Infinity blocks> Exploring. eq=cobblestone woodpick=1 stonepick=1 pick=0 iron=0 buck=0
[19:49:23] [pool-5-thread-4/INFO] (Minecraft) [STDOUT]: 627968 movements considered
[19:49:23] [pool-5-thread-4/INFO] (Minecraft) [STDOUT]: Open set size: 19855
[19:49:23] [pool-5-thread-4/INFO] (Minecraft) [STDOUT]: PathNode map size: 48394
[19:49:23] [pool-5-thread-4/INFO] (Minecraft) [STDOUT]: 56974 nodes per second
[19:49:23] [pool-5-thread-4/INFO] (Minecraft) [STDOUT]: Path goes for 86.20904824900923 blocks
[19:49:24] [pool-5-thread-4/INFO] (Minecraft) [STDOUT]: 826496 movements considered
[19:49:24] [pool-5-thread-4/INFO] (Minecraft) [STDOUT]: Open set size: 25946
[19:49:24] [pool-5-thread-4/INFO] (Minecraft) [STDOUT]: PathNode map size: 63509
[19:49:24] [pool-5-thread-4/INFO] (Minecraft) [STDOUT]: 75136 nodes per second
[19:49:24] [pool-5-thread-4/INFO] (Minecraft) [STDOUT]: Path goes for 170.0470523119998 blocks
[19:49:24] [main/INFO] (Minecraft) [CHAT] §2§l§o[TenorClef] §rT2 [HIST] 2:31.6 WHY iron: smelt 22 in one furnace
[19:49:24] [main/INFO] (Minecraft) [CHAT] §2§l§o[TenorClef] §rT2 [HIST] 2:31.6 CHILD TimeoutWanderTask -> CollectIronIngotTask ph=IRON @210,64,98 sky=15 wet=false ground=true pick=0 buck=0 iron=11 rods=0 pearls=0 eyes=0
[19:49:24] [main/INFO] (Minecraft) [CHAT] §2§l§o[TenorClef] §rT2 [NOW] t=2:31.8 ph=IRON @209,64,98 do=<Collecting 22 iron.: [[iron_ingot] x 22]>  eq=stone_pickaxe woodpick=1 stonepick=1 pick=0 iron=0 buck=0
[19:49:24] [main/INFO] (Minecraft) [CHAT] §2§l§o[TenorClef] §rT2 [HIST] 2:31.9 SNAP ph=IRON @209,64,98 sky=15 wet=false ground=true pick=0 buck=0 iron=11 rods=0 pearls=0 eyes=0 child=CollectIronIngotTask dbg=<Collecting 22 iron.: [[iron_ingot] x 22]>  mobs=none
[19:49:25] [main/INFO] (Minecraft) [CHAT] §2§l§o[TenorClef] §rT2 [NOW] t=2:32.8 ph=IRON @207,64,98 do=<Collecting 22 iron.: [[iron_ingot] x 22]>  eq=cobblestone woodpick=1 stonepick=1 pick=0 iron=0 buck=0
[19:49:26] [main/INFO] (Minecraft) [CHAT] §2§l§o[TenorClef] §rT2 [NOW] t=2:33.8 ph=IRON @207,63,98 do=<Collecting 22 iron.: [[iron_ingot] x 22]>  eq=cobblestone woodpick=1 stonepick=1 pick=0 iron=0 buck=0
[19:49:27] [main/INFO] (Minecraft) [STDOUT]: ALTO CLEF: WARNING: T2 [S130] START trigger=flips=3 ph=IRON prev=CollectIronIngotTask cycle=1 pos=207,62,98 walls=4/4/4 sky=15 place=47 boxed=true hold=false cool=0 ban=0 startY=62 step=0
[19:49:27] [main/INFO] (Minecraft) [CHAT] §2§l§o[TenorClef] §cT2 [S130] START trigger=flips=3 ph=IRON prev=CollectIronIngotTask cycle=1 pos=207,62,98 walls=4/4/4 sky=15 place=47 boxed=true hold=false cool=0 ban=0 startY=62 step=0§r
[19:49:27] [main/INFO] (Minecraft) [CHAT] §2§l§o[TenorClef] §rT2 [HIST] 2:34.4 FORCE S130 START trigger=flips=3 ph=IRON prev=CollectIronIngotTask cycle=1 pos=207,62,98 walls=4/4/4 sky=15 place=47 boxed=true hold=false cool=0 ban=0 startY=62 step=0
[19:49:27] [main/INFO] (Minecraft) [CHAT] §2§l§o[TenorClef] §rT2 [HIST] 2:34.4 PILLAR START flips=3 prev=CollectIronIngotTask
[19:49:27] [main/INFO] (Minecraft) [CHAT] §2§l§o[TenorClef] §rT2 [HIST] 2:34.4 SOLVE S130 pillar-out @207,62,98 ph=IRON flips=3
[19:49:27] [main/INFO] (Minecraft) [CHAT] §2§l§o[TenorClef] §rT2 [HIST] 2:34.4 CHILD CollectIronIngotTask -> HolePillarTask ph=IRON @207,62,98 sky=15 wet=false ground=false pick=0 buck=0 iron=11 rods=0 pearls=0 eyes=0
[19:49:27] [main/INFO] (Minecraft) [STDOUT]: ALTO CLEF: WARNING: T2 [S130] tick y=62 slot=0 air=true pos=207,62,98 walls=4/4/4 sky=15 place=47 boxed=true hold=true cool=0 ban=0 startY=62 step=1
[19:49:27] [main/INFO] (Minecraft) [CHAT] §2§l§o[TenorClef] §cT2 [S130] tick y=62 slot=0 air=true pos=207,62,98 walls=4/4/4 sky=15 place=47 boxed=true hold=true cool=0 ban=0 startY=62 step=1§r
[19:49:27] [main/INFO] (Minecraft) [CHAT] §2§l§o[TenorClef] §rT2 [HIST] 2:34.4 FORCE S130 tick y=62 slot=0 air=true pos=207,62,98 walls=4/4/4 sky=15 place=47 boxed=true hold=true cool=0 ban=0 startY=62 step=1
[19:49:27] [main/INFO] (Minecraft) [CHAT] §2§l§o[TenorClef] §rT2 [HIST] 2:34.5 SNAP ph=IRON @207,62,98 sky=15 wet=false ground=false pick=0 buck=0 iron=11 rods=0 pearls=0 eyes=0 child=HolePillarTask dbg=<T2 pillar-out>  mobs=none
[19:49:27] [main/INFO] (Minecraft) [CHAT] §2§l§o[TenorClef] §rT2 [NOW] t=2:34.8 ph=IRON @207,63,98 do=<T2 pillar-out>  eq=cobblestone woodpick=1 stonepick=1 pick=0 iron=0 buck=0
[19:49:28] [main/INFO] (Minecraft) [STDOUT]: ALTO CLEF: WARNING: T2 [S130] tick y=64 slot=0 air=true pos=207,64,98 walls=0/0/4 sky=15 place=46 boxed=false hold=true cool=0 ban=0 startY=62 step=21
[19:49:28] [main/INFO] (Minecraft) [CHAT] §2§l§o[TenorClef] §cT2 [S130] tick y=64 slot=0 air=true pos=207,64,98 walls=0/0/4 sky=15 place=46 boxed=false hold=true cool=0 ban=0 startY=62 step=21§r
[19:49:28] [main/INFO] (Minecraft) [CHAT] §2§l§o[TenorClef] §rT2 [HIST] 2:35.4 FORCE S130 tick y=64 slot=0 air=true pos=207,64,98 walls=0/0/4 sky=15 place=46 boxed=false hold=true cool=0 ban=0 startY=62 step=21
[19:49:28] [main/INFO] (Minecraft) [CHAT] §2§l§o[TenorClef] §rT2 [NOW] t=2:35.8 ph=IRON @207,65,98 do=<T2 pillar-out>  eq=cobblestone woodpick=1 stonepick=1 pick=0 iron=0 buck=0
[19:49:29] [main/INFO] (Minecraft) [STDOUT]: ALTO CLEF: WARNING: T2 [E100] jumps=11 @207,66,98 ph=IRON child=HolePillarTask
[19:49:29] [main/INFO] (Minecraft) [CHAT] §2§l§o[TenorClef] §cT2 [E100] jumps=11 @207,66,98 ph=IRON child=HolePillarTask§r
[19:49:29] [main/INFO] (Minecraft) [CHAT] §2§l§o[TenorClef] §rT2 [HIST] 2:36.2 [E100] jumps=11 @207,66,98 ph=IRON child=HolePillarTask
[19:49:29] [main/INFO] (Minecraft) [STDOUT]: ALTO CLEF: WARNING: T2 [S139] rise confirmed +4y y=66 startY=62 pos=207,66,98 walls=0/0/0 sky=15 place=45 boxed=false hold=true cool=0 ban=0 startY=62 step=37
[19:49:29] [main/INFO] (Minecraft) [CHAT] §2§l§o[TenorClef] §cT2 [S139] rise confirmed +4y y=66 startY=62 pos=207,66,98 walls=0/0/0 sky=15 place=45 boxed=false hold=true cool=0 ban=0 startY=62 step=37§r
[19:49:29] [main/INFO] (Minecraft) [CHAT] §2§l§o[TenorClef] §rT2 [HIST] 2:36.2 FORCE S139 rise confirmed +4y y=66 startY=62 pos=207,66,98 walls=0/0/0 sky=15 place=45 boxed=false hold=true cool=0 ban=0 startY=62 step=37
[19:49:29] [main/INFO] (Minecraft) [STDOUT]: ALTO CLEF: WARNING: T2 [S133] cool arm ticks=80 reason=risen y=66 startY=62 ban=207,98 pos=207,66,98 walls=0/0/0 sky=15 place=45 boxed=false hold=true cool=80 ban=80 startY=62 step=37
[19:49:29] [main/INFO] (Minecraft) [CHAT] §2§l§o[TenorClef] §cT2 [S133] cool arm ticks=80 reason=risen y=66 startY=62 ban=207,98 pos=207,66,98 walls=0/0/0 sky=15 place=45 boxed=false hold=true cool=80 ban=80 startY=62 step=37§r
[19:49:29] [main/INFO] (Minecraft) [CHAT] §2§l§o[TenorClef] §rT2 [HIST] 2:36.2 FORCE S133 cool arm ticks=80 reason=risen y=66 startY=62 ban=207,98 pos=207,66,98 walls=0/0/0 sky=15 place=45 boxed=false hold=true cool=80 ban=80 startY=62 step=37
[19:49:29] [main/INFO] (Minecraft) [STDOUT]: ALTO CLEF: WARNING: T2 [S136] END reason=risen y=66 startY=62 roseReal=true giveUp=true pos=207,66,98 walls=0/0/0 sky=15 place=45 boxed=false hold=true cool=80 ban=80 startY=62 step=37
[19:49:29] [main/INFO] (Minecraft) [CHAT] §2§l§o[TenorClef] §cT2 [S136] END reason=risen y=66 startY=62 roseReal=true giveUp=true pos=207,66,98 walls=0/0/0 sky=15 place=45 boxed=false hold=true cool=80 ban=80 startY=62 step=37§r
[19:49:29] [main/INFO] (Minecraft) [CHAT] §2§l§o[TenorClef] §rT2 [HIST] 2:36.2 FORCE S136 END reason=risen y=66 startY=62 roseReal=true giveUp=true pos=207,66,98 walls=0/0/0 sky=15 place=45 boxed=false hold=true cool=80 ban=80 startY=62 step=37
[19:49:29] [main/INFO] (Minecraft) [CHAT] §2§l§o[TenorClef] §rT2 [HIST] 2:36.2 PILLAR END risen y=66 startY=62
[19:49:29] [main/INFO] (Minecraft) [CHAT] §2§l§o[TenorClef] §rT2 [HIST] 2:36.3 WHY iron: smelt 22 in one furnace
[19:49:29] [main/INFO] (Minecraft) [STDOUT]: ALTO CLEF: WARNING: T2 [S136] stick drop pillar -> CollectIronIngotTask finished=true hold=false cool=79 end=risen y=66 startY=62 pos=207,66,98 walls=0/0/0 sky=15 place=45 boxed=false hold=false cool=79 ban=79 startY=- step=0
[19:49:29] [main/INFO] (Minecraft) [CHAT] §2§l§o[TenorClef] §cT2 [S136] stick drop pillar -> CollectIronIngotTask finished=true hold=false cool=79 end=risen y=66 startY=62 pos=207,66,98 walls=0/0/0 sky=15 place=45 boxed=false hold=false cool=79 ban=79 startY=- step=0§r
[19:49:29] [main/INFO] (Minecraft) [CHAT] §2§l§o[TenorClef] §rT2 [HIST] 2:36.3 FORCE S136 stick drop pillar -> CollectIronIngotTask finished=true hold=false cool=79 end=risen y=66 startY=62 pos=207,66,98 walls=0/0/0 sky=15 place=45 boxed=false hold=false cool=79 ban=79 startY=- step=0
[19:49:29] [main/INFO] (Minecraft) [CHAT] §2§l§o[TenorClef] §rT2 [HIST] 2:36.3 CHILD HolePillarTask -> CollectIronIngotTask ph=IRON @207,66,98 sky=15 wet=false ground=false pick=0 buck=0 iron=11 rods=0 pearls=0 eyes=0
[19:49:29] [main/INFO] (Minecraft) [STDOUT]: ALTO CLEF: WARNING: T2 [S136] onStop interrupt=CollectIronIngotTask finishWhy=givingUp cool=79 lastEnd=risen y=66 startY=62 pos=207,66,98 walls=0/0/0 sky=15 place=45 boxed=false hold=false cool=79 ban=79 startY=- step=0
[19:49:29] [main/INFO] (Minecraft) [CHAT] §2§l§o[TenorClef] §cT2 [S136] onStop interrupt=CollectIronIngotTask finishWhy=givingUp cool=79 lastEnd=risen y=66 startY=62 pos=207,66,98 walls=0/0/0 sky=15 place=45 boxed=false hold=false cool=79 ban=79 startY=- step=0§r
[19:49:29] [main/INFO] (Minecraft) [CHAT] §2§l§o[TenorClef] §rT2 [HIST] 2:36.3 FORCE S136 onStop interrupt=CollectIronIngotTask finishWhy=givingUp cool=79 lastEnd=risen y=66 startY=62 pos=207,66,98 walls=0/0/0 sky=15 place=45 boxed=false hold=false cool=79 ban=79 startY=- step=0
[19:49:29] [main/INFO] (Minecraft) [CHAT] §2§l§o[TenorClef] §rMineAndCollect: equip item.minecraft.stone_pickaxe for block.minecraft.iron_ore
[19:49:29] [main/INFO] (Minecraft) [CHAT] §2§l§o[TenorClef] §rT2 [NOW] t=2:36.8 ph=IRON @207,64,97 do=<Collecting 22 iron.: [[iron_ingot] x 22]>  eq=stone_pickaxe woodpick=1 stonepick=1 pick=0 iron=0 buck=0
[19:49:29] [main/INFO] (Minecraft) [STDOUT]: ALTO CLEF: WARNING: T2 [S138] shaft ban clear left-xz ban=207,98 now=207,96 manh=2 left=67
[19:49:29] [main/INFO] (Minecraft) [CHAT] §2§l§o[TenorClef] §cT2 [S138] shaft ban clear left-xz ban=207,98 now=207,96 manh=2 left=67§r
[19:49:29] [main/INFO] (Minecraft) [CHAT] §2§l§o[TenorClef] §rT2 [HIST] 2:36.9 FORCE S138 shaft ban clear left-xz ban=207,98 now=207,96 manh=2 left=67
[19:49:30] [main/INFO] (Minecraft) [CHAT] §2§l§o[TenorClef] §rMineAndCollect: equip item.minecraft.stone_pickaxe for block.minecraft.iron_ore
[19:49:30] [main/INFO] (Minecraft) [CHAT] §2§l§o[TenorClef] §rMineAndCollect: equip item.minecraft.stone_pickaxe for block.minecraft.iron_ore
[19:49:30] [main/INFO] (Minecraft) [CHAT] §2§l§o[TenorClef] §rMineAndCollect: equip item.minecraft.stone_pickaxe for block.minecraft.iron_ore
[19:49:30] [main/INFO] (Minecraft) [CHAT] §2§l§o[TenorClef] §rT2 [NOW] t=2:37.8 ph=IRON @205,64,94 do=<Collecting 22 iron.: [[iron_ingot] x 22]>  eq=cobblestone woodpick=1 stonepick=1 pick=0 iron=0 buck=0
[19:49:30] [main/INFO] (Minecraft) [STDOUT]: ALTO CLEF: WARNING: T2 [S109] equip pick for mining (was holding cobblestone)
[19:49:30] [main/INFO] (Minecraft) [CHAT] §2§l§o[TenorClef] §cT2 [S109] equip pick for mining (was holding cobblestone)§r
[19:49:30] [main/INFO] (Minecraft) [CHAT] §2§l§o[TenorClef] §rT2 [HIST] 2:37.8 SOLVE S109 equip pick for mining (was holding cobblestone)
[19:49:30] [main/INFO] (Minecraft) [CHAT] §2§l§o[TenorClef] §rT2 [HIST] 2:37.9 SNAP ph=IRON @205,64,94 sky=15 wet=false ground=true pick=0 buck=0 iron=11 rods=0 pearls=0 eyes=0 child=CollectIronIngotTask dbg=<Collecting 22 iron.: [[iron_ingot] x 22]>  mobs=none
[19:49:30] [main/INFO] (Minecraft) [CHAT] §2§l§o[TenorClef] §rMineAndCollect: equip item.minecraft.stone_pickaxe for block.minecraft.iron_ore
[19:49:30] [main/INFO] (Minecraft) [CHAT] §2§l§o[TenorClef] §rMineAndCollect: equip item.minecraft.stone_pickaxe for block.minecraft.iron_ore
[19:49:30] [main/INFO] (Minecraft) [CHAT] §2§l§o[TenorClef] §rMineAndCollect: equip item.minecraft.stone_pickaxe for block.minecraft.iron_ore
[19:49:31] [main/INFO] (Minecraft) [CHAT] §2§l§o[TenorClef] §rMineAndCollect: equip item.minecraft.stone_pickaxe for block.minecraft.iron_ore
[19:49:31] [main/INFO] (Minecraft) [CHAT] §2§l§o[TenorClef] §rMineAndCollect: equip item.minecraft.stone_pickaxe for block.minecraft.iron_ore
[19:49:31] [main/INFO] (Minecraft) [CHAT] §2§l§o[TenorClef] §rMineAndCollect: equip item.minecraft.stone_pickaxe for block.minecraft.iron_ore
[19:49:31] [main/INFO] (Minecraft) [CHAT] §2§l§o[TenorClef] §rMineAndCollect: equip item.minecraft.stone_pickaxe for block.minecraft.iron_ore
[19:49:31] [main/INFO] (Minecraft) [CHAT] §2§l§o[TenorClef] §rMineAndCollect: equip item.minecraft.stone_pickaxe for block.minecraft.iron_ore
[19:49:31] [main/INFO] (Minecraft) [CHAT] §2§l§o[TenorClef] §rMineAndCollect: equip item.minecraft.stone_pickaxe for block.minecraft.iron_ore
[19:49:31] [main/INFO] (Minecraft) [CHAT] §2§l§o[TenorClef] §rT2 [NOW] t=2:38.8 ph=IRON @205,63,94 do=<Collecting 22 iron.: [[iron_ingot] x 22]>  eq=cobblestone woodpick=1 stonepick=1 pick=0 iron=0 buck=0
[19:49:31] [main/INFO] (Minecraft) [CHAT] §2§l§o[TenorClef] §rMineAndCollect: equip item.minecraft.stone_pickaxe for block.minecraft.iron_ore
[19:49:31] [main/INFO] (Minecraft) [CHAT] §2§l§o[TenorClef] §rMineAndCollect: equip item.minecraft.stone_pickaxe for block.minecraft.iron_ore
[19:49:31] [main/INFO] (Minecraft) [CHAT] §2§l§o[TenorClef] §rMineAndCollect: equip item.minecraft.stone_pickaxe for block.minecraft.iron_ore
[19:49:32] [main/INFO] (Minecraft) [CHAT] §2§l§o[TenorClef] §rMineAndCollect: equip item.minecraft.stone_pickaxe for block.minecraft.iron_ore
[19:49:32] [main/INFO] (Minecraft) [CHAT] §2§l§o[TenorClef] §rMineAndCollect: equip item.minecraft.stone_pickaxe for block.minecraft.iron_ore
[19:49:32] [main/INFO] (Minecraft) [CHAT] §2§l§o[TenorClef] §rMineAndCollect: equip item.minecraft.stone_pickaxe for block.minecraft.iron_ore
[19:49:32] [main/INFO] (Minecraft) [CHAT] §2§l§o[TenorClef] §rMineAndCollect: equip item.minecraft.stone_pickaxe for block.minecraft.iron_ore
[19:49:32] [main/INFO] (Minecraft) [CHAT] §2§l§o[TenorClef] §rMineAndCollect: equip item.minecraft.stone_pickaxe for block.minecraft.iron_ore
[19:49:32] [main/INFO] (Minecraft) [CHAT] §2§l§o[TenorClef] §rMineAndCollect: equip item.minecraft.stone_pickaxe for block.minecraft.iron_ore
[19:49:32] [main/INFO] (Minecraft) [STDOUT]: ALTO CLEF: WARNING: T2 [S135] S130 suppressed why=would-S130 but busy cool=9 flips=3 sameXz=45 child=CollectIronIngotTask cool=9 ban=0 hold=false pos=205,62,94 walls=4/4/4 sky=15 place=46 boxed=true hold=false cool=9 ban=0 startY=- step=0
[19:49:32] [main/INFO] (Minecraft) [CHAT] §2§l§o[TenorClef] §cT2 [S135] S130 suppressed why=would-S130 but busy cool=9 flips=3 sameXz=45 child=CollectIronIngotTask cool=9 ban=0 hold=false pos=205,62,94 walls=4/4/4 sky=15 place=46 boxed=true hold=false cool=9 ban=0 startY=- step=0§r
[19:49:32] [main/INFO] (Minecraft) [CHAT] §2§l§o[TenorClef] §rT2 [HIST] 2:39.8 FORCE S135 S130 suppressed why=would-S130 but busy cool=9 flips=3 sameXz=45 child=CollectIronIngotTask cool=9 ban=0 hold=false pos=205,62,94 walls=4/4/4 sky=15 place=46 boxed=true hold=false cool=9 ban=0 startY=- step=0
[19:49:32] [main/INFO] (Minecraft) [CHAT] §2§l§o[TenorClef] §rMineAndCollect: equip item.minecraft.stone_pickaxe for block.minecraft.iron_ore
[19:49:32] [main/INFO] (Minecraft) [CHAT] §2§l§o[TenorClef] §rT2 [NOW] t=2:39.8 ph=IRON @205,62,94 do=<Collecting 22 iron.: [[iron_ingot] x 22]>  eq=stone_pickaxe woodpick=1 stonepick=1 pick=0 iron=0 buck=0
[19:49:32] [main/INFO] (Minecraft) [CHAT] §2§l§o[TenorClef] §rMineAndCollect: equip item.minecraft.stone_pickaxe for block.minecraft.iron_ore
[19:49:32] [main/INFO] (Minecraft) [CHAT] §2§l§o[TenorClef] §rMineAndCollect: equip item.minecraft.stone_pickaxe for block.minecraft.iron_ore
[19:49:32] [main/INFO] (Minecraft) [CHAT] §2§l§o[TenorClef] §rMineAndCollect: equip item.minecraft.stone_pickaxe for block.minecraft.iron_ore
[19:49:33] [main/INFO] (Minecraft) [CHAT] §2§l§o[TenorClef] §rMineAndCollect: equip item.minecraft.stone_pickaxe for block.minecraft.iron_ore
[19:49:33] [main/INFO] (Minecraft) [STDOUT]: ALTO CLEF: WARNING: T2 [S134] pillar cool expire after flips=3 end=risen y=66 startY=62
[19:49:33] [main/INFO] (Minecraft) [CHAT] §2§l§o[TenorClef] §cT2 [S134] pillar cool expire after flips=3 end=risen y=66 startY=62§r
[19:49:33] [main/INFO] (Minecraft) [CHAT] §2§l§o[TenorClef] §rT2 [HIST] 2:40.2 FORCE S134 pillar cool expire after flips=3 end=risen y=66 startY=62
[19:49:33] [main/INFO] (Minecraft) [STDOUT]: ALTO CLEF: WARNING: T2 [S138] shaft ban clear left-xz ban=207,98 now=205,94 manh=6 left=60
[19:49:33] [main/INFO] (Minecraft) [CHAT] §2§l§o[TenorClef] §cT2 [S138] shaft ban clear left-xz ban=207,98 now=205,94 manh=6 left=60§r
[19:49:33] [main/INFO] (Minecraft) [CHAT] §2§l§o[TenorClef] §rT2 [HIST] 2:40.3 FORCE S138 shaft ban clear left-xz ban=207,98 now=205,94 manh=6 left=60
[19:49:33] [main/INFO] (Minecraft) [CHAT] §2§l§o[TenorClef] §rT2 [HIST] 2:40.3 WHY iron: smelt 22 in one furnace
[19:49:33] [main/INFO] (Minecraft) [CHAT] §2§l§o[TenorClef] §rMineAndCollect: equip item.minecraft.stone_pickaxe for block.minecraft.iron_ore
[19:49:33] [main/INFO] (Minecraft) [CHAT] §2§l§o[TenorClef] §rT2 [HIST] 2:40.4 SNAP ph=IRON @205,62,94 sky=15 wet=false ground=true pick=0 buck=0 iron=11 rods=0 pearls=0 eyes=0 child=CollectIronIngotTask dbg=<Collecting 22 iron.: [[iron_ingot] x 22]>  mobs=none
[19:49:33] [main/INFO] (Minecraft) [CHAT] §2§l§o[TenorClef] §rT2 [NOW] t=2:40.8 ph=IRON @205,61,94 do=<Collecting 22 iron.: [[iron_ingot] x 22]>  eq=cobblestone woodpick=1 stonepick=1 pick=0 iron=0 buck=0
[19:49:34] [main/INFO] (Minecraft) [STDOUT]: ALTO CLEF: WARNING: T2 [E100] jumps=6 @205,61,94 ph=IRON child=CollectIronIngotTask
[19:49:34] [main/INFO] (Minecraft) [CHAT] §2§l§o[TenorClef] §cT2 [E100] jumps=6 @205,61,94 ph=IRON child=CollectIronIngotTask§r
[19:49:34] [main/INFO] (Minecraft) [CHAT] §2§l§o[TenorClef] §rT2 [HIST] 2:41.6 [E100] jumps=6 @205,61,94 ph=IRON child=CollectIronIngotTask
[19:49:34] [main/INFO] (Minecraft) [CHAT] §2§l§o[TenorClef] §rT2 [NOW] t=2:41.8 ph=IRON @205,61,94 do=<Collecting 22 iron.: [[iron_ingot] x 22]>  eq=cobblestone woodpick=1 stonepick=1 pick=0 iron=0 buck=0
[19:49:34] [main/INFO] (Minecraft) [STDOUT]: ALTO CLEF: WARNING: T2 [S130] START trigger=flips=3 ph=IRON prev=CollectIronIngotTask cycle=1 pos=205,60,94 walls=4/4/4 sky=15 place=48 boxed=true hold=false cool=0 ban=0 startY=60 step=0
[19:49:34] [main/INFO] (Minecraft) [CHAT] §2§l§o[TenorClef] §cT2 [S130] START trigger=flips=3 ph=IRON prev=CollectIronIngotTask cycle=1 pos=205,60,94 walls=4/4/4 sky=15 place=48 boxed=true hold=false cool=0 ban=0 startY=60 step=0§r
[19:49:34] [main/INFO] (Minecraft) [CHAT] §2§l§o[TenorClef] §rT2 [HIST] 2:41.9 FORCE S130 START trigger=flips=3 ph=IRON prev=CollectIronIngotTask cycle=1 pos=205,60,94 walls=4/4/4 sky=15 place=48 boxed=true hold=false cool=0 ban=0 startY=60 step=0
[19:49:34] [main/INFO] (Minecraft) [CHAT] §2§l§o[TenorClef] §rT2 [HIST] 2:41.9 PILLAR START flips=3 prev=CollectIronIngotTask
[19:49:34] [main/INFO] (Minecraft) [CHAT] §2§l§o[TenorClef] §rT2 [HIST] 2:41.9 SOLVE S130 pillar-out @205,60,94 ph=IRON flips=3
[19:49:34] [main/INFO] (Minecraft) [CHAT] §2§l§o[TenorClef] §rT2 [HIST] 2:41.9 CHILD CollectIronIngotTask -> HolePillarTask ph=IRON @205,60,94 sky=15 wet=false ground=false pick=0 buck=0 iron=11 rods=0 pearls=0 eyes=0
[19:49:34] [main/INFO] (Minecraft) [STDOUT]: ALTO CLEF: WARNING: T2 [S130] tick y=60 slot=0 air=true pos=205,60,94 walls=4/4/4 sky=15 place=48 boxed=true hold=true cool=0 ban=0 startY=60 step=1
[19:49:34] [main/INFO] (Minecraft) [CHAT] §2§l§o[TenorClef] §cT2 [S130] tick y=60 slot=0 air=true pos=205,60,94 walls=4/4/4 sky=15 place=48 boxed=true hold=true cool=0 ban=0 startY=60 step=1§r
[19:49:34] [main/INFO] (Minecraft) [CHAT] §2§l§o[TenorClef] §rT2 [HIST] 2:41.9 FORCE S130 tick y=60 slot=0 air=true pos=205,60,94 walls=4/4/4 sky=15 place=48 boxed=true hold=true cool=0 ban=0 startY=60 step=1
[19:49:35] [main/INFO] (Minecraft) [CHAT] §2§l§o[TenorClef] §rT2 [NOW] t=2:42.8 ph=IRON @205,62,94 do=<T2 pillar-out>  eq=cobblestone woodpick=1 stonepick=1 pick=0 iron=0 buck=0
[19:49:35] [main/INFO] (Minecraft) [STDOUT]: ALTO CLEF: WARNING: T2 [S130] tick y=62 slot=0 air=true pos=205,62,94 walls=4/4/4 sky=15 place=47 boxed=true hold=true cool=0 ban=0 startY=60 step=21
[19:49:35] [main/INFO] (Minecraft) [CHAT] §2§l§o[TenorClef] §cT2 [S130] tick y=62 slot=0 air=true pos=205,62,94 walls=4/4/4 sky=15 place=47 boxed=true hold=true cool=0 ban=0 startY=60 step=21§r
[19:49:35] [main/INFO] (Minecraft) [CHAT] §2§l§o[TenorClef] §rT2 [HIST] 2:42.9 FORCE S130 tick y=62 slot=0 air=true pos=205,62,94 walls=4/4/4 sky=15 place=47 boxed=true hold=true cool=0 ban=0 startY=60 step=21
[19:49:35] [main/INFO] (Minecraft) [CHAT] §2§l§o[TenorClef] §rT2 [HIST] 2:43.0 [E100] jumps=6 @205,62,94 ph=IRON child=HolePillarTask
[19:49:36] [main/INFO] (Minecraft) [STDOUT]: ALTO CLEF: WARNING: T2 [S139] rise confirmed +4y y=64 startY=60 pos=205,64,94 walls=0/0/4 sky=15 place=46 boxed=false hold=true cool=0 ban=0 startY=60 step=37
[19:49:36] [main/INFO] (Minecraft) [CHAT] §2§l§o[TenorClef] §cT2 [S139] rise confirmed +4y y=64 startY=60 pos=205,64,94 walls=0/0/4 sky=15 place=46 boxed=false hold=true cool=0 ban=0 startY=60 step=37§r
[19:49:36] [main/INFO] (Minecraft) [CHAT] §2§l§o[TenorClef] §rT2 [HIST] 2:43.7 FORCE S139 rise confirmed +4y y=64 startY=60 pos=205,64,94 walls=0/0/4 sky=15 place=46 boxed=false hold=true cool=0 ban=0 startY=60 step=37
[19:49:36] [main/INFO] (Minecraft) [STDOUT]: ALTO CLEF: WARNING: T2 [S133] cool arm ticks=80 reason=risen y=64 startY=60 ban=205,94 pos=205,64,94 walls=0/0/4 sky=15 place=46 boxed=false hold=true cool=80 ban=80 startY=60 step=37
[19:49:36] [main/INFO] (Minecraft) [CHAT] §2§l§o[TenorClef] §cT2 [S133] cool arm ticks=80 reason=risen y=64 startY=60 ban=205,94 pos=205,64,94 walls=0/0/4 sky=15 place=46 boxed=false hold=true cool=80 ban=80 startY=60 step=37§r
[19:49:36] [main/INFO] (Minecraft) [CHAT] §2§l§o[TenorClef] §rT2 [HIST] 2:43.7 FORCE S133 cool arm ticks=80 reason=risen y=64 startY=60 ban=205,94 pos=205,64,94 walls=0/0/4 sky=15 place=46 boxed=false hold=true cool=80 ban=80 startY=60 step=37
[19:49:36] [main/INFO] (Minecraft) [STDOUT]: ALTO CLEF: WARNING: T2 [S136] END reason=risen y=64 startY=60 roseReal=true giveUp=true pos=205,64,94 walls=0/0/4 sky=15 place=46 boxed=false hold=true cool=80 ban=80 startY=60 step=37
[19:49:36] [main/INFO] (Minecraft) [CHAT] §2§l§o[TenorClef] §cT2 [S136] END reason=risen y=64 startY=60 roseReal=true giveUp=true pos=205,64,94 walls=0/0/4 sky=15 place=46 boxed=false hold=true cool=80 ban=80 startY=60 step=37§r
[19:49:36] [main/INFO] (Minecraft) [CHAT] §2§l§o[TenorClef] §rT2 [HIST] 2:43.7 FORCE S136 END reason=risen y=64 startY=60 roseReal=true giveUp=true pos=205,64,94 walls=0/0/4 sky=15 place=46 boxed=false hold=true cool=80 ban=80 startY=60 step=37
[19:49:36] [main/INFO] (Minecraft) [CHAT] §2§l§o[TenorClef] §rT2 [HIST] 2:43.7 PILLAR END risen y=64 startY=60
[19:49:36] [main/INFO] (Minecraft) [STDOUT]: ALTO CLEF: WARNING: T2 [S136] stick drop pillar -> CollectIronIngotTask finished=true hold=false cool=79 end=risen y=64 startY=60 pos=205,64,94 walls=0/0/4 sky=15 place=46 boxed=false hold=false cool=79 ban=79 startY=- step=0
[19:49:36] [main/INFO] (Minecraft) [CHAT] §2§l§o[TenorClef] §cT2 [S136] stick drop pillar -> CollectIronIngotTask finished=true hold=false cool=79 end=risen y=64 startY=60 pos=205,64,94 walls=0/0/4 sky=15 place=46 boxed=false hold=false cool=79 ban=79 startY=- step=0§r
[19:49:36] [main/INFO] (Minecraft) [CHAT] §2§l§o[TenorClef] §rT2 [HIST] 2:43.8 FORCE S136 stick drop pillar -> CollectIronIngotTask finished=true hold=false cool=79 end=risen y=64 startY=60 pos=205,64,94 walls=0/0/4 sky=15 place=46 boxed=false hold=false cool=79 ban=79 startY=- step=0
[19:49:36] [main/INFO] (Minecraft) [CHAT] §2§l§o[TenorClef] §rT2 [HIST] 2:43.8 CHILD HolePillarTask -> CollectIronIngotTask ph=IRON @205,64,94 sky=15 wet=false ground=false pick=0 buck=0 iron=11 rods=0 pearls=0 eyes=0
[19:49:36] [main/INFO] (Minecraft) [CHAT] §2§l§o[TenorClef] §rT2 [HIST] 2:43.8 SNAP ph=IRON @205,64,94 sky=15 wet=false ground=false pick=0 buck=0 iron=11 rods=0 pearls=0 eyes=0 child=CollectIronIngotTask dbg=<Collecting 22 iron.: [[iron_ingot] x 22]>  mobs=none
[19:49:36] [main/INFO] (Minecraft) [STDOUT]: ALTO CLEF: WARNING: T2 [S136] onStop interrupt=CollectIronIngotTask finishWhy=givingUp cool=79 lastEnd=risen y=64 startY=60 pos=205,64,94 walls=0/0/4 sky=15 place=46 boxed=false hold=false cool=79 ban=79 startY=- step=0
[19:49:36] [main/INFO] (Minecraft) [CHAT] §2§l§o[TenorClef] §cT2 [S136] onStop interrupt=CollectIronIngotTask finishWhy=givingUp cool=79 lastEnd=risen y=64 startY=60 pos=205,64,94 walls=0/0/4 sky=15 place=46 boxed=false hold=false cool=79 ban=79 startY=- step=0§r
[19:49:36] [main/INFO] (Minecraft) [CHAT] §2§l§o[TenorClef] §rT2 [HIST] 2:43.8 FORCE S136 onStop interrupt=CollectIronIngotTask finishWhy=givingUp cool=79 lastEnd=risen y=64 startY=60 pos=205,64,94 walls=0/0/4 sky=15 place=46 boxed=false hold=false cool=79 ban=79 startY=- step=0
[19:49:36] [main/INFO] (Minecraft) [CHAT] §2§l§o[TenorClef] §rT2 [NOW] t=2:43.8 ph=IRON @205,64,94 do=<Collecting 22 iron.: [[iron_ingot] x 22]>  eq=cobblestone woodpick=1 stonepick=1 pick=0 iron=0 buck=0
[19:49:36] [main/INFO] (Minecraft) [CHAT] §2§l§o[TenorClef] §rMineAndCollect: equip item.minecraft.stone_pickaxe for block.minecraft.iron_ore
[19:49:37] [main/INFO] (Minecraft) [CHAT] §2§l§o[TenorClef] §rT2 [HIST] 2:44.3 WHY iron: smelt 22 in one furnace
[19:49:37] [main/INFO] (Minecraft) [CHAT] §2§l§o[TenorClef] §rT2 [NOW] t=2:44.8 ph=IRON @205,63,94 do=<Collecting 22 iron.: [[iron_ingot] x 22]>  eq=stone_pickaxe woodpick=1 stonepick=1 pick=0 iron=0 buck=0
[19:49:38] [main/INFO] (Minecraft) [CHAT] §2§l§o[TenorClef] §rT2 [HIST] 2:45.1 [E100] jumps=6 @205,62,94 ph=IRON child=CollectIronIngotTask
[19:49:38] [main/INFO] (Minecraft) [STDOUT]: ALTO CLEF: WARNING: T2 [S135] S130 suppressed why=would-S130 but busy cool=52 flips=3 sameXz=28 child=CollectIronIngotTask cool=52 ban=52 hold=false pos=205,62,94 walls=4/4/4 sky=15 place=46 boxed=true hold=false cool=52 ban=52 startY=- step=0
[19:49:38] [main/INFO] (Minecraft) [CHAT] §2§l§o[TenorClef] §cT2 [S135] S130 suppressed why=would-S130 but busy cool=52 flips=3 sameXz=28 child=CollectIronIngotTask cool=52 ban=52 hold=false pos=205,62,94 walls=4/4/4 sky=15 place=46 boxed=true hold=false cool=52 ban=52 startY=- step=0§r
[19:49:38] [main/INFO] (Minecraft) [CHAT] §2§l§o[TenorClef] §rT2 [HIST] 2:45.1 FORCE S135 S130 suppressed why=would-S130 but busy cool=52 flips=3 sameXz=28 child=CollectIronIngotTask cool=52 ban=52 hold=false pos=205,62,94 walls=4/4/4 sky=15 place=46 boxed=true hold=false cool=52 ban=52 startY=- step=0
[19:49:38] [main/INFO] (Minecraft) [CHAT] §2§l§o[TenorClef] §rT2 [NOW] t=2:45.8 ph=IRON @205,62,94 do=<Collecting 22 iron.: [[iron_ingot] x 22]>  eq=stone_pickaxe woodpick=1 stonepick=1 pick=0 iron=0 buck=0
[19:49:39] [main/INFO] (Minecraft) [CHAT] §2§l§o[TenorClef] §rT2 [HIST] 2:46.3 SNAP ph=IRON @205,61,94 sky=15 wet=false ground=true pick=0 buck=0 iron=11 rods=0 pearls=0 eyes=0 child=CollectIronIngotTask dbg=<Collecting 22 iron.: [[iron_ingot] x 22]>  mobs=none
[19:49:39] [main/INFO] (Minecraft) [CHAT] §2§l§o[TenorClef] §rT2 [NOW] t=2:46.8 ph=IRON @205,61,94 do=<Collecting 22 iron.: [[iron_ingot] x 22]>  eq=stone_pickaxe woodpick=1 stonepick=1 pick=0 iron=0 buck=0
[19:49:39] [main/INFO] (Minecraft) [STDOUT]: ALTO CLEF: WARNING: T2 [S100] stop jump-walk @205,94 ph=IRON child=CollectIronIngotTask esc=0
[19:49:39] [main/INFO] (Minecraft) [CHAT] §2§l§o[TenorClef] §cT2 [S100] stop jump-walk @205,94 ph=IRON child=CollectIronIngotTask esc=0§r
[19:49:39] [main/INFO] (Minecraft) [CHAT] §2§l§o[TenorClef] §rT2 [HIST] 2:47.0 SOLVE S100 stop jump-walk @205,94 ph=IRON child=CollectIronIngotTask esc=0
[19:49:40] [main/INFO] (Minecraft) [STDOUT]: ALTO CLEF: WARNING: T2 [S135] S130 suppressed why=would-S130 but busy cool=11 flips=0 sameXz=69 child=CollectIronIngotTask cool=11 ban=11 hold=false pos=205,60,94 walls=4/4/4 sky=15 place=48 boxed=true hold=false cool=11 ban=11 startY=- step=0
[19:49:40] [main/INFO] (Minecraft) [CHAT] §2§l§o[TenorClef] §cT2 [S135] S130 suppressed why=would-S130 but busy cool=11 flips=0 sameXz=69 child=CollectIronIngotTask cool=11 ban=11 hold=false pos=205,60,94 walls=4/4/4 sky=15 place=48 boxed=true hold=false cool=11 ban=11 startY=- step=0§r
[19:49:40] [main/INFO] (Minecraft) [CHAT] §2§l§o[TenorClef] §rT2 [HIST] 2:47.2 FORCE S135 S130 suppressed why=would-S130 but busy cool=11 flips=0 sameXz=69 child=CollectIronIngotTask cool=11 ban=11 hold=false pos=205,60,94 walls=4/4/4 sky=15 place=48 boxed=true hold=false cool=11 ban=11 startY=- step=0
[19:49:40] [main/INFO] (Minecraft) [STDOUT]: ALTO CLEF: WARNING: T2 [S134] pillar cool expire after flips=3 end=risen y=64 startY=60
[19:49:40] [main/INFO] (Minecraft) [CHAT] §2§l§o[TenorClef] §cT2 [S134] pillar cool expire after flips=3 end=risen y=64 startY=60§r
[19:49:40] [main/INFO] (Minecraft) [CHAT] §2§l§o[TenorClef] §rT2 [HIST] 2:47.7 FORCE S134 pillar cool expire after flips=3 end=risen y=64 startY=60
[19:49:40] [main/INFO] (Minecraft) [STDOUT]: ALTO CLEF: WARNING: T2 [S137] re-cool still-boxed@205,94 n=1 ticks=160 end=risen y=64 startY=60 pos=205,60,94 walls=4/4/4 sky=15 place=49 boxed=true hold=false cool=160 ban=160 startY=- step=0
[19:49:40] [main/INFO] (Minecraft) [CHAT] §2§l§o[TenorClef] §cT2 [S137] re-cool still-boxed@205,94 n=1 ticks=160 end=risen y=64 startY=60 pos=205,60,94 walls=4/4/4 sky=15 place=49 boxed=true hold=false cool=160 ban=160 startY=- step=0§r
[19:49:40] [main/INFO] (Minecraft) [CHAT] §2§l§o[TenorClef] §rT2 [HIST] 2:47.7 FORCE S137 re-cool still-boxed@205,94 n=1 ticks=160 end=risen y=64 startY=60 pos=205,60,94 walls=4/4/4 sky=15 place=49 boxed=true hold=false cool=160 ban=160 startY=- step=0
[19:49:40] [main/INFO] (Minecraft) [CHAT] §2§l§o[TenorClef] §rT2 [NOW] t=2:47.8 ph=IRON @205,60,94 do=<Collecting 22 iron.: [[iron_ingot] x 22]>  eq=stone_pickaxe woodpick=1 stonepick=1 pick=0 iron=0 buck=0
[19:49:41] [main/INFO] (Minecraft) [STDOUT]: ALTO CLEF: WARNING: T2 [E100] jumps=6 @205,59,94 ph=IRON child=CollectIronIngotTask
[19:49:41] [main/INFO] (Minecraft) [CHAT] §2§l§o[TenorClef] §cT2 [E100] jumps=6 @205,59,94 ph=IRON child=CollectIronIngotTask§r
[19:49:41] [main/INFO] (Minecraft) [CHAT] §2§l§o[TenorClef] §rT2 [HIST] 2:48.1 [E100] jumps=6 @205,59,94 ph=IRON child=CollectIronIngotTask
[19:49:41] [main/INFO] (Minecraft) [CHAT] §2§l§o[TenorClef] §rT2 [HIST] 2:48.4 WHY iron: smelt 22 in one furnace
[19:49:41] [main/INFO] (Minecraft) [CHAT] §2§l§o[TenorClef] §rT2 [HIST] 2:48.8 SNAP ph=IRON @205,59,94 sky=15 wet=false ground=true pick=0 buck=0 iron=11 rods=0 pearls=0 eyes=0 child=CollectIronIngotTask dbg=<Collecting 22 iron.: [[iron_ingot] x 22]>  mobs=none
[19:49:41] [main/INFO] (Minecraft) [CHAT] §2§l§o[TenorClef] §rT2 [NOW] t=2:48.8 ph=IRON @205,58,94 do=<Collecting 22 iron.: [[iron_ingot] x 22]>  eq=stone_pickaxe woodpick=1 stonepick=1 pick=0 iron=0 buck=0
[19:49:42] [main/INFO] (Minecraft) [STDOUT]: ALTO CLEF: WARNING: T2 [S135] S130 suppressed why=would-S130 but busy cool=130 flips=4 sameXz=31 child=CollectIronIngotTask cool=130 ban=130 hold=false pos=205,58,94 walls=4/4/4 sky=15 place=50 boxed=true hold=false cool=130 ban=130 startY=- step=0
[19:49:42] [main/INFO] (Minecraft) [CHAT] §2§l§o[TenorClef] §cT2 [S135] S130 suppressed why=would-S130 but busy cool=130 flips=4 sameXz=31 child=CollectIronIngotTask cool=130 ban=130 hold=false pos=205,58,94 walls=4/4/4 sky=15 place=50 boxed=true hold=false cool=130 ban=130 startY=- step=0§r
[19:49:42] [main/INFO] (Minecraft) [CHAT] §2§l§o[TenorClef] §rT2 [HIST] 2:49.2 FORCE S135 S130 suppressed why=would-S130 but busy cool=130 flips=4 sameXz=31 child=CollectIronIngotTask cool=130 ban=130 hold=false pos=205,58,94 walls=4/4/4 sky=15 place=50 boxed=true hold=false cool=130 ban=130 startY=- step=0
[19:49:42] [main/INFO] (Minecraft) [CHAT] §2§l§o[TenorClef] §rT2 [NOW] t=2:49.8 ph=IRON @205,57,94 do=<Collecting 22 iron.: [[iron_ingot] x 22]>  eq=stone_pickaxe woodpick=1 stonepick=1 pick=0 iron=0 buck=0
[19:49:42] [main/INFO] (Minecraft) [STDOUT]: ALTO CLEF: WARNING: T2 [S144] jump-stuck collector — replace CollectIronIngotTask with wander (esc=2)
[19:49:42] [main/INFO] (Minecraft) [CHAT] §2§l§o[TenorClef] §cT2 [S144] jump-stuck collector — replace CollectIronIngotTask with wander (esc=2)§r
[19:49:42] [main/INFO] (Minecraft) [CHAT] §2§l§o[TenorClef] §rT2 [HIST] 2:49.9 SOLVE S144 jump-stuck collector — replace CollectIronIngotTask with wander (esc=2)
[19:49:42] [main/INFO] (Minecraft) [CHAT] §2§l§o[TenorClef] §rT2 [HIST] 2:49.9 CHILD CollectIronIngotTask -> TimeoutWanderTask ph=IRON @205,57,94 sky=15 wet=false ground=true pick=0 buck=0 iron=11 rods=0 pearls=0 eyes=0
[19:49:43] [pool-5-thread-4/INFO] (Minecraft) [STDOUT]: 889856 movements considered
[19:49:43] [pool-5-thread-4/INFO] (Minecraft) [STDOUT]: Open set size: 27027
[19:49:43] [pool-5-thread-4/INFO] (Minecraft) [STDOUT]: PathNode map size: 67472
[19:49:43] [pool-5-thread-4/INFO] (Minecraft) [STDOUT]: 80896 nodes per second
[19:49:43] [pool-5-thread-4/INFO] (Minecraft) [STDOUT]: Path goes for 167.44551352604225 blocks
[19:49:43] [main/INFO] (Minecraft) [CHAT] §2§l§o[TenorClef] §rT2 [NOW] t=2:50.8 ph=IRON @205,58,94 do=<Wander for Infinity blocks> Exploring. eq=dirt woodpick=1 stonepick=1 pick=0 iron=0 buck=0
[19:49:43] [main/INFO] (Minecraft) [CHAT] §2§l§o[TenorClef] §rT2 [HIST] 2:51.0 [E100] jumps=6 @205,58,94 ph=IRON child=TimeoutWanderTask
[19:49:44] [main/INFO] (Minecraft) [CHAT] §2§l§o[TenorClef] §rT2 [NOW] t=2:51.8 ph=IRON @205,60,94 do=<Wander for Infinity blocks> Exploring. eq=dirt woodpick=1 stonepick=1 pick=0 iron=0 buck=0
[19:49:45] [main/INFO] (Minecraft) [CHAT] §2§l§o[TenorClef] §rT2 [HIST] 2:52.3 [E100] jumps=6 @205,61,94 ph=IRON child=TimeoutWanderTask
[19:49:45] [main/INFO] (Minecraft) [CHAT] §2§l§o[TenorClef] §rT2 [HIST] 2:52.6 SNAP ph=IRON @205,62,94 sky=15 wet=false ground=false pick=0 buck=0 iron=11 rods=0 pearls=0 eyes=0 child=TimeoutWanderTask dbg=<Wander for Infinity blocks> Exploring. mobs=none
[19:49:45] [main/INFO] (Minecraft) [CHAT] §2§l§o[TenorClef] §rT2 [NOW] t=2:52.8 ph=IRON @205,62,94 do=<Wander for Infinity blocks> Exploring. eq=cobblestone woodpick=1 stonepick=1 pick=0 iron=0 buck=0
[19:49:46] [main/INFO] (Minecraft) [CHAT] §2§l§o[TenorClef] §rT2 [NOW] t=2:53.8 ph=IRON @205,62,94 do=<Wander for Infinity blocks> Exploring. eq=cobblestone woodpick=1 stonepick=1 pick=0 iron=0 buck=0
[19:49:47] [main/INFO] (Minecraft) [STDOUT]: ALTO CLEF: WARNING: T2 [S138] shaft ban clear left-xz ban=205,94 now=207,94 manh=2 left=24
[19:49:47] [main/INFO] (Minecraft) [CHAT] §2§l§o[TenorClef] §cT2 [S138] shaft ban clear left-xz ban=205,94 now=207,94 manh=2 left=24§r
[19:49:47] [main/INFO] (Minecraft) [CHAT] §2§l§o[TenorClef] §rT2 [HIST] 2:54.6 FORCE S138 shaft ban clear left-xz ban=205,94 now=207,94 manh=2 left=24
[19:49:47] [main/INFO] (Minecraft) [CHAT] §2§l§o[TenorClef] §rT2 [NOW] t=2:54.8 ph=IRON @208,64,94 do=<Wander for Infinity blocks> Exploring. eq=cobblestone woodpick=1 stonepick=1 pick=0 iron=0 buck=0
[19:49:48] [main/INFO] (Minecraft) [CHAT] §2§l§o[TenorClef] §rT2 [HB] t=2:55.2 ph=IRON y=64 child=TimeoutWanderTask logs=1 pick=0 woodpick=1
[19:49:48] [main/INFO] (Minecraft) [STDOUT]: ALTO CLEF: WARNING: T2 [S134] pillar cool expire after flips=3 end=risen y=64 startY=60
[19:49:48] [main/INFO] (Minecraft) [CHAT] §2§l§o[TenorClef] §cT2 [S134] pillar cool expire after flips=3 end=risen y=64 startY=60§r
[19:49:48] [main/INFO] (Minecraft) [CHAT] §2§l§o[TenorClef] §rT2 [HIST] 2:55.7 FORCE S134 pillar cool expire after flips=3 end=risen y=64 startY=60
[19:49:48] [main/INFO] (Minecraft) [STDOUT]: ALTO CLEF: WARNING: T2 [S138] shaft ban clear left-xz ban=205,94 now=213,95 manh=9 left=60
[19:49:48] [main/INFO] (Minecraft) [CHAT] §2§l§o[TenorClef] §cT2 [S138] shaft ban clear left-xz ban=205,94 now=213,95 manh=9 left=60§r
[19:49:48] [main/INFO] (Minecraft) [CHAT] §2§l§o[TenorClef] §rT2 [HIST] 2:55.8 FORCE S138 shaft ban clear left-xz ban=205,94 now=213,95 manh=9 left=60
[19:49:48] [main/INFO] (Minecraft) [CHAT] §2§l§o[TenorClef] §rRefreshed inventory...
[19:49:48] [main/INFO] (Minecraft) [CHAT] §2§l§o[TenorClef] §rT2 [NOW] t=2:55.8 ph=IRON @213,64,95 do=<Wander for Infinity blocks> Exploring. eq=cobblestone woodpick=1 stonepick=1 pick=0 iron=0 buck=0
[19:49:49] [main/INFO] (Minecraft) [CHAT] §2§l§o[TenorClef] §rT2 [NOW] t=2:56.8 ph=IRON @218,64,96 do=<Wander for Infinity blocks> Exploring. eq=cobblestone woodpick=1 stonepick=1 pick=0 iron=0 buck=0
[19:49:50] [main/INFO] (Minecraft) [CHAT] §2§l§o[TenorClef] §rT2 [HIST] 2:57.6 SNAP ph=IRON @223,64,96 sky=15 wet=false ground=true pick=0 buck=0 iron=11 rods=0 pearls=0 eyes=0 child=TimeoutWanderTask dbg=<Wander for Infinity blocks> Exploring. mobs=none
[19:49:50] [main/INFO] (Minecraft) [CHAT] §2§l§o[TenorClef] §rT2 [NOW] t=2:57.8 ph=IRON @224,64,96 do=<Wander for Infinity blocks> Exploring. eq=cobblestone woodpick=1 stonepick=1 pick=0 iron=0 buck=0
[19:49:50] [main/INFO] (Minecraft) [CHAT] §2§l§o[TenorClef] §rT2 [HIST] 2:58.0 WHY iron: smelt 22 in one furnace
[19:49:50] [main/INFO] (Minecraft) [CHAT] §2§l§o[TenorClef] §rT2 [HIST] 2:58.0 CHILD TimeoutWanderTask -> CollectIronIngotTask ph=IRON @225,64,96 sky=15 wet=false ground=true pick=0 buck=0 iron=11 rods=0 pearls=0 eyes=0
[19:49:51] [main/INFO] (Minecraft) [CHAT] §2§l§o[TenorClef] §rT2 [NOW] t=2:58.8 ph=IRON @222,64,95 do=<Collecting 22 iron.: [[iron_ingot] x 22]>  eq=cobblestone woodpick=1 stonepick=1 pick=0 iron=0 buck=0
[19:49:52] [main/INFO] (Minecraft) [CHAT] §2§l§o[TenorClef] §rT2 [NOW] t=2:59.8 ph=IRON @222,63,95 do=<Collecting 22 iron.: [[iron_ingot] x 22]>  eq=cobblestone woodpick=1 stonepick=1 pick=0 iron=0 buck=0
[19:49:53] [main/INFO] (Minecraft) [CHAT] §2§l§o[TenorClef] §rT2 [HIST] 3:00.3 SNAP ph=IRON @222,63,95 sky=15 wet=false ground=true pick=0 buck=0 iron=11 rods=0 pearls=0 eyes=0 child=CollectIronIngotTask dbg=<Collecting 22 iron.: [[iron_ingot] x 22]>  mobs=none
[19:49:53] [main/INFO] (Minecraft) [CHAT] §2§l§o[TenorClef] §rT2 [NOW] t=3:00.8 ph=IRON @222,62,95 do=<Collecting 22 iron.: [[iron_ingot] x 22]>  eq=cobblestone woodpick=1 stonepick=1 pick=0 iron=0 buck=0
[19:49:53] [main/INFO] (Minecraft) [STDOUT]: ALTO CLEF: WARNING: T2 [S130] START trigger=flips=3 ph=IRON prev=CollectIronIngotTask cycle=1 pos=222,62,95 walls=4/4/4 sky=15 place=49 boxed=true hold=false cool=0 ban=0 startY=62 step=0
[19:49:53] [main/INFO] (Minecraft) [CHAT] §2§l§o[TenorClef] §cT2 [S130] START trigger=flips=3 ph=IRON prev=CollectIronIngotTask cycle=1 pos=222,62,95 walls=4/4/4 sky=15 place=49 boxed=true hold=false cool=0 ban=0 startY=62 step=0§r
[19:49:53] [main/INFO] (Minecraft) [CHAT] §2§l§o[TenorClef] §rT2 [HIST] 3:00.8 FORCE S130 START trigger=flips=3 ph=IRON prev=CollectIronIngotTask cycle=1 pos=222,62,95 walls=4/4/4 sky=15 place=49 boxed=true hold=false cool=0 ban=0 startY=62 step=0
[19:49:53] [main/INFO] (Minecraft) [CHAT] §2§l§o[TenorClef] §rT2 [HIST] 3:00.8 PILLAR START flips=3 prev=CollectIronIngotTask
[19:49:53] [main/INFO] (Minecraft) [CHAT] §2§l§o[TenorClef] §rT2 [HIST] 3:00.8 SOLVE S130 pillar-out @222,62,95 ph=IRON flips=3
[19:49:53] [main/INFO] (Minecraft) [CHAT] §2§l§o[TenorClef] §rT2 [HIST] 3:00.8 CHILD CollectIronIngotTask -> HolePillarTask ph=IRON @222,62,95 sky=15 wet=false ground=false pick=0 buck=0 iron=11 rods=0 pearls=0 eyes=0
[19:49:53] [main/INFO] (Minecraft) [STDOUT]: ALTO CLEF: WARNING: T2 [S130] tick y=62 slot=0 air=true pos=222,62,95 walls=4/4/4 sky=15 place=49 boxed=true hold=true cool=0 ban=0 startY=62 step=1
[19:49:53] [main/INFO] (Minecraft) [CHAT] §2§l§o[TenorClef] §cT2 [S130] tick y=62 slot=0 air=true pos=222,62,95 walls=4/4/4 sky=15 place=49 boxed=true hold=true cool=0 ban=0 startY=62 step=1§r
[19:49:53] [main/INFO] (Minecraft) [CHAT] §2§l§o[TenorClef] §rT2 [HIST] 3:00.8 FORCE S130 tick y=62 slot=0 air=true pos=222,62,95 walls=4/4/4 sky=15 place=49 boxed=true hold=true cool=0 ban=0 startY=62 step=1
[19:49:54] [main/INFO] (Minecraft) [CHAT] §2§l§o[TenorClef] §rT2 [NOW] t=3:01.8 ph=IRON @222,64,95 do=<T2 pillar-out>  eq=cobblestone woodpick=1 stonepick=1 pick=0 iron=0 buck=0
[19:49:54] [main/INFO] (Minecraft) [STDOUT]: ALTO CLEF: WARNING: T2 [S130] tick y=64 slot=0 air=true pos=222,64,95 walls=0/0/4 sky=15 place=48 boxed=false hold=true cool=0 ban=0 startY=62 step=21
[19:49:54] [main/INFO] (Minecraft) [CHAT] §2§l§o[TenorClef] §cT2 [S130] tick y=64 slot=0 air=true pos=222,64,95 walls=0/0/4 sky=15 place=48 boxed=false hold=true cool=0 ban=0 startY=62 step=21§r
[19:49:54] [main/INFO] (Minecraft) [CHAT] §2§l§o[TenorClef] §rT2 [HIST] 3:01.8 FORCE S130 tick y=64 slot=0 air=true pos=222,64,95 walls=0/0/4 sky=15 place=48 boxed=false hold=true cool=0 ban=0 startY=62 step=21
[19:49:55] [main/INFO] (Minecraft) [CHAT] §2§l§o[TenorClef] §rT2 [HB] t=3:02.3 ph=IRON y=65 child=HolePillarTask logs=1 pick=0 woodpick=1
[19:49:55] [main/INFO] (Minecraft) [STDOUT]: ALTO CLEF: WARNING: T2 [E100] jumps=11 @222,65,95 ph=IRON child=HolePillarTask
[19:49:55] [main/INFO] (Minecraft) [CHAT] §2§l§o[TenorClef] §cT2 [E100] jumps=11 @222,65,95 ph=IRON child=HolePillarTask§r
[19:49:55] [main/INFO] (Minecraft) [CHAT] §2§l§o[TenorClef] §rT2 [HIST] 3:02.6 [E100] jumps=11 @222,65,95 ph=IRON child=HolePillarTask
[19:49:55] [main/INFO] (Minecraft) [STDOUT]: ALTO CLEF: WARNING: T2 [S139] rise confirmed +4y y=66 startY=62 pos=222,66,95 walls=0/0/0 sky=15 place=47 boxed=false hold=true cool=0 ban=0 startY=62 step=37
[19:49:55] [main/INFO] (Minecraft) [CHAT] §2§l§o[TenorClef] §cT2 [S139] rise confirmed +4y y=66 startY=62 pos=222,66,95 walls=0/0/0 sky=15 place=47 boxed=false hold=true cool=0 ban=0 startY=62 step=37§r
[19:49:55] [main/INFO] (Minecraft) [CHAT] §2§l§o[TenorClef] §rT2 [HIST] 3:02.7 FORCE S139 rise confirmed +4y y=66 startY=62 pos=222,66,95 walls=0/0/0 sky=15 place=47 boxed=false hold=true cool=0 ban=0 startY=62 step=37
[19:49:55] [main/INFO] (Minecraft) [STDOUT]: ALTO CLEF: WARNING: T2 [S133] cool arm ticks=80 reason=risen y=66 startY=62 ban=222,95 pos=222,66,95 walls=0/0/0 sky=15 place=47 boxed=false hold=true cool=80 ban=80 startY=62 step=37
[19:49:55] [main/INFO] (Minecraft) [CHAT] §2§l§o[TenorClef] §cT2 [S133] cool arm ticks=80 reason=risen y=66 startY=62 ban=222,95 pos=222,66,95 walls=0/0/0 sky=15 place=47 boxed=false hold=true cool=80 ban=80 startY=62 step=37§r
[19:49:55] [main/INFO] (Minecraft) [CHAT] §2§l§o[TenorClef] §rT2 [HIST] 3:02.7 FORCE S133 cool arm ticks=80 reason=risen y=66 startY=62 ban=222,95 pos=222,66,95 walls=0/0/0 sky=15 place=47 boxed=false hold=true cool=80 ban=80 startY=62 step=37
[19:49:55] [main/INFO] (Minecraft) [STDOUT]: ALTO CLEF: WARNING: T2 [S136] END reason=risen y=66 startY=62 roseReal=true giveUp=true pos=222,66,95 walls=0/0/0 sky=15 place=47 boxed=false hold=true cool=80 ban=80 startY=62 step=37
[19:49:55] [main/INFO] (Minecraft) [CHAT] §2§l§o[TenorClef] §cT2 [S136] END reason=risen y=66 startY=62 roseReal=true giveUp=true pos=222,66,95 walls=0/0/0 sky=15 place=47 boxed=false hold=true cool=80 ban=80 startY=62 step=37§r
[19:49:55] [main/INFO] (Minecraft) [CHAT] §2§l§o[TenorClef] §rT2 [HIST] 3:02.7 FORCE S136 END reason=risen y=66 startY=62 roseReal=true giveUp=true pos=222,66,95 walls=0/0/0 sky=15 place=47 boxed=false hold=true cool=80 ban=80 startY=62 step=37
[19:49:55] [main/INFO] (Minecraft) [CHAT] §2§l§o[TenorClef] §rT2 [HIST] 3:02.7 PILLAR END risen y=66 startY=62
[19:49:55] [main/INFO] (Minecraft) [CHAT] §2§l§o[TenorClef] §rT2 [HIST] 3:02.7 WHY iron: smelt 22 in one furnace
[19:49:55] [main/INFO] (Minecraft) [STDOUT]: ALTO CLEF: WARNING: T2 [S136] stick drop pillar -> CollectIronIngotTask finished=true hold=false cool=79 end=risen y=66 startY=62 pos=222,66,95 walls=0/0/0 sky=15 place=47 boxed=false hold=false cool=79 ban=79 startY=- step=0
[19:49:55] [main/INFO] (Minecraft) [CHAT] §2§l§o[TenorClef] §cT2 [S136] stick drop pillar -> CollectIronIngotTask finished=true hold=false cool=79 end=risen y=66 startY=62 pos=222,66,95 walls=0/0/0 sky=15 place=47 boxed=false hold=false cool=79 ban=79 startY=- step=0§r
[19:49:55] [main/INFO] (Minecraft) [CHAT] §2§l§o[TenorClef] §rT2 [HIST] 3:02.7 FORCE S136 stick drop pillar -> CollectIronIngotTask finished=true hold=false cool=79 end=risen y=66 startY=62 pos=222,66,95 walls=0/0/0 sky=15 place=47 boxed=false hold=false cool=79 ban=79 startY=- step=0
[19:49:55] [main/INFO] (Minecraft) [CHAT] §2§l§o[TenorClef] §rT2 [HIST] 3:02.7 CHILD HolePillarTask -> CollectIronIngotTask ph=IRON @222,66,95 sky=15 wet=false ground=false pick=0 buck=0 iron=11 rods=0 pearls=0 eyes=0
[19:49:55] [main/INFO] (Minecraft) [STDOUT]: ALTO CLEF: WARNING: T2 [S136] onStop interrupt=CollectIronIngotTask finishWhy=givingUp cool=79 lastEnd=risen y=66 startY=62 pos=222,66,95 walls=0/0/0 sky=15 place=47 boxed=false hold=false cool=79 ban=79 startY=- step=0
[19:49:55] [main/INFO] (Minecraft) [CHAT] §2§l§o[TenorClef] §cT2 [S136] onStop interrupt=CollectIronIngotTask finishWhy=givingUp cool=79 lastEnd=risen y=66 startY=62 pos=222,66,95 walls=0/0/0 sky=15 place=47 boxed=false hold=false cool=79 ban=79 startY=- step=0§r
[19:49:55] [main/INFO] (Minecraft) [CHAT] §2§l§o[TenorClef] §rT2 [HIST] 3:02.7 FORCE S136 onStop interrupt=CollectIronIngotTask finishWhy=givingUp cool=79 lastEnd=risen y=66 startY=62 pos=222,66,95 walls=0/0/0 sky=15 place=47 boxed=false hold=false cool=79 ban=79 startY=- step=0
[19:49:55] [main/INFO] (Minecraft) [CHAT] §2§l§o[TenorClef] §rMineAndCollect: equip item.minecraft.stone_pickaxe for block.minecraft.iron_ore
[19:49:55] [main/INFO] (Minecraft) [CHAT] §2§l§o[TenorClef] §rT2 [NOW] t=3:02.8 ph=IRON @222,66,95 do=<Collecting 22 iron.: [[iron_ingot] x 22]>  eq=stone_pickaxe woodpick=1 stonepick=1 pick=0 iron=0 buck=0
[19:49:56] [main/INFO] (Minecraft) [CHAT] §2§l§o[TenorClef] §rT2 [HIST] 3:03.7 SNAP ph=IRON @222,65,95 sky=15 wet=false ground=true pick=0 buck=0 iron=11 rods=0 pearls=0 eyes=0 child=CollectIronIngotTask dbg=<Collecting 22 iron.: [[iron_ingot] x 22]>  mobs=none
[19:49:56] [main/INFO] (Minecraft) [CHAT] §2§l§o[TenorClef] §rT2 [NOW] t=3:03.8 ph=IRON @222,65,95 do=<Collecting 22 iron.: [[iron_ingot] x 22]>  eq=stone_pickaxe woodpick=1 stonepick=1 pick=0 iron=0 buck=0
[19:49:57] [main/INFO] (Minecraft) [CHAT] §2§l§o[TenorClef] §rT2 [NOW] t=3:04.8 ph=IRON @222,64,95 do=<Collecting 22 iron.: [[iron_ingot] x 22]>  eq=stone_pickaxe woodpick=1 stonepick=1 pick=0 iron=0 buck=0
[19:49:58] [main/INFO] (Minecraft) [CHAT] §2§l§o[TenorClef] §rT2 [NOW] t=3:05.8 ph=IRON @222,63,95 do=<Collecting 22 iron.: [[iron_ingot] x 22]>  eq=stone_pickaxe woodpick=1 stonepick=1 pick=0 iron=0 buck=0
[19:49:58] [main/INFO] (Minecraft) [CHAT] §2§l§o[TenorClef] §rT2 [HIST] 3:06.0 [E100] jumps=6 @222,62,95 ph=IRON child=CollectIronIngotTask
[19:49:58] [main/INFO] (Minecraft) [STDOUT]: ALTO CLEF: WARNING: T2 [S135] S130 suppressed why=would-S130 but busy cool=14 flips=6 sameXz=66 child=CollectIronIngotTask cool=14 ban=14 hold=false pos=222,62,95 walls=4/4/4 sky=15 place=49 boxed=true hold=false cool=14 ban=14 startY=- step=0
[19:49:58] [main/INFO] (Minecraft) [CHAT] §2§l§o[TenorClef] §cT2 [S135] S130 suppressed why=would-S130 but busy cool=14 flips=6 sameXz=66 child=CollectIronIngotTask cool=14 ban=14 hold=false pos=222,62,95 walls=4/4/4 sky=15 place=49 boxed=true hold=false cool=14 ban=14 startY=- step=0§r
[19:49:58] [main/INFO] (Minecraft) [CHAT] §2§l§o[TenorClef] §rT2 [HIST] 3:06.0 FORCE S135 S130 suppressed why=would-S130 but busy cool=14 flips=6 sameXz=66 child=CollectIronIngotTask cool=14 ban=14 hold=false pos=222,62,95 walls=4/4/4 sky=15 place=49 boxed=true hold=false cool=14 ban=14 startY=- step=0
[19:49:58] [main/INFO] (Minecraft) [STDOUT]: ALTO CLEF: WARNING: T2 [S100] stop jump-walk @222,95 ph=IRON child=CollectIronIngotTask esc=0
[19:49:58] [main/INFO] (Minecraft) [CHAT] §2§l§o[TenorClef] §cT2 [S100] stop jump-walk @222,95 ph=IRON child=CollectIronIngotTask esc=0§r
[19:49:58] [main/INFO] (Minecraft) [CHAT] §2§l§o[TenorClef] §rT2 [HIST] 3:06.0 SOLVE S100 stop jump-walk @222,95 ph=IRON child=CollectIronIngotTask esc=0
[19:49:58] [main/INFO] (Minecraft) [CHAT] §2§l§o[TenorClef] §rMineAndCollect: equip item.minecraft.stone_pickaxe for block.minecraft.iron_ore
[19:49:59] [main/INFO] (Minecraft) [CHAT] §2§l§o[TenorClef] §rMineAndCollect: equip item.minecraft.stone_pickaxe for block.minecraft.iron_ore
[19:49:59] [main/INFO] (Minecraft) [CHAT] §2§l§o[TenorClef] §rT2 [HIST] 3:06.2 SNAP ph=IRON @222,62,95 sky=15 wet=false ground=true pick=0 buck=0 iron=11 rods=0 pearls=0 eyes=0 child=CollectIronIngotTask dbg=<Collecting 22 iron.: [[iron_ingot] x 22]>  mobs=none
[19:49:59] [main/INFO] (Minecraft) [CHAT] §2§l§o[TenorClef] §rMineAndCollect: equip item.minecraft.stone_pickaxe for block.minecraft.iron_ore
[19:49:59] [main/INFO] (Minecraft) [STDOUT]: ALTO CLEF: WARNING: T2 [S109] equip pick for mining (was holding cobblestone)
[19:49:59] [main/INFO] (Minecraft) [CHAT] §2§l§o[TenorClef] §cT2 [S109] equip pick for mining (was holding cobblestone)§r
[19:49:59] [main/INFO] (Minecraft) [CHAT] §2§l§o[TenorClef] §rT2 [HIST] 3:06.3 SOLVE S109 equip pick for mining (was holding cobblestone)
[19:49:59] [main/INFO] (Minecraft) [CHAT] §2§l§o[TenorClef] §rMineAndCollect: equip item.minecraft.stone_pickaxe for block.minecraft.iron_ore
[19:49:59] [main/INFO] (Minecraft) [CHAT] §2§l§o[TenorClef] §rMineAndCollect: equip item.minecraft.stone_pickaxe for block.minecraft.iron_ore
[19:49:59] [main/INFO] (Minecraft) [CHAT] §2§l§o[TenorClef] §rMineAndCollect: equip item.minecraft.stone_pickaxe for block.minecraft.iron_ore
[19:49:59] [main/INFO] (Minecraft) [STDOUT]: ALTO CLEF: WARNING: T2 [S134] pillar cool expire after flips=3 end=risen y=66 startY=62
[19:49:59] [main/INFO] (Minecraft) [CHAT] §2§l§o[TenorClef] §cT2 [S134] pillar cool expire after flips=3 end=risen y=66 startY=62§r
[19:49:59] [main/INFO] (Minecraft) [CHAT] §2§l§o[TenorClef] §rT2 [HIST] 3:06.7 FORCE S134 pillar cool expire after flips=3 end=risen y=66 startY=62
[19:49:59] [main/INFO] (Minecraft) [STDOUT]: ALTO CLEF: WARNING: T2 [S137] re-cool still-boxed@222,95 n=1 ticks=160 end=risen y=66 startY=62 pos=222,62,95 walls=4/4/4 sky=15 place=50 boxed=true hold=false cool=160 ban=160 startY=- step=0
[19:49:59] [main/INFO] (Minecraft) [CHAT] §2§l§o[TenorClef] §cT2 [S137] re-cool still-boxed@222,95 n=1 ticks=160 end=risen y=66 startY=62 pos=222,62,95 walls=4/4/4 sky=15 place=50 boxed=true hold=false cool=160 ban=160 startY=- step=0§r
[19:49:59] [main/INFO] (Minecraft) [CHAT] §2§l§o[TenorClef] §rT2 [HIST] 3:06.7 FORCE S137 re-cool still-boxed@222,95 n=1 ticks=160 end=risen y=66 startY=62 pos=222,62,95 walls=4/4/4 sky=15 place=50 boxed=true hold=false cool=160 ban=160 startY=- step=0
[19:49:59] [main/INFO] (Minecraft) [CHAT] §2§l§o[TenorClef] §rMineAndCollect: equip item.minecraft.stone_pickaxe for block.minecraft.iron_ore
[19:49:59] [main/INFO] (Minecraft) [CHAT] §2§l§o[TenorClef] §rT2 [HIST] 3:06.7 WHY iron: smelt 22 in one furnace
[19:49:59] [main/INFO] (Minecraft) [CHAT] §2§l§o[TenorClef] §rMineAndCollect: equip item.minecraft.stone_pickaxe for block.minecraft.iron_ore
[19:49:59] [main/INFO] (Minecraft) [CHAT] §2§l§o[TenorClef] §rT2 [NOW] t=3:06.8 ph=IRON @222,62,95 do=<Collecting 22 iron.: [[iron_ingot] x 22]>  eq=cobblestone woodpick=1 stonepick=1 pick=0 iron=0 buck=0
[19:49:59] [main/INFO] (Minecraft) [CHAT] §2§l§o[TenorClef] §rMineAndCollect: equip item.minecraft.stone_pickaxe for block.minecraft.iron_ore
[19:49:59] [main/INFO] (Minecraft) [CHAT] §2§l§o[TenorClef] §rMineAndCollect: equip item.minecraft.stone_pickaxe for block.minecraft.iron_ore
[19:50:00] [main/INFO] (Minecraft) [CHAT] §2§l§o[TenorClef] §rMineAndCollect: equip item.minecraft.stone_pickaxe for block.minecraft.iron_ore
[19:50:00] [main/INFO] (Minecraft) [CHAT] §2§l§o[TenorClef] §rMineAndCollect: equip item.minecraft.stone_pickaxe for block.minecraft.iron_ore
[19:50:00] [main/INFO] (Minecraft) [CHAT] §2§l§o[TenorClef] §rMineAndCollect: equip item.minecraft.stone_pickaxe for block.minecraft.iron_ore
[19:50:00] [main/INFO] (Minecraft) [CHAT] §2§l§o[TenorClef] §rMineAndCollect: equip item.minecraft.stone_pickaxe for block.minecraft.iron_ore
[19:50:00] [main/INFO] (Minecraft) [CHAT] §2§l§o[TenorClef] §rT2 [HB] t=3:07.5 ph=IRON y=61 child=CollectIronIngotTask logs=1 pick=0 woodpick=1
[19:50:00] [main/INFO] (Minecraft) [CHAT] §2§l§o[TenorClef] §rMineAndCollect: equip item.minecraft.stone_pickaxe for block.minecraft.iron_ore
[19:50:00] [main/INFO] (Minecraft) [CHAT] §2§l§o[TenorClef] §rMineAndCollect: equip item.minecraft.stone_pickaxe for block.minecraft.iron_ore
[19:50:00] [main/INFO] (Minecraft) [CHAT] §2§l§o[TenorClef] §rMineAndCollect: equip item.minecraft.stone_pickaxe for block.minecraft.iron_ore
[19:50:00] [main/INFO] (Minecraft) [CHAT] §2§l§o[TenorClef] §rT2 [NOW] t=3:07.8 ph=IRON @222,61,95 do=<Collecting 22 iron.: [[iron_ingot] x 22]>  eq=cobblestone woodpick=1 stonepick=1 pick=0 iron=0 buck=0
[19:50:00] [main/INFO] (Minecraft) [CHAT] §2§l§o[TenorClef] §rMineAndCollect: equip item.minecraft.stone_pickaxe for block.minecraft.iron_ore
[19:50:00] [main/INFO] (Minecraft) [CHAT] §2§l§o[TenorClef] §rMineAndCollect: equip item.minecraft.stone_pickaxe for block.minecraft.iron_ore
[19:50:00] [main/INFO] (Minecraft) [CHAT] §2§l§o[TenorClef] §rMineAndCollect: equip item.minecraft.stone_pickaxe for block.minecraft.iron_ore
[19:50:00] [main/INFO] (Minecraft) [STDOUT]: ALTO CLEF: WARNING: T2 [S135] S130 suppressed why=would-S130 but busy cool=132 flips=3 sameXz=29 child=CollectIronIngotTask cool=132 ban=132 hold=false pos=222,60,95 walls=4/4/4 sky=15 place=51 boxed=true hold=false cool=132 ban=132 startY=- step=0
[19:50:00] [main/INFO] (Minecraft) [CHAT] §2§l§o[TenorClef] §cT2 [S135] S130 suppressed why=would-S130 but busy cool=132 flips=3 sameXz=29 child=CollectIronIngotTask cool=132 ban=132 hold=false pos=222,60,95 walls=4/4/4 sky=15 place=51 boxed=true hold=false cool=132 ban=132 startY=- step=0§r
[19:50:00] [main/INFO] (Minecraft) [CHAT] §2§l§o[TenorClef] §rT2 [HIST] 3:08.1 FORCE S135 S130 suppressed why=would-S130 but busy cool=132 flips=3 sameXz=29 child=CollectIronIngotTask cool=132 ban=132 hold=false pos=222,60,95 walls=4/4/4 sky=15 place=51 boxed=true hold=false cool=132 ban=132 startY=- step=0
[19:50:00] [main/INFO] (Minecraft) [CHAT] §2§l§o[TenorClef] §rMineAndCollect: equip item.minecraft.stone_pickaxe for block.minecraft.iron_ore
[19:50:01] [main/INFO] (Minecraft) [CHAT] §2§l§o[TenorClef] §rT2 [HIST] 3:08.7 SNAP ph=IRON @222,60,95 sky=15 wet=false ground=true pick=0 buck=0 iron=11 rods=0 pearls=0 eyes=0 child=CollectIronIngotTask dbg=<Collecting 22 iron.: [[iron_ingot] x 22]>  mobs=none
[19:50:01] [main/INFO] (Minecraft) [CHAT] §2§l§o[TenorClef] §rT2 [NOW] t=3:08.8 ph=IRON @222,60,95 do=<Collecting 22 iron.: [[iron_ingot] x 22]>  eq=stone_pickaxe woodpick=1 stonepick=1 pick=0 iron=0 buck=0
[19:50:01] [main/INFO] (Minecraft) [STDOUT]: ALTO CLEF: WARNING: T2 [E100] jumps=6 @222,59,95 ph=IRON child=CollectIronIngotTask
[19:50:01] [main/INFO] (Minecraft) [CHAT] §2§l§o[TenorClef] §cT2 [E100] jumps=6 @222,59,95 ph=IRON child=CollectIronIngotTask§r
[19:50:01] [main/INFO] (Minecraft) [CHAT] §2§l§o[TenorClef] §rT2 [HIST] 3:09.0 [E100] jumps=6 @222,59,95 ph=IRON child=CollectIronIngotTask
[19:50:02] [main/INFO] (Minecraft) [CHAT] §2§l§o[TenorClef] §rT2 [HIST] 3:09.2 SOLVE S100 stop jump-walk @222,95 ph=IRON child=CollectIronIngotTask esc=1
[19:50:02] [main/INFO] (Minecraft) [STDOUT]: ALTO CLEF: WARNING: T2 [S144] jump-stuck collector — replace CollectIronIngotTask with wander (esc=2)
[19:50:02] [main/INFO] (Minecraft) [CHAT] §2§l§o[TenorClef] §cT2 [S144] jump-stuck collector — replace CollectIronIngotTask with wander (esc=2)§r
[19:50:02] [main/INFO] (Minecraft) [CHAT] §2§l§o[TenorClef] §rT2 [HIST] 3:09.2 SOLVE S144 jump-stuck collector — replace CollectIronIngotTask with wander (esc=2)
[19:50:02] [main/INFO] (Minecraft) [CHAT] §2§l§o[TenorClef] §rT2 [HIST] 3:09.2 CHILD CollectIronIngotTask -> TimeoutWanderTask ph=IRON @222,59,95 sky=15 wet=false ground=true pick=0 buck=0 iron=11 rods=0 pearls=0 eyes=0
[19:50:02] [pool-5-thread-4/INFO] (Minecraft) [STDOUT]: 844800 movements considered
[19:50:02] [pool-5-thread-4/INFO] (Minecraft) [STDOUT]: Open set size: 28382
[19:50:02] [pool-5-thread-4/INFO] (Minecraft) [STDOUT]: PathNode map size: 66782
[19:50:02] [pool-5-thread-4/INFO] (Minecraft) [STDOUT]: 76646 nodes per second
[19:50:02] [pool-5-thread-4/INFO] (Minecraft) [STDOUT]: Path goes for 169.31331902718108 blocks
[19:50:02] [main/INFO] (Minecraft) [CHAT] §2§l§o[TenorClef] §rT2 [NOW] t=3:09.8 ph=IRON @222,59,95 do=<Wander for Infinity blocks> Exploring. eq=dirt woodpick=1 stonepick=1 pick=0 iron=0 buck=0
[19:50:03] [main/INFO] (Minecraft) [CHAT] §2§l§o[TenorClef] §rT2 [HIST] 3:10.7 [E100] jumps=6 @222,61,95 ph=IRON child=TimeoutWanderTask
[19:50:03] [main/INFO] (Minecraft) [CHAT] §2§l§o[TenorClef] §rT2 [NOW] t=3:10.8 ph=IRON @222,62,95 do=<Wander for Infinity blocks> Exploring. eq=dirt woodpick=1 stonepick=1 pick=0 iron=0 buck=0
[19:50:04] [main/INFO] (Minecraft) [CHAT] §2§l§o[TenorClef] §rT2 [NOW] t=3:11.8 ph=IRON @222,62,95 do=<Wander for Infinity blocks> Exploring. eq=cobblestone woodpick=1 stonepick=1 pick=0 iron=0 buck=0
[19:50:05] [main/INFO] (Minecraft) [STDOUT]: ALTO CLEF: WARNING: T2 [S138] shaft ban clear left-xz ban=222,95 now=224,95 manh=2 left=40
[19:50:05] [main/INFO] (Minecraft) [CHAT] §2§l§o[TenorClef] §cT2 [S138] shaft ban clear left-xz ban=222,95 now=224,95 manh=2 left=40§r
[19:50:05] [main/INFO] (Minecraft) [CHAT] §2§l§o[TenorClef] §rT2 [HIST] 3:12.7 FORCE S138 shaft ban clear left-xz ban=222,95 now=224,95 manh=2 left=40
[19:50:05] [main/INFO] (Minecraft) [CHAT] §2§l§o[TenorClef] §rT2 [NOW] t=3:12.8 ph=IRON @224,64,95 do=<Wander for Infinity blocks> Exploring. eq=cobblestone woodpick=1 stonepick=1 pick=0 iron=0 buck=0
[19:50:06] [main/INFO] (Minecraft) [CHAT] §2§l§o[TenorClef] §rT2 [HIST] 3:13.2 SNAP ph=IRON @226,64,96 sky=15 wet=false ground=true pick=0 buck=0 iron=11 rods=0 pearls=0 eyes=0 child=TimeoutWanderTask dbg=<Wander for Infinity blocks> Exploring. mobs=none
[19:50:06] [main/INFO] (Minecraft) [CHAT] §2§l§o[TenorClef] §rT2 [NOW] t=3:13.8 ph=IRON @229,64,96 do=<Wander for Infinity blocks> Exploring. eq=cobblestone woodpick=1 stonepick=1 pick=0 iron=0 buck=0
[19:50:07] [main/INFO] (Minecraft) [STDOUT]: ALTO CLEF: WARNING: T2 [S134] pillar cool expire after flips=3 end=risen y=66 startY=62
[19:50:07] [main/INFO] (Minecraft) [CHAT] §2§l§o[TenorClef] §cT2 [S134] pillar cool expire after flips=3 end=risen y=66 startY=62§r
[19:50:07] [main/INFO] (Minecraft) [CHAT] §2§l§o[TenorClef] §rT2 [HIST] 3:14.7 FORCE S134 pillar cool expire after flips=3 end=risen y=66 startY=62
[19:50:07] [main/INFO] (Minecraft) [STDOUT]: ALTO CLEF: WARNING: T2 [S138] shaft ban clear left-xz ban=222,95 now=233,98 manh=14 left=60
[19:50:07] [main/INFO] (Minecraft) [CHAT] §2§l§o[TenorClef] §cT2 [S138] shaft ban clear left-xz ban=222,95 now=233,98 manh=14 left=60§r
[19:50:07] [main/INFO] (Minecraft) [CHAT] §2§l§o[TenorClef] §rT2 [HIST] 3:14.7 FORCE S138 shaft ban clear left-xz ban=222,95 now=233,98 manh=14 left=60
[19:50:07] [main/INFO] (Minecraft) [CHAT] §2§l§o[TenorClef] §rT2 [NOW] t=3:14.8 ph=IRON @233,64,98 do=<Wander for Infinity blocks> Exploring. eq=cobblestone woodpick=1 stonepick=1 pick=0 iron=0 buck=0
[19:50:08] [main/INFO] (Minecraft) [CHAT] §2§l§o[TenorClef] §rT2 [NOW] t=3:15.8 ph=IRON @237,64,101 do=<Wander for Infinity blocks> Exploring. eq=cobblestone woodpick=1 stonepick=1 pick=0 iron=0 buck=0
[19:50:08] [main/INFO] (Minecraft) [CHAT] §2§l§o[TenorClef] §rT2 [HB] t=3:15.9 ph=IRON y=64 child=TimeoutWanderTask logs=1 pick=0 woodpick=1
[19:50:09] [main/INFO] (Minecraft) [CHAT] §2§l§o[TenorClef] §rT2 [NOW] t=3:16.8 ph=IRON @242,64,102 do=<Wander for Infinity blocks> Exploring. eq=cobblestone woodpick=1 stonepick=1 pick=0 iron=0 buck=0
[19:50:10] [main/INFO] (Minecraft) [CHAT] §2§l§o[TenorClef] §rT2 [HIST] 3:17.2 WHY iron: smelt 22 in one furnace
[19:50:10] [main/INFO] (Minecraft) [CHAT] §2§l§o[TenorClef] §rT2 [HIST] 3:17.2 CHILD TimeoutWanderTask -> CollectIronIngotTask ph=IRON @243,64,102 sky=15 wet=false ground=true pick=0 buck=0 iron=11 rods=0 pearls=0 eyes=0
[19:50:10] [main/INFO] (Minecraft) [CHAT] §2§l§o[TenorClef] §rT2 [HIST] 3:17.7 SNAP ph=IRON @241,64,101 sky=15 wet=false ground=true pick=0 buck=0 iron=11 rods=0 pearls=0 eyes=0 child=CollectIronIngotTask dbg=<Collecting 22 iron.: [[iron_ingot] x 22]>  mobs=none
[19:50:10] [main/INFO] (Minecraft) [CHAT] §2§l§o[TenorClef] §rT2 [NOW] t=3:17.8 ph=IRON @241,64,101 do=<Collecting 22 iron.: [[iron_ingot] x 22]>  eq=cobblestone woodpick=1 stonepick=1 pick=0 iron=0 buck=0
[19:50:11] [main/INFO] (Minecraft) [CHAT] §2§l§o[TenorClef] §rT2 [NOW] t=3:18.8 ph=IRON @241,64,101 do=<Collecting 22 iron.: [[iron_ingot] x 22]>  eq=stone_pickaxe woodpick=1 stonepick=1 pick=0 iron=0 buck=0
[19:50:12] [main/INFO] (Minecraft) [CHAT] §2§l§o[TenorClef] §rT2 [NOW] t=3:19.8 ph=IRON @241,63,100 do=<Collecting 22 iron.: [[iron_ingot] x 22]>  eq=cobblestone woodpick=1 stonepick=1 pick=0 iron=0 buck=0
[19:50:13] [main/INFO] (Minecraft) [CHAT] §2§l§o[TenorClef] §rT2 [HIST] 3:20.2 SNAP ph=IRON @241,63,100 sky=15 wet=false ground=true pick=0 buck=0 iron=11 rods=0 pearls=0 eyes=0 child=CollectIronIngotTask dbg=<Collecting 22 iron.: [[iron_ingot] x 22]>  mobs=none
[19:50:13] [main/INFO] (Minecraft) [STDOUT]: ALTO CLEF: WARNING: T2 [S130] START trigger=flips=3 ph=IRON prev=CollectIronIngotTask cycle=1 pos=241,62,100 walls=4/4/4 sky=15 place=52 boxed=true hold=false cool=0 ban=0 startY=62 step=0
[19:50:13] [main/INFO] (Minecraft) [CHAT] §2§l§o[TenorClef] §cT2 [S130] START trigger=flips=3 ph=IRON prev=CollectIronIngotTask cycle=1 pos=241,62,100 walls=4/4/4 sky=15 place=52 boxed=true hold=false cool=0 ban=0 startY=62 step=0§r
[19:50:13] [main/INFO] (Minecraft) [CHAT] §2§l§o[TenorClef] §rT2 [HIST] 3:20.3 FORCE S130 START trigger=flips=3 ph=IRON prev=CollectIronIngotTask cycle=1 pos=241,62,100 walls=4/4/4 sky=15 place=52 boxed=true hold=false cool=0 ban=0 startY=62 step=0
[19:50:13] [main/INFO] (Minecraft) [CHAT] §2§l§o[TenorClef] §rT2 [HIST] 3:20.3 PILLAR START flips=3 prev=CollectIronIngotTask
[19:50:13] [main/INFO] (Minecraft) [CHAT] §2§l§o[TenorClef] §rT2 [HIST] 3:20.3 SOLVE S130 pillar-out @241,62,100 ph=IRON flips=3
[19:50:13] [main/INFO] (Minecraft) [CHAT] §2§l§o[TenorClef] §rT2 [HIST] 3:20.3 CHILD CollectIronIngotTask -> HolePillarTask ph=IRON @241,62,100 sky=15 wet=false ground=false pick=0 buck=0 iron=11 rods=0 pearls=0 eyes=0
[19:50:13] [main/INFO] (Minecraft) [STDOUT]: ALTO CLEF: WARNING: T2 [S130] tick y=62 slot=0 air=true pos=241,62,100 walls=4/4/4 sky=15 place=52 boxed=true hold=true cool=0 ban=0 startY=62 step=1
[19:50:13] [main/INFO] (Minecraft) [CHAT] §2§l§o[TenorClef] §cT2 [S130] tick y=62 slot=0 air=true pos=241,62,100 walls=4/4/4 sky=15 place=52 boxed=true hold=true cool=0 ban=0 startY=62 step=1§r
[19:50:13] [main/INFO] (Minecraft) [CHAT] §2§l§o[TenorClef] §rT2 [HIST] 3:20.3 FORCE S130 tick y=62 slot=0 air=true pos=241,62,100 walls=4/4/4 sky=15 place=52 boxed=true hold=true cool=0 ban=0 startY=62 step=1
[19:50:13] [main/INFO] (Minecraft) [CHAT] §2§l§o[TenorClef] §rT2 [NOW] t=3:20.8 ph=IRON @241,63,100 do=<T2 pillar-out>  eq=cobblestone woodpick=1 stonepick=1 pick=0 iron=0 buck=0
[19:50:14] [main/INFO] (Minecraft) [STDOUT]: ALTO CLEF: WARNING: T2 [S130] tick y=64 slot=0 air=true pos=241,64,100 walls=0/0/4 sky=15 place=51 boxed=false hold=true cool=0 ban=0 startY=62 step=21
[19:50:14] [main/INFO] (Minecraft) [CHAT] §2§l§o[TenorClef] §cT2 [S130] tick y=64 slot=0 air=true pos=241,64,100 walls=0/0/4 sky=15 place=51 boxed=false hold=true cool=0 ban=0 startY=62 step=21§r
[19:50:14] [main/INFO] (Minecraft) [CHAT] §2§l§o[TenorClef] §rT2 [HIST] 3:21.3 FORCE S130 tick y=64 slot=0 air=true pos=241,64,100 walls=0/0/4 sky=15 place=51 boxed=false hold=true cool=0 ban=0 startY=62 step=21
[19:50:14] [main/INFO] (Minecraft) [CHAT] §2§l§o[TenorClef] §rT2 [NOW] t=3:21.8 ph=IRON @241,65,100 do=<T2 pillar-out>  eq=cobblestone woodpick=1 stonepick=1 pick=0 iron=0 buck=0
[19:50:15] [main/INFO] (Minecraft) [STDOUT]: ALTO CLEF: WARNING: T2 [S139] rise confirmed +4y y=66 startY=62 pos=241,66,100 walls=0/0/0 sky=15 place=50 boxed=false hold=true cool=0 ban=0 startY=62 step=37
[19:50:15] [main/INFO] (Minecraft) [CHAT] §2§l§o[TenorClef] §cT2 [S139] rise confirmed +4y y=66 startY=62 pos=241,66,100 walls=0/0/0 sky=15 place=50 boxed=false hold=true cool=0 ban=0 startY=62 step=37§r
[19:50:15] [main/INFO] (Minecraft) [CHAT] §2§l§o[TenorClef] §rT2 [HIST] 3:22.1 FORCE S139 rise confirmed +4y y=66 startY=62 pos=241,66,100 walls=0/0/0 sky=15 place=50 boxed=false hold=true cool=0 ban=0 startY=62 step=37
[19:50:15] [main/INFO] (Minecraft) [STDOUT]: ALTO CLEF: WARNING: T2 [S133] cool arm ticks=80 reason=risen y=66 startY=62 ban=241,100 pos=241,66,100 walls=0/0/0 sky=15 place=50 boxed=false hold=true cool=80 ban=80 startY=62 step=37
[19:50:15] [main/INFO] (Minecraft) [CHAT] §2§l§o[TenorClef] §cT2 [S133] cool arm ticks=80 reason=risen y=66 startY=62 ban=241,100 pos=241,66,100 walls=0/0/0 sky=15 place=50 boxed=false hold=true cool=80 ban=80 startY=62 step=37§r
[19:50:15] [main/INFO] (Minecraft) [CHAT] §2§l§o[TenorClef] §rT2 [HIST] 3:22.1 FORCE S133 cool arm ticks=80 reason=risen y=66 startY=62 ban=241,100 pos=241,66,100 walls=0/0/0 sky=15 place=50 boxed=false hold=true cool=80 ban=80 startY=62 step=37
[19:50:15] [main/INFO] (Minecraft) [STDOUT]: ALTO CLEF: WARNING: T2 [S136] END reason=risen y=66 startY=62 roseReal=true giveUp=true pos=241,66,100 walls=0/0/0 sky=15 place=50 boxed=false hold=true cool=80 ban=80 startY=62 step=37
[19:50:15] [main/INFO] (Minecraft) [CHAT] §2§l§o[TenorClef] §cT2 [S136] END reason=risen y=66 startY=62 roseReal=true giveUp=true pos=241,66,100 walls=0/0/0 sky=15 place=50 boxed=false hold=true cool=80 ban=80 startY=62 step=37§r
[19:50:15] [main/INFO] (Minecraft) [CHAT] §2§l§o[TenorClef] §rT2 [HIST] 3:22.1 FORCE S136 END reason=risen y=66 startY=62 roseReal=true giveUp=true pos=241,66,100 walls=0/0/0 sky=15 place=50 boxed=false hold=true cool=80 ban=80 startY=62 step=37
[19:50:15] [main/INFO] (Minecraft) [CHAT] §2§l§o[TenorClef] §rT2 [HIST] 3:22.1 PILLAR END risen y=66 startY=62
[19:50:15] [main/INFO] (Minecraft) [CHAT] §2§l§o[TenorClef] §rT2 [HIST] 3:22.2 WHY iron: smelt 22 in one furnace
[19:50:15] [main/INFO] (Minecraft) [STDOUT]: ALTO CLEF: WARNING: T2 [S136] stick drop pillar -> CollectIronIngotTask finished=true hold=false cool=79 end=risen y=66 startY=62 pos=241,66,100 walls=0/0/0 sky=15 place=50 boxed=false hold=false cool=79 ban=79 startY=- step=0
[19:50:15] [main/INFO] (Minecraft) [CHAT] §2§l§o[TenorClef] §cT2 [S136] stick drop pillar -> CollectIronIngotTask finished=true hold=false cool=79 end=risen y=66 startY=62 pos=241,66,100 walls=0/0/0 sky=15 place=50 boxed=false hold=false cool=79 ban=79 startY=- step=0§r
[19:50:15] [main/INFO] (Minecraft) [CHAT] §2§l§o[TenorClef] §rT2 [HIST] 3:22.2 FORCE S136 stick drop pillar -> CollectIronIngotTask finished=true hold=false cool=79 end=risen y=66 startY=62 pos=241,66,100 walls=0/0/0 sky=15 place=50 boxed=false hold=false cool=79 ban=79 startY=- step=0
[19:50:15] [main/INFO] (Minecraft) [CHAT] §2§l§o[TenorClef] §rT2 [HIST] 3:22.2 CHILD HolePillarTask -> CollectIronIngotTask ph=IRON @241,66,100 sky=15 wet=false ground=false pick=0 buck=0 iron=11 rods=0 pearls=0 eyes=0
[19:50:15] [main/INFO] (Minecraft) [STDOUT]: ALTO CLEF: WARNING: T2 [S136] onStop interrupt=CollectIronIngotTask finishWhy=givingUp cool=79 lastEnd=risen y=66 startY=62 pos=241,66,100 walls=0/0/0 sky=15 place=50 boxed=false hold=false cool=79 ban=79 startY=- step=0
[19:50:15] [main/INFO] (Minecraft) [CHAT] §2§l§o[TenorClef] §cT2 [S136] onStop interrupt=CollectIronIngotTask finishWhy=givingUp cool=79 lastEnd=risen y=66 startY=62 pos=241,66,100 walls=0/0/0 sky=15 place=50 boxed=false hold=false cool=79 ban=79 startY=- step=0§r
[19:50:15] [main/INFO] (Minecraft) [CHAT] §2§l§o[TenorClef] §rT2 [HIST] 3:22.2 FORCE S136 onStop interrupt=CollectIronIngotTask finishWhy=givingUp cool=79 lastEnd=risen y=66 startY=62 pos=241,66,100 walls=0/0/0 sky=15 place=50 boxed=false hold=false cool=79 ban=79 startY=- step=0
[19:50:15] [main/INFO] (Minecraft) [CHAT] §2§l§o[TenorClef] §rMineAndCollect: equip item.minecraft.stone_pickaxe for block.minecraft.iron_ore
[19:50:15] [main/INFO] (Minecraft) [CHAT] §2§l§o[TenorClef] §rT2 [NOW] t=3:22.8 ph=IRON @241,65,100 do=<Collecting 22 iron.: [[iron_ingot] x 22]>  eq=stone_pickaxe woodpick=1 stonepick=1 pick=0 iron=0 buck=0
[19:50:15] [main/INFO] (Minecraft) [STDOUT]: ALTO CLEF: WARNING: T2 [E100] jumps=12 @241,65,100 ph=IRON child=CollectIronIngotTask
[19:50:15] [main/INFO] (Minecraft) [CHAT] §2§l§o[TenorClef] §cT2 [E100] jumps=12 @241,65,100 ph=IRON child=CollectIronIngotTask§r
[19:50:15] [main/INFO] (Minecraft) [CHAT] §2§l§o[TenorClef] §rT2 [HIST] 3:23.0 [E100] jumps=12 @241,65,100 ph=IRON child=CollectIronIngotTask
[19:50:16] [main/INFO] (Minecraft) [CHAT] §2§l§o[TenorClef] §rT2 [HIST] 3:23.6 SNAP ph=IRON @241,64,100 sky=15 wet=false ground=true pick=0 buck=0 iron=11 rods=0 pearls=0 eyes=0 child=CollectIronIngotTask dbg=<Collecting 22 iron.: [[iron_ingot] x 22]>  mobs=none
[19:50:16] [main/INFO] (Minecraft) [CHAT] §2§l§o[TenorClef] §rT2 [NOW] t=3:23.8 ph=IRON @241,64,100 do=<Collecting 22 iron.: [[iron_ingot] x 22]>  eq=stone_pickaxe woodpick=1 stonepick=1 pick=0 iron=0 buck=0
[19:50:17] [main/INFO] (Minecraft) [CHAT] §2§l§o[TenorClef] §rT2 [NOW] t=3:24.8 ph=IRON @241,63,100 do=<Collecting 22 iron.: [[iron_ingot] x 22]>  eq=stone_pickaxe woodpick=1 stonepick=1 pick=0 iron=0 buck=0
[19:50:18] [main/INFO] (Minecraft) [STDOUT]: ALTO CLEF: WARNING: T2 [S135] S130 suppressed why=would-S130 but busy cool=14 flips=6 sameXz=66 child=CollectIronIngotTask cool=14 ban=14 hold=false pos=241,62,100 walls=4/4/4 sky=15 place=52 boxed=true hold=false cool=14 ban=14 startY=- step=0
[19:50:18] [main/INFO] (Minecraft) [CHAT] §2§l§o[TenorClef] §cT2 [S135] S130 suppressed why=would-S130 but busy cool=14 flips=6 sameXz=66 child=CollectIronIngotTask cool=14 ban=14 hold=false pos=241,62,100 walls=4/4/4 sky=15 place=52 boxed=true hold=false cool=14 ban=14 startY=- step=0§r
[19:50:18] [main/INFO] (Minecraft) [CHAT] §2§l§o[TenorClef] §rT2 [HIST] 3:25.4 FORCE S135 S130 suppressed why=would-S130 but busy cool=14 flips=6 sameXz=66 child=CollectIronIngotTask cool=14 ban=14 hold=false pos=241,62,100 walls=4/4/4 sky=15 place=52 boxed=true hold=false cool=14 ban=14 startY=- step=0
[19:50:18] [main/INFO] (Minecraft) [STDOUT]: ALTO CLEF: WARNING: T2 [S100] stop jump-walk @241,100 ph=IRON child=CollectIronIngotTask esc=0
[19:50:18] [main/INFO] (Minecraft) [CHAT] §2§l§o[TenorClef] §cT2 [S100] stop jump-walk @241,100 ph=IRON child=CollectIronIngotTask esc=0§r
[19:50:18] [main/INFO] (Minecraft) [CHAT] §2§l§o[TenorClef] §rT2 [HIST] 3:25.4 SOLVE S100 stop jump-walk @241,100 ph=IRON child=CollectIronIngotTask esc=0
[19:50:18] [main/INFO] (Minecraft) [CHAT] §2§l§o[TenorClef] §rMineAndCollect: equip item.minecraft.stone_pickaxe for block.minecraft.iron_ore
[19:50:18] [main/INFO] (Minecraft) [CHAT] §2§l§o[TenorClef] §rMineAndCollect: equip item.minecraft.stone_pickaxe for block.minecraft.iron_ore
[19:50:18] [main/INFO] (Minecraft) [CHAT] §2§l§o[TenorClef] §rT2 [HIST] 3:25.6 [E100] jumps=6 @241,62,100 ph=IRON child=CollectIronIngotTask
[19:50:18] [main/INFO] (Minecraft) [CHAT] §2§l§o[TenorClef] §rMineAndCollect: equip item.minecraft.stone_pickaxe for block.minecraft.iron_ore
[19:50:18] [main/INFO] (Minecraft) [STDOUT]: ALTO CLEF: WARNING: T2 [S109] equip pick for mining (was holding cobblestone)
[19:50:18] [main/INFO] (Minecraft) [CHAT] §2§l§o[TenorClef] §cT2 [S109] equip pick for mining (was holding cobblestone)§r
[19:50:18] [main/INFO] (Minecraft) [CHAT] §2§l§o[TenorClef] §rT2 [HIST] 3:25.8 SOLVE S109 equip pick for mining (was holding cobblestone)
[19:50:18] [main/INFO] (Minecraft) [CHAT] §2§l§o[TenorClef] §rT2 [NOW] t=3:25.8 ph=IRON @241,62,100 do=<Collecting 22 iron.: [[iron_ingot] x 22]>  eq=cobblestone woodpick=1 stonepick=1 pick=0 iron=0 buck=0
[19:50:18] [main/INFO] (Minecraft) [CHAT] §2§l§o[TenorClef] §rMineAndCollect: equip item.minecraft.stone_pickaxe for block.minecraft.iron_ore
[19:50:18] [main/INFO] (Minecraft) [CHAT] §2§l§o[TenorClef] §rMineAndCollect: equip item.minecraft.stone_pickaxe for block.minecraft.iron_ore
[19:50:18] [main/INFO] (Minecraft) [CHAT] §2§l§o[TenorClef] §rMineAndCollect: equip item.minecraft.stone_pickaxe for block.minecraft.iron_ore
[19:50:19] [main/INFO] (Minecraft) [STDOUT]: ALTO CLEF: WARNING: T2 [S134] pillar cool expire after flips=3 end=risen y=66 startY=62
[19:50:19] [main/INFO] (Minecraft) [CHAT] §2§l§o[TenorClef] §cT2 [S134] pillar cool expire after flips=3 end=risen y=66 startY=62§r
[19:50:19] [main/INFO] (Minecraft) [CHAT] §2§l§o[TenorClef] §rT2 [HIST] 3:26.1 FORCE S134 pillar cool expire after flips=3 end=risen y=66 startY=62
[19:50:19] [main/INFO] (Minecraft) [STDOUT]: ALTO CLEF: WARNING: T2 [S137] re-cool still-boxed@241,100 n=1 ticks=160 end=risen y=66 startY=62 pos=241,62,100 walls=4/4/4 sky=15 place=53 boxed=true hold=false cool=160 ban=160 startY=- step=0
[19:50:19] [main/INFO] (Minecraft) [CHAT] §2§l§o[TenorClef] §cT2 [S137] re-cool still-boxed@241,100 n=1 ticks=160 end=risen y=66 startY=62 pos=241,62,100 walls=4/4/4 sky=15 place=53 boxed=true hold=false cool=160 ban=160 startY=- step=0§r
[19:50:19] [main/INFO] (Minecraft) [CHAT] §2§l§o[TenorClef] §rT2 [HIST] 3:26.1 FORCE S137 re-cool still-boxed@241,100 n=1 ticks=160 end=risen y=66 startY=62 pos=241,62,100 walls=4/4/4 sky=15 place=53 boxed=true hold=false cool=160 ban=160 startY=- step=0
[19:50:19] [main/INFO] (Minecraft) [CHAT] §2§l§o[TenorClef] §rT2 [HIST] 3:26.1 SNAP ph=IRON @241,62,100 sky=15 wet=false ground=true pick=0 buck=0 iron=11 rods=0 pearls=0 eyes=0 child=CollectIronIngotTask dbg=<Collecting 22 iron.: [[iron_ingot] x 22]>  mobs=none
[19:50:19] [main/INFO] (Minecraft) [CHAT] §2§l§o[TenorClef] §rT2 [HIST] 3:26.2 WHY iron: smelt 22 in one furnace
[19:50:19] [main/INFO] (Minecraft) [CHAT] §2§l§o[TenorClef] §rMineAndCollect: equip item.minecraft.stone_pickaxe for block.minecraft.iron_ore
[19:50:19] [main/INFO] (Minecraft) [CHAT] §2§l§o[TenorClef] §rMineAndCollect: equip item.minecraft.stone_pickaxe for block.minecraft.iron_ore
[19:50:19] [main/INFO] (Minecraft) [CHAT] §2§l§o[TenorClef] §rMineAndCollect: equip item.minecraft.stone_pickaxe for block.minecraft.iron_ore
[19:50:19] [main/INFO] (Minecraft) [CHAT] §2§l§o[TenorClef] §rMineAndCollect: equip item.minecraft.stone_pickaxe for block.minecraft.iron_ore
[19:50:19] [main/INFO] (Minecraft) [CHAT] §2§l§o[TenorClef] §rMineAndCollect: equip item.minecraft.stone_pickaxe for block.minecraft.iron_ore
[19:50:19] [main/INFO] (Minecraft) [CHAT] §2§l§o[TenorClef] §rT2 [NOW] t=3:26.8 ph=IRON @241,61,100 do=<Collecting 22 iron.: [[iron_ingot] x 22]>  eq=stone_pickaxe woodpick=1 stonepick=1 pick=0 iron=0 buck=0
[19:50:20] [main/INFO] (Minecraft) [CHAT] §2§l§o[TenorClef] §rT2 [NOW] t=3:27.8 ph=IRON @241,61,100 do=<Collecting 22 iron.: [[iron_ingot] x 22]>  eq=stone_pickaxe woodpick=1 stonepick=1 pick=0 iron=0 buck=0
[19:50:21] [main/INFO] (Minecraft) [STDOUT]: ALTO CLEF: WARNING: T2 [S135] S130 suppressed why=would-S130 but busy cool=121 flips=3 sameXz=40 child=CollectIronIngotTask cool=121 ban=121 hold=false pos=241,60,100 walls=4/4/4 sky=15 place=54 boxed=true hold=false cool=121 ban=121 startY=- step=0
[19:50:21] [main/INFO] (Minecraft) [CHAT] §2§l§o[TenorClef] §cT2 [S135] S130 suppressed why=would-S130 but busy cool=121 flips=3 sameXz=40 child=CollectIronIngotTask cool=121 ban=121 hold=false pos=241,60,100 walls=4/4/4 sky=15 place=54 boxed=true hold=false cool=121 ban=121 startY=- step=0§r
[19:50:21] [main/INFO] (Minecraft) [CHAT] §2§l§o[TenorClef] §rT2 [HIST] 3:28.1 FORCE S135 S130 suppressed why=would-S130 but busy cool=121 flips=3 sameXz=40 child=CollectIronIngotTask cool=121 ban=121 hold=false pos=241,60,100 walls=4/4/4 sky=15 place=54 boxed=true hold=false cool=121 ban=121 startY=- step=0
[19:50:21] [main/INFO] (Minecraft) [CHAT] §2§l§o[TenorClef] §rT2 [HIST] 3:28.5 WHY iron: smelt 24 in one furnace
[19:50:21] [main/INFO] (Minecraft) [CHAT] §2§l§o[TenorClef] §rT2 [HIST] 3:28.6 SNAP ph=IRON @241,60,100 sky=15 wet=false ground=true pick=0 buck=0 iron=12 rods=0 pearls=0 eyes=0 child=CollectIronIngotTask dbg=<Collecting 22 iron.: [[iron_ingot] x 22]>  mobs=none
[19:50:21] [main/INFO] (Minecraft) [CHAT] §2§l§o[TenorClef] §rT2 [NOW] t=3:28.8 ph=IRON @241,60,100 do=<Collecting 22 iron.: [[iron_ingot] x 22]>  eq=stone_pickaxe woodpick=1 stonepick=1 pick=0 iron=0 buck=0
[19:50:22] [main/INFO] (Minecraft) [STDOUT]: ALTO CLEF: WARNING: T2 [E100] jumps=6 @241,59,100 ph=IRON child=CollectIronIngotTask
[19:50:22] [main/INFO] (Minecraft) [CHAT] §2§l§o[TenorClef] §cT2 [E100] jumps=6 @241,59,100 ph=IRON child=CollectIronIngotTask§r
[19:50:22] [main/INFO] (Minecraft) [CHAT] §2§l§o[TenorClef] §rT2 [HIST] 3:29.6 [E100] jumps=6 @241,59,100 ph=IRON child=CollectIronIngotTask
[19:50:22] [main/INFO] (Minecraft) [CHAT] §2§l§o[TenorClef] §rT2 [HIST] 3:29.6 SOLVE S100 stop jump-walk @241,100 ph=IRON child=CollectIronIngotTask esc=1
[19:50:22] [main/INFO] (Minecraft) [STDOUT]: ALTO CLEF: WARNING: T2 [S144] jump-stuck collector — replace CollectIronIngotTask with wander (esc=2)
[19:50:22] [main/INFO] (Minecraft) [CHAT] §2§l§o[TenorClef] §cT2 [S144] jump-stuck collector — replace CollectIronIngotTask with wander (esc=2)§r
[19:50:22] [main/INFO] (Minecraft) [CHAT] §2§l§o[TenorClef] §rT2 [HIST] 3:29.6 SOLVE S144 jump-stuck collector — replace CollectIronIngotTask with wander (esc=2)
[19:50:22] [main/INFO] (Minecraft) [CHAT] §2§l§o[TenorClef] §rT2 [HIST] 3:29.6 CHILD CollectIronIngotTask -> TimeoutWanderTask ph=IRON @241,59,100 sky=15 wet=false ground=true pick=0 buck=0 iron=12 rods=0 pearls=0 eyes=0
[19:50:22] [main/INFO] (Minecraft) [CHAT] §2§l§o[TenorClef] §rT2 [NOW] t=3:29.8 ph=IRON @241,59,100 do=<Wander for Infinity blocks> Exploring. eq=stone_pickaxe woodpick=1 stonepick=1 pick=0 iron=0 buck=0
[19:50:23] [pool-5-thread-4/INFO] (Minecraft) [STDOUT]: 782848 movements considered
[19:50:23] [pool-5-thread-4/INFO] (Minecraft) [STDOUT]: Open set size: 28305
[19:50:23] [pool-5-thread-4/INFO] (Minecraft) [STDOUT]: PathNode map size: 63888
[19:50:23] [pool-5-thread-4/INFO] (Minecraft) [STDOUT]: 71168 nodes per second
[19:50:23] [pool-5-thread-4/INFO] (Minecraft) [STDOUT]: Path goes for 170.73078222745892 blocks
[19:50:23] [main/INFO] (Minecraft) [CHAT] §2§l§o[TenorClef] §rT2 [NOW] t=3:30.8 ph=IRON @241,61,100 do=<Wander for Infinity blocks> Exploring. eq=dirt woodpick=1 stonepick=1 pick=0 iron=0 buck=0
[19:50:24] [main/INFO] (Minecraft) [CHAT] §2§l§o[TenorClef] §rT2 [HIST] 3:31.5 [E100] jumps=6 @241,62,100 ph=IRON child=TimeoutWanderTask
[19:50:24] [main/INFO] (Minecraft) [CHAT] §2§l§o[TenorClef] §rT2 [NOW] t=3:31.8 ph=IRON @241,62,100 do=<Wander for Infinity blocks> Exploring. eq=cobblestone woodpick=1 stonepick=1 pick=0 iron=0 buck=0
[19:50:25] [main/INFO] (Minecraft) [CHAT] §2§l§o[TenorClef] §rT2 [HIST] 3:32.6 SNAP ph=IRON @241,63,100 sky=15 wet=false ground=false pick=0 buck=0 iron=12 rods=0 pearls=0 eyes=0 child=TimeoutWanderTask dbg=<Wander for Infinity blocks> Exploring. mobs=none
[19:50:25] [main/INFO] (Minecraft) [CHAT] §2§l§o[TenorClef] §rT2 [NOW] t=3:32.8 ph=IRON @241,63,101 do=<Wander for Infinity blocks> Exploring. eq=cobblestone woodpick=1 stonepick=1 pick=0 iron=0 buck=0
[19:50:26] [main/INFO] (Minecraft) [STDOUT]: ALTO CLEF: WARNING: T2 [S138] shaft ban clear left-xz ban=241,100 now=241,102 manh=2 left=18
[19:50:26] [main/INFO] (Minecraft) [CHAT] §2§l§o[TenorClef] §cT2 [S138] shaft ban clear left-xz ban=241,100 now=241,102 manh=2 left=18§r
[19:50:26] [main/INFO] (Minecraft) [CHAT] §2§l§o[TenorClef] §rT2 [HIST] 3:33.3 FORCE S138 shaft ban clear left-xz ban=241,100 now=241,102 manh=2 left=18
[19:50:26] [main/INFO] (Minecraft) [CHAT] §2§l§o[TenorClef] §rT2 [NOW] t=3:33.8 ph=IRON @242,64,104 do=<Wander for Infinity blocks> Exploring. eq=cobblestone woodpick=1 stonepick=1 pick=0 iron=0 buck=0
[19:50:27] [main/INFO] (Minecraft) [STDOUT]: ALTO CLEF: WARNING: T2 [S134] pillar cool expire after flips=3 end=risen y=66 startY=62
[19:50:27] [main/INFO] (Minecraft) [CHAT] §2§l§o[TenorClef] §cT2 [S134] pillar cool expire after flips=3 end=risen y=66 startY=62§r
[19:50:27] [main/INFO] (Minecraft) [CHAT] §2§l§o[TenorClef] §rT2 [HIST] 3:34.1 FORCE S134 pillar cool expire after flips=3 end=risen y=66 startY=62
[19:50:27] [main/INFO] (Minecraft) [STDOUT]: ALTO CLEF: WARNING: T2 [S138] shaft ban clear left-xz ban=241,100 now=242,106 manh=7 left=60
[19:50:27] [main/INFO] (Minecraft) [CHAT] §2§l§o[TenorClef] §cT2 [S138] shaft ban clear left-xz ban=241,100 now=242,106 manh=7 left=60§r
[19:50:27] [main/INFO] (Minecraft) [CHAT] §2§l§o[TenorClef] §rT2 [HIST] 3:34.2 FORCE S138 shaft ban clear left-xz ban=241,100 now=242,106 manh=7 left=60
[19:50:27] [main/INFO] (Minecraft) [CHAT] §2§l§o[TenorClef] §rRefreshed inventory...
[19:50:27] [main/INFO] (Minecraft) [CHAT] §2§l§o[TenorClef] §rT2 [NOW] t=3:34.8 ph=IRON @245,64,107 do=<Wander for Infinity blocks> Exploring. eq=cobblestone woodpick=1 stonepick=1 pick=0 iron=0 buck=0
[19:50:28] [main/INFO] (Minecraft) [CHAT] §2§l§o[TenorClef] §rT2 [HB] t=3:35.4 ph=IRON y=64 child=TimeoutWanderTask logs=1 pick=0 woodpick=1
[19:50:28] [main/INFO] (Minecraft) [CHAT] §2§l§o[TenorClef] §rT2 [NOW] t=3:35.8 ph=IRON @246,64,112 do=<Wander for Infinity blocks> Exploring. eq=cobblestone woodpick=1 stonepick=1 pick=0 iron=0 buck=0
[19:50:29] [main/INFO] (Minecraft) [CHAT] §2§l§o[TenorClef] §rT2 [NOW] t=3:36.8 ph=IRON @247,64,116 do=<Wander for Infinity blocks> Exploring. eq=cobblestone woodpick=1 stonepick=1 pick=0 iron=0 buck=0
[19:50:30] [pool-5-thread-4/INFO] (Minecraft) [STDOUT]: 425216 movements considered
[19:50:30] [pool-5-thread-4/INFO] (Minecraft) [STDOUT]: Open set size: 21202
[19:50:30] [pool-5-thread-4/INFO] (Minecraft) [STDOUT]: PathNode map size: 40530
[19:50:30] [pool-5-thread-4/INFO] (Minecraft) [STDOUT]: 38501 nodes per second
[19:50:30] [pool-5-thread-4/INFO] (Minecraft) [STDOUT]: Path goes for 154.26276284314372 blocks
[19:50:30] [main/INFO] (Minecraft) [CHAT] §2§l§o[TenorClef] §rT2 [HIST] 3:37.6 SNAP ph=IRON @247,64,117 sky=15 wet=false ground=true pick=0 buck=0 iron=12 rods=0 pearls=0 eyes=0 child=TimeoutWanderTask dbg=<Wander for Infinity blocks> Exploring. mobs=none
[19:50:30] [main/INFO] (Minecraft) [CHAT] §2§l§o[TenorClef] §rT2 [HIST] 3:37.7 WHY iron: smelt 24 in one furnace
[19:50:30] [main/INFO] (Minecraft) [CHAT] §2§l§o[TenorClef] §rT2 [HIST] 3:37.7 CHILD TimeoutWanderTask -> CollectIronIngotTask ph=IRON @247,64,117 sky=15 wet=false ground=true pick=0 buck=0 iron=12 rods=0 pearls=0 eyes=0
[19:50:30] [main/INFO] (Minecraft) [CHAT] §2§l§o[TenorClef] §rT2 [NOW] t=3:37.8 ph=IRON @247,64,117 do=<Collecting 24 iron.: [[iron_ingot] x 24]>  eq=stone_pickaxe woodpick=1 stonepick=1 pick=0 iron=0 buck=0
[19:50:31] [main/INFO] (Minecraft) [CHAT] §2§l§o[TenorClef] §rT2 [NOW] t=3:38.8 ph=IRON @246,64,112 do=<Collecting 24 iron.: [[iron_ingot] x 24]>  eq=stone_pickaxe woodpick=1 stonepick=1 pick=0 iron=0 buck=0
[19:50:32] [main/INFO] (Minecraft) [CHAT] §2§l§o[TenorClef] §rT2 [NOW] t=3:39.8 ph=IRON @246,64,112 do=<Collecting 24 iron.: [[iron_ingot] x 24]>  eq=cobblestone woodpick=1 stonepick=1 pick=0 iron=0 buck=0
[19:50:33] [main/INFO] (Minecraft) [CHAT] §2§l§o[TenorClef] §rT2 [HIST] 3:40.1 SNAP ph=IRON @246,63,112 sky=15 wet=false ground=false pick=0 buck=0 iron=12 rods=0 pearls=0 eyes=0 child=CollectIronIngotTask dbg=<Collecting 24 iron.: [[iron_ingot] x 24]>  mobs=none
[19:50:33] [main/INFO] (Minecraft) [CHAT] §2§l§o[TenorClef] §rT2 [NOW] t=3:40.8 ph=IRON @246,63,112 do=<Collecting 24 iron.: [[iron_ingot] x 24]>  eq=cobblestone woodpick=1 stonepick=1 pick=0 iron=0 buck=0
[19:50:33] [main/INFO] (Minecraft) [STDOUT]: ALTO CLEF: WARNING: T2 [S130] START trigger=flips=3 ph=IRON prev=CollectIronIngotTask cycle=1 pos=246,62,112 walls=4/4/4 sky=15 place=54 boxed=true hold=false cool=0 ban=0 startY=62 step=0
[19:50:33] [main/INFO] (Minecraft) [CHAT] §2§l§o[TenorClef] §cT2 [S130] START trigger=flips=3 ph=IRON prev=CollectIronIngotTask cycle=1 pos=246,62,112 walls=4/4/4 sky=15 place=54 boxed=true hold=false cool=0 ban=0 startY=62 step=0§r
[19:50:33] [main/INFO] (Minecraft) [CHAT] §2§l§o[TenorClef] §rT2 [HIST] 3:41.0 FORCE S130 START trigger=flips=3 ph=IRON prev=CollectIronIngotTask cycle=1 pos=246,62,112 walls=4/4/4 sky=15 place=54 boxed=true hold=false cool=0 ban=0 startY=62 step=0
[19:50:33] [main/INFO] (Minecraft) [CHAT] §2§l§o[TenorClef] §rT2 [HIST] 3:41.0 PILLAR START flips=3 prev=CollectIronIngotTask
[19:50:33] [main/INFO] (Minecraft) [CHAT] §2§l§o[TenorClef] §rT2 [HIST] 3:41.0 SOLVE S130 pillar-out @246,62,112 ph=IRON flips=3
[19:50:33] [main/INFO] (Minecraft) [CHAT] §2§l§o[TenorClef] §rT2 [HIST] 3:41.0 CHILD CollectIronIngotTask -> HolePillarTask ph=IRON @246,62,112 sky=15 wet=false ground=false pick=0 buck=0 iron=12 rods=0 pearls=0 eyes=0
[19:50:33] [main/INFO] (Minecraft) [STDOUT]: ALTO CLEF: WARNING: T2 [S130] tick y=62 slot=0 air=true pos=246,62,112 walls=4/4/4 sky=15 place=54 boxed=true hold=true cool=0 ban=0 startY=62 step=1
[19:50:33] [main/INFO] (Minecraft) [CHAT] §2§l§o[TenorClef] §cT2 [S130] tick y=62 slot=0 air=true pos=246,62,112 walls=4/4/4 sky=15 place=54 boxed=true hold=true cool=0 ban=0 startY=62 step=1§r
[19:50:33] [main/INFO] (Minecraft) [CHAT] §2§l§o[TenorClef] §rT2 [HIST] 3:41.0 FORCE S130 tick y=62 slot=0 air=true pos=246,62,112 walls=4/4/4 sky=15 place=54 boxed=true hold=true cool=0 ban=0 startY=62 step=1
[19:50:34] [main/INFO] (Minecraft) [CHAT] §2§l§o[TenorClef] §rT2 [NOW] t=3:41.8 ph=IRON @246,63,112 do=<T2 pillar-out>  eq=cobblestone woodpick=1 stonepick=1 pick=0 iron=0 buck=0
[19:50:34] [main/INFO] (Minecraft) [CHAT] §2§l§o[TenorClef] §rT2 [HB] t=3:42.0 ph=IRON y=64 child=HolePillarTask logs=1 pick=0 woodpick=1
[19:50:34] [main/INFO] (Minecraft) [STDOUT]: ALTO CLEF: WARNING: T2 [S130] tick y=64 slot=0 air=true pos=246,64,112 walls=0/0/4 sky=15 place=53 boxed=false hold=true cool=0 ban=0 startY=62 step=21
[19:50:34] [main/INFO] (Minecraft) [CHAT] §2§l§o[TenorClef] §cT2 [S130] tick y=64 slot=0 air=true pos=246,64,112 walls=0/0/4 sky=15 place=53 boxed=false hold=true cool=0 ban=0 startY=62 step=21§r
[19:50:34] [main/INFO] (Minecraft) [CHAT] §2§l§o[TenorClef] §rT2 [HIST] 3:42.0 FORCE S130 tick y=64 slot=0 air=true pos=246,64,112 walls=0/0/4 sky=15 place=53 boxed=false hold=true cool=0 ban=0 startY=62 step=21
[19:50:35] [main/INFO] (Minecraft) [CHAT] §2§l§o[TenorClef] §rT2 [NOW] t=3:42.8 ph=IRON @246,65,112 do=<T2 pillar-out>  eq=cobblestone woodpick=1 stonepick=1 pick=0 iron=0 buck=0
[19:50:35] [main/INFO] (Minecraft) [STDOUT]: ALTO CLEF: WARNING: T2 [E100] jumps=11 @246,66,112 ph=IRON child=HolePillarTask
[19:50:35] [main/INFO] (Minecraft) [CHAT] §2§l§o[TenorClef] §cT2 [E100] jumps=11 @246,66,112 ph=IRON child=HolePillarTask§r
[19:50:35] [main/INFO] (Minecraft) [CHAT] §2§l§o[TenorClef] §rT2 [HIST] 3:42.9 [E100] jumps=11 @246,66,112 ph=IRON child=HolePillarTask
[19:50:35] [main/INFO] (Minecraft) [STDOUT]: ALTO CLEF: WARNING: T2 [S139] rise confirmed +4y y=66 startY=62 pos=246,66,112 walls=0/0/0 sky=15 place=52 boxed=false hold=true cool=0 ban=0 startY=62 step=37
[19:50:35] [main/INFO] (Minecraft) [CHAT] §2§l§o[TenorClef] §cT2 [S139] rise confirmed +4y y=66 startY=62 pos=246,66,112 walls=0/0/0 sky=15 place=52 boxed=false hold=true cool=0 ban=0 startY=62 step=37§r
[19:50:35] [main/INFO] (Minecraft) [CHAT] §2§l§o[TenorClef] §rT2 [HIST] 3:42.9 FORCE S139 rise confirmed +4y y=66 startY=62 pos=246,66,112 walls=0/0/0 sky=15 place=52 boxed=false hold=true cool=0 ban=0 startY=62 step=37
[19:50:35] [main/INFO] (Minecraft) [STDOUT]: ALTO CLEF: WARNING: T2 [S133] cool arm ticks=80 reason=risen y=66 startY=62 ban=246,112 pos=246,66,112 walls=0/0/0 sky=15 place=52 boxed=false hold=true cool=80 ban=80 startY=62 step=37
[19:50:35] [main/INFO] (Minecraft) [CHAT] §2§l§o[TenorClef] §cT2 [S133] cool arm ticks=80 reason=risen y=66 startY=62 ban=246,112 pos=246,66,112 walls=0/0/0 sky=15 place=52 boxed=false hold=true cool=80 ban=80 startY=62 step=37§r
[19:50:35] [main/INFO] (Minecraft) [CHAT] §2§l§o[TenorClef] §rT2 [HIST] 3:42.9 FORCE S133 cool arm ticks=80 reason=risen y=66 startY=62 ban=246,112 pos=246,66,112 walls=0/0/0 sky=15 place=52 boxed=false hold=true cool=80 ban=80 startY=62 step=37
[19:50:35] [main/INFO] (Minecraft) [STDOUT]: ALTO CLEF: WARNING: T2 [S136] END reason=risen y=66 startY=62 roseReal=true giveUp=true pos=246,66,112 walls=0/0/0 sky=15 place=52 boxed=false hold=true cool=80 ban=80 startY=62 step=37
[19:50:35] [main/INFO] (Minecraft) [CHAT] §2§l§o[TenorClef] §cT2 [S136] END reason=risen y=66 startY=62 roseReal=true giveUp=true pos=246,66,112 walls=0/0/0 sky=15 place=52 boxed=false hold=true cool=80 ban=80 startY=62 step=37§r
[19:50:35] [main/INFO] (Minecraft) [CHAT] §2§l§o[TenorClef] §rT2 [HIST] 3:42.9 FORCE S136 END reason=risen y=66 startY=62 roseReal=true giveUp=true pos=246,66,112 walls=0/0/0 sky=15 place=52 boxed=false hold=true cool=80 ban=80 startY=62 step=37
[19:50:35] [main/INFO] (Minecraft) [CHAT] §2§l§o[TenorClef] §rT2 [HIST] 3:42.9 PILLAR END risen y=66 startY=62
[19:50:35] [main/INFO] (Minecraft) [CHAT] §2§l§o[TenorClef] §rT2 [HIST] 3:42.9 WHY iron: smelt 24 in one furnace
[19:50:35] [main/INFO] (Minecraft) [STDOUT]: ALTO CLEF: WARNING: T2 [S136] stick drop pillar -> CollectIronIngotTask finished=true hold=false cool=79 end=risen y=66 startY=62 pos=246,66,112 walls=0/0/0 sky=15 place=52 boxed=false hold=false cool=79 ban=79 startY=- step=0
[19:50:35] [main/INFO] (Minecraft) [CHAT] §2§l§o[TenorClef] §cT2 [S136] stick drop pillar -> CollectIronIngotTask finished=true hold=false cool=79 end=risen y=66 startY=62 pos=246,66,112 walls=0/0/0 sky=15 place=52 boxed=false hold=false cool=79 ban=79 startY=- step=0§r
[19:50:35] [main/INFO] (Minecraft) [CHAT] §2§l§o[TenorClef] §rT2 [HIST] 3:42.9 FORCE S136 stick drop pillar -> CollectIronIngotTask finished=true hold=false cool=79 end=risen y=66 startY=62 pos=246,66,112 walls=0/0/0 sky=15 place=52 boxed=false hold=false cool=79 ban=79 startY=- step=0
[19:50:35] [main/INFO] (Minecraft) [CHAT] §2§l§o[TenorClef] §rT2 [HIST] 3:42.9 CHILD HolePillarTask -> CollectIronIngotTask ph=IRON @246,66,112 sky=15 wet=false ground=false pick=0 buck=0 iron=12 rods=0 pearls=0 eyes=0
[19:50:35] [main/INFO] (Minecraft) [STDOUT]: ALTO CLEF: WARNING: T2 [S136] onStop interrupt=CollectIronIngotTask finishWhy=givingUp cool=79 lastEnd=risen y=66 startY=62 pos=246,66,112 walls=0/0/0 sky=15 place=52 boxed=false hold=false cool=79 ban=79 startY=- step=0
[19:50:35] [main/INFO] (Minecraft) [CHAT] §2§l§o[TenorClef] §cT2 [S136] onStop interrupt=CollectIronIngotTask finishWhy=givingUp cool=79 lastEnd=risen y=66 startY=62 pos=246,66,112 walls=0/0/0 sky=15 place=52 boxed=false hold=false cool=79 ban=79 startY=- step=0§r
[19:50:35] [main/INFO] (Minecraft) [CHAT] §2§l§o[TenorClef] §rT2 [HIST] 3:42.9 FORCE S136 onStop interrupt=CollectIronIngotTask finishWhy=givingUp cool=79 lastEnd=risen y=66 startY=62 pos=246,66,112 walls=0/0/0 sky=15 place=52 boxed=false hold=false cool=79 ban=79 startY=- step=0
[19:50:35] [main/INFO] (Minecraft) [CHAT] §2§l§o[TenorClef] §rMineAndCollect: equip item.minecraft.stone_pickaxe for block.minecraft.iron_ore
[19:50:36] [main/INFO] (Minecraft) [CHAT] §2§l§o[TenorClef] §rT2 [HIST] 3:43.6 SNAP ph=IRON @246,65,112 sky=15 wet=false ground=true pick=0 buck=0 iron=12 rods=0 pearls=0 eyes=0 child=CollectIronIngotTask dbg=<Collecting 24 iron.: [[iron_ingot] x 24]>  mobs=none
[19:50:36] [main/INFO] (Minecraft) [CHAT] §2§l§o[TenorClef] §rT2 [NOW] t=3:43.8 ph=IRON @246,65,112 do=<Collecting 24 iron.: [[iron_ingot] x 24]>  eq=stone_pickaxe woodpick=1 stonepick=1 pick=0 iron=0 buck=0
[19:50:37] [main/INFO] (Minecraft) [CHAT] §2§l§o[TenorClef] §rT2 [NOW] t=3:44.8 ph=IRON @246,64,112 do=<Collecting 24 iron.: [[iron_ingot] x 24]>  eq=stone_pickaxe woodpick=1 stonepick=1 pick=0 iron=0 buck=0
[19:50:38] [main/INFO] (Minecraft) [CHAT] §2§l§o[TenorClef] §rT2 [NOW] t=3:45.8 ph=IRON @246,63,112 do=<Collecting 24 iron.: [[iron_ingot] x 24]>  eq=stone_pickaxe woodpick=1 stonepick=1 pick=0 iron=0 buck=0
[19:50:38] [main/INFO] (Minecraft) [CHAT] §2§l§o[TenorClef] §rT2 [HIST] 3:46.1 SNAP ph=IRON @246,63,112 sky=15 wet=false ground=true pick=0 buck=0 iron=12 rods=0 pearls=0 eyes=0 child=CollectIronIngotTask dbg=<Collecting 24 iron.: [[iron_ingot] x 24]>  mobs=none
[19:50:39] [main/INFO] (Minecraft) [CHAT] §2§l§o[TenorClef] §rT2 [HIST] 3:46.2 [E100] jumps=6 @246,62,112 ph=IRON child=CollectIronIngotTask
[19:50:39] [main/INFO] (Minecraft) [STDOUT]: ALTO CLEF: WARNING: T2 [S135] S130 suppressed why=would-S130 but busy cool=14 flips=6 sameXz=66 child=CollectIronIngotTask cool=14 ban=14 hold=false pos=246,62,112 walls=4/4/4 sky=15 place=54 boxed=true hold=false cool=14 ban=14 startY=- step=0
[19:50:39] [main/INFO] (Minecraft) [CHAT] §2§l§o[TenorClef] §cT2 [S135] S130 suppressed why=would-S130 but busy cool=14 flips=6 sameXz=66 child=CollectIronIngotTask cool=14 ban=14 hold=false pos=246,62,112 walls=4/4/4 sky=15 place=54 boxed=true hold=false cool=14 ban=14 startY=- step=0§r
[19:50:39] [main/INFO] (Minecraft) [CHAT] §2§l§o[TenorClef] §rT2 [HIST] 3:46.2 FORCE S135 S130 suppressed why=would-S130 but busy cool=14 flips=6 sameXz=66 child=CollectIronIngotTask cool=14 ban=14 hold=false pos=246,62,112 walls=4/4/4 sky=15 place=54 boxed=true hold=false cool=14 ban=14 startY=- step=0
[19:50:39] [main/INFO] (Minecraft) [STDOUT]: ALTO CLEF: WARNING: T2 [S100] stop jump-walk @246,112 ph=IRON child=CollectIronIngotTask esc=0
[19:50:39] [main/INFO] (Minecraft) [CHAT] §2§l§o[TenorClef] §cT2 [S100] stop jump-walk @246,112 ph=IRON child=CollectIronIngotTask esc=0§r
[19:50:39] [main/INFO] (Minecraft) [CHAT] §2§l§o[TenorClef] §rT2 [HIST] 3:46.2 SOLVE S100 stop jump-walk @246,112 ph=IRON child=CollectIronIngotTask esc=0
[19:50:39] [main/INFO] (Minecraft) [CHAT] §2§l§o[TenorClef] §rMineAndCollect: equip item.minecraft.stone_pickaxe for block.minecraft.iron_ore
[19:50:39] [main/INFO] (Minecraft) [CHAT] §2§l§o[TenorClef] §rMineAndCollect: equip item.minecraft.stone_pickaxe for block.minecraft.iron_ore
[19:50:39] [main/INFO] (Minecraft) [CHAT] §2§l§o[TenorClef] §rMineAndCollect: equip item.minecraft.stone_pickaxe for block.minecraft.iron_ore
[19:50:39] [main/INFO] (Minecraft) [STDOUT]: ALTO CLEF: WARNING: T2 [S109] equip pick for mining (was holding cobblestone)
[19:50:39] [main/INFO] (Minecraft) [CHAT] §2§l§o[TenorClef] §cT2 [S109] equip pick for mining (was holding cobblestone)§r
[19:50:39] [main/INFO] (Minecraft) [CHAT] §2§l§o[TenorClef] §rT2 [HIST] 3:46.5 SOLVE S109 equip pick for mining (was holding cobblestone)
[19:50:39] [main/INFO] (Minecraft) [CHAT] §2§l§o[TenorClef] §rMineAndCollect: equip item.minecraft.stone_pickaxe for block.minecraft.iron_ore
[19:50:39] [main/INFO] (Minecraft) [CHAT] §2§l§o[TenorClef] §rMineAndCollect: equip item.minecraft.stone_pickaxe for block.minecraft.iron_ore
[19:50:39] [main/INFO] (Minecraft) [CHAT] §2§l§o[TenorClef] §rMineAndCollect: equip item.minecraft.stone_pickaxe for block.minecraft.iron_ore
[19:50:39] [main/INFO] (Minecraft) [CHAT] §2§l§o[TenorClef] §rT2 [NOW] t=3:46.8 ph=IRON @246,62,112 do=<Collecting 24 iron.: [[iron_ingot] x 24]>  eq=cobblestone woodpick=1 stonepick=1 pick=0 iron=0 buck=0
[19:50:39] [main/INFO] (Minecraft) [STDOUT]: ALTO CLEF: WARNING: T2 [S134] pillar cool expire after flips=3 end=risen y=66 startY=62
[19:50:39] [main/INFO] (Minecraft) [CHAT] §2§l§o[TenorClef] §cT2 [S134] pillar cool expire after flips=3 end=risen y=66 startY=62§r
[19:50:39] [main/INFO] (Minecraft) [CHAT] §2§l§o[TenorClef] §rT2 [HIST] 3:46.9 FORCE S134 pillar cool expire after flips=3 end=risen y=66 startY=62
[19:50:39] [main/INFO] (Minecraft) [STDOUT]: ALTO CLEF: WARNING: T2 [S137] re-cool still-boxed@246,112 n=1 ticks=160 end=risen y=66 startY=62 pos=246,62,112 walls=4/4/4 sky=15 place=55 boxed=true hold=false cool=160 ban=160 startY=- step=0
[19:50:39] [main/INFO] (Minecraft) [CHAT] §2§l§o[TenorClef] §cT2 [S137] re-cool still-boxed@246,112 n=1 ticks=160 end=risen y=66 startY=62 pos=246,62,112 walls=4/4/4 sky=15 place=55 boxed=true hold=false cool=160 ban=160 startY=- step=0§r
[19:50:39] [main/INFO] (Minecraft) [CHAT] §2§l§o[TenorClef] §rT2 [HIST] 3:46.9 FORCE S137 re-cool still-boxed@246,112 n=1 ticks=160 end=risen y=66 startY=62 pos=246,62,112 walls=4/4/4 sky=15 place=55 boxed=true hold=false cool=160 ban=160 startY=- step=0
[19:50:39] [main/INFO] (Minecraft) [CHAT] §2§l§o[TenorClef] §rMineAndCollect: equip item.minecraft.stone_pickaxe for block.minecraft.iron_ore
[19:50:39] [main/INFO] (Minecraft) [CHAT] §2§l§o[TenorClef] §rT2 [HIST] 3:47.0 WHY iron: smelt 24 in one furnace
[19:50:39] [main/INFO] (Minecraft) [CHAT] §2§l§o[TenorClef] §rMineAndCollect: equip item.minecraft.stone_pickaxe for block.minecraft.iron_ore
[19:50:39] [main/INFO] (Minecraft) [CHAT] §2§l§o[TenorClef] §rMineAndCollect: equip item.minecraft.stone_pickaxe for block.minecraft.iron_ore
[19:50:40] [main/INFO] (Minecraft) [CHAT] §2§l§o[TenorClef] §rMineAndCollect: equip item.minecraft.stone_pickaxe for block.minecraft.iron_ore
[19:50:40] [main/INFO] (Minecraft) [CHAT] §2§l§o[TenorClef] §rMineAndCollect: equip item.minecraft.stone_pickaxe for block.minecraft.iron_ore
[19:50:40] [main/INFO] (Minecraft) [CHAT] §2§l§o[TenorClef] §rT2 [HB] t=3:47.5 ph=IRON y=61 child=CollectIronIngotTask logs=1 pick=0 woodpick=1
[19:50:40] [main/INFO] (Minecraft) [CHAT] §2§l§o[TenorClef] §rT2 [NOW] t=3:47.8 ph=IRON @246,61,112 do=<Collecting 24 iron.: [[iron_ingot] x 24]>  eq=stone_pickaxe woodpick=1 stonepick=1 pick=0 iron=0 buck=0
[19:50:41] [main/INFO] (Minecraft) [CHAT] §2§l§o[TenorClef] §rT2 [HIST] 3:48.6 SNAP ph=IRON @246,61,112 sky=15 wet=false ground=true pick=0 buck=0 iron=12 rods=0 pearls=0 eyes=0 child=CollectIronIngotTask dbg=<Collecting 24 iron.: [[iron_ingot] x 24]>  mobs=none
[19:50:41] [main/INFO] (Minecraft) [CHAT] §2§l§o[TenorClef] §rT2 [NOW] t=3:48.8 ph=IRON @246,60,112 do=<Collecting 24 iron.: [[iron_ingot] x 24]>  eq=stone_pickaxe woodpick=1 stonepick=1 pick=0 iron=0 buck=0
[19:50:41] [main/INFO] (Minecraft) [STDOUT]: ALTO CLEF: WARNING: T2 [S135] S130 suppressed why=would-S130 but busy cool=121 flips=3 sameXz=40 child=CollectIronIngotTask cool=121 ban=121 hold=false pos=246,60,112 walls=4/4/4 sky=15 place=56 boxed=true hold=false cool=121 ban=121 startY=- step=0
[19:50:41] [main/INFO] (Minecraft) [CHAT] §2§l§o[TenorClef] §cT2 [S135] S130 suppressed why=would-S130 but busy cool=121 flips=3 sameXz=40 child=CollectIronIngotTask cool=121 ban=121 hold=false pos=246,60,112 walls=4/4/4 sky=15 place=56 boxed=true hold=false cool=121 ban=121 startY=- step=0§r
[19:50:41] [main/INFO] (Minecraft) [CHAT] §2§l§o[TenorClef] §rT2 [HIST] 3:48.8 FORCE S135 S130 suppressed why=would-S130 but busy cool=121 flips=3 sameXz=40 child=CollectIronIngotTask cool=121 ban=121 hold=false pos=246,60,112 walls=4/4/4 sky=15 place=56 boxed=true hold=false cool=121 ban=121 startY=- step=0
[19:50:42] [main/INFO] (Minecraft) [CHAT] §2§l§o[TenorClef] §rT2 [NOW] t=3:49.8 ph=IRON @246,60,112 do=<Collecting 24 iron.: [[iron_ingot] x 24]>  eq=stone_pickaxe woodpick=1 stonepick=1 pick=0 iron=0 buck=0
[19:50:43] [main/INFO] (Minecraft) [CHAT] §2§l§o[TenorClef] §rT2 [NOW] t=3:50.8 ph=IRON @246,60,112 do=<Collecting 24 iron.: [[iron_ingot] x 24]>  eq=stone_pickaxe woodpick=1 stonepick=1 pick=0 iron=0 buck=0
[19:50:43] [main/INFO] (Minecraft) [CHAT] §2§l§o[TenorClef] §rT2 [HIST] 3:51.0 WHY iron: smelt 24 in one furnace
[19:50:43] [main/INFO] (Minecraft) [CHAT] §2§l§o[TenorClef] §rT2 [HIST] 3:51.1 SNAP ph=IRON @246,60,112 sky=15 wet=false ground=true pick=0 buck=0 iron=14 rods=0 pearls=0 eyes=0 child=CollectIronIngotTask dbg=<Collecting 24 iron.: [[iron_ingot] x 24]>  mobs=none
[19:50:44] [main/INFO] (Minecraft) [CHAT] §2§l§o[TenorClef] §rT2 [NOW] t=3:51.8 ph=IRON @246,60,112 do=<Collecting 24 iron.: [[iron_ingot] x 24]>  eq=stone_pickaxe woodpick=1 stonepick=1 pick=0 iron=0 buck=0
[19:50:45] [main/INFO] (Minecraft) [CHAT] §2§l§o[TenorClef] §rT2 [HB] t=3:52.5 ph=IRON y=60 child=CollectIronIngotTask logs=1 pick=0 woodpick=1
[19:50:45] [main/INFO] (Minecraft) [CHAT] §2§l§o[TenorClef] §rT2 [NOW] t=3:52.8 ph=IRON @246,60,112 do=<Collecting 24 iron.: [[iron_ingot] x 24]>  eq=stone_pickaxe woodpick=1 stonepick=1 pick=0 iron=0 buck=0
[19:50:46] [main/INFO] (Minecraft) [CHAT] §2§l§o[TenorClef] §rT2 [HIST] 3:53.6 SNAP ph=IRON @246,60,112 sky=15 wet=false ground=true pick=0 buck=0 iron=15 rods=0 pearls=0 eyes=0 child=CollectIronIngotTask dbg=<Collecting 24 iron.: [[iron_ingot] x 24]>  mobs=none
[19:50:46] [main/INFO] (Minecraft) [STDOUT]: ALTO CLEF: WARNING: T2 [S109] equip pick for mining (was holding cobblestone)
[19:50:46] [main/INFO] (Minecraft) [CHAT] §2§l§o[TenorClef] §cT2 [S109] equip pick for mining (was holding cobblestone)§r
[19:50:46] [main/INFO] (Minecraft) [CHAT] §2§l§o[TenorClef] §rT2 [HIST] 3:53.7 SOLVE S109 equip pick for mining (was holding cobblestone)
[19:50:46] [main/INFO] (Minecraft) [CHAT] §2§l§o[TenorClef] §rT2 [NOW] t=3:53.8 ph=IRON @246,60,112 do=<Collecting 24 iron.: [[iron_ingot] x 24]>  eq=cobblestone woodpick=1 stonepick=1 pick=0 iron=0 buck=0
[19:50:46] [main/INFO] (Minecraft) [CHAT] §2§l§o[TenorClef] §rMineAndCollect: equip item.minecraft.stone_pickaxe for block.minecraft.iron_ore
[19:50:46] [main/INFO] (Minecraft) [CHAT] §2§l§o[TenorClef] §rMineAndCollect: equip item.minecraft.stone_pickaxe for block.minecraft.iron_ore
[19:50:46] [main/INFO] (Minecraft) [STDOUT]: ALTO CLEF: WARNING: T2 [E100] jumps=6 @246,60,112 ph=IRON child=CollectIronIngotTask
[19:50:46] [main/INFO] (Minecraft) [CHAT] §2§l§o[TenorClef] §cT2 [E100] jumps=6 @246,60,112 ph=IRON child=CollectIronIngotTask§r
[19:50:46] [main/INFO] (Minecraft) [CHAT] §2§l§o[TenorClef] §rT2 [HIST] 3:54.0 [E100] jumps=6 @246,60,112 ph=IRON child=CollectIronIngotTask
[19:50:46] [main/INFO] (Minecraft) [CHAT] §2§l§o[TenorClef] §rMineAndCollect: equip item.minecraft.stone_pickaxe for block.minecraft.iron_ore
[19:50:46] [main/INFO] (Minecraft) [CHAT] §2§l§o[TenorClef] §rMineAndCollect: equip item.minecraft.stone_pickaxe for block.minecraft.iron_ore
[19:50:47] [main/INFO] (Minecraft) [CHAT] §2§l§o[TenorClef] §rMineAndCollect: equip item.minecraft.stone_pickaxe for block.minecraft.iron_ore
[19:50:47] [main/INFO] (Minecraft) [CHAT] §2§l§o[TenorClef] §rMineAndCollect: equip item.minecraft.stone_pickaxe for block.minecraft.iron_ore
[19:50:47] [main/INFO] (Minecraft) [STDOUT]: ALTO CLEF: WARNING: T2 [S135] S130 suppressed why=jump-pit-busy child=CollectIronIngotTask cool=10 ban=10 hold=false pos=246,61,112 walls=4/4/2 sky=15 place=55 boxed=false hold=false cool=10 ban=10 startY=- step=0
[19:50:47] [main/INFO] (Minecraft) [CHAT] §2§l§o[TenorClef] §cT2 [S135] S130 suppressed why=jump-pit-busy child=CollectIronIngotTask cool=10 ban=10 hold=false pos=246,61,112 walls=4/4/2 sky=15 place=55 boxed=false hold=false cool=10 ban=10 startY=- step=0§r
[19:50:47] [main/INFO] (Minecraft) [CHAT] §2§l§o[TenorClef] §rT2 [HIST] 3:54.4 FORCE S135 S130 suppressed why=jump-pit-busy child=CollectIronIngotTask cool=10 ban=10 hold=false pos=246,61,112 walls=4/4/2 sky=15 place=55 boxed=false hold=false cool=10 ban=10 startY=- step=0
[19:50:47] [main/INFO] (Minecraft) [STDOUT]: ALTO CLEF: WARNING: T2 [S100] stop jump-walk @246,112 ph=IRON child=CollectIronIngotTask esc=1
[19:50:47] [main/INFO] (Minecraft) [CHAT] §2§l§o[TenorClef] §cT2 [S100] stop jump-walk @246,112 ph=IRON child=CollectIronIngotTask esc=1§r
[19:50:47] [main/INFO] (Minecraft) [CHAT] §2§l§o[TenorClef] §rT2 [HIST] 3:54.4 SOLVE S100 stop jump-walk @246,112 ph=IRON child=CollectIronIngotTask esc=1
[19:50:47] [main/INFO] (Minecraft) [STDOUT]: ALTO CLEF: WARNING: T2 [S144] jump-stuck collector — replace CollectIronIngotTask with wander (esc=2)
[19:50:47] [main/INFO] (Minecraft) [CHAT] §2§l§o[TenorClef] §cT2 [S144] jump-stuck collector — replace CollectIronIngotTask with wander (esc=2)§r
[19:50:47] [main/INFO] (Minecraft) [CHAT] §2§l§o[TenorClef] §rT2 [HIST] 3:54.4 SOLVE S144 jump-stuck collector — replace CollectIronIngotTask with wander (esc=2)
[19:50:47] [main/INFO] (Minecraft) [CHAT] §2§l§o[TenorClef] §rT2 [HIST] 3:54.4 CHILD CollectIronIngotTask -> TimeoutWanderTask ph=IRON @246,61,112 sky=15 wet=false ground=true pick=0 buck=0 iron=16 rods=0 pearls=0 eyes=0
[19:50:47] [main/INFO] (Minecraft) [CHAT] §2§l§o[TenorClef] §rT2 [NOW] t=3:54.8 ph=IRON @246,61,112 do=<Wander for Infinity blocks> Exploring. eq=dirt woodpick=1 stonepick=1 pick=0 iron=0 buck=0
[19:50:47] [main/INFO] (Minecraft) [STDOUT]: ALTO CLEF: WARNING: T2 [S134] pillar cool expire after flips=3 end=risen y=66 startY=62
[19:50:47] [main/INFO] (Minecraft) [CHAT] §2§l§o[TenorClef] §cT2 [S134] pillar cool expire after flips=3 end=risen y=66 startY=62§r
[19:50:47] [main/INFO] (Minecraft) [CHAT] §2§l§o[TenorClef] §rT2 [HIST] 3:54.9 FORCE S134 pillar cool expire after flips=3 end=risen y=66 startY=62
[19:50:47] [pool-5-thread-4/INFO] (Minecraft) [STDOUT]: 779963 movements considered
[19:50:47] [pool-5-thread-4/INFO] (Minecraft) [STDOUT]: Open set size: 30452
[19:50:47] [pool-5-thread-4/INFO] (Minecraft) [STDOUT]: PathNode map size: 65908
[19:50:47] [pool-5-thread-4/INFO] (Minecraft) [STDOUT]: 70770 nodes per second
[19:50:47] [pool-5-thread-4/INFO] (Minecraft) [STDOUT]: Path goes for 185.1971922033377 blocks
[19:50:48] [main/INFO] (Minecraft) [CHAT] §2§l§o[TenorClef] §rT2 [NOW] t=3:55.8 ph=IRON @246,62,112 do=<Wander for Infinity blocks> Exploring. eq=cobblestone woodpick=1 stonepick=1 pick=0 iron=0 buck=0
[19:50:49] [main/INFO] (Minecraft) [CHAT] §2§l§o[TenorClef] §rT2 [NOW] t=3:56.8 ph=IRON @246,63,113 do=<Wander for Infinity blocks> Exploring. eq=cobblestone woodpick=1 stonepick=1 pick=0 iron=0 buck=0
[19:50:50] [main/INFO] (Minecraft) [STDOUT]: ALTO CLEF: WARNING: T2 [S138] shaft ban clear left-xz ban=246,112 now=246,114 manh=2 left=16
[19:50:50] [main/INFO] (Minecraft) [CHAT] §2§l§o[TenorClef] §cT2 [S138] shaft ban clear left-xz ban=246,112 now=246,114 manh=2 left=16§r
[19:50:50] [main/INFO] (Minecraft) [CHAT] §2§l§o[TenorClef] §rT2 [HIST] 3:57.1 FORCE S138 shaft ban clear left-xz ban=246,112 now=246,114 manh=2 left=16
[19:50:50] [main/INFO] (Minecraft) [CHAT] §2§l§o[TenorClef] §rT2 [HIST] 3:57.7 SNAP ph=IRON @247,64,116 sky=15 wet=false ground=true pick=0 buck=0 iron=16 rods=0 pearls=0 eyes=0 child=TimeoutWanderTask dbg=<Wander for Infinity blocks> Exploring. mobs=none
[19:50:50] [main/INFO] (Minecraft) [CHAT] §2§l§o[TenorClef] §rT2 [NOW] t=3:57.8 ph=IRON @247,64,117 do=<Wander for Infinity blocks> Exploring. eq=cobblestone woodpick=1 stonepick=1 pick=0 iron=0 buck=0
[19:50:51] [main/INFO] (Minecraft) [CHAT] §2§l§o[TenorClef] §rT2 [NOW] t=3:58.8 ph=IRON @252,64,118 do=<Wander for Infinity blocks> Exploring. eq=cobblestone woodpick=1 stonepick=1 pick=0 iron=0 buck=0
[19:50:52] [main/INFO] (Minecraft) [CHAT] §2§l§o[TenorClef] §rT2 [NOW] t=3:59.8 ph=IRON @257,64,120 do=<Wander for Infinity blocks> Exploring. eq=cobblestone woodpick=1 stonepick=1 pick=0 iron=0 buck=0
[19:50:53] [pool-5-thread-4/INFO] (Minecraft) [STDOUT]: 518144 movements considered
[19:50:53] [pool-5-thread-4/INFO] (Minecraft) [STDOUT]: Open set size: 24281
[19:50:53] [pool-5-thread-4/INFO] (Minecraft) [STDOUT]: PathNode map size: 47833
[19:50:53] [pool-5-thread-4/INFO] (Minecraft) [STDOUT]: 47104 nodes per second
[19:50:53] [pool-5-thread-4/INFO] (Minecraft) [STDOUT]: Path goes for 180.0 blocks
[19:50:53] [main/INFO] (Minecraft) [CHAT] §2§l§o[TenorClef] §rT2 [HB] t=4:00.6 ph=IRON y=64 child=TimeoutWanderTask logs=1 pick=0 woodpick=1
[19:50:53] [main/INFO] (Minecraft) [CHAT] §2§l§o[TenorClef] §rT2 [NOW] t=4:00.8 ph=IRON @258,64,120 do=<Wander for Infinity blocks> Exploring. eq=cobblestone woodpick=1 stonepick=1 pick=0 iron=0 buck=0
[19:50:53] [pool-5-thread-4/INFO] (Minecraft) [STDOUT]: 604013 movements considered
[19:50:53] [pool-5-thread-4/INFO] (Minecraft) [STDOUT]: Open set size: 26707
[19:50:53] [pool-5-thread-4/INFO] (Minecraft) [STDOUT]: PathNode map size: 54163
[19:50:53] [pool-5-thread-4/INFO] (Minecraft) [STDOUT]: 54802 nodes per second
[19:50:53] [pool-5-thread-4/INFO] (Minecraft) [STDOUT]: Path goes for 184.31766057543157 blocks
[19:50:54] [main/INFO] (Minecraft) Loaded 70 advancements
[19:50:54] [main/INFO] (Minecraft) [CHAT] §2§l§o[TenorClef] §rT2 [NOW] t=4:01.8 ph=IRON @258,64,124 do=<Wander for Infinity blocks> Exploring. eq=cobblestone woodpick=1 stonepick=1 pick=0 iron=0 buck=0
[19:50:55] [main/INFO] (Minecraft) [CHAT] §2§l§o[TenorClef] §rT2 [HIST] 4:02.4 WHY iron: smelt 24 in one furnace
[19:50:55] [main/INFO] (Minecraft) [CHAT] §2§l§o[TenorClef] §rT2 [HIST] 4:02.4 CHILD TimeoutWanderTask -> CollectIronIngotTask ph=IRON @258,64,128 sky=15 wet=false ground=true pick=0 buck=0 iron=16 rods=0 pearls=0 eyes=0
[19:50:55] [main/INFO] (Minecraft) [CHAT] §2§l§o[TenorClef] §rT2 [HIST] 4:02.6 SNAP ph=IRON @258,64,128 sky=15 wet=false ground=true pick=0 buck=0 iron=16 rods=0 pearls=0 eyes=0 child=CollectIronIngotTask dbg=<Collecting 24 iron.: [[iron_ingot] x 24]>  mobs=none
[19:50:55] [main/INFO] (Minecraft) [CHAT] §2§l§o[TenorClef] §rT2 [NOW] t=4:02.8 ph=IRON @260,64,128 do=<Collecting 24 iron.: [[iron_ingot] x 24]>  eq=stone_pickaxe woodpick=1 stonepick=1 pick=0 iron=0 buck=0
[19:50:56] [main/INFO] (Minecraft) [CHAT] §2§l§o[TenorClef] §rT2 [NOW] t=4:03.8 ph=IRON @261,64,127 do=<Collecting 24 iron.: [[iron_ingot] x 24]>  eq=cobblestone woodpick=1 stonepick=1 pick=0 iron=0 buck=0
[19:50:57] [main/INFO] (Minecraft) [CHAT] §2§l§o[TenorClef] §rRefreshed inventory...
[19:50:57] [main/INFO] (Minecraft) [CHAT] §2§l§o[TenorClef] §rT2 [NOW] t=4:04.8 ph=IRON @261,63,127 do=<Collecting 24 iron.: [[iron_ingot] x 24]>  eq=cobblestone woodpick=1 stonepick=1 pick=0 iron=0 buck=0
[19:50:57] [main/INFO] (Minecraft) [CHAT] §2§l§o[TenorClef] §rT2 [HIST] 4:05.1 SNAP ph=IRON @261,63,127 sky=15 wet=false ground=true pick=0 buck=0 iron=16 rods=0 pearls=0 eyes=0 child=CollectIronIngotTask dbg=<Collecting 24 iron.: [[iron_ingot] x 24]>  mobs=none
[19:50:58] [main/INFO] (Minecraft) [STDOUT]: ALTO CLEF: WARNING: T2 [S130] START trigger=flips=3 ph=IRON prev=CollectIronIngotTask cycle=1 pos=261,62,127 walls=4/4/4 sky=15 place=56 boxed=true hold=false cool=0 ban=0 startY=62 step=0
[19:50:58] [main/INFO] (Minecraft) [CHAT] §2§l§o[TenorClef] §cT2 [S130] START trigger=flips=3 ph=IRON prev=CollectIronIngotTask cycle=1 pos=261,62,127 walls=4/4/4 sky=15 place=56 boxed=true hold=false cool=0 ban=0 startY=62 step=0§r
[19:50:58] [main/INFO] (Minecraft) [CHAT] §2§l§o[TenorClef] §rT2 [HIST] 4:05.4 FORCE S130 START trigger=flips=3 ph=IRON prev=CollectIronIngotTask cycle=1 pos=261,62,127 walls=4/4/4 sky=15 place=56 boxed=true hold=false cool=0 ban=0 startY=62 step=0
[19:50:58] [main/INFO] (Minecraft) [CHAT] §2§l§o[TenorClef] §rT2 [HIST] 4:05.4 PILLAR START flips=3 prev=CollectIronIngotTask
[19:50:58] [main/INFO] (Minecraft) [CHAT] §2§l§o[TenorClef] §rT2 [HIST] 4:05.4 SOLVE S130 pillar-out @261,62,127 ph=IRON flips=3
[19:50:58] [main/INFO] (Minecraft) [CHAT] §2§l§o[TenorClef] §rT2 [HIST] 4:05.4 CHILD CollectIronIngotTask -> HolePillarTask ph=IRON @261,62,127 sky=15 wet=false ground=false pick=0 buck=0 iron=16 rods=0 pearls=0 eyes=0
[19:50:58] [main/INFO] (Minecraft) [STDOUT]: ALTO CLEF: WARNING: T2 [S130] tick y=62 slot=0 air=true pos=261,62,127 walls=4/4/4 sky=15 place=56 boxed=true hold=true cool=0 ban=0 startY=62 step=1
[19:50:58] [main/INFO] (Minecraft) [CHAT] §2§l§o[TenorClef] §cT2 [S130] tick y=62 slot=0 air=true pos=261,62,127 walls=4/4/4 sky=15 place=56 boxed=true hold=true cool=0 ban=0 startY=62 step=1§r
[19:50:58] [main/INFO] (Minecraft) [CHAT] §2§l§o[TenorClef] §rT2 [HIST] 4:05.4 FORCE S130 tick y=62 slot=0 air=true pos=261,62,127 walls=4/4/4 sky=15 place=56 boxed=true hold=true cool=0 ban=0 startY=62 step=1
[19:50:58] [main/INFO] (Minecraft) [CHAT] §2§l§o[TenorClef] §rT2 [NOW] t=4:05.8 ph=IRON @261,63,127 do=<T2 pillar-out>  eq=cobblestone woodpick=1 stonepick=1 pick=0 iron=0 buck=0
[19:50:59] [main/INFO] (Minecraft) [STDOUT]: ALTO CLEF: WARNING: T2 [S130] tick y=64 slot=0 air=true pos=261,64,127 walls=0/0/4 sky=15 place=55 boxed=false hold=true cool=0 ban=0 startY=62 step=21
[19:50:59] [main/INFO] (Minecraft) [CHAT] §2§l§o[TenorClef] §cT2 [S130] tick y=64 slot=0 air=true pos=261,64,127 walls=0/0/4 sky=15 place=55 boxed=false hold=true cool=0 ban=0 startY=62 step=21§r
[19:50:59] [main/INFO] (Minecraft) [CHAT] §2§l§o[TenorClef] §rT2 [HIST] 4:06.4 FORCE S130 tick y=64 slot=0 air=true pos=261,64,127 walls=0/0/4 sky=15 place=55 boxed=false hold=true cool=0 ban=0 startY=62 step=21
[19:50:59] [main/INFO] (Minecraft) [CHAT] §2§l§o[TenorClef] §rT2 [NOW] t=4:06.8 ph=IRON @261,65,127 do=<T2 pillar-out>  eq=cobblestone woodpick=1 stonepick=1 pick=0 iron=0 buck=0
[19:50:59] [main/INFO] (Minecraft) [STDOUT]: ALTO CLEF: WARNING: T2 [E100] jumps=10 @261,65,127 ph=IRON child=HolePillarTask
[19:50:59] [main/INFO] (Minecraft) [CHAT] §2§l§o[TenorClef] §cT2 [E100] jumps=10 @261,65,127 ph=IRON child=HolePillarTask§r
[19:51:00] [main/INFO] (Minecraft) [CHAT] §2§l§o[TenorClef] §rT2 [HIST] 4:07.1 [E100] jumps=10 @261,65,127 ph=IRON child=HolePillarTask
[19:51:00] [main/INFO] (Minecraft) [STDOUT]: ALTO CLEF: WARNING: T2 [S139] rise confirmed +4y y=66 startY=62 pos=261,66,127 walls=0/0/0 sky=15 place=54 boxed=false hold=true cool=0 ban=0 startY=62 step=37
[19:51:00] [main/INFO] (Minecraft) [CHAT] §2§l§o[TenorClef] §cT2 [S139] rise confirmed +4y y=66 startY=62 pos=261,66,127 walls=0/0/0 sky=15 place=54 boxed=false hold=true cool=0 ban=0 startY=62 step=37§r
[19:51:00] [main/INFO] (Minecraft) [CHAT] §2§l§o[TenorClef] §rT2 [HIST] 4:07.2 FORCE S139 rise confirmed +4y y=66 startY=62 pos=261,66,127 walls=0/0/0 sky=15 place=54 boxed=false hold=true cool=0 ban=0 startY=62 step=37
[19:51:00] [main/INFO] (Minecraft) [STDOUT]: ALTO CLEF: WARNING: T2 [S133] cool arm ticks=80 reason=risen y=66 startY=62 ban=261,127 pos=261,66,127 walls=0/0/0 sky=15 place=54 boxed=false hold=true cool=80 ban=80 startY=62 step=37
[19:51:00] [main/INFO] (Minecraft) [CHAT] §2§l§o[TenorClef] §cT2 [S133] cool arm ticks=80 reason=risen y=66 startY=62 ban=261,127 pos=261,66,127 walls=0/0/0 sky=15 place=54 boxed=false hold=true cool=80 ban=80 startY=62 step=37§r
[19:51:00] [main/INFO] (Minecraft) [CHAT] §2§l§o[TenorClef] §rT2 [HIST] 4:07.2 FORCE S133 cool arm ticks=80 reason=risen y=66 startY=62 ban=261,127 pos=261,66,127 walls=0/0/0 sky=15 place=54 boxed=false hold=true cool=80 ban=80 startY=62 step=37
[19:51:00] [main/INFO] (Minecraft) [STDOUT]: ALTO CLEF: WARNING: T2 [S136] END reason=risen y=66 startY=62 roseReal=true giveUp=true pos=261,66,127 walls=0/0/0 sky=15 place=54 boxed=false hold=true cool=80 ban=80 startY=62 step=37
[19:51:00] [main/INFO] (Minecraft) [CHAT] §2§l§o[TenorClef] §cT2 [S136] END reason=risen y=66 startY=62 roseReal=true giveUp=true pos=261,66,127 walls=0/0/0 sky=15 place=54 boxed=false hold=true cool=80 ban=80 startY=62 step=37§r
[19:51:00] [main/INFO] (Minecraft) [CHAT] §2§l§o[TenorClef] §rT2 [HIST] 4:07.2 FORCE S136 END reason=risen y=66 startY=62 roseReal=true giveUp=true pos=261,66,127 walls=0/0/0 sky=15 place=54 boxed=false hold=true cool=80 ban=80 startY=62 step=37
[19:51:00] [main/INFO] (Minecraft) [CHAT] §2§l§o[TenorClef] §rT2 [HIST] 4:07.2 PILLAR END risen y=66 startY=62
[19:51:00] [main/INFO] (Minecraft) [CHAT] §2§l§o[TenorClef] §rT2 [HIST] 4:07.3 WHY iron: smelt 24 in one furnace
[19:51:00] [main/INFO] (Minecraft) [STDOUT]: ALTO CLEF: WARNING: T2 [S136] stick drop pillar -> CollectIronIngotTask finished=true hold=false cool=79 end=risen y=66 startY=62 pos=261,66,127 walls=0/0/0 sky=15 place=54 boxed=false hold=false cool=79 ban=79 startY=- step=0
[19:51:00] [main/INFO] (Minecraft) [CHAT] §2§l§o[TenorClef] §cT2 [S136] stick drop pillar -> CollectIronIngotTask finished=true hold=false cool=79 end=risen y=66 startY=62 pos=261,66,127 walls=0/0/0 sky=15 place=54 boxed=false hold=false cool=79 ban=79 startY=- step=0§r
[19:51:00] [main/INFO] (Minecraft) [CHAT] §2§l§o[TenorClef] §rT2 [HIST] 4:07.3 FORCE S136 stick drop pillar -> CollectIronIngotTask finished=true hold=false cool=79 end=risen y=66 startY=62 pos=261,66,127 walls=0/0/0 sky=15 place=54 boxed=false hold=false cool=79 ban=79 startY=- step=0
[19:51:00] [main/INFO] (Minecraft) [CHAT] §2§l§o[TenorClef] §rT2 [HIST] 4:07.3 CHILD HolePillarTask -> CollectIronIngotTask ph=IRON @261,66,127 sky=15 wet=false ground=false pick=0 buck=0 iron=16 rods=0 pearls=0 eyes=0
[19:51:00] [main/INFO] (Minecraft) [STDOUT]: ALTO CLEF: WARNING: T2 [S136] onStop interrupt=CollectIronIngotTask finishWhy=givingUp cool=79 lastEnd=risen y=66 startY=62 pos=261,66,127 walls=0/0/0 sky=15 place=54 boxed=false hold=false cool=79 ban=79 startY=- step=0
[19:51:00] [main/INFO] (Minecraft) [CHAT] §2§l§o[TenorClef] §cT2 [S136] onStop interrupt=CollectIronIngotTask finishWhy=givingUp cool=79 lastEnd=risen y=66 startY=62 pos=261,66,127 walls=0/0/0 sky=15 place=54 boxed=false hold=false cool=79 ban=79 startY=- step=0§r
[19:51:00] [main/INFO] (Minecraft) [CHAT] §2§l§o[TenorClef] §rT2 [HIST] 4:07.3 FORCE S136 onStop interrupt=CollectIronIngotTask finishWhy=givingUp cool=79 lastEnd=risen y=66 startY=62 pos=261,66,127 walls=0/0/0 sky=15 place=54 boxed=false hold=false cool=79 ban=79 startY=- step=0
[19:51:00] [main/INFO] (Minecraft) [CHAT] §2§l§o[TenorClef] §rMineAndCollect: equip item.minecraft.stone_pickaxe for block.minecraft.iron_ore
[19:51:00] [main/INFO] (Minecraft) [CHAT] §2§l§o[TenorClef] §rT2 [NOW] t=4:07.8 ph=IRON @261,65,127 do=<Collecting 24 iron.: [[iron_ingot] x 24]>  eq=stone_pickaxe woodpick=1 stonepick=1 pick=0 iron=0 buck=0
[19:51:01] [main/INFO] (Minecraft) [CHAT] §2§l§o[TenorClef] §rT2 [HIST] 4:08.5 SNAP ph=IRON @261,64,127 sky=15 wet=false ground=false pick=0 buck=0 iron=16 rods=0 pearls=0 eyes=0 child=CollectIronIngotTask dbg=<Collecting 24 iron.: [[iron_ingot] x 24]>  mobs=none
[19:51:01] [main/INFO] (Minecraft) [CHAT] §2§l§o[TenorClef] §rT2 [NOW] t=4:08.8 ph=IRON @261,64,127 do=<Collecting 24 iron.: [[iron_ingot] x 24]>  eq=stone_pickaxe woodpick=1 stonepick=1 pick=0 iron=0 buck=0
[19:51:02] [main/INFO] (Minecraft) [CHAT] §2§l§o[TenorClef] §rT2 [HIST] 4:09.7 [E100] jumps=6 @261,63,127 ph=IRON child=CollectIronIngotTask
[19:51:02] [main/INFO] (Minecraft) [CHAT] §2§l§o[TenorClef] §rT2 [NOW] t=4:09.8 ph=IRON @261,63,127 do=<Collecting 24 iron.: [[iron_ingot] x 24]>  eq=stone_pickaxe woodpick=1 stonepick=1 pick=0 iron=0 buck=0
[19:51:03] [main/INFO] (Minecraft) [STDOUT]: ALTO CLEF: WARNING: T2 [S135] S130 suppressed why=would-S130 but busy cool=14 flips=6 sameXz=66 child=CollectIronIngotTask cool=14 ban=14 hold=false pos=261,62,127 walls=4/4/4 sky=15 place=56 boxed=true hold=false cool=14 ban=14 startY=- step=0
[19:51:03] [main/INFO] (Minecraft) [CHAT] §2§l§o[TenorClef] §cT2 [S135] S130 suppressed why=would-S130 but busy cool=14 flips=6 sameXz=66 child=CollectIronIngotTask cool=14 ban=14 hold=false pos=261,62,127 walls=4/4/4 sky=15 place=56 boxed=true hold=false cool=14 ban=14 startY=- step=0§r
[19:51:03] [main/INFO] (Minecraft) [CHAT] §2§l§o[TenorClef] §rT2 [HIST] 4:10.5 FORCE S135 S130 suppressed why=would-S130 but busy cool=14 flips=6 sameXz=66 child=CollectIronIngotTask cool=14 ban=14 hold=false pos=261,62,127 walls=4/4/4 sky=15 place=56 boxed=true hold=false cool=14 ban=14 startY=- step=0
[19:51:03] [main/INFO] (Minecraft) [STDOUT]: ALTO CLEF: WARNING: T2 [S100] stop jump-walk @261,127 ph=IRON child=CollectIronIngotTask esc=0
[19:51:03] [main/INFO] (Minecraft) [CHAT] §2§l§o[TenorClef] §cT2 [S100] stop jump-walk @261,127 ph=IRON child=CollectIronIngotTask esc=0§r
[19:51:03] [main/INFO] (Minecraft) [CHAT] §2§l§o[TenorClef] §rT2 [HIST] 4:10.6 SOLVE S100 stop jump-walk @261,127 ph=IRON child=CollectIronIngotTask esc=0
[19:51:03] [main/INFO] (Minecraft) [CHAT] §2§l§o[TenorClef] §rMineAndCollect: equip item.minecraft.stone_pickaxe for block.minecraft.iron_ore
[19:51:03] [main/INFO] (Minecraft) [CHAT] §2§l§o[TenorClef] §rMineAndCollect: equip item.minecraft.stone_pickaxe for block.minecraft.iron_ore
[19:51:03] [main/INFO] (Minecraft) [CHAT] §2§l§o[TenorClef] §rT2 [NOW] t=4:10.8 ph=IRON @261,62,127 do=<Collecting 24 iron.: [[iron_ingot] x 24]>  eq=cobblestone woodpick=1 stonepick=1 pick=0 iron=0 buck=0
[19:51:03] [main/INFO] (Minecraft) [CHAT] §2§l§o[TenorClef] §rMineAndCollect: equip item.minecraft.stone_pickaxe for block.minecraft.iron_ore
[19:51:03] [main/INFO] (Minecraft) [STDOUT]: ALTO CLEF: WARNING: T2 [S109] equip pick for mining (was holding cobblestone)
[19:51:03] [main/INFO] (Minecraft) [CHAT] §2§l§o[TenorClef] §cT2 [S109] equip pick for mining (was holding cobblestone)§r
[19:51:03] [main/INFO] (Minecraft) [CHAT] §2§l§o[TenorClef] §rT2 [HIST] 4:10.9 SOLVE S109 equip pick for mining (was holding cobblestone)
[19:51:03] [main/INFO] (Minecraft) [CHAT] §2§l§o[TenorClef] §rMineAndCollect: equip item.minecraft.stone_pickaxe for block.minecraft.iron_ore
[19:51:03] [main/INFO] (Minecraft) [CHAT] §2§l§o[TenorClef] §rT2 [HIST] 4:11.0 SNAP ph=IRON @261,62,127 sky=15 wet=false ground=true pick=0 buck=0 iron=16 rods=0 pearls=0 eyes=0 child=CollectIronIngotTask dbg=<Collecting 24 iron.: [[iron_ingot] x 24]>  mobs=none
[19:51:03] [main/INFO] (Minecraft) [CHAT] §2§l§o[TenorClef] §rMineAndCollect: equip item.minecraft.stone_pickaxe for block.minecraft.iron_ore
[19:51:03] [main/INFO] (Minecraft) [CHAT] §2§l§o[TenorClef] §rMineAndCollect: equip item.minecraft.stone_pickaxe for block.minecraft.iron_ore
[19:51:04] [main/INFO] (Minecraft) [STDOUT]: ALTO CLEF: WARNING: T2 [S134] pillar cool expire after flips=3 end=risen y=66 startY=62
[19:51:04] [main/INFO] (Minecraft) [CHAT] §2§l§o[TenorClef] §cT2 [S134] pillar cool expire after flips=3 end=risen y=66 startY=62§r
[19:51:04] [main/INFO] (Minecraft) [CHAT] §2§l§o[TenorClef] §rT2 [HIST] 4:11.2 FORCE S134 pillar cool expire after flips=3 end=risen y=66 startY=62
[19:51:04] [main/INFO] (Minecraft) [STDOUT]: ALTO CLEF: WARNING: T2 [S137] re-cool still-boxed@261,127 n=1 ticks=160 end=risen y=66 startY=62 pos=261,62,127 walls=4/4/4 sky=15 place=57 boxed=true hold=false cool=160 ban=160 startY=- step=0
[19:51:04] [main/INFO] (Minecraft) [CHAT] §2§l§o[TenorClef] §cT2 [S137] re-cool still-boxed@261,127 n=1 ticks=160 end=risen y=66 startY=62 pos=261,62,127 walls=4/4/4 sky=15 place=57 boxed=true hold=false cool=160 ban=160 startY=- step=0§r
[19:51:04] [main/INFO] (Minecraft) [CHAT] §2§l§o[TenorClef] §rT2 [HIST] 4:11.2 FORCE S137 re-cool still-boxed@261,127 n=1 ticks=160 end=risen y=66 startY=62 pos=261,62,127 walls=4/4/4 sky=15 place=57 boxed=true hold=false cool=160 ban=160 startY=- step=0
[19:51:04] [main/INFO] (Minecraft) [CHAT] §2§l§o[TenorClef] §rMineAndCollect: equip item.minecraft.stone_pickaxe for block.minecraft.iron_ore
[19:51:04] [main/INFO] (Minecraft) [CHAT] §2§l§o[TenorClef] §rT2 [HIST] 4:11.3 WHY iron: smelt 24 in one furnace
[19:51:04] [main/INFO] (Minecraft) [CHAT] §2§l§o[TenorClef] §rMineAndCollect: equip item.minecraft.stone_pickaxe for block.minecraft.iron_ore
[19:51:04] [main/INFO] (Minecraft) [CHAT] §2§l§o[TenorClef] §rMineAndCollect: equip item.minecraft.stone_pickaxe for block.minecraft.iron_ore
[19:51:04] [main/INFO] (Minecraft) [CHAT] §2§l§o[TenorClef] §rMineAndCollect: equip item.minecraft.stone_pickaxe for block.minecraft.iron_ore
[19:51:04] [main/INFO] (Minecraft) [CHAT] §2§l§o[TenorClef] §rMineAndCollect: equip item.minecraft.stone_pickaxe for block.minecraft.iron_ore
[19:51:04] [main/INFO] (Minecraft) [CHAT] §2§l§o[TenorClef] §rMineAndCollect: equip item.minecraft.stone_pickaxe for block.minecraft.iron_ore
[19:51:04] [main/INFO] (Minecraft) [CHAT] §2§l§o[TenorClef] §rMineAndCollect: equip item.minecraft.stone_pickaxe for block.minecraft.iron_ore
[19:51:04] [main/INFO] (Minecraft) [CHAT] §2§l§o[TenorClef] §rT2 [NOW] t=4:11.8 ph=IRON @261,61,127 do=<Collecting 24 iron.: [[iron_ingot] x 24]>  eq=cobblestone woodpick=1 stonepick=1 pick=0 iron=0 buck=0
[19:51:04] [main/INFO] (Minecraft) [CHAT] §2§l§o[TenorClef] §rMineAndCollect: equip item.minecraft.stone_pickaxe for block.minecraft.iron_ore
[19:51:04] [main/INFO] (Minecraft) [CHAT] §2§l§o[TenorClef] §rMineAndCollect: equip item.minecraft.stone_pickaxe for block.minecraft.iron_ore
[19:51:04] [main/INFO] (Minecraft) [CHAT] §2§l§o[TenorClef] §rMineAndCollect: equip item.minecraft.stone_pickaxe for block.minecraft.iron_ore
[19:51:05] [main/INFO] (Minecraft) [CHAT] §2§l§o[TenorClef] §rMineAndCollect: equip item.minecraft.stone_pickaxe for block.minecraft.iron_ore
[19:51:05] [main/INFO] (Minecraft) [CHAT] §2§l§o[TenorClef] §rMineAndCollect: equip item.minecraft.stone_pickaxe for block.minecraft.iron_ore
[19:51:05] [main/INFO] (Minecraft) [CHAT] §2§l§o[TenorClef] §rMineAndCollect: equip item.minecraft.stone_pickaxe for block.minecraft.iron_ore
[19:51:05] [main/INFO] (Minecraft) [CHAT] §2§l§o[TenorClef] §rMineAndCollect: equip item.minecraft.stone_pickaxe for block.minecraft.iron_ore
[19:51:05] [main/INFO] (Minecraft) [CHAT] §2§l§o[TenorClef] §rMineAndCollect: equip item.minecraft.stone_pickaxe for block.minecraft.iron_ore
[19:51:05] [main/INFO] (Minecraft) [CHAT] §2§l§o[TenorClef] §rMineAndCollect: equip item.minecraft.stone_pickaxe for block.minecraft.iron_ore
[19:51:05] [main/INFO] (Minecraft) [STDOUT]: ALTO CLEF: WARNING: T2 [S135] S130 suppressed why=would-S130 but busy cool=132 flips=3 sameXz=29 child=CollectIronIngotTask cool=132 ban=132 hold=false pos=261,60,127 walls=4/4/4 sky=15 place=58 boxed=true hold=false cool=132 ban=132 startY=- step=0
[19:51:05] [main/INFO] (Minecraft) [CHAT] §2§l§o[TenorClef] §cT2 [S135] S130 suppressed why=would-S130 but busy cool=132 flips=3 sameXz=29 child=CollectIronIngotTask cool=132 ban=132 hold=false pos=261,60,127 walls=4/4/4 sky=15 place=58 boxed=true hold=false cool=132 ban=132 startY=- step=0§r
[19:51:05] [main/INFO] (Minecraft) [CHAT] §2§l§o[TenorClef] §rT2 [HIST] 4:12.6 FORCE S135 S130 suppressed why=would-S130 but busy cool=132 flips=3 sameXz=29 child=CollectIronIngotTask cool=132 ban=132 hold=false pos=261,60,127 walls=4/4/4 sky=15 place=58 boxed=true hold=false cool=132 ban=132 startY=- step=0
[19:51:05] [main/INFO] (Minecraft) [CHAT] §2§l§o[TenorClef] §rMineAndCollect: equip item.minecraft.stone_pickaxe for block.minecraft.iron_ore
[19:51:05] [main/INFO] (Minecraft) [CHAT] §2§l§o[TenorClef] §rT2 [NOW] t=4:12.8 ph=IRON @261,60,127 do=<Collecting 24 iron.: [[iron_ingot] x 24]>  eq=stone_pickaxe woodpick=1 stonepick=1 pick=0 iron=0 buck=0
[19:51:05] [main/INFO] (Minecraft) [STDOUT]: ALTO CLEF: WARNING: T2 [E100] jumps=6 @261,60,127 ph=IRON child=CollectIronIngotTask
[19:51:05] [main/INFO] (Minecraft) [CHAT] §2§l§o[TenorClef] §cT2 [E100] jumps=6 @261,60,127 ph=IRON child=CollectIronIngotTask§r
[19:51:05] [main/INFO] (Minecraft) [CHAT] §2§l§o[TenorClef] §rT2 [HIST] 4:12.8 [E100] jumps=6 @261,60,127 ph=IRON child=CollectIronIngotTask
[19:51:06] [main/INFO] (Minecraft) [CHAT] §2§l§o[TenorClef] §rT2 [HIST] 4:13.5 SNAP ph=IRON @261,60,127 sky=15 wet=false ground=true pick=0 buck=0 iron=16 rods=0 pearls=0 eyes=0 child=CollectIronIngotTask dbg=<Collecting 24 iron.: [[iron_ingot] x 24]>  mobs=none
[19:51:06] [main/INFO] (Minecraft) [CHAT] §2§l§o[TenorClef] §rT2 [NOW] t=4:13.8 ph=IRON @261,60,127 do=<Collecting 24 iron.: [[iron_ingot] x 24]>  eq=stone_pickaxe woodpick=1 stonepick=1 pick=0 iron=0 buck=0
[19:51:07] [main/INFO] (Minecraft) [CHAT] §2§l§o[TenorClef] §rT2 [HIST] 4:14.4 SOLVE S100 stop jump-walk @261,127 ph=IRON child=CollectIronIngotTask esc=1
[19:51:07] [main/INFO] (Minecraft) [STDOUT]: ALTO CLEF: WARNING: T2 [S144] jump-stuck collector — replace CollectIronIngotTask with wander (esc=2)
[19:51:07] [main/INFO] (Minecraft) [CHAT] §2§l§o[TenorClef] §cT2 [S144] jump-stuck collector — replace CollectIronIngotTask with wander (esc=2)§r
[19:51:07] [main/INFO] (Minecraft) [CHAT] §2§l§o[TenorClef] §rT2 [HIST] 4:14.4 SOLVE S144 jump-stuck collector — replace CollectIronIngotTask with wander (esc=2)
[19:51:07] [main/INFO] (Minecraft) [CHAT] §2§l§o[TenorClef] §rT2 [HIST] 4:14.4 CHILD CollectIronIngotTask -> TimeoutWanderTask ph=IRON @261,59,127 sky=15 wet=false ground=true pick=0 buck=0 iron=16 rods=0 pearls=0 eyes=0
[19:51:07] [main/INFO] (Minecraft) [CHAT] §2§l§o[TenorClef] §rT2 [NOW] t=4:14.8 ph=IRON @261,59,127 do=<Wander for Infinity blocks> Exploring. eq=stone_pickaxe woodpick=1 stonepick=1 pick=0 iron=0 buck=0
[19:51:07] [pool-5-thread-4/INFO] (Minecraft) [STDOUT]: 741963 movements considered
[19:51:07] [pool-5-thread-4/INFO] (Minecraft) [STDOUT]: Open set size: 36476
[19:51:07] [pool-5-thread-4/INFO] (Minecraft) [STDOUT]: PathNode map size: 70204
[19:51:07] [pool-5-thread-4/INFO] (Minecraft) [STDOUT]: 67321 nodes per second
[19:51:07] [pool-5-thread-4/INFO] (Minecraft) [STDOUT]: Path goes for 178.9553016817328 blocks
[19:51:08] [main/INFO] (Minecraft) [CHAT] §2§l§o[TenorClef] §rT2 [NOW] t=4:15.8 ph=IRON @261,61,127 do=<Wander for Infinity blocks> Exploring. eq=dirt woodpick=1 stonepick=1 pick=0 iron=0 buck=0
[19:51:08] [main/INFO] (Minecraft) [CHAT] §2§l§o[TenorClef] §rT2 [HIST] 4:15.9 [E100] jumps=6 @261,61,127 ph=IRON child=TimeoutWanderTask
[19:51:09] [main/INFO] (Minecraft) [CHAT] §2§l§o[TenorClef] §rT2 [NOW] t=4:16.8 ph=IRON @261,62,127 do=<Wander for Infinity blocks> Exploring. eq=cobblestone woodpick=1 stonepick=1 pick=0 iron=0 buck=0
[19:51:10] [main/INFO] (Minecraft) [CHAT] §2§l§o[TenorClef] §rT2 [HIST] 4:17.5 SNAP ph=IRON @261,62,127 sky=15 wet=false ground=false pick=0 buck=0 iron=17 rods=0 pearls=0 eyes=0 child=TimeoutWanderTask dbg=<Wander for Infinity blocks> Exploring. mobs=none
[19:51:10] [main/INFO] (Minecraft) [CHAT] §2§l§o[TenorClef] §rT2 [NOW] t=4:17.8 ph=IRON @261,63,128 do=<Wander for Infinity blocks> Exploring. eq=cobblestone woodpick=1 stonepick=1 pick=0 iron=0 buck=0
[19:51:11] [pool-5-thread-4/INFO] (Minecraft) [STDOUT]: 703991 movements considered
[19:51:11] [pool-5-thread-4/INFO] (Minecraft) [STDOUT]: Open set size: 32240
[19:51:11] [pool-5-thread-4/INFO] (Minecraft) [STDOUT]: PathNode map size: 64238
[19:51:11] [pool-5-thread-4/INFO] (Minecraft) [STDOUT]: 64000 nodes per second
[19:51:11] [pool-5-thread-4/INFO] (Minecraft) [STDOUT]: Path goes for 186.46715528478467 blocks
[19:51:11] [main/INFO] (Minecraft) [STDOUT]: ALTO CLEF: WARNING: T2 [S138] shaft ban clear left-xz ban=261,127 now=262,128 manh=2 left=14
[19:51:11] [main/INFO] (Minecraft) [CHAT] §2§l§o[TenorClef] §cT2 [S138] shaft ban clear left-xz ban=261,127 now=262,128 manh=2 left=14§r
[19:51:11] [main/INFO] (Minecraft) [CHAT] §2§l§o[TenorClef] §rT2 [HIST] 4:18.6 FORCE S138 shaft ban clear left-xz ban=261,127 now=262,128 manh=2 left=14
[19:51:11] [main/INFO] (Minecraft) [CHAT] §2§l§o[TenorClef] §rT2 [NOW] t=4:18.8 ph=IRON @263,64,128 do=<Wander for Infinity blocks> Exploring. eq=cobblestone woodpick=1 stonepick=1 pick=0 iron=0 buck=0
[19:51:12] [main/INFO] (Minecraft) [STDOUT]: ALTO CLEF: WARNING: T2 [S134] pillar cool expire after flips=3 end=risen y=66 startY=62
[19:51:12] [main/INFO] (Minecraft) [CHAT] §2§l§o[TenorClef] §cT2 [S134] pillar cool expire after flips=3 end=risen y=66 startY=62§r
[19:51:12] [main/INFO] (Minecraft) [CHAT] §2§l§o[TenorClef] §rT2 [HIST] 4:19.2 FORCE S134 pillar cool expire after flips=3 end=risen y=66 startY=62
[19:51:12] [main/INFO] (Minecraft) [STDOUT]: ALTO CLEF: WARNING: T2 [S138] shaft ban clear left-xz ban=261,127 now=265,127 manh=4 left=60
[19:51:12] [main/INFO] (Minecraft) [CHAT] §2§l§o[TenorClef] §cT2 [S138] shaft ban clear left-xz ban=261,127 now=265,127 manh=4 left=60§r
[19:51:12] [main/INFO] (Minecraft) [CHAT] §2§l§o[TenorClef] §rT2 [HIST] 4:19.3 FORCE S138 shaft ban clear left-xz ban=261,127 now=265,127 manh=4 left=60
[19:51:12] [main/INFO] (Minecraft) [CHAT] §2§l§o[TenorClef] §rT2 [NOW] t=4:19.8 ph=IRON @267,64,125 do=<Wander for Infinity blocks> Exploring. eq=cobblestone woodpick=1 stonepick=1 pick=0 iron=0 buck=0
[19:51:13] [main/INFO] (Minecraft) [CHAT] §2§l§o[TenorClef] §rT2 [HB] t=4:20.5 ph=IRON y=64 child=TimeoutWanderTask logs=1 pick=0 woodpick=1
[19:51:13] [main/INFO] (Minecraft) [CHAT] §2§l§o[TenorClef] §rT2 [NOW] t=4:20.8 ph=IRON @272,64,123 do=<Wander for Infinity blocks> Exploring. eq=cobblestone woodpick=1 stonepick=1 pick=0 iron=0 buck=0
[19:51:14] [main/INFO] (Minecraft) [CHAT] §2§l§o[TenorClef] §rT2 [NOW] t=4:21.8 ph=IRON @274,64,122 do=<Wander for Infinity blocks> Exploring. eq=cobblestone woodpick=1 stonepick=1 pick=0 iron=0 buck=0
[19:51:15] [pool-5-thread-4/INFO] (Minecraft) [STDOUT]: 750443 movements considered
[19:51:15] [pool-5-thread-4/INFO] (Minecraft) [STDOUT]: Open set size: 30537
[19:51:15] [pool-5-thread-4/INFO] (Minecraft) [STDOUT]: PathNode map size: 64648
[19:51:15] [pool-5-thread-4/INFO] (Minecraft) [STDOUT]: 68087 nodes per second
[19:51:15] [pool-5-thread-4/INFO] (Minecraft) [STDOUT]: Path goes for 184.92160501142098 blocks
[19:51:15] [main/INFO] (Minecraft) [CHAT] §2§l§o[TenorClef] §rT2 [HIST] 4:22.5 WHY iron: smelt 24 in one furnace
[19:51:15] [main/INFO] (Minecraft) [CHAT] §2§l§o[TenorClef] §rT2 [HIST] 4:22.5 CHILD TimeoutWanderTask -> CollectIronIngotTask ph=IRON @276,64,122 sky=15 wet=false ground=true pick=0 buck=0 iron=17 rods=0 pearls=0 eyes=0
[19:51:15] [main/INFO] (Minecraft) [CHAT] §2§l§o[TenorClef] §rT2 [HIST] 4:22.5 SNAP ph=IRON @276,64,122 sky=15 wet=false ground=true pick=0 buck=0 iron=17 rods=0 pearls=0 eyes=0 child=CollectIronIngotTask dbg=<Collecting 24 iron.: [[iron_ingot] x 24]>  mobs=none
[19:51:15] [main/INFO] (Minecraft) [CHAT] §2§l§o[TenorClef] §rT2 [NOW] t=4:22.8 ph=IRON @277,64,123 do=<Collecting 24 iron.: [[iron_ingot] x 24]>  eq=stone_pickaxe woodpick=1 stonepick=1 pick=0 iron=0 buck=0
[19:51:16] [main/INFO] (Minecraft) [CHAT] §2§l§o[TenorClef] §rT2 [NOW] t=4:23.8 ph=IRON @278,64,124 do=<Collecting 24 iron.: [[iron_ingot] x 24]>  eq=cobblestone woodpick=1 stonepick=1 pick=0 iron=0 buck=0
[19:51:17] [main/INFO] (Minecraft) [CHAT] §2§l§o[TenorClef] §rT2 [NOW] t=4:24.8 ph=IRON @278,63,124 do=<Collecting 24 iron.: [[iron_ingot] x 24]>  eq=cobblestone woodpick=1 stonepick=1 pick=0 iron=0 buck=0
[19:51:17] [main/INFO] (Minecraft) [CHAT] §2§l§o[TenorClef] §rT2 [HIST] 4:25.0 SNAP ph=IRON @278,63,124 sky=15 wet=false ground=true pick=0 buck=0 iron=17 rods=0 pearls=0 eyes=0 child=CollectIronIngotTask dbg=<Collecting 24 iron.: [[iron_ingot] x 24]>  mobs=none
[19:51:18] [main/INFO] (Minecraft) [STDOUT]: ALTO CLEF: WARNING: T2 [S130] START trigger=flips=3 ph=IRON prev=CollectIronIngotTask cycle=1 pos=278,62,124 walls=4/4/4 sky=15 place=58 boxed=true hold=false cool=0 ban=0 startY=62 step=0
[19:51:18] [main/INFO] (Minecraft) [CHAT] §2§l§o[TenorClef] §cT2 [S130] START trigger=flips=3 ph=IRON prev=CollectIronIngotTask cycle=1 pos=278,62,124 walls=4/4/4 sky=15 place=58 boxed=true hold=false cool=0 ban=0 startY=62 step=0§r
[19:51:18] [main/INFO] (Minecraft) [CHAT] §2§l§o[TenorClef] §rT2 [HIST] 4:25.2 FORCE S130 START trigger=flips=3 ph=IRON prev=CollectIronIngotTask cycle=1 pos=278,62,124 walls=4/4/4 sky=15 place=58 boxed=true hold=false cool=0 ban=0 startY=62 step=0
[19:51:18] [main/INFO] (Minecraft) [CHAT] §2§l§o[TenorClef] §rT2 [HIST] 4:25.2 PILLAR START flips=3 prev=CollectIronIngotTask
[19:51:18] [main/INFO] (Minecraft) [CHAT] §2§l§o[TenorClef] §rT2 [HIST] 4:25.2 SOLVE S130 pillar-out @278,62,124 ph=IRON flips=3
[19:51:18] [main/INFO] (Minecraft) [CHAT] §2§l§o[TenorClef] §rT2 [HIST] 4:25.2 CHILD CollectIronIngotTask -> HolePillarTask ph=IRON @278,62,124 sky=15 wet=false ground=false pick=0 buck=0 iron=17 rods=0 pearls=0 eyes=0
[19:51:18] [main/INFO] (Minecraft) [STDOUT]: ALTO CLEF: WARNING: T2 [S130] tick y=62 slot=0 air=true pos=278,62,124 walls=4/4/4 sky=15 place=58 boxed=true hold=true cool=0 ban=0 startY=62 step=1
[19:51:18] [main/INFO] (Minecraft) [CHAT] §2§l§o[TenorClef] §cT2 [S130] tick y=62 slot=0 air=true pos=278,62,124 walls=4/4/4 sky=15 place=58 boxed=true hold=true cool=0 ban=0 startY=62 step=1§r
[19:51:18] [main/INFO] (Minecraft) [CHAT] §2§l§o[TenorClef] §rT2 [HIST] 4:25.2 FORCE S130 tick y=62 slot=0 air=true pos=278,62,124 walls=4/4/4 sky=15 place=58 boxed=true hold=true cool=0 ban=0 startY=62 step=1
[19:51:18] [main/INFO] (Minecraft) [CHAT] §2§l§o[TenorClef] §rT2 [NOW] t=4:25.8 ph=IRON @278,63,124 do=<T2 pillar-out>  eq=cobblestone woodpick=1 stonepick=1 pick=0 iron=0 buck=0
[19:51:19] [main/INFO] (Minecraft) [STDOUT]: ALTO CLEF: WARNING: T2 [S130] tick y=64 slot=0 air=true pos=278,64,124 walls=0/0/4 sky=15 place=57 boxed=false hold=true cool=0 ban=0 startY=62 step=21
[19:51:19] [main/INFO] (Minecraft) [CHAT] §2§l§o[TenorClef] §cT2 [S130] tick y=64 slot=0 air=true pos=278,64,124 walls=0/0/4 sky=15 place=57 boxed=false hold=true cool=0 ban=0 startY=62 step=21§r
[19:51:19] [main/INFO] (Minecraft) [CHAT] §2§l§o[TenorClef] §rT2 [HIST] 4:26.2 FORCE S130 tick y=64 slot=0 air=true pos=278,64,124 walls=0/0/4 sky=15 place=57 boxed=false hold=true cool=0 ban=0 startY=62 step=21
[19:51:19] [main/INFO] (Minecraft) [CHAT] §2§l§o[TenorClef] §rT2 [NOW] t=4:26.8 ph=IRON @278,65,124 do=<T2 pillar-out>  eq=cobblestone woodpick=1 stonepick=1 pick=0 iron=0 buck=0
[19:51:19] [main/INFO] (Minecraft) [STDOUT]: ALTO CLEF: WARNING: T2 [E100] jumps=11 @278,65,124 ph=IRON child=HolePillarTask
[19:51:19] [main/INFO] (Minecraft) [CHAT] §2§l§o[TenorClef] §cT2 [E100] jumps=11 @278,65,124 ph=IRON child=HolePillarTask§r
[19:51:19] [main/INFO] (Minecraft) [CHAT] §2§l§o[TenorClef] §rT2 [HIST] 4:27.0 [E100] jumps=11 @278,65,124 ph=IRON child=HolePillarTask
[19:51:19] [main/INFO] (Minecraft) [STDOUT]: ALTO CLEF: WARNING: T2 [S139] rise confirmed +4y y=66 startY=62 pos=278,66,124 walls=0/0/0 sky=15 place=56 boxed=false hold=true cool=0 ban=0 startY=62 step=37
[19:51:19] [main/INFO] (Minecraft) [CHAT] §2§l§o[TenorClef] §cT2 [S139] rise confirmed +4y y=66 startY=62 pos=278,66,124 walls=0/0/0 sky=15 place=56 boxed=false hold=true cool=0 ban=0 startY=62 step=37§r
[19:51:20] [main/INFO] (Minecraft) [CHAT] §2§l§o[TenorClef] §rT2 [HIST] 4:27.1 FORCE S139 rise confirmed +4y y=66 startY=62 pos=278,66,124 walls=0/0/0 sky=15 place=56 boxed=false hold=true cool=0 ban=0 startY=62 step=37
[19:51:20] [main/INFO] (Minecraft) [STDOUT]: ALTO CLEF: WARNING: T2 [S133] cool arm ticks=80 reason=risen y=66 startY=62 ban=278,124 pos=278,66,124 walls=0/0/0 sky=15 place=56 boxed=false hold=true cool=80 ban=80 startY=62 step=37
[19:51:20] [main/INFO] (Minecraft) [CHAT] §2§l§o[TenorClef] §cT2 [S133] cool arm ticks=80 reason=risen y=66 startY=62 ban=278,124 pos=278,66,124 walls=0/0/0 sky=15 place=56 boxed=false hold=true cool=80 ban=80 startY=62 step=37§r
[19:51:20] [main/INFO] (Minecraft) [CHAT] §2§l§o[TenorClef] §rT2 [HIST] 4:27.1 FORCE S133 cool arm ticks=80 reason=risen y=66 startY=62 ban=278,124 pos=278,66,124 walls=0/0/0 sky=15 place=56 boxed=false hold=true cool=80 ban=80 startY=62 step=37
[19:51:20] [main/INFO] (Minecraft) [STDOUT]: ALTO CLEF: WARNING: T2 [S136] END reason=risen y=66 startY=62 roseReal=true giveUp=true pos=278,66,124 walls=0/0/0 sky=15 place=56 boxed=false hold=true cool=80 ban=80 startY=62 step=37
[19:51:20] [main/INFO] (Minecraft) [CHAT] §2§l§o[TenorClef] §cT2 [S136] END reason=risen y=66 startY=62 roseReal=true giveUp=true pos=278,66,124 walls=0/0/0 sky=15 place=56 boxed=false hold=true cool=80 ban=80 startY=62 step=37§r
[19:51:20] [main/INFO] (Minecraft) [CHAT] §2§l§o[TenorClef] §rT2 [HIST] 4:27.1 FORCE S136 END reason=risen y=66 startY=62 roseReal=true giveUp=true pos=278,66,124 walls=0/0/0 sky=15 place=56 boxed=false hold=true cool=80 ban=80 startY=62 step=37
[19:51:20] [main/INFO] (Minecraft) [CHAT] §2§l§o[TenorClef] §rT2 [HIST] 4:27.1 PILLAR END risen y=66 startY=62
[19:51:20] [main/INFO] (Minecraft) [CHAT] §2§l§o[TenorClef] §rT2 [HIST] 4:27.1 WHY iron: smelt 24 in one furnace
[19:51:20] [main/INFO] (Minecraft) [STDOUT]: ALTO CLEF: WARNING: T2 [S136] stick drop pillar -> CollectIronIngotTask finished=true hold=false cool=79 end=risen y=66 startY=62 pos=278,66,124 walls=0/0/0 sky=15 place=56 boxed=false hold=false cool=79 ban=79 startY=- step=0
[19:51:20] [main/INFO] (Minecraft) [CHAT] §2§l§o[TenorClef] §cT2 [S136] stick drop pillar -> CollectIronIngotTask finished=true hold=false cool=79 end=risen y=66 startY=62 pos=278,66,124 walls=0/0/0 sky=15 place=56 boxed=false hold=false cool=79 ban=79 startY=- step=0§r
[19:51:20] [main/INFO] (Minecraft) [CHAT] §2§l§o[TenorClef] §rT2 [HIST] 4:27.1 FORCE S136 stick drop pillar -> CollectIronIngotTask finished=true hold=false cool=79 end=risen y=66 startY=62 pos=278,66,124 walls=0/0/0 sky=15 place=56 boxed=false hold=false cool=79 ban=79 startY=- step=0
[19:51:20] [main/INFO] (Minecraft) [CHAT] §2§l§o[TenorClef] §rT2 [HIST] 4:27.1 CHILD HolePillarTask -> CollectIronIngotTask ph=IRON @278,66,124 sky=15 wet=false ground=false pick=0 buck=0 iron=17 rods=0 pearls=0 eyes=0
[19:51:20] [main/INFO] (Minecraft) [STDOUT]: ALTO CLEF: WARNING: T2 [S136] onStop interrupt=CollectIronIngotTask finishWhy=givingUp cool=79 lastEnd=risen y=66 startY=62 pos=278,66,124 walls=0/0/0 sky=15 place=56 boxed=false hold=false cool=79 ban=79 startY=- step=0
[19:51:20] [main/INFO] (Minecraft) [CHAT] §2§l§o[TenorClef] §cT2 [S136] onStop interrupt=CollectIronIngotTask finishWhy=givingUp cool=79 lastEnd=risen y=66 startY=62 pos=278,66,124 walls=0/0/0 sky=15 place=56 boxed=false hold=false cool=79 ban=79 startY=- step=0§r
[19:51:20] [main/INFO] (Minecraft) [CHAT] §2§l§o[TenorClef] §rT2 [HIST] 4:27.1 FORCE S136 onStop interrupt=CollectIronIngotTask finishWhy=givingUp cool=79 lastEnd=risen y=66 startY=62 pos=278,66,124 walls=0/0/0 sky=15 place=56 boxed=false hold=false cool=79 ban=79 startY=- step=0
[19:51:20] [main/INFO] (Minecraft) [CHAT] §2§l§o[TenorClef] §rMineAndCollect: equip item.minecraft.stone_pickaxe for block.minecraft.iron_ore
[19:51:20] [main/INFO] (Minecraft) [CHAT] §2§l§o[TenorClef] §rT2 [HB] t=4:27.4 ph=IRON y=65 child=CollectIronIngotTask logs=1 pick=0 woodpick=1
[19:51:20] [main/INFO] (Minecraft) [CHAT] §2§l§o[TenorClef] §rT2 [NOW] t=4:27.8 ph=IRON @278,65,124 do=<Collecting 24 iron.: [[iron_ingot] x 24]>  eq=stone_pickaxe woodpick=1 stonepick=1 pick=0 iron=0 buck=0
[19:51:21] [main/INFO] (Minecraft) [CHAT] §2§l§o[TenorClef] §rT2 [HIST] 4:28.4 SNAP ph=IRON @278,64,124 sky=15 wet=false ground=false pick=0 buck=0 iron=17 rods=0 pearls=0 eyes=0 child=CollectIronIngotTask dbg=<Collecting 24 iron.: [[iron_ingot] x 24]>  mobs=none
[19:51:21] [main/INFO] (Minecraft) [CHAT] §2§l§o[TenorClef] §rT2 [NOW] t=4:28.8 ph=IRON @278,64,124 do=<Collecting 24 iron.: [[iron_ingot] x 24]>  eq=stone_pickaxe woodpick=1 stonepick=1 pick=0 iron=0 buck=0
[19:51:22] [main/INFO] (Minecraft) [CHAT] §2§l§o[TenorClef] §rT2 [NOW] t=4:29.8 ph=IRON @278,63,124 do=<Collecting 24 iron.: [[iron_ingot] x 24]>  eq=stone_pickaxe woodpick=1 stonepick=1 pick=0 iron=0 buck=0
[19:51:23] [main/INFO] (Minecraft) [CHAT] §2§l§o[TenorClef] §rT2 [HIST] 4:30.4 [E100] jumps=6 @278,62,124 ph=IRON child=CollectIronIngotTask
[19:51:23] [main/INFO] (Minecraft) [STDOUT]: ALTO CLEF: WARNING: T2 [S135] S130 suppressed why=would-S130 but busy cool=14 flips=6 sameXz=66 child=CollectIronIngotTask cool=14 ban=14 hold=false pos=278,62,124 walls=4/4/4 sky=15 place=58 boxed=true hold=false cool=14 ban=14 startY=- step=0
[19:51:23] [main/INFO] (Minecraft) [CHAT] §2§l§o[TenorClef] §cT2 [S135] S130 suppressed why=would-S130 but busy cool=14 flips=6 sameXz=66 child=CollectIronIngotTask cool=14 ban=14 hold=false pos=278,62,124 walls=4/4/4 sky=15 place=58 boxed=true hold=false cool=14 ban=14 startY=- step=0§r
[19:51:23] [main/INFO] (Minecraft) [CHAT] §2§l§o[TenorClef] §rT2 [HIST] 4:30.4 FORCE S135 S130 suppressed why=would-S130 but busy cool=14 flips=6 sameXz=66 child=CollectIronIngotTask cool=14 ban=14 hold=false pos=278,62,124 walls=4/4/4 sky=15 place=58 boxed=true hold=false cool=14 ban=14 startY=- step=0
[19:51:23] [main/INFO] (Minecraft) [STDOUT]: ALTO CLEF: WARNING: T2 [S100] stop jump-walk @278,124 ph=IRON child=CollectIronIngotTask esc=0
[19:51:23] [main/INFO] (Minecraft) [CHAT] §2§l§o[TenorClef] §cT2 [S100] stop jump-walk @278,124 ph=IRON child=CollectIronIngotTask esc=0§r
[19:51:23] [main/INFO] (Minecraft) [CHAT] §2§l§o[TenorClef] §rT2 [HIST] 4:30.4 SOLVE S100 stop jump-walk @278,124 ph=IRON child=CollectIronIngotTask esc=0
[19:51:23] [main/INFO] (Minecraft) [CHAT] §2§l§o[TenorClef] §rMineAndCollect: equip item.minecraft.stone_pickaxe for block.minecraft.iron_ore
[19:51:23] [main/INFO] (Minecraft) [CHAT] §2§l§o[TenorClef] §rMineAndCollect: equip item.minecraft.stone_pickaxe for block.minecraft.iron_ore
[19:51:23] [main/INFO] (Minecraft) [CHAT] §2§l§o[TenorClef] §rMineAndCollect: equip item.minecraft.stone_pickaxe for block.minecraft.iron_ore
[19:51:23] [main/INFO] (Minecraft) [CHAT] §2§l§o[TenorClef] §rMineAndCollect: equip item.minecraft.stone_pickaxe for block.minecraft.iron_ore
[19:51:23] [main/INFO] (Minecraft) [STDOUT]: ALTO CLEF: WARNING: T2 [S109] equip pick for mining (was holding cobblestone)
[19:51:23] [main/INFO] (Minecraft) [CHAT] §2§l§o[TenorClef] §cT2 [S109] equip pick for mining (was holding cobblestone)§r
[19:51:23] [main/INFO] (Minecraft) [CHAT] §2§l§o[TenorClef] §rT2 [HIST] 4:30.7 SOLVE S109 equip pick for mining (was holding cobblestone)
[19:51:23] [main/INFO] (Minecraft) [CHAT] §2§l§o[TenorClef] §rMineAndCollect: equip item.minecraft.stone_pickaxe for block.minecraft.iron_ore
[19:51:23] [main/INFO] (Minecraft) [CHAT] §2§l§o[TenorClef] §rT2 [NOW] t=4:30.8 ph=IRON @278,62,124 do=<Collecting 24 iron.: [[iron_ingot] x 24]>  eq=cobblestone woodpick=1 stonepick=1 pick=0 iron=0 buck=0
[19:51:23] [main/INFO] (Minecraft) [CHAT] §2§l§o[TenorClef] §rMineAndCollect: equip item.minecraft.stone_pickaxe for block.minecraft.iron_ore
[19:51:23] [main/INFO] (Minecraft) [CHAT] §2§l§o[TenorClef] §rMineAndCollect: equip item.minecraft.stone_pickaxe for block.minecraft.iron_ore
[19:51:23] [main/INFO] (Minecraft) [CHAT] §2§l§o[TenorClef] §rT2 [HIST] 4:30.9 SNAP ph=IRON @278,62,124 sky=15 wet=false ground=true pick=0 buck=0 iron=17 rods=0 pearls=0 eyes=0 child=CollectIronIngotTask dbg=<Collecting 24 iron.: [[iron_ingot] x 24]>  mobs=none
[19:51:23] [main/INFO] (Minecraft) [CHAT] §2§l§o[TenorClef] §rMineAndCollect: equip item.minecraft.stone_pickaxe for block.minecraft.iron_ore
[19:51:24] [main/INFO] (Minecraft) [STDOUT]: ALTO CLEF: WARNING: T2 [S134] pillar cool expire after flips=3 end=risen y=66 startY=62
[19:51:24] [main/INFO] (Minecraft) [CHAT] §2§l§o[TenorClef] §cT2 [S134] pillar cool expire after flips=3 end=risen y=66 startY=62§r
[19:51:24] [main/INFO] (Minecraft) [CHAT] §2§l§o[TenorClef] §rT2 [HIST] 4:31.1 FORCE S134 pillar cool expire after flips=3 end=risen y=66 startY=62
[19:51:24] [main/INFO] (Minecraft) [STDOUT]: ALTO CLEF: WARNING: T2 [S137] re-cool still-boxed@278,124 n=1 ticks=160 end=risen y=66 startY=62 pos=278,62,124 walls=4/4/4 sky=15 place=59 boxed=true hold=false cool=160 ban=160 startY=- step=0
[19:51:24] [main/INFO] (Minecraft) [CHAT] §2§l§o[TenorClef] §cT2 [S137] re-cool still-boxed@278,124 n=1 ticks=160 end=risen y=66 startY=62 pos=278,62,124 walls=4/4/4 sky=15 place=59 boxed=true hold=false cool=160 ban=160 startY=- step=0§r
[19:51:24] [main/INFO] (Minecraft) [CHAT] §2§l§o[TenorClef] §rT2 [HIST] 4:31.1 FORCE S137 re-cool still-boxed@278,124 n=1 ticks=160 end=risen y=66 startY=62 pos=278,62,124 walls=4/4/4 sky=15 place=59 boxed=true hold=false cool=160 ban=160 startY=- step=0
[19:51:24] [main/INFO] (Minecraft) [CHAT] §2§l§o[TenorClef] §rMineAndCollect: equip item.minecraft.stone_pickaxe for block.minecraft.iron_ore
[19:51:24] [main/INFO] (Minecraft) [CHAT] §2§l§o[TenorClef] §rMineAndCollect: equip item.minecraft.stone_pickaxe for block.minecraft.iron_ore
[19:51:24] [main/INFO] (Minecraft) [CHAT] §2§l§o[TenorClef] §rT2 [HIST] 4:31.2 WHY iron: smelt 24 in one furnace
[19:51:24] [main/INFO] (Minecraft) [CHAT] §2§l§o[TenorClef] §rMineAndCollect: equip item.minecraft.stone_pickaxe for block.minecraft.iron_ore
[19:51:24] [main/INFO] (Minecraft) [CHAT] §2§l§o[TenorClef] §rMineAndCollect: equip item.minecraft.stone_pickaxe for block.minecraft.iron_ore
[19:51:24] [main/INFO] (Minecraft) [CHAT] §2§l§o[TenorClef] §rMineAndCollect: equip item.minecraft.stone_pickaxe for block.minecraft.iron_ore
[19:51:24] [main/INFO] (Minecraft) [CHAT] §2§l§o[TenorClef] §rMineAndCollect: equip item.minecraft.stone_pickaxe for block.minecraft.iron_ore
[19:51:24] [main/INFO] (Minecraft) [CHAT] §2§l§o[TenorClef] §rMineAndCollect: equip item.minecraft.stone_pickaxe for block.minecraft.iron_ore
[19:51:24] [main/INFO] (Minecraft) [CHAT] §2§l§o[TenorClef] §rMineAndCollect: equip item.minecraft.stone_pickaxe for block.minecraft.iron_ore
[19:51:24] [main/INFO] (Minecraft) [CHAT] §2§l§o[TenorClef] §rMineAndCollect: equip item.minecraft.stone_pickaxe for block.minecraft.iron_ore
[19:51:24] [main/INFO] (Minecraft) [CHAT] §2§l§o[TenorClef] §rMineAndCollect: equip item.minecraft.stone_pickaxe for block.minecraft.iron_ore
[19:51:24] [main/INFO] (Minecraft) [CHAT] §2§l§o[TenorClef] §rT2 [NOW] t=4:31.8 ph=IRON @278,61,124 do=<Collecting 24 iron.: [[iron_ingot] x 24]>  eq=cobblestone woodpick=1 stonepick=1 pick=0 iron=0 buck=0
[19:51:24] [main/INFO] (Minecraft) [CHAT] §2§l§o[TenorClef] §rMineAndCollect: equip item.minecraft.stone_pickaxe for block.minecraft.iron_ore
[19:51:24] [main/INFO] (Minecraft) [CHAT] §2§l§o[TenorClef] §rMineAndCollect: equip item.minecraft.stone_pickaxe for block.minecraft.iron_ore
[19:51:24] [main/INFO] (Minecraft) [CHAT] §2§l§o[TenorClef] §rMineAndCollect: equip item.minecraft.stone_pickaxe for block.minecraft.iron_ore
[19:51:24] [main/INFO] (Minecraft) [CHAT] §2§l§o[TenorClef] §rMineAndCollect: equip item.minecraft.stone_pickaxe for block.minecraft.iron_ore
[19:51:24] [main/INFO] (Minecraft) [CHAT] §2§l§o[TenorClef] §rMineAndCollect: equip item.minecraft.stone_pickaxe for block.minecraft.iron_ore
[19:51:25] [main/INFO] (Minecraft) [CHAT] §2§l§o[TenorClef] §rMineAndCollect: equip item.minecraft.stone_pickaxe for block.minecraft.iron_ore
[19:51:25] [main/INFO] (Minecraft) [CHAT] §2§l§o[TenorClef] §rMineAndCollect: equip item.minecraft.stone_pickaxe for block.minecraft.iron_ore
[19:51:25] [main/INFO] (Minecraft) [CHAT] §2§l§o[TenorClef] §rMineAndCollect: equip item.minecraft.stone_pickaxe for block.minecraft.iron_ore
[19:51:25] [main/INFO] (Minecraft) [CHAT] §2§l§o[TenorClef] §rMineAndCollect: equip item.minecraft.stone_pickaxe for block.minecraft.iron_ore
[19:51:25] [main/INFO] (Minecraft) [CHAT] §2§l§o[TenorClef] §rT2 [HB] t=4:32.4 ph=IRON y=61 child=CollectIronIngotTask logs=1 pick=0 woodpick=1
[19:51:25] [main/INFO] (Minecraft) [STDOUT]: ALTO CLEF: WARNING: T2 [S135] S130 suppressed why=would-S130 but busy cool=132 flips=3 sameXz=29 child=CollectIronIngotTask cool=132 ban=132 hold=false pos=278,60,124 walls=4/4/4 sky=15 place=60 boxed=true hold=false cool=132 ban=132 startY=- step=0
[19:51:25] [main/INFO] (Minecraft) [CHAT] §2§l§o[TenorClef] §cT2 [S135] S130 suppressed why=would-S130 but busy cool=132 flips=3 sameXz=29 child=CollectIronIngotTask cool=132 ban=132 hold=false pos=278,60,124 walls=4/4/4 sky=15 place=60 boxed=true hold=false cool=132 ban=132 startY=- step=0§r
[19:51:25] [main/INFO] (Minecraft) [CHAT] §2§l§o[TenorClef] §rT2 [HIST] 4:32.5 FORCE S135 S130 suppressed why=would-S130 but busy cool=132 flips=3 sameXz=29 child=CollectIronIngotTask cool=132 ban=132 hold=false pos=278,60,124 walls=4/4/4 sky=15 place=60 boxed=true hold=false cool=132 ban=132 startY=- step=0
[19:51:25] [main/INFO] (Minecraft) [CHAT] §2§l§o[TenorClef] §rMineAndCollect: equip item.minecraft.stone_pickaxe for block.minecraft.iron_ore
[19:51:25] [main/INFO] (Minecraft) [CHAT] §2§l§o[TenorClef] §rT2 [NOW] t=4:32.8 ph=IRON @278,60,124 do=<Collecting 24 iron.: [[iron_ingot] x 24]>  eq=stone_pickaxe woodpick=1 stonepick=1 pick=0 iron=0 buck=0
[19:51:26] [main/INFO] (Minecraft) [CHAT] §2§l§o[TenorClef] §rT2 [HIST] 4:33.4 SNAP ph=IRON @278,60,124 sky=15 wet=false ground=true pick=0 buck=0 iron=17 rods=0 pearls=0 eyes=0 child=CollectIronIngotTask dbg=<Collecting 24 iron.: [[iron_ingot] x 24]>  mobs=none
[19:51:26] [main/INFO] (Minecraft) [CHAT] §2§l§o[TenorClef] §rT2 [NOW] t=4:33.8 ph=IRON @278,60,124 do=<Collecting 24 iron.: [[iron_ingot] x 24]>  eq=stone_pickaxe woodpick=1 stonepick=1 pick=0 iron=0 buck=0
[19:51:27] [main/INFO] (Minecraft) [STDOUT]: ALTO CLEF: WARNING: T2 [E100] jumps=6 @278,59,124 ph=IRON child=CollectIronIngotTask
[19:51:27] [main/INFO] (Minecraft) [CHAT] §2§l§o[TenorClef] §cT2 [E100] jumps=6 @278,59,124 ph=IRON child=CollectIronIngotTask§r
[19:51:27] [main/INFO] (Minecraft) [CHAT] §2§l§o[TenorClef] §rT2 [HIST] 4:34.1 [E100] jumps=6 @278,59,124 ph=IRON child=CollectIronIngotTask
[19:51:27] [main/INFO] (Minecraft) [CHAT] §2§l§o[TenorClef] §rT2 [HIST] 4:34.3 SOLVE S100 stop jump-walk @278,124 ph=IRON child=CollectIronIngotTask esc=1
[19:51:27] [main/INFO] (Minecraft) [STDOUT]: ALTO CLEF: WARNING: T2 [S144] jump-stuck collector — replace CollectIronIngotTask with wander (esc=2)
[19:51:27] [main/INFO] (Minecraft) [CHAT] §2§l§o[TenorClef] §cT2 [S144] jump-stuck collector — replace CollectIronIngotTask with wander (esc=2)§r
[19:51:27] [main/INFO] (Minecraft) [CHAT] §2§l§o[TenorClef] §rT2 [HIST] 4:34.3 SOLVE S144 jump-stuck collector — replace CollectIronIngotTask with wander (esc=2)
[19:51:27] [main/INFO] (Minecraft) [CHAT] §2§l§o[TenorClef] §rT2 [HIST] 4:34.3 CHILD CollectIronIngotTask -> TimeoutWanderTask ph=IRON @278,59,124 sky=15 wet=false ground=true pick=0 buck=0 iron=17 rods=0 pearls=0 eyes=0
[19:51:27] [pool-5-thread-4/INFO] (Minecraft) [STDOUT]: 695551 movements considered
[19:51:27] [pool-5-thread-4/INFO] (Minecraft) [STDOUT]: Open set size: 30284
[19:51:27] [pool-5-thread-4/INFO] (Minecraft) [STDOUT]: PathNode map size: 61900
[19:51:27] [pool-5-thread-4/INFO] (Minecraft) [STDOUT]: 63232 nodes per second
[19:51:27] [pool-5-thread-4/INFO] (Minecraft) [STDOUT]: Path goes for 181.33118871280803 blocks
[19:51:27] [main/INFO] (Minecraft) [CHAT] §2§l§o[TenorClef] §rT2 [NOW] t=4:34.8 ph=IRON @278,59,124 do=<Wander for Infinity blocks> Exploring. eq=stone_pickaxe woodpick=1 stonepick=1 pick=0 iron=0 buck=0
[19:51:28] [main/INFO] (Minecraft) [CHAT] §2§l§o[TenorClef] §rT2 [NOW] t=4:35.8 ph=IRON @278,61,124 do=<Wander for Infinity blocks> Exploring. eq=dirt woodpick=1 stonepick=1 pick=0 iron=0 buck=0
[19:51:28] [main/INFO] (Minecraft) [CHAT] §2§l§o[TenorClef] §rT2 [HIST] 4:35.9 [E100] jumps=6 @278,61,124 ph=IRON child=TimeoutWanderTask
[19:51:29] [main/INFO] (Minecraft) [CHAT] §2§l§o[TenorClef] §rT2 [NOW] t=4:36.8 ph=IRON @278,62,124 do=<Wander for Infinity blocks> Exploring. eq=cobblestone woodpick=1 stonepick=1 pick=0 iron=0 buck=0
[19:51:30] [main/INFO] (Minecraft) [CHAT] §2§l§o[TenorClef] §rT2 [HIST] 4:37.5 SNAP ph=IRON @278,63,124 sky=15 wet=false ground=false pick=0 buck=0 iron=18 rods=0 pearls=0 eyes=0 child=TimeoutWanderTask dbg=<Wander for Infinity blocks> Exploring. mobs=none
[19:51:30] [main/INFO] (Minecraft) [CHAT] §2§l§o[TenorClef] §rT2 [NOW] t=4:37.8 ph=IRON @279,63,124 do=<Wander for Infinity blocks> Exploring. eq=cobblestone woodpick=1 stonepick=1 pick=0 iron=0 buck=0
[19:51:31] [main/INFO] (Minecraft) [STDOUT]: ALTO CLEF: WARNING: T2 [S138] shaft ban clear left-xz ban=278,124 now=280,124 manh=2 left=19
[19:51:31] [main/INFO] (Minecraft) [CHAT] §2§l§o[TenorClef] §cT2 [S138] shaft ban clear left-xz ban=278,124 now=280,124 manh=2 left=19§r
[19:51:31] [main/INFO] (Minecraft) [CHAT] §2§l§o[TenorClef] §rT2 [HIST] 4:38.2 FORCE S138 shaft ban clear left-xz ban=278,124 now=280,124 manh=2 left=19
[19:51:31] [main/INFO] (Minecraft) [CHAT] §2§l§o[TenorClef] §rT2 [NOW] t=4:38.8 ph=IRON @282,64,122 do=<Wander for Infinity blocks> Exploring. eq=cobblestone woodpick=1 stonepick=1 pick=0 iron=0 buck=0
[19:51:31] [main/INFO] (Minecraft) [STDOUT]: ALTO CLEF: WARNING: T2 [S134] pillar cool expire after flips=3 end=risen y=66 startY=62
[19:51:31] [main/INFO] (Minecraft) [CHAT] §2§l§o[TenorClef] §cT2 [S134] pillar cool expire after flips=3 end=risen y=66 startY=62§r
[19:51:31] [main/INFO] (Minecraft) [CHAT] §2§l§o[TenorClef] §rT2 [HIST] 4:39.1 FORCE S134 pillar cool expire after flips=3 end=risen y=66 startY=62
[19:51:32] [main/INFO] (Minecraft) [STDOUT]: ALTO CLEF: WARNING: T2 [S138] shaft ban clear left-xz ban=278,124 now=283,121 manh=8 left=60
[19:51:32] [main/INFO] (Minecraft) [CHAT] §2§l§o[TenorClef] §cT2 [S138] shaft ban clear left-xz ban=278,124 now=283,121 manh=8 left=60§r
[19:51:32] [main/INFO] (Minecraft) [CHAT] §2§l§o[TenorClef] §rT2 [HIST] 4:39.1 FORCE S138 shaft ban clear left-xz ban=278,124 now=283,121 manh=8 left=60
[19:51:32] [main/INFO] (Minecraft) [CHAT] §2§l§o[TenorClef] §rRefreshed inventory...
[19:51:32] [main/INFO] (Minecraft) [CHAT] §2§l§o[TenorClef] §rT2 [NOW] t=4:39.8 ph=IRON @286,64,119 do=<Wander for Infinity blocks> Exploring. eq=cobblestone woodpick=1 stonepick=1 pick=0 iron=0 buck=0
[19:51:33] [main/INFO] (Minecraft) [CHAT] §2§l§o[TenorClef] §rT2 [HB] t=4:40.6 ph=IRON y=64 child=TimeoutWanderTask logs=1 pick=0 woodpick=1
[19:51:33] [main/INFO] (Minecraft) [CHAT] §2§l§o[TenorClef] §rT2 [NOW] t=4:40.8 ph=IRON @291,64,118 do=<Wander for Infinity blocks> Exploring. eq=cobblestone woodpick=1 stonepick=1 pick=0 iron=0 buck=0
[19:51:34] [pool-5-thread-4/INFO] (Minecraft) [STDOUT]: 397056 movements considered
[19:51:34] [pool-5-thread-4/INFO] (Minecraft) [STDOUT]: Open set size: 17309
[19:51:34] [pool-5-thread-4/INFO] (Minecraft) [STDOUT]: PathNode map size: 35357
[19:51:34] [pool-5-thread-4/INFO] (Minecraft) [STDOUT]: 36023 nodes per second
[19:51:34] [pool-5-thread-4/INFO] (Minecraft) [STDOUT]: Path goes for 167.63352886579702 blocks
[19:51:34] [main/INFO] (Minecraft) [CHAT] §2§l§o[TenorClef] §rT2 [NOW] t=4:41.8 ph=IRON @292,64,118 do=<Wander for Infinity blocks> Exploring. eq=cobblestone woodpick=1 stonepick=1 pick=0 iron=0 buck=0
[19:51:34] [pool-5-thread-4/INFO] (Minecraft) [STDOUT]: 678647 movements considered
[19:51:34] [pool-5-thread-4/INFO] (Minecraft) [STDOUT]: Open set size: 26664
[19:51:34] [pool-5-thread-4/INFO] (Minecraft) [STDOUT]: PathNode map size: 57512
[19:51:34] [pool-5-thread-4/INFO] (Minecraft) [STDOUT]: 61696 nodes per second
[19:51:34] [pool-5-thread-4/INFO] (Minecraft) [STDOUT]: Path goes for 187.05346829182292 blocks
[19:51:35] [main/INFO] (Minecraft) [CHAT] §2§l§o[TenorClef] §rT2 [HIST] 4:42.3 WHY iron: smelt 24 in one furnace
[19:51:35] [main/INFO] (Minecraft) [CHAT] §2§l§o[TenorClef] §rT2 [HIST] 4:42.3 CHILD TimeoutWanderTask -> CollectIronIngotTask ph=IRON @294,64,118 sky=15 wet=false ground=true pick=0 buck=0 iron=18 rods=0 pearls=0 eyes=0
[19:51:35] [main/INFO] (Minecraft) [CHAT] §2§l§o[TenorClef] §rT2 [HIST] 4:42.4 SNAP ph=IRON @294,64,118 sky=15 wet=false ground=true pick=0 buck=0 iron=18 rods=0 pearls=0 eyes=0 child=CollectIronIngotTask dbg=<Collecting 24 iron.: [[iron_ingot] x 24]>  mobs=none
[19:51:35] [main/INFO] (Minecraft) [CHAT] §2§l§o[TenorClef] §rT2 [NOW] t=4:42.8 ph=IRON @296,64,116 do=<Collecting 24 iron.: [[iron_ingot] x 24]>  eq=stone_pickaxe woodpick=1 stonepick=1 pick=0 iron=0 buck=0
[19:51:36] [main/INFO] (Minecraft) [CHAT] §2§l§o[TenorClef] §rT2 [NOW] t=4:43.8 ph=IRON @298,64,114 do=<Collecting 24 iron.: [[iron_ingot] x 24]>  eq=cobblestone woodpick=1 stonepick=1 pick=0 iron=0 buck=0
[19:51:37] [main/INFO] (Minecraft) [CHAT] §2§l§o[TenorClef] §rT2 [NOW] t=4:44.8 ph=IRON @298,63,114 do=<Collecting 24 iron.: [[iron_ingot] x 24]>  eq=cobblestone woodpick=1 stonepick=1 pick=0 iron=0 buck=0
[19:51:37] [main/INFO] (Minecraft) [CHAT] §2§l§o[TenorClef] §rT2 [HIST] 4:44.9 SNAP ph=IRON @298,63,114 sky=15 wet=false ground=true pick=0 buck=0 iron=18 rods=0 pearls=0 eyes=0 child=CollectIronIngotTask dbg=<Collecting 24 iron.: [[iron_ingot] x 24]>  mobs=none
[19:51:38] [main/INFO] (Minecraft) [STDOUT]: ALTO CLEF: WARNING: T2 [S130] START trigger=flips=3 ph=IRON prev=CollectIronIngotTask cycle=1 pos=298,62,114 walls=4/4/4 sky=15 place=60 boxed=true hold=false cool=0 ban=0 startY=62 step=0
[19:51:38] [main/INFO] (Minecraft) [CHAT] §2§l§o[TenorClef] §cT2 [S130] START trigger=flips=3 ph=IRON prev=CollectIronIngotTask cycle=1 pos=298,62,114 walls=4/4/4 sky=15 place=60 boxed=true hold=false cool=0 ban=0 startY=62 step=0§r
[19:51:38] [main/INFO] (Minecraft) [CHAT] §2§l§o[TenorClef] §rT2 [HIST] 4:45.7 FORCE S130 START trigger=flips=3 ph=IRON prev=CollectIronIngotTask cycle=1 pos=298,62,114 walls=4/4/4 sky=15 place=60 boxed=true hold=false cool=0 ban=0 startY=62 step=0
[19:51:38] [main/INFO] (Minecraft) [CHAT] §2§l§o[TenorClef] §rT2 [HIST] 4:45.7 PILLAR START flips=3 prev=CollectIronIngotTask
[19:51:38] [main/INFO] (Minecraft) [CHAT] §2§l§o[TenorClef] §rT2 [HIST] 4:45.7 SOLVE S130 pillar-out @298,62,114 ph=IRON flips=3
[19:51:38] [main/INFO] (Minecraft) [CHAT] §2§l§o[TenorClef] §rT2 [HIST] 4:45.7 CHILD CollectIronIngotTask -> HolePillarTask ph=IRON @298,62,114 sky=15 wet=false ground=false pick=0 buck=0 iron=18 rods=0 pearls=0 eyes=0
[19:51:38] [main/INFO] (Minecraft) [STDOUT]: ALTO CLEF: WARNING: T2 [S130] tick y=62 slot=0 air=true pos=298,62,114 walls=4/4/4 sky=15 place=60 boxed=true hold=true cool=0 ban=0 startY=62 step=1
[19:51:38] [main/INFO] (Minecraft) [CHAT] §2§l§o[TenorClef] §cT2 [S130] tick y=62 slot=0 air=true pos=298,62,114 walls=4/4/4 sky=15 place=60 boxed=true hold=true cool=0 ban=0 startY=62 step=1§r
[19:51:38] [main/INFO] (Minecraft) [CHAT] §2§l§o[TenorClef] §rT2 [HIST] 4:45.7 FORCE S130 tick y=62 slot=0 air=true pos=298,62,114 walls=4/4/4 sky=15 place=60 boxed=true hold=true cool=0 ban=0 startY=62 step=1
[19:51:38] [main/INFO] (Minecraft) [CHAT] §2§l§o[TenorClef] §rT2 [NOW] t=4:45.8 ph=IRON @298,62,114 do=<T2 pillar-out>  eq=cobblestone woodpick=1 stonepick=1 pick=0 iron=0 buck=0
[19:51:39] [main/INFO] (Minecraft) [STDOUT]: ALTO CLEF: WARNING: T2 [S130] tick y=64 slot=0 air=true pos=298,64,114 walls=0/0/4 sky=15 place=59 boxed=false hold=true cool=0 ban=0 startY=62 step=21
[19:51:39] [main/INFO] (Minecraft) [CHAT] §2§l§o[TenorClef] §cT2 [S130] tick y=64 slot=0 air=true pos=298,64,114 walls=0/0/4 sky=15 place=59 boxed=false hold=true cool=0 ban=0 startY=62 step=21§r
[19:51:39] [main/INFO] (Minecraft) [CHAT] §2§l§o[TenorClef] §rT2 [HIST] 4:46.7 FORCE S130 tick y=64 slot=0 air=true pos=298,64,114 walls=0/0/4 sky=15 place=59 boxed=false hold=true cool=0 ban=0 startY=62 step=21
[19:51:39] [main/INFO] (Minecraft) [CHAT] §2§l§o[TenorClef] §rT2 [NOW] t=4:46.8 ph=IRON @298,64,114 do=<T2 pillar-out>  eq=cobblestone woodpick=1 stonepick=1 pick=0 iron=0 buck=0
[19:51:40] [main/INFO] (Minecraft) [CHAT] §2§l§o[TenorClef] §rT2 [HB] t=4:47.2 ph=IRON y=65 child=HolePillarTask logs=1 pick=0 woodpick=1
[19:51:40] [main/INFO] (Minecraft) [STDOUT]: ALTO CLEF: WARNING: T2 [E100] jumps=10 @298,65,114 ph=IRON child=HolePillarTask
[19:51:40] [main/INFO] (Minecraft) [CHAT] §2§l§o[TenorClef] §cT2 [E100] jumps=10 @298,65,114 ph=IRON child=HolePillarTask§r
[19:51:40] [main/INFO] (Minecraft) [CHAT] §2§l§o[TenorClef] §rT2 [HIST] 4:47.3 [E100] jumps=10 @298,65,114 ph=IRON child=HolePillarTask
[19:51:40] [main/INFO] (Minecraft) [STDOUT]: ALTO CLEF: WARNING: T2 [S139] rise confirmed +4y y=66 startY=62 pos=298,66,114 walls=0/1/0 sky=15 place=58 boxed=false hold=true cool=0 ban=0 startY=62 step=37
[19:51:40] [main/INFO] (Minecraft) [CHAT] §2§l§o[TenorClef] §cT2 [S139] rise confirmed +4y y=66 startY=62 pos=298,66,114 walls=0/1/0 sky=15 place=58 boxed=false hold=true cool=0 ban=0 startY=62 step=37§r
[19:51:40] [main/INFO] (Minecraft) [CHAT] §2§l§o[TenorClef] §rT2 [HIST] 4:47.5 FORCE S139 rise confirmed +4y y=66 startY=62 pos=298,66,114 walls=0/1/0 sky=15 place=58 boxed=false hold=true cool=0 ban=0 startY=62 step=37
[19:51:40] [main/INFO] (Minecraft) [STDOUT]: ALTO CLEF: WARNING: T2 [S133] cool arm ticks=80 reason=risen y=66 startY=62 ban=298,114 pos=298,66,114 walls=0/1/0 sky=15 place=58 boxed=false hold=true cool=80 ban=80 startY=62 step=37
[19:51:40] [main/INFO] (Minecraft) [CHAT] §2§l§o[TenorClef] §cT2 [S133] cool arm ticks=80 reason=risen y=66 startY=62 ban=298,114 pos=298,66,114 walls=0/1/0 sky=15 place=58 boxed=false hold=true cool=80 ban=80 startY=62 step=37§r
[19:51:40] [main/INFO] (Minecraft) [CHAT] §2§l§o[TenorClef] §rT2 [HIST] 4:47.5 FORCE S133 cool arm ticks=80 reason=risen y=66 startY=62 ban=298,114 pos=298,66,114 walls=0/1/0 sky=15 place=58 boxed=false hold=true cool=80 ban=80 startY=62 step=37
[19:51:40] [main/INFO] (Minecraft) [STDOUT]: ALTO CLEF: WARNING: T2 [S136] END reason=risen y=66 startY=62 roseReal=true giveUp=true pos=298,66,114 walls=0/1/0 sky=15 place=58 boxed=false hold=true cool=80 ban=80 startY=62 step=37
[19:51:40] [main/INFO] (Minecraft) [CHAT] §2§l§o[TenorClef] §cT2 [S136] END reason=risen y=66 startY=62 roseReal=true giveUp=true pos=298,66,114 walls=0/1/0 sky=15 place=58 boxed=false hold=true cool=80 ban=80 startY=62 step=37§r
[19:51:40] [main/INFO] (Minecraft) [CHAT] §2§l§o[TenorClef] §rT2 [HIST] 4:47.5 FORCE S136 END reason=risen y=66 startY=62 roseReal=true giveUp=true pos=298,66,114 walls=0/1/0 sky=15 place=58 boxed=false hold=true cool=80 ban=80 startY=62 step=37
[19:51:40] [main/INFO] (Minecraft) [CHAT] §2§l§o[TenorClef] §rT2 [HIST] 4:47.5 PILLAR END risen y=66 startY=62
[19:51:40] [main/INFO] (Minecraft) [CHAT] §2§l§o[TenorClef] §rT2 [HIST] 4:47.6 WHY iron: smelt 24 in one furnace
[19:51:40] [main/INFO] (Minecraft) [STDOUT]: ALTO CLEF: WARNING: T2 [S136] stick drop pillar -> CollectIronIngotTask finished=true hold=false cool=79 end=risen y=66 startY=62 pos=298,66,114 walls=0/1/0 sky=15 place=58 boxed=false hold=false cool=79 ban=79 startY=- step=0
[19:51:40] [main/INFO] (Minecraft) [CHAT] §2§l§o[TenorClef] §cT2 [S136] stick drop pillar -> CollectIronIngotTask finished=true hold=false cool=79 end=risen y=66 startY=62 pos=298,66,114 walls=0/1/0 sky=15 place=58 boxed=false hold=false cool=79 ban=79 startY=- step=0§r
[19:51:40] [main/INFO] (Minecraft) [CHAT] §2§l§o[TenorClef] §rT2 [HIST] 4:47.6 FORCE S136 stick drop pillar -> CollectIronIngotTask finished=true hold=false cool=79 end=risen y=66 startY=62 pos=298,66,114 walls=0/1/0 sky=15 place=58 boxed=false hold=false cool=79 ban=79 startY=- step=0
[19:51:40] [main/INFO] (Minecraft) [CHAT] §2§l§o[TenorClef] §rT2 [HIST] 4:47.6 CHILD HolePillarTask -> CollectIronIngotTask ph=IRON @298,66,114 sky=15 wet=false ground=false pick=0 buck=0 iron=18 rods=0 pearls=0 eyes=0
[19:51:40] [main/INFO] (Minecraft) [STDOUT]: ALTO CLEF: WARNING: T2 [S136] onStop interrupt=CollectIronIngotTask finishWhy=givingUp cool=79 lastEnd=risen y=66 startY=62 pos=298,66,114 walls=0/1/0 sky=15 place=58 boxed=false hold=false cool=79 ban=79 startY=- step=0
[19:51:40] [main/INFO] (Minecraft) [CHAT] §2§l§o[TenorClef] §cT2 [S136] onStop interrupt=CollectIronIngotTask finishWhy=givingUp cool=79 lastEnd=risen y=66 startY=62 pos=298,66,114 walls=0/1/0 sky=15 place=58 boxed=false hold=false cool=79 ban=79 startY=- step=0§r
[19:51:40] [main/INFO] (Minecraft) [CHAT] §2§l§o[TenorClef] §rT2 [HIST] 4:47.6 FORCE S136 onStop interrupt=CollectIronIngotTask finishWhy=givingUp cool=79 lastEnd=risen y=66 startY=62 pos=298,66,114 walls=0/1/0 sky=15 place=58 boxed=false hold=false cool=79 ban=79 startY=- step=0
[19:51:40] [main/INFO] (Minecraft) [CHAT] §2§l§o[TenorClef] §rMineAndCollect: equip item.minecraft.stone_pickaxe for block.minecraft.iron_ore
[19:51:40] [main/INFO] (Minecraft) [CHAT] §2§l§o[TenorClef] §rT2 [NOW] t=4:47.8 ph=IRON @298,65,114 do=<Collecting 24 iron.: [[iron_ingot] x 24]>  eq=stone_pickaxe woodpick=1 stonepick=1 pick=0 iron=0 buck=0
[19:51:41] [main/INFO] (Minecraft) [CHAT] §2§l§o[TenorClef] §rT2 [HIST] 4:48.3 SNAP ph=IRON @298,65,114 sky=15 wet=false ground=true pick=0 buck=0 iron=18 rods=0 pearls=0 eyes=0 child=CollectIronIngotTask dbg=<Collecting 24 iron.: [[iron_ingot] x 24]>  mobs=none
[19:51:41] [main/INFO] (Minecraft) [CHAT] §2§l§o[TenorClef] §rT2 [NOW] t=4:48.8 ph=IRON @298,64,114 do=<Collecting 24 iron.: [[iron_ingot] x 24]>  eq=stone_pickaxe woodpick=1 stonepick=1 pick=0 iron=0 buck=0
[19:51:42] [main/INFO] (Minecraft) [CHAT] §2§l§o[TenorClef] §rT2 [NOW] t=4:49.8 ph=IRON @298,63,114 do=<Collecting 24 iron.: [[iron_ingot] x 24]>  eq=stone_pickaxe woodpick=1 stonepick=1 pick=0 iron=0 buck=0
[19:51:42] [main/INFO] (Minecraft) [CHAT] §2§l§o[TenorClef] §rT2 [HIST] 4:50.0 [E100] jumps=6 @298,63,114 ph=IRON child=CollectIronIngotTask
[19:51:43] [main/INFO] (Minecraft) [CHAT] §2§l§o[TenorClef] §rT2 [NOW] t=4:50.8 ph=IRON @298,62,114 do=<Collecting 24 iron.: [[iron_ingot] x 24]>  eq=stone_pickaxe woodpick=1 stonepick=1 pick=0 iron=0 buck=0
[19:51:43] [main/INFO] (Minecraft) [STDOUT]: ALTO CLEF: WARNING: T2 [S135] S130 suppressed why=would-S130 but busy cool=14 flips=6 sameXz=66 child=CollectIronIngotTask cool=14 ban=14 hold=false pos=298,62,114 walls=4/4/4 sky=15 place=60 boxed=true hold=false cool=14 ban=14 startY=- step=0
[19:51:43] [main/INFO] (Minecraft) [CHAT] §2§l§o[TenorClef] §cT2 [S135] S130 suppressed why=would-S130 but busy cool=14 flips=6 sameXz=66 child=CollectIronIngotTask cool=14 ban=14 hold=false pos=298,62,114 walls=4/4/4 sky=15 place=60 boxed=true hold=false cool=14 ban=14 startY=- step=0§r
[19:51:43] [main/INFO] (Minecraft) [CHAT] §2§l§o[TenorClef] §rT2 [HIST] 4:50.8 FORCE S135 S130 suppressed why=would-S130 but busy cool=14 flips=6 sameXz=66 child=CollectIronIngotTask cool=14 ban=14 hold=false pos=298,62,114 walls=4/4/4 sky=15 place=60 boxed=true hold=false cool=14 ban=14 startY=- step=0
[19:51:43] [main/INFO] (Minecraft) [STDOUT]: ALTO CLEF: WARNING: T2 [S100] stop jump-walk @298,114 ph=IRON child=CollectIronIngotTask esc=0
[19:51:43] [main/INFO] (Minecraft) [CHAT] §2§l§o[TenorClef] §cT2 [S100] stop jump-walk @298,114 ph=IRON child=CollectIronIngotTask esc=0§r
[19:51:43] [main/INFO] (Minecraft) [CHAT] §2§l§o[TenorClef] §rT2 [HIST] 4:50.8 SOLVE S100 stop jump-walk @298,114 ph=IRON child=CollectIronIngotTask esc=0
[19:51:43] [main/INFO] (Minecraft) [CHAT] §2§l§o[TenorClef] §rT2 [HIST] 4:50.8 SNAP ph=IRON @298,62,114 sky=15 wet=false ground=false pick=0 buck=0 iron=18 rods=0 pearls=0 eyes=0 child=CollectIronIngotTask dbg=<Collecting 24 iron.: [[iron_ingot] x 24]>  mobs=none
[19:51:43] [main/INFO] (Minecraft) [CHAT] §2§l§o[TenorClef] §rMineAndCollect: equip item.minecraft.stone_pickaxe for block.minecraft.iron_ore
[19:51:43] [main/INFO] (Minecraft) [CHAT] §2§l§o[TenorClef] §rMineAndCollect: equip item.minecraft.stone_pickaxe for block.minecraft.iron_ore
[19:51:43] [main/INFO] (Minecraft) [CHAT] §2§l§o[TenorClef] §rMineAndCollect: equip item.minecraft.stone_pickaxe for block.minecraft.iron_ore
[19:51:44] [main/INFO] (Minecraft) [CHAT] §2§l§o[TenorClef] §rMineAndCollect: equip item.minecraft.stone_pickaxe for block.minecraft.iron_ore
[19:51:44] [main/INFO] (Minecraft) [STDOUT]: ALTO CLEF: WARNING: T2 [S109] equip pick for mining (was holding cobblestone)
[19:51:44] [main/INFO] (Minecraft) [CHAT] §2§l§o[TenorClef] §cT2 [S109] equip pick for mining (was holding cobblestone)§r
[19:51:44] [main/INFO] (Minecraft) [CHAT] §2§l§o[TenorClef] §rT2 [HIST] 4:51.2 SOLVE S109 equip pick for mining (was holding cobblestone)
[19:51:44] [main/INFO] (Minecraft) [CHAT] §2§l§o[TenorClef] §rMineAndCollect: equip item.minecraft.stone_pickaxe for block.minecraft.iron_ore
[19:51:44] [main/INFO] (Minecraft) [CHAT] §2§l§o[TenorClef] §rMineAndCollect: equip item.minecraft.stone_pickaxe for block.minecraft.iron_ore
[19:51:44] [main/INFO] (Minecraft) [CHAT] §2§l§o[TenorClef] §rMineAndCollect: equip item.minecraft.stone_pickaxe for block.minecraft.iron_ore
[19:51:44] [main/INFO] (Minecraft) [CHAT] §2§l§o[TenorClef] §rMineAndCollect: equip item.minecraft.stone_pickaxe for block.minecraft.iron_ore
[19:51:44] [main/INFO] (Minecraft) [STDOUT]: ALTO CLEF: WARNING: T2 [S134] pillar cool expire after flips=3 end=risen y=66 startY=62
[19:51:44] [main/INFO] (Minecraft) [CHAT] §2§l§o[TenorClef] §cT2 [S134] pillar cool expire after flips=3 end=risen y=66 startY=62§r
[19:51:44] [main/INFO] (Minecraft) [CHAT] §2§l§o[TenorClef] §rT2 [HIST] 4:51.5 FORCE S134 pillar cool expire after flips=3 end=risen y=66 startY=62
[19:51:44] [main/INFO] (Minecraft) [STDOUT]: ALTO CLEF: WARNING: T2 [S137] re-cool still-boxed@298,114 n=1 ticks=160 end=risen y=66 startY=62 pos=298,62,114 walls=4/4/4 sky=15 place=61 boxed=true hold=false cool=160 ban=160 startY=- step=0
[19:51:44] [main/INFO] (Minecraft) [CHAT] §2§l§o[TenorClef] §cT2 [S137] re-cool still-boxed@298,114 n=1 ticks=160 end=risen y=66 startY=62 pos=298,62,114 walls=4/4/4 sky=15 place=61 boxed=true hold=false cool=160 ban=160 startY=- step=0§r
[19:51:44] [main/INFO] (Minecraft) [CHAT] §2§l§o[TenorClef] §rT2 [HIST] 4:51.5 FORCE S137 re-cool still-boxed@298,114 n=1 ticks=160 end=risen y=66 startY=62 pos=298,62,114 walls=4/4/4 sky=15 place=61 boxed=true hold=false cool=160 ban=160 startY=- step=0
[19:51:44] [main/INFO] (Minecraft) [CHAT] §2§l§o[TenorClef] §rMineAndCollect: equip item.minecraft.stone_pickaxe for block.minecraft.iron_ore
[19:51:44] [main/INFO] (Minecraft) [CHAT] §2§l§o[TenorClef] §rT2 [HIST] 4:51.6 WHY iron: smelt 24 in one furnace
[19:51:44] [main/INFO] (Minecraft) [CHAT] §2§l§o[TenorClef] §rMineAndCollect: equip item.minecraft.stone_pickaxe for block.minecraft.iron_ore
[19:51:44] [main/INFO] (Minecraft) [CHAT] §2§l§o[TenorClef] §rMineAndCollect: equip item.minecraft.stone_pickaxe for block.minecraft.iron_ore
[19:51:44] [main/INFO] (Minecraft) [CHAT] §2§l§o[TenorClef] §rMineAndCollect: equip item.minecraft.stone_pickaxe for block.minecraft.iron_ore
[19:51:44] [main/INFO] (Minecraft) [CHAT] §2§l§o[TenorClef] §rT2 [NOW] t=4:51.8 ph=IRON @298,62,114 do=<Collecting 24 iron.: [[iron_ingot] x 24]>  eq=cobblestone woodpick=1 stonepick=1 pick=0 iron=0 buck=0
[19:51:44] [main/INFO] (Minecraft) [CHAT] §2§l§o[TenorClef] §rMineAndCollect: equip item.minecraft.stone_pickaxe for block.minecraft.iron_ore
[19:51:44] [main/INFO] (Minecraft) [CHAT] §2§l§o[TenorClef] §rMineAndCollect: equip item.minecraft.stone_pickaxe for block.minecraft.iron_ore
[19:51:44] [main/INFO] (Minecraft) [CHAT] §2§l§o[TenorClef] §rMineAndCollect: equip item.minecraft.stone_pickaxe for block.minecraft.iron_ore
[19:51:44] [main/INFO] (Minecraft) [CHAT] §2§l§o[TenorClef] §rMineAndCollect: equip item.minecraft.stone_pickaxe for block.minecraft.iron_ore
[19:51:44] [main/INFO] (Minecraft) [CHAT] §2§l§o[TenorClef] §rMineAndCollect: equip item.minecraft.stone_pickaxe for block.minecraft.iron_ore
[19:51:45] [main/INFO] (Minecraft) [CHAT] §2§l§o[TenorClef] §rMineAndCollect: equip item.minecraft.stone_pickaxe for block.minecraft.iron_ore
[19:51:45] [main/INFO] (Minecraft) [CHAT] §2§l§o[TenorClef] §rMineAndCollect: equip item.minecraft.stone_pickaxe for block.minecraft.iron_ore
[19:51:45] [main/INFO] (Minecraft) [CHAT] §2§l§o[TenorClef] §rMineAndCollect: equip item.minecraft.stone_pickaxe for block.minecraft.iron_ore
[19:51:45] [main/INFO] (Minecraft) [CHAT] §2§l§o[TenorClef] §rMineAndCollect: equip item.minecraft.stone_pickaxe for block.minecraft.iron_ore
[19:51:45] [main/INFO] (Minecraft) [CHAT] §2§l§o[TenorClef] §rMineAndCollect: equip item.minecraft.stone_pickaxe for block.minecraft.iron_ore
[19:51:45] [main/INFO] (Minecraft) [CHAT] §2§l§o[TenorClef] §rMineAndCollect: equip item.minecraft.stone_pickaxe for block.minecraft.iron_ore
[19:51:45] [main/INFO] (Minecraft) [CHAT] §2§l§o[TenorClef] §rMineAndCollect: equip item.minecraft.stone_pickaxe for block.minecraft.iron_ore
[19:51:45] [main/INFO] (Minecraft) [CHAT] §2§l§o[TenorClef] §rMineAndCollect: equip item.minecraft.stone_pickaxe for block.minecraft.iron_ore
[19:51:45] [main/INFO] (Minecraft) [CHAT] §2§l§o[TenorClef] §rMineAndCollect: equip item.minecraft.stone_pickaxe for block.minecraft.iron_ore
[19:51:45] [main/INFO] (Minecraft) [CHAT] §2§l§o[TenorClef] §rT2 [NOW] t=4:52.8 ph=IRON @298,61,114 do=<Collecting 24 iron.: [[iron_ingot] x 24]>  eq=cobblestone woodpick=1 stonepick=1 pick=0 iron=0 buck=0
[19:51:45] [main/INFO] (Minecraft) [CHAT] §2§l§o[TenorClef] §rMineAndCollect: equip item.minecraft.stone_pickaxe for block.minecraft.iron_ore
[19:51:45] [main/INFO] (Minecraft) [STDOUT]: ALTO CLEF: WARNING: T2 [S135] S130 suppressed why=would-S130 but busy cool=132 flips=3 sameXz=29 child=CollectIronIngotTask cool=132 ban=132 hold=false pos=298,60,114 walls=4/4/4 sky=15 place=62 boxed=true hold=false cool=132 ban=132 startY=- step=0
[19:51:45] [main/INFO] (Minecraft) [CHAT] §2§l§o[TenorClef] §cT2 [S135] S130 suppressed why=would-S130 but busy cool=132 flips=3 sameXz=29 child=CollectIronIngotTask cool=132 ban=132 hold=false pos=298,60,114 walls=4/4/4 sky=15 place=62 boxed=true hold=false cool=132 ban=132 startY=- step=0§r
[19:51:45] [main/INFO] (Minecraft) [CHAT] §2§l§o[TenorClef] §rT2 [HIST] 4:52.9 FORCE S135 S130 suppressed why=would-S130 but busy cool=132 flips=3 sameXz=29 child=CollectIronIngotTask cool=132 ban=132 hold=false pos=298,60,114 walls=4/4/4 sky=15 place=62 boxed=true hold=false cool=132 ban=132 startY=- step=0
[19:51:45] [main/INFO] (Minecraft) [CHAT] §2§l§o[TenorClef] §rMineAndCollect: equip item.minecraft.stone_pickaxe for block.minecraft.iron_ore
[19:51:46] [main/INFO] (Minecraft) [STDOUT]: ALTO CLEF: WARNING: T2 [E100] jumps=6 @298,60,114 ph=IRON child=CollectIronIngotTask
[19:51:46] [main/INFO] (Minecraft) [CHAT] §2§l§o[TenorClef] §cT2 [E100] jumps=6 @298,60,114 ph=IRON child=CollectIronIngotTask§r
[19:51:46] [main/INFO] (Minecraft) [CHAT] §2§l§o[TenorClef] §rT2 [HIST] 4:53.1 [E100] jumps=6 @298,60,114 ph=IRON child=CollectIronIngotTask
[19:51:46] [main/INFO] (Minecraft) [CHAT] §2§l§o[TenorClef] §rT2 [HIST] 4:53.3 SNAP ph=IRON @298,60,114 sky=15 wet=false ground=true pick=0 buck=0 iron=18 rods=0 pearls=0 eyes=0 child=CollectIronIngotTask dbg=<Collecting 24 iron.: [[iron_ingot] x 24]>  mobs=none
[19:51:46] [main/INFO] (Minecraft) [CHAT] §2§l§o[TenorClef] §rT2 [NOW] t=4:53.8 ph=IRON @298,60,114 do=<Collecting 24 iron.: [[iron_ingot] x 24]>  eq=stone_pickaxe woodpick=1 stonepick=1 pick=0 iron=0 buck=0
[19:51:47] [main/INFO] (Minecraft) [CHAT] §2§l§o[TenorClef] §rT2 [HIST] 4:54.7 SOLVE S100 stop jump-walk @298,114 ph=IRON child=CollectIronIngotTask esc=1
[19:51:47] [main/INFO] (Minecraft) [STDOUT]: ALTO CLEF: WARNING: T2 [S144] jump-stuck collector — replace CollectIronIngotTask with wander (esc=2)
[19:51:47] [main/INFO] (Minecraft) [CHAT] §2§l§o[TenorClef] §cT2 [S144] jump-stuck collector — replace CollectIronIngotTask with wander (esc=2)§r
[19:51:47] [main/INFO] (Minecraft) [CHAT] §2§l§o[TenorClef] §rT2 [HIST] 4:54.7 SOLVE S144 jump-stuck collector — replace CollectIronIngotTask with wander (esc=2)
[19:51:47] [main/INFO] (Minecraft) [CHAT] §2§l§o[TenorClef] §rT2 [HIST] 4:54.7 CHILD CollectIronIngotTask -> TimeoutWanderTask ph=IRON @298,59,114 sky=15 wet=false ground=true pick=0 buck=0 iron=18 rods=0 pearls=0 eyes=0
[19:51:47] [main/INFO] (Minecraft) [CHAT] §2§l§o[TenorClef] §rT2 [NOW] t=4:54.8 ph=IRON @298,59,114 do=<Wander for Infinity blocks> Exploring. eq=stone_pickaxe woodpick=1 stonepick=1 pick=0 iron=0 buck=0
[19:51:48] [pool-5-thread-4/INFO] (Minecraft) [STDOUT]: 622336 movements considered
[19:51:48] [pool-5-thread-4/INFO] (Minecraft) [STDOUT]: Open set size: 24002
[19:51:48] [pool-5-thread-4/INFO] (Minecraft) [STDOUT]: PathNode map size: 52290
[19:51:48] [pool-5-thread-4/INFO] (Minecraft) [STDOUT]: 56463 nodes per second
[19:51:48] [pool-5-thread-4/INFO] (Minecraft) [STDOUT]: Path goes for 175.33396704574957 blocks
[19:51:48] [main/INFO] (Minecraft) [CHAT] §2§l§o[TenorClef] §rT2 [NOW] t=4:55.8 ph=IRON @298,60,114 do=<Wander for Infinity blocks> Exploring. eq=dirt woodpick=1 stonepick=1 pick=0 iron=0 buck=0
[19:51:49] [main/INFO] (Minecraft) [CHAT] §2§l§o[TenorClef] §rT2 [HIST] 4:56.3 [E100] jumps=6 @298,61,114 ph=IRON child=TimeoutWanderTask
[19:51:49] [main/INFO] (Minecraft) [CHAT] §2§l§o[TenorClef] §rT2 [NOW] t=4:56.8 ph=IRON @298,62,114 do=<Wander for Infinity blocks> Exploring. eq=cobblestone woodpick=1 stonepick=1 pick=0 iron=0 buck=0
[19:51:49] [main/INFO] (Minecraft) [CHAT] §2§l§o[TenorClef] §rT2 [HIST] 4:56.9 SNAP ph=IRON @298,62,114 sky=15 wet=false ground=true pick=0 buck=0 iron=19 rods=0 pearls=0 eyes=0 child=TimeoutWanderTask dbg=<Wander for Infinity blocks> Exploring. mobs=none
[19:51:50] [main/INFO] (Minecraft) [CHAT] §2§l§o[TenorClef] §rT2 [NOW] t=4:57.8 ph=IRON @298,62,114 do=<Wander for Infinity blocks> Exploring. eq=cobblestone woodpick=1 stonepick=1 pick=0 iron=0 buck=0
[19:51:51] [main/INFO] (Minecraft) [STDOUT]: ALTO CLEF: WARNING: T2 [S138] shaft ban clear left-xz ban=298,114 now=300,114 manh=2 left=18
[19:51:51] [main/INFO] (Minecraft) [CHAT] §2§l§o[TenorClef] §cT2 [S138] shaft ban clear left-xz ban=298,114 now=300,114 manh=2 left=18§r
[19:51:51] [main/INFO] (Minecraft) [CHAT] §2§l§o[TenorClef] §rT2 [HIST] 4:58.7 FORCE S138 shaft ban clear left-xz ban=298,114 now=300,114 manh=2 left=18
[19:51:51] [main/INFO] (Minecraft) [CHAT] §2§l§o[TenorClef] §rT2 [NOW] t=4:58.8 ph=IRON @300,64,114 do=<Wander for Infinity blocks> Exploring. eq=cobblestone woodpick=1 stonepick=1 pick=0 iron=0 buck=0
[19:51:52] [main/INFO] (Minecraft) [STDOUT]: ALTO CLEF: WARNING: T2 [S134] pillar cool expire after flips=3 end=risen y=66 startY=62
[19:51:52] [main/INFO] (Minecraft) [CHAT] §2§l§o[TenorClef] §cT2 [S134] pillar cool expire after flips=3 end=risen y=66 startY=62§r
[19:51:52] [main/INFO] (Minecraft) [CHAT] §2§l§o[TenorClef] §rT2 [HIST] 4:59.5 FORCE S134 pillar cool expire after flips=3 end=risen y=66 startY=62
[19:51:52] [main/INFO] (Minecraft) [STDOUT]: ALTO CLEF: WARNING: T2 [S138] shaft ban clear left-xz ban=298,114 now=304,114 manh=6 left=60
[19:51:52] [main/INFO] (Minecraft) [CHAT] §2§l§o[TenorClef] §cT2 [S138] shaft ban clear left-xz ban=298,114 now=304,114 manh=6 left=60§r
[19:51:52] [main/INFO] (Minecraft) [CHAT] §2§l§o[TenorClef] §rT2 [HIST] 4:59.6 FORCE S138 shaft ban clear left-xz ban=298,114 now=304,114 manh=6 left=60
[19:51:52] [main/INFO] (Minecraft) [CHAT] §2§l§o[TenorClef] §rT2 [NOW] t=4:59.9 ph=IRON @305,64,114 do=<Wander for Infinity blocks> Exploring. eq=cobblestone woodpick=1 stonepick=1 pick=0 iron=0 buck=0
[19:51:52] [main/INFO] (Minecraft) [CHAT] §2§l§o[TenorClef] §rT2 [HB] t=5:00.1 ph=IRON y=64 child=TimeoutWanderTask logs=1 pick=0 woodpick=1
[19:51:53] [pool-5-thread-4/INFO] (Minecraft) [STDOUT]: 489984 movements considered
[19:51:53] [pool-5-thread-4/INFO] (Minecraft) [STDOUT]: Open set size: 21130
[19:51:53] [pool-5-thread-4/INFO] (Minecraft) [STDOUT]: PathNode map size: 43401
[19:51:53] [pool-5-thread-4/INFO] (Minecraft) [STDOUT]: 44544 nodes per second
[19:51:53] [pool-5-thread-4/INFO] (Minecraft) [STDOUT]: Path goes for 132.13629327327143 blocks
[19:51:53] [pool-5-thread-4/INFO] (Minecraft) [STDOUT]: 456192 movements considered
[19:51:53] [pool-5-thread-4/INFO] (Minecraft) [STDOUT]: Open set size: 20092
[19:51:53] [pool-5-thread-4/INFO] (Minecraft) [STDOUT]: PathNode map size: 40827
[19:51:53] [pool-5-thread-4/INFO] (Minecraft) [STDOUT]: 41389 nodes per second
[19:51:53] [pool-5-thread-4/INFO] (Minecraft) [STDOUT]: Path goes for 171.42636903347162 blocks
[19:51:53] [main/INFO] (Minecraft) [CHAT] §2§l§o[TenorClef] §rT2 [NOW] t=5:00.8 ph=IRON @306,64,114 do=<Wander for Infinity blocks> Exploring. eq=cobblestone woodpick=1 stonepick=1 pick=0 iron=0 buck=0
[19:51:54] [pool-5-thread-4/INFO] (Minecraft) [STDOUT]: 688512 movements considered
[19:51:54] [pool-5-thread-4/INFO] (Minecraft) [STDOUT]: Open set size: 25677
[19:51:54] [pool-5-thread-4/INFO] (Minecraft) [STDOUT]: PathNode map size: 56971
[19:51:54] [pool-5-thread-4/INFO] (Minecraft) [STDOUT]: 62592 nodes per second
[19:51:54] [pool-5-thread-4/INFO] (Minecraft) [STDOUT]: Path goes for 186.1209284309532 blocks
[19:51:54] [main/INFO] (Minecraft) [CHAT] §2§l§o[TenorClef] §rT2 [NOW] t=5:01.8 ph=IRON @309,64,114 do=<Wander for Infinity blocks> Exploring. eq=cobblestone woodpick=1 stonepick=1 pick=0 iron=0 buck=0
[19:51:54] [main/INFO] (Minecraft) [CHAT] §2§l§o[TenorClef] §rT2 [HIST] 5:01.9 SNAP ph=IRON @309,64,114 sky=15 wet=false ground=true pick=0 buck=0 iron=19 rods=0 pearls=0 eyes=0 child=TimeoutWanderTask dbg=<Wander for Infinity blocks> Exploring. mobs=none
[19:51:55] [main/INFO] (Minecraft) [CHAT] §2§l§o[TenorClef] §rT2 [HIST] 5:02.8 WHY iron: smelt 24 in one furnace
[19:51:55] [main/INFO] (Minecraft) [CHAT] §2§l§o[TenorClef] §rT2 [HIST] 5:02.8 CHILD TimeoutWanderTask -> CollectIronIngotTask ph=IRON @312,64,110 sky=15 wet=false ground=true pick=0 buck=0 iron=19 rods=0 pearls=0 eyes=0
[19:51:55] [main/INFO] (Minecraft) [CHAT] §2§l§o[TenorClef] §rT2 [NOW] t=5:02.8 ph=IRON @313,64,110 do=<Collecting 24 iron.: [[iron_ingot] x 24]>  eq=cobblestone woodpick=1 stonepick=1 pick=0 iron=0 buck=0
[19:51:56] [main/INFO] (Minecraft) [CHAT] §2§l§o[TenorClef] §rT2 [NOW] t=5:03.8 ph=IRON @310,64,113 do=<Collecting 24 iron.: [[iron_ingot] x 24]>  eq=stone_pickaxe woodpick=1 stonepick=1 pick=0 iron=0 buck=0
[19:51:57] [main/INFO] (Minecraft) [CHAT] §2§l§o[TenorClef] §rT2 [NOW] t=5:04.8 ph=IRON @308,64,117 do=<Collecting 24 iron.: [[iron_ingot] x 24]>  eq=stone_pickaxe woodpick=1 stonepick=1 pick=0 iron=0 buck=0
[19:51:57] [main/INFO] (Minecraft) [CHAT] §2§l§o[TenorClef] §rT2 [HIST] 5:04.8 SNAP ph=IRON @308,64,117 sky=15 wet=false ground=false pick=0 buck=0 iron=19 rods=0 pearls=0 eyes=0 child=CollectIronIngotTask dbg=<Collecting 24 iron.: [[iron_ingot] x 24]>  mobs=none
[19:51:58] [main/INFO] (Minecraft) [CHAT] §2§l§o[TenorClef] §rT2 [NOW] t=5:05.8 ph=IRON @305,65,119 do=<Collecting 24 iron.: [[iron_ingot] x 24]>  eq=stone_pickaxe woodpick=1 stonepick=1 pick=0 iron=0 buck=0
[19:51:59] [main/INFO] (Minecraft) [CHAT] §2§l§o[TenorClef] §rT2 [HB] t=5:06.4 ph=IRON y=65 child=CollectIronIngotTask logs=1 pick=0 woodpick=1
[19:51:59] [main/INFO] (Minecraft) [CHAT] §2§l§o[TenorClef] §rT2 [NOW] t=5:06.8 ph=IRON @304,65,120 do=<Collecting 24 iron.: [[iron_ingot] x 24]>  eq=cobblestone woodpick=1 stonepick=1 pick=0 iron=0 buck=0
[19:52:00] [main/INFO] (Minecraft) [CHAT] §2§l§o[TenorClef] §rT2 [HIST] 5:07.3 SNAP ph=IRON @304,64,120 sky=15 wet=false ground=false pick=0 buck=0 iron=19 rods=0 pearls=0 eyes=0 child=CollectIronIngotTask dbg=<Collecting 24 iron.: [[iron_ingot] x 24]>  mobs=none
[19:52:00] [main/INFO] (Minecraft) [CHAT] §2§l§o[TenorClef] §rT2 [NOW] t=5:07.8 ph=IRON @304,64,120 do=<Collecting 24 iron.: [[iron_ingot] x 24]>  eq=cobblestone woodpick=1 stonepick=1 pick=0 iron=0 buck=0
[19:52:01] [main/INFO] (Minecraft) [STDOUT]: ALTO CLEF: WARNING: T2 [S130] START trigger=flips=3 ph=IRON prev=CollectIronIngotTask cycle=1 pos=304,63,120 walls=4/4/4 sky=15 place=62 boxed=true hold=false cool=0 ban=0 startY=63 step=0
[19:52:01] [main/INFO] (Minecraft) [CHAT] §2§l§o[TenorClef] §cT2 [S130] START trigger=flips=3 ph=IRON prev=CollectIronIngotTask cycle=1 pos=304,63,120 walls=4/4/4 sky=15 place=62 boxed=true hold=false cool=0 ban=0 startY=63 step=0§r
[19:52:01] [main/INFO] (Minecraft) [CHAT] §2§l§o[TenorClef] §rT2 [HIST] 5:08.2 FORCE S130 START trigger=flips=3 ph=IRON prev=CollectIronIngotTask cycle=1 pos=304,63,120 walls=4/4/4 sky=15 place=62 boxed=true hold=false cool=0 ban=0 startY=63 step=0
[19:52:01] [main/INFO] (Minecraft) [CHAT] §2§l§o[TenorClef] §rT2 [HIST] 5:08.2 PILLAR START flips=3 prev=CollectIronIngotTask
[19:52:01] [main/INFO] (Minecraft) [CHAT] §2§l§o[TenorClef] §rT2 [HIST] 5:08.2 SOLVE S130 pillar-out @304,63,120 ph=IRON flips=3
[19:52:01] [main/INFO] (Minecraft) [CHAT] §2§l§o[TenorClef] §rT2 [HIST] 5:08.2 CHILD CollectIronIngotTask -> HolePillarTask ph=IRON @304,63,120 sky=15 wet=false ground=false pick=0 buck=0 iron=19 rods=0 pearls=0 eyes=0
[19:52:01] [main/INFO] (Minecraft) [STDOUT]: ALTO CLEF: WARNING: T2 [S130] tick y=63 slot=0 air=true pos=304,63,120 walls=4/4/4 sky=15 place=62 boxed=true hold=true cool=0 ban=0 startY=63 step=1
[19:52:01] [main/INFO] (Minecraft) [CHAT] §2§l§o[TenorClef] §cT2 [S130] tick y=63 slot=0 air=true pos=304,63,120 walls=4/4/4 sky=15 place=62 boxed=true hold=true cool=0 ban=0 startY=63 step=1§r
[19:52:01] [main/INFO] (Minecraft) [CHAT] §2§l§o[TenorClef] §rT2 [HIST] 5:08.2 FORCE S130 tick y=63 slot=0 air=true pos=304,63,120 walls=4/4/4 sky=15 place=62 boxed=true hold=true cool=0 ban=0 startY=63 step=1
[19:52:01] [main/INFO] (Minecraft) [CHAT] §2§l§o[TenorClef] §rT2 [NOW] t=5:08.8 ph=IRON @304,64,120 do=<T2 pillar-out>  eq=cobblestone woodpick=1 stonepick=1 pick=0 iron=0 buck=0
[19:52:02] [main/INFO] (Minecraft) [STDOUT]: ALTO CLEF: WARNING: T2 [S130] tick y=65 slot=0 air=true pos=304,65,120 walls=0/0/4 sky=15 place=61 boxed=false hold=true cool=0 ban=0 startY=63 step=21
[19:52:02] [main/INFO] (Minecraft) [CHAT] §2§l§o[TenorClef] §cT2 [S130] tick y=65 slot=0 air=true pos=304,65,120 walls=0/0/4 sky=15 place=61 boxed=false hold=true cool=0 ban=0 startY=63 step=21§r
[19:52:02] [main/INFO] (Minecraft) [CHAT] §2§l§o[TenorClef] §rT2 [HIST] 5:09.2 FORCE S130 tick y=65 slot=0 air=true pos=304,65,120 walls=0/0/4 sky=15 place=61 boxed=false hold=true cool=0 ban=0 startY=63 step=21
[19:52:02] [main/INFO] (Minecraft) [CHAT] §2§l§o[TenorClef] §rT2 [NOW] t=5:09.8 ph=IRON @304,66,120 do=<T2 pillar-out>  eq=cobblestone woodpick=1 stonepick=1 pick=0 iron=0 buck=0
[19:52:02] [main/INFO] (Minecraft) [STDOUT]: ALTO CLEF: WARNING: T2 [S139] rise confirmed +4y y=67 startY=63 pos=304,67,120 walls=0/0/0 sky=15 place=60 boxed=false hold=true cool=0 ban=0 startY=63 step=37
[19:52:02] [main/INFO] (Minecraft) [CHAT] §2§l§o[TenorClef] §cT2 [S139] rise confirmed +4y y=67 startY=63 pos=304,67,120 walls=0/0/0 sky=15 place=60 boxed=false hold=true cool=0 ban=0 startY=63 step=37§r
[19:52:02] [main/INFO] (Minecraft) [CHAT] §2§l§o[TenorClef] §rT2 [HIST] 5:10.1 FORCE S139 rise confirmed +4y y=67 startY=63 pos=304,67,120 walls=0/0/0 sky=15 place=60 boxed=false hold=true cool=0 ban=0 startY=63 step=37
[19:52:02] [main/INFO] (Minecraft) [STDOUT]: ALTO CLEF: WARNING: T2 [S133] cool arm ticks=80 reason=risen y=67 startY=63 ban=304,120 pos=304,67,120 walls=0/0/0 sky=15 place=60 boxed=false hold=true cool=80 ban=80 startY=63 step=37
[19:52:02] [main/INFO] (Minecraft) [CHAT] §2§l§o[TenorClef] §cT2 [S133] cool arm ticks=80 reason=risen y=67 startY=63 ban=304,120 pos=304,67,120 walls=0/0/0 sky=15 place=60 boxed=false hold=true cool=80 ban=80 startY=63 step=37§r
[19:52:03] [main/INFO] (Minecraft) [CHAT] §2§l§o[TenorClef] §rT2 [HIST] 5:10.1 FORCE S133 cool arm ticks=80 reason=risen y=67 startY=63 ban=304,120 pos=304,67,120 walls=0/0/0 sky=15 place=60 boxed=false hold=true cool=80 ban=80 startY=63 step=37
[19:52:03] [main/INFO] (Minecraft) [STDOUT]: ALTO CLEF: WARNING: T2 [S136] END reason=risen y=67 startY=63 roseReal=true giveUp=true pos=304,67,120 walls=0/0/0 sky=15 place=60 boxed=false hold=true cool=80 ban=80 startY=63 step=37
[19:52:03] [main/INFO] (Minecraft) [CHAT] §2§l§o[TenorClef] §cT2 [S136] END reason=risen y=67 startY=63 roseReal=true giveUp=true pos=304,67,120 walls=0/0/0 sky=15 place=60 boxed=false hold=true cool=80 ban=80 startY=63 step=37§r
[19:52:03] [main/INFO] (Minecraft) [CHAT] §2§l§o[TenorClef] §rT2 [HIST] 5:10.1 FORCE S136 END reason=risen y=67 startY=63 roseReal=true giveUp=true pos=304,67,120 walls=0/0/0 sky=15 place=60 boxed=false hold=true cool=80 ban=80 startY=63 step=37
[19:52:03] [main/INFO] (Minecraft) [CHAT] §2§l§o[TenorClef] §rT2 [HIST] 5:10.1 PILLAR END risen y=67 startY=63
[19:52:03] [main/INFO] (Minecraft) [CHAT] §2§l§o[TenorClef] §rT2 [HIST] 5:10.1 WHY iron: smelt 24 in one furnace
[19:52:03] [main/INFO] (Minecraft) [STDOUT]: ALTO CLEF: WARNING: T2 [S136] stick drop pillar -> CollectIronIngotTask finished=true hold=false cool=79 end=risen y=67 startY=63 pos=304,67,120 walls=0/0/0 sky=15 place=60 boxed=false hold=false cool=79 ban=79 startY=- step=0
[19:52:03] [main/INFO] (Minecraft) [CHAT] §2§l§o[TenorClef] §cT2 [S136] stick drop pillar -> CollectIronIngotTask finished=true hold=false cool=79 end=risen y=67 startY=63 pos=304,67,120 walls=0/0/0 sky=15 place=60 boxed=false hold=false cool=79 ban=79 startY=- step=0§r
[19:52:03] [main/INFO] (Minecraft) [CHAT] §2§l§o[TenorClef] §rT2 [HIST] 5:10.1 FORCE S136 stick drop pillar -> CollectIronIngotTask finished=true hold=false cool=79 end=risen y=67 startY=63 pos=304,67,120 walls=0/0/0 sky=15 place=60 boxed=false hold=false cool=79 ban=79 startY=- step=0
[19:52:03] [main/INFO] (Minecraft) [CHAT] §2§l§o[TenorClef] §rT2 [HIST] 5:10.1 CHILD HolePillarTask -> CollectIronIngotTask ph=IRON @304,67,120 sky=15 wet=false ground=false pick=0 buck=0 iron=19 rods=0 pearls=0 eyes=0
[19:52:03] [main/INFO] (Minecraft) [STDOUT]: ALTO CLEF: WARNING: T2 [S136] onStop interrupt=CollectIronIngotTask finishWhy=givingUp cool=79 lastEnd=risen y=67 startY=63 pos=304,67,120 walls=0/0/0 sky=15 place=60 boxed=false hold=false cool=79 ban=79 startY=- step=0
[19:52:03] [main/INFO] (Minecraft) [CHAT] §2§l§o[TenorClef] §cT2 [S136] onStop interrupt=CollectIronIngotTask finishWhy=givingUp cool=79 lastEnd=risen y=67 startY=63 pos=304,67,120 walls=0/0/0 sky=15 place=60 boxed=false hold=false cool=79 ban=79 startY=- step=0§r
[19:52:03] [main/INFO] (Minecraft) [CHAT] §2§l§o[TenorClef] §rT2 [HIST] 5:10.1 FORCE S136 onStop interrupt=CollectIronIngotTask finishWhy=givingUp cool=79 lastEnd=risen y=67 startY=63 pos=304,67,120 walls=0/0/0 sky=15 place=60 boxed=false hold=false cool=79 ban=79 startY=- step=0
[19:52:03] [main/INFO] (Minecraft) [STDOUT]: ALTO CLEF: WARNING: T2 [E100] jumps=11 @304,67,120 ph=IRON child=CollectIronIngotTask
[19:52:03] [main/INFO] (Minecraft) [CHAT] §2§l§o[TenorClef] §cT2 [E100] jumps=11 @304,67,120 ph=IRON child=CollectIronIngotTask§r
[19:52:03] [main/INFO] (Minecraft) [CHAT] §2§l§o[TenorClef] §rT2 [HIST] 5:10.2 [E100] jumps=11 @304,67,120 ph=IRON child=CollectIronIngotTask
[19:52:03] [main/INFO] (Minecraft) [CHAT] §2§l§o[TenorClef] §rMineAndCollect: equip item.minecraft.stone_pickaxe for block.minecraft.iron_ore
[19:52:03] [main/INFO] (Minecraft) [CHAT] §2§l§o[TenorClef] §rT2 [HIST] 5:10.8 SNAP ph=IRON @304,66,120 sky=15 wet=false ground=true pick=0 buck=0 iron=19 rods=0 pearls=0 eyes=0 child=CollectIronIngotTask dbg=<Collecting 24 iron.: [[iron_ingot] x 24]>  mobs=none
[19:52:03] [main/INFO] (Minecraft) [CHAT] §2§l§o[TenorClef] §rT2 [NOW] t=5:10.8 ph=IRON @304,66,120 do=<Collecting 24 iron.: [[iron_ingot] x 24]>  eq=stone_pickaxe woodpick=1 stonepick=1 pick=0 iron=0 buck=0
[19:52:04] [main/INFO] (Minecraft) [CHAT] §2§l§o[TenorClef] §rT2 [NOW] t=5:11.8 ph=IRON @304,65,120 do=<Collecting 24 iron.: [[iron_ingot] x 24]>  eq=stone_pickaxe woodpick=1 stonepick=1 pick=0 iron=0 buck=0
[19:52:05] [main/INFO] (Minecraft) [CHAT] §2§l§o[TenorClef] §rT2 [HB] t=5:12.4 ph=IRON y=64 child=CollectIronIngotTask logs=1 pick=0 woodpick=1
[19:52:05] [main/INFO] (Minecraft) [CHAT] §2§l§o[TenorClef] §rT2 [NOW] t=5:12.8 ph=IRON @304,64,120 do=<Collecting 24 iron.: [[iron_ingot] x 24]>  eq=stone_pickaxe woodpick=1 stonepick=1 pick=0 iron=0 buck=0
[19:52:06] [main/INFO] (Minecraft) [CHAT] §2§l§o[TenorClef] §rT2 [HIST] 5:13.3 SNAP ph=IRON @304,64,120 sky=15 wet=false ground=true pick=0 buck=0 iron=19 rods=0 pearls=0 eyes=0 child=CollectIronIngotTask dbg=<Collecting 24 iron.: [[iron_ingot] x 24]>  mobs=none
[19:52:06] [main/INFO] (Minecraft) [CHAT] §2§l§o[TenorClef] §rT2 [HIST] 5:13.4 [E100] jumps=6 @304,63,120 ph=IRON child=CollectIronIngotTask
[19:52:06] [main/INFO] (Minecraft) [STDOUT]: ALTO CLEF: WARNING: T2 [S135] S130 suppressed why=would-S130 but busy cool=14 flips=6 sameXz=66 child=CollectIronIngotTask cool=14 ban=14 hold=false pos=304,63,120 walls=4/4/4 sky=15 place=62 boxed=true hold=false cool=14 ban=14 startY=- step=0
[19:52:06] [main/INFO] (Minecraft) [CHAT] §2§l§o[TenorClef] §cT2 [S135] S130 suppressed why=would-S130 but busy cool=14 flips=6 sameXz=66 child=CollectIronIngotTask cool=14 ban=14 hold=false pos=304,63,120 walls=4/4/4 sky=15 place=62 boxed=true hold=false cool=14 ban=14 startY=- step=0§r
[19:52:06] [main/INFO] (Minecraft) [CHAT] §2§l§o[TenorClef] §rT2 [HIST] 5:13.4 FORCE S135 S130 suppressed why=would-S130 but busy cool=14 flips=6 sameXz=66 child=CollectIronIngotTask cool=14 ban=14 hold=false pos=304,63,120 walls=4/4/4 sky=15 place=62 boxed=true hold=false cool=14 ban=14 startY=- step=0
[19:52:06] [main/INFO] (Minecraft) [STDOUT]: ALTO CLEF: WARNING: T2 [S100] stop jump-walk @304,120 ph=IRON child=CollectIronIngotTask esc=0
[19:52:06] [main/INFO] (Minecraft) [CHAT] §2§l§o[TenorClef] §cT2 [S100] stop jump-walk @304,120 ph=IRON child=CollectIronIngotTask esc=0§r
[19:52:06] [main/INFO] (Minecraft) [CHAT] §2§l§o[TenorClef] §rT2 [HIST] 5:13.4 SOLVE S100 stop jump-walk @304,120 ph=IRON child=CollectIronIngotTask esc=0
[19:52:06] [main/INFO] (Minecraft) [CHAT] §2§l§o[TenorClef] §rMineAndCollect: equip item.minecraft.stone_pickaxe for block.minecraft.iron_ore
[19:52:06] [main/INFO] (Minecraft) [CHAT] §2§l§o[TenorClef] §rMineAndCollect: equip item.minecraft.stone_pickaxe for block.minecraft.iron_ore
[19:52:06] [main/INFO] (Minecraft) [CHAT] §2§l§o[TenorClef] §rMineAndCollect: equip item.minecraft.stone_pickaxe for block.minecraft.iron_ore
[19:52:06] [main/INFO] (Minecraft) [CHAT] §2§l§o[TenorClef] §rMineAndCollect: equip item.minecraft.stone_pickaxe for block.minecraft.iron_ore
[19:52:06] [main/INFO] (Minecraft) [STDOUT]: ALTO CLEF: WARNING: T2 [S109] equip pick for mining (was holding cobblestone)
[19:52:06] [main/INFO] (Minecraft) [CHAT] §2§l§o[TenorClef] §cT2 [S109] equip pick for mining (was holding cobblestone)§r
[19:52:06] [main/INFO] (Minecraft) [CHAT] §2§l§o[TenorClef] §rT2 [HIST] 5:13.7 SOLVE S109 equip pick for mining (was holding cobblestone)
[19:52:06] [main/INFO] (Minecraft) [CHAT] §2§l§o[TenorClef] §rMineAndCollect: equip item.minecraft.stone_pickaxe for block.minecraft.iron_ore
[19:52:06] [main/INFO] (Minecraft) [CHAT] §2§l§o[TenorClef] §rT2 [NOW] t=5:13.8 ph=IRON @304,63,120 do=<Collecting 24 iron.: [[iron_ingot] x 24]>  eq=cobblestone woodpick=1 stonepick=1 pick=0 iron=0 buck=0
[19:52:06] [main/INFO] (Minecraft) [CHAT] §2§l§o[TenorClef] §rMineAndCollect: equip item.minecraft.stone_pickaxe for block.minecraft.iron_ore
[19:52:06] [main/INFO] (Minecraft) [CHAT] §2§l§o[TenorClef] §rMineAndCollect: equip item.minecraft.stone_pickaxe for block.minecraft.iron_ore
[19:52:06] [main/INFO] (Minecraft) [CHAT] §2§l§o[TenorClef] §rMineAndCollect: equip item.minecraft.stone_pickaxe for block.minecraft.iron_ore
[19:52:07] [main/INFO] (Minecraft) [STDOUT]: ALTO CLEF: WARNING: T2 [S134] pillar cool expire after flips=3 end=risen y=67 startY=63
[19:52:07] [main/INFO] (Minecraft) [CHAT] §2§l§o[TenorClef] §cT2 [S134] pillar cool expire after flips=3 end=risen y=67 startY=63§r
[19:52:07] [main/INFO] (Minecraft) [CHAT] §2§l§o[TenorClef] §rT2 [HIST] 5:14.1 FORCE S134 pillar cool expire after flips=3 end=risen y=67 startY=63
[19:52:07] [main/INFO] (Minecraft) [STDOUT]: ALTO CLEF: WARNING: T2 [S137] re-cool still-boxed@304,120 n=1 ticks=160 end=risen y=67 startY=63 pos=304,63,120 walls=4/4/4 sky=15 place=63 boxed=true hold=false cool=160 ban=160 startY=- step=0
[19:52:07] [main/INFO] (Minecraft) [CHAT] §2§l§o[TenorClef] §cT2 [S137] re-cool still-boxed@304,120 n=1 ticks=160 end=risen y=67 startY=63 pos=304,63,120 walls=4/4/4 sky=15 place=63 boxed=true hold=false cool=160 ban=160 startY=- step=0§r
[19:52:07] [main/INFO] (Minecraft) [CHAT] §2§l§o[TenorClef] §rT2 [HIST] 5:14.1 FORCE S137 re-cool still-boxed@304,120 n=1 ticks=160 end=risen y=67 startY=63 pos=304,63,120 walls=4/4/4 sky=15 place=63 boxed=true hold=false cool=160 ban=160 startY=- step=0
[19:52:07] [main/INFO] (Minecraft) [CHAT] §2§l§o[TenorClef] §rMineAndCollect: equip item.minecraft.stone_pickaxe for block.minecraft.iron_ore
[19:52:07] [main/INFO] (Minecraft) [CHAT] §2§l§o[TenorClef] §rMineAndCollect: equip item.minecraft.stone_pickaxe for block.minecraft.iron_ore
[19:52:07] [main/INFO] (Minecraft) [CHAT] §2§l§o[TenorClef] §rT2 [HIST] 5:14.2 WHY iron: smelt 24 in one furnace
[19:52:07] [main/INFO] (Minecraft) [CHAT] §2§l§o[TenorClef] §rMineAndCollect: equip item.minecraft.stone_pickaxe for block.minecraft.iron_ore
[19:52:07] [main/INFO] (Minecraft) [CHAT] §2§l§o[TenorClef] §rMineAndCollect: equip item.minecraft.stone_pickaxe for block.minecraft.iron_ore
[19:52:07] [main/INFO] (Minecraft) [CHAT] §2§l§o[TenorClef] §rMineAndCollect: equip item.minecraft.stone_pickaxe for block.minecraft.iron_ore
[19:52:07] [main/INFO] (Minecraft) [CHAT] §2§l§o[TenorClef] §rMineAndCollect: equip item.minecraft.stone_pickaxe for block.minecraft.iron_ore
[19:52:07] [main/INFO] (Minecraft) [CHAT] §2§l§o[TenorClef] §rMineAndCollect: equip item.minecraft.stone_pickaxe for block.minecraft.iron_ore
[19:52:07] [main/INFO] (Minecraft) [CHAT] §2§l§o[TenorClef] §rMineAndCollect: equip item.minecraft.stone_pickaxe for block.minecraft.iron_ore
[19:52:07] [main/INFO] (Minecraft) [CHAT] §2§l§o[TenorClef] §rMineAndCollect: equip item.minecraft.stone_pickaxe for block.minecraft.iron_ore
[19:52:07] [main/INFO] (Minecraft) [CHAT] §2§l§o[TenorClef] §rMineAndCollect: equip item.minecraft.stone_pickaxe for block.minecraft.iron_ore
[19:52:07] [main/INFO] (Minecraft) [CHAT] §2§l§o[TenorClef] §rT2 [NOW] t=5:14.8 ph=IRON @304,62,120 do=<Collecting 24 iron.: [[iron_ingot] x 24]>  eq=cobblestone woodpick=1 stonepick=1 pick=0 iron=0 buck=0
[19:52:07] [main/INFO] (Minecraft) [CHAT] §2§l§o[TenorClef] §rMineAndCollect: equip item.minecraft.stone_pickaxe for block.minecraft.iron_ore
[19:52:07] [main/INFO] (Minecraft) [CHAT] §2§l§o[TenorClef] §rMineAndCollect: equip item.minecraft.stone_pickaxe for block.minecraft.iron_ore
[19:52:07] [main/INFO] (Minecraft) [CHAT] §2§l§o[TenorClef] §rMineAndCollect: equip item.minecraft.stone_pickaxe for block.minecraft.iron_ore
[19:52:07] [main/INFO] (Minecraft) [CHAT] §2§l§o[TenorClef] §rMineAndCollect: equip item.minecraft.stone_pickaxe for block.minecraft.iron_ore
[19:52:07] [main/INFO] (Minecraft) [CHAT] §2§l§o[TenorClef] §rMineAndCollect: equip item.minecraft.stone_pickaxe for block.minecraft.iron_ore
[19:52:08] [main/INFO] (Minecraft) [CHAT] §2§l§o[TenorClef] §rMineAndCollect: equip item.minecraft.stone_pickaxe for block.minecraft.iron_ore
[19:52:08] [main/INFO] (Minecraft) [CHAT] §2§l§o[TenorClef] §rMineAndCollect: equip item.minecraft.stone_pickaxe for block.minecraft.iron_ore
[19:52:08] [main/INFO] (Minecraft) [CHAT] §2§l§o[TenorClef] §rMineAndCollect: equip item.minecraft.stone_pickaxe for block.minecraft.iron_ore
[19:52:08] [main/INFO] (Minecraft) [CHAT] §2§l§o[TenorClef] §rMineAndCollect: equip item.minecraft.stone_pickaxe for block.minecraft.iron_ore
[19:52:08] [main/INFO] (Minecraft) [STDOUT]: ALTO CLEF: WARNING: T2 [S135] S130 suppressed why=would-S130 but busy cool=132 flips=3 sameXz=29 child=CollectIronIngotTask cool=132 ban=132 hold=false pos=304,61,120 walls=4/4/4 sky=15 place=64 boxed=true hold=false cool=132 ban=132 startY=- step=0
[19:52:08] [main/INFO] (Minecraft) [CHAT] §2§l§o[TenorClef] §cT2 [S135] S130 suppressed why=would-S130 but busy cool=132 flips=3 sameXz=29 child=CollectIronIngotTask cool=132 ban=132 hold=false pos=304,61,120 walls=4/4/4 sky=15 place=64 boxed=true hold=false cool=132 ban=132 startY=- step=0§r
[19:52:08] [main/INFO] (Minecraft) [CHAT] §2§l§o[TenorClef] §rT2 [HIST] 5:15.5 FORCE S135 S130 suppressed why=would-S130 but busy cool=132 flips=3 sameXz=29 child=CollectIronIngotTask cool=132 ban=132 hold=false pos=304,61,120 walls=4/4/4 sky=15 place=64 boxed=true hold=false cool=132 ban=132 startY=- step=0
[19:52:08] [main/INFO] (Minecraft) [CHAT] §2§l§o[TenorClef] §rMineAndCollect: equip item.minecraft.stone_pickaxe for block.minecraft.iron_ore
[19:52:08] [main/INFO] (Minecraft) [CHAT] §2§l§o[TenorClef] §rT2 [HIST] 5:15.8 SNAP ph=IRON @304,61,120 sky=15 wet=false ground=true pick=0 buck=0 iron=19 rods=0 pearls=0 eyes=0 child=CollectIronIngotTask dbg=<Collecting 24 iron.: [[iron_ingot] x 24]>  mobs=none
[19:52:08] [main/INFO] (Minecraft) [CHAT] §2§l§o[TenorClef] §rT2 [NOW] t=5:15.8 ph=IRON @304,61,120 do=<Collecting 24 iron.: [[iron_ingot] x 24]>  eq=stone_pickaxe woodpick=1 stonepick=1 pick=0 iron=0 buck=0
[19:52:09] [main/INFO] (Minecraft) [STDOUT]: ALTO CLEF: WARNING: T2 [E100] jumps=6 @304,60,120 ph=IRON child=CollectIronIngotTask
[19:52:09] [main/INFO] (Minecraft) [CHAT] §2§l§o[TenorClef] §cT2 [E100] jumps=6 @304,60,120 ph=IRON child=CollectIronIngotTask§r
[19:52:09] [main/INFO] (Minecraft) [CHAT] §2§l§o[TenorClef] §rT2 [HIST] 5:16.4 [E100] jumps=6 @304,60,120 ph=IRON child=CollectIronIngotTask
[19:52:09] [main/INFO] (Minecraft) [CHAT] §2§l§o[TenorClef] §rT2 [HIST] 5:16.6 SOLVE S100 stop jump-walk @304,120 ph=IRON child=CollectIronIngotTask esc=1
[19:52:09] [main/INFO] (Minecraft) [STDOUT]: ALTO CLEF: WARNING: T2 [S144] jump-stuck collector — replace CollectIronIngotTask with wander (esc=2)
[19:52:09] [main/INFO] (Minecraft) [CHAT] §2§l§o[TenorClef] §cT2 [S144] jump-stuck collector — replace CollectIronIngotTask with wander (esc=2)§r
[19:52:09] [main/INFO] (Minecraft) [CHAT] §2§l§o[TenorClef] §rT2 [HIST] 5:16.6 SOLVE S144 jump-stuck collector — replace CollectIronIngotTask with wander (esc=2)
[19:52:09] [main/INFO] (Minecraft) [CHAT] §2§l§o[TenorClef] §rT2 [HIST] 5:16.6 CHILD CollectIronIngotTask -> TimeoutWanderTask ph=IRON @304,60,120 sky=15 wet=false ground=true pick=0 buck=0 iron=19 rods=0 pearls=0 eyes=0
[19:52:09] [main/INFO] (Minecraft) [CHAT] §2§l§o[TenorClef] §rT2 [NOW] t=5:16.8 ph=IRON @304,60,120 do=<Wander for Infinity blocks> Exploring. eq=stone_pickaxe woodpick=1 stonepick=1 pick=0 iron=0 buck=0
[19:52:10] [pool-5-thread-4/INFO] (Minecraft) [STDOUT]: 763136 movements considered
[19:52:10] [pool-5-thread-4/INFO] (Minecraft) [STDOUT]: Open set size: 30804
[19:52:10] [pool-5-thread-4/INFO] (Minecraft) [STDOUT]: PathNode map size: 65491
[19:52:10] [pool-5-thread-4/INFO] (Minecraft) [STDOUT]: 69376 nodes per second
[19:52:10] [pool-5-thread-4/INFO] (Minecraft) [STDOUT]: Path goes for 155.03547981026796 blocks
[19:52:10] [main/INFO] (Minecraft) [CHAT] §2§l§o[TenorClef] §rT2 [NOW] t=5:17.8 ph=IRON @304,62,120 do=<Wander for Infinity blocks> Exploring. eq=dirt woodpick=1 stonepick=1 pick=0 iron=0 buck=0
[19:52:10] [main/INFO] (Minecraft) [CHAT] §2§l§o[TenorClef] §rT2 [HIST] 5:18.0 [E100] jumps=6 @304,62,120 ph=IRON child=TimeoutWanderTask
[19:52:11] [main/INFO] (Minecraft) [CHAT] §2§l§o[TenorClef] §rT2 [HB] t=5:18.2 ph=IRON y=63 child=TimeoutWanderTask logs=1 pick=0 woodpick=1
[19:52:11] [main/INFO] (Minecraft) [CHAT] §2§l§o[TenorClef] §rT2 [NOW] t=5:18.8 ph=IRON @304,63,120 do=<Wander for Infinity blocks> Exploring. eq=cobblestone woodpick=1 stonepick=1 pick=0 iron=0 buck=0
[19:52:12] [main/INFO] (Minecraft) [CHAT] §2§l§o[TenorClef] §rT2 [NOW] t=5:19.8 ph=IRON @304,64,119 do=<Wander for Infinity blocks> Exploring. eq=cobblestone woodpick=1 stonepick=1 pick=0 iron=0 buck=0
[19:52:12] [main/INFO] (Minecraft) [CHAT] §2§l§o[TenorClef] §rT2 [HIST] 5:19.9 SNAP ph=IRON @304,65,119 sky=15 wet=false ground=false pick=0 buck=0 iron=19 rods=0 pearls=0 eyes=0 child=TimeoutWanderTask dbg=<Wander for Infinity blocks> Exploring. mobs=none
[19:52:13] [main/INFO] (Minecraft) [STDOUT]: ALTO CLEF: WARNING: T2 [S138] shaft ban clear left-xz ban=304,120 now=305,119 manh=2 left=39
[19:52:13] [main/INFO] (Minecraft) [CHAT] §2§l§o[TenorClef] §cT2 [S138] shaft ban clear left-xz ban=304,120 now=305,119 manh=2 left=39§r
[19:52:13] [main/INFO] (Minecraft) [CHAT] §2§l§o[TenorClef] §rT2 [HIST] 5:20.2 FORCE S138 shaft ban clear left-xz ban=304,120 now=305,119 manh=2 left=39
[19:52:13] [main/INFO] (Minecraft) [CHAT] §2§l§o[TenorClef] §rT2 [NOW] t=5:20.8 ph=IRON @307,65,118 do=<Wander for Infinity blocks> Exploring. eq=cobblestone woodpick=1 stonepick=1 pick=0 iron=0 buck=0
[19:52:14] [main/INFO] (Minecraft) [CHAT] §2§l§o[TenorClef] §rT2 [NOW] t=5:21.8 ph=IRON @309,64,115 do=<Wander for Infinity blocks> Exploring. eq=cobblestone woodpick=1 stonepick=1 pick=0 iron=0 buck=0
[19:52:14] [main/INFO] (Minecraft) [STDOUT]: ALTO CLEF: WARNING: T2 [S134] pillar cool expire after flips=3 end=risen y=67 startY=63
[19:52:14] [main/INFO] (Minecraft) [CHAT] §2§l§o[TenorClef] §cT2 [S134] pillar cool expire after flips=3 end=risen y=67 startY=63§r
[19:52:14] [main/INFO] (Minecraft) [CHAT] §2§l§o[TenorClef] §rT2 [HIST] 5:22.1 FORCE S134 pillar cool expire after flips=3 end=risen y=67 startY=63
[19:52:15] [main/INFO] (Minecraft) [STDOUT]: ALTO CLEF: WARNING: T2 [S138] shaft ban clear left-xz ban=304,120 now=311,113 manh=14 left=60
[19:52:15] [main/INFO] (Minecraft) [CHAT] §2§l§o[TenorClef] §cT2 [S138] shaft ban clear left-xz ban=304,120 now=311,113 manh=14 left=60§r
[19:52:15] [main/INFO] (Minecraft) [CHAT] §2§l§o[TenorClef] §rT2 [HIST] 5:22.1 FORCE S138 shaft ban clear left-xz ban=304,120 now=311,113 manh=14 left=60
[19:52:15] [main/INFO] (Minecraft) [CHAT] §2§l§o[TenorClef] §rRefreshed inventory...
[19:52:15] [main/INFO] (Minecraft) [CHAT] §2§l§o[TenorClef] §rT2 [NOW] t=5:22.8 ph=IRON @312,64,111 do=<Wander for Infinity blocks> Exploring. eq=cobblestone woodpick=1 stonepick=1 pick=0 iron=0 buck=0
[19:52:16] [main/INFO] (Minecraft) [CHAT] §2§l§o[TenorClef] §rT2 [NOW] t=5:23.8 ph=IRON @317,64,108 do=<Wander for Infinity blocks> Exploring. eq=cobblestone woodpick=1 stonepick=1 pick=0 iron=0 buck=0
[19:52:17] [main/INFO] (Minecraft) [CHAT] §2§l§o[TenorClef] §rT2 [HIST] 5:24.6 WHY iron: smelt 24 in one furnace
[19:52:17] [main/INFO] (Minecraft) [CHAT] §2§l§o[TenorClef] §rT2 [HIST] 5:24.6 CHILD TimeoutWanderTask -> CollectIronIngotTask ph=IRON @321,64,106 sky=14 wet=false ground=true pick=0 buck=0 iron=19 rods=0 pearls=0 eyes=0
[19:52:17] [main/INFO] (Minecraft) [CHAT] §2§l§o[TenorClef] §rT2 [HIST] 5:24.8 SNAP ph=IRON @321,64,106 sky=14 wet=false ground=true pick=0 buck=0 iron=19 rods=0 pearls=0 eyes=0 child=CollectIronIngotTask dbg=<Collecting 24 iron.: [[iron_ingot] x 24]>  mobs=none
[19:52:17] [main/INFO] (Minecraft) [CHAT] §2§l§o[TenorClef] §rT2 [NOW] t=5:24.8 ph=IRON @322,64,106 do=<Collecting 24 iron.: [[iron_ingot] x 24]>  eq=stone_pickaxe woodpick=1 stonepick=1 pick=0 iron=0 buck=0
[19:52:18] [main/INFO] (Minecraft) [CHAT] §2§l§o[TenorClef] §rT2 [NOW] t=5:25.8 ph=IRON @323,64,110 do=<Collecting 24 iron.: [[iron_ingot] x 24]>  eq=cobblestone woodpick=1 stonepick=1 pick=0 iron=0 buck=0
[19:52:19] [main/INFO] (Minecraft) [CHAT] §2§l§o[TenorClef] §rT2 [NOW] t=5:26.8 ph=IRON @323,64,110 do=<Collecting 24 iron.: [[iron_ingot] x 24]>  eq=stone_pickaxe woodpick=1 stonepick=1 pick=0 iron=0 buck=0
[19:52:20] [main/INFO] (Minecraft) [CHAT] §2§l§o[TenorClef] §rT2 [HIST] 5:27.3 SNAP ph=IRON @323,63,110 sky=15 wet=false ground=true pick=0 buck=0 iron=19 rods=0 pearls=0 eyes=0 child=CollectIronIngotTask dbg=<Collecting 24 iron.: [[iron_ingot] x 24]>  mobs=none
[19:52:20] [main/INFO] (Minecraft) [CHAT] §2§l§o[TenorClef] §rT2 [NOW] t=5:27.8 ph=IRON @323,63,110 do=<Collecting 24 iron.: [[iron_ingot] x 24]>  eq=cobblestone woodpick=1 stonepick=1 pick=0 iron=0 buck=0
[19:52:20] [main/INFO] (Minecraft) [STDOUT]: ALTO CLEF: WARNING: T2 [S130] START trigger=flips=3 ph=IRON prev=CollectIronIngotTask cycle=1 pos=323,62,110 walls=4/4/4 sky=15 place=65 boxed=true hold=false cool=0 ban=0 startY=62 step=0
[19:52:20] [main/INFO] (Minecraft) [CHAT] §2§l§o[TenorClef] §cT2 [S130] START trigger=flips=3 ph=IRON prev=CollectIronIngotTask cycle=1 pos=323,62,110 walls=4/4/4 sky=15 place=65 boxed=true hold=false cool=0 ban=0 startY=62 step=0§r
[19:52:20] [main/INFO] (Minecraft) [CHAT] §2§l§o[TenorClef] §rT2 [HIST] 5:28.0 FORCE S130 START trigger=flips=3 ph=IRON prev=CollectIronIngotTask cycle=1 pos=323,62,110 walls=4/4/4 sky=15 place=65 boxed=true hold=false cool=0 ban=0 startY=62 step=0
[19:52:20] [main/INFO] (Minecraft) [CHAT] §2§l§o[TenorClef] §rT2 [HIST] 5:28.0 PILLAR START flips=3 prev=CollectIronIngotTask
[19:52:20] [main/INFO] (Minecraft) [CHAT] §2§l§o[TenorClef] §rT2 [HIST] 5:28.0 SOLVE S130 pillar-out @323,62,110 ph=IRON flips=3
[19:52:20] [main/INFO] (Minecraft) [CHAT] §2§l§o[TenorClef] §rT2 [HIST] 5:28.0 CHILD CollectIronIngotTask -> HolePillarTask ph=IRON @323,62,110 sky=15 wet=false ground=false pick=0 buck=0 iron=19 rods=0 pearls=0 eyes=0
[19:52:20] [main/INFO] (Minecraft) [STDOUT]: ALTO CLEF: WARNING: T2 [S130] tick y=62 slot=0 air=true pos=323,62,110 walls=4/4/4 sky=15 place=65 boxed=true hold=true cool=0 ban=0 startY=62 step=1
[19:52:20] [main/INFO] (Minecraft) [CHAT] §2§l§o[TenorClef] §cT2 [S130] tick y=62 slot=0 air=true pos=323,62,110 walls=4/4/4 sky=15 place=65 boxed=true hold=true cool=0 ban=0 startY=62 step=1§r
[19:52:20] [main/INFO] (Minecraft) [CHAT] §2§l§o[TenorClef] §rT2 [HIST] 5:28.0 FORCE S130 tick y=62 slot=0 air=true pos=323,62,110 walls=4/4/4 sky=15 place=65 boxed=true hold=true cool=0 ban=0 startY=62 step=1
[19:52:21] [main/INFO] (Minecraft) [CHAT] §2§l§o[TenorClef] §rT2 [NOW] t=5:28.8 ph=IRON @323,64,110 do=<T2 pillar-out>  eq=cobblestone woodpick=1 stonepick=1 pick=0 iron=0 buck=0
[19:52:21] [main/INFO] (Minecraft) [STDOUT]: ALTO CLEF: WARNING: T2 [S130] tick y=64 slot=0 air=true pos=323,64,110 walls=0/0/4 sky=15 place=64 boxed=false hold=true cool=0 ban=0 startY=62 step=21
[19:52:21] [main/INFO] (Minecraft) [CHAT] §2§l§o[TenorClef] §cT2 [S130] tick y=64 slot=0 air=true pos=323,64,110 walls=0/0/4 sky=15 place=64 boxed=false hold=true cool=0 ban=0 startY=62 step=21§r
[19:52:21] [main/INFO] (Minecraft) [CHAT] §2§l§o[TenorClef] §rT2 [HIST] 5:29.0 FORCE S130 tick y=64 slot=0 air=true pos=323,64,110 walls=0/0/4 sky=15 place=64 boxed=false hold=true cool=0 ban=0 startY=62 step=21
[19:52:22] [main/INFO] (Minecraft) [STDOUT]: ALTO CLEF: WARNING: T2 [E100] jumps=10 @323,65,110 ph=IRON child=HolePillarTask
[19:52:22] [main/INFO] (Minecraft) [CHAT] §2§l§o[TenorClef] §cT2 [E100] jumps=10 @323,65,110 ph=IRON child=HolePillarTask§r
[19:52:22] [main/INFO] (Minecraft) [CHAT] §2§l§o[TenorClef] §rT2 [HIST] 5:29.6 [E100] jumps=10 @323,65,110 ph=IRON child=HolePillarTask
[19:52:22] [main/INFO] (Minecraft) [CHAT] §2§l§o[TenorClef] §rT2 [NOW] t=5:29.8 ph=IRON @323,66,110 do=<T2 pillar-out>  eq=cobblestone woodpick=1 stonepick=1 pick=0 iron=0 buck=0
[19:52:22] [main/INFO] (Minecraft) [STDOUT]: ALTO CLEF: WARNING: T2 [S139] rise confirmed +4y y=66 startY=62 pos=323,66,110 walls=0/0/0 sky=15 place=63 boxed=false hold=true cool=0 ban=0 startY=62 step=37
[19:52:22] [main/INFO] (Minecraft) [CHAT] §2§l§o[TenorClef] §cT2 [S139] rise confirmed +4y y=66 startY=62 pos=323,66,110 walls=0/0/0 sky=15 place=63 boxed=false hold=true cool=0 ban=0 startY=62 step=37§r
[19:52:22] [main/INFO] (Minecraft) [CHAT] §2§l§o[TenorClef] §rT2 [HIST] 5:29.8 FORCE S139 rise confirmed +4y y=66 startY=62 pos=323,66,110 walls=0/0/0 sky=15 place=63 boxed=false hold=true cool=0 ban=0 startY=62 step=37
[19:52:22] [main/INFO] (Minecraft) [STDOUT]: ALTO CLEF: WARNING: T2 [S133] cool arm ticks=80 reason=risen y=66 startY=62 ban=323,110 pos=323,66,110 walls=0/0/0 sky=15 place=63 boxed=false hold=true cool=80 ban=80 startY=62 step=37
[19:52:22] [main/INFO] (Minecraft) [CHAT] §2§l§o[TenorClef] §cT2 [S133] cool arm ticks=80 reason=risen y=66 startY=62 ban=323,110 pos=323,66,110 walls=0/0/0 sky=15 place=63 boxed=false hold=true cool=80 ban=80 startY=62 step=37§r
[19:52:22] [main/INFO] (Minecraft) [CHAT] §2§l§o[TenorClef] §rT2 [HIST] 5:29.8 FORCE S133 cool arm ticks=80 reason=risen y=66 startY=62 ban=323,110 pos=323,66,110 walls=0/0/0 sky=15 place=63 boxed=false hold=true cool=80 ban=80 startY=62 step=37
[19:52:22] [main/INFO] (Minecraft) [STDOUT]: ALTO CLEF: WARNING: T2 [S136] END reason=risen y=66 startY=62 roseReal=true giveUp=true pos=323,66,110 walls=0/0/0 sky=15 place=63 boxed=false hold=true cool=80 ban=80 startY=62 step=37
[19:52:22] [main/INFO] (Minecraft) [CHAT] §2§l§o[TenorClef] §cT2 [S136] END reason=risen y=66 startY=62 roseReal=true giveUp=true pos=323,66,110 walls=0/0/0 sky=15 place=63 boxed=false hold=true cool=80 ban=80 startY=62 step=37§r
[19:52:22] [main/INFO] (Minecraft) [CHAT] §2§l§o[TenorClef] §rT2 [HIST] 5:29.8 FORCE S136 END reason=risen y=66 startY=62 roseReal=true giveUp=true pos=323,66,110 walls=0/0/0 sky=15 place=63 boxed=false hold=true cool=80 ban=80 startY=62 step=37
[19:52:22] [main/INFO] (Minecraft) [CHAT] §2§l§o[TenorClef] §rT2 [HIST] 5:29.8 PILLAR END risen y=66 startY=62
[19:52:22] [main/INFO] (Minecraft) [CHAT] §2§l§o[TenorClef] §rT2 [HIST] 5:29.9 WHY iron: smelt 24 in one furnace
[19:52:22] [main/INFO] (Minecraft) [STDOUT]: ALTO CLEF: WARNING: T2 [S136] stick drop pillar -> CollectIronIngotTask finished=true hold=false cool=79 end=risen y=66 startY=62 pos=323,66,110 walls=0/0/0 sky=15 place=63 boxed=false hold=false cool=79 ban=79 startY=- step=0
[19:52:22] [main/INFO] (Minecraft) [CHAT] §2§l§o[TenorClef] §cT2 [S136] stick drop pillar -> CollectIronIngotTask finished=true hold=false cool=79 end=risen y=66 startY=62 pos=323,66,110 walls=0/0/0 sky=15 place=63 boxed=false hold=false cool=79 ban=79 startY=- step=0§r
[19:52:22] [main/INFO] (Minecraft) [CHAT] §2§l§o[TenorClef] §rT2 [HIST] 5:29.9 FORCE S136 stick drop pillar -> CollectIronIngotTask finished=true hold=false cool=79 end=risen y=66 startY=62 pos=323,66,110 walls=0/0/0 sky=15 place=63 boxed=false hold=false cool=79 ban=79 startY=- step=0
[19:52:22] [main/INFO] (Minecraft) [CHAT] §2§l§o[TenorClef] §rT2 [HIST] 5:29.9 CHILD HolePillarTask -> CollectIronIngotTask ph=IRON @323,66,110 sky=15 wet=false ground=false pick=0 buck=0 iron=19 rods=0 pearls=0 eyes=0
[19:52:22] [main/INFO] (Minecraft) [STDOUT]: ALTO CLEF: WARNING: T2 [S136] onStop interrupt=CollectIronIngotTask finishWhy=givingUp cool=79 lastEnd=risen y=66 startY=62 pos=323,66,110 walls=0/0/0 sky=15 place=63 boxed=false hold=false cool=79 ban=79 startY=- step=0
[19:52:22] [main/INFO] (Minecraft) [CHAT] §2§l§o[TenorClef] §cT2 [S136] onStop interrupt=CollectIronIngotTask finishWhy=givingUp cool=79 lastEnd=risen y=66 startY=62 pos=323,66,110 walls=0/0/0 sky=15 place=63 boxed=false hold=false cool=79 ban=79 startY=- step=0§r
[19:52:22] [main/INFO] (Minecraft) [CHAT] §2§l§o[TenorClef] §rT2 [HIST] 5:29.9 FORCE S136 onStop interrupt=CollectIronIngotTask finishWhy=givingUp cool=79 lastEnd=risen y=66 startY=62 pos=323,66,110 walls=0/0/0 sky=15 place=63 boxed=false hold=false cool=79 ban=79 startY=- step=0
[19:52:22] [main/INFO] (Minecraft) [CHAT] §2§l§o[TenorClef] §rMineAndCollect: equip item.minecraft.stone_pickaxe for block.minecraft.iron_ore
[19:52:23] [main/INFO] (Minecraft) [CHAT] §2§l§o[TenorClef] §rT2 [HIST] 5:30.7 SNAP ph=IRON @323,65,110 sky=15 wet=false ground=true pick=0 buck=0 iron=19 rods=0 pearls=0 eyes=0 child=CollectIronIngotTask dbg=<Collecting 24 iron.: [[iron_ingot] x 24]>  mobs=none
[19:52:23] [main/INFO] (Minecraft) [CHAT] §2§l§o[TenorClef] §rT2 [NOW] t=5:30.8 ph=IRON @323,65,110 do=<Collecting 24 iron.: [[iron_ingot] x 24]>  eq=stone_pickaxe woodpick=1 stonepick=1 pick=0 iron=0 buck=0
[19:52:24] [main/INFO] (Minecraft) [CHAT] §2§l§o[TenorClef] §rT2 [NOW] t=5:31.8 ph=IRON @323,64,110 do=<Collecting 24 iron.: [[iron_ingot] x 24]>  eq=stone_pickaxe woodpick=1 stonepick=1 pick=0 iron=0 buck=0
[19:52:25] [main/INFO] (Minecraft) [CHAT] §2§l§o[TenorClef] §rT2 [HIST] 5:32.3 [E100] jumps=6 @323,63,110 ph=IRON child=CollectIronIngotTask
[19:52:25] [main/INFO] (Minecraft) [CHAT] §2§l§o[TenorClef] §rT2 [NOW] t=5:32.8 ph=IRON @323,63,110 do=<Collecting 24 iron.: [[iron_ingot] x 24]>  eq=stone_pickaxe woodpick=1 stonepick=1 pick=0 iron=0 buck=0
[19:52:26] [main/INFO] (Minecraft) [STDOUT]: ALTO CLEF: WARNING: T2 [S135] S130 suppressed why=would-S130 but busy cool=14 flips=6 sameXz=66 child=CollectIronIngotTask cool=14 ban=14 hold=false pos=323,62,110 walls=4/4/4 sky=15 place=65 boxed=true hold=false cool=14 ban=14 startY=- step=0
[19:52:26] [main/INFO] (Minecraft) [CHAT] §2§l§o[TenorClef] §cT2 [S135] S130 suppressed why=would-S130 but busy cool=14 flips=6 sameXz=66 child=CollectIronIngotTask cool=14 ban=14 hold=false pos=323,62,110 walls=4/4/4 sky=15 place=65 boxed=true hold=false cool=14 ban=14 startY=- step=0§r
[19:52:26] [main/INFO] (Minecraft) [CHAT] §2§l§o[TenorClef] §rT2 [HIST] 5:33.1 FORCE S135 S130 suppressed why=would-S130 but busy cool=14 flips=6 sameXz=66 child=CollectIronIngotTask cool=14 ban=14 hold=false pos=323,62,110 walls=4/4/4 sky=15 place=65 boxed=true hold=false cool=14 ban=14 startY=- step=0
[19:52:26] [main/INFO] (Minecraft) [STDOUT]: ALTO CLEF: WARNING: T2 [S100] stop jump-walk @323,110 ph=IRON child=CollectIronIngotTask esc=0
[19:52:26] [main/INFO] (Minecraft) [CHAT] §2§l§o[TenorClef] §cT2 [S100] stop jump-walk @323,110 ph=IRON child=CollectIronIngotTask esc=0§r
[19:52:26] [main/INFO] (Minecraft) [CHAT] §2§l§o[TenorClef] §rT2 [HIST] 5:33.1 SOLVE S100 stop jump-walk @323,110 ph=IRON child=CollectIronIngotTask esc=0
[19:52:26] [main/INFO] (Minecraft) [CHAT] §2§l§o[TenorClef] §rT2 [HIST] 5:33.2 SNAP ph=IRON @323,62,110 sky=15 wet=false ground=false pick=0 buck=0 iron=19 rods=0 pearls=0 eyes=0 child=CollectIronIngotTask dbg=<Collecting 24 iron.: [[iron_ingot] x 24]>  mobs=none
[19:52:26] [main/INFO] (Minecraft) [CHAT] §2§l§o[TenorClef] §rMineAndCollect: equip item.minecraft.stone_pickaxe for block.minecraft.iron_ore
[19:52:26] [main/INFO] (Minecraft) [CHAT] §2§l§o[TenorClef] §rMineAndCollect: equip item.minecraft.stone_pickaxe for block.minecraft.iron_ore
[19:52:26] [main/INFO] (Minecraft) [CHAT] §2§l§o[TenorClef] §rMineAndCollect: equip item.minecraft.stone_pickaxe for block.minecraft.iron_ore
[19:52:26] [main/INFO] (Minecraft) [CHAT] §2§l§o[TenorClef] §rMineAndCollect: equip item.minecraft.stone_pickaxe for block.minecraft.iron_ore
[19:52:26] [main/INFO] (Minecraft) [STDOUT]: ALTO CLEF: WARNING: T2 [S109] equip pick for mining (was holding cobblestone)
[19:52:26] [main/INFO] (Minecraft) [CHAT] §2§l§o[TenorClef] §cT2 [S109] equip pick for mining (was holding cobblestone)§r
[19:52:26] [main/INFO] (Minecraft) [CHAT] §2§l§o[TenorClef] §rT2 [HIST] 5:33.5 SOLVE S109 equip pick for mining (was holding cobblestone)
[19:52:26] [main/INFO] (Minecraft) [CHAT] §2§l§o[TenorClef] §rMineAndCollect: equip item.minecraft.stone_pickaxe for block.minecraft.iron_ore
[19:52:26] [main/INFO] (Minecraft) [CHAT] §2§l§o[TenorClef] §rMineAndCollect: equip item.minecraft.stone_pickaxe for block.minecraft.iron_ore
[19:52:26] [main/INFO] (Minecraft) [CHAT] §2§l§o[TenorClef] §rMineAndCollect: equip item.minecraft.stone_pickaxe for block.minecraft.iron_ore
[19:52:26] [main/INFO] (Minecraft) [CHAT] §2§l§o[TenorClef] §rMineAndCollect: equip item.minecraft.stone_pickaxe for block.minecraft.iron_ore
[19:52:26] [main/INFO] (Minecraft) [CHAT] §2§l§o[TenorClef] §rT2 [NOW] t=5:33.8 ph=IRON @323,62,110 do=<Collecting 24 iron.: [[iron_ingot] x 24]>  eq=cobblestone woodpick=1 stonepick=1 pick=0 iron=0 buck=0
[19:52:26] [main/INFO] (Minecraft) [STDOUT]: ALTO CLEF: WARNING: T2 [S134] pillar cool expire after flips=3 end=risen y=66 startY=62
[19:52:26] [main/INFO] (Minecraft) [CHAT] §2§l§o[TenorClef] §cT2 [S134] pillar cool expire after flips=3 end=risen y=66 startY=62§r
[19:52:26] [main/INFO] (Minecraft) [CHAT] §2§l§o[TenorClef] §rT2 [HIST] 5:33.8 FORCE S134 pillar cool expire after flips=3 end=risen y=66 startY=62
[19:52:26] [main/INFO] (Minecraft) [STDOUT]: ALTO CLEF: WARNING: T2 [S137] re-cool still-boxed@323,110 n=1 ticks=160 end=risen y=66 startY=62 pos=323,62,110 walls=4/4/4 sky=15 place=66 boxed=true hold=false cool=160 ban=160 startY=- step=0
[19:52:26] [main/INFO] (Minecraft) [CHAT] §2§l§o[TenorClef] §cT2 [S137] re-cool still-boxed@323,110 n=1 ticks=160 end=risen y=66 startY=62 pos=323,62,110 walls=4/4/4 sky=15 place=66 boxed=true hold=false cool=160 ban=160 startY=- step=0§r
[19:52:26] [main/INFO] (Minecraft) [CHAT] §2§l§o[TenorClef] §rT2 [HIST] 5:33.8 FORCE S137 re-cool still-boxed@323,110 n=1 ticks=160 end=risen y=66 startY=62 pos=323,62,110 walls=4/4/4 sky=15 place=66 boxed=true hold=false cool=160 ban=160 startY=- step=0
[19:52:26] [main/INFO] (Minecraft) [CHAT] §2§l§o[TenorClef] §rMineAndCollect: equip item.minecraft.stone_pickaxe for block.minecraft.iron_ore
[19:52:26] [main/INFO] (Minecraft) [CHAT] §2§l§o[TenorClef] §rT2 [HIST] 5:33.9 WHY iron: smelt 24 in one furnace
[19:52:26] [main/INFO] (Minecraft) [CHAT] §2§l§o[TenorClef] §rMineAndCollect: equip item.minecraft.stone_pickaxe for block.minecraft.iron_ore
[19:52:26] [main/INFO] (Minecraft) [CHAT] §2§l§o[TenorClef] §rMineAndCollect: equip item.minecraft.stone_pickaxe for block.minecraft.iron_ore
[19:52:26] [main/INFO] (Minecraft) [CHAT] §2§l§o[TenorClef] §rMineAndCollect: equip item.minecraft.stone_pickaxe for block.minecraft.iron_ore
[19:52:27] [main/INFO] (Minecraft) [CHAT] §2§l§o[TenorClef] §rMineAndCollect: equip item.minecraft.stone_pickaxe for block.minecraft.iron_ore
[19:52:27] [main/INFO] (Minecraft) [CHAT] §2§l§o[TenorClef] §rMineAndCollect: equip item.minecraft.stone_pickaxe for block.minecraft.iron_ore
[19:52:27] [main/INFO] (Minecraft) [CHAT] §2§l§o[TenorClef] §rMineAndCollect: equip item.minecraft.stone_pickaxe for block.minecraft.iron_ore
[19:52:27] [main/INFO] (Minecraft) [CHAT] §2§l§o[TenorClef] §rMineAndCollect: equip item.minecraft.stone_pickaxe for block.minecraft.iron_ore
[19:52:27] [main/INFO] (Minecraft) [CHAT] §2§l§o[TenorClef] §rMineAndCollect: equip item.minecraft.stone_pickaxe for block.minecraft.iron_ore
[19:52:27] [main/INFO] (Minecraft) [CHAT] §2§l§o[TenorClef] §rMineAndCollect: equip item.minecraft.stone_pickaxe for block.minecraft.iron_ore
[19:52:27] [main/INFO] (Minecraft) [CHAT] §2§l§o[TenorClef] §rMineAndCollect: equip item.minecraft.stone_pickaxe for block.minecraft.iron_ore
[19:52:27] [main/INFO] (Minecraft) [CHAT] §2§l§o[TenorClef] §rMineAndCollect: equip item.minecraft.stone_pickaxe for block.minecraft.iron_ore
[19:52:27] [main/INFO] (Minecraft) [CHAT] §2§l§o[TenorClef] §rMineAndCollect: equip item.minecraft.stone_pickaxe for block.minecraft.iron_ore
[19:52:27] [main/INFO] (Minecraft) [CHAT] §2§l§o[TenorClef] §rMineAndCollect: equip item.minecraft.stone_pickaxe for block.minecraft.iron_ore
[19:52:27] [main/INFO] (Minecraft) [CHAT] §2§l§o[TenorClef] §rT2 [NOW] t=5:34.8 ph=IRON @323,61,110 do=<Collecting 24 iron.: [[iron_ingot] x 24]>  eq=cobblestone woodpick=1 stonepick=1 pick=0 iron=0 buck=0
[19:52:27] [main/INFO] (Minecraft) [CHAT] §2§l§o[TenorClef] §rMineAndCollect: equip item.minecraft.stone_pickaxe for block.minecraft.iron_ore
[19:52:27] [main/INFO] (Minecraft) [CHAT] §2§l§o[TenorClef] §rMineAndCollect: equip item.minecraft.stone_pickaxe for block.minecraft.iron_ore
[19:52:27] [main/INFO] (Minecraft) [CHAT] §2§l§o[TenorClef] §rMineAndCollect: equip item.minecraft.stone_pickaxe for block.minecraft.iron_ore
[19:52:28] [main/INFO] (Minecraft) [CHAT] §2§l§o[TenorClef] §rMineAndCollect: equip item.minecraft.stone_pickaxe for block.minecraft.iron_ore
[19:52:28] [main/INFO] (Minecraft) [CHAT] §2§l§o[TenorClef] §rMineAndCollect: equip item.minecraft.stone_pickaxe for block.minecraft.iron_ore
[19:52:28] [main/INFO] (Minecraft) [STDOUT]: ALTO CLEF: WARNING: T2 [S135] S130 suppressed why=would-S130 but busy cool=132 flips=3 sameXz=29 child=CollectIronIngotTask cool=132 ban=132 hold=false pos=323,60,110 walls=4/4/4 sky=15 place=67 boxed=true hold=false cool=132 ban=132 startY=- step=0
[19:52:28] [main/INFO] (Minecraft) [CHAT] §2§l§o[TenorClef] §cT2 [S135] S130 suppressed why=would-S130 but busy cool=132 flips=3 sameXz=29 child=CollectIronIngotTask cool=132 ban=132 hold=false pos=323,60,110 walls=4/4/4 sky=15 place=67 boxed=true hold=false cool=132 ban=132 startY=- step=0§r
[19:52:28] [main/INFO] (Minecraft) [CHAT] §2§l§o[TenorClef] §rT2 [HIST] 5:35.2 FORCE S135 S130 suppressed why=would-S130 but busy cool=132 flips=3 sameXz=29 child=CollectIronIngotTask cool=132 ban=132 hold=false pos=323,60,110 walls=4/4/4 sky=15 place=67 boxed=true hold=false cool=132 ban=132 startY=- step=0
[19:52:28] [main/INFO] (Minecraft) [CHAT] §2§l§o[TenorClef] §rMineAndCollect: equip item.minecraft.stone_pickaxe for block.minecraft.iron_ore
[19:52:28] [main/INFO] (Minecraft) [STDOUT]: ALTO CLEF: WARNING: T2 [E100] jumps=6 @323,60,110 ph=IRON child=CollectIronIngotTask
[19:52:28] [main/INFO] (Minecraft) [CHAT] §2§l§o[TenorClef] §cT2 [E100] jumps=6 @323,60,110 ph=IRON child=CollectIronIngotTask§r
[19:52:28] [main/INFO] (Minecraft) [CHAT] §2§l§o[TenorClef] §rT2 [HIST] 5:35.4 [E100] jumps=6 @323,60,110 ph=IRON child=CollectIronIngotTask
[19:52:28] [main/INFO] (Minecraft) [CHAT] §2§l§o[TenorClef] §rT2 [HIST] 5:35.7 SNAP ph=IRON @323,60,110 sky=15 wet=false ground=true pick=0 buck=0 iron=19 rods=0 pearls=0 eyes=0 child=CollectIronIngotTask dbg=<Collecting 24 iron.: [[iron_ingot] x 24]>  mobs=none
[19:52:28] [main/INFO] (Minecraft) [CHAT] §2§l§o[TenorClef] §rT2 [NOW] t=5:35.8 ph=IRON @323,60,110 do=<Collecting 24 iron.: [[iron_ingot] x 24]>  eq=stone_pickaxe woodpick=1 stonepick=1 pick=0 iron=0 buck=0
[19:52:29] [main/INFO] (Minecraft) [CHAT] §2§l§o[TenorClef] §rT2 [HIST] 5:36.3 SOLVE S100 stop jump-walk @323,110 ph=IRON child=CollectIronIngotTask esc=1
[19:52:29] [main/INFO] (Minecraft) [STDOUT]: ALTO CLEF: WARNING: T2 [S144] jump-stuck collector — replace CollectIronIngotTask with wander (esc=2)
[19:52:29] [main/INFO] (Minecraft) [CHAT] §2§l§o[TenorClef] §cT2 [S144] jump-stuck collector — replace CollectIronIngotTask with wander (esc=2)§r
[19:52:29] [main/INFO] (Minecraft) [CHAT] §2§l§o[TenorClef] §rT2 [HIST] 5:36.3 SOLVE S144 jump-stuck collector — replace CollectIronIngotTask with wander (esc=2)
[19:52:29] [main/INFO] (Minecraft) [CHAT] §2§l§o[TenorClef] §rT2 [HIST] 5:36.3 CHILD CollectIronIngotTask -> TimeoutWanderTask ph=IRON @323,59,110 sky=15 wet=false ground=true pick=0 buck=0 iron=19 rods=0 pearls=0 eyes=0
[19:52:29] [main/INFO] (Minecraft) [CHAT] §2§l§o[TenorClef] §rT2 [NOW] t=5:36.8 ph=IRON @323,59,110 do=<Wander for Infinity blocks> Exploring. eq=stone_pickaxe woodpick=1 stonepick=1 pick=0 iron=0 buck=0
[19:52:29] [pool-5-thread-4/INFO] (Minecraft) [STDOUT]: 750464 movements considered
[19:52:29] [pool-5-thread-4/INFO] (Minecraft) [STDOUT]: Open set size: 27462
[19:52:29] [pool-5-thread-4/INFO] (Minecraft) [STDOUT]: PathNode map size: 61566
[19:52:29] [pool-5-thread-4/INFO] (Minecraft) [STDOUT]: 68087 nodes per second
[19:52:29] [pool-5-thread-4/INFO] (Minecraft) [STDOUT]: Path goes for 181.1684299208888 blocks
[19:52:30] [main/INFO] (Minecraft) [CHAT] §2§l§o[TenorClef] §rT2 [HIST] 5:37.8 [E100] jumps=6 @323,61,110 ph=IRON child=TimeoutWanderTask
[19:52:30] [main/INFO] (Minecraft) [CHAT] §2§l§o[TenorClef] §rT2 [NOW] t=5:37.8 ph=IRON @323,61,110 do=<Wander for Infinity blocks> Exploring. eq=dirt woodpick=1 stonepick=1 pick=0 iron=0 buck=0
[19:52:31] [main/INFO] (Minecraft) [CHAT] §2§l§o[TenorClef] §rT2 [HB] t=5:38.4 ph=IRON y=62 child=TimeoutWanderTask logs=1 pick=0 woodpick=1
[19:52:31] [main/INFO] (Minecraft) [CHAT] §2§l§o[TenorClef] §rT2 [NOW] t=5:38.8 ph=IRON @323,62,110 do=<Wander for Infinity blocks> Exploring. eq=cobblestone woodpick=1 stonepick=1 pick=0 iron=0 buck=0
[19:52:32] [main/INFO] (Minecraft) [CHAT] §2§l§o[TenorClef] §rT2 [NOW] t=5:39.8 ph=IRON @324,63,110 do=<Wander for Infinity blocks> Exploring. eq=cobblestone woodpick=1 stonepick=1 pick=0 iron=0 buck=0
[19:52:32] [main/INFO] (Minecraft) [CHAT] §2§l§o[TenorClef] §rT2 [HIST] 5:40.0 SNAP ph=IRON @324,64,110 sky=15 wet=false ground=false pick=0 buck=0 iron=19 rods=0 pearls=0 eyes=0 child=TimeoutWanderTask dbg=<Wander for Infinity blocks> Exploring. mobs=none
[19:52:33] [main/INFO] (Minecraft) [STDOUT]: ALTO CLEF: WARNING: T2 [S138] shaft ban clear left-xz ban=323,110 now=325,110 manh=2 left=35
[19:52:33] [main/INFO] (Minecraft) [CHAT] §2§l§o[TenorClef] §cT2 [S138] shaft ban clear left-xz ban=323,110 now=325,110 manh=2 left=35§r
[19:52:33] [main/INFO] (Minecraft) [CHAT] §2§l§o[TenorClef] §rT2 [HIST] 5:40.1 FORCE S138 shaft ban clear left-xz ban=323,110 now=325,110 manh=2 left=35
[19:52:33] [main/INFO] (Minecraft) [CHAT] §2§l§o[TenorClef] §rT2 [NOW] t=5:40.8 ph=IRON @328,64,109 do=<Wander for Infinity blocks> Exploring. eq=cobblestone woodpick=1 stonepick=1 pick=0 iron=0 buck=0
[19:52:34] [main/INFO] (Minecraft) [CHAT] §2§l§o[TenorClef] §rT2 [NOW] t=5:41.8 ph=IRON @333,64,110 do=<Wander for Infinity blocks> Exploring. eq=cobblestone woodpick=1 stonepick=1 pick=0 iron=0 buck=0
[19:52:34] [main/INFO] (Minecraft) [STDOUT]: ALTO CLEF: WARNING: T2 [S134] pillar cool expire after flips=3 end=risen y=66 startY=62
[19:52:34] [main/INFO] (Minecraft) [CHAT] §2§l§o[TenorClef] §cT2 [S134] pillar cool expire after flips=3 end=risen y=66 startY=62§r
[19:52:34] [main/INFO] (Minecraft) [CHAT] §2§l§o[TenorClef] §rT2 [HIST] 5:41.8 FORCE S134 pillar cool expire after flips=3 end=risen y=66 startY=62
[19:52:34] [main/INFO] (Minecraft) [STDOUT]: ALTO CLEF: WARNING: T2 [S138] shaft ban clear left-xz ban=323,110 now=333,110 manh=10 left=60
[19:52:34] [main/INFO] (Minecraft) [CHAT] §2§l§o[TenorClef] §cT2 [S138] shaft ban clear left-xz ban=323,110 now=333,110 manh=10 left=60§r
[19:52:34] [main/INFO] (Minecraft) [CHAT] §2§l§o[TenorClef] §rT2 [HIST] 5:41.9 FORCE S138 shaft ban clear left-xz ban=323,110 now=333,110 manh=10 left=60
[19:52:35] [main/INFO] (Minecraft) [CHAT] §2§l§o[TenorClef] §rT2 [NOW] t=5:42.8 ph=IRON @338,64,110 do=<Wander for Infinity blocks> Exploring. eq=cobblestone woodpick=1 stonepick=1 pick=0 iron=0 buck=0
[19:52:35] [pool-5-thread-4/INFO] (Minecraft) [STDOUT]: 509696 movements considered
[19:52:35] [pool-5-thread-4/INFO] (Minecraft) [STDOUT]: Open set size: 20752
[19:52:35] [pool-5-thread-4/INFO] (Minecraft) [STDOUT]: PathNode map size: 43919
[19:52:35] [pool-5-thread-4/INFO] (Minecraft) [STDOUT]: 46336 nodes per second
[19:52:35] [pool-5-thread-4/INFO] (Minecraft) [STDOUT]: Path goes for 154.35349040433132 blocks
[19:52:36] [pool-5-thread-4/INFO] (Minecraft) [STDOUT]: 475904 movements considered
[19:52:36] [pool-5-thread-4/INFO] (Minecraft) [STDOUT]: Open set size: 20160
[19:52:36] [pool-5-thread-4/INFO] (Minecraft) [STDOUT]: PathNode map size: 41791
[19:52:36] [pool-5-thread-4/INFO] (Minecraft) [STDOUT]: 43177 nodes per second
[19:52:36] [pool-5-thread-4/INFO] (Minecraft) [STDOUT]: Path goes for 153.35579545618745 blocks
[19:52:36] [main/INFO] (Minecraft) [CHAT] §2§l§o[TenorClef] §rT2 [NOW] t=5:43.8 ph=IRON @339,64,110 do=<Wander for Infinity blocks> Exploring. eq=cobblestone woodpick=1 stonepick=1 pick=0 iron=0 buck=0
[19:52:37] [main/INFO] (Minecraft) [CHAT] §2§l§o[TenorClef] §rT2 [HIST] 5:44.4 WHY iron: smelt 24 in one furnace
[19:52:37] [main/INFO] (Minecraft) [CHAT] §2§l§o[TenorClef] §rT2 [HIST] 5:44.4 CHILD TimeoutWanderTask -> CollectIronIngotTask ph=IRON @342,64,109 sky=15 wet=false ground=true pick=0 buck=0 iron=19 rods=0 pearls=0 eyes=0
[19:52:37] [main/INFO] (Minecraft) [CHAT] §2§l§o[TenorClef] §rT2 [HIST] 5:44.7 SNAP ph=IRON @343,64,109 sky=15 wet=false ground=true pick=0 buck=0 iron=19 rods=0 pearls=0 eyes=0 child=CollectIronIngotTask dbg=<Collecting 24 iron.: [[iron_ingot] x 24]>  mobs=none
[19:52:37] [main/INFO] (Minecraft) [CHAT] §2§l§o[TenorClef] §rT2 [NOW] t=5:44.8 ph=IRON @344,64,109 do=<Collecting 24 iron.: [[iron_ingot] x 24]>  eq=cobblestone woodpick=1 stonepick=1 pick=0 iron=0 buck=0
[19:52:38] [main/INFO] (Minecraft) [CHAT] §2§l§o[TenorClef] §rT2 [NOW] t=5:45.8 ph=IRON @344,63,109 do=<Collecting 24 iron.: [[iron_ingot] x 24]>  eq=cobblestone woodpick=1 stonepick=1 pick=0 iron=0 buck=0
[19:52:39] [main/INFO] (Minecraft) [CHAT] §2§l§o[TenorClef] §rT2 [HB] t=5:46.4 ph=IRON y=63 child=CollectIronIngotTask logs=1 pick=0 woodpick=1
[19:52:39] [main/INFO] (Minecraft) [CHAT] §2§l§o[TenorClef] §rT2 [NOW] t=5:46.8 ph=IRON @344,63,109 do=<Collecting 24 iron.: [[iron_ingot] x 24]>  eq=cobblestone woodpick=1 stonepick=1 pick=0 iron=0 buck=0
[19:52:39] [main/INFO] (Minecraft) [STDOUT]: ALTO CLEF: WARNING: T2 [S130] START trigger=flips=3 ph=IRON prev=CollectIronIngotTask cycle=1 pos=344,62,109 walls=4/4/4 sky=15 place=68 boxed=true hold=false cool=0 ban=0 startY=62 step=0
[19:52:39] [main/INFO] (Minecraft) [CHAT] §2§l§o[TenorClef] §cT2 [S130] START trigger=flips=3 ph=IRON prev=CollectIronIngotTask cycle=1 pos=344,62,109 walls=4/4/4 sky=15 place=68 boxed=true hold=false cool=0 ban=0 startY=62 step=0§r
[19:52:39] [main/INFO] (Minecraft) [CHAT] §2§l§o[TenorClef] §rT2 [HIST] 5:46.9 FORCE S130 START trigger=flips=3 ph=IRON prev=CollectIronIngotTask cycle=1 pos=344,62,109 walls=4/4/4 sky=15 place=68 boxed=true hold=false cool=0 ban=0 startY=62 step=0
[19:52:39] [main/INFO] (Minecraft) [CHAT] §2§l§o[TenorClef] §rT2 [HIST] 5:46.9 PILLAR START flips=3 prev=CollectIronIngotTask
[19:52:39] [main/INFO] (Minecraft) [CHAT] §2§l§o[TenorClef] §rT2 [HIST] 5:46.9 SOLVE S130 pillar-out @344,62,109 ph=IRON flips=3
[19:52:39] [main/INFO] (Minecraft) [CHAT] §2§l§o[TenorClef] §rT2 [HIST] 5:46.9 CHILD CollectIronIngotTask -> HolePillarTask ph=IRON @344,62,109 sky=15 wet=false ground=false pick=0 buck=0 iron=19 rods=0 pearls=0 eyes=0
[19:52:39] [main/INFO] (Minecraft) [STDOUT]: ALTO CLEF: WARNING: T2 [S130] tick y=62 slot=0 air=true pos=344,62,109 walls=4/4/4 sky=15 place=68 boxed=true hold=true cool=0 ban=0 startY=62 step=1
[19:52:39] [main/INFO] (Minecraft) [CHAT] §2§l§o[TenorClef] §cT2 [S130] tick y=62 slot=0 air=true pos=344,62,109 walls=4/4/4 sky=15 place=68 boxed=true hold=true cool=0 ban=0 startY=62 step=1§r
[19:52:39] [main/INFO] (Minecraft) [CHAT] §2§l§o[TenorClef] §rT2 [HIST] 5:46.9 FORCE S130 tick y=62 slot=0 air=true pos=344,62,109 walls=4/4/4 sky=15 place=68 boxed=true hold=true cool=0 ban=0 startY=62 step=1
