To honour the JVM settings for this build a single-use Daemon process will be forked. For more on this, please refer to https://docs.gradle.org/9.4.1/userguide/gradle_daemon.html#sec:disabling_the_daemon in the Gradle documentation.
Daemon will be stopped at the end of the build 
[tenorclef] gradle.properties.local sets org.gradle.java.home — Gradle selects the daemon JDK from JAVA_HOME or ~/.gradle/gradle.properties; export JAVA_HOME="C:/Program Files/Eclipse Adoptium/jdk-21.0.12.101-hotspot" if this pin is required.
[tenorclef] Loaded 4 entries from gradle.properties.local

> Configure project :1.16.1
Fabric Loom: 1.15.5

> Configure project :1.21.1
Fabric Loom: 1.15.5
[altoclef] Tungsten jars for 1.21.1: [tungsten-fabric-ALPHA-1.6.0-1.21compat-SNAPSHOT.jar]
Build file 'C:\Users\redfa\Documents\MinecraftDev\altoclef\build.gradle': line 340
Properties should be assigned using the 'propName = value' syntax. Setting a property via the Gradle-generated 'propName value' or 'propName(value)' syntax in Groovy DSL has been deprecated. This is scheduled to be removed in Gradle 10. Use assignment ('duplicatesStrategy = <value>') instead. Consult the upgrading guide for further information: https://docs.gradle.org/9.4.1/userguide/upgrading_version_8.html#groovy_space_assignment_syntax
	at build_dsk7s0l5lw6a69ogktr7fgsy9$_run_closure13$_closure40.doCall$original(C:\Users\redfa\Documents\MinecraftDev\altoclef\build.gradle:340)
	(Run with --stacktrace to get the full stack trace of this deprecation warning.)
	at build_dsk7s0l5lw6a69ogktr7fgsy9$_run_closure13.doCall$original(C:\Users\redfa\Documents\MinecraftDev\altoclef\build.gradle:339)
	(Run with --stacktrace to get the full stack trace of this deprecation warning.)
Not publishing sources jar as it was not created by the java plugin. Use java.withSourcesJar() to fix.

> Configure project :1.16.5
Fabric Loom: 1.15.5

> Configure project :1.21
Fabric Loom: 1.15.5
[altoclef] Tungsten jars for 1.21: [tungsten-fabric-ALPHA-1.6.0-1.21compat-SNAPSHOT.jar]
Not publishing sources jar as it was not created by the java plugin. Use java.withSourcesJar() to fix.

> Configure project :1.17.1
Fabric Loom: 1.15.5

> Configure project :1.20.6
Fabric Loom: 1.15.5
Not publishing sources jar as it was not created by the java plugin. Use java.withSourcesJar() to fix.

> Configure project :1.18
Fabric Loom: 1.15.5

> Configure project :1.20.5
Fabric Loom: 1.15.5
Not publishing sources jar as it was not created by the java plugin. Use java.withSourcesJar() to fix.

> Configure project :1.18.2
Fabric Loom: 1.15.5

> Configure project :1.20.4
Fabric Loom: 1.15.5
Not publishing sources jar as it was not created by the java plugin. Use java.withSourcesJar() to fix.

> Configure project :1.19.4
Fabric Loom: 1.15.5

> Configure project :1.20.2
Fabric Loom: 1.15.5
Not publishing sources jar as it was not created by the java plugin. Use java.withSourcesJar() to fix.

> Configure project :1.20.1
Fabric Loom: 1.15.5
Not publishing sources jar as it was not created by the java plugin. Use java.withSourcesJar() to fix.

> Configure project :1.19.4
Not publishing sources jar as it was not created by the java plugin. Use java.withSourcesJar() to fix.

> Configure project :1.18.2
Not publishing sources jar as it was not created by the java plugin. Use java.withSourcesJar() to fix.

> Configure project :1.18
Not publishing sources jar as it was not created by the java plugin. Use java.withSourcesJar() to fix.

> Configure project :1.17.1
Not publishing sources jar as it was not created by the java plugin. Use java.withSourcesJar() to fix.

> Configure project :1.16.5
Not publishing sources jar as it was not created by the java plugin. Use java.withSourcesJar() to fix.

> Configure project :1.16.1
[altoclef] Ostinato Baritone for 1.16.1: baritone-unoptimized-fabric-1.16.1.jar
[altoclef] Tungsten jars for 1.16.1: [tungsten-fabric-ALPHA-1.6.0-1.16.1-SNAPSHOT.jar]
Not publishing sources jar as it was not created by the java plugin. Use java.withSourcesJar() to fix.

> Configure project :1.21.11
Fabric Loom: 1.15.5
[altoclef] Ostinato Baritone for 1.21.11: baritone-unoptimized-fabric-1.17.0-7-g9bb1b309-dirty.jar
[altoclef] Tungsten jars for 1.21.11: [tungsten-fabric-ALPHA-1.6.0-1.21compat-SNAPSHOT.jar]
Not publishing sources jar as it was not created by the java plugin. Use java.withSourcesJar() to fix.

> Task :1.16.1:prepareDestMappingsForPreprocessor UP-TO-DATE
> Task :1.16.1:prepareSourceMappingsForPreprocessor UP-TO-DATE
> Task :1.16.5:prepareDestMappingsForPreprocessor UP-TO-DATE
> Task :1.16.5:prepareSourceMappingsForPreprocessor UP-TO-DATE
> Task :1.17.1:prepareDestMappingsForPreprocessor UP-TO-DATE
> Task :1.17.1:prepareSourceMappingsForPreprocessor UP-TO-DATE
> Task :1.18:prepareDestMappingsForPreprocessor UP-TO-DATE
> Task :1.18:prepareSourceMappingsForPreprocessor UP-TO-DATE
> Task :1.18.2:prepareDestMappingsForPreprocessor UP-TO-DATE
> Task :1.18.2:prepareSourceMappingsForPreprocessor UP-TO-DATE
> Task :1.19.4:prepareDestMappingsForPreprocessor UP-TO-DATE
> Task :1.19.4:prepareSourceMappingsForPreprocessor UP-TO-DATE
> Task :1.20.1:prepareDestMappingsForPreprocessor UP-TO-DATE
> Task :1.20.1:prepareSourceMappingsForPreprocessor UP-TO-DATE
> Task :1.20.2:prepareDestMappingsForPreprocessor UP-TO-DATE
> Task :1.20.2:prepareSourceMappingsForPreprocessor UP-TO-DATE
> Task :1.20.4:prepareDestMappingsForPreprocessor UP-TO-DATE
> Task :1.20.4:prepareSourceMappingsForPreprocessor UP-TO-DATE
> Task :1.20.5:prepareDestMappingsForPreprocessor UP-TO-DATE
> Task :1.20.5:prepareSourceMappingsForPreprocessor UP-TO-DATE
> Task :1.20.6:prepareDestMappingsForPreprocessor UP-TO-DATE
> Task :1.20.6:prepareSourceMappingsForPreprocessor UP-TO-DATE
> Task :1.21:prepareDestMappingsForPreprocessor UP-TO-DATE
> Task :1.21:prepareSourceMappingsForPreprocessor UP-TO-DATE

> Task :1.21:preprocessCode
Invocation of Task.project at execution time has been deprecated. This will fail with an error in Gradle 10. This API is incompatible with the configuration cache, which will become the only mode supported by Gradle in a future release. Consult the upgrading guide for further information: https://docs.gradle.org/9.4.1/userguide/upgrading_version_7.html#task_project

> Task :1.20.6:preprocessCode UP-TO-DATE
> Task :1.20.5:preprocessCode UP-TO-DATE
> Task :1.20.4:preprocessCode UP-TO-DATE
> Task :1.20.2:preprocessCode UP-TO-DATE
> Task :1.20.1:preprocessCode UP-TO-DATE
> Task :1.19.4:preprocessCode UP-TO-DATE
> Task :1.18.2:preprocessCode UP-TO-DATE
> Task :1.18:preprocessCode UP-TO-DATE
> Task :1.17.1:preprocessCode UP-TO-DATE
> Task :1.16.5:preprocessCode UP-TO-DATE
> Task :1.16.1:preprocessCode UP-TO-DATE
> Task :1.16.1:compileJava UP-TO-DATE
> Task :1.21:preprocessResources UP-TO-DATE
> Task :1.20.6:preprocessResources UP-TO-DATE
> Task :1.20.5:preprocessResources UP-TO-DATE
> Task :1.20.4:preprocessResources UP-TO-DATE
> Task :1.20.2:preprocessResources UP-TO-DATE
> Task :1.20.1:preprocessResources UP-TO-DATE
> Task :1.19.4:preprocessResources UP-TO-DATE
> Task :1.18.2:preprocessResources UP-TO-DATE
> Task :1.18:preprocessResources UP-TO-DATE
> Task :1.17.1:preprocessResources UP-TO-DATE
> Task :1.16.5:preprocessResources UP-TO-DATE
> Task :1.16.1:preprocessResources UP-TO-DATE
> Task :1.16.1:processResources UP-TO-DATE
> Task :1.16.1:classes UP-TO-DATE
> Task :1.16.1:generateLog4jConfig UP-TO-DATE
> Task :1.16.1:generateRemapClasspath UP-TO-DATE
> Task :1.16.1:generateDLIConfig UP-TO-DATE
> Task :1.16.1:configureLaunch UP-TO-DATE
> Task :1.16.1:downloadAssets UP-TO-DATE
> Task :1.16.1:extractNatives UP-TO-DATE
> Task :1.16.1:configureClientLaunch UP-TO-DATE

> Task :1.16.1:runClient
2026-09-25 01:57:18,280 main ERROR Error processing element Queue ([Appenders: null]): CLASS_NOT_FOUND
2026-09-25 01:57:18,392 main ERROR Unable to locate appender "ServerGuiConsole" for logger config "root"
[34m[01:57:18][m [32m[main/INFO][m [36m(FabricLoader/GameProvider)[m [0mLoading Minecraft 1.16.1 with Fabric Loader 0.16.7
[m[34m[01:57:18][m [33m[ForkJoinPool-1-worker-1/WARN][m [36m(FabricLoader/Metadata)[m [0mMod tungsten uses the version ALPHA-1.6.0-1.16.1-SNAPSHOT which isn't compatible with Loader's extended semantic version format (Could not parse version number component 'ALPHA'!), SemVer is recommended for reliably evaluating dependencies and prioritizing newer version
[m[34m[01:57:18][m [32m[main/INFO][m [36m(FabricLoader)[m [0mLoading 46 mods:
	- altoclef 1.16.1-0.19
	- baritone 1.16.1-ostinato
	- fabric 0.18.0+build.387-1.16.1
	- fabric-api-base 0.1.3+12a8474c02
	- fabric-biomes-v1 0.2.7+059ea86602
	- fabric-blockrenderlayer-v1 1.1.4+c6a8ea8902
	- fabric-command-api-v1 1.0.8+5ce5339802
	- fabric-commands-v0 0.2.0+52d3083602
	- fabric-containers-v0 0.1.8+045df74f02
	- fabric-content-registries-v0 0.1.9+059ea86602
	- fabric-crash-report-info-v1 0.1.2+b7f9825d02
	- fabric-dimensions-v1 1.0.0+a71b305302
	- fabric-events-interaction-v0 0.4.0+e540c58402
	- fabric-events-lifecycle-v0 0.2.0+16acbe5b02
	- fabric-game-rule-api-v1 1.0.0+fe81e12502
	- fabric-item-api-v1 1.0.0+16acbe5b02
	- fabric-item-groups-v0 0.2.0+438f963602
	- fabric-key-binding-api-v1 1.0.1+f404f3be02
	- fabric-keybindings-v0 0.2.0+3fa9f7c502
	- fabric-lifecycle-events-v1 1.2.0+e83e061c02
	- fabric-loot-tables-v1 1.0.0+386eb69e02
	- fabric-mining-levels-v0 0.1.2+b764ce9902
	- fabric-models-v0 0.1.0+dfdb52d602
	- fabric-networking-blockentity-v0 0.2.5+b50ffc7b02
	- fabric-networking-v0 0.1.10+e00ecb5f02
	- fabric-object-builder-api-v1 1.5.7+2242e77202
	- fabric-object-builders-v0 0.6.1+a2d21ddd02
	- fabric-particles-v1 0.2.1+0a6f2a7002
	- fabric-registry-sync-v0 0.3.8+7dba2d6c02
	- fabric-renderer-api-v1 0.2.13+eae12eb802
	- fabric-renderer-indigo 0.3.4+34d6c87102
	- fabric-renderer-registries-v1 2.1.0+be551d3c02
	- fabric-rendering-data-attachment-v1 0.1.3+b7f9825d02
	- fabric-rendering-fluids-v1 0.1.8+b7084faa02
	- fabric-rendering-v0 1.1.0+5341049002
	- fabric-rendering-v1 1.1.2+346247d702
	- fabric-resource-loader-v0 0.2.6+f41e209802
	- fabric-screen-handler-api-v1 1.1.0+97324d1102
	- fabric-tag-extensions-v0 0.2.7+a4c57d8e02
	- fabric-textures-v0 1.0.4+eae12eb802
	- fabric-tool-attribute-api-v1 1.2.1+91fca5cd02
	- fabricloader 0.16.7
	- java 21
	- minecraft 1.16.1
	- mixinextras 0.4.1
	- tungsten ALPHA-1.6.0-1.16.1-SNAPSHOT
[m[34m[01:57:18][m [32m[main/INFO][m [36m(FabricLoader/Mixin)[m [0mSpongePowered MIXIN Subsystem Version=0.8.7 Source=file:/C:/Users/redfa/.gradle/caches/modules-2/files-2.1/net.fabricmc/sponge-mixin/0.15.3+mixin.0.8.7/51ee0a44ab05f6fddd66b09e66b3a16904f9c55d/sponge-mixin-0.15.3+mixin.0.8.7.jar Service=Knot/Fabric Env=CLIENT
[m[34m[01:57:18][m [32m[main/INFO][m [36m(FabricLoader/Mixin)[m [0mLoaded Fabric development mappings for mixin remapper!
[m[34m[01:57:19][m [32m[main/INFO][m [36m(FabricLoader/Mixin)[m [0mCompatibility level set to JAVA_21
[m[34m[01:57:19][m [33m[main/WARN][m [36m(FabricLoader/Mixin)[m [0mError loading class: me/jellysquid/mods/sodium/client/world/SodiumChunkManager (java.lang.ClassNotFoundException: me/jellysquid/mods/sodium/client/world/SodiumChunkManager)
[m[34m[01:57:19][m [33m[main/WARN][m [36m(FabricLoader/Mixin)[m [0mError loading class: me/jellysquid/mods/sodium/client/util/collections/FixedLongHashTable (java.lang.ClassNotFoundException: me/jellysquid/mods/sodium/client/util/collections/FixedLongHashTable)
[m[34m[01:57:19][m [32m[main/INFO][m [36m(FabricLoader/MixinExtras|Service)[m [0mInitializing MixinExtras via com.llamalad7.mixinextras.service.MixinExtrasServiceImpl(version=0.4.1).
[m[34m[01:57:22][m [32m[main/INFO][m [36m(FabricLoader/Mixin)[m [0maltoclef.mixins.json:AxeItemAccessor from mod altoclef->@Accessor[FIELD_GETTER]::getEffectiveMaterials()Ljava/util/Set; should be static as its target is
[m[34m[01:57:25][m [32m[main/INFO][m [36m(Minecraft)[m [0mEnvironment: authHost='https://authserver.mojang.com', accountsHost='https://api.mojang.com', sessionHost='https://sessionserver.mojang.com', name='PROD'
[m[34m[01:57:25][m [32m[main/INFO][m [36m(Minecraft)[m [0mSetting user: Player10
[m[34m[01:57:25][m [32m[main/INFO][m [36m(Indigo)[m [0m[Indigo] Registering Indigo renderer!
[m[34m[01:57:25][m [32m[main/INFO][m [36m(Minecraft)[m [0m[STDERR]: [LWJGL] [ThreadLocalUtil] Unsupported JNI version detected, this may result in a crash. Please inform LWJGL developers.
[m[34m[01:57:25][m [32m[main/INFO][m [36m(Minecraft)[m [0mBackend library: LWJGL version 3.3.2-snapshot
[m[34m[01:57:27][m [32m[main/INFO][m [36m(Minecraft)[m [0mNarrator library for x64 successfully loaded
[m[34m[01:57:28][m [32m[main/INFO][m [36m(Minecraft)[m [0m[STDOUT]: TENORCLEF: Global Init
[m[34m[01:57:28][m [32m[main/INFO][m [36m(Minecraft)[m [0m[CHAT] [Baritone] Baritone settings file not found, resetting.
[m[34m[01:57:29][m [32m[main/INFO][m [36m(Minecraft)[m [0mReloading ResourceManager: Default, Fabric Rendering (v1), Fabric Biomes (v1), Fabric API Base, Fabric Rendering Data Attachment (v1), Fabric Resource Loader (v0), Fabric Events Interaction (v0), Fabric Tag Extensions (v0), Fabric Networking Block Entity (v0), Fabric Events Lifecycle (v0), Fabric Content Registries (v0), Fabric Containers (v0), Fabric Lifecycle Events (v1), Fabric Renderer Registries (v1), Fabric Rendering (v0), Fabric Registry Sync (v0), Fabric Renderer - Indigo, Fabric Rendering Fluids (v1), Fabric Loot Tables (v1), Fabric Item Groups (v0), Fabric Tool Attribute API (v1), Fabric Key Binding API (v1), Fabric Mining Levels (v0), Fabric Screen Handler API (v1), Fabric Textures (v0), Alto Clef, Fabric Game Rule API (v1), Fabric Renderer API (v1), Fabric API, Fabric BlockRenderLayer Registration (v1), Fabric Key Bindings (v0), Fabric Object Builders (v0), Fabric Object Builder API (v1), Tungsten, Fabric Models (v0), Fabric Loader, Fabric Item API (v1), Fabric Networking (v0), Fabric Crash Report Info (v1)
[m[34m[01:57:29][m [32m[main/INFO][m [36m(Minecraft)[m [0m[STDOUT]: TENORCLEF: MIXIN OK ClientTickMixin injected into MinecraftClient.tick()
[m[34m[01:57:30][m [32m[main/INFO][m [36m(Minecraft)[m [0m[STDOUT]: TENORCLEF: HARNESS: AUTOWORLD: fresh-world create armed (firing in 3s)
[m[34m[01:57:32][m [32m[main/INFO][m [36m(Minecraft)[m [0m[STDOUT]: TENORCLEF: HARNESS: AUTOWORLD: creating fresh world 'AutoRun_20260925_015732' mode=survival difficulty=easy hardcore=false
[m[34m[01:57:33][m [33m[main/WARN][m [36m(Minecraft)[m [0mAmbiguity between arguments [teleport, destination] and [teleport, targets] with inputs: [Player, 0123, @e, dd12be42-52a9-4a91-a8a1-11c01849e498]
[m[34m[01:57:33][m [33m[main/WARN][m [36m(Minecraft)[m [0mAmbiguity between arguments [teleport, location] and [teleport, destination] with inputs: [0.1 -0.5 .9, 0 0 0]
[m[34m[01:57:33][m [33m[main/WARN][m [36m(Minecraft)[m [0mAmbiguity between arguments [teleport, location] and [teleport, targets] with inputs: [0.1 -0.5 .9, 0 0 0]
[m[34m[01:57:33][m [33m[main/WARN][m [36m(Minecraft)[m [0mAmbiguity between arguments [teleport, targets] and [teleport, destination] with inputs: [Player, 0123, dd12be42-52a9-4a91-a8a1-11c01849e498]
[m[34m[01:57:33][m [33m[main/WARN][m [36m(Minecraft)[m [0mAmbiguity between arguments [teleport, targets, location] and [teleport, targets, destination] with inputs: [0.1 -0.5 .9, 0 0 0]
[m[34m[01:57:33][m [32m[main/INFO][m [36m(Minecraft)[m [0mReloading ResourceManager: Default, Fabric Rendering (v1), Fabric Biomes (v1), Fabric API Base, Fabric Rendering Data Attachment (v1), Fabric Resource Loader (v0), Fabric Events Interaction (v0), Fabric Tag Extensions (v0), Fabric Networking Block Entity (v0), Fabric Events Lifecycle (v0), Fabric Content Registries (v0), Fabric Containers (v0), Fabric Lifecycle Events (v1), Fabric Renderer Registries (v1), Fabric Rendering (v0), Fabric Registry Sync (v0), Fabric Renderer - Indigo, Fabric Rendering Fluids (v1), Fabric Loot Tables (v1), Fabric Item Groups (v0), Fabric Tool Attribute API (v1), Fabric Key Binding API (v1), Fabric Mining Levels (v0), Fabric Screen Handler API (v1), Fabric Textures (v0), Alto Clef, Fabric Game Rule API (v1), Fabric Renderer API (v1), Fabric API, Fabric BlockRenderLayer Registration (v1), Fabric Key Bindings (v0), Fabric Object Builders (v0), Fabric Object Builder API (v1), Tungsten, Fabric Models (v0), Fabric Loader, Fabric Item API (v1), Fabric Networking (v0), Fabric Crash Report Info (v1), Fabric Tool Attribute API (v1)
[m[34m[01:57:36][m [32m[main/INFO][m [36m(Minecraft)[m [0mLoaded 7 recipes
[m[34m[01:57:36][m [32m[main/INFO][m [36m(Minecraft)[m [0mLoaded 927 advancements
[m[34m[01:57:37][m [32m[main/INFO][m [36m(Minecraft)[m [0mEnvironment: authHost='https://authserver.mojang.com', accountsHost='https://api.mojang.com', sessionHost='https://sessionserver.mojang.com', name='PROD'
[m[34m[01:57:37][m [32m[Server thread/INFO][m [36m(Minecraft)[m [0mStarting integrated minecraft server version 1.16.1
[m[34m[01:57:37][m [32m[Server thread/INFO][m [36m(Minecraft)[m [0mGenerating keypair
[m[34m[01:57:43][m [32m[Server thread/INFO][m [36m(Minecraft)[m [0mPreparing start region for dimension minecraft:overworld
[m[34m[01:57:43][m [32m[main/INFO][m [36m(Minecraft)[m [0mPreparing spawn area: 0%
[m[34m[01:57:43][m [32m[main/INFO][m [36m(Minecraft)[m [0mPreparing spawn area: 0%
[m[34m[01:57:44][m [32m[main/INFO][m [36m(Minecraft)[m [0mPreparing spawn area: 2%
[m[34m[01:57:44][m [32m[main/INFO][m [36m(Minecraft)[m [0mPreparing spawn area: 6%
[m[34m[01:57:45][m [32m[main/INFO][m [36m(Minecraft)[m [0mPreparing spawn area: 8%
[m[34m[01:57:45][m [32m[main/INFO][m [36m(Minecraft)[m [0mPreparing spawn area: 15%
[m[34m[01:57:46][m [32m[main/INFO][m [36m(Minecraft)[m [0mPreparing spawn area: 19%
[m[34m[01:57:46][m [32m[main/INFO][m [36m(Minecraft)[m [0mPreparing spawn area: 21%
[m[34m[01:57:47][m [32m[main/INFO][m [36m(Minecraft)[m [0mPreparing spawn area: 29%
[m[34m[01:57:47][m [32m[main/INFO][m [36m(Minecraft)[m [0mPreparing spawn area: 33%
[m[34m[01:57:48][m [32m[main/INFO][m [36m(Minecraft)[m [0mPreparing spawn area: 44%
[m[34m[01:57:48][m [32m[main/INFO][m [36m(Minecraft)[m [0mPreparing spawn area: 46%
[m[34m[01:57:49][m [32m[main/INFO][m [36m(Minecraft)[m [0mPreparing spawn area: 54%
[m[34m[01:57:50][m [32m[main/INFO][m [36m(Minecraft)[m [0mPreparing spawn area: 54%
[m[34m[01:57:50][m [32m[main/INFO][m [36m(Minecraft)[m [0mPreparing spawn area: 54%
[m[34m[01:57:50][m [32m[main/INFO][m [36m(Minecraft)[m [0mPreparing spawn area: 85%
[m[34m[01:57:51][m [32m[main/INFO][m [36m(Minecraft)[m [0mPreparing spawn area: 95%
[m[34m[01:57:51][m [32m[main/INFO][m [36m(Minecraft)[m [0mTime elapsed: 8198 ms
[m[34m[01:57:51][m [32m[Server thread/INFO][m [36m(Minecraft)[m [0mChanging view distance to 11, from 10
[m[34m[01:57:52][m [32m[main/INFO][m [36m(Minecraft)[m [0m[STDOUT]: TENORCLEF: HARNESS: AUTOWORLD: create call returned — waiting for join
[m[34m[01:57:52][m [32m[Server thread/INFO][m [36m(Minecraft)[m [0mPlayer10[local:E:cb400555] logged in with entity id 289 at (-243.5, 74.0, 97.5)
[m[34m[01:57:52][m [32m[Server thread/INFO][m [36m(Minecraft)[m [0mPlayer10 joined the game
[m[34m[01:57:52][m [32m[main/INFO][m [36m(Minecraft)[m [0mOpenAL initialized.
[m[34m[01:57:52][m [32m[main/INFO][m [36m(Minecraft)[m [0mSound engine started
[m[34m[01:57:52][m [32m[main/INFO][m [36m(Minecraft)[m [0mCreated: 1024x1024x4 minecraft:textures/atlas/blocks.png-atlas
[m[34m[01:57:53][m [32m[main/INFO][m [36m(Minecraft)[m [0mCreated: 256x128x4 minecraft:textures/atlas/signs.png-atlas
[m[34m[01:57:53][m [32m[main/INFO][m [36m(Minecraft)[m [0mCreated: 1024x512x4 minecraft:textures/atlas/banner_patterns.png-atlas
[m[34m[01:57:53][m [32m[main/INFO][m [36m(Minecraft)[m [0mCreated: 1024x512x4 minecraft:textures/atlas/shield_patterns.png-atlas
[m[34m[01:57:53][m [32m[main/INFO][m [36m(Minecraft)[m [0mCreated: 256x256x4 minecraft:textures/atlas/chest.png-atlas
[m[34m[01:57:53][m [32m[main/INFO][m [36m(Minecraft)[m [0mCreated: 512x256x4 minecraft:textures/atlas/beds.png-atlas
[m[34m[01:57:53][m [32m[main/INFO][m [36m(Minecraft)[m [0mCreated: 512x256x4 minecraft:textures/atlas/shulker_boxes.png-atlas
[m[34m[01:57:53][m [32m[main/INFO][m [36m(Minecraft)[m [0mCreated: 256x256x0 minecraft:textures/atlas/particles.png-atlas
[m[34m[01:57:53][m [32m[main/INFO][m [36m(Minecraft)[m [0mCreated: 256x256x0 minecraft:textures/atlas/paintings.png-atlas
[m[34m[01:57:53][m [32m[main/INFO][m [36m(Minecraft)[m [0mCreated: 256x128x0 minecraft:textures/atlas/mob_effects.png-atlas
[m[34m[01:57:54][m [32m[main/INFO][m [36m(Minecraft)[m [0m[STDOUT]: Baritone world data dir: C:\Users\redfa\Documents\MinecraftDev\altoclef\versions\1.16.1\run\saves\AutoRun_20260925_015732\.\baritone
[m[34m[01:57:54][m [32m[main/INFO][m [36m(Minecraft)[m [0m[STDOUT]: Cached world directory: C:\Users\redfa\Documents\MinecraftDev\altoclef\versions\1.16.1\run\saves\AutoRun_20260925_015732\.\baritone\cache
[m[34m[01:57:54][m [32m[main/INFO][m [36m(Minecraft)[m [0m[STDOUT]: Would save waypoints to C:\Users\redfa\Documents\MinecraftDev\altoclef\versions\1.16.1\run\saves\AutoRun_20260925_015732\.\baritone\waypoints
[m[34m[01:57:54][m [32m[Server thread/INFO][m [36m(Minecraft)[m [0mSaving and pausing game...
[m[34m[01:57:54][m [32m[Server thread/INFO][m [36m(Minecraft)[m [0mSaving chunks for level 'ServerLevel[AutoRun_20260925_015732]'/minecraft:overworld
[m[34m[01:57:54][m [32m[main/INFO][m [36m(Minecraft)[m [0mLoaded 0 advancements
[m[34m[01:57:54][m [32m[main/INFO][m [36m(Minecraft)[m [0m[STDOUT]: TENORCLEF: HARNESS: AUTORUN: armed 'testrun2' (firing in 5s)
[m[34m[01:57:55][m [32m[Server thread/INFO][m [36m(Minecraft)[m [0mSaving chunks for level 'ServerLevel[AutoRun_20260925_015732]'/minecraft:the_nether
[m[34m[01:57:55][m [32m[Server thread/INFO][m [36m(Minecraft)[m [0mSaving chunks for level 'ServerLevel[AutoRun_20260925_015732]'/minecraft:the_end
[m[34m[01:57:59][m [32m[main/INFO][m [36m(Minecraft)[m [0m[STDOUT]: TENORCLEF: HARNESS: AUTORUN: executing 'testrun2'
[m[34m[01:57:59][m [32m[main/INFO][m [36m(Minecraft)[m [0m[CHAT] §2§l§o[TenorClef] §rAUTORUN: executing 'testrun2'
[m[34m[01:57:59][m [32m[main/INFO][m [36m(Minecraft)[m [0m[CHAT] §2§l§o[TenorClef] §rTESRUN2 start — @stop to cancel
[m[34m[01:57:59][m [32m[main/INFO][m [36m(Minecraft)[m [0m[CHAT] §2§l§o[TenorClef] §rUser Task Set: <testrun2/BOOTSTRAP> 
[m[34m[01:57:59][m [32m[main/INFO][m [36m(Minecraft)[m [0m[CHAT] §2§l§o[TenorClef] §rTESRUN2 clock 0:00.0
[m[34m[01:57:59][m [32m[main/INFO][m [36m(Minecraft)[m [0m[CHAT] §2§l§o[TenorClef] §rTungstenBridge: kaptainwutax.tungsten bound
[m[34m[01:57:59][m [32m[main/INFO][m [36m(Minecraft)[m [0m[CHAT] §2§l§o[TenorClef] §rTESRUN2 start Tungsten backend: AVAILABLE (kaptainwutax.tungsten bound; mover=BARITONE) eyes=12 rods=6 skipDiamond=true
[m[34m[01:57:59][m [32m[main/INFO][m [36m(Minecraft)[m [0m[CHAT] §2§l§o[TenorClef] §rT2 [HIST] 0:00.0 PHASE  -> BOOTSTRAP
[m[34m[01:57:59][m [32m[main/INFO][m [36m(Minecraft)[m [0m[CHAT] §2§l§o[TenorClef] §rT2 [HIST] 0:00.0 DIM  -> OVERWORLD at -244,74,97
[m[34m[01:57:59][m [32m[main/INFO][m [36m(Minecraft)[m [0m[CHAT] §2§l§o[TenorClef] §rT2 [HIST] 0:00.0 CHILD  -> - ph=BOOTSTRAP @-244,74,97 sky=15 wet=false ground=true pick=0 buck=0 iron=0 ore=0 rods=0 pearls=0 eyes=0
[m[34m[01:57:59][m [32m[main/INFO][m [36m(Minecraft)[m [0m[CHAT] §2§l§o[TenorClef] §rT2 [HIST] 0:00.0 WHY wood: mine 1.16 logs only (no air)
[m[34m[01:57:59][m [32m[main/INFO][m [36m(Minecraft)[m [0m[CHAT] §2§l§o[TenorClef] §rT2 [HIST] 0:00.0 CHILD - -> MineAndCollectTask ph=BOOTSTRAP @-244,74,97 sky=15 wet=false ground=true pick=0 buck=0 iron=0 ore=0 rods=0 pearls=0 eyes=0
[m[34m[01:57:59][m [32m[main/INFO][m [36m(Minecraft)[m [0m[STDOUT]: ALTO CLEF: WARNING: T2 [S176] one client tick took 29628ms (limit 8000ms) — BOOTSTRAP @-244,74,97 child=MineAndCollectTask
[m[34m[01:57:59][m [32m[main/INFO][m [36m(Minecraft)[m [0m[CHAT] §2§l§o[TenorClef] §cT2 [S176] one client tick took 29628ms (limit 8000ms) — BOOTSTRAP @-244,74,97 child=MineAndCollectTask§r
[m[34m[01:57:59][m [32m[main/INFO][m [36m(Minecraft)[m [0m[CHAT] §2§l§o[TenorClef] §rT2 [HIST] 0:00.0 FORCE S176 one client tick took 29628ms (limit 8000ms) — BOOTSTRAP @-244,74,97 child=MineAndCollectTask
[m[34m[01:57:59][m [32m[main/INFO][m [36m(Minecraft)[m [0m[STDOUT]: TENORCLEF: HARNESS: DEADMAN: watchdog started (warn 30s, fatal 120s, worst-tick limit 8s)
[m[34m[01:58:00][m [32m[main/INFO][m [36m(Minecraft)[m [0m[CHAT] §2§l§o[TenorClef] §rT2 [NOW] t=0:00.8 ph=BOOTSTRAP @-242,75,96 do=<Mine And Collect: [[oak_log,birch_log,spruce_log,jungle_log,acacia_log,dark_oak_log] x 2]>  eq=air woodpick=0 stonepick=0 pick=0 iron=0 buck=0
[m[34m[01:58:01][m [32m[main/INFO][m [36m(Minecraft)[m [0m[CHAT] §2§l§o[TenorClef] §rT2 [NOW] t=0:01.8 ph=BOOTSTRAP @-242,75,96 do=<Mine And Collect: [[oak_log,birch_log,spruce_log,jungle_log,acacia_log,dark_oak_log] x 2]>  eq=air woodpick=0 stonepick=0 pick=0 iron=0 buck=0
[m[34m[01:58:01][m [32m[main/INFO][m [36m(Minecraft)[m [0m[CHAT] §2§l§o[TenorClef] §rT2 [HIST] 0:02.3 SNAP ph=BOOTSTRAP @-242,75,96 sky=15 wet=false ground=true pick=0 buck=0 iron=0 ore=0 rods=0 pearls=0 eyes=0 child=MineAndCollectTask dbg=<Mine And Collect: [[oak_log,birch_log,spruce_log,jungle_log,acacia_log,dark_oak_log] x 2]>  mobs=none
[m[34m[01:58:02][m [32m[main/INFO][m [36m(Minecraft)[m [0m[CHAT] §2§l§o[TenorClef] §rT2 [NOW] t=0:02.8 ph=BOOTSTRAP @-242,75,96 do=<Mine And Collect: [[oak_log,birch_log,spruce_log,jungle_log,acacia_log,dark_oak_log] x 2]>  eq=air woodpick=0 stonepick=0 pick=0 iron=0 buck=0
[m[34m[01:58:03][m [32m[main/INFO][m [36m(Minecraft)[m [0m[CHAT] §2§l§o[TenorClef] §rT2 [NOW] t=0:03.8 ph=BOOTSTRAP @-242,75,96 do=<Mine And Collect: [[oak_log,birch_log,spruce_log,jungle_log,acacia_log,dark_oak_log] x 2]>  eq=air woodpick=0 stonepick=0 pick=0 iron=0 buck=0
[m[34m[01:58:03][m [32m[main/INFO][m [36m(Minecraft)[m [0m[CHAT] §2§l§o[TenorClef] §rT2 [HIST] 0:04.0 WHY wood: mine 1.16 logs only (no air)
[m[34m[01:58:04][m [32m[main/INFO][m [36m(Minecraft)[m [0m[CHAT] §2§l§o[TenorClef] §rT2 [NOW] t=0:04.8 ph=BOOTSTRAP @-241,76,96 do=<Mine And Collect: [[oak_log,birch_log,spruce_log,jungle_log,acacia_log,dark_oak_log] x 2]>  eq=air woodpick=0 stonepick=0 pick=0 iron=0 buck=0
[m[34m[01:58:04][m [32m[main/INFO][m [36m(Minecraft)[m [0m[CHAT] §2§l§o[TenorClef] §rT2 [HIST] 0:04.8 SNAP ph=BOOTSTRAP @-241,76,96 sky=15 wet=false ground=true pick=0 buck=0 iron=0 ore=0 rods=0 pearls=0 eyes=0 child=MineAndCollectTask dbg=<Mine And Collect: [[oak_log,birch_log,spruce_log,jungle_log,acacia_log,dark_oak_log] x 2]>  mobs=none
[m[34m[01:58:05][m [32m[main/INFO][m [36m(Minecraft)[m [0m[CHAT] §2§l§o[TenorClef] §rT2 [NOW] t=0:05.8 ph=BOOTSTRAP @-241,76,96 do=<Mine And Collect: [[oak_log,birch_log,spruce_log,jungle_log,acacia_log,dark_oak_log] x 2]>  eq=air woodpick=0 stonepick=0 pick=0 iron=0 buck=0
[m[34m[01:58:06][m [32m[main/INFO][m [36m(Minecraft)[m [0m[CHAT] §2§l§o[TenorClef] §rT2 [NOW] t=0:06.8 ph=BOOTSTRAP @-241,76,96 do=<Mine And Collect: [[oak_log,birch_log,spruce_log,jungle_log,acacia_log,dark_oak_log] x 2]>  eq=air woodpick=0 stonepick=0 pick=0 iron=0 buck=0
[m[34m[01:58:06][m [32m[main/INFO][m [36m(Minecraft)[m [0m[CHAT] §2§l§o[TenorClef] §rT2 [HIST] 0:07.3 SNAP ph=BOOTSTRAP @-241,76,96 sky=15 wet=false ground=true pick=0 buck=0 iron=0 ore=0 rods=0 pearls=0 eyes=0 child=MineAndCollectTask dbg=<Mine And Collect: [[oak_log,birch_log,spruce_log,jungle_log,acacia_log,dark_oak_log] x 2]>  mobs=none
[m[34m[01:58:07][m [32m[main/INFO][m [36m(Minecraft)[m [0m[CHAT] §2§l§o[TenorClef] §rT2 [NOW] t=0:07.8 ph=BOOTSTRAP @-241,76,96 do=<Mine And Collect: [[oak_log,birch_log,spruce_log,jungle_log,acacia_log,dark_oak_log] x 2]>  eq=air woodpick=0 stonepick=0 pick=0 iron=0 buck=0
[m[34m[01:58:07][m [32m[main/INFO][m [36m(Minecraft)[m [0m[CHAT] §2§l§o[TenorClef] §rT2 [HIST] 0:08.1 CHILD MineAndCollectTask -> CraftInInventoryTask ph=BOOTSTRAP @-239,77,96 sky=14 wet=false ground=false pick=0 buck=0 iron=0 ore=0 rods=0 pearls=0 eyes=0
[m[34m[01:58:07][m [32m[main/INFO][m [36m(Minecraft)[m [0mLoaded 4 advancements
[m[34m[01:58:07][m [32m[main/INFO][m [36m(Minecraft)[m [0mLoaded 16 advancements
[m[34m[01:58:08][m [32m[main/INFO][m [36m(Minecraft)[m [0m[CHAT] §2§l§o[TenorClef] §rT2 [NOW] t=0:08.8 ph=BOOTSTRAP @-239,77,96 do=<Craft 2x2 Task Recipe{crafting_table}: [[crafting_table]]> Crafting in inventory... for [crafting_table] eq=birch_log woodpick=0 stonepick=0 pick=0 iron=0 buck=0
[m[34m[01:58:08][m [32m[main/INFO][m [36m(Minecraft)[m [0mLoaded 19 advancements
[m[34m[01:58:08][m [32m[main/INFO][m [36m(Minecraft)[m [0m[CHAT] §2§l§o[TenorClef] §rT2 [HIST] 0:08.9 WHY bootstrap: table exists — wooden pick, not more logs
[m[34m[01:58:08][m [32m[main/INFO][m [36m(Minecraft)[m [0m[CHAT] §2§l§o[TenorClef] §rT2 [HIST] 0:08.9 CHILD CraftInInventoryTask -> CraftInTableTask ph=BOOTSTRAP @-239,77,96 sky=14 wet=false ground=true pick=0 buck=0 iron=0 ore=0 rods=0 pearls=0 eyes=0
[m[34m[01:58:09][m [32m[main/INFO][m [36m(Minecraft)[m [0m[CHAT] §2§l§o[TenorClef] §rT2 [NOW] t=0:09.8 ph=BOOTSTRAP @-239,77,96 do=<Doing stuff in crafting_table container: [[wooden_pickaxe]]>  eq=air woodpick=0 stonepick=0 pick=0 iron=0 buck=0
[m[34m[01:58:09][m [32m[main/INFO][m [36m(Minecraft)[m [0m[CHAT] §2§l§o[TenorClef] §rT2 [HIST] 0:09.8 SNAP ph=BOOTSTRAP @-239,77,96 sky=14 wet=false ground=true pick=0 buck=0 iron=0 ore=0 rods=0 pearls=0 eyes=0 child=CraftInTableTask dbg=<Doing stuff in crafting_table container: [[wooden_pickaxe]]>  mobs=none
[m[34m[01:58:09][m [32m[main/INFO][m [36m(Minecraft)[m [0mLoaded 28 advancements
[m[34m[01:58:10][m [32m[main/INFO][m [36m(Minecraft)[m [0m[CHAT] §2§l§o[TenorClef] §rT2 [NOW] t=0:10.8 ph=BOOTSTRAP @-239,77,96 do=<Doing stuff in crafting_table container: [[wooden_pickaxe]]>  eq=air woodpick=0 stonepick=0 pick=0 iron=0 buck=0
[m[34m[01:58:11][m [32m[main/INFO][m [36m(Minecraft)[m [0m[CHAT] §2§l§o[TenorClef] §rT2 [NOW] t=0:11.8 ph=BOOTSTRAP @-239,77,96 do=<Doing stuff in crafting_table container: [[wooden_pickaxe]]>  eq=air woodpick=0 stonepick=0 pick=0 iron=0 buck=0
[m[34m[01:58:11][m [32m[main/INFO][m [36m(Minecraft)[m [0m[CHAT] §2§l§o[TenorClef] §rT2 [HIST] 0:12.3 SNAP ph=BOOTSTRAP @-239,77,96 sky=14 wet=false ground=true pick=0 buck=0 iron=0 ore=0 rods=0 pearls=0 eyes=0 child=CraftInTableTask dbg=<Doing stuff in crafting_table container: [[wooden_pickaxe]]>  mobs=none
[m[34m[01:58:12][m [32m[main/INFO][m [36m(Minecraft)[m [0m[CHAT] §2§l§o[TenorClef] §rT2 [NOW] t=0:12.8 ph=BOOTSTRAP @-239,77,96 do=<Doing stuff in crafting_table container: [[wooden_pickaxe]]>  eq=air woodpick=0 stonepick=0 pick=0 iron=0 buck=0
[m[34m[01:58:13][m [32m[main/INFO][m [36m(Minecraft)[m [0m[CHAT] §2§l§o[TenorClef] §rT2 [NOW] t=0:13.8 ph=BOOTSTRAP @-239,77,96 do=<Doing stuff in crafting_table container: [[wooden_pickaxe]]>  eq=air woodpick=0 stonepick=0 pick=0 iron=0 buck=0
[m[34m[01:58:14][m [32m[main/INFO][m [36m(Minecraft)[m [0m[CHAT] §2§l§o[TenorClef] §rT2 [NOW] t=0:14.8 ph=BOOTSTRAP @-239,77,96 do=<Doing stuff in crafting_table container: [[wooden_pickaxe]]>  eq=air woodpick=0 stonepick=0 pick=0 iron=0 buck=0
[m[34m[01:58:14][m [32m[main/INFO][m [36m(Minecraft)[m [0m[CHAT] §2§l§o[TenorClef] §rT2 [HIST] 0:14.8 SNAP ph=BOOTSTRAP @-239,77,96 sky=14 wet=false ground=true pick=0 buck=0 iron=0 ore=0 rods=0 pearls=0 eyes=0 child=CraftInTableTask dbg=<Doing stuff in crafting_table container: [[wooden_pickaxe]]>  mobs=none
[m[34m[01:58:15][m [32m[main/INFO][m [36m(Minecraft)[m [0m[CHAT] §2§l§o[TenorClef] §rT2 [NOW] t=0:15.8 ph=BOOTSTRAP @-239,77,96 do=<Doing stuff in crafting_table container: [[wooden_pickaxe]]>  eq=air woodpick=0 stonepick=0 pick=0 iron=0 buck=0
[m[34m[01:58:16][m [32m[main/INFO][m [36m(Minecraft)[m [0m[CHAT] §2§l§o[TenorClef] §rT2 [NOW] t=0:16.8 ph=BOOTSTRAP @-239,77,96 do=<Doing stuff in crafting_table container: [[wooden_pickaxe]]>  eq=air woodpick=0 stonepick=0 pick=0 iron=0 buck=0
[m[34m[01:58:16][m [32m[main/INFO][m [36m(Minecraft)[m [0m[CHAT] §2§l§o[TenorClef] §rT2 [HIST] 0:17.3 SNAP ph=BOOTSTRAP @-239,77,96 sky=14 wet=false ground=true pick=0 buck=0 iron=0 ore=0 rods=0 pearls=0 eyes=0 child=CraftInTableTask dbg=<Doing stuff in crafting_table container: [[wooden_pickaxe]]>  mobs=none
[m[34m[01:58:17][m [32m[main/INFO][m [36m(Minecraft)[m [0m[CHAT] §2§l§o[TenorClef] §rT2 [NOW] t=0:17.8 ph=BOOTSTRAP @-239,77,96 do=<Doing stuff in crafting_table container: [[wooden_pickaxe]]>  eq=air woodpick=0 stonepick=0 pick=0 iron=0 buck=0
[m[34m[01:58:18][m [32m[main/INFO][m [36m(Minecraft)[m [0m[CHAT] §2§l§o[TenorClef] §rT2 [NOW] t=0:18.8 ph=BOOTSTRAP @-238,77,94 do=<Doing stuff in crafting_table container: [[wooden_pickaxe]]>  eq=air woodpick=0 stonepick=0 pick=0 iron=0 buck=0
[m[34m[01:58:18][m [32m[main/INFO][m [36m(Minecraft)[m [0m[CHAT] §2§l§o[TenorClef] §rPRESSED
[m[34m[01:58:19][m [32m[main/INFO][m [36m(Minecraft)[m [0m[CHAT] §2§l§o[TenorClef] §rT2 [NOW] t=0:19.8 ph=BOOTSTRAP @-238,77,94 do=<Doing stuff in crafting_table container: [[wooden_pickaxe]]>  eq=air woodpick=0 stonepick=0 pick=0 iron=0 buck=0
[m[34m[01:58:19][m [32m[main/INFO][m [36m(Minecraft)[m [0m[CHAT] §2§l§o[TenorClef] §rTESRUN2 spawn biome=ForestBiome trees~=7 villageHint=false rpHint=true surfaceLava=0 vDist=unseen rpDist=70  playable
[m[34m[01:58:19][m [32m[main/INFO][m [36m(Minecraft)[m [0m[STDOUT]: ALTO CLEF: WARNING: T2 [S159] spawn ACCEPTED biome=ForestBiome village=false rp=true vDist=unseen rpDist=70 @-238,77,94 probes=0 t=0:19.9
[m[34m[01:58:19][m [32m[main/INFO][m [36m(Minecraft)[m [0m[CHAT] §2§l§o[TenorClef] §cT2 [S159] spawn ACCEPTED biome=ForestBiome village=false rp=true vDist=unseen rpDist=70 @-238,77,94 probes=0 t=0:19.9§r
[m[34m[01:58:19][m [32m[main/INFO][m [36m(Minecraft)[m [0m[CHAT] §2§l§o[TenorClef] §rT2 [HIST] 0:19.9 FORCE S159 spawn ACCEPTED biome=ForestBiome village=false rp=true vDist=unseen rpDist=70 @-238,77,94 probes=0 t=0:19.9
[m[34m[01:58:19][m [32m[main/INFO][m [36m(Minecraft)[m [0m[CHAT] §2§l§o[TenorClef] §rT2 [HIST] 0:19.9 WHY bootstrap: table exists — wooden pick, not more logs
[m[34m[01:58:19][m [32m[main/INFO][m [36m(Minecraft)[m [0m[CHAT] §2§l§o[TenorClef] §rT2 [HIST] 0:19.9 SNAP ph=BOOTSTRAP @-238,77,94 sky=12 wet=false ground=true pick=0 buck=0 iron=0 ore=0 rods=0 pearls=0 eyes=0 child=CraftInTableTask dbg=<Doing stuff in crafting_table container: [[wooden_pickaxe]]>  mobs=none
[m[34m[01:58:19][m [32m[main/INFO][m [36m(Minecraft)[m [0m[CHAT] §2§l§o[TenorClef] §rT2 [I01] BOOTSTRAP -> IRON t=0:20.1
[m[34m[01:58:19][m [32m[main/INFO][m [36m(Minecraft)[m [0m[CHAT] §2§l§o[TenorClef] §rTESRUN2 split IRON  0:20.1
[m[34m[01:58:19][m [32m[main/INFO][m [36m(Minecraft)[m [0m[STDOUT]: ALTO CLEF: WARNING: T2 [S146] iron target locked want=8 at ingot=0 ore=0 metal=0
[m[34m[01:58:19][m [32m[main/INFO][m [36m(Minecraft)[m [0m[CHAT] §2§l§o[TenorClef] §cT2 [S146] iron target locked want=8 at ingot=0 ore=0 metal=0§r
[m[34m[01:58:19][m [32m[main/INFO][m [36m(Minecraft)[m [0m[CHAT] §2§l§o[TenorClef] §rT2 [HIST] 0:20.1 FORCE S146 iron target locked want=8 at ingot=0 ore=0 metal=0
[m[34m[01:58:19][m [32m[main/INFO][m [36m(Minecraft)[m [0m[CHAT] §2§l§o[TenorClef] §rT2 [HIST] 0:20.1 WHY iron: smelt 8 in one furnace
[m[34m[01:58:19][m [32m[main/INFO][m [36m(Minecraft)[m [0m[CHAT] §2§l§o[TenorClef] §rT2 [HIST] 0:20.1 PHASE BOOTSTRAP -> IRON
[m[34m[01:58:19][m [32m[main/INFO][m [36m(Minecraft)[m [0m[CHAT] §2§l§o[TenorClef] §rT2 [HIST] 0:20.1 CHILD CraftInTableTask -> CollectIronIngotTask ph=IRON @-238,77,94 sky=12 wet=false ground=true pick=0 buck=0 iron=0 ore=0 rods=0 pearls=0 eyes=0
[m[34m[01:58:19][m [32m[main/INFO][m [36m(Minecraft)[m [0m[STDOUT]: ALTO CLEF: WARNING: T2 [E109] mine/collect with no pick child=CollectIronIngotTask
[m[34m[01:58:19][m [32m[main/INFO][m [36m(Minecraft)[m [0m[CHAT] §2§l§o[TenorClef] §cT2 [E109] mine/collect with no pick child=CollectIronIngotTask§r
[m[34m[01:58:19][m [32m[main/INFO][m [36m(Minecraft)[m [0m[CHAT] §2§l§o[TenorClef] §rT2 [HIST] 0:20.3 [E109] mine/collect with no pick child=CollectIronIngotTask
[m[34m[01:58:20][m [32m[main/INFO][m [36m(Minecraft)[m [0m[CHAT] §2§l§o[TenorClef] §rT2 [NOW] t=0:20.8 ph=IRON @-237,77,93 do=<Collecting 8 iron.: [[iron_ingot] x 8]>  eq=stick woodpick=0 stonepick=0 pick=0 iron=0 buck=0
[m[34m[01:58:20][m [32m[main/INFO][m [36m(Minecraft)[m [0m[CHAT] §2§l§o[TenorClef] §rTESRUN2 split BOOTSTRAP  0:21.1
[m[34m[01:58:20][m [32m[main/INFO][m [36m(Minecraft)[m [0m[CHAT] §2§l§o[TenorClef] §rT2 [HIST] 0:21.1 PHASE IRON -> BOOTSTRAP
[m[34m[01:58:20][m [32m[main/INFO][m [36m(Minecraft)[m [0m[CHAT] §2§l§o[TenorClef] §rT2 [HIST] 0:21.1 CHILD CollectIronIngotTask -> CraftInTableTask ph=BOOTSTRAP @-237,77,93 sky=12 wet=false ground=true pick=0 buck=0 iron=0 ore=0 rods=0 pearls=0 eyes=0
[m[34m[01:58:20][m [32m[main/INFO][m [36m(Minecraft)[m [0m[STDOUT]: ALTO CLEF: WARNING: T2 [E112] ph IRON->BOOTSTRAP in 989ms
[m[34m[01:58:20][m [32m[main/INFO][m [36m(Minecraft)[m [0m[CHAT] §2§l§o[TenorClef] §cT2 [E112] ph IRON->BOOTSTRAP in 989ms§r
[m[34m[01:58:20][m [32m[main/INFO][m [36m(Minecraft)[m [0m[CHAT] §2§l§o[TenorClef] §rT2 [HIST] 0:21.2 [E112] ph IRON->BOOTSTRAP in 989ms
[m[34m[01:58:21][m [32m[main/INFO][m [36m(Minecraft)[m [0m[CHAT] §2§l§o[TenorClef] §rT2 [NOW] t=0:21.8 ph=BOOTSTRAP @-237,77,93 do=<Doing stuff in crafting_table container: [[wooden_pickaxe]]> Picking up eq=stick woodpick=0 stonepick=0 pick=0 iron=0 buck=0
[m[34m[01:58:21][m [32m[main/INFO][m [36m(Minecraft)[m [0m[CHAT] §2§l§o[TenorClef] §rT2 [HIST] 0:22.3 SNAP ph=BOOTSTRAP @-237,77,93 sky=12 wet=false ground=true pick=0 buck=0 iron=0 ore=0 rods=0 pearls=0 eyes=0 child=CraftInTableTask dbg=<Doing stuff in crafting_table container: [[wooden_pickaxe]]> Picking up mobs=none
[m[34m[01:58:21][m [32m[main/INFO][m [36m(Minecraft)[m [0m[CHAT] §2§l§o[TenorClef] §rTESRUN2 split IRON  0:22.4
[m[34m[01:58:21][m [32m[main/INFO][m [36m(Minecraft)[m [0m[STDOUT]: ALTO CLEF: WARNING: T2 [S146] iron target locked want=8 at ingot=0 ore=0 metal=0
[m[34m[01:58:21][m [32m[main/INFO][m [36m(Minecraft)[m [0m[CHAT] §2§l§o[TenorClef] §cT2 [S146] iron target locked want=8 at ingot=0 ore=0 metal=0§r
[m[34m[01:58:21][m [32m[main/INFO][m [36m(Minecraft)[m [0m[CHAT] §2§l§o[TenorClef] §rT2 [HIST] 0:22.4 PHASE BOOTSTRAP -> IRON
[m[34m[01:58:21][m [32m[main/INFO][m [36m(Minecraft)[m [0m[CHAT] §2§l§o[TenorClef] §rT2 [HIST] 0:22.4 CHILD CraftInTableTask -> CollectIronIngotTask ph=IRON @-237,77,93 sky=12 wet=false ground=true pick=0 buck=0 iron=0 ore=0 rods=0 pearls=0 eyes=0
[m[34m[01:58:21][m [32m[main/INFO][m [36m(Minecraft)[m [0m[CHAT] §2§l§o[TenorClef] §rT2 [HIST] 0:22.4 [E112] ph BOOTSTRAP->IRON in 1248ms
[m[34m[01:58:22][m [32m[main/INFO][m [36m(Minecraft)[m [0m[CHAT] §2§l§o[TenorClef] §rT2 [NOW] t=0:22.8 ph=IRON @-237,77,93 do=<Collecting 8 iron.: [[iron_ingot] x 8]>  eq=birch_planks woodpick=1 stonepick=0 pick=0 iron=0 buck=0
[m[34m[01:58:23][m [32m[main/INFO][m [36m(Minecraft)[m [0m[CHAT] §2§l§o[TenorClef] §rT2 [NOW] t=0:23.8 ph=IRON @-237,77,93 do=<Collecting 8 iron.: [[iron_ingot] x 8]>  eq=birch_planks woodpick=1 stonepick=0 pick=0 iron=0 buck=0
[m[34m[01:58:23][m [32m[main/INFO][m [36m(Minecraft)[m [0m[CHAT] §2§l§o[TenorClef] §rT2 [HIST] 0:24.2 WHY iron: smelt 8 in one furnace
[m[34m[01:58:24][m [32m[pool-5-thread-2/INFO][m [36m(Minecraft)[m [0m[STDOUT]: Saving region -1,-1 to disk C:\Users\redfa\Documents\MinecraftDev\altoclef\versions\1.16.1\run\saves\AutoRun_20260925_015732\.\baritone\cache
[m[34m[01:58:24][m [32m[ForkJoinPool.commonPool-worker-1/INFO][m [36m(Minecraft)[m [0m[STDOUT]: Saving region -1,0 to disk C:\Users\redfa\Documents\MinecraftDev\altoclef\versions\1.16.1\run\saves\AutoRun_20260925_015732\.\baritone\cache
[m[34m[01:58:24][m [32m[pool-5-thread-2/INFO][m [36m(Minecraft)[m [0m[STDOUT]: Saved region successfully
[m[34m[01:58:24][m [32m[ForkJoinPool.commonPool-worker-1/INFO][m [36m(Minecraft)[m [0m[STDOUT]: Saved region successfully
[m[34m[01:58:24][m [32m[pool-5-thread-2/INFO][m [36m(Minecraft)[m [0m[STDOUT]: World save took 106ms
[m[34m[01:58:24][m [32m[main/INFO][m [36m(Minecraft)[m [0m[CHAT] §2§l§o[TenorClef] §rT2 [NOW] t=0:24.8 ph=IRON @-237,77,93 do=<Collecting 8 iron.: [[iron_ingot] x 8]>  eq=wooden_pickaxe woodpick=1 stonepick=0 pick=0 iron=0 buck=0
[m[34m[01:58:24][m [32m[main/INFO][m [36m(Minecraft)[m [0m[CHAT] §2§l§o[TenorClef] §rT2 [HIST] 0:24.8 SNAP ph=IRON @-237,77,93 sky=12 wet=false ground=true pick=0 buck=0 iron=0 ore=0 rods=0 pearls=0 eyes=0 child=CollectIronIngotTask dbg=<Collecting 8 iron.: [[iron_ingot] x 8]>  mobs=none
[m[34m[01:58:24][m [32m[main/INFO][m [36m(Minecraft)[m [0m[STDOUT]: ALTO CLEF: WARNING: T2 [S194] dig-down in progress y=76 child=CollectIronIngotTask - pillar/jump nudges stand aside
[m[34m[01:58:24][m [32m[main/INFO][m [36m(Minecraft)[m [0m[CHAT] §2§l§o[TenorClef] §cT2 [S194] dig-down in progress y=76 child=CollectIronIngotTask - pillar/jump nudges stand aside§r
[m[34m[01:58:24][m [32m[main/INFO][m [36m(Minecraft)[m [0m[CHAT] §2§l§o[TenorClef] §rT2 [HIST] 0:25.0 SOLVE S194 dig-down in progress y=76 child=CollectIronIngotTask - pillar/jump nudges stand aside
[m[34m[01:58:25][m [32m[main/INFO][m [36m(Minecraft)[m [0m[CHAT] §2§l§o[TenorClef] §rT2 [NOW] t=0:25.8 ph=IRON @-237,76,92 do=<Collecting 8 iron.: [[iron_ingot] x 8]>  eq=birch_planks woodpick=1 stonepick=0 pick=0 iron=0 buck=0
[m[34m[01:58:25][m [32m[main/INFO][m [36m(Minecraft)[m [0m[CHAT] §2§l§o[TenorClef] §rRefreshed inventory...
[m[34m[01:58:26][m [32m[main/INFO][m [36m(Minecraft)[m [0m[CHAT] §2§l§o[TenorClef] §rT2 [NOW] t=0:26.8 ph=IRON @-237,75,92 do=<Collecting 8 iron.: [[iron_ingot] x 8]>  eq=birch_planks woodpick=1 stonepick=0 pick=0 iron=0 buck=0
[m[34m[01:58:26][m [32m[main/INFO][m [36m(Minecraft)[m [0m[CHAT] §2§l§o[TenorClef] §rT2 [HIST] 0:27.3 SNAP ph=IRON @-237,74,92 sky=10 wet=false ground=false pick=0 buck=0 iron=0 ore=0 rods=0 pearls=0 eyes=0 child=CollectIronIngotTask dbg=<Collecting 8 iron.: [[iron_ingot] x 8]>  mobs=none
[m[34m[01:58:26][m [32m[main/INFO][m [36m(Minecraft)[m [0m[CHAT] §2§l§o[TenorClef] §rT2 [HB] t=0:27.4 ph=IRON y=74 child=CollectIronIngotTask logs=0 pick=0 woodpick=1
[m[34m[01:58:27][m [32m[main/INFO][m [36m(Minecraft)[m [0m[CHAT] §2§l§o[TenorClef] §rT2 [NOW] t=0:27.8 ph=IRON @-237,74,92 do=<Collecting 8 iron.: [[iron_ingot] x 8]>  eq=wooden_pickaxe woodpick=1 stonepick=0 pick=0 iron=0 buck=0
[m[34m[01:58:27][m [32m[main/INFO][m [36m(Minecraft)[m [0m[CHAT] §2§l§o[TenorClef] §rT2 [HIST] 0:28.2 WHY iron: smelt 8 in one furnace
[m[34m[01:58:27][m [32m[main/INFO][m [36m(Minecraft)[m [0m[STDOUT]: ALTO CLEF: WARNING: T2 [E70] iron stall 6s @-237,92 — clear blacklist + re-pick ore
[m[34m[01:58:27][m [32m[main/INFO][m [36m(Minecraft)[m [0m[CHAT] §2§l§o[TenorClef] §cT2 [E70] iron stall 6s @-237,92 — clear blacklist + re-pick ore§r
[m[34m[01:58:28][m [32m[main/INFO][m [36m(Minecraft)[m [0m[CHAT] §2§l§o[TenorClef] §rT2 [NOW] t=0:28.8 ph=IRON @-237,74,92 do=<Collecting 8 iron.: [[iron_ingot] x 8]>  eq=wooden_pickaxe woodpick=1 stonepick=0 pick=0 iron=0 buck=0
[m[34m[01:58:28][m [32m[main/INFO][m [36m(Minecraft)[m [0m[STDOUT]: ALTO CLEF: WARNING: T2 [E100] jumps=7 @-237,73,92 ph=IRON child=CollectIronIngotTask
[m[34m[01:58:28][m [32m[main/INFO][m [36m(Minecraft)[m [0m[CHAT] §2§l§o[TenorClef] §cT2 [E100] jumps=7 @-237,73,92 ph=IRON child=CollectIronIngotTask§r
[m[34m[01:58:28][m [32m[main/INFO][m [36m(Minecraft)[m [0m[CHAT] §2§l§o[TenorClef] §rT2 [HIST] 0:29.0 [E100] jumps=7 @-237,73,92 ph=IRON child=CollectIronIngotTask
[m[34m[01:58:28][m [32m[Server thread/INFO][m [36m(Minecraft)[m [0mPlayer10 has made the advancement [Stone Age]
[m[34m[01:58:28][m [32m[main/INFO][m [36m(Minecraft)[m [0m[CHAT] Player10 has made the advancement [Stone Age]
[m[34m[01:58:28][m [32m[main/INFO][m [36m(Minecraft)[m [0mLoaded 43 advancements
[m[34m[01:58:29][m [32m[main/INFO][m [36m(Minecraft)[m [0m[CHAT] §2§l§o[TenorClef] §rT2 [NOW] t=0:29.8 ph=IRON @-237,73,92 do=<Collecting 8 iron.: [[iron_ingot] x 8]>  eq=wooden_pickaxe woodpick=1 stonepick=0 pick=0 iron=0 buck=0
[m[34m[01:58:29][m [32m[main/INFO][m [36m(Minecraft)[m [0m[CHAT] §2§l§o[TenorClef] §rT2 [HIST] 0:29.8 SNAP ph=IRON @-237,73,92 sky=9 wet=false ground=true pick=0 buck=0 iron=0 ore=0 rods=0 pearls=0 eyes=0 child=CollectIronIngotTask dbg=<Collecting 8 iron.: [[iron_ingot] x 8]>  mobs=none
[m[34m[01:58:30][m [32m[main/INFO][m [36m(Minecraft)[m [0m[CHAT] §2§l§o[TenorClef] §rT2 [NOW] t=0:30.8 ph=IRON @-237,72,92 do=<Collecting 8 iron.: [[iron_ingot] x 8]>  eq=wooden_pickaxe woodpick=1 stonepick=0 pick=0 iron=0 buck=0
[m[34m[01:58:31][m [32m[main/INFO][m [36m(Minecraft)[m [0m[CHAT] §2§l§o[TenorClef] §rT2 [NOW] t=0:31.8 ph=IRON @-237,72,92 do=<Collecting 8 iron.: [[iron_ingot] x 8]>  eq=wooden_pickaxe woodpick=1 stonepick=0 pick=0 iron=0 buck=0
[m[34m[01:58:31][m [32m[main/INFO][m [36m(Minecraft)[m [0m[CHAT] §2§l§o[TenorClef] §rT2 [HIST] 0:32.3 WHY iron: smelt 8 in one furnace
[m[34m[01:58:31][m [32m[main/INFO][m [36m(Minecraft)[m [0m[CHAT] §2§l§o[TenorClef] §rT2 [HIST] 0:32.3 SNAP ph=IRON @-237,72,92 sky=8 wet=false ground=true pick=0 buck=0 iron=0 ore=0 rods=0 pearls=0 eyes=0 child=CollectIronIngotTask dbg=<Collecting 8 iron.: [[iron_ingot] x 8]>  mobs=none
[m[34m[01:58:32][m [32m[main/INFO][m [36m(Minecraft)[m [0m[CHAT] §2§l§o[TenorClef] §rT2 [NOW] t=0:32.8 ph=IRON @-237,71,92 do=<Collecting 8 iron.: [[iron_ingot] x 8]>  eq=wooden_pickaxe woodpick=1 stonepick=0 pick=0 iron=0 buck=0
[m[34m[01:58:32][m [32m[main/INFO][m [36m(Minecraft)[m [0m[CHAT] §2§l§o[TenorClef] §rT2 [HIST] 0:33.2 [E100] jumps=6 @-237,71,92 ph=IRON child=CollectIronIngotTask
[m[34m[01:58:33][m [32m[main/INFO][m [36m(Minecraft)[m [0m[CHAT] §2§l§o[TenorClef] §rT2 [NOW] t=0:33.8 ph=IRON @-237,73,92 do=<Collecting 8 iron.: [[iron_ingot] x 8]>  eq=dirt woodpick=1 stonepick=0 pick=0 iron=0 buck=0
[m[34m[01:58:33][m [32m[main/INFO][m [36m(Minecraft)[m [0m[STDOUT]: ALTO CLEF: WARNING: T2 [E70] iron stall 6s @-237,92 — clear blacklist + re-pick ore
[m[34m[01:58:33][m [32m[main/INFO][m [36m(Minecraft)[m [0m[CHAT] §2§l§o[TenorClef] §cT2 [E70] iron stall 6s @-237,92 — clear blacklist + re-pick ore§r
[m[34m[01:58:34][m [32m[main/INFO][m [36m(Minecraft)[m [0m[STDOUT]: ALTO CLEF: WARNING: T2 [E100] jumps=6 @-237,74,92 ph=IRON child=CollectIronIngotTask
[m[34m[01:58:34][m [32m[main/INFO][m [36m(Minecraft)[m [0m[CHAT] §2§l§o[TenorClef] §cT2 [E100] jumps=6 @-237,74,92 ph=IRON child=CollectIronIngotTask§r
[m[34m[01:58:34][m [32m[main/INFO][m [36m(Minecraft)[m [0m[CHAT] §2§l§o[TenorClef] §rT2 [HIST] 0:34.6 [E100] jumps=6 @-237,74,92 ph=IRON child=CollectIronIngotTask
[m[34m[01:58:34][m [32m[main/INFO][m [36m(Minecraft)[m [0m[CHAT] §2§l§o[TenorClef] §rT2 [NOW] t=0:34.8 ph=IRON @-237,75,92 do=<Collecting 8 iron.: [[iron_ingot] x 8]>  eq=air woodpick=1 stonepick=0 pick=0 iron=0 buck=0
[m[34m[01:58:34][m [32m[main/INFO][m [36m(Minecraft)[m [0m[CHAT] §2§l§o[TenorClef] §rT2 [HIST] 0:34.8 SNAP ph=IRON @-237,75,92 sky=11 wet=false ground=false pick=0 buck=0 iron=0 ore=0 rods=0 pearls=0 eyes=0 child=CollectIronIngotTask dbg=<Collecting 8 iron.: [[iron_ingot] x 8]>  mobs=none
[m[34m[01:58:35][m [32m[main/INFO][m [36m(Minecraft)[m [0m[STDOUT]: ALTO CLEF: WARNING: T2 [S130] START trigger=flips=20 ph=IRON prev=CollectIronIngotTask cycle=1 pos=-237,75,92 walls=4/4/4 sky=11 place=6 boxed=true hold=false cool=0 ban=0 startY=75 step=0
[m[34m[01:58:35][m [32m[main/INFO][m [36m(Minecraft)[m [0m[CHAT] §2§l§o[TenorClef] §cT2 [S130] START trigger=flips=20 ph=IRON prev=CollectIronIngotTask cycle=1 pos=-237,75,92 walls=4/4/4 sky=11 place=6 boxed=true hold=false cool=0 ban=0 startY=75 step=0§r
[m[34m[01:58:35][m [32m[main/INFO][m [36m(Minecraft)[m [0m[CHAT] §2§l§o[TenorClef] §rT2 [HIST] 0:35.6 FORCE S130 START trigger=flips=20 ph=IRON prev=CollectIronIngotTask cycle=1 pos=-237,75,92 walls=4/4/4 sky=11 place=6 boxed=true hold=false cool=0 ban=0 startY=75 step=0
[m[34m[01:58:35][m [32m[main/INFO][m [36m(Minecraft)[m [0m[CHAT] §2§l§o[TenorClef] §rT2 [HIST] 0:35.6 PILLAR START flips=20 prev=CollectIronIngotTask
[m[34m[01:58:35][m [32m[main/INFO][m [36m(Minecraft)[m [0m[CHAT] §2§l§o[TenorClef] §rT2 [HIST] 0:35.6 SOLVE S130 pillar-out @-237,75,92 ph=IRON flips=20
[m[34m[01:58:35][m [32m[main/INFO][m [36m(Minecraft)[m [0m[CHAT] §2§l§o[TenorClef] §rT2 [HIST] 0:35.6 CHILD CollectIronIngotTask -> HolePillarTask ph=IRON @-237,75,92 sky=11 wet=false ground=true pick=0 buck=0 iron=0 ore=0 rods=0 pearls=0 eyes=0
[m[34m[01:58:35][m [32m[main/INFO][m [36m(Minecraft)[m [0m[STDOUT]: ALTO CLEF: WARNING: T2 [S130] tick y=75 slot=0 air=false pos=-237,75,92 walls=4/4/4 sky=11 place=6 boxed=true hold=true cool=0 ban=0 startY=75 step=1
[m[34m[01:58:35][m [32m[main/INFO][m [36m(Minecraft)[m [0m[CHAT] §2§l§o[TenorClef] §cT2 [S130] tick y=75 slot=0 air=false pos=-237,75,92 walls=4/4/4 sky=11 place=6 boxed=true hold=true cool=0 ban=0 startY=75 step=1§r
[m[34m[01:58:35][m [32m[main/INFO][m [36m(Minecraft)[m [0m[CHAT] §2§l§o[TenorClef] §rT2 [HIST] 0:35.6 FORCE S130 tick y=75 slot=0 air=false pos=-237,75,92 walls=4/4/4 sky=11 place=6 boxed=true hold=true cool=0 ban=0 startY=75 step=1
[m[34m[01:58:35][m [32m[main/INFO][m [36m(Minecraft)[m [0m[CHAT] §2§l§o[TenorClef] §rT2 [NOW] t=0:35.8 ph=IRON @-237,76,92 do=<T2 pillar-out>  eq=birch_planks woodpick=1 stonepick=0 pick=0 iron=0 buck=0
[m[34m[01:58:35][m [32m[main/INFO][m [36m(Minecraft)[m [0m[STDOUT]: ALTO CLEF: WARNING: T2 [S180] marginal escape +2y free at y=77 startY=75 pos=-237,77,92 walls=2/0/4 sky=13 place=5 boxed=false hold=true cool=0 ban=0 startY=75 step=13
[m[34m[01:58:35][m [32m[main/INFO][m [36m(Minecraft)[m [0m[CHAT] §2§l§o[TenorClef] §cT2 [S180] marginal escape +2y free at y=77 startY=75 pos=-237,77,92 walls=2/0/4 sky=13 place=5 boxed=false hold=true cool=0 ban=0 startY=75 step=13§r
[m[34m[01:58:35][m [32m[main/INFO][m [36m(Minecraft)[m [0m[CHAT] §2§l§o[TenorClef] §rT2 [HIST] 0:36.3 FORCE S180 marginal escape +2y free at y=77 startY=75 pos=-237,77,92 walls=2/0/4 sky=13 place=5 boxed=false hold=true cool=0 ban=0 startY=75 step=13
[m[34m[01:58:35][m [32m[main/INFO][m [36m(Minecraft)[m [0m[STDOUT]: ALTO CLEF: WARNING: T2 [S139] rise pending +2y t=1 y=77 startY=75
[m[34m[01:58:35][m [32m[main/INFO][m [36m(Minecraft)[m [0m[CHAT] §2§l§o[TenorClef] §cT2 [S139] rise pending +2y t=1 y=77 startY=75§r
[m[34m[01:58:35][m [32m[main/INFO][m [36m(Minecraft)[m [0m[CHAT] §2§l§o[TenorClef] §rT2 [HIST] 0:36.3 FORCE S139 rise pending +2y t=1 y=77 startY=75
[m[34m[01:58:36][m [32m[main/INFO][m [36m(Minecraft)[m [0m[STDOUT]: ALTO CLEF: WARNING: T2 [S130] tick y=77 slot=0 air=false pos=-237,77,92 walls=2/0/4 sky=13 place=4 boxed=false hold=true cool=0 ban=0 startY=75 step=21
[m[34m[01:58:36][m [32m[main/INFO][m [36m(Minecraft)[m [0m[CHAT] §2§l§o[TenorClef] §cT2 [S130] tick y=77 slot=0 air=false pos=-237,77,92 walls=2/0/4 sky=13 place=4 boxed=false hold=true cool=0 ban=0 startY=75 step=21§r
[m[34m[01:58:36][m [32m[main/INFO][m [36m(Minecraft)[m [0m[CHAT] §2§l§o[TenorClef] §rT2 [HIST] 0:36.6 FORCE S130 tick y=77 slot=0 air=false pos=-237,77,92 walls=2/0/4 sky=13 place=4 boxed=false hold=true cool=0 ban=0 startY=75 step=21
[m[34m[01:58:36][m [32m[main/INFO][m [36m(Minecraft)[m [0m[CHAT] §2§l§o[TenorClef] §rT2 [HIST] 0:36.7 [E100] jumps=6 @-237,77,92 ph=IRON child=HolePillarTask
[m[34m[01:58:36][m [32m[main/INFO][m [36m(Minecraft)[m [0m[STDOUT]: ALTO CLEF: WARNING: T2 [S180] marginal escape +3y free at y=78 startY=75 pos=-237,78,92 walls=0/0/2 sky=14 place=4 boxed=false hold=true cool=0 ban=0 startY=75 step=23
[m[34m[01:58:36][m [32m[main/INFO][m [36m(Minecraft)[m [0m[CHAT] §2§l§o[TenorClef] §cT2 [S180] marginal escape +3y free at y=78 startY=75 pos=-237,78,92 walls=0/0/2 sky=14 place=4 boxed=false hold=true cool=0 ban=0 startY=75 step=23§r
[m[34m[01:58:36][m [32m[main/INFO][m [36m(Minecraft)[m [0m[CHAT] §2§l§o[TenorClef] §rT2 [HIST] 0:36.8 FORCE S180 marginal escape +3y free at y=78 startY=75 pos=-237,78,92 walls=0/0/2 sky=14 place=4 boxed=false hold=true cool=0 ban=0 startY=75 step=23
[m[34m[01:58:36][m [32m[main/INFO][m [36m(Minecraft)[m [0m[STDOUT]: ALTO CLEF: WARNING: T2 [S139] rise pending +3y t=1 y=78 startY=75
[m[34m[01:58:36][m [32m[main/INFO][m [36m(Minecraft)[m [0m[CHAT] §2§l§o[TenorClef] §cT2 [S139] rise pending +3y t=1 y=78 startY=75§r
[m[34m[01:58:36][m [32m[main/INFO][m [36m(Minecraft)[m [0m[CHAT] §2§l§o[TenorClef] §rT2 [HIST] 0:36.8 FORCE S139 rise pending +3y t=1 y=78 startY=75
[m[34m[01:58:36][m [32m[main/INFO][m [36m(Minecraft)[m [0m[CHAT] §2§l§o[TenorClef] §rT2 [NOW] t=0:36.8 ph=IRON @-237,78,92 do=<T2 pillar-out>  eq=birch_planks woodpick=1 stonepick=0 pick=0 iron=0 buck=0
[m[34m[01:58:36][m [32m[main/INFO][m [36m(Minecraft)[m [0m[STDOUT]: ALTO CLEF: WARNING: T2 [S139] rise confirmed +4y y=79 startY=75 pos=-237,79,92 walls=0/0/0 sky=14 place=3 boxed=false hold=true cool=0 ban=0 startY=75 step=33
[m[34m[01:58:36][m [32m[main/INFO][m [36m(Minecraft)[m [0m[CHAT] §2§l§o[TenorClef] §cT2 [S139] rise confirmed +4y y=79 startY=75 pos=-237,79,92 walls=0/0/0 sky=14 place=3 boxed=false hold=true cool=0 ban=0 startY=75 step=33§r
[m[34m[01:58:36][m [32m[main/INFO][m [36m(Minecraft)[m [0m[CHAT] §2§l§o[TenorClef] §rT2 [HIST] 0:37.3 FORCE S139 rise confirmed +4y y=79 startY=75 pos=-237,79,92 walls=0/0/0 sky=14 place=3 boxed=false hold=true cool=0 ban=0 startY=75 step=33
[m[34m[01:58:36][m [32m[main/INFO][m [36m(Minecraft)[m [0m[STDOUT]: ALTO CLEF: WARNING: T2 [S133] cool arm ticks=80 reason=risen y=79 startY=75 ban=-237,79,92 pos=-237,79,92 walls=0/0/0 sky=14 place=3 boxed=false hold=true cool=80 ban=80 startY=75 step=33
[m[34m[01:58:36][m [32m[main/INFO][m [36m(Minecraft)[m [0m[CHAT] §2§l§o[TenorClef] §cT2 [S133] cool arm ticks=80 reason=risen y=79 startY=75 ban=-237,79,92 pos=-237,79,92 walls=0/0/0 sky=14 place=3 boxed=false hold=true cool=80 ban=80 startY=75 step=33§r
[m[34m[01:58:36][m [32m[main/INFO][m [36m(Minecraft)[m [0m[CHAT] §2§l§o[TenorClef] §rT2 [HIST] 0:37.3 FORCE S133 cool arm ticks=80 reason=risen y=79 startY=75 ban=-237,79,92 pos=-237,79,92 walls=0/0/0 sky=14 place=3 boxed=false hold=true cool=80 ban=80 startY=75 step=33
[m[34m[01:58:36][m [32m[main/INFO][m [36m(Minecraft)[m [0m[STDOUT]: ALTO CLEF: WARNING: T2 [S136] END reason=risen y=79 startY=75 roseReal=true giveUp=true pos=-237,79,92 walls=0/0/0 sky=14 place=3 boxed=false hold=true cool=80 ban=80 startY=75 step=33
[m[34m[01:58:36][m [32m[main/INFO][m [36m(Minecraft)[m [0m[CHAT] §2§l§o[TenorClef] §cT2 [S136] END reason=risen y=79 startY=75 roseReal=true giveUp=true pos=-237,79,92 walls=0/0/0 sky=14 place=3 boxed=false hold=true cool=80 ban=80 startY=75 step=33§r
[m[34m[01:58:36][m [32m[main/INFO][m [36m(Minecraft)[m [0m[CHAT] §2§l§o[TenorClef] §rT2 [HIST] 0:37.3 FORCE S136 END reason=risen y=79 startY=75 roseReal=true giveUp=true pos=-237,79,92 walls=0/0/0 sky=14 place=3 boxed=false hold=true cool=80 ban=80 startY=75 step=33
[m[34m[01:58:36][m [32m[main/INFO][m [36m(Minecraft)[m [0m[CHAT] §2§l§o[TenorClef] §rT2 [HIST] 0:37.3 PILLAR END risen y=79 startY=75
[m[34m[01:58:36][m [32m[main/INFO][m [36m(Minecraft)[m [0m[CHAT] §2§l§o[TenorClef] §rT2 [HIST] 0:37.3 WHY iron: smelt 8 in one furnace
[m[34m[01:58:36][m [32m[main/INFO][m [36m(Minecraft)[m [0m[STDOUT]: ALTO CLEF: WARNING: T2 [S136] stick drop pillar -> CollectIronIngotTask finished=true hold=false cool=79 end=risen y=79 startY=75 pos=-237,79,92 walls=0/0/0 sky=14 place=3 boxed=false hold=false cool=79 ban=79 startY=- step=0
[m[34m[01:58:36][m [32m[main/INFO][m [36m(Minecraft)[m [0m[CHAT] §2§l§o[TenorClef] §cT2 [S136] stick drop pillar -> CollectIronIngotTask finished=true hold=false cool=79 end=risen y=79 startY=75 pos=-237,79,92 walls=0/0/0 sky=14 place=3 boxed=false hold=false cool=79 ban=79 startY=- step=0§r
[m[34m[01:58:36][m [32m[main/INFO][m [36m(Minecraft)[m [0m[CHAT] §2§l§o[TenorClef] §rT2 [HIST] 0:37.3 FORCE S136 stick drop pillar -> CollectIronIngotTask finished=true hold=false cool=79 end=risen y=79 startY=75 pos=-237,79,92 walls=0/0/0 sky=14 place=3 boxed=false hold=false cool=79 ban=79 startY=- step=0
[m[34m[01:58:36][m [32m[main/INFO][m [36m(Minecraft)[m [0m[CHAT] §2§l§o[TenorClef] §rT2 [HIST] 0:37.3 CHILD HolePillarTask -> CollectIronIngotTask ph=IRON @-237,79,92 sky=14 wet=false ground=false pick=0 buck=0 iron=0 ore=0 rods=0 pearls=0 eyes=0
[m[34m[01:58:36][m [32m[main/INFO][m [36m(Minecraft)[m [0m[STDOUT]: ALTO CLEF: WARNING: T2 [S136] onStop interrupt=CollectIronIngotTask finishWhy=givingUp cool=79 lastEnd=risen y=79 startY=75 pos=-237,79,92 walls=0/0/0 sky=14 place=3 boxed=false hold=false cool=79 ban=79 startY=- step=0
[m[34m[01:58:36][m [32m[main/INFO][m [36m(Minecraft)[m [0m[CHAT] §2§l§o[TenorClef] §cT2 [S136] onStop interrupt=CollectIronIngotTask finishWhy=givingUp cool=79 lastEnd=risen y=79 startY=75 pos=-237,79,92 walls=0/0/0 sky=14 place=3 boxed=false hold=false cool=79 ban=79 startY=- step=0§r
[m[34m[01:58:36][m [32m[main/INFO][m [36m(Minecraft)[m [0m[CHAT] §2§l§o[TenorClef] §rT2 [HIST] 0:37.3 FORCE S136 onStop interrupt=CollectIronIngotTask finishWhy=givingUp cool=79 lastEnd=risen y=79 startY=75 pos=-237,79,92 walls=0/0/0 sky=14 place=3 boxed=false hold=false cool=79 ban=79 startY=- step=0
[m[34m[01:58:36][m [32m[main/INFO][m [36m(Minecraft)[m [0m[STDOUT]: ALTO CLEF: WARNING: T2 [S194] dig-down in progress y=78 child=CollectIronIngotTask - pillar/jump nudges stand aside
[m[34m[01:58:36][m [32m[main/INFO][m [36m(Minecraft)[m [0m[CHAT] §2§l§o[TenorClef] §cT2 [S194] dig-down in progress y=78 child=CollectIronIngotTask - pillar/jump nudges stand aside§r
[m[34m[01:58:36][m [32m[main/INFO][m [36m(Minecraft)[m [0m[CHAT] §2§l§o[TenorClef] §rT2 [HIST] 0:37.5 SOLVE S194 dig-down in progress y=78 child=CollectIronIngotTask - pillar/jump nudges stand aside
[m[34m[01:58:37][m [32m[main/INFO][m [36m(Minecraft)[m [0m[STDOUT]: ALTO CLEF: WARNING: T2 [S109] equip pick for mining (was holding cobblestone)
[m[34m[01:58:37][m [32m[main/INFO][m [36m(Minecraft)[m [0m[CHAT] §2§l§o[TenorClef] §cT2 [S109] equip pick for mining (was holding cobblestone)§r
[m[34m[01:58:37][m [32m[main/INFO][m [36m(Minecraft)[m [0m[CHAT] §2§l§o[TenorClef] §rT2 [HIST] 0:37.6 SOLVE S109 equip pick for mining (was holding cobblestone)
[m[34m[01:58:37][m [32m[main/INFO][m [36m(Minecraft)[m [0m[CHAT] §2§l§o[TenorClef] §rT2 [NOW] t=0:37.8 ph=IRON @-237,78,92 do=<Collecting 8 iron.: [[iron_ingot] x 8]>  eq=wooden_pickaxe woodpick=1 stonepick=0 pick=0 iron=0 buck=0
[m[34m[01:58:37][m [32m[main/INFO][m [36m(Minecraft)[m [0m[CHAT] §2§l§o[TenorClef] §rMineAndCollect: equip item.minecraft.stone_pickaxe for block.minecraft.iron_ore
[m[34m[01:58:37][m [32m[Server thread/INFO][m [36m(Minecraft)[m [0mPlayer10 has made the advancement [Getting an Upgrade]
[m[34m[01:58:37][m [32m[main/INFO][m [36m(Minecraft)[m [0m[CHAT] Player10 has made the advancement [Getting an Upgrade]
[m[34m[01:58:37][m [32m[main/INFO][m [36m(Minecraft)[m [0mLoaded 47 advancements
[m[34m[01:58:37][m [32m[main/INFO][m [36m(Minecraft)[m [0m[CHAT] §2§l§o[TenorClef] §rT2 [HIST] 0:38.2 SNAP ph=IRON @-238,78,92 sky=14 wet=false ground=true pick=0 buck=0 iron=0 ore=0 rods=0 pearls=0 eyes=0 child=CollectIronIngotTask dbg=<Collecting 8 iron.: [[iron_ingot] x 8]>  mobs=none
[m[34m[01:58:37][m [32m[main/INFO][m [36m(Minecraft)[m [0m[CHAT] §2§l§o[TenorClef] §rT2 [HB] t=0:38.3 ph=IRON y=78 child=CollectIronIngotTask logs=0 pick=0 woodpick=1
[m[34m[01:58:38][m [32m[main/INFO][m [36m(Minecraft)[m [0m[STDOUT]: ALTO CLEF: WARNING: T2 [S138] shaft ban clear left-xz ban=-237,79,92 now=-239,77,92 manh=2 dy=2 left=52
[m[34m[01:58:38][m [32m[main/INFO][m [36m(Minecraft)[m [0m[CHAT] §2§l§o[TenorClef] §cT2 [S138] shaft ban clear left-xz ban=-237,79,92 now=-239,77,92 manh=2 dy=2 left=52§r
[m[34m[01:58:38][m [32m[main/INFO][m [36m(Minecraft)[m [0m[CHAT] §2§l§o[TenorClef] §rT2 [HIST] 0:38.7 FORCE S138 shaft ban clear left-xz ban=-237,79,92 now=-239,77,92 manh=2 dy=2 left=52
[m[34m[01:58:38][m [32m[main/INFO][m [36m(Minecraft)[m [0m[CHAT] §2§l§o[TenorClef] §rT2 [NOW] t=0:38.8 ph=IRON @-239,77,92 do=<Collecting 8 iron.: [[iron_ingot] x 8]>  eq=stone_pickaxe woodpick=1 stonepick=1 pick=0 iron=0 buck=0
[m[34m[01:58:39][m [32m[main/INFO][m [36m(Minecraft)[m [0m[CHAT] §2§l§o[TenorClef] §rT2 [NOW] t=0:39.8 ph=IRON @-241,76,96 do=<Collecting 8 iron.: [[iron_ingot] x 8]>  eq=stone_pickaxe woodpick=1 stonepick=1 pick=0 iron=0 buck=0
[m[34m[01:58:39][m [32m[main/INFO][m [36m(Minecraft)[m [0m[CHAT] §2§l§o[TenorClef] §rMineAndCollect: equip item.minecraft.stone_pickaxe for block.minecraft.iron_ore
[m[34m[01:58:39][m [32m[main/INFO][m [36m(Minecraft)[m [0m[CHAT] §2§l§o[TenorClef] §rMineAndCollect: equip item.minecraft.stone_pickaxe for block.minecraft.iron_ore
[m[34m[01:58:40][m [32m[main/INFO][m [36m(Minecraft)[m [0m[CHAT] §2§l§o[TenorClef] §rMineAndCollect: equip item.minecraft.stone_pickaxe for block.minecraft.iron_ore
[m[34m[01:58:40][m [32m[main/INFO][m [36m(Minecraft)[m [0m[CHAT] §2§l§o[TenorClef] §rT2 [HIST] 0:40.7 SNAP ph=IRON @-243,75,97 sky=15 wet=false ground=true pick=0 buck=0 iron=0 ore=0 rods=0 pearls=0 eyes=0 child=CollectIronIngotTask dbg=<Collecting 8 iron.: [[iron_ingot] x 8]>  mobs=none
[m[34m[01:58:40][m [32m[main/INFO][m [36m(Minecraft)[m [0m[CHAT] §2§l§o[TenorClef] §rMineAndCollect: equip item.minecraft.stone_pickaxe for block.minecraft.iron_ore
[m[34m[01:58:40][m [32m[main/INFO][m [36m(Minecraft)[m [0m[CHAT] §2§l§o[TenorClef] §rMineAndCollect: equip item.minecraft.stone_pickaxe for block.minecraft.iron_ore
[m[34m[01:58:40][m [32m[main/INFO][m [36m(Minecraft)[m [0m[CHAT] §2§l§o[TenorClef] §rT2 [NOW] t=0:40.8 ph=IRON @-243,75,97 do=<Collecting 8 iron.: [[iron_ingot] x 8]>  eq=birch_log woodpick=1 stonepick=1 pick=0 iron=0 buck=0
[m[34m[01:58:40][m [32m[main/INFO][m [36m(Minecraft)[m [0m[CHAT] §2§l§o[TenorClef] §rMineAndCollect: equip item.minecraft.stone_pickaxe for block.minecraft.iron_ore
[m[34m[01:58:40][m [32m[main/INFO][m [36m(Minecraft)[m [0m[CHAT] §2§l§o[TenorClef] §rMineAndCollect: equip item.minecraft.stone_pickaxe for block.minecraft.iron_ore
[m[34m[01:58:40][m [32m[main/INFO][m [36m(Minecraft)[m [0m[CHAT] §2§l§o[TenorClef] §rMineAndCollect: equip item.minecraft.stone_pickaxe for block.minecraft.iron_ore
[m[34m[01:58:40][m [32m[main/INFO][m [36m(Minecraft)[m [0m[CHAT] §2§l§o[TenorClef] §rMineAndCollect: equip item.minecraft.stone_pickaxe for block.minecraft.iron_ore
[m[34m[01:58:40][m [32m[main/INFO][m [36m(Minecraft)[m [0m[STDOUT]: ALTO CLEF: WARNING: T2 [S134] pillar cool expire after flips=20 end=risen y=79 startY=75
[m[34m[01:58:40][m [32m[main/INFO][m [36m(Minecraft)[m [0m[CHAT] §2§l§o[TenorClef] §cT2 [S134] pillar cool expire after flips=20 end=risen y=79 startY=75§r
[m[34m[01:58:40][m [32m[main/INFO][m [36m(Minecraft)[m [0m[CHAT] §2§l§o[TenorClef] §rT2 [HIST] 0:41.3 FORCE S134 pillar cool expire after flips=20 end=risen y=79 startY=75
[m[34m[01:58:40][m [32m[main/INFO][m [36m(Minecraft)[m [0m[STDOUT]: ALTO CLEF: WARNING: T2 [S138] shaft ban clear left-y ban=-237,79,92 now=-243,74,97 manh=11 dy=5 left=60
[m[34m[01:58:40][m [32m[main/INFO][m [36m(Minecraft)[m [0m[CHAT] §2§l§o[TenorClef] §cT2 [S138] shaft ban clear left-y ban=-237,79,92 now=-243,74,97 manh=11 dy=5 left=60§r
[m[34m[01:58:40][m [32m[main/INFO][m [36m(Minecraft)[m [0m[CHAT] §2§l§o[TenorClef] §rT2 [HIST] 0:41.3 FORCE S138 shaft ban clear left-y ban=-237,79,92 now=-243,74,97 manh=11 dy=5 left=60
[m[34m[01:58:40][m [32m[main/INFO][m [36m(Minecraft)[m [0m[CHAT] §2§l§o[TenorClef] §rT2 [HIST] 0:41.3 WHY iron: smelt 8 in one furnace
[m[34m[01:58:40][m [32m[main/INFO][m [36m(Minecraft)[m [0m[CHAT] §2§l§o[TenorClef] §rMineAndCollect: equip item.minecraft.stone_pickaxe for block.minecraft.iron_ore
[m[34m[01:58:41][m [32m[main/INFO][m [36m(Minecraft)[m [0m[CHAT] §2§l§o[TenorClef] §rT2 [NOW] t=0:41.8 ph=IRON @-243,74,97 do=<Collecting 8 iron.: [[iron_ingot] x 8]>  eq=birch_log woodpick=1 stonepick=1 pick=0 iron=0 buck=0
[m[34m[01:58:42][m [32m[main/INFO][m [36m(Minecraft)[m [0m[CHAT] §2§l§o[TenorClef] §rT2 [NOW] t=0:42.8 ph=IRON @-243,73,97 do=<Collecting 8 iron.: [[iron_ingot] x 8]>  eq=birch_log woodpick=1 stonepick=1 pick=0 iron=0 buck=0
[m[34m[01:58:42][m [32m[main/INFO][m [36m(Minecraft)[m [0m[CHAT] §2§l§o[TenorClef] §rT2 [HIST] 0:43.2 SNAP ph=IRON @-243,73,97 sky=15 wet=false ground=true pick=0 buck=0 iron=0 ore=0 rods=0 pearls=0 eyes=0 child=CollectIronIngotTask dbg=<Collecting 8 iron.: [[iron_ingot] x 8]>  mobs=none
[m[34m[01:58:42][m [32m[main/INFO][m [36m(Minecraft)[m [0m[CHAT] §2§l§o[TenorClef] §rT2 [HB] t=0:43.3 ph=IRON y=73 child=CollectIronIngotTask logs=1 pick=0 woodpick=1
[m[34m[01:58:43][m [32m[main/INFO][m [36m(Minecraft)[m [0m[CHAT] §2§l§o[TenorClef] §rT2 [NOW] t=0:43.8 ph=IRON @-243,72,97 do=<Collecting 8 iron.: [[iron_ingot] x 8]>  eq=birch_log woodpick=1 stonepick=1 pick=0 iron=0 buck=0
[m[34m[01:58:43][m [32m[main/INFO][m [36m(Minecraft)[m [0m[STDOUT]: ALTO CLEF: WARNING: T2 [E100] jumps=6 @-243,72,97 ph=IRON child=CollectIronIngotTask
[m[34m[01:58:43][m [32m[main/INFO][m [36m(Minecraft)[m [0m[CHAT] §2§l§o[TenorClef] §cT2 [E100] jumps=6 @-243,72,97 ph=IRON child=CollectIronIngotTask§r
[m[34m[01:58:43][m [32m[main/INFO][m [36m(Minecraft)[m [0m[CHAT] §2§l§o[TenorClef] §rT2 [HIST] 0:44.4 [E100] jumps=6 @-243,72,97 ph=IRON child=CollectIronIngotTask
[m[34m[01:58:44][m [32m[main/INFO][m [36m(Minecraft)[m [0m[CHAT] §2§l§o[TenorClef] §rT2 [NOW] t=0:44.8 ph=IRON @-243,71,97 do=<Collecting 8 iron.: [[iron_ingot] x 8]>  eq=stone_pickaxe woodpick=1 stonepick=1 pick=0 iron=0 buck=0
[m[34m[01:58:44][m [32m[main/INFO][m [36m(Minecraft)[m [0m[CHAT] §2§l§o[TenorClef] §rT2 [HIST] 0:45.4 WHY iron: smelt 8 in one furnace
[m[34m[01:58:45][m [32m[main/INFO][m [36m(Minecraft)[m [0m[CHAT] §2§l§o[TenorClef] §rT2 [HIST] 0:45.7 SNAP ph=IRON @-243,70,97 sky=15 wet=false ground=true pick=0 buck=0 iron=0 ore=0 rods=0 pearls=0 eyes=0 child=CollectIronIngotTask dbg=<Collecting 8 iron.: [[iron_ingot] x 8]>  mobs=none
[m[34m[01:58:45][m [32m[main/INFO][m [36m(Minecraft)[m [0m[CHAT] §2§l§o[TenorClef] §rT2 [NOW] t=0:45.8 ph=IRON @-243,70,97 do=<Collecting 8 iron.: [[iron_ingot] x 8]>  eq=stone_pickaxe woodpick=1 stonepick=1 pick=0 iron=0 buck=0
[m[34m[01:58:45][m [32m[main/INFO][m [36m(Minecraft)[m [0m[CHAT] §2§l§o[TenorClef] §rT2 [HIST] 0:46.4 [E100] jumps=6 @-243,69,97 ph=IRON child=CollectIronIngotTask
[m[34m[01:58:46][m [32m[main/INFO][m [36m(Minecraft)[m [0m[CHAT] §2§l§o[TenorClef] §rT2 [NOW] t=0:46.8 ph=IRON @-243,69,97 do=<Collecting 8 iron.: [[iron_ingot] x 8]>  eq=stone_pickaxe woodpick=1 stonepick=1 pick=0 iron=0 buck=0
[m[34m[01:58:46][m [32m[main/INFO][m [36m(Minecraft)[m [0m[STDOUT]: ALTO CLEF: WARNING: T2 [E70] iron stall 6s @-243,97 — clear blacklist + re-pick ore
[m[34m[01:58:46][m [32m[main/INFO][m [36m(Minecraft)[m [0m[CHAT] §2§l§o[TenorClef] §cT2 [E70] iron stall 6s @-243,97 — clear blacklist + re-pick ore§r
[m[34m[01:58:47][m [32m[main/INFO][m [36m(Minecraft)[m [0m[CHAT] §2§l§o[TenorClef] §rT2 [NOW] t=0:47.8 ph=IRON @-243,68,97 do=<Collecting 8 iron.: [[iron_ingot] x 8]>  eq=stone_pickaxe woodpick=1 stonepick=1 pick=0 iron=0 buck=0
[m[34m[01:58:47][m [32m[main/INFO][m [36m(Minecraft)[m [0m[CHAT] §2§l§o[TenorClef] §rT2 [HIST] 0:48.2 SNAP ph=IRON @-243,67,97 sky=15 wet=false ground=false pick=0 buck=0 iron=0 ore=0 rods=0 pearls=0 eyes=0 child=CollectIronIngotTask dbg=<Collecting 8 iron.: [[iron_ingot] x 8]>  mobs=none
[m[34m[01:58:48][m [32m[main/INFO][m [36m(Minecraft)[m [0m[CHAT] §2§l§o[TenorClef] §rT2 [NOW] t=0:48.8 ph=IRON @-243,67,97 do=<Collecting 8 iron.: [[iron_ingot] x 8]>  eq=stone_pickaxe woodpick=1 stonepick=1 pick=0 iron=0 buck=0
[m[34m[01:58:48][m [32m[main/INFO][m [36m(Minecraft)[m [0m[CHAT] §2§l§o[TenorClef] §rT2 [HIST] 0:49.1 [E100] jumps=6 @-243,66,97 ph=IRON child=CollectIronIngotTask
[m[34m[01:58:48][m [32m[main/INFO][m [36m(Minecraft)[m [0m[CHAT] §2§l§o[TenorClef] §rT2 [HIST] 0:49.4 WHY iron: smelt 8 in one furnace
[m[34m[01:58:49][m [32m[main/INFO][m [36m(Minecraft)[m [0m[CHAT] §2§l§o[TenorClef] §rT2 [NOW] t=0:49.8 ph=IRON @-243,65,97 do=<Collecting 8 iron.: [[iron_ingot] x 8]>  eq=stone_pickaxe woodpick=1 stonepick=1 pick=0 iron=0 buck=0
[m[34m[01:58:50][m [32m[main/INFO][m [36m(Minecraft)[m [0m[CHAT] §2§l§o[TenorClef] §rT2 [HIST] 0:50.7 SNAP ph=IRON @-243,65,97 sky=15 wet=false ground=true pick=0 buck=0 iron=0 ore=0 rods=0 pearls=0 eyes=0 child=CollectIronIngotTask dbg=<Collecting 8 iron.: [[iron_ingot] x 8]>  mobs=none
[m[34m[01:58:50][m [32m[main/INFO][m [36m(Minecraft)[m [0m[CHAT] §2§l§o[TenorClef] §rT2 [NOW] t=0:50.8 ph=IRON @-243,64,97 do=<Collecting 8 iron.: [[iron_ingot] x 8]>  eq=stone_pickaxe woodpick=1 stonepick=1 pick=0 iron=0 buck=0
[m[34m[01:58:50][m [32m[main/INFO][m [36m(Minecraft)[m [0mLoaded 57 advancements
[m[34m[01:58:51][m [32m[main/INFO][m [36m(Minecraft)[m [0m[CHAT] §2§l§o[TenorClef] §rT2 [NOW] t=0:51.8 ph=IRON @-243,63,97 do=<Collecting 8 iron.: [[iron_ingot] x 8]>  eq=stone_pickaxe woodpick=1 stonepick=1 pick=0 iron=0 buck=0
[m[34m[01:58:51][m [32m[main/INFO][m [36m(Minecraft)[m [0m[STDOUT]: ALTO CLEF: WARNING: T2 [E100] jumps=6 @-243,63,97 ph=IRON child=CollectIronIngotTask
[m[34m[01:58:51][m [32m[main/INFO][m [36m(Minecraft)[m [0m[CHAT] §2§l§o[TenorClef] §cT2 [E100] jumps=6 @-243,63,97 ph=IRON child=CollectIronIngotTask§r
[m[34m[01:58:51][m [32m[main/INFO][m [36m(Minecraft)[m [0m[CHAT] §2§l§o[TenorClef] §rT2 [HIST] 0:51.8 [E100] jumps=6 @-243,63,97 ph=IRON child=CollectIronIngotTask
[m[34m[01:58:52][m [32m[main/INFO][m [36m(Minecraft)[m [0m[CHAT] §2§l§o[TenorClef] §rT2 [NOW] t=0:52.8 ph=IRON @-243,62,97 do=<Collecting 8 iron.: [[iron_ingot] x 8]>  eq=stone_pickaxe woodpick=1 stonepick=1 pick=0 iron=0 buck=0
[m[34m[01:58:52][m [32m[main/INFO][m [36m(Minecraft)[m [0m[CHAT] §2§l§o[TenorClef] §rT2 [HIST] 0:53.2 SNAP ph=IRON @-243,62,97 sky=15 wet=false ground=true pick=0 buck=0 iron=0 ore=0 rods=0 pearls=0 eyes=0 child=CollectIronIngotTask dbg=<Collecting 8 iron.: [[iron_ingot] x 8]>  mobs=none
[m[34m[01:58:52][m [32m[main/INFO][m [36m(Minecraft)[m [0m[STDOUT]: ALTO CLEF: WARNING: T2 [E70] iron stall 6s @-243,97 — clear blacklist + re-pick ore
[m[34m[01:58:52][m [32m[main/INFO][m [36m(Minecraft)[m [0m[CHAT] §2§l§o[TenorClef] §cT2 [E70] iron stall 6s @-243,97 — clear blacklist + re-pick ore§r
[m[34m[01:58:52][m [32m[main/INFO][m [36m(Minecraft)[m [0m[CHAT] §2§l§o[TenorClef] §rT2 [HIST] 0:53.4 WHY iron: smelt 8 in one furnace
[m[34m[01:58:53][m [32m[main/INFO][m [36m(Minecraft)[m [0m[CHAT] §2§l§o[TenorClef] §rT2 [NOW] t=0:53.8 ph=IRON @-243,62,97 do=<Collecting 8 iron.: [[iron_ingot] x 8]>  eq=stone_pickaxe woodpick=1 stonepick=1 pick=0 iron=0 buck=0
[m[34m[01:58:54][m [32m[main/INFO][m [36m(Minecraft)[m [0mLoaded 59 advancements
[m[34m[01:58:54][m [32m[main/INFO][m [36m(Minecraft)[m [0m[CHAT] §2§l§o[TenorClef] §rT2 [NOW] t=0:54.8 ph=IRON @-243,61,97 do=<Collecting 8 iron.: [[iron_ingot] x 8]>  eq=stone_pickaxe woodpick=1 stonepick=1 pick=0 iron=0 buck=0
[m[34m[01:58:55][m [32m[main/INFO][m [36m(Minecraft)[m [0m[CHAT] §2§l§o[TenorClef] §rT2 [HIST] 0:55.7 SNAP ph=IRON @-243,61,97 sky=15 wet=false ground=true pick=0 buck=0 iron=0 ore=1 rods=0 pearls=0 eyes=0 child=CollectIronIngotTask dbg=<Collecting 8 iron.: [[iron_ingot] x 8]>  mobs=none
[m[34m[01:58:55][m [32m[main/INFO][m [36m(Minecraft)[m [0m[CHAT] §2§l§o[TenorClef] §rT2 [NOW] t=0:55.8 ph=IRON @-243,60,97 do=<Collecting 8 iron.: [[iron_ingot] x 8]>  eq=stone_pickaxe woodpick=1 stonepick=1 pick=0 iron=0 buck=0
[m[34m[01:58:55][m [32m[main/INFO][m [36m(Minecraft)[m [0m[CHAT] §2§l§o[TenorClef] §rT2 [HIST] 0:55.9 [E100] jumps=6 @-243,60,97 ph=IRON child=CollectIronIngotTask
[m[34m[01:58:56][m [32m[main/INFO][m [36m(Minecraft)[m [0m[CHAT] §2§l§o[TenorClef] §rT2 [NOW] t=0:56.8 ph=IRON @-243,60,97 do=<Collecting 8 iron.: [[iron_ingot] x 8]>  eq=stone_pickaxe woodpick=1 stonepick=1 pick=0 iron=0 buck=0
[m[34m[01:58:56][m [32m[main/INFO][m [36m(Minecraft)[m [0m[CHAT] §2§l§o[TenorClef] §rT2 [HIST] 0:57.4 WHY iron: smelt 8 in one furnace
[m[34m[01:58:57][m [32m[main/INFO][m [36m(Minecraft)[m [0m[CHAT] §2§l§o[TenorClef] §rT2 [NOW] t=0:57.8 ph=IRON @-243,60,97 do=<Collecting 8 iron.: [[iron_ingot] x 8]>  eq=stone_pickaxe woodpick=1 stonepick=1 pick=0 iron=0 buck=0
[m[34m[01:58:57][m [32m[main/INFO][m [36m(Minecraft)[m [0m[CHAT] §2§l§o[TenorClef] §rT2 [HIST] 0:58.2 SNAP ph=IRON @-243,60,97 sky=15 wet=false ground=true pick=0 buck=0 iron=0 ore=2 rods=0 pearls=0 eyes=0 child=CollectIronIngotTask dbg=<Collecting 8 iron.: [[iron_ingot] x 8]>  mobs=none
[m[34m[01:58:57][m [32m[main/INFO][m [36m(Minecraft)[m [0m[CHAT] §2§l§o[TenorClef] §rT2 [HB] t=0:58.3 ph=IRON y=60 child=CollectIronIngotTask logs=1 pick=0 woodpick=1
[m[34m[01:58:58][m [32m[main/INFO][m [36m(Minecraft)[m [0m[STDOUT]: ALTO CLEF: WARNING: T2 [S100] stop jump-walk @-243,97 ph=IRON child=CollectIronIngotTask esc=0
[m[34m[01:58:58][m [32m[main/INFO][m [36m(Minecraft)[m [0m[CHAT] §2§l§o[TenorClef] §cT2 [S100] stop jump-walk @-243,97 ph=IRON child=CollectIronIngotTask esc=0§r
[m[34m[01:58:58][m [32m[main/INFO][m [36m(Minecraft)[m [0m[CHAT] §2§l§o[TenorClef] §rT2 [HIST] 0:58.7 SOLVE S100 stop jump-walk @-243,97 ph=IRON child=CollectIronIngotTask esc=0
[m[34m[01:58:58][m [32m[main/INFO][m [36m(Minecraft)[m [0m[CHAT] §2§l§o[TenorClef] §rRefreshed inventory...
[m[34m[01:58:58][m [32m[main/INFO][m [36m(Minecraft)[m [0m[CHAT] §2§l§o[TenorClef] §rT2 [NOW] t=0:58.8 ph=IRON @-243,60,97 do=<Collecting 8 iron.: [[iron_ingot] x 8]>  eq=stone_pickaxe woodpick=1 stonepick=1 pick=0 iron=0 buck=0
[m[34m[01:58:59][m [32m[main/INFO][m [36m(Minecraft)[m [0m[CHAT] §2§l§o[TenorClef] §rT2 [NOW] t=0:59.8 ph=IRON @-243,60,97 do=<Collecting 8 iron.: [[iron_ingot] x 8]>  eq=stone_pickaxe woodpick=1 stonepick=1 pick=0 iron=0 buck=0
[m[34m[01:59:00][m [32m[main/INFO][m [36m(Minecraft)[m [0m[CHAT] §2§l§o[TenorClef] §rT2 [HIST] 1:00.7 SNAP ph=IRON @-243,60,97 sky=15 wet=false ground=true pick=0 buck=0 iron=0 ore=3 rods=0 pearls=0 eyes=0 child=CollectIronIngotTask dbg=<Collecting 8 iron.: [[iron_ingot] x 8]>  mobs=none
[m[34m[01:59:00][m [32m[main/INFO][m [36m(Minecraft)[m [0m[CHAT] §2§l§o[TenorClef] §rT2 [NOW] t=1:00.8 ph=IRON @-243,60,97 do=<Collecting 8 iron.: [[iron_ingot] x 8]>  eq=stone_pickaxe woodpick=1 stonepick=1 pick=0 iron=0 buck=0
[m[34m[01:59:00][m [32m[main/INFO][m [36m(Minecraft)[m [0m[CHAT] §2§l§o[TenorClef] §rT2 [HIST] 1:01.5 WHY iron: smelt 8 in one furnace
[m[34m[01:59:01][m [32m[main/INFO][m [36m(Minecraft)[m [0m[CHAT] §2§l§o[TenorClef] §rT2 [NOW] t=1:01.8 ph=IRON @-243,60,97 do=<Collecting 8 iron.: [[iron_ingot] x 8]>  eq=stone_pickaxe woodpick=1 stonepick=1 pick=0 iron=0 buck=0
[m[34m[01:59:02][m [32m[main/INFO][m [36m(Minecraft)[m [0m[CHAT] §2§l§o[TenorClef] §rT2 [NOW] t=1:02.8 ph=IRON @-243,60,97 do=<Collecting 8 iron.: [[iron_ingot] x 8]>  eq=stone_pickaxe woodpick=1 stonepick=1 pick=0 iron=0 buck=0
[m[34m[01:59:02][m [32m[main/INFO][m [36m(Minecraft)[m [0m[CHAT] §2§l§o[TenorClef] §rT2 [HIST] 1:03.2 SNAP ph=IRON @-243,60,97 sky=15 wet=false ground=true pick=0 buck=0 iron=0 ore=3 rods=0 pearls=0 eyes=0 child=CollectIronIngotTask dbg=<Collecting 8 iron.: [[iron_ingot] x 8]>  mobs=none
[m[34m[01:59:02][m [32m[main/INFO][m [36m(Minecraft)[m [0m[CHAT] §2§l§o[TenorClef] §rT2 [HB] t=1:03.3 ph=IRON y=60 child=CollectIronIngotTask logs=1 pick=0 woodpick=1
[m[34m[01:59:03][m [32m[main/INFO][m [36m(Minecraft)[m [0m[CHAT] §2§l§o[TenorClef] §rT2 [NOW] t=1:03.8 ph=IRON @-243,60,97 do=<Collecting 8 iron.: [[iron_ingot] x 8]>  eq=stone_pickaxe woodpick=1 stonepick=1 pick=0 iron=0 buck=0
[m[34m[01:59:04][m [32m[main/INFO][m [36m(Minecraft)[m [0m[CHAT] §2§l§o[TenorClef] §rT2 [NOW] t=1:04.8 ph=IRON @-243,60,97 do=<Collecting 8 iron.: [[iron_ingot] x 8]>  eq=stone_pickaxe woodpick=1 stonepick=1 pick=0 iron=0 buck=0
[m[34m[01:59:04][m [32m[main/INFO][m [36m(Minecraft)[m [0m[STDOUT]: ALTO CLEF: WARNING: T2 [E70] iron stall 6s @-243,97 — clear blacklist + re-pick ore
[m[34m[01:59:04][m [32m[main/INFO][m [36m(Minecraft)[m [0m[CHAT] §2§l§o[TenorClef] §cT2 [E70] iron stall 6s @-243,97 — clear blacklist + re-pick ore§r
[m[34m[01:59:05][m [32m[main/INFO][m [36m(Minecraft)[m [0m[CHAT] §2§l§o[TenorClef] §rT2 [HIST] 1:05.7 SNAP ph=IRON @-243,60,96 sky=14 wet=false ground=true pick=0 buck=0 iron=0 ore=3 rods=0 pearls=0 eyes=0 child=CollectIronIngotTask dbg=<Collecting 8 iron.: [[iron_ingot] x 8]>  mobs=none
[m[34m[01:59:05][m [32m[main/INFO][m [36m(Minecraft)[m [0m[CHAT] §2§l§o[TenorClef] §rT2 [NOW] t=1:05.8 ph=IRON @-243,60,96 do=<Collecting 8 iron.: [[iron_ingot] x 8]>  eq=stone_pickaxe woodpick=1 stonepick=1 pick=0 iron=0 buck=0
[m[34m[01:59:06][m [32m[main/INFO][m [36m(Minecraft)[m [0m[CHAT] §2§l§o[TenorClef] §rT2 [NOW] t=1:06.8 ph=IRON @-243,60,96 do=<Collecting 8 iron.: [[iron_ingot] x 8]>  eq=stone_pickaxe woodpick=1 stonepick=1 pick=0 iron=0 buck=0
[m[34m[01:59:07][m [32m[main/INFO][m [36m(Minecraft)[m [0m[CHAT] §2§l§o[TenorClef] §rT2 [NOW] t=1:07.8 ph=IRON @-243,60,96 do=<Collecting 8 iron.: [[iron_ingot] x 8]>  eq=stone_pickaxe woodpick=1 stonepick=1 pick=0 iron=0 buck=0
[m[34m[01:59:07][m [32m[main/INFO][m [36m(Minecraft)[m [0m[CHAT] §2§l§o[TenorClef] §rT2 [HIST] 1:08.2 SNAP ph=IRON @-243,60,96 sky=14 wet=false ground=true pick=0 buck=0 iron=0 ore=3 rods=0 pearls=0 eyes=0 child=CollectIronIngotTask dbg=<Collecting 8 iron.: [[iron_ingot] x 8]>  mobs=none
[m[34m[01:59:08][m [32m[main/INFO][m [36m(Minecraft)[m [0m[CHAT] §2§l§o[TenorClef] §rT2 [NOW] t=1:08.8 ph=IRON @-243,60,96 do=<Collecting 8 iron.: [[iron_ingot] x 8]>  eq=stone_pickaxe woodpick=1 stonepick=1 pick=0 iron=0 buck=0
[m[34m[01:59:09][m [32m[main/INFO][m [36m(Minecraft)[m [0m[CHAT] §2§l§o[TenorClef] §rT2 [NOW] t=1:09.8 ph=IRON @-243,60,96 do=<Collecting 8 iron.: [[iron_ingot] x 8]>  eq=stone_pickaxe woodpick=1 stonepick=1 pick=0 iron=0 buck=0
[m[34m[01:59:10][m [32m[main/INFO][m [36m(Minecraft)[m [0m[CHAT] §2§l§o[TenorClef] §rT2 [HIST] 1:10.7 SNAP ph=IRON @-243,60,95 sky=13 wet=false ground=true pick=0 buck=0 iron=0 ore=5 rods=0 pearls=0 eyes=0 child=CollectIronIngotTask dbg=<Collecting 8 iron.: [[iron_ingot] x 8]>  mobs=none
[m[34m[01:59:10][m [32m[main/INFO][m [36m(Minecraft)[m [0m[CHAT] §2§l§o[TenorClef] §rT2 [NOW] t=1:10.8 ph=IRON @-243,60,95 do=<Collecting 8 iron.: [[iron_ingot] x 8]>  eq=stone_pickaxe woodpick=1 stonepick=1 pick=0 iron=0 buck=0
[m[34m[01:59:11][m [32m[main/INFO][m [36m(Minecraft)[m [0m[CHAT] §2§l§o[TenorClef] §rT2 [NOW] t=1:11.8 ph=IRON @-243,60,95 do=<Collecting 8 iron.: [[iron_ingot] x 8]>  eq=stone_pickaxe woodpick=1 stonepick=1 pick=0 iron=0 buck=0
[m[34m[01:59:12][m [32m[main/INFO][m [36m(Minecraft)[m [0m[CHAT] §2§l§o[TenorClef] §rT2 [NOW] t=1:12.8 ph=IRON @-243,60,95 do=<Collecting 8 iron.: [[iron_ingot] x 8]>  eq=stone_pickaxe woodpick=1 stonepick=1 pick=0 iron=0 buck=0
[m[34m[01:59:12][m [32m[main/INFO][m [36m(Minecraft)[m [0m[CHAT] §2§l§o[TenorClef] §rT2 [HIST] 1:13.2 SNAP ph=IRON @-243,60,95 sky=13 wet=false ground=true pick=0 buck=0 iron=0 ore=5 rods=0 pearls=0 eyes=0 child=CollectIronIngotTask dbg=<Collecting 8 iron.: [[iron_ingot] x 8]>  mobs=none
[m[34m[01:59:13][m [32m[main/INFO][m [36m(Minecraft)[m [0m[CHAT] §2§l§o[TenorClef] §rT2 [NOW] t=1:13.8 ph=IRON @-243,60,95 do=<Collecting 8 iron.: [[iron_ingot] x 8]>  eq=stone_pickaxe woodpick=1 stonepick=1 pick=0 iron=0 buck=0
[m[34m[01:59:14][m [32m[main/INFO][m [36m(Minecraft)[m [0m[CHAT] §2§l§o[TenorClef] §rT2 [NOW] t=1:14.8 ph=IRON @-244,60,95 do=<Collecting 8 iron.: [[iron_ingot] x 8]>  eq=stone_pickaxe woodpick=1 stonepick=1 pick=0 iron=0 buck=0
[m[34m[01:59:15][m [32m[main/INFO][m [36m(Minecraft)[m [0m[STDOUT]: ALTO CLEF: WARNING: T2 [S194] dig-down in progress y=59 child=CollectIronIngotTask - pillar/jump nudges stand aside
[m[34m[01:59:15][m [32m[main/INFO][m [36m(Minecraft)[m [0m[CHAT] §2§l§o[TenorClef] §cT2 [S194] dig-down in progress y=59 child=CollectIronIngotTask - pillar/jump nudges stand aside§r
[m[34m[01:59:15][m [32m[main/INFO][m [36m(Minecraft)[m [0m[CHAT] §2§l§o[TenorClef] §rT2 [HIST] 1:15.6 SOLVE S194 dig-down in progress y=59 child=CollectIronIngotTask - pillar/jump nudges stand aside
[m[34m[01:59:15][m [32m[main/INFO][m [36m(Minecraft)[m [0m[CHAT] §2§l§o[TenorClef] §rT2 [HIST] 1:15.6 WHY iron: smelt 8 in one furnace
[m[34m[01:59:15][m [32m[main/INFO][m [36m(Minecraft)[m [0m[CHAT] §2§l§o[TenorClef] §rT2 [HIST] 1:15.7 SNAP ph=IRON @-242,59,97 sky=13 wet=false ground=false pick=0 buck=0 iron=0 ore=10 rods=0 pearls=0 eyes=0 child=CollectIronIngotTask dbg=<Collecting 8 iron.: [[iron_ingot] x 8]>  mobs=none
[m[34m[01:59:15][m [32m[main/INFO][m [36m(Minecraft)[m [0m[CHAT] §2§l§o[TenorClef] §rT2 [NOW] t=1:15.8 ph=IRON @-242,59,97 do=<Collecting 8 iron.: [[iron_ingot] x 8]>  eq=stone_pickaxe woodpick=1 stonepick=1 pick=0 iron=0 buck=0
[m[34m[01:59:16][m [32m[main/INFO][m [36m(Minecraft)[m [0m[CHAT] §2§l§o[TenorClef] §rT2 [NOW] t=1:16.8 ph=IRON @-242,58,97 do=<Collecting 8 iron.: [[iron_ingot] x 8]>  eq=stone_pickaxe woodpick=1 stonepick=1 pick=0 iron=0 buck=0
[m[34m[01:59:17][m [32m[main/INFO][m [36m(Minecraft)[m [0m[CHAT] §2§l§o[TenorClef] §rT2 [NOW] t=1:17.8 ph=IRON @-242,57,97 do=<Collecting 8 iron.: [[iron_ingot] x 8]>  eq=stone_pickaxe woodpick=1 stonepick=1 pick=0 iron=0 buck=0
[m[34m[01:59:17][m [32m[main/INFO][m [36m(Minecraft)[m [0m[CHAT] §2§l§o[TenorClef] §rT2 [HIST] 1:18.2 SNAP ph=IRON @-242,56,97 sky=10 wet=false ground=false pick=0 buck=0 iron=0 ore=10 rods=0 pearls=0 eyes=0 child=CollectIronIngotTask dbg=<Collecting 8 iron.: [[iron_ingot] x 8]>  mobs=none
[m[34m[01:59:18][m [32m[main/INFO][m [36m(Minecraft)[m [0m[CHAT] §2§l§o[TenorClef] §rT2 [NOW] t=1:18.8 ph=IRON @-242,56,97 do=<Collecting 8 iron.: [[iron_ingot] x 8]>  eq=stone_pickaxe woodpick=1 stonepick=1 pick=0 iron=0 buck=0
[m[34m[01:59:19][m [32m[main/INFO][m [36m(Minecraft)[m [0m[STDOUT]: ALTO CLEF: WARNING: T2 [E100] jumps=8 @-242,56,97 ph=IRON child=CollectIronIngotTask
[m[34m[01:59:19][m [32m[main/INFO][m [36m(Minecraft)[m [0m[CHAT] §2§l§o[TenorClef] §cT2 [E100] jumps=8 @-242,56,97 ph=IRON child=CollectIronIngotTask§r
[m[34m[01:59:19][m [32m[main/INFO][m [36m(Minecraft)[m [0m[CHAT] §2§l§o[TenorClef] §rT2 [HIST] 1:19.5 [E100] jumps=8 @-242,56,97 ph=IRON child=CollectIronIngotTask
[m[34m[01:59:19][m [32m[main/INFO][m [36m(Minecraft)[m [0m[CHAT] §2§l§o[TenorClef] §rT2 [HIST] 1:19.6 WHY iron: smelt 8 in one furnace
[m[34m[01:59:19][m [32m[main/INFO][m [36m(Minecraft)[m [0m[CHAT] §2§l§o[TenorClef] §rT2 [NOW] t=1:19.8 ph=IRON @-242,55,97 do=<Collecting 8 iron.: [[iron_ingot] x 8]>  eq=stone_pickaxe woodpick=1 stonepick=1 pick=0 iron=0 buck=0
[m[34m[01:59:19][m [32m[main/INFO][m [36m(Minecraft)[m [0mLoaded 60 advancements
[m[34m[01:59:20][m [32m[main/INFO][m [36m(Minecraft)[m [0m[CHAT] §2§l§o[TenorClef] §rT2 [HIST] 1:20.7 SNAP ph=IRON @-242,55,97 sky=9 wet=false ground=true pick=0 buck=0 iron=0 ore=10 rods=0 pearls=0 eyes=0 child=CollectIronIngotTask dbg=<Collecting 8 iron.: [[iron_ingot] x 8]>  mobs=none
[m[34m[01:59:20][m [32m[main/INFO][m [36m(Minecraft)[m [0m[CHAT] §2§l§o[TenorClef] §rT2 [NOW] t=1:20.8 ph=IRON @-242,55,97 do=<Collecting 8 iron.: [[iron_ingot] x 8]>  eq=stone_pickaxe woodpick=1 stonepick=1 pick=0 iron=0 buck=0
[m[34m[01:59:21][m [32m[main/INFO][m [36m(Minecraft)[m [0m[STDOUT]: ALTO CLEF: WARNING: T2 [E70] iron stall 6s @-242,97 — clear blacklist + re-pick ore
[m[34m[01:59:21][m [32m[main/INFO][m [36m(Minecraft)[m [0m[CHAT] §2§l§o[TenorClef] §cT2 [E70] iron stall 6s @-242,97 — clear blacklist + re-pick ore§r
[m[34m[01:59:21][m [32m[main/INFO][m [36m(Minecraft)[m [0m[CHAT] §2§l§o[TenorClef] §rT2 [NOW] t=1:21.8 ph=IRON @-242,55,97 do=<Collecting 8 iron.: [[iron_ingot] x 8]>  eq=stone_pickaxe woodpick=1 stonepick=1 pick=0 iron=0 buck=0
[m[34m[01:59:22][m [32m[main/INFO][m [36m(Minecraft)[m [0m[CHAT] §2§l§o[TenorClef] §rT2 [NOW] t=1:22.8 ph=IRON @-242,56,96 do=<Collecting 8 iron.: [[iron_ingot] x 8]>  eq=stone_pickaxe woodpick=1 stonepick=1 pick=0 iron=0 buck=0
[m[34m[01:59:22][m [32m[main/INFO][m [36m(Minecraft)[m [0m[CHAT] §2§l§o[TenorClef] §rT2 [HIST] 1:23.2 SNAP ph=IRON @-242,56,96 sky=9 wet=false ground=true pick=0 buck=0 iron=0 ore=10 rods=0 pearls=0 eyes=0 child=CollectIronIngotTask dbg=<Collecting 8 iron.: [[iron_ingot] x 8]>  mobs=none
[m[34m[01:59:22][m [32m[main/INFO][m [36m(Minecraft)[m [0m[CHAT] §2§l§o[TenorClef] §rT2 [HB] t=1:23.4 ph=IRON y=56 child=CollectIronIngotTask logs=1 pick=0 woodpick=1
[m[34m[01:59:23][m [32m[main/INFO][m [36m(Minecraft)[m [0m[CHAT] §2§l§o[TenorClef] §rT2 [NOW] t=1:23.8 ph=IRON @-242,56,96 do=<Collecting 8 iron.: [[iron_ingot] x 8]>  eq=stone_pickaxe woodpick=1 stonepick=1 pick=0 iron=0 buck=0
[m[34m[01:59:24][m [32m[main/INFO][m [36m(Minecraft)[m [0m[CHAT] §2§l§o[TenorClef] §rT2 [NOW] t=1:24.8 ph=IRON @-242,56,96 do=<Collecting 8 iron.: [[iron_ingot] x 8]>  eq=stone_pickaxe woodpick=1 stonepick=1 pick=0 iron=0 buck=0
[m[34m[01:59:25][m [32m[main/INFO][m [36m(Minecraft)[m [0m[CHAT] §2§l§o[TenorClef] §rT2 [HIST] 1:25.7 SNAP ph=IRON @-241,57,96 sky=9 wet=false ground=true pick=0 buck=0 iron=0 ore=10 rods=0 pearls=0 eyes=0 child=CollectIronIngotTask dbg=<Collecting 8 iron.: [[iron_ingot] x 8]>  mobs=none
[m[34m[01:59:25][m [32m[main/INFO][m [36m(Minecraft)[m [0m[CHAT] §2§l§o[TenorClef] §rT2 [NOW] t=1:25.8 ph=IRON @-241,57,96 do=<Collecting 8 iron.: [[iron_ingot] x 8]>  eq=stone_pickaxe woodpick=1 stonepick=1 pick=0 iron=0 buck=0
[m[34m[01:59:26][m [32m[main/INFO][m [36m(Minecraft)[m [0m[CHAT] §2§l§o[TenorClef] §rT2 [NOW] t=1:26.8 ph=IRON @-241,57,96 do=<Collecting 8 iron.: [[iron_ingot] x 8]>  eq=stone_pickaxe woodpick=1 stonepick=1 pick=0 iron=0 buck=0
[m[34m[01:59:27][m [32m[main/INFO][m [36m(Minecraft)[m [0m[STDOUT]: ALTO CLEF: WARNING: T2 [E70] iron stall 6s @-241,96 — clear blacklist + re-pick ore
[m[34m[01:59:27][m [32m[main/INFO][m [36m(Minecraft)[m [0m[CHAT] §2§l§o[TenorClef] §cT2 [E70] iron stall 6s @-241,96 — clear blacklist + re-pick ore§r
[m[34m[01:59:27][m [32m[main/INFO][m [36m(Minecraft)[m [0m[CHAT] §2§l§o[TenorClef] §rT2 [NOW] t=1:27.8 ph=IRON @-241,57,96 do=<Collecting 8 iron.: [[iron_ingot] x 8]>  eq=stone_pickaxe woodpick=1 stonepick=1 pick=0 iron=0 buck=0
[m[34m[01:59:27][m [32m[main/INFO][m [36m(Minecraft)[m [0m[CHAT] §2§l§o[TenorClef] §rT2 [HIST] 1:28.2 SNAP ph=IRON @-241,58,96 sky=10 wet=false ground=false pick=0 buck=0 iron=0 ore=10 rods=0 pearls=0 eyes=0 child=CollectIronIngotTask dbg=<Collecting 8 iron.: [[iron_ingot] x 8]>  mobs=none
[m[34m[01:59:28][m [32m[main/INFO][m [36m(Minecraft)[m [0m[CHAT] §2§l§o[TenorClef] §rT2 [NOW] t=1:28.8 ph=IRON @-240,58,96 do=<Collecting 8 iron.: [[iron_ingot] x 8]>  eq=stone_pickaxe woodpick=1 stonepick=1 pick=0 iron=0 buck=0
[m[34m[01:59:28][m [32m[main/INFO][m [36m(Minecraft)[m [0m[CHAT] §2§l§o[TenorClef] §rRefreshed inventory...
[m[34m[01:59:29][m [32m[main/INFO][m [36m(Minecraft)[m [0m[CHAT] §2§l§o[TenorClef] §rT2 [NOW] t=1:29.8 ph=IRON @-240,58,96 do=<Collecting 8 iron.: [[iron_ingot] x 8]>  eq=stone_pickaxe woodpick=1 stonepick=1 pick=0 iron=0 buck=0
[m[34m[01:59:30][m [32m[main/INFO][m [36m(Minecraft)[m [0m[CHAT] §2§l§o[TenorClef] §rT2 [HIST] 1:30.7 SNAP ph=IRON @-240,58,96 sky=9 wet=false ground=true pick=0 buck=0 iron=0 ore=10 rods=0 pearls=0 eyes=0 child=CollectIronIngotTask dbg=<Collecting 8 iron.: [[iron_ingot] x 8]>  mobs=none
[m[34m[01:59:30][m [32m[main/INFO][m [36m(Minecraft)[m [0m[CHAT] §2§l§o[TenorClef] §rT2 [NOW] t=1:30.8 ph=IRON @-240,58,96 do=<Collecting 8 iron.: [[iron_ingot] x 8]>  eq=stone_pickaxe woodpick=1 stonepick=1 pick=0 iron=0 buck=0
[m[34m[01:59:30][m [32m[main/INFO][m [36m(Minecraft)[m [0mLoaded 69 advancements
[m[34m[01:59:31][m [32m[main/INFO][m [36m(Minecraft)[m [0m[CHAT] §2§l§o[TenorClef] §rT2 [NOW] t=1:31.8 ph=IRON @-239,59,96 do=<Collecting 8 iron.: [[iron_ingot] x 8]>  eq=stone_pickaxe woodpick=1 stonepick=1 pick=0 iron=0 buck=0
[m[34m[01:59:32][m [32m[main/INFO][m [36m(Minecraft)[m [0m[CHAT] §2§l§o[TenorClef] §rT2 [NOW] t=1:32.8 ph=IRON @-237,60,96 do=<Collecting 8 iron.: [[iron_ingot] x 8]>  eq=stone_pickaxe woodpick=1 stonepick=1 pick=0 iron=0 buck=0
[m[34m[01:59:32][m [32m[main/INFO][m [36m(Minecraft)[m [0m[CHAT] §2§l§o[TenorClef] §rT2 [HIST] 1:33.2 SNAP ph=IRON @-235,60,97 sky=1 wet=false ground=true pick=0 buck=0 iron=0 ore=10 rods=0 pearls=0 eyes=0 child=CollectIronIngotTask dbg=<Collecting 8 iron.: [[iron_ingot] x 8]>  mobs=none
[m[34m[01:59:33][m [32m[main/INFO][m [36m(Minecraft)[m [0m[CHAT] §2§l§o[TenorClef] §rT2 [NOW] t=1:33.8 ph=IRON @-234,61,99 do=<Collecting 8 iron.: [[iron_ingot] x 8]>  eq=stone_pickaxe woodpick=1 stonepick=1 pick=0 iron=0 buck=0
[m[34m[01:59:34][m [32m[main/INFO][m [36m(Minecraft)[m [0m[CHAT] §2§l§o[TenorClef] §rT2 [NOW] t=1:34.8 ph=IRON @-232,62,101 do=<Collecting 8 iron.: [[iron_ingot] x 8]>  eq=birch_log woodpick=1 stonepick=1 pick=0 iron=0 buck=0
[m[34m[01:59:35][m [32m[main/INFO][m [36m(Minecraft)[m [0m[CHAT] §2§l§o[TenorClef] §rT2 [HIST] 1:35.7 SNAP ph=IRON @-232,62,101 sky=13 wet=false ground=true pick=0 buck=0 iron=0 ore=10 rods=0 pearls=0 eyes=0 child=CollectIronIngotTask dbg=<Collecting 8 iron.: [[iron_ingot] x 8]>  mobs=none
[m[34m[01:59:35][m [32m[main/INFO][m [36m(Minecraft)[m [0m[CHAT] §2§l§o[TenorClef] §rT2 [NOW] t=1:35.8 ph=IRON @-232,62,101 do=<Collecting 8 iron.: [[iron_ingot] x 8]>  eq=stone_pickaxe woodpick=1 stonepick=1 pick=0 iron=0 buck=0
[m[34m[01:59:35][m [32m[main/INFO][m [36m(Minecraft)[m [0mLoaded 88 advancements
[m[34m[01:59:36][m [32m[main/INFO][m [36m(Minecraft)[m [0m[CHAT] §2§l§o[TenorClef] §rT2 [NOW] t=1:36.8 ph=IRON @-232,62,101 do=<Collecting 8 iron.: [[iron_ingot] x 8]>  eq=birch_log woodpick=1 stonepick=1 pick=0 iron=0 buck=0
[m[34m[01:59:37][m [32m[main/INFO][m [36m(Minecraft)[m [0m[CHAT] §2§l§o[TenorClef] §rT2 [NOW] t=1:37.8 ph=IRON @-232,64,102 do=<Collecting 8 iron.: [[iron_ingot] x 8]>  eq=dirt woodpick=1 stonepick=1 pick=0 iron=0 buck=0
[m[34m[01:59:37][m [32m[main/INFO][m [36m(Minecraft)[m [0m[CHAT] §2§l§o[TenorClef] §rT2 [HIST] 1:38.2 SNAP ph=IRON @-232,65,102 sky=15 wet=false ground=false pick=0 buck=0 iron=0 ore=10 rods=0 pearls=0 eyes=0 child=CollectIronIngotTask dbg=<Collecting 8 iron.: [[iron_ingot] x 8]>  mobs=none
[m[34m[01:59:38][m [32m[main/INFO][m [36m(Minecraft)[m [0m[CHAT] §2§l§o[TenorClef] §rT2 [NOW] t=1:38.8 ph=IRON @-234,66,102 do=<Collecting 8 iron.: [[iron_ingot] x 8]>  eq=stone_pickaxe woodpick=1 stonepick=1 pick=0 iron=0 buck=0
[m[34m[01:59:39][m [32m[main/INFO][m [36m(Minecraft)[m [0m[CHAT] §2§l§o[TenorClef] §rT2 [NOW] t=1:39.8 ph=IRON @-236,68,102 do=<Collecting 8 iron.: [[iron_ingot] x 8]>  eq=stone_pickaxe woodpick=1 stonepick=1 pick=0 iron=0 buck=0
[m[34m[01:59:40][m [32m[main/INFO][m [36m(Minecraft)[m [0m[CHAT] §2§l§o[TenorClef] §rT2 [HIST] 1:40.7 SNAP ph=IRON @-242,70,102 sky=15 wet=false ground=false pick=0 buck=0 iron=0 ore=10 rods=0 pearls=0 eyes=0 child=CollectIronIngotTask dbg=<Collecting 8 iron.: [[iron_ingot] x 8]>  mobs=none
[m[34m[01:59:40][m [32m[main/INFO][m [36m(Minecraft)[m [0m[CHAT] §2§l§o[TenorClef] §rT2 [NOW] t=1:40.8 ph=IRON @-243,70,102 do=<Collecting 8 iron.: [[iron_ingot] x 8]>  eq=stone_pickaxe woodpick=1 stonepick=1 pick=0 iron=0 buck=0
[m[34m[01:59:41][m [32m[main/INFO][m [36m(Minecraft)[m [0m[CHAT] §2§l§o[TenorClef] §rT2 [NOW] t=1:41.8 ph=IRON @-245,72,101 do=<Collecting 8 iron.: [[iron_ingot] x 8]>  eq=stone_pickaxe woodpick=1 stonepick=1 pick=0 iron=0 buck=0
[m[34m[01:59:42][m [32m[main/INFO][m [36m(Minecraft)[m [0m[CHAT] §2§l§o[TenorClef] §rT2 [NOW] t=1:42.8 ph=IRON @-245,74,99 do=<Collecting 8 iron.: [[iron_ingot] x 8]>  eq=stone_pickaxe woodpick=1 stonepick=1 pick=0 iron=0 buck=0
[m[34m[01:59:42][m [32m[main/INFO][m [36m(Minecraft)[m [0m[CHAT] §2§l§o[TenorClef] §rT2 [HIST] 1:43.2 SNAP ph=IRON @-244,74,99 sky=15 wet=false ground=true pick=0 buck=0 iron=0 ore=10 rods=0 pearls=0 eyes=0 child=CollectIronIngotTask dbg=<Collecting 8 iron.: [[iron_ingot] x 8]>  mobs=none
[m[34m[01:59:43][m [32m[main/INFO][m [36m(Minecraft)[m [0m[CHAT] §2§l§o[TenorClef] §rT2 [NOW] t=1:43.8 ph=IRON @-242,75,98 do=<Collecting 8 iron.: [[iron_ingot] x 8]>  eq=stone_pickaxe woodpick=1 stonepick=1 pick=0 iron=0 buck=0
[m[34m[01:59:44][m [32m[main/INFO][m [36m(Minecraft)[m [0m[CHAT] §2§l§o[TenorClef] §rT2 [NOW] t=1:44.8 ph=IRON @-241,76,96 do=<Collecting 8 iron.: [[iron_ingot] x 8]>  eq=stone_pickaxe woodpick=1 stonepick=1 pick=0 iron=0 buck=0
[m[34m[01:59:45][m [32m[main/INFO][m [36m(Minecraft)[m [0m[CHAT] §2§l§o[TenorClef] §rT2 [HIST] 1:45.7 SNAP ph=IRON @-240,76,96 sky=14 wet=false ground=true pick=0 buck=0 iron=0 ore=10 rods=0 pearls=0 eyes=0 child=CollectIronIngotTask dbg=<Collecting 8 iron.: [[iron_ingot] x 8]>  mobs=none
[m[34m[01:59:45][m [32m[main/INFO][m [36m(Minecraft)[m [0m[CHAT] §2§l§o[TenorClef] §rT2 [NOW] t=1:45.8 ph=IRON @-240,76,96 do=<Collecting 8 iron.: [[iron_ingot] x 8]>  eq=stone_pickaxe woodpick=1 stonepick=1 pick=0 iron=0 buck=0
[m[34m[01:59:45][m [32m[main/INFO][m [36m(Minecraft)[m [0mLoaded 89 advancements
[m[34m[01:59:46][m [32m[main/INFO][m [36m(Minecraft)[m [0m[CHAT] §2§l§o[TenorClef] §rT2 [NOW] t=1:46.8 ph=IRON @-240,76,96 do=<Collecting 8 iron.: [[iron_ingot] x 8]>  eq=stone_pickaxe woodpick=1 stonepick=1 pick=0 iron=0 buck=0
[m[34m[01:59:47][m [32m[main/INFO][m [36m(Minecraft)[m [0m[CHAT] §2§l§o[TenorClef] §rT2 [NOW] t=1:47.8 ph=IRON @-240,76,96 do=<Collecting 8 iron.: [[iron_ingot] x 8]>  eq=stone_pickaxe woodpick=1 stonepick=1 pick=0 iron=0 buck=0
[m[34m[01:59:47][m [32m[main/INFO][m [36m(Minecraft)[m [0m[CHAT] §2§l§o[TenorClef] §rT2 [HIST] 1:48.2 SNAP ph=IRON @-240,76,96 sky=14 wet=false ground=true pick=0 buck=0 iron=0 ore=10 rods=0 pearls=0 eyes=0 child=CollectIronIngotTask dbg=<Collecting 8 iron.: [[iron_ingot] x 8]>  mobs=none
[m[34m[01:59:48][m [32m[main/INFO][m [36m(Minecraft)[m [0m[CHAT] §2§l§o[TenorClef] §rT2 [NOW] t=1:48.8 ph=IRON @-240,76,96 do=<Collecting 8 iron.: [[iron_ingot] x 8]>  eq=stone_pickaxe woodpick=1 stonepick=1 pick=0 iron=0 buck=0
[m[34m[01:59:49][m [32m[main/INFO][m [36m(Minecraft)[m [0m[CHAT] §2§l§o[TenorClef] §rT2 [NOW] t=1:49.8 ph=IRON @-240,76,96 do=<Collecting 8 iron.: [[iron_ingot] x 8]>  eq=stone_pickaxe woodpick=1 stonepick=1 pick=0 iron=0 buck=0
[m[34m[01:59:50][m [32m[main/INFO][m [36m(Minecraft)[m [0m[CHAT] §2§l§o[TenorClef] §rT2 [HIST] 1:50.7 SNAP ph=IRON @-240,76,96 sky=14 wet=false ground=true pick=0 buck=0 iron=0 ore=10 rods=0 pearls=0 eyes=0 child=CollectIronIngotTask dbg=<Collecting 8 iron.: [[iron_ingot] x 8]>  mobs=none
[m[34m[01:59:50][m [32m[main/INFO][m [36m(Minecraft)[m [0m[CHAT] §2§l§o[TenorClef] §rT2 [NOW] t=1:50.8 ph=IRON @-240,76,96 do=<Collecting 8 iron.: [[iron_ingot] x 8]>  eq=stone_pickaxe woodpick=1 stonepick=1 pick=0 iron=0 buck=0
[m[34m[01:59:51][m [32m[main/INFO][m [36m(Minecraft)[m [0m[CHAT] §2§l§o[TenorClef] §rT2 [NOW] t=1:51.8 ph=IRON @-240,76,96 do=<Collecting 8 iron.: [[iron_ingot] x 8]>  eq=stone_pickaxe woodpick=1 stonepick=1 pick=0 iron=0 buck=0
[m[34m[01:59:52][m [32m[main/INFO][m [36m(Minecraft)[m [0m[CHAT] §2§l§o[TenorClef] §rT2 [NOW] t=1:52.8 ph=IRON @-240,76,96 do=<Collecting 8 iron.: [[iron_ingot] x 8]>  eq=stone_pickaxe woodpick=1 stonepick=1 pick=0 iron=0 buck=0
[m[34m[01:59:52][m [32m[main/INFO][m [36m(Minecraft)[m [0m[CHAT] §2§l§o[TenorClef] §rT2 [HIST] 1:53.2 SNAP ph=IRON @-240,76,96 sky=14 wet=false ground=true pick=0 buck=0 iron=0 ore=10 rods=0 pearls=0 eyes=0 child=CollectIronIngotTask dbg=<Collecting 8 iron.: [[iron_ingot] x 8]>  mobs=none
[m[34m[01:59:53][m [32m[main/INFO][m [36m(Minecraft)[m [0m[CHAT] §2§l§o[TenorClef] §rT2 [NOW] t=1:53.8 ph=IRON @-240,76,96 do=<Collecting 8 iron.: [[iron_ingot] x 8]>  eq=stone_pickaxe woodpick=1 stonepick=1 pick=0 iron=0 buck=0
[m[34m[01:59:54][m [32m[main/INFO][m [36m(Minecraft)[m [0m[CHAT] §2§l§o[TenorClef] §rT2 [NOW] t=1:54.8 ph=IRON @-240,76,96 do=<Collecting 8 iron.: [[iron_ingot] x 8]>  eq=stone_pickaxe woodpick=1 stonepick=1 pick=0 iron=0 buck=0
[m[34m[01:59:55][m [32m[main/INFO][m [36m(Minecraft)[m [0m[CHAT] §2§l§o[TenorClef] §rT2 [HIST] 1:55.7 SNAP ph=IRON @-240,76,96 sky=14 wet=false ground=true pick=0 buck=0 iron=0 ore=10 rods=0 pearls=0 eyes=0 child=CollectIronIngotTask dbg=<Collecting 8 iron.: [[iron_ingot] x 8]>  mobs=none
[m[34m[01:59:55][m [32m[main/INFO][m [36m(Minecraft)[m [0m[CHAT] §2§l§o[TenorClef] §rT2 [NOW] t=1:55.8 ph=IRON @-240,76,96 do=<Collecting 8 iron.: [[iron_ingot] x 8]>  eq=stone_pickaxe woodpick=1 stonepick=1 pick=0 iron=0 buck=0
[m[34m[01:59:56][m [32m[main/INFO][m [36m(Minecraft)[m [0m[CHAT] §2§l§o[TenorClef] §rT2 [NOW] t=1:56.8 ph=IRON @-240,76,96 do=<Collecting 8 iron.: [[iron_ingot] x 8]>  eq=stone_pickaxe woodpick=1 stonepick=1 pick=0 iron=0 buck=0
[m[34m[01:59:57][m [32m[main/INFO][m [36m(Minecraft)[m [0m[CHAT] §2§l§o[TenorClef] §rT2 [NOW] t=1:57.8 ph=IRON @-240,76,96 do=<Collecting 8 iron.: [[iron_ingot] x 8]>  eq=stone_pickaxe woodpick=1 stonepick=1 pick=0 iron=0 buck=0
[m[34m[01:59:57][m [32m[main/INFO][m [36m(Minecraft)[m [0m[CHAT] §2§l§o[TenorClef] §rT2 [HIST] 1:58.2 SNAP ph=IRON @-240,76,96 sky=14 wet=false ground=true pick=0 buck=0 iron=0 ore=10 rods=0 pearls=0 eyes=0 child=CollectIronIngotTask dbg=<Collecting 8 iron.: [[iron_ingot] x 8]>  mobs=none
[m[34m[01:59:58][m [32m[main/INFO][m [36m(Minecraft)[m [0m[CHAT] §2§l§o[TenorClef] §rT2 [NOW] t=1:58.8 ph=IRON @-240,76,96 do=<Collecting 8 iron.: [[iron_ingot] x 8]>  eq=stone_pickaxe woodpick=1 stonepick=1 pick=0 iron=0 buck=0
[m[34m[01:59:59][m [32m[main/INFO][m [36m(Minecraft)[m [0m[CHAT] §2§l§o[TenorClef] §rT2 [NOW] t=1:59.8 ph=IRON @-240,76,96 do=<Collecting 8 iron.: [[iron_ingot] x 8]>  eq=stone_pickaxe woodpick=1 stonepick=1 pick=0 iron=1 buck=0
[m[34m[02:00:00][m [32m[main/INFO][m [36m(Minecraft)[m [0m[CHAT] §2§l§o[TenorClef] §rT2 [HIST] 2:00.7 SNAP ph=IRON @-240,76,96 sky=14 wet=false ground=true pick=0 buck=0 iron=1 ore=9 rods=0 pearls=0 eyes=0 child=CollectIronIngotTask dbg=<Collecting 8 iron.: [[iron_ingot] x 8]>  mobs=none
[m[34m[02:00:00][m [32m[main/INFO][m [36m(Minecraft)[m [0m[CHAT] §2§l§o[TenorClef] §rT2 [NOW] t=2:00.8 ph=IRON @-240,76,96 do=<Collecting 8 iron.: [[iron_ingot] x 8]>  eq=stone_pickaxe woodpick=1 stonepick=1 pick=0 iron=1 buck=0
[m[34m[02:00:01][m [32m[main/INFO][m [36m(Minecraft)[m [0m[CHAT] §2§l§o[TenorClef] §rT2 [NOW] t=2:01.8 ph=IRON @-240,76,96 do=<Collecting 8 iron.: [[iron_ingot] x 8]>  eq=stone_pickaxe woodpick=1 stonepick=1 pick=0 iron=1 buck=0
[m[34m[02:00:02][m [32m[main/INFO][m [36m(Minecraft)[m [0m[CHAT] §2§l§o[TenorClef] §rT2 [NOW] t=2:02.8 ph=IRON @-240,76,96 do=<Collecting 8 iron.: [[iron_ingot] x 8]>  eq=stone_pickaxe woodpick=1 stonepick=1 pick=0 iron=1 buck=0
[m[34m[02:00:02][m [32m[main/INFO][m [36m(Minecraft)[m [0m[CHAT] §2§l§o[TenorClef] §rT2 [HIST] 2:03.2 SNAP ph=IRON @-240,76,96 sky=14 wet=false ground=true pick=0 buck=0 iron=1 ore=9 rods=0 pearls=0 eyes=0 child=CollectIronIngotTask dbg=<Collecting 8 iron.: [[iron_ingot] x 8]>  mobs=none
[m[34m[02:00:03][m [32m[main/INFO][m [36m(Minecraft)[m [0m[CHAT] §2§l§o[TenorClef] §rT2 [NOW] t=2:03.8 ph=IRON @-240,76,96 do=<Collecting 8 iron.: [[iron_ingot] x 8]>  eq=stone_pickaxe woodpick=1 stonepick=1 pick=0 iron=1 buck=0
[m[34m[02:00:04][m [32m[main/INFO][m [36m(Minecraft)[m [0m[CHAT] §2§l§o[TenorClef] §rT2 [NOW] t=2:04.8 ph=IRON @-240,76,96 do=<Collecting 8 iron.: [[iron_ingot] x 8]>  eq=stone_pickaxe woodpick=1 stonepick=1 pick=0 iron=1 buck=0
[m[34m[02:00:05][m [32m[main/INFO][m [36m(Minecraft)[m [0m[CHAT] §2§l§o[TenorClef] §rT2 [HIST] 2:05.7 SNAP ph=IRON @-240,76,96 sky=14 wet=false ground=true pick=0 buck=0 iron=1 ore=9 rods=0 pearls=0 eyes=0 child=CollectIronIngotTask dbg=<Collecting 8 iron.: [[iron_ingot] x 8]>  mobs=none
[m[34m[02:00:05][m [32m[main/INFO][m [36m(Minecraft)[m [0m[CHAT] §2§l§o[TenorClef] §rT2 [NOW] t=2:05.8 ph=IRON @-240,76,96 do=<Collecting 8 iron.: [[iron_ingot] x 8]>  eq=stone_pickaxe woodpick=1 stonepick=1 pick=0 iron=1 buck=0
[m[34m[02:00:06][m [32m[main/INFO][m [36m(Minecraft)[m [0m[CHAT] §2§l§o[TenorClef] §rT2 [NOW] t=2:06.8 ph=IRON @-240,76,96 do=<Collecting 8 iron.: [[iron_ingot] x 8]>  eq=stone_pickaxe woodpick=1 stonepick=1 pick=0 iron=1 buck=0
[m[34m[02:00:07][m [32m[main/INFO][m [36m(Minecraft)[m [0m[CHAT] §2§l§o[TenorClef] §rT2 [NOW] t=2:07.8 ph=IRON @-240,76,96 do=<Collecting 8 iron.: [[iron_ingot] x 8]>  eq=stone_pickaxe woodpick=1 stonepick=1 pick=0 iron=1 buck=0
[m[34m[02:00:07][m [32m[main/INFO][m [36m(Minecraft)[m [0m[CHAT] §2§l§o[TenorClef] §rT2 [HIST] 2:08.2 SNAP ph=IRON @-240,76,96 sky=14 wet=false ground=true pick=0 buck=0 iron=1 ore=9 rods=0 pearls=0 eyes=0 child=CollectIronIngotTask dbg=<Collecting 8 iron.: [[iron_ingot] x 8]>  mobs=none
[m[34m[02:00:08][m [32m[main/INFO][m [36m(Minecraft)[m [0m[CHAT] §2§l§o[TenorClef] §rT2 [NOW] t=2:08.8 ph=IRON @-240,76,96 do=<Collecting 8 iron.: [[iron_ingot] x 8]>  eq=stone_pickaxe woodpick=1 stonepick=1 pick=0 iron=1 buck=0
[m[34m[02:00:09][m [32m[main/INFO][m [36m(Minecraft)[m [0m[CHAT] §2§l§o[TenorClef] §rT2 [NOW] t=2:09.8 ph=IRON @-240,76,96 do=<Collecting 8 iron.: [[iron_ingot] x 8]>  eq=stone_pickaxe woodpick=1 stonepick=1 pick=0 iron=2 buck=0
[m[34m[02:00:10][m [32m[main/INFO][m [36m(Minecraft)[m [0m[CHAT] §2§l§o[TenorClef] §rT2 [HIST] 2:10.7 SNAP ph=IRON @-240,76,96 sky=14 wet=false ground=true pick=0 buck=0 iron=2 ore=8 rods=0 pearls=0 eyes=0 child=CollectIronIngotTask dbg=<Collecting 8 iron.: [[iron_ingot] x 8]>  mobs=none
[m[34m[02:00:10][m [32m[main/INFO][m [36m(Minecraft)[m [0m[CHAT] §2§l§o[TenorClef] §rT2 [NOW] t=2:10.8 ph=IRON @-240,76,96 do=<Collecting 8 iron.: [[iron_ingot] x 8]>  eq=stone_pickaxe woodpick=1 stonepick=1 pick=0 iron=2 buck=0
[m[34m[02:00:11][m [32m[main/INFO][m [36m(Minecraft)[m [0m[CHAT] §2§l§o[TenorClef] §rT2 [NOW] t=2:11.8 ph=IRON @-240,76,96 do=<Collecting 8 iron.: [[iron_ingot] x 8]>  eq=stone_pickaxe woodpick=1 stonepick=1 pick=0 iron=2 buck=0
[m[34m[02:00:12][m [32m[main/INFO][m [36m(Minecraft)[m [0m[CHAT] §2§l§o[TenorClef] §rT2 [NOW] t=2:12.8 ph=IRON @-240,76,96 do=<Collecting 8 iron.: [[iron_ingot] x 8]>  eq=stone_pickaxe woodpick=1 stonepick=1 pick=0 iron=2 buck=0
[m[34m[02:00:12][m [32m[main/INFO][m [36m(Minecraft)[m [0m[CHAT] §2§l§o[TenorClef] §rT2 [HIST] 2:13.2 SNAP ph=IRON @-240,76,96 sky=14 wet=false ground=true pick=0 buck=0 iron=2 ore=8 rods=0 pearls=0 eyes=0 child=CollectIronIngotTask dbg=<Collecting 8 iron.: [[iron_ingot] x 8]>  mobs=none
[m[34m[02:00:13][m [32m[main/INFO][m [36m(Minecraft)[m [0m[CHAT] §2§l§o[TenorClef] §rT2 [NOW] t=2:13.8 ph=IRON @-240,76,96 do=<Collecting 8 iron.: [[iron_ingot] x 8]>  eq=stone_pickaxe woodpick=1 stonepick=1 pick=0 iron=2 buck=0
[m[34m[02:00:14][m [32m[main/INFO][m [36m(Minecraft)[m [0m[CHAT] §2§l§o[TenorClef] §rT2 [NOW] t=2:14.9 ph=IRON @-240,76,96 do=<Collecting 8 iron.: [[iron_ingot] x 8]>  eq=stone_pickaxe woodpick=1 stonepick=1 pick=0 iron=2 buck=0
[m[34m[02:00:15][m [32m[main/INFO][m [36m(Minecraft)[m [0m[CHAT] §2§l§o[TenorClef] §rT2 [HIST] 2:15.7 SNAP ph=IRON @-240,76,96 sky=14 wet=false ground=true pick=0 buck=0 iron=2 ore=8 rods=0 pearls=0 eyes=0 child=CollectIronIngotTask dbg=<Collecting 8 iron.: [[iron_ingot] x 8]>  mobs=none
[m[34m[02:00:15][m [32m[main/INFO][m [36m(Minecraft)[m [0m[CHAT] §2§l§o[TenorClef] §rT2 [NOW] t=2:15.8 ph=IRON @-240,76,96 do=<Collecting 8 iron.: [[iron_ingot] x 8]>  eq=stone_pickaxe woodpick=1 stonepick=1 pick=0 iron=2 buck=0
[m[34m[02:00:16][m [32m[main/INFO][m [36m(Minecraft)[m [0m[STDOUT]: ALTO CLEF: WARNING: T2 [S184] slow GUI @-240,76,96 age=30s child=CollectIronIngotTask
[m[34m[02:00:16][m [32m[main/INFO][m [36m(Minecraft)[m [0m[CHAT] §2§l§o[TenorClef] §cT2 [S184] slow GUI @-240,76,96 age=30s child=CollectIronIngotTask§r
[m[34m[02:00:16][m [32m[main/INFO][m [36m(Minecraft)[m [0m[CHAT] §2§l§o[TenorClef] §rT2 [HIST] 2:16.6 SOLVE S184 slow GUI @-240,76,96 age=30s child=CollectIronIngotTask
[m[34m[02:00:16][m [32m[main/INFO][m [36m(Minecraft)[m [0m[CHAT] §2§l§o[TenorClef] §rT2 [HIST] 2:16.6 WHY iron: smelt 8 in one furnace
[m[34m[02:00:16][m [32m[main/INFO][m [36m(Minecraft)[m [0m[CHAT] §2§l§o[TenorClef] §rT2 [NOW] t=2:16.8 ph=IRON @-240,76,97 do=<Collecting 8 iron.: [[iron_ingot] x 8]>  eq=stone_pickaxe woodpick=1 stonepick=1 pick=0 iron=2 buck=0
[m[34m[02:00:16][m [32m[main/INFO][m [36m(Minecraft)[m [0m[STDOUT]: ALTO CLEF: WARNING: T2 [S194] dig-down in progress y=75 child=CollectIronIngotTask - pillar/jump nudges stand aside
[m[34m[02:00:16][m [32m[main/INFO][m [36m(Minecraft)[m [0m[CHAT] §2§l§o[TenorClef] §cT2 [S194] dig-down in progress y=75 child=CollectIronIngotTask - pillar/jump nudges stand aside§r
[m[34m[02:00:16][m [32m[main/INFO][m [36m(Minecraft)[m [0m[CHAT] §2§l§o[TenorClef] §rT2 [HIST] 2:17.4 SOLVE S194 dig-down in progress y=75 child=CollectIronIngotTask - pillar/jump nudges stand aside
[m[34m[02:00:17][m [32m[main/INFO][m [36m(Minecraft)[m [0m[CHAT] §2§l§o[TenorClef] §rT2 [NOW] t=2:17.8 ph=IRON @-242,75,100 do=<Collecting 8 iron.: [[iron_ingot] x 8]>  eq=stone_pickaxe woodpick=1 stonepick=1 pick=0 iron=2 buck=0
[m[34m[02:00:17][m [32m[main/INFO][m [36m(Minecraft)[m [0m[CHAT] §2§l§o[TenorClef] §rT2 [HIST] 2:18.2 SNAP ph=IRON @-243,73,101 sky=15 wet=false ground=false pick=0 buck=0 iron=2 ore=8 rods=0 pearls=0 eyes=0 child=CollectIronIngotTask dbg=<Collecting 8 iron.: [[iron_ingot] x 8]>  mobs=none
[m[34m[02:00:18][m [32m[main/INFO][m [36m(Minecraft)[m [0m[CHAT] §2§l§o[TenorClef] §rRefreshed inventory...
[m[34m[02:00:18][m [32m[main/INFO][m [36m(Minecraft)[m [0m[CHAT] §2§l§o[TenorClef] §rT2 [NOW] t=2:18.8 ph=IRON @-244,70,103 do=<Collecting 8 iron.: [[iron_ingot] x 8]> Picking up eq=dirt woodpick=1 stonepick=1 pick=0 iron=0 buck=0
[m[34m[02:00:19][m [32m[main/INFO][m [36m(Minecraft)[m [0m[CHAT] §2§l§o[TenorClef] §rT2 [NOW] t=2:19.8 ph=IRON @-245,70,102 do=<Collecting 8 iron.: [[iron_ingot] x 8]> Picking up eq=stone_pickaxe woodpick=1 stonepick=1 pick=0 iron=0 buck=0
[m[34m[02:00:20][m [32m[main/INFO][m [36m(Minecraft)[m [0m[CHAT] §2§l§o[TenorClef] §rT2 [HIST] 2:20.7 SNAP ph=IRON @-247,69,105 sky=15 wet=false ground=true pick=0 buck=0 iron=0 ore=2 rods=0 pearls=0 eyes=0 child=CollectIronIngotTask dbg=<Collecting 8 iron.: [[iron_ingot] x 8]> Picking up mobs=none
[m[34m[02:00:20][m [32m[main/INFO][m [36m(Minecraft)[m [0m[CHAT] §2§l§o[TenorClef] §rT2 [HIST] 2:20.7 WHY iron: smelt 8 in one furnace
[m[34m[02:00:20][m [32m[main/INFO][m [36m(Minecraft)[m [0m[CHAT] §2§l§o[TenorClef] §rT2 [NOW] t=2:20.8 ph=IRON @-247,69,105 do=<Collecting 8 iron.: [[iron_ingot] x 8]> Picking up eq=dirt woodpick=1 stonepick=1 pick=0 iron=0 buck=0
[m[34m[02:00:21][m [32m[main/INFO][m [36m(Minecraft)[m [0m[CHAT] §2§l§o[TenorClef] §rT2 [NOW] t=2:21.8 ph=IRON @-246,69,105 do=<Collecting 8 iron.: [[iron_ingot] x 8]> Picking up eq=birch_log woodpick=1 stonepick=1 pick=0 iron=0 buck=0
[m[34m[02:00:21][m [32m[Server thread/INFO][m [36m(Minecraft)[m [0mPlayer10 has made the advancement [Acquire Hardware]
[m[34m[02:00:21][m [32m[main/INFO][m [36m(Minecraft)[m [0m[CHAT] Player10 has made the advancement [Acquire Hardware]
[m[34m[02:00:22][m [32m[main/INFO][m [36m(Minecraft)[m [0mLoaded 115 advancements
[m[34m[02:00:22][m [32m[main/INFO][m [36m(Minecraft)[m [0m[CHAT] §2§l§o[TenorClef] §rT2 [NOW] t=2:22.8 ph=IRON @-246,67,107 do=<Collecting 8 iron.: [[iron_ingot] x 8]> Picking up eq=stone_pickaxe woodpick=1 stonepick=1 pick=0 iron=2 buck=0
[m[34m[02:00:22][m [32m[main/INFO][m [36m(Minecraft)[m [0m[CHAT] §2§l§o[TenorClef] §rT2 [HIST] 2:23.2 SNAP ph=IRON @-247,68,107 sky=15 wet=false ground=false pick=0 buck=0 iron=2 ore=2 rods=0 pearls=0 eyes=0 child=CollectIronIngotTask dbg=<Collecting 8 iron.: [[iron_ingot] x 8]> Picking up mobs=none
[m[34m[02:00:23][m [32m[main/INFO][m [36m(Minecraft)[m [0m[CHAT] §2§l§o[TenorClef] §rT2 [NOW] t=2:23.8 ph=IRON @-247,69,106 do=<Collecting 8 iron.: [[iron_ingot] x 8]> Picking up eq=stone_pickaxe woodpick=1 stonepick=1 pick=0 iron=2 buck=0
[m[34m[02:00:24][m [32m[main/INFO][m [36m(Minecraft)[m [0m[CHAT] §2§l§o[TenorClef] §rT2 [NOW] t=2:24.8 ph=IRON @-251,69,106 do=<Collecting 8 iron.: [[iron_ingot] x 8]> Picking up eq=stone_pickaxe woodpick=1 stonepick=1 pick=0 iron=2 buck=0
[m[34m[02:00:25][m [32m[main/INFO][m [36m(Minecraft)[m [0m[CHAT] §2§l§o[TenorClef] §rT2 [HIST] 2:25.7 SNAP ph=IRON @-253,65,106 sky=15 wet=false ground=false pick=0 buck=0 iron=2 ore=2 rods=0 pearls=0 eyes=0 child=CollectIronIngotTask dbg=<Collecting 8 iron.: [[iron_ingot] x 8]> Picking up mobs=none
[m[34m[02:00:25][m [32m[main/INFO][m [36m(Minecraft)[m [0m[CHAT] §2§l§o[TenorClef] §rT2 [NOW] t=2:25.8 ph=IRON @-253,65,106 do=<Collecting 8 iron.: [[iron_ingot] x 8]> Picking up eq=birch_log woodpick=1 stonepick=1 pick=0 iron=2 buck=0
[m[34m[02:00:26][m [32m[main/INFO][m [36m(Minecraft)[m [0m[CHAT] §2§l§o[TenorClef] §rT2 [NOW] t=2:26.8 ph=IRON @-253,64,106 do=<Collecting 8 iron.: [[iron_ingot] x 8]> Picking up eq=stone_pickaxe woodpick=1 stonepick=1 pick=0 iron=2 buck=0
[m[34m[02:00:27][m [32m[main/INFO][m [36m(Minecraft)[m [0m[CHAT] §2§l§o[TenorClef] §rT2 [NOW] t=2:27.8 ph=IRON @-253,63,106 do=<Collecting 8 iron.: [[iron_ingot] x 8]> Picking up eq=birch_log woodpick=1 stonepick=1 pick=0 iron=2 buck=0
[m[34m[02:00:27][m [32m[main/INFO][m [36m(Minecraft)[m [0m[CHAT] §2§l§o[TenorClef] §rT2 [HIST] 2:28.2 SNAP ph=IRON @-253,63,106 sky=15 wet=false ground=true pick=0 buck=0 iron=2 ore=2 rods=0 pearls=0 eyes=0 child=CollectIronIngotTask dbg=<Collecting 8 iron.: [[iron_ingot] x 8]> Picking up mobs=none
[m[34m[02:00:28][m [32m[main/INFO][m [36m(Minecraft)[m [0m[CHAT] §2§l§o[TenorClef] §rT2 [NOW] t=2:28.8 ph=IRON @-253,63,106 do=<Collecting 8 iron.: [[iron_ingot] x 8]> Picking up eq=birch_log woodpick=1 stonepick=1 pick=0 iron=2 buck=0
[m[34m[02:00:28][m [32m[main/INFO][m [36m(Minecraft)[m [0m[STDOUT]: ALTO CLEF: WARNING: T2 [E100] jumps=9 @-253,62,106 ph=IRON child=CollectIronIngotTask
[m[34m[02:00:28][m [32m[main/INFO][m [36m(Minecraft)[m [0m[CHAT] §2§l§o[TenorClef] §cT2 [E100] jumps=9 @-253,62,106 ph=IRON child=CollectIronIngotTask§r
[m[34m[02:00:28][m [32m[main/INFO][m [36m(Minecraft)[m [0m[CHAT] §2§l§o[TenorClef] §rT2 [HIST] 2:29.3 [E100] jumps=9 @-253,62,106 ph=IRON child=CollectIronIngotTask
[m[34m[02:00:28][m [32m[main/INFO][m [36m(Minecraft)[m [0m[CHAT] §2§l§o[TenorClef] §rT2 [HIST] 2:29.3 WHY iron: smelt 8 in one furnace
[m[34m[02:00:29][m [32m[main/INFO][m [36m(Minecraft)[m [0m[CHAT] §2§l§o[TenorClef] §rT2 [NOW] t=2:29.8 ph=IRON @-253,62,106 do=<Collecting 8 iron.: [[iron_ingot] x 8]> Picking up eq=birch_log woodpick=1 stonepick=1 pick=0 iron=2 buck=0
[m[34m[02:00:30][m [32m[main/INFO][m [36m(Minecraft)[m [0m[CHAT] §2§l§o[TenorClef] §rT2 [HIST] 2:30.7 SNAP ph=IRON @-253,60,106 sky=15 wet=false ground=false pick=0 buck=0 iron=2 ore=2 rods=0 pearls=0 eyes=0 child=CollectIronIngotTask dbg=<Collecting 8 iron.: [[iron_ingot] x 8]> Picking up mobs=none
[m[34m[02:00:30][m [32m[main/INFO][m [36m(Minecraft)[m [0m[CHAT] §2§l§o[TenorClef] §rT2 [NOW] t=2:30.8 ph=IRON @-253,60,106 do=<Collecting 8 iron.: [[iron_ingot] x 8]> Picking up eq=stone_pickaxe woodpick=1 stonepick=1 pick=0 iron=2 buck=0
[m[34m[02:00:30][m [32m[main/INFO][m [36m(Minecraft)[m [0mLoaded 127 advancements
[m[34m[02:00:30][m [32m[main/INFO][m [36m(Minecraft)[m [0m[STDOUT]: ALTO CLEF: WARNING: T2 [E70] iron stall 6s @-253,106 — clear blacklist + re-pick ore
[m[34m[02:00:30][m [32m[main/INFO][m [36m(Minecraft)[m [0m[CHAT] §2§l§o[TenorClef] §cT2 [E70] iron stall 6s @-253,106 — clear blacklist + re-pick ore§r
[m[34m[02:00:30][m [32m[main/INFO][m [36m(Minecraft)[m [0m[CHAT] §2§l§o[TenorClef] §rT2 [HIST] 2:31.3 [E100] jumps=6 @-253,59,106 ph=IRON child=CollectIronIngotTask
[m[34m[02:00:31][m [32m[main/INFO][m [36m(Minecraft)[m [0m[CHAT] §2§l§o[TenorClef] §rT2 [NOW] t=2:31.8 ph=IRON @-253,59,106 do=<Collecting 8 iron.: [[iron_ingot] x 8]> Picking up eq=stone_pickaxe woodpick=1 stonepick=1 pick=0 iron=2 buck=0
[m[34m[02:00:32][m [32m[main/INFO][m [36m(Minecraft)[m [0m[CHAT] §2§l§o[TenorClef] §rT2 [HB] t=2:32.6 ph=IRON y=58 child=CollectIronIngotTask logs=1 pick=0 woodpick=1
[m[34m[02:00:32][m [32m[main/INFO][m [36m(Minecraft)[m [0m[CHAT] §2§l§o[TenorClef] §rT2 [NOW] t=2:32.8 ph=IRON @-253,58,106 do=<Collecting 8 iron.: [[iron_ingot] x 8]> Picking up eq=stone_pickaxe woodpick=1 stonepick=1 pick=0 iron=2 buck=0
[m[34m[02:00:32][m [32m[main/INFO][m [36m(Minecraft)[m [0m[CHAT] §2§l§o[TenorClef] §rT2 [HIST] 2:33.2 SNAP ph=IRON @-253,57,106 sky=15 wet=false ground=true pick=0 buck=0 iron=2 ore=2 rods=0 pearls=0 eyes=0 child=CollectIronIngotTask dbg=<Collecting 8 iron.: [[iron_ingot] x 8]> Picking up mobs=none
[m[34m[02:00:32][m [32m[main/INFO][m [36m(Minecraft)[m [0m[CHAT] §2§l§o[TenorClef] §rT2 [HIST] 2:33.3 WHY iron: smelt 8 in one furnace
[m[34m[02:00:33][m [32m[main/INFO][m [36m(Minecraft)[m [0m[CHAT] §2§l§o[TenorClef] §rT2 [NOW] t=2:33.8 ph=IRON @-253,56,106 do=<Collecting 8 iron.: [[iron_ingot] x 8]> Picking up eq=stone_pickaxe woodpick=1 stonepick=1 pick=0 iron=2 buck=0
[m[34m[02:00:33][m [32m[main/INFO][m [36m(Minecraft)[m [0m[CHAT] §2§l§o[TenorClef] §rT2 [HIST] 2:34.0 [E100] jumps=6 @-253,56,106 ph=IRON child=CollectIronIngotTask
[m[34m[02:00:34][m [32m[main/INFO][m [36m(Minecraft)[m [0m[CHAT] §2§l§o[TenorClef] §rT2 [NOW] t=2:34.8 ph=IRON @-253,55,106 do=<Collecting 8 iron.: [[iron_ingot] x 8]> Picking up eq=stone_pickaxe woodpick=1 stonepick=1 pick=0 iron=2 buck=0
[m[34m[02:00:35][m [32m[main/INFO][m [36m(Minecraft)[m [0m[CHAT] §2§l§o[TenorClef] §rT2 [HIST] 2:35.7 SNAP ph=IRON @-253,54,106 sky=15 wet=false ground=false pick=0 buck=0 iron=2 ore=2 rods=0 pearls=0 eyes=0 child=CollectIronIngotTask dbg=<Collecting 8 iron.: [[iron_ingot] x 8]> Picking up mobs=none
[m[34m[02:00:35][m [32m[main/INFO][m [36m(Minecraft)[m [0m[CHAT] §2§l§o[TenorClef] §rT2 [NOW] t=2:35.8 ph=IRON @-253,54,106 do=<Collecting 8 iron.: [[iron_ingot] x 8]> Picking up eq=stone_pickaxe woodpick=1 stonepick=1 pick=0 iron=2 buck=0
[m[34m[02:00:36][m [32m[main/INFO][m [36m(Minecraft)[m [0m[CHAT] §2§l§o[TenorClef] §rT2 [NOW] t=2:36.8 ph=IRON @-253,54,106 do=<Collecting 8 iron.: [[iron_ingot] x 8]> Picking up eq=stone_pickaxe woodpick=1 stonepick=1 pick=0 iron=2 buck=0
[m[34m[02:00:36][m [32m[main/INFO][m [36m(Minecraft)[m [0m[CHAT] §2§l§o[TenorClef] §rT2 [HIST] 2:37.4 WHY iron: smelt 8 in one furnace
[m[34m[02:00:36][m [32m[main/INFO][m [36m(Minecraft)[m [0m[STDOUT]: ALTO CLEF: WARNING: T2 [E100] jumps=6 @-253,53,106 ph=IRON child=CollectIronIngotTask
[m[34m[02:00:36][m [32m[main/INFO][m [36m(Minecraft)[m [0m[CHAT] §2§l§o[TenorClef] §cT2 [E100] jumps=6 @-253,53,106 ph=IRON child=CollectIronIngotTask§r
[m[34m[02:00:36][m [32m[main/INFO][m [36m(Minecraft)[m [0m[CHAT] §2§l§o[TenorClef] §rT2 [HIST] 2:37.5 [E100] jumps=6 @-253,53,106 ph=IRON child=CollectIronIngotTask
[m[34m[02:00:37][m [32m[main/INFO][m [36m(Minecraft)[m [0m[CHAT] §2§l§o[TenorClef] §rT2 [NOW] t=2:37.8 ph=IRON @-253,53,106 do=<Collecting 8 iron.: [[iron_ingot] x 8]> Picking up eq=stone_pickaxe woodpick=1 stonepick=1 pick=0 iron=2 buck=0
[m[34m[02:00:37][m [32m[main/INFO][m [36m(Minecraft)[m [0m[CHAT] §2§l§o[TenorClef] §rT2 [HIST] 2:38.2 SNAP ph=IRON @-253,53,106 sky=15 wet=false ground=true pick=0 buck=0 iron=2 ore=3 rods=0 pearls=0 eyes=0 child=CollectIronIngotTask dbg=<Collecting 8 iron.: [[iron_ingot] x 8]> Picking up mobs=none
[m[34m[02:00:38][m [33m[main/WARN][m [36m(Minecraft)[m [0mUnable to play empty soundEvent: minecraft:entity.salmon.ambient
[m[34m[02:00:38][m [32m[main/INFO][m [36m(Minecraft)[m [0m[CHAT] §2§l§o[TenorClef] §rT2 [NOW] t=2:38.8 ph=IRON @-253,53,106 do=<Collecting 8 iron.: [[iron_ingot] x 8]> Picking up eq=stone_pickaxe woodpick=1 stonepick=1 pick=0 iron=2 buck=0
[m[34m[02:00:39][m [32m[main/INFO][m [36m(Minecraft)[m [0m[CHAT] §2§l§o[TenorClef] §rT2 [NOW] t=2:39.8 ph=IRON @-253,53,106 do=<Collecting 8 iron.: [[iron_ingot] x 8]> Picking up eq=stone_pickaxe woodpick=1 stonepick=1 pick=0 iron=2 buck=0
[m[34m[02:00:39][m [32m[main/INFO][m [36m(Minecraft)[m [0m[STDOUT]: ALTO CLEF: WARNING: T2 [S100] stop jump-walk @-253,106 ph=IRON child=CollectIronIngotTask esc=1
[m[34m[02:00:39][m [32m[main/INFO][m [36m(Minecraft)[m [0m[CHAT] §2§l§o[TenorClef] §cT2 [S100] stop jump-walk @-253,106 ph=IRON child=CollectIronIngotTask esc=1§r
[m[34m[02:00:39][m [32m[main/INFO][m [36m(Minecraft)[m [0m[CHAT] §2§l§o[TenorClef] §rT2 [HIST] 2:40.2 SOLVE S100 stop jump-walk @-253,106 ph=IRON child=CollectIronIngotTask esc=1
[m[34m[02:00:39][m [32m[main/INFO][m [36m(Minecraft)[m [0m[STDOUT]: ALTO CLEF: WARNING: T2 [S144] jump-stuck collector — replace CollectIronIngotTask with wander (esc=2)
[m[34m[02:00:39][m [32m[main/INFO][m [36m(Minecraft)[m [0m[CHAT] §2§l§o[TenorClef] §cT2 [S144] jump-stuck collector — replace CollectIronIngotTask with wander (esc=2)§r
[m[34m[02:00:39][m [32m[main/INFO][m [36m(Minecraft)[m [0m[CHAT] §2§l§o[TenorClef] §rT2 [HIST] 2:40.2 SOLVE S144 jump-stuck collector — replace CollectIronIngotTask with wander (esc=2)
[m[34m[02:00:39][m [32m[main/INFO][m [36m(Minecraft)[m [0m[CHAT] §2§l§o[TenorClef] §rT2 [HIST] 2:40.2 CHILD CollectIronIngotTask -> TimeoutWanderTask ph=IRON @-253,53,106 sky=15 wet=false ground=true pick=0 buck=0 iron=2 ore=4 rods=0 pearls=0 eyes=0
[m[34m[02:00:40][m [32m[pool-5-thread-4/INFO][m [36m(Minecraft)[m [0m[STDOUT]: 581504 movements considered
[m[34m[02:00:40][m [32m[pool-5-thread-4/INFO][m [36m(Minecraft)[m [0m[STDOUT]: Open set size: 12457
[m[34m[02:00:40][m [32m[pool-5-thread-4/INFO][m [36m(Minecraft)[m [0m[STDOUT]: PathNode map size: 38889
[m[34m[02:00:40][m [32m[pool-5-thread-4/INFO][m [36m(Minecraft)[m [0m[STDOUT]: 52864 nodes per second
[m[34m[02:00:40][m [32m[pool-5-thread-4/INFO][m [36m(Minecraft)[m [0m[STDOUT]: Path goes for 110.66164647247935 blocks
[m[34m[02:00:40][m [32m[main/INFO][m [36m(Minecraft)[m [0m[CHAT] §2§l§o[TenorClef] §rT2 [NOW] t=2:40.9 ph=IRON @-253,53,106 do=<Wander for Infinity blocks> Exploring. eq=dirt woodpick=1 stonepick=1 pick=0 iron=2 buck=0
[m[34m[02:00:40][m [32m[main/INFO][m [36m(Minecraft)[m [0m[CHAT] §2§l§o[TenorClef] §rT2 [HIST] 2:41.1 SNAP ph=IRON @-253,54,106 sky=15 wet=false ground=false pick=0 buck=0 iron=2 ore=4 rods=0 pearls=0 eyes=0 child=TimeoutWanderTask dbg=<Wander for Infinity blocks> Exploring. mobs=none
[m[34m[02:00:41][m [32m[main/INFO][m [36m(Minecraft)[m [0m[CHAT] §2§l§o[TenorClef] §rT2 [NOW] t=2:41.8 ph=IRON @-253,55,106 do=<Wander for Infinity blocks> Exploring. eq=cobblestone woodpick=1 stonepick=1 pick=0 iron=2 buck=0
[m[34m[02:00:41][m [32m[main/INFO][m [36m(Minecraft)[m [0m[CHAT] §2§l§o[TenorClef] §rT2 [HIST] 2:42.2 [E100] jumps=6 @-253,56,106 ph=IRON child=TimeoutWanderTask
[m[34m[02:00:42][m [32m[main/INFO][m [36m(Minecraft)[m [0m[CHAT] §2§l§o[TenorClef] §rT2 [NOW] t=2:42.8 ph=IRON @-253,58,106 do=<Wander for Infinity blocks> Exploring. eq=cobblestone woodpick=1 stonepick=1 pick=0 iron=2 buck=0
[m[34m[02:00:43][m [32m[main/INFO][m [36m(Minecraft)[m [0m[STDOUT]: ALTO CLEF: WARNING: T2 [E100] jumps=6 @-253,59,106 ph=IRON child=TimeoutWanderTask
[m[34m[02:00:43][m [32m[main/INFO][m [36m(Minecraft)[m [0m[CHAT] §2§l§o[TenorClef] §cT2 [E100] jumps=6 @-253,59,106 ph=IRON child=TimeoutWanderTask§r
[m[34m[02:00:43][m [32m[main/INFO][m [36m(Minecraft)[m [0m[CHAT] §2§l§o[TenorClef] §rT2 [HIST] 2:43.6 [E100] jumps=6 @-253,59,106 ph=IRON child=TimeoutWanderTask
[m[34m[02:00:43][m [32m[main/INFO][m [36m(Minecraft)[m [0m[CHAT] §2§l§o[TenorClef] §rT2 [NOW] t=2:43.8 ph=IRON @-253,60,106 do=<Wander for Infinity blocks> Exploring. eq=cobblestone woodpick=1 stonepick=1 pick=0 iron=2 buck=0
[m[34m[02:00:44][m [32m[main/INFO][m [36m(Minecraft)[m [0m[CHAT] §2§l§o[TenorClef] §rT2 [NOW] t=2:44.8 ph=IRON @-253,62,106 do=<Wander for Infinity blocks> Exploring. eq=cobblestone woodpick=1 stonepick=1 pick=0 iron=2 buck=0
[m[34m[02:00:44][m [32m[main/INFO][m [36m(Minecraft)[m [0m[CHAT] §2§l§o[TenorClef] §rT2 [HIST] 2:44.9 [E100] jumps=6 @-253,62,106 ph=IRON child=TimeoutWanderTask
[m[34m[02:00:44][m [32m[main/INFO][m [36m(Minecraft)[m [0m[CHAT] §2§l§o[TenorClef] §rT2 [HB] t=2:45.0 ph=IRON y=62 child=TimeoutWanderTask logs=1 pick=0 woodpick=1
[m[34m[02:00:45][m [32m[main/INFO][m [36m(Minecraft)[m [0m[CHAT] §2§l§o[TenorClef] §rT2 [NOW] t=2:45.8 ph=IRON @-254,64,105 do=<Wander for Infinity blocks> Exploring. eq=cobblestone woodpick=1 stonepick=1 pick=0 iron=2 buck=0
[m[34m[02:00:45][m [32m[main/INFO][m [36m(Minecraft)[m [0m[CHAT] §2§l§o[TenorClef] §rT2 [HIST] 2:46.1 SNAP ph=IRON @-254,65,105 sky=15 wet=false ground=false pick=0 buck=0 iron=2 ore=4 rods=0 pearls=0 eyes=0 child=TimeoutWanderTask dbg=<Wander for Infinity blocks> Exploring. mobs=none
[m[34m[02:00:46][m [32m[main/INFO][m [36m(Minecraft)[m [0m[CHAT] §2§l§o[TenorClef] §rT2 [NOW] t=2:46.8 ph=IRON @-254,66,101 do=<Wander for Infinity blocks> Exploring. eq=cobblestone woodpick=1 stonepick=1 pick=0 iron=2 buck=0
[m[34m[02:00:47][m [32m[main/INFO][m [36m(Minecraft)[m [0m[CHAT] §2§l§o[TenorClef] §rT2 [NOW] t=2:47.8 ph=IRON @-254,69,98 do=<Wander for Infinity blocks> Exploring. eq=cobblestone woodpick=1 stonepick=1 pick=0 iron=2 buck=0
[m[34m[02:00:47][m [32m[main/INFO][m [36m(Minecraft)[m [0m[CHAT] §2§l§o[TenorClef] §rT2 [HIST] 2:48.3 WHY iron: smelt 8 in one furnace
[m[34m[02:00:47][m [32m[main/INFO][m [36m(Minecraft)[m [0m[CHAT] §2§l§o[TenorClef] §rT2 [HIST] 2:48.3 CHILD TimeoutWanderTask -> CollectIronIngotTask ph=IRON @-254,69,97 sky=15 wet=false ground=true pick=0 buck=0 iron=2 ore=4 rods=0 pearls=0 eyes=0
[m[34m[02:00:48][m [32m[main/INFO][m [36m(Minecraft)[m [0m[CHAT] §2§l§o[TenorClef] §rRefreshed inventory...
[m[34m[02:00:48][m [32m[main/INFO][m [36m(Minecraft)[m [0m[CHAT] §2§l§o[TenorClef] §rT2 [NOW] t=2:48.8 ph=IRON @-255,69,95 do=<Collecting 8 iron.: [[iron_ingot] x 8]>  eq=stone_pickaxe woodpick=1 stonepick=1 pick=0 iron=2 buck=0
[m[34m[02:00:49][m [32m[main/INFO][m [36m(Minecraft)[m [0m[CHAT] §2§l§o[TenorClef] §rT2 [HIST] 2:49.7 SNAP ph=IRON @-255,69,92 sky=15 wet=false ground=true pick=0 buck=0 iron=2 ore=4 rods=0 pearls=0 eyes=0 child=CollectIronIngotTask dbg=<Collecting 8 iron.: [[iron_ingot] x 8]>  mobs=none
[m[34m[02:00:49][m [32m[main/INFO][m [36m(Minecraft)[m [0m[CHAT] §2§l§o[TenorClef] §rT2 [NOW] t=2:49.8 ph=IRON @-255,70,92 do=<Collecting 8 iron.: [[iron_ingot] x 8]>  eq=stone_pickaxe woodpick=1 stonepick=1 pick=0 iron=2 buck=0
[m[34m[02:00:50][m [32m[main/INFO][m [36m(Minecraft)[m [0m[CHAT] §2§l§o[TenorClef] §rT2 [NOW] t=2:50.8 ph=IRON @-254,71,88 do=<Collecting 8 iron.: [[iron_ingot] x 8]>  eq=stone_pickaxe woodpick=1 stonepick=1 pick=0 iron=2 buck=0
[m[34m[02:00:51][m [32m[main/INFO][m [36m(Minecraft)[m [0m[CHAT] §2§l§o[TenorClef] §rT2 [HB] t=2:51.6 ph=IRON y=72 child=CollectIronIngotTask logs=1 pick=0 woodpick=1
[m[34m[02:00:51][m [32m[main/INFO][m [36m(Minecraft)[m [0m[CHAT] §2§l§o[TenorClef] §rT2 [NOW] t=2:51.8 ph=IRON @-251,72,86 do=<Collecting 8 iron.: [[iron_ingot] x 8]>  eq=birch_log woodpick=1 stonepick=1 pick=0 iron=2 buck=0
[m[34m[02:00:51][m [32m[main/INFO][m [36m(Minecraft)[m [0m[CHAT] §2§l§o[TenorClef] §rT2 [HIST] 2:52.2 SNAP ph=IRON @-251,72,86 sky=14 wet=false ground=true pick=0 buck=0 iron=2 ore=4 rods=0 pearls=0 eyes=0 child=CollectIronIngotTask dbg=<Collecting 8 iron.: [[iron_ingot] x 8]>  mobs=none
[m[34m[02:00:52][m [32m[main/INFO][m [36m(Minecraft)[m [0m[CHAT] §2§l§o[TenorClef] §rT2 [NOW] t=2:52.8 ph=IRON @-251,72,86 do=<Collecting 8 iron.: [[iron_ingot] x 8]>  eq=birch_log woodpick=1 stonepick=1 pick=0 iron=2 buck=0
[m[34m[02:00:53][m [32m[main/INFO][m [36m(Minecraft)[m [0m[CHAT] §2§l§o[TenorClef] §rT2 [NOW] t=2:53.8 ph=IRON @-250,72,86 do=<Collecting 8 iron.: [[iron_ingot] x 8]>  eq=stone_pickaxe woodpick=1 stonepick=1 pick=0 iron=2 buck=0
[m[34m[02:00:53][m [32m[main/INFO][m [36m(Minecraft)[m [0m[STDOUT]: ALTO CLEF: WARNING: T2 [S194] dig-down in progress y=71 child=CollectIronIngotTask - pillar/jump nudges stand aside
[m[34m[02:00:53][m [32m[main/INFO][m [36m(Minecraft)[m [0m[CHAT] §2§l§o[TenorClef] §cT2 [S194] dig-down in progress y=71 child=CollectIronIngotTask - pillar/jump nudges stand aside§r
[m[34m[02:00:53][m [32m[main/INFO][m [36m(Minecraft)[m [0m[CHAT] §2§l§o[TenorClef] §rT2 [HIST] 2:53.9 SOLVE S194 dig-down in progress y=71 child=CollectIronIngotTask - pillar/jump nudges stand aside
[m[34m[02:00:53][m [32m[main/INFO][m [36m(Minecraft)[m [0m[CHAT] §2§l§o[TenorClef] §rT2 [HIST] 2:53.9 WHY iron: smelt 8 in one furnace
[m[34m[02:00:54][m [32m[main/INFO][m [36m(Minecraft)[m [0m[CHAT] §2§l§o[TenorClef] §rT2 [HIST] 2:54.7 SNAP ph=IRON @-250,71,86 sky=13 wet=false ground=true pick=0 buck=0 iron=2 ore=4 rods=0 pearls=0 eyes=0 child=CollectIronIngotTask dbg=<Collecting 8 iron.: [[iron_ingot] x 8]>  mobs=none
[m[34m[02:00:54][m [32m[main/INFO][m [36m(Minecraft)[m [0m[CHAT] §2§l§o[TenorClef] §rT2 [NOW] t=2:54.8 ph=IRON @-250,71,86 do=<Collecting 8 iron.: [[iron_ingot] x 8]>  eq=birch_log woodpick=1 stonepick=1 pick=0 iron=2 buck=0
[m[34m[02:00:55][m [32m[main/INFO][m [36m(Minecraft)[m [0m[CHAT] §2§l§o[TenorClef] §rT2 [NOW] t=2:55.8 ph=IRON @-250,70,86 do=<Collecting 8 iron.: [[iron_ingot] x 8]>  eq=birch_log woodpick=1 stonepick=1 pick=0 iron=2 buck=0
[m[34m[02:00:56][m [32m[main/INFO][m [36m(Minecraft)[m [0m[CHAT] §2§l§o[TenorClef] §rT2 [HB] t=2:56.6 ph=IRON y=69 child=CollectIronIngotTask logs=1 pick=0 woodpick=1
[m[34m[02:00:56][m [32m[main/INFO][m [36m(Minecraft)[m [0m[CHAT] §2§l§o[TenorClef] §rT2 [NOW] t=2:56.8 ph=IRON @-250,69,86 do=<Collecting 8 iron.: [[iron_ingot] x 8]>  eq=stone_pickaxe woodpick=1 stonepick=1 pick=0 iron=2 buck=0
[m[34m[02:00:56][m [32m[main/INFO][m [36m(Minecraft)[m [0m[CHAT] §2§l§o[TenorClef] §rT2 [HIST] 2:57.2 SNAP ph=IRON @-250,68,86 sky=10 wet=false ground=false pick=0 buck=0 iron=2 ore=4 rods=0 pearls=0 eyes=0 child=CollectIronIngotTask dbg=<Collecting 8 iron.: [[iron_ingot] x 8]>  mobs=none
[m[34m[02:00:56][m [32m[main/INFO][m [36m(Minecraft)[m [0m[STDOUT]: ALTO CLEF: WARNING: T2 [E70] iron stall 6s @-250,86 — clear blacklist + re-pick ore
[m[34m[02:00:56][m [32m[main/INFO][m [36m(Minecraft)[m [0m[CHAT] §2§l§o[TenorClef] §cT2 [E70] iron stall 6s @-250,86 — clear blacklist + re-pick ore§r
[m[34m[02:00:57][m [32m[main/INFO][m [36m(Minecraft)[m [0m[CHAT] §2§l§o[TenorClef] §rT2 [NOW] t=2:57.8 ph=IRON @-250,68,86 do=<Collecting 8 iron.: [[iron_ingot] x 8]>  eq=stone_pickaxe woodpick=1 stonepick=1 pick=0 iron=2 buck=0
[m[34m[02:00:57][m [32m[main/INFO][m [36m(Minecraft)[m [0m[STDOUT]: ALTO CLEF: WARNING: T2 [E100] jumps=8 @-250,68,86 ph=IRON child=CollectIronIngotTask
[m[34m[02:00:57][m [32m[main/INFO][m [36m(Minecraft)[m [0m[CHAT] §2§l§o[TenorClef] §cT2 [E100] jumps=8 @-250,68,86 ph=IRON child=CollectIronIngotTask§r
[m[34m[02:00:57][m [32m[main/INFO][m [36m(Minecraft)[m [0m[CHAT] §2§l§o[TenorClef] §rT2 [HIST] 2:57.9 [E100] jumps=8 @-250,68,86 ph=IRON child=CollectIronIngotTask
[m[34m[02:00:57][m [32m[main/INFO][m [36m(Minecraft)[m [0m[CHAT] §2§l§o[TenorClef] §rT2 [HIST] 2:58.0 WHY iron: smelt 8 in one furnace
[m[34m[02:00:58][m [32m[main/INFO][m [36m(Minecraft)[m [0m[CHAT] §2§l§o[TenorClef] §rT2 [NOW] t=2:58.8 ph=IRON @-250,67,86 do=<Collecting 8 iron.: [[iron_ingot] x 8]>  eq=stone_pickaxe woodpick=1 stonepick=1 pick=0 iron=2 buck=0
[m[34m[02:00:59][m [32m[main/INFO][m [36m(Minecraft)[m [0m[CHAT] §2§l§o[TenorClef] §rT2 [HIST] 2:59.7 SNAP ph=IRON @-250,66,86 sky=8 wet=false ground=true pick=0 buck=0 iron=2 ore=4 rods=0 pearls=0 eyes=0 child=CollectIronIngotTask dbg=<Collecting 8 iron.: [[iron_ingot] x 8]>  mobs=none
[m[34m[02:00:59][m [32m[main/INFO][m [36m(Minecraft)[m [0m[CHAT] §2§l§o[TenorClef] §rT2 [NOW] t=2:59.8 ph=IRON @-250,65,86 do=<Collecting 8 iron.: [[iron_ingot] x 8]>  eq=stone_pickaxe woodpick=1 stonepick=1 pick=0 iron=2 buck=0
[m[34m[02:00:59][m [32m[main/INFO][m [36m(Minecraft)[m [0m[CHAT] §2§l§o[TenorClef] §rT2 [HIST] 3:00.0 [E100] jumps=6 @-250,65,86 ph=IRON child=CollectIronIngotTask
[m[34m[02:00:59][m [32m[main/INFO][m [36m(Minecraft)[m [0mLoaded 137 advancements
[m[34m[02:01:00][m [32m[main/INFO][m [36m(Minecraft)[m [0m[CHAT] §2§l§o[TenorClef] §rT2 [NOW] t=3:00.8 ph=IRON @-250,64,86 do=<Collecting 8 iron.: [[iron_ingot] x 8]>  eq=stone_pickaxe woodpick=1 stonepick=1 pick=0 iron=2 buck=0
[m[34m[02:01:01][m [32m[main/INFO][m [36m(Minecraft)[m [0m[CHAT] §2§l§o[TenorClef] §rT2 [NOW] t=3:01.8 ph=IRON @-250,63,86 do=<Collecting 8 iron.: [[iron_ingot] x 8]>  eq=stone_pickaxe woodpick=1 stonepick=1 pick=0 iron=2 buck=0
[m[34m[02:01:01][m [32m[main/INFO][m [36m(Minecraft)[m [0m[CHAT] §2§l§o[TenorClef] §rT2 [HIST] 3:02.0 WHY iron: smelt 8 in one furnace
[m[34m[02:01:01][m [32m[main/INFO][m [36m(Minecraft)[m [0m[CHAT] §2§l§o[TenorClef] §rT2 [HIST] 3:02.2 SNAP ph=IRON @-250,63,86 sky=5 wet=false ground=true pick=0 buck=0 iron=2 ore=4 rods=0 pearls=0 eyes=0 child=CollectIronIngotTask dbg=<Collecting 8 iron.: [[iron_ingot] x 8]>  mobs=none
[m[34m[02:01:02][m [32m[main/INFO][m [36m(Minecraft)[m [0m[CHAT] §2§l§o[TenorClef] §rT2 [HIST] 3:02.7 [E100] jumps=6 @-250,62,86 ph=IRON child=CollectIronIngotTask
[m[34m[02:01:02][m [32m[main/INFO][m [36m(Minecraft)[m [0m[CHAT] §2§l§o[TenorClef] §rT2 [NOW] t=3:02.8 ph=IRON @-250,62,86 do=<Collecting 8 iron.: [[iron_ingot] x 8]>  eq=stone_pickaxe woodpick=1 stonepick=1 pick=0 iron=2 buck=0
[m[34m[02:01:02][m [32m[main/INFO][m [36m(Minecraft)[m [0m[STDOUT]: ALTO CLEF: WARNING: T2 [E70] iron stall 6s @-250,86 — clear blacklist + re-pick ore
[m[34m[02:01:02][m [32m[main/INFO][m [36m(Minecraft)[m [0m[CHAT] §2§l§o[TenorClef] §cT2 [E70] iron stall 6s @-250,86 — clear blacklist + re-pick ore§r
[m[34m[02:01:03][m [32m[main/INFO][m [36m(Minecraft)[m [0m[CHAT] §2§l§o[TenorClef] §rT2 [NOW] t=3:03.8 ph=IRON @-250,61,86 do=<Collecting 8 iron.: [[iron_ingot] x 8]>  eq=stone_pickaxe woodpick=1 stonepick=1 pick=0 iron=2 buck=0
[m[34m[02:01:04][m [32m[main/INFO][m [36m(Minecraft)[m [0m[CHAT] §2§l§o[TenorClef] §rT2 [HIST] 3:04.7 SNAP ph=IRON @-250,61,86 sky=3 wet=false ground=true pick=0 buck=0 iron=2 ore=4 rods=0 pearls=0 eyes=0 child=CollectIronIngotTask dbg=<Collecting 8 iron.: [[iron_ingot] x 8]>  mobs=none
[m[34m[02:01:04][m [32m[main/INFO][m [36m(Minecraft)[m [0m[CHAT] §2§l§o[TenorClef] §rT2 [NOW] t=3:04.8 ph=IRON @-250,61,86 do=<Collecting 8 iron.: [[iron_ingot] x 8]>  eq=stone_pickaxe woodpick=1 stonepick=1 pick=0 iron=2 buck=0
[m[34m[02:01:05][m [32m[main/INFO][m [36m(Minecraft)[m [0m[CHAT] §2§l§o[TenorClef] §rT2 [NOW] t=3:05.8 ph=IRON @-250,61,86 do=<Collecting 8 iron.: [[iron_ingot] x 8]>  eq=stone_pickaxe woodpick=1 stonepick=1 pick=0 iron=2 buck=0
[m[34m[02:01:05][m [32m[main/INFO][m [36m(Minecraft)[m [0m[CHAT] §2§l§o[TenorClef] §rT2 [HIST] 3:06.1 WHY iron: smelt 8 in one furnace
[m[34m[02:01:06][m [32m[main/INFO][m [36m(Minecraft)[m [0m[STDOUT]: ALTO CLEF: WARNING: T2 [S100] stop jump-walk @-250,86 ph=IRON child=CollectIronIngotTask esc=0
[m[34m[02:01:06][m [32m[main/INFO][m [36m(Minecraft)[m [0m[CHAT] §2§l§o[TenorClef] §cT2 [S100] stop jump-walk @-250,86 ph=IRON child=CollectIronIngotTask esc=0§r
[m[34m[02:01:06][m [32m[main/INFO][m [36m(Minecraft)[m [0m[CHAT] §2§l§o[TenorClef] §rT2 [HIST] 3:06.6 SOLVE S100 stop jump-walk @-250,86 ph=IRON child=CollectIronIngotTask esc=0
[m[34m[02:01:06][m [32m[main/INFO][m [36m(Minecraft)[m [0m[CHAT] §2§l§o[TenorClef] §rT2 [HB] t=3:06.7 ph=IRON y=61 child=CollectIronIngotTask logs=1 pick=0 woodpick=1
[m[34m[02:01:06][m [32m[main/INFO][m [36m(Minecraft)[m [0m[CHAT] §2§l§o[TenorClef] §rT2 [NOW] t=3:06.8 ph=IRON @-249,61,86 do=<Collecting 8 iron.: [[iron_ingot] x 8]>  eq=stone_pickaxe woodpick=1 stonepick=1 pick=0 iron=2 buck=0
[m[34m[02:01:06][m [32m[main/INFO][m [36m(Minecraft)[m [0m[CHAT] §2§l§o[TenorClef] §rT2 [HIST] 3:07.2 SNAP ph=IRON @-249,61,86 sky=2 wet=false ground=true pick=0 buck=0 iron=2 ore=6 rods=0 pearls=0 eyes=0 child=CollectIronIngotTask dbg=<Collecting 8 iron.: [[iron_ingot] x 8]>  mobs=none
[m[34m[02:01:07][m [32m[main/INFO][m [36m(Minecraft)[m [0m[CHAT] §2§l§o[TenorClef] §rT2 [NOW] t=3:07.8 ph=IRON @-250,61,86 do=<Collecting 8 iron.: [[iron_ingot] x 8]>  eq=stone_pickaxe woodpick=1 stonepick=1 pick=0 iron=2 buck=0
[m[34m[02:01:08][m [32m[main/INFO][m [36m(Minecraft)[m [0m[CHAT] §2§l§o[TenorClef] §rT2 [NOW] t=3:08.8 ph=IRON @-250,61,86 do=<Collecting 8 iron.: [[iron_ingot] x 8]>  eq=stone_pickaxe woodpick=1 stonepick=1 pick=0 iron=2 buck=0
[m[34m[02:01:09][m [32m[main/INFO][m [36m(Minecraft)[m [0m[CHAT] §2§l§o[TenorClef] §rT2 [HIST] 3:09.7 SNAP ph=IRON @-250,61,85 sky=2 wet=false ground=true pick=0 buck=0 iron=2 ore=6 rods=0 pearls=0 eyes=0 child=CollectIronIngotTask dbg=<Collecting 8 iron.: [[iron_ingot] x 8]>  mobs=none
[m[34m[02:01:09][m [32m[main/INFO][m [36m(Minecraft)[m [0m[CHAT] §2§l§o[TenorClef] §rT2 [NOW] t=3:09.8 ph=IRON @-250,61,85 do=<Collecting 8 iron.: [[iron_ingot] x 8]>  eq=stone_pickaxe woodpick=1 stonepick=1 pick=0 iron=2 buck=0
[m[34m[02:01:09][m [32m[main/INFO][m [36m(Minecraft)[m [0m[CHAT] §2§l§o[TenorClef] §rT2 [HIST] 3:10.1 WHY iron: smelt 8 in one furnace
[m[34m[02:01:10][m [32m[main/INFO][m [36m(Minecraft)[m [0m[CHAT] §2§l§o[TenorClef] §rT2 [NOW] t=3:10.8 ph=IRON @-250,61,85 do=<Collecting 8 iron.: [[iron_ingot] x 8]>  eq=stone_pickaxe woodpick=1 stonepick=1 pick=0 iron=2 buck=0
[m[34m[02:01:11][m [32m[main/INFO][m [36m(Minecraft)[m [0m[CHAT] §2§l§o[TenorClef] §rT2 [HB] t=3:11.7 ph=IRON y=61 child=CollectIronIngotTask logs=1 pick=0 woodpick=1
[m[34m[02:01:11][m [32m[main/INFO][m [36m(Minecraft)[m [0m[CHAT] §2§l§o[TenorClef] §rT2 [NOW] t=3:11.8 ph=IRON @-250,61,84 do=<Collecting 8 iron.: [[iron_ingot] x 8]>  eq=stone_pickaxe woodpick=1 stonepick=1 pick=0 iron=2 buck=0
[m[34m[02:01:11][m [32m[main/INFO][m [36m(Minecraft)[m [0m[CHAT] §2§l§o[TenorClef] §rT2 [HIST] 3:12.2 SNAP ph=IRON @-250,61,84 sky=1 wet=false ground=true pick=0 buck=0 iron=2 ore=6 rods=0 pearls=0 eyes=0 child=CollectIronIngotTask dbg=<Collecting 8 iron.: [[iron_ingot] x 8]>  mobs=none
[m[34m[02:01:12][m [32m[main/INFO][m [36m(Minecraft)[m [0m[CHAT] §2§l§o[TenorClef] §rT2 [NOW] t=3:12.8 ph=IRON @-250,61,84 do=<Collecting 8 iron.: [[iron_ingot] x 8]>  eq=stone_pickaxe woodpick=1 stonepick=1 pick=0 iron=2 buck=0
[m[34m[02:01:12][m [32m[main/INFO][m [36m(Minecraft)[m [0m[STDOUT]: ALTO CLEF: WARNING: T2 [E70] iron stall 6s @-250,84 — clear blacklist + re-pick ore
[m[34m[02:01:12][m [32m[main/INFO][m [36m(Minecraft)[m [0m[CHAT] §2§l§o[TenorClef] §cT2 [E70] iron stall 6s @-250,84 — clear blacklist + re-pick ore§r
[m[34m[02:01:13][m [32m[main/INFO][m [36m(Minecraft)[m [0m[CHAT] §2§l§o[TenorClef] §rT2 [NOW] t=3:13.8 ph=IRON @-250,61,83 do=<Collecting 8 iron.: [[iron_ingot] x 8]>  eq=stone_pickaxe woodpick=1 stonepick=1 pick=0 iron=2 buck=0
[m[34m[02:01:13][m [32m[main/INFO][m [36m(Minecraft)[m [0m[STDOUT]: ALTO CLEF: WARNING: T2 [S194] dig-down in progress y=60 child=CollectIronIngotTask - pillar/jump nudges stand aside
[m[34m[02:01:13][m [32m[main/INFO][m [36m(Minecraft)[m [0m[CHAT] §2§l§o[TenorClef] §cT2 [S194] dig-down in progress y=60 child=CollectIronIngotTask - pillar/jump nudges stand aside§r
[m[34m[02:01:13][m [32m[main/INFO][m [36m(Minecraft)[m [0m[CHAT] §2§l§o[TenorClef] §rT2 [HIST] 3:13.9 SOLVE S194 dig-down in progress y=60 child=CollectIronIngotTask - pillar/jump nudges stand aside
[m[34m[02:01:13][m [32m[main/INFO][m [36m(Minecraft)[m [0m[CHAT] §2§l§o[TenorClef] §rT2 [HIST] 3:14.1 WHY iron: smelt 8 in one furnace
[m[34m[02:01:14][m [32m[main/INFO][m [36m(Minecraft)[m [0m[CHAT] §2§l§o[TenorClef] §rT2 [HIST] 3:14.7 SNAP ph=IRON @-250,60,83 sky=0 wet=false ground=true pick=0 buck=0 iron=2 ore=6 rods=0 pearls=0 eyes=0 child=CollectIronIngotTask dbg=<Collecting 8 iron.: [[iron_ingot] x 8]>  mobs=none
[m[34m[02:01:14][m [32m[main/INFO][m [36m(Minecraft)[m [0m[CHAT] §2§l§o[TenorClef] §rT2 [NOW] t=3:14.8 ph=IRON @-250,60,83 do=<Collecting 8 iron.: [[iron_ingot] x 8]>  eq=stone_pickaxe woodpick=1 stonepick=1 pick=0 iron=2 buck=0
[m[34m[02:01:15][m [32m[main/INFO][m [36m(Minecraft)[m [0m[CHAT] §2§l§o[TenorClef] §rT2 [NOW] t=3:15.8 ph=IRON @-250,60,83 do=<Collecting 8 iron.: [[iron_ingot] x 8]>  eq=stone_pickaxe woodpick=1 stonepick=1 pick=0 iron=2 buck=0
[m[34m[02:01:16][m [32m[main/INFO][m [36m(Minecraft)[m [0m[CHAT] §2§l§o[TenorClef] §rT2 [NOW] t=3:16.8 ph=IRON @-250,60,82 do=<Collecting 8 iron.: [[iron_ingot] x 8]>  eq=stone_pickaxe woodpick=1 stonepick=1 pick=0 iron=2 buck=0
[m[34m[02:01:16][m [32m[main/INFO][m [36m(Minecraft)[m [0m[CHAT] §2§l§o[TenorClef] §rT2 [HIST] 3:17.2 SNAP ph=IRON @-250,59,82 sky=1 wet=false ground=true pick=0 buck=0 iron=2 ore=6 rods=0 pearls=0 eyes=0 child=CollectIronIngotTask dbg=<Collecting 8 iron.: [[iron_ingot] x 8]>  mobs=none
[m[34m[02:01:17][m [32m[main/INFO][m [36m(Minecraft)[m [0m[CHAT] §2§l§o[TenorClef] §rT2 [NOW] t=3:17.8 ph=IRON @-250,59,82 do=<Collecting 8 iron.: [[iron_ingot] x 8]>  eq=stone_pickaxe woodpick=1 stonepick=1 pick=0 iron=2 buck=0
[m[34m[02:01:18][m [32m[main/INFO][m [36m(Minecraft)[m [0m[CHAT] §2§l§o[TenorClef] §rRefreshed inventory...
[m[34m[02:01:18][m [32m[main/INFO][m [36m(Minecraft)[m [0m[CHAT] §2§l§o[TenorClef] §rT2 [NOW] t=3:18.8 ph=IRON @-251,56,81 do=<Collecting 8 iron.: [[iron_ingot] x 8]>  eq=stone_pickaxe woodpick=1 stonepick=1 pick=0 iron=2 buck=0
[m[34m[02:01:19][m [32m[main/INFO][m [36m(Minecraft)[m [0m[CHAT] §2§l§o[TenorClef] §rT2 [HIST] 3:19.7 SNAP ph=IRON @-255,55,81 sky=0 wet=false ground=true pick=0 buck=0 iron=2 ore=6 rods=0 pearls=0 eyes=0 child=CollectIronIngotTask dbg=<Collecting 8 iron.: [[iron_ingot] x 8]>  mobs=none
[m[34m[02:01:19][m [32m[main/INFO][m [36m(Minecraft)[m [0m[CHAT] §2§l§o[TenorClef] §rT2 [NOW] t=3:19.8 ph=IRON @-255,55,81 do=<Collecting 8 iron.: [[iron_ingot] x 8]>  eq=stone_pickaxe woodpick=1 stonepick=1 pick=0 iron=2 buck=0
[m[34m[02:01:20][m [32m[main/INFO][m [36m(Minecraft)[m [0m[CHAT] §2§l§o[TenorClef] §rT2 [NOW] t=3:20.8 ph=IRON @-255,55,81 do=<Collecting 8 iron.: [[iron_ingot] x 8]>  eq=stone_pickaxe woodpick=1 stonepick=1 pick=0 iron=2 buck=0
[m[34m[02:01:21][m [32m[main/INFO][m [36m(Minecraft)[m [0m[CHAT] §2§l§o[TenorClef] §rT2 [NOW] t=3:21.8 ph=IRON @-255,55,80 do=<Collecting 8 iron.: [[iron_ingot] x 8]>  eq=stone_pickaxe woodpick=1 stonepick=1 pick=0 iron=2 buck=0
[m[34m[02:01:21][m [32m[main/INFO][m [36m(Minecraft)[m [0m[CHAT] §2§l§o[TenorClef] §rT2 [HIST] 3:22.2 SNAP ph=IRON @-255,55,80 sky=0 wet=false ground=true pick=0 buck=0 iron=2 ore=6 rods=0 pearls=0 eyes=0 child=CollectIronIngotTask dbg=<Collecting 8 iron.: [[iron_ingot] x 8]>  mobs=none
[m[34m[02:01:22][m [32m[main/INFO][m [36m(Minecraft)[m [0m[CHAT] §2§l§o[TenorClef] §rT2 [NOW] t=3:22.8 ph=IRON @-255,55,80 do=<Collecting 8 iron.: [[iron_ingot] x 8]>  eq=stone_pickaxe woodpick=1 stonepick=1 pick=0 iron=2 buck=0
[m[34m[02:01:23][m [32m[main/INFO][m [36m(Minecraft)[m [0m[CHAT] §2§l§o[TenorClef] §rT2 [NOW] t=3:23.8 ph=IRON @-255,55,80 do=<Collecting 8 iron.: [[iron_ingot] x 8]>  eq=stone_pickaxe woodpick=1 stonepick=1 pick=0 iron=2 buck=0
[m[34m[02:01:23][m [32m[main/INFO][m [36m(Minecraft)[m [0m[STDOUT]: ALTO CLEF: WARNING: T2 [S194] dig-down in progress y=54 child=CollectIronIngotTask - pillar/jump nudges stand aside
[m[34m[02:01:23][m [32m[main/INFO][m [36m(Minecraft)[m [0m[CHAT] §2§l§o[TenorClef] §cT2 [S194] dig-down in progress y=54 child=CollectIronIngotTask - pillar/jump nudges stand aside§r
[m[34m[02:01:23][m [32m[main/INFO][m [36m(Minecraft)[m [0m[CHAT] §2§l§o[TenorClef] §rT2 [HIST] 3:24.4 SOLVE S194 dig-down in progress y=54 child=CollectIronIngotTask - pillar/jump nudges stand aside
[m[34m[02:01:23][m [32m[main/INFO][m [36m(Minecraft)[m [0m[CHAT] §2§l§o[TenorClef] §rT2 [HIST] 3:24.4 WHY iron: smelt 8 in one furnace
[m[34m[02:01:24][m [32m[main/INFO][m [36m(Minecraft)[m [0m[CHAT] §2§l§o[TenorClef] §rT2 [HIST] 3:24.7 SNAP ph=IRON @-255,54,79 sky=0 wet=false ground=true pick=0 buck=0 iron=2 ore=6 rods=0 pearls=0 eyes=0 child=CollectIronIngotTask dbg=<Collecting 8 iron.: [[iron_ingot] x 8]>  mobs=none
[m[34m[02:01:24][m [32m[main/INFO][m [36m(Minecraft)[m [0m[CHAT] §2§l§o[TenorClef] §rT2 [NOW] t=3:24.8 ph=IRON @-255,54,79 do=<Collecting 8 iron.: [[iron_ingot] x 8]>  eq=stone_pickaxe woodpick=1 stonepick=1 pick=0 iron=2 buck=0
[m[34m[02:01:25][m [32m[main/INFO][m [36m(Minecraft)[m [0m[CHAT] §2§l§o[TenorClef] §rT2 [NOW] t=3:25.8 ph=IRON @-255,54,79 do=<Collecting 8 iron.: [[iron_ingot] x 8]>  eq=stone_pickaxe woodpick=1 stonepick=1 pick=0 iron=2 buck=0
[m[34m[02:01:26][m [32m[main/INFO][m [36m(Minecraft)[m [0m[CHAT] §2§l§o[TenorClef] §rT2 [NOW] t=3:26.8 ph=IRON @-255,54,79 do=<Collecting 8 iron.: [[iron_ingot] x 8]>  eq=stone_pickaxe woodpick=1 stonepick=1 pick=0 iron=2 buck=0
[m[34m[02:01:26][m [32m[main/INFO][m [36m(Minecraft)[m [0m[CHAT] §2§l§o[TenorClef] §rT2 [HIST] 3:27.2 SNAP ph=IRON @-255,54,79 sky=0 wet=false ground=true pick=0 buck=0 iron=2 ore=6 rods=0 pearls=0 eyes=0 child=CollectIronIngotTask dbg=<Collecting 8 iron.: [[iron_ingot] x 8]>  mobs=none
[m[34m[02:01:27][m [32m[main/INFO][m [36m(Minecraft)[m [0m[CHAT] §2§l§o[TenorClef] §rT2 [NOW] t=3:27.8 ph=IRON @-255,54,79 do=<Collecting 8 iron.: [[iron_ingot] x 8]>  eq=stone_pickaxe woodpick=1 stonepick=1 pick=0 iron=2 buck=0
[m[34m[02:01:28][m [32m[main/INFO][m [36m(Minecraft)[m [0m[CHAT] §2§l§o[TenorClef] §rT2 [NOW] t=3:28.8 ph=IRON @-255,54,79 do=<Collecting 8 iron.: [[iron_ingot] x 8]>  eq=stone_pickaxe woodpick=1 stonepick=1 pick=0 iron=2 buck=0
[m[34m[02:01:29][m [32m[main/INFO][m [36m(Minecraft)[m [0m[CHAT] §2§l§o[TenorClef] §rT2 [HIST] 3:29.7 SNAP ph=IRON @-255,54,79 sky=0 wet=false ground=true pick=0 buck=0 iron=2 ore=6 rods=0 pearls=0 eyes=0 child=CollectIronIngotTask dbg=<Collecting 8 iron.: [[iron_ingot] x 8]>  mobs=none
[m[34m[02:01:29][m [32m[main/INFO][m [36m(Minecraft)[m [0m[CHAT] §2§l§o[TenorClef] §rT2 [NOW] t=3:29.8 ph=IRON @-255,54,79 do=<Collecting 8 iron.: [[iron_ingot] x 8]>  eq=stone_pickaxe woodpick=1 stonepick=1 pick=0 iron=2 buck=0
[m[34m[02:01:29][m [32m[main/INFO][m [36m(Minecraft)[m [0m[STDOUT]: ALTO CLEF: WARNING: T2 [E70] iron stall 6s @-255,79 — clear blacklist + re-pick ore
[m[34m[02:01:29][m [32m[main/INFO][m [36m(Minecraft)[m [0m[CHAT] §2§l§o[TenorClef] §cT2 [E70] iron stall 6s @-255,79 — clear blacklist + re-pick ore§r
[m[34m[02:01:30][m [32m[main/INFO][m [36m(Minecraft)[m [0m[CHAT] §2§l§o[TenorClef] §rT2 [NOW] t=3:30.8 ph=IRON @-255,54,79 do=<Collecting 8 iron.: [[iron_ingot] x 8]>  eq=stone_pickaxe woodpick=1 stonepick=1 pick=0 iron=2 buck=0
[m[34m[02:01:31][m [32m[main/INFO][m [36m(Minecraft)[m [0m[CHAT] §2§l§o[TenorClef] §rT2 [HB] t=3:31.7 ph=IRON y=54 child=CollectIronIngotTask logs=1 pick=0 woodpick=1
[m[34m[02:01:31][m [32m[main/INFO][m [36m(Minecraft)[m [0m[CHAT] §2§l§o[TenorClef] §rT2 [NOW] t=3:31.8 ph=IRON @-255,54,79 do=<Collecting 8 iron.: [[iron_ingot] x 8]>  eq=stone_pickaxe woodpick=1 stonepick=1 pick=0 iron=2 buck=0
[m[34m[02:01:31][m [32m[main/INFO][m [36m(Minecraft)[m [0m[CHAT] §2§l§o[TenorClef] §rT2 [HIST] 3:32.2 SNAP ph=IRON @-255,54,79 sky=0 wet=false ground=true pick=0 buck=0 iron=2 ore=6 rods=0 pearls=0 eyes=0 child=CollectIronIngotTask dbg=<Collecting 8 iron.: [[iron_ingot] x 8]>  mobs=none
[m[34m[02:01:32][m [32m[main/INFO][m [36m(Minecraft)[m [0m[CHAT] §2§l§o[TenorClef] §rT2 [NOW] t=3:32.8 ph=IRON @-255,54,79 do=<Collecting 8 iron.: [[iron_ingot] x 8]>  eq=stone_pickaxe woodpick=1 stonepick=1 pick=0 iron=2 buck=0
[m[34m[02:01:32][m [32m[main/INFO][m [36m(Minecraft)[m [0m[STDOUT]: ALTO CLEF: WARNING: T2 [S194] dig-down in progress y=53 child=CollectIronIngotTask - pillar/jump nudges stand aside
[m[34m[02:01:32][m [32m[main/INFO][m [36m(Minecraft)[m [0m[CHAT] §2§l§o[TenorClef] §cT2 [S194] dig-down in progress y=53 child=CollectIronIngotTask - pillar/jump nudges stand aside§r
[m[34m[02:01:32][m [32m[main/INFO][m [36m(Minecraft)[m [0m[CHAT] §2§l§o[TenorClef] §rT2 [HIST] 3:33.3 SOLVE S194 dig-down in progress y=53 child=CollectIronIngotTask - pillar/jump nudges stand aside
[m[34m[02:01:32][m [32m[main/INFO][m [36m(Minecraft)[m [0m[CHAT] §2§l§o[TenorClef] §rT2 [HIST] 3:33.3 WHY iron: smelt 8 in one furnace
[m[34m[02:01:33][m [32m[main/INFO][m [36m(Minecraft)[m [0m[CHAT] §2§l§o[TenorClef] §rT2 [NOW] t=3:33.8 ph=IRON @-255,53,78 do=<Collecting 8 iron.: [[iron_ingot] x 8]>  eq=dirt woodpick=1 stonepick=1 pick=0 iron=2 buck=0
[m[34m[02:01:34][m [32m[main/INFO][m [36m(Minecraft)[m [0m[CHAT] §2§l§o[TenorClef] §rT2 [HIST] 3:34.7 SNAP ph=IRON @-255,55,79 sky=0 wet=false ground=false pick=0 buck=0 iron=2 ore=6 rods=0 pearls=0 eyes=0 child=CollectIronIngotTask dbg=<Collecting 8 iron.: [[iron_ingot] x 8]>  mobs=none
[m[34m[02:01:34][m [32m[main/INFO][m [36m(Minecraft)[m [0m[CHAT] §2§l§o[TenorClef] §rT2 [NOW] t=3:34.8 ph=IRON @-255,55,80 do=<Collecting 8 iron.: [[iron_ingot] x 8]>  eq=stone_pickaxe woodpick=1 stonepick=1 pick=0 iron=2 buck=0
[m[34m[02:01:35][m [32m[main/INFO][m [36m(Minecraft)[m [0m[CHAT] §2§l§o[TenorClef] §rT2 [NOW] t=3:35.8 ph=IRON @-251,56,81 do=<Collecting 8 iron.: [[iron_ingot] x 8]>  eq=stone_pickaxe woodpick=1 stonepick=1 pick=0 iron=2 buck=0
[m[34m[02:01:36][m [32m[main/INFO][m [36m(Minecraft)[m [0m[CHAT] §2§l§o[TenorClef] §rT2 [HB] t=3:36.7 ph=IRON y=57 child=CollectIronIngotTask logs=1 pick=0 woodpick=1
[m[34m[02:01:36][m [32m[main/INFO][m [36m(Minecraft)[m [0m[CHAT] §2§l§o[TenorClef] §rT2 [NOW] t=3:36.8 ph=IRON @-248,57,79 do=<Collecting 8 iron.: [[iron_ingot] x 8]>  eq=stone_pickaxe woodpick=1 stonepick=1 pick=0 iron=2 buck=0
[m[34m[02:01:36][m [32m[main/INFO][m [36m(Minecraft)[m [0m[CHAT] §2§l§o[TenorClef] §rT2 [HIST] 3:37.2 SNAP ph=IRON @-247,58,79 sky=5 wet=false ground=false pick=0 buck=0 iron=2 ore=6 rods=0 pearls=0 eyes=0 child=CollectIronIngotTask dbg=<Collecting 8 iron.: [[iron_ingot] x 8]>  mobs=none
[m[34m[02:01:37][m [32m[main/INFO][m [36m(Minecraft)[m [0m[CHAT] §2§l§o[TenorClef] §rT2 [NOW] t=3:37.8 ph=IRON @-247,59,77 do=<Collecting 8 iron.: [[iron_ingot] x 8]>  eq=stone_pickaxe woodpick=1 stonepick=1 pick=0 iron=2 buck=0
[m[34m[02:01:38][m [32m[main/INFO][m [36m(Minecraft)[m [0m[STDOUT]: ALTO CLEF: WARNING: T2 [S152] onStop interrupt=null dead=false ph=IRON y=60.4 -> session preserved
[m[34m[02:01:38][m [32m[main/INFO][m [36m(Minecraft)[m [0m[CHAT] §2§l§o[TenorClef] §cT2 [S152] onStop interrupt=null dead=false ph=IRON y=60.4 -> session preserved§r
[m[34m[02:01:41][m [32m[T2Deadman/INFO][m [36m(Minecraft)[m [0m[STDOUT]: TENORCLEF: DEADMAN: client tick running 3s — client thread stack, innermost first:
    at knot//org.lwjgl.opengl.GL11C.glDrawArrays(Native Method)
    at knot//org.lwjgl.opengl.GL11.glDrawArrays(GL11.java:1826)
    at knot//com.mojang.blaze3d.platform.GlStateManager.drawArrays(GlStateManager.java:1501)
    at knot//com.mojang.blaze3d.systems.RenderSystem.drawArrays(RenderSystem.java:966)
    at knot//net.minecraft.client.gl.VertexBuffer.draw(VertexBuffer.java:60)
    at knot//net.minecraft.client.render.WorldRenderer.renderLayer(WorldRenderer.java:1494)
    at knot//net.minecraft.client.render.WorldRenderer.render(WorldRenderer.java:1129)
    at knot//net.minecraft.client.render.GameRenderer.renderWorld(GameRenderer.java:717)
    at knot//net.minecraft.client.render.GameRenderer.render(GameRenderer.java:540)
    at knot//net.minecraft.client.MinecraftClient.render(MinecraftClient.java:1021)
    at knot//net.minecraft.client.MinecraftClient.run(MinecraftClient.java:654)
    at knot//net.minecraft.client.main.Main.main(Main.java:215)
    at net.fabricmc.loader.impl.game.minecraft.MinecraftGameProvider.launch(MinecraftGameProvider.java:480)
    at net.fabricmc.loader.impl.launch.knot.Knot.launch(Knot.java:74)
    at net.fabricmc.loader.impl.launch.knot.KnotClient.main(KnotClient.java:23)
    at net.fabricmc.devlaunchinjector.Main.main(Main.java:86)
[m[34m[02:01:41][m [32m[T2Deadman/INFO][m [36m(Minecraft)[m [0m[STDOUT]: TENORCLEF: HARNESS: DEADMAN: client tick running 3s — client thread stack, innermost first:
    at knot//org.lwjgl.opengl.GL11C.glDrawArrays(Native Method)
    at knot//org.lwjgl.opengl.GL11.glDrawArrays(GL11.java:1826)
    at knot//com.mojang.blaze3d.platform.GlStateManager.drawArrays(GlStateManager.java:1501)
    at knot//com.mojang.blaze3d.systems.RenderSystem.drawArrays(RenderSystem.java:966)
    at knot//net.minecraft.client.gl.VertexBuffer.draw(VertexBuffer.java:60)
    at knot//net.minecraft.client.render.WorldRenderer.renderLayer(WorldRenderer.java:1494)
    at knot//net.minecraft.client.render.WorldRenderer.render(WorldRenderer.java:1129)
    at knot//net.minecraft.client.render.GameRenderer.renderWorld(GameRenderer.java:717)
    at knot//net.minecraft.client.render.GameRenderer.render(GameRenderer.java:540)
    at knot//net.minecraft.client.MinecraftClient.render(MinecraftClient.java:1021)
    at knot//net.minecraft.client.MinecraftClient.run(MinecraftClient.java:654)
    at knot//net.minecraft.client.main.Main.main(Main.java:215)
    at net.fabricmc.loader.impl.game.minecraft.MinecraftGameProvider.launch(MinecraftGameProvider.java:480)
    at net.fabricmc.loader.impl.launch.knot.Knot.launch(Knot.java:74)
    at net.fabricmc.loader.impl.launch.knot.KnotClient.main(KnotClient.java:23)
    at net.fabricmc.devlaunchinjector.Main.main(Main.java:86)
[m[34m[02:01:41][m [32m[T2Deadman/INFO][m [36m(Minecraft)[m [0m[STDOUT]: ALTO CLEF: WARNING: T2 [S181] DEADMAN: client tick running 3s — client thread stack, innermost first:
    at knot//org.lwjgl.opengl.GL11C.glDrawArrays(Native Method)
    at knot//org.lwjgl.opengl.GL11.glDrawArrays(GL11.java:1826)
    at knot//com.mojang.blaze3d.platform.GlStateManager.drawArrays(GlStateManager.java:1501)
    at knot//com.mojang.blaze3d.systems.RenderSystem.drawArrays(RenderSystem.java:966)
    at knot//net.minecraft.client.gl.VertexBuffer.draw(VertexBuffer.java:60)
    at knot//net.minecraft.client.render.WorldRenderer.renderLayer(WorldRenderer.java:1494)
    at knot//net.minecraft.client.render.WorldRenderer.render(WorldRenderer.java:1129)
    at knot//net.minecraft.client.render.GameRenderer.renderWorld(GameRenderer.java:717)
    at knot//net.minecraft.client.render.GameRenderer.render(GameRenderer.java:540)
    at knot//net.minecraft.client.MinecraftClient.render(MinecraftClient.java:1021)
    at knot//net.minecraft.client.MinecraftClient.run(MinecraftClient.java:654)
    at knot//net.minecraft.client.main.Main.main(Main.java:215)
    at net.fabricmc.loader.impl.game.minecraft.MinecraftGameProvider.launch(MinecraftGameProvider.java:480)
    at net.fabricmc.loader.impl.launch.knot.Knot.launch(Knot.java:74)
    at net.fabricmc.loader.impl.launch.knot.KnotClient.main(KnotClient.java:23)
    at net.fabricmc.devlaunchinjector.Main.main(Main.java:86)
[m[34m[02:01:41][m [32m[T2Deadman/INFO][m [36m(Minecraft)[m [0m[CHAT] §2§l§o[TenorClef] §cT2 [S181] DEADMAN: client tick running 3s — client thread stack, innermost first:\n    at knot//org.lwjgl.opengl.GL11C.glDrawArrays(Native Method)\n    at knot//org.lwjgl.opengl.GL11.glDrawArrays(GL11.java:1826)\n    at knot//com.mojang.blaze3d.platform.GlStateManager.drawArrays(GlStateManager.java:1501)\n    at knot//com.mojang.blaze3d.systems.RenderSystem.drawArrays(RenderSystem.java:966)\n    at knot//net.minecraft.client.gl.VertexBuffer.draw(VertexBuffer.java:60)\n    at knot//net.minecraft.client.render.WorldRenderer.renderLayer(WorldRenderer.java:1494)\n    at knot//net.minecraft.client.render.WorldRenderer.render(WorldRenderer.java:1129)\n    at knot//net.minecraft.client.render.GameRenderer.renderWorld(GameRenderer.java:717)\n    at knot//net.minecraft.client.render.GameRenderer.render(GameRenderer.java:540)\n    at knot//net.minecraft.client.MinecraftClient.render(MinecraftClient.java:1021)\n    at knot//net.minecraft.client.MinecraftClient.run(MinecraftClient.java:654)\n    at knot//net.minecraft.client.main.Main.main(Main.java:215)\n    at net.fabricmc.loader.impl.game.minecraft.MinecraftGameProvider.launch(MinecraftGameProvider.java:480)\n    at net.fabricmc.loader.impl.launch.knot.Knot.launch(Knot.java:74)\n    at net.fabricmc.loader.impl.launch.knot.KnotClient.main(KnotClient.java:23)\n    at net.fabricmc.devlaunchinjector.Main.main(Main.java:86)§r
[m[34m[02:01:41][m [32m[T2Deadman/INFO][m [36m(Minecraft)[m [0m[CHAT] §2§l§o[TenorClef] §rT2 [HIST] 3:41.8 FORCE S181 DEADMAN: client tick running 3s — client thread stack, innermost first:\n    at knot//org.lwjgl.opengl.GL11C.glDrawArrays(Native Method)\n    at knot//org.lwjgl.opengl.GL11.glDrawArrays(GL11.java:1826)\n    at knot//com.mojang.blaze3d.platform.GlStateManager.drawArrays(GlStateManager.java:1501)\n    at knot//com.mojang.blaze3d.systems.RenderSystem.drawArrays(RenderSystem.java:966)\n    at knot//net.minecraft.client.gl.VertexBuffer.draw(VertexBuffer.java:60)\n    at knot//net.minecraft.client.render.WorldRenderer.renderLayer(WorldRenderer.java:1494)\n    at knot//net.minecraft.client.render.WorldRenderer.render(WorldRenderer.java:1129)\n    at knot//net.minecraft.client.render.GameRenderer.renderWorld(GameRenderer.java:717)\n    at knot//net.minecraft.client.render.GameRenderer.render(GameRenderer.java:540)\n    at knot//net.minecraft.client.MinecraftClient.render(MinecraftClient.java:1021)\n    at knot//net.minecraft.client.MinecraftClient.run(MinecraftClient.java:654)\n    at knot//net.minecraft.client.main.Main.main(Main.java:215)\n    at net.fabricmc.loader.impl.game.minecraft.MinecraftGameProvider.launch(MinecraftGameProvider.java:480)\n    at net.fabricmc.loader.impl.launch.knot.Knot.launch(Knot.java:74)\n    at net.fabricmc.loader.impl.launch.knot.KnotClient.main(KnotClient.java:23)\n    at net.fabricmc.devlaunchinjector.Main.main(Main.java:86)
[m[34m[02:01:43][m [32m[main/INFO][m [36m(Minecraft)[m [0m[STDOUT]: ALTO CLEF: WARNING: T2 [E80] parent onStart ignored, still ph=IRON t=3:44.2
[m[34m[02:01:43][m [32m[main/INFO][m [36m(Minecraft)[m [0m[CHAT] §2§l§o[TenorClef] §cT2 [E80] parent onStart ignored, still ph=IRON t=3:44.2§r
[m[34m[02:01:43][m [32m[main/INFO][m [36m(Minecraft)[m [0m[CHAT] §2§l§o[TenorClef] §rT2 [HIST] 3:44.2 onStart swallowed — keep IRON
[m[34m[02:01:43][m [32m[main/INFO][m [36m(Minecraft)[m [0m[CHAT] §2§l§o[TenorClef] §rT2 [HIST] 3:44.2 WHY iron: smelt 8 in one furnace
[m[34m[02:01:43][m [32m[main/INFO][m [36m(Minecraft)[m [0m[STDOUT]: ALTO CLEF: WARNING: T2 [S175] slow client tick 5503ms — IRON @-248,58,78 child=CollectIronIngotTask
[m[34m[02:01:43][m [32m[main/INFO][m [36m(Minecraft)[m [0m[CHAT] §2§l§o[TenorClef] §cT2 [S175] slow client tick 5503ms — IRON @-248,58,78 child=CollectIronIngotTask§r
[m[34m[02:01:43][m [32m[main/INFO][m [36m(Minecraft)[m [0m[CHAT] §2§l§o[TenorClef] §rT2 [NOW] t=3:44.3 ph=IRON @-248,58,78 do=<Collecting 8 iron.: [[iron_ingot] x 8]>  eq=stone_pickaxe woodpick=1 stonepick=1 pick=0 iron=2 buck=0
[m[34m[02:01:44][m [32m[main/INFO][m [36m(Minecraft)[m [0m[CHAT] §2§l§o[TenorClef] §rT2 [HIST] 3:45.1 SNAP ph=IRON @-247,58,78 sky=7 wet=false ground=false pick=0 buck=0 iron=2 ore=6 rods=0 pearls=0 eyes=0 child=CollectIronIngotTask dbg=<Collecting 8 iron.: [[iron_ingot] x 8]>  mobs=none
[m[34m[02:01:44][m [32m[main/INFO][m [36m(Minecraft)[m [0m[CHAT] §2§l§o[TenorClef] §rT2 [NOW] t=3:45.3 ph=IRON @-247,59,77 do=<Collecting 8 iron.: [[iron_ingot] x 8]>  eq=stone_pickaxe woodpick=1 stonepick=1 pick=0 iron=2 buck=0
[m[34m[02:01:45][m [32m[main/INFO][m [36m(Minecraft)[m [0mLoaded 138 advancements
[m[34m[02:01:45][m [32m[main/INFO][m [36m(Minecraft)[m [0m[CHAT] §2§l§o[TenorClef] §rT2 [NOW] t=3:46.3 ph=IRON @-248,60,74 do=<Collecting 8 iron.: [[iron_ingot] x 8]>  eq=stone_pickaxe woodpick=1 stonepick=1 pick=0 iron=2 buck=0
[m[34m[02:01:46][m [32m[main/INFO][m [36m(Minecraft)[m [0m[CHAT] §2§l§o[TenorClef] §rT2 [HB] t=3:47.2 ph=IRON y=61 child=CollectIronIngotTask logs=1 pick=0 woodpick=1
[m[34m[02:01:46][m [32m[main/INFO][m [36m(Minecraft)[m [0m[CHAT] §2§l§o[TenorClef] §rT2 [NOW] t=3:47.3 ph=IRON @-249,61,72 do=<Collecting 8 iron.: [[iron_ingot] x 8]>  eq=stone_pickaxe woodpick=1 stonepick=1 pick=0 iron=2 buck=0
[m[34m[02:01:47][m [32m[main/INFO][m [36m(Minecraft)[m [0m[CHAT] §2§l§o[TenorClef] §rT2 [HIST] 3:47.6 SNAP ph=IRON @-249,62,71 sky=15 wet=false ground=false pick=0 buck=0 iron=2 ore=6 rods=0 pearls=0 eyes=0 child=CollectIronIngotTask dbg=<Collecting 8 iron.: [[iron_ingot] x 8]>  mobs=none
[m[34m[02:01:47][m [32m[main/INFO][m [36m(Minecraft)[m [0m[CHAT] §2§l§o[TenorClef] §rT2 [NOW] t=3:48.3 ph=IRON @-248,63,70 do=<Collecting 8 iron.: [[iron_ingot] x 8]>  eq=stone_pickaxe woodpick=1 stonepick=1 pick=0 iron=2 buck=0
[m[34m[02:01:48][m [32m[main/INFO][m [36m(Minecraft)[m [0m[CHAT] §2§l§o[TenorClef] §rRefreshed inventory...
[m[34m[02:01:48][m [32m[main/INFO][m [36m(Minecraft)[m [0m[CHAT] §2§l§o[TenorClef] §rT2 [NOW] t=3:49.3 ph=IRON @-251,63,69 do=<Collecting 8 iron.: [[iron_ingot] x 8]>  eq=birch_log woodpick=1 stonepick=1 pick=0 iron=2 buck=0
[m[34m[02:01:49][m [32m[main/INFO][m [36m(Minecraft)[m [0m[CHAT] §2§l§o[TenorClef] §rT2 [HIST] 3:50.1 SNAP ph=IRON @-251,64,69 sky=15 wet=false ground=false pick=0 buck=0 iron=2 ore=6 rods=0 pearls=0 eyes=0 child=CollectIronIngotTask dbg=<Collecting 8 iron.: [[iron_ingot] x 8]>  mobs=none
[m[34m[02:01:49][m [32m[main/INFO][m [36m(Minecraft)[m [0m[CHAT] §2§l§o[TenorClef] §rT2 [NOW] t=3:50.3 ph=IRON @-251,64,69 do=<Collecting 8 iron.: [[iron_ingot] x 8]>  eq=stone_pickaxe woodpick=1 stonepick=1 pick=0 iron=2 buck=0
[m[34m[02:01:50][m [32m[main/INFO][m [36m(Minecraft)[m [0m[CHAT] §2§l§o[TenorClef] §rT2 [NOW] t=3:51.3 ph=IRON @-253,66,71 do=<Collecting 8 iron.: [[iron_ingot] x 8]>  eq=stone_pickaxe woodpick=1 stonepick=1 pick=0 iron=2 buck=0
[m[34m[02:01:51][m [32m[main/INFO][m [36m(Minecraft)[m [0m[CHAT] §2§l§o[TenorClef] §rT2 [HB] t=3:52.2 ph=IRON y=68 child=CollectIronIngotTask logs=1 pick=0 woodpick=1
[m[34m[02:01:51][m [32m[main/INFO][m [36m(Minecraft)[m [0m[CHAT] §2§l§o[TenorClef] §rT2 [NOW] t=3:52.3 ph=IRON @-253,68,73 do=<Collecting 8 iron.: [[iron_ingot] x 8]>  eq=stone_pickaxe woodpick=1 stonepick=1 pick=0 iron=2 buck=0
[m[34m[02:01:52][m [32m[main/INFO][m [36m(Minecraft)[m [0m[CHAT] §2§l§o[TenorClef] §rT2 [HIST] 3:52.6 SNAP ph=IRON @-253,69,74 sky=15 wet=false ground=false pick=0 buck=0 iron=2 ore=6 rods=0 pearls=0 eyes=0 child=CollectIronIngotTask dbg=<Collecting 8 iron.: [[iron_ingot] x 8]>  mobs=none
[m[34m[02:01:52][m [32m[main/INFO][m [36m(Minecraft)[m [0m[CHAT] §2§l§o[TenorClef] §rT2 [NOW] t=3:53.3 ph=IRON @-253,70,75 do=<Collecting 8 iron.: [[iron_ingot] x 8]>  eq=stone_pickaxe woodpick=1 stonepick=1 pick=0 iron=2 buck=0
[m[34m[02:01:53][m [32m[main/INFO][m [36m(Minecraft)[m [0m[CHAT] §2§l§o[TenorClef] §rT2 [NOW] t=3:54.3 ph=IRON @-253,71,81 do=<Collecting 8 iron.: [[iron_ingot] x 8]>  eq=stone_pickaxe woodpick=1 stonepick=1 pick=0 iron=2 buck=0
[m[34m[02:01:54][m [32m[main/INFO][m [36m(Minecraft)[m [0m[CHAT] §2§l§o[TenorClef] §rT2 [HIST] 3:55.1 SNAP ph=IRON @-251,72,84 sky=15 wet=false ground=true pick=0 buck=0 iron=2 ore=6 rods=0 pearls=0 eyes=0 child=CollectIronIngotTask dbg=<Collecting 8 iron.: [[iron_ingot] x 8]>  mobs=none
[m[34m[02:01:54][m [32m[main/INFO][m [36m(Minecraft)[m [0m[CHAT] §2§l§o[TenorClef] §rT2 [NOW] t=3:55.3 ph=IRON @-250,72,85 do=<Collecting 8 iron.: [[iron_ingot] x 8]>  eq=stone_pickaxe woodpick=1 stonepick=1 pick=0 iron=2 buck=0
[m[34m[02:01:55][m [32m[main/INFO][m [36m(Minecraft)[m [0m[CHAT] §2§l§o[TenorClef] §rT2 [NOW] t=3:56.3 ph=IRON @-248,74,85 do=<Collecting 8 iron.: [[iron_ingot] x 8]>  eq=stone_pickaxe woodpick=1 stonepick=1 pick=0 iron=2 buck=0
[m[34m[02:01:56][m [32m[main/INFO][m [36m(Minecraft)[m [0m[CHAT] §2§l§o[TenorClef] §rT2 [HB] t=3:57.2 ph=IRON y=75 child=CollectIronIngotTask logs=1 pick=0 woodpick=1
[m[34m[02:01:56][m [32m[main/INFO][m [36m(Minecraft)[m [0m[CHAT] §2§l§o[TenorClef] §rT2 [NOW] t=3:57.3 ph=IRON @-246,75,88 do=<Collecting 8 iron.: [[iron_ingot] x 8]>  eq=stone_pickaxe woodpick=1 stonepick=1 pick=0 iron=2 buck=0
[m[34m[02:01:57][m [32m[main/INFO][m [36m(Minecraft)[m [0m[CHAT] §2§l§o[TenorClef] §rT2 [HIST] 3:57.6 SNAP ph=IRON @-245,76,88 sky=15 wet=false ground=true pick=0 buck=0 iron=2 ore=6 rods=0 pearls=0 eyes=0 child=CollectIronIngotTask dbg=<Collecting 8 iron.: [[iron_ingot] x 8]>  mobs=none
[m[34m[02:01:57][m [32m[main/INFO][m [36m(Minecraft)[m [0m[CHAT] §2§l§o[TenorClef] §rT2 [NOW] t=3:58.3 ph=IRON @-243,77,88 do=<Collecting 8 iron.: [[iron_ingot] x 8]>  eq=stone_pickaxe woodpick=1 stonepick=1 pick=0 iron=2 buck=0
[m[34m[02:01:58][m [32m[main/INFO][m [36m(Minecraft)[m [0m[CHAT] §2§l§o[TenorClef] §rT2 [NOW] t=3:59.3 ph=IRON @-241,77,90 do=<Collecting 8 iron.: [[iron_ingot] x 8]>  eq=stone_pickaxe woodpick=1 stonepick=1 pick=0 iron=2 buck=0
[m[34m[02:01:58][m [32m[main/INFO][m [36m(Minecraft)[m [0m[CHAT] [Baritone] Done building
[m[34m[02:01:58][m [32m[main/INFO][m [36m(Minecraft)[m [0m[CHAT] [Baritone] Done building
[m[34m[02:01:58][m [32m[main/INFO][m [36m(Minecraft)[m [0m[CHAT] [Baritone] Done building
[m[34m[02:01:59][m [32m[main/INFO][m [36m(Minecraft)[m [0m[CHAT] [Baritone] Done building
[m[34m[02:01:59][m [32m[main/INFO][m [36m(Minecraft)[m [0m[CHAT] [Baritone] Done building
[m[34m[02:01:59][m [32m[main/INFO][m [36m(Minecraft)[m [0m[CHAT] [Baritone] Done building
[m[34m[02:01:59][m [32m[main/INFO][m [36m(Minecraft)[m [0m[CHAT] [Baritone] Done building
[m[34m[02:01:59][m [32m[main/INFO][m [36m(Minecraft)[m [0m[CHAT] [Baritone] Done building
[m[34m[02:01:59][m [32m[main/INFO][m [36m(Minecraft)[m [0m[CHAT] [Baritone] Done building
[m[34m[02:01:59][m [32m[main/INFO][m [36m(Minecraft)[m [0m[CHAT] [Baritone] Done building
[m[34m[02:01:59][m [32m[main/INFO][m [36m(Minecraft)[m [0m[CHAT] [Baritone] Done building
[m[34m[02:01:59][m [32m[main/INFO][m [36m(Minecraft)[m [0m[CHAT] [Baritone] Done building
[m[34m[02:01:59][m [32m[main/INFO][m [36m(Minecraft)[m [0m[CHAT] [Baritone] Done building
[m[34m[02:01:59][m [32m[main/INFO][m [36m(Minecraft)[m [0m[CHAT] [Baritone] Done building
[m[34m[02:01:59][m [32m[main/INFO][m [36m(Minecraft)[m [0m[CHAT] [Baritone] Done building
[m[34m[02:01:59][m [32m[main/INFO][m [36m(Minecraft)[m [0m[CHAT] §2§l§o[TenorClef] §rT2 [HIST] 4:00.1 SNAP ph=IRON @-241,77,90 sky=15 wet=false ground=true pick=0 buck=0 iron=2 ore=6 rods=0 pearls=0 eyes=0 child=CollectIronIngotTask dbg=<Collecting 8 iron.: [[iron_ingot] x 8]>  mobs=none
[m[34m[02:01:59][m [32m[main/INFO][m [36m(Minecraft)[m [0m[CHAT] [Baritone] Done building
[m[34m[02:01:59][m [32m[main/INFO][m [36m(Minecraft)[m [0m[CHAT] [Baritone] Done building
[m[34m[02:01:59][m [32m[main/INFO][m [36m(Minecraft)[m [0m[CHAT] [Baritone] Done building
[m[34m[02:01:59][m [32m[main/INFO][m [36m(Minecraft)[m [0m[CHAT] §2§l§o[TenorClef] §rT2 [NOW] t=4:00.3 ph=IRON @-241,77,90 do=<Collecting 8 iron.: [[iron_ingot] x 8]>  eq=stone_pickaxe woodpick=1 stonepick=1 pick=0 iron=2 buck=0
[m[34m[02:01:59][m [32m[main/INFO][m [36m(Minecraft)[m [0m[CHAT] [Baritone] Done building
[m[34m[02:02:00][m [32m[main/INFO][m [36m(Minecraft)[m [0m[CHAT] §2§l§o[TenorClef] §rT2 [NOW] t=4:01.3 ph=IRON @-241,77,90 do=<Collecting 8 iron.: [[iron_ingot] x 8]>  eq=stone_pickaxe woodpick=1 stonepick=1 pick=0 iron=2 buck=0
[m[34m[02:02:01][m [32m[main/INFO][m [36m(Minecraft)[m [0m[CHAT] §2§l§o[TenorClef] §rT2 [HB] t=4:02.2 ph=IRON y=77 child=CollectIronIngotTask logs=1 pick=0 woodpick=1
[m[34m[02:02:01][m [32m[main/INFO][m [36m(Minecraft)[m [0m[CHAT] §2§l§o[TenorClef] §rT2 [NOW] t=4:02.3 ph=IRON @-241,77,90 do=<Collecting 8 iron.: [[iron_ingot] x 8]>  eq=stone_pickaxe woodpick=1 stonepick=1 pick=0 iron=2 buck=0
[m[34m[02:02:02][m [32m[main/INFO][m [36m(Minecraft)[m [0m[CHAT] §2§l§o[TenorClef] §rT2 [HIST] 4:02.6 SNAP ph=IRON @-241,77,90 sky=15 wet=false ground=true pick=0 buck=0 iron=2 ore=6 rods=0 pearls=0 eyes=0 child=CollectIronIngotTask dbg=<Collecting 8 iron.: [[iron_ingot] x 8]>  mobs=none
[m[34m[02:02:02][m [32m[main/INFO][m [36m(Minecraft)[m [0m[CHAT] §2§l§o[TenorClef] §rT2 [NOW] t=4:03.3 ph=IRON @-241,77,90 do=<Collecting 8 iron.: [[iron_ingot] x 8]>  eq=stone_pickaxe woodpick=1 stonepick=1 pick=0 iron=2 buck=0
[m[34m[02:02:03][m [32m[main/INFO][m [36m(Minecraft)[m [0m[CHAT] §2§l§o[TenorClef] §rT2 [NOW] t=4:04.3 ph=IRON @-241,77,90 do=<Collecting 8 iron.: [[iron_ingot] x 8]>  eq=stone_pickaxe woodpick=1 stonepick=1 pick=0 iron=2 buck=0
[m[34m[02:02:04][m [32m[main/INFO][m [36m(Minecraft)[m [0m[CHAT] §2§l§o[TenorClef] §rT2 [HIST] 4:05.1 SNAP ph=IRON @-241,77,90 sky=15 wet=false ground=true pick=0 buck=0 iron=2 ore=6 rods=0 pearls=0 eyes=0 child=CollectIronIngotTask dbg=<Collecting 8 iron.: [[iron_ingot] x 8]>  mobs=none
[m[34m[02:02:04][m [32m[main/INFO][m [36m(Minecraft)[m [0m[CHAT] §2§l§o[TenorClef] §rT2 [NOW] t=4:05.3 ph=IRON @-241,77,90 do=<Collecting 8 iron.: [[iron_ingot] x 8]>  eq=stone_pickaxe woodpick=1 stonepick=1 pick=0 iron=2 buck=0
[m[34m[02:02:05][m [32m[main/INFO][m [36m(Minecraft)[m [0m[CHAT] §2§l§o[TenorClef] §rT2 [NOW] t=4:06.3 ph=IRON @-241,77,90 do=<Collecting 8 iron.: [[iron_ingot] x 8]>  eq=stone_pickaxe woodpick=1 stonepick=1 pick=0 iron=2 buck=0
[m[34m[02:02:06][m [32m[main/INFO][m [36m(Minecraft)[m [0m[CHAT] §2§l§o[TenorClef] §rT2 [HB] t=4:07.2 ph=IRON y=77 child=CollectIronIngotTask logs=1 pick=0 woodpick=1
[m[34m[02:02:06][m [32m[main/INFO][m [36m(Minecraft)[m [0m[CHAT] §2§l§o[TenorClef] §rT2 [NOW] t=4:07.3 ph=IRON @-241,77,90 do=<Collecting 8 iron.: [[iron_ingot] x 8]>  eq=stone_pickaxe woodpick=1 stonepick=1 pick=0 iron=2 buck=0
[m[34m[02:02:07][m [32m[main/INFO][m [36m(Minecraft)[m [0m[CHAT] §2§l§o[TenorClef] §rT2 [HIST] 4:07.6 SNAP ph=IRON @-241,77,90 sky=15 wet=false ground=true pick=0 buck=0 iron=2 ore=6 rods=0 pearls=0 eyes=0 child=CollectIronIngotTask dbg=<Collecting 8 iron.: [[iron_ingot] x 8]>  mobs=none
[m[34m[02:02:07][m [32m[main/INFO][m [36m(Minecraft)[m [0m[CHAT] §2§l§o[TenorClef] §rT2 [NOW] t=4:08.3 ph=IRON @-241,77,90 do=<Collecting 8 iron.: [[iron_ingot] x 8]>  eq=stone_pickaxe woodpick=1 stonepick=1 pick=0 iron=2 buck=0
[m[34m[02:02:08][m [32m[main/INFO][m [36m(Minecraft)[m [0m[CHAT] §2§l§o[TenorClef] §rT2 [NOW] t=4:09.3 ph=IRON @-241,77,90 do=<Collecting 8 iron.: [[iron_ingot] x 8]>  eq=stone_pickaxe woodpick=1 stonepick=1 pick=0 iron=2 buck=0
[m[34m[02:02:09][m [32m[main/INFO][m [36m(Minecraft)[m [0m[CHAT] §2§l§o[TenorClef] §rT2 [HIST] 4:10.1 SNAP ph=IRON @-241,77,90 sky=15 wet=false ground=true pick=0 buck=0 iron=2 ore=6 rods=0 pearls=0 eyes=0 child=CollectIronIngotTask dbg=<Collecting 8 iron.: [[iron_ingot] x 8]>  mobs=none
[m[34m[02:02:09][m [32m[main/INFO][m [36m(Minecraft)[m [0m[CHAT] §2§l§o[TenorClef] §rT2 [NOW] t=4:10.3 ph=IRON @-241,77,90 do=<Collecting 8 iron.: [[iron_ingot] x 8]>  eq=stone_pickaxe woodpick=1 stonepick=1 pick=0 iron=2 buck=0
[m[34m[02:02:10][m [32m[main/INFO][m [36m(Minecraft)[m [0m[CHAT] §2§l§o[TenorClef] §rT2 [NOW] t=4:11.3 ph=IRON @-241,77,90 do=<Collecting 8 iron.: [[iron_ingot] x 8]>  eq=stone_pickaxe woodpick=1 stonepick=1 pick=0 iron=2 buck=0
[m[34m[02:02:11][m [32m[main/INFO][m [36m(Minecraft)[m [0m[CHAT] §2§l§o[TenorClef] §rT2 [HB] t=4:12.2 ph=IRON y=77 child=CollectIronIngotTask logs=1 pick=0 woodpick=1
[m[34m[02:02:11][m [32m[main/INFO][m [36m(Minecraft)[m [0m[CHAT] §2§l§o[TenorClef] §rT2 [NOW] t=4:12.3 ph=IRON @-241,77,90 do=<Collecting 8 iron.: [[iron_ingot] x 8]>  eq=stone_pickaxe woodpick=1 stonepick=1 pick=0 iron=2 buck=0
[m[34m[02:02:12][m [32m[main/INFO][m [36m(Minecraft)[m [0m[CHAT] §2§l§o[TenorClef] §rT2 [HIST] 4:12.6 SNAP ph=IRON @-241,77,90 sky=15 wet=false ground=true pick=0 buck=0 iron=3 ore=5 rods=0 pearls=0 eyes=0 child=CollectIronIngotTask dbg=<Collecting 8 iron.: [[iron_ingot] x 8]>  mobs=none
[m[34m[02:02:12][m [32m[main/INFO][m [36m(Minecraft)[m [0m[CHAT] §2§l§o[TenorClef] §rT2 [NOW] t=4:13.3 ph=IRON @-241,77,90 do=<Collecting 8 iron.: [[iron_ingot] x 8]>  eq=stone_pickaxe woodpick=1 stonepick=1 pick=0 iron=3 buck=0
[m[34m[02:02:13][m [32m[main/INFO][m [36m(Minecraft)[m [0m[CHAT] §2§l§o[TenorClef] §rT2 [NOW] t=4:14.3 ph=IRON @-241,77,90 do=<Collecting 8 iron.: [[iron_ingot] x 8]>  eq=stone_pickaxe woodpick=1 stonepick=1 pick=0 iron=3 buck=0
[m[34m[02:02:14][m [32m[main/INFO][m [36m(Minecraft)[m [0m[CHAT] §2§l§o[TenorClef] §rT2 [HIST] 4:15.1 SNAP ph=IRON @-241,77,90 sky=15 wet=false ground=true pick=0 buck=0 iron=3 ore=5 rods=0 pearls=0 eyes=0 child=CollectIronIngotTask dbg=<Collecting 8 iron.: [[iron_ingot] x 8]>  mobs=none
[m[34m[02:02:14][m [32m[main/INFO][m [36m(Minecraft)[m [0m[CHAT] §2§l§o[TenorClef] §rT2 [NOW] t=4:15.3 ph=IRON @-241,77,90 do=<Collecting 8 iron.: [[iron_ingot] x 8]>  eq=stone_pickaxe woodpick=1 stonepick=1 pick=0 iron=3 buck=0
[m[34m[02:02:15][m [32m[main/INFO][m [36m(Minecraft)[m [0m[CHAT] §2§l§o[TenorClef] §rT2 [NOW] t=4:16.3 ph=IRON @-241,77,90 do=<Collecting 8 iron.: [[iron_ingot] x 8]>  eq=stone_pickaxe woodpick=1 stonepick=1 pick=0 iron=3 buck=0
[m[34m[02:02:16][m [32m[main/INFO][m [36m(Minecraft)[m [0m[CHAT] §2§l§o[TenorClef] §rT2 [NOW] t=4:17.3 ph=IRON @-241,77,90 do=<Collecting 8 iron.: [[iron_ingot] x 8]>  eq=stone_pickaxe woodpick=1 stonepick=1 pick=0 iron=3 buck=0
[m[34m[02:02:17][m [32m[main/INFO][m [36m(Minecraft)[m [0m[CHAT] §2§l§o[TenorClef] §rT2 [HIST] 4:17.6 SNAP ph=IRON @-241,77,90 sky=15 wet=false ground=true pick=0 buck=0 iron=3 ore=5 rods=0 pearls=0 eyes=0 child=CollectIronIngotTask dbg=<Collecting 8 iron.: [[iron_ingot] x 8]>  mobs=none
[m[34m[02:02:17][m [32m[main/INFO][m [36m(Minecraft)[m [0m[CHAT] §2§l§o[TenorClef] §rT2 [NOW] t=4:18.3 ph=IRON @-241,77,90 do=<Collecting 8 iron.: [[iron_ingot] x 8]>  eq=stone_pickaxe woodpick=1 stonepick=1 pick=0 iron=3 buck=0
[m[34m[02:02:18][m [32m[main/INFO][m [36m(Minecraft)[m [0m[CHAT] §2§l§o[TenorClef] §rT2 [NOW] t=4:19.3 ph=IRON @-241,77,90 do=<Collecting 8 iron.: [[iron_ingot] x 8]>  eq=stone_pickaxe woodpick=1 stonepick=1 pick=0 iron=3 buck=0
[m[34m[02:02:19][m [32m[main/INFO][m [36m(Minecraft)[m [0m[CHAT] §2§l§o[TenorClef] §rT2 [HIST] 4:20.1 SNAP ph=IRON @-241,77,90 sky=15 wet=false ground=true pick=0 buck=0 iron=3 ore=5 rods=0 pearls=0 eyes=0 child=CollectIronIngotTask dbg=<Collecting 8 iron.: [[iron_ingot] x 8]>  mobs=none
[m[34m[02:02:19][m [32m[main/INFO][m [36m(Minecraft)[m [0m[CHAT] §2§l§o[TenorClef] §rT2 [NOW] t=4:20.3 ph=IRON @-241,77,90 do=<Collecting 8 iron.: [[iron_ingot] x 8]>  eq=stone_pickaxe woodpick=1 stonepick=1 pick=0 iron=3 buck=0
[m[34m[02:02:20][m [32m[main/INFO][m [36m(Minecraft)[m [0m[CHAT] §2§l§o[TenorClef] §rT2 [NOW] t=4:21.3 ph=IRON @-241,77,90 do=<Collecting 8 iron.: [[iron_ingot] x 8]>  eq=stone_pickaxe woodpick=1 stonepick=1 pick=0 iron=3 buck=0
[m[34m[02:02:21][m [32m[main/INFO][m [36m(Minecraft)[m [0m[CHAT] §2§l§o[TenorClef] §rT2 [NOW] t=4:22.3 ph=IRON @-241,77,90 do=<Collecting 8 iron.: [[iron_ingot] x 8]>  eq=stone_pickaxe woodpick=1 stonepick=1 pick=0 iron=3 buck=0
[m[34m[02:02:22][m [32m[main/INFO][m [36m(Minecraft)[m [0m[CHAT] §2§l§o[TenorClef] §rT2 [HIST] 4:22.6 SNAP ph=IRON @-241,77,90 sky=15 wet=false ground=true pick=0 buck=0 iron=4 ore=4 rods=0 pearls=0 eyes=0 child=CollectIronIngotTask dbg=<Collecting 8 iron.: [[iron_ingot] x 8]>  mobs=none
[m[34m[02:02:22][m [32m[main/INFO][m [36m(Minecraft)[m [0m[CHAT] §2§l§o[TenorClef] §rT2 [NOW] t=4:23.3 ph=IRON @-241,77,90 do=<Collecting 8 iron.: [[iron_ingot] x 8]>  eq=stone_pickaxe woodpick=1 stonepick=1 pick=0 iron=4 buck=0
[m[34m[02:02:23][m [32m[main/INFO][m [36m(Minecraft)[m [0m[CHAT] §2§l§o[TenorClef] §rT2 [NOW] t=4:24.3 ph=IRON @-241,77,90 do=<Collecting 8 iron.: [[iron_ingot] x 8]>  eq=stone_pickaxe woodpick=1 stonepick=1 pick=0 iron=4 buck=0
[m[34m[02:02:24][m [32m[main/INFO][m [36m(Minecraft)[m [0m[CHAT] §2§l§o[TenorClef] §rT2 [HIST] 4:25.1 SNAP ph=IRON @-241,77,90 sky=15 wet=false ground=true pick=0 buck=0 iron=4 ore=4 rods=0 pearls=0 eyes=0 child=CollectIronIngotTask dbg=<Collecting 8 iron.: [[iron_ingot] x 8]>  mobs=none
[m[34m[02:02:24][m [32m[main/INFO][m [36m(Minecraft)[m [0m[CHAT] §2§l§o[TenorClef] §rT2 [NOW] t=4:25.3 ph=IRON @-241,77,90 do=<Collecting 8 iron.: [[iron_ingot] x 8]>  eq=stone_pickaxe woodpick=1 stonepick=1 pick=0 iron=4 buck=0
[m[34m[02:02:25][m [32m[main/INFO][m [36m(Minecraft)[m [0m[CHAT] §2§l§o[TenorClef] §rT2 [NOW] t=4:26.3 ph=IRON @-241,77,90 do=<Collecting 8 iron.: [[iron_ingot] x 8]>  eq=stone_pickaxe woodpick=1 stonepick=1 pick=0 iron=4 buck=0
[m[34m[02:02:26][m [32m[main/INFO][m [36m(Minecraft)[m [0m[CHAT] §2§l§o[TenorClef] §rT2 [NOW] t=4:27.3 ph=IRON @-241,77,90 do=<Collecting 8 iron.: [[iron_ingot] x 8]>  eq=stone_pickaxe woodpick=1 stonepick=1 pick=0 iron=4 buck=0
[m[34m[02:02:27][m [32m[main/INFO][m [36m(Minecraft)[m [0m[CHAT] §2§l§o[TenorClef] §rT2 [HIST] 4:27.6 SNAP ph=IRON @-241,77,90 sky=15 wet=false ground=true pick=0 buck=0 iron=4 ore=4 rods=0 pearls=0 eyes=0 child=CollectIronIngotTask dbg=<Collecting 8 iron.: [[iron_ingot] x 8]>  mobs=none
[m[34m[02:02:27][m [32m[main/INFO][m [36m(Minecraft)[m [0m[CHAT] §2§l§o[TenorClef] §rT2 [NOW] t=4:28.3 ph=IRON @-241,77,90 do=<Collecting 8 iron.: [[iron_ingot] x 8]>  eq=stone_pickaxe woodpick=1 stonepick=1 pick=0 iron=4 buck=0
[m[34m[02:02:28][m [32m[main/INFO][m [36m(Minecraft)[m [0m[CHAT] §2§l§o[TenorClef] §rT2 [NOW] t=4:29.3 ph=IRON @-241,77,90 do=<Collecting 8 iron.: [[iron_ingot] x 8]>  eq=stone_pickaxe woodpick=1 stonepick=1 pick=0 iron=4 buck=0
[m[34m[02:02:29][m [32m[main/INFO][m [36m(Minecraft)[m [0m[CHAT] §2§l§o[TenorClef] §rT2 [HIST] 4:30.1 SNAP ph=IRON @-241,77,90 sky=15 wet=false ground=true pick=0 buck=0 iron=4 ore=4 rods=0 pearls=0 eyes=0 child=CollectIronIngotTask dbg=<Collecting 8 iron.: [[iron_ingot] x 8]>  mobs=none
[m[34m[02:02:29][m [32m[main/INFO][m [36m(Minecraft)[m [0m[CHAT] §2§l§o[TenorClef] §rT2 [NOW] t=4:30.3 ph=IRON @-241,77,90 do=<Collecting 8 iron.: [[iron_ingot] x 8]>  eq=stone_pickaxe woodpick=1 stonepick=1 pick=0 iron=4 buck=0
[m[34m[02:02:30][m [32m[main/INFO][m [36m(Minecraft)[m [0m[CHAT] §2§l§o[TenorClef] §rT2 [NOW] t=4:31.3 ph=IRON @-241,77,90 do=<Collecting 8 iron.: [[iron_ingot] x 8]>  eq=stone_pickaxe woodpick=1 stonepick=1 pick=0 iron=4 buck=0
[m[34m[02:02:30][m [32m[main/INFO][m [36m(Minecraft)[m [0m[STDOUT]: ALTO CLEF: WARNING: T2 [S184] slow GUI @-241,77,90 age=30s child=CollectIronIngotTask
[m[34m[02:02:30][m [32m[main/INFO][m [36m(Minecraft)[m [0m[CHAT] §2§l§o[TenorClef] §cT2 [S184] slow GUI @-241,77,90 age=30s child=CollectIronIngotTask§r
[m[34m[02:02:30][m [32m[main/INFO][m [36m(Minecraft)[m [0m[CHAT] §2§l§o[TenorClef] §rT2 [HIST] 4:31.4 SOLVE S184 slow GUI @-241,77,90 age=30s child=CollectIronIngotTask
[m[34m[02:02:30][m [32m[main/INFO][m [36m(Minecraft)[m [0m[CHAT] §2§l§o[TenorClef] §rT2 [HIST] 4:31.4 WHY iron: smelt 8 in one furnace
[m[34m[02:02:31][m [32m[main/INFO][m [36m(Minecraft)[m [0m[CHAT] §2§l§o[TenorClef] §rT2 [NOW] t=4:32.3 ph=IRON @-238,77,94 do=<Collecting 8 iron.: [[iron_ingot] x 8]>  eq=stone_pickaxe woodpick=1 stonepick=1 pick=0 iron=4 buck=0
[m[34m[02:02:32][m [32m[main/INFO][m [36m(Minecraft)[m [0m[CHAT] §2§l§o[TenorClef] §rT2 [HIST] 4:32.6 SNAP ph=IRON @-237,77,96 sky=14 wet=false ground=true pick=0 buck=0 iron=5 ore=3 rods=0 pearls=0 eyes=0 child=CollectIronIngotTask dbg=<Collecting 8 iron.: [[iron_ingot] x 8]>  mobs=none
[m[34m[02:02:32][m [32m[main/INFO][m [36m(Minecraft)[m [0m[CHAT] §2§l§o[TenorClef] §rRefreshed inventory...
[m[34m[02:02:32][m [32m[main/INFO][m [36m(Minecraft)[m [0m[CHAT] §2§l§o[TenorClef] §rT2 [NOW] t=4:33.3 ph=IRON @-235,77,99 do=<Collecting 8 iron.: [[iron_ingot] x 8]> Picking up eq=stone_pickaxe woodpick=1 stonepick=1 pick=0 iron=3 buck=0
[m[34m[02:02:32][m [32m[main/INFO][m [36m(Minecraft)[m [0m[STDOUT]: ALTO CLEF: WARNING: T2 [S194] dig-down in progress y=76 child=CollectIronIngotTask - pillar/jump nudges stand aside
[m[34m[02:02:32][m [32m[main/INFO][m [36m(Minecraft)[m [0m[CHAT] §2§l§o[TenorClef] §cT2 [S194] dig-down in progress y=76 child=CollectIronIngotTask - pillar/jump nudges stand aside§r
[m[34m[02:02:32][m [32m[main/INFO][m [36m(Minecraft)[m [0m[CHAT] §2§l§o[TenorClef] §rT2 [HIST] 4:33.4 SOLVE S194 dig-down in progress y=76 child=CollectIronIngotTask - pillar/jump nudges stand aside
[m[34m[02:02:33][m [32m[main/INFO][m [36m(Minecraft)[m [0m[CHAT] §2§l§o[TenorClef] §rT2 [NOW] t=4:34.3 ph=IRON @-234,75,100 do=<Collecting 8 iron.: [[iron_ingot] x 8]> Picking up eq=stone_pickaxe woodpick=1 stonepick=1 pick=0 iron=3 buck=0
[m[34m[02:02:34][m [32m[main/INFO][m [36m(Minecraft)[m [0m[CHAT] §2§l§o[TenorClef] §rT2 [HIST] 4:35.1 SNAP ph=IRON @-234,75,100 sky=15 wet=false ground=true pick=0 buck=0 iron=5 ore=0 rods=0 pearls=0 eyes=0 child=CollectIronIngotTask dbg=<Collecting 8 iron.: [[iron_ingot] x 8]> Picking up mobs=none
[m[34m[02:02:34][m [32m[main/INFO][m [36m(Minecraft)[m [0m[CHAT] §2§l§o[TenorClef] §rT2 [NOW] t=4:35.3 ph=IRON @-234,74,100 do=<Collecting 8 iron.: [[iron_ingot] x 8]> Picking up eq=stone_pickaxe woodpick=1 stonepick=1 pick=0 iron=5 buck=0
[m[34m[02:02:34][m [32m[main/INFO][m [36m(Minecraft)[m [0m[CHAT] §2§l§o[TenorClef] §rT2 [HIST] 4:35.5 WHY iron: smelt 8 in one furnace
[m[34m[02:02:35][m [32m[main/INFO][m [36m(Minecraft)[m [0m[CHAT] §2§l§o[TenorClef] §rT2 [NOW] t=4:36.3 ph=IRON @-229,73,100 do=<Collecting 8 iron.: [[iron_ingot] x 8]> Picking up eq=stone_pickaxe woodpick=1 stonepick=1 pick=0 iron=5 buck=0
[m[34m[02:02:36][m [32m[main/INFO][m [36m(Minecraft)[m [0m[CHAT] §2§l§o[TenorClef] §rT2 [NOW] t=4:37.3 ph=IRON @-228,69,101 do=<Collecting 8 iron.: [[iron_ingot] x 8]> Picking up eq=stone_pickaxe woodpick=1 stonepick=1 pick=0 iron=5 buck=0
[m[34m[02:02:37][m [32m[main/INFO][m [36m(Minecraft)[m [0m[CHAT] §2§l§o[TenorClef] §rT2 [HIST] 4:37.6 SNAP ph=IRON @-227,68,101 sky=15 wet=false ground=false pick=0 buck=0 iron=5 ore=0 rods=0 pearls=0 eyes=0 child=CollectIronIngotTask dbg=<Collecting 8 iron.: [[iron_ingot] x 8]> Picking up mobs=none
[m[34m[02:02:37][m [32m[main/INFO][m [36m(Minecraft)[m [0m[CHAT] §2§l§o[TenorClef] §rT2 [NOW] t=4:38.3 ph=IRON @-227,66,102 do=<Collecting 8 iron.: [[iron_ingot] x 8]> Picking up eq=stone_pickaxe woodpick=1 stonepick=1 pick=0 iron=5 buck=0
[m[34m[02:02:38][m [32m[main/INFO][m [36m(Minecraft)[m [0m[CHAT] §2§l§o[TenorClef] §rT2 [NOW] t=4:39.3 ph=IRON @-229,65,102 do=<Collecting 8 iron.: [[iron_ingot] x 8]> Picking up eq=stone_pickaxe woodpick=1 stonepick=1 pick=0 iron=5 buck=0
[m[34m[02:02:39][m [32m[main/INFO][m [36m(Minecraft)[m [0m[CHAT] §2§l§o[TenorClef] §rT2 [HIST] 4:40.1 SNAP ph=IRON @-230,65,102 sky=15 wet=false ground=true pick=0 buck=0 iron=5 ore=0 rods=0 pearls=0 eyes=0 child=CollectIronIngotTask dbg=<Collecting 8 iron.: [[iron_ingot] x 8]> Picking up mobs=none
[m[34m[02:02:39][m [32m[main/INFO][m [36m(Minecraft)[m [0m[CHAT] §2§l§o[TenorClef] §rT2 [NOW] t=4:40.3 ph=IRON @-230,65,102 do=<Collecting 8 iron.: [[iron_ingot] x 8]> Picking up eq=birch_log woodpick=1 stonepick=1 pick=0 iron=5 buck=0
[m[34m[02:02:40][m [33m[main/WARN][m [36m(Minecraft)[m [0mUnable to play empty soundEvent: minecraft:entity.cod.ambient
[m[34m[02:02:40][m [32m[main/INFO][m [36m(Minecraft)[m [0m[STDOUT]: ALTO CLEF: WARNING: T2 [S152] onStop interrupt=null dead=false ph=IRON y=63.2 -> session preserved
[m[34m[02:02:40][m [32m[main/INFO][m [36m(Minecraft)[m [0m[CHAT] §2§l§o[TenorClef] §cT2 [S152] onStop interrupt=null dead=false ph=IRON y=63.2 -> session preserved§r
[m[34m[02:02:43][m [32m[T2Deadman/INFO][m [36m(Minecraft)[m [0m[STDOUT]: TENORCLEF: DEADMAN: client tick running 3s — client thread stack, innermost first:
    at knot//net.minecraft.client.model.ModelPart.renderCuboids(ModelPart.java:175)
    at knot//net.minecraft.client.model.ModelPart.render(ModelPart.java:133)
    at knot//net.minecraft.client.model.ModelPart.render(ModelPart.java:136)
    at knot//net.minecraft.client.render.entity.model.CompositeEntityModel.method_22961(CompositeEntityModel.java:23)
    at knot//com.google.common.collect.ImmutableList.forEach(ImmutableList.java:408)
    at knot//net.minecraft.client.render.entity.model.CompositeEntityModel.render(CompositeEntityModel.java:23)
    at knot//net.minecraft.client.render.entity.LivingEntityRenderer.render(LivingEntityRenderer.java:134)
    at knot//net.minecraft.client.render.entity.MobEntityRenderer.render(MobEntityRenderer.java:44)
    at knot//net.minecraft.client.render.entity.MobEntityRenderer.render(MobEntityRenderer.java:19)
    at knot//net.minecraft.client.render.entity.EntityRenderDispatcher.render(EntityRenderDispatcher.java:260)
    at knot//net.minecraft.client.render.WorldRenderer.renderEntity(WorldRenderer.java:1435)
    at knot//net.minecraft.client.render.WorldRenderer.render(WorldRenderer.java:1199)
    at knot//net.minecraft.client.render.GameRenderer.renderWorld(GameRenderer.java:717)
    at knot//net.minecraft.client.render.GameRenderer.render(GameRenderer.java:540)
    at knot//net.minecraft.client.MinecraftClient.render(MinecraftClient.java:1021)
    at knot//net.minecraft.client.MinecraftClient.run(MinecraftClient.java:654)
    at knot//net.minecraft.client.main.Main.main(Main.java:215)
    at net.fabricmc.loader.impl.game.minecraft.MinecraftGameProvider.launch(MinecraftGameProvider.java:480)
    at net.fabricmc.loader.impl.launch.knot.Knot.launch(Knot.java:74)
    at net.fabricmc.loader.impl.launch.knot.KnotClient.main(KnotClient.java:23)
    at net.fabricmc.devlaunchinjector.Main.main(Main.java:86)
[m[34m[02:02:43][m [32m[T2Deadman/INFO][m [36m(Minecraft)[m [0m[STDOUT]: TENORCLEF: HARNESS: DEADMAN: client tick running 3s — client thread stack, innermost first:
    at knot//net.minecraft.client.model.ModelPart.renderCuboids(ModelPart.java:175)
    at knot//net.minecraft.client.model.ModelPart.render(ModelPart.java:133)
    at knot//net.minecraft.client.model.ModelPart.render(ModelPart.java:136)
    at knot//net.minecraft.client.render.entity.model.CompositeEntityModel.method_22961(CompositeEntityModel.java:23)
    at knot//com.google.common.collect.ImmutableList.forEach(ImmutableList.java:408)
    at knot//net.minecraft.client.render.entity.model.CompositeEntityModel.render(CompositeEntityModel.java:23)
    at knot//net.minecraft.client.render.entity.LivingEntityRenderer.render(LivingEntityRenderer.java:134)
    at knot//net.minecraft.client.render.entity.MobEntityRenderer.render(MobEntityRenderer.java:44)
    at knot//net.minecraft.client.render.entity.MobEntityRenderer.render(MobEntityRenderer.java:19)
    at knot//net.minecraft.client.render.entity.EntityRenderDispatcher.render(EntityRenderDispatcher.java:260)
    at knot//net.minecraft.client.render.WorldRenderer.renderEntity(WorldRenderer.java:1435)
    at knot//net.minecraft.client.render.WorldRenderer.render(WorldRenderer.java:1199)
    at knot//net.minecraft.client.render.GameRenderer.renderWorld(GameRenderer.java:717)
    at knot//net.minecraft.client.render.GameRenderer.render(GameRenderer.java:540)
    at knot//net.minecraft.client.MinecraftClient.render(MinecraftClient.java:1021)
    at knot//net.minecraft.client.MinecraftClient.run(MinecraftClient.java:654)
    at knot//net.minecraft.client.main.Main.main(Main.java:215)
    at net.fabricmc.loader.impl.game.minecraft.MinecraftGameProvider.launch(MinecraftGameProvider.java:480)
    at net.fabricmc.loader.impl.launch.knot.Knot.launch(Knot.java:74)
    at net.fabricmc.loader.impl.launch.knot.KnotClient.main(KnotClient.java:23)
    at net.fabricmc.devlaunchinjector.Main.main(Main.java:86)
[m[34m[02:02:43][m [32m[T2Deadman/INFO][m [36m(Minecraft)[m [0m[STDOUT]: ALTO CLEF: WARNING: T2 [S181] DEADMAN: client tick running 3s — client thread stack, innermost first:
    at knot//net.minecraft.client.model.ModelPart.renderCuboids(ModelPart.java:175)
    at knot//net.minecraft.client.model.ModelPart.render(ModelPart.java:133)
    at knot//net.minecraft.client.model.ModelPart.render(ModelPart.java:136)
    at knot//net.minecraft.client.render.entity.model.CompositeEntityModel.method_22961(CompositeEntityModel.java:23)
    at knot//com.google.common.collect.ImmutableList.forEach(ImmutableList.java:408)
    at knot//net.minecraft.client.render.entity.model.CompositeEntityModel.render(CompositeEntityModel.java:23)
    at knot//net.minecraft.client.render.entity.LivingEntityRenderer.render(LivingEntityRenderer.java:134)
    at knot//net.minecraft.client.render.entity.MobEntityRenderer.render(MobEntityRenderer.java:44)
    at knot//net.minecraft.client.render.entity.MobEntityRenderer.render(MobEntityRenderer.java:19)
    at knot//net.minecraft.client.render.entity.EntityRenderDispatcher.render(EntityRenderDispatcher.java:260)
    at knot//net.minecraft.client.render.WorldRenderer.renderEntity(WorldRenderer.java:1435)
    at knot//net.minecraft.client.render.WorldRenderer.render(WorldRenderer.java:1199)
    at knot//net.minecraft.client.render.GameRenderer.renderWorld(GameRenderer.java:717)
    at knot//net.minecraft.client.render.GameRenderer.render(GameRenderer.java:540)
    at knot//net.minecraft.client.MinecraftClient.render(MinecraftClient.java:1021)
    at knot//net.minecraft.client.MinecraftClient.run(MinecraftClient.java:654)
    at knot//net.minecraft.client.main.Main.main(Main.java:215)
    at net.fabricmc.loader.impl.game.minecraft.MinecraftGameProvider.launch(MinecraftGameProvider.java:480)
    at net.fabricmc.loader.impl.launch.knot.Knot.launch(Knot.java:74)
    at net.fabricmc.loader.impl.launch.knot.KnotClient.main(KnotClient.java:23)
    at net.fabricmc.devlaunchinjector.Main.main(Main.java:86)
[m[34m[02:02:43][m [32m[T2Deadman/INFO][m [36m(Minecraft)[m [0m[CHAT] §2§l§o[TenorClef] §cT2 [S181] DEADMAN: client tick running 3s — client thread stack, innermost first:\n    at knot//net.minecraft.client.model.ModelPart.renderCuboids(ModelPart.java:175)\n    at knot//net.minecraft.client.model.ModelPart.render(ModelPart.java:133)\n    at knot//net.minecraft.client.model.ModelPart.render(ModelPart.java:136)\n    at knot//net.minecraft.client.render.entity.model.CompositeEntityModel.method_22961(CompositeEntityModel.java:23)\n    at knot//com.google.common.collect.ImmutableList.forEach(ImmutableList.java:408)\n    at knot//net.minecraft.client.render.entity.model.CompositeEntityModel.render(CompositeEntityModel.java:23)\n    at knot//net.minecraft.client.render.entity.LivingEntityRenderer.render(LivingEntityRenderer.java:134)\n    at knot//net.minecraft.client.render.entity.MobEntityRenderer.render(MobEntityRenderer.java:44)\n    at knot//net.minecraft.client.render.entity.MobEntityRenderer.render(MobEntityRenderer.java:19)\n    at knot//net.minecraft.client.render.entity.EntityRenderDispatcher.render(EntityRenderDispatcher.java:260)\n    at knot//net.minecraft.client.render.WorldRenderer.renderEntity(WorldRenderer.java:1435)\n    at knot//net.minecraft.client.render.WorldRenderer.render(WorldRenderer.java:1199)\n    at knot//net.minecraft.client.render.GameRenderer.renderWorld(GameRenderer.java:717)\n    at knot//net.minecraft.client.render.GameRenderer.render(GameRenderer.java:540)\n    at knot//net.minecraft.client.MinecraftClient.render(MinecraftClient.java:1021)\n    at knot//net.minecraft.client.MinecraftClient.run(MinecraftClient.java:654)\n    at knot//net.minecraft.client.main.Main.main(Main.java:215)\n    at net.fabricmc.loader.impl.game.minecraft.MinecraftGameProvider.launch(MinecraftGameProvider.java:480)\n    at net.fabricmc.loader.impl.launch.knot.Knot.launch(Knot.java:74)\n    at net.fabricmc.loader.impl.launch.knot.KnotClient.main(KnotClient.java:23)\n    at net.fabricmc.devlaunchinjector.Main.main(Main.java:86)§r
[m[34m[02:02:43][m [32m[T2Deadman/INFO][m [36m(Minecraft)[m [0m[CHAT] §2§l§o[TenorClef] §rT2 [HIST] 4:44.1 FORCE S181 DEADMAN: client tick running 3s — client thread stack, innermost first:\n    at knot//net.minecraft.client.model.ModelPart.renderCuboids(ModelPart.java:175)\n    at knot//net.minecraft.client.model.ModelPart.render(ModelPart.java:133)\n    at knot//net.minecraft.client.model.ModelPart.render(ModelPart.java:136)\n    at knot//net.minecraft.client.render.entity.model.CompositeEntityModel.method_22961(CompositeEntityModel.java:23)\n    at knot//com.google.common.collect.ImmutableList.forEach(ImmutableList.java:408)\n    at knot//net.minecraft.client.render.entity.model.CompositeEntityModel.render(CompositeEntityModel.java:23)\n    at knot//net.minecraft.client.render.entity.LivingEntityRenderer.render(LivingEntityRenderer.java:134)\n    at knot//net.minecraft.client.render.entity.MobEntityRenderer.render(MobEntityRenderer.java:44)\n    at knot//net.minecraft.client.render.entity.MobEntityRenderer.render(MobEntityRenderer.java:19)\n    at knot//net.minecraft.client.render.entity.EntityRenderDispatcher.render(EntityRenderDispatcher.java:260)\n    at knot//net.minecraft.client.render.WorldRenderer.renderEntity(WorldRenderer.java:1435)\n    at knot//net.minecraft.client.render.WorldRenderer.render(WorldRenderer.java:1199)\n    at knot//net.minecraft.client.render.GameRenderer.renderWorld(GameRenderer.java:717)\n    at knot//net.minecraft.client.render.GameRenderer.render(GameRenderer.java:540)\n    at knot//net.minecraft.client.MinecraftClient.render(MinecraftClient.java:1021)\n    at knot//net.minecraft.client.MinecraftClient.run(MinecraftClient.java:654)\n    at knot//net.minecraft.client.main.Main.main(Main.java:215)\n    at net.fabricmc.loader.impl.game.minecraft.MinecraftGameProvider.launch(MinecraftGameProvider.java:480)\n    at net.fabricmc.loader.impl.launch.knot.Knot.launch(Knot.java:74)\n    at net.fabricmc.loader.impl.launch.knot.KnotClient.main(KnotClient.java:23)\n    at net.fabricmc.devlaunchinjector.Main.main(Main.java:86)
[m[34m[02:02:46][m [32m[Server thread/INFO][m [36m(Minecraft)[m [0mPlayer10 has made the advancement [Monster Hunter]
[m[34m[02:02:46][m [32m[main/INFO][m [36m(Minecraft)[m [0m[CHAT] Player10 has made the advancement [Monster Hunter]
[m[34m[02:02:46][m [32m[main/INFO][m [36m(Minecraft)[m [0mLoaded 155 advancements
[m[34m[02:02:46][m [32m[main/INFO][m [36m(Minecraft)[m [0m[STDOUT]: ALTO CLEF: WARNING: T2 [E80] parent onStart ignored, still ph=IRON t=4:47.0
[m[34m[02:02:46][m [32m[main/INFO][m [36m(Minecraft)[m [0m[CHAT] §2§l§o[TenorClef] §cT2 [E80] parent onStart ignored, still ph=IRON t=4:47.0§r
[m[34m[02:02:46][m [32m[main/INFO][m [36m(Minecraft)[m [0m[CHAT] §2§l§o[TenorClef] §rT2 [HIST] 4:47.0 onStart swallowed — keep IRON
[m[34m[02:02:46][m [32m[main/INFO][m [36m(Minecraft)[m [0m[CHAT] §2§l§o[TenorClef] §rT2 [HIST] 4:47.0 WHY iron: smelt 8 in one furnace
[m[34m[02:02:46][m [32m[main/INFO][m [36m(Minecraft)[m [0m[STDOUT]: ALTO CLEF: WARNING: T2 [S175] slow client tick 5999ms — IRON @-234,60,97 child=CollectIronIngotTask
[m[34m[02:02:46][m [32m[main/INFO][m [36m(Minecraft)[m [0m[CHAT] §2§l§o[TenorClef] §cT2 [S175] slow client tick 5999ms — IRON @-234,60,97 child=CollectIronIngotTask§r
[m[34m[02:02:46][m [32m[main/INFO][m [36m(Minecraft)[m [0m[CHAT] §2§l§o[TenorClef] §rT2 [NOW] t=4:47.2 ph=IRON @-234,60,97 do=<Collecting 8 iron.: [[iron_ingot] x 8]> Picking up eq=stone_pickaxe woodpick=1 stonepick=1 pick=0 iron=5 buck=0
[m[34m[02:02:47][m [32m[main/INFO][m [36m(Minecraft)[m [0m[CHAT] §2§l§o[TenorClef] §rT2 [NOW] t=4:48.2 ph=IRON @-234,60,97 do=<Collecting 8 iron.: [[iron_ingot] x 8]> Picking up eq=stone_pickaxe woodpick=1 stonepick=1 pick=0 iron=5 buck=0
[m[34m[02:02:48][m [32m[main/INFO][m [36m(Minecraft)[m [0m[CHAT] §2§l§o[TenorClef] §rT2 [HIST] 4:48.6 SNAP ph=IRON @-234,60,97 sky=4 wet=false ground=true pick=0 buck=0 iron=5 ore=0 rods=0 pearls=0 eyes=0 child=CollectIronIngotTask dbg=<Collecting 8 iron.: [[iron_ingot] x 8]> Picking up mobs=none
[m[34m[02:02:48][m [32m[main/INFO][m [36m(Minecraft)[m [0m[STDOUT]: ALTO CLEF: WARNING: T2 [S152] onStop interrupt=null dead=false ph=IRON y=60.0 -> session preserved
[m[34m[02:02:48][m [32m[main/INFO][m [36m(Minecraft)[m [0m[CHAT] §2§l§o[TenorClef] §cT2 [S152] onStop interrupt=null dead=false ph=IRON y=60.0 -> session preserved§r
[m[34m[02:02:51][m [32m[T2Deadman/INFO][m [36m(Minecraft)[m [0m[STDOUT]: TENORCLEF: DEADMAN: client tick running 3s — client thread stack, innermost first:
    at knot//it.unimi.dsi.fastutil.ints.IntArrays.insertionSort(IntArrays.java:467)
    at knot//it.unimi.dsi.fastutil.ints.IntArrays.mergeSort(IntArrays.java:1634)
    at knot//it.unimi.dsi.fastutil.ints.IntArrays.mergeSort(IntArrays.java:1639)
    at knot//it.unimi.dsi.fastutil.ints.IntArrays.mergeSort(IntArrays.java:1639)
    at knot//it.unimi.dsi.fastutil.ints.IntArrays.mergeSort(IntArrays.java:1674)
    at knot//it.unimi.dsi.fastutil.ints.IntArrays.mergeSort(IntArrays.java:1691)
    at knot//net.minecraft.client.render.BufferBuilder.sortQuads(BufferBuilder.java:109)
    at knot//net.minecraft.client.render.RenderLayer.draw(RenderLayer.java:583)
    at knot//net.minecraft.client.render.VertexConsumerProvider$Immediate.draw(VertexConsumerProvider.java:86)
    at knot//net.minecraft.client.render.VertexConsumerProvider$Immediate.draw(VertexConsumerProvider.java:69)
    at knot//net.minecraft.client.render.item.HeldItemRenderer.renderItem(HeldItemRenderer.java:404)
    at knot//net.minecraft.client.render.GameRenderer.renderHand(GameRenderer.java:477)
    at knot//net.minecraft.client.render.GameRenderer.renderWorld(GameRenderer.java:743)
    at knot//net.minecraft.client.render.GameRenderer.render(GameRenderer.java:540)
    at knot//net.minecraft.client.MinecraftClient.render(MinecraftClient.java:1021)
    at knot//net.minecraft.client.MinecraftClient.run(MinecraftClient.java:654)
    at knot//net.minecraft.client.main.Main.main(Main.java:215)
    at net.fabricmc.loader.impl.game.minecraft.MinecraftGameProvider.launch(MinecraftGameProvider.java:480)
    at net.fabricmc.loader.impl.launch.knot.Knot.launch(Knot.java:74)
    at net.fabricmc.loader.impl.launch.knot.KnotClient.main(KnotClient.java:23)
    at net.fabricmc.devlaunchinjector.Main.main(Main.java:86)
[m[34m[02:02:51][m [32m[T2Deadman/INFO][m [36m(Minecraft)[m [0m[STDOUT]: TENORCLEF: HARNESS: DEADMAN: client tick running 3s — client thread stack, innermost first:
    at knot//it.unimi.dsi.fastutil.ints.IntArrays.insertionSort(IntArrays.java:467)
    at knot//it.unimi.dsi.fastutil.ints.IntArrays.mergeSort(IntArrays.java:1634)
    at knot//it.unimi.dsi.fastutil.ints.IntArrays.mergeSort(IntArrays.java:1639)
    at knot//it.unimi.dsi.fastutil.ints.IntArrays.mergeSort(IntArrays.java:1639)
    at knot//it.unimi.dsi.fastutil.ints.IntArrays.mergeSort(IntArrays.java:1674)
    at knot//it.unimi.dsi.fastutil.ints.IntArrays.mergeSort(IntArrays.java:1691)
    at knot//net.minecraft.client.render.BufferBuilder.sortQuads(BufferBuilder.java:109)
    at knot//net.minecraft.client.render.RenderLayer.draw(RenderLayer.java:583)
    at knot//net.minecraft.client.render.VertexConsumerProvider$Immediate.draw(VertexConsumerProvider.java:86)
    at knot//net.minecraft.client.render.VertexConsumerProvider$Immediate.draw(VertexConsumerProvider.java:69)
    at knot//net.minecraft.client.render.item.HeldItemRenderer.renderItem(HeldItemRenderer.java:404)
    at knot//net.minecraft.client.render.GameRenderer.renderHand(GameRenderer.java:477)
    at knot//net.minecraft.client.render.GameRenderer.renderWorld(GameRenderer.java:743)
    at knot//net.minecraft.client.render.GameRenderer.render(GameRenderer.java:540)
    at knot//net.minecraft.client.MinecraftClient.render(MinecraftClient.java:1021)
    at knot//net.minecraft.client.MinecraftClient.run(MinecraftClient.java:654)
    at knot//net.minecraft.client.main.Main.main(Main.java:215)
    at net.fabricmc.loader.impl.game.minecraft.MinecraftGameProvider.launch(MinecraftGameProvider.java:480)
    at net.fabricmc.loader.impl.launch.knot.Knot.launch(Knot.java:74)
    at net.fabricmc.loader.impl.launch.knot.KnotClient.main(KnotClient.java:23)
    at net.fabricmc.devlaunchinjector.Main.main(Main.java:86)
[m[34m[02:02:51][m [32m[T2Deadman/INFO][m [36m(Minecraft)[m [0m[STDOUT]: ALTO CLEF: WARNING: T2 [S181] DEADMAN: client tick running 3s — client thread stack, innermost first:
    at knot//it.unimi.dsi.fastutil.ints.IntArrays.insertionSort(IntArrays.java:467)
    at knot//it.unimi.dsi.fastutil.ints.IntArrays.mergeSort(IntArrays.java:1634)
    at knot//it.unimi.dsi.fastutil.ints.IntArrays.mergeSort(IntArrays.java:1639)
    at knot//it.unimi.dsi.fastutil.ints.IntArrays.mergeSort(IntArrays.java:1639)
    at knot//it.unimi.dsi.fastutil.ints.IntArrays.mergeSort(IntArrays.java:1674)
    at knot//it.unimi.dsi.fastutil.ints.IntArrays.mergeSort(IntArrays.java:1691)
    at knot//net.minecraft.client.render.BufferBuilder.sortQuads(BufferBuilder.java:109)
    at knot//net.minecraft.client.render.RenderLayer.draw(RenderLayer.java:583)
    at knot//net.minecraft.client.render.VertexConsumerProvider$Immediate.draw(VertexConsumerProvider.java:86)
    at knot//net.minecraft.client.render.VertexConsumerProvider$Immediate.draw(VertexConsumerProvider.java:69)
    at knot//net.minecraft.client.render.item.HeldItemRenderer.renderItem(HeldItemRenderer.java:404)
    at knot//net.minecraft.client.render.GameRenderer.renderHand(GameRenderer.java:477)
    at knot//net.minecraft.client.render.GameRenderer.renderWorld(GameRenderer.java:743)
    at knot//net.minecraft.client.render.GameRenderer.render(GameRenderer.java:540)
    at knot//net.minecraft.client.MinecraftClient.render(MinecraftClient.java:1021)
    at knot//net.minecraft.client.MinecraftClient.run(MinecraftClient.java:654)
    at knot//net.minecraft.client.main.Main.main(Main.java:215)
    at net.fabricmc.loader.impl.game.minecraft.MinecraftGameProvider.launch(MinecraftGameProvider.java:480)
    at net.fabricmc.loader.impl.launch.knot.Knot.launch(Knot.java:74)
    at net.fabricmc.loader.impl.launch.knot.KnotClient.main(KnotClient.java:23)
    at net.fabricmc.devlaunchinjector.Main.main(Main.java:86)
[m[34m[02:02:51][m [32m[T2Deadman/INFO][m [36m(Minecraft)[m [0m[CHAT] §2§l§o[TenorClef] §cT2 [S181] DEADMAN: client tick running 3s — client thread stack, innermost first:\n    at knot//it.unimi.dsi.fastutil.ints.IntArrays.insertionSort(IntArrays.java:467)\n    at knot//it.unimi.dsi.fastutil.ints.IntArrays.mergeSort(IntArrays.java:1634)\n    at knot//it.unimi.dsi.fastutil.ints.IntArrays.mergeSort(IntArrays.java:1639)\n    at knot//it.unimi.dsi.fastutil.ints.IntArrays.mergeSort(IntArrays.java:1639)\n    at knot//it.unimi.dsi.fastutil.ints.IntArrays.mergeSort(IntArrays.java:1674)\n    at knot//it.unimi.dsi.fastutil.ints.IntArrays.mergeSort(IntArrays.java:1691)\n    at knot//net.minecraft.client.render.BufferBuilder.sortQuads(BufferBuilder.java:109)\n    at knot//net.minecraft.client.render.RenderLayer.draw(RenderLayer.java:583)\n    at knot//net.minecraft.client.render.VertexConsumerProvider$Immediate.draw(VertexConsumerProvider.java:86)\n    at knot//net.minecraft.client.render.VertexConsumerProvider$Immediate.draw(VertexConsumerProvider.java:69)\n    at knot//net.minecraft.client.render.item.HeldItemRenderer.renderItem(HeldItemRenderer.java:404)\n    at knot//net.minecraft.client.render.GameRenderer.renderHand(GameRenderer.java:477)\n    at knot//net.minecraft.client.render.GameRenderer.renderWorld(GameRenderer.java:743)\n    at knot//net.minecraft.client.render.GameRenderer.render(GameRenderer.java:540)\n    at knot//net.minecraft.client.MinecraftClient.render(MinecraftClient.java:1021)\n    at knot//net.minecraft.client.MinecraftClient.run(MinecraftClient.java:654)\n    at knot//net.minecraft.client.main.Main.main(Main.java:215)\n    at net.fabricmc.loader.impl.game.minecraft.MinecraftGameProvider.launch(MinecraftGameProvider.java:480)\n    at net.fabricmc.loader.impl.launch.knot.Knot.launch(Knot.java:74)\n    at net.fabricmc.loader.impl.launch.knot.KnotClient.main(KnotClient.java:23)\n    at net.fabricmc.devlaunchinjector.Main.main(Main.java:86)§r
[m[34m[02:02:51][m [32m[T2Deadman/INFO][m [36m(Minecraft)[m [0m[CHAT] §2§l§o[TenorClef] §rT2 [HIST] 4:52.0 FORCE S181 DEADMAN: client tick running 3s — client thread stack, innermost first:\n    at knot//it.unimi.dsi.fastutil.ints.IntArrays.insertionSort(IntArrays.java:467)\n    at knot//it.unimi.dsi.fastutil.ints.IntArrays.mergeSort(IntArrays.java:1634)\n    at knot//it.unimi.dsi.fastutil.ints.IntArrays.mergeSort(IntArrays.java:1639)\n    at knot//it.unimi.dsi.fastutil.ints.IntArrays.mergeSort(IntArrays.java:1639)\n    at knot//it.unimi.dsi.fastutil.ints.IntArrays.mergeSort(IntArrays.java:1674)\n    at knot//it.unimi.dsi.fastutil.ints.IntArrays.mergeSort(IntArrays.java:1691)\n    at knot//net.minecraft.client.render.BufferBuilder.sortQuads(BufferBuilder.java:109)\n    at knot//net.minecraft.client.render.RenderLayer.draw(RenderLayer.java:583)\n    at knot//net.minecraft.client.render.VertexConsumerProvider$Immediate.draw(VertexConsumerProvider.java:86)\n    at knot//net.minecraft.client.render.VertexConsumerProvider$Immediate.draw(VertexConsumerProvider.java:69)\n    at knot//net.minecraft.client.render.item.HeldItemRenderer.renderItem(HeldItemRenderer.java:404)\n    at knot//net.minecraft.client.render.GameRenderer.renderHand(GameRenderer.java:477)\n    at knot//net.minecraft.client.render.GameRenderer.renderWorld(GameRenderer.java:743)\n    at knot//net.minecraft.client.render.GameRenderer.render(GameRenderer.java:540)\n    at knot//net.minecraft.client.MinecraftClient.render(MinecraftClient.java:1021)\n    at knot//net.minecraft.client.MinecraftClient.run(MinecraftClient.java:654)\n    at knot//net.minecraft.client.main.Main.main(Main.java:215)\n    at net.fabricmc.loader.impl.game.minecraft.MinecraftGameProvider.launch(MinecraftGameProvider.java:480)\n    at net.fabricmc.loader.impl.launch.knot.Knot.launch(Knot.java:74)\n    at net.fabricmc.loader.impl.launch.knot.KnotClient.main(KnotClient.java:23)\n    at net.fabricmc.devlaunchinjector.Main.main(Main.java:86)
[m[34m[02:02:54][m [32m[main/INFO][m [36m(Minecraft)[m [0m[STDOUT]: ALTO CLEF: WARNING: T2 [E80] parent onStart ignored, still ph=IRON t=4:55.0
[m[34m[02:02:54][m [32m[main/INFO][m [36m(Minecraft)[m [0m[CHAT] §2§l§o[TenorClef] §cT2 [E80] parent onStart ignored, still ph=IRON t=4:55.0§r
[m[34m[02:02:54][m [32m[main/INFO][m [36m(Minecraft)[m [0m[CHAT] §2§l§o[TenorClef] §rT2 [HIST] 4:55.0 onStart swallowed — keep IRON
[m[34m[02:02:54][m [32m[main/INFO][m [36m(Minecraft)[m [0m[CHAT] §2§l§o[TenorClef] §rT2 [HIST] 4:55.0 WHY iron: smelt 8 in one furnace
[m[34m[02:02:54][m [32m[main/INFO][m [36m(Minecraft)[m [0m[STDOUT]: ALTO CLEF: WARNING: T2 [S175] slow client tick 6057ms — IRON @-238,60,94 child=CollectIronIngotTask
[m[34m[02:02:54][m [32m[main/INFO][m [36m(Minecraft)[m [0m[CHAT] §2§l§o[TenorClef] §cT2 [S175] slow client tick 6057ms — IRON @-238,60,94 child=CollectIronIngotTask§r
[m[34m[02:02:54][m [32m[main/INFO][m [36m(Minecraft)[m [0m[CHAT] §2§l§o[TenorClef] §rT2 [NOW] t=4:55.2 ph=IRON @-237,60,94 do=<Collecting 8 iron.: [[iron_ingot] x 8]> Picking up eq=stone_pickaxe woodpick=1 stonepick=1 pick=0 iron=5 buck=0
[m[34m[02:02:55][m [32m[main/INFO][m [36m(Minecraft)[m [0m[CHAT] §2§l§o[TenorClef] §rT2 [NOW] t=4:56.2 ph=IRON @-233,60,97 do=<Collecting 8 iron.: [[iron_ingot] x 8]> Picking up eq=stone_pickaxe woodpick=1 stonepick=1 pick=0 iron=5 buck=0
[m[34m[02:02:56][m [32m[main/INFO][m [36m(Minecraft)[m [0m[STDOUT]: ALTO CLEF: WARNING: T2 [S194] dig-down in progress y=59 child=CollectIronIngotTask - pillar/jump nudges stand aside
[m[34m[02:02:56][m [32m[main/INFO][m [36m(Minecraft)[m [0m[CHAT] §2§l§o[TenorClef] §cT2 [S194] dig-down in progress y=59 child=CollectIronIngotTask - pillar/jump nudges stand aside§r
[m[34m[02:02:56][m [32m[main/INFO][m [36m(Minecraft)[m [0m[CHAT] §2§l§o[TenorClef] §rT2 [HIST] 4:56.8 SOLVE S194 dig-down in progress y=59 child=CollectIronIngotTask - pillar/jump nudges stand aside
[m[34m[02:02:56][m [32m[main/INFO][m [36m(Minecraft)[m [0m[CHAT] §2§l§o[TenorClef] §rT2 [HIST] 4:57.1 SNAP ph=IRON @-233,59,97 sky=4 wet=false ground=true pick=0 buck=0 iron=5 ore=0 rods=0 pearls=0 eyes=0 child=CollectIronIngotTask dbg=<Collecting 8 iron.: [[iron_ingot] x 8]> Picking up mobs=none
[m[34m[02:02:56][m [32m[main/INFO][m [36m(Minecraft)[m [0m[CHAT] §2§l§o[TenorClef] §rT2 [NOW] t=4:57.2 ph=IRON @-233,59,97 do=<Collecting 8 iron.: [[iron_ingot] x 8]> Picking up eq=stone_pickaxe woodpick=1 stonepick=1 pick=0 iron=5 buck=0
[m[34m[02:02:57][m [32m[main/INFO][m [36m(Minecraft)[m [0m[CHAT] §2§l§o[TenorClef] §rT2 [NOW] t=4:58.2 ph=IRON @-233,58,97 do=<Collecting 8 iron.: [[iron_ingot] x 8]> Picking up eq=stone_pickaxe woodpick=1 stonepick=1 pick=0 iron=5 buck=0
[m[34m[02:02:58][m [32m[main/INFO][m [36m(Minecraft)[m [0m[CHAT] §2§l§o[TenorClef] §rT2 [HIST] 4:59.0 WHY iron: smelt 8 in one furnace
[m[34m[02:02:58][m [32m[main/INFO][m [36m(Minecraft)[m [0m[CHAT] §2§l§o[TenorClef] §rT2 [NOW] t=4:59.2 ph=IRON @-233,58,97 do=<Collecting 8 iron.: [[iron_ingot] x 8]> Picking up eq=stone_pickaxe woodpick=1 stonepick=1 pick=0 iron=5 buck=0
[m[34m[02:02:59][m [32m[main/INFO][m [36m(Minecraft)[m [0m[CHAT] §2§l§o[TenorClef] §rT2 [HIST] 4:59.6 SNAP ph=IRON @-233,58,97 sky=3 wet=false ground=true pick=0 buck=0 iron=5 ore=0 rods=0 pearls=0 eyes=0 child=CollectIronIngotTask dbg=<Collecting 8 iron.: [[iron_ingot] x 8]> Picking up mobs=none
[m[34m[02:02:59][m [32m[main/INFO][m [36m(Minecraft)[m [0m[CHAT] §2§l§o[TenorClef] §rT2 [NOW] t=5:00.2 ph=IRON @-233,58,97 do=<Collecting 8 iron.: [[iron_ingot] x 8]> Picking up eq=stone_pickaxe woodpick=1 stonepick=1 pick=0 iron=5 buck=0
[m[34m[02:03:00][m [32m[main/INFO][m [36m(Minecraft)[m [0m[CHAT] §2§l§o[TenorClef] §rT2 [NOW] t=5:01.2 ph=IRON @-233,58,97 do=<Collecting 8 iron.: [[iron_ingot] x 8]> Picking up eq=stone_pickaxe woodpick=1 stonepick=1 pick=0 iron=5 buck=0
[m[34m[02:03:01][m [32m[main/INFO][m [36m(Minecraft)[m [0m[CHAT] §2§l§o[TenorClef] §rT2 [HIST] 5:02.1 SNAP ph=IRON @-233,58,97 sky=3 wet=false ground=true pick=0 buck=0 iron=5 ore=2 rods=0 pearls=0 eyes=0 child=CollectIronIngotTask dbg=<Collecting 8 iron.: [[iron_ingot] x 8]> Picking up mobs=none
[m[34m[02:03:01][m [32m[main/INFO][m [36m(Minecraft)[m [0m[CHAT] §2§l§o[TenorClef] §rT2 [NOW] t=5:02.2 ph=IRON @-233,58,97 do=<Collecting 8 iron.: [[iron_ingot] x 8]> Picking up eq=stone_pickaxe woodpick=1 stonepick=1 pick=0 iron=5 buck=0
[m[34m[02:03:02][m [32m[main/INFO][m [36m(Minecraft)[m [0m[CHAT] §2§l§o[TenorClef] §rT2 [NOW] t=5:03.2 ph=IRON @-233,58,97 do=<Collecting 8 iron.: [[iron_ingot] x 8]> Picking up eq=stone_pickaxe woodpick=1 stonepick=1 pick=0 iron=5 buck=0
[m[34m[02:03:03][m [32m[main/INFO][m [36m(Minecraft)[m [0m[CHAT] §2§l§o[TenorClef] §rRefreshed inventory...
[m[34m[02:03:03][m [32m[main/INFO][m [36m(Minecraft)[m [0m[CHAT] §2§l§o[TenorClef] §rT2 [NOW] t=5:04.2 ph=IRON @-234,60,97 do=<Collecting 8 iron.: [[iron_ingot] x 8]> Picking up eq=stone_pickaxe woodpick=1 stonepick=1 pick=0 iron=5 buck=0
[m[34m[02:03:04][m [32m[main/INFO][m [36m(Minecraft)[m [0m[CHAT] §2§l§o[TenorClef] §rT2 [HIST] 5:04.6 SNAP ph=IRON @-234,61,98 sky=6 wet=false ground=false pick=0 buck=0 iron=5 ore=3 rods=0 pearls=0 eyes=0 child=CollectIronIngotTask dbg=<Collecting 8 iron.: [[iron_ingot] x 8]> Picking up mobs=none
[m[34m[02:03:04][m [32m[main/INFO][m [36m(Minecraft)[m [0m[CHAT] §2§l§o[TenorClef] §rT2 [NOW] t=5:05.2 ph=IRON @-233,61,100 do=<Collecting 8 iron.: [[iron_ingot] x 8]> Picking up eq=stone_pickaxe woodpick=1 stonepick=1 pick=0 iron=5 buck=0
[m[34m[02:03:05][m [32m[main/INFO][m [36m(Minecraft)[m [0m[CHAT] §2§l§o[TenorClef] §rT2 [NOW] t=5:06.2 ph=IRON @-232,62,101 do=<Collecting 8 iron.: [[iron_ingot] x 8]> Picking up eq=birch_log woodpick=1 stonepick=1 pick=0 iron=5 buck=0
[m[34m[02:03:06][m [32m[main/INFO][m [36m(Minecraft)[m [0m[CHAT] §2§l§o[TenorClef] §rT2 [HIST] 5:07.1 SNAP ph=IRON @-232,63,102 sky=15 wet=false ground=true pick=0 buck=0 iron=5 ore=3 rods=0 pearls=0 eyes=0 child=CollectIronIngotTask dbg=<Collecting 8 iron.: [[iron_ingot] x 8]> Picking up mobs=none
[m[34m[02:03:06][m [32m[main/INFO][m [36m(Minecraft)[m [0m[CHAT] §2§l§o[TenorClef] §rT2 [NOW] t=5:07.2 ph=IRON @-232,63,102 do=<Collecting 8 iron.: [[iron_ingot] x 8]> Picking up eq=dirt woodpick=1 stonepick=1 pick=0 iron=5 buck=0
[m[34m[02:03:07][m [32m[main/INFO][m [36m(Minecraft)[m [0m[CHAT] §2§l§o[TenorClef] §rT2 [NOW] t=5:08.2 ph=IRON @-233,65,102 do=<Collecting 8 iron.: [[iron_ingot] x 8]> Picking up eq=stone_pickaxe woodpick=1 stonepick=1 pick=0 iron=5 buck=0
[m[34m[02:03:08][m [32m[main/INFO][m [36m(Minecraft)[m [0m[CHAT] §2§l§o[TenorClef] §rT2 [NOW] t=5:09.2 ph=IRON @-235,68,102 do=<Collecting 8 iron.: [[iron_ingot] x 8]> Picking up eq=stone_pickaxe woodpick=1 stonepick=1 pick=0 iron=5 buck=0
[m[34m[02:03:09][m [32m[main/INFO][m [36m(Minecraft)[m [0m[CHAT] §2§l§o[TenorClef] §rT2 [HIST] 5:09.6 SNAP ph=IRON @-237,68,102 sky=15 wet=false ground=true pick=0 buck=0 iron=5 ore=3 rods=0 pearls=0 eyes=0 child=CollectIronIngotTask dbg=<Collecting 8 iron.: [[iron_ingot] x 8]> Picking up mobs=none
[m[34m[02:03:09][m [32m[main/INFO][m [36m(Minecraft)[m [0m[CHAT] §2§l§o[TenorClef] §rT2 [NOW] t=5:10.2 ph=IRON @-241,69,102 do=<Collecting 8 iron.: [[iron_ingot] x 8]> Picking up eq=stone_pickaxe woodpick=1 stonepick=1 pick=0 iron=5 buck=0
[m[34m[02:03:10][m [32m[main/INFO][m [36m(Minecraft)[m [0m[CHAT] §2§l§o[TenorClef] §rT2 [NOW] t=5:11.2 ph=IRON @-244,71,101 do=<Collecting 8 iron.: [[iron_ingot] x 8]> Picking up eq=stone_pickaxe woodpick=1 stonepick=1 pick=0 iron=5 buck=0
[m[34m[02:03:11][m [32m[main/INFO][m [36m(Minecraft)[m [0m[CHAT] §2§l§o[TenorClef] §rT2 [HIST] 5:12.1 SNAP ph=IRON @-245,73,100 sky=15 wet=false ground=false pick=0 buck=0 iron=5 ore=3 rods=0 pearls=0 eyes=0 child=CollectIronIngotTask dbg=<Collecting 8 iron.: [[iron_ingot] x 8]> Picking up mobs=none
[m[34m[02:03:11][m [32m[main/INFO][m [36m(Minecraft)[m [0m[CHAT] §2§l§o[TenorClef] §rT2 [NOW] t=5:12.2 ph=IRON @-245,73,99 do=<Collecting 8 iron.: [[iron_ingot] x 8]> Picking up eq=stone_pickaxe woodpick=1 stonepick=1 pick=0 iron=5 buck=0
[m[34m[02:03:12][m [32m[main/INFO][m [36m(Minecraft)[m [0m[CHAT] §2§l§o[TenorClef] §rT2 [NOW] t=5:13.2 ph=IRON @-243,75,98 do=<Collecting 8 iron.: [[iron_ingot] x 8]> Picking up eq=stone_pickaxe woodpick=1 stonepick=1 pick=0 iron=5 buck=0
[m[34m[02:03:13][m [32m[main/INFO][m [36m(Minecraft)[m [0m[CHAT] [Baritone] Done building
[m[34m[02:03:13][m [32m[main/INFO][m [36m(Minecraft)[m [0m[CHAT] [Baritone] Done building
[m[34m[02:03:13][m [32m[main/INFO][m [36m(Minecraft)[m [0m[CHAT] [Baritone] Done building
[m[34m[02:03:13][m [32m[main/INFO][m [36m(Minecraft)[m [0m[CHAT] [Baritone] Done building
[m[34m[02:03:13][m [32m[main/INFO][m [36m(Minecraft)[m [0m[CHAT] [Baritone] Done building
[m[34m[02:03:13][m [32m[main/INFO][m [36m(Minecraft)[m [0m[CHAT] [Baritone] Done building
[m[34m[02:03:13][m [32m[main/INFO][m [36m(Minecraft)[m [0m[CHAT] [Baritone] Done building
[m[34m[02:03:13][m [32m[main/INFO][m [36m(Minecraft)[m [0m[CHAT] [Baritone] Done building
[m[34m[02:03:13][m [32m[main/INFO][m [36m(Minecraft)[m [0m[CHAT] [Baritone] Done building
[m[34m[02:03:13][m [32m[main/INFO][m [36m(Minecraft)[m [0m[CHAT] [Baritone] Done building
[m[34m[02:03:13][m [32m[main/INFO][m [36m(Minecraft)[m [0m[CHAT] [Baritone] Done building
[m[34m[02:03:13][m [32m[main/INFO][m [36m(Minecraft)[m [0m[CHAT] [Baritone] Done building
[m[34m[02:03:13][m [32m[main/INFO][m [36m(Minecraft)[m [0m[CHAT] §2§l§o[TenorClef] §rT2 [NOW] t=5:14.2 ph=IRON @-242,75,98 do=<Collecting 8 iron.: [[iron_ingot] x 8]> Picking up eq=stone_pickaxe woodpick=1 stonepick=1 pick=0 iron=5 buck=0
[m[34m[02:03:13][m [32m[main/INFO][m [36m(Minecraft)[m [0m[CHAT] [Baritone] Done building
[m[34m[02:03:13][m [32m[main/INFO][m [36m(Minecraft)[m [0m[CHAT] [Baritone] Done building
[m[34m[02:03:13][m [32m[main/INFO][m [36m(Minecraft)[m [0m[CHAT] [Baritone] Done building
[m[34m[02:03:13][m [32m[main/INFO][m [36m(Minecraft)[m [0m[CHAT] [Baritone] Done building
[m[34m[02:03:13][m [32m[main/INFO][m [36m(Minecraft)[m [0m[CHAT] [Baritone] Done building
[m[34m[02:03:13][m [32m[main/INFO][m [36m(Minecraft)[m [0m[CHAT] [Baritone] Done building
[m[34m[02:03:14][m [32m[main/INFO][m [36m(Minecraft)[m [0m[CHAT] [Baritone] Done building
[m[34m[02:03:14][m [32m[main/INFO][m [36m(Minecraft)[m [0m[CHAT] §2§l§o[TenorClef] §rT2 [HIST] 5:14.6 SNAP ph=IRON @-242,75,98 sky=15 wet=false ground=true pick=0 buck=0 iron=5 ore=3 rods=0 pearls=0 eyes=0 child=CollectIronIngotTask dbg=<Collecting 8 iron.: [[iron_ingot] x 8]> Picking up mobs=none
[m[34m[02:03:14][m [32m[main/INFO][m [36m(Minecraft)[m [0m[STDOUT]: ALTO CLEF: WARNING: T2 [S194] dig-down in progress y=74 child=CollectIronIngotTask - pillar/jump nudges stand aside
[m[34m[02:03:14][m [32m[main/INFO][m [36m(Minecraft)[m [0m[CHAT] §2§l§o[TenorClef] §cT2 [S194] dig-down in progress y=74 child=CollectIronIngotTask - pillar/jump nudges stand aside§r
[m[34m[02:03:14][m [32m[main/INFO][m [36m(Minecraft)[m [0m[CHAT] §2§l§o[TenorClef] §rT2 [HIST] 5:14.9 SOLVE S194 dig-down in progress y=74 child=CollectIronIngotTask - pillar/jump nudges stand aside
[m[34m[02:03:14][m [32m[main/INFO][m [36m(Minecraft)[m [0m[CHAT] §2§l§o[TenorClef] §rT2 [HIST] 5:14.9 WHY iron: smelt 8 in one furnace
[m[34m[02:03:14][m [32m[main/INFO][m [36m(Minecraft)[m [0m[CHAT] [Baritone] Done building
[m[34m[02:03:14][m [32m[main/INFO][m [36m(Minecraft)[m [0m[CHAT] §2§l§o[TenorClef] §rT2 [NOW] t=5:15.2 ph=IRON @-244,74,98 do=<Collecting 8 iron.: [[iron_ingot] x 8]> Picking up eq=stone_pickaxe woodpick=1 stonepick=1 pick=0 iron=5 buck=0
[m[34m[02:03:15][m [32m[main/INFO][m [36m(Minecraft)[m [0m[CHAT] §2§l§o[TenorClef] §rT2 [NOW] t=5:16.2 ph=IRON @-244,74,98 do=<Collecting 8 iron.: [[iron_ingot] x 8]> Picking up eq=stone_pickaxe woodpick=1 stonepick=1 pick=0 iron=5 buck=0
[m[34m[02:03:16][m [32m[main/INFO][m [36m(Minecraft)[m [0m[CHAT] §2§l§o[TenorClef] §rT2 [HIST] 5:17.1 SNAP ph=IRON @-244,74,98 sky=15 wet=false ground=true pick=0 buck=0 iron=5 ore=3 rods=0 pearls=0 eyes=0 child=CollectIronIngotTask dbg=<Collecting 8 iron.: [[iron_ingot] x 8]> Picking up mobs=none
[m[34m[02:03:16][m [32m[main/INFO][m [36m(Minecraft)[m [0m[CHAT] §2§l§o[TenorClef] §rT2 [NOW] t=5:17.2 ph=IRON @-244,74,98 do=<Collecting 8 iron.: [[iron_ingot] x 8]> Picking up eq=stone_pickaxe woodpick=1 stonepick=1 pick=0 iron=5 buck=0
[m[34m[02:03:17][m [32m[main/INFO][m [36m(Minecraft)[m [0m[CHAT] §2§l§o[TenorClef] §rT2 [NOW] t=5:18.2 ph=IRON @-244,74,98 do=<Collecting 8 iron.: [[iron_ingot] x 8]> Picking up eq=stone_pickaxe woodpick=1 stonepick=1 pick=0 iron=5 buck=0
[m[34m[02:03:18][m [32m[main/INFO][m [36m(Minecraft)[m [0m[CHAT] §2§l§o[TenorClef] §rT2 [NOW] t=5:19.2 ph=IRON @-244,74,98 do=<Collecting 8 iron.: [[iron_ingot] x 8]> Picking up eq=stone_pickaxe woodpick=1 stonepick=1 pick=0 iron=5 buck=0
[m[34m[02:03:19][m [32m[main/INFO][m [36m(Minecraft)[m [0m[CHAT] §2§l§o[TenorClef] §rT2 [HIST] 5:19.6 SNAP ph=IRON @-244,74,98 sky=15 wet=false ground=true pick=0 buck=0 iron=5 ore=3 rods=0 pearls=0 eyes=0 child=CollectIronIngotTask dbg=<Collecting 8 iron.: [[iron_ingot] x 8]> Picking up mobs=none
[m[34m[02:03:19][m [32m[main/INFO][m [36m(Minecraft)[m [0m[CHAT] §2§l§o[TenorClef] §rT2 [NOW] t=5:20.2 ph=IRON @-244,74,98 do=<Collecting 8 iron.: [[iron_ingot] x 8]> Picking up eq=stone_pickaxe woodpick=1 stonepick=1 pick=0 iron=5 buck=0
[m[34m[02:03:20][m [32m[main/INFO][m [36m(Minecraft)[m [0m[CHAT] §2§l§o[TenorClef] §rT2 [NOW] t=5:21.2 ph=IRON @-244,74,98 do=<Collecting 8 iron.: [[iron_ingot] x 8]> Picking up eq=stone_pickaxe woodpick=1 stonepick=1 pick=0 iron=5 buck=0
[m[34m[02:03:21][m [32m[main/INFO][m [36m(Minecraft)[m [0m[CHAT] §2§l§o[TenorClef] §rT2 [HIST] 5:22.1 SNAP ph=IRON @-244,74,98 sky=15 wet=false ground=true pick=0 buck=0 iron=5 ore=3 rods=0 pearls=0 eyes=0 child=CollectIronIngotTask dbg=<Collecting 8 iron.: [[iron_ingot] x 8]> Picking up mobs=none
[m[34m[02:03:21][m [32m[main/INFO][m [36m(Minecraft)[m [0m[CHAT] §2§l§o[TenorClef] §rT2 [NOW] t=5:22.2 ph=IRON @-244,74,98 do=<Collecting 8 iron.: [[iron_ingot] x 8]> Picking up eq=stone_pickaxe woodpick=1 stonepick=1 pick=0 iron=5 buck=0
[m[34m[02:03:22][m [32m[main/INFO][m [36m(Minecraft)[m [0m[CHAT] §2§l§o[TenorClef] §rT2 [NOW] t=5:23.2 ph=IRON @-244,74,98 do=<Collecting 8 iron.: [[iron_ingot] x 8]> Picking up eq=stone_pickaxe woodpick=1 stonepick=1 pick=0 iron=5 buck=0
[m[34m[02:03:23][m [32m[main/INFO][m [36m(Minecraft)[m [0m[CHAT] §2§l§o[TenorClef] §rT2 [NOW] t=5:24.2 ph=IRON @-244,74,98 do=<Collecting 8 iron.: [[iron_ingot] x 8]> Picking up eq=stone_pickaxe woodpick=1 stonepick=1 pick=0 iron=5 buck=0
[m[34m[02:03:24][m [32m[main/INFO][m [36m(Minecraft)[m [0m[CHAT] §2§l§o[TenorClef] §rT2 [HIST] 5:24.6 SNAP ph=IRON @-244,74,98 sky=15 wet=false ground=true pick=0 buck=0 iron=5 ore=3 rods=0 pearls=0 eyes=0 child=CollectIronIngotTask dbg=<Collecting 8 iron.: [[iron_ingot] x 8]> Picking up mobs=none
[m[34m[02:03:24][m [32m[main/INFO][m [36m(Minecraft)[m [0m[CHAT] §2§l§o[TenorClef] §rT2 [NOW] t=5:25.2 ph=IRON @-244,74,98 do=<Collecting 8 iron.: [[iron_ingot] x 8]> Picking up eq=stone_pickaxe woodpick=1 stonepick=1 pick=0 iron=5 buck=0
[m[34m[02:03:25][m [32m[main/INFO][m [36m(Minecraft)[m [0m[CHAT] §2§l§o[TenorClef] §rT2 [NOW] t=5:26.2 ph=IRON @-244,74,98 do=<Collecting 8 iron.: [[iron_ingot] x 8]> Picking up eq=stone_pickaxe woodpick=1 stonepick=1 pick=0 iron=6 buck=0
[m[34m[02:03:26][m [32m[main/INFO][m [36m(Minecraft)[m [0m[CHAT] §2§l§o[TenorClef] §rT2 [HIST] 5:27.1 SNAP ph=IRON @-244,74,98 sky=15 wet=false ground=true pick=0 buck=0 iron=6 ore=2 rods=0 pearls=0 eyes=0 child=CollectIronIngotTask dbg=<Collecting 8 iron.: [[iron_ingot] x 8]> Picking up mobs=none
[m[34m[02:03:26][m [32m[main/INFO][m [36m(Minecraft)[m [0m[CHAT] §2§l§o[TenorClef] §rT2 [NOW] t=5:27.2 ph=IRON @-244,74,98 do=<Collecting 8 iron.: [[iron_ingot] x 8]> Picking up eq=stone_pickaxe woodpick=1 stonepick=1 pick=0 iron=6 buck=0
[m[34m[02:03:27][m [32m[main/INFO][m [36m(Minecraft)[m [0m[CHAT] §2§l§o[TenorClef] §rT2 [NOW] t=5:28.2 ph=IRON @-244,74,98 do=<Collecting 8 iron.: [[iron_ingot] x 8]> Picking up eq=stone_pickaxe woodpick=1 stonepick=1 pick=0 iron=6 buck=0
[m[34m[02:03:28][m [32m[main/INFO][m [36m(Minecraft)[m [0m[CHAT] §2§l§o[TenorClef] §rT2 [NOW] t=5:29.2 ph=IRON @-244,74,98 do=<Collecting 8 iron.: [[iron_ingot] x 8]> Picking up eq=stone_pickaxe woodpick=1 stonepick=1 pick=0 iron=6 buck=0
[m[34m[02:03:29][m [32m[main/INFO][m [36m(Minecraft)[m [0m[CHAT] §2§l§o[TenorClef] §rT2 [HIST] 5:29.6 SNAP ph=IRON @-244,74,98 sky=15 wet=false ground=true pick=0 buck=0 iron=6 ore=2 rods=0 pearls=0 eyes=0 child=CollectIronIngotTask dbg=<Collecting 8 iron.: [[iron_ingot] x 8]> Picking up mobs=none
[m[34m[02:03:29][m [32m[main/INFO][m [36m(Minecraft)[m [0m[CHAT] §2§l§o[TenorClef] §rT2 [NOW] t=5:30.2 ph=IRON @-244,74,98 do=<Collecting 8 iron.: [[iron_ingot] x 8]> Picking up eq=stone_pickaxe woodpick=1 stonepick=1 pick=0 iron=6 buck=0
[m[34m[02:03:30][m [32m[main/INFO][m [36m(Minecraft)[m [0m[CHAT] §2§l§o[TenorClef] §rT2 [NOW] t=5:31.2 ph=IRON @-244,74,98 do=<Collecting 8 iron.: [[iron_ingot] x 8]> Picking up eq=stone_pickaxe woodpick=1 stonepick=1 pick=0 iron=6 buck=0
[m[34m[02:03:31][m [32m[main/INFO][m [36m(Minecraft)[m [0m[CHAT] §2§l§o[TenorClef] §rT2 [HIST] 5:32.1 SNAP ph=IRON @-244,74,98 sky=15 wet=false ground=true pick=0 buck=0 iron=6 ore=2 rods=0 pearls=0 eyes=0 child=CollectIronIngotTask dbg=<Collecting 8 iron.: [[iron_ingot] x 8]> Picking up mobs=none
[m[34m[02:03:31][m [32m[main/INFO][m [36m(Minecraft)[m [0m[CHAT] §2§l§o[TenorClef] §rT2 [NOW] t=5:32.2 ph=IRON @-244,74,98 do=<Collecting 8 iron.: [[iron_ingot] x 8]> Picking up eq=stone_pickaxe woodpick=1 stonepick=1 pick=0 iron=6 buck=0
[m[34m[02:03:32][m [32m[main/INFO][m [36m(Minecraft)[m [0m[CHAT] §2§l§o[TenorClef] §rT2 [NOW] t=5:33.2 ph=IRON @-244,74,98 do=<Collecting 8 iron.: [[iron_ingot] x 8]> Picking up eq=stone_pickaxe woodpick=1 stonepick=1 pick=0 iron=6 buck=0
[m[34m[02:03:33][m [32m[main/INFO][m [36m(Minecraft)[m [0m[CHAT] §2§l§o[TenorClef] §rT2 [NOW] t=5:34.2 ph=IRON @-244,74,98 do=<Collecting 8 iron.: [[iron_ingot] x 8]> Picking up eq=stone_pickaxe woodpick=1 stonepick=1 pick=0 iron=6 buck=0
[m[34m[02:03:34][m [32m[main/INFO][m [36m(Minecraft)[m [0m[CHAT] §2§l§o[TenorClef] §rT2 [HIST] 5:34.6 SNAP ph=IRON @-244,74,98 sky=15 wet=false ground=true pick=0 buck=0 iron=6 ore=2 rods=0 pearls=0 eyes=0 child=CollectIronIngotTask dbg=<Collecting 8 iron.: [[iron_ingot] x 8]> Picking up mobs=none
[m[34m[02:03:34][m [32m[main/INFO][m [36m(Minecraft)[m [0m[CHAT] §2§l§o[TenorClef] §rT2 [NOW] t=5:35.2 ph=IRON @-244,74,98 do=<Collecting 8 iron.: [[iron_ingot] x 8]> Picking up eq=stone_pickaxe woodpick=1 stonepick=1 pick=0 iron=6 buck=0
[m[34m[02:03:35][m [32m[main/INFO][m [36m(Minecraft)[m [0m[CHAT] §2§l§o[TenorClef] §rT2 [NOW] t=5:36.2 ph=IRON @-244,74,98 do=<Collecting 8 iron.: [[iron_ingot] x 8]> Picking up eq=stone_pickaxe woodpick=1 stonepick=1 pick=0 iron=7 buck=0
[m[34m[02:03:36][m [32m[main/INFO][m [36m(Minecraft)[m [0m[CHAT] §2§l§o[TenorClef] §rT2 [HIST] 5:37.1 SNAP ph=IRON @-244,74,98 sky=15 wet=false ground=true pick=0 buck=0 iron=7 ore=1 rods=0 pearls=0 eyes=0 child=CollectIronIngotTask dbg=<Collecting 8 iron.: [[iron_ingot] x 8]> Picking up mobs=none
[m[34m[02:03:36][m [32m[main/INFO][m [36m(Minecraft)[m [0m[CHAT] §2§l§o[TenorClef] §rT2 [NOW] t=5:37.2 ph=IRON @-244,74,98 do=<Collecting 8 iron.: [[iron_ingot] x 8]> Picking up eq=stone_pickaxe woodpick=1 stonepick=1 pick=0 iron=7 buck=0
[m[34m[02:03:37][m [32m[main/INFO][m [36m(Minecraft)[m [0m[CHAT] §2§l§o[TenorClef] §rT2 [NOW] t=5:38.2 ph=IRON @-244,74,98 do=<Collecting 8 iron.: [[iron_ingot] x 8]> Picking up eq=stone_pickaxe woodpick=1 stonepick=1 pick=0 iron=7 buck=0
[m[34m[02:03:38][m [32m[main/INFO][m [36m(Minecraft)[m [0m[CHAT] §2§l§o[TenorClef] §rT2 [NOW] t=5:39.2 ph=IRON @-244,74,98 do=<Collecting 8 iron.: [[iron_ingot] x 8]> Picking up eq=stone_pickaxe woodpick=1 stonepick=1 pick=0 iron=7 buck=0
[m[34m[02:03:39][m [32m[main/INFO][m [36m(Minecraft)[m [0m[CHAT] §2§l§o[TenorClef] §rT2 [HIST] 5:39.6 SNAP ph=IRON @-244,74,98 sky=15 wet=false ground=true pick=0 buck=0 iron=7 ore=1 rods=0 pearls=0 eyes=0 child=CollectIronIngotTask dbg=<Collecting 8 iron.: [[iron_ingot] x 8]> Picking up mobs=none
[m[34m[02:03:39][m [32m[main/INFO][m [36m(Minecraft)[m [0m[CHAT] §2§l§o[TenorClef] §rT2 [NOW] t=5:40.2 ph=IRON @-244,74,98 do=<Collecting 8 iron.: [[iron_ingot] x 8]> Picking up eq=stone_pickaxe woodpick=1 stonepick=1 pick=0 iron=7 buck=0
[m[34m[02:03:40][m [32m[main/INFO][m [36m(Minecraft)[m [0m[CHAT] §2§l§o[TenorClef] §rT2 [NOW] t=5:41.2 ph=IRON @-244,74,98 do=<Collecting 8 iron.: [[iron_ingot] x 8]> Picking up eq=stone_pickaxe woodpick=1 stonepick=1 pick=0 iron=7 buck=0
[m[34m[02:03:41][m [32m[main/INFO][m [36m(Minecraft)[m [0m[CHAT] §2§l§o[TenorClef] §rT2 [HIST] 5:42.1 SNAP ph=IRON @-244,74,98 sky=15 wet=false ground=true pick=0 buck=0 iron=7 ore=1 rods=0 pearls=0 eyes=0 child=CollectIronIngotTask dbg=<Collecting 8 iron.: [[iron_ingot] x 8]> Picking up mobs=none
[m[34m[02:03:41][m [32m[main/INFO][m [36m(Minecraft)[m [0m[CHAT] §2§l§o[TenorClef] §rT2 [NOW] t=5:42.2 ph=IRON @-244,74,98 do=<Collecting 8 iron.: [[iron_ingot] x 8]> Picking up eq=stone_pickaxe woodpick=1 stonepick=1 pick=0 iron=7 buck=0
[m[34m[02:03:42][m [32m[main/INFO][m [36m(Minecraft)[m [0m[CHAT] §2§l§o[TenorClef] §rT2 [NOW] t=5:43.2 ph=IRON @-244,74,98 do=<Collecting 8 iron.: [[iron_ingot] x 8]> Picking up eq=stone_pickaxe woodpick=1 stonepick=1 pick=0 iron=7 buck=0
[m[34m[02:03:43][m [32m[main/INFO][m [36m(Minecraft)[m [0m[CHAT] §2§l§o[TenorClef] §rT2 [NOW] t=5:44.2 ph=IRON @-244,74,98 do=<Collecting 8 iron.: [[iron_ingot] x 8]> Picking up eq=stone_pickaxe woodpick=1 stonepick=1 pick=0 iron=7 buck=0
[m[34m[02:03:44][m [32m[main/INFO][m [36m(Minecraft)[m [0m[CHAT] §2§l§o[TenorClef] §rT2 [HIST] 5:44.6 SNAP ph=IRON @-244,74,98 sky=15 wet=false ground=true pick=0 buck=0 iron=7 ore=1 rods=0 pearls=0 eyes=0 child=CollectIronIngotTask dbg=<Collecting 8 iron.: [[iron_ingot] x 8]> Picking up mobs=none
[m[34m[02:03:44][m [32m[main/INFO][m [36m(Minecraft)[m [0m[STDOUT]: ALTO CLEF: WARNING: T2 [S184] slow GUI @-244,74,98 age=30s child=CollectIronIngotTask
[m[34m[02:03:44][m [32m[main/INFO][m [36m(Minecraft)[m [0m[CHAT] §2§l§o[TenorClef] §cT2 [S184] slow GUI @-244,74,98 age=30s child=CollectIronIngotTask§r
[m[34m[02:03:44][m [32m[main/INFO][m [36m(Minecraft)[m [0m[CHAT] §2§l§o[TenorClef] §rT2 [HIST] 5:45.1 SOLVE S184 slow GUI @-244,74,98 age=30s child=CollectIronIngotTask
[m[34m[02:03:44][m [32m[main/INFO][m [36m(Minecraft)[m [0m[CHAT] §2§l§o[TenorClef] §rT2 [HIST] 5:45.1 WHY iron: smelt 8 in one furnace
[m[34m[02:03:44][m [32m[main/INFO][m [36m(Minecraft)[m [0m[CHAT] §2§l§o[TenorClef] §rT2 [NOW] t=5:45.2 ph=IRON @-244,74,98 do=<Collecting 8 iron.: [[iron_ingot] x 8]> Picking up eq=stone_pickaxe woodpick=1 stonepick=1 pick=0 iron=7 buck=0
[m[34m[02:03:44][m [32m[main/INFO][m [36m(Minecraft)[m [0m[STDOUT]: ALTO CLEF: WARNING: T2 [S194] dig-down in progress y=73 child=CollectIronIngotTask - pillar/jump nudges stand aside
[m[34m[02:03:44][m [32m[main/INFO][m [36m(Minecraft)[m [0m[CHAT] §2§l§o[TenorClef] §cT2 [S194] dig-down in progress y=73 child=CollectIronIngotTask - pillar/jump nudges stand aside§r
[m[34m[02:03:44][m [32m[main/INFO][m [36m(Minecraft)[m [0m[CHAT] §2§l§o[TenorClef] §rT2 [HIST] 5:45.4 SOLVE S194 dig-down in progress y=73 child=CollectIronIngotTask - pillar/jump nudges stand aside
[m[34m[02:03:45][m [32m[main/INFO][m [36m(Minecraft)[m [0m[CHAT] §2§l§o[TenorClef] §rT2 [HIST] 5:46.1 WHY iron: lock pick craft, ignore y flicker
[m[34m[02:03:45][m [32m[main/INFO][m [36m(Minecraft)[m [0m[CHAT] §2§l§o[TenorClef] §rT2 [HIST] 5:46.1 CHILD CollectIronIngotTask -> CraftInTableTask ph=IRON @-248,71,99 sky=15 wet=false ground=true pick=0 buck=0 iron=8 ore=0 rods=0 pearls=0 eyes=0
[m[34m[02:03:45][m [32m[main/INFO][m [36m(Minecraft)[m [0m[CHAT] §2§l§o[TenorClef] §rRefreshed inventory...
[m[34m[02:03:45][m [32m[main/INFO][m [36m(Minecraft)[m [0m[CHAT] §2§l§o[TenorClef] §rT2 [NOW] t=5:46.2 ph=IRON @-249,71,99 do=<Doing stuff in crafting_table container: [[iron_pickaxe]]>  eq=stone_pickaxe woodpick=1 stonepick=1 pick=0 iron=6 buck=0
[m[34m[02:03:45][m [32m[main/INFO][m [36m(Minecraft)[m [0m[CHAT] §2§l§o[TenorClef] §rT2 [HIST] 5:46.2 CHILD CraftInTableTask -> CollectIronIngotTask ph=IRON @-249,71,99 sky=15 wet=false ground=true pick=0 buck=0 iron=6 ore=0 rods=0 pearls=0 eyes=0
[m[34m[02:03:46][m [32m[main/INFO][m [36m(Minecraft)[m [0m[CHAT] §2§l§o[TenorClef] §rT2 [HIST] 5:47.1 SNAP ph=IRON @-252,70,99 sky=15 wet=false ground=true pick=0 buck=0 iron=6 ore=0 rods=0 pearls=0 eyes=0 child=CollectIronIngotTask dbg=<Collecting 8 iron.: [[iron_ingot] x 8]> Picking up mobs=none
[m[34m[02:03:46][m [32m[main/INFO][m [36m(Minecraft)[m [0m[CHAT] §2§l§o[TenorClef] §rT2 [NOW] t=5:47.2 ph=IRON @-252,69,99 do=<Collecting 8 iron.: [[iron_ingot] x 8]> Picking up eq=stone_pickaxe woodpick=1 stonepick=1 pick=0 iron=6 buck=0
[m[34m[02:03:47][m [32m[main/INFO][m [36m(Minecraft)[m [0m[CHAT] §2§l§o[TenorClef] §rT2 [NOW] t=5:48.2 ph=IRON @-254,67,100 do=<Collecting 8 iron.: [[iron_ingot] x 8]> Picking up eq=stone_pickaxe woodpick=1 stonepick=1 pick=0 iron=8 buck=0
[m[34m[02:03:47][m [32m[main/INFO][m [36m(Minecraft)[m [0m[CHAT] §2§l§o[TenorClef] §rT2 [HIST] 5:48.2 CHILD CollectIronIngotTask -> CraftInTableTask ph=IRON @-254,67,100 sky=15 wet=false ground=false pick=0 buck=0 iron=8 ore=0 rods=0 pearls=0 eyes=0
[m[34m[02:03:48][m [32m[main/INFO][m [36m(Minecraft)[m [0m[CHAT] §2§l§o[TenorClef] §rT2 [NOW] t=5:49.2 ph=IRON @-255,65,100 do=<Doing stuff in crafting_table container: [[iron_pickaxe]]>  eq=stone_pickaxe woodpick=1 stonepick=1 pick=0 iron=8 buck=0
[m[34m[02:03:49][m [32m[main/INFO][m [36m(Minecraft)[m [0m[CHAT] §2§l§o[TenorClef] §rT2 [HIST] 5:49.6 SNAP ph=IRON @-255,65,100 sky=15 wet=false ground=true pick=0 buck=0 iron=8 ore=0 rods=0 pearls=0 eyes=0 child=CraftInTableTask dbg=<Doing stuff in crafting_table container: [[iron_pickaxe]]>  mobs=none
[m[34m[02:03:49][m [32m[main/INFO][m [36m(Minecraft)[m [0m[CHAT] §2§l§o[TenorClef] §rT2 [NOW] t=5:50.2 ph=IRON @-255,65,100 do=<Doing stuff in crafting_table container: [[iron_pickaxe]]>  eq=stone_pickaxe woodpick=1 stonepick=1 pick=0 iron=8 buck=0
[m[34m[02:03:50][m [32m[main/INFO][m [36m(Minecraft)[m [0m[CHAT] §2§l§o[TenorClef] §rT2 [NOW] t=5:51.2 ph=IRON @-255,67,99 do=<Doing stuff in crafting_table container: [[iron_pickaxe]]>  eq=stone_pickaxe woodpick=1 stonepick=1 pick=0 iron=8 buck=0
[m[34m[02:03:51][m [32m[main/INFO][m [36m(Minecraft)[m [0m[CHAT] §2§l§o[TenorClef] §rT2 [HIST] 5:52.1 SNAP ph=IRON @-253,69,99 sky=15 wet=false ground=false pick=0 buck=0 iron=8 ore=0 rods=0 pearls=0 eyes=0 child=CraftInTableTask dbg=<Doing stuff in crafting_table container: [[iron_pickaxe]]>  mobs=none
[m[34m[02:03:51][m [32m[main/INFO][m [36m(Minecraft)[m [0m[CHAT] §2§l§o[TenorClef] §rT2 [NOW] t=5:52.2 ph=IRON @-253,69,99 do=<Doing stuff in crafting_table container: [[iron_pickaxe]]>  eq=stone_pickaxe woodpick=1 stonepick=1 pick=0 iron=8 buck=0
[m[34m[02:03:52][m [32m[main/INFO][m [36m(Minecraft)[m [0m[CHAT] §2§l§o[TenorClef] §rT2 [NOW] t=5:53.2 ph=IRON @-250,71,98 do=<Doing stuff in crafting_table container: [[iron_pickaxe]]>  eq=stone_pickaxe woodpick=1 stonepick=1 pick=0 iron=8 buck=0
[m[34m[02:03:53][m [32m[main/INFO][m [36m(Minecraft)[m [0m[CHAT] §2§l§o[TenorClef] §rT2 [NOW] t=5:54.2 ph=IRON @-246,72,96 do=<Doing stuff in crafting_table container: [[iron_pickaxe]]>  eq=stone_pickaxe woodpick=1 stonepick=1 pick=0 iron=8 buck=0
[m[34m[02:03:54][m [32m[main/INFO][m [36m(Minecraft)[m [0m[CHAT] §2§l§o[TenorClef] §rT2 [HIST] 5:54.6 SNAP ph=IRON @-245,73,96 sky=15 wet=false ground=false pick=0 buck=0 iron=8 ore=0 rods=0 pearls=0 eyes=0 child=CraftInTableTask dbg=<Doing stuff in crafting_table container: [[iron_pickaxe]]>  mobs=none
[m[34m[02:03:54][m [32m[main/INFO][m [36m(Minecraft)[m [0m[CHAT] §2§l§o[TenorClef] §rT2 [NOW] t=5:55.2 ph=IRON @-244,74,96 do=<Doing stuff in crafting_table container: [[iron_pickaxe]]>  eq=stone_pickaxe woodpick=1 stonepick=1 pick=0 iron=8 buck=0
[m[34m[02:03:54][m [32m[main/INFO][m [36m(Minecraft)[m [0m[CHAT] §2§l§o[TenorClef] §rT2 [I01] IRON -> PORTAL t=5:55.3
[m[34m[02:03:54][m [32m[main/INFO][m [36m(Minecraft)[m [0m[CHAT] §2§l§o[TenorClef] §rTESRUN2 split PORTAL  5:55.3
[m[34m[02:03:54][m [32m[main/INFO][m [36m(Minecraft)[m [0m[STDOUT]: ALTO CLEF: WARNING: T2 [S177] adopting ruined portal @-261,10,99 dist=67 (the seed was accepted on this structure)
[m[34m[02:03:54][m [32m[main/INFO][m [36m(Minecraft)[m [0m[CHAT] §2§l§o[TenorClef] §cT2 [S177] adopting ruined portal @-261,10,99 dist=67 (the seed was accepted on this structure)§r
[m[34m[02:03:54][m [32m[main/INFO][m [36m(Minecraft)[m [0m[CHAT] §2§l§o[TenorClef] §rT2 [HIST] 5:55.3 FORCE S177 adopting ruined portal @-261,10,99 dist=67 (the seed was accepted on this structure)
[m[34m[02:03:54][m [32m[main/INFO][m [36m(Minecraft)[m [0m[CHAT] §2§l§o[TenorClef] §rT2 [HIST] 5:55.3 PHASE IRON -> PORTAL
[m[34m[02:03:54][m [32m[main/INFO][m [36m(Minecraft)[m [0m[CHAT] §2§l§o[TenorClef] §rT2 [HIST] 5:55.3 CHILD CraftInTableTask -> RuinedPortalFinishTask ph=PORTAL @-244,74,96 sky=15 wet=false ground=true pick=1 buck=0 iron=5 ore=0 rods=0 pearls=0 eyes=0
[m[34m[02:03:54][m [32m[main/INFO][m [36m(Minecraft)[m [0m[STDOUT]: ALTO CLEF: WARNING: T2 [S177] finishing ruined portal near -261,10,99 obsidian-nearby=9/10
[m[34m[02:03:54][m [32m[main/INFO][m [36m(Minecraft)[m [0m[CHAT] §2§l§o[TenorClef] §cT2 [S177] finishing ruined portal near -261,10,99 obsidian-nearby=9/10§r
[m[34m[02:03:54][m [32m[main/INFO][m [36m(Minecraft)[m [0m[CHAT] §2§l§o[TenorClef] §rT2 [HIST] 5:55.3 FORCE S177 finishing ruined portal near -261,10,99 obsidian-nearby=9/10
[m[34m[02:03:54][m [32m[main/INFO][m [36m(Minecraft)[m [0m[CHAT] §2§l§o[TenorClef] §rT2 [HIST] 5:55.4 WHY portal: water bucket before lava cast
[m[34m[02:03:54][m [32m[main/INFO][m [36m(Minecraft)[m [0m[CHAT] §2§l§o[TenorClef] §rT2 [HIST] 5:55.4 CHILD RuinedPortalFinishTask -> CollectWaterBucketTask ph=PORTAL @-244,74,96 sky=15 wet=false ground=true pick=1 buck=0 iron=5 ore=0 rods=0 pearls=0 eyes=0
[m[34m[02:03:54][m [32m[main/INFO][m [36m(Minecraft)[m [0m[CHAT] §2§l§o[TenorClef] §rTESRUN2 S177 gave up: no igniter
[m[34m[02:03:54][m [32m[main/INFO][m [36m(Minecraft)[m [0m[STDOUT]: ALTO CLEF: WARNING: T2 [S177] adopting ruined portal @-261,10,99 dist=67 (the seed was accepted on this structure)
[m[34m[02:03:54][m [32m[main/INFO][m [36m(Minecraft)[m [0m[CHAT] §2§l§o[TenorClef] §cT2 [S177] adopting ruined portal @-261,10,99 dist=67 (the seed was accepted on this structure)§r
[m[34m[02:03:54][m [32m[main/INFO][m [36m(Minecraft)[m [0m[CHAT] §2§l§o[TenorClef] §rT2 [HIST] 5:55.4 CHILD CollectWaterBucketTask -> RuinedPortalFinishTask ph=PORTAL @-244,74,96 sky=15 wet=false ground=true pick=1 buck=0 iron=5 ore=0 rods=0 pearls=0 eyes=0
[m[34m[02:03:54][m [32m[main/INFO][m [36m(Minecraft)[m [0m[STDOUT]: ALTO CLEF: WARNING: T2 [S177] finishing ruined portal near -261,10,99 obsidian-nearby=9/10
[m[34m[02:03:54][m [32m[main/INFO][m [36m(Minecraft)[m [0m[CHAT] §2§l§o[TenorClef] §cT2 [S177] finishing ruined portal near -261,10,99 obsidian-nearby=9/10§r
[m[34m[02:03:54][m [32m[main/INFO][m [36m(Minecraft)[m [0m[CHAT] §2§l§o[TenorClef] §rT2 [HIST] 5:55.5 CHILD RuinedPortalFinishTask -> CollectWaterBucketTask ph=PORTAL @-244,74,96 sky=15 wet=false ground=true pick=1 buck=0 iron=5 ore=0 rods=0 pearls=0 eyes=0
[m[34m[02:03:54][m [32m[main/INFO][m [36m(Minecraft)[m [0m[CHAT] §2§l§o[TenorClef] §rTESRUN2 S177 gave up: no igniter
[m[34m[02:03:55][m [32m[pool-5-thread-4/INFO][m [36m(Minecraft)[m [0m[STDOUT]: 727936 movements considered
[m[34m[02:03:55][m [32m[pool-5-thread-4/INFO][m [36m(Minecraft)[m [0m[STDOUT]: Open set size: 12778
[m[34m[02:03:55][m [32m[pool-5-thread-4/INFO][m [36m(Minecraft)[m [0m[STDOUT]: PathNode map size: 45866
[m[34m[02:03:55][m [32m[pool-5-thread-4/INFO][m [36m(Minecraft)[m [0m[STDOUT]: 66176 nodes per second
[m[34m[02:03:55][m [32m[pool-5-thread-4/INFO][m [36m(Minecraft)[m [0m[STDOUT]: Path goes for 18.973665961010276 blocks
[m[34m[02:03:55][m [32m[main/INFO][m [36m(Minecraft)[m [0m[CHAT] §2§l§o[TenorClef] §rT2 [NOW] t=5:56.2 ph=PORTAL @-245,73,96 do=<Collect 1 water buckets: [[water_bucket]]> Getting bucket... eq=stone_pickaxe woodpick=1 stonepick=1 pick=1 iron=5 buck=0
[m[34m[02:03:55][m [32m[main/INFO][m [36m(Minecraft)[m [0m[STDOUT]: ALTO CLEF: WARNING: T2 [S194] dig-down in progress y=73 child=CollectWaterBucketTask - pillar/jump nudges stand aside
[m[34m[02:03:55][m [32m[main/INFO][m [36m(Minecraft)[m [0m[CHAT] §2§l§o[TenorClef] §cT2 [S194] dig-down in progress y=73 child=CollectWaterBucketTask - pillar/jump nudges stand aside§r
[m[34m[02:03:55][m [32m[main/INFO][m [36m(Minecraft)[m [0m[CHAT] §2§l§o[TenorClef] §rT2 [HIST] 5:56.2 SOLVE S194 dig-down in progress y=73 child=CollectWaterBucketTask - pillar/jump nudges stand aside
[m[34m[02:03:55][m [32m[Server thread/INFO][m [36m(Minecraft)[m [0mPlayer10 has made the advancement [Isn't It Iron Pick]
[m[34m[02:03:55][m [32m[main/INFO][m [36m(Minecraft)[m [0m[CHAT] Player10 has made the advancement [Isn't It Iron Pick]
[m[34m[02:03:55][m [32m[main/INFO][m [36m(Minecraft)[m [0mLoaded 159 advancements
[m[34m[02:03:56][m [32m[main/INFO][m [36m(Minecraft)[m [0m[CHAT] §2§l§o[TenorClef] §rT2 [HIST] 5:57.1 SNAP ph=PORTAL @-245,73,96 sky=15 wet=false ground=false pick=0 buck=0 iron=5 ore=0 rods=0 pearls=0 eyes=0 child=CollectWaterBucketTask dbg=<Collect 1 water buckets: [[water_bucket]]> Getting bucket... mobs=none
[m[34m[02:03:56][m [32m[main/INFO][m [36m(Minecraft)[m [0m[CHAT] §2§l§o[TenorClef] §rT2 [NOW] t=5:57.2 ph=PORTAL @-245,73,96 do=<Collect 1 water buckets: [[water_bucket]]> Getting bucket... eq=stone_pickaxe woodpick=1 stonepick=1 pick=0 iron=5 buck=0
[m[34m[02:03:57][m [32m[main/INFO][m [36m(Minecraft)[m [0m[CHAT] §2§l§o[TenorClef] §rT2 [HIST] 5:57.8 WHY portal: 1 flint before construct
[m[34m[02:03:57][m [32m[main/INFO][m [36m(Minecraft)[m [0m[CHAT] §2§l§o[TenorClef] §rT2 [HIST] 5:57.8 CHILD CollectWaterBucketTask -> CollectFlintTask ph=PORTAL @-244,74,96 sky=15 wet=false ground=true pick=1 buck=1 iron=2 ore=0 rods=0 pearls=0 eyes=0
[m[34m[02:03:57][m [32m[main/INFO][m [36m(Minecraft)[m [0m[CHAT] §2§l§o[TenorClef] §rT2 [NOW] t=5:58.2 ph=PORTAL @-244,75,95 do=<Collect 1 flint: [[flint]]>  eq=stone_pickaxe woodpick=1 stonepick=1 pick=1 iron=2 buck=0
[m[34m[02:03:58][m [32m[main/INFO][m [36m(Minecraft)[m [0m[CHAT] §2§l§o[TenorClef] §rT2 [NOW] t=5:59.2 ph=PORTAL @-244,76,90 do=<Collect 1 flint: [[flint]]>  eq=stone_pickaxe woodpick=1 stonepick=1 pick=1 iron=2 buck=0
[m[34m[02:03:59][m [32m[main/INFO][m [36m(Minecraft)[m [0m[CHAT] §2§l§o[TenorClef] §rT2 [HIST] 5:59.6 SNAP ph=PORTAL @-244,77,89 sky=15 wet=false ground=false pick=1 buck=1 iron=2 ore=0 rods=0 pearls=0 eyes=0 child=CollectFlintTask dbg=<Collect 1 flint: [[flint]]>  mobs=none
[m[34m[02:03:59][m [32m[main/INFO][m [36m(Minecraft)[m [0m[CHAT] §2§l§o[TenorClef] §rT2 [NOW] t=6:00.2 ph=PORTAL @-244,76,87 do=<Collect 1 flint: [[flint]]>  eq=stone_pickaxe woodpick=1 stonepick=1 pick=1 iron=2 buck=0
[m[34m[02:04:00][m [32m[main/INFO][m [36m(Minecraft)[m [0m[CHAT] §2§l§o[TenorClef] §rT2 [NOW] t=6:01.2 ph=PORTAL @-244,76,86 do=<Collect 1 flint: [[flint]]>  eq=bucket woodpick=1 stonepick=1 pick=1 iron=2 buck=0
[m[34m[02:04:01][m [32m[main/INFO][m [36m(Minecraft)[m [0m[CHAT] §2§l§o[TenorClef] §rT2 [HIST] 6:02.1 SNAP ph=PORTAL @-244,75,86 sky=15 wet=false ground=true pick=1 buck=1 iron=2 ore=0 rods=0 pearls=0 eyes=0 child=CollectFlintTask dbg=<Collect 1 flint: [[flint]]>  mobs=none
[m[34m[02:04:01][m [32m[main/INFO][m [36m(Minecraft)[m [0m[CHAT] §2§l§o[TenorClef] §rT2 [NOW] t=6:02.2 ph=PORTAL @-244,75,86 do=<Collect 1 flint: [[flint]]>  eq=bucket woodpick=1 stonepick=1 pick=1 iron=2 buck=0
[m[34m[02:04:02][m [32m[main/INFO][m [36m(Minecraft)[m [0m[CHAT] §2§l§o[TenorClef] §rT2 [NOW] t=6:03.2 ph=PORTAL @-244,74,86 do=<Collect 1 flint: [[flint]]>  eq=bucket woodpick=1 stonepick=1 pick=1 iron=2 buck=0
[m[34m[02:04:03][m [32m[main/INFO][m [36m(Minecraft)[m [0m[CHAT] §2§l§o[TenorClef] §rT2 [NOW] t=6:04.2 ph=PORTAL @-244,73,86 do=<Collect 1 flint: [[flint]]>  eq=bucket woodpick=1 stonepick=1 pick=1 iron=2 buck=0
[m[34m[02:04:03][m [32m[main/INFO][m [36m(Minecraft)[m [0m[STDOUT]: ALTO CLEF: WARNING: T2 [E100] jumps=6 @-244,73,86 ph=PORTAL child=CollectFlintTask
[m[34m[02:04:03][m [32m[main/INFO][m [36m(Minecraft)[m [0m[CHAT] §2§l§o[TenorClef] §cT2 [E100] jumps=6 @-244,73,86 ph=PORTAL child=CollectFlintTask§r
[m[34m[02:04:03][m [32m[main/INFO][m [36m(Minecraft)[m [0m[CHAT] §2§l§o[TenorClef] §rT2 [HIST] 6:04.4 [E100] jumps=6 @-244,73,86 ph=PORTAL child=CollectFlintTask
[m[34m[02:04:03][m [32m[main/INFO][m [36m(Minecraft)[m [0m[CHAT] §2§l§o[TenorClef] §rT2 [HIST] 6:04.4 WHY portal: 1 flint before construct
[m[34m[02:04:04][m [32m[main/INFO][m [36m(Minecraft)[m [0m[CHAT] §2§l§o[TenorClef] §rT2 [HIST] 6:04.6 SNAP ph=PORTAL @-244,73,86 sky=15 wet=false ground=true pick=1 buck=1 iron=2 ore=0 rods=0 pearls=0 eyes=0 child=CollectFlintTask dbg=<Collect 1 flint: [[flint]]>  mobs=none
[m[34m[02:04:04][m [32m[main/INFO][m [36m(Minecraft)[m [0m[CHAT] §2§l§o[TenorClef] §rT2 [NOW] t=6:05.2 ph=PORTAL @-244,72,86 do=<Collect 1 flint: [[flint]]>  eq=bucket woodpick=1 stonepick=1 pick=1 iron=2 buck=0
[m[34m[02:04:05][m [32m[main/INFO][m [36m(Minecraft)[m [0m[STDOUT]: ALTO CLEF: WARNING: T2 [E116] drop 8 from 79 to 71 ph=PORTAL
[m[34m[02:04:05][m [32m[main/INFO][m [36m(Minecraft)[m [0m[CHAT] §2§l§o[TenorClef] §cT2 [E116] drop 8 from 79 to 71 ph=PORTAL§r
[m[34m[02:04:05][m [32m[main/INFO][m [36m(Minecraft)[m [0m[CHAT] §2§l§o[TenorClef] §rT2 [HIST] 6:05.9 [E116] drop 8 from 79 to 71 ph=PORTAL
[m[34m[02:04:05][m [32m[main/INFO][m [36m(Minecraft)[m [0m[CHAT] §2§l§o[TenorClef] §rT2 [NOW] t=6:06.2 ph=PORTAL @-244,71,86 do=<Collect 1 flint: [[flint]]>  eq=bucket woodpick=1 stonepick=1 pick=1 iron=2 buck=0
[m[34m[02:04:06][m [32m[main/INFO][m [36m(Minecraft)[m [0m[CHAT] §2§l§o[TenorClef] §rT2 [HIST] 6:07.1 SNAP ph=PORTAL @-244,71,86 sky=15 wet=false ground=true pick=1 buck=1 iron=2 ore=0 rods=0 pearls=0 eyes=0 child=CollectFlintTask dbg=<Collect 1 flint: [[flint]]>  mobs=none
[m[34m[02:04:06][m [32m[main/INFO][m [36m(Minecraft)[m [0m[CHAT] §2§l§o[TenorClef] §rT2 [NOW] t=6:07.2 ph=PORTAL @-244,71,86 do=<Collect 1 flint: [[flint]]>  eq=bucket woodpick=1 stonepick=1 pick=1 iron=2 buck=0
[m[34m[02:04:06][m [32m[main/INFO][m [36m(Minecraft)[m [0m[CHAT] §2§l§o[TenorClef] §rT2 [HIST] 6:07.5 [E100] jumps=6 @-244,70,86 ph=PORTAL child=CollectFlintTask
[m[34m[02:04:07][m [32m[main/INFO][m [36m(Minecraft)[m [0mLoaded 160 advancements
[m[34m[02:04:07][m [32m[main/INFO][m [36m(Minecraft)[m [0m[CHAT] §2§l§o[TenorClef] §rT2 [NOW] t=6:08.2 ph=PORTAL @-244,70,86 do=<Collect 1 flint: [[flint]]>  eq=bucket woodpick=1 stonepick=1 pick=1 iron=2 buck=0
[m[34m[02:04:07][m [32m[main/INFO][m [36m(Minecraft)[m [0m[CHAT] §2§l§o[TenorClef] §rT2 [HIST] 6:08.4 WHY portal: 1 flint before construct
[m[34m[02:04:08][m [32m[main/INFO][m [36m(Minecraft)[m [0m[CHAT] §2§l§o[TenorClef] §rT2 [NOW] t=6:09.2 ph=PORTAL @-244,69,86 do=<Collect 1 flint: [[flint]]>  eq=bucket woodpick=1 stonepick=1 pick=1 iron=2 buck=0
[m[34m[02:04:09][m [32m[main/INFO][m [36m(Minecraft)[m [0m[CHAT] §2§l§o[TenorClef] §rT2 [HIST] 6:09.6 SNAP ph=PORTAL @-244,69,86 sky=15 wet=false ground=true pick=1 buck=1 iron=2 ore=0 rods=0 pearls=0 eyes=0 child=CollectFlintTask dbg=<Collect 1 flint: [[flint]]>  mobs=none
[m[34m[02:04:09][m [32m[main/INFO][m [36m(Minecraft)[m [0m[CHAT] §2§l§o[TenorClef] §rT2 [NOW] t=6:10.2 ph=PORTAL @-244,68,86 do=<Collect 1 flint: [[flint]]>  eq=bucket woodpick=1 stonepick=1 pick=1 iron=2 buck=0
[m[34m[02:04:10][m [32m[main/INFO][m [36m(Minecraft)[m [0m[CHAT] §2§l§o[TenorClef] §rT2 [NOW] t=6:11.2 ph=PORTAL @-244,68,86 do=<Collect 1 flint: [[flint]]>  eq=bucket woodpick=1 stonepick=1 pick=1 iron=2 buck=0
[m[34m[02:04:11][m [32m[main/INFO][m [36m(Minecraft)[m [0m[STDOUT]: ALTO CLEF: WARNING: T2 [E100] jumps=6 @-244,67,86 ph=PORTAL child=CollectFlintTask
[m[34m[02:04:11][m [32m[main/INFO][m [36m(Minecraft)[m [0m[CHAT] §2§l§o[TenorClef] §cT2 [E100] jumps=6 @-244,67,86 ph=PORTAL child=CollectFlintTask§r
[m[34m[02:04:11][m [32m[main/INFO][m [36m(Minecraft)[m [0m[CHAT] §2§l§o[TenorClef] §rT2 [HIST] 6:11.5 [E100] jumps=6 @-244,67,86 ph=PORTAL child=CollectFlintTask
[m[34m[02:04:11][m [32m[main/INFO][m [36m(Minecraft)[m [0m[CHAT] §2§l§o[TenorClef] §rT2 [HIST] 6:12.1 SNAP ph=PORTAL @-244,67,86 sky=15 wet=false ground=true pick=1 buck=1 iron=2 ore=0 rods=0 pearls=0 eyes=0 child=CollectFlintTask dbg=<Collect 1 flint: [[flint]]>  mobs=none
[m[34m[02:04:11][m [32m[main/INFO][m [36m(Minecraft)[m [0m[CHAT] §2§l§o[TenorClef] §rT2 [NOW] t=6:12.2 ph=PORTAL @-244,67,86 do=<Collect 1 flint: [[flint]]>  eq=bucket woodpick=1 stonepick=1 pick=1 iron=2 buck=0
[m[34m[02:04:11][m [32m[main/INFO][m [36m(Minecraft)[m [0m[STDOUT]: ALTO CLEF: WARNING: T2 [E62] portal jump-place @-244,67,86
[m[34m[02:04:11][m [32m[main/INFO][m [36m(Minecraft)[m [0m[CHAT] §2§l§o[TenorClef] §cT2 [E62] portal jump-place @-244,67,86§r
[m[34m[02:04:11][m [32m[main/INFO][m [36m(Minecraft)[m [0m[CHAT] §2§l§o[TenorClef] §rT2 [HIST] 6:12.5 WHY portal: 1 flint before construct
[m[34m[02:04:12][m [32m[main/INFO][m [36m(Minecraft)[m [0m[CHAT] §2§l§o[TenorClef] §rT2 [NOW] t=6:13.2 ph=PORTAL @-244,67,86 do=<Collect 1 flint: [[flint]]>  eq=bucket woodpick=1 stonepick=1 pick=1 iron=2 buck=0
[m[34m[02:04:13][m [32m[main/INFO][m [36m(Minecraft)[m [0m[CHAT] §2§l§o[TenorClef] §rT2 [NOW] t=6:14.2 ph=PORTAL @-244,67,86 do=<Collect 1 flint: [[flint]]>  eq=bucket woodpick=1 stonepick=1 pick=1 iron=2 buck=0
[m[34m[02:04:13][m [32m[main/INFO][m [36m(Minecraft)[m [0m[STDOUT]: ALTO CLEF: WARNING: T2 [S100] stop jump-walk @-244,86 ph=PORTAL child=CollectFlintTask esc=1
[m[34m[02:04:13][m [32m[main/INFO][m [36m(Minecraft)[m [0m[CHAT] §2§l§o[TenorClef] §cT2 [S100] stop jump-walk @-244,86 ph=PORTAL child=CollectFlintTask esc=1§r
[m[34m[02:04:13][m [32m[main/INFO][m [36m(Minecraft)[m [0m[CHAT] §2§l§o[TenorClef] §rT2 [HIST] 6:14.3 SOLVE S100 stop jump-walk @-244,86 ph=PORTAL child=CollectFlintTask esc=1
[m[34m[02:04:14][m [32m[main/INFO][m [36m(Minecraft)[m [0m[CHAT] §2§l§o[TenorClef] §rT2 [HIST] 6:14.6 SNAP ph=PORTAL @-244,67,86 sky=15 wet=false ground=true pick=1 buck=1 iron=2 ore=0 rods=0 pearls=0 eyes=0 child=CollectFlintTask dbg=<Collect 1 flint: [[flint]]>  mobs=none
[m[34m[02:04:14][m [32m[main/INFO][m [36m(Minecraft)[m [0m[CHAT] §2§l§o[TenorClef] §rT2 [NOW] t=6:15.2 ph=PORTAL @-244,67,86 do=<Collect 1 flint: [[flint]]>  eq=bucket woodpick=1 stonepick=1 pick=1 iron=2 buck=0
[m[34m[02:04:15][m [32m[main/INFO][m [36m(Minecraft)[m [0m[CHAT] §2§l§o[TenorClef] §rT2 [NOW] t=6:16.2 ph=PORTAL @-244,67,86 do=<Collect 1 flint: [[flint]]>  eq=bucket woodpick=1 stonepick=1 pick=1 iron=2 buck=0
[m[34m[02:04:15][m [32m[main/INFO][m [36m(Minecraft)[m [0m[CHAT] §2§l§o[TenorClef] §rT2 [HIST] 6:16.5 WHY portal: 1 flint before construct
[m[34m[02:04:16][m [32m[main/INFO][m [36m(Minecraft)[m [0m[CHAT] §2§l§o[TenorClef] §rT2 [HIST] 6:17.1 SNAP ph=PORTAL @-244,67,86 sky=15 wet=false ground=true pick=1 buck=1 iron=2 ore=0 rods=0 pearls=0 eyes=0 child=CollectFlintTask dbg=<Collect 1 flint: [[flint]]>  mobs=none
[m[34m[02:04:16][m [32m[main/INFO][m [36m(Minecraft)[m [0m[CHAT] §2§l§o[TenorClef] §rT2 [NOW] t=6:17.2 ph=PORTAL @-244,67,86 do=<Collect 1 flint: [[flint]]>  eq=bucket woodpick=1 stonepick=1 pick=1 iron=2 buck=0
[m[34m[02:04:17][m [32m[main/INFO][m [36m(Minecraft)[m [0m[STDOUT]: ALTO CLEF: WARNING: T2 [E107] portal 20s no flint child=CollectFlintTask
[m[34m[02:04:17][m [32m[main/INFO][m [36m(Minecraft)[m [0m[CHAT] §2§l§o[TenorClef] §cT2 [E107] portal 20s no flint child=CollectFlintTask§r
[m[34m[02:04:17][m [32m[main/INFO][m [36m(Minecraft)[m [0m[CHAT] §2§l§o[TenorClef] §rT2 [HIST] 6:17.9 [E107] portal 20s no flint child=CollectFlintTask
[m[34m[02:04:17][m [32m[main/INFO][m [36m(Minecraft)[m [0m[CHAT] §2§l§o[TenorClef] §rRefreshed inventory...
[m[34m[02:04:17][m [32m[main/INFO][m [36m(Minecraft)[m [0m[CHAT] §2§l§o[TenorClef] §rT2 [NOW] t=6:18.2 ph=PORTAL @-244,67,86 do=<Collect 1 flint: [[flint]]> Picking up eq=bucket woodpick=1 stonepick=1 pick=1 iron=2 buck=0
[m[34m[02:04:17][m [32m[main/INFO][m [36m(Minecraft)[m [0m[CHAT] §2§l§o[TenorClef] §rT2 [HIST] 6:18.5 WHY portal: craft flint and steel
[m[34m[02:04:17][m [32m[main/INFO][m [36m(Minecraft)[m [0m[CHAT] §2§l§o[TenorClef] §rT2 [HIST] 6:18.5 CHILD CollectFlintTask -> CraftInInventoryTask ph=PORTAL @-244,67,86 sky=15 wet=false ground=true pick=1 buck=1 iron=2 ore=0 rods=0 pearls=0 eyes=0
[m[34m[02:04:17][m [32m[main/INFO][m [36m(Minecraft)[m [0mLoaded 163 advancements
[m[34m[02:04:18][m [32m[main/INFO][m [36m(Minecraft)[m [0m[CHAT] §2§l§o[TenorClef] §rT2 [NOW] t=6:19.2 ph=PORTAL @-244,68,86 do=<Construct Nether Portal> Getting water eq=dirt woodpick=1 stonepick=1 pick=1 iron=1 buck=0
[m[34m[02:04:19][m [32m[main/INFO][m [36m(Minecraft)[m [0m[CHAT] §2§l§o[TenorClef] §rT2 [NOW] t=6:20.2 ph=PORTAL @-244,70,86 do=<Construct Nether Portal> Getting water eq=dirt woodpick=1 stonepick=1 pick=1 iron=1 buck=0
[m[34m[02:04:19][m [32m[main/INFO][m [36m(Minecraft)[m [0m[CHAT] §2§l§o[TenorClef] §rT2 [HIST] 6:20.3 SNAP ph=PORTAL @-244,70,86 sky=15 wet=false ground=true pick=1 buck=1 iron=1 ore=0 rods=0 pearls=0 eyes=0 child=ConstructNetherPortalBucketTask dbg=<Construct Nether Portal> Getting water mobs=none
[m[34m[02:04:19][m [32m[main/INFO][m [36m(Minecraft)[m [0m[STDOUT]: ALTO CLEF: WARNING: T2 [E100] jumps=6 @-244,70,86 ph=PORTAL child=ConstructNetherPortalBucketTask
[m[34m[02:04:19][m [32m[main/INFO][m [36m(Minecraft)[m [0m[CHAT] §2§l§o[TenorClef] §cT2 [E100] jumps=6 @-244,70,86 ph=PORTAL child=ConstructNetherPortalBucketTask§r
[m[34m[02:04:19][m [32m[main/INFO][m [36m(Minecraft)[m [0m[CHAT] §2§l§o[TenorClef] §rT2 [HIST] 6:20.3 [E100] jumps=6 @-244,70,86 ph=PORTAL child=ConstructNetherPortalBucketTask
[m[34m[02:04:19][m [32m[main/INFO][m [36m(Minecraft)[m [0m[STDOUT]: ALTO CLEF: WARNING: T2 [S100] stop jump-walk @-244,86 ph=PORTAL child=ConstructNetherPortalBucketTask esc=0
[m[34m[02:04:19][m [32m[main/INFO][m [36m(Minecraft)[m [0m[CHAT] §2§l§o[TenorClef] §cT2 [S100] stop jump-walk @-244,86 ph=PORTAL child=ConstructNetherPortalBucketTask esc=0§r
[m[34m[02:04:19][m [32m[main/INFO][m [36m(Minecraft)[m [0m[CHAT] §2§l§o[TenorClef] §rT2 [HIST] 6:20.3 SOLVE S100 stop jump-walk @-244,86 ph=PORTAL child=ConstructNetherPortalBucketTask esc=0
[m[34m[02:04:20][m [32m[main/INFO][m [36m(Minecraft)[m [0m[CHAT] §2§l§o[TenorClef] §rT2 [NOW] t=6:21.2 ph=PORTAL @-244,72,86 do=<Construct Nether Portal> Getting water eq=dirt woodpick=1 stonepick=1 pick=1 iron=1 buck=0
[m[34m[02:04:21][m [32m[main/INFO][m [36m(Minecraft)[m [0m[CHAT] §2§l§o[TenorClef] §rT2 [HIST] 6:21.7 [E100] jumps=6 @-244,73,86 ph=PORTAL child=ConstructNetherPortalBucketTask
[m[34m[02:04:21][m [32m[main/INFO][m [36m(Minecraft)[m [0m[CHAT] §2§l§o[TenorClef] §rT2 [NOW] t=6:22.2 ph=PORTAL @-244,73,86 do=<Construct Nether Portal> Getting water eq=bucket woodpick=1 stonepick=1 pick=1 iron=1 buck=0
[m[34m[02:04:22][m [32m[main/INFO][m [36m(Minecraft)[m [0m[CHAT] §2§l§o[TenorClef] §rT2 [NOW] t=6:23.2 ph=PORTAL @-245,74,86 do=<Construct Nether Portal> Getting water eq=bucket woodpick=1 stonepick=1 pick=1 iron=1 buck=0
[m[34m[02:04:23][m [32m[main/INFO][m [36m(Minecraft)[m [0m[CHAT] §2§l§o[TenorClef] §rT2 [NOW] t=6:24.2 ph=PORTAL @-247,75,88 do=<Construct Nether Portal> Getting water eq=bucket woodpick=1 stonepick=1 pick=1 iron=1 buck=0
[m[34m[02:04:24][m [32m[main/INFO][m [36m(Minecraft)[m [0m[CHAT] §2§l§o[TenorClef] §rT2 [NOW] t=6:25.2 ph=PORTAL @-248,72,92 do=<Construct Nether Portal> Getting water eq=bucket woodpick=1 stonepick=1 pick=1 iron=1 buck=0
[m[34m[02:04:24][m [32m[main/INFO][m [36m(Minecraft)[m [0m[CHAT] §2§l§o[TenorClef] §rT2 [HIST] 6:25.3 SNAP ph=PORTAL @-249,72,92 sky=15 wet=false ground=true pick=1 buck=1 iron=1 ore=0 rods=0 pearls=0 eyes=0 child=ConstructNetherPortalBucketTask dbg=<Construct Nether Portal> Getting water mobs=none
[m[34m[02:04:25][m [32m[main/INFO][m [36m(Minecraft)[m [0m[CHAT] §2§l§o[TenorClef] §rT2 [NOW] t=6:26.2 ph=PORTAL @-253,70,93 do=<Construct Nether Portal> Getting water eq=bucket woodpick=1 stonepick=1 pick=1 iron=1 buck=0
[m[34m[02:04:26][m [32m[main/INFO][m [36m(Minecraft)[m [0m[CHAT] §2§l§o[TenorClef] §rT2 [NOW] t=6:27.2 ph=PORTAL @-257,68,93 do=<Construct Nether Portal> Getting water eq=bucket woodpick=1 stonepick=1 pick=1 iron=1 buck=0
[m[34m[02:04:26][m [32m[main/INFO][m [36m(Minecraft)[m [0m[STDOUT]: ALTO CLEF: WARNING: T2 [E116] drop 8 from 75 to 67 ph=PORTAL
[m[34m[02:04:26][m [32m[main/INFO][m [36m(Minecraft)[m [0m[CHAT] §2§l§o[TenorClef] §cT2 [E116] drop 8 from 75 to 67 ph=PORTAL§r
[m[34m[02:04:26][m [32m[main/INFO][m [36m(Minecraft)[m [0m[CHAT] §2§l§o[TenorClef] §rT2 [HIST] 6:27.4 [E116] drop 8 from 75 to 67 ph=PORTAL
[m[34m[02:04:27][m [32m[main/INFO][m [36m(Minecraft)[m [0m[CHAT] §2§l§o[TenorClef] §rT2 [NOW] t=6:28.2 ph=PORTAL @-258,64,93 do=<Construct Nether Portal> Getting water eq=bucket woodpick=1 stonepick=1 pick=1 iron=1 buck=0
[m[34m[02:04:27][m [32m[main/INFO][m [36m(Minecraft)[m [0mLoaded 164 advancements
[m[34m[02:04:27][m [32m[main/INFO][m [36m(Minecraft)[m [0m[CHAT] §2§l§o[TenorClef] §r(Searching for lava lake with portalable spot nearby...)
[m[34m[02:04:27][m [32m[main/INFO][m [36m(Minecraft)[m [0m[CHAT] §2§l§o[TenorClef] §rFound with depth 45
[m[34m[02:04:27][m [32m[main/INFO][m [36m(Minecraft)[m [0m[CHAT] §2§l§o[TenorClef] §rT2 [S165L] only a deep lava lake at y=8 - expect a long dark shaft
[m[34m[02:04:27][m [32m[main/INFO][m [36m(Minecraft)[m [0m[CHAT] §2§l§o[TenorClef] §rConstruct: need iron for 2nd bucket (iron=1 empty=0 water=1 lava=0)
[m[34m[02:04:27][m [32m[main/INFO][m [36m(Minecraft)[m [0m[CHAT] §2§l§o[TenorClef] §rMineAndCollect: equip item.minecraft.iron_pickaxe for block.minecraft.iron_ore
[m[34m[02:04:28][m [32m[main/INFO][m [36m(Minecraft)[m [0m[CHAT] §2§l§o[TenorClef] §rMineAndCollect: equip item.minecraft.iron_pickaxe for block.minecraft.iron_ore
[m[34m[02:04:28][m [32m[main/INFO][m [36m(Minecraft)[m [0m[CHAT] §2§l§o[TenorClef] §rMineAndCollect: equip item.minecraft.iron_pickaxe for block.minecraft.iron_ore
[m[34m[02:04:28][m [32m[main/INFO][m [36m(Minecraft)[m [0m[CHAT] §2§l§o[TenorClef] §rMineAndCollect: equip item.minecraft.iron_pickaxe for block.minecraft.iron_ore
[m[34m[02:04:28][m [32m[main/INFO][m [36m(Minecraft)[m [0m[CHAT] §2§l§o[TenorClef] §rMineAndCollect: equip item.minecraft.iron_pickaxe for block.minecraft.iron_ore
[m[34m[02:04:28][m [32m[main/INFO][m [36m(Minecraft)[m [0m[CHAT] §2§l§o[TenorClef] §rMineAndCollect: equip item.minecraft.iron_pickaxe for block.minecraft.iron_ore
[m[34m[02:04:28][m [32m[main/INFO][m [36m(Minecraft)[m [0m[CHAT] §2§l§o[TenorClef] §rMineAndCollect: equip item.minecraft.iron_pickaxe for block.minecraft.iron_ore
[m[34m[02:04:28][m [32m[main/INFO][m [36m(Minecraft)[m [0m[CHAT] §2§l§o[TenorClef] §rMineAndCollect: equip item.minecraft.iron_pickaxe for block.minecraft.iron_ore
[m[34m[02:04:28][m [32m[main/INFO][m [36m(Minecraft)[m [0m[CHAT] §2§l§o[TenorClef] §rMineAndCollect: equip item.minecraft.iron_pickaxe for block.minecraft.iron_ore
[m[34m[02:04:28][m [32m[main/INFO][m [36m(Minecraft)[m [0m[CHAT] §2§l§o[TenorClef] §rMineAndCollect: equip item.minecraft.iron_pickaxe for block.minecraft.iron_ore
[m[34m[02:04:28][m [32m[main/INFO][m [36m(Minecraft)[m [0m[CHAT] §2§l§o[TenorClef] §rT2 [NOW] t=6:29.2 ph=PORTAL @-258,64,94 do=<Construct Nether Portal> Mining iron for 2nd bucket at lava eq=water_bucket woodpick=1 stonepick=1 pick=1 iron=1 buck=1
[m[34m[02:04:28][m [32m[main/INFO][m [36m(Minecraft)[m [0m[CHAT] §2§l§o[TenorClef] §rMineAndCollect: equip item.minecraft.iron_pickaxe for block.minecraft.iron_ore
[m[34m[02:04:28][m [32m[main/INFO][m [36m(Minecraft)[m [0m[CHAT] §2§l§o[TenorClef] §rMineAndCollect: equip item.minecraft.iron_pickaxe for block.minecraft.iron_ore
[m[34m[02:04:28][m [32m[main/INFO][m [36m(Minecraft)[m [0m[CHAT] §2§l§o[TenorClef] §rMineAndCollect: equip item.minecraft.iron_pickaxe for block.minecraft.iron_ore
[m[34m[02:04:28][m [32m[main/INFO][m [36m(Minecraft)[m [0m[CHAT] §2§l§o[TenorClef] §rMineAndCollect: equip item.minecraft.iron_pickaxe for block.minecraft.iron_ore
[m[34m[02:04:28][m [32m[main/INFO][m [36m(Minecraft)[m [0m[CHAT] §2§l§o[TenorClef] §rMineAndCollect: equip item.minecraft.iron_pickaxe for block.minecraft.iron_ore
[m[34m[02:04:29][m [32m[main/INFO][m [36m(Minecraft)[m [0m[CHAT] §2§l§o[TenorClef] §rMineAndCollect: equip item.minecraft.iron_pickaxe for block.minecraft.iron_ore
[m[34m[02:04:29][m [32m[main/INFO][m [36m(Minecraft)[m [0m[CHAT] §2§l§o[TenorClef] §rMineAndCollect: equip item.minecraft.iron_pickaxe for block.minecraft.iron_ore
[m[34m[02:04:29][m [32m[main/INFO][m [36m(Minecraft)[m [0m[CHAT] §2§l§o[TenorClef] §rMineAndCollect: equip item.minecraft.iron_pickaxe for block.minecraft.iron_ore
[m[34m[02:04:29][m [32m[main/INFO][m [36m(Minecraft)[m [0m[CHAT] §2§l§o[TenorClef] §rMineAndCollect: equip item.minecraft.iron_pickaxe for block.minecraft.iron_ore
[m[34m[02:04:29][m [32m[main/INFO][m [36m(Minecraft)[m [0m[CHAT] §2§l§o[TenorClef] §rMineAndCollect: equip item.minecraft.iron_pickaxe for block.minecraft.iron_ore
[m[34m[02:04:29][m [32m[main/INFO][m [36m(Minecraft)[m [0m[CHAT] §2§l§o[TenorClef] §rMineAndCollect: equip item.minecraft.iron_pickaxe for block.minecraft.iron_ore
[m[34m[02:04:29][m [32m[main/INFO][m [36m(Minecraft)[m [0m[CHAT] §2§l§o[TenorClef] §rMineAndCollect: equip item.minecraft.iron_pickaxe for block.minecraft.iron_ore
[m[34m[02:04:29][m [32m[main/INFO][m [36m(Minecraft)[m [0m[CHAT] §2§l§o[TenorClef] §rMineAndCollect: equip item.minecraft.iron_pickaxe for block.minecraft.iron_ore
[m[34m[02:04:29][m [32m[main/INFO][m [36m(Minecraft)[m [0m[CHAT] §2§l§o[TenorClef] §rMineAndCollect: equip item.minecraft.iron_pickaxe for block.minecraft.iron_ore
[m[34m[02:04:29][m [32m[main/INFO][m [36m(Minecraft)[m [0m[CHAT] §2§l§o[TenorClef] §rMineAndCollect: equip item.minecraft.iron_pickaxe for block.minecraft.iron_ore
[m[34m[02:04:29][m [32m[main/INFO][m [36m(Minecraft)[m [0m[CHAT] §2§l§o[TenorClef] §rMineAndCollect: equip item.minecraft.iron_pickaxe for block.minecraft.iron_ore
[m[34m[02:04:29][m [32m[main/INFO][m [36m(Minecraft)[m [0m[CHAT] §2§l§o[TenorClef] §rT2 [NOW] t=6:30.2 ph=PORTAL @-258,64,94 do=<Construct Nether Portal> Mining iron for 2nd bucket at lava eq=water_bucket woodpick=1 stonepick=1 pick=1 iron=1 buck=1
[m[34m[02:04:29][m [32m[main/INFO][m [36m(Minecraft)[m [0m[CHAT] §2§l§o[TenorClef] §rMineAndCollect: equip item.minecraft.iron_pickaxe for block.minecraft.iron_ore
[m[34m[02:04:29][m [32m[main/INFO][m [36m(Minecraft)[m [0m[CHAT] §2§l§o[TenorClef] §rT2 [HIST] 6:30.3 SNAP ph=PORTAL @-258,64,94 sky=15 wet=false ground=true pick=1 buck=1 iron=1 ore=0 rods=0 pearls=0 eyes=0 child=ConstructNetherPortalBucketTask dbg=<Construct Nether Portal> Mining iron for 2nd bucket at lava mobs=none
[m[34m[02:04:29][m [32m[main/INFO][m [36m(Minecraft)[m [0m[CHAT] §2§l§o[TenorClef] §rMineAndCollect: equip item.minecraft.iron_pickaxe for block.minecraft.iron_ore
[m[34m[02:04:29][m [32m[main/INFO][m [36m(Minecraft)[m [0m[CHAT] §2§l§o[TenorClef] §rMineAndCollect: equip item.minecraft.iron_pickaxe for block.minecraft.iron_ore
[m[34m[02:04:29][m [32m[main/INFO][m [36m(Minecraft)[m [0m[CHAT] §2§l§o[TenorClef] §rMineAndCollect: equip item.minecraft.iron_pickaxe for block.minecraft.iron_ore
[m[34m[02:04:29][m [32m[main/INFO][m [36m(Minecraft)[m [0m[CHAT] §2§l§o[TenorClef] §rMineAndCollect: equip item.minecraft.iron_pickaxe for block.minecraft.iron_ore
[m[34m[02:04:30][m [32m[main/INFO][m [36m(Minecraft)[m [0m[CHAT] §2§l§o[TenorClef] §rMineAndCollect: equip item.minecraft.iron_pickaxe for block.minecraft.iron_ore
[m[34m[02:04:30][m [32m[main/INFO][m [36m(Minecraft)[m [0m[CHAT] §2§l§o[TenorClef] §rMineAndCollect: equip item.minecraft.iron_pickaxe for block.minecraft.iron_ore
[m[34m[02:04:30][m [32m[main/INFO][m [36m(Minecraft)[m [0m[CHAT] §2§l§o[TenorClef] §rMineAndCollect: equip item.minecraft.iron_pickaxe for block.minecraft.iron_ore
[m[34m[02:04:30][m [32m[main/INFO][m [36m(Minecraft)[m [0m[CHAT] §2§l§o[TenorClef] §rMineAndCollect: equip item.minecraft.iron_pickaxe for block.minecraft.iron_ore
[m[34m[02:04:30][m [32m[main/INFO][m [36m(Minecraft)[m [0m[CHAT] §2§l§o[TenorClef] §rMineAndCollect: equip item.minecraft.iron_pickaxe for block.minecraft.iron_ore
[m[34m[02:04:30][m [32m[main/INFO][m [36m(Minecraft)[m [0m[CHAT] §2§l§o[TenorClef] §rMineAndCollect: equip item.minecraft.iron_pickaxe for block.minecraft.iron_ore
[m[34m[02:04:30][m [32m[main/INFO][m [36m(Minecraft)[m [0m[CHAT] §2§l§o[TenorClef] §rMineAndCollect: equip item.minecraft.iron_pickaxe for block.minecraft.iron_ore
[m[34m[02:04:30][m [32m[main/INFO][m [36m(Minecraft)[m [0m[CHAT] §2§l§o[TenorClef] §rMineAndCollect: equip item.minecraft.iron_pickaxe for block.minecraft.iron_ore
[m[34m[02:04:30][m [32m[main/INFO][m [36m(Minecraft)[m [0m[CHAT] §2§l§o[TenorClef] §rMineAndCollect: equip item.minecraft.iron_pickaxe for block.minecraft.iron_ore
[m[34m[02:04:30][m [32m[main/INFO][m [36m(Minecraft)[m [0m[CHAT] §2§l§o[TenorClef] §rMineAndCollect: equip item.minecraft.iron_pickaxe for block.minecraft.iron_ore
[m[34m[02:04:30][m [32m[main/INFO][m [36m(Minecraft)[m [0m[CHAT] §2§l§o[TenorClef] §rMineAndCollect: equip item.minecraft.iron_pickaxe for block.minecraft.iron_ore
[m[34m[02:04:30][m [32m[main/INFO][m [36m(Minecraft)[m [0m[CHAT] §2§l§o[TenorClef] §rT2 [NOW] t=6:31.2 ph=PORTAL @-258,64,94 do=<Construct Nether Portal> Mining iron for 2nd bucket at lava eq=water_bucket woodpick=1 stonepick=1 pick=1 iron=1 buck=1
[m[34m[02:04:30][m [32m[main/INFO][m [36m(Minecraft)[m [0m[CHAT] §2§l§o[TenorClef] §rMineAndCollect: equip item.minecraft.iron_pickaxe for block.minecraft.iron_ore
[m[34m[02:04:30][m [32m[main/INFO][m [36m(Minecraft)[m [0m[CHAT] §2§l§o[TenorClef] §rMineAndCollect: equip item.minecraft.iron_pickaxe for block.minecraft.iron_ore
[m[34m[02:04:30][m [32m[main/INFO][m [36m(Minecraft)[m [0m[CHAT] §2§l§o[TenorClef] §rMineAndCollect: equip item.minecraft.iron_pickaxe for block.minecraft.iron_ore
[m[34m[02:04:30][m [32m[main/INFO][m [36m(Minecraft)[m [0m[CHAT] §2§l§o[TenorClef] §rMineAndCollect: equip item.minecraft.iron_pickaxe for block.minecraft.iron_ore
[m[34m[02:04:30][m [32m[main/INFO][m [36m(Minecraft)[m [0m[CHAT] §2§l§o[TenorClef] §rMineAndCollect: equip item.minecraft.iron_pickaxe for block.minecraft.iron_ore
[m[34m[02:04:31][m [32m[main/INFO][m [36m(Minecraft)[m [0m[CHAT] §2§l§o[TenorClef] §rMineAndCollect: equip item.minecraft.iron_pickaxe for block.minecraft.iron_ore
[m[34m[02:04:31][m [32m[main/INFO][m [36m(Minecraft)[m [0m[CHAT] §2§l§o[TenorClef] §rMineAndCollect: equip item.minecraft.iron_pickaxe for block.minecraft.iron_ore
[m[34m[02:04:31][m [32m[main/INFO][m [36m(Minecraft)[m [0m[CHAT] §2§l§o[TenorClef] §rMineAndCollect: equip item.minecraft.iron_pickaxe for block.minecraft.iron_ore
[m[34m[02:04:31][m [32m[main/INFO][m [36m(Minecraft)[m [0m[CHAT] §2§l§o[TenorClef] §rMineAndCollect: equip item.minecraft.iron_pickaxe for block.minecraft.iron_ore
[m[34m[02:04:31][m [32m[main/INFO][m [36m(Minecraft)[m [0m[CHAT] §2§l§o[TenorClef] §rT2 [NOW] t=6:32.2 ph=PORTAL @-257,63,94 do=<Construct Nether Portal> Mining iron for 2nd bucket at lava eq=water_bucket woodpick=1 stonepick=1 pick=1 iron=1 buck=1
[m[34m[02:04:31][m [32m[main/INFO][m [36m(Minecraft)[m [0m[CHAT] §2§l§o[TenorClef] §rMineAndCollect: equip item.minecraft.iron_pickaxe for block.minecraft.iron_ore
[m[34m[02:04:31][m [32m[main/INFO][m [36m(Minecraft)[m [0m[CHAT] §2§l§o[TenorClef] §rMineAndCollect: equip item.minecraft.iron_pickaxe for block.minecraft.iron_ore
[m[34m[02:04:31][m [32m[main/INFO][m [36m(Minecraft)[m [0m[CHAT] §2§l§o[TenorClef] §rMineAndCollect: equip item.minecraft.iron_pickaxe for block.minecraft.iron_ore
[m[34m[02:04:31][m [32m[main/INFO][m [36m(Minecraft)[m [0m[CHAT] §2§l§o[TenorClef] §rMineAndCollect: equip item.minecraft.iron_pickaxe for block.minecraft.iron_ore
[m[34m[02:04:31][m [32m[main/INFO][m [36m(Minecraft)[m [0m[CHAT] §2§l§o[TenorClef] §rMineAndCollect: equip item.minecraft.iron_pickaxe for block.minecraft.iron_ore
[m[34m[02:04:32][m [32m[main/INFO][m [36m(Minecraft)[m [0m[CHAT] §2§l§o[TenorClef] §rMineAndCollect: equip item.minecraft.iron_pickaxe for block.minecraft.iron_ore
[m[34m[02:04:32][m [32m[main/INFO][m [36m(Minecraft)[m [0m[CHAT] §2§l§o[TenorClef] §rMineAndCollect: equip item.minecraft.iron_pickaxe for block.minecraft.iron_ore
[m[34m[02:04:32][m [32m[main/INFO][m [36m(Minecraft)[m [0m[CHAT] §2§l§o[TenorClef] §rMineAndCollect: equip item.minecraft.iron_pickaxe for block.minecraft.iron_ore
[m[34m[02:04:32][m [32m[main/INFO][m [36m(Minecraft)[m [0m[CHAT] §2§l§o[TenorClef] §rMineAndCollect: equip item.minecraft.iron_pickaxe for block.minecraft.iron_ore
[m[34m[02:04:32][m [32m[main/INFO][m [36m(Minecraft)[m [0m[CHAT] §2§l§o[TenorClef] §rMineAndCollect: equip item.minecraft.iron_pickaxe for block.minecraft.iron_ore
[m[34m[02:04:32][m [32m[main/INFO][m [36m(Minecraft)[m [0m[CHAT] §2§l§o[TenorClef] §rMineAndCollect: equip item.minecraft.iron_pickaxe for block.minecraft.iron_ore
[m[34m[02:04:32][m [32m[main/INFO][m [36m(Minecraft)[m [0m[CHAT] §2§l§o[TenorClef] §rMineAndCollect: equip item.minecraft.iron_pickaxe for block.minecraft.iron_ore
[m[34m[02:04:32][m [32m[main/INFO][m [36m(Minecraft)[m [0m[CHAT] §2§l§o[TenorClef] §rMineAndCollect: equip item.minecraft.iron_pickaxe for block.minecraft.iron_ore
[m[34m[02:04:32][m [32m[main/INFO][m [36m(Minecraft)[m [0m[CHAT] §2§l§o[TenorClef] §rMineAndCollect: equip item.minecraft.iron_pickaxe for block.minecraft.iron_ore
[m[34m[02:04:32][m [32m[main/INFO][m [36m(Minecraft)[m [0m[CHAT] §2§l§o[TenorClef] §rMineAndCollect: equip item.minecraft.iron_pickaxe for block.minecraft.iron_ore
[m[34m[02:04:32][m [32m[main/INFO][m [36m(Minecraft)[m [0m[CHAT] §2§l§o[TenorClef] §rMineAndCollect: equip item.minecraft.iron_pickaxe for block.minecraft.iron_ore
[m[34m[02:04:32][m [32m[main/INFO][m [36m(Minecraft)[m [0m[CHAT] §2§l§o[TenorClef] §rT2 [NOW] t=6:33.2 ph=PORTAL @-257,62,94 do=<Construct Nether Portal> Mining iron for 2nd bucket at lava eq=water_bucket woodpick=1 stonepick=1 pick=1 iron=1 buck=1
[m[34m[02:04:32][m [32m[main/INFO][m [36m(Minecraft)[m [0m[CHAT] §2§l§o[TenorClef] §rMineAndCollect: equip item.minecraft.iron_pickaxe for block.minecraft.iron_ore
[m[34m[02:04:33][m [32m[main/INFO][m [36m(Minecraft)[m [0m[CHAT] §2§l§o[TenorClef] §rT2 [NOW] t=6:34.2 ph=PORTAL @-257,62,94 do=<Construct Nether Portal> Mining iron for 2nd bucket at lava eq=iron_pickaxe woodpick=1 stonepick=1 pick=1 iron=1 buck=1
[m[34m[02:04:34][m [32m[main/INFO][m [36m(Minecraft)[m [0m[CHAT] §2§l§o[TenorClef] §rT2 [NOW] t=6:35.2 ph=PORTAL @-256,61,94 do=<Construct Nether Portal> Mining iron for 2nd bucket at lava eq=iron_pickaxe woodpick=1 stonepick=1 pick=1 iron=1 buck=1
[m[34m[02:04:34][m [32m[main/INFO][m [36m(Minecraft)[m [0m[CHAT] §2§l§o[TenorClef] §rT2 [HIST] 6:35.3 SNAP ph=PORTAL @-256,61,94 sky=13 wet=false ground=true pick=1 buck=1 iron=1 ore=0 rods=0 pearls=0 eyes=0 child=ConstructNetherPortalBucketTask dbg=<Construct Nether Portal> Mining iron for 2nd bucket at lava mobs=none
[m[34m[02:04:35][m [32m[main/INFO][m [36m(Minecraft)[m [0m[CHAT] §2§l§o[TenorClef] §rT2 [NOW] t=6:36.2 ph=PORTAL @-256,60,94 do=<Construct Nether Portal> Mining iron for 2nd bucket at lava eq=iron_pickaxe woodpick=1 stonepick=1 pick=1 iron=1 buck=1
[m[34m[02:04:36][m [32m[main/INFO][m [36m(Minecraft)[m [0m[STDOUT]: ALTO CLEF: WARNING: T2 [E116] drop 8 from 67 to 59 ph=PORTAL
[m[34m[02:04:36][m [32m[main/INFO][m [36m(Minecraft)[m [0m[CHAT] §2§l§o[TenorClef] §cT2 [E116] drop 8 from 67 to 59 ph=PORTAL§r
[m[34m[02:04:36][m [32m[main/INFO][m [36m(Minecraft)[m [0m[CHAT] §2§l§o[TenorClef] §rT2 [HIST] 6:36.7 [E116] drop 8 from 67 to 59 ph=PORTAL
[m[34m[02:04:36][m [32m[main/INFO][m [36m(Minecraft)[m [0m[STDOUT]: ALTO CLEF: WARNING: T2 [S130] START trigger=jump-pit flips=6 ph=PORTAL prev=ConstructNetherPortalBucketTask cycle=1 pos=-256,59,94 walls=4/4/4 sky=11 place=51 boxed=true hold=false cool=0 ban=0 startY=59 step=0
[m[34m[02:04:36][m [32m[main/INFO][m [36m(Minecraft)[m [0m[CHAT] §2§l§o[TenorClef] §cT2 [S130] START trigger=jump-pit flips=6 ph=PORTAL prev=ConstructNetherPortalBucketTask cycle=1 pos=-256,59,94 walls=4/4/4 sky=11 place=51 boxed=true hold=false cool=0 ban=0 startY=59 step=0§r
[m[34m[02:04:36][m [32m[main/INFO][m [36m(Minecraft)[m [0m[CHAT] §2§l§o[TenorClef] §rT2 [HIST] 6:37.0 FORCE S130 START trigger=jump-pit flips=6 ph=PORTAL prev=ConstructNetherPortalBucketTask cycle=1 pos=-256,59,94 walls=4/4/4 sky=11 place=51 boxed=true hold=false cool=0 ban=0 startY=59 step=0
[m[34m[02:04:36][m [32m[main/INFO][m [36m(Minecraft)[m [0m[CHAT] §2§l§o[TenorClef] §rT2 [HIST] 6:37.0 PILLAR START jump-pit flips=6 prev=ConstructNetherPortalBucketTask
[m[34m[02:04:36][m [32m[main/INFO][m [36m(Minecraft)[m [0m[CHAT] §2§l§o[TenorClef] §rT2 [HIST] 6:37.0 SOLVE S130 jump-pit pillar @-256,59,94
[m[34m[02:04:36][m [32m[main/INFO][m [36m(Minecraft)[m [0m[CHAT] §2§l§o[TenorClef] §rT2 [HIST] 6:37.0 CHILD ConstructNetherPortalBucketTask -> HolePillarTask ph=PORTAL @-256,59,94 sky=11 wet=false ground=true pick=1 buck=1 iron=1 ore=0 rods=0 pearls=0 eyes=0
[m[34m[02:04:36][m [32m[main/INFO][m [36m(Minecraft)[m [0m[STDOUT]: ALTO CLEF: WARNING: T2 [S130] tick y=59 slot=3 air=false pos=-256,59,94 walls=4/4/4 sky=11 place=51 boxed=true hold=true cool=0 ban=0 startY=59 step=1
[m[34m[02:04:36][m [32m[main/INFO][m [36m(Minecraft)[m [0m[CHAT] §2§l§o[TenorClef] §cT2 [S130] tick y=59 slot=3 air=false pos=-256,59,94 walls=4/4/4 sky=11 place=51 boxed=true hold=true cool=0 ban=0 startY=59 step=1§r
[m[34m[02:04:36][m [32m[main/INFO][m [36m(Minecraft)[m [0m[CHAT] §2§l§o[TenorClef] §rT2 [HIST] 6:37.0 FORCE S130 tick y=59 slot=3 air=false pos=-256,59,94 walls=4/4/4 sky=11 place=51 boxed=true hold=true cool=0 ban=0 startY=59 step=1
[m[34m[02:04:36][m [32m[main/INFO][m [36m(Minecraft)[m [0m[CHAT] §2§l§o[TenorClef] §rT2 [NOW] t=6:37.2 ph=PORTAL @-256,60,94 do=<T2 pillar-out>  eq=cobblestone woodpick=1 stonepick=1 pick=1 iron=1 buck=1
[m[34m[02:04:37][m [32m[main/INFO][m [36m(Minecraft)[m [0m[STDOUT]: ALTO CLEF: WARNING: T2 [S180] marginal escape +2y free at y=61 startY=59 pos=-256,61,94 walls=4/3/4 sky=13 place=51 boxed=false hold=true cool=0 ban=0 startY=59 step=13
[m[34m[02:04:37][m [32m[main/INFO][m [36m(Minecraft)[m [0m[CHAT] §2§l§o[TenorClef] §cT2 [S180] marginal escape +2y free at y=61 startY=59 pos=-256,61,94 walls=4/3/4 sky=13 place=51 boxed=false hold=true cool=0 ban=0 startY=59 step=13§r
[m[34m[02:04:37][m [32m[main/INFO][m [36m(Minecraft)[m [0m[CHAT] §2§l§o[TenorClef] §rT2 [HIST] 6:37.7 FORCE S180 marginal escape +2y free at y=61 startY=59 pos=-256,61,94 walls=4/3/4 sky=13 place=51 boxed=false hold=true cool=0 ban=0 startY=59 step=13
[m[34m[02:04:37][m [32m[main/INFO][m [36m(Minecraft)[m [0m[STDOUT]: ALTO CLEF: WARNING: T2 [S139] rise pending +2y t=1 y=61 startY=59
[m[34m[02:04:37][m [32m[main/INFO][m [36m(Minecraft)[m [0m[CHAT] §2§l§o[TenorClef] §cT2 [S139] rise pending +2y t=1 y=61 startY=59§r
[m[34m[02:04:37][m [32m[main/INFO][m [36m(Minecraft)[m [0m[CHAT] §2§l§o[TenorClef] §rT2 [HIST] 6:37.7 FORCE S139 rise pending +2y t=1 y=61 startY=59
[m[34m[02:04:37][m [32m[main/INFO][m [36m(Minecraft)[m [0m[STDOUT]: ALTO CLEF: WARNING: T2 [S130] tick y=61 slot=3 air=false pos=-256,61,94 walls=4/3/4 sky=13 place=50 boxed=false hold=true cool=0 ban=0 startY=59 step=21
[m[34m[02:04:37][m [32m[main/INFO][m [36m(Minecraft)[m [0m[CHAT] §2§l§o[TenorClef] §cT2 [S130] tick y=61 slot=3 air=false pos=-256,61,94 walls=4/3/4 sky=13 place=50 boxed=false hold=true cool=0 ban=0 startY=59 step=21§r
[m[34m[02:04:37][m [32m[main/INFO][m [36m(Minecraft)[m [0m[CHAT] §2§l§o[TenorClef] §rT2 [HIST] 6:38.0 FORCE S130 tick y=61 slot=3 air=false pos=-256,61,94 walls=4/3/4 sky=13 place=50 boxed=false hold=true cool=0 ban=0 startY=59 step=21
[m[34m[02:04:37][m [32m[main/INFO][m [36m(Minecraft)[m [0m[STDOUT]: ALTO CLEF: WARNING: T2 [S180] marginal escape +3y free at y=62 startY=59 pos=-256,62,94 walls=3/3/4 sky=14 place=50 boxed=false hold=true cool=0 ban=0 startY=59 step=23
[m[34m[02:04:37][m [32m[main/INFO][m [36m(Minecraft)[m [0m[CHAT] §2§l§o[TenorClef] §cT2 [S180] marginal escape +3y free at y=62 startY=59 pos=-256,62,94 walls=3/3/4 sky=14 place=50 boxed=false hold=true cool=0 ban=0 startY=59 step=23§r
[m[34m[02:04:37][m [32m[main/INFO][m [36m(Minecraft)[m [0m[CHAT] §2§l§o[TenorClef] §rT2 [HIST] 6:38.2 FORCE S180 marginal escape +3y free at y=62 startY=59 pos=-256,62,94 walls=3/3/4 sky=14 place=50 boxed=false hold=true cool=0 ban=0 startY=59 step=23
[m[34m[02:04:37][m [32m[main/INFO][m [36m(Minecraft)[m [0m[STDOUT]: ALTO CLEF: WARNING: T2 [S139] rise pending +3y t=1 y=62 startY=59
[m[34m[02:04:37][m [32m[main/INFO][m [36m(Minecraft)[m [0m[CHAT] §2§l§o[TenorClef] §cT2 [S139] rise pending +3y t=1 y=62 startY=59§r
[m[34m[02:04:37][m [32m[main/INFO][m [36m(Minecraft)[m [0m[CHAT] §2§l§o[TenorClef] §rT2 [HIST] 6:38.2 FORCE S139 rise pending +3y t=1 y=62 startY=59
[m[34m[02:04:37][m [32m[main/INFO][m [36m(Minecraft)[m [0m[CHAT] §2§l§o[TenorClef] §rT2 [NOW] t=6:38.2 ph=PORTAL @-256,62,94 do=<T2 pillar-out>  eq=cobblestone woodpick=1 stonepick=1 pick=1 iron=1 buck=1
[m[34m[02:04:38][m [32m[main/INFO][m [36m(Minecraft)[m [0m[STDOUT]: ALTO CLEF: WARNING: T2 [S139] rise confirmed +3y held 12t y=62 startY=59 pos=-256,62,94 walls=3/3/4 sky=14 place=49 boxed=false hold=true cool=0 ban=0 startY=59 step=34
[m[34m[02:04:38][m [32m[main/INFO][m [36m(Minecraft)[m [0m[CHAT] §2§l§o[TenorClef] §cT2 [S139] rise confirmed +3y held 12t y=62 startY=59 pos=-256,62,94 walls=3/3/4 sky=14 place=49 boxed=false hold=true cool=0 ban=0 startY=59 step=34§r
[m[34m[02:04:38][m [32m[main/INFO][m [36m(Minecraft)[m [0m[CHAT] §2§l§o[TenorClef] §rT2 [HIST] 6:38.7 FORCE S139 rise confirmed +3y held 12t y=62 startY=59 pos=-256,62,94 walls=3/3/4 sky=14 place=49 boxed=false hold=true cool=0 ban=0 startY=59 step=34
[m[34m[02:04:38][m [32m[main/INFO][m [36m(Minecraft)[m [0m[STDOUT]: ALTO CLEF: WARNING: T2 [S133] cool arm ticks=200 reason=risen y=62 startY=59 ban=-256,62,94 pos=-256,62,94 walls=3/3/4 sky=14 place=49 boxed=false hold=true cool=200 ban=200 startY=59 step=34
[m[34m[02:04:38][m [32m[main/INFO][m [36m(Minecraft)[m [0m[CHAT] §2§l§o[TenorClef] §cT2 [S133] cool arm ticks=200 reason=risen y=62 startY=59 ban=-256,62,94 pos=-256,62,94 walls=3/3/4 sky=14 place=49 boxed=false hold=true cool=200 ban=200 startY=59 step=34§r
[m[34m[02:04:38][m [32m[main/INFO][m [36m(Minecraft)[m [0m[CHAT] §2§l§o[TenorClef] §rT2 [HIST] 6:38.7 FORCE S133 cool arm ticks=200 reason=risen y=62 startY=59 ban=-256,62,94 pos=-256,62,94 walls=3/3/4 sky=14 place=49 boxed=false hold=true cool=200 ban=200 startY=59 step=34
[m[34m[02:04:38][m [32m[main/INFO][m [36m(Minecraft)[m [0m[STDOUT]: ALTO CLEF: WARNING: T2 [S136] END reason=risen y=62 startY=59 roseReal=true giveUp=true pos=-256,62,94 walls=3/3/4 sky=14 place=49 boxed=false hold=true cool=200 ban=200 startY=59 step=34
[m[34m[02:04:38][m [32m[main/INFO][m [36m(Minecraft)[m [0m[CHAT] §2§l§o[TenorClef] §cT2 [S136] END reason=risen y=62 startY=59 roseReal=true giveUp=true pos=-256,62,94 walls=3/3/4 sky=14 place=49 boxed=false hold=true cool=200 ban=200 startY=59 step=34§r
[m[34m[02:04:38][m [32m[main/INFO][m [36m(Minecraft)[m [0m[CHAT] §2§l§o[TenorClef] §rT2 [HIST] 6:38.7 FORCE S136 END reason=risen y=62 startY=59 roseReal=true giveUp=true pos=-256,62,94 walls=3/3/4 sky=14 place=49 boxed=false hold=true cool=200 ban=200 startY=59 step=34
[m[34m[02:04:38][m [32m[main/INFO][m [36m(Minecraft)[m [0m[CHAT] §2§l§o[TenorClef] §rT2 [HIST] 6:38.7 PILLAR END risen y=62 startY=59
[m[34m[02:04:38][m [32m[main/INFO][m [36m(Minecraft)[m [0m[STDOUT]: ALTO CLEF: WARNING: T2 [S157] held HolePillarTask through 1 swap attempts - Construct/pillar ping-pong, wanted=ConstructNetherPortalBucketTask
[m[34m[02:04:38][m [32m[main/INFO][m [36m(Minecraft)[m [0m[CHAT] §2§l§o[TenorClef] §cT2 [S157] held HolePillarTask through 1 swap attempts - Construct/pillar ping-pong, wanted=ConstructNetherPortalBucketTask§r
[m[34m[02:04:38][m [32m[main/INFO][m [36m(Minecraft)[m [0m[STDOUT]: ALTO CLEF: WARNING: T2 [E100] jumps=14 @-256,62,94 ph=PORTAL child=HolePillarTask
[m[34m[02:04:38][m [32m[main/INFO][m [36m(Minecraft)[m [0m[CHAT] §2§l§o[TenorClef] §cT2 [E100] jumps=14 @-256,62,94 ph=PORTAL child=HolePillarTask§r
[m[34m[02:04:38][m [32m[main/INFO][m [36m(Minecraft)[m [0m[CHAT] §2§l§o[TenorClef] §rT2 [HIST] 6:39.0 [E100] jumps=14 @-256,62,94 ph=PORTAL child=HolePillarTask
[m[34m[02:04:38][m [32m[main/INFO][m [36m(Minecraft)[m [0m[CHAT] §2§l§o[TenorClef] §rT2 [NOW] t=6:39.2 ph=PORTAL @-256,62,94 do=<T2 pillar-out>  eq=cobblestone woodpick=1 stonepick=1 pick=1 iron=1 buck=1
[m[34m[02:04:39][m [32m[main/INFO][m [36m(Minecraft)[m [0m[CHAT] §2§l§o[TenorClef] §rT2 [HB] t=6:39.7 ph=PORTAL y=62 child=HolePillarTask logs=0 pick=1 woodpick=1
[m[34m[02:04:39][m [32m[main/INFO][m [36m(Minecraft)[m [0m[CHAT] §2§l§o[TenorClef] §rT2 [NOW] t=6:40.2 ph=PORTAL @-256,62,94 do=<T2 pillar-out>  eq=cobblestone woodpick=1 stonepick=1 pick=1 iron=1 buck=1
[m[34m[02:04:39][m [32m[main/INFO][m [36m(Minecraft)[m [0m[CHAT] §2§l§o[TenorClef] §rT2 [HIST] 6:40.3 SNAP ph=PORTAL @-256,62,94 sky=14 wet=false ground=true pick=1 buck=1 iron=1 ore=0 rods=0 pearls=0 eyes=0 child=HolePillarTask dbg=<T2 pillar-out>  mobs=none
[m[34m[02:04:40][m [32m[main/INFO][m [36m(Minecraft)[m [0m[CHAT] §2§l§o[TenorClef] §rT2 [NOW] t=6:41.2 ph=PORTAL @-256,62,94 do=<T2 pillar-out>  eq=cobblestone woodpick=1 stonepick=1 pick=1 iron=1 buck=1
[m[34m[02:04:41][m [32m[main/INFO][m [36m(Minecraft)[m [0m[STDOUT]: ALTO CLEF: WARNING: T2 [S136] stick drop pillar -> ConstructNetherPortalBucketTask finished=true hold=false cool=139 end=risen y=62 startY=59 pos=-256,62,94 walls=3/3/4 sky=14 place=49 boxed=false hold=false cool=139 ban=139 startY=- step=0
[m[34m[02:04:41][m [32m[main/INFO][m [36m(Minecraft)[m [0m[CHAT] §2§l§o[TenorClef] §cT2 [S136] stick drop pillar -> ConstructNetherPortalBucketTask finished=true hold=false cool=139 end=risen y=62 startY=59 pos=-256,62,94 walls=3/3/4 sky=14 place=49 boxed=false hold=false cool=139 ban=139 startY=- step=0§r
[m[34m[02:04:41][m [32m[main/INFO][m [36m(Minecraft)[m [0m[CHAT] §2§l§o[TenorClef] §rT2 [HIST] 6:41.8 FORCE S136 stick drop pillar -> ConstructNetherPortalBucketTask finished=true hold=false cool=139 end=risen y=62 startY=59 pos=-256,62,94 walls=3/3/4 sky=14 place=49 boxed=false hold=false cool=139 ban=139 startY=- step=0
[m[34m[02:04:41][m [32m[main/INFO][m [36m(Minecraft)[m [0m[CHAT] §2§l§o[TenorClef] §rT2 [HIST] 6:41.8 CHILD HolePillarTask -> ConstructNetherPortalBucketTask ph=PORTAL @-256,62,94 sky=14 wet=false ground=true pick=1 buck=1 iron=1 ore=0 rods=0 pearls=0 eyes=0
[m[34m[02:04:41][m [32m[main/INFO][m [36m(Minecraft)[m [0m[STDOUT]: ALTO CLEF: WARNING: T2 [S136] onStop interrupt=ConstructNetherPortalBucketTask finishWhy=givingUp cool=139 lastEnd=risen y=62 startY=59 pos=-256,62,94 walls=3/3/4 sky=14 place=49 boxed=false hold=false cool=139 ban=139 startY=- step=0
[m[34m[02:04:41][m [32m[main/INFO][m [36m(Minecraft)[m [0m[CHAT] §2§l§o[TenorClef] §cT2 [S136] onStop interrupt=ConstructNetherPortalBucketTask finishWhy=givingUp cool=139 lastEnd=risen y=62 startY=59 pos=-256,62,94 walls=3/3/4 sky=14 place=49 boxed=false hold=false cool=139 ban=139 startY=- step=0§r
[m[34m[02:04:41][m [32m[main/INFO][m [36m(Minecraft)[m [0m[CHAT] §2§l§o[TenorClef] §rT2 [HIST] 6:41.8 FORCE S136 onStop interrupt=ConstructNetherPortalBucketTask finishWhy=givingUp cool=139 lastEnd=risen y=62 startY=59 pos=-256,62,94 walls=3/3/4 sky=14 place=49 boxed=false hold=false cool=139 ban=139 startY=- step=0
[m[34m[02:04:41][m [32m[main/INFO][m [36m(Minecraft)[m [0m[CHAT] §2§l§o[TenorClef] §r(Searching for lava lake with portalable spot nearby...)
[m[34m[02:04:41][m [32m[main/INFO][m [36m(Minecraft)[m [0m[CHAT] §2§l§o[TenorClef] §rFound with depth 45
[m[34m[02:04:41][m [32m[main/INFO][m [36m(Minecraft)[m [0m[CHAT] §2§l§o[TenorClef] §rT2 [S165L] only a deep lava lake at y=8 - expect a long dark shaft
[m[34m[02:04:41][m [32m[main/INFO][m [36m(Minecraft)[m [0m[CHAT] §2§l§o[TenorClef] §rConstruct: need iron for 2nd bucket (iron=1 empty=0 water=1 lava=0)
[m[34m[02:04:41][m [32m[main/INFO][m [36m(Minecraft)[m [0m[CHAT] §2§l§o[TenorClef] §rMineAndCollect: equip item.minecraft.iron_pickaxe for block.minecraft.iron_ore
[m[34m[02:04:41][m [32m[main/INFO][m [36m(Minecraft)[m [0m[CHAT] §2§l§o[TenorClef] §rT2 [NOW] t=6:42.2 ph=PORTAL @-256,62,94 do=<Construct Nether Portal> Mining iron for 2nd bucket at lava eq=iron_pickaxe woodpick=1 stonepick=1 pick=1 iron=1 buck=1
[m[34m[02:04:42][m [32m[main/INFO][m [36m(Minecraft)[m [0m[CHAT] §2§l§o[TenorClef] §rT2 [NOW] t=6:43.2 ph=PORTAL @-256,62,94 do=<Construct Nether Portal> Mining iron for 2nd bucket at lava eq=iron_pickaxe woodpick=1 stonepick=1 pick=1 iron=1 buck=1
[m[34m[02:04:43][m [32m[main/INFO][m [36m(Minecraft)[m [0m[CHAT] §2§l§o[TenorClef] §rT2 [NOW] t=6:44.2 ph=PORTAL @-255,61,94 do=<Construct Nether Portal> Mining iron for 2nd bucket at lava eq=iron_pickaxe woodpick=1 stonepick=1 pick=1 iron=1 buck=1
[m[34m[02:04:44][m [32m[main/INFO][m [36m(Minecraft)[m [0m[CHAT] §2§l§o[TenorClef] §rT2 [HB] t=6:44.7 ph=PORTAL y=60 child=ConstructNetherPortalBucketTask logs=0 pick=1 woodpick=1
[m[34m[02:04:44][m [32m[main/INFO][m [36m(Minecraft)[m [0m[CHAT] §2§l§o[TenorClef] §rT2 [NOW] t=6:45.2 ph=PORTAL @-255,60,94 do=<Construct Nether Portal> Mining iron for 2nd bucket at lava eq=iron_pickaxe woodpick=1 stonepick=1 pick=1 iron=1 buck=1
[m[34m[02:04:44][m [32m[main/INFO][m [36m(Minecraft)[m [0m[CHAT] §2§l§o[TenorClef] §rT2 [HIST] 6:45.2 SNAP ph=PORTAL @-255,60,94 sky=11 wet=false ground=true pick=1 buck=1 iron=1 ore=0 rods=0 pearls=0 eyes=0 child=ConstructNetherPortalBucketTask dbg=<Construct Nether Portal> Mining iron for 2nd bucket at lava mobs=none
[m[34m[02:04:45][m [32m[main/INFO][m [36m(Minecraft)[m [0m[STDOUT]: ALTO CLEF: WARNING: T2 [S135] S130 suppressed why=jump-pit-busy child=ConstructNetherPortalBucketTask cool=60 ban=60 hold=false pos=-255,59,94 walls=4/4/4 sky=10 place=53 boxed=true hold=false cool=60 ban=60 startY=- step=0
[m[34m[02:04:45][m [32m[main/INFO][m [36m(Minecraft)[m [0m[CHAT] §2§l§o[TenorClef] §cT2 [S135] S130 suppressed why=jump-pit-busy child=ConstructNetherPortalBucketTask cool=60 ban=60 hold=false pos=-255,59,94 walls=4/4/4 sky=10 place=53 boxed=true hold=false cool=60 ban=60 startY=- step=0§r
[m[34m[02:04:45][m [32m[main/INFO][m [36m(Minecraft)[m [0m[CHAT] §2§l§o[TenorClef] §rT2 [HIST] 6:45.7 FORCE S135 S130 suppressed why=jump-pit-busy child=ConstructNetherPortalBucketTask cool=60 ban=60 hold=false pos=-255,59,94 walls=4/4/4 sky=10 place=53 boxed=true hold=false cool=60 ban=60 startY=- step=0
[m[34m[02:04:45][m [32m[main/INFO][m [36m(Minecraft)[m [0m[STDOUT]: ALTO CLEF: WARNING: T2 [S100] stop jump-walk @-255,94 ph=PORTAL child=ConstructNetherPortalBucketTask esc=0
[m[34m[02:04:45][m [32m[main/INFO][m [36m(Minecraft)[m [0m[CHAT] §2§l§o[TenorClef] §cT2 [S100] stop jump-walk @-255,94 ph=PORTAL child=ConstructNetherPortalBucketTask esc=0§r
[m[34m[02:04:45][m [32m[main/INFO][m [36m(Minecraft)[m [0m[CHAT] §2§l§o[TenorClef] §rT2 [HIST] 6:45.7 SOLVE S100 stop jump-walk @-255,94 ph=PORTAL child=ConstructNetherPortalBucketTask esc=0
[m[34m[02:04:45][m [32m[main/INFO][m [36m(Minecraft)[m [0m[CHAT] §2§l§o[TenorClef] §rT2 [NOW] t=6:46.2 ph=PORTAL @-255,58,94 do=<Construct Nether Portal> Mining iron for 2nd bucket at lava eq=iron_pickaxe woodpick=1 stonepick=1 pick=1 iron=1 buck=1
[m[34m[02:04:46][m [32m[main/INFO][m [36m(Minecraft)[m [0m[STDOUT]: ALTO CLEF: WARNING: T2 [S138] shaft ban clear left-y ban=-256,62,94 now=-255,57,94 manh=1 dy=5 left=40
[m[34m[02:04:46][m [32m[main/INFO][m [36m(Minecraft)[m [0m[CHAT] §2§l§o[TenorClef] §cT2 [S138] shaft ban clear left-y ban=-256,62,94 now=-255,57,94 manh=1 dy=5 left=40§r
[m[34m[02:04:46][m [32m[main/INFO][m [36m(Minecraft)[m [0m[CHAT] §2§l§o[TenorClef] §rT2 [HIST] 6:46.8 FORCE S138 shaft ban clear left-y ban=-256,62,94 now=-255,57,94 manh=1 dy=5 left=40
[m[34m[02:04:46][m [32m[main/INFO][m [36m(Minecraft)[m [0m[CHAT] §2§l§o[TenorClef] §rT2 [NOW] t=6:47.2 ph=PORTAL @-255,57,94 do=<Construct Nether Portal> Mining iron for 2nd bucket at lava eq=iron_pickaxe woodpick=1 stonepick=1 pick=1 iron=1 buck=1
[m[34m[02:04:47][m [32m[main/INFO][m [36m(Minecraft)[m [0m[STDOUT]: ALTO CLEF: WARNING: T2 [E100] jumps=12 @-255,56,94 ph=PORTAL child=ConstructNetherPortalBucketTask
[m[34m[02:04:47][m [32m[main/INFO][m [36m(Minecraft)[m [0m[CHAT] §2§l§o[TenorClef] §cT2 [E100] jumps=12 @-255,56,94 ph=PORTAL child=ConstructNetherPortalBucketTask§r
[m[34m[02:04:47][m [32m[main/INFO][m [36m(Minecraft)[m [0m[CHAT] §2§l§o[TenorClef] §rT2 [HIST] 6:47.7 [E100] jumps=12 @-255,56,94 ph=PORTAL child=ConstructNetherPortalBucketTask
[m[34m[02:04:47][m [32m[main/INFO][m [36m(Minecraft)[m [0m[CHAT] §2§l§o[TenorClef] §rT2 [NOW] t=6:48.2 ph=PORTAL @-255,55,94 do=<Construct Nether Portal> Mining iron for 2nd bucket at lava eq=iron_pickaxe woodpick=1 stonepick=1 pick=1 iron=1 buck=1
[m[34m[02:04:48][m [32m[main/INFO][m [36m(Minecraft)[m [0m[STDOUT]: ALTO CLEF: WARNING: T2 [S134] pillar cool expire after jump-pit flips=6 end=risen y=62 startY=59
[m[34m[02:04:48][m [32m[main/INFO][m [36m(Minecraft)[m [0m[CHAT] §2§l§o[TenorClef] §cT2 [S134] pillar cool expire after jump-pit flips=6 end=risen y=62 startY=59§r
[m[34m[02:04:48][m [32m[main/INFO][m [36m(Minecraft)[m [0m[CHAT] §2§l§o[TenorClef] §rT2 [HIST] 6:48.7 FORCE S134 pillar cool expire after jump-pit flips=6 end=risen y=62 startY=59
[m[34m[02:04:48][m [32m[main/INFO][m [36m(Minecraft)[m [0m[STDOUT]: ALTO CLEF: WARNING: T2 [S138] shaft ban clear left-y ban=-256,62,94 now=-255,55,94 manh=1 dy=7 left=60
[m[34m[02:04:48][m [32m[main/INFO][m [36m(Minecraft)[m [0m[CHAT] §2§l§o[TenorClef] §cT2 [S138] shaft ban clear left-y ban=-256,62,94 now=-255,55,94 manh=1 dy=7 left=60§r
[m[34m[02:04:48][m [32m[main/INFO][m [36m(Minecraft)[m [0m[CHAT] §2§l§o[TenorClef] §rT2 [HIST] 6:48.8 FORCE S138 shaft ban clear left-y ban=-256,62,94 now=-255,55,94 manh=1 dy=7 left=60
[m[34m[02:04:48][m [32m[main/INFO][m [36m(Minecraft)[m [0m[STDOUT]: ALTO CLEF: WARNING: T2 [E116] drop 8 from 62 to 54 ph=PORTAL
[m[34m[02:04:48][m [32m[main/INFO][m [36m(Minecraft)[m [0m[CHAT] §2§l§o[TenorClef] §cT2 [E116] drop 8 from 62 to 54 ph=PORTAL§r
[m[34m[02:04:48][m [32m[main/INFO][m [36m(Minecraft)[m [0m[CHAT] §2§l§o[TenorClef] §rT2 [HIST] 6:48.9 [E116] drop 8 from 62 to 54 ph=PORTAL
[m[34m[02:04:48][m [32m[main/INFO][m [36m(Minecraft)[m [0m[CHAT] §2§l§o[TenorClef] §rRefreshed inventory...
[m[34m[02:04:48][m [32m[main/INFO][m [36m(Minecraft)[m [0m[CHAT] §2§l§o[TenorClef] §rT2 [NOW] t=6:49.2 ph=PORTAL @-255,54,94 do=<Construct Nether Portal> Mining iron for 2nd bucket at lava eq=iron_pickaxe woodpick=1 stonepick=1 pick=1 iron=1 buck=1
[m[34m[02:04:49][m [32m[main/INFO][m [36m(Minecraft)[m [0m[CHAT] §2§l§o[TenorClef] §rT2 [HB] t=6:49.7 ph=PORTAL y=54 child=ConstructNetherPortalBucketTask logs=0 pick=1 woodpick=1
[m[34m[02:04:49][m [32m[main/INFO][m [36m(Minecraft)[m [0m[CHAT] §2§l§o[TenorClef] §rT2 [NOW] t=6:50.2 ph=PORTAL @-255,53,94 do=<Construct Nether Portal> Mining iron for 2nd bucket at lava eq=iron_pickaxe woodpick=1 stonepick=1 pick=1 iron=1 buck=1
[m[34m[02:04:49][m [32m[main/INFO][m [36m(Minecraft)[m [0m[CHAT] §2§l§o[TenorClef] §rT2 [HIST] 6:50.2 SNAP ph=PORTAL @-255,53,94 sky=4 wet=false ground=false pick=1 buck=1 iron=1 ore=0 rods=0 pearls=0 eyes=0 child=ConstructNetherPortalBucketTask dbg=<Construct Nether Portal> Mining iron for 2nd bucket at lava mobs=none
[m[34m[02:04:49][m [32m[main/INFO][m [36m(Minecraft)[m [0m[CHAT] §2§l§o[TenorClef] §rT2 [HIST] 6:50.3 [E100] jumps=6 @-255,53,94 ph=PORTAL child=ConstructNetherPortalBucketTask
[m[34m[02:04:50][m [32m[main/INFO][m [36m(Minecraft)[m [0m[CHAT] §2§l§o[TenorClef] §rT2 [NOW] t=6:51.2 ph=PORTAL @-255,53,94 do=<Construct Nether Portal> Mining iron for 2nd bucket at lava eq=iron_pickaxe woodpick=1 stonepick=1 pick=1 iron=1 buck=1
[m[34m[02:04:50][m [32m[main/INFO][m [36m(Minecraft)[m [0m[STDOUT]: ALTO CLEF: WARNING: T2 [S130] START trigger=jump-pit flips=6 ph=PORTAL prev=ConstructNetherPortalBucketTask cycle=1 pos=-255,52,94 walls=4/4/4 sky=3 place=59 boxed=true hold=false cool=0 ban=0 startY=52 step=0
[m[34m[02:04:50][m [32m[main/INFO][m [36m(Minecraft)[m [0m[CHAT] §2§l§o[TenorClef] §cT2 [S130] START trigger=jump-pit flips=6 ph=PORTAL prev=ConstructNetherPortalBucketTask cycle=1 pos=-255,52,94 walls=4/4/4 sky=3 place=59 boxed=true hold=false cool=0 ban=0 startY=52 step=0§r
[m[34m[02:04:50][m [32m[main/INFO][m [36m(Minecraft)[m [0m[CHAT] §2§l§o[TenorClef] §rT2 [HIST] 6:51.5 FORCE S130 START trigger=jump-pit flips=6 ph=PORTAL prev=ConstructNetherPortalBucketTask cycle=1 pos=-255,52,94 walls=4/4/4 sky=3 place=59 boxed=true hold=false cool=0 ban=0 startY=52 step=0
[m[34m[02:04:50][m [32m[main/INFO][m [36m(Minecraft)[m [0m[CHAT] §2§l§o[TenorClef] §rT2 [HIST] 6:51.5 PILLAR START jump-pit flips=6 prev=ConstructNetherPortalBucketTask
[m[34m[02:04:50][m [32m[main/INFO][m [36m(Minecraft)[m [0m[CHAT] §2§l§o[TenorClef] §rT2 [HIST] 6:51.5 SOLVE S130 jump-pit pillar @-255,52,94
[m[34m[02:04:51][m [32m[main/INFO][m [36m(Minecraft)[m [0m[STDOUT]: ALTO CLEF: WARNING: T2 [S130] START trigger=jump-pit flips=6 ph=PORTAL prev=ConstructNetherPortalBucketTask cycle=2 pos=-255,52,94 walls=4/4/4 sky=3 place=59 boxed=true hold=false cool=0 ban=0 startY=52 step=0
[m[34m[02:04:51][m [32m[main/INFO][m [36m(Minecraft)[m [0m[CHAT] §2§l§o[TenorClef] §cT2 [S130] START trigger=jump-pit flips=6 ph=PORTAL prev=ConstructNetherPortalBucketTask cycle=2 pos=-255,52,94 walls=4/4/4 sky=3 place=59 boxed=true hold=false cool=0 ban=0 startY=52 step=0§r
[m[34m[02:04:51][m [32m[main/INFO][m [36m(Minecraft)[m [0m[CHAT] §2§l§o[TenorClef] §rT2 [HIST] 6:51.5 FORCE S130 START trigger=jump-pit flips=6 ph=PORTAL prev=ConstructNetherPortalBucketTask cycle=2 pos=-255,52,94 walls=4/4/4 sky=3 place=59 boxed=true hold=false cool=0 ban=0 startY=52 step=0
[m[34m[02:04:51][m [32m[main/INFO][m [36m(Minecraft)[m [0m[STDOUT]: ALTO CLEF: WARNING: T2 [S158] shaft-hop n>=4 in 14551ms - area ban r=14 @-255,94 prev=-256,94 esc=1 pos=-255,52,94 walls=4/4/4 sky=3 place=59 boxed=true hold=false cool=400 ban=600 startY=52 step=0
[m[34m[02:04:51][m [32m[main/INFO][m [36m(Minecraft)[m [0m[CHAT] §2§l§o[TenorClef] §cT2 [S158] shaft-hop n>=4 in 14551ms - area ban r=14 @-255,94 prev=-256,94 esc=1 pos=-255,52,94 walls=4/4/4 sky=3 place=59 boxed=true hold=false cool=400 ban=600 startY=52 step=0§r
[m[34m[02:04:51][m [32m[main/INFO][m [36m(Minecraft)[m [0m[CHAT] §2§l§o[TenorClef] §rT2 [HIST] 6:51.6 FORCE S158 shaft-hop n>=4 in 14551ms - area ban r=14 @-255,94 prev=-256,94 esc=1 pos=-255,52,94 walls=4/4/4 sky=3 place=59 boxed=true hold=false cool=400 ban=600 startY=52 step=0
[m[34m[02:04:51][m [32m[main/INFO][m [36m(Minecraft)[m [0m[STDOUT]: ALTO CLEF: WARNING: T2 [S130] START trigger=jump-pit flips=6 ph=PORTAL prev=ConstructNetherPortalBucketTask cycle=3 pos=-255,52,94 walls=4/4/4 sky=3 place=59 boxed=true hold=false cool=400 ban=600 startY=52 step=0
[m[34m[02:04:51][m [32m[main/INFO][m [36m(Minecraft)[m [0m[CHAT] §2§l§o[TenorClef] §cT2 [S130] START trigger=jump-pit flips=6 ph=PORTAL prev=ConstructNetherPortalBucketTask cycle=3 pos=-255,52,94 walls=4/4/4 sky=3 place=59 boxed=true hold=false cool=400 ban=600 startY=52 step=0§r
[m[34m[02:04:51][m [32m[main/INFO][m [36m(Minecraft)[m [0m[CHAT] §2§l§o[TenorClef] §rT2 [HIST] 6:51.6 FORCE S130 START trigger=jump-pit flips=6 ph=PORTAL prev=ConstructNetherPortalBucketTask cycle=3 pos=-255,52,94 walls=4/4/4 sky=3 place=59 boxed=true hold=false cool=400 ban=600 startY=52 step=0
[m[34m[02:04:51][m [32m[main/INFO][m [36m(Minecraft)[m [0m[STDOUT]: ALTO CLEF: WARNING: T2 [S135] S130 suppressed why=jump-pit shaft-hop-banned -255,94 r=14 left=899 sameXz=59 cool=399 ban=599 hold=false pos=-255,52,94 walls=4/4/4 sky=3 place=59 boxed=true hold=false cool=399 ban=599 startY=52 step=0
[m[34m[02:04:51][m [32m[main/INFO][m [36m(Minecraft)[m [0m[CHAT] §2§l§o[TenorClef] §cT2 [S135] S130 suppressed why=jump-pit shaft-hop-banned -255,94 r=14 left=899 sameXz=59 cool=399 ban=599 hold=false pos=-255,52,94 walls=4/4/4 sky=3 place=59 boxed=true hold=false cool=399 ban=599 startY=52 step=0§r
[m[34m[02:04:51][m [32m[main/INFO][m [36m(Minecraft)[m [0m[CHAT] §2§l§o[TenorClef] §rT2 [HIST] 6:51.6 FORCE S135 S130 suppressed why=jump-pit shaft-hop-banned -255,94 r=14 left=899 sameXz=59 cool=399 ban=599 hold=false pos=-255,52,94 walls=4/4/4 sky=3 place=59 boxed=true hold=false cool=399 ban=599 startY=52 step=0
[m[34m[02:04:51][m [32m[main/INFO][m [36m(Minecraft)[m [0m[CHAT] §2§l§o[TenorClef] §rT2 [NOW] t=6:52.2 ph=PORTAL @-255,53,94 do=<Construct Nether Portal> Mining iron for 2nd bucket at lava eq=dirt woodpick=1 stonepick=1 pick=1 iron=1 buck=1
[m[34m[02:04:52][m [32m[main/INFO][m [36m(Minecraft)[m [0m[STDOUT]: ALTO CLEF: WARNING: T2 [E100] jumps=6 @-255,54,94 ph=PORTAL child=ConstructNetherPortalBucketTask
[m[34m[02:04:52][m [32m[main/INFO][m [36m(Minecraft)[m [0m[CHAT] §2§l§o[TenorClef] §cT2 [E100] jumps=6 @-255,54,94 ph=PORTAL child=ConstructNetherPortalBucketTask§r
[m[34m[02:04:52][m [32m[main/INFO][m [36m(Minecraft)[m [0m[CHAT] §2§l§o[TenorClef] §rT2 [HIST] 6:52.8 [E100] jumps=6 @-255,54,94 ph=PORTAL child=ConstructNetherPortalBucketTask
[m[34m[02:04:52][m [32m[main/INFO][m [36m(Minecraft)[m [0m[CHAT] §2§l§o[TenorClef] §rDuct tape: Refreshing inventory again just in case
[m[34m[02:04:52][m [32m[main/INFO][m [36m(Minecraft)[m [0m[CHAT] §2§l§o[TenorClef] §rT2 [NOW] t=6:53.2 ph=PORTAL @-255,55,94 do=<Construct Nether Portal> Mining iron for 2nd bucket at lava eq=diorite woodpick=1 stonepick=1 pick=1 iron=1 buck=1
[m[34m[02:04:53][m [32m[main/INFO][m [36m(Minecraft)[m [0m[STDOUT]: ALTO CLEF: WARNING: T2 [S135] S130 suppressed why=jump-pit shaft-hop-banned -255,94 r=14 left=858 sameXz=41 cool=358 ban=558 hold=false pos=-255,56,94 walls=4/4/4 sky=7 place=55 boxed=true hold=false cool=358 ban=558 startY=52 step=0
[m[34m[02:04:53][m [32m[main/INFO][m [36m(Minecraft)[m [0m[CHAT] §2§l§o[TenorClef] §cT2 [S135] S130 suppressed why=jump-pit shaft-hop-banned -255,94 r=14 left=858 sameXz=41 cool=358 ban=558 hold=false pos=-255,56,94 walls=4/4/4 sky=7 place=55 boxed=true hold=false cool=358 ban=558 startY=52 step=0§r
[m[34m[02:04:53][m [32m[main/INFO][m [36m(Minecraft)[m [0m[CHAT] §2§l§o[TenorClef] §rT2 [HIST] 6:53.7 FORCE S135 S130 suppressed why=jump-pit shaft-hop-banned -255,94 r=14 left=858 sameXz=41 cool=358 ban=558 hold=false pos=-255,56,94 walls=4/4/4 sky=7 place=55 boxed=true hold=false cool=358 ban=558 startY=52 step=0
[m[34m[02:04:53][m [32m[main/INFO][m [36m(Minecraft)[m [0m[STDOUT]: ALTO CLEF: WARNING: T2 [S138] shaft ban clear left-y ban=-255,52,94 now=-255,57,94 manh=0 dy=5 left=555
[m[34m[02:04:53][m [32m[main/INFO][m [36m(Minecraft)[m [0m[CHAT] §2§l§o[TenorClef] §cT2 [S138] shaft ban clear left-y ban=-255,52,94 now=-255,57,94 manh=0 dy=5 left=555§r
[m[34m[02:04:53][m [32m[main/INFO][m [36m(Minecraft)[m [0m[CHAT] §2§l§o[TenorClef] §rT2 [HIST] 6:53.9 FORCE S138 shaft ban clear left-y ban=-255,52,94 now=-255,57,94 manh=0 dy=5 left=555
[m[34m[02:04:53][m [32m[main/INFO][m [36m(Minecraft)[m [0m[CHAT] §2§l§o[TenorClef] §rT2 [HIST] 6:54.2 [E100] jumps=6 @-255,57,94 ph=PORTAL child=ConstructNetherPortalBucketTask
[m[34m[02:04:53][m [32m[main/INFO][m [36m(Minecraft)[m [0m[CHAT] §2§l§o[TenorClef] §rT2 [NOW] t=6:54.2 ph=PORTAL @-255,57,94 do=<Construct Nether Portal> Mining iron for 2nd bucket at lava eq=andesite woodpick=1 stonepick=1 pick=1 iron=1 buck=1
[m[34m[02:04:54][m [32m[main/INFO][m [36m(Minecraft)[m [0m[CHAT] §2§l§o[TenorClef] §rT2 [NOW] t=6:55.2 ph=PORTAL @-255,60,94 do=<Construct Nether Portal> Mining iron for 2nd bucket at lava eq=andesite woodpick=1 stonepick=1 pick=1 iron=1 buck=1
[m[34m[02:04:54][m [32m[main/INFO][m [36m(Minecraft)[m [0m[CHAT] §2§l§o[TenorClef] §rT2 [HIST] 6:55.2 SNAP ph=PORTAL @-255,60,94 sky=11 wet=false ground=false pick=1 buck=1 iron=1 ore=2 rods=0 pearls=0 eyes=0 child=ConstructNetherPortalBucketTask dbg=<Construct Nether Portal> Mining iron for 2nd bucket at lava mobs=none
[m[34m[02:04:55][m [32m[main/INFO][m [36m(Minecraft)[m [0m[CHAT] §2§l§o[TenorClef] §rT2 [HIST] 6:55.5 [E100] jumps=6 @-255,60,94 ph=PORTAL child=ConstructNetherPortalBucketTask
[m[34m[02:04:55][m [32m[main/INFO][m [36m(Minecraft)[m [0m[STDOUT]: ALTO CLEF: WARNING: T2 [S135] S130 suppressed why=jump-pit shaft-hop-banned -255,94 r=14 left=817 sameXz=41 cool=317 ban=0 hold=false pos=-255,60,94 walls=4/4/4 sky=11 place=51 boxed=true hold=false cool=317 ban=0 startY=52 step=0
[m[34m[02:04:55][m [32m[main/INFO][m [36m(Minecraft)[m [0m[CHAT] §2§l§o[TenorClef] §cT2 [S135] S130 suppressed why=jump-pit shaft-hop-banned -255,94 r=14 left=817 sameXz=41 cool=317 ban=0 hold=false pos=-255,60,94 walls=4/4/4 sky=11 place=51 boxed=true hold=false cool=317 ban=0 startY=52 step=0§r
[m[34m[02:04:55][m [32m[main/INFO][m [36m(Minecraft)[m [0m[CHAT] §2§l§o[TenorClef] §rT2 [HIST] 6:55.7 FORCE S135 S130 suppressed why=jump-pit shaft-hop-banned -255,94 r=14 left=817 sameXz=41 cool=317 ban=0 hold=false pos=-255,60,94 walls=4/4/4 sky=11 place=51 boxed=true hold=false cool=317 ban=0 startY=52 step=0
[m[34m[02:04:55][m [32m[main/INFO][m [36m(Minecraft)[m [0m[STDOUT]: ALTO CLEF: WARNING: T2 [E62] portal jump-place @-255,60,94
[m[34m[02:04:55][m [32m[main/INFO][m [36m(Minecraft)[m [0m[CHAT] §2§l§o[TenorClef] §cT2 [E62] portal jump-place @-255,60,94§r
[m[34m[02:04:55][m [32m[main/INFO][m [36m(Minecraft)[m [0m[CHAT] §2§l§o[TenorClef] §rT2 [NOW] t=6:56.2 ph=PORTAL @-255,60,94 do=<Construct Nether Portal> Mining iron for 2nd bucket at lava eq=iron_pickaxe woodpick=1 stonepick=1 pick=1 iron=1 buck=1
[m[34m[02:04:56][m [32m[main/INFO][m [36m(Minecraft)[m [0m[CHAT] §2§l§o[TenorClef] §rConstruct: need iron for 2nd bucket (iron=1 empty=0 water=1 lava=0)
[m[34m[02:04:56][m [32m[main/INFO][m [36m(Minecraft)[m [0m[CHAT] §2§l§o[TenorClef] §rT2 [NOW] t=6:57.2 ph=PORTAL @-257,62,94 do=<Construct Nether Portal> Mining iron for 2nd bucket at lava eq=water_bucket woodpick=1 stonepick=1 pick=1 iron=1 buck=1
[m[34m[02:04:57][m [32m[main/INFO][m [36m(Minecraft)[m [0m[CHAT] §2§l§o[TenorClef] §rT2 [NOW] t=6:58.2 ph=PORTAL @-257,62,94 do=<Construct Nether Portal> Mining iron for 2nd bucket at lava eq=water_bucket woodpick=1 stonepick=1 pick=1 iron=1 buck=1
[m[34m[02:04:58][m [32m[main/INFO][m [36m(Minecraft)[m [0m[CHAT] §2§l§o[TenorClef] §rT2 [NOW] t=6:59.2 ph=PORTAL @-258,64,95 do=<Construct Nether Portal> Mining iron for 2nd bucket at lava eq=water_bucket woodpick=1 stonepick=1 pick=1 iron=1 buck=1
[m[34m[02:04:59][m [32m[main/INFO][m [36m(Minecraft)[m [0m[CHAT] §2§l§o[TenorClef] §rT2 [NOW] t=7:00.2 ph=PORTAL @-257,64,98 do=<Construct Nether Portal> Mining iron for 2nd bucket at lava eq=water_bucket woodpick=1 stonepick=1 pick=1 iron=1 buck=1
[m[34m[02:04:59][m [32m[main/INFO][m [36m(Minecraft)[m [0m[CHAT] §2§l§o[TenorClef] §rT2 [HIST] 7:00.2 SNAP ph=PORTAL @-257,64,98 sky=15 wet=false ground=true pick=1 buck=1 iron=1 ore=2 rods=0 pearls=0 eyes=0 child=ConstructNetherPortalBucketTask dbg=<Construct Nether Portal> Mining iron for 2nd bucket at lava mobs=none
[m[34m[02:05:00][m [32m[main/INFO][m [36m(Minecraft)[m [0m[CHAT] §2§l§o[TenorClef] §rT2 [NOW] t=7:01.2 ph=PORTAL @-256,65,100 do=<Construct Nether Portal> Mining iron for 2nd bucket at lava eq=water_bucket woodpick=1 stonepick=1 pick=1 iron=1 buck=1
[m[34m[02:05:01][m [32m[main/INFO][m [36m(Minecraft)[m [0m[CHAT] §2§l§o[TenorClef] §rT2 [NOW] t=7:02.2 ph=PORTAL @-255,67,99 do=<Construct Nether Portal> Mining iron for 2nd bucket at lava eq=water_bucket woodpick=1 stonepick=1 pick=1 iron=1 buck=1
[m[34m[02:05:02][m [32m[main/INFO][m [36m(Minecraft)[m [0m[CHAT] §2§l§o[TenorClef] §rT2 [NOW] t=7:03.2 ph=PORTAL @-252,69,99 do=<Construct Nether Portal> Mining iron for 2nd bucket at lava eq=water_bucket woodpick=1 stonepick=1 pick=1 iron=1 buck=1
[m[34m[02:05:03][m [32m[main/INFO][m [36m(Minecraft)[m [0m[CHAT] §2§l§o[TenorClef] §rDuct tape: Refreshing inventory again just in case
[m[34m[02:05:03][m [32m[main/INFO][m [36m(Minecraft)[m [0m[CHAT] §2§l§o[TenorClef] §rT2 [NOW] t=7:04.2 ph=PORTAL @-250,71,98 do=<Construct Nether Portal> Mining iron for 2nd bucket at lava eq=water_bucket woodpick=1 stonepick=1 pick=1 iron=1 buck=1
[m[34m[02:05:04][m [32m[main/INFO][m [36m(Minecraft)[m [0m[CHAT] §2§l§o[TenorClef] §rT2 [NOW] t=7:05.2 ph=PORTAL @-246,72,96 do=<Construct Nether Portal> Mining iron for 2nd bucket at lava eq=water_bucket woodpick=1 stonepick=1 pick=1 iron=1 buck=1
[m[34m[02:05:04][m [32m[main/INFO][m [36m(Minecraft)[m [0m[CHAT] §2§l§o[TenorClef] §rT2 [HIST] 7:05.2 SNAP ph=PORTAL @-246,72,96 sky=15 wet=false ground=false pick=1 buck=1 iron=1 ore=2 rods=0 pearls=0 eyes=0 child=ConstructNetherPortalBucketTask dbg=<Construct Nether Portal> Mining iron for 2nd bucket at lava mobs=none
[m[34m[02:05:05][m [32m[main/INFO][m [36m(Minecraft)[m [0m[CHAT] §2§l§o[TenorClef] §rT2 [NOW] t=7:06.2 ph=PORTAL @-244,74,96 do=<Construct Nether Portal> Mining iron for 2nd bucket at lava eq=water_bucket woodpick=1 stonepick=1 pick=1 iron=1 buck=1
[m[34m[02:05:06][m [32m[main/INFO][m [36m(Minecraft)[m [0m[CHAT] §2§l§o[TenorClef] §rT2 [NOW] t=7:07.2 ph=PORTAL @-243,76,96 do=<Construct Nether Portal> Mining iron for 2nd bucket at lava eq=air woodpick=1 stonepick=1 pick=1 iron=1 buck=1
[m[34m[02:05:07][m [32m[main/INFO][m [36m(Minecraft)[m [0m[CHAT] §2§l§o[TenorClef] §rT2 [NOW] t=7:08.2 ph=PORTAL @-243,76,96 do=<Construct Nether Portal> Mining iron for 2nd bucket at lava eq=air woodpick=1 stonepick=1 pick=1 iron=1 buck=1
[m[34m[02:05:08][m [32m[main/INFO][m [36m(Minecraft)[m [0m[CHAT] §2§l§o[TenorClef] §rT2 [NOW] t=7:09.2 ph=PORTAL @-243,76,96 do=<Construct Nether Portal> Mining iron for 2nd bucket at lava eq=air woodpick=1 stonepick=1 pick=1 iron=1 buck=1
[m[34m[02:05:09][m [32m[main/INFO][m [36m(Minecraft)[m [0m[CHAT] §2§l§o[TenorClef] §rT2 [NOW] t=7:10.2 ph=PORTAL @-243,76,96 do=<Construct Nether Portal> Mining iron for 2nd bucket at lava eq=air woodpick=1 stonepick=1 pick=1 iron=1 buck=1
[m[34m[02:05:09][m [32m[main/INFO][m [36m(Minecraft)[m [0m[CHAT] §2§l§o[TenorClef] §rT2 [HIST] 7:10.2 SNAP ph=PORTAL @-243,76,96 sky=15 wet=false ground=true pick=1 buck=1 iron=1 ore=2 rods=0 pearls=0 eyes=0 child=ConstructNetherPortalBucketTask dbg=<Construct Nether Portal> Mining iron for 2nd bucket at lava mobs=none
[m[34m[02:05:10][m [32m[main/INFO][m [36m(Minecraft)[m [0m[CHAT] §2§l§o[TenorClef] §rT2 [NOW] t=7:11.2 ph=PORTAL @-243,76,96 do=<Construct Nether Portal> Mining iron for 2nd bucket at lava eq=air woodpick=1 stonepick=1 pick=1 iron=1 buck=1
[m[34m[02:05:11][m [32m[main/INFO][m [36m(Minecraft)[m [0m[STDOUT]: ALTO CLEF: WARNING: T2 [S134] pillar cool expire after jump-pit flips=6 end=risen y=62 startY=59
[m[34m[02:05:11][m [32m[main/INFO][m [36m(Minecraft)[m [0m[CHAT] §2§l§o[TenorClef] §cT2 [S134] pillar cool expire after jump-pit flips=6 end=risen y=62 startY=59§r
[m[34m[02:05:11][m [32m[main/INFO][m [36m(Minecraft)[m [0m[CHAT] §2§l§o[TenorClef] §rT2 [HIST] 7:11.6 FORCE S134 pillar cool expire after jump-pit flips=6 end=risen y=62 startY=59
[m[34m[02:05:11][m [32m[main/INFO][m [36m(Minecraft)[m [0m[STDOUT]: ALTO CLEF: WARNING: T2 [S138] shaft ban clear left-y ban=-255,52,94 now=-243,76,96 manh=14 dy=24 left=60
[m[34m[02:05:11][m [32m[main/INFO][m [36m(Minecraft)[m [0m[CHAT] §2§l§o[TenorClef] §cT2 [S138] shaft ban clear left-y ban=-255,52,94 now=-243,76,96 manh=14 dy=24 left=60§r
[m[34m[02:05:11][m [32m[main/INFO][m [36m(Minecraft)[m [0m[CHAT] §2§l§o[TenorClef] §rT2 [HIST] 7:11.6 FORCE S138 shaft ban clear left-y ban=-255,52,94 now=-243,76,96 manh=14 dy=24 left=60
[m[34m[02:05:11][m [32m[main/INFO][m [36m(Minecraft)[m [0m[CHAT] §2§l§o[TenorClef] §rConstruct: need iron for 2nd bucket (iron=1 empty=0 water=1 lava=0)
[m[34m[02:05:11][m [32m[main/INFO][m [36m(Minecraft)[m [0m[CHAT] §2§l§o[TenorClef] §rT2 [NOW] t=7:12.2 ph=PORTAL @-243,76,96 do=<Construct Nether Portal> Mining iron for 2nd bucket at lava eq=air woodpick=1 stonepick=1 pick=1 iron=1 buck=1
[m[34m[02:05:12][m [32m[main/INFO][m [36m(Minecraft)[m [0m[CHAT] §2§l§o[TenorClef] §rT2 [NOW] t=7:13.2 ph=PORTAL @-243,76,96 do=<Construct Nether Portal> Mining iron for 2nd bucket at lava eq=air woodpick=1 stonepick=1 pick=1 iron=1 buck=1
[m[34m[02:05:13][m [32m[main/INFO][m [36m(Minecraft)[m [0m[CHAT] §2§l§o[TenorClef] §rT2 [NOW] t=7:14.2 ph=PORTAL @-243,76,96 do=<Construct Nether Portal> Mining iron for 2nd bucket at lava eq=air woodpick=1 stonepick=1 pick=1 iron=1 buck=1
[m[34m[02:05:14][m [32m[main/INFO][m [36m(Minecraft)[m [0m[CHAT] §2§l§o[TenorClef] §rT2 [NOW] t=7:15.2 ph=PORTAL @-243,76,96 do=<Construct Nether Portal> Mining iron for 2nd bucket at lava eq=air woodpick=1 stonepick=1 pick=1 iron=1 buck=1
[m[34m[02:05:14][m [32m[main/INFO][m [36m(Minecraft)[m [0m[CHAT] §2§l§o[TenorClef] §rT2 [HIST] 7:15.2 SNAP ph=PORTAL @-243,76,96 sky=15 wet=false ground=true pick=1 buck=1 iron=1 ore=2 rods=0 pearls=0 eyes=0 child=ConstructNetherPortalBucketTask dbg=<Construct Nether Portal> Mining iron for 2nd bucket at lava mobs=none
[m[34m[02:05:15][m [32m[main/INFO][m [36m(Minecraft)[m [0m[CHAT] §2§l§o[TenorClef] §rT2 [NOW] t=7:16.2 ph=PORTAL @-243,76,96 do=<Construct Nether Portal> Mining iron for 2nd bucket at lava eq=air woodpick=1 stonepick=1 pick=1 iron=1 buck=1
[m[34m[02:05:16][m [32m[main/INFO][m [36m(Minecraft)[m [0m[CHAT] §2§l§o[TenorClef] §rT2 [NOW] t=7:17.2 ph=PORTAL @-243,76,96 do=<Construct Nether Portal> Mining iron for 2nd bucket at lava eq=air woodpick=1 stonepick=1 pick=1 iron=1 buck=1
[m[34m[02:05:17][m [32m[main/INFO][m [36m(Minecraft)[m [0m[CHAT] §2§l§o[TenorClef] §rT2 [NOW] t=7:18.2 ph=PORTAL @-243,76,96 do=<Construct Nether Portal> Mining iron for 2nd bucket at lava eq=air woodpick=1 stonepick=1 pick=1 iron=2 buck=1
[m[34m[02:05:18][m [32m[main/INFO][m [36m(Minecraft)[m [0m[STDOUT]: ALTO CLEF: WARNING: T2 [E62] portal jump-place @-243,76,96
[m[34m[02:05:18][m [32m[main/INFO][m [36m(Minecraft)[m [0m[CHAT] §2§l§o[TenorClef] §cT2 [E62] portal jump-place @-243,76,96§r
[m[34m[02:05:18][m [32m[main/INFO][m [36m(Minecraft)[m [0m[CHAT] §2§l§o[TenorClef] §rT2 [NOW] t=7:19.2 ph=PORTAL @-242,76,94 do=<Construct Nether Portal> Mining iron for 2nd bucket at lava eq=air woodpick=1 stonepick=1 pick=1 iron=2 buck=1
[m[34m[02:05:19][m [32m[main/INFO][m [36m(Minecraft)[m [0m[CHAT] §2§l§o[TenorClef] §rT2 [NOW] t=7:20.2 ph=PORTAL @-241,76,92 do=<Construct Nether Portal> Mining iron for 2nd bucket at lava eq=air woodpick=1 stonepick=1 pick=1 iron=2 buck=1
[m[34m[02:05:19][m [32m[main/INFO][m [36m(Minecraft)[m [0m[CHAT] §2§l§o[TenorClef] §rT2 [HIST] 7:20.2 SNAP ph=PORTAL @-241,76,92 sky=15 wet=false ground=true pick=1 buck=1 iron=2 ore=1 rods=0 pearls=0 eyes=0 child=ConstructNetherPortalBucketTask dbg=<Construct Nether Portal> Mining iron for 2nd bucket at lava mobs=none
[m[34m[02:05:20][m [32m[main/INFO][m [36m(Minecraft)[m [0m[CHAT] §2§l§o[TenorClef] §rT2 [NOW] t=7:21.2 ph=PORTAL @-241,76,92 do=<Construct Nether Portal> Mining iron for 2nd bucket at lava eq=air woodpick=1 stonepick=1 pick=1 iron=2 buck=1
[m[34m[02:05:21][m [32m[main/INFO][m [36m(Minecraft)[m [0m[CHAT] §2§l§o[TenorClef] §rT2 [NOW] t=7:22.2 ph=PORTAL @-241,76,92 do=<Construct Nether Portal> Mining iron for 2nd bucket at lava eq=air woodpick=1 stonepick=1 pick=1 iron=2 buck=1
[m[34m[02:05:22][m [32m[main/INFO][m [36m(Minecraft)[m [0m[CHAT] §2§l§o[TenorClef] §rT2 [NOW] t=7:23.2 ph=PORTAL @-241,76,92 do=<Construct Nether Portal> Mining iron for 2nd bucket at lava eq=air woodpick=1 stonepick=1 pick=1 iron=2 buck=1
[m[34m[02:05:23][m [32m[main/INFO][m [36m(Minecraft)[m [0m[CHAT] §2§l§o[TenorClef] §rT2 [NOW] t=7:24.2 ph=PORTAL @-241,76,92 do=<Construct Nether Portal> Mining iron for 2nd bucket at lava eq=air woodpick=1 stonepick=1 pick=1 iron=2 buck=1
[m[34m[02:05:24][m [32m[main/INFO][m [36m(Minecraft)[m [0m[CHAT] §2§l§o[TenorClef] §rT2 [NOW] t=7:25.2 ph=PORTAL @-241,76,92 do=<Construct Nether Portal> Mining iron for 2nd bucket at lava eq=air woodpick=1 stonepick=1 pick=1 iron=2 buck=1
[m[34m[02:05:24][m [32m[main/INFO][m [36m(Minecraft)[m [0m[CHAT] §2§l§o[TenorClef] §rT2 [HIST] 7:25.2 SNAP ph=PORTAL @-241,76,92 sky=15 wet=false ground=true pick=1 buck=1 iron=2 ore=1 rods=0 pearls=0 eyes=0 child=ConstructNetherPortalBucketTask dbg=<Construct Nether Portal> Mining iron for 2nd bucket at lava mobs=none
[m[34m[02:05:25][m [32m[main/INFO][m [36m(Minecraft)[m [0m[CHAT] §2§l§o[TenorClef] §rT2 [NOW] t=7:26.2 ph=PORTAL @-241,76,92 do=<Construct Nether Portal> Mining iron for 2nd bucket at lava eq=air woodpick=1 stonepick=1 pick=1 iron=2 buck=1
[m[34m[02:05:26][m [32m[main/INFO][m [36m(Minecraft)[m [0m[CHAT] §2§l§o[TenorClef] §rConstruct: need iron for 2nd bucket (iron=2 empty=0 water=1 lava=0)
[m[34m[02:05:26][m [32m[main/INFO][m [36m(Minecraft)[m [0m[CHAT] §2§l§o[TenorClef] §rT2 [NOW] t=7:27.2 ph=PORTAL @-241,76,92 do=<Construct Nether Portal> Mining iron for 2nd bucket at lava eq=air woodpick=1 stonepick=1 pick=1 iron=2 buck=1
[m[34m[02:05:27][m [32m[main/INFO][m [36m(Minecraft)[m [0m[CHAT] §2§l§o[TenorClef] §rT2 [NOW] t=7:28.2 ph=PORTAL @-241,76,92 do=<Construct Nether Portal> Collecting lava eq=air woodpick=1 stonepick=1 pick=1 iron=3 buck=1
[m[34m[02:05:27][m [32m[main/INFO][m [36m(Minecraft)[m [0m[CHAT] §2§l§o[TenorClef] §rRefreshed inventory...
[m[34m[02:05:27][m [32m[main/INFO][m [36m(Minecraft)[m [0m[STDOUT]: ALTO CLEF: WARNING: T2 [S120] craft-gui jump @-241,76,92 age=0s child=ConstructNetherPortalBucketTask
[m[34m[02:05:27][m [32m[main/INFO][m [36m(Minecraft)[m [0m[CHAT] §2§l§o[TenorClef] §cT2 [S120] craft-gui jump @-241,76,92 age=0s child=ConstructNetherPortalBucketTask§r
[m[34m[02:05:27][m [32m[main/INFO][m [36m(Minecraft)[m [0m[CHAT] §2§l§o[TenorClef] §rT2 [HIST] 7:28.5 SOLVE S120 craft-gui jump @-241,76,92 age=0s child=ConstructNetherPortalBucketTask
[m[34m[02:05:28][m [32m[main/INFO][m [36m(Minecraft)[m [0m[CHAT] §2§l§o[TenorClef] §rT2 [NOW] t=7:29.2 ph=PORTAL @-241,76,93 do=<Construct Nether Portal> Collecting lava eq=bucket woodpick=1 stonepick=1 pick=1 iron=0 buck=1
[m[34m[02:05:29][m [32m[pool-5-thread-4/INFO][m [36m(Minecraft)[m [0m[STDOUT]: 480128 movements considered
[m[34m[02:05:29][m [32m[pool-5-thread-4/INFO][m [36m(Minecraft)[m [0m[STDOUT]: Open set size: 7959
[m[34m[02:05:29][m [32m[pool-5-thread-4/INFO][m [36m(Minecraft)[m [0m[STDOUT]: PathNode map size: 29783
[m[34m[02:05:29][m [32m[pool-5-thread-4/INFO][m [36m(Minecraft)[m [0m[STDOUT]: 43560 nodes per second
[m[34m[02:05:29][m [32m[pool-5-thread-4/INFO][m [36m(Minecraft)[m [0m[STDOUT]: Path goes for 16.30950643030009 blocks
[m[34m[02:05:29][m [32m[main/INFO][m [36m(Minecraft)[m [0m[CHAT] §2§l§o[TenorClef] §rT2 [NOW] t=7:30.2 ph=PORTAL @-242,76,95 do=<Construct Nether Portal> Collecting lava eq=bucket woodpick=1 stonepick=1 pick=1 iron=0 buck=1
[m[34m[02:05:29][m [32m[main/INFO][m [36m(Minecraft)[m [0m[CHAT] §2§l§o[TenorClef] §rT2 [HIST] 7:30.2 SNAP ph=PORTAL @-242,76,95 sky=15 wet=false ground=true pick=1 buck=2 iron=0 ore=0 rods=0 pearls=0 eyes=0 child=ConstructNetherPortalBucketTask dbg=<Construct Nether Portal> Collecting lava mobs=none
[m[34m[02:05:30][m [32m[main/INFO][m [36m(Minecraft)[m [0m[STDOUT]: ALTO CLEF: WARNING: T2 [S152] onStop interrupt=null dead=false ph=PORTAL y=72.7 -> session preserved
[m[34m[02:05:30][m [32m[main/INFO][m [36m(Minecraft)[m [0m[CHAT] §2§l§o[TenorClef] §cT2 [S152] onStop interrupt=null dead=false ph=PORTAL y=72.7 -> session preserved§r
[m[34m[02:05:30][m [32m[main/INFO][m [36m(Minecraft)[m [0m[CHAT] §2§l§o[TenorClef] §r(NEW clutch target: Mutable{x=-243, y=59, z=96})
[m[34m[02:05:30][m [32m[main/INFO][m [36m(Minecraft)[m [0m[CHAT] §2§l§o[TenorClef] §r(changed clutch target: Mutable{x=-244, y=71, z=97})
[m[34m[02:05:31][m [32m[main/INFO][m [36m(Minecraft)[m [0m[CHAT] §2§l§o[TenorClef] §rHIT: BlockPos{x=-243, y=60, z=97}
[m[34m[02:05:31][m [32m[main/INFO][m [36m(Minecraft)[m [0mLoaded 170 advancements
[m[34m[02:05:31][m [32m[main/INFO][m [36m(Minecraft)[m [0m[STDOUT]: ALTO CLEF: WARNING: T2 [S154] falling with no clutch item - MLG chain stays inactive
[m[34m[02:05:31][m [32m[main/INFO][m [36m(Minecraft)[m [0m[CHAT] §2§l§o[TenorClef] §cT2 [S154] falling with no clutch item - MLG chain stays inactive§r
[m[34m[02:05:31][m [32m[main/INFO][m [36m(Minecraft)[m [0m[STDOUT]: ALTO CLEF: WARNING: T2 [E80] parent onStart ignored, still ph=PORTAL t=7:31.7
[m[34m[02:05:31][m [32m[main/INFO][m [36m(Minecraft)[m [0m[CHAT] §2§l§o[TenorClef] §cT2 [E80] parent onStart ignored, still ph=PORTAL t=7:31.7§r
[m[34m[02:05:31][m [32m[main/INFO][m [36m(Minecraft)[m [0m[CHAT] §2§l§o[TenorClef] §rT2 [HIST] 7:31.7 onStart swallowed — keep PORTAL
[m[34m[02:05:31][m [32m[main/INFO][m [36m(Minecraft)[m [0m[STDOUT]: ALTO CLEF: WARNING: T2 [E116] drop 15 from 76 to 61 ph=PORTAL
[m[34m[02:05:31][m [32m[main/INFO][m [36m(Minecraft)[m [0m[CHAT] §2§l§o[TenorClef] §cT2 [E116] drop 15 from 76 to 61 ph=PORTAL§r
[m[34m[02:05:31][m [32m[main/INFO][m [36m(Minecraft)[m [0m[CHAT] §2§l§o[TenorClef] §rT2 [HIST] 7:31.7 [E116] drop 15 from 76 to 61 ph=PORTAL
[m[34m[02:05:31][m [32m[main/INFO][m [36m(Minecraft)[m [0m[CHAT] §2§l§o[TenorClef] §rT2 [NOW] t=7:31.8 ph=PORTAL @-243,60,97 do=<Construct Nether Portal> Collecting lava eq=cobblestone woodpick=1 stonepick=1 pick=1 iron=0 buck=0
[m[34m[02:05:32][m [32m[main/INFO][m [36m(Minecraft)[m [0m[CHAT] §2§l§o[TenorClef] §rT2 [NOW] t=7:32.8 ph=PORTAL @-243,60,97 do=<Construct Nether Portal> Collecting lava eq=cobblestone woodpick=1 stonepick=1 pick=1 iron=0 buck=0
[m[34m[02:05:33][m [32m[pool-5-thread-4/INFO][m [36m(Minecraft)[m [0m[STDOUT]: 439296 movements considered
[m[34m[02:05:33][m [32m[pool-5-thread-4/INFO][m [36m(Minecraft)[m [0m[STDOUT]: Open set size: 7310
[m[34m[02:05:33][m [32m[pool-5-thread-4/INFO][m [36m(Minecraft)[m [0m[STDOUT]: PathNode map size: 27277
[m[34m[02:05:33][m [32m[pool-5-thread-4/INFO][m [36m(Minecraft)[m [0m[STDOUT]: 39856 nodes per second
[m[34m[02:05:33][m [32m[pool-5-thread-4/INFO][m [36m(Minecraft)[m [0m[STDOUT]: Warning: cost coefficient is greater than three! Probably means that
[m[34m[02:05:33][m [32m[pool-5-thread-4/INFO][m [36m(Minecraft)[m [0m[STDOUT]: the path I found is pretty terrible (like sneak-bridging for dozens of blocks)
[m[34m[02:05:33][m [32m[pool-5-thread-4/INFO][m [36m(Minecraft)[m [0m[STDOUT]: But I'm going to do it anyway, because yolo
[m[34m[02:05:33][m [32m[pool-5-thread-4/INFO][m [36m(Minecraft)[m [0m[STDOUT]: Path goes for 5.196152422706632 blocks
[m[34m[02:05:33][m [32m[main/INFO][m [36m(Minecraft)[m [0m[CHAT] §2§l§o[TenorClef] §rT2 [NOW] t=7:33.8 ph=PORTAL @-243,60,96 do=<Construct Nether Portal> Collecting lava eq=iron_pickaxe woodpick=1 stonepick=1 pick=1 iron=0 buck=0
[m[34m[02:05:34][m [32m[main/INFO][m [36m(Minecraft)[m [0m[CHAT] §2§l§o[TenorClef] §rT2 [NOW] t=7:34.8 ph=PORTAL @-243,59,96 do=<Construct Nether Portal> Collecting lava eq=iron_pickaxe woodpick=1 stonepick=1 pick=1 iron=0 buck=0
[m[34m[02:05:35][m [32m[main/INFO][m [36m(Minecraft)[m [0m[CHAT] §2§l§o[TenorClef] §rT2 [NOW] t=7:35.8 ph=PORTAL @-243,59,96 do=<Construct Nether Portal> Collecting lava eq=iron_pickaxe woodpick=1 stonepick=1 pick=1 iron=0 buck=0
[m[34m[02:05:35][m [32m[main/INFO][m [36m(Minecraft)[m [0m[CHAT] §2§l§o[TenorClef] §rT2 [HIST] 7:35.8 SNAP ph=PORTAL @-243,59,96 sky=9 wet=false ground=true pick=1 buck=2 iron=0 ore=0 rods=0 pearls=0 eyes=0 child=ConstructNetherPortalBucketTask dbg=<Construct Nether Portal> Collecting lava mobs=none
[m[34m[02:05:36][m [32m[main/INFO][m [36m(Minecraft)[m [0m[CHAT] §2§l§o[TenorClef] §rT2 [NOW] t=7:36.8 ph=PORTAL @-242,56,96 do=<Construct Nether Portal> Collecting lava eq=iron_pickaxe woodpick=1 stonepick=1 pick=1 iron=0 buck=0
[m[34m[02:05:36][m [32m[main/INFO][m [36m(Minecraft)[m [0m[STDOUT]: ALTO CLEF: WARNING: T2 [S158] shaft-hop area ban lifted @-255,94 r=14 esc=1
[m[34m[02:05:36][m [32m[main/INFO][m [36m(Minecraft)[m [0m[CHAT] §2§l§o[TenorClef] §cT2 [S158] shaft-hop area ban lifted @-255,94 r=14 esc=1§r
[m[34m[02:05:36][m [32m[main/INFO][m [36m(Minecraft)[m [0m[CHAT] §2§l§o[TenorClef] §rT2 [HIST] 7:37.1 FORCE S158 shaft-hop area ban lifted @-255,94 r=14 esc=1
[m[34m[02:05:37][m [32m[main/INFO][m [36m(Minecraft)[m [0m[CHAT] §2§l§o[TenorClef] §rT2 [NOW] t=7:37.8 ph=PORTAL @-240,59,96 do=<Construct Nether Portal> Collecting lava eq=iron_pickaxe woodpick=1 stonepick=1 pick=1 iron=0 buck=0
[m[34m[02:05:38][m [32m[main/INFO][m [36m(Minecraft)[m [0m[CHAT] §2§l§o[TenorClef] §rT2 [NOW] t=7:38.8 ph=PORTAL @-239,60,94 do=<Construct Nether Portal> Collecting lava eq=iron_pickaxe woodpick=1 stonepick=1 pick=1 iron=0 buck=0
[m[34m[02:05:39][m [32m[main/INFO][m [36m(Minecraft)[m [0m[CHAT] §2§l§o[TenorClef] §rT2 [NOW] t=7:39.8 ph=PORTAL @-240,61,91 do=<Construct Nether Portal> Collecting lava eq=iron_pickaxe woodpick=1 stonepick=1 pick=1 iron=0 buck=0
[m[34m[02:05:39][m [32m[pool-5-thread-4/INFO][m [36m(Minecraft)[m [0m[STDOUT]: 495616 movements considered
[m[34m[02:05:39][m [32m[pool-5-thread-4/INFO][m [36m(Minecraft)[m [0m[STDOUT]: Open set size: 7372
[m[34m[02:05:39][m [32m[pool-5-thread-4/INFO][m [36m(Minecraft)[m [0m[STDOUT]: PathNode map size: 29900
[m[34m[02:05:39][m [32m[pool-5-thread-4/INFO][m [36m(Minecraft)[m [0m[STDOUT]: 44966 nodes per second
[m[34m[02:05:39][m [32m[pool-5-thread-4/INFO][m [36m(Minecraft)[m [0m[STDOUT]: Path goes for 31.400636936215164 blocks
[m[34m[02:05:40][m [32m[main/INFO][m [36m(Minecraft)[m [0m[CHAT] §2§l§o[TenorClef] §rT2 [NOW] t=7:40.8 ph=PORTAL @-240,60,89 do=<Construct Nether Portal> Collecting lava eq=iron_pickaxe woodpick=1 stonepick=1 pick=1 iron=0 buck=0
[m[34m[02:05:40][m [32m[main/INFO][m [36m(Minecraft)[m [0m[CHAT] §2§l§o[TenorClef] §rT2 [HIST] 7:40.8 SNAP ph=PORTAL @-240,60,89 sky=0 wet=false ground=false pick=1 buck=2 iron=0 ore=0 rods=0 pearls=0 eyes=0 child=ConstructNetherPortalBucketTask dbg=<Construct Nether Portal> Collecting lava mobs=none
[m[34m[02:05:40][m [32m[pool-5-thread-4/INFO][m [36m(Minecraft)[m [0m[STDOUT]: 547712 movements considered
[m[34m[02:05:40][m [32m[pool-5-thread-4/INFO][m [36m(Minecraft)[m [0m[STDOUT]: Open set size: 8712
[m[34m[02:05:40][m [32m[pool-5-thread-4/INFO][m [36m(Minecraft)[m [0m[STDOUT]: PathNode map size: 33608
[m[34m[02:05:40][m [32m[pool-5-thread-4/INFO][m [36m(Minecraft)[m [0m[STDOUT]: 49792 nodes per second
[m[34m[02:05:40][m [32m[pool-5-thread-4/INFO][m [36m(Minecraft)[m [0m[STDOUT]: Path goes for 11.704699910719626 blocks
[m[34m[02:05:41][m [32m[main/INFO][m [36m(Minecraft)[m [0m[CHAT] §2§l§o[TenorClef] §rT2 [NOW] t=7:41.8 ph=PORTAL @-241,59,86 do=<Construct Nether Portal> Collecting lava eq=iron_pickaxe woodpick=1 stonepick=1 pick=1 iron=0 buck=0
[m[34m[02:05:42][m [32m[main/INFO][m [36m(Minecraft)[m [0m[CHAT] §2§l§o[TenorClef] §rDuct tape: Refreshing inventory again just in case
[m[34m[02:05:42][m [32m[main/INFO][m [36m(Minecraft)[m [0m[CHAT] §2§l§o[TenorClef] §rT2 [NOW] t=7:42.8 ph=PORTAL @-242,59,83 do=<Construct Nether Portal> Collecting lava eq=iron_pickaxe woodpick=1 stonepick=1 pick=1 iron=0 buck=0
[m[34m[02:05:42][m [32m[pool-5-thread-4/INFO][m [36m(Minecraft)[m [0m[STDOUT]: 485760 movements considered
[m[34m[02:05:42][m [32m[pool-5-thread-4/INFO][m [36m(Minecraft)[m [0m[STDOUT]: Open set size: 8210
[m[34m[02:05:42][m [32m[pool-5-thread-4/INFO][m [36m(Minecraft)[m [0m[STDOUT]: PathNode map size: 30290
[m[34m[02:05:42][m [32m[pool-5-thread-4/INFO][m [36m(Minecraft)[m [0m[STDOUT]: 44160 nodes per second
[m[34m[02:05:42][m [32m[pool-5-thread-4/INFO][m [36m(Minecraft)[m [0m[STDOUT]: Path goes for 21.118712081942874 blocks
[m[34m[02:05:43][m [32m[main/INFO][m [36m(Minecraft)[m [0m[CHAT] §2§l§o[TenorClef] §rT2 [NOW] t=7:43.8 ph=PORTAL @-242,56,82 do=<Construct Nether Portal> Collecting lava eq=iron_pickaxe woodpick=1 stonepick=1 pick=1 iron=0 buck=0
[m[34m[02:05:44][m [32m[main/INFO][m [36m(Minecraft)[m [0m[CHAT] §2§l§o[TenorClef] §rT2 [NOW] t=7:44.8 ph=PORTAL @-241,55,81 do=<Construct Nether Portal> Collecting lava eq=iron_pickaxe woodpick=1 stonepick=1 pick=1 iron=0 buck=0
[m[34m[02:05:44][m [32m[pool-5-thread-4/INFO][m [36m(Minecraft)[m [0m[STDOUT]: 397056 movements considered
[m[34m[02:05:44][m [32m[pool-5-thread-4/INFO][m [36m(Minecraft)[m [0m[STDOUT]: Open set size: 7295
[m[34m[02:05:44][m [32m[pool-5-thread-4/INFO][m [36m(Minecraft)[m [0m[STDOUT]: PathNode map size: 25343
[m[34m[02:05:44][m [32m[pool-5-thread-4/INFO][m [36m(Minecraft)[m [0m[STDOUT]: 36023 nodes per second
[m[34m[02:05:44][m [32m[pool-5-thread-4/INFO][m [36m(Minecraft)[m [0m[STDOUT]: Path goes for 17.0 blocks
[m[34m[02:05:44][m [32m[main/INFO][m [36m(Minecraft)[m [0m[STDOUT]: ALTO CLEF: WARNING: T2 [E116] drop 8 from 61 to 53 ph=PORTAL
[m[34m[02:05:44][m [32m[main/INFO][m [36m(Minecraft)[m [0m[CHAT] §2§l§o[TenorClef] §cT2 [E116] drop 8 from 61 to 53 ph=PORTAL§r
[m[34m[02:05:44][m [32m[main/INFO][m [36m(Minecraft)[m [0m[CHAT] §2§l§o[TenorClef] §rT2 [HIST] 7:45.4 [E116] drop 8 from 61 to 53 ph=PORTAL
[m[34m[02:05:45][m [32m[main/INFO][m [36m(Minecraft)[m [0m[CHAT] §2§l§o[TenorClef] §rT2 [NOW] t=7:45.8 ph=PORTAL @-239,52,81 do=<Construct Nether Portal> Collecting lava eq=iron_pickaxe woodpick=1 stonepick=1 pick=1 iron=0 buck=0
[m[34m[02:05:45][m [32m[main/INFO][m [36m(Minecraft)[m [0m[CHAT] §2§l§o[TenorClef] §rT2 [HIST] 7:45.8 SNAP ph=PORTAL @-239,52,81 sky=0 wet=false ground=false pick=1 buck=2 iron=0 ore=0 rods=0 pearls=0 eyes=0 child=ConstructNetherPortalBucketTask dbg=<Construct Nether Portal> Collecting lava mobs=none
[m[34m[02:05:46][m [32m[main/INFO][m [36m(Minecraft)[m [0m[STDOUT]: ALTO CLEF: WARNING: T2 [S152] onStop interrupt=null dead=false ph=PORTAL y=50.0 -> session preserved
[m[34m[02:05:46][m [32m[main/INFO][m [36m(Minecraft)[m [0m[CHAT] §2§l§o[TenorClef] §cT2 [S152] onStop interrupt=null dead=false ph=PORTAL y=50.0 -> session preserved§r
[m[34m[02:05:46][m [32m[main/INFO][m [36m(Minecraft)[m [0m[STDOUT]: ALTO CLEF: WARNING: T2 [E80] parent onStart ignored, still ph=PORTAL t=7:47.1
[m[34m[02:05:46][m [32m[main/INFO][m [36m(Minecraft)[m [0m[CHAT] §2§l§o[TenorClef] §cT2 [E80] parent onStart ignored, still ph=PORTAL t=7:47.1§r
[m[34m[02:05:46][m [32m[main/INFO][m [36m(Minecraft)[m [0m[CHAT] §2§l§o[TenorClef] §rT2 [HIST] 7:47.1 onStart swallowed — keep PORTAL
[m[34m[02:05:46][m [32m[main/INFO][m [36m(Minecraft)[m [0m[CHAT] §2§l§o[TenorClef] §rT2 [NOW] t=7:47.2 ph=PORTAL @-236,50,80 do=<Construct Nether Portal> Collecting lava eq=iron_pickaxe woodpick=1 stonepick=1 pick=1 iron=0 buck=0
[m[34m[02:05:49][m [32m[T2Deadman/INFO][m [36m(Minecraft)[m [0m[STDOUT]: TENORCLEF: DEADMAN: client tick running 3s — client thread stack, innermost first:
    at knot//net.minecraft.world.chunk.light.LevelPropagator.<init>(LevelPropagator.java:47)
    at knot//net.minecraft.world.chunk.light.ChunkLightProvider.<init>(ChunkLightProvider.java:34)
    at knot//net.minecraft.world.chunk.light.ChunkSkyLightProvider.<init>(ChunkSkyLightProvider.java:19)
    at knot//net.minecraft.world.chunk.light.LightingProvider.<init>(LightingProvider.java:23)
    at knot//net.minecraft.client.world.ClientChunkManager.<init>(ClientChunkManager.java:42)
    at knot//net.minecraft.client.world.ClientChunkManager.createThreadSafeCopy(ClientChunkManager.java:1039)
    at knot//baritone.utils.BlockStateInterface.<init>(BlockStateInterface.java:68)
    at knot//baritone.event.GameEventHandler.onTick(GameEventHandler.java:52)
    at knot//net.minecraft.client.MinecraftClient.handler$zeb000$baritone$runTick(MinecraftClient.java:4857)
    at knot//net.minecraft.client.MinecraftClient.tick(MinecraftClient.java:1498)
    at knot//net.minecraft.client.MinecraftClient.render(MinecraftClient.java:994)
    at knot//net.minecraft.client.MinecraftClient.run(MinecraftClient.java:654)
    at knot//net.minecraft.client.main.Main.main(Main.java:215)
    at net.fabricmc.loader.impl.game.minecraft.MinecraftGameProvider.launch(MinecraftGameProvider.java:480)
    at net.fabricmc.loader.impl.launch.knot.Knot.launch(Knot.java:74)
    at net.fabricmc.loader.impl.launch.knot.KnotClient.main(KnotClient.java:23)
    at net.fabricmc.devlaunchinjector.Main.main(Main.java:86)
[m[34m[02:05:49][m [32m[T2Deadman/INFO][m [36m(Minecraft)[m [0m[STDOUT]: TENORCLEF: HARNESS: DEADMAN: client tick running 3s — client thread stack, innermost first:
    at knot//net.minecraft.world.chunk.light.LevelPropagator.<init>(LevelPropagator.java:47)
    at knot//net.minecraft.world.chunk.light.ChunkLightProvider.<init>(ChunkLightProvider.java:34)
    at knot//net.minecraft.world.chunk.light.ChunkSkyLightProvider.<init>(ChunkSkyLightProvider.java:19)
    at knot//net.minecraft.world.chunk.light.LightingProvider.<init>(LightingProvider.java:23)
    at knot//net.minecraft.client.world.ClientChunkManager.<init>(ClientChunkManager.java:42)
    at knot//net.minecraft.client.world.ClientChunkManager.createThreadSafeCopy(ClientChunkManager.java:1039)
    at knot//baritone.utils.BlockStateInterface.<init>(BlockStateInterface.java:68)
    at knot//baritone.event.GameEventHandler.onTick(GameEventHandler.java:52)
    at knot//net.minecraft.client.MinecraftClient.handler$zeb000$baritone$runTick(MinecraftClient.java:4857)
    at knot//net.minecraft.client.MinecraftClient.tick(MinecraftClient.java:1498)
    at knot//net.minecraft.client.MinecraftClient.render(MinecraftClient.java:994)
    at knot//net.minecraft.client.MinecraftClient.run(MinecraftClient.java:654)
    at knot//net.minecraft.client.main.Main.main(Main.java:215)
    at net.fabricmc.loader.impl.game.minecraft.MinecraftGameProvider.launch(MinecraftGameProvider.java:480)
    at net.fabricmc.loader.impl.launch.knot.Knot.launch(Knot.java:74)
    at net.fabricmc.loader.impl.launch.knot.KnotClient.main(KnotClient.java:23)
    at net.fabricmc.devlaunchinjector.Main.main(Main.java:86)
[m[34m[02:05:49][m [32m[T2Deadman/INFO][m [36m(Minecraft)[m [0m[STDOUT]: ALTO CLEF: WARNING: T2 [S181] DEADMAN: client tick running 3s — client thread stack, innermost first:
    at knot//net.minecraft.world.chunk.light.LevelPropagator.<init>(LevelPropagator.java:47)
    at knot//net.minecraft.world.chunk.light.ChunkLightProvider.<init>(ChunkLightProvider.java:34)
    at knot//net.minecraft.world.chunk.light.ChunkSkyLightProvider.<init>(ChunkSkyLightProvider.java:19)
    at knot//net.minecraft.world.chunk.light.LightingProvider.<init>(LightingProvider.java:23)
    at knot//net.minecraft.client.world.ClientChunkManager.<init>(ClientChunkManager.java:42)
    at knot//net.minecraft.client.world.ClientChunkManager.createThreadSafeCopy(ClientChunkManager.java:1039)
    at knot//baritone.utils.BlockStateInterface.<init>(BlockStateInterface.java:68)
    at knot//baritone.event.GameEventHandler.onTick(GameEventHandler.java:52)
    at knot//net.minecraft.client.MinecraftClient.handler$zeb000$baritone$runTick(MinecraftClient.java:4857)
    at knot//net.minecraft.client.MinecraftClient.tick(MinecraftClient.java:1498)
    at knot//net.minecraft.client.MinecraftClient.render(MinecraftClient.java:994)
    at knot//net.minecraft.client.MinecraftClient.run(MinecraftClient.java:654)
    at knot//net.minecraft.client.main.Main.main(Main.java:215)
    at net.fabricmc.loader.impl.game.minecraft.MinecraftGameProvider.launch(MinecraftGameProvider.java:480)
    at net.fabricmc.loader.impl.launch.knot.Knot.launch(Knot.java:74)
    at net.fabricmc.loader.impl.launch.knot.KnotClient.main(KnotClient.java:23)
    at net.fabricmc.devlaunchinjector.Main.main(Main.java:86)
[m[34m[02:05:49][m [32m[T2Deadman/INFO][m [36m(Minecraft)[m [0m[CHAT] §2§l§o[TenorClef] §cT2 [S181] DEADMAN: client tick running 3s — client thread stack, innermost first:\n    at knot//net.minecraft.world.chunk.light.LevelPropagator.<init>(LevelPropagator.java:47)\n    at knot//net.minecraft.world.chunk.light.ChunkLightProvider.<init>(ChunkLightProvider.java:34)\n    at knot//net.minecraft.world.chunk.light.ChunkSkyLightProvider.<init>(ChunkSkyLightProvider.java:19)\n    at knot//net.minecraft.world.chunk.light.LightingProvider.<init>(LightingProvider.java:23)\n    at knot//net.minecraft.client.world.ClientChunkManager.<init>(ClientChunkManager.java:42)\n    at knot//net.minecraft.client.world.ClientChunkManager.createThreadSafeCopy(ClientChunkManager.java:1039)\n    at knot//baritone.utils.BlockStateInterface.<init>(BlockStateInterface.java:68)\n    at knot//baritone.event.GameEventHandler.onTick(GameEventHandler.java:52)\n    at knot//net.minecraft.client.MinecraftClient.handler$zeb000$baritone$runTick(MinecraftClient.java:4857)\n    at knot//net.minecraft.client.MinecraftClient.tick(MinecraftClient.java:1498)\n    at knot//net.minecraft.client.MinecraftClient.render(MinecraftClient.java:994)\n    at knot//net.minecraft.client.MinecraftClient.run(MinecraftClient.java:654)\n    at knot//net.minecraft.client.main.Main.main(Main.java:215)\n    at net.fabricmc.loader.impl.game.minecraft.MinecraftGameProvider.launch(MinecraftGameProvider.java:480)\n    at net.fabricmc.loader.impl.launch.knot.Knot.launch(Knot.java:74)\n    at net.fabricmc.loader.impl.launch.knot.KnotClient.main(KnotClient.java:23)\n    at net.fabricmc.devlaunchinjector.Main.main(Main.java:86)§r
[m[34m[02:05:49][m [32m[T2Deadman/INFO][m [36m(Minecraft)[m [0m[CHAT] §2§l§o[TenorClef] §rT2 [HIST] 7:50.3 FORCE S181 DEADMAN: client tick running 3s — client thread stack, innermost first:\n    at knot//net.minecraft.world.chunk.light.LevelPropagator.<init>(LevelPropagator.java:47)\n    at knot//net.minecraft.world.chunk.light.ChunkLightProvider.<init>(ChunkLightProvider.java:34)\n    at knot//net.minecraft.world.chunk.light.ChunkSkyLightProvider.<init>(ChunkSkyLightProvider.java:19)\n    at knot//net.minecraft.world.chunk.light.LightingProvider.<init>(LightingProvider.java:23)\n    at knot//net.minecraft.client.world.ClientChunkManager.<init>(ClientChunkManager.java:42)\n    at knot//net.minecraft.client.world.ClientChunkManager.createThreadSafeCopy(ClientChunkManager.java:1039)\n    at knot//baritone.utils.BlockStateInterface.<init>(BlockStateInterface.java:68)\n    at knot//baritone.event.GameEventHandler.onTick(GameEventHandler.java:52)\n    at knot//net.minecraft.client.MinecraftClient.handler$zeb000$baritone$runTick(MinecraftClient.java:4857)\n    at knot//net.minecraft.client.MinecraftClient.tick(MinecraftClient.java:1498)\n    at knot//net.minecraft.client.MinecraftClient.render(MinecraftClient.java:994)\n    at knot//net.minecraft.client.MinecraftClient.run(MinecraftClient.java:654)\n    at knot//net.minecraft.client.main.Main.main(Main.java:215)\n    at net.fabricmc.loader.impl.game.minecraft.MinecraftGameProvider.launch(MinecraftGameProvider.java:480)\n    at net.fabricmc.loader.impl.launch.knot.Knot.launch(Knot.java:74)\n    at net.fabricmc.loader.impl.launch.knot.KnotClient.main(KnotClient.java:23)\n    at net.fabricmc.devlaunchinjector.Main.main(Main.java:86)
[m[34m[02:05:50][m [32m[main/INFO][m [36m(Minecraft)[m [0m[STDOUT]: ALTO CLEF: WARNING: T2 [S175] slow client tick 3801ms — PORTAL @-233,46,80 child=ConstructNetherPortalBucketTask
[m[34m[02:05:50][m [32m[main/INFO][m [36m(Minecraft)[m [0m[CHAT] §2§l§o[TenorClef] §cT2 [S175] slow client tick 3801ms — PORTAL @-233,46,80 child=ConstructNetherPortalBucketTask§r
[m[34m[02:05:51][m [32m[pool-5-thread-4/INFO][m [36m(Minecraft)[m [0m[STDOUT]: 429440 movements considered
[m[34m[02:05:51][m [32m[pool-5-thread-4/INFO][m [36m(Minecraft)[m [0m[STDOUT]: Open set size: 6725
[m[34m[02:05:51][m [32m[pool-5-thread-4/INFO][m [36m(Minecraft)[m [0m[STDOUT]: PathNode map size: 26245
[m[34m[02:05:51][m [32m[pool-5-thread-4/INFO][m [36m(Minecraft)[m [0m[STDOUT]: 38962 nodes per second
[m[34m[02:05:51][m [32m[pool-5-thread-4/INFO][m [36m(Minecraft)[m [0m[STDOUT]: Path goes for 6.164414002968976 blocks
[m[34m[02:05:51][m [32m[main/INFO][m [36m(Minecraft)[m [0m[STDOUT]: ALTO CLEF: WARNING: T2 [E116] drop 8 from 53 to 45 ph=PORTAL
[m[34m[02:05:51][m [32m[main/INFO][m [36m(Minecraft)[m [0m[CHAT] §2§l§o[TenorClef] §cT2 [E116] drop 8 from 53 to 45 ph=PORTAL§r
[m[34m[02:05:51][m [32m[main/INFO][m [36m(Minecraft)[m [0m[CHAT] §2§l§o[TenorClef] §rT2 [HIST] 7:51.7 [E116] drop 8 from 53 to 45 ph=PORTAL
[m[34m[02:05:51][m [32m[main/INFO][m [36m(Minecraft)[m [0m[CHAT] §2§l§o[TenorClef] §rT2 [NOW] t=7:51.9 ph=PORTAL @-233,44,80 do=<Construct Nether Portal> Collecting lava eq=iron_pickaxe woodpick=1 stonepick=1 pick=1 iron=0 buck=0
[m[34m[02:05:52][m [32m[main/INFO][m [36m(Minecraft)[m [0m[CHAT] §2§l§o[TenorClef] §rT2 [NOW] t=7:52.9 ph=PORTAL @-233,40,81 do=<Construct Nether Portal> Collecting lava eq=iron_pickaxe woodpick=1 stonepick=1 pick=1 iron=0 buck=0
[m[34m[02:05:53][m [32m[main/INFO][m [36m(Minecraft)[m [0m[CHAT] §2§l§o[TenorClef] §rT2 [NOW] t=7:53.9 ph=PORTAL @-233,39,81 do=<Construct Nether Portal> Collecting lava eq=iron_pickaxe woodpick=1 stonepick=1 pick=1 iron=0 buck=0
[m[34m[02:05:54][m [32m[main/INFO][m [36m(Minecraft)[m [0m[CHAT] §2§l§o[TenorClef] §rT2 [NOW] t=7:54.9 ph=PORTAL @-233,39,81 do=<Construct Nether Portal> Collecting lava eq=iron_pickaxe woodpick=1 stonepick=1 pick=1 iron=0 buck=0
[m[34m[02:05:54][m [32m[main/INFO][m [36m(Minecraft)[m [0m[CHAT] §2§l§o[TenorClef] §rT2 [HIST] 7:54.9 SNAP ph=PORTAL @-233,39,81 sky=0 wet=false ground=true pick=1 buck=2 iron=0 ore=0 rods=0 pearls=0 eyes=0 child=ConstructNetherPortalBucketTask dbg=<Construct Nether Portal> Collecting lava mobs=none
[m[34m[02:05:55][m [32m[main/INFO][m [36m(Minecraft)[m [0m[CHAT] §2§l§o[TenorClef] §rT2 [NOW] t=7:55.9 ph=PORTAL @-233,39,81 do=<Construct Nether Portal> Collecting lava eq=iron_pickaxe woodpick=1 stonepick=1 pick=1 iron=0 buck=0
[m[34m[02:05:56][m [32m[main/INFO][m [36m(Minecraft)[m [0m[CHAT] §2§l§o[TenorClef] §rT2 [NOW] t=7:56.9 ph=PORTAL @-233,38,80 do=<Construct Nether Portal> Collecting lava eq=iron_pickaxe woodpick=1 stonepick=1 pick=1 iron=0 buck=0
[m[34m[02:05:57][m [32m[main/INFO][m [36m(Minecraft)[m [0m[CHAT] §2§l§o[TenorClef] §rT2 [NOW] t=7:57.9 ph=PORTAL @-233,38,80 do=<Construct Nether Portal> Collecting lava eq=iron_pickaxe woodpick=1 stonepick=1 pick=1 iron=0 buck=0
[m[34m[02:05:58][m [32m[main/INFO][m [36m(Minecraft)[m [0m[CHAT] §2§l§o[TenorClef] §rRefreshed inventory...
[m[34m[02:05:58][m [32m[main/INFO][m [36m(Minecraft)[m [0m[STDOUT]: ALTO CLEF: WARNING: T2 [E116] drop 8 from 45 to 37 ph=PORTAL
[m[34m[02:05:58][m [32m[main/INFO][m [36m(Minecraft)[m [0m[CHAT] §2§l§o[TenorClef] §cT2 [E116] drop 8 from 45 to 37 ph=PORTAL§r
[m[34m[02:05:58][m [32m[main/INFO][m [36m(Minecraft)[m [0m[CHAT] §2§l§o[TenorClef] §rT2 [HIST] 7:58.8 [E116] drop 8 from 45 to 37 ph=PORTAL
[m[34m[02:05:58][m [32m[main/INFO][m [36m(Minecraft)[m [0m[CHAT] §2§l§o[TenorClef] §rT2 [NOW] t=7:58.9 ph=PORTAL @-234,37,80 do=<Construct Nether Portal> Collecting lava eq=iron_pickaxe woodpick=1 stonepick=1 pick=1 iron=0 buck=0
[m[34m[02:05:59][m [32m[main/INFO][m [36m(Minecraft)[m [0m[CHAT] §2§l§o[TenorClef] §rT2 [NOW] t=7:59.9 ph=PORTAL @-234,37,80 do=<Construct Nether Portal> Collecting lava eq=iron_pickaxe woodpick=1 stonepick=1 pick=1 iron=0 buck=0
[m[34m[02:05:59][m [32m[main/INFO][m [36m(Minecraft)[m [0m[CHAT] §2§l§o[TenorClef] §rT2 [HIST] 7:59.9 SNAP ph=PORTAL @-234,37,80 sky=0 wet=false ground=true pick=1 buck=2 iron=0 ore=0 rods=0 pearls=0 eyes=0 child=ConstructNetherPortalBucketTask dbg=<Construct Nether Portal> Collecting lava mobs=none
[m[34m[02:06:00][m [32m[main/INFO][m [36m(Minecraft)[m [0m[CHAT] §2§l§o[TenorClef] §rT2 [NOW] t=8:00.9 ph=PORTAL @-234,37,80 do=<Construct Nether Portal> Collecting lava eq=iron_pickaxe woodpick=1 stonepick=1 pick=1 iron=0 buck=0
[m[34m[02:06:01][m [32m[main/INFO][m [36m(Minecraft)[m [0m[CHAT] §2§l§o[TenorClef] §rT2 [NOW] t=8:01.9 ph=PORTAL @-234,36,79 do=<Construct Nether Portal> Collecting lava eq=iron_pickaxe woodpick=1 stonepick=1 pick=1 iron=0 buck=0
[m[34m[02:06:02][m [32m[main/INFO][m [36m(Minecraft)[m [0m[CHAT] §2§l§o[TenorClef] §rT2 [NOW] t=8:02.9 ph=PORTAL @-234,36,79 do=<Construct Nether Portal> Collecting lava eq=iron_pickaxe woodpick=1 stonepick=1 pick=1 iron=0 buck=0
[m[34m[02:06:03][m [32m[main/INFO][m [36m(Minecraft)[m [0m[CHAT] §2§l§o[TenorClef] §rT2 [NOW] t=8:03.9 ph=PORTAL @-234,35,78 do=<Construct Nether Portal> Collecting lava eq=iron_pickaxe woodpick=1 stonepick=1 pick=1 iron=0 buck=0
[m[34m[02:06:04][m [32m[main/INFO][m [36m(Minecraft)[m [0m[CHAT] §2§l§o[TenorClef] §rT2 [NOW] t=8:04.9 ph=PORTAL @-234,35,78 do=<Construct Nether Portal> Collecting lava eq=iron_pickaxe woodpick=1 stonepick=1 pick=1 iron=0 buck=0
[m[34m[02:06:04][m [32m[main/INFO][m [36m(Minecraft)[m [0m[CHAT] §2§l§o[TenorClef] §rT2 [HIST] 8:04.9 SNAP ph=PORTAL @-234,35,78 sky=0 wet=false ground=true pick=1 buck=2 iron=0 ore=0 rods=0 pearls=0 eyes=0 child=ConstructNetherPortalBucketTask dbg=<Construct Nether Portal> Collecting lava mobs=none
[m[34m[02:06:05][m [32m[main/INFO][m [36m(Minecraft)[m [0m[CHAT] §2§l§o[TenorClef] §rT2 [NOW] t=8:05.9 ph=PORTAL @-234,35,78 do=<Construct Nether Portal> Collecting lava eq=iron_pickaxe woodpick=1 stonepick=1 pick=1 iron=0 buck=0
[m[34m[02:06:06][m [32m[main/INFO][m [36m(Minecraft)[m [0m[CHAT] §2§l§o[TenorClef] §rT2 [NOW] t=8:06.9 ph=PORTAL @-235,34,78 do=<Construct Nether Portal> Collecting lava eq=iron_pickaxe woodpick=1 stonepick=1 pick=1 iron=0 buck=0
[m[34m[02:06:07][m [32m[main/INFO][m [36m(Minecraft)[m [0m[CHAT] §2§l§o[TenorClef] §rT2 [NOW] t=8:07.9 ph=PORTAL @-235,34,78 do=<Construct Nether Portal> Collecting lava eq=iron_pickaxe woodpick=1 stonepick=1 pick=1 iron=0 buck=0
[m[34m[02:06:08][m [32m[main/INFO][m [36m(Minecraft)[m [0m[CHAT] §2§l§o[TenorClef] §rT2 [NOW] t=8:08.9 ph=PORTAL @-235,33,77 do=<Construct Nether Portal> Collecting lava eq=iron_pickaxe woodpick=1 stonepick=1 pick=1 iron=0 buck=0
[m[34m[02:06:09][m [32m[main/INFO][m [36m(Minecraft)[m [0m[CHAT] §2§l§o[TenorClef] §rT2 [NOW] t=8:09.9 ph=PORTAL @-235,33,77 do=<Construct Nether Portal> Collecting lava eq=iron_pickaxe woodpick=1 stonepick=1 pick=1 iron=0 buck=0
[m[34m[02:06:09][m [32m[main/INFO][m [36m(Minecraft)[m [0m[CHAT] §2§l§o[TenorClef] §rT2 [HIST] 8:09.9 SNAP ph=PORTAL @-235,33,77 sky=0 wet=false ground=true pick=1 buck=2 iron=0 ore=0 rods=0 pearls=0 eyes=0 child=ConstructNetherPortalBucketTask dbg=<Construct Nether Portal> Collecting lava mobs=none
[m[34m[02:06:10][m [32m[main/INFO][m [36m(Minecraft)[m [0m[CHAT] §2§l§o[TenorClef] §rT2 [NOW] t=8:10.9 ph=PORTAL @-235,33,77 do=<Construct Nether Portal> Collecting lava eq=iron_pickaxe woodpick=1 stonepick=1 pick=1 iron=0 buck=0
[m[34m[02:06:10][m [32m[main/INFO][m [36m(Minecraft)[m [0m[CHAT] §2§l§o[TenorClef] §rConstruct: hardResetBuildState (portalOrigin cleared)
[m[34m[02:06:10][m [32m[main/INFO][m [36m(Minecraft)[m [0m[STDOUT]: ALTO CLEF: WARNING: T2 [S163] portal dig sank y=38 -> y=33 in the dark @-235,33,77 - site cleared, pillar out and rebuild elsewhere
[m[34m[02:06:10][m [32m[main/INFO][m [36m(Minecraft)[m [0m[CHAT] §2§l§o[TenorClef] §cT2 [S163] portal dig sank y=38 -> y=33 in the dark @-235,33,77 - site cleared, pillar out and rebuild elsewhere§r
[m[34m[02:06:10][m [32m[main/INFO][m [36m(Minecraft)[m [0m[CHAT] §2§l§o[TenorClef] §rT2 [HIST] 8:11.2 FORCE S163 portal dig sank y=38 -> y=33 in the dark @-235,33,77 - site cleared, pillar out and rebuild elsewhere
[m[34m[02:06:10][m [32m[main/INFO][m [36m(Minecraft)[m [0m[STDOUT]: ALTO CLEF: WARNING: T2 [S198] deep bail not boxed - surface bail instead of pillar
[m[34m[02:06:10][m [32m[main/INFO][m [36m(Minecraft)[m [0m[CHAT] §2§l§o[TenorClef] §cT2 [S198] deep bail not boxed - surface bail instead of pillar§r
[m[34m[02:06:11][m [32m[pool-5-thread-4/INFO][m [36m(Minecraft)[m [0m[STDOUT]: 546304 movements considered
[m[34m[02:06:11][m [32m[pool-5-thread-4/INFO][m [36m(Minecraft)[m [0m[STDOUT]: Open set size: 7440
[m[34m[02:06:11][m [32m[pool-5-thread-4/INFO][m [36m(Minecraft)[m [0m[STDOUT]: PathNode map size: 32272
[m[34m[02:06:11][m [32m[pool-5-thread-4/INFO][m [36m(Minecraft)[m [0m[STDOUT]: 49664 nodes per second
[m[34m[02:06:11][m [32m[pool-5-thread-4/INFO][m [36m(Minecraft)[m [0m[STDOUT]: Warning: cost coefficient is greater than three! Probably means that
[m[34m[02:06:11][m [32m[pool-5-thread-4/INFO][m [36m(Minecraft)[m [0m[STDOUT]: the path I found is pretty terrible (like sneak-bridging for dozens of blocks)
[m[34m[02:06:11][m [32m[pool-5-thread-4/INFO][m [36m(Minecraft)[m [0m[STDOUT]: But I'm going to do it anyway, because yolo
[m[34m[02:06:11][m [32m[pool-5-thread-4/INFO][m [36m(Minecraft)[m [0m[STDOUT]: Path goes for 19.519221295943137 blocks
[m[34m[02:06:11][m [32m[main/INFO][m [36m(Minecraft)[m [0m[CHAT] §2§l§o[TenorClef] §rT2 [NOW] t=8:11.9 ph=PORTAL @-235,33,77 do=<Construct Nether Portal> Getting water eq=iron_pickaxe woodpick=1 stonepick=1 pick=1 iron=0 buck=0
[m[34m[02:06:12][m [32m[main/INFO][m [36m(Minecraft)[m [0m[CHAT] §2§l§o[TenorClef] §rT2 [NOW] t=8:12.9 ph=PORTAL @-235,33,77 do=<Construct Nether Portal> Getting water eq=iron_pickaxe woodpick=1 stonepick=1 pick=1 iron=0 buck=0
[m[34m[02:06:13][m [32m[main/INFO][m [36m(Minecraft)[m [0m[CHAT] §2§l§o[TenorClef] §rT2 [NOW] t=8:13.9 ph=PORTAL @-237,33,77 do=<Construct Nether Portal> Getting water eq=iron_pickaxe woodpick=1 stonepick=1 pick=1 iron=0 buck=0
[m[34m[02:06:14][m [32m[main/INFO][m [36m(Minecraft)[m [0m[CHAT] §2§l§o[TenorClef] §rT2 [NOW] t=8:14.9 ph=PORTAL @-238,33,77 do=<Construct Nether Portal> Getting water eq=iron_pickaxe woodpick=1 stonepick=1 pick=1 iron=0 buck=0
[m[34m[02:06:14][m [32m[main/INFO][m [36m(Minecraft)[m [0m[CHAT] §2§l§o[TenorClef] §rT2 [HIST] 8:14.9 SNAP ph=PORTAL @-238,33,77 sky=0 wet=false ground=true pick=1 buck=2 iron=0 ore=0 rods=0 pearls=0 eyes=0 child=ConstructNetherPortalBucketTask dbg=<Construct Nether Portal> Getting water mobs=none
[m[34m[02:06:15][m [32m[main/INFO][m [36m(Minecraft)[m [0m[CHAT] §2§l§o[TenorClef] §rT2 [NOW] t=8:15.9 ph=PORTAL @-238,33,77 do=<Construct Nether Portal> Getting water eq=iron_pickaxe woodpick=1 stonepick=1 pick=1 iron=0 buck=0
[m[34m[02:06:15][m [32m[main/INFO][m [36m(Minecraft)[m [0m[CHAT] §2§l§o[TenorClef] §rT2 [HB] t=8:16.2 ph=PORTAL y=33 child=ConstructNetherPortalBucketTask logs=0 pick=1 woodpick=1
[m[34m[02:06:16][m [32m[main/INFO][m [36m(Minecraft)[m [0m[CHAT] §2§l§o[TenorClef] §rT2 [NOW] t=8:16.9 ph=PORTAL @-239,33,77 do=<Construct Nether Portal> Getting water eq=iron_pickaxe woodpick=1 stonepick=1 pick=1 iron=0 buck=0
[m[34m[02:06:17][m [32m[main/INFO][m [36m(Minecraft)[m [0m[CHAT] §2§l§o[TenorClef] §rT2 [NOW] t=8:17.9 ph=PORTAL @-240,33,77 do=<Construct Nether Portal> Getting water eq=iron_pickaxe woodpick=1 stonepick=1 pick=1 iron=0 buck=0
[m[34m[02:06:18][m [32m[main/INFO][m [36m(Minecraft)[m [0m[CHAT] §2§l§o[TenorClef] §rT2 [NOW] t=8:18.9 ph=PORTAL @-240,33,77 do=<Construct Nether Portal> Getting water eq=iron_pickaxe woodpick=1 stonepick=1 pick=1 iron=0 buck=0
[m[34m[02:06:19][m [32m[main/INFO][m [36m(Minecraft)[m [0m[CHAT] §2§l§o[TenorClef] §rT2 [NOW] t=8:19.9 ph=PORTAL @-241,33,77 do=<Construct Nether Portal> Getting water eq=iron_pickaxe woodpick=1 stonepick=1 pick=1 iron=0 buck=0
[m[34m[02:06:19][m [32m[main/INFO][m [36m(Minecraft)[m [0m[CHAT] §2§l§o[TenorClef] §rT2 [HIST] 8:19.9 SNAP ph=PORTAL @-241,33,77 sky=0 wet=false ground=true pick=1 buck=2 iron=0 ore=0 rods=0 pearls=0 eyes=0 child=ConstructNetherPortalBucketTask dbg=<Construct Nether Portal> Getting water mobs=none
[m[34m[02:06:20][m [32m[main/INFO][m [36m(Minecraft)[m [0m[CHAT] §2§l§o[TenorClef] §rT2 [NOW] t=8:20.9 ph=PORTAL @-242,33,77 do=<Construct Nether Portal> Getting water eq=iron_pickaxe woodpick=1 stonepick=1 pick=1 iron=0 buck=0
[m[34m[02:06:21][m [32m[main/INFO][m [36m(Minecraft)[m [0m[CHAT] §2§l§o[TenorClef] §rT2 [NOW] t=8:21.9 ph=PORTAL @-242,33,77 do=<Construct Nether Portal> Getting water eq=iron_pickaxe woodpick=1 stonepick=1 pick=1 iron=0 buck=0
[m[34m[02:06:22][m [32m[main/INFO][m [36m(Minecraft)[m [0m[CHAT] §2§l§o[TenorClef] §rT2 [NOW] t=8:22.9 ph=PORTAL @-243,33,77 do=<Construct Nether Portal> Getting water eq=iron_pickaxe woodpick=1 stonepick=1 pick=1 iron=0 buck=0
[m[34m[02:06:23][m [32m[main/INFO][m [36m(Minecraft)[m [0m[CHAT] §2§l§o[TenorClef] §rT2 [NOW] t=8:23.9 ph=PORTAL @-244,33,77 do=<Construct Nether Portal> Getting water eq=iron_pickaxe woodpick=1 stonepick=1 pick=1 iron=0 buck=0
[m[34m[02:06:24][m [32m[main/INFO][m [36m(Minecraft)[m [0m[CHAT] §2§l§o[TenorClef] §rT2 [NOW] t=8:24.9 ph=PORTAL @-244,33,77 do=<Construct Nether Portal> Getting water eq=iron_pickaxe woodpick=1 stonepick=1 pick=1 iron=0 buck=0
[m[34m[02:06:24][m [32m[main/INFO][m [36m(Minecraft)[m [0m[CHAT] §2§l§o[TenorClef] §rT2 [HIST] 8:24.9 SNAP ph=PORTAL @-244,33,77 sky=0 wet=false ground=true pick=1 buck=2 iron=0 ore=0 rods=0 pearls=0 eyes=0 child=ConstructNetherPortalBucketTask dbg=<Construct Nether Portal> Getting water mobs=none
[m[34m[02:06:25][m [32m[main/INFO][m [36m(Minecraft)[m [0m[CHAT] §2§l§o[TenorClef] §rT2 [NOW] t=8:25.9 ph=PORTAL @-245,33,77 do=<Construct Nether Portal> Getting water eq=iron_pickaxe woodpick=1 stonepick=1 pick=1 iron=0 buck=0
[m[34m[02:06:25][m [32m[main/INFO][m [36m(Minecraft)[m [0m[CHAT] §2§l§o[TenorClef] §rConstruct: hardResetBuildState (portalOrigin cleared)
[m[34m[02:06:25][m [32m[main/INFO][m [36m(Minecraft)[m [0m[STDOUT]: ALTO CLEF: WARNING: T2 [S163] portal dig sank y=38 -> y=33 in the dark @-245,33,77 - site cleared, pillar out and rebuild elsewhere
[m[34m[02:06:25][m [32m[main/INFO][m [36m(Minecraft)[m [0m[CHAT] §2§l§o[TenorClef] §cT2 [S163] portal dig sank y=38 -> y=33 in the dark @-245,33,77 - site cleared, pillar out and rebuild elsewhere§r
[m[34m[02:06:25][m [32m[main/INFO][m [36m(Minecraft)[m [0m[CHAT] §2§l§o[TenorClef] §rT2 [HIST] 8:26.2 FORCE S163 portal dig sank y=38 -> y=33 in the dark @-245,33,77 - site cleared, pillar out and rebuild elsewhere
[m[34m[02:06:25][m [32m[main/INFO][m [36m(Minecraft)[m [0m[STDOUT]: ALTO CLEF: WARNING: T2 [S198] deep bail not boxed - surface bail instead of pillar
[m[34m[02:06:25][m [32m[main/INFO][m [36m(Minecraft)[m [0m[CHAT] §2§l§o[TenorClef] §cT2 [S198] deep bail not boxed - surface bail instead of pillar§r
[m[34m[02:06:25][m [32m[main/INFO][m [36m(Minecraft)[m [0m[CHAT] §2§l§o[TenorClef] §rT2 [HB] t=8:26.2 ph=PORTAL y=33 child=ConstructNetherPortalBucketTask logs=0 pick=1 woodpick=1
[m[34m[02:06:26][m [32m[main/INFO][m [36m(Minecraft)[m [0m[CHAT] §2§l§o[TenorClef] §rT2 [NOW] t=8:26.9 ph=PORTAL @-246,33,77 do=<Construct Nether Portal> Getting water eq=iron_pickaxe woodpick=1 stonepick=1 pick=1 iron=0 buck=0
[m[34m[02:06:27][m [32m[main/INFO][m [36m(Minecraft)[m [0m[CHAT] §2§l§o[TenorClef] §rT2 [NOW] t=8:27.9 ph=PORTAL @-247,33,77 do=<Construct Nether Portal> Getting water eq=iron_pickaxe woodpick=1 stonepick=1 pick=1 iron=0 buck=0
[m[34m[02:06:28][m [32m[main/INFO][m [36m(Minecraft)[m [0m[CHAT] §2§l§o[TenorClef] §rT2 [NOW] t=8:28.9 ph=PORTAL @-247,33,77 do=<Construct Nether Portal> Getting water eq=iron_pickaxe woodpick=1 stonepick=1 pick=1 iron=0 buck=0
[m[34m[02:06:28][m [32m[main/INFO][m [36m(Minecraft)[m [0m[CHAT] §2§l§o[TenorClef] §rRefreshed inventory...
[m[34m[02:06:29][m [32m[main/INFO][m [36m(Minecraft)[m [0m[CHAT] §2§l§o[TenorClef] §rT2 [NOW] t=8:29.9 ph=PORTAL @-248,33,77 do=<Construct Nether Portal> Getting water eq=iron_pickaxe woodpick=1 stonepick=1 pick=1 iron=0 buck=0
[m[34m[02:06:29][m [32m[main/INFO][m [36m(Minecraft)[m [0m[CHAT] §2§l§o[TenorClef] §rT2 [HIST] 8:29.9 SNAP ph=PORTAL @-248,33,77 sky=0 wet=false ground=true pick=1 buck=2 iron=0 ore=0 rods=0 pearls=0 eyes=0 child=ConstructNetherPortalBucketTask dbg=<Construct Nether Portal> Getting water mobs=none
[m[34m[02:06:30][m [32m[main/INFO][m [36m(Minecraft)[m [0m[CHAT] §2§l§o[TenorClef] §rT2 [NOW] t=8:30.9 ph=PORTAL @-249,33,77 do=<Construct Nether Portal> Getting water eq=iron_pickaxe woodpick=1 stonepick=1 pick=1 iron=0 buck=0
[m[34m[02:06:31][m [32m[main/INFO][m [36m(Minecraft)[m [0m[CHAT] §2§l§o[TenorClef] §rT2 [NOW] t=8:31.9 ph=PORTAL @-249,33,77 do=<Construct Nether Portal> Getting water eq=iron_pickaxe woodpick=1 stonepick=1 pick=1 iron=0 buck=0
[m[34m[02:06:32][m [32m[main/INFO][m [36m(Minecraft)[m [0m[CHAT] §2§l§o[TenorClef] §rT2 [NOW] t=8:32.9 ph=PORTAL @-250,33,77 do=<Construct Nether Portal> Getting water eq=iron_pickaxe woodpick=1 stonepick=1 pick=1 iron=0 buck=0
[m[34m[02:06:33][m [32m[main/INFO][m [36m(Minecraft)[m [0m[CHAT] §2§l§o[TenorClef] §rT2 [NOW] t=8:33.9 ph=PORTAL @-250,33,76 do=<Construct Nether Portal> Getting water eq=iron_pickaxe woodpick=1 stonepick=1 pick=1 iron=0 buck=0
[m[34m[02:06:34][m [32m[main/INFO][m [36m(Minecraft)[m [0m[CHAT] §2§l§o[TenorClef] §rT2 [NOW] t=8:34.9 ph=PORTAL @-250,33,76 do=<Construct Nether Portal> Getting water eq=iron_pickaxe woodpick=1 stonepick=1 pick=1 iron=0 buck=0
[m[34m[02:06:34][m [32m[main/INFO][m [36m(Minecraft)[m [0m[CHAT] §2§l§o[TenorClef] §rT2 [HIST] 8:34.9 SNAP ph=PORTAL @-250,33,76 sky=0 wet=false ground=true pick=1 buck=2 iron=0 ore=0 rods=0 pearls=0 eyes=0 child=ConstructNetherPortalBucketTask dbg=<Construct Nether Portal> Getting water mobs=none
[m[34m[02:06:35][m [32m[main/INFO][m [36m(Minecraft)[m [0m[CHAT] §2§l§o[TenorClef] §rT2 [NOW] t=8:35.9 ph=PORTAL @-251,33,76 do=<Construct Nether Portal> Getting water eq=iron_pickaxe woodpick=1 stonepick=1 pick=1 iron=0 buck=0
[m[34m[02:06:35][m [32m[main/INFO][m [36m(Minecraft)[m [0m[CHAT] §2§l§o[TenorClef] §rT2 [HB] t=8:36.2 ph=PORTAL y=33 child=ConstructNetherPortalBucketTask logs=0 pick=1 woodpick=1
[m[34m[02:06:36][m [32m[main/INFO][m [36m(Minecraft)[m [0m[CHAT] §2§l§o[TenorClef] §rT2 [NOW] t=8:36.9 ph=PORTAL @-251,33,75 do=<Construct Nether Portal> Getting water eq=iron_pickaxe woodpick=1 stonepick=1 pick=1 iron=0 buck=0
[m[34m[02:06:37][m [32m[main/INFO][m [36m(Minecraft)[m [0m[CHAT] §2§l§o[TenorClef] §rT2 [NOW] t=8:37.9 ph=PORTAL @-251,33,75 do=<Construct Nether Portal> Getting water eq=iron_pickaxe woodpick=1 stonepick=1 pick=1 iron=0 buck=0
[m[34m[02:06:38][m [32m[main/INFO][m [36m(Minecraft)[m [0m[CHAT] §2§l§o[TenorClef] §rT2 [NOW] t=8:38.9 ph=PORTAL @-252,33,75 do=<Construct Nether Portal> Getting water eq=iron_pickaxe woodpick=1 stonepick=1 pick=1 iron=0 buck=0
[m[34m[02:06:39][m [32m[main/INFO][m [36m(Minecraft)[m [0m[CHAT] §2§l§o[TenorClef] §rT2 [NOW] t=8:39.9 ph=PORTAL @-252,33,74 do=<Construct Nether Portal> Getting water eq=iron_pickaxe woodpick=1 stonepick=1 pick=1 iron=0 buck=0
[m[34m[02:06:39][m [32m[main/INFO][m [36m(Minecraft)[m [0m[CHAT] §2§l§o[TenorClef] §rT2 [HIST] 8:39.9 SNAP ph=PORTAL @-252,33,74 sky=0 wet=false ground=true pick=1 buck=2 iron=0 ore=0 rods=0 pearls=0 eyes=0 child=ConstructNetherPortalBucketTask dbg=<Construct Nether Portal> Getting water mobs=none
[m[34m[02:06:40][m [32m[main/INFO][m [36m(Minecraft)[m [0m[CHAT] §2§l§o[TenorClef] §rT2 [NOW] t=8:40.9 ph=PORTAL @-252,33,74 do=<Construct Nether Portal> Getting water eq=iron_pickaxe woodpick=1 stonepick=1 pick=1 iron=0 buck=0
[m[34m[02:06:40][m [32m[main/INFO][m [36m(Minecraft)[m [0m[CHAT] §2§l§o[TenorClef] §rConstruct: hardResetBuildState (portalOrigin cleared)
[m[34m[02:06:40][m [32m[main/INFO][m [36m(Minecraft)[m [0m[STDOUT]: ALTO CLEF: WARNING: T2 [S163] portal dig sank y=38 -> y=33 in the dark @-252,33,74 - site cleared, pillar out and rebuild elsewhere
[m[34m[02:06:40][m [32m[main/INFO][m [36m(Minecraft)[m [0m[CHAT] §2§l§o[TenorClef] §cT2 [S163] portal dig sank y=38 -> y=33 in the dark @-252,33,74 - site cleared, pillar out and rebuild elsewhere§r
[m[34m[02:06:40][m [32m[main/INFO][m [36m(Minecraft)[m [0m[CHAT] §2§l§o[TenorClef] §rT2 [HIST] 8:41.2 FORCE S163 portal dig sank y=38 -> y=33 in the dark @-252,33,74 - site cleared, pillar out and rebuild elsewhere
[m[34m[02:06:40][m [32m[main/INFO][m [36m(Minecraft)[m [0m[STDOUT]: ALTO CLEF: WARNING: T2 [S198] deep bail not boxed - surface bail instead of pillar
[m[34m[02:06:40][m [32m[main/INFO][m [36m(Minecraft)[m [0m[CHAT] §2§l§o[TenorClef] §cT2 [S198] deep bail not boxed - surface bail instead of pillar§r
[m[34m[02:06:41][m [32m[main/INFO][m [36m(Minecraft)[m [0m[CHAT] §2§l§o[TenorClef] §rT2 [NOW] t=8:41.9 ph=PORTAL @-253,33,74 do=<Construct Nether Portal> Getting water eq=iron_pickaxe woodpick=1 stonepick=1 pick=1 iron=0 buck=0
[m[34m[02:06:42][m [32m[main/INFO][m [36m(Minecraft)[m [0m[CHAT] §2§l§o[TenorClef] §rT2 [NOW] t=8:42.9 ph=PORTAL @-253,33,74 do=<Construct Nether Portal> Getting water eq=iron_pickaxe woodpick=1 stonepick=1 pick=1 iron=0 buck=0
[m[34m[02:06:43][m [32m[main/INFO][m [36m(Minecraft)[m [0m[CHAT] §2§l§o[TenorClef] §rT2 [NOW] t=8:43.9 ph=PORTAL @-253,34,73 do=<Construct Nether Portal> Getting water eq=iron_pickaxe woodpick=1 stonepick=1 pick=1 iron=0 buck=0
[m[34m[02:06:44][m [32m[main/INFO][m [36m(Minecraft)[m [0m[CHAT] §2§l§o[TenorClef] §rT2 [NOW] t=8:44.9 ph=PORTAL @-253,34,73 do=<Construct Nether Portal> Getting water eq=iron_pickaxe woodpick=1 stonepick=1 pick=1 iron=0 buck=0
[m[34m[02:06:44][m [32m[main/INFO][m [36m(Minecraft)[m [0m[CHAT] §2§l§o[TenorClef] §rT2 [HIST] 8:44.9 SNAP ph=PORTAL @-253,34,73 sky=0 wet=false ground=true pick=1 buck=2 iron=0 ore=0 rods=0 pearls=0 eyes=0 child=ConstructNetherPortalBucketTask dbg=<Construct Nether Portal> Getting water mobs=none
[m[34m[02:06:45][m [32m[main/INFO][m [36m(Minecraft)[m [0m[CHAT] §2§l§o[TenorClef] §rT2 [NOW] t=8:45.9 ph=PORTAL @-253,34,73 do=<Construct Nether Portal> Getting water eq=iron_pickaxe woodpick=1 stonepick=1 pick=1 iron=0 buck=0
[m[34m[02:06:45][m [32m[main/INFO][m [36m(Minecraft)[m [0m[CHAT] §2§l§o[TenorClef] §rT2 [HB] t=8:46.2 ph=PORTAL y=35 child=ConstructNetherPortalBucketTask logs=0 pick=1 woodpick=1
[m[34m[02:06:46][m [32m[main/INFO][m [36m(Minecraft)[m [0m[STDOUT]: ALTO CLEF: WARNING: T2 [S160] portal build held the slot 120s without finishing @-254,35,73 - pin suspended for 30s so the driver can relocate
[m[34m[02:06:46][m [32m[main/INFO][m [36m(Minecraft)[m [0m[CHAT] §2§l§o[TenorClef] §cT2 [S160] portal build held the slot 120s without finishing @-254,35,73 - pin suspended for 30s so the driver can relocate§r
[m[34m[02:06:46][m [32m[main/INFO][m [36m(Minecraft)[m [0m[CHAT] §2§l§o[TenorClef] §rT2 [HIST] 8:46.5 FORCE S160 portal build held the slot 120s without finishing @-254,35,73 - pin suspended for 30s so the driver can relocate
[m[34m[02:06:46][m [32m[main/INFO][m [36m(Minecraft)[m [0m[STDOUT]: ALTO CLEF: WARNING: T2 [S198] deep bail not boxed - surface bail instead of pillar
[m[34m[02:06:46][m [32m[main/INFO][m [36m(Minecraft)[m [0m[CHAT] §2§l§o[TenorClef] §cT2 [S198] deep bail not boxed - surface bail instead of pillar§r
[m[34m[02:06:46][m [32m[main/INFO][m [36m(Minecraft)[m [0m[CHAT] §2§l§o[TenorClef] §rT2 [NOW] t=8:46.9 ph=PORTAL @-254,35,73 do=<Construct Nether Portal> Getting water eq=iron_pickaxe woodpick=1 stonepick=1 pick=1 iron=0 buck=0
[m[34m[02:06:47][m [32m[main/INFO][m [36m(Minecraft)[m [0m[CHAT] §2§l§o[TenorClef] §rT2 [NOW] t=8:47.9 ph=PORTAL @-254,35,72 do=<Construct Nether Portal> Getting water eq=iron_pickaxe woodpick=1 stonepick=1 pick=1 iron=0 buck=0
[m[34m[02:06:48][m [32m[main/INFO][m [36m(Minecraft)[m [0m[CHAT] §2§l§o[TenorClef] §rT2 [NOW] t=8:48.9 ph=PORTAL @-254,35,72 do=<Construct Nether Portal> Getting water eq=iron_pickaxe woodpick=1 stonepick=1 pick=1 iron=0 buck=0
[m[34m[02:06:49][m [32m[main/INFO][m [36m(Minecraft)[m [0m[CHAT] §2§l§o[TenorClef] §rT2 [NOW] t=8:49.9 ph=PORTAL @-255,35,72 do=<Construct Nether Portal> Getting water eq=iron_pickaxe woodpick=1 stonepick=1 pick=1 iron=0 buck=0
[m[34m[02:06:49][m [32m[main/INFO][m [36m(Minecraft)[m [0m[CHAT] §2§l§o[TenorClef] §rT2 [HIST] 8:49.9 SNAP ph=PORTAL @-255,35,72 sky=0 wet=false ground=true pick=1 buck=2 iron=0 ore=0 rods=0 pearls=0 eyes=0 child=ConstructNetherPortalBucketTask dbg=<Construct Nether Portal> Getting water mobs=none
[m[34m[02:06:50][m [32m[main/INFO][m [36m(Minecraft)[m [0m[CHAT] §2§l§o[TenorClef] §rT2 [NOW] t=8:50.9 ph=PORTAL @-255,35,71 do=<Construct Nether Portal> Getting water eq=iron_pickaxe woodpick=1 stonepick=1 pick=1 iron=0 buck=0
[m[34m[02:06:51][m [32m[main/INFO][m [36m(Minecraft)[m [0m[CHAT] §2§l§o[TenorClef] §rT2 [NOW] t=8:51.9 ph=PORTAL @-255,35,71 do=<Construct Nether Portal> Getting water eq=iron_pickaxe woodpick=1 stonepick=1 pick=1 iron=0 buck=0
[m[34m[02:06:52][m [32m[main/INFO][m [36m(Minecraft)[m [0m[CHAT] §2§l§o[TenorClef] §rT2 [NOW] t=8:52.9 ph=PORTAL @-256,35,71 do=<Construct Nether Portal> Getting water eq=iron_pickaxe woodpick=1 stonepick=1 pick=1 iron=0 buck=0
[m[34m[02:06:53][m [32m[main/INFO][m [36m(Minecraft)[m [0m[CHAT] §2§l§o[TenorClef] §rT2 [NOW] t=8:53.9 ph=PORTAL @-256,35,71 do=<Construct Nether Portal> Getting water eq=iron_pickaxe woodpick=1 stonepick=1 pick=1 iron=0 buck=0
[m[34m[02:06:53][m [32m[main/INFO][m [36m(Minecraft)[m [0m[CHAT] §2§l§o[TenorClef] §r(Searching for lava lake with portalable spot nearby...)
[m[34m[02:06:53][m [32m[main/INFO][m [36m(Minecraft)[m [0m[CHAT] §2§l§o[TenorClef] §rFound with depth 96
[m[34m[02:06:53][m [32m[main/INFO][m [36m(Minecraft)[m [0m[CHAT] §2§l§o[TenorClef] §rT2 [S165L] only a deep lava lake at y=21 - expect a long dark shaft
[m[34m[02:06:54][m [32m[main/INFO][m [36m(Minecraft)[m [0m[CHAT] §2§l§o[TenorClef] §rT2 [NOW] t=8:54.9 ph=PORTAL @-255,35,71 do=<Construct Nether Portal> Getting water eq=iron_pickaxe woodpick=1 stonepick=1 pick=1 iron=0 buck=1
[m[34m[02:06:54][m [32m[main/INFO][m [36m(Minecraft)[m [0m[CHAT] §2§l§o[TenorClef] §rT2 [HIST] 8:54.9 SNAP ph=PORTAL @-255,35,71 sky=0 wet=false ground=true pick=1 buck=2 iron=0 ore=0 rods=0 pearls=0 eyes=0 child=ConstructNetherPortalBucketTask dbg=<Construct Nether Portal> Getting water mobs=none
[m[34m[02:06:55][m [32m[main/INFO][m [36m(Minecraft)[m [0m[CHAT] §2§l§o[TenorClef] §rT2 [NOW] t=8:55.9 ph=PORTAL @-255,34,71 do=<Construct Nether Portal> Getting water eq=iron_pickaxe woodpick=1 stonepick=1 pick=1 iron=0 buck=1
[m[34m[02:06:55][m [32m[main/INFO][m [36m(Minecraft)[m [0m[CHAT] §2§l§o[TenorClef] §rT2 [HIST] 8:56.1 CHILD ConstructNetherPortalBucketTask -> HolePillarTask ph=PORTAL @-255,33,71 sky=0 wet=false ground=false pick=1 buck=2 iron=0 ore=0 rods=0 pearls=0 eyes=0
[m[34m[02:06:55][m [32m[main/INFO][m [36m(Minecraft)[m [0m[STDOUT]: ALTO CLEF: WARNING: T2 [S130] HOLD begin pos=-255,33,71 walls=4/4/4 sky=0 place=126 boxed=true hold=false cool=0 ban=0 startY=33 step=0
[m[34m[02:06:55][m [32m[main/INFO][m [36m(Minecraft)[m [0m[CHAT] §2§l§o[TenorClef] §cT2 [S130] HOLD begin pos=-255,33,71 walls=4/4/4 sky=0 place=126 boxed=true hold=false cool=0 ban=0 startY=33 step=0§r
[m[34m[02:06:55][m [32m[main/INFO][m [36m(Minecraft)[m [0m[CHAT] §2§l§o[TenorClef] §rT2 [HIST] 8:56.1 FORCE S130 HOLD begin pos=-255,33,71 walls=4/4/4 sky=0 place=126 boxed=true hold=false cool=0 ban=0 startY=33 step=0
[m[34m[02:06:55][m [32m[main/INFO][m [36m(Minecraft)[m [0m[STDOUT]: ALTO CLEF: WARNING: T2 [S130] tick y=33 slot=3 air=true pos=-255,33,71 walls=4/4/4 sky=0 place=126 boxed=true hold=true cool=0 ban=0 startY=33 step=1
[m[34m[02:06:55][m [32m[main/INFO][m [36m(Minecraft)[m [0m[CHAT] §2§l§o[TenorClef] §cT2 [S130] tick y=33 slot=3 air=true pos=-255,33,71 walls=4/4/4 sky=0 place=126 boxed=true hold=true cool=0 ban=0 startY=33 step=1§r
[m[34m[02:06:55][m [32m[main/INFO][m [36m(Minecraft)[m [0m[CHAT] §2§l§o[TenorClef] §rT2 [HIST] 8:56.1 FORCE S130 tick y=33 slot=3 air=true pos=-255,33,71 walls=4/4/4 sky=0 place=126 boxed=true hold=true cool=0 ban=0 startY=33 step=1
[m[34m[02:06:55][m [32m[main/INFO][m [36m(Minecraft)[m [0m[CHAT] §2§l§o[TenorClef] §rT2 [HB] t=8:56.2 ph=PORTAL y=33 child=HolePillarTask logs=0 pick=1 woodpick=1
[m[34m[02:06:56][m [32m[main/INFO][m [36m(Minecraft)[m [0m[CHAT] §2§l§o[TenorClef] §rT2 [NOW] t=8:56.9 ph=PORTAL @-255,35,71 do=<T2 pillar-out>  eq=cobblestone woodpick=1 stonepick=1 pick=1 iron=0 buck=1
[m[34m[02:06:56][m [32m[main/INFO][m [36m(Minecraft)[m [0m[STDOUT]: ALTO CLEF: WARNING: T2 [S180] marginal escape +2y free at y=35 startY=33 pos=-255,35,71 walls=2/2/4 sky=0 place=126 boxed=false hold=true cool=0 ban=0 startY=33 step=17
[m[34m[02:06:56][m [32m[main/INFO][m [36m(Minecraft)[m [0m[CHAT] §2§l§o[TenorClef] §cT2 [S180] marginal escape +2y free at y=35 startY=33 pos=-255,35,71 walls=2/2/4 sky=0 place=126 boxed=false hold=true cool=0 ban=0 startY=33 step=17§r
[m[34m[02:06:56][m [32m[main/INFO][m [36m(Minecraft)[m [0m[CHAT] §2§l§o[TenorClef] §rT2 [HIST] 8:56.9 FORCE S180 marginal escape +2y free at y=35 startY=33 pos=-255,35,71 walls=2/2/4 sky=0 place=126 boxed=false hold=true cool=0 ban=0 startY=33 step=17
[m[34m[02:06:56][m [32m[main/INFO][m [36m(Minecraft)[m [0m[STDOUT]: ALTO CLEF: WARNING: T2 [S139] rise pending +2y t=1 y=35 startY=33
[m[34m[02:06:56][m [32m[main/INFO][m [36m(Minecraft)[m [0m[CHAT] §2§l§o[TenorClef] §cT2 [S139] rise pending +2y t=1 y=35 startY=33§r
[m[34m[02:06:56][m [32m[main/INFO][m [36m(Minecraft)[m [0m[CHAT] §2§l§o[TenorClef] §rT2 [HIST] 8:56.9 FORCE S139 rise pending +2y t=1 y=35 startY=33
[m[34m[02:06:56][m [32m[main/INFO][m [36m(Minecraft)[m [0m[STDOUT]: ALTO CLEF: WARNING: T2 [S130] tick y=35 slot=3 air=true pos=-255,35,71 walls=2/2/4 sky=0 place=125 boxed=false hold=true cool=0 ban=0 startY=33 step=21
[m[34m[02:06:56][m [32m[main/INFO][m [36m(Minecraft)[m [0m[CHAT] §2§l§o[TenorClef] §cT2 [S130] tick y=35 slot=3 air=true pos=-255,35,71 walls=2/2/4 sky=0 place=125 boxed=false hold=true cool=0 ban=0 startY=33 step=21§r
[m[34m[02:06:56][m [32m[main/INFO][m [36m(Minecraft)[m [0m[CHAT] §2§l§o[TenorClef] §rT2 [HIST] 8:57.1 FORCE S130 tick y=35 slot=3 air=true pos=-255,35,71 walls=2/2/4 sky=0 place=125 boxed=false hold=true cool=0 ban=0 startY=33 step=21
[m[34m[02:06:56][m [32m[main/INFO][m [36m(Minecraft)[m [0m[STDOUT]: ALTO CLEF: WARNING: T2 [S139] rise confirmed +2y held 12t y=35 startY=33 pos=-255,35,71 walls=2/2/4 sky=0 place=125 boxed=false hold=true cool=0 ban=0 startY=33 step=28
[m[34m[02:06:56][m [32m[main/INFO][m [36m(Minecraft)[m [0m[CHAT] §2§l§o[TenorClef] §cT2 [S139] rise confirmed +2y held 12t y=35 startY=33 pos=-255,35,71 walls=2/2/4 sky=0 place=125 boxed=false hold=true cool=0 ban=0 startY=33 step=28§r
[m[34m[02:06:56][m [32m[main/INFO][m [36m(Minecraft)[m [0m[CHAT] §2§l§o[TenorClef] §rT2 [HIST] 8:57.5 FORCE S139 rise confirmed +2y held 12t y=35 startY=33 pos=-255,35,71 walls=2/2/4 sky=0 place=125 boxed=false hold=true cool=0 ban=0 startY=33 step=28
[m[34m[02:06:56][m [32m[main/INFO][m [36m(Minecraft)[m [0m[STDOUT]: ALTO CLEF: WARNING: T2 [S133] cool arm ticks=200 reason=risen y=35 startY=33 ban=-255,35,94 pos=-255,35,71 walls=2/2/4 sky=0 place=125 boxed=false hold=true cool=200 ban=200 startY=33 step=28
[m[34m[02:06:56][m [32m[main/INFO][m [36m(Minecraft)[m [0m[CHAT] §2§l§o[TenorClef] §cT2 [S133] cool arm ticks=200 reason=risen y=35 startY=33 ban=-255,35,94 pos=-255,35,71 walls=2/2/4 sky=0 place=125 boxed=false hold=true cool=200 ban=200 startY=33 step=28§r
[m[34m[02:06:56][m [32m[main/INFO][m [36m(Minecraft)[m [0m[CHAT] §2§l§o[TenorClef] §rT2 [HIST] 8:57.5 FORCE S133 cool arm ticks=200 reason=risen y=35 startY=33 ban=-255,35,94 pos=-255,35,71 walls=2/2/4 sky=0 place=125 boxed=false hold=true cool=200 ban=200 startY=33 step=28
[m[34m[02:06:56][m [32m[main/INFO][m [36m(Minecraft)[m [0m[STDOUT]: ALTO CLEF: WARNING: T2 [S136] END reason=risen y=35 startY=33 roseReal=true giveUp=true pos=-255,35,71 walls=2/2/4 sky=0 place=125 boxed=false hold=true cool=200 ban=200 startY=33 step=28
[m[34m[02:06:56][m [32m[main/INFO][m [36m(Minecraft)[m [0m[CHAT] §2§l§o[TenorClef] §cT2 [S136] END reason=risen y=35 startY=33 roseReal=true giveUp=true pos=-255,35,71 walls=2/2/4 sky=0 place=125 boxed=false hold=true cool=200 ban=200 startY=33 step=28§r
[m[34m[02:06:56][m [32m[main/INFO][m [36m(Minecraft)[m [0m[CHAT] §2§l§o[TenorClef] §rT2 [HIST] 8:57.5 FORCE S136 END reason=risen y=35 startY=33 roseReal=true giveUp=true pos=-255,35,71 walls=2/2/4 sky=0 place=125 boxed=false hold=true cool=200 ban=200 startY=33 step=28
[m[34m[02:06:56][m [32m[main/INFO][m [36m(Minecraft)[m [0m[CHAT] §2§l§o[TenorClef] §rT2 [HIST] 8:57.5 PILLAR END risen y=35 startY=33
[m[34m[02:06:57][m [32m[main/INFO][m [36m(Minecraft)[m [0m[STDOUT]: ALTO CLEF: WARNING: T2 [S138] shaft ban clear left-xz ban=-255,35,94 now=-255,35,71 manh=23 dy=0 left=200
[m[34m[02:06:57][m [32m[main/INFO][m [36m(Minecraft)[m [0m[CHAT] §2§l§o[TenorClef] §cT2 [S138] shaft ban clear left-xz ban=-255,35,94 now=-255,35,71 manh=23 dy=0 left=200§r
[m[34m[02:06:57][m [32m[main/INFO][m [36m(Minecraft)[m [0m[CHAT] §2§l§o[TenorClef] §rT2 [HIST] 8:57.5 FORCE S138 shaft ban clear left-xz ban=-255,35,94 now=-255,35,71 manh=23 dy=0 left=200
[m[34m[02:06:57][m [32m[main/INFO][m [36m(Minecraft)[m [0m[STDOUT]: ALTO CLEF: WARNING: T2 [S198] deep bail not boxed - surface bail instead of pillar
[m[34m[02:06:57][m [32m[main/INFO][m [36m(Minecraft)[m [0m[CHAT] §2§l§o[TenorClef] §cT2 [S198] deep bail not boxed - surface bail instead of pillar§r
[m[34m[02:06:57][m [32m[main/INFO][m [36m(Minecraft)[m [0m[STDOUT]: ALTO CLEF: WARNING: T2 [S136] stick drop pillar -> SurfaceBailTask finished=true hold=false cool=199 end=risen y=35 startY=33 pos=-255,35,71 walls=2/2/4 sky=0 place=125 boxed=false hold=false cool=199 ban=0 startY=- step=0
[m[34m[02:06:57][m [32m[main/INFO][m [36m(Minecraft)[m [0m[CHAT] §2§l§o[TenorClef] §cT2 [S136] stick drop pillar -> SurfaceBailTask finished=true hold=false cool=199 end=risen y=35 startY=33 pos=-255,35,71 walls=2/2/4 sky=0 place=125 boxed=false hold=false cool=199 ban=0 startY=- step=0§r
[m[34m[02:06:57][m [32m[main/INFO][m [36m(Minecraft)[m [0m[CHAT] §2§l§o[TenorClef] §rT2 [HIST] 8:57.5 FORCE S136 stick drop pillar -> SurfaceBailTask finished=true hold=false cool=199 end=risen y=35 startY=33 pos=-255,35,71 walls=2/2/4 sky=0 place=125 boxed=false hold=false cool=199 ban=0 startY=- step=0
[m[34m[02:06:57][m [32m[main/INFO][m [36m(Minecraft)[m [0m[CHAT] §2§l§o[TenorClef] §rT2 [HIST] 8:57.5 CHILD HolePillarTask -> SurfaceBailTask ph=PORTAL @-255,35,71 sky=0 wet=false ground=true pick=1 buck=2 iron=0 ore=0 rods=0 pearls=0 eyes=0
[m[34m[02:06:57][m [32m[main/INFO][m [36m(Minecraft)[m [0m[STDOUT]: ALTO CLEF: WARNING: T2 [S136] onStop interrupt=SurfaceBailTask finishWhy=givingUp cool=199 lastEnd=risen y=35 startY=33 pos=-255,35,71 walls=2/2/4 sky=0 place=125 boxed=false hold=false cool=199 ban=0 startY=- step=0
[m[34m[02:06:57][m [32m[main/INFO][m [36m(Minecraft)[m [0m[CHAT] §2§l§o[TenorClef] §cT2 [S136] onStop interrupt=SurfaceBailTask finishWhy=givingUp cool=199 lastEnd=risen y=35 startY=33 pos=-255,35,71 walls=2/2/4 sky=0 place=125 boxed=false hold=false cool=199 ban=0 startY=- step=0§r
[m[34m[02:06:57][m [32m[main/INFO][m [36m(Minecraft)[m [0m[CHAT] §2§l§o[TenorClef] §rT2 [HIST] 8:57.5 FORCE S136 onStop interrupt=SurfaceBailTask finishWhy=givingUp cool=199 lastEnd=risen y=35 startY=33 pos=-255,35,71 walls=2/2/4 sky=0 place=125 boxed=false hold=false cool=199 ban=0 startY=- step=0
[m[34m[02:06:57][m [32m[main/INFO][m [36m(Minecraft)[m [0m[STDOUT]: ALTO CLEF: WARNING: T2 [S199] sticky air-pocket BlockPos{x=-255, y=11, z=73}
[m[34m[02:06:57][m [32m[main/INFO][m [36m(Minecraft)[m [0m[CHAT] §2§l§o[TenorClef] §cT2 [S199] sticky air-pocket BlockPos{x=-255, y=11, z=73}§r
[m[34m[02:06:57][m [32m[main/INFO][m [36m(Minecraft)[m [0m[CHAT] §2§l§o[TenorClef] §rT2 [HIST] 8:57.5 FORCE S199 sticky air-pocket BlockPos{x=-255, y=11, z=73}
[m[34m[02:06:57][m [32m[main/INFO][m [36m(Minecraft)[m [0m[CHAT] §2§l§o[TenorClef] §rTESRUN2 surface-bail S151 air-pocket dest=BlockPos{x=-255, y=11, z=73} from=BlockPos{x=-255, y=35, z=71}
[m[34m[02:06:57][m [32m[main/INFO][m [36m(Minecraft)[m [0m[CHAT] §2§l§o[TenorClef] §rTESRUN2 surface-bail dest=BlockPos{x=-255, y=11, z=73}
[m[34m[02:06:57][m [32m[main/INFO][m [36m(Minecraft)[m [0m[CHAT] §2§l§o[TenorClef] §rT2 [NOW] t=8:57.9 ph=PORTAL @-255,35,72 do=<surface-bail>  eq=cobblestone woodpick=1 stonepick=1 pick=1 iron=0 buck=1
[m[34m[02:06:58][m [32m[main/INFO][m [36m(Minecraft)[m [0m[CHAT] §2§l§o[TenorClef] §rT2 [NOW] t=8:58.9 ph=PORTAL @-255,34,72 do=<surface-bail>  eq=iron_pickaxe woodpick=1 stonepick=1 pick=1 iron=0 buck=1
[m[34m[02:06:59][m [32m[main/INFO][m [36m(Minecraft)[m [0m[CHAT] §2§l§o[TenorClef] §rT2 [HIST] 8:59.8 SNAP ph=PORTAL @-255,33,72 sky=0 wet=false ground=true pick=1 buck=2 iron=0 ore=0 rods=0 pearls=0 eyes=0 child=SurfaceBailTask dbg=<surface-bail>  mobs=none
[m[34m[02:06:59][m [32m[main/INFO][m [36m(Minecraft)[m [0m[CHAT] §2§l§o[TenorClef] §rT2 [NOW] t=8:59.9 ph=PORTAL @-255,33,72 do=<surface-bail>  eq=iron_pickaxe woodpick=1 stonepick=1 pick=1 iron=0 buck=1
[m[34m[02:06:59][m [32m[main/INFO][m [36m(Minecraft)[m [0m[STDOUT]: ALTO CLEF: WARNING: T2 [S135] S130 suppressed why=jump-pit-busy child=SurfaceBailTask cool=144 ban=0 hold=false pos=-255,32,72 walls=4/4/4 sky=0 place=127 boxed=true hold=false cool=144 ban=0 startY=- step=0
[m[34m[02:06:59][m [32m[main/INFO][m [36m(Minecraft)[m [0m[CHAT] §2§l§o[TenorClef] §cT2 [S135] S130 suppressed why=jump-pit-busy child=SurfaceBailTask cool=144 ban=0 hold=false pos=-255,32,72 walls=4/4/4 sky=0 place=127 boxed=true hold=false cool=144 ban=0 startY=- step=0§r
[m[34m[02:06:59][m [32m[main/INFO][m [36m(Minecraft)[m [0m[CHAT] §2§l§o[TenorClef] §rT2 [HIST] 9:00.3 FORCE S135 S130 suppressed why=jump-pit-busy child=SurfaceBailTask cool=144 ban=0 hold=false pos=-255,32,72 walls=4/4/4 sky=0 place=127 boxed=true hold=false cool=144 ban=0 startY=- step=0
[m[34m[02:06:59][m [32m[main/INFO][m [36m(Minecraft)[m [0m[STDOUT]: ALTO CLEF: WARNING: T2 [S100] stop jump-walk @-255,72 ph=PORTAL child=SurfaceBailTask esc=0
[m[34m[02:06:59][m [32m[main/INFO][m [36m(Minecraft)[m [0m[CHAT] §2§l§o[TenorClef] §cT2 [S100] stop jump-walk @-255,72 ph=PORTAL child=SurfaceBailTask esc=0§r
[m[34m[02:06:59][m [32m[main/INFO][m [36m(Minecraft)[m [0m[CHAT] §2§l§o[TenorClef] §rT2 [HIST] 9:00.3 SOLVE S100 stop jump-walk @-255,72 ph=PORTAL child=SurfaceBailTask esc=0
[m[34m[02:07:00][m [32m[main/INFO][m [36m(Minecraft)[m [0m[CHAT] §2§l§o[TenorClef] §rT2 [NOW] t=9:00.9 ph=PORTAL @-255,31,72 do=<surface-bail>  eq=iron_pickaxe woodpick=1 stonepick=1 pick=1 iron=0 buck=1
[m[34m[02:07:01][m [32m[main/INFO][m [36m(Minecraft)[m [0m[CHAT] §2§l§o[TenorClef] §rT2 [NOW] t=9:01.9 ph=PORTAL @-255,30,72 do=<surface-bail>  eq=iron_pickaxe woodpick=1 stonepick=1 pick=1 iron=0 buck=1
[m[34m[02:07:01][m [32m[main/INFO][m [36m(Minecraft)[m [0m[STDOUT]: ALTO CLEF: WARNING: T2 [E100] jumps=10 @-255,30,72 ph=PORTAL child=SurfaceBailTask
[m[34m[02:07:01][m [32m[main/INFO][m [36m(Minecraft)[m [0m[CHAT] §2§l§o[TenorClef] §cT2 [E100] jumps=10 @-255,30,72 ph=PORTAL child=SurfaceBailTask§r
[m[34m[02:07:01][m [32m[main/INFO][m [36m(Minecraft)[m [0m[CHAT] §2§l§o[TenorClef] §rT2 [HIST] 9:02.0 [E100] jumps=10 @-255,30,72 ph=PORTAL child=SurfaceBailTask
[m[34m[02:07:01][m [32m[main/INFO][m [36m(Minecraft)[m [0m[STDOUT]: ALTO CLEF: WARNING: T2 [E116] drop 8 from 37 to 29 ph=PORTAL
[m[34m[02:07:01][m [32m[main/INFO][m [36m(Minecraft)[m [0m[CHAT] §2§l§o[TenorClef] §cT2 [E116] drop 8 from 37 to 29 ph=PORTAL§r
[m[34m[02:07:01][m [32m[main/INFO][m [36m(Minecraft)[m [0m[CHAT] §2§l§o[TenorClef] §rT2 [HIST] 9:02.2 [E116] drop 8 from 37 to 29 ph=PORTAL
[m[34m[02:07:01][m [32m[main/INFO][m [36m(Minecraft)[m [0m[STDOUT]: ALTO CLEF: WARNING: T2 [S135] S130 suppressed why=jump-pit-busy child=SurfaceBailTask cool=102 ban=0 hold=false pos=-255,29,72 walls=4/4/4 sky=0 place=130 boxed=true hold=false cool=102 ban=0 startY=- step=0
[m[34m[02:07:01][m [32m[main/INFO][m [36m(Minecraft)[m [0m[CHAT] §2§l§o[TenorClef] §cT2 [S135] S130 suppressed why=jump-pit-busy child=SurfaceBailTask cool=102 ban=0 hold=false pos=-255,29,72 walls=4/4/4 sky=0 place=130 boxed=true hold=false cool=102 ban=0 startY=- step=0§r
[m[34m[02:07:01][m [32m[main/INFO][m [36m(Minecraft)[m [0m[CHAT] §2§l§o[TenorClef] §rT2 [HIST] 9:02.4 FORCE S135 S130 suppressed why=jump-pit-busy child=SurfaceBailTask cool=102 ban=0 hold=false pos=-255,29,72 walls=4/4/4 sky=0 place=130 boxed=true hold=false cool=102 ban=0 startY=- step=0
[m[34m[02:07:02][m [32m[main/INFO][m [36m(Minecraft)[m [0m[CHAT] §2§l§o[TenorClef] §rT2 [NOW] t=9:02.9 ph=PORTAL @-255,28,72 do=<surface-bail>  eq=iron_pickaxe woodpick=1 stonepick=1 pick=1 iron=0 buck=1
[m[34m[02:07:03][m [32m[main/INFO][m [36m(Minecraft)[m [0m[CHAT] §2§l§o[TenorClef] §rT2 [HIST] 9:03.8 [E100] jumps=6 @-255,27,72 ph=PORTAL child=SurfaceBailTask
[m[34m[02:07:03][m [32m[main/INFO][m [36m(Minecraft)[m [0m[CHAT] §2§l§o[TenorClef] §rT2 [NOW] t=9:03.9 ph=PORTAL @-255,27,72 do=<surface-bail>  eq=iron_pickaxe woodpick=1 stonepick=1 pick=1 iron=0 buck=1
[m[34m[02:07:03][m [32m[main/INFO][m [36m(Minecraft)[m [0m[STDOUT]: ALTO CLEF: WARNING: T2 [S135] S130 suppressed why=jump-pit-busy child=SurfaceBailTask cool=60 ban=0 hold=false pos=-255,26,72 walls=4/4/4 sky=0 place=133 boxed=true hold=false cool=60 ban=0 startY=- step=0
[m[34m[02:07:03][m [32m[main/INFO][m [36m(Minecraft)[m [0m[CHAT] §2§l§o[TenorClef] §cT2 [S135] S130 suppressed why=jump-pit-busy child=SurfaceBailTask cool=60 ban=0 hold=false pos=-255,26,72 walls=4/4/4 sky=0 place=133 boxed=true hold=false cool=60 ban=0 startY=- step=0§r
[m[34m[02:07:03][m [32m[main/INFO][m [36m(Minecraft)[m [0m[CHAT] §2§l§o[TenorClef] §rT2 [HIST] 9:04.5 FORCE S135 S130 suppressed why=jump-pit-busy child=SurfaceBailTask cool=60 ban=0 hold=false pos=-255,26,72 walls=4/4/4 sky=0 place=133 boxed=true hold=false cool=60 ban=0 startY=- step=0
[m[34m[02:07:04][m [32m[main/INFO][m [36m(Minecraft)[m [0m[CHAT] §2§l§o[TenorClef] §rT2 [HIST] 9:04.8 SNAP ph=PORTAL @-255,26,72 sky=0 wet=false ground=true pick=1 buck=2 iron=0 ore=0 rods=0 pearls=0 eyes=0 child=SurfaceBailTask dbg=<surface-bail>  mobs=none
[m[34m[02:07:04][m [32m[main/INFO][m [36m(Minecraft)[m [0m[CHAT] §2§l§o[TenorClef] §rT2 [NOW] t=9:04.9 ph=PORTAL @-255,26,72 do=<surface-bail>  eq=iron_pickaxe woodpick=1 stonepick=1 pick=1 iron=0 buck=1
[m[34m[02:07:05][m [32m[main/INFO][m [36m(Minecraft)[m [0m[CHAT] §2§l§o[TenorClef] §rT2 [HIST] 9:05.9 [E100] jumps=6 @-255,24,72 ph=PORTAL child=SurfaceBailTask
[m[34m[02:07:05][m [32m[main/INFO][m [36m(Minecraft)[m [0m[CHAT] §2§l§o[TenorClef] §rT2 [NOW] t=9:05.9 ph=PORTAL @-255,24,72 do=<surface-bail>  eq=iron_pickaxe woodpick=1 stonepick=1 pick=1 iron=0 buck=1
[m[34m[02:07:05][m [32m[main/INFO][m [36m(Minecraft)[m [0m[CHAT] §2§l§o[TenorClef] §rT2 [HB] t=9:06.2 ph=PORTAL y=24 child=SurfaceBailTask logs=0 pick=1 woodpick=1
[m[34m[02:07:06][m [32m[main/INFO][m [36m(Minecraft)[m [0m[STDOUT]: ALTO CLEF: WARNING: T2 [S135] S130 suppressed why=jump-pit-busy child=SurfaceBailTask cool=18 ban=0 hold=false pos=-255,23,72 walls=4/4/4 sky=0 place=136 boxed=true hold=false cool=18 ban=0 startY=- step=0
[m[34m[02:07:06][m [32m[main/INFO][m [36m(Minecraft)[m [0m[CHAT] §2§l§o[TenorClef] §cT2 [S135] S130 suppressed why=jump-pit-busy child=SurfaceBailTask cool=18 ban=0 hold=false pos=-255,23,72 walls=4/4/4 sky=0 place=136 boxed=true hold=false cool=18 ban=0 startY=- step=0§r
[m[34m[02:07:06][m [32m[main/INFO][m [36m(Minecraft)[m [0m[CHAT] §2§l§o[TenorClef] §rT2 [HIST] 9:06.6 FORCE S135 S130 suppressed why=jump-pit-busy child=SurfaceBailTask cool=18 ban=0 hold=false pos=-255,23,72 walls=4/4/4 sky=0 place=136 boxed=true hold=false cool=18 ban=0 startY=- step=0
[m[34m[02:07:06][m [32m[main/INFO][m [36m(Minecraft)[m [0m[STDOUT]: ALTO CLEF: WARNING: T2 [S100] stop jump-walk @-255,72 ph=PORTAL child=SurfaceBailTask esc=0
[m[34m[02:07:06][m [32m[main/INFO][m [36m(Minecraft)[m [0m[CHAT] §2§l§o[TenorClef] §cT2 [S100] stop jump-walk @-255,72 ph=PORTAL child=SurfaceBailTask esc=0§r
[m[34m[02:07:06][m [32m[main/INFO][m [36m(Minecraft)[m [0m[CHAT] §2§l§o[TenorClef] §rT2 [HIST] 9:06.6 SOLVE S100 stop jump-walk @-255,72 ph=PORTAL child=SurfaceBailTask esc=0
[m[34m[02:07:06][m [32m[main/INFO][m [36m(Minecraft)[m [0m[CHAT] §2§l§o[TenorClef] §rT2 [NOW] t=9:06.9 ph=PORTAL @-255,23,72 do=<surface-bail>  eq=iron_pickaxe woodpick=1 stonepick=1 pick=1 iron=0 buck=1
[m[34m[02:07:06][m [32m[main/INFO][m [36m(Minecraft)[m [0m[STDOUT]: ALTO CLEF: WARNING: T2 [S134] pillar cool expire after jump-pit flips=6 end=risen y=35 startY=33
[m[34m[02:07:06][m [32m[main/INFO][m [36m(Minecraft)[m [0m[CHAT] §2§l§o[TenorClef] §cT2 [S134] pillar cool expire after jump-pit flips=6 end=risen y=35 startY=33§r
[m[34m[02:07:06][m [32m[main/INFO][m [36m(Minecraft)[m [0m[CHAT] §2§l§o[TenorClef] §rT2 [HIST] 9:07.5 FORCE S134 pillar cool expire after jump-pit flips=6 end=risen y=35 startY=33
[m[34m[02:07:07][m [32m[main/INFO][m [36m(Minecraft)[m [0m[STDOUT]: ALTO CLEF: WARNING: T2 [S138] shaft ban clear left-y ban=-255,35,94 now=-255,22,72 manh=22 dy=13 left=60
[m[34m[02:07:07][m [32m[main/INFO][m [36m(Minecraft)[m [0m[CHAT] §2§l§o[TenorClef] §cT2 [S138] shaft ban clear left-y ban=-255,35,94 now=-255,22,72 manh=22 dy=13 left=60§r
[m[34m[02:07:07][m [32m[main/INFO][m [36m(Minecraft)[m [0m[CHAT] §2§l§o[TenorClef] §rT2 [HIST] 9:07.5 FORCE S138 shaft ban clear left-y ban=-255,35,94 now=-255,22,72 manh=22 dy=13 left=60
[m[34m[02:07:07][m [32m[main/INFO][m [36m(Minecraft)[m [0m[STDOUT]: ALTO CLEF: WARNING: T2 [E116] drop 8 from 29 to 21 ph=PORTAL
[m[34m[02:07:07][m [32m[main/INFO][m [36m(Minecraft)[m [0m[CHAT] §2§l§o[TenorClef] §cT2 [E116] drop 8 from 29 to 21 ph=PORTAL§r
[m[34m[02:07:07][m [32m[main/INFO][m [36m(Minecraft)[m [0m[CHAT] §2§l§o[TenorClef] §rT2 [HIST] 9:07.8 [E116] drop 8 from 29 to 21 ph=PORTAL
[m[34m[02:07:07][m [32m[main/INFO][m [36m(Minecraft)[m [0m[CHAT] §2§l§o[TenorClef] §rRefreshed inventory...
[m[34m[02:07:07][m [32m[main/INFO][m [36m(Minecraft)[m [0m[CHAT] §2§l§o[TenorClef] §rT2 [NOW] t=9:07.9 ph=PORTAL @-255,21,72 do=<surface-bail>  eq=iron_pickaxe woodpick=1 stonepick=1 pick=1 iron=0 buck=1
[m[34m[02:07:07][m [32m[main/INFO][m [36m(Minecraft)[m [0m[STDOUT]: ALTO CLEF: WARNING: T2 [E100] jumps=6 @-255,21,72 ph=PORTAL child=SurfaceBailTask
[m[34m[02:07:07][m [32m[main/INFO][m [36m(Minecraft)[m [0m[CHAT] §2§l§o[TenorClef] §cT2 [E100] jumps=6 @-255,21,72 ph=PORTAL child=SurfaceBailTask§r
[m[34m[02:07:07][m [32m[main/INFO][m [36m(Minecraft)[m [0m[CHAT] §2§l§o[TenorClef] §rT2 [HIST] 9:08.0 [E100] jumps=6 @-255,21,72 ph=PORTAL child=SurfaceBailTask
[m[34m[02:07:08][m [32m[main/INFO][m [36m(Minecraft)[m [0m[CHAT] §2§l§o[TenorClef] §rT2 [NOW] t=9:08.9 ph=PORTAL @-255,20,72 do=<surface-bail>  eq=iron_pickaxe woodpick=1 stonepick=1 pick=1 iron=0 buck=1
[m[34m[02:07:08][m [32m[main/INFO][m [36m(Minecraft)[m [0m[STDOUT]: ALTO CLEF: WARNING: T2 [S130] START trigger=jump-pit flips=6 ph=PORTAL prev=SurfaceBailTask cycle=1 pos=-255,19,72 walls=4/4/4 sky=0 place=140 boxed=true hold=false cool=0 ban=0 startY=19 step=0
[m[34m[02:07:08][m [32m[main/INFO][m [36m(Minecraft)[m [0m[CHAT] §2§l§o[TenorClef] §cT2 [S130] START trigger=jump-pit flips=6 ph=PORTAL prev=SurfaceBailTask cycle=1 pos=-255,19,72 walls=4/4/4 sky=0 place=140 boxed=true hold=false cool=0 ban=0 startY=19 step=0§r
[m[34m[02:07:08][m [32m[main/INFO][m [36m(Minecraft)[m [0m[CHAT] §2§l§o[TenorClef] §rT2 [HIST] 9:09.5 FORCE S130 START trigger=jump-pit flips=6 ph=PORTAL prev=SurfaceBailTask cycle=1 pos=-255,19,72 walls=4/4/4 sky=0 place=140 boxed=true hold=false cool=0 ban=0 startY=19 step=0
[m[34m[02:07:08][m [32m[main/INFO][m [36m(Minecraft)[m [0m[CHAT] §2§l§o[TenorClef] §rT2 [HIST] 9:09.5 PILLAR START jump-pit flips=6 prev=SurfaceBailTask
[m[34m[02:07:08][m [32m[main/INFO][m [36m(Minecraft)[m [0m[CHAT] §2§l§o[TenorClef] §rT2 [HIST] 9:09.5 SOLVE S130 jump-pit pillar @-255,19,72
[m[34m[02:07:08][m [32m[main/INFO][m [36m(Minecraft)[m [0m[CHAT] §2§l§o[TenorClef] §rTESRUN2 surface-bail dest=BlockPos{x=-255, y=11, z=73}
[m[34m[02:07:09][m [32m[main/INFO][m [36m(Minecraft)[m [0m[STDOUT]: ALTO CLEF: WARNING: T2 [S130] START trigger=jump-pit flips=6 ph=PORTAL prev=SurfaceBailTask cycle=2 pos=-255,19,72 walls=4/4/4 sky=0 place=140 boxed=true hold=false cool=0 ban=0 startY=19 step=0
[m[34m[02:07:09][m [32m[main/INFO][m [36m(Minecraft)[m [0m[CHAT] §2§l§o[TenorClef] §cT2 [S130] START trigger=jump-pit flips=6 ph=PORTAL prev=SurfaceBailTask cycle=2 pos=-255,19,72 walls=4/4/4 sky=0 place=140 boxed=true hold=false cool=0 ban=0 startY=19 step=0§r
[m[34m[02:07:09][m [32m[main/INFO][m [36m(Minecraft)[m [0m[CHAT] §2§l§o[TenorClef] §rT2 [HIST] 9:09.5 FORCE S130 START trigger=jump-pit flips=6 ph=PORTAL prev=SurfaceBailTask cycle=2 pos=-255,19,72 walls=4/4/4 sky=0 place=140 boxed=true hold=false cool=0 ban=0 startY=19 step=0
[m[34m[02:07:09][m [32m[main/INFO][m [36m(Minecraft)[m [0m[STDOUT]: ALTO CLEF: WARNING: T2 [S130] START trigger=jump-pit flips=6 ph=PORTAL prev=SurfaceBailTask cycle=3 pos=-255,19,72 walls=4/4/4 sky=0 place=140 boxed=true hold=false cool=0 ban=0 startY=19 step=0
[m[34m[02:07:09][m [32m[main/INFO][m [36m(Minecraft)[m [0m[CHAT] §2§l§o[TenorClef] §cT2 [S130] START trigger=jump-pit flips=6 ph=PORTAL prev=SurfaceBailTask cycle=3 pos=-255,19,72 walls=4/4/4 sky=0 place=140 boxed=true hold=false cool=0 ban=0 startY=19 step=0§r
[m[34m[02:07:09][m [32m[main/INFO][m [36m(Minecraft)[m [0m[CHAT] §2§l§o[TenorClef] §rT2 [HIST] 9:09.6 FORCE S130 START trigger=jump-pit flips=6 ph=PORTAL prev=SurfaceBailTask cycle=3 pos=-255,19,72 walls=4/4/4 sky=0 place=140 boxed=true hold=false cool=0 ban=0 startY=19 step=0
[m[34m[02:07:09][m [32m[main/INFO][m [36m(Minecraft)[m [0m[STDOUT]: ALTO CLEF: WARNING: T2 [S158] shaft-hop n>=4 in 151ms - area ban r=14 @-255,72 prev=-255,94 esc=1 pos=-255,19,72 walls=4/4/4 sky=0 place=140 boxed=true hold=false cool=400 ban=600 startY=19 step=0
[m[34m[02:07:09][m [32m[main/INFO][m [36m(Minecraft)[m [0m[CHAT] §2§l§o[TenorClef] §cT2 [S158] shaft-hop n>=4 in 151ms - area ban r=14 @-255,72 prev=-255,94 esc=1 pos=-255,19,72 walls=4/4/4 sky=0 place=140 boxed=true hold=false cool=400 ban=600 startY=19 step=0§r
[m[34m[02:07:09][m [32m[main/INFO][m [36m(Minecraft)[m [0m[CHAT] §2§l§o[TenorClef] §rT2 [HIST] 9:09.6 FORCE S158 shaft-hop n>=4 in 151ms - area ban r=14 @-255,72 prev=-255,94 esc=1 pos=-255,19,72 walls=4/4/4 sky=0 place=140 boxed=true hold=false cool=400 ban=600 startY=19 step=0
[m[34m[02:07:09][m [32m[main/INFO][m [36m(Minecraft)[m [0m[STDOUT]: ALTO CLEF: WARNING: T2 [E133] PILLAR_PINGPONG n=4 @-255,72 in 153ms cycles=3 lastEnd=risen y=35 startY=33
[m[34m[02:07:09][m [32m[main/INFO][m [36m(Minecraft)[m [0m[CHAT] §2§l§o[TenorClef] §cT2 [E133] PILLAR_PINGPONG n=4 @-255,72 in 153ms cycles=3 lastEnd=risen y=35 startY=33§r
[m[34m[02:07:09][m [32m[main/INFO][m [36m(Minecraft)[m [0m[CHAT] §2§l§o[TenorClef] §rT2 [HIST] 9:09.6 FORCE E133 PILLAR_PINGPONG n=4 @-255,72 in 153ms cycles=3 lastEnd=risen y=35 startY=33
[m[34m[02:07:09][m [32m[main/INFO][m [36m(Minecraft)[m [0m[STDOUT]: ALTO CLEF: WARNING: T2 [S147] sticky ban arm @-255,72 ticks=400 n=4 prevArms=0 lastEnd=risen y=35 startY=33
[m[34m[02:07:09][m [32m[main/INFO][m [36m(Minecraft)[m [0m[CHAT] §2§l§o[TenorClef] §cT2 [S147] sticky ban arm @-255,72 ticks=400 n=4 prevArms=0 lastEnd=risen y=35 startY=33§r
[m[34m[02:07:09][m [32m[main/INFO][m [36m(Minecraft)[m [0m[CHAT] §2§l§o[TenorClef] §rT2 [HIST] 9:09.6 FORCE S147 sticky ban arm @-255,72 ticks=400 n=4 prevArms=0 lastEnd=risen y=35 startY=33
[m[34m[02:07:09][m [32m[main/INFO][m [36m(Minecraft)[m [0m[STDOUT]: ALTO CLEF: WARNING: T2 [S130] START trigger=jump-pit flips=6 ph=PORTAL prev=SurfaceBailTask cycle=0 pos=-255,19,72 walls=4/4/4 sky=0 place=140 boxed=true hold=false cool=400 ban=600 startY=19 step=0
[m[34m[02:07:09][m [32m[main/INFO][m [36m(Minecraft)[m [0m[CHAT] §2§l§o[TenorClef] §cT2 [S130] START trigger=jump-pit flips=6 ph=PORTAL prev=SurfaceBailTask cycle=0 pos=-255,19,72 walls=4/4/4 sky=0 place=140 boxed=true hold=false cool=400 ban=600 startY=19 step=0§r
[m[34m[02:07:09][m [32m[main/INFO][m [36m(Minecraft)[m [0m[CHAT] §2§l§o[TenorClef] §rT2 [HIST] 9:09.6 FORCE S130 START trigger=jump-pit flips=6 ph=PORTAL prev=SurfaceBailTask cycle=0 pos=-255,19,72 walls=4/4/4 sky=0 place=140 boxed=true hold=false cool=400 ban=600 startY=19 step=0
[m[34m[02:07:09][m [32m[main/INFO][m [36m(Minecraft)[m [0m[STDOUT]: ALTO CLEF: WARNING: T2 [S135] S130 suppressed why=jump-pit shaft-hop-banned -255,72 r=14 left=899 sameXz=45 cool=399 ban=599 hold=false pos=-255,19,72 walls=4/4/4 sky=0 place=141 boxed=true hold=false cool=399 ban=599 startY=19 step=0
[m[34m[02:07:09][m [32m[main/INFO][m [36m(Minecraft)[m [0m[CHAT] §2§l§o[TenorClef] §cT2 [S135] S130 suppressed why=jump-pit shaft-hop-banned -255,72 r=14 left=899 sameXz=45 cool=399 ban=599 hold=false pos=-255,19,72 walls=4/4/4 sky=0 place=141 boxed=true hold=false cool=399 ban=599 startY=19 step=0§r
[m[34m[02:07:09][m [32m[main/INFO][m [36m(Minecraft)[m [0m[CHAT] §2§l§o[TenorClef] §rT2 [HIST] 9:09.7 FORCE S135 S130 suppressed why=jump-pit shaft-hop-banned -255,72 r=14 left=899 sameXz=45 cool=399 ban=599 hold=false pos=-255,19,72 walls=4/4/4 sky=0 place=141 boxed=true hold=false cool=399 ban=599 startY=19 step=0
[m[34m[02:07:09][m [32m[main/INFO][m [36m(Minecraft)[m [0m[CHAT] §2§l§o[TenorClef] §rT2 [HIST] 9:09.8 SNAP ph=PORTAL @-255,19,72 sky=0 wet=false ground=true pick=1 buck=2 iron=0 ore=0 rods=0 pearls=0 eyes=0 child=SurfaceBailTask dbg=<surface-bail>  mobs=none
[m[34m[02:07:09][m [32m[main/INFO][m [36m(Minecraft)[m [0m[CHAT] §2§l§o[TenorClef] §rT2 [NOW] t=9:09.9 ph=PORTAL @-255,19,72 do=<surface-bail>  eq=iron_pickaxe woodpick=1 stonepick=1 pick=1 iron=0 buck=1
[m[34m[02:07:09][m [32m[main/INFO][m [36m(Minecraft)[m [0m[CHAT] §2§l§o[TenorClef] §rT2 [HIST] 9:10.3 [E100] jumps=6 @-255,18,72 ph=PORTAL child=SurfaceBailTask
[m[34m[02:07:10][m [32m[main/INFO][m [36m(Minecraft)[m [0m[CHAT] §2§l§o[TenorClef] §rT2 [NOW] t=9:10.9 ph=PORTAL @-255,17,72 do=<surface-bail>  eq=iron_pickaxe woodpick=1 stonepick=1 pick=1 iron=0 buck=1
[m[34m[02:07:11][m [32m[main/INFO][m [36m(Minecraft)[m [0m[STDOUT]: ALTO CLEF: WARNING: T2 [S135] S130 suppressed why=jump-pit shaft-hop-banned -255,72 r=14 left=858 sameXz=41 cool=358 ban=558 hold=false pos=-255,16,72 walls=4/4/4 sky=0 place=143 boxed=true hold=false cool=358 ban=558 startY=19 step=0
[m[34m[02:07:11][m [32m[main/INFO][m [36m(Minecraft)[m [0m[CHAT] §2§l§o[TenorClef] §cT2 [S135] S130 suppressed why=jump-pit shaft-hop-banned -255,72 r=14 left=858 sameXz=41 cool=358 ban=558 hold=false pos=-255,16,72 walls=4/4/4 sky=0 place=143 boxed=true hold=false cool=358 ban=558 startY=19 step=0§r
[m[34m[02:07:11][m [32m[main/INFO][m [36m(Minecraft)[m [0m[CHAT] §2§l§o[TenorClef] §rT2 [HIST] 9:11.7 FORCE S135 S130 suppressed why=jump-pit shaft-hop-banned -255,72 r=14 left=858 sameXz=41 cool=358 ban=558 hold=false pos=-255,16,72 walls=4/4/4 sky=0 place=143 boxed=true hold=false cool=358 ban=558 startY=19 step=0
[m[34m[02:07:11][m [32m[main/INFO][m [36m(Minecraft)[m [0m[CHAT] §2§l§o[TenorClef] §rT2 [NOW] t=9:11.9 ph=PORTAL @-255,16,72 do=<surface-bail>  eq=iron_pickaxe woodpick=1 stonepick=1 pick=1 iron=0 buck=1
[m[34m[02:07:12][m [32m[main/INFO][m [36m(Minecraft)[m [0m[CHAT] §2§l§o[TenorClef] §rT2 [HIST] 9:12.8 [E100] jumps=6 @-255,15,72 ph=PORTAL child=SurfaceBailTask
[m[34m[02:07:12][m [32m[main/INFO][m [36m(Minecraft)[m [0m[CHAT] §2§l§o[TenorClef] §rT2 [NOW] t=9:12.9 ph=PORTAL @-255,15,72 do=<surface-bail>  eq=iron_pickaxe woodpick=1 stonepick=1 pick=1 iron=0 buck=1
[m[34m[02:07:12][m [32m[main/INFO][m [36m(Minecraft)[m [0m[STDOUT]: ALTO CLEF: WARNING: T2 [S138] shaft ban clear left-y ban=-255,19,72 now=-255,14,72 manh=0 dy=5 left=527
[m[34m[02:07:12][m [32m[main/INFO][m [36m(Minecraft)[m [0m[CHAT] §2§l§o[TenorClef] §cT2 [S138] shaft ban clear left-y ban=-255,19,72 now=-255,14,72 manh=0 dy=5 left=527§r
[m[34m[02:07:12][m [32m[main/INFO][m [36m(Minecraft)[m [0m[CHAT] §2§l§o[TenorClef] §rT2 [HIST] 9:13.3 FORCE S138 shaft ban clear left-y ban=-255,19,72 now=-255,14,72 manh=0 dy=5 left=527
[m[34m[02:07:13][m [32m[main/INFO][m [36m(Minecraft)[m [0m[CHAT] §2§l§o[TenorClef] §rT2 [NOW] t=9:13.9 ph=PORTAL @-255,14,72 do=<surface-bail>  eq=iron_pickaxe woodpick=1 stonepick=1 pick=1 iron=0 buck=1
[m[34m[02:07:13][m [32m[main/INFO][m [36m(Minecraft)[m [0m[STDOUT]: ALTO CLEF: WARNING: T2 [E116] drop 8 from 21 to 13 ph=PORTAL
[m[34m[02:07:13][m [32m[main/INFO][m [36m(Minecraft)[m [0m[CHAT] §2§l§o[TenorClef] §cT2 [E116] drop 8 from 21 to 13 ph=PORTAL§r
[m[34m[02:07:13][m [32m[main/INFO][m [36m(Minecraft)[m [0m[CHAT] §2§l§o[TenorClef] §rT2 [HIST] 9:14.0 [E116] drop 8 from 21 to 13 ph=PORTAL
[m[34m[02:07:13][m [32m[main/INFO][m [36m(Minecraft)[m [0m[STDOUT]: ALTO CLEF: WARNING: T2 [S135] S130 suppressed why=jump-pit shaft-hop-banned -255,72 r=14 left=808 sameXz=50 cool=308 ban=0 hold=false pos=-255,13,72 walls=4/4/4 sky=0 place=145 boxed=true hold=false cool=308 ban=0 startY=19 step=0
[m[34m[02:07:13][m [32m[main/INFO][m [36m(Minecraft)[m [0m[CHAT] §2§l§o[TenorClef] §cT2 [S135] S130 suppressed why=jump-pit shaft-hop-banned -255,72 r=14 left=808 sameXz=50 cool=308 ban=0 hold=false pos=-255,13,72 walls=4/4/4 sky=0 place=145 boxed=true hold=false cool=308 ban=0 startY=19 step=0§r
[m[34m[02:07:13][m [32m[main/INFO][m [36m(Minecraft)[m [0m[CHAT] §2§l§o[TenorClef] §rT2 [HIST] 9:14.2 FORCE S135 S130 suppressed why=jump-pit shaft-hop-banned -255,72 r=14 left=808 sameXz=50 cool=308 ban=0 hold=false pos=-255,13,72 walls=4/4/4 sky=0 place=145 boxed=true hold=false cool=308 ban=0 startY=19 step=0
[m[34m[02:07:14][m [32m[main/INFO][m [36m(Minecraft)[m [0m[CHAT] §2§l§o[TenorClef] §rT2 [HIST] 9:14.8 SNAP ph=PORTAL @-255,12,72 sky=0 wet=false ground=false pick=1 buck=2 iron=0 ore=1 rods=0 pearls=0 eyes=0 child=SurfaceBailTask dbg=<surface-bail>  mobs=none
[m[34m[02:07:14][m [32m[main/INFO][m [36m(Minecraft)[m [0m[CHAT] §2§l§o[TenorClef] §rT2 [NOW] t=9:14.9 ph=PORTAL @-255,12,72 do=<surface-bail>  eq=iron_pickaxe woodpick=1 stonepick=1 pick=1 iron=0 buck=1
[m[34m[02:07:14][m [32m[main/INFO][m [36m(Minecraft)[m [0m[STDOUT]: ALTO CLEF: WARNING: T2 [E100] jumps=6 @-255,12,72 ph=PORTAL child=SurfaceBailTask
[m[34m[02:07:14][m [32m[main/INFO][m [36m(Minecraft)[m [0m[CHAT] §2§l§o[TenorClef] §cT2 [E100] jumps=6 @-255,12,72 ph=PORTAL child=SurfaceBailTask§r
[m[34m[02:07:14][m [32m[main/INFO][m [36m(Minecraft)[m [0m[CHAT] §2§l§o[TenorClef] §rT2 [HIST] 9:15.0 [E100] jumps=6 @-255,12,72 ph=PORTAL child=SurfaceBailTask
[m[34m[02:07:15][m [32m[main/INFO][m [36m(Minecraft)[m [0m[CHAT] §2§l§o[TenorClef] §rT2 [NOW] t=9:15.9 ph=PORTAL @-255,11,72 do=<surface-bail>  eq=iron_pickaxe woodpick=1 stonepick=1 pick=1 iron=0 buck=1
[m[34m[02:07:15][m [32m[main/INFO][m [36m(Minecraft)[m [0m[CHAT] §2§l§o[TenorClef] §rT2 [HB] t=9:16.2 ph=PORTAL y=11 child=SurfaceBailTask logs=0 pick=1 woodpick=1
[m[34m[02:07:16][m [32m[main/INFO][m [36m(Minecraft)[m [0m[CHAT] §2§l§o[TenorClef] §rT2 [NOW] t=9:16.9 ph=PORTAL @-255,11,73 do=<surface-bail>  eq=cobblestone woodpick=1 stonepick=1 pick=1 iron=0 buck=1
[m[34m[02:07:17][m [32m[main/INFO][m [36m(Minecraft)[m [0m[CHAT] §2§l§o[TenorClef] §rT2 [NOW] t=9:17.9 ph=PORTAL @-255,11,73 do=<surface-bail>  eq=cobblestone woodpick=1 stonepick=1 pick=1 iron=0 buck=1
[m[34m[02:07:18][m [32m[main/INFO][m [36m(Minecraft)[m [0m[CHAT] §2§l§o[TenorClef] §rT2 [NOW] t=9:18.9 ph=PORTAL @-255,11,73 do=<surface-bail>  eq=cobblestone woodpick=1 stonepick=1 pick=1 iron=0 buck=1
[m[34m[02:07:19][m [32m[main/INFO][m [36m(Minecraft)[m [0m[CHAT] §2§l§o[TenorClef] §rT2 [HIST] 9:19.8 SNAP ph=PORTAL @-255,11,73 sky=0 wet=false ground=true pick=1 buck=2 iron=0 ore=1 rods=0 pearls=0 eyes=0 child=SurfaceBailTask dbg=<surface-bail>  mobs=none
[m[34m[02:07:19][m [32m[main/INFO][m [36m(Minecraft)[m [0m[CHAT] §2§l§o[TenorClef] §rT2 [NOW] t=9:19.9 ph=PORTAL @-255,11,73 do=<surface-bail>  eq=cobblestone woodpick=1 stonepick=1 pick=1 iron=0 buck=1
[m[34m[02:07:20][m [32m[main/INFO][m [36m(Minecraft)[m [0m[CHAT] §2§l§o[TenorClef] §rT2 [NOW] t=9:20.9 ph=PORTAL @-255,11,73 do=<surface-bail>  eq=cobblestone woodpick=1 stonepick=1 pick=1 iron=0 buck=1
[m[34m[02:07:20][m [32m[main/INFO][m [36m(Minecraft)[m [0m[STDOUT]: ALTO CLEF: WARNING: T2 [S199] sticky air-pocket BlockPos{x=-255, y=11, z=75}
[m[34m[02:07:20][m [32m[main/INFO][m [36m(Minecraft)[m [0m[CHAT] §2§l§o[TenorClef] §cT2 [S199] sticky air-pocket BlockPos{x=-255, y=11, z=75}§r
[m[34m[02:07:20][m [32m[main/INFO][m [36m(Minecraft)[m [0m[CHAT] §2§l§o[TenorClef] §rT2 [HIST] 9:21.5 FORCE S199 sticky air-pocket BlockPos{x=-255, y=11, z=75}
[m[34m[02:07:20][m [32m[main/INFO][m [36m(Minecraft)[m [0m[CHAT] §2§l§o[TenorClef] §rTESRUN2 surface-bail S151 air-pocket dest=BlockPos{x=-255, y=11, z=75} from=BlockPos{x=-255, y=11, z=73}
[m[34m[02:07:20][m [32m[main/INFO][m [36m(Minecraft)[m [0m[CHAT] §2§l§o[TenorClef] §rTESRUN2 surface-bail wander (no air sky dest)
[m[34m[02:07:21][m [32m[main/INFO][m [36m(Minecraft)[m [0m[CHAT] §2§l§o[TenorClef] §rT2 [NOW] t=9:21.9 ph=PORTAL @-255,11,73 do=<surface-bail>  eq=cobblestone woodpick=1 stonepick=1 pick=1 iron=0 buck=1
[m[34m[02:07:21][m [32m[pool-5-thread-4/INFO][m [36m(Minecraft)[m [0m[STDOUT]: 601216 movements considered
[m[34m[02:07:21][m [32m[pool-5-thread-4/INFO][m [36m(Minecraft)[m [0m[STDOUT]: Open set size: 6535
[m[34m[02:07:21][m [32m[pool-5-thread-4/INFO][m [36m(Minecraft)[m [0m[STDOUT]: PathNode map size: 33863
[m[34m[02:07:21][m [32m[pool-5-thread-4/INFO][m [36m(Minecraft)[m [0m[STDOUT]: 54546 nodes per second
[m[34m[02:07:21][m [32m[pool-5-thread-4/INFO][m [36m(Minecraft)[m [0m[STDOUT]: Warning: cost coefficient is greater than three! Probably means that
[m[34m[02:07:21][m [32m[pool-5-thread-4/INFO][m [36m(Minecraft)[m [0m[STDOUT]: the path I found is pretty terrible (like sneak-bridging for dozens of blocks)
[m[34m[02:07:21][m [32m[pool-5-thread-4/INFO][m [36m(Minecraft)[m [0m[STDOUT]: But I'm going to do it anyway, because yolo
[m[34m[02:07:21][m [32m[pool-5-thread-4/INFO][m [36m(Minecraft)[m [0m[STDOUT]: Path goes for 28.231188426986208 blocks
[m[34m[02:07:22][m [32m[main/INFO][m [36m(Minecraft)[m [0m[CHAT] §2§l§o[TenorClef] §rT2 [NOW] t=9:22.9 ph=PORTAL @-255,11,72 do=<surface-bail>  eq=iron_pickaxe woodpick=1 stonepick=1 pick=1 iron=0 buck=1
[m[34m[02:07:23][m [32m[main/INFO][m [36m(Minecraft)[m [0m[CHAT] §2§l§o[TenorClef] §rT2 [NOW] t=9:23.9 ph=PORTAL @-255,12,71 do=<surface-bail>  eq=iron_pickaxe woodpick=1 stonepick=1 pick=1 iron=0 buck=1
[m[34m[02:07:24][m [32m[main/INFO][m [36m(Minecraft)[m [0m[CHAT] §2§l§o[TenorClef] §rT2 [HIST] 9:24.8 SNAP ph=PORTAL @-255,12,71 sky=0 wet=false ground=true pick=1 buck=2 iron=0 ore=1 rods=0 pearls=0 eyes=0 child=SurfaceBailTask dbg=<surface-bail>  mobs=none
[m[34m[02:07:24][m [32m[main/INFO][m [36m(Minecraft)[m [0m[CHAT] §2§l§o[TenorClef] §rT2 [NOW] t=9:24.9 ph=PORTAL @-255,12,71 do=<surface-bail>  eq=iron_pickaxe woodpick=1 stonepick=1 pick=1 iron=0 buck=1
[m[34m[02:07:25][m [32m[main/INFO][m [36m(Minecraft)[m [0m[CHAT] §2§l§o[TenorClef] §rT2 [NOW] t=9:25.9 ph=PORTAL @-256,12,71 do=<surface-bail>  eq=iron_pickaxe woodpick=1 stonepick=1 pick=1 iron=0 buck=1
[m[34m[02:07:25][m [32m[main/INFO][m [36m(Minecraft)[m [0m[CHAT] §2§l§o[TenorClef] §rT2 [HB] t=9:26.2 ph=PORTAL y=12 child=SurfaceBailTask logs=0 pick=1 woodpick=1
[m[34m[02:07:26][m [32m[main/INFO][m [36m(Minecraft)[m [0m[CHAT] §2§l§o[TenorClef] §rT2 [NOW] t=9:26.9 ph=PORTAL @-257,12,71 do=<surface-bail>  eq=iron_pickaxe woodpick=1 stonepick=1 pick=1 iron=0 buck=1
[m[34m[02:07:27][m [32m[main/INFO][m [36m(Minecraft)[m [0m[CHAT] §2§l§o[TenorClef] §rT2 [NOW] t=9:27.9 ph=PORTAL @-257,12,71 do=<surface-bail>  eq=iron_pickaxe woodpick=1 stonepick=1 pick=1 iron=0 buck=1
[m[34m[02:07:28][m [32m[main/INFO][m [36m(Minecraft)[m [0m[CHAT] §2§l§o[TenorClef] §rT2 [NOW] t=9:28.9 ph=PORTAL @-258,12,71 do=<surface-bail>  eq=iron_pickaxe woodpick=1 stonepick=1 pick=1 iron=0 buck=1
[m[34m[02:07:29][m [32m[main/INFO][m [36m(Minecraft)[m [0m[STDOUT]: ALTO CLEF: WARNING: T2 [S134] pillar cool expire after jump-pit flips=6 end=risen y=35 startY=33
[m[34m[02:07:29][m [32m[main/INFO][m [36m(Minecraft)[m [0m[CHAT] §2§l§o[TenorClef] §cT2 [S134] pillar cool expire after jump-pit flips=6 end=risen y=35 startY=33§r
[m[34m[02:07:29][m [32m[main/INFO][m [36m(Minecraft)[m [0m[CHAT] §2§l§o[TenorClef] §rT2 [HIST] 9:29.6 FORCE S134 pillar cool expire after jump-pit flips=6 end=risen y=35 startY=33
[m[34m[02:07:29][m [32m[main/INFO][m [36m(Minecraft)[m [0m[STDOUT]: ALTO CLEF: WARNING: T2 [S138] shaft ban clear left-y ban=-255,19,72 now=-258,12,71 manh=4 dy=7 left=60
[m[34m[02:07:29][m [32m[main/INFO][m [36m(Minecraft)[m [0m[CHAT] §2§l§o[TenorClef] §cT2 [S138] shaft ban clear left-y ban=-255,19,72 now=-258,12,71 manh=4 dy=7 left=60§r
[m[34m[02:07:29][m [32m[main/INFO][m [36m(Minecraft)[m [0m[CHAT] §2§l§o[TenorClef] §rT2 [HIST] 9:29.7 FORCE S138 shaft ban clear left-y ban=-255,19,72 now=-258,12,71 manh=4 dy=7 left=60
[m[34m[02:07:29][m [32m[main/INFO][m [36m(Minecraft)[m [0m[CHAT] §2§l§o[TenorClef] §rT2 [HIST] 9:29.8 SNAP ph=PORTAL @-258,12,70 sky=0 wet=false ground=true pick=1 buck=2 iron=0 ore=1 rods=0 pearls=0 eyes=0 child=SurfaceBailTask dbg=<surface-bail>  mobs=none
[m[34m[02:07:29][m [32m[main/INFO][m [36m(Minecraft)[m [0m[CHAT] §2§l§o[TenorClef] §rT2 [NOW] t=9:29.9 ph=PORTAL @-258,12,70 do=<surface-bail>  eq=iron_pickaxe woodpick=1 stonepick=1 pick=1 iron=0 buck=1
[m[34m[02:07:30][m [32m[main/INFO][m [36m(Minecraft)[m [0m[CHAT] §2§l§o[TenorClef] §rT2 [NOW] t=9:30.9 ph=PORTAL @-258,12,70 do=<surface-bail>  eq=iron_pickaxe woodpick=1 stonepick=1 pick=1 iron=0 buck=1
[m[34m[02:07:31][m [32m[main/INFO][m [36m(Minecraft)[m [0m[CHAT] §2§l§o[TenorClef] §rTESRUN2 surface-bail dest=BlockPos{x=-255, y=11, z=75}
[m[34m[02:07:31][m [32m[main/INFO][m [36m(Minecraft)[m [0m[CHAT] §2§l§o[TenorClef] §rT2 [NOW] t=9:31.9 ph=PORTAL @-258,12,69 do=<surface-bail>  eq=iron_pickaxe woodpick=1 stonepick=1 pick=1 iron=0 buck=1
[m[34m[02:07:32][m [32m[main/INFO][m [36m(Minecraft)[m [0m[CHAT] §2§l§o[TenorClef] §rT2 [NOW] t=9:32.9 ph=PORTAL @-255,12,72 do=<surface-bail>  eq=iron_pickaxe woodpick=1 stonepick=1 pick=1 iron=0 buck=1
[m[34m[02:07:32][m [32m[main/INFO][m [36m(Minecraft)[m [0m[CHAT] §2§l§o[TenorClef] §rTESRUN2 surface-bail wander (no air sky dest)
[m[34m[02:07:33][m [32m[main/INFO][m [36m(Minecraft)[m [0m[CHAT] §2§l§o[TenorClef] §rT2 [NOW] t=9:33.9 ph=PORTAL @-255,11,74 do=<surface-bail>  eq=iron_pickaxe woodpick=1 stonepick=1 pick=1 iron=0 buck=1
[m[34m[02:07:33][m [32m[pool-5-thread-4/INFO][m [36m(Minecraft)[m [0m[STDOUT]: 598400 movements considered
[m[34m[02:07:33][m [32m[pool-5-thread-4/INFO][m [36m(Minecraft)[m [0m[STDOUT]: Open set size: 5816
[m[34m[02:07:33][m [32m[pool-5-thread-4/INFO][m [36m(Minecraft)[m [0m[STDOUT]: PathNode map size: 33016
[m[34m[02:07:33][m [32m[pool-5-thread-4/INFO][m [36m(Minecraft)[m [0m[STDOUT]: 54183 nodes per second
[m[34m[02:07:33][m [32m[pool-5-thread-4/INFO][m [36m(Minecraft)[m [0m[STDOUT]: Path goes for 5.0990195135927845 blocks
[m[34m[02:07:34][m [32m[main/INFO][m [36m(Minecraft)[m [0m[CHAT] §2§l§o[TenorClef] §rT2 [HIST] 9:34.8 SNAP ph=PORTAL @-255,12,71 sky=0 wet=false ground=true pick=1 buck=2 iron=0 ore=1 rods=0 pearls=0 eyes=0 child=SurfaceBailTask dbg=<surface-bail>  mobs=none
[m[34m[02:07:34][m [32m[main/INFO][m [36m(Minecraft)[m [0m[CHAT] §2§l§o[TenorClef] §rT2 [NOW] t=9:34.9 ph=PORTAL @-255,12,71 do=<surface-bail>  eq=iron_pickaxe woodpick=1 stonepick=1 pick=1 iron=0 buck=1
[m[34m[02:07:35][m [32m[main/INFO][m [36m(Minecraft)[m [0m[CHAT] §2§l§o[TenorClef] §rT2 [NOW] t=9:35.9 ph=PORTAL @-258,12,69 do=<surface-bail>  eq=iron_pickaxe woodpick=1 stonepick=1 pick=1 iron=0 buck=1
[m[34m[02:07:35][m [32m[main/INFO][m [36m(Minecraft)[m [0m[CHAT] §2§l§o[TenorClef] §rT2 [HB] t=9:36.2 ph=PORTAL y=12 child=SurfaceBailTask logs=0 pick=1 woodpick=1
[m[34m[02:07:36][m [32m[main/INFO][m [36m(Minecraft)[m [0m[CHAT] §2§l§o[TenorClef] §rT2 [NOW] t=9:36.9 ph=PORTAL @-258,12,69 do=<surface-bail>  eq=iron_pickaxe woodpick=1 stonepick=1 pick=1 iron=0 buck=1
[m[34m[02:07:37][m [32m[main/INFO][m [36m(Minecraft)[m [0m[CHAT] §2§l§o[TenorClef] §rRefreshed inventory...
[m[34m[02:07:37][m [32m[main/INFO][m [36m(Minecraft)[m [0m[CHAT] §2§l§o[TenorClef] §rT2 [NOW] t=9:37.9 ph=PORTAL @-258,12,69 do=<surface-bail>  eq=iron_pickaxe woodpick=1 stonepick=1 pick=1 iron=0 buck=1
[m[34m[02:07:37][m [32m[pool-5-thread-4/INFO][m [36m(Minecraft)[m [0m[STDOUT]: 3842432 movements considered
[m[34m[02:07:37][m [32m[pool-5-thread-4/INFO][m [36m(Minecraft)[m [0m[STDOUT]: Open set size: 26053
[m[34m[02:07:37][m [32m[pool-5-thread-4/INFO][m [36m(Minecraft)[m [0m[STDOUT]: PathNode map size: 200705
[m[34m[02:07:37][m [32m[pool-5-thread-4/INFO][m [36m(Minecraft)[m [0m[STDOUT]: 43664 nodes per second
[m[34m[02:07:37][m [32m[pool-5-thread-4/INFO][m [36m(Minecraft)[m [0m[STDOUT]: Warning: cost coefficient is greater than three! Probably means that
[m[34m[02:07:37][m [32m[pool-5-thread-4/INFO][m [36m(Minecraft)[m [0m[STDOUT]: the path I found is pretty terrible (like sneak-bridging for dozens of blocks)
[m[34m[02:07:37][m [32m[pool-5-thread-4/INFO][m [36m(Minecraft)[m [0m[STDOUT]: But I'm going to do it anyway, because yolo
[m[34m[02:07:37][m [32m[pool-5-thread-4/INFO][m [36m(Minecraft)[m [0m[STDOUT]: Path goes for 22.825424421026653 blocks
[m[34m[02:07:38][m [32m[main/INFO][m [36m(Minecraft)[m [0m[CHAT] §2§l§o[TenorClef] §rT2 [NOW] t=9:38.9 ph=PORTAL @-258,12,69 do=<surface-bail>  eq=iron_pickaxe woodpick=1 stonepick=1 pick=1 iron=0 buck=1
[m[34m[02:07:39][m [32m[main/INFO][m [36m(Minecraft)[m [0m[CHAT] §2§l§o[TenorClef] §rT2 [HIST] 9:39.8 SNAP ph=PORTAL @-258,12,68 sky=0 wet=false ground=true pick=1 buck=2 iron=0 ore=1 rods=0 pearls=0 eyes=0 child=SurfaceBailTask dbg=<surface-bail>  mobs=none
[m[34m[02:07:39][m [32m[main/INFO][m [36m(Minecraft)[m [0m[CHAT] §2§l§o[TenorClef] §rT2 [NOW] t=9:39.9 ph=PORTAL @-258,12,68 do=<surface-bail>  eq=iron_pickaxe woodpick=1 stonepick=1 pick=1 iron=0 buck=1
[m[34m[02:07:40][m [32m[main/INFO][m [36m(Minecraft)[m [0m[CHAT] §2§l§o[TenorClef] §rT2 [NOW] t=9:40.9 ph=PORTAL @-258,12,67 do=<surface-bail>  eq=iron_pickaxe woodpick=1 stonepick=1 pick=1 iron=0 buck=1
[m[34m[02:07:41][m [32m[main/INFO][m [36m(Minecraft)[m [0m[CHAT] §2§l§o[TenorClef] §rT2 [NOW] t=9:41.9 ph=PORTAL @-258,12,67 do=<surface-bail>  eq=iron_pickaxe woodpick=1 stonepick=1 pick=1 iron=0 buck=1
[m[34m[02:07:42][m [32m[main/INFO][m [36m(Minecraft)[m [0m[CHAT] §2§l§o[TenorClef] §rTESRUN2 surface-bail dest=BlockPos{x=-255, y=11, z=75}
[m[34m[02:07:42][m [32m[main/INFO][m [36m(Minecraft)[m [0m[CHAT] §2§l§o[TenorClef] §rT2 [NOW] t=9:42.9 ph=PORTAL @-258,12,68 do=<surface-bail>  eq=iron_pickaxe woodpick=1 stonepick=1 pick=1 iron=0 buck=1
[m[34m[02:07:43][m [32m[main/INFO][m [36m(Minecraft)[m [0m[CHAT] §2§l§o[TenorClef] §rT2 [NOW] t=9:43.9 ph=PORTAL @-256,12,71 do=<surface-bail>  eq=iron_pickaxe woodpick=1 stonepick=1 pick=1 iron=0 buck=1
[m[34m[02:07:44][m [32m[main/INFO][m [36m(Minecraft)[m [0m[CHAT] §2§l§o[TenorClef] §rT2 [HIST] 9:44.8 SNAP ph=PORTAL @-255,11,74 sky=0 wet=false ground=true pick=1 buck=2 iron=0 ore=1 rods=0 pearls=0 eyes=0 child=SurfaceBailTask dbg=<surface-bail>  mobs=none
[m[34m[02:07:44][m [32m[main/INFO][m [36m(Minecraft)[m [0m[CHAT] §2§l§o[TenorClef] §rT2 [NOW] t=9:44.9 ph=PORTAL @-255,11,74 do=<surface-bail>  eq=cobblestone woodpick=1 stonepick=1 pick=1 iron=0 buck=1
[m[34m[02:07:44][m [32m[main/INFO][m [36m(Minecraft)[m [0m[STDOUT]: ALTO CLEF: WARNING: T2 [S199] sticky air-pocket BlockPos{x=-255, y=11, z=73}
[m[34m[02:07:44][m [32m[main/INFO][m [36m(Minecraft)[m [0m[CHAT] §2§l§o[TenorClef] §cT2 [S199] sticky air-pocket BlockPos{x=-255, y=11, z=73}§r
[m[34m[02:07:44][m [32m[main/INFO][m [36m(Minecraft)[m [0m[CHAT] §2§l§o[TenorClef] §rT2 [HIST] 9:45.5 FORCE S199 sticky air-pocket BlockPos{x=-255, y=11, z=73}
[m[34m[02:07:44][m [32m[main/INFO][m [36m(Minecraft)[m [0m[CHAT] §2§l§o[TenorClef] §rTESRUN2 surface-bail S151 air-pocket dest=BlockPos{x=-255, y=11, z=73} from=BlockPos{x=-255, y=11, z=75}
[m[34m[02:07:44][m [32m[main/INFO][m [36m(Minecraft)[m [0m[CHAT] §2§l§o[TenorClef] §rTESRUN2 surface-bail wander (no air sky dest)
[m[34m[02:07:45][m [32m[main/INFO][m [36m(Minecraft)[m [0m[STDOUT]: ALTO CLEF: WARNING: T2 [S152] onStop interrupt=null dead=false ph=PORTAL y=10.8 -> session preserved
[m[34m[02:07:45][m [32m[main/INFO][m [36m(Minecraft)[m [0m[CHAT] §2§l§o[TenorClef] §cT2 [S152] onStop interrupt=null dead=false ph=PORTAL y=10.8 -> session preserved§r
[m[34m[02:07:46][m [32m[main/INFO][m [36m(Minecraft)[m [0mLoaded 182 advancements
[m[34m[02:07:47][m [32m[main/INFO][m [36m(Minecraft)[m [0m[STDOUT]: ALTO CLEF: WARNING: T2 [E80] parent onStart ignored, still ph=PORTAL t=9:48.0
[m[34m[02:07:47][m [32m[main/INFO][m [36m(Minecraft)[m [0m[CHAT] §2§l§o[TenorClef] §cT2 [E80] parent onStart ignored, still ph=PORTAL t=9:48.0§r
[m[34m[02:07:47][m [32m[main/INFO][m [36m(Minecraft)[m [0m[CHAT] §2§l§o[TenorClef] §rT2 [HIST] 9:48.0 onStart swallowed — keep PORTAL
[m[34m[02:07:47][m [32m[main/INFO][m [36m(Minecraft)[m [0m[STDOUT]: ALTO CLEF: WARNING: T2 [S175] slow client tick 2406ms — PORTAL @-255,11,75 child=SurfaceBailTask
[m[34m[02:07:47][m [32m[main/INFO][m [36m(Minecraft)[m [0m[CHAT] §2§l§o[TenorClef] §cT2 [S175] slow client tick 2406ms — PORTAL @-255,11,75 child=SurfaceBailTask§r
[m[34m[02:07:47][m [32m[main/INFO][m [36m(Minecraft)[m [0m[CHAT] §2§l§o[TenorClef] §rTESRUN2 surface-bail wander (no air sky dest)
[m[34m[02:07:47][m [32m[pool-5-thread-4/INFO][m [36m(Minecraft)[m [0m[STDOUT]: 264 movements considered
[m[34m[02:07:47][m [32m[pool-5-thread-4/INFO][m [36m(Minecraft)[m [0m[STDOUT]: Open set size: 0
[m[34m[02:07:47][m [32m[pool-5-thread-4/INFO][m [36m(Minecraft)[m [0m[STDOUT]: PathNode map size: 12
[m[34m[02:07:47][m [32m[pool-5-thread-4/INFO][m [36m(Minecraft)[m [0m[STDOUT]: 2147483647 nodes per second
[m[34m[02:07:47][m [32m[pool-5-thread-4/INFO][m [36m(Minecraft)[m [0m[STDOUT]: Path goes for 8.602325267042627 blocks
[m[34m[02:07:47][m [32m[pool-5-thread-4/INFO][m [36m(Minecraft)[m [0m[STDOUT]: 264 movements considered
[m[34m[02:07:47][m [32m[pool-5-thread-4/INFO][m [36m(Minecraft)[m [0m[STDOUT]: Open set size: 0
[m[34m[02:07:47][m [32m[pool-5-thread-4/INFO][m [36m(Minecraft)[m [0m[STDOUT]: PathNode map size: 12
[m[34m[02:07:47][m [32m[pool-5-thread-4/INFO][m [36m(Minecraft)[m [0m[STDOUT]: 11999 nodes per second
[m[34m[02:07:47][m [32m[pool-5-thread-4/INFO][m [36m(Minecraft)[m [0m[STDOUT]: 264 movements considered
[m[34m[02:07:47][m [32m[pool-5-thread-4/INFO][m [36m(Minecraft)[m [0m[STDOUT]: Open set size: 0
[m[34m[02:07:47][m [32m[pool-5-thread-4/INFO][m [36m(Minecraft)[m [0m[STDOUT]: PathNode map size: 12
[m[34m[02:07:47][m [32m[pool-5-thread-4/INFO][m [36m(Minecraft)[m [0m[STDOUT]: 3999 nodes per second
[m[34m[02:07:47][m [32m[pool-5-thread-4/INFO][m [36m(Minecraft)[m [0m[STDOUT]: 264 movements considered
[m[34m[02:07:47][m [32m[pool-5-thread-4/INFO][m [36m(Minecraft)[m [0m[STDOUT]: Open set size: 0
[m[34m[02:07:47][m [32m[pool-5-thread-4/INFO][m [36m(Minecraft)[m [0m[STDOUT]: PathNode map size: 12
[m[34m[02:07:47][m [32m[pool-5-thread-4/INFO][m [36m(Minecraft)[m [0m[STDOUT]: 11999 nodes per second
[m[34m[02:07:47][m [32m[pool-5-thread-4/INFO][m [36m(Minecraft)[m [0m[STDOUT]: 264 movements considered
[m[34m[02:07:47][m [32m[pool-5-thread-4/INFO][m [36m(Minecraft)[m [0m[STDOUT]: Open set size: 0
[m[34m[02:07:47][m [32m[pool-5-thread-4/INFO][m [36m(Minecraft)[m [0m[STDOUT]: PathNode map size: 12
[m[34m[02:07:47][m [32m[pool-5-thread-4/INFO][m [36m(Minecraft)[m [0m[STDOUT]: 11999 nodes per second
[m[34m[02:07:47][m [32m[pool-5-thread-4/INFO][m [36m(Minecraft)[m [0m[STDOUT]: 264 movements considered
[m[34m[02:07:47][m [32m[pool-5-thread-4/INFO][m [36m(Minecraft)[m [0m[STDOUT]: Open set size: 0
[m[34m[02:07:47][m [32m[pool-5-thread-4/INFO][m [36m(Minecraft)[m [0m[STDOUT]: PathNode map size: 12
[m[34m[02:07:47][m [32m[pool-5-thread-4/INFO][m [36m(Minecraft)[m [0m[STDOUT]: 2147483647 nodes per second
[m[34m[02:07:48][m [32m[pool-5-thread-4/INFO][m [36m(Minecraft)[m [0m[STDOUT]: 264 movements considered
[m[34m[02:07:48][m [32m[pool-5-thread-4/INFO][m [36m(Minecraft)[m [0m[STDOUT]: Open set size: 0
[m[34m[02:07:48][m [32m[pool-5-thread-4/INFO][m [36m(Minecraft)[m [0m[STDOUT]: PathNode map size: 12
[m[34m[02:07:48][m [32m[pool-5-thread-4/INFO][m [36m(Minecraft)[m [0m[STDOUT]: 2147483647 nodes per second
[m[34m[02:07:48][m [32m[pool-5-thread-4/INFO][m [36m(Minecraft)[m [0m[STDOUT]: 264 movements considered
[m[34m[02:07:48][m [32m[pool-5-thread-4/INFO][m [36m(Minecraft)[m [0m[STDOUT]: Open set size: 0
[m[34m[02:07:48][m [32m[pool-5-thread-4/INFO][m [36m(Minecraft)[m [0m[STDOUT]: PathNode map size: 12
[m[34m[02:07:48][m [32m[pool-5-thread-4/INFO][m [36m(Minecraft)[m [0m[STDOUT]: 2147483647 nodes per second
[m[34m[02:07:48][m [32m[pool-5-thread-4/INFO][m [36m(Minecraft)[m [0m[STDOUT]: 264 movements considered
[m[34m[02:07:48][m [32m[pool-5-thread-4/INFO][m [36m(Minecraft)[m [0m[STDOUT]: Open set size: 0
[m[34m[02:07:48][m [32m[pool-5-thread-4/INFO][m [36m(Minecraft)[m [0m[STDOUT]: PathNode map size: 12
[m[34m[02:07:48][m [32m[pool-5-thread-4/INFO][m [36m(Minecraft)[m [0m[STDOUT]: 2147483647 nodes per second
[m[34m[02:07:48][m [32m[pool-5-thread-4/INFO][m [36m(Minecraft)[m [0m[STDOUT]: 264 movements considered
[m[34m[02:07:48][m [32m[pool-5-thread-4/INFO][m [36m(Minecraft)[m [0m[STDOUT]: Open set size: 0
[m[34m[02:07:48][m [32m[pool-5-thread-4/INFO][m [36m(Minecraft)[m [0m[STDOUT]: PathNode map size: 12
[m[34m[02:07:48][m [32m[pool-5-thread-4/INFO][m [36m(Minecraft)[m [0m[STDOUT]: 2147483647 nodes per second
[m[34m[02:07:48][m [32m[pool-5-thread-4/INFO][m [36m(Minecraft)[m [0m[STDOUT]: 264 movements considered
[m[34m[02:07:48][m [32m[pool-5-thread-4/INFO][m [36m(Minecraft)[m [0m[STDOUT]: Open set size: 0
[m[34m[02:07:48][m [32m[pool-5-thread-4/INFO][m [36m(Minecraft)[m [0m[STDOUT]: PathNode map size: 12
[m[34m[02:07:48][m [32m[pool-5-thread-4/INFO][m [36m(Minecraft)[m [0m[STDOUT]: 2147483647 nodes per second
[m[34m[02:07:48][m [32m[pool-5-thread-4/INFO][m [36m(Minecraft)[m [0m[STDOUT]: 264 movements considered
[m[34m[02:07:48][m [32m[pool-5-thread-4/INFO][m [36m(Minecraft)[m [0m[STDOUT]: Open set size: 0
[m[34m[02:07:48][m [32m[pool-5-thread-4/INFO][m [36m(Minecraft)[m [0m[STDOUT]: PathNode map size: 12
[m[34m[02:07:48][m [32m[pool-5-thread-4/INFO][m [36m(Minecraft)[m [0m[STDOUT]: 2147483647 nodes per second
[m[34m[02:07:48][m [32m[pool-5-thread-4/INFO][m [36m(Minecraft)[m [0m[STDOUT]: 264 movements considered
[m[34m[02:07:48][m [32m[pool-5-thread-4/INFO][m [36m(Minecraft)[m [0m[STDOUT]: Open set size: 0
[m[34m[02:07:48][m [32m[pool-5-thread-4/INFO][m [36m(Minecraft)[m [0m[STDOUT]: PathNode map size: 12
[m[34m[02:07:48][m [32m[pool-5-thread-4/INFO][m [36m(Minecraft)[m [0m[STDOUT]: 2147483647 nodes per second
[m[34m[02:07:48][m [32m[pool-5-thread-4/INFO][m [36m(Minecraft)[m [0m[STDOUT]: 264 movements considered
[m[34m[02:07:48][m [32m[pool-5-thread-4/INFO][m [36m(Minecraft)[m [0m[STDOUT]: Open set size: 0
[m[34m[02:07:48][m [32m[pool-5-thread-4/INFO][m [36m(Minecraft)[m [0m[STDOUT]: PathNode map size: 12
[m[34m[02:07:48][m [32m[pool-5-thread-4/INFO][m [36m(Minecraft)[m [0m[STDOUT]: 11999 nodes per second
[m[34m[02:07:48][m [32m[pool-5-thread-4/INFO][m [36m(Minecraft)[m [0m[STDOUT]: 264 movements considered
[m[34m[02:07:48][m [32m[pool-5-thread-4/INFO][m [36m(Minecraft)[m [0m[STDOUT]: Open set size: 0
[m[34m[02:07:48][m [32m[pool-5-thread-4/INFO][m [36m(Minecraft)[m [0m[STDOUT]: PathNode map size: 12
[m[34m[02:07:48][m [32m[pool-5-thread-4/INFO][m [36m(Minecraft)[m [0m[STDOUT]: 2147483647 nodes per second
[m[34m[02:07:48][m [32m[pool-5-thread-4/INFO][m [36m(Minecraft)[m [0m[STDOUT]: 264 movements considered
[m[34m[02:07:48][m [32m[pool-5-thread-4/INFO][m [36m(Minecraft)[m [0m[STDOUT]: Open set size: 0
[m[34m[02:07:48][m [32m[pool-5-thread-4/INFO][m [36m(Minecraft)[m [0m[STDOUT]: PathNode map size: 12
[m[34m[02:07:48][m [32m[pool-5-thread-4/INFO][m [36m(Minecraft)[m [0m[STDOUT]: 2147483647 nodes per second
[m[34m[02:07:49][m [32m[pool-5-thread-4/INFO][m [36m(Minecraft)[m [0m[STDOUT]: 264 movements considered
[m[34m[02:07:49][m [32m[pool-5-thread-4/INFO][m [36m(Minecraft)[m [0m[STDOUT]: Open set size: 0
[m[34m[02:07:49][m [32m[pool-5-thread-4/INFO][m [36m(Minecraft)[m [0m[STDOUT]: PathNode map size: 12
[m[34m[02:07:49][m [32m[pool-5-thread-4/INFO][m [36m(Minecraft)[m [0m[STDOUT]: 2147483647 nodes per second
[m[34m[02:07:49][m [32m[pool-5-thread-4/INFO][m [36m(Minecraft)[m [0m[STDOUT]: 264 movements considered
[m[34m[02:07:49][m [32m[pool-5-thread-4/INFO][m [36m(Minecraft)[m [0m[STDOUT]: Open set size: 0
[m[34m[02:07:49][m [32m[pool-5-thread-4/INFO][m [36m(Minecraft)[m [0m[STDOUT]: PathNode map size: 12
[m[34m[02:07:49][m [32m[pool-5-thread-4/INFO][m [36m(Minecraft)[m [0m[STDOUT]: 11999 nodes per second
[m[34m[02:07:49][m [32m[pool-5-thread-4/INFO][m [36m(Minecraft)[m [0m[STDOUT]: 523776 movements considered
[m[34m[02:07:49][m [32m[pool-5-thread-4/INFO][m [36m(Minecraft)[m [0m[STDOUT]: Open set size: 4959
[m[34m[02:07:49][m [32m[pool-5-thread-4/INFO][m [36m(Minecraft)[m [0m[STDOUT]: PathNode map size: 28767
[m[34m[02:07:49][m [32m[pool-5-thread-4/INFO][m [36m(Minecraft)[m [0m[STDOUT]: 47520 nodes per second
[m[34m[02:07:49][m [32m[pool-5-thread-4/INFO][m [36m(Minecraft)[m [0m[STDOUT]: Warning: cost coefficient is greater than three! Probably means that
[m[34m[02:07:49][m [32m[pool-5-thread-4/INFO][m [36m(Minecraft)[m [0m[STDOUT]: the path I found is pretty terrible (like sneak-bridging for dozens of blocks)
[m[34m[02:07:49][m [32m[pool-5-thread-4/INFO][m [36m(Minecraft)[m [0m[STDOUT]: But I'm going to do it anyway, because yolo
[m[34m[02:07:49][m [32m[pool-5-thread-4/INFO][m [36m(Minecraft)[m [0m[STDOUT]: Path goes for 5.477225575051661 blocks
[m[34m[02:07:50][m [32m[T2Deadman/INFO][m [36m(Minecraft)[m [0m[STDOUT]: TENORCLEF: DEADMAN: client tick running 3s — client thread stack, innermost first:
    at knot//net.minecraft.client.render.BufferBuilder.sortQuads(BufferBuilder.java:148)
    at knot//net.minecraft.client.render.RenderLayer.draw(RenderLayer.java:583)
    at knot//net.minecraft.client.render.VertexConsumerProvider$Immediate.draw(VertexConsumerProvider.java:86)
    at knot//net.minecraft.client.render.VertexConsumerProvider$Immediate.method_24213(VertexConsumerProvider.java:65)
    at java.base/java.util.Optional.ifPresent(Optional.java:178)
    at knot//net.minecraft.client.render.VertexConsumerProvider$Immediate.draw(VertexConsumerProvider.java:62)
    at knot//net.minecraft.client.font.TextRenderer.draw(TextRenderer.java:108)
    at knot//net.minecraft.client.font.TextRenderer.drawWithShadow(TextRenderer.java:75)
    at knot//net.minecraft.client.gui.hud.ChatHud.render(ChatHud.java:98)
    at knot//net.minecraft.client.gui.hud.InGameHud.render(InGameHud.java:360)
    at knot//net.minecraft.client.render.GameRenderer.render(GameRenderer.java:584)
    at knot//net.minecraft.client.MinecraftClient.render(MinecraftClient.java:1021)
    at knot//net.minecraft.client.MinecraftClient.run(MinecraftClient.java:654)
    at knot//net.minecraft.client.main.Main.main(Main.java:215)
    at net.fabricmc.loader.impl.game.minecraft.MinecraftGameProvider.launch(MinecraftGameProvider.java:480)
    at net.fabricmc.loader.impl.launch.knot.Knot.launch(Knot.java:74)
    at net.fabricmc.loader.impl.launch.knot.KnotClient.main(KnotClient.java:23)
    at net.fabricmc.devlaunchinjector.Main.main(Main.java:86)
[m[34m[02:07:50][m [32m[T2Deadman/INFO][m [36m(Minecraft)[m [0m[STDOUT]: TENORCLEF: HARNESS: DEADMAN: client tick running 3s — client thread stack, innermost first:
    at knot//net.minecraft.client.render.BufferBuilder.sortQuads(BufferBuilder.java:148)
    at knot//net.minecraft.client.render.RenderLayer.draw(RenderLayer.java:583)
    at knot//net.minecraft.client.render.VertexConsumerProvider$Immediate.draw(VertexConsumerProvider.java:86)
    at knot//net.minecraft.client.render.VertexConsumerProvider$Immediate.method_24213(VertexConsumerProvider.java:65)
    at java.base/java.util.Optional.ifPresent(Optional.java:178)
    at knot//net.minecraft.client.render.VertexConsumerProvider$Immediate.draw(VertexConsumerProvider.java:62)
    at knot//net.minecraft.client.font.TextRenderer.draw(TextRenderer.java:108)
    at knot//net.minecraft.client.font.TextRenderer.drawWithShadow(TextRenderer.java:75)
    at knot//net.minecraft.client.gui.hud.ChatHud.render(ChatHud.java:98)
    at knot//net.minecraft.client.gui.hud.InGameHud.render(InGameHud.java:360)
    at knot//net.minecraft.client.render.GameRenderer.render(GameRenderer.java:584)
    at knot//net.minecraft.client.MinecraftClient.render(MinecraftClient.java:1021)
    at knot//net.minecraft.client.MinecraftClient.run(MinecraftClient.java:654)
    at knot//net.minecraft.client.main.Main.main(Main.java:215)
    at net.fabricmc.loader.impl.game.minecraft.MinecraftGameProvider.launch(MinecraftGameProvider.java:480)
    at net.fabricmc.loader.impl.launch.knot.Knot.launch(Knot.java:74)
    at net.fabricmc.loader.impl.launch.knot.KnotClient.main(KnotClient.java:23)
    at net.fabricmc.devlaunchinjector.Main.main(Main.java:86)
[m[34m[02:07:50][m [32m[T2Deadman/INFO][m [36m(Minecraft)[m [0m[STDOUT]: ALTO CLEF: WARNING: T2 [S181] DEADMAN: client tick running 3s — client thread stack, innermost first:
    at knot//net.minecraft.client.render.BufferBuilder.sortQuads(BufferBuilder.java:148)
    at knot//net.minecraft.client.render.RenderLayer.draw(RenderLayer.java:583)
    at knot//net.minecraft.client.render.VertexConsumerProvider$Immediate.draw(VertexConsumerProvider.java:86)
    at knot//net.minecraft.client.render.VertexConsumerProvider$Immediate.method_24213(VertexConsumerProvider.java:65)
    at java.base/java.util.Optional.ifPresent(Optional.java:178)
    at knot//net.minecraft.client.render.VertexConsumerProvider$Immediate.draw(VertexConsumerProvider.java:62)
    at knot//net.minecraft.client.font.TextRenderer.draw(TextRenderer.java:108)
    at knot//net.minecraft.client.font.TextRenderer.drawWithShadow(TextRenderer.java:75)
    at knot//net.minecraft.client.gui.hud.ChatHud.render(ChatHud.java:98)
    at knot//net.minecraft.client.gui.hud.InGameHud.render(InGameHud.java:360)
    at knot//net.minecraft.client.render.GameRenderer.render(GameRenderer.java:584)
    at knot//net.minecraft.client.MinecraftClient.render(MinecraftClient.java:1021)
    at knot//net.minecraft.client.MinecraftClient.run(MinecraftClient.java:654)
    at knot//net.minecraft.client.main.Main.main(Main.java:215)
    at net.fabricmc.loader.impl.game.minecraft.MinecraftGameProvider.launch(MinecraftGameProvider.java:480)
    at net.fabricmc.loader.impl.launch.knot.Knot.launch(Knot.java:74)
    at net.fabricmc.loader.impl.launch.knot.KnotClient.main(KnotClient.java:23)
    at net.fabricmc.devlaunchinjector.Main.main(Main.java:86)
[m[34m[02:07:50][m [32m[T2Deadman/INFO][m [36m(Minecraft)[m [0m[CHAT] §2§l§o[TenorClef] §cT2 [S181] DEADMAN: client tick running 3s — client thread stack, innermost first:\n    at knot//net.minecraft.client.render.BufferBuilder.sortQuads(BufferBuilder.java:148)\n    at knot//net.minecraft.client.render.RenderLayer.draw(RenderLayer.java:583)\n    at knot//net.minecraft.client.render.VertexConsumerProvider$Immediate.draw(VertexConsumerProvider.java:86)\n    at knot//net.minecraft.client.render.VertexConsumerProvider$Immediate.method_24213(VertexConsumerProvider.java:65)\n    at java.base/java.util.Optional.ifPresent(Optional.java:178)\n    at knot//net.minecraft.client.render.VertexConsumerProvider$Immediate.draw(VertexConsumerProvider.java:62)\n    at knot//net.minecraft.client.font.TextRenderer.draw(TextRenderer.java:108)\n    at knot//net.minecraft.client.font.TextRenderer.drawWithShadow(TextRenderer.java:75)\n    at knot//net.minecraft.client.gui.hud.ChatHud.render(ChatHud.java:98)\n    at knot//net.minecraft.client.gui.hud.InGameHud.render(InGameHud.java:360)\n    at knot//net.minecraft.client.render.GameRenderer.render(GameRenderer.java:584)\n    at knot//net.minecraft.client.MinecraftClient.render(MinecraftClient.java:1021)\n    at knot//net.minecraft.client.MinecraftClient.run(MinecraftClient.java:654)\n    at knot//net.minecraft.client.main.Main.main(Main.java:215)\n    at net.fabricmc.loader.impl.game.minecraft.MinecraftGameProvider.launch(MinecraftGameProvider.java:480)\n    at net.fabricmc.loader.impl.launch.knot.Knot.launch(Knot.java:74)\n    at net.fabricmc.loader.impl.launch.knot.KnotClient.main(KnotClient.java:23)\n    at net.fabricmc.devlaunchinjector.Main.main(Main.java:86)§r
[m[34m[02:07:50][m [32m[T2Deadman/INFO][m [36m(Minecraft)[m [0m[CHAT] §2§l§o[TenorClef] §rT2 [HIST] 9:51.0 FORCE S181 DEADMAN: client tick running 3s — client thread stack, innermost first:\n    at knot//net.minecraft.client.render.BufferBuilder.sortQuads(BufferBuilder.java:148)\n    at knot//net.minecraft.client.render.RenderLayer.draw(RenderLayer.java:583)\n    at knot//net.minecraft.client.render.VertexConsumerProvider$Immediate.draw(VertexConsumerProvider.java:86)\n    at knot//net.minecraft.client.render.VertexConsumerProvider$Immediate.method_24213(VertexConsumerProvider.java:65)\n    at java.base/java.util.Optional.ifPresent(Optional.java:178)\n    at knot//net.minecraft.client.render.VertexConsumerProvider$Immediate.draw(VertexConsumerProvider.java:62)\n    at knot//net.minecraft.client.font.TextRenderer.draw(TextRenderer.java:108)\n    at knot//net.minecraft.client.font.TextRenderer.drawWithShadow(TextRenderer.java:75)\n    at knot//net.minecraft.client.gui.hud.ChatHud.render(ChatHud.java:98)\n    at knot//net.minecraft.client.gui.hud.InGameHud.render(InGameHud.java:360)\n    at knot//net.minecraft.client.render.GameRenderer.render(GameRenderer.java:584)\n    at knot//net.minecraft.client.MinecraftClient.render(MinecraftClient.java:1021)\n    at knot//net.minecraft.client.MinecraftClient.run(MinecraftClient.java:654)\n    at knot//net.minecraft.client.main.Main.main(Main.java:215)\n    at net.fabricmc.loader.impl.game.minecraft.MinecraftGameProvider.launch(MinecraftGameProvider.java:480)\n    at net.fabricmc.loader.impl.launch.knot.Knot.launch(Knot.java:74)\n    at net.fabricmc.loader.impl.launch.knot.KnotClient.main(KnotClient.java:23)\n    at net.fabricmc.devlaunchinjector.Main.main(Main.java:86)
[m[34m[02:07:57][m [32m[main/INFO][m [36m(Minecraft)[m [0m[CHAT] §2§l§o[TenorClef] §rtrying to press shift
[m[34m[02:08:03][m [32m[main/INFO][m [36m(Minecraft)[m [0m[CHAT] §2§l§o[TenorClef] §rtrying to press shift
[m[34m[02:08:07][m [32m[main/INFO][m [36m(Minecraft)[m [0m[CHAT] §2§l§o[TenorClef] §rRefreshed inventory...
[m[34m[02:08:13][m [32m[main/INFO][m [36m(Minecraft)[m [0m[STDOUT]: ALTO CLEF: WARNING: T2 [E80] parent onStart ignored, still ph=PORTAL t=10:13.6
[m[34m[02:08:13][m [32m[main/INFO][m [36m(Minecraft)[m [0m[CHAT] §2§l§o[TenorClef] §cT2 [E80] parent onStart ignored, still ph=PORTAL t=10:13.6§r
[m[34m[02:08:13][m [32m[main/INFO][m [36m(Minecraft)[m [0m[CHAT] §2§l§o[TenorClef] §rT2 [HIST] 10:13.6 onStart swallowed — keep PORTAL
[m[34m[02:08:13][m [32m[main/INFO][m [36m(Minecraft)[m [0m[STDOUT]: ALTO CLEF: WARNING: T2 [S176] one client tick took 25645ms (limit 8000ms) — PORTAL @-255,11,76 child=SurfaceBailTask
[m[34m[02:08:13][m [32m[main/INFO][m [36m(Minecraft)[m [0m[CHAT] §2§l§o[TenorClef] §cT2 [S176] one client tick took 25645ms (limit 8000ms) — PORTAL @-255,11,76 child=SurfaceBailTask§r
[m[34m[02:08:13][m [32m[main/INFO][m [36m(Minecraft)[m [0m[CHAT] §2§l§o[TenorClef] §rT2 [HIST] 10:13.6 FORCE S176 one client tick took 25645ms (limit 8000ms) — PORTAL @-255,11,76 child=SurfaceBailTask
[m[34m[02:08:13][m [32m[main/INFO][m [36m(Minecraft)[m [0m[STDOUT]: ALTO CLEF: WARNING: T2 [S199] sticky air-pocket BlockPos{x=-255, y=11, z=74}
[m[34m[02:08:13][m [32m[main/INFO][m [36m(Minecraft)[m [0m[CHAT] §2§l§o[TenorClef] §cT2 [S199] sticky air-pocket BlockPos{x=-255, y=11, z=74}§r
[m[34m[02:08:13][m [32m[main/INFO][m [36m(Minecraft)[m [0m[CHAT] §2§l§o[TenorClef] §rT2 [HIST] 10:13.6 FORCE S199 sticky air-pocket BlockPos{x=-255, y=11, z=74}
[m[34m[02:08:13][m [32m[main/INFO][m [36m(Minecraft)[m [0m[CHAT] §2§l§o[TenorClef] §rTESRUN2 surface-bail S151 air-pocket dest=BlockPos{x=-255, y=11, z=74} from=BlockPos{x=-255, y=11, z=76}
[m[34m[02:08:13][m [32m[main/INFO][m [36m(Minecraft)[m [0m[CHAT] §2§l§o[TenorClef] §rTESRUN2 surface-bail wander (no air sky dest)
[m[34m[02:08:13][m [32m[main/INFO][m [36m(Minecraft)[m [0m[CHAT] §2§l§o[TenorClef] §rT2 [NOW] t=10:13.9 ph=PORTAL @-255,11,76 do=<surface-bail>  eq=water_bucket woodpick=1 stonepick=1 pick=1 iron=0 buck=1
[m[34m[02:08:13][m [32m[pool-5-thread-4/INFO][m [36m(Minecraft)[m [0m[STDOUT]: 480128 movements considered
[m[34m[02:08:13][m [32m[pool-5-thread-4/INFO][m [36m(Minecraft)[m [0m[STDOUT]: Open set size: 6198
[m[34m[02:08:13][m [32m[pool-5-thread-4/INFO][m [36m(Minecraft)[m [0m[STDOUT]: PathNode map size: 28022
[m[34m[02:08:13][m [32m[pool-5-thread-4/INFO][m [36m(Minecraft)[m [0m[STDOUT]: 43560 nodes per second
[m[34m[02:08:13][m [32m[pool-5-thread-4/INFO][m [36m(Minecraft)[m [0m[STDOUT]: Warning: cost coefficient is greater than three! Probably means that
[m[34m[02:08:13][m [32m[pool-5-thread-4/INFO][m [36m(Minecraft)[m [0m[STDOUT]: the path I found is pretty terrible (like sneak-bridging for dozens of blocks)
[m[34m[02:08:13][m [32m[pool-5-thread-4/INFO][m [36m(Minecraft)[m [0m[STDOUT]: But I'm going to do it anyway, because yolo
[m[34m[02:08:13][m [32m[pool-5-thread-4/INFO][m [36m(Minecraft)[m [0m[STDOUT]: Path goes for 30.430248109405877 blocks
[m[34m[02:08:13][m [32m[main/INFO][m [36m(Minecraft)[m [0m[CHAT] §2§l§o[TenorClef] §rT2 [HB] t=10:14.2 ph=PORTAL y=11 child=SurfaceBailTask logs=0 pick=1 woodpick=1
[m[34m[02:08:14][m [32m[main/INFO][m [36m(Minecraft)[m [0m[CHAT] §2§l§o[TenorClef] §rT2 [NOW] t=10:14.9 ph=PORTAL @-255,11,76 do=<surface-bail>  eq=iron_pickaxe woodpick=1 stonepick=1 pick=1 iron=0 buck=1
[m[34m[02:08:15][m [32m[main/INFO][m [36m(Minecraft)[m [0m[CHAT] §2§l§o[TenorClef] §rT2 [NOW] t=10:15.9 ph=PORTAL @-255,11,76 do=<surface-bail>  eq=iron_pickaxe woodpick=1 stonepick=1 pick=1 iron=0 buck=1
[m[34m[02:08:16][m [32m[main/INFO][m [36m(Minecraft)[m [0m[CHAT] §2§l§o[TenorClef] §rT2 [NOW] t=10:16.9 ph=PORTAL @-255,12,75 do=<surface-bail>  eq=cobblestone woodpick=1 stonepick=1 pick=1 iron=0 buck=1
[m[34m[02:08:17][m [32m[main/INFO][m [36m(Minecraft)[m [0m[CHAT] §2§l§o[TenorClef] §rT2 [HIST] 10:17.8 SNAP ph=PORTAL @-255,12,75 sky=0 wet=false ground=true pick=1 buck=2 iron=0 ore=1 rods=0 pearls=0 eyes=0 child=SurfaceBailTask dbg=<surface-bail>  mobs=none
[m[34m[02:08:17][m [32m[main/INFO][m [36m(Minecraft)[m [0m[CHAT] §2§l§o[TenorClef] §rT2 [NOW] t=10:17.9 ph=PORTAL @-255,12,75 do=<surface-bail>  eq=cobblestone woodpick=1 stonepick=1 pick=1 iron=0 buck=1
[m[34m[02:08:17][m [32m[pool-5-thread-4/INFO][m [36m(Minecraft)[m [0m[STDOUT]: 4219776 movements considered
[m[34m[02:08:17][m [32m[pool-5-thread-4/INFO][m [36m(Minecraft)[m [0m[STDOUT]: Open set size: 25367
[m[34m[02:08:17][m [32m[pool-5-thread-4/INFO][m [36m(Minecraft)[m [0m[STDOUT]: PathNode map size: 217171
[m[34m[02:08:17][m [32m[pool-5-thread-4/INFO][m [36m(Minecraft)[m [0m[STDOUT]: 47952 nodes per second
[m[34m[02:08:17][m [32m[pool-5-thread-4/INFO][m [36m(Minecraft)[m [0m[STDOUT]: Warning: cost coefficient is greater than three! Probably means that
[m[34m[02:08:17][m [32m[pool-5-thread-4/INFO][m [36m(Minecraft)[m [0m[STDOUT]: the path I found is pretty terrible (like sneak-bridging for dozens of blocks)
[m[34m[02:08:17][m [32m[pool-5-thread-4/INFO][m [36m(Minecraft)[m [0m[STDOUT]: But I'm going to do it anyway, because yolo
[m[34m[02:08:17][m [32m[pool-5-thread-4/INFO][m [36m(Minecraft)[m [0m[STDOUT]: Path goes for 29.427877939124322 blocks
[m[34m[02:08:18][m [32m[main/INFO][m [36m(Minecraft)[m [0m[CHAT] §2§l§o[TenorClef] §rT2 [NOW] t=10:18.9 ph=PORTAL @-255,12,75 do=<surface-bail>  eq=iron_pickaxe woodpick=1 stonepick=1 pick=1 iron=0 buck=1
[m[34m[02:08:19][m [32m[main/INFO][m [36m(Minecraft)[m [0m[CHAT] §2§l§o[TenorClef] §rT2 [NOW] t=10:19.9 ph=PORTAL @-255,12,74 do=<surface-bail>  eq=iron_pickaxe woodpick=1 stonepick=1 pick=1 iron=0 buck=1
[m[34m[02:08:20][m [32m[main/INFO][m [36m(Minecraft)[m [0m[CHAT] §2§l§o[TenorClef] §rT2 [NOW] t=10:20.9 ph=PORTAL @-255,12,71 do=<surface-bail>  eq=cobblestone woodpick=1 stonepick=1 pick=1 iron=0 buck=1
[m[34m[02:08:21][m [32m[main/INFO][m [36m(Minecraft)[m [0m[CHAT] §2§l§o[TenorClef] §rT2 [NOW] t=10:21.9 ph=PORTAL @-258,12,69 do=<surface-bail>  eq=cobblestone woodpick=1 stonepick=1 pick=1 iron=0 buck=1
[m[34m[02:08:22][m [32m[main/INFO][m [36m(Minecraft)[m [0m[STDOUT]: ALTO CLEF: WARNING: T2 [S158] shaft-hop area ban lifted @-255,72 r=14 esc=1
[m[34m[02:08:22][m [32m[main/INFO][m [36m(Minecraft)[m [0m[CHAT] §2§l§o[TenorClef] §cT2 [S158] shaft-hop area ban lifted @-255,72 r=14 esc=1§r
[m[34m[02:08:22][m [32m[main/INFO][m [36m(Minecraft)[m [0m[CHAT] §2§l§o[TenorClef] §rT2 [HIST] 10:22.6 FORCE S158 shaft-hop area ban lifted @-255,72 r=14 esc=1
[m[34m[02:08:22][m [32m[main/INFO][m [36m(Minecraft)[m [0m[CHAT] §2§l§o[TenorClef] §rT2 [HIST] 10:22.8 SNAP ph=PORTAL @-258,12,66 sky=0 wet=false ground=true pick=1 buck=2 iron=0 ore=1 rods=0 pearls=0 eyes=0 child=SurfaceBailTask dbg=<surface-bail>  mobs=none
[m[34m[02:08:22][m [32m[main/INFO][m [36m(Minecraft)[m [0m[CHAT] §2§l§o[TenorClef] §rT2 [NOW] t=10:22.9 ph=PORTAL @-258,12,66 do=<surface-bail>  eq=iron_pickaxe woodpick=1 stonepick=1 pick=1 iron=0 buck=1
[m[34m[02:08:23][m [32m[main/INFO][m [36m(Minecraft)[m [0m[CHAT] §2§l§o[TenorClef] §rT2 [NOW] t=10:23.9 ph=PORTAL @-258,12,66 do=<surface-bail>  eq=iron_pickaxe woodpick=1 stonepick=1 pick=1 iron=0 buck=1
[m[34m[02:08:23][m [32m[main/INFO][m [36m(Minecraft)[m [0m[CHAT] §2§l§o[TenorClef] §rT2 [HB] t=10:24.2 ph=PORTAL y=12 child=SurfaceBailTask logs=0 pick=1 woodpick=1
[m[34m[02:08:23][m [32m[main/INFO][m [36m(Minecraft)[m [0m[STDOUT]: ALTO CLEF: WARNING: T2 [S199] sticky air-pocket BlockPos{x=-258, y=12, z=68}
[m[34m[02:08:23][m [32m[main/INFO][m [36m(Minecraft)[m [0m[CHAT] §2§l§o[TenorClef] §cT2 [S199] sticky air-pocket BlockPos{x=-258, y=12, z=68}§r
[m[34m[02:08:23][m [32m[main/INFO][m [36m(Minecraft)[m [0m[CHAT] §2§l§o[TenorClef] §rT2 [HIST] 10:24.3 FORCE S199 sticky air-pocket BlockPos{x=-258, y=12, z=68}
[m[34m[02:08:23][m [32m[main/INFO][m [36m(Minecraft)[m [0m[CHAT] §2§l§o[TenorClef] §rTESRUN2 surface-bail S151 air-pocket dest=BlockPos{x=-258, y=12, z=68} from=BlockPos{x=-258, y=12, z=66}
[m[34m[02:08:23][m [32m[main/INFO][m [36m(Minecraft)[m [0m[CHAT] §2§l§o[TenorClef] §rTESRUN2 surface-bail wander (no air sky dest)
[m[34m[02:08:24][m [32m[pool-5-thread-2/INFO][m [36m(Minecraft)[m [0m[STDOUT]: Saving region -1,-1 to disk C:\Users\redfa\Documents\MinecraftDev\altoclef\versions\1.16.1\run\saves\AutoRun_20260925_015732\.\baritone\cache
[m[34m[02:08:24][m [32m[ForkJoinPool.commonPool-worker-2/INFO][m [36m(Minecraft)[m [0m[STDOUT]: Saving region -1,0 to disk C:\Users\redfa\Documents\MinecraftDev\altoclef\versions\1.16.1\run\saves\AutoRun_20260925_015732\.\baritone\cache
[m[34m[02:08:24][m [32m[pool-5-thread-2/INFO][m [36m(Minecraft)[m [0m[STDOUT]: Saved region successfully
[m[34m[02:08:24][m [32m[main/INFO][m [36m(Minecraft)[m [0m[CHAT] §2§l§o[TenorClef] §rT2 [NOW] t=10:24.9 ph=PORTAL @-258,13,65 do=<surface-bail>  eq=iron_pickaxe woodpick=1 stonepick=1 pick=1 iron=0 buck=1
[m[34m[02:08:24][m [32m[ForkJoinPool.commonPool-worker-2/INFO][m [36m(Minecraft)[m [0m[STDOUT]: Saved region successfully
[m[34m[02:08:24][m [32m[pool-5-thread-2/INFO][m [36m(Minecraft)[m [0m[STDOUT]: World save took 118ms
[m[34m[02:08:25][m [32m[main/INFO][m [36m(Minecraft)[m [0m[CHAT] §2§l§o[TenorClef] §rTESRUN2 surface-bail dest=BlockPos{x=-258, y=12, z=68}
[m[34m[02:08:25][m [32m[main/INFO][m [36m(Minecraft)[m [0m[CHAT] §2§l§o[TenorClef] §rT2 [NOW] t=10:25.9 ph=PORTAL @-258,12,66 do=<surface-bail>  eq=iron_pickaxe woodpick=1 stonepick=1 pick=1 iron=0 buck=1
[m[34m[02:08:26][m [32m[main/INFO][m [36m(Minecraft)[m [0m[CHAT] §2§l§o[TenorClef] §rT2 [NOW] t=10:26.9 ph=PORTAL @-258,12,68 do=<surface-bail>  eq=iron_pickaxe woodpick=1 stonepick=1 pick=1 iron=0 buck=1
[m[34m[02:08:27][m [32m[main/INFO][m [36m(Minecraft)[m [0m[CHAT] §2§l§o[TenorClef] §rT2 [HIST] 10:27.8 SNAP ph=PORTAL @-258,12,68 sky=0 wet=false ground=true pick=1 buck=2 iron=0 ore=1 rods=0 pearls=0 eyes=0 child=SurfaceBailTask dbg=<surface-bail>  mobs=none
[m[34m[02:08:27][m [32m[main/INFO][m [36m(Minecraft)[m [0m[CHAT] §2§l§o[TenorClef] §rT2 [NOW] t=10:27.9 ph=PORTAL @-258,12,68 do=<surface-bail>  eq=iron_pickaxe woodpick=1 stonepick=1 pick=1 iron=0 buck=1
[m[34m[02:08:28][m [32m[main/INFO][m [36m(Minecraft)[m [0m[CHAT] §2§l§o[TenorClef] §rT2 [NOW] t=10:28.9 ph=PORTAL @-258,12,68 do=<surface-bail>  eq=iron_pickaxe woodpick=1 stonepick=1 pick=1 iron=0 buck=1
[m[34m[02:08:29][m [32m[main/INFO][m [36m(Minecraft)[m [0m[CHAT] §2§l§o[TenorClef] §rT2 [NOW] t=10:29.9 ph=PORTAL @-258,12,68 do=<surface-bail>  eq=iron_pickaxe woodpick=1 stonepick=1 pick=1 iron=0 buck=1
[m[34m[02:08:30][m [32m[main/INFO][m [36m(Minecraft)[m [0m[CHAT] §2§l§o[TenorClef] §rT2 [NOW] t=10:30.9 ph=PORTAL @-258,12,68 do=<surface-bail>  eq=iron_pickaxe woodpick=1 stonepick=1 pick=1 iron=0 buck=1
[m[34m[02:08:31][m [32m[main/INFO][m [36m(Minecraft)[m [0m[CHAT] §2§l§o[TenorClef] §rT2 [NOW] t=10:31.9 ph=PORTAL @-258,12,68 do=<surface-bail>  eq=iron_pickaxe woodpick=1 stonepick=1 pick=1 iron=0 buck=1
[m[34m[02:08:32][m [32m[main/INFO][m [36m(Minecraft)[m [0m[CHAT] §2§l§o[TenorClef] §rT2 [HIST] 10:32.8 SNAP ph=PORTAL @-258,12,68 sky=0 wet=false ground=true pick=1 buck=2 iron=0 ore=1 rods=0 pearls=0 eyes=0 child=SurfaceBailTask dbg=<surface-bail>  mobs=none
[m[34m[02:08:32][m [32m[main/INFO][m [36m(Minecraft)[m [0m[CHAT] §2§l§o[TenorClef] §rT2 [NOW] t=10:32.9 ph=PORTAL @-258,12,68 do=<surface-bail>  eq=iron_pickaxe woodpick=1 stonepick=1 pick=1 iron=0 buck=1
[m[34m[02:08:33][m [32m[main/INFO][m [36m(Minecraft)[m [0m[CHAT] §2§l§o[TenorClef] §rT2 [NOW] t=10:33.9 ph=PORTAL @-258,12,68 do=<surface-bail>  eq=iron_pickaxe woodpick=1 stonepick=1 pick=1 iron=0 buck=1
[m[34m[02:08:33][m [32m[main/INFO][m [36m(Minecraft)[m [0m[STDOUT]: ALTO CLEF: WARNING: T2 [S199] sticky air-pocket BlockPos{x=-258, y=12, z=66}
[m[34m[02:08:33][m [32m[main/INFO][m [36m(Minecraft)[m [0m[CHAT] §2§l§o[TenorClef] §cT2 [S199] sticky air-pocket BlockPos{x=-258, y=12, z=66}§r
[m[34m[02:08:33][m [32m[main/INFO][m [36m(Minecraft)[m [0m[CHAT] §2§l§o[TenorClef] §rT2 [HIST] 10:33.9 FORCE S199 sticky air-pocket BlockPos{x=-258, y=12, z=66}
[m[34m[02:08:33][m [32m[main/INFO][m [36m(Minecraft)[m [0m[CHAT] §2§l§o[TenorClef] §rTESRUN2 surface-bail S151 air-pocket dest=BlockPos{x=-258, y=12, z=66} from=BlockPos{x=-258, y=12, z=68}
[m[34m[02:08:33][m [32m[main/INFO][m [36m(Minecraft)[m [0m[CHAT] §2§l§o[TenorClef] §rTESRUN2 surface-bail wander (no air sky dest)
[m[34m[02:08:33][m [32m[main/INFO][m [36m(Minecraft)[m [0m[CHAT] §2§l§o[TenorClef] §rT2 [HB] t=10:34.2 ph=PORTAL y=12 child=SurfaceBailTask logs=0 pick=1 woodpick=1
[m[34m[02:08:33][m [32m[pool-5-thread-4/INFO][m [36m(Minecraft)[m [0m[STDOUT]: 627968 movements considered
[m[34m[02:08:33][m [32m[pool-5-thread-4/INFO][m [36m(Minecraft)[m [0m[STDOUT]: Open set size: 5796
[m[34m[02:08:33][m [32m[pool-5-thread-4/INFO][m [36m(Minecraft)[m [0m[STDOUT]: PathNode map size: 34340
[m[34m[02:08:33][m [32m[pool-5-thread-4/INFO][m [36m(Minecraft)[m [0m[STDOUT]: 56974 nodes per second
[m[34m[02:08:33][m [32m[pool-5-thread-4/INFO][m [36m(Minecraft)[m [0m[STDOUT]: Warning: cost coefficient is greater than three! Probably means that
[m[34m[02:08:33][m [32m[pool-5-thread-4/INFO][m [36m(Minecraft)[m [0m[STDOUT]: the path I found is pretty terrible (like sneak-bridging for dozens of blocks)
[m[34m[02:08:33][m [32m[pool-5-thread-4/INFO][m [36m(Minecraft)[m [0m[STDOUT]: But I'm going to do it anyway, because yolo
[m[34m[02:08:33][m [32m[pool-5-thread-4/INFO][m [36m(Minecraft)[m [0m[STDOUT]: Path goes for 21.863211109075447 blocks
[m[34m[02:08:34][m [32m[main/INFO][m [36m(Minecraft)[m [0m[CHAT] §2§l§o[TenorClef] §rT2 [NOW] t=10:34.9 ph=PORTAL @-258,12,66 do=<surface-bail>  eq=iron_pickaxe woodpick=1 stonepick=1 pick=1 iron=0 buck=1
[m[34m[02:08:35][m [32m[main/INFO][m [36m(Minecraft)[m [0m[CHAT] §2§l§o[TenorClef] §rT2 [NOW] t=10:35.9 ph=PORTAL @-258,13,65 do=<surface-bail>  eq=iron_pickaxe woodpick=1 stonepick=1 pick=1 iron=0 buck=1
[m[34m[02:08:36][m [32m[main/INFO][m [36m(Minecraft)[m [0m[CHAT] §2§l§o[TenorClef] §rT2 [NOW] t=10:36.9 ph=PORTAL @-258,14,64 do=<surface-bail>  eq=iron_pickaxe woodpick=1 stonepick=1 pick=1 iron=0 buck=1
[m[34m[02:08:37][m [32m[main/INFO][m [36m(Minecraft)[m [0m[CHAT] §2§l§o[TenorClef] §rTESRUN2 surface-bail dest=BlockPos{x=-258, y=12, z=66}
[m[34m[02:08:37][m [32m[main/INFO][m [36m(Minecraft)[m [0m[CHAT] §2§l§o[TenorClef] §rT2 [HIST] 10:37.8 SNAP ph=PORTAL @-258,14,65 sky=0 wet=false ground=true pick=1 buck=2 iron=0 ore=1 rods=0 pearls=0 eyes=0 child=SurfaceBailTask dbg=<surface-bail>  mobs=none
[m[34m[02:08:37][m [32m[main/INFO][m [36m(Minecraft)[m [0m[CHAT] §2§l§o[TenorClef] §rT2 [NOW] t=10:37.9 ph=PORTAL @-258,13,65 do=<surface-bail>  eq=iron_pickaxe woodpick=1 stonepick=1 pick=1 iron=0 buck=1
[m[34m[02:08:37][m [32m[main/INFO][m [36m(Minecraft)[m [0m[CHAT] §2§l§o[TenorClef] §rRefreshed inventory...
[m[34m[02:08:38][m [32m[main/INFO][m [36m(Minecraft)[m [0m[CHAT] §2§l§o[TenorClef] §rT2 [NOW] t=10:38.9 ph=PORTAL @-258,12,66 do=<surface-bail>  eq=iron_pickaxe woodpick=1 stonepick=1 pick=1 iron=0 buck=1
[m[34m[02:08:39][m [32m[main/INFO][m [36m(Minecraft)[m [0m[CHAT] §2§l§o[TenorClef] §rT2 [NOW] t=10:39.9 ph=PORTAL @-258,12,66 do=<surface-bail>  eq=iron_pickaxe woodpick=1 stonepick=1 pick=1 iron=0 buck=1
[m[34m[02:08:40][m [32m[main/INFO][m [36m(Minecraft)[m [0m[CHAT] §2§l§o[TenorClef] §rT2 [NOW] t=10:40.9 ph=PORTAL @-258,12,66 do=<surface-bail>  eq=iron_pickaxe woodpick=1 stonepick=1 pick=1 iron=0 buck=1
[m[34m[02:08:41][m [32m[main/INFO][m [36m(Minecraft)[m [0m[CHAT] §2§l§o[TenorClef] §rT2 [NOW] t=10:41.9 ph=PORTAL @-258,12,66 do=<surface-bail>  eq=iron_pickaxe woodpick=1 stonepick=1 pick=1 iron=0 buck=1
[m[34m[02:08:42][m [32m[main/INFO][m [36m(Minecraft)[m [0m[CHAT] §2§l§o[TenorClef] §rT2 [HIST] 10:42.8 SNAP ph=PORTAL @-258,12,66 sky=0 wet=false ground=true pick=1 buck=2 iron=0 ore=1 rods=0 pearls=0 eyes=0 child=SurfaceBailTask dbg=<surface-bail>  mobs=none
[m[34m[02:08:42][m [32m[main/INFO][m [36m(Minecraft)[m [0m[CHAT] §2§l§o[TenorClef] §rT2 [NOW] t=10:42.9 ph=PORTAL @-258,12,66 do=<surface-bail>  eq=iron_pickaxe woodpick=1 stonepick=1 pick=1 iron=0 buck=1
[m[34m[02:08:43][m [32m[main/INFO][m [36m(Minecraft)[m [0m[CHAT] §2§l§o[TenorClef] §rT2 [NOW] t=10:43.9 ph=PORTAL @-258,12,66 do=<surface-bail>  eq=iron_pickaxe woodpick=1 stonepick=1 pick=1 iron=0 buck=1
[m[34m[02:08:43][m [32m[main/INFO][m [36m(Minecraft)[m [0m[CHAT] §2§l§o[TenorClef] §rT2 [HB] t=10:44.2 ph=PORTAL y=12 child=SurfaceBailTask logs=0 pick=1 woodpick=1
[m[34m[02:08:44][m [32m[main/INFO][m [36m(Minecraft)[m [0m[CHAT] §2§l§o[TenorClef] §rT2 [NOW] t=10:44.9 ph=PORTAL @-258,12,66 do=<surface-bail>  eq=iron_pickaxe woodpick=1 stonepick=1 pick=1 iron=0 buck=1
[m[34m[02:08:45][m [32m[main/INFO][m [36m(Minecraft)[m [0m[CHAT] §2§l§o[TenorClef] §rT2 [NOW] t=10:45.9 ph=PORTAL @-258,12,66 do=<surface-bail>  eq=iron_pickaxe woodpick=1 stonepick=1 pick=1 iron=0 buck=1
[m[34m[02:08:45][m [32m[main/INFO][m [36m(Minecraft)[m [0m[STDOUT]: ALTO CLEF: WARNING: T2 [S199] sticky air-pocket BlockPos{x=-258, y=12, z=68}
[m[34m[02:08:45][m [32m[main/INFO][m [36m(Minecraft)[m [0m[CHAT] §2§l§o[TenorClef] §cT2 [S199] sticky air-pocket BlockPos{x=-258, y=12, z=68}§r
[m[34m[02:08:45][m [32m[main/INFO][m [36m(Minecraft)[m [0m[CHAT] §2§l§o[TenorClef] §rT2 [HIST] 10:46.4 FORCE S199 sticky air-pocket BlockPos{x=-258, y=12, z=68}
[m[34m[02:08:45][m [32m[main/INFO][m [36m(Minecraft)[m [0m[CHAT] §2§l§o[TenorClef] §rTESRUN2 surface-bail S151 air-pocket dest=BlockPos{x=-258, y=12, z=68} from=BlockPos{x=-258, y=12, z=66}
[m[34m[02:08:45][m [32m[main/INFO][m [36m(Minecraft)[m [0m[CHAT] §2§l§o[TenorClef] §rTESRUN2 surface-bail wander (no air sky dest)
[m[34m[02:08:46][m [32m[main/INFO][m [36m(Minecraft)[m [0m[CHAT] §2§l§o[TenorClef] §rT2 [NOW] t=10:46.9 ph=PORTAL @-258,12,66 do=<surface-bail>  eq=iron_pickaxe woodpick=1 stonepick=1 pick=1 iron=0 buck=1
[m[34m[02:08:46][m [32m[pool-5-thread-4/INFO][m [36m(Minecraft)[m [0m[STDOUT]: 498432 movements considered
[m[34m[02:08:46][m [32m[pool-5-thread-4/INFO][m [36m(Minecraft)[m [0m[STDOUT]: Open set size: 4955
[m[34m[02:08:46][m [32m[pool-5-thread-4/INFO][m [36m(Minecraft)[m [0m[STDOUT]: PathNode map size: 27611
[m[34m[02:08:46][m [32m[pool-5-thread-4/INFO][m [36m(Minecraft)[m [0m[STDOUT]: 45312 nodes per second
[m[34m[02:08:46][m [32m[pool-5-thread-4/INFO][m [36m(Minecraft)[m [0m[STDOUT]: Warning: cost coefficient is greater than three! Probably means that
[m[34m[02:08:46][m [32m[pool-5-thread-4/INFO][m [36m(Minecraft)[m [0m[STDOUT]: the path I found is pretty terrible (like sneak-bridging for dozens of blocks)
[m[34m[02:08:46][m [32m[pool-5-thread-4/INFO][m [36m(Minecraft)[m [0m[STDOUT]: But I'm going to do it anyway, because yolo
[m[34m[02:08:46][m [32m[pool-5-thread-4/INFO][m [36m(Minecraft)[m [0m[STDOUT]: Path goes for 19.949937343260004 blocks
[m[34m[02:08:47][m [32m[main/INFO][m [36m(Minecraft)[m [0m[CHAT] §2§l§o[TenorClef] §rT2 [HIST] 10:47.8 SNAP ph=PORTAL @-258,14,64 sky=0 wet=false ground=true pick=1 buck=2 iron=0 ore=1 rods=0 pearls=0 eyes=0 child=SurfaceBailTask dbg=<surface-bail>  mobs=none
[m[34m[02:08:47][m [32m[main/INFO][m [36m(Minecraft)[m [0m[CHAT] §2§l§o[TenorClef] §rT2 [NOW] t=10:47.9 ph=PORTAL @-258,14,64 do=<surface-bail>  eq=iron_pickaxe woodpick=1 stonepick=1 pick=1 iron=0 buck=1
[m[34m[02:08:48][m [32m[main/INFO][m [36m(Minecraft)[m [0m[CHAT] §2§l§o[TenorClef] §rT2 [NOW] t=10:48.9 ph=PORTAL @-258,14,64 do=<surface-bail>  eq=iron_pickaxe woodpick=1 stonepick=1 pick=1 iron=0 buck=1
[m[34m[02:08:49][m [32m[main/INFO][m [36m(Minecraft)[m [0m[CHAT] §2§l§o[TenorClef] §rTESRUN2 surface-bail dest=BlockPos{x=-258, y=12, z=68}
[m[34m[02:08:49][m [32m[main/INFO][m [36m(Minecraft)[m [0m[CHAT] §2§l§o[TenorClef] §rT2 [NOW] t=10:49.9 ph=PORTAL @-258,14,64 do=<surface-bail>  eq=iron_pickaxe woodpick=1 stonepick=1 pick=1 iron=0 buck=1
[m[34m[02:08:50][m [32m[main/INFO][m [36m(Minecraft)[m [0m[CHAT] §2§l§o[TenorClef] §rT2 [NOW] t=10:50.9 ph=PORTAL @-258,12,66 do=<surface-bail>  eq=iron_pickaxe woodpick=1 stonepick=1 pick=1 iron=0 buck=1
[m[34m[02:08:51][m [32m[main/INFO][m [36m(Minecraft)[m [0m[CHAT] §2§l§o[TenorClef] §rT2 [NOW] t=10:51.9 ph=PORTAL @-258,12,68 do=<surface-bail>  eq=iron_pickaxe woodpick=1 stonepick=1 pick=1 iron=0 buck=1
[m[34m[02:08:52][m [32m[main/INFO][m [36m(Minecraft)[m [0m[CHAT] §2§l§o[TenorClef] §rT2 [HIST] 10:52.8 SNAP ph=PORTAL @-258,12,68 sky=0 wet=false ground=true pick=1 buck=2 iron=0 ore=1 rods=0 pearls=0 eyes=0 child=SurfaceBailTask dbg=<surface-bail>  mobs=none
[m[34m[02:08:52][m [32m[main/INFO][m [36m(Minecraft)[m [0m[CHAT] §2§l§o[TenorClef] §rT2 [NOW] t=10:52.9 ph=PORTAL @-258,12,68 do=<surface-bail>  eq=iron_pickaxe woodpick=1 stonepick=1 pick=1 iron=0 buck=1
[m[34m[02:08:53][m [32m[main/INFO][m [36m(Minecraft)[m [0m[CHAT] §2§l§o[TenorClef] §rT2 [NOW] t=10:53.9 ph=PORTAL @-258,12,68 do=<surface-bail>  eq=iron_pickaxe woodpick=1 stonepick=1 pick=1 iron=0 buck=1
[m[34m[02:08:53][m [32m[main/INFO][m [36m(Minecraft)[m [0m[CHAT] §2§l§o[TenorClef] §rT2 [HB] t=10:54.2 ph=PORTAL y=12 child=SurfaceBailTask logs=0 pick=1 woodpick=1
[m[34m[02:08:54][m [32m[main/INFO][m [36m(Minecraft)[m [0m[CHAT] §2§l§o[TenorClef] §rT2 [NOW] t=10:54.9 ph=PORTAL @-258,12,68 do=<surface-bail>  eq=iron_pickaxe woodpick=1 stonepick=1 pick=1 iron=0 buck=1
[m[34m[02:08:55][m [32m[main/INFO][m [36m(Minecraft)[m [0m[STDOUT]: ALTO CLEF: WARNING: T2 [E118] SurfaceBailTask 90s no inv change ph=PORTAL
[m[34m[02:08:55][m [32m[main/INFO][m [36m(Minecraft)[m [0m[CHAT] §2§l§o[TenorClef] §cT2 [E118] SurfaceBailTask 90s no inv change ph=PORTAL§r
[m[34m[02:08:55][m [32m[main/INFO][m [36m(Minecraft)[m [0m[CHAT] §2§l§o[TenorClef] §rT2 [HIST] 10:55.6 [E118] SurfaceBailTask 90s no inv change ph=PORTAL
[m[34m[02:08:55][m [32m[main/INFO][m [36m(Minecraft)[m [0m[CHAT] §2§l§o[TenorClef] §rT2 [NOW] t=10:55.9 ph=PORTAL @-258,12,68 do=<surface-bail>  eq=iron_pickaxe woodpick=1 stonepick=1 pick=1 iron=0 buck=1
[m[34m[02:08:56][m [32m[main/INFO][m [36m(Minecraft)[m [0m[CHAT] §2§l§o[TenorClef] §rT2 [NOW] t=10:56.9 ph=PORTAL @-258,12,68 do=<surface-bail>  eq=iron_pickaxe woodpick=1 stonepick=1 pick=1 iron=0 buck=1
[m[34m[02:08:57][m [32m[main/INFO][m [36m(Minecraft)[m [0m[CHAT] §2§l§o[TenorClef] §rT2 [HIST] 10:57.8 SNAP ph=PORTAL @-258,12,68 sky=0 wet=false ground=true pick=1 buck=2 iron=0 ore=1 rods=0 pearls=0 eyes=0 child=SurfaceBailTask dbg=<surface-bail>  mobs=none
[m[34m[02:08:57][m [32m[main/INFO][m [36m(Minecraft)[m [0m[CHAT] §2§l§o[TenorClef] §rT2 [NOW] t=10:57.9 ph=PORTAL @-258,12,68 do=<surface-bail>  eq=iron_pickaxe woodpick=1 stonepick=1 pick=1 iron=0 buck=1
[m[34m[02:08:58][m [32m[main/INFO][m [36m(Minecraft)[m [0m[STDOUT]: ALTO CLEF: WARNING: T2 [S199] sticky air-pocket BlockPos{x=-258, y=12, z=66}
[m[34m[02:08:58][m [32m[main/INFO][m [36m(Minecraft)[m [0m[CHAT] §2§l§o[TenorClef] §cT2 [S199] sticky air-pocket BlockPos{x=-258, y=12, z=66}§r
[m[34m[02:08:58][m [32m[main/INFO][m [36m(Minecraft)[m [0m[CHAT] §2§l§o[TenorClef] §rT2 [HIST] 10:58.7 FORCE S199 sticky air-pocket BlockPos{x=-258, y=12, z=66}
[m[34m[02:08:58][m [32m[main/INFO][m [36m(Minecraft)[m [0m[CHAT] §2§l§o[TenorClef] §rTESRUN2 surface-bail S151 air-pocket dest=BlockPos{x=-258, y=12, z=66} from=BlockPos{x=-258, y=12, z=68}
[m[34m[02:08:58][m [32m[main/INFO][m [36m(Minecraft)[m [0m[CHAT] §2§l§o[TenorClef] §rTESRUN2 surface-bail wander (no air sky dest)
[m[34m[02:08:58][m [32m[main/INFO][m [36m(Minecraft)[m [0m[CHAT] §2§l§o[TenorClef] §rT2 [NOW] t=10:58.9 ph=PORTAL @-258,12,68 do=<surface-bail>  eq=iron_pickaxe woodpick=1 stonepick=1 pick=1 iron=0 buck=1
[m[34m[02:08:58][m [32m[pool-5-thread-4/INFO][m [36m(Minecraft)[m [0m[STDOUT]: 537856 movements considered
[m[34m[02:08:58][m [32m[pool-5-thread-4/INFO][m [36m(Minecraft)[m [0m[STDOUT]: Open set size: 5247
[m[34m[02:08:58][m [32m[pool-5-thread-4/INFO][m [36m(Minecraft)[m [0m[STDOUT]: PathNode map size: 29695
[m[34m[02:08:58][m [32m[pool-5-thread-4/INFO][m [36m(Minecraft)[m [0m[STDOUT]: 48798 nodes per second
[m[34m[02:08:58][m [32m[pool-5-thread-4/INFO][m [36m(Minecraft)[m [0m[STDOUT]: Path goes for 5.830951894845301 blocks
[m[34m[02:08:59][m [32m[main/INFO][m [36m(Minecraft)[m [0m[CHAT] §2§l§o[TenorClef] §rT2 [NOW] t=10:59.9 ph=PORTAL @-258,13,66 do=<surface-bail>  eq=iron_pickaxe woodpick=1 stonepick=1 pick=1 iron=0 buck=1
[m[34m[02:09:00][m [32m[main/INFO][m [36m(Minecraft)[m [0m[CHAT] §2§l§o[TenorClef] §rT2 [NOW] t=11:00.9 ph=PORTAL @-258,15,63 do=<surface-bail>  eq=iron_pickaxe woodpick=1 stonepick=1 pick=1 iron=0 buck=1
[m[34m[02:09:01][m [32m[main/INFO][m [36m(Minecraft)[m [0m[CHAT] §2§l§o[TenorClef] §rTESRUN2 surface-bail dest=BlockPos{x=-258, y=12, z=66}
[m[34m[02:09:01][m [32m[main/INFO][m [36m(Minecraft)[m [0m[CHAT] §2§l§o[TenorClef] §rT2 [NOW] t=11:01.9 ph=PORTAL @-258,14,64 do=<surface-bail>  eq=iron_pickaxe woodpick=1 stonepick=1 pick=1 iron=0 buck=1
[m[34m[02:09:02][m [32m[main/INFO][m [36m(Minecraft)[m [0m[CHAT] §2§l§o[TenorClef] §rT2 [HIST] 11:02.8 SNAP ph=PORTAL @-258,12,66 sky=0 wet=false ground=false pick=1 buck=2 iron=0 ore=1 rods=0 pearls=0 eyes=0 child=SurfaceBailTask dbg=<surface-bail>  mobs=none
[m[34m[02:09:02][m [32m[main/INFO][m [36m(Minecraft)[m [0m[CHAT] §2§l§o[TenorClef] §rT2 [NOW] t=11:02.9 ph=PORTAL @-258,12,66 do=<surface-bail>  eq=iron_pickaxe woodpick=1 stonepick=1 pick=1 iron=0 buck=1
[m[34m[02:09:03][m [32m[main/INFO][m [36m(Minecraft)[m [0m[CHAT] §2§l§o[TenorClef] §rT2 [NOW] t=11:03.9 ph=PORTAL @-258,12,66 do=<surface-bail>  eq=iron_pickaxe woodpick=1 stonepick=1 pick=1 iron=0 buck=1
[m[34m[02:09:03][m [32m[main/INFO][m [36m(Minecraft)[m [0m[CHAT] §2§l§o[TenorClef] §rT2 [HB] t=11:04.2 ph=PORTAL y=12 child=SurfaceBailTask logs=0 pick=1 woodpick=1
[m[34m[02:09:04][m [32m[main/INFO][m [36m(Minecraft)[m [0m[CHAT] §2§l§o[TenorClef] §rT2 [NOW] t=11:04.9 ph=PORTAL @-258,12,66 do=<surface-bail>  eq=iron_pickaxe woodpick=1 stonepick=1 pick=1 iron=0 buck=1
[m[34m[02:09:05][m [32m[main/INFO][m [36m(Minecraft)[m [0m[CHAT] §2§l§o[TenorClef] §rT2 [NOW] t=11:05.9 ph=PORTAL @-258,12,66 do=<surface-bail>  eq=iron_pickaxe woodpick=1 stonepick=1 pick=1 iron=0 buck=1
[m[34m[02:09:06][m [32m[main/INFO][m [36m(Minecraft)[m [0m[CHAT] §2§l§o[TenorClef] §rT2 [NOW] t=11:06.9 ph=PORTAL @-258,12,66 do=<surface-bail>  eq=iron_pickaxe woodpick=1 stonepick=1 pick=1 iron=0 buck=1
[m[34m[02:09:07][m [32m[main/INFO][m [36m(Minecraft)[m [0m[CHAT] §2§l§o[TenorClef] §rT2 [HIST] 11:07.8 SNAP ph=PORTAL @-258,12,66 sky=0 wet=false ground=true pick=1 buck=2 iron=0 ore=1 rods=0 pearls=0 eyes=0 child=SurfaceBailTask dbg=<surface-bail>  mobs=none
[m[34m[02:09:07][m [32m[main/INFO][m [36m(Minecraft)[m [0m[CHAT] §2§l§o[TenorClef] §rT2 [NOW] t=11:07.9 ph=PORTAL @-258,12,66 do=<surface-bail>  eq=iron_pickaxe woodpick=1 stonepick=1 pick=1 iron=0 buck=1
[m[34m[02:09:07][m [32m[main/INFO][m [36m(Minecraft)[m [0m[CHAT] §2§l§o[TenorClef] §rRefreshed inventory...
[m[34m[02:09:08][m [32m[main/INFO][m [36m(Minecraft)[m [0m[CHAT] §2§l§o[TenorClef] §rT2 [NOW] t=11:08.9 ph=PORTAL @-258,12,66 do=<surface-bail>  eq=iron_pickaxe woodpick=1 stonepick=1 pick=1 iron=0 buck=1
[m[34m[02:09:09][m [32m[main/INFO][m [36m(Minecraft)[m [0m[CHAT] §2§l§o[TenorClef] §rT2 [NOW] t=11:09.9 ph=PORTAL @-258,12,66 do=<surface-bail>  eq=iron_pickaxe woodpick=1 stonepick=1 pick=1 iron=0 buck=1
[m[34m[02:09:10][m [32m[main/INFO][m [36m(Minecraft)[m [0m[STDOUT]: ALTO CLEF: WARNING: T2 [S199] sticky air-pocket BlockPos{x=-258, y=12, z=68}
[m[34m[02:09:10][m [32m[main/INFO][m [36m(Minecraft)[m [0m[CHAT] §2§l§o[TenorClef] §cT2 [S199] sticky air-pocket BlockPos{x=-258, y=12, z=68}§r
[m[34m[02:09:10][m [32m[main/INFO][m [36m(Minecraft)[m [0m[CHAT] §2§l§o[TenorClef] §rT2 [HIST] 11:10.8 FORCE S199 sticky air-pocket BlockPos{x=-258, y=12, z=68}
[m[34m[02:09:10][m [32m[main/INFO][m [36m(Minecraft)[m [0m[CHAT] §2§l§o[TenorClef] §rTESRUN2 surface-bail S151 air-pocket dest=BlockPos{x=-258, y=12, z=68} from=BlockPos{x=-258, y=12, z=66}
[m[34m[02:09:10][m [32m[main/INFO][m [36m(Minecraft)[m [0m[CHAT] §2§l§o[TenorClef] §rTESRUN2 surface-bail wander (no air sky dest)
[m[34m[02:09:10][m [32m[main/INFO][m [36m(Minecraft)[m [0m[CHAT] §2§l§o[TenorClef] §rT2 [NOW] t=11:10.9 ph=PORTAL @-258,12,66 do=<surface-bail>  eq=iron_pickaxe woodpick=1 stonepick=1 pick=1 iron=0 buck=1
[m[34m[02:09:10][m [32m[pool-5-thread-4/INFO][m [36m(Minecraft)[m [0m[STDOUT]: 489984 movements considered
[m[34m[02:09:10][m [32m[pool-5-thread-4/INFO][m [36m(Minecraft)[m [0m[STDOUT]: Open set size: 5067
[m[34m[02:09:10][m [32m[pool-5-thread-4/INFO][m [36m(Minecraft)[m [0m[STDOUT]: PathNode map size: 27339
[m[34m[02:09:10][m [32m[pool-5-thread-4/INFO][m [36m(Minecraft)[m [0m[STDOUT]: 44366 nodes per second
[m[34m[02:09:10][m [32m[pool-5-thread-4/INFO][m [36m(Minecraft)[m [0m[STDOUT]: Path goes for 12.24744871391589 blocks
[m[34m[02:09:11][m [32m[main/INFO][m [36m(Minecraft)[m [0m[CHAT] §2§l§o[TenorClef] §rT2 [NOW] t=11:11.9 ph=PORTAL @-258,13,65 do=<surface-bail>  eq=iron_pickaxe woodpick=1 stonepick=1 pick=1 iron=0 buck=1
[m[34m[02:09:12][m [32m[main/INFO][m [36m(Minecraft)[m [0m[CHAT] §2§l§o[TenorClef] §rT2 [HIST] 11:12.8 SNAP ph=PORTAL @-258,15,63 sky=0 wet=false ground=true pick=1 buck=2 iron=0 ore=1 rods=0 pearls=0 eyes=0 child=SurfaceBailTask dbg=<surface-bail>  mobs=none
[m[34m[02:09:12][m [32m[main/INFO][m [36m(Minecraft)[m [0m[CHAT] §2§l§o[TenorClef] §rT2 [NOW] t=11:12.9 ph=PORTAL @-258,15,63 do=<surface-bail>  eq=iron_pickaxe woodpick=1 stonepick=1 pick=1 iron=0 buck=1
[m[34m[02:09:13][m [32m[main/INFO][m [36m(Minecraft)[m [0m[CHAT] §2§l§o[TenorClef] §rTESRUN2 surface-bail dest=BlockPos{x=-258, y=12, z=68}
[m[34m[02:09:13][m [32m[main/INFO][m [36m(Minecraft)[m [0m[CHAT] §2§l§o[TenorClef] §rT2 [NOW] t=11:13.9 ph=PORTAL @-258,15,64 do=<surface-bail>  eq=iron_pickaxe woodpick=1 stonepick=1 pick=1 iron=0 buck=1
[m[34m[02:09:13][m [32m[main/INFO][m [36m(Minecraft)[m [0m[CHAT] §2§l§o[TenorClef] §rT2 [HB] t=11:14.2 ph=PORTAL y=14 child=SurfaceBailTask logs=0 pick=1 woodpick=1
[m[34m[02:09:14][m [32m[main/INFO][m [36m(Minecraft)[m [0m[CHAT] §2§l§o[TenorClef] §rT2 [NOW] t=11:14.9 ph=PORTAL @-258,12,66 do=<surface-bail>  eq=iron_pickaxe woodpick=1 stonepick=1 pick=1 iron=0 buck=1
[m[34m[02:09:15][m [32m[main/INFO][m [36m(Minecraft)[m [0m[CHAT] §2§l§o[TenorClef] §rT2 [NOW] t=11:15.9 ph=PORTAL @-258,12,68 do=<surface-bail>  eq=iron_pickaxe woodpick=1 stonepick=1 pick=1 iron=0 buck=1
[m[34m[02:09:16][m [32m[main/INFO][m [36m(Minecraft)[m [0m[CHAT] §2§l§o[TenorClef] §rT2 [NOW] t=11:16.9 ph=PORTAL @-258,12,68 do=<surface-bail>  eq=iron_pickaxe woodpick=1 stonepick=1 pick=1 iron=0 buck=1
[m[34m[02:09:17][m [32m[main/INFO][m [36m(Minecraft)[m [0m[CHAT] §2§l§o[TenorClef] §rT2 [HIST] 11:17.8 SNAP ph=PORTAL @-258,12,68 sky=0 wet=false ground=true pick=1 buck=2 iron=0 ore=1 rods=0 pearls=0 eyes=0 child=SurfaceBailTask dbg=<surface-bail>  mobs=none
[m[34m[02:09:17][m [32m[main/INFO][m [36m(Minecraft)[m [0m[CHAT] §2§l§o[TenorClef] §rT2 [NOW] t=11:17.9 ph=PORTAL @-258,12,68 do=<surface-bail>  eq=iron_pickaxe woodpick=1 stonepick=1 pick=1 iron=0 buck=1
[m[34m[02:09:18][m [32m[main/INFO][m [36m(Minecraft)[m [0m[CHAT] §2§l§o[TenorClef] §rT2 [NOW] t=11:18.9 ph=PORTAL @-258,12,68 do=<surface-bail>  eq=iron_pickaxe woodpick=1 stonepick=1 pick=1 iron=0 buck=1
[m[34m[02:09:19][m [32m[main/INFO][m [36m(Minecraft)[m [0m[CHAT] §2§l§o[TenorClef] §rT2 [NOW] t=11:19.9 ph=PORTAL @-258,12,68 do=<surface-bail>  eq=iron_pickaxe woodpick=1 stonepick=1 pick=1 iron=0 buck=1
[m[34m[02:09:20][m [32m[main/INFO][m [36m(Minecraft)[m [0m[CHAT] §2§l§o[TenorClef] §rT2 [NOW] t=11:20.9 ph=PORTAL @-258,12,68 do=<surface-bail>  eq=iron_pickaxe woodpick=1 stonepick=1 pick=1 iron=0 buck=1
[m[34m[02:09:21][m [32m[main/INFO][m [36m(Minecraft)[m [0m[CHAT] §2§l§o[TenorClef] §rT2 [NOW] t=11:21.9 ph=PORTAL @-258,12,68 do=<surface-bail>  eq=iron_pickaxe woodpick=1 stonepick=1 pick=1 iron=0 buck=1
[m[34m[02:09:22][m [32m[main/INFO][m [36m(Minecraft)[m [0m[CHAT] §2§l§o[TenorClef] §rT2 [HIST] 11:22.8 SNAP ph=PORTAL @-258,12,68 sky=0 wet=false ground=true pick=1 buck=2 iron=0 ore=1 rods=0 pearls=0 eyes=0 child=SurfaceBailTask dbg=<surface-bail>  mobs=none
[m[34m[02:09:22][m [32m[main/INFO][m [36m(Minecraft)[m [0m[STDOUT]: ALTO CLEF: WARNING: T2 [S199] sticky air-pocket BlockPos{x=-258, y=12, z=66}
[m[34m[02:09:22][m [32m[main/INFO][m [36m(Minecraft)[m [0m[CHAT] §2§l§o[TenorClef] §cT2 [S199] sticky air-pocket BlockPos{x=-258, y=12, z=66}§r
[m[34m[02:09:22][m [32m[main/INFO][m [36m(Minecraft)[m [0m[CHAT] §2§l§o[TenorClef] §rT2 [HIST] 11:22.8 FORCE S199 sticky air-pocket BlockPos{x=-258, y=12, z=66}
[m[34m[02:09:22][m [32m[main/INFO][m [36m(Minecraft)[m [0m[CHAT] §2§l§o[TenorClef] §rTESRUN2 surface-bail S151 air-pocket dest=BlockPos{x=-258, y=12, z=66} from=BlockPos{x=-258, y=12, z=68}
[m[34m[02:09:22][m [32m[main/INFO][m [36m(Minecraft)[m [0m[CHAT] §2§l§o[TenorClef] §rTESRUN2 surface-bail wander (no air sky dest)
[m[34m[02:09:22][m [32m[main/INFO][m [36m(Minecraft)[m [0m[CHAT] §2§l§o[TenorClef] §rT2 [NOW] t=11:22.9 ph=PORTAL @-258,12,68 do=<surface-bail>  eq=iron_pickaxe woodpick=1 stonepick=1 pick=1 iron=0 buck=1
[m[34m[02:09:22][m [32m[pool-5-thread-4/INFO][m [36m(Minecraft)[m [0m[STDOUT]: 535040 movements considered
[m[34m[02:09:22][m [32m[pool-5-thread-4/INFO][m [36m(Minecraft)[m [0m[STDOUT]: Open set size: 5386
[m[34m[02:09:22][m [32m[pool-5-thread-4/INFO][m [36m(Minecraft)[m [0m[STDOUT]: PathNode map size: 29706
[m[34m[02:09:22][m [32m[pool-5-thread-4/INFO][m [36m(Minecraft)[m [0m[STDOUT]: 48542 nodes per second
[m[34m[02:09:22][m [32m[pool-5-thread-4/INFO][m [36m(Minecraft)[m [0m[STDOUT]: Path goes for 13.19090595827292 blocks
[m[34m[02:09:23][m [32m[main/INFO][m [36m(Minecraft)[m [0m[CHAT] §2§l§o[TenorClef] §rT2 [NOW] t=11:23.9 ph=PORTAL @-258,13,66 do=<surface-bail>  eq=iron_pickaxe woodpick=1 stonepick=1 pick=1 iron=0 buck=1
[m[34m[02:09:23][m [32m[main/INFO][m [36m(Minecraft)[m [0m[CHAT] §2§l§o[TenorClef] §rT2 [HB] t=11:24.2 ph=PORTAL y=13 child=SurfaceBailTask logs=0 pick=1 woodpick=1
[m[34m[02:09:24][m [32m[main/INFO][m [36m(Minecraft)[m [0m[CHAT] §2§l§o[TenorClef] §rT2 [NOW] t=11:24.9 ph=PORTAL @-258,15,64 do=<surface-bail>  eq=iron_pickaxe woodpick=1 stonepick=1 pick=1 iron=0 buck=1
[m[34m[02:09:25][m [32m[main/INFO][m [36m(Minecraft)[m [0m[CHAT] §2§l§o[TenorClef] §rTESRUN2 surface-bail dest=BlockPos{x=-258, y=12, z=66}
[m[34m[02:09:25][m [32m[main/INFO][m [36m(Minecraft)[m [0m[CHAT] §2§l§o[TenorClef] §rT2 [NOW] t=11:25.9 ph=PORTAL @-258,14,64 do=<surface-bail>  eq=iron_pickaxe woodpick=1 stonepick=1 pick=1 iron=0 buck=1
[m[34m[02:09:26][m [32m[main/INFO][m [36m(Minecraft)[m [0m[CHAT] §2§l§o[TenorClef] §rT2 [NOW] t=11:26.9 ph=PORTAL @-258,12,66 do=<surface-bail>  eq=iron_pickaxe woodpick=1 stonepick=1 pick=1 iron=0 buck=1
[m[34m[02:09:27][m [32m[main/INFO][m [36m(Minecraft)[m [0m[CHAT] §2§l§o[TenorClef] §rT2 [HIST] 11:27.8 SNAP ph=PORTAL @-258,12,66 sky=0 wet=false ground=true pick=1 buck=2 iron=0 ore=1 rods=0 pearls=0 eyes=0 child=SurfaceBailTask dbg=<surface-bail>  mobs=none
[m[34m[02:09:27][m [32m[main/INFO][m [36m(Minecraft)[m [0m[CHAT] §2§l§o[TenorClef] §rT2 [NOW] t=11:27.9 ph=PORTAL @-258,12,66 do=<surface-bail>  eq=iron_pickaxe woodpick=1 stonepick=1 pick=1 iron=0 buck=1
[m[34m[02:09:28][m [32m[main/INFO][m [36m(Minecraft)[m [0m[CHAT] §2§l§o[TenorClef] §rT2 [NOW] t=11:28.9 ph=PORTAL @-258,12,66 do=<surface-bail>  eq=iron_pickaxe woodpick=1 stonepick=1 pick=1 iron=0 buck=1
[m[34m[02:09:29][m [32m[main/INFO][m [36m(Minecraft)[m [0m[CHAT] §2§l§o[TenorClef] §rT2 [NOW] t=11:29.9 ph=PORTAL @-258,12,66 do=<surface-bail>  eq=iron_pickaxe woodpick=1 stonepick=1 pick=1 iron=0 buck=1
[m[34m[02:09:30][m [32m[main/INFO][m [36m(Minecraft)[m [0m[CHAT] §2§l§o[TenorClef] §rT2 [NOW] t=11:30.9 ph=PORTAL @-258,12,66 do=<surface-bail>  eq=iron_pickaxe woodpick=1 stonepick=1 pick=1 iron=0 buck=1
[m[34m[02:09:31][m [32m[main/INFO][m [36m(Minecraft)[m [0m[CHAT] §2§l§o[TenorClef] §rT2 [NOW] t=11:31.9 ph=PORTAL @-258,12,66 do=<surface-bail>  eq=iron_pickaxe woodpick=1 stonepick=1 pick=1 iron=0 buck=1
[m[34m[02:09:32][m [32m[main/INFO][m [36m(Minecraft)[m [0m[CHAT] §2§l§o[TenorClef] §rT2 [HIST] 11:32.8 SNAP ph=PORTAL @-258,12,66 sky=0 wet=false ground=true pick=1 buck=2 iron=0 ore=1 rods=0 pearls=0 eyes=0 child=SurfaceBailTask dbg=<surface-bail>  mobs=none
[m[34m[02:09:32][m [32m[main/INFO][m [36m(Minecraft)[m [0m[CHAT] §2§l§o[TenorClef] §rT2 [NOW] t=11:32.9 ph=PORTAL @-258,12,66 do=<surface-bail>  eq=iron_pickaxe woodpick=1 stonepick=1 pick=1 iron=0 buck=1
[m[34m[02:09:33][m [32m[main/INFO][m [36m(Minecraft)[m [0m[CHAT] §2§l§o[TenorClef] §rT2 [NOW] t=11:33.9 ph=PORTAL @-258,12,66 do=<surface-bail>  eq=iron_pickaxe woodpick=1 stonepick=1 pick=1 iron=0 buck=1
[m[34m[02:09:33][m [32m[main/INFO][m [36m(Minecraft)[m [0m[CHAT] §2§l§o[TenorClef] §rT2 [HB] t=11:34.2 ph=PORTAL y=12 child=SurfaceBailTask logs=0 pick=1 woodpick=1
[m[34m[02:09:34][m [32m[main/INFO][m [36m(Minecraft)[m [0m[STDOUT]: ALTO CLEF: WARNING: T2 [S199] sticky air-pocket BlockPos{x=-258, y=12, z=68}
[m[34m[02:09:34][m [32m[main/INFO][m [36m(Minecraft)[m [0m[CHAT] §2§l§o[TenorClef] §cT2 [S199] sticky air-pocket BlockPos{x=-258, y=12, z=68}§r
[m[34m[02:09:34][m [32m[main/INFO][m [36m(Minecraft)[m [0m[CHAT] §2§l§o[TenorClef] §rT2 [HIST] 11:34.8 FORCE S199 sticky air-pocket BlockPos{x=-258, y=12, z=68}
[m[34m[02:09:34][m [32m[main/INFO][m [36m(Minecraft)[m [0m[CHAT] §2§l§o[TenorClef] §rTESRUN2 surface-bail S151 air-pocket dest=BlockPos{x=-258, y=12, z=68} from=BlockPos{x=-258, y=12, z=66}
[m[34m[02:09:34][m [32m[main/INFO][m [36m(Minecraft)[m [0m[CHAT] §2§l§o[TenorClef] §rTESRUN2 surface-bail wander (no air sky dest)
[m[34m[02:09:34][m [32m[main/INFO][m [36m(Minecraft)[m [0m[CHAT] §2§l§o[TenorClef] §rT2 [NOW] t=11:34.9 ph=PORTAL @-258,12,66 do=<surface-bail>  eq=iron_pickaxe woodpick=1 stonepick=1 pick=1 iron=0 buck=1
[m[34m[02:09:34][m [32m[pool-5-thread-4/INFO][m [36m(Minecraft)[m [0m[STDOUT]: 446336 movements considered
[m[34m[02:09:34][m [32m[pool-5-thread-4/INFO][m [36m(Minecraft)[m [0m[STDOUT]: Open set size: 4835
[m[34m[02:09:34][m [32m[pool-5-thread-4/INFO][m [36m(Minecraft)[m [0m[STDOUT]: PathNode map size: 25123
[m[34m[02:09:34][m [32m[pool-5-thread-4/INFO][m [36m(Minecraft)[m [0m[STDOUT]: 40576 nodes per second
[m[34m[02:09:34][m [32m[pool-5-thread-4/INFO][m [36m(Minecraft)[m [0m[STDOUT]: Path goes for 12.24744871391589 blocks
[m[34m[02:09:35][m [32m[main/INFO][m [36m(Minecraft)[m [0m[CHAT] §2§l§o[TenorClef] §rT2 [NOW] t=11:35.9 ph=PORTAL @-258,13,65 do=<surface-bail>  eq=iron_pickaxe woodpick=1 stonepick=1 pick=1 iron=0 buck=1
[m[34m[02:09:36][m [32m[main/INFO][m [36m(Minecraft)[m [0m[CHAT] §2§l§o[TenorClef] §rT2 [NOW] t=11:36.9 ph=PORTAL @-258,15,63 do=<surface-bail>  eq=iron_pickaxe woodpick=1 stonepick=1 pick=1 iron=0 buck=1
[m[34m[02:09:37][m [32m[main/INFO][m [36m(Minecraft)[m [0m[CHAT] §2§l§o[TenorClef] §rTESRUN2 surface-bail dest=BlockPos{x=-258, y=12, z=68}
[m[34m[02:09:37][m [32m[main/INFO][m [36m(Minecraft)[m [0m[CHAT] §2§l§o[TenorClef] §rT2 [HIST] 11:37.8 SNAP ph=PORTAL @-258,16,63 sky=0 wet=false ground=true pick=1 buck=2 iron=0 ore=1 rods=0 pearls=0 eyes=0 child=SurfaceBailTask dbg=<surface-bail>  mobs=none
[m[34m[02:09:37][m [32m[main/INFO][m [36m(Minecraft)[m [0m[CHAT] §2§l§o[TenorClef] §rT2 [NOW] t=11:37.9 ph=PORTAL @-258,16,63 do=<surface-bail>  eq=iron_pickaxe woodpick=1 stonepick=1 pick=1 iron=0 buck=1
[m[34m[02:09:37][m [32m[main/INFO][m [36m(Minecraft)[m [0m[CHAT] §2§l§o[TenorClef] §rRefreshed inventory...
[m[34m[02:09:38][m [32m[main/INFO][m [36m(Minecraft)[m [0m[CHAT] §2§l§o[TenorClef] §rT2 [NOW] t=11:38.9 ph=PORTAL @-258,13,65 do=<surface-bail>  eq=iron_pickaxe woodpick=1 stonepick=1 pick=1 iron=0 buck=1
[m[34m[02:09:39][m [32m[main/INFO][m [36m(Minecraft)[m [0m[CHAT] §2§l§o[TenorClef] §rT2 [NOW] t=11:39.9 ph=PORTAL @-258,12,68 do=<surface-bail>  eq=iron_pickaxe woodpick=1 stonepick=1 pick=1 iron=0 buck=1
[m[34m[02:09:40][m [32m[main/INFO][m [36m(Minecraft)[m [0m[CHAT] §2§l§o[TenorClef] §rT2 [NOW] t=11:40.9 ph=PORTAL @-258,12,68 do=<surface-bail>  eq=iron_pickaxe woodpick=1 stonepick=1 pick=1 iron=0 buck=1
[m[34m[02:09:41][m [32m[main/INFO][m [36m(Minecraft)[m [0m[CHAT] §2§l§o[TenorClef] §rT2 [NOW] t=11:41.9 ph=PORTAL @-258,12,68 do=<surface-bail>  eq=iron_pickaxe woodpick=1 stonepick=1 pick=1 iron=0 buck=1
[m[34m[02:09:42][m [32m[main/INFO][m [36m(Minecraft)[m [0m[CHAT] §2§l§o[TenorClef] §rT2 [HIST] 11:42.8 SNAP ph=PORTAL @-258,12,68 sky=0 wet=false ground=true pick=1 buck=2 iron=0 ore=1 rods=0 pearls=0 eyes=0 child=SurfaceBailTask dbg=<surface-bail>  mobs=none
[m[34m[02:09:42][m [32m[main/INFO][m [36m(Minecraft)[m [0m[CHAT] §2§l§o[TenorClef] §rT2 [NOW] t=11:42.9 ph=PORTAL @-258,12,68 do=<surface-bail>  eq=iron_pickaxe woodpick=1 stonepick=1 pick=1 iron=0 buck=1
[m[34m[02:09:43][m [32m[main/INFO][m [36m(Minecraft)[m [0m[CHAT] §2§l§o[TenorClef] §rT2 [NOW] t=11:43.9 ph=PORTAL @-258,12,68 do=<surface-bail>  eq=iron_pickaxe woodpick=1 stonepick=1 pick=1 iron=0 buck=1
[m[34m[02:09:43][m [32m[main/INFO][m [36m(Minecraft)[m [0m[CHAT] §2§l§o[TenorClef] §rT2 [HB] t=11:44.2 ph=PORTAL y=12 child=SurfaceBailTask logs=0 pick=1 woodpick=1
[m[34m[02:09:44][m [32m[main/INFO][m [36m(Minecraft)[m [0m[CHAT] §2§l§o[TenorClef] §rT2 [NOW] t=11:44.9 ph=PORTAL @-258,12,68 do=<surface-bail>  eq=iron_pickaxe woodpick=1 stonepick=1 pick=1 iron=0 buck=1
[m[34m[02:09:45][m [32m[main/INFO][m [36m(Minecraft)[m [0m[CHAT] §2§l§o[TenorClef] §rT2 [NOW] t=11:45.9 ph=PORTAL @-258,12,68 do=<surface-bail>  eq=iron_pickaxe woodpick=1 stonepick=1 pick=1 iron=0 buck=1
[m[34m[02:09:46][m [32m[main/INFO][m [36m(Minecraft)[m [0m[CHAT] §2§l§o[TenorClef] §rT2 [NOW] t=11:46.9 ph=PORTAL @-258,12,68 do=<surface-bail>  eq=iron_pickaxe woodpick=1 stonepick=1 pick=1 iron=0 buck=1
[m[34m[02:09:46][m [32m[main/INFO][m [36m(Minecraft)[m [0m[STDOUT]: ALTO CLEF: WARNING: T2 [S199] sticky air-pocket BlockPos{x=-258, y=12, z=66}
[m[34m[02:09:46][m [32m[main/INFO][m [36m(Minecraft)[m [0m[CHAT] §2§l§o[TenorClef] §cT2 [S199] sticky air-pocket BlockPos{x=-258, y=12, z=66}§r
[m[34m[02:09:46][m [32m[main/INFO][m [36m(Minecraft)[m [0m[CHAT] §2§l§o[TenorClef] §rT2 [HIST] 11:47.2 FORCE S199 sticky air-pocket BlockPos{x=-258, y=12, z=66}
[m[34m[02:09:46][m [32m[main/INFO][m [36m(Minecraft)[m [0m[CHAT] §2§l§o[TenorClef] §rTESRUN2 surface-bail S151 air-pocket dest=BlockPos{x=-258, y=12, z=66} from=BlockPos{x=-258, y=12, z=68}
[m[34m[02:09:46][m [32m[main/INFO][m [36m(Minecraft)[m [0m[CHAT] §2§l§o[TenorClef] §rTESRUN2 surface-bail wander (no air sky dest)
[m[34m[02:09:47][m [32m[pool-5-thread-4/INFO][m [36m(Minecraft)[m [0m[STDOUT]: 385792 movements considered
[m[34m[02:09:47][m [32m[pool-5-thread-4/INFO][m [36m(Minecraft)[m [0m[STDOUT]: Open set size: 4446
[m[34m[02:09:47][m [32m[pool-5-thread-4/INFO][m [36m(Minecraft)[m [0m[STDOUT]: PathNode map size: 21982
[m[34m[02:09:47][m [32m[pool-5-thread-4/INFO][m [36m(Minecraft)[m [0m[STDOUT]: 34793 nodes per second
[m[34m[02:09:47][m [32m[pool-5-thread-4/INFO][m [36m(Minecraft)[m [0m[STDOUT]: Path goes for 13.19090595827292 blocks
[m[34m[02:09:47][m [32m[main/INFO][m [36m(Minecraft)[m [0m[CHAT] §2§l§o[TenorClef] §rT2 [HIST] 11:47.8 SNAP ph=PORTAL @-258,12,68 sky=0 wet=false ground=true pick=1 buck=2 iron=0 ore=1 rods=0 pearls=0 eyes=0 child=SurfaceBailTask dbg=<surface-bail>  mobs=none
[m[34m[02:09:47][m [32m[main/INFO][m [36m(Minecraft)[m [0m[CHAT] §2§l§o[TenorClef] §rT2 [NOW] t=11:47.9 ph=PORTAL @-258,12,68 do=<surface-bail>  eq=iron_pickaxe woodpick=1 stonepick=1 pick=1 iron=0 buck=1
[m[34m[02:09:48][m [32m[main/INFO][m [36m(Minecraft)[m [0m[CHAT] §2§l§o[TenorClef] §rT2 [NOW] t=11:48.9 ph=PORTAL @-258,14,64 do=<surface-bail>  eq=iron_pickaxe woodpick=1 stonepick=1 pick=1 iron=0 buck=1
[m[34m[02:09:49][m [32m[main/INFO][m [36m(Minecraft)[m [0m[CHAT] §2§l§o[TenorClef] §rTESRUN2 surface-bail dest=BlockPos{x=-258, y=12, z=66}
[m[34m[02:09:49][m [32m[main/INFO][m [36m(Minecraft)[m [0m[CHAT] §2§l§o[TenorClef] §rT2 [NOW] t=11:49.9 ph=PORTAL @-259,16,63 do=<surface-bail>  eq=iron_pickaxe woodpick=1 stonepick=1 pick=1 iron=0 buck=1
[m[34m[02:09:50][m [32m[main/INFO][m [36m(Minecraft)[m [0m[CHAT] §2§l§o[TenorClef] §rT2 [NOW] t=11:50.9 ph=PORTAL @-258,14,65 do=<surface-bail>  eq=iron_pickaxe woodpick=1 stonepick=1 pick=1 iron=0 buck=1
[m[34m[02:09:51][m [32m[main/INFO][m [36m(Minecraft)[m [0m[CHAT] §2§l§o[TenorClef] §rT2 [NOW] t=11:51.9 ph=PORTAL @-258,12,66 do=<surface-bail>  eq=iron_pickaxe woodpick=1 stonepick=1 pick=1 iron=0 buck=1
[m[34m[02:09:52][m [32m[main/INFO][m [36m(Minecraft)[m [0m[CHAT] §2§l§o[TenorClef] §rT2 [HIST] 11:52.8 SNAP ph=PORTAL @-258,12,66 sky=0 wet=false ground=true pick=1 buck=2 iron=0 ore=1 rods=0 pearls=0 eyes=0 child=SurfaceBailTask dbg=<surface-bail>  mobs=none
[m[34m[02:09:52][m [32m[main/INFO][m [36m(Minecraft)[m [0m[CHAT] §2§l§o[TenorClef] §rT2 [NOW] t=11:52.9 ph=PORTAL @-258,12,66 do=<surface-bail>  eq=iron_pickaxe woodpick=1 stonepick=1 pick=1 iron=0 buck=1
[m[34m[02:09:53][m [32m[main/INFO][m [36m(Minecraft)[m [0m[CHAT] §2§l§o[TenorClef] §rT2 [NOW] t=11:53.9 ph=PORTAL @-258,12,66 do=<surface-bail>  eq=iron_pickaxe woodpick=1 stonepick=1 pick=1 iron=0 buck=1
[m[34m[02:09:53][m [32m[main/INFO][m [36m(Minecraft)[m [0m[CHAT] §2§l§o[TenorClef] §rT2 [HB] t=11:54.2 ph=PORTAL y=12 child=SurfaceBailTask logs=0 pick=1 woodpick=1
[m[34m[02:09:54][m [32m[main/INFO][m [36m(Minecraft)[m [0m[CHAT] §2§l§o[TenorClef] §rT2 [NOW] t=11:54.9 ph=PORTAL @-258,12,66 do=<surface-bail>  eq=iron_pickaxe woodpick=1 stonepick=1 pick=1 iron=0 buck=1
[m[34m[02:09:55][m [32m[main/INFO][m [36m(Minecraft)[m [0m[STDOUT]: ALTO CLEF: WARNING: T2 [E118] SurfaceBailTask 90s no inv change ph=PORTAL
[m[34m[02:09:55][m [32m[main/INFO][m [36m(Minecraft)[m [0m[CHAT] §2§l§o[TenorClef] §cT2 [E118] SurfaceBailTask 90s no inv change ph=PORTAL§r
[m[34m[02:09:55][m [32m[main/INFO][m [36m(Minecraft)[m [0m[CHAT] §2§l§o[TenorClef] §rT2 [HIST] 11:55.6 [E118] SurfaceBailTask 90s no inv change ph=PORTAL
[m[34m[02:09:55][m [32m[main/INFO][m [36m(Minecraft)[m [0m[CHAT] §2§l§o[TenorClef] §rT2 [NOW] t=11:55.9 ph=PORTAL @-258,12,66 do=<surface-bail>  eq=iron_pickaxe woodpick=1 stonepick=1 pick=1 iron=0 buck=1
[m[34m[02:09:56][m [32m[main/INFO][m [36m(Minecraft)[m [0m[CHAT] §2§l§o[TenorClef] §rT2 [NOW] t=11:56.9 ph=PORTAL @-258,12,66 do=<surface-bail>  eq=iron_pickaxe woodpick=1 stonepick=1 pick=1 iron=0 buck=1
[m[34m[02:09:57][m [32m[main/INFO][m [36m(Minecraft)[m [0m[CHAT] §2§l§o[TenorClef] §rT2 [HIST] 11:57.8 SNAP ph=PORTAL @-258,12,66 sky=0 wet=false ground=true pick=1 buck=2 iron=0 ore=1 rods=0 pearls=0 eyes=0 child=SurfaceBailTask dbg=<surface-bail>  mobs=none
[m[34m[02:09:57][m [32m[main/INFO][m [36m(Minecraft)[m [0m[CHAT] §2§l§o[TenorClef] §rT2 [NOW] t=11:57.9 ph=PORTAL @-258,12,66 do=<surface-bail>  eq=iron_pickaxe woodpick=1 stonepick=1 pick=1 iron=0 buck=1
[m[34m[02:09:58][m [32m[main/INFO][m [36m(Minecraft)[m [0m[CHAT] §2§l§o[TenorClef] §rT2 [NOW] t=11:58.9 ph=PORTAL @-258,12,66 do=<surface-bail>  eq=iron_pickaxe woodpick=1 stonepick=1 pick=1 iron=0 buck=1
[m[34m[02:09:58][m [32m[main/INFO][m [36m(Minecraft)[m [0m[STDOUT]: ALTO CLEF: WARNING: T2 [S199] sticky air-pocket BlockPos{x=-258, y=12, z=68}
[m[34m[02:09:58][m [32m[main/INFO][m [36m(Minecraft)[m [0m[CHAT] §2§l§o[TenorClef] §cT2 [S199] sticky air-pocket BlockPos{x=-258, y=12, z=68}§r
[m[34m[02:09:58][m [32m[main/INFO][m [36m(Minecraft)[m [0m[CHAT] §2§l§o[TenorClef] §rT2 [HIST] 11:59.4 FORCE S199 sticky air-pocket BlockPos{x=-258, y=12, z=68}
[m[34m[02:09:58][m [32m[main/INFO][m [36m(Minecraft)[m [0m[CHAT] §2§l§o[TenorClef] §rTESRUN2 surface-bail S151 air-pocket dest=BlockPos{x=-258, y=12, z=68} from=BlockPos{x=-258, y=12, z=66}
[m[34m[02:09:58][m [32m[main/INFO][m [36m(Minecraft)[m [0m[CHAT] §2§l§o[TenorClef] §rTESRUN2 surface-bail wander (no air sky dest)
[m[34m[02:09:59][m [32m[main/INFO][m [36m(Minecraft)[m [0m[CHAT] §2§l§o[TenorClef] §rT2 [NOW] t=11:59.9 ph=PORTAL @-258,12,66 do=<surface-bail>  eq=iron_pickaxe woodpick=1 stonepick=1 pick=1 iron=0 buck=1
[m[34m[02:09:59][m [32m[pool-5-thread-4/INFO][m [36m(Minecraft)[m [0m[STDOUT]: 649088 movements considered
[m[34m[02:09:59][m [32m[pool-5-thread-4/INFO][m [36m(Minecraft)[m [0m[STDOUT]: Open set size: 6004
[m[34m[02:09:59][m [32m[pool-5-thread-4/INFO][m [36m(Minecraft)[m [0m[STDOUT]: PathNode map size: 35508
[m[34m[02:09:59][m [32m[pool-5-thread-4/INFO][m [36m(Minecraft)[m [0m[STDOUT]: 59008 nodes per second
[m[34m[02:09:59][m [32m[pool-5-thread-4/INFO][m [36m(Minecraft)[m [0m[STDOUT]: Path goes for 12.24744871391589 blocks
[m[34m[02:10:00][m [32m[main/INFO][m [36m(Minecraft)[m [0m[CHAT] §2§l§o[TenorClef] §rT2 [NOW] t=12:00.9 ph=PORTAL @-258,14,64 do=<surface-bail>  eq=iron_pickaxe woodpick=1 stonepick=1 pick=1 iron=0 buck=1
[m[34m[02:10:01][m [32m[main/INFO][m [36m(Minecraft)[m [0m[CHAT] §2§l§o[TenorClef] §rTESRUN2 surface-bail dest=BlockPos{x=-258, y=12, z=68}
[m[34m[02:10:01][m [32m[main/INFO][m [36m(Minecraft)[m [0m[CHAT] §2§l§o[TenorClef] §rT2 [NOW] t=12:01.9 ph=PORTAL @-258,15,63 do=<surface-bail>  eq=iron_pickaxe woodpick=1 stonepick=1 pick=1 iron=0 buck=1
[m[34m[02:10:02][m [32m[main/INFO][m [36m(Minecraft)[m [0m[CHAT] §2§l§o[TenorClef] §rT2 [HIST] 12:02.8 SNAP ph=PORTAL @-258,13,65 sky=0 wet=false ground=false pick=1 buck=2 iron=0 ore=1 rods=0 pearls=0 eyes=0 child=SurfaceBailTask dbg=<surface-bail>  mobs=none
[m[34m[02:10:02][m [32m[main/INFO][m [36m(Minecraft)[m [0m[CHAT] §2§l§o[TenorClef] §rT2 [NOW] t=12:02.9 ph=PORTAL @-258,13,65 do=<surface-bail>  eq=iron_pickaxe woodpick=1 stonepick=1 pick=1 iron=0 buck=1
[m[34m[02:10:03][m [32m[main/INFO][m [36m(Minecraft)[m [0m[CHAT] §2§l§o[TenorClef] §rT2 [NOW] t=12:03.9 ph=PORTAL @-258,12,68 do=<surface-bail>  eq=iron_pickaxe woodpick=1 stonepick=1 pick=1 iron=0 buck=1
[m[34m[02:10:03][m [32m[main/INFO][m [36m(Minecraft)[m [0m[CHAT] §2§l§o[TenorClef] §rT2 [HB] t=12:04.2 ph=PORTAL y=12 child=SurfaceBailTask logs=0 pick=1 woodpick=1
[m[34m[02:10:04][m [32m[main/INFO][m [36m(Minecraft)[m [0m[CHAT] §2§l§o[TenorClef] §rT2 [NOW] t=12:04.9 ph=PORTAL @-258,12,68 do=<surface-bail>  eq=iron_pickaxe woodpick=1 stonepick=1 pick=1 iron=0 buck=1
[m[34m[02:10:05][m [32m[main/INFO][m [36m(Minecraft)[m [0m[CHAT] §2§l§o[TenorClef] §rT2 [NOW] t=12:05.9 ph=PORTAL @-258,12,68 do=<surface-bail>  eq=iron_pickaxe woodpick=1 stonepick=1 pick=1 iron=0 buck=1
[m[34m[02:10:06][m [32m[main/INFO][m [36m(Minecraft)[m [0m[CHAT] §2§l§o[TenorClef] §rT2 [NOW] t=12:06.9 ph=PORTAL @-258,12,68 do=<surface-bail>  eq=iron_pickaxe woodpick=1 stonepick=1 pick=1 iron=0 buck=1
[m[34m[02:10:07][m [32m[main/INFO][m [36m(Minecraft)[m [0m[CHAT] §2§l§o[TenorClef] §rT2 [HIST] 12:07.8 SNAP ph=PORTAL @-258,12,68 sky=0 wet=false ground=true pick=1 buck=2 iron=0 ore=1 rods=0 pearls=0 eyes=0 child=SurfaceBailTask dbg=<surface-bail>  mobs=none
[m[34m[02:10:07][m [32m[main/INFO][m [36m(Minecraft)[m [0m[CHAT] §2§l§o[TenorClef] §rT2 [NOW] t=12:07.9 ph=PORTAL @-258,12,68 do=<surface-bail>  eq=iron_pickaxe woodpick=1 stonepick=1 pick=1 iron=0 buck=1
[m[34m[02:10:07][m [32m[main/INFO][m [36m(Minecraft)[m [0m[CHAT] §2§l§o[TenorClef] §rRefreshed inventory...
[m[34m[02:10:08][m [32m[main/INFO][m [36m(Minecraft)[m [0m[CHAT] §2§l§o[TenorClef] §rT2 [NOW] t=12:08.9 ph=PORTAL @-258,12,68 do=<surface-bail>  eq=iron_pickaxe woodpick=1 stonepick=1 pick=1 iron=0 buck=1
[m[34m[02:10:09][m [32m[main/INFO][m [36m(Minecraft)[m [0m[CHAT] §2§l§o[TenorClef] §rT2 [NOW] t=12:09.9 ph=PORTAL @-258,12,68 do=<surface-bail>  eq=iron_pickaxe woodpick=1 stonepick=1 pick=1 iron=0 buck=1
[m[34m[02:10:10][m [32m[main/INFO][m [36m(Minecraft)[m [0m[CHAT] §2§l§o[TenorClef] §rT2 [NOW] t=12:10.9 ph=PORTAL @-258,12,68 do=<surface-bail>  eq=iron_pickaxe woodpick=1 stonepick=1 pick=1 iron=0 buck=1
[m[34m[02:10:10][m [32m[main/INFO][m [36m(Minecraft)[m [0m[STDOUT]: ALTO CLEF: WARNING: T2 [S199] sticky air-pocket BlockPos{x=-258, y=12, z=66}
[m[34m[02:10:10][m [32m[main/INFO][m [36m(Minecraft)[m [0m[CHAT] §2§l§o[TenorClef] §cT2 [S199] sticky air-pocket BlockPos{x=-258, y=12, z=66}§r
[m[34m[02:10:10][m [32m[main/INFO][m [36m(Minecraft)[m [0m[CHAT] §2§l§o[TenorClef] §rT2 [HIST] 12:11.2 FORCE S199 sticky air-pocket BlockPos{x=-258, y=12, z=66}
[m[34m[02:10:10][m [32m[main/INFO][m [36m(Minecraft)[m [0m[CHAT] §2§l§o[TenorClef] §rTESRUN2 surface-bail S151 air-pocket dest=BlockPos{x=-258, y=12, z=66} from=BlockPos{x=-258, y=12, z=68}
[m[34m[02:10:10][m [32m[main/INFO][m [36m(Minecraft)[m [0m[CHAT] §2§l§o[TenorClef] §rTESRUN2 surface-bail wander (no air sky dest)
[m[34m[02:10:11][m [32m[pool-5-thread-4/INFO][m [36m(Minecraft)[m [0m[STDOUT]: 447744 movements considered
[m[34m[02:10:11][m [32m[pool-5-thread-4/INFO][m [36m(Minecraft)[m [0m[STDOUT]: Open set size: 4861
[m[34m[02:10:11][m [32m[pool-5-thread-4/INFO][m [36m(Minecraft)[m [0m[STDOUT]: PathNode map size: 25213
[m[34m[02:10:11][m [32m[pool-5-thread-4/INFO][m [36m(Minecraft)[m [0m[STDOUT]: 40622 nodes per second
[m[34m[02:10:11][m [32m[pool-5-thread-4/INFO][m [36m(Minecraft)[m [0m[STDOUT]: Path goes for 13.19090595827292 blocks
[m[34m[02:10:11][m [32m[main/INFO][m [36m(Minecraft)[m [0m[CHAT] §2§l§o[TenorClef] §rT2 [NOW] t=12:11.9 ph=PORTAL @-258,12,67 do=<surface-bail>  eq=iron_pickaxe woodpick=1 stonepick=1 pick=1 iron=0 buck=1
[m[34m[02:10:12][m [32m[main/INFO][m [36m(Minecraft)[m [0m[CHAT] §2§l§o[TenorClef] §rT2 [HIST] 12:12.8 SNAP ph=PORTAL @-258,14,65 sky=0 wet=false ground=false pick=1 buck=2 iron=0 ore=1 rods=0 pearls=0 eyes=0 child=SurfaceBailTask dbg=<surface-bail>  mobs=none
[m[34m[02:10:12][m [32m[main/INFO][m [36m(Minecraft)[m [0m[CHAT] §2§l§o[TenorClef] §rT2 [NOW] t=12:12.9 ph=PORTAL @-258,14,64 do=<surface-bail>  eq=iron_pickaxe woodpick=1 stonepick=1 pick=1 iron=0 buck=1
[m[34m[02:10:13][m [32m[main/INFO][m [36m(Minecraft)[m [0m[CHAT] §2§l§o[TenorClef] §rTESRUN2 surface-bail dest=BlockPos{x=-258, y=12, z=66}
[m[34m[02:10:13][m [32m[main/INFO][m [36m(Minecraft)[m [0m[STDOUT]: ALTO CLEF: WARNING: T2 [S156] surface-bail gave up after 120s at y=16 sky=0 dead=0s giveUp=1 - handing back to bootstrap
[m[34m[02:10:13][m [32m[main/INFO][m [36m(Minecraft)[m [0m[CHAT] §2§l§o[TenorClef] §cT2 [S156] surface-bail gave up after 120s at y=16 sky=0 dead=0s giveUp=1 - handing back to bootstrap§r
[m[34m[02:10:13][m [32m[main/INFO][m [36m(Minecraft)[m [0m[STDOUT]: ALTO CLEF: WARNING: T2 [E30] stall ph=PORTAL after 289s
[m[34m[02:10:13][m [32m[main/INFO][m [36m(Minecraft)[m [0m[CHAT] §2§l§o[TenorClef] §cT2 [E30] stall ph=PORTAL after 289s§r
[m[34m[02:10:13][m [32m[main/INFO][m [36m(Minecraft)[m [0m[STDOUT]: ALTO CLEF: WARNING: T2 [E40] closer=ConstructNetherPortalBucketTask
[m[34m[02:10:13][m [32m[main/INFO][m [36m(Minecraft)[m [0m[CHAT] §2§l§o[TenorClef] §cT2 [E40] closer=ConstructNetherPortalBucketTask§r
[m[34m[02:10:13][m [32m[main/INFO][m [36m(Minecraft)[m [0m[CHAT] §2§l§o[TenorClef] §r(Searching for lava lake with portalable spot nearby...)
[m[34m[02:10:13][m [32m[main/INFO][m [36m(Minecraft)[m [0m[CHAT] §2§l§o[TenorClef] §rFound with depth 28
[m[34m[02:10:13][m [32m[main/INFO][m [36m(Minecraft)[m [0m[CHAT] §2§l§o[TenorClef] §rFound with depth 4318
[m[34m[02:10:13][m [32m[main/INFO][m [36m(Minecraft)[m [0m[CHAT] §2§l§o[TenorClef] §rFound with depth 9
[m[34m[02:10:13][m [32m[main/INFO][m [36m(Minecraft)[m [0m[CHAT] §2§l§o[TenorClef] §rFound with depth 2
[m[34m[02:10:13][m [32m[main/INFO][m [36m(Minecraft)[m [0m[CHAT] §2§l§o[TenorClef] §rT2 [S165L] only a deep lava lake at y=9 - expect a long dark shaft
[m[34m[02:10:13][m [32m[main/INFO][m [36m(Minecraft)[m [0m[CHAT] §2§l§o[TenorClef] §rT2 [HIST] 12:13.7 CHILD SurfaceBailTask -> ConstructNetherPortalBucketTask ph=PORTAL @-258,16,63 sky=0 wet=false ground=false pick=1 buck=2 iron=0 ore=1 rods=0 pearls=0 eyes=0
[m[34m[02:10:13][m [32m[main/INFO][m [36m(Minecraft)[m [0m[CHAT] §2§l§o[TenorClef] §rT2 [HIST] 12:13.8 CHILD ConstructNetherPortalBucketTask -> SurfaceBailTask ph=PORTAL @-258,16,63 sky=0 wet=false ground=true pick=1 buck=2 iron=0 ore=1 rods=0 pearls=0 eyes=0
[m[34m[02:10:13][m [32m[main/INFO][m [36m(Minecraft)[m [0m[CHAT] §2§l§o[TenorClef] §rT2 [HIST] 12:13.8 CHILD SurfaceBailTask -> ConstructNetherPortalBucketTask ph=PORTAL @-258,16,63 sky=0 wet=false ground=true pick=1 buck=2 iron=0 ore=1 rods=0 pearls=0 eyes=0
[m[34m[02:10:13][m [32m[main/INFO][m [36m(Minecraft)[m [0m[CHAT] §2§l§o[TenorClef] §rT2 [HIST] 12:13.8 CHILD ConstructNetherPortalBucketTask -> SurfaceBailTask ph=PORTAL @-258,16,63 sky=0 wet=false ground=true pick=1 buck=2 iron=0 ore=1 rods=0 pearls=0 eyes=0
[m[34m[02:10:13][m [32m[main/INFO][m [36m(Minecraft)[m [0m[CHAT] §2§l§o[TenorClef] §rT2 [HIST] 12:13.8 CHILD SurfaceBailTask -> ConstructNetherPortalBucketTask ph=PORTAL @-258,16,63 sky=0 wet=false ground=true pick=1 buck=2 iron=0 ore=1 rods=0 pearls=0 eyes=0
[m[34m[02:10:13][m [32m[main/INFO][m [36m(Minecraft)[m [0m[CHAT] §2§l§o[TenorClef] §rT2 [NOW] t=12:13.9 ph=PORTAL @-258,16,63 do=<surface-bail>  eq=iron_pickaxe woodpick=1 stonepick=1 pick=1 iron=0 buck=1
[m[34m[02:10:13][m [32m[main/INFO][m [36m(Minecraft)[m [0m[CHAT] §2§l§o[TenorClef] §rT2 [HIST] 12:13.9 CHILD ConstructNetherPortalBucketTask -> SurfaceBailTask ph=PORTAL @-258,16,63 sky=0 wet=false ground=true pick=1 buck=2 iron=0 ore=1 rods=0 pearls=0 eyes=0
[m[34m[02:10:13][m [32m[main/INFO][m [36m(Minecraft)[m [0m[CHAT] §2§l§o[TenorClef] §rT2 [HIST] 12:13.9 CHILD SurfaceBailTask -> ConstructNetherPortalBucketTask ph=PORTAL @-258,16,63 sky=0 wet=false ground=true pick=1 buck=2 iron=0 ore=1 rods=0 pearls=0 eyes=0
[m[34m[02:10:13][m [32m[main/INFO][m [36m(Minecraft)[m [0m[CHAT] §2§l§o[TenorClef] §rT2 [HIST] 12:13.9 CHILD ConstructNetherPortalBucketTask -> SurfaceBailTask ph=PORTAL @-258,16,63 sky=0 wet=false ground=true pick=1 buck=2 iron=0 ore=1 rods=0 pearls=0 eyes=0
[m[34m[02:10:13][m [32m[main/INFO][m [36m(Minecraft)[m [0m[CHAT] §2§l§o[TenorClef] §rT2 [HIST] 12:13.9 CHILD SurfaceBailTask -> ConstructNetherPortalBucketTask ph=PORTAL @-258,16,63 sky=0 wet=false ground=true pick=1 buck=2 iron=0 ore=1 rods=0 pearls=0 eyes=0
[m[34m[02:10:13][m [32m[main/INFO][m [36m(Minecraft)[m [0m[CHAT] §2§l§o[TenorClef] §rT2 [HIST] 12:14.0 CHILD ConstructNetherPortalBucketTask -> SurfaceBailTask ph=PORTAL @-258,16,63 sky=0 wet=false ground=true pick=1 buck=2 iron=0 ore=1 rods=0 pearls=0 eyes=0
[m[34m[02:10:13][m [32m[main/INFO][m [36m(Minecraft)[m [0m[CHAT] §2§l§o[TenorClef] §rT2 [HIST] 12:14.0 CHILD SurfaceBailTask -> ConstructNetherPortalBucketTask ph=PORTAL @-258,16,63 sky=0 wet=false ground=true pick=1 buck=2 iron=0 ore=1 rods=0 pearls=0 eyes=0
[m[34m[02:10:13][m [32m[main/INFO][m [36m(Minecraft)[m [0m[CHAT] §2§l§o[TenorClef] §rT2 [HIST] 12:14.0 CHILD ConstructNetherPortalBucketTask -> SurfaceBailTask ph=PORTAL @-258,15,63 sky=0 wet=false ground=false pick=1 buck=2 iron=0 ore=1 rods=0 pearls=0 eyes=0
[m[34m[02:10:13][m [32m[main/INFO][m [36m(Minecraft)[m [0m[CHAT] §2§l§o[TenorClef] §rT2 [HIST] 12:14.0 CHILD SurfaceBailTask -> ConstructNetherPortalBucketTask ph=PORTAL @-258,15,63 sky=0 wet=false ground=false pick=1 buck=2 iron=0 ore=1 rods=0 pearls=0 eyes=0
[m[34m[02:10:13][m [32m[main/INFO][m [36m(Minecraft)[m [0m[CHAT] §2§l§o[TenorClef] §rT2 [HIST] 12:14.1 CHILD ConstructNetherPortalBucketTask -> SurfaceBailTask ph=PORTAL @-258,15,63 sky=0 wet=false ground=false pick=1 buck=2 iron=0 ore=1 rods=0 pearls=0 eyes=0
[m[34m[02:10:13][m [32m[main/INFO][m [36m(Minecraft)[m [0m[CHAT] §2§l§o[TenorClef] §rT2 [HIST] 12:14.1 CHILD SurfaceBailTask -> ConstructNetherPortalBucketTask ph=PORTAL @-258,15,63 sky=0 wet=false ground=false pick=1 buck=2 iron=0 ore=1 rods=0 pearls=0 eyes=0
[m[34m[02:10:13][m [32m[main/INFO][m [36m(Minecraft)[m [0m[CHAT] §2§l§o[TenorClef] §rT2 [HB] t=12:14.1 ph=PORTAL y=15 child=SurfaceBailTask logs=0 pick=1 woodpick=1
[m[34m[02:10:13][m [32m[main/INFO][m [36m(Minecraft)[m [0m[CHAT] §2§l§o[TenorClef] §rT2 [HIST] 12:14.1 CHILD ConstructNetherPortalBucketTask -> SurfaceBailTask ph=PORTAL @-258,15,63 sky=0 wet=false ground=false pick=1 buck=2 iron=0 ore=1 rods=0 pearls=0 eyes=0
[m[34m[02:10:13][m [32m[main/INFO][m [36m(Minecraft)[m [0m[CHAT] §2§l§o[TenorClef] §rT2 [HIST] 12:14.1 CHILD SurfaceBailTask -> ConstructNetherPortalBucketTask ph=PORTAL @-258,15,63 sky=0 wet=false ground=false pick=1 buck=2 iron=0 ore=1 rods=0 pearls=0 eyes=0
[m[34m[02:10:13][m [32m[main/INFO][m [36m(Minecraft)[m [0m[CHAT] §2§l§o[TenorClef] §rT2 [HIST] 12:14.2 CHILD ConstructNetherPortalBucketTask -> SurfaceBailTask ph=PORTAL @-258,15,63 sky=0 wet=false ground=false pick=1 buck=2 iron=0 ore=1 rods=0 pearls=0 eyes=0
[m[34m[02:10:13][m [32m[main/INFO][m [36m(Minecraft)[m [0m[CHAT] §2§l§o[TenorClef] §rT2 [HIST] 12:14.2 CHILD SurfaceBailTask -> ConstructNetherPortalBucketTask ph=PORTAL @-258,15,63 sky=0 wet=false ground=false pick=1 buck=2 iron=0 ore=1 rods=0 pearls=0 eyes=0
[m[34m[02:10:13][m [32m[main/INFO][m [36m(Minecraft)[m [0m[CHAT] §2§l§o[TenorClef] §rT2 [HIST] 12:14.2 CHILD ConstructNetherPortalBucketTask -> SurfaceBailTask ph=PORTAL @-258,15,63 sky=0 wet=false ground=true pick=1 buck=2 iron=0 ore=1 rods=0 pearls=0 eyes=0
[m[34m[02:10:13][m [32m[main/INFO][m [36m(Minecraft)[m [0m[CHAT] §2§l§o[TenorClef] §rT2 [HIST] 12:14.2 CHILD SurfaceBailTask -> ConstructNetherPortalBucketTask ph=PORTAL @-258,15,63 sky=0 wet=false ground=true pick=1 buck=2 iron=0 ore=1 rods=0 pearls=0 eyes=0
[m[34m[02:10:13][m [32m[main/INFO][m [36m(Minecraft)[m [0m[CHAT] §2§l§o[TenorClef] §rT2 [HIST] 12:14.3 CHILD ConstructNetherPortalBucketTask -> SurfaceBailTask ph=PORTAL @-258,15,63 sky=0 wet=false ground=true pick=1 buck=2 iron=0 ore=1 rods=0 pearls=0 eyes=0
[m[34m[02:10:13][m [32m[main/INFO][m [36m(Minecraft)[m [0m[CHAT] §2§l§o[TenorClef] §rT2 [HIST] 12:14.3 CHILD SurfaceBailTask -> ConstructNetherPortalBucketTask ph=PORTAL @-258,15,63 sky=0 wet=false ground=true pick=1 buck=2 iron=0 ore=1 rods=0 pearls=0 eyes=0
[m[34m[02:10:13][m [32m[main/INFO][m [36m(Minecraft)[m [0m[CHAT] §2§l§o[TenorClef] §rT2 [HIST] 12:14.3 CHILD ConstructNetherPortalBucketTask -> SurfaceBailTask ph=PORTAL @-258,15,63 sky=0 wet=false ground=true pick=1 buck=2 iron=0 ore=1 rods=0 pearls=0 eyes=0
[m[34m[02:10:13][m [32m[main/INFO][m [36m(Minecraft)[m [0m[CHAT] §2§l§o[TenorClef] §rT2 [HIST] 12:14.3 CHILD SurfaceBailTask -> ConstructNetherPortalBucketTask ph=PORTAL @-258,15,63 sky=0 wet=false ground=true pick=1 buck=2 iron=0 ore=1 rods=0 pearls=0 eyes=0
[m[34m[02:10:13][m [32m[main/INFO][m [36m(Minecraft)[m [0m[CHAT] §2§l§o[TenorClef] §rT2 [HIST] 12:14.4 CHILD ConstructNetherPortalBucketTask -> SurfaceBailTask ph=PORTAL @-258,15,63 sky=0 wet=false ground=true pick=1 buck=2 iron=0 ore=1 rods=0 pearls=0 eyes=0
[m[34m[02:10:13][m [32m[main/INFO][m [36m(Minecraft)[m [0m[CHAT] §2§l§o[TenorClef] §rT2 [HIST] 12:14.4 CHILD SurfaceBailTask -> ConstructNetherPortalBucketTask ph=PORTAL @-258,15,63 sky=0 wet=false ground=true pick=1 buck=2 iron=0 ore=1 rods=0 pearls=0 eyes=0
[m[34m[02:10:13][m [32m[main/INFO][m [36m(Minecraft)[m [0m[CHAT] §2§l§o[TenorClef] §rT2 [HIST] 12:14.4 CHILD ConstructNetherPortalBucketTask -> SurfaceBailTask ph=PORTAL @-258,15,63 sky=0 wet=false ground=true pick=1 buck=2 iron=0 ore=1 rods=0 pearls=0 eyes=0
[m[34m[02:10:13][m [32m[main/INFO][m [36m(Minecraft)[m [0m[CHAT] §2§l§o[TenorClef] §rT2 [HIST] 12:14.4 CHILD SurfaceBailTask -> ConstructNetherPortalBucketTask ph=PORTAL @-258,15,63 sky=0 wet=false ground=true pick=1 buck=2 iron=0 ore=1 rods=0 pearls=0 eyes=0
[m[34m[02:10:13][m [32m[main/INFO][m [36m(Minecraft)[m [0m[CHAT] §2§l§o[TenorClef] §rT2 [HIST] 12:14.5 CHILD ConstructNetherPortalBucketTask -> SurfaceBailTask ph=PORTAL @-258,15,64 sky=0 wet=false ground=true pick=1 buck=2 iron=0 ore=1 rods=0 pearls=0 eyes=0
[m[34m[02:10:13][m [32m[main/INFO][m [36m(Minecraft)[m [0m[CHAT] §2§l§o[TenorClef] §rT2 [HIST] 12:14.5 CHILD SurfaceBailTask -> ConstructNetherPortalBucketTask ph=PORTAL @-258,15,64 sky=0 wet=false ground=true pick=1 buck=2 iron=0 ore=1 rods=0 pearls=0 eyes=0
[m[34m[02:10:14][m [32m[main/INFO][m [36m(Minecraft)[m [0m[CHAT] §2§l§o[TenorClef] §rT2 [HIST] 12:14.5 CHILD ConstructNetherPortalBucketTask -> SurfaceBailTask ph=PORTAL @-258,15,64 sky=0 wet=false ground=true pick=1 buck=2 iron=0 ore=1 rods=0 pearls=0 eyes=0
[m[34m[02:10:14][m [32m[main/INFO][m [36m(Minecraft)[m [0m[CHAT] §2§l§o[TenorClef] §rT2 [HIST] 12:14.5 CHILD SurfaceBailTask -> ConstructNetherPortalBucketTask ph=PORTAL @-258,15,64 sky=0 wet=false ground=true pick=1 buck=2 iron=0 ore=1 rods=0 pearls=0 eyes=0
[m[34m[02:10:14][m [32m[main/INFO][m [36m(Minecraft)[m [0m[CHAT] §2§l§o[TenorClef] §rT2 [HIST] 12:14.6 CHILD ConstructNetherPortalBucketTask -> SurfaceBailTask ph=PORTAL @-258,15,64 sky=0 wet=false ground=true pick=1 buck=2 iron=0 ore=1 rods=0 pearls=0 eyes=0
[m[34m[02:10:14][m [32m[main/INFO][m [36m(Minecraft)[m [0m[CHAT] §2§l§o[TenorClef] §rT2 [HIST] 12:14.6 CHILD SurfaceBailTask -> ConstructNetherPortalBucketTask ph=PORTAL @-258,15,64 sky=0 wet=false ground=true pick=1 buck=2 iron=0 ore=1 rods=0 pearls=0 eyes=0
[m[34m[02:10:14][m [32m[main/INFO][m [36m(Minecraft)[m [0m[CHAT] §2§l§o[TenorClef] §rT2 [HIST] 12:14.6 CHILD ConstructNetherPortalBucketTask -> SurfaceBailTask ph=PORTAL @-258,14,64 sky=0 wet=false ground=false pick=1 buck=2 iron=0 ore=1 rods=0 pearls=0 eyes=0
[m[34m[02:10:14][m [32m[main/INFO][m [36m(Minecraft)[m [0m[CHAT] §2§l§o[TenorClef] §rT2 [HIST] 12:14.6 CHILD SurfaceBailTask -> ConstructNetherPortalBucketTask ph=PORTAL @-258,14,64 sky=0 wet=false ground=false pick=1 buck=2 iron=0 ore=1 rods=0 pearls=0 eyes=0
[m[34m[02:10:14][m [32m[main/INFO][m [36m(Minecraft)[m [0m[CHAT] §2§l§o[TenorClef] §rT2 [HIST] 12:14.7 CHILD ConstructNetherPortalBucketTask -> SurfaceBailTask ph=PORTAL @-258,14,64 sky=0 wet=false ground=false pick=1 buck=2 iron=0 ore=1 rods=0 pearls=0 eyes=0
[m[34m[02:10:14][m [32m[main/INFO][m [36m(Minecraft)[m [0m[CHAT] §2§l§o[TenorClef] §rT2 [HIST] 12:14.7 CHILD SurfaceBailTask -> ConstructNetherPortalBucketTask ph=PORTAL @-258,14,64 sky=0 wet=false ground=false pick=1 buck=2 iron=0 ore=1 rods=0 pearls=0 eyes=0
[m[34m[02:10:14][m [32m[main/INFO][m [36m(Minecraft)[m [0m[CHAT] §2§l§o[TenorClef] §rT2 [HIST] 12:14.7 CHILD ConstructNetherPortalBucketTask -> SurfaceBailTask ph=PORTAL @-258,14,64 sky=0 wet=false ground=false pick=1 buck=2 iron=0 ore=1 rods=0 pearls=0 eyes=0
[m[34m[02:10:14][m [32m[main/INFO][m [36m(Minecraft)[m [0m[CHAT] §2§l§o[TenorClef] §rT2 [HIST] 12:14.7 CHILD SurfaceBailTask -> ConstructNetherPortalBucketTask ph=PORTAL @-258,14,64 sky=0 wet=false ground=false pick=1 buck=2 iron=0 ore=1 rods=0 pearls=0 eyes=0
[m[34m[02:10:14][m [32m[main/INFO][m [36m(Minecraft)[m [0m[CHAT] §2§l§o[TenorClef] §rT2 [HIST] 12:14.8 CHILD ConstructNetherPortalBucketTask -> SurfaceBailTask ph=PORTAL @-258,14,64 sky=0 wet=false ground=false pick=1 buck=2 iron=0 ore=1 rods=0 pearls=0 eyes=0
[m[34m[02:10:14][m [32m[main/INFO][m [36m(Minecraft)[m [0m[CHAT] §2§l§o[TenorClef] §rT2 [HIST] 12:14.8 CHILD SurfaceBailTask -> ConstructNetherPortalBucketTask ph=PORTAL @-258,14,64 sky=0 wet=false ground=false pick=1 buck=2 iron=0 ore=1 rods=0 pearls=0 eyes=0
[m[34m[02:10:14][m [32m[main/INFO][m [36m(Minecraft)[m [0m[CHAT] §2§l§o[TenorClef] §rT2 [HIST] 12:14.8 CHILD ConstructNetherPortalBucketTask -> SurfaceBailTask ph=PORTAL @-258,14,64 sky=0 wet=false ground=true pick=1 buck=2 iron=0 ore=1 rods=0 pearls=0 eyes=0
[m[34m[02:10:14][m [32m[main/INFO][m [36m(Minecraft)[m [0m[CHAT] §2§l§o[TenorClef] §rT2 [HIST] 12:14.8 CHILD SurfaceBailTask -> ConstructNetherPortalBucketTask ph=PORTAL @-258,14,64 sky=0 wet=false ground=true pick=1 buck=2 iron=0 ore=1 rods=0 pearls=0 eyes=0
[m[34m[02:10:14][m [32m[main/INFO][m [36m(Minecraft)[m [0m[CHAT] §2§l§o[TenorClef] §rT2 [NOW] t=12:14.9 ph=PORTAL @-258,14,64 do=<surface-bail>  eq=iron_pickaxe woodpick=1 stonepick=1 pick=1 iron=0 buck=1
[m[34m[02:10:14][m [32m[main/INFO][m [36m(Minecraft)[m [0m[CHAT] §2§l§o[TenorClef] §rT2 [HIST] 12:14.9 CHILD ConstructNetherPortalBucketTask -> SurfaceBailTask ph=PORTAL @-258,14,64 sky=0 wet=false ground=true pick=1 buck=2 iron=0 ore=1 rods=0 pearls=0 eyes=0
[m[34m[02:10:14][m [32m[main/INFO][m [36m(Minecraft)[m [0m[CHAT] §2§l§o[TenorClef] §rT2 [HIST] 12:14.9 CHILD SurfaceBailTask -> ConstructNetherPortalBucketTask ph=PORTAL @-258,14,64 sky=0 wet=false ground=true pick=1 buck=2 iron=0 ore=1 rods=0 pearls=0 eyes=0
[m[34m[02:10:14][m [32m[main/INFO][m [36m(Minecraft)[m [0m[CHAT] §2§l§o[TenorClef] §rT2 [HIST] 12:14.9 CHILD ConstructNetherPortalBucketTask -> SurfaceBailTask ph=PORTAL @-258,14,64 sky=0 wet=false ground=true pick=1 buck=2 iron=0 ore=1 rods=0 pearls=0 eyes=0
[m[34m[02:10:14][m [32m[main/INFO][m [36m(Minecraft)[m [0m[CHAT] §2§l§o[TenorClef] §rT2 [HIST] 12:14.9 CHILD SurfaceBailTask -> ConstructNetherPortalBucketTask ph=PORTAL @-258,14,64 sky=0 wet=false ground=true pick=1 buck=2 iron=0 ore=1 rods=0 pearls=0 eyes=0
[m[34m[02:10:14][m [32m[main/INFO][m [36m(Minecraft)[m [0m[CHAT] §2§l§o[TenorClef] §rT2 [HIST] 12:15.0 CHILD ConstructNetherPortalBucketTask -> SurfaceBailTask ph=PORTAL @-258,14,64 sky=0 wet=false ground=true pick=1 buck=2 iron=0 ore=1 rods=0 pearls=0 eyes=0
[m[34m[02:10:14][m [32m[main/INFO][m [36m(Minecraft)[m [0m[CHAT] §2§l§o[TenorClef] §rT2 [HIST] 12:15.0 CHILD SurfaceBailTask -> ConstructNetherPortalBucketTask ph=PORTAL @-258,14,64 sky=0 wet=false ground=true pick=1 buck=2 iron=0 ore=1 rods=0 pearls=0 eyes=0
[m[34m[02:10:14][m [32m[main/INFO][m [36m(Minecraft)[m [0m[CHAT] §2§l§o[TenorClef] §rT2 [HIST] 12:15.0 CHILD ConstructNetherPortalBucketTask -> SurfaceBailTask ph=PORTAL @-258,14,64 sky=0 wet=false ground=true pick=1 buck=2 iron=0 ore=1 rods=0 pearls=0 eyes=0
[m[34m[02:10:14][m [32m[main/INFO][m [36m(Minecraft)[m [0m[CHAT] §2§l§o[TenorClef] §rT2 [HIST] 12:15.0 CHILD SurfaceBailTask -> ConstructNetherPortalBucketTask ph=PORTAL @-258,14,64 sky=0 wet=false ground=true pick=1 buck=2 iron=0 ore=1 rods=0 pearls=0 eyes=0
[m[34m[02:10:14][m [32m[main/INFO][m [36m(Minecraft)[m [0m[CHAT] §2§l§o[TenorClef] §rT2 [HIST] 12:15.1 CHILD ConstructNetherPortalBucketTask -> SurfaceBailTask ph=PORTAL @-258,14,64 sky=0 wet=false ground=true pick=1 buck=2 iron=0 ore=1 rods=0 pearls=0 eyes=0
[m[34m[02:10:14][m [32m[main/INFO][m [36m(Minecraft)[m [0m[CHAT] §2§l§o[TenorClef] §rT2 [HIST] 12:15.1 CHILD SurfaceBailTask -> ConstructNetherPortalBucketTask ph=PORTAL @-258,14,64 sky=0 wet=false ground=true pick=1 buck=2 iron=0 ore=1 rods=0 pearls=0 eyes=0
[m[34m[02:10:14][m [32m[main/INFO][m [36m(Minecraft)[m [0m[CHAT] §2§l§o[TenorClef] §rT2 [HIST] 12:15.1 CHILD ConstructNetherPortalBucketTask -> SurfaceBailTask ph=PORTAL @-258,14,64 sky=0 wet=false ground=true pick=1 buck=2 iron=0 ore=1 rods=0 pearls=0 eyes=0
[m[34m[02:10:14][m [32m[main/INFO][m [36m(Minecraft)[m [0m[CHAT] §2§l§o[TenorClef] §rT2 [HIST] 12:15.1 CHILD SurfaceBailTask -> ConstructNetherPortalBucketTask ph=PORTAL @-258,14,64 sky=0 wet=false ground=true pick=1 buck=2 iron=0 ore=1 rods=0 pearls=0 eyes=0
[m[34m[02:10:14][m [32m[main/INFO][m [36m(Minecraft)[m [0m[CHAT] §2§l§o[TenorClef] §rT2 [HIST] 12:15.2 CHILD ConstructNetherPortalBucketTask -> SurfaceBailTask ph=PORTAL @-258,14,64 sky=0 wet=false ground=true pick=1 buck=2 iron=0 ore=1 rods=0 pearls=0 eyes=0
[m[34m[02:10:14][m [32m[main/INFO][m [36m(Minecraft)[m [0m[CHAT] §2§l§o[TenorClef] §rT2 [HIST] 12:15.2 CHILD SurfaceBailTask -> ConstructNetherPortalBucketTask ph=PORTAL @-258,14,64 sky=0 wet=false ground=true pick=1 buck=2 iron=0 ore=1 rods=0 pearls=0 eyes=0
[m[34m[02:10:14][m [32m[main/INFO][m [36m(Minecraft)[m [0m[CHAT] §2§l§o[TenorClef] §rT2 [HIST] 12:15.2 CHILD ConstructNetherPortalBucketTask -> SurfaceBailTask ph=PORTAL @-258,14,64 sky=0 wet=false ground=true pick=1 buck=2 iron=0 ore=1 rods=0 pearls=0 eyes=0
[m[34m[02:10:14][m [32m[main/INFO][m [36m(Minecraft)[m [0m[CHAT] §2§l§o[TenorClef] §rT2 [HIST] 12:15.2 CHILD SurfaceBailTask -> ConstructNetherPortalBucketTask ph=PORTAL @-258,14,64 sky=0 wet=false ground=true pick=1 buck=2 iron=0 ore=1 rods=0 pearls=0 eyes=0
[m[34m[02:10:14][m [32m[main/INFO][m [36m(Minecraft)[m [0m[CHAT] §2§l§o[TenorClef] §rT2 [HIST] 12:15.3 CHILD ConstructNetherPortalBucketTask -> SurfaceBailTask ph=PORTAL @-258,13,64 sky=0 wet=false ground=false pick=1 buck=2 iron=0 ore=1 rods=0 pearls=0 eyes=0
[m[34m[02:10:14][m [32m[main/INFO][m [36m(Minecraft)[m [0m[CHAT] §2§l§o[TenorClef] §rT2 [HIST] 12:15.3 CHILD SurfaceBailTask -> ConstructNetherPortalBucketTask ph=PORTAL @-258,13,64 sky=0 wet=false ground=false pick=1 buck=2 iron=0 ore=1 rods=0 pearls=0 eyes=0
[m[34m[02:10:14][m [32m[main/INFO][m [36m(Minecraft)[m [0m[CHAT] §2§l§o[TenorClef] §rT2 [HIST] 12:15.3 CHILD ConstructNetherPortalBucketTask -> SurfaceBailTask ph=PORTAL @-258,13,64 sky=0 wet=false ground=false pick=1 buck=2 iron=0 ore=1 rods=0 pearls=0 eyes=0
[m[34m[02:10:14][m [32m[main/INFO][m [36m(Minecraft)[m [0m[CHAT] §2§l§o[TenorClef] §rT2 [HIST] 12:15.3 CHILD SurfaceBailTask -> ConstructNetherPortalBucketTask ph=PORTAL @-258,13,64 sky=0 wet=false ground=false pick=1 buck=2 iron=0 ore=1 rods=0 pearls=0 eyes=0
[m[34m[02:10:14][m [32m[main/INFO][m [36m(Minecraft)[m [0m[CHAT] §2§l§o[TenorClef] §rT2 [HIST] 12:15.4 CHILD ConstructNetherPortalBucketTask -> SurfaceBailTask ph=PORTAL @-258,13,64 sky=0 wet=false ground=false pick=1 buck=2 iron=0 ore=1 rods=0 pearls=0 eyes=0
[m[34m[02:10:14][m [32m[main/INFO][m [36m(Minecraft)[m [0m[CHAT] §2§l§o[TenorClef] §rT2 [HIST] 12:15.4 CHILD SurfaceBailTask -> ConstructNetherPortalBucketTask ph=PORTAL @-258,13,64 sky=0 wet=false ground=false pick=1 buck=2 iron=0 ore=1 rods=0 pearls=0 eyes=0
[m[34m[02:10:14][m [32m[main/INFO][m [36m(Minecraft)[m [0m[CHAT] §2§l§o[TenorClef] §rT2 [HIST] 12:15.4 CHILD ConstructNetherPortalBucketTask -> SurfaceBailTask ph=PORTAL @-258,13,64 sky=0 wet=false ground=false pick=1 buck=2 iron=0 ore=1 rods=0 pearls=0 eyes=0
[m[34m[02:10:14][m [32m[main/INFO][m [36m(Minecraft)[m [0m[CHAT] §2§l§o[TenorClef] §rT2 [HIST] 12:15.4 CHILD SurfaceBailTask -> ConstructNetherPortalBucketTask ph=PORTAL @-258,13,64 sky=0 wet=false ground=false pick=1 buck=2 iron=0 ore=1 rods=0 pearls=0 eyes=0
[m[34m[02:10:14][m [32m[main/INFO][m [36m(Minecraft)[m [0m[CHAT] §2§l§o[TenorClef] §rT2 [HIST] 12:15.5 CHILD ConstructNetherPortalBucketTask -> SurfaceBailTask ph=PORTAL @-258,13,64 sky=0 wet=false ground=true pick=1 buck=2 iron=0 ore=1 rods=0 pearls=0 eyes=0
[m[34m[02:10:14][m [32m[main/INFO][m [36m(Minecraft)[m [0m[CHAT] §2§l§o[TenorClef] §rT2 [HIST] 12:15.5 CHILD SurfaceBailTask -> ConstructNetherPortalBucketTask ph=PORTAL @-258,13,64 sky=0 wet=false ground=true pick=1 buck=2 iron=0 ore=1 rods=0 pearls=0 eyes=0
[m[34m[02:10:15][m [32m[main/INFO][m [36m(Minecraft)[m [0m[CHAT] §2§l§o[TenorClef] §rT2 [HIST] 12:15.5 CHILD ConstructNetherPortalBucketTask -> SurfaceBailTask ph=PORTAL @-258,13,64 sky=0 wet=false ground=true pick=1 buck=2 iron=0 ore=1 rods=0 pearls=0 eyes=0
[m[34m[02:10:15][m [32m[main/INFO][m [36m(Minecraft)[m [0m[CHAT] §2§l§o[TenorClef] §rT2 [HIST] 12:15.5 CHILD SurfaceBailTask -> ConstructNetherPortalBucketTask ph=PORTAL @-258,13,64 sky=0 wet=false ground=true pick=1 buck=2 iron=0 ore=1 rods=0 pearls=0 eyes=0
[m[34m[02:10:15][m [32m[main/INFO][m [36m(Minecraft)[m [0m[CHAT] §2§l§o[TenorClef] §rT2 [HIST] 12:15.6 CHILD ConstructNetherPortalBucketTask -> SurfaceBailTask ph=PORTAL @-258,13,64 sky=0 wet=false ground=true pick=1 buck=2 iron=0 ore=1 rods=0 pearls=0 eyes=0
[m[34m[02:10:15][m [32m[main/INFO][m [36m(Minecraft)[m [0m[CHAT] §2§l§o[TenorClef] §rT2 [HIST] 12:15.6 CHILD SurfaceBailTask -> ConstructNetherPortalBucketTask ph=PORTAL @-258,13,64 sky=0 wet=false ground=true pick=1 buck=2 iron=0 ore=1 rods=0 pearls=0 eyes=0
[m[34m[02:10:15][m [32m[main/INFO][m [36m(Minecraft)[m [0m[CHAT] §2§l§o[TenorClef] §rT2 [HIST] 12:15.6 CHILD ConstructNetherPortalBucketTask -> SurfaceBailTask ph=PORTAL @-258,13,64 sky=0 wet=false ground=true pick=1 buck=2 iron=0 ore=1 rods=0 pearls=0 eyes=0
[m[34m[02:10:15][m [32m[main/INFO][m [36m(Minecraft)[m [0m[CHAT] §2§l§o[TenorClef] §rT2 [HIST] 12:15.6 CHILD SurfaceBailTask -> ConstructNetherPortalBucketTask ph=PORTAL @-258,13,64 sky=0 wet=false ground=true pick=1 buck=2 iron=0 ore=1 rods=0 pearls=0 eyes=0
[m[34m[02:10:15][m [32m[main/INFO][m [36m(Minecraft)[m [0m[CHAT] §2§l§o[TenorClef] §rT2 [HIST] 12:15.7 CHILD ConstructNetherPortalBucketTask -> SurfaceBailTask ph=PORTAL @-258,13,64 sky=0 wet=false ground=true pick=1 buck=2 iron=0 ore=1 rods=0 pearls=0 eyes=0
[m[34m[02:10:15][m [32m[main/INFO][m [36m(Minecraft)[m [0m[CHAT] §2§l§o[TenorClef] §rT2 [HIST] 12:15.7 CHILD SurfaceBailTask -> ConstructNetherPortalBucketTask ph=PORTAL @-258,13,64 sky=0 wet=false ground=true pick=1 buck=2 iron=0 ore=1 rods=0 pearls=0 eyes=0
[m[34m[02:10:15][m [32m[main/INFO][m [36m(Minecraft)[m [0m[CHAT] §2§l§o[TenorClef] §rT2 [HIST] 12:15.7 CHILD ConstructNetherPortalBucketTask -> SurfaceBailTask ph=PORTAL @-258,13,64 sky=0 wet=false ground=true pick=1 buck=2 iron=0 ore=1 rods=0 pearls=0 eyes=0
[m[34m[02:10:15][m [32m[main/INFO][m [36m(Minecraft)[m [0m[CHAT] §2§l§o[TenorClef] §rT2 [HIST] 12:15.7 CHILD SurfaceBailTask -> ConstructNetherPortalBucketTask ph=PORTAL @-258,13,64 sky=0 wet=false ground=true pick=1 buck=2 iron=0 ore=1 rods=0 pearls=0 eyes=0
[m[34m[02:10:15][m [32m[main/INFO][m [36m(Minecraft)[m [0m[CHAT] §2§l§o[TenorClef] §rT2 [HIST] 12:15.7 SNAP ph=PORTAL @-258,13,64 sky=0 wet=false ground=true pick=1 buck=2 iron=0 ore=1 rods=0 pearls=0 eyes=0 child=ConstructNetherPortalBucketTask dbg=<Construct Nether Portal> Collecting lava mobs=none
[m[34m[02:10:15][m [32m[main/INFO][m [36m(Minecraft)[m [0m[CHAT] §2§l§o[TenorClef] §rT2 [HIST] 12:15.8 CHILD ConstructNetherPortalBucketTask -> SurfaceBailTask ph=PORTAL @-258,13,64 sky=0 wet=false ground=true pick=1 buck=2 iron=0 ore=1 rods=0 pearls=0 eyes=0
[m[34m[02:10:15][m [32m[main/INFO][m [36m(Minecraft)[m [0m[CHAT] §2§l§o[TenorClef] §rT2 [HIST] 12:15.8 CHILD SurfaceBailTask -> ConstructNetherPortalBucketTask ph=PORTAL @-258,13,64 sky=0 wet=false ground=true pick=1 buck=2 iron=0 ore=1 rods=0 pearls=0 eyes=0
[m[34m[02:10:15][m [32m[main/INFO][m [36m(Minecraft)[m [0m[CHAT] §2§l§o[TenorClef] §rT2 [HIST] 12:15.8 CHILD ConstructNetherPortalBucketTask -> SurfaceBailTask ph=PORTAL @-258,13,64 sky=0 wet=false ground=true pick=1 buck=2 iron=0 ore=1 rods=0 pearls=0 eyes=0
[m[34m[02:10:15][m [32m[main/INFO][m [36m(Minecraft)[m [0m[CHAT] §2§l§o[TenorClef] §rT2 [HIST] 12:15.8 CHILD SurfaceBailTask -> ConstructNetherPortalBucketTask ph=PORTAL @-258,13,64 sky=0 wet=false ground=true pick=1 buck=2 iron=0 ore=1 rods=0 pearls=0 eyes=0
[m[34m[02:10:15][m [32m[main/INFO][m [36m(Minecraft)[m [0m[CHAT] §2§l§o[TenorClef] §rT2 [NOW] t=12:15.9 ph=PORTAL @-258,13,64 do=<surface-bail>  eq=iron_pickaxe woodpick=1 stonepick=1 pick=1 iron=0 buck=1
[m[34m[02:10:15][m [32m[main/INFO][m [36m(Minecraft)[m [0m[CHAT] §2§l§o[TenorClef] §rT2 [HIST] 12:15.9 CHILD ConstructNetherPortalBucketTask -> SurfaceBailTask ph=PORTAL @-258,13,64 sky=0 wet=false ground=true pick=1 buck=2 iron=0 ore=1 rods=0 pearls=0 eyes=0
[m[34m[02:10:15][m [32m[main/INFO][m [36m(Minecraft)[m [0m[CHAT] §2§l§o[TenorClef] §rT2 [HIST] 12:15.9 CHILD SurfaceBailTask -> ConstructNetherPortalBucketTask ph=PORTAL @-258,13,64 sky=0 wet=false ground=true pick=1 buck=2 iron=0 ore=1 rods=0 pearls=0 eyes=0
[m[34m[02:10:15][m [32m[main/INFO][m [36m(Minecraft)[m [0m[CHAT] §2§l§o[TenorClef] §rT2 [HIST] 12:15.9 CHILD ConstructNetherPortalBucketTask -> SurfaceBailTask ph=PORTAL @-258,13,64 sky=0 wet=false ground=true pick=1 buck=2 iron=0 ore=1 rods=0 pearls=0 eyes=0
[m[34m[02:10:15][m [32m[main/INFO][m [36m(Minecraft)[m [0m[CHAT] §2§l§o[TenorClef] §rT2 [HIST] 12:15.9 CHILD SurfaceBailTask -> ConstructNetherPortalBucketTask ph=PORTAL @-258,13,64 sky=0 wet=false ground=true pick=1 buck=2 iron=0 ore=1 rods=0 pearls=0 eyes=0
[m[34m[02:10:15][m [32m[main/INFO][m [36m(Minecraft)[m [0m[CHAT] §2§l§o[TenorClef] §rT2 [HIST] 12:16.0 CHILD ConstructNetherPortalBucketTask -> SurfaceBailTask ph=PORTAL @-258,13,64 sky=0 wet=false ground=true pick=1 buck=2 iron=0 ore=1 rods=0 pearls=0 eyes=0
[m[34m[02:10:15][m [32m[main/INFO][m [36m(Minecraft)[m [0m[CHAT] §2§l§o[TenorClef] §rT2 [HIST] 12:16.0 CHILD SurfaceBailTask -> ConstructNetherPortalBucketTask ph=PORTAL @-258,13,64 sky=0 wet=false ground=true pick=1 buck=2 iron=0 ore=1 rods=0 pearls=0 eyes=0
[m[34m[02:10:15][m [32m[main/INFO][m [36m(Minecraft)[m [0m[CHAT] §2§l§o[TenorClef] §rT2 [HIST] 12:16.0 CHILD ConstructNetherPortalBucketTask -> SurfaceBailTask ph=PORTAL @-258,13,64 sky=0 wet=false ground=true pick=1 buck=2 iron=0 ore=1 rods=0 pearls=0 eyes=0
[m[34m[02:10:15][m [32m[main/INFO][m [36m(Minecraft)[m [0m[CHAT] §2§l§o[TenorClef] §rT2 [HIST] 12:16.0 CHILD SurfaceBailTask -> ConstructNetherPortalBucketTask ph=PORTAL @-258,13,64 sky=0 wet=false ground=true pick=1 buck=2 iron=0 ore=1 rods=0 pearls=0 eyes=0
[m[34m[02:10:15][m [32m[main/INFO][m [36m(Minecraft)[m [0m[CHAT] §2§l§o[TenorClef] §rT2 [HIST] 12:16.1 CHILD ConstructNetherPortalBucketTask -> SurfaceBailTask ph=PORTAL @-258,13,64 sky=0 wet=false ground=true pick=1 buck=2 iron=0 ore=1 rods=0 pearls=0 eyes=0
[m[34m[02:10:15][m [32m[main/INFO][m [36m(Minecraft)[m [0m[CHAT] §2§l§o[TenorClef] §rT2 [HIST] 12:16.1 CHILD SurfaceBailTask -> ConstructNetherPortalBucketTask ph=PORTAL @-258,13,64 sky=0 wet=false ground=true pick=1 buck=2 iron=0 ore=1 rods=0 pearls=0 eyes=0
[m[34m[02:10:15][m [32m[main/INFO][m [36m(Minecraft)[m [0m[CHAT] §2§l§o[TenorClef] §rT2 [HIST] 12:16.1 CHILD ConstructNetherPortalBucketTask -> SurfaceBailTask ph=PORTAL @-258,13,64 sky=0 wet=false ground=true pick=1 buck=2 iron=0 ore=1 rods=0 pearls=0 eyes=0
[m[34m[02:10:15][m [32m[main/INFO][m [36m(Minecraft)[m [0m[CHAT] §2§l§o[TenorClef] §rT2 [HIST] 12:16.1 CHILD SurfaceBailTask -> ConstructNetherPortalBucketTask ph=PORTAL @-258,13,64 sky=0 wet=false ground=true pick=1 buck=2 iron=0 ore=1 rods=0 pearls=0 eyes=0
[m[34m[02:10:15][m [32m[main/INFO][m [36m(Minecraft)[m [0m[CHAT] §2§l§o[TenorClef] §rT2 [HIST] 12:16.2 CHILD ConstructNetherPortalBucketTask -> SurfaceBailTask ph=PORTAL @-258,13,64 sky=0 wet=false ground=true pick=1 buck=2 iron=0 ore=1 rods=0 pearls=0 eyes=0
[m[34m[02:10:15][m [32m[main/INFO][m [36m(Minecraft)[m [0m[CHAT] §2§l§o[TenorClef] §rT2 [HIST] 12:16.2 CHILD SurfaceBailTask -> ConstructNetherPortalBucketTask ph=PORTAL @-258,13,64 sky=0 wet=false ground=true pick=1 buck=2 iron=0 ore=1 rods=0 pearls=0 eyes=0
[m[34m[02:10:15][m [32m[main/INFO][m [36m(Minecraft)[m [0m[CHAT] §2§l§o[TenorClef] §rT2 [HIST] 12:16.2 CHILD ConstructNetherPortalBucketTask -> SurfaceBailTask ph=PORTAL @-258,13,64 sky=0 wet=false ground=true pick=1 buck=2 iron=0 ore=1 rods=0 pearls=0 eyes=0
[m[34m[02:10:15][m [32m[main/INFO][m [36m(Minecraft)[m [0m[CHAT] §2§l§o[TenorClef] §rT2 [HIST] 12:16.2 CHILD SurfaceBailTask -> ConstructNetherPortalBucketTask ph=PORTAL @-258,13,64 sky=0 wet=false ground=true pick=1 buck=2 iron=0 ore=1 rods=0 pearls=0 eyes=0
[m[34m[02:10:15][m [32m[main/INFO][m [36m(Minecraft)[m [0m[CHAT] §2§l§o[TenorClef] §rT2 [HIST] 12:16.3 CHILD ConstructNetherPortalBucketTask -> SurfaceBailTask ph=PORTAL @-258,13,64 sky=0 wet=false ground=true pick=1 buck=2 iron=0 ore=1 rods=0 pearls=0 eyes=0
[m[34m[02:10:15][m [32m[main/INFO][m [36m(Minecraft)[m [0m[CHAT] §2§l§o[TenorClef] §rT2 [HIST] 12:16.3 CHILD SurfaceBailTask -> ConstructNetherPortalBucketTask ph=PORTAL @-258,13,64 sky=0 wet=false ground=true pick=1 buck=2 iron=0 ore=1 rods=0 pearls=0 eyes=0
[m[34m[02:10:15][m [32m[main/INFO][m [36m(Minecraft)[m [0m[CHAT] §2§l§o[TenorClef] §rT2 [HIST] 12:16.3 CHILD ConstructNetherPortalBucketTask -> SurfaceBailTask ph=PORTAL @-258,13,64 sky=0 wet=false ground=true pick=1 buck=2 iron=0 ore=1 rods=0 pearls=0 eyes=0
[m[34m[02:10:15][m [32m[main/INFO][m [36m(Minecraft)[m [0m[CHAT] §2§l§o[TenorClef] §rT2 [HIST] 12:16.3 CHILD SurfaceBailTask -> ConstructNetherPortalBucketTask ph=PORTAL @-258,13,64 sky=0 wet=false ground=true pick=1 buck=2 iron=0 ore=1 rods=0 pearls=0 eyes=0
[m[34m[02:10:15][m [32m[main/INFO][m [36m(Minecraft)[m [0m[CHAT] §2§l§o[TenorClef] §rT2 [HIST] 12:16.4 CHILD ConstructNetherPortalBucketTask -> SurfaceBailTask ph=PORTAL @-258,13,64 sky=0 wet=false ground=true pick=1 buck=2 iron=0 ore=1 rods=0 pearls=0 eyes=0
[m[34m[02:10:15][m [32m[main/INFO][m [36m(Minecraft)[m [0m[CHAT] §2§l§o[TenorClef] §rT2 [HIST] 12:16.4 CHILD SurfaceBailTask -> ConstructNetherPortalBucketTask ph=PORTAL @-258,13,64 sky=0 wet=false ground=true pick=1 buck=2 iron=0 ore=1 rods=0 pearls=0 eyes=0
[m[34m[02:10:15][m [32m[main/INFO][m [36m(Minecraft)[m [0m[CHAT] §2§l§o[TenorClef] §rT2 [HIST] 12:16.4 CHILD ConstructNetherPortalBucketTask -> SurfaceBailTask ph=PORTAL @-258,13,64 sky=0 wet=false ground=true pick=1 buck=2 iron=0 ore=1 rods=0 pearls=0 eyes=0
[m[34m[02:10:15][m [32m[main/INFO][m [36m(Minecraft)[m [0m[CHAT] §2§l§o[TenorClef] §rT2 [HIST] 12:16.4 CHILD SurfaceBailTask -> ConstructNetherPortalBucketTask ph=PORTAL @-258,13,64 sky=0 wet=false ground=true pick=1 buck=2 iron=0 ore=1 rods=0 pearls=0 eyes=0
[m[34m[02:10:15][m [32m[main/INFO][m [36m(Minecraft)[m [0m[CHAT] §2§l§o[TenorClef] §rT2 [HIST] 12:16.5 CHILD ConstructNetherPortalBucketTask -> SurfaceBailTask ph=PORTAL @-258,13,64 sky=0 wet=false ground=true pick=1 buck=2 iron=0 ore=1 rods=0 pearls=0 eyes=0
[m[34m[02:10:15][m [32m[main/INFO][m [36m(Minecraft)[m [0m[CHAT] §2§l§o[TenorClef] §rT2 [HIST] 12:16.5 CHILD SurfaceBailTask -> ConstructNetherPortalBucketTask ph=PORTAL @-258,13,64 sky=0 wet=false ground=true pick=1 buck=2 iron=0 ore=1 rods=0 pearls=0 eyes=0
[m[34m[02:10:16][m [32m[main/INFO][m [36m(Minecraft)[m [0m[CHAT] §2§l§o[TenorClef] §rT2 [HIST] 12:16.5 CHILD ConstructNetherPortalBucketTask -> SurfaceBailTask ph=PORTAL @-258,13,64 sky=0 wet=false ground=true pick=1 buck=2 iron=0 ore=1 rods=0 pearls=0 eyes=0
[m[34m[02:10:16][m [32m[main/INFO][m [36m(Minecraft)[m [0m[CHAT] §2§l§o[TenorClef] §rT2 [HIST] 12:16.5 CHILD SurfaceBailTask -> ConstructNetherPortalBucketTask ph=PORTAL @-258,13,64 sky=0 wet=false ground=true pick=1 buck=2 iron=0 ore=1 rods=0 pearls=0 eyes=0
[m[34m[02:10:16][m [32m[main/INFO][m [36m(Minecraft)[m [0m[CHAT] §2§l§o[TenorClef] §rT2 [HIST] 12:16.6 CHILD ConstructNetherPortalBucketTask -> SurfaceBailTask ph=PORTAL @-258,13,64 sky=0 wet=false ground=true pick=1 buck=2 iron=0 ore=1 rods=0 pearls=0 eyes=0
[m[34m[02:10:16][m [32m[main/INFO][m [36m(Minecraft)[m [0m[CHAT] §2§l§o[TenorClef] §rT2 [HIST] 12:16.6 CHILD SurfaceBailTask -> ConstructNetherPortalBucketTask ph=PORTAL @-258,13,64 sky=0 wet=false ground=true pick=1 buck=2 iron=0 ore=1 rods=0 pearls=0 eyes=0
[m[34m[02:10:16][m [32m[main/INFO][m [36m(Minecraft)[m [0m[CHAT] §2§l§o[TenorClef] §rT2 [HIST] 12:16.6 CHILD ConstructNetherPortalBucketTask -> SurfaceBailTask ph=PORTAL @-258,13,64 sky=0 wet=false ground=true pick=1 buck=2 iron=0 ore=1 rods=0 pearls=0 eyes=0
[m[34m[02:10:16][m [32m[main/INFO][m [36m(Minecraft)[m [0m[CHAT] §2§l§o[TenorClef] §rT2 [HIST] 12:16.6 CHILD SurfaceBailTask -> ConstructNetherPortalBucketTask ph=PORTAL @-258,13,64 sky=0 wet=false ground=true pick=1 buck=2 iron=0 ore=1 rods=0 pearls=0 eyes=0
[m[34m[02:10:16][m [32m[main/INFO][m [36m(Minecraft)[m [0m[CHAT] §2§l§o[TenorClef] §rT2 [HIST] 12:16.7 CHILD ConstructNetherPortalBucketTask -> SurfaceBailTask ph=PORTAL @-258,13,64 sky=0 wet=false ground=true pick=1 buck=2 iron=0 ore=1 rods=0 pearls=0 eyes=0
[m[34m[02:10:16][m [32m[main/INFO][m [36m(Minecraft)[m [0m[CHAT] §2§l§o[TenorClef] §rT2 [HIST] 12:16.7 CHILD SurfaceBailTask -> ConstructNetherPortalBucketTask ph=PORTAL @-258,13,64 sky=0 wet=false ground=true pick=1 buck=2 iron=0 ore=1 rods=0 pearls=0 eyes=0
[m[34m[02:10:16][m [32m[main/INFO][m [36m(Minecraft)[m [0m[CHAT] §2§l§o[TenorClef] §rT2 [HIST] 12:16.7 CHILD ConstructNetherPortalBucketTask -> SurfaceBailTask ph=PORTAL @-258,13,64 sky=0 wet=false ground=true pick=1 buck=2 iron=0 ore=1 rods=0 pearls=0 eyes=0
[m[34m[02:10:16][m [32m[main/INFO][m [36m(Minecraft)[m [0m[CHAT] §2§l§o[TenorClef] §rT2 [HIST] 12:16.7 CHILD SurfaceBailTask -> ConstructNetherPortalBucketTask ph=PORTAL @-258,13,64 sky=0 wet=false ground=true pick=1 buck=2 iron=0 ore=1 rods=0 pearls=0 eyes=0
[m[34m[02:10:16][m [32m[main/INFO][m [36m(Minecraft)[m [0m[CHAT] §2§l§o[TenorClef] §rT2 [HIST] 12:16.8 CHILD ConstructNetherPortalBucketTask -> SurfaceBailTask ph=PORTAL @-258,13,64 sky=0 wet=false ground=true pick=1 buck=2 iron=0 ore=1 rods=0 pearls=0 eyes=0
[m[34m[02:10:16][m [32m[main/INFO][m [36m(Minecraft)[m [0m[CHAT] §2§l§o[TenorClef] §rT2 [HIST] 12:16.8 CHILD SurfaceBailTask -> ConstructNetherPortalBucketTask ph=PORTAL @-258,13,64 sky=0 wet=false ground=true pick=1 buck=2 iron=0 ore=1 rods=0 pearls=0 eyes=0
[m[34m[02:10:16][m [32m[main/INFO][m [36m(Minecraft)[m [0m[CHAT] §2§l§o[TenorClef] §rT2 [HIST] 12:16.8 CHILD ConstructNetherPortalBucketTask -> SurfaceBailTask ph=PORTAL @-258,13,64 sky=0 wet=false ground=true pick=1 buck=2 iron=0 ore=1 rods=0 pearls=0 eyes=0
[m[34m[02:10:16][m [32m[main/INFO][m [36m(Minecraft)[m [0m[CHAT] §2§l§o[TenorClef] §rT2 [HIST] 12:16.8 CHILD SurfaceBailTask -> ConstructNetherPortalBucketTask ph=PORTAL @-258,13,64 sky=0 wet=false ground=true pick=1 buck=2 iron=0 ore=1 rods=0 pearls=0 eyes=0
[m[34m[02:10:16][m [32m[main/INFO][m [36m(Minecraft)[m [0m[CHAT] §2§l§o[TenorClef] §rT2 [NOW] t=12:16.9 ph=PORTAL @-258,13,64 do=<surface-bail>  eq=iron_pickaxe woodpick=1 stonepick=1 pick=1 iron=0 buck=1
[m[34m[02:10:16][m [32m[main/INFO][m [36m(Minecraft)[m [0m[CHAT] §2§l§o[TenorClef] §rT2 [HIST] 12:16.9 CHILD ConstructNetherPortalBucketTask -> SurfaceBailTask ph=PORTAL @-258,13,64 sky=0 wet=false ground=true pick=1 buck=2 iron=0 ore=1 rods=0 pearls=0 eyes=0
[m[34m[02:10:16][m [32m[main/INFO][m [36m(Minecraft)[m [0m[CHAT] §2§l§o[TenorClef] §rT2 [HIST] 12:16.9 CHILD SurfaceBailTask -> ConstructNetherPortalBucketTask ph=PORTAL @-258,13,64 sky=0 wet=false ground=true pick=1 buck=2 iron=0 ore=1 rods=0 pearls=0 eyes=0
[m[34m[02:10:16][m [32m[main/INFO][m [36m(Minecraft)[m [0m[CHAT] §2§l§o[TenorClef] §rT2 [HIST] 12:16.9 CHILD ConstructNetherPortalBucketTask -> SurfaceBailTask ph=PORTAL @-258,13,64 sky=0 wet=false ground=true pick=1 buck=2 iron=0 ore=1 rods=0 pearls=0 eyes=0
[m[34m[02:10:16][m [32m[main/INFO][m [36m(Minecraft)[m [0m[CHAT] §2§l§o[TenorClef] §rT2 [HIST] 12:16.9 CHILD SurfaceBailTask -> ConstructNetherPortalBucketTask ph=PORTAL @-258,13,64 sky=0 wet=false ground=true pick=1 buck=2 iron=0 ore=1 rods=0 pearls=0 eyes=0
[m[34m[02:10:16][m [32m[main/INFO][m [36m(Minecraft)[m [0m[CHAT] §2§l§o[TenorClef] §rT2 [HIST] 12:17.0 CHILD ConstructNetherPortalBucketTask -> SurfaceBailTask ph=PORTAL @-258,13,64 sky=0 wet=false ground=true pick=1 buck=2 iron=0 ore=1 rods=0 pearls=0 eyes=0
[m[34m[02:10:16][m [32m[main/INFO][m [36m(Minecraft)[m [0m[CHAT] §2§l§o[TenorClef] §rT2 [HIST] 12:17.0 CHILD SurfaceBailTask -> ConstructNetherPortalBucketTask ph=PORTAL @-258,13,64 sky=0 wet=false ground=true pick=1 buck=2 iron=0 ore=1 rods=0 pearls=0 eyes=0
[m[34m[02:10:16][m [32m[main/INFO][m [36m(Minecraft)[m [0m[CHAT] §2§l§o[TenorClef] §rT2 [HIST] 12:17.0 CHILD ConstructNetherPortalBucketTask -> SurfaceBailTask ph=PORTAL @-258,13,64 sky=0 wet=false ground=true pick=1 buck=2 iron=0 ore=1 rods=0 pearls=0 eyes=0
[m[34m[02:10:16][m [32m[main/INFO][m [36m(Minecraft)[m [0m[CHAT] §2§l§o[TenorClef] §rT2 [HIST] 12:17.0 CHILD SurfaceBailTask -> ConstructNetherPortalBucketTask ph=PORTAL @-258,13,64 sky=0 wet=false ground=true pick=1 buck=2 iron=0 ore=1 rods=0 pearls=0 eyes=0
[m[34m[02:10:16][m [32m[main/INFO][m [36m(Minecraft)[m [0m[CHAT] §2§l§o[TenorClef] §rT2 [HIST] 12:17.1 CHILD ConstructNetherPortalBucketTask -> SurfaceBailTask ph=PORTAL @-258,13,64 sky=0 wet=false ground=true pick=1 buck=2 iron=0 ore=1 rods=0 pearls=0 eyes=0
[m[34m[02:10:16][m [32m[main/INFO][m [36m(Minecraft)[m [0m[CHAT] §2§l§o[TenorClef] §rT2 [HIST] 12:17.1 CHILD SurfaceBailTask -> ConstructNetherPortalBucketTask ph=PORTAL @-258,13,64 sky=0 wet=false ground=true pick=1 buck=2 iron=0 ore=1 rods=0 pearls=0 eyes=0
[m[34m[02:10:16][m [32m[main/INFO][m [36m(Minecraft)[m [0m[CHAT] §2§l§o[TenorClef] §rT2 [HIST] 12:17.1 CHILD ConstructNetherPortalBucketTask -> SurfaceBailTask ph=PORTAL @-258,13,64 sky=0 wet=false ground=true pick=1 buck=2 iron=0 ore=1 rods=0 pearls=0 eyes=0
[m[34m[02:10:16][m [32m[main/INFO][m [36m(Minecraft)[m [0m[CHAT] §2§l§o[TenorClef] §rT2 [HIST] 12:17.1 CHILD SurfaceBailTask -> ConstructNetherPortalBucketTask ph=PORTAL @-258,13,64 sky=0 wet=false ground=true pick=1 buck=2 iron=0 ore=1 rods=0 pearls=0 eyes=0
[m[34m[02:10:16][m [32m[main/INFO][m [36m(Minecraft)[m [0m[CHAT] §2§l§o[TenorClef] §rT2 [HIST] 12:17.2 CHILD ConstructNetherPortalBucketTask -> SurfaceBailTask ph=PORTAL @-258,13,64 sky=0 wet=false ground=true pick=1 buck=2 iron=0 ore=1 rods=0 pearls=0 eyes=0
[m[34m[02:10:16][m [32m[main/INFO][m [36m(Minecraft)[m [0m[CHAT] §2§l§o[TenorClef] §rT2 [HIST] 12:17.2 CHILD SurfaceBailTask -> ConstructNetherPortalBucketTask ph=PORTAL @-258,13,64 sky=0 wet=false ground=true pick=1 buck=2 iron=0 ore=1 rods=0 pearls=0 eyes=0
[m[34m[02:10:16][m [32m[main/INFO][m [36m(Minecraft)[m [0m[CHAT] §2§l§o[TenorClef] §rT2 [HIST] 12:17.2 CHILD ConstructNetherPortalBucketTask -> SurfaceBailTask ph=PORTAL @-258,13,64 sky=0 wet=false ground=true pick=1 buck=2 iron=0 ore=1 rods=0 pearls=0 eyes=0
[m[34m[02:10:16][m [32m[main/INFO][m [36m(Minecraft)[m [0m[CHAT] §2§l§o[TenorClef] §rT2 [HIST] 12:17.2 CHILD SurfaceBailTask -> ConstructNetherPortalBucketTask ph=PORTAL @-258,13,64 sky=0 wet=false ground=true pick=1 buck=2 iron=0 ore=1 rods=0 pearls=0 eyes=0
[m[34m[02:10:16][m [32m[main/INFO][m [36m(Minecraft)[m [0m[CHAT] §2§l§o[TenorClef] §rT2 [HIST] 12:17.3 CHILD ConstructNetherPortalBucketTask -> SurfaceBailTask ph=PORTAL @-258,13,64 sky=0 wet=false ground=true pick=1 buck=2 iron=0 ore=1 rods=0 pearls=0 eyes=0
[m[34m[02:10:16][m [32m[main/INFO][m [36m(Minecraft)[m [0m[CHAT] §2§l§o[TenorClef] §rT2 [HIST] 12:17.3 CHILD SurfaceBailTask -> ConstructNetherPortalBucketTask ph=PORTAL @-258,13,64 sky=0 wet=false ground=true pick=1 buck=2 iron=0 ore=1 rods=0 pearls=0 eyes=0
[m[34m[02:10:16][m [32m[main/INFO][m [36m(Minecraft)[m [0m[CHAT] §2§l§o[TenorClef] §rT2 [HIST] 12:17.3 CHILD ConstructNetherPortalBucketTask -> SurfaceBailTask ph=PORTAL @-258,13,64 sky=0 wet=false ground=true pick=1 buck=2 iron=0 ore=1 rods=0 pearls=0 eyes=0
[m[34m[02:10:16][m [32m[main/INFO][m [36m(Minecraft)[m [0m[CHAT] §2§l§o[TenorClef] §rT2 [HIST] 12:17.3 CHILD SurfaceBailTask -> ConstructNetherPortalBucketTask ph=PORTAL @-258,13,64 sky=0 wet=false ground=true pick=1 buck=2 iron=0 ore=1 rods=0 pearls=0 eyes=0
[m[34m[02:10:16][m [32m[main/INFO][m [36m(Minecraft)[m [0m[CHAT] §2§l§o[TenorClef] §rT2 [HIST] 12:17.4 CHILD ConstructNetherPortalBucketTask -> SurfaceBailTask ph=PORTAL @-258,13,64 sky=0 wet=false ground=true pick=1 buck=2 iron=0 ore=1 rods=0 pearls=0 eyes=0
[m[34m[02:10:16][m [32m[main/INFO][m [36m(Minecraft)[m [0m[CHAT] §2§l§o[TenorClef] §rT2 [HIST] 12:17.4 CHILD SurfaceBailTask -> ConstructNetherPortalBucketTask ph=PORTAL @-258,13,64 sky=0 wet=false ground=true pick=1 buck=2 iron=0 ore=1 rods=0 pearls=0 eyes=0
[m[34m[02:10:16][m [32m[main/INFO][m [36m(Minecraft)[m [0m[CHAT] §2§l§o[TenorClef] §rT2 [HIST] 12:17.4 CHILD ConstructNetherPortalBucketTask -> SurfaceBailTask ph=PORTAL @-258,13,64 sky=0 wet=false ground=true pick=1 buck=2 iron=0 ore=1 rods=0 pearls=0 eyes=0
[m[34m[02:10:16][m [32m[main/INFO][m [36m(Minecraft)[m [0m[CHAT] §2§l§o[TenorClef] §rT2 [HIST] 12:17.4 CHILD SurfaceBailTask -> ConstructNetherPortalBucketTask ph=PORTAL @-258,13,64 sky=0 wet=false ground=true pick=1 buck=2 iron=0 ore=1 rods=0 pearls=0 eyes=0
[m[34m[02:10:16][m [32m[main/INFO][m [36m(Minecraft)[m [0m[CHAT] §2§l§o[TenorClef] §rT2 [HIST] 12:17.5 CHILD ConstructNetherPortalBucketTask -> SurfaceBailTask ph=PORTAL @-258,13,64 sky=0 wet=false ground=true pick=1 buck=2 iron=0 ore=1 rods=0 pearls=0 eyes=0
[m[34m[02:10:16][m [32m[main/INFO][m [36m(Minecraft)[m [0m[CHAT] §2§l§o[TenorClef] §rT2 [HIST] 12:17.5 CHILD SurfaceBailTask -> ConstructNetherPortalBucketTask ph=PORTAL @-258,13,64 sky=0 wet=false ground=true pick=1 buck=2 iron=0 ore=1 rods=0 pearls=0 eyes=0
[m[34m[02:10:16][m [32m[Server thread/INFO][m [36m(Minecraft)[m [0mPlayer10 has made the advancement [Hot Stuff]
[m[34m[02:10:17][m [32m[main/INFO][m [36m(Minecraft)[m [0m[CHAT] Player10 has made the advancement [Hot Stuff]
[m[34m[02:10:17][m [32m[main/INFO][m [36m(Minecraft)[m [0mLoaded 183 advancements
[m[34m[02:10:17][m [32m[main/INFO][m [36m(Minecraft)[m [0m[CHAT] §2§l§o[TenorClef] §rT2 [HIST] 12:17.5 CHILD ConstructNetherPortalBucketTask -> SurfaceBailTask ph=PORTAL @-258,13,64 sky=0 wet=false ground=true pick=1 buck=2 iron=0 ore=1 rods=0 pearls=0 eyes=0
[m[34m[02:10:17][m [32m[main/INFO][m [36m(Minecraft)[m [0m[CHAT] §2§l§o[TenorClef] §rT2 [HIST] 12:17.5 CHILD SurfaceBailTask -> ConstructNetherPortalBucketTask ph=PORTAL @-258,13,64 sky=0 wet=false ground=true pick=1 buck=2 iron=0 ore=1 rods=0 pearls=0 eyes=0
[m[34m[02:10:17][m [32m[main/INFO][m [36m(Minecraft)[m [0m[CHAT] §2§l§o[TenorClef] §rT2 [HIST] 12:17.6 CHILD ConstructNetherPortalBucketTask -> SurfaceBailTask ph=PORTAL @-258,13,64 sky=0 wet=false ground=true pick=1 buck=2 iron=0 ore=1 rods=0 pearls=0 eyes=0
[m[34m[02:10:17][m [32m[main/INFO][m [36m(Minecraft)[m [0m[CHAT] §2§l§o[TenorClef] §rT2 [HIST] 12:17.6 CHILD SurfaceBailTask -> ConstructNetherPortalBucketTask ph=PORTAL @-258,13,64 sky=0 wet=false ground=true pick=1 buck=2 iron=0 ore=1 rods=0 pearls=0 eyes=0
[m[34m[02:10:17][m [32m[main/INFO][m [36m(Minecraft)[m [0m[CHAT] §2§l§o[TenorClef] §rT2 [HIST] 12:17.6 CHILD ConstructNetherPortalBucketTask -> SurfaceBailTask ph=PORTAL @-258,13,64 sky=0 wet=false ground=true pick=1 buck=2 iron=0 ore=1 rods=0 pearls=0 eyes=0
[m[34m[02:10:17][m [32m[main/INFO][m [36m(Minecraft)[m [0m[CHAT] §2§l§o[TenorClef] §rT2 [HIST] 12:17.6 CHILD SurfaceBailTask -> ConstructNetherPortalBucketTask ph=PORTAL @-258,13,64 sky=0 wet=false ground=true pick=1 buck=2 iron=0 ore=1 rods=0 pearls=0 eyes=0
[m[34m[02:10:17][m [32m[main/INFO][m [36m(Minecraft)[m [0m[CHAT] §2§l§o[TenorClef] §rT2 [HIST] 12:17.7 CHILD ConstructNetherPortalBucketTask -> SurfaceBailTask ph=PORTAL @-258,13,64 sky=0 wet=false ground=true pick=1 buck=2 iron=0 ore=1 rods=0 pearls=0 eyes=0
[m[34m[02:10:17][m [32m[main/INFO][m [36m(Minecraft)[m [0m[CHAT] §2§l§o[TenorClef] §rT2 [HIST] 12:17.7 CHILD SurfaceBailTask -> ConstructNetherPortalBucketTask ph=PORTAL @-258,13,64 sky=0 wet=false ground=true pick=1 buck=2 iron=0 ore=1 rods=0 pearls=0 eyes=0
[m[34m[02:10:17][m [32m[main/INFO][m [36m(Minecraft)[m [0m[CHAT] §2§l§o[TenorClef] §rT2 [HIST] 12:17.7 CHILD ConstructNetherPortalBucketTask -> SurfaceBailTask ph=PORTAL @-258,13,64 sky=0 wet=false ground=true pick=1 buck=2 iron=0 ore=1 rods=0 pearls=0 eyes=0
[m[34m[02:10:17][m [32m[main/INFO][m [36m(Minecraft)[m [0m[CHAT] §2§l§o[TenorClef] §rT2 [HIST] 12:17.7 CHILD SurfaceBailTask -> ConstructNetherPortalBucketTask ph=PORTAL @-258,13,64 sky=0 wet=false ground=true pick=1 buck=2 iron=0 ore=1 rods=0 pearls=0 eyes=0
[m[34m[02:10:17][m [32m[main/INFO][m [36m(Minecraft)[m [0m[CHAT] §2§l§o[TenorClef] §rT2 [HIST] 12:17.8 CHILD ConstructNetherPortalBucketTask -> SurfaceBailTask ph=PORTAL @-258,13,64 sky=0 wet=false ground=true pick=1 buck=2 iron=0 ore=1 rods=0 pearls=0 eyes=0
[m[34m[02:10:17][m [32m[main/INFO][m [36m(Minecraft)[m [0m[CHAT] §2§l§o[TenorClef] §rT2 [HIST] 12:17.8 CHILD SurfaceBailTask -> ConstructNetherPortalBucketTask ph=PORTAL @-258,13,64 sky=0 wet=false ground=true pick=1 buck=2 iron=0 ore=1 rods=0 pearls=0 eyes=0
[m[34m[02:10:17][m [32m[main/INFO][m [36m(Minecraft)[m [0m[CHAT] §2§l§o[TenorClef] §rT2 [HIST] 12:17.8 CHILD ConstructNetherPortalBucketTask -> SurfaceBailTask ph=PORTAL @-258,13,64 sky=0 wet=false ground=true pick=1 buck=2 iron=0 ore=1 rods=0 pearls=0 eyes=0
[m[34m[02:10:17][m [32m[main/INFO][m [36m(Minecraft)[m [0m[CHAT] §2§l§o[TenorClef] §rT2 [HIST] 12:17.8 CHILD SurfaceBailTask -> ConstructNetherPortalBucketTask ph=PORTAL @-258,13,64 sky=0 wet=false ground=true pick=1 buck=2 iron=0 ore=1 rods=0 pearls=0 eyes=0
[m[34m[02:10:17][m [32m[main/INFO][m [36m(Minecraft)[m [0m[CHAT] §2§l§o[TenorClef] §rT2 [NOW] t=12:17.9 ph=PORTAL @-258,13,64 do=<surface-bail>  eq=iron_pickaxe woodpick=1 stonepick=1 pick=1 iron=0 buck=2
[m[34m[02:10:17][m [32m[main/INFO][m [36m(Minecraft)[m [0m[CHAT] §2§l§o[TenorClef] §rT2 [HIST] 12:17.9 CHILD ConstructNetherPortalBucketTask -> SurfaceBailTask ph=PORTAL @-258,13,64 sky=0 wet=false ground=true pick=1 buck=2 iron=0 ore=1 rods=0 pearls=0 eyes=0
[m[34m[02:10:17][m [32m[main/INFO][m [36m(Minecraft)[m [0m[CHAT] §2§l§o[TenorClef] §rT2 [HIST] 12:17.9 CHILD SurfaceBailTask -> ConstructNetherPortalBucketTask ph=PORTAL @-258,13,64 sky=0 wet=false ground=true pick=1 buck=2 iron=0 ore=1 rods=0 pearls=0 eyes=0
[m[34m[02:10:17][m [32m[main/INFO][m [36m(Minecraft)[m [0m[CHAT] §2§l§o[TenorClef] §rT2 [HIST] 12:17.9 CHILD ConstructNetherPortalBucketTask -> SurfaceBailTask ph=PORTAL @-258,13,64 sky=0 wet=false ground=true pick=1 buck=2 iron=0 ore=1 rods=0 pearls=0 eyes=0
[m[34m[02:10:17][m [32m[main/INFO][m [36m(Minecraft)[m [0m[CHAT] §2§l§o[TenorClef] §rT2 [HIST] 12:17.9 CHILD SurfaceBailTask -> ConstructNetherPortalBucketTask ph=PORTAL @-258,13,64 sky=0 wet=false ground=true pick=1 buck=2 iron=0 ore=1 rods=0 pearls=0 eyes=0
[m[34m[02:10:17][m [32m[main/INFO][m [36m(Minecraft)[m [0m[CHAT] §2§l§o[TenorClef] §rT2 [HIST] 12:18.0 CHILD ConstructNetherPortalBucketTask -> SurfaceBailTask ph=PORTAL @-258,13,64 sky=0 wet=false ground=true pick=1 buck=2 iron=0 ore=1 rods=0 pearls=0 eyes=0
[m[34m[02:10:17][m [32m[main/INFO][m [36m(Minecraft)[m [0m[CHAT] §2§l§o[TenorClef] §rT2 [HIST] 12:18.0 CHILD SurfaceBailTask -> ConstructNetherPortalBucketTask ph=PORTAL @-258,13,64 sky=0 wet=false ground=true pick=1 buck=2 iron=0 ore=1 rods=0 pearls=0 eyes=0
[m[34m[02:10:17][m [32m[main/INFO][m [36m(Minecraft)[m [0m[CHAT] §2§l§o[TenorClef] §rT2 [HIST] 12:18.0 CHILD ConstructNetherPortalBucketTask -> SurfaceBailTask ph=PORTAL @-258,13,64 sky=0 wet=false ground=true pick=1 buck=2 iron=0 ore=1 rods=0 pearls=0 eyes=0
[m[34m[02:10:17][m [32m[main/INFO][m [36m(Minecraft)[m [0m[CHAT] §2§l§o[TenorClef] §rT2 [HIST] 12:18.0 CHILD SurfaceBailTask -> ConstructNetherPortalBucketTask ph=PORTAL @-258,13,64 sky=0 wet=false ground=true pick=1 buck=2 iron=0 ore=1 rods=0 pearls=0 eyes=0
[m[34m[02:10:17][m [32m[main/INFO][m [36m(Minecraft)[m [0m[CHAT] §2§l§o[TenorClef] §rT2 [HIST] 12:18.1 CHILD ConstructNetherPortalBucketTask -> SurfaceBailTask ph=PORTAL @-258,13,64 sky=0 wet=false ground=true pick=1 buck=2 iron=0 ore=1 rods=0 pearls=0 eyes=0
[m[34m[02:10:17][m [32m[main/INFO][m [36m(Minecraft)[m [0m[CHAT] §2§l§o[TenorClef] §rT2 [HIST] 12:18.1 CHILD SurfaceBailTask -> ConstructNetherPortalBucketTask ph=PORTAL @-258,13,64 sky=0 wet=false ground=true pick=1 buck=2 iron=0 ore=1 rods=0 pearls=0 eyes=0
[m[34m[02:10:17][m [32m[main/INFO][m [36m(Minecraft)[m [0m[CHAT] §2§l§o[TenorClef] §rT2 [HIST] 12:18.1 CHILD ConstructNetherPortalBucketTask -> SurfaceBailTask ph=PORTAL @-258,13,64 sky=0 wet=false ground=true pick=1 buck=2 iron=0 ore=1 rods=0 pearls=0 eyes=0
[m[34m[02:10:17][m [32m[main/INFO][m [36m(Minecraft)[m [0m[CHAT] §2§l§o[TenorClef] §rT2 [HIST] 12:18.1 CHILD SurfaceBailTask -> ConstructNetherPortalBucketTask ph=PORTAL @-258,13,64 sky=0 wet=false ground=true pick=1 buck=2 iron=0 ore=1 rods=0 pearls=0 eyes=0
[m[34m[02:10:17][m [32m[main/INFO][m [36m(Minecraft)[m [0m[CHAT] §2§l§o[TenorClef] §rT2 [HIST] 12:18.2 CHILD ConstructNetherPortalBucketTask -> SurfaceBailTask ph=PORTAL @-258,13,64 sky=0 wet=false ground=true pick=1 buck=2 iron=0 ore=1 rods=0 pearls=0 eyes=0
[m[34m[02:10:17][m [32m[main/INFO][m [36m(Minecraft)[m [0m[CHAT] §2§l§o[TenorClef] §rT2 [HIST] 12:18.2 CHILD SurfaceBailTask -> ConstructNetherPortalBucketTask ph=PORTAL @-258,13,64 sky=0 wet=false ground=true pick=1 buck=2 iron=0 ore=1 rods=0 pearls=0 eyes=0
[m[34m[02:10:17][m [32m[main/INFO][m [36m(Minecraft)[m [0m[CHAT] §2§l§o[TenorClef] §rT2 [HIST] 12:18.2 CHILD ConstructNetherPortalBucketTask -> SurfaceBailTask ph=PORTAL @-258,13,64 sky=0 wet=false ground=true pick=1 buck=2 iron=0 ore=1 rods=0 pearls=0 eyes=0
[m[34m[02:10:17][m [32m[main/INFO][m [36m(Minecraft)[m [0m[CHAT] §2§l§o[TenorClef] §rT2 [HIST] 12:18.2 CHILD SurfaceBailTask -> ConstructNetherPortalBucketTask ph=PORTAL @-258,13,64 sky=0 wet=false ground=true pick=1 buck=2 iron=0 ore=1 rods=0 pearls=0 eyes=0
[m[34m[02:10:17][m [32m[main/INFO][m [36m(Minecraft)[m [0m[CHAT] §2§l§o[TenorClef] §rT2 [HIST] 12:18.2 SNAP ph=PORTAL @-258,13,64 sky=0 wet=false ground=true pick=1 buck=2 iron=0 ore=1 rods=0 pearls=0 eyes=0 child=ConstructNetherPortalBucketTask dbg=<Construct Nether Portal> Collecting lava mobs=none
[m[34m[02:10:17][m [32m[main/INFO][m [36m(Minecraft)[m [0m[CHAT] §2§l§o[TenorClef] §rT2 [HIST] 12:18.3 CHILD ConstructNetherPortalBucketTask -> SurfaceBailTask ph=PORTAL @-258,12,64 sky=0 wet=false ground=false pick=1 buck=2 iron=0 ore=1 rods=0 pearls=0 eyes=0
[m[34m[02:10:17][m [32m[main/INFO][m [36m(Minecraft)[m [0m[CHAT] §2§l§o[TenorClef] §rT2 [HIST] 12:18.3 CHILD SurfaceBailTask -> ConstructNetherPortalBucketTask ph=PORTAL @-258,12,64 sky=0 wet=false ground=false pick=1 buck=2 iron=0 ore=1 rods=0 pearls=0 eyes=0
[m[34m[02:10:17][m [32m[main/INFO][m [36m(Minecraft)[m [0m[CHAT] §2§l§o[TenorClef] §rT2 [HIST] 12:18.3 CHILD ConstructNetherPortalBucketTask -> SurfaceBailTask ph=PORTAL @-258,12,64 sky=0 wet=false ground=false pick=1 buck=2 iron=0 ore=1 rods=0 pearls=0 eyes=0
[m[34m[02:10:17][m [32m[main/INFO][m [36m(Minecraft)[m [0m[CHAT] §2§l§o[TenorClef] §rT2 [HIST] 12:18.3 CHILD SurfaceBailTask -> ConstructNetherPortalBucketTask ph=PORTAL @-258,12,64 sky=0 wet=false ground=false pick=1 buck=2 iron=0 ore=1 rods=0 pearls=0 eyes=0
[m[34m[02:10:17][m [32m[main/INFO][m [36m(Minecraft)[m [0m[CHAT] §2§l§o[TenorClef] §rT2 [HIST] 12:18.4 CHILD ConstructNetherPortalBucketTask -> SurfaceBailTask ph=PORTAL @-258,12,64 sky=0 wet=false ground=false pick=1 buck=2 iron=0 ore=1 rods=0 pearls=0 eyes=0
[m[34m[02:10:17][m [32m[main/INFO][m [36m(Minecraft)[m [0m[CHAT] §2§l§o[TenorClef] §rT2 [HIST] 12:18.4 CHILD SurfaceBailTask -> ConstructNetherPortalBucketTask ph=PORTAL @-258,12,64 sky=0 wet=false ground=false pick=1 buck=2 iron=0 ore=1 rods=0 pearls=0 eyes=0
[m[34m[02:10:17][m [32m[main/INFO][m [36m(Minecraft)[m [0m[CHAT] §2§l§o[TenorClef] §rT2 [HIST] 12:18.4 CHILD ConstructNetherPortalBucketTask -> SurfaceBailTask ph=PORTAL @-258,12,64 sky=0 wet=false ground=false pick=1 buck=2 iron=0 ore=1 rods=0 pearls=0 eyes=0
[m[34m[02:10:17][m [32m[main/INFO][m [36m(Minecraft)[m [0m[CHAT] §2§l§o[TenorClef] §rT2 [HIST] 12:18.4 CHILD SurfaceBailTask -> ConstructNetherPortalBucketTask ph=PORTAL @-258,12,64 sky=0 wet=false ground=false pick=1 buck=2 iron=0 ore=1 rods=0 pearls=0 eyes=0
[m[34m[02:10:17][m [32m[main/INFO][m [36m(Minecraft)[m [0m[CHAT] §2§l§o[TenorClef] §rT2 [HIST] 12:18.5 CHILD ConstructNetherPortalBucketTask -> SurfaceBailTask ph=PORTAL @-258,12,64 sky=0 wet=false ground=true pick=1 buck=2 iron=0 ore=1 rods=0 pearls=0 eyes=0
[m[34m[02:10:17][m [32m[main/INFO][m [36m(Minecraft)[m [0m[STDOUT]: ALTO CLEF: WARNING: T2 [S100] stop jump-walk @-258,64 ph=PORTAL child=SurfaceBailTask esc=0
[m[34m[02:10:17][m [32m[main/INFO][m [36m(Minecraft)[m [0m[CHAT] §2§l§o[TenorClef] §cT2 [S100] stop jump-walk @-258,64 ph=PORTAL child=SurfaceBailTask esc=0§r
[m[34m[02:10:17][m [32m[main/INFO][m [36m(Minecraft)[m [0m[CHAT] §2§l§o[TenorClef] §rT2 [HIST] 12:18.5 SOLVE S100 stop jump-walk @-258,64 ph=PORTAL child=SurfaceBailTask esc=0
[m[34m[02:10:17][m [32m[main/INFO][m [36m(Minecraft)[m [0m[CHAT] §2§l§o[TenorClef] §rT2 [HIST] 12:18.5 CHILD SurfaceBailTask -> ConstructNetherPortalBucketTask ph=PORTAL @-258,12,64 sky=0 wet=false ground=true pick=1 buck=2 iron=0 ore=1 rods=0 pearls=0 eyes=0
[m[34m[02:10:18][m [32m[main/INFO][m [36m(Minecraft)[m [0m[CHAT] §2§l§o[TenorClef] §rT2 [HIST] 12:18.5 CHILD ConstructNetherPortalBucketTask -> SurfaceBailTask ph=PORTAL @-258,12,64 sky=0 wet=false ground=true pick=1 buck=2 iron=0 ore=1 rods=0 pearls=0 eyes=0
[m[34m[02:10:18][m [32m[main/INFO][m [36m(Minecraft)[m [0m[STDOUT]: ALTO CLEF: WARNING: T2 [E100] jumps=6 @-258,12,64 ph=PORTAL child=SurfaceBailTask
[m[34m[02:10:18][m [32m[main/INFO][m [36m(Minecraft)[m [0m[CHAT] §2§l§o[TenorClef] §cT2 [E100] jumps=6 @-258,12,64 ph=PORTAL child=SurfaceBailTask§r
[m[34m[02:10:18][m [32m[main/INFO][m [36m(Minecraft)[m [0m[CHAT] §2§l§o[TenorClef] §rT2 [HIST] 12:18.5 [E100] jumps=6 @-258,12,64 ph=PORTAL child=SurfaceBailTask
[m[34m[02:10:18][m [32m[main/INFO][m [36m(Minecraft)[m [0m[CHAT] §2§l§o[TenorClef] §rT2 [HIST] 12:18.5 CHILD SurfaceBailTask -> ConstructNetherPortalBucketTask ph=PORTAL @-258,12,64 sky=0 wet=false ground=true pick=1 buck=2 iron=0 ore=1 rods=0 pearls=0 eyes=0
[m[34m[02:10:18][m [32m[main/INFO][m [36m(Minecraft)[m [0m[CHAT] §2§l§o[TenorClef] §rT2 [HIST] 12:18.6 CHILD ConstructNetherPortalBucketTask -> SurfaceBailTask ph=PORTAL @-258,12,64 sky=0 wet=false ground=true pick=1 buck=2 iron=0 ore=1 rods=0 pearls=0 eyes=0
[m[34m[02:10:18][m [32m[main/INFO][m [36m(Minecraft)[m [0m[CHAT] §2§l§o[TenorClef] §rT2 [HIST] 12:18.6 CHILD SurfaceBailTask -> ConstructNetherPortalBucketTask ph=PORTAL @-258,12,64 sky=0 wet=false ground=true pick=1 buck=2 iron=0 ore=1 rods=0 pearls=0 eyes=0
[m[34m[02:10:18][m [32m[main/INFO][m [36m(Minecraft)[m [0m[CHAT] §2§l§o[TenorClef] §rT2 [HIST] 12:18.6 CHILD ConstructNetherPortalBucketTask -> SurfaceBailTask ph=PORTAL @-258,12,64 sky=0 wet=false ground=true pick=1 buck=2 iron=0 ore=1 rods=0 pearls=0 eyes=0
[m[34m[02:10:18][m [32m[main/INFO][m [36m(Minecraft)[m [0m[CHAT] §2§l§o[TenorClef] §rT2 [HIST] 12:18.6 CHILD SurfaceBailTask -> ConstructNetherPortalBucketTask ph=PORTAL @-258,12,64 sky=0 wet=false ground=true pick=1 buck=2 iron=0 ore=1 rods=0 pearls=0 eyes=0
[m[34m[02:10:18][m [32m[main/INFO][m [36m(Minecraft)[m [0m[CHAT] §2§l§o[TenorClef] §rT2 [HIST] 12:18.7 CHILD ConstructNetherPortalBucketTask -> SurfaceBailTask ph=PORTAL @-258,12,64 sky=0 wet=false ground=true pick=1 buck=2 iron=0 ore=1 rods=0 pearls=0 eyes=0
[m[34m[02:10:18][m [32m[main/INFO][m [36m(Minecraft)[m [0m[CHAT] §2§l§o[TenorClef] §rT2 [HIST] 12:18.7 CHILD SurfaceBailTask -> ConstructNetherPortalBucketTask ph=PORTAL @-258,12,64 sky=0 wet=false ground=true pick=1 buck=2 iron=0 ore=1 rods=0 pearls=0 eyes=0
[m[34m[02:10:18][m [32m[main/INFO][m [36m(Minecraft)[m [0m[CHAT] §2§l§o[TenorClef] §rT2 [HIST] 12:18.7 CHILD ConstructNetherPortalBucketTask -> SurfaceBailTask ph=PORTAL @-258,12,64 sky=0 wet=false ground=true pick=1 buck=2 iron=0 ore=1 rods=0 pearls=0 eyes=0
[m[34m[02:10:18][m [32m[main/INFO][m [36m(Minecraft)[m [0m[CHAT] §2§l§o[TenorClef] §rT2 [HIST] 12:18.7 CHILD SurfaceBailTask -> ConstructNetherPortalBucketTask ph=PORTAL @-258,12,64 sky=0 wet=false ground=true pick=1 buck=2 iron=0 ore=1 rods=0 pearls=0 eyes=0
[m[34m[02:10:18][m [32m[main/INFO][m [36m(Minecraft)[m [0m[CHAT] §2§l§o[TenorClef] §rT2 [HIST] 12:18.8 CHILD ConstructNetherPortalBucketTask -> SurfaceBailTask ph=PORTAL @-258,12,64 sky=0 wet=false ground=true pick=1 buck=2 iron=0 ore=1 rods=0 pearls=0 eyes=0
[m[34m[02:10:18][m [32m[main/INFO][m [36m(Minecraft)[m [0m[CHAT] §2§l§o[TenorClef] §rT2 [HIST] 12:18.8 CHILD SurfaceBailTask -> ConstructNetherPortalBucketTask ph=PORTAL @-258,12,64 sky=0 wet=false ground=true pick=1 buck=2 iron=0 ore=1 rods=0 pearls=0 eyes=0
[m[34m[02:10:18][m [32m[main/INFO][m [36m(Minecraft)[m [0m[CHAT] §2§l§o[TenorClef] §rT2 [HIST] 12:18.8 CHILD ConstructNetherPortalBucketTask -> SurfaceBailTask ph=PORTAL @-258,12,64 sky=0 wet=false ground=true pick=1 buck=2 iron=0 ore=1 rods=0 pearls=0 eyes=0
[m[34m[02:10:18][m [32m[main/INFO][m [36m(Minecraft)[m [0m[CHAT] §2§l§o[TenorClef] §rT2 [HIST] 12:18.8 CHILD SurfaceBailTask -> ConstructNetherPortalBucketTask ph=PORTAL @-258,12,64 sky=0 wet=false ground=true pick=1 buck=2 iron=0 ore=1 rods=0 pearls=0 eyes=0
[m[34m[02:10:18][m [32m[main/INFO][m [36m(Minecraft)[m [0m[CHAT] §2§l§o[TenorClef] §rT2 [NOW] t=12:18.9 ph=PORTAL @-258,12,64 do=<surface-bail>  eq=iron_pickaxe woodpick=1 stonepick=1 pick=1 iron=0 buck=2
[m[34m[02:10:18][m [32m[main/INFO][m [36m(Minecraft)[m [0m[CHAT] §2§l§o[TenorClef] §rT2 [HIST] 12:18.9 CHILD ConstructNetherPortalBucketTask -> SurfaceBailTask ph=PORTAL @-258,12,64 sky=0 wet=false ground=true pick=1 buck=2 iron=0 ore=1 rods=0 pearls=0 eyes=0
[m[34m[02:10:18][m [32m[main/INFO][m [36m(Minecraft)[m [0m[CHAT] §2§l§o[TenorClef] §rT2 [HIST] 12:18.9 CHILD SurfaceBailTask -> ConstructNetherPortalBucketTask ph=PORTAL @-258,12,64 sky=0 wet=false ground=true pick=1 buck=2 iron=0 ore=1 rods=0 pearls=0 eyes=0
[m[34m[02:10:18][m [32m[main/INFO][m [36m(Minecraft)[m [0m[CHAT] §2§l§o[TenorClef] §rT2 [HIST] 12:18.9 CHILD ConstructNetherPortalBucketTask -> SurfaceBailTask ph=PORTAL @-258,12,64 sky=0 wet=false ground=true pick=1 buck=2 iron=0 ore=1 rods=0 pearls=0 eyes=0
[m[34m[02:10:18][m [32m[main/INFO][m [36m(Minecraft)[m [0m[CHAT] §2§l§o[TenorClef] §rT2 [HIST] 12:18.9 CHILD SurfaceBailTask -> ConstructNetherPortalBucketTask ph=PORTAL @-258,12,64 sky=0 wet=false ground=true pick=1 buck=2 iron=0 ore=1 rods=0 pearls=0 eyes=0
[m[34m[02:10:18][m [32m[main/INFO][m [36m(Minecraft)[m [0m[CHAT] §2§l§o[TenorClef] §rT2 [HIST] 12:19.0 CHILD ConstructNetherPortalBucketTask -> SurfaceBailTask ph=PORTAL @-258,11,64 sky=0 wet=false ground=false pick=1 buck=2 iron=0 ore=1 rods=0 pearls=0 eyes=0
[m[34m[02:10:18][m [32m[main/INFO][m [36m(Minecraft)[m [0m[CHAT] §2§l§o[TenorClef] §rT2 [HIST] 12:19.0 CHILD SurfaceBailTask -> ConstructNetherPortalBucketTask ph=PORTAL @-258,11,64 sky=0 wet=false ground=false pick=1 buck=2 iron=0 ore=1 rods=0 pearls=0 eyes=0
[m[34m[02:10:18][m [32m[main/INFO][m [36m(Minecraft)[m [0m[CHAT] §2§l§o[TenorClef] §rT2 [HIST] 12:19.0 CHILD ConstructNetherPortalBucketTask -> SurfaceBailTask ph=PORTAL @-258,11,64 sky=0 wet=false ground=false pick=1 buck=2 iron=0 ore=1 rods=0 pearls=0 eyes=0
[m[34m[02:10:18][m [32m[main/INFO][m [36m(Minecraft)[m [0m[CHAT] §2§l§o[TenorClef] §rT2 [HIST] 12:19.0 CHILD SurfaceBailTask -> ConstructNetherPortalBucketTask ph=PORTAL @-258,11,64 sky=0 wet=false ground=false pick=1 buck=2 iron=0 ore=1 rods=0 pearls=0 eyes=0
[m[34m[02:10:18][m [32m[main/INFO][m [36m(Minecraft)[m [0m[CHAT] §2§l§o[TenorClef] §rT2 [HIST] 12:19.1 CHILD ConstructNetherPortalBucketTask -> SurfaceBailTask ph=PORTAL @-258,11,64 sky=0 wet=false ground=false pick=1 buck=2 iron=0 ore=1 rods=0 pearls=0 eyes=0
[m[34m[02:10:18][m [32m[main/INFO][m [36m(Minecraft)[m [0m[CHAT] §2§l§o[TenorClef] §rT2 [HIST] 12:19.1 CHILD SurfaceBailTask -> ConstructNetherPortalBucketTask ph=PORTAL @-258,11,64 sky=0 wet=false ground=false pick=1 buck=2 iron=0 ore=1 rods=0 pearls=0 eyes=0
[m[34m[02:10:18][m [32m[main/INFO][m [36m(Minecraft)[m [0m[CHAT] §2§l§o[TenorClef] §rT2 [HIST] 12:19.1 CHILD ConstructNetherPortalBucketTask -> SurfaceBailTask ph=PORTAL @-258,11,64 sky=0 wet=false ground=false pick=1 buck=2 iron=0 ore=1 rods=0 pearls=0 eyes=0
[m[34m[02:10:18][m [32m[main/INFO][m [36m(Minecraft)[m [0m[CHAT] §2§l§o[TenorClef] §rT2 [HIST] 12:19.1 CHILD SurfaceBailTask -> ConstructNetherPortalBucketTask ph=PORTAL @-258,11,64 sky=0 wet=false ground=false pick=1 buck=2 iron=0 ore=1 rods=0 pearls=0 eyes=0
[m[34m[02:10:18][m [32m[main/INFO][m [36m(Minecraft)[m [0m[CHAT] §2§l§o[TenorClef] §rT2 [HIST] 12:19.2 CHILD ConstructNetherPortalBucketTask -> SurfaceBailTask ph=PORTAL @-258,11,64 sky=0 wet=false ground=true pick=1 buck=2 iron=0 ore=1 rods=0 pearls=0 eyes=0
[m[34m[02:10:18][m [32m[main/INFO][m [36m(Minecraft)[m [0m[CHAT] §2§l§o[TenorClef] §rT2 [HIST] 12:19.2 CHILD SurfaceBailTask -> ConstructNetherPortalBucketTask ph=PORTAL @-258,11,64 sky=0 wet=false ground=true pick=1 buck=2 iron=0 ore=1 rods=0 pearls=0 eyes=0
[m[34m[02:10:18][m [32m[main/INFO][m [36m(Minecraft)[m [0m[CHAT] §2§l§o[TenorClef] §rT2 [HIST] 12:19.2 CHILD ConstructNetherPortalBucketTask -> SurfaceBailTask ph=PORTAL @-258,11,64 sky=0 wet=false ground=true pick=1 buck=2 iron=0 ore=1 rods=0 pearls=0 eyes=0
[m[34m[02:10:18][m [32m[main/INFO][m [36m(Minecraft)[m [0m[CHAT] §2§l§o[TenorClef] §rT2 [HIST] 12:19.2 CHILD SurfaceBailTask -> ConstructNetherPortalBucketTask ph=PORTAL @-258,11,64 sky=0 wet=false ground=true pick=1 buck=2 iron=0 ore=1 rods=0 pearls=0 eyes=0
[m[34m[02:10:18][m [32m[main/INFO][m [36m(Minecraft)[m [0m[CHAT] §2§l§o[TenorClef] §rT2 [HIST] 12:19.3 CHILD ConstructNetherPortalBucketTask -> SurfaceBailTask ph=PORTAL @-258,11,64 sky=0 wet=false ground=true pick=1 buck=2 iron=0 ore=1 rods=0 pearls=0 eyes=0
[m[34m[02:10:18][m [32m[main/INFO][m [36m(Minecraft)[m [0m[CHAT] §2§l§o[TenorClef] §rT2 [HIST] 12:19.3 CHILD SurfaceBailTask -> ConstructNetherPortalBucketTask ph=PORTAL @-258,11,64 sky=0 wet=false ground=true pick=1 buck=2 iron=0 ore=1 rods=0 pearls=0 eyes=0
[m[34m[02:10:18][m [32m[main/INFO][m [36m(Minecraft)[m [0m[CHAT] §2§l§o[TenorClef] §rT2 [HIST] 12:19.3 CHILD ConstructNetherPortalBucketTask -> SurfaceBailTask ph=PORTAL @-258,11,64 sky=0 wet=false ground=true pick=1 buck=2 iron=0 ore=1 rods=0 pearls=0 eyes=0
[m[34m[02:10:18][m [32m[main/INFO][m [36m(Minecraft)[m [0m[CHAT] §2§l§o[TenorClef] §rT2 [HIST] 12:19.3 CHILD SurfaceBailTask -> ConstructNetherPortalBucketTask ph=PORTAL @-258,11,64 sky=0 wet=false ground=true pick=1 buck=2 iron=0 ore=1 rods=0 pearls=0 eyes=0
[m[34m[02:10:18][m [32m[main/INFO][m [36m(Minecraft)[m [0m[CHAT] §2§l§o[TenorClef] §rT2 [HIST] 12:19.4 CHILD ConstructNetherPortalBucketTask -> SurfaceBailTask ph=PORTAL @-258,11,64 sky=0 wet=false ground=true pick=1 buck=2 iron=0 ore=1 rods=0 pearls=0 eyes=0
[m[34m[02:10:18][m [32m[main/INFO][m [36m(Minecraft)[m [0m[CHAT] §2§l§o[TenorClef] §rT2 [HIST] 12:19.4 CHILD SurfaceBailTask -> ConstructNetherPortalBucketTask ph=PORTAL @-258,11,64 sky=0 wet=false ground=true pick=1 buck=2 iron=0 ore=1 rods=0 pearls=0 eyes=0
[m[34m[02:10:18][m [32m[main/INFO][m [36m(Minecraft)[m [0m[CHAT] §2§l§o[TenorClef] §rT2 [HIST] 12:19.4 CHILD ConstructNetherPortalBucketTask -> SurfaceBailTask ph=PORTAL @-258,11,64 sky=0 wet=false ground=true pick=1 buck=2 iron=0 ore=1 rods=0 pearls=0 eyes=0
[m[34m[02:10:18][m [32m[main/INFO][m [36m(Minecraft)[m [0m[CHAT] §2§l§o[TenorClef] §rT2 [HIST] 12:19.4 CHILD SurfaceBailTask -> ConstructNetherPortalBucketTask ph=PORTAL @-258,11,64 sky=0 wet=false ground=true pick=1 buck=2 iron=0 ore=1 rods=0 pearls=0 eyes=0
[m[34m[02:10:18][m [32m[main/INFO][m [36m(Minecraft)[m [0m[CHAT] §2§l§o[TenorClef] §rT2 [HIST] 12:19.5 CHILD ConstructNetherPortalBucketTask -> SurfaceBailTask ph=PORTAL @-258,11,64 sky=0 wet=false ground=true pick=1 buck=2 iron=0 ore=1 rods=0 pearls=0 eyes=0
[m[34m[02:10:18][m [32m[main/INFO][m [36m(Minecraft)[m [0m[CHAT] §2§l§o[TenorClef] §rT2 [HIST] 12:19.5 CHILD SurfaceBailTask -> ConstructNetherPortalBucketTask ph=PORTAL @-258,11,64 sky=0 wet=false ground=true pick=1 buck=2 iron=0 ore=1 rods=0 pearls=0 eyes=0
[m[34m[02:10:19][m [32m[main/INFO][m [36m(Minecraft)[m [0m[CHAT] §2§l§o[TenorClef] §rT2 [HIST] 12:19.5 CHILD ConstructNetherPortalBucketTask -> SurfaceBailTask ph=PORTAL @-258,11,64 sky=0 wet=false ground=true pick=1 buck=2 iron=0 ore=1 rods=0 pearls=0 eyes=0
[m[34m[02:10:19][m [32m[main/INFO][m [36m(Minecraft)[m [0m[CHAT] §2§l§o[TenorClef] §rT2 [HIST] 12:19.5 CHILD SurfaceBailTask -> ConstructNetherPortalBucketTask ph=PORTAL @-258,11,64 sky=0 wet=false ground=true pick=1 buck=2 iron=0 ore=1 rods=0 pearls=0 eyes=0
[m[34m[02:10:19][m [32m[main/INFO][m [36m(Minecraft)[m [0m[CHAT] §2§l§o[TenorClef] §rT2 [HIST] 12:19.6 CHILD ConstructNetherPortalBucketTask -> SurfaceBailTask ph=PORTAL @-258,11,64 sky=0 wet=false ground=true pick=1 buck=2 iron=0 ore=1 rods=0 pearls=0 eyes=0
[m[34m[02:10:19][m [32m[main/INFO][m [36m(Minecraft)[m [0m[CHAT] §2§l§o[TenorClef] §rT2 [HIST] 12:19.6 CHILD SurfaceBailTask -> ConstructNetherPortalBucketTask ph=PORTAL @-258,11,64 sky=0 wet=false ground=true pick=1 buck=2 iron=0 ore=1 rods=0 pearls=0 eyes=0
[m[34m[02:10:19][m [32m[main/INFO][m [36m(Minecraft)[m [0m[CHAT] §2§l§o[TenorClef] §rT2 [HIST] 12:19.6 CHILD ConstructNetherPortalBucketTask -> SurfaceBailTask ph=PORTAL @-258,11,64 sky=0 wet=false ground=true pick=1 buck=2 iron=0 ore=1 rods=0 pearls=0 eyes=0
[m[34m[02:10:19][m [32m[main/INFO][m [36m(Minecraft)[m [0m[CHAT] §2§l§o[TenorClef] §rT2 [HIST] 12:19.6 CHILD SurfaceBailTask -> ConstructNetherPortalBucketTask ph=PORTAL @-258,11,64 sky=0 wet=false ground=true pick=1 buck=2 iron=0 ore=1 rods=0 pearls=0 eyes=0
[m[34m[02:10:19][m [32m[main/INFO][m [36m(Minecraft)[m [0m[CHAT] §2§l§o[TenorClef] §rT2 [HIST] 12:19.7 CHILD ConstructNetherPortalBucketTask -> SurfaceBailTask ph=PORTAL @-258,11,64 sky=0 wet=false ground=true pick=1 buck=2 iron=0 ore=1 rods=0 pearls=0 eyes=0
[m[34m[02:10:19][m [32m[main/INFO][m [36m(Minecraft)[m [0m[CHAT] §2§l§o[TenorClef] §rT2 [HIST] 12:19.7 CHILD SurfaceBailTask -> ConstructNetherPortalBucketTask ph=PORTAL @-258,11,64 sky=0 wet=false ground=true pick=1 buck=2 iron=0 ore=1 rods=0 pearls=0 eyes=0
[m[34m[02:10:19][m [32m[main/INFO][m [36m(Minecraft)[m [0m[CHAT] §2§l§o[TenorClef] §rT2 [HIST] 12:19.8 CHILD ConstructNetherPortalBucketTask -> SurfaceBailTask ph=PORTAL @-258,11,64 sky=0 wet=false ground=true pick=1 buck=2 iron=0 ore=1 rods=0 pearls=0 eyes=0
[m[34m[02:10:19][m [32m[main/INFO][m [36m(Minecraft)[m [0m[CHAT] §2§l§o[TenorClef] §rT2 [HIST] 12:19.8 CHILD SurfaceBailTask -> ConstructNetherPortalBucketTask ph=PORTAL @-258,11,64 sky=0 wet=false ground=true pick=1 buck=2 iron=0 ore=1 rods=0 pearls=0 eyes=0
[m[34m[02:10:19][m [32m[main/INFO][m [36m(Minecraft)[m [0m[CHAT] §2§l§o[TenorClef] §rT2 [HIST] 12:19.8 CHILD ConstructNetherPortalBucketTask -> SurfaceBailTask ph=PORTAL @-258,11,64 sky=0 wet=false ground=true pick=1 buck=2 iron=0 ore=1 rods=0 pearls=0 eyes=0
[m[34m[02:10:19][m [32m[main/INFO][m [36m(Minecraft)[m [0m[CHAT] §2§l§o[TenorClef] §rT2 [HIST] 12:19.8 CHILD SurfaceBailTask -> ConstructNetherPortalBucketTask ph=PORTAL @-258,11,64 sky=0 wet=false ground=true pick=1 buck=2 iron=0 ore=1 rods=0 pearls=0 eyes=0
[m[34m[02:10:19][m [32m[main/INFO][m [36m(Minecraft)[m [0m[CHAT] §2§l§o[TenorClef] §rT2 [HIST] 12:19.8 CHILD ConstructNetherPortalBucketTask -> SurfaceBailTask ph=PORTAL @-258,11,64 sky=0 wet=false ground=true pick=1 buck=2 iron=0 ore=1 rods=0 pearls=0 eyes=0
[m[34m[02:10:19][m [32m[main/INFO][m [36m(Minecraft)[m [0m[CHAT] §2§l§o[TenorClef] §rT2 [HIST] 12:19.8 CHILD SurfaceBailTask -> ConstructNetherPortalBucketTask ph=PORTAL @-258,11,64 sky=0 wet=false ground=true pick=1 buck=2 iron=0 ore=1 rods=0 pearls=0 eyes=0
[m[34m[02:10:19][m [32m[main/INFO][m [36m(Minecraft)[m [0m[CHAT] §2§l§o[TenorClef] §rT2 [NOW] t=12:19.9 ph=PORTAL @-258,11,64 do=<surface-bail>  eq=iron_pickaxe woodpick=1 stonepick=1 pick=1 iron=0 buck=2
[m[34m[02:10:19][m [32m[main/INFO][m [36m(Minecraft)[m [0m[CHAT] §2§l§o[TenorClef] §rT2 [HIST] 12:19.9 CHILD ConstructNetherPortalBucketTask -> SurfaceBailTask ph=PORTAL @-258,11,64 sky=0 wet=false ground=true pick=1 buck=2 iron=0 ore=1 rods=0 pearls=0 eyes=0
[m[34m[02:10:19][m [32m[main/INFO][m [36m(Minecraft)[m [0m[CHAT] §2§l§o[TenorClef] §rT2 [HIST] 12:19.9 CHILD SurfaceBailTask -> ConstructNetherPortalBucketTask ph=PORTAL @-258,11,64 sky=0 wet=false ground=true pick=1 buck=2 iron=0 ore=1 rods=0 pearls=0 eyes=0
[m[34m[02:10:19][m [32m[main/INFO][m [36m(Minecraft)[m [0m[CHAT] §2§l§o[TenorClef] §rT2 [HIST] 12:19.9 CHILD ConstructNetherPortalBucketTask -> SurfaceBailTask ph=PORTAL @-258,11,64 sky=0 wet=false ground=true pick=1 buck=2 iron=0 ore=1 rods=0 pearls=0 eyes=0
[m[34m[02:10:19][m [32m[main/INFO][m [36m(Minecraft)[m [0m[CHAT] §2§l§o[TenorClef] §rT2 [HIST] 12:19.9 CHILD SurfaceBailTask -> ConstructNetherPortalBucketTask ph=PORTAL @-258,11,64 sky=0 wet=false ground=true pick=1 buck=2 iron=0 ore=1 rods=0 pearls=0 eyes=0
[m[34m[02:10:19][m [32m[main/INFO][m [36m(Minecraft)[m [0m[CHAT] §2§l§o[TenorClef] §rT2 [HIST] 12:20.0 CHILD ConstructNetherPortalBucketTask -> SurfaceBailTask ph=PORTAL @-258,11,64 sky=0 wet=false ground=true pick=1 buck=2 iron=0 ore=1 rods=0 pearls=0 eyes=0
[m[34m[02:10:19][m [32m[main/INFO][m [36m(Minecraft)[m [0m[CHAT] §2§l§o[TenorClef] §rT2 [HIST] 12:20.0 CHILD SurfaceBailTask -> ConstructNetherPortalBucketTask ph=PORTAL @-258,11,64 sky=0 wet=false ground=true pick=1 buck=2 iron=0 ore=1 rods=0 pearls=0 eyes=0
[m[34m[02:10:19][m [32m[main/INFO][m [36m(Minecraft)[m [0m[CHAT] §2§l§o[TenorClef] §rT2 [HIST] 12:20.0 CHILD ConstructNetherPortalBucketTask -> SurfaceBailTask ph=PORTAL @-258,11,64 sky=0 wet=false ground=true pick=1 buck=2 iron=0 ore=1 rods=0 pearls=0 eyes=0
[m[34m[02:10:19][m [32m[main/INFO][m [36m(Minecraft)[m [0m[CHAT] §2§l§o[TenorClef] §rT2 [HIST] 12:20.0 CHILD SurfaceBailTask -> ConstructNetherPortalBucketTask ph=PORTAL @-258,11,64 sky=0 wet=false ground=true pick=1 buck=2 iron=0 ore=1 rods=0 pearls=0 eyes=0
[m[34m[02:10:19][m [32m[main/INFO][m [36m(Minecraft)[m [0m[CHAT] §2§l§o[TenorClef] §rT2 [HIST] 12:20.1 CHILD ConstructNetherPortalBucketTask -> SurfaceBailTask ph=PORTAL @-258,11,64 sky=0 wet=false ground=true pick=1 buck=2 iron=0 ore=1 rods=0 pearls=0 eyes=0
[m[34m[02:10:19][m [32m[main/INFO][m [36m(Minecraft)[m [0m[CHAT] §2§l§o[TenorClef] §rT2 [HIST] 12:20.1 CHILD SurfaceBailTask -> ConstructNetherPortalBucketTask ph=PORTAL @-258,11,64 sky=0 wet=false ground=true pick=1 buck=2 iron=0 ore=1 rods=0 pearls=0 eyes=0
[m[34m[02:10:19][m [32m[main/INFO][m [36m(Minecraft)[m [0m[CHAT] §2§l§o[TenorClef] §rT2 [HIST] 12:20.1 CHILD ConstructNetherPortalBucketTask -> SurfaceBailTask ph=PORTAL @-258,11,64 sky=0 wet=false ground=true pick=1 buck=2 iron=0 ore=1 rods=0 pearls=0 eyes=0
[m[34m[02:10:19][m [32m[main/INFO][m [36m(Minecraft)[m [0m[CHAT] §2§l§o[TenorClef] §rT2 [HIST] 12:20.1 CHILD SurfaceBailTask -> ConstructNetherPortalBucketTask ph=PORTAL @-258,11,64 sky=0 wet=false ground=true pick=1 buck=2 iron=0 ore=1 rods=0 pearls=0 eyes=0
[m[34m[02:10:19][m [32m[main/INFO][m [36m(Minecraft)[m [0m[CHAT] §2§l§o[TenorClef] §rT2 [HIST] 12:20.2 CHILD ConstructNetherPortalBucketTask -> SurfaceBailTask ph=PORTAL @-258,11,64 sky=0 wet=false ground=true pick=1 buck=2 iron=0 ore=1 rods=0 pearls=0 eyes=0
[m[34m[02:10:19][m [32m[main/INFO][m [36m(Minecraft)[m [0m[CHAT] §2§l§o[TenorClef] §rT2 [HIST] 12:20.2 CHILD SurfaceBailTask -> ConstructNetherPortalBucketTask ph=PORTAL @-258,11,64 sky=0 wet=false ground=true pick=1 buck=2 iron=0 ore=1 rods=0 pearls=0 eyes=0
[m[34m[02:10:19][m [32m[main/INFO][m [36m(Minecraft)[m [0m[CHAT] §2§l§o[TenorClef] §rT2 [HIST] 12:20.2 CHILD ConstructNetherPortalBucketTask -> SurfaceBailTask ph=PORTAL @-258,11,64 sky=0 wet=false ground=true pick=1 buck=2 iron=0 ore=1 rods=0 pearls=0 eyes=0
[m[34m[02:10:19][m [32m[main/INFO][m [36m(Minecraft)[m [0m[CHAT] §2§l§o[TenorClef] §rT2 [HIST] 12:20.2 CHILD SurfaceBailTask -> ConstructNetherPortalBucketTask ph=PORTAL @-258,11,64 sky=0 wet=false ground=true pick=1 buck=2 iron=0 ore=1 rods=0 pearls=0 eyes=0
[m[34m[02:10:19][m [32m[main/INFO][m [36m(Minecraft)[m [0m[CHAT] §2§l§o[TenorClef] §rT2 [HIST] 12:20.3 CHILD ConstructNetherPortalBucketTask -> SurfaceBailTask ph=PORTAL @-258,11,64 sky=0 wet=false ground=true pick=1 buck=2 iron=0 ore=1 rods=0 pearls=0 eyes=0
[m[34m[02:10:19][m [32m[main/INFO][m [36m(Minecraft)[m [0m[CHAT] §2§l§o[TenorClef] §rT2 [HIST] 12:20.3 CHILD SurfaceBailTask -> ConstructNetherPortalBucketTask ph=PORTAL @-258,11,64 sky=0 wet=false ground=true pick=1 buck=2 iron=0 ore=1 rods=0 pearls=0 eyes=0
[m[34m[02:10:19][m [32m[main/INFO][m [36m(Minecraft)[m [0m[CHAT] §2§l§o[TenorClef] §rT2 [HIST] 12:20.3 CHILD ConstructNetherPortalBucketTask -> SurfaceBailTask ph=PORTAL @-258,11,64 sky=0 wet=false ground=true pick=1 buck=2 iron=0 ore=1 rods=0 pearls=0 eyes=0
[m[34m[02:10:19][m [32m[main/INFO][m [36m(Minecraft)[m [0m[CHAT] §2§l§o[TenorClef] §rT2 [HIST] 12:20.3 CHILD SurfaceBailTask -> ConstructNetherPortalBucketTask ph=PORTAL @-258,11,64 sky=0 wet=false ground=true pick=1 buck=2 iron=0 ore=1 rods=0 pearls=0 eyes=0
[m[34m[02:10:19][m [32m[main/INFO][m [36m(Minecraft)[m [0m[CHAT] §2§l§o[TenorClef] §rT2 [HIST] 12:20.4 CHILD ConstructNetherPortalBucketTask -> SurfaceBailTask ph=PORTAL @-258,11,64 sky=0 wet=false ground=true pick=1 buck=2 iron=0 ore=1 rods=0 pearls=0 eyes=0
[m[34m[02:10:19][m [32m[main/INFO][m [36m(Minecraft)[m [0m[CHAT] §2§l§o[TenorClef] §rT2 [HIST] 12:20.4 CHILD SurfaceBailTask -> ConstructNetherPortalBucketTask ph=PORTAL @-258,11,64 sky=0 wet=false ground=true pick=1 buck=2 iron=0 ore=1 rods=0 pearls=0 eyes=0
[m[34m[02:10:19][m [32m[main/INFO][m [36m(Minecraft)[m [0m[CHAT] §2§l§o[TenorClef] §rT2 [HIST] 12:20.4 CHILD ConstructNetherPortalBucketTask -> SurfaceBailTask ph=PORTAL @-258,11,64 sky=0 wet=false ground=true pick=1 buck=2 iron=0 ore=1 rods=0 pearls=0 eyes=0
[m[34m[02:10:19][m [32m[main/INFO][m [36m(Minecraft)[m [0m[CHAT] §2§l§o[TenorClef] §rT2 [HIST] 12:20.4 CHILD SurfaceBailTask -> ConstructNetherPortalBucketTask ph=PORTAL @-258,11,64 sky=0 wet=false ground=true pick=1 buck=2 iron=0 ore=1 rods=0 pearls=0 eyes=0
[m[34m[02:10:19][m [32m[main/INFO][m [36m(Minecraft)[m [0m[CHAT] §2§l§o[TenorClef] §rT2 [HIST] 12:20.5 CHILD ConstructNetherPortalBucketTask -> SurfaceBailTask ph=PORTAL @-258,11,64 sky=0 wet=false ground=true pick=1 buck=2 iron=0 ore=1 rods=0 pearls=0 eyes=0
[m[34m[02:10:19][m [32m[main/INFO][m [36m(Minecraft)[m [0m[CHAT] §2§l§o[TenorClef] §rT2 [HIST] 12:20.5 CHILD SurfaceBailTask -> ConstructNetherPortalBucketTask ph=PORTAL @-258,11,64 sky=0 wet=false ground=true pick=1 buck=2 iron=0 ore=1 rods=0 pearls=0 eyes=0
[m[34m[02:10:20][m [32m[main/INFO][m [36m(Minecraft)[m [0m[CHAT] §2§l§o[TenorClef] §rT2 [HIST] 12:20.5 CHILD ConstructNetherPortalBucketTask -> SurfaceBailTask ph=PORTAL @-258,11,64 sky=0 wet=false ground=true pick=1 buck=2 iron=0 ore=1 rods=0 pearls=0 eyes=0
[m[34m[02:10:20][m [32m[main/INFO][m [36m(Minecraft)[m [0m[CHAT] §2§l§o[TenorClef] §rT2 [HIST] 12:20.5 CHILD SurfaceBailTask -> ConstructNetherPortalBucketTask ph=PORTAL @-258,11,64 sky=0 wet=false ground=true pick=1 buck=2 iron=0 ore=1 rods=0 pearls=0 eyes=0
[m[34m[02:10:20][m [32m[main/INFO][m [36m(Minecraft)[m [0m[CHAT] §2§l§o[TenorClef] §rT2 [HIST] 12:20.6 CHILD ConstructNetherPortalBucketTask -> SurfaceBailTask ph=PORTAL @-258,11,64 sky=0 wet=false ground=true pick=1 buck=2 iron=0 ore=1 rods=0 pearls=0 eyes=0
[m[34m[02:10:20][m [32m[main/INFO][m [36m(Minecraft)[m [0m[CHAT] §2§l§o[TenorClef] §rT2 [HIST] 12:20.6 CHILD SurfaceBailTask -> ConstructNetherPortalBucketTask ph=PORTAL @-258,11,64 sky=0 wet=false ground=true pick=1 buck=2 iron=0 ore=1 rods=0 pearls=0 eyes=0
[m[34m[02:10:20][m [32m[main/INFO][m [36m(Minecraft)[m [0m[CHAT] §2§l§o[TenorClef] §rT2 [HIST] 12:20.6 CHILD ConstructNetherPortalBucketTask -> SurfaceBailTask ph=PORTAL @-258,11,64 sky=0 wet=false ground=true pick=1 buck=2 iron=0 ore=1 rods=0 pearls=0 eyes=0
[m[34m[02:10:20][m [32m[main/INFO][m [36m(Minecraft)[m [0m[CHAT] §2§l§o[TenorClef] §rT2 [HIST] 12:20.6 CHILD SurfaceBailTask -> ConstructNetherPortalBucketTask ph=PORTAL @-258,11,64 sky=0 wet=false ground=true pick=1 buck=2 iron=0 ore=1 rods=0 pearls=0 eyes=0
[m[34m[02:10:20][m [32m[main/INFO][m [36m(Minecraft)[m [0m[CHAT] §2§l§o[TenorClef] §rT2 [HIST] 12:20.7 CHILD ConstructNetherPortalBucketTask -> SurfaceBailTask ph=PORTAL @-258,11,64 sky=0 wet=false ground=true pick=1 buck=2 iron=0 ore=1 rods=0 pearls=0 eyes=0
[m[34m[02:10:20][m [32m[main/INFO][m [36m(Minecraft)[m [0m[CHAT] §2§l§o[TenorClef] §rT2 [HIST] 12:20.7 CHILD SurfaceBailTask -> ConstructNetherPortalBucketTask ph=PORTAL @-258,11,64 sky=0 wet=false ground=true pick=1 buck=2 iron=0 ore=1 rods=0 pearls=0 eyes=0
[m[34m[02:10:20][m [32m[main/INFO][m [36m(Minecraft)[m [0m[CHAT] §2§l§o[TenorClef] §rT2 [HIST] 12:20.7 CHILD ConstructNetherPortalBucketTask -> SurfaceBailTask ph=PORTAL @-258,11,64 sky=0 wet=false ground=true pick=1 buck=2 iron=0 ore=1 rods=0 pearls=0 eyes=0
[m[34m[02:10:20][m [32m[main/INFO][m [36m(Minecraft)[m [0m[CHAT] §2§l§o[TenorClef] §rT2 [HIST] 12:20.7 CHILD SurfaceBailTask -> ConstructNetherPortalBucketTask ph=PORTAL @-258,11,64 sky=0 wet=false ground=true pick=1 buck=2 iron=0 ore=1 rods=0 pearls=0 eyes=0
[m[34m[02:10:20][m [32m[main/INFO][m [36m(Minecraft)[m [0m[CHAT] §2§l§o[TenorClef] §rT2 [HIST] 12:20.7 SNAP ph=PORTAL @-258,11,64 sky=0 wet=false ground=true pick=1 buck=2 iron=0 ore=1 rods=0 pearls=0 eyes=0 child=ConstructNetherPortalBucketTask dbg=<Construct Nether Portal> Collecting lava mobs=none
[m[34m[02:10:20][m [32m[main/INFO][m [36m(Minecraft)[m [0m[CHAT] §2§l§o[TenorClef] §rT2 [HIST] 12:20.8 CHILD ConstructNetherPortalBucketTask -> SurfaceBailTask ph=PORTAL @-258,11,64 sky=0 wet=false ground=true pick=1 buck=2 iron=0 ore=1 rods=0 pearls=0 eyes=0
[m[34m[02:10:20][m [32m[main/INFO][m [36m(Minecraft)[m [0m[CHAT] §2§l§o[TenorClef] §rT2 [HIST] 12:20.8 CHILD SurfaceBailTask -> ConstructNetherPortalBucketTask ph=PORTAL @-258,11,64 sky=0 wet=false ground=true pick=1 buck=2 iron=0 ore=1 rods=0 pearls=0 eyes=0
[m[34m[02:10:20][m [32m[main/INFO][m [36m(Minecraft)[m [0m[CHAT] §2§l§o[TenorClef] §rT2 [HIST] 12:20.8 CHILD ConstructNetherPortalBucketTask -> SurfaceBailTask ph=PORTAL @-258,11,64 sky=0 wet=false ground=true pick=1 buck=2 iron=0 ore=1 rods=0 pearls=0 eyes=0
[m[34m[02:10:20][m [32m[main/INFO][m [36m(Minecraft)[m [0m[CHAT] §2§l§o[TenorClef] §rT2 [HIST] 12:20.8 CHILD SurfaceBailTask -> ConstructNetherPortalBucketTask ph=PORTAL @-258,11,64 sky=0 wet=false ground=true pick=1 buck=2 iron=0 ore=1 rods=0 pearls=0 eyes=0
[m[34m[02:10:20][m [32m[main/INFO][m [36m(Minecraft)[m [0m[CHAT] §2§l§o[TenorClef] §rT2 [NOW] t=12:20.9 ph=PORTAL @-258,11,64 do=<surface-bail>  eq=iron_pickaxe woodpick=1 stonepick=1 pick=1 iron=0 buck=2
[m[34m[02:10:20][m [32m[main/INFO][m [36m(Minecraft)[m [0m[CHAT] §2§l§o[TenorClef] §rT2 [HIST] 12:20.9 CHILD ConstructNetherPortalBucketTask -> SurfaceBailTask ph=PORTAL @-258,11,64 sky=0 wet=false ground=true pick=1 buck=2 iron=0 ore=1 rods=0 pearls=0 eyes=0
[m[34m[02:10:20][m [32m[main/INFO][m [36m(Minecraft)[m [0m[CHAT] §2§l§o[TenorClef] §rT2 [HIST] 12:20.9 CHILD SurfaceBailTask -> ConstructNetherPortalBucketTask ph=PORTAL @-258,11,64 sky=0 wet=false ground=true pick=1 buck=2 iron=0 ore=1 rods=0 pearls=0 eyes=0
[m[34m[02:10:20][m [32m[main/INFO][m [36m(Minecraft)[m [0m[CHAT] §2§l§o[TenorClef] §rT2 [HIST] 12:20.9 CHILD ConstructNetherPortalBucketTask -> SurfaceBailTask ph=PORTAL @-258,11,64 sky=0 wet=false ground=true pick=1 buck=2 iron=0 ore=1 rods=0 pearls=0 eyes=0
[m[34m[02:10:20][m [32m[main/INFO][m [36m(Minecraft)[m [0m[CHAT] §2§l§o[TenorClef] §rT2 [HIST] 12:20.9 CHILD SurfaceBailTask -> ConstructNetherPortalBucketTask ph=PORTAL @-258,11,64 sky=0 wet=false ground=true pick=1 buck=2 iron=0 ore=1 rods=0 pearls=0 eyes=0
[m[34m[02:10:20][m [32m[main/INFO][m [36m(Minecraft)[m [0m[CHAT] §2§l§o[TenorClef] §rT2 [HIST] 12:21.0 CHILD ConstructNetherPortalBucketTask -> SurfaceBailTask ph=PORTAL @-258,11,64 sky=0 wet=false ground=true pick=1 buck=2 iron=0 ore=1 rods=0 pearls=0 eyes=0
[m[34m[02:10:20][m [32m[main/INFO][m [36m(Minecraft)[m [0m[CHAT] §2§l§o[TenorClef] §rT2 [HIST] 12:21.0 CHILD SurfaceBailTask -> ConstructNetherPortalBucketTask ph=PORTAL @-258,11,64 sky=0 wet=false ground=true pick=1 buck=2 iron=0 ore=1 rods=0 pearls=0 eyes=0
[m[34m[02:10:20][m [32m[main/INFO][m [36m(Minecraft)[m [0m[CHAT] §2§l§o[TenorClef] §rT2 [HIST] 12:21.0 CHILD ConstructNetherPortalBucketTask -> SurfaceBailTask ph=PORTAL @-258,11,64 sky=0 wet=false ground=true pick=1 buck=2 iron=0 ore=1 rods=0 pearls=0 eyes=0
[m[34m[02:10:20][m [32m[main/INFO][m [36m(Minecraft)[m [0m[CHAT] §2§l§o[TenorClef] §rT2 [HIST] 12:21.0 CHILD SurfaceBailTask -> ConstructNetherPortalBucketTask ph=PORTAL @-258,11,64 sky=0 wet=false ground=true pick=1 buck=2 iron=0 ore=1 rods=0 pearls=0 eyes=0
[m[34m[02:10:20][m [32m[main/INFO][m [36m(Minecraft)[m [0m[CHAT] §2§l§o[TenorClef] §rT2 [HIST] 12:21.1 CHILD ConstructNetherPortalBucketTask -> SurfaceBailTask ph=PORTAL @-258,11,64 sky=0 wet=false ground=true pick=1 buck=2 iron=0 ore=1 rods=0 pearls=0 eyes=0
[m[34m[02:10:20][m [32m[main/INFO][m [36m(Minecraft)[m [0m[CHAT] §2§l§o[TenorClef] §rT2 [HIST] 12:21.1 CHILD SurfaceBailTask -> ConstructNetherPortalBucketTask ph=PORTAL @-258,11,64 sky=0 wet=false ground=true pick=1 buck=2 iron=0 ore=1 rods=0 pearls=0 eyes=0
[m[34m[02:10:20][m [32m[main/INFO][m [36m(Minecraft)[m [0m[CHAT] §2§l§o[TenorClef] §rT2 [HIST] 12:21.1 CHILD ConstructNetherPortalBucketTask -> SurfaceBailTask ph=PORTAL @-258,11,64 sky=0 wet=false ground=true pick=1 buck=2 iron=0 ore=1 rods=0 pearls=0 eyes=0
[m[34m[02:10:20][m [32m[main/INFO][m [36m(Minecraft)[m [0m[CHAT] §2§l§o[TenorClef] §rT2 [HIST] 12:21.1 CHILD SurfaceBailTask -> ConstructNetherPortalBucketTask ph=PORTAL @-258,11,64 sky=0 wet=false ground=true pick=1 buck=2 iron=0 ore=1 rods=0 pearls=0 eyes=0
[m[34m[02:10:20][m [32m[main/INFO][m [36m(Minecraft)[m [0m[CHAT] §2§l§o[TenorClef] §rT2 [HIST] 12:21.2 CHILD ConstructNetherPortalBucketTask -> SurfaceBailTask ph=PORTAL @-258,11,64 sky=0 wet=false ground=true pick=1 buck=2 iron=0 ore=1 rods=0 pearls=0 eyes=0
[m[34m[02:10:20][m [32m[main/INFO][m [36m(Minecraft)[m [0m[CHAT] §2§l§o[TenorClef] §rT2 [HIST] 12:21.2 CHILD SurfaceBailTask -> ConstructNetherPortalBucketTask ph=PORTAL @-258,11,64 sky=0 wet=false ground=true pick=1 buck=2 iron=0 ore=1 rods=0 pearls=0 eyes=0
[m[34m[02:10:20][m [32m[main/INFO][m [36m(Minecraft)[m [0m[CHAT] §2§l§o[TenorClef] §rT2 [HIST] 12:21.2 CHILD ConstructNetherPortalBucketTask -> SurfaceBailTask ph=PORTAL @-258,11,64 sky=0 wet=false ground=true pick=1 buck=2 iron=0 ore=1 rods=0 pearls=0 eyes=0
[m[34m[02:10:20][m [32m[main/INFO][m [36m(Minecraft)[m [0m[CHAT] §2§l§o[TenorClef] §rT2 [HIST] 12:21.2 CHILD SurfaceBailTask -> ConstructNetherPortalBucketTask ph=PORTAL @-258,11,64 sky=0 wet=false ground=true pick=1 buck=2 iron=0 ore=1 rods=0 pearls=0 eyes=0
[m[34m[02:10:20][m [32m[main/INFO][m [36m(Minecraft)[m [0m[CHAT] §2§l§o[TenorClef] §rT2 [HIST] 12:21.3 CHILD ConstructNetherPortalBucketTask -> SurfaceBailTask ph=PORTAL @-258,11,64 sky=0 wet=false ground=true pick=1 buck=2 iron=0 ore=1 rods=0 pearls=0 eyes=0
[m[34m[02:10:20][m [32m[main/INFO][m [36m(Minecraft)[m [0m[CHAT] §2§l§o[TenorClef] §rT2 [HIST] 12:21.3 CHILD SurfaceBailTask -> ConstructNetherPortalBucketTask ph=PORTAL @-258,11,64 sky=0 wet=false ground=true pick=1 buck=2 iron=0 ore=1 rods=0 pearls=0 eyes=0
[m[34m[02:10:20][m [32m[main/INFO][m [36m(Minecraft)[m [0m[CHAT] §2§l§o[TenorClef] §rT2 [HIST] 12:21.3 CHILD ConstructNetherPortalBucketTask -> SurfaceBailTask ph=PORTAL @-257,11,64 sky=0 wet=false ground=true pick=1 buck=2 iron=0 ore=1 rods=0 pearls=0 eyes=0
[m[34m[02:10:20][m [32m[main/INFO][m [36m(Minecraft)[m [0m[CHAT] §2§l§o[TenorClef] §rT2 [HIST] 12:21.3 CHILD SurfaceBailTask -> ConstructNetherPortalBucketTask ph=PORTAL @-257,11,64 sky=0 wet=false ground=true pick=1 buck=2 iron=0 ore=1 rods=0 pearls=0 eyes=0
[m[34m[02:10:20][m [32m[main/INFO][m [36m(Minecraft)[m [0m[CHAT] §2§l§o[TenorClef] §rT2 [HIST] 12:21.4 CHILD ConstructNetherPortalBucketTask -> SurfaceBailTask ph=PORTAL @-257,11,64 sky=0 wet=false ground=true pick=1 buck=2 iron=0 ore=1 rods=0 pearls=0 eyes=0
[m[34m[02:10:20][m [32m[main/INFO][m [36m(Minecraft)[m [0m[CHAT] §2§l§o[TenorClef] §rT2 [HIST] 12:21.4 CHILD SurfaceBailTask -> ConstructNetherPortalBucketTask ph=PORTAL @-257,11,64 sky=0 wet=false ground=true pick=1 buck=2 iron=0 ore=1 rods=0 pearls=0 eyes=0
[m[34m[02:10:20][m [32m[main/INFO][m [36m(Minecraft)[m [0m[CHAT] §2§l§o[TenorClef] §rT2 [HIST] 12:21.4 CHILD ConstructNetherPortalBucketTask -> SurfaceBailTask ph=PORTAL @-257,10,64 sky=0 wet=false ground=false pick=1 buck=2 iron=0 ore=1 rods=0 pearls=0 eyes=0
[m[34m[02:10:20][m [32m[main/INFO][m [36m(Minecraft)[m [0m[CHAT] §2§l§o[TenorClef] §rT2 [HIST] 12:21.4 CHILD SurfaceBailTask -> ConstructNetherPortalBucketTask ph=PORTAL @-257,10,64 sky=0 wet=false ground=false pick=1 buck=2 iron=0 ore=1 rods=0 pearls=0 eyes=0
[m[34m[02:10:20][m [32m[main/INFO][m [36m(Minecraft)[m [0m[CHAT] §2§l§o[TenorClef] §rT2 [HIST] 12:21.5 CHILD ConstructNetherPortalBucketTask -> SurfaceBailTask ph=PORTAL @-257,10,64 sky=0 wet=false ground=false pick=1 buck=2 iron=0 ore=1 rods=0 pearls=0 eyes=0
[m[34m[02:10:20][m [32m[main/INFO][m [36m(Minecraft)[m [0m[CHAT] §2§l§o[TenorClef] §rT2 [HIST] 12:21.5 CHILD SurfaceBailTask -> ConstructNetherPortalBucketTask ph=PORTAL @-257,10,64 sky=0 wet=false ground=false pick=1 buck=2 iron=0 ore=1 rods=0 pearls=0 eyes=0
[m[34m[02:10:21][m [32m[main/INFO][m [36m(Minecraft)[m [0m[CHAT] §2§l§o[TenorClef] §rT2 [HIST] 12:21.5 CHILD ConstructNetherPortalBucketTask -> SurfaceBailTask ph=PORTAL @-257,10,64 sky=0 wet=false ground=false pick=1 buck=2 iron=0 ore=1 rods=0 pearls=0 eyes=0
[m[34m[02:10:21][m [32m[main/INFO][m [36m(Minecraft)[m [0m[CHAT] §2§l§o[TenorClef] §rT2 [HIST] 12:21.5 CHILD SurfaceBailTask -> ConstructNetherPortalBucketTask ph=PORTAL @-257,10,64 sky=0 wet=false ground=false pick=1 buck=2 iron=0 ore=1 rods=0 pearls=0 eyes=0
[m[34m[02:10:21][m [32m[main/INFO][m [36m(Minecraft)[m [0m[CHAT] §2§l§o[TenorClef] §rT2 [HIST] 12:21.6 CHILD ConstructNetherPortalBucketTask -> SurfaceBailTask ph=PORTAL @-257,10,64 sky=0 wet=false ground=false pick=1 buck=2 iron=0 ore=1 rods=0 pearls=0 eyes=0
[m[34m[02:10:21][m [32m[main/INFO][m [36m(Minecraft)[m [0m[CHAT] §2§l§o[TenorClef] §rT2 [HIST] 12:21.6 CHILD SurfaceBailTask -> ConstructNetherPortalBucketTask ph=PORTAL @-257,10,64 sky=0 wet=false ground=false pick=1 buck=2 iron=0 ore=1 rods=0 pearls=0 eyes=0
[m[34m[02:10:21][m [32m[main/INFO][m [36m(Minecraft)[m [0m[CHAT] §2§l§o[TenorClef] §rT2 [HIST] 12:21.6 CHILD ConstructNetherPortalBucketTask -> SurfaceBailTask ph=PORTAL @-257,10,64 sky=0 wet=false ground=true pick=1 buck=2 iron=0 ore=1 rods=0 pearls=0 eyes=0
[m[34m[02:10:21][m [32m[main/INFO][m [36m(Minecraft)[m [0m[CHAT] §2§l§o[TenorClef] §rT2 [HIST] 12:21.6 CHILD SurfaceBailTask -> ConstructNetherPortalBucketTask ph=PORTAL @-257,10,64 sky=0 wet=false ground=true pick=1 buck=2 iron=0 ore=1 rods=0 pearls=0 eyes=0
[m[34m[02:10:21][m [32m[main/INFO][m [36m(Minecraft)[m [0m[CHAT] §2§l§o[TenorClef] §rT2 [HIST] 12:21.7 CHILD ConstructNetherPortalBucketTask -> SurfaceBailTask ph=PORTAL @-257,10,64 sky=0 wet=false ground=true pick=1 buck=2 iron=0 ore=1 rods=0 pearls=0 eyes=0
[m[34m[02:10:21][m [32m[main/INFO][m [36m(Minecraft)[m [0m[CHAT] §2§l§o[TenorClef] §rT2 [HIST] 12:21.7 CHILD SurfaceBailTask -> ConstructNetherPortalBucketTask ph=PORTAL @-257,10,64 sky=0 wet=false ground=true pick=1 buck=2 iron=0 ore=1 rods=0 pearls=0 eyes=0
[m[34m[02:10:21][m [32m[main/INFO][m [36m(Minecraft)[m [0m[CHAT] §2§l§o[TenorClef] §rT2 [HIST] 12:21.7 CHILD ConstructNetherPortalBucketTask -> SurfaceBailTask ph=PORTAL @-257,10,64 sky=0 wet=false ground=true pick=1 buck=2 iron=0 ore=1 rods=0 pearls=0 eyes=0
[m[34m[02:10:21][m [32m[main/INFO][m [36m(Minecraft)[m [0m[CHAT] §2§l§o[TenorClef] §rT2 [HIST] 12:21.7 CHILD SurfaceBailTask -> ConstructNetherPortalBucketTask ph=PORTAL @-257,10,64 sky=0 wet=false ground=true pick=1 buck=2 iron=0 ore=1 rods=0 pearls=0 eyes=0
[m[34m[02:10:21][m [32m[main/INFO][m [36m(Minecraft)[m [0m[CHAT] §2§l§o[TenorClef] §rT2 [HIST] 12:21.8 CHILD ConstructNetherPortalBucketTask -> SurfaceBailTask ph=PORTAL @-257,10,64 sky=0 wet=false ground=true pick=1 buck=2 iron=0 ore=1 rods=0 pearls=0 eyes=0
[m[34m[02:10:21][m [32m[main/INFO][m [36m(Minecraft)[m [0m[CHAT] §2§l§o[TenorClef] §rT2 [HIST] 12:21.8 CHILD SurfaceBailTask -> ConstructNetherPortalBucketTask ph=PORTAL @-257,10,64 sky=0 wet=false ground=true pick=1 buck=2 iron=0 ore=1 rods=0 pearls=0 eyes=0
[m[34m[02:10:21][m [32m[main/INFO][m [36m(Minecraft)[m [0m[CHAT] §2§l§o[TenorClef] §rT2 [HIST] 12:21.8 CHILD ConstructNetherPortalBucketTask -> SurfaceBailTask ph=PORTAL @-257,10,64 sky=0 wet=false ground=true pick=1 buck=2 iron=0 ore=1 rods=0 pearls=0 eyes=0
[m[34m[02:10:21][m [32m[main/INFO][m [36m(Minecraft)[m [0m[CHAT] §2§l§o[TenorClef] §rT2 [HIST] 12:21.8 CHILD SurfaceBailTask -> ConstructNetherPortalBucketTask ph=PORTAL @-257,10,64 sky=0 wet=false ground=true pick=1 buck=2 iron=0 ore=1 rods=0 pearls=0 eyes=0
[m[34m[02:10:21][m [32m[main/INFO][m [36m(Minecraft)[m [0m[CHAT] §2§l§o[TenorClef] §rT2 [NOW] t=12:21.9 ph=PORTAL @-257,10,64 do=<surface-bail>  eq=iron_pickaxe woodpick=1 stonepick=1 pick=1 iron=0 buck=2
[m[34m[02:10:21][m [32m[main/INFO][m [36m(Minecraft)[m [0m[CHAT] §2§l§o[TenorClef] §rT2 [HIST] 12:21.9 CHILD ConstructNetherPortalBucketTask -> SurfaceBailTask ph=PORTAL @-257,10,64 sky=0 wet=false ground=true pick=1 buck=2 iron=0 ore=1 rods=0 pearls=0 eyes=0
[m[34m[02:10:21][m [32m[main/INFO][m [36m(Minecraft)[m [0m[CHAT] §2§l§o[TenorClef] §rT2 [HIST] 12:21.9 CHILD SurfaceBailTask -> ConstructNetherPortalBucketTask ph=PORTAL @-257,10,64 sky=0 wet=false ground=true pick=1 buck=2 iron=0 ore=1 rods=0 pearls=0 eyes=0
[m[34m[02:10:21][m [32m[main/INFO][m [36m(Minecraft)[m [0m[CHAT] §2§l§o[TenorClef] §rT2 [HIST] 12:21.9 CHILD ConstructNetherPortalBucketTask -> SurfaceBailTask ph=PORTAL @-257,10,64 sky=0 wet=false ground=true pick=1 buck=2 iron=0 ore=1 rods=0 pearls=0 eyes=0
[m[34m[02:10:21][m [32m[main/INFO][m [36m(Minecraft)[m [0m[CHAT] §2§l§o[TenorClef] §rT2 [HIST] 12:21.9 CHILD SurfaceBailTask -> ConstructNetherPortalBucketTask ph=PORTAL @-257,10,64 sky=0 wet=false ground=true pick=1 buck=2 iron=0 ore=1 rods=0 pearls=0 eyes=0
[m[34m[02:10:21][m [32m[main/INFO][m [36m(Minecraft)[m [0m[CHAT] §2§l§o[TenorClef] §rT2 [HIST] 12:22.0 CHILD ConstructNetherPortalBucketTask -> SurfaceBailTask ph=PORTAL @-257,10,64 sky=0 wet=false ground=true pick=1 buck=2 iron=0 ore=1 rods=0 pearls=0 eyes=0
[m[34m[02:10:21][m [32m[main/INFO][m [36m(Minecraft)[m [0m[CHAT] §2§l§o[TenorClef] §rT2 [HIST] 12:22.0 CHILD SurfaceBailTask -> ConstructNetherPortalBucketTask ph=PORTAL @-257,10,64 sky=0 wet=false ground=true pick=1 buck=2 iron=0 ore=1 rods=0 pearls=0 eyes=0
[m[34m[02:10:21][m [32m[main/INFO][m [36m(Minecraft)[m [0m[CHAT] §2§l§o[TenorClef] §rT2 [HIST] 12:22.0 CHILD ConstructNetherPortalBucketTask -> SurfaceBailTask ph=PORTAL @-257,10,64 sky=0 wet=false ground=true pick=1 buck=2 iron=0 ore=1 rods=0 pearls=0 eyes=0
[m[34m[02:10:21][m [32m[main/INFO][m [36m(Minecraft)[m [0m[CHAT] §2§l§o[TenorClef] §rT2 [HIST] 12:22.0 CHILD SurfaceBailTask -> ConstructNetherPortalBucketTask ph=PORTAL @-257,10,64 sky=0 wet=false ground=true pick=1 buck=2 iron=0 ore=1 rods=0 pearls=0 eyes=0
[m[34m[02:10:21][m [32m[main/INFO][m [36m(Minecraft)[m [0m[CHAT] §2§l§o[TenorClef] §rT2 [HIST] 12:22.1 CHILD ConstructNetherPortalBucketTask -> SurfaceBailTask ph=PORTAL @-257,10,64 sky=0 wet=false ground=true pick=1 buck=2 iron=0 ore=1 rods=0 pearls=0 eyes=0
[m[34m[02:10:21][m [32m[main/INFO][m [36m(Minecraft)[m [0m[CHAT] §2§l§o[TenorClef] §rT2 [HIST] 12:22.1 CHILD SurfaceBailTask -> ConstructNetherPortalBucketTask ph=PORTAL @-257,10,64 sky=0 wet=false ground=true pick=1 buck=2 iron=0 ore=1 rods=0 pearls=0 eyes=0
[m[34m[02:10:21][m [32m[main/INFO][m [36m(Minecraft)[m [0m[CHAT] §2§l§o[TenorClef] §rT2 [HIST] 12:22.1 CHILD ConstructNetherPortalBucketTask -> SurfaceBailTask ph=PORTAL @-257,10,64 sky=0 wet=false ground=true pick=1 buck=2 iron=0 ore=1 rods=0 pearls=0 eyes=0
[m[34m[02:10:21][m [32m[main/INFO][m [36m(Minecraft)[m [0m[CHAT] §2§l§o[TenorClef] §rT2 [HIST] 12:22.1 CHILD SurfaceBailTask -> ConstructNetherPortalBucketTask ph=PORTAL @-257,10,64 sky=0 wet=false ground=true pick=1 buck=2 iron=0 ore=1 rods=0 pearls=0 eyes=0
[m[34m[02:10:21][m [32m[main/INFO][m [36m(Minecraft)[m [0m[CHAT] §2§l§o[TenorClef] §rT2 [HIST] 12:22.2 CHILD ConstructNetherPortalBucketTask -> SurfaceBailTask ph=PORTAL @-257,10,64 sky=0 wet=false ground=true pick=1 buck=2 iron=0 ore=1 rods=0 pearls=0 eyes=0
[m[34m[02:10:21][m [32m[main/INFO][m [36m(Minecraft)[m [0m[CHAT] §2§l§o[TenorClef] §rT2 [HIST] 12:22.2 CHILD SurfaceBailTask -> ConstructNetherPortalBucketTask ph=PORTAL @-257,10,64 sky=0 wet=false ground=true pick=1 buck=2 iron=0 ore=1 rods=0 pearls=0 eyes=0
[m[34m[02:10:21][m [32m[main/INFO][m [36m(Minecraft)[m [0m[CHAT] §2§l§o[TenorClef] §rT2 [HIST] 12:22.2 CHILD ConstructNetherPortalBucketTask -> SurfaceBailTask ph=PORTAL @-257,10,64 sky=0 wet=false ground=true pick=1 buck=2 iron=0 ore=1 rods=0 pearls=0 eyes=0
[m[34m[02:10:21][m [32m[main/INFO][m [36m(Minecraft)[m [0m[CHAT] §2§l§o[TenorClef] §rT2 [HIST] 12:22.2 CHILD SurfaceBailTask -> ConstructNetherPortalBucketTask ph=PORTAL @-257,10,64 sky=0 wet=false ground=true pick=1 buck=2 iron=0 ore=1 rods=0 pearls=0 eyes=0
[m[34m[02:10:21][m [32m[main/INFO][m [36m(Minecraft)[m [0m[CHAT] §2§l§o[TenorClef] §rT2 [HIST] 12:22.3 CHILD ConstructNetherPortalBucketTask -> SurfaceBailTask ph=PORTAL @-257,10,64 sky=0 wet=false ground=true pick=1 buck=2 iron=0 ore=1 rods=0 pearls=0 eyes=0
[m[34m[02:10:21][m [32m[main/INFO][m [36m(Minecraft)[m [0m[CHAT] §2§l§o[TenorClef] §rT2 [HIST] 12:22.3 CHILD SurfaceBailTask -> ConstructNetherPortalBucketTask ph=PORTAL @-257,10,64 sky=0 wet=false ground=true pick=1 buck=2 iron=0 ore=1 rods=0 pearls=0 eyes=0
[m[34m[02:10:21][m [32m[main/INFO][m [36m(Minecraft)[m [0m[CHAT] §2§l§o[TenorClef] §rT2 [HIST] 12:22.3 CHILD ConstructNetherPortalBucketTask -> SurfaceBailTask ph=PORTAL @-257,10,64 sky=0 wet=false ground=true pick=1 buck=2 iron=0 ore=1 rods=0 pearls=0 eyes=0
[m[34m[02:10:21][m [32m[main/INFO][m [36m(Minecraft)[m [0m[CHAT] §2§l§o[TenorClef] §rT2 [HIST] 12:22.3 CHILD SurfaceBailTask -> ConstructNetherPortalBucketTask ph=PORTAL @-257,10,64 sky=0 wet=false ground=true pick=1 buck=2 iron=0 ore=1 rods=0 pearls=0 eyes=0
[m[34m[02:10:21][m [32m[main/INFO][m [36m(Minecraft)[m [0m[CHAT] §2§l§o[TenorClef] §rT2 [HIST] 12:22.4 CHILD ConstructNetherPortalBucketTask -> SurfaceBailTask ph=PORTAL @-257,10,64 sky=0 wet=false ground=true pick=1 buck=2 iron=0 ore=1 rods=0 pearls=0 eyes=0
[m[34m[02:10:21][m [32m[main/INFO][m [36m(Minecraft)[m [0m[CHAT] §2§l§o[TenorClef] §rT2 [HIST] 12:22.4 CHILD SurfaceBailTask -> ConstructNetherPortalBucketTask ph=PORTAL @-257,10,64 sky=0 wet=false ground=true pick=1 buck=2 iron=0 ore=1 rods=0 pearls=0 eyes=0
[m[34m[02:10:21][m [32m[main/INFO][m [36m(Minecraft)[m [0m[CHAT] §2§l§o[TenorClef] §rT2 [HIST] 12:22.4 CHILD ConstructNetherPortalBucketTask -> SurfaceBailTask ph=PORTAL @-257,10,64 sky=0 wet=false ground=true pick=1 buck=2 iron=0 ore=1 rods=0 pearls=0 eyes=0
[m[34m[02:10:21][m [32m[main/INFO][m [36m(Minecraft)[m [0m[CHAT] §2§l§o[TenorClef] §rT2 [HIST] 12:22.4 CHILD SurfaceBailTask -> ConstructNetherPortalBucketTask ph=PORTAL @-257,10,64 sky=0 wet=false ground=true pick=1 buck=2 iron=0 ore=1 rods=0 pearls=0 eyes=0
[m[34m[02:10:21][m [32m[main/INFO][m [36m(Minecraft)[m [0m[CHAT] §2§l§o[TenorClef] §rT2 [HIST] 12:22.5 CHILD ConstructNetherPortalBucketTask -> SurfaceBailTask ph=PORTAL @-257,10,64 sky=0 wet=false ground=true pick=1 buck=2 iron=0 ore=1 rods=0 pearls=0 eyes=0
[m[34m[02:10:21][m [32m[main/INFO][m [36m(Minecraft)[m [0m[CHAT] §2§l§o[TenorClef] §rT2 [HIST] 12:22.5 CHILD SurfaceBailTask -> ConstructNetherPortalBucketTask ph=PORTAL @-257,10,64 sky=0 wet=false ground=true pick=1 buck=2 iron=0 ore=1 rods=0 pearls=0 eyes=0
[m[34m[02:10:22][m [32m[main/INFO][m [36m(Minecraft)[m [0m[CHAT] §2§l§o[TenorClef] §rT2 [HIST] 12:22.5 CHILD ConstructNetherPortalBucketTask -> SurfaceBailTask ph=PORTAL @-257,10,64 sky=0 wet=false ground=true pick=1 buck=2 iron=0 ore=1 rods=0 pearls=0 eyes=0
[m[34m[02:10:22][m [32m[main/INFO][m [36m(Minecraft)[m [0m[CHAT] §2§l§o[TenorClef] §rT2 [HIST] 12:22.5 CHILD SurfaceBailTask -> ConstructNetherPortalBucketTask ph=PORTAL @-257,10,64 sky=0 wet=false ground=true pick=1 buck=2 iron=0 ore=1 rods=0 pearls=0 eyes=0
[m[34m[02:10:22][m [32m[main/INFO][m [36m(Minecraft)[m [0m[CHAT] §2§l§o[TenorClef] §rT2 [HIST] 12:22.6 CHILD ConstructNetherPortalBucketTask -> SurfaceBailTask ph=PORTAL @-257,10,64 sky=0 wet=false ground=true pick=1 buck=2 iron=0 ore=1 rods=0 pearls=0 eyes=0
[m[34m[02:10:22][m [32m[main/INFO][m [36m(Minecraft)[m [0m[CHAT] §2§l§o[TenorClef] §rT2 [HIST] 12:22.6 CHILD SurfaceBailTask -> ConstructNetherPortalBucketTask ph=PORTAL @-257,10,64 sky=0 wet=false ground=true pick=1 buck=2 iron=0 ore=1 rods=0 pearls=0 eyes=0
[m[34m[02:10:22][m [32m[main/INFO][m [36m(Minecraft)[m [0m[CHAT] §2§l§o[TenorClef] §rT2 [HIST] 12:22.6 CHILD ConstructNetherPortalBucketTask -> SurfaceBailTask ph=PORTAL @-257,10,64 sky=0 wet=false ground=true pick=1 buck=2 iron=0 ore=1 rods=0 pearls=0 eyes=0
[m[34m[02:10:22][m [32m[main/INFO][m [36m(Minecraft)[m [0m[CHAT] §2§l§o[TenorClef] §rT2 [HIST] 12:22.6 CHILD SurfaceBailTask -> ConstructNetherPortalBucketTask ph=PORTAL @-257,10,64 sky=0 wet=false ground=true pick=1 buck=2 iron=0 ore=1 rods=0 pearls=0 eyes=0
[m[34m[02:10:22][m [32m[main/INFO][m [36m(Minecraft)[m [0m[CHAT] §2§l§o[TenorClef] §rT2 [HIST] 12:22.7 CHILD ConstructNetherPortalBucketTask -> SurfaceBailTask ph=PORTAL @-257,10,64 sky=0 wet=false ground=true pick=1 buck=2 iron=0 ore=1 rods=0 pearls=0 eyes=0
[m[34m[02:10:22][m [32m[main/INFO][m [36m(Minecraft)[m [0m[CHAT] §2§l§o[TenorClef] §rT2 [HIST] 12:22.7 CHILD SurfaceBailTask -> ConstructNetherPortalBucketTask ph=PORTAL @-257,10,64 sky=0 wet=false ground=true pick=1 buck=2 iron=0 ore=1 rods=0 pearls=0 eyes=0
[m[34m[02:10:22][m [32m[main/INFO][m [36m(Minecraft)[m [0m[CHAT] §2§l§o[TenorClef] §rT2 [HIST] 12:22.7 CHILD ConstructNetherPortalBucketTask -> SurfaceBailTask ph=PORTAL @-257,10,64 sky=0 wet=false ground=true pick=1 buck=2 iron=0 ore=1 rods=0 pearls=0 eyes=0
[m[34m[02:10:22][m [32m[main/INFO][m [36m(Minecraft)[m [0m[CHAT] §2§l§o[TenorClef] §rT2 [HIST] 12:22.7 CHILD SurfaceBailTask -> ConstructNetherPortalBucketTask ph=PORTAL @-257,10,64 sky=0 wet=false ground=true pick=1 buck=2 iron=0 ore=1 rods=0 pearls=0 eyes=0
[m[34m[02:10:22][m [32m[main/INFO][m [36m(Minecraft)[m [0m[CHAT] §2§l§o[TenorClef] §rT2 [HIST] 12:22.8 CHILD ConstructNetherPortalBucketTask -> SurfaceBailTask ph=PORTAL @-257,10,64 sky=0 wet=false ground=true pick=1 buck=2 iron=0 ore=1 rods=0 pearls=0 eyes=0
[m[34m[02:10:22][m [32m[main/INFO][m [36m(Minecraft)[m [0m[CHAT] §2§l§o[TenorClef] §rT2 [HIST] 12:22.8 CHILD SurfaceBailTask -> ConstructNetherPortalBucketTask ph=PORTAL @-257,10,64 sky=0 wet=false ground=true pick=1 buck=2 iron=0 ore=1 rods=0 pearls=0 eyes=0
[m[34m[02:10:22][m [32m[main/INFO][m [36m(Minecraft)[m [0m[CHAT] §2§l§o[TenorClef] §rT2 [HIST] 12:22.8 CHILD ConstructNetherPortalBucketTask -> SurfaceBailTask ph=PORTAL @-257,10,64 sky=0 wet=false ground=true pick=1 buck=2 iron=0 ore=1 rods=0 pearls=0 eyes=0
[m[34m[02:10:22][m [32m[main/INFO][m [36m(Minecraft)[m [0m[CHAT] §2§l§o[TenorClef] §rT2 [HIST] 12:22.8 CHILD SurfaceBailTask -> ConstructNetherPortalBucketTask ph=PORTAL @-257,10,64 sky=0 wet=false ground=true pick=1 buck=2 iron=0 ore=1 rods=0 pearls=0 eyes=0
[m[34m[02:10:22][m [32m[main/INFO][m [36m(Minecraft)[m [0m[CHAT] §2§l§o[TenorClef] §rT2 [NOW] t=12:22.9 ph=PORTAL @-257,10,64 do=<surface-bail>  eq=iron_pickaxe woodpick=1 stonepick=1 pick=1 iron=0 buck=2
[m[34m[02:10:22][m [32m[main/INFO][m [36m(Minecraft)[m [0m[CHAT] §2§l§o[TenorClef] §rT2 [HIST] 12:22.9 CHILD ConstructNetherPortalBucketTask -> SurfaceBailTask ph=PORTAL @-257,10,64 sky=0 wet=false ground=true pick=1 buck=2 iron=0 ore=1 rods=0 pearls=0 eyes=0
[m[34m[02:10:22][m [32m[main/INFO][m [36m(Minecraft)[m [0m[CHAT] §2§l§o[TenorClef] §rT2 [HIST] 12:22.9 CHILD SurfaceBailTask -> ConstructNetherPortalBucketTask ph=PORTAL @-257,10,64 sky=0 wet=false ground=true pick=1 buck=2 iron=0 ore=1 rods=0 pearls=0 eyes=0
[m[34m[02:10:22][m [32m[main/INFO][m [36m(Minecraft)[m [0m[CHAT] §2§l§o[TenorClef] §rT2 [HIST] 12:22.9 CHILD ConstructNetherPortalBucketTask -> SurfaceBailTask ph=PORTAL @-257,10,64 sky=0 wet=false ground=true pick=1 buck=2 iron=0 ore=1 rods=0 pearls=0 eyes=0
[m[34m[02:10:22][m [32m[main/INFO][m [36m(Minecraft)[m [0m[CHAT] §2§l§o[TenorClef] §rT2 [HIST] 12:22.9 CHILD SurfaceBailTask -> ConstructNetherPortalBucketTask ph=PORTAL @-257,10,64 sky=0 wet=false ground=true pick=1 buck=2 iron=0 ore=1 rods=0 pearls=0 eyes=0
[m[34m[02:10:22][m [32m[main/INFO][m [36m(Minecraft)[m [0m[CHAT] §2§l§o[TenorClef] §rT2 [HIST] 12:23.0 CHILD ConstructNetherPortalBucketTask -> SurfaceBailTask ph=PORTAL @-257,10,64 sky=0 wet=false ground=true pick=1 buck=2 iron=0 ore=1 rods=0 pearls=0 eyes=0
[m[34m[02:10:22][m [32m[main/INFO][m [36m(Minecraft)[m [0m[CHAT] §2§l§o[TenorClef] §rT2 [HIST] 12:23.0 CHILD SurfaceBailTask -> ConstructNetherPortalBucketTask ph=PORTAL @-257,10,64 sky=0 wet=false ground=true pick=1 buck=2 iron=0 ore=1 rods=0 pearls=0 eyes=0
[m[34m[02:10:22][m [32m[main/INFO][m [36m(Minecraft)[m [0m[CHAT] §2§l§o[TenorClef] §rT2 [HIST] 12:23.0 CHILD ConstructNetherPortalBucketTask -> SurfaceBailTask ph=PORTAL @-257,10,64 sky=0 wet=false ground=true pick=1 buck=2 iron=0 ore=1 rods=0 pearls=0 eyes=0
[m[34m[02:10:22][m [32m[main/INFO][m [36m(Minecraft)[m [0m[CHAT] §2§l§o[TenorClef] §rT2 [HIST] 12:23.0 CHILD SurfaceBailTask -> ConstructNetherPortalBucketTask ph=PORTAL @-257,10,64 sky=0 wet=false ground=true pick=1 buck=2 iron=0 ore=1 rods=0 pearls=0 eyes=0
[m[34m[02:10:22][m [32m[main/INFO][m [36m(Minecraft)[m [0m[CHAT] §2§l§o[TenorClef] §rT2 [HIST] 12:23.1 CHILD ConstructNetherPortalBucketTask -> SurfaceBailTask ph=PORTAL @-257,10,64 sky=0 wet=false ground=true pick=1 buck=2 iron=0 ore=1 rods=0 pearls=0 eyes=0
[m[34m[02:10:22][m [32m[main/INFO][m [36m(Minecraft)[m [0m[CHAT] §2§l§o[TenorClef] §rT2 [HIST] 12:23.1 CHILD SurfaceBailTask -> ConstructNetherPortalBucketTask ph=PORTAL @-257,10,64 sky=0 wet=false ground=true pick=1 buck=2 iron=0 ore=1 rods=0 pearls=0 eyes=0
[m[34m[02:10:22][m [32m[main/INFO][m [36m(Minecraft)[m [0m[CHAT] §2§l§o[TenorClef] §rT2 [HIST] 12:23.1 CHILD ConstructNetherPortalBucketTask -> SurfaceBailTask ph=PORTAL @-257,10,64 sky=0 wet=false ground=true pick=1 buck=2 iron=0 ore=1 rods=0 pearls=0 eyes=0
[m[34m[02:10:22][m [32m[main/INFO][m [36m(Minecraft)[m [0m[CHAT] §2§l§o[TenorClef] §rT2 [HIST] 12:23.1 CHILD SurfaceBailTask -> ConstructNetherPortalBucketTask ph=PORTAL @-257,10,64 sky=0 wet=false ground=true pick=1 buck=2 iron=0 ore=1 rods=0 pearls=0 eyes=0
[m[34m[02:10:22][m [32m[main/INFO][m [36m(Minecraft)[m [0m[CHAT] §2§l§o[TenorClef] §rT2 [HIST] 12:23.2 CHILD ConstructNetherPortalBucketTask -> SurfaceBailTask ph=PORTAL @-257,10,64 sky=0 wet=false ground=true pick=1 buck=2 iron=0 ore=1 rods=0 pearls=0 eyes=0
[m[34m[02:10:22][m [32m[main/INFO][m [36m(Minecraft)[m [0m[CHAT] §2§l§o[TenorClef] §rT2 [HIST] 12:23.2 CHILD SurfaceBailTask -> ConstructNetherPortalBucketTask ph=PORTAL @-257,10,64 sky=0 wet=false ground=true pick=1 buck=2 iron=0 ore=1 rods=0 pearls=0 eyes=0
[m[34m[02:10:22][m [32m[main/INFO][m [36m(Minecraft)[m [0m[CHAT] §2§l§o[TenorClef] §rT2 [HIST] 12:23.2 CHILD ConstructNetherPortalBucketTask -> SurfaceBailTask ph=PORTAL @-257,10,64 sky=0 wet=false ground=true pick=1 buck=2 iron=0 ore=1 rods=0 pearls=0 eyes=0
[m[34m[02:10:22][m [32m[main/INFO][m [36m(Minecraft)[m [0m[CHAT] §2§l§o[TenorClef] §rT2 [HIST] 12:23.2 CHILD SurfaceBailTask -> ConstructNetherPortalBucketTask ph=PORTAL @-257,10,64 sky=0 wet=false ground=true pick=1 buck=2 iron=0 ore=1 rods=0 pearls=0 eyes=0
[m[34m[02:10:22][m [32m[main/INFO][m [36m(Minecraft)[m [0m[CHAT] §2§l§o[TenorClef] §rT2 [HIST] 12:23.2 SNAP ph=PORTAL @-257,10,64 sky=0 wet=false ground=true pick=1 buck=2 iron=0 ore=1 rods=0 pearls=0 eyes=0 child=ConstructNetherPortalBucketTask dbg=<Construct Nether Portal> Collecting lava mobs=none
[m[34m[02:10:22][m [32m[main/INFO][m [36m(Minecraft)[m [0m[CHAT] §2§l§o[TenorClef] §rT2 [HIST] 12:23.3 CHILD ConstructNetherPortalBucketTask -> SurfaceBailTask ph=PORTAL @-257,10,64 sky=0 wet=false ground=true pick=1 buck=2 iron=0 ore=1 rods=0 pearls=0 eyes=0
[m[34m[02:10:22][m [32m[main/INFO][m [36m(Minecraft)[m [0m[CHAT] §2§l§o[TenorClef] §rT2 [HIST] 12:23.3 CHILD SurfaceBailTask -> ConstructNetherPortalBucketTask ph=PORTAL @-257,10,64 sky=0 wet=false ground=true pick=1 buck=2 iron=0 ore=1 rods=0 pearls=0 eyes=0
[m[34m[02:10:22][m [32m[main/INFO][m [36m(Minecraft)[m [0m[CHAT] §2§l§o[TenorClef] §rT2 [HIST] 12:23.3 CHILD ConstructNetherPortalBucketTask -> SurfaceBailTask ph=PORTAL @-257,10,64 sky=0 wet=false ground=true pick=1 buck=2 iron=0 ore=1 rods=0 pearls=0 eyes=0
[m[34m[02:10:22][m [32m[main/INFO][m [36m(Minecraft)[m [0m[CHAT] §2§l§o[TenorClef] §rT2 [HIST] 12:23.3 CHILD SurfaceBailTask -> ConstructNetherPortalBucketTask ph=PORTAL @-257,10,64 sky=0 wet=false ground=true pick=1 buck=2 iron=0 ore=1 rods=0 pearls=0 eyes=0
[m[34m[02:10:22][m [32m[main/INFO][m [36m(Minecraft)[m [0m[CHAT] §2§l§o[TenorClef] §rT2 [HIST] 12:23.4 CHILD ConstructNetherPortalBucketTask -> SurfaceBailTask ph=PORTAL @-257,10,64 sky=0 wet=false ground=true pick=1 buck=2 iron=0 ore=1 rods=0 pearls=0 eyes=0
[m[34m[02:10:22][m [32m[main/INFO][m [36m(Minecraft)[m [0m[CHAT] §2§l§o[TenorClef] §rT2 [HIST] 12:23.4 CHILD SurfaceBailTask -> ConstructNetherPortalBucketTask ph=PORTAL @-257,10,64 sky=0 wet=false ground=true pick=1 buck=2 iron=0 ore=1 rods=0 pearls=0 eyes=0
[m[34m[02:10:22][m [32m[main/INFO][m [36m(Minecraft)[m [0m[CHAT] §2§l§o[TenorClef] §rT2 [HIST] 12:23.4 CHILD ConstructNetherPortalBucketTask -> SurfaceBailTask ph=PORTAL @-257,10,64 sky=0 wet=false ground=true pick=1 buck=2 iron=0 ore=1 rods=0 pearls=0 eyes=0
[m[34m[02:10:22][m [32m[main/INFO][m [36m(Minecraft)[m [0m[CHAT] §2§l§o[TenorClef] §rT2 [HIST] 12:23.4 CHILD SurfaceBailTask -> ConstructNetherPortalBucketTask ph=PORTAL @-257,10,64 sky=0 wet=false ground=true pick=1 buck=2 iron=0 ore=1 rods=0 pearls=0 eyes=0
[m[34m[02:10:22][m [32m[main/INFO][m [36m(Minecraft)[m [0m[CHAT] §2§l§o[TenorClef] §rT2 [HIST] 12:23.5 CHILD ConstructNetherPortalBucketTask -> SurfaceBailTask ph=PORTAL @-257,10,64 sky=0 wet=false ground=true pick=1 buck=2 iron=0 ore=1 rods=0 pearls=0 eyes=0
[m[34m[02:10:22][m [32m[main/INFO][m [36m(Minecraft)[m [0m[CHAT] §2§l§o[TenorClef] §rT2 [HIST] 12:23.5 CHILD SurfaceBailTask -> ConstructNetherPortalBucketTask ph=PORTAL @-257,10,64 sky=0 wet=false ground=true pick=1 buck=2 iron=0 ore=1 rods=0 pearls=0 eyes=0
[m[34m[02:10:23][m [32m[main/INFO][m [36m(Minecraft)[m [0m[CHAT] §2§l§o[TenorClef] §rT2 [HIST] 12:23.5 CHILD ConstructNetherPortalBucketTask -> SurfaceBailTask ph=PORTAL @-257,10,64 sky=0 wet=false ground=true pick=1 buck=2 iron=0 ore=1 rods=0 pearls=0 eyes=0
[m[34m[02:10:23][m [32m[main/INFO][m [36m(Minecraft)[m [0m[CHAT] §2§l§o[TenorClef] §rT2 [HIST] 12:23.5 CHILD SurfaceBailTask -> ConstructNetherPortalBucketTask ph=PORTAL @-257,10,64 sky=0 wet=false ground=true pick=1 buck=2 iron=0 ore=1 rods=0 pearls=0 eyes=0
[m[34m[02:10:23][m [32m[main/INFO][m [36m(Minecraft)[m [0m[CHAT] §2§l§o[TenorClef] §rT2 [HIST] 12:23.6 CHILD ConstructNetherPortalBucketTask -> SurfaceBailTask ph=PORTAL @-257,10,64 sky=0 wet=false ground=true pick=1 buck=2 iron=0 ore=1 rods=0 pearls=0 eyes=0
[m[34m[02:10:23][m [32m[main/INFO][m [36m(Minecraft)[m [0m[CHAT] §2§l§o[TenorClef] §rT2 [HIST] 12:23.6 CHILD SurfaceBailTask -> ConstructNetherPortalBucketTask ph=PORTAL @-257,10,64 sky=0 wet=false ground=true pick=1 buck=2 iron=0 ore=1 rods=0 pearls=0 eyes=0
[m[34m[02:10:23][m [32m[main/INFO][m [36m(Minecraft)[m [0m[CHAT] §2§l§o[TenorClef] §rT2 [HIST] 12:23.6 CHILD ConstructNetherPortalBucketTask -> SurfaceBailTask ph=PORTAL @-257,10,64 sky=0 wet=false ground=true pick=1 buck=2 iron=0 ore=1 rods=0 pearls=0 eyes=0
[m[34m[02:10:23][m [32m[main/INFO][m [36m(Minecraft)[m [0m[CHAT] §2§l§o[TenorClef] §rT2 [HIST] 12:23.6 CHILD SurfaceBailTask -> ConstructNetherPortalBucketTask ph=PORTAL @-257,10,64 sky=0 wet=false ground=true pick=1 buck=2 iron=0 ore=1 rods=0 pearls=0 eyes=0
[m[34m[02:10:23][m [32m[main/INFO][m [36m(Minecraft)[m [0m[CHAT] §2§l§o[TenorClef] §rT2 [HIST] 12:23.7 CHILD ConstructNetherPortalBucketTask -> SurfaceBailTask ph=PORTAL @-257,10,64 sky=0 wet=false ground=true pick=1 buck=2 iron=0 ore=1 rods=0 pearls=0 eyes=0
[m[34m[02:10:23][m [32m[main/INFO][m [36m(Minecraft)[m [0m[CHAT] §2§l§o[TenorClef] §rT2 [HIST] 12:23.7 CHILD SurfaceBailTask -> ConstructNetherPortalBucketTask ph=PORTAL @-257,10,64 sky=0 wet=false ground=true pick=1 buck=2 iron=0 ore=1 rods=0 pearls=0 eyes=0
[m[34m[02:10:23][m [32m[main/INFO][m [36m(Minecraft)[m [0m[CHAT] §2§l§o[TenorClef] §rT2 [HIST] 12:23.7 CHILD ConstructNetherPortalBucketTask -> SurfaceBailTask ph=PORTAL @-257,10,64 sky=0 wet=false ground=true pick=1 buck=2 iron=0 ore=1 rods=0 pearls=0 eyes=0
[m[34m[02:10:23][m [32m[main/INFO][m [36m(Minecraft)[m [0m[CHAT] §2§l§o[TenorClef] §rT2 [HIST] 12:23.7 CHILD SurfaceBailTask -> ConstructNetherPortalBucketTask ph=PORTAL @-257,10,64 sky=0 wet=false ground=true pick=1 buck=2 iron=0 ore=1 rods=0 pearls=0 eyes=0
[m[34m[02:10:23][m [32m[main/INFO][m [36m(Minecraft)[m [0m[CHAT] §2§l§o[TenorClef] §rT2 [HIST] 12:23.8 CHILD ConstructNetherPortalBucketTask -> SurfaceBailTask ph=PORTAL @-257,10,64 sky=0 wet=false ground=true pick=1 buck=2 iron=0 ore=1 rods=0 pearls=0 eyes=0
[m[34m[02:10:23][m [32m[main/INFO][m [36m(Minecraft)[m [0m[CHAT] §2§l§o[TenorClef] §rT2 [HIST] 12:23.8 CHILD SurfaceBailTask -> ConstructNetherPortalBucketTask ph=PORTAL @-257,10,64 sky=0 wet=false ground=true pick=1 buck=2 iron=0 ore=1 rods=0 pearls=0 eyes=0
[m[34m[02:10:23][m [32m[main/INFO][m [36m(Minecraft)[m [0m[CHAT] §2§l§o[TenorClef] §rT2 [HIST] 12:23.8 CHILD ConstructNetherPortalBucketTask -> SurfaceBailTask ph=PORTAL @-257,10,64 sky=0 wet=false ground=true pick=1 buck=2 iron=0 ore=1 rods=0 pearls=0 eyes=0
[m[34m[02:10:23][m [32m[main/INFO][m [36m(Minecraft)[m [0m[CHAT] §2§l§o[TenorClef] §rT2 [HIST] 12:23.8 CHILD SurfaceBailTask -> ConstructNetherPortalBucketTask ph=PORTAL @-257,10,64 sky=0 wet=false ground=true pick=1 buck=2 iron=0 ore=1 rods=0 pearls=0 eyes=0
[m[34m[02:10:23][m [32m[main/INFO][m [36m(Minecraft)[m [0m[CHAT] §2§l§o[TenorClef] §rT2 [NOW] t=12:23.9 ph=PORTAL @-257,10,64 do=<surface-bail>  eq=bucket woodpick=1 stonepick=1 pick=1 iron=0 buck=1
[m[34m[02:10:23][m [32m[main/INFO][m [36m(Minecraft)[m [0m[CHAT] §2§l§o[TenorClef] §rT2 [HIST] 12:23.9 CHILD ConstructNetherPortalBucketTask -> SurfaceBailTask ph=PORTAL @-257,10,64 sky=0 wet=false ground=true pick=1 buck=2 iron=0 ore=1 rods=0 pearls=0 eyes=0
[m[34m[02:10:23][m [32m[main/INFO][m [36m(Minecraft)[m [0m[CHAT] §2§l§o[TenorClef] §rT2 [HIST] 12:23.9 CHILD SurfaceBailTask -> ConstructNetherPortalBucketTask ph=PORTAL @-257,10,64 sky=0 wet=false ground=true pick=1 buck=2 iron=0 ore=1 rods=0 pearls=0 eyes=0
[m[34m[02:10:23][m [32m[main/INFO][m [36m(Minecraft)[m [0m[CHAT] §2§l§o[TenorClef] §rT2 [HIST] 12:23.9 CHILD ConstructNetherPortalBucketTask -> SurfaceBailTask ph=PORTAL @-257,10,64 sky=0 wet=false ground=true pick=1 buck=2 iron=0 ore=1 rods=0 pearls=0 eyes=0
[m[34m[02:10:23][m [32m[main/INFO][m [36m(Minecraft)[m [0m[CHAT] §2§l§o[TenorClef] §rT2 [HIST] 12:23.9 CHILD SurfaceBailTask -> ConstructNetherPortalBucketTask ph=PORTAL @-257,10,64 sky=0 wet=false ground=true pick=1 buck=2 iron=0 ore=1 rods=0 pearls=0 eyes=0
[m[34m[02:10:23][m [32m[main/INFO][m [36m(Minecraft)[m [0m[CHAT] §2§l§o[TenorClef] §rT2 [HIST] 12:24.0 CHILD ConstructNetherPortalBucketTask -> SurfaceBailTask ph=PORTAL @-257,10,64 sky=0 wet=false ground=true pick=1 buck=2 iron=0 ore=1 rods=0 pearls=0 eyes=0
[m[34m[02:10:23][m [32m[main/INFO][m [36m(Minecraft)[m [0m[CHAT] §2§l§o[TenorClef] §rT2 [HIST] 12:24.0 CHILD SurfaceBailTask -> ConstructNetherPortalBucketTask ph=PORTAL @-257,10,64 sky=0 wet=false ground=true pick=1 buck=2 iron=0 ore=1 rods=0 pearls=0 eyes=0
[m[34m[02:10:23][m [32m[main/INFO][m [36m(Minecraft)[m [0m[CHAT] §2§l§o[TenorClef] §rT2 [HIST] 12:24.0 CHILD ConstructNetherPortalBucketTask -> SurfaceBailTask ph=PORTAL @-257,10,64 sky=0 wet=false ground=true pick=1 buck=2 iron=0 ore=1 rods=0 pearls=0 eyes=0
[m[34m[02:10:23][m [32m[main/INFO][m [36m(Minecraft)[m [0m[CHAT] §2§l§o[TenorClef] §rT2 [HIST] 12:24.0 CHILD SurfaceBailTask -> ConstructNetherPortalBucketTask ph=PORTAL @-257,10,64 sky=0 wet=false ground=true pick=1 buck=2 iron=0 ore=1 rods=0 pearls=0 eyes=0
[m[34m[02:10:23][m [32m[main/INFO][m [36m(Minecraft)[m [0m[CHAT] §2§l§o[TenorClef] §rT2 [HIST] 12:24.1 CHILD ConstructNetherPortalBucketTask -> SurfaceBailTask ph=PORTAL @-257,10,64 sky=0 wet=false ground=true pick=1 buck=2 iron=0 ore=1 rods=0 pearls=0 eyes=0
[m[34m[02:10:23][m [32m[main/INFO][m [36m(Minecraft)[m [0m[CHAT] §2§l§o[TenorClef] §rT2 [HIST] 12:24.1 CHILD SurfaceBailTask -> ConstructNetherPortalBucketTask ph=PORTAL @-257,10,64 sky=0 wet=false ground=true pick=1 buck=2 iron=0 ore=1 rods=0 pearls=0 eyes=0
[m[34m[02:10:23][m [32m[main/INFO][m [36m(Minecraft)[m [0m[CHAT] §2§l§o[TenorClef] §rConstruct: need iron for 2nd bucket (iron=0 empty=0 water=2 lava=0)
[m[34m[02:10:23][m [32m[main/INFO][m [36m(Minecraft)[m [0m[CHAT] §2§l§o[TenorClef] §rT2 [HB] t=12:24.1 ph=PORTAL y=10 child=SurfaceBailTask logs=0 pick=1 woodpick=1
[m[34m[02:10:23][m [32m[main/INFO][m [36m(Minecraft)[m [0m[CHAT] §2§l§o[TenorClef] §rT2 [HIST] 12:24.1 CHILD ConstructNetherPortalBucketTask -> SurfaceBailTask ph=PORTAL @-257,10,64 sky=0 wet=false ground=true pick=1 buck=2 iron=0 ore=1 rods=0 pearls=0 eyes=0
[m[34m[02:10:23][m [32m[main/INFO][m [36m(Minecraft)[m [0m[CHAT] §2§l§o[TenorClef] §rT2 [HIST] 12:24.1 CHILD SurfaceBailTask -> ConstructNetherPortalBucketTask ph=PORTAL @-257,10,64 sky=0 wet=false ground=true pick=1 buck=2 iron=0 ore=1 rods=0 pearls=0 eyes=0
[m[34m[02:10:23][m [32m[main/INFO][m [36m(Minecraft)[m [0m[CHAT] §2§l§o[TenorClef] §rMineAndCollect: equip item.minecraft.iron_pickaxe for block.minecraft.iron_ore
[m[34m[02:10:23][m [32m[main/INFO][m [36m(Minecraft)[m [0m[CHAT] §2§l§o[TenorClef] §rT2 [HIST] 12:24.2 CHILD ConstructNetherPortalBucketTask -> SurfaceBailTask ph=PORTAL @-257,10,64 sky=0 wet=false ground=false pick=1 buck=2 iron=0 ore=1 rods=0 pearls=0 eyes=0
[m[34m[02:10:23][m [32m[main/INFO][m [36m(Minecraft)[m [0m[CHAT] §2§l§o[TenorClef] §rT2 [HIST] 12:24.2 CHILD SurfaceBailTask -> ConstructNetherPortalBucketTask ph=PORTAL @-257,10,64 sky=0 wet=false ground=false pick=1 buck=2 iron=0 ore=1 rods=0 pearls=0 eyes=0
[m[34m[02:10:23][m [32m[main/INFO][m [36m(Minecraft)[m [0m[CHAT] §2§l§o[TenorClef] §rT2 [HIST] 12:24.2 CHILD ConstructNetherPortalBucketTask -> SurfaceBailTask ph=PORTAL @-257,10,64 sky=0 wet=false ground=false pick=1 buck=2 iron=0 ore=1 rods=0 pearls=0 eyes=0
[m[34m[02:10:23][m [32m[main/INFO][m [36m(Minecraft)[m [0m[CHAT] §2§l§o[TenorClef] §rT2 [HIST] 12:24.2 CHILD SurfaceBailTask -> ConstructNetherPortalBucketTask ph=PORTAL @-257,10,64 sky=0 wet=false ground=false pick=1 buck=2 iron=0 ore=1 rods=0 pearls=0 eyes=0
[m[34m[02:10:23][m [32m[main/INFO][m [36m(Minecraft)[m [0m[CHAT] §2§l§o[TenorClef] §rT2 [HIST] 12:24.3 CHILD ConstructNetherPortalBucketTask -> SurfaceBailTask ph=PORTAL @-257,11,64 sky=0 wet=false ground=false pick=1 buck=2 iron=0 ore=1 rods=0 pearls=0 eyes=0
[m[34m[02:10:23][m [32m[main/INFO][m [36m(Minecraft)[m [0m[CHAT] §2§l§o[TenorClef] §rT2 [HIST] 12:24.3 CHILD SurfaceBailTask -> ConstructNetherPortalBucketTask ph=PORTAL @-257,11,64 sky=0 wet=false ground=false pick=1 buck=2 iron=0 ore=1 rods=0 pearls=0 eyes=0
[m