To honour the JVM settings for this build a single-use Daemon process will be forked. For more on this, please refer to https://docs.gradle.org/9.4.1/userguide/gradle_daemon.html#sec:disabling_the_daemon in the Gradle documentation.
Daemon will be stopped at the end of the build 
[tenorclef] gradle.properties.local sets org.gradle.java.home — Gradle selects the daemon JDK from JAVA_HOME or ~/.gradle/gradle.properties; export JAVA_HOME="C:/Program Files/Eclipse Adoptium/jdk-21.0.12.101-hotspot" if this pin is required.
[tenorclef] Loaded 4 entries from gradle.properties.local

> Configure project :1.16.1
Fabric Loom: 1.15.5

> Configure project :1.21.1
Fabric Loom: 1.15.5
[altoclef] Tungsten jars for 1.21.1: [tungsten-fabric-ALPHA-1.6.0-1.21compat-SNAPSHOT.jar]
Build file 'C:\Users\redfa\Documents\MinecraftDev\altoclef\build.gradle': line 340
Properties should be assigned using the 'propName = value' syntax. Setting a property via the Gradle-generated 'propName value' or 'propName(value)' syntax in Groovy DSL has been deprecated. This is scheduled to be removed in Gradle 10. Use assignment ('duplicatesStrategy = <value>') instead. Consult the upgrading guide for further information: https://docs.gradle.org/9.4.1/userguide/upgrading_version_8.html#groovy_space_assignment_syntax
	at build_dsk7s0l5lw6a69ogktr7fgsy9$_run_closure13$_closure40.doCall$original(C:\Users\redfa\Documents\MinecraftDev\altoclef\build.gradle:340)
	(Run with --stacktrace to get the full stack trace of this deprecation warning.)
	at build_dsk7s0l5lw6a69ogktr7fgsy9$_run_closure13.doCall$original(C:\Users\redfa\Documents\MinecraftDev\altoclef\build.gradle:339)
	(Run with --stacktrace to get the full stack trace of this deprecation warning.)
Not publishing sources jar as it was not created by the java plugin. Use java.withSourcesJar() to fix.

> Configure project :1.16.5
Fabric Loom: 1.15.5

> Configure project :1.21
Fabric Loom: 1.15.5
[altoclef] Tungsten jars for 1.21: [tungsten-fabric-ALPHA-1.6.0-1.21compat-SNAPSHOT.jar]
Not publishing sources jar as it was not created by the java plugin. Use java.withSourcesJar() to fix.

> Configure project :1.17.1
Fabric Loom: 1.15.5

> Configure project :1.20.6
Fabric Loom: 1.15.5
Not publishing sources jar as it was not created by the java plugin. Use java.withSourcesJar() to fix.

> Configure project :1.18
Fabric Loom: 1.15.5

> Configure project :1.20.5
Fabric Loom: 1.15.5
Not publishing sources jar as it was not created by the java plugin. Use java.withSourcesJar() to fix.

> Configure project :1.18.2
Fabric Loom: 1.15.5

> Configure project :1.20.4
Fabric Loom: 1.15.5
Not publishing sources jar as it was not created by the java plugin. Use java.withSourcesJar() to fix.

> Configure project :1.19.4
Fabric Loom: 1.15.5

> Configure project :1.20.2
Fabric Loom: 1.15.5
Not publishing sources jar as it was not created by the java plugin. Use java.withSourcesJar() to fix.

> Configure project :1.20.1
Fabric Loom: 1.15.5
Not publishing sources jar as it was not created by the java plugin. Use java.withSourcesJar() to fix.

> Configure project :1.19.4
Not publishing sources jar as it was not created by the java plugin. Use java.withSourcesJar() to fix.

> Configure project :1.18.2
Not publishing sources jar as it was not created by the java plugin. Use java.withSourcesJar() to fix.

> Configure project :1.18
Not publishing sources jar as it was not created by the java plugin. Use java.withSourcesJar() to fix.

> Configure project :1.17.1
Not publishing sources jar as it was not created by the java plugin. Use java.withSourcesJar() to fix.

> Configure project :1.16.5
Not publishing sources jar as it was not created by the java plugin. Use java.withSourcesJar() to fix.

> Configure project :1.16.1
[altoclef] Ostinato Baritone for 1.16.1: baritone-unoptimized-fabric-1.16.1.jar
[altoclef] Tungsten jars for 1.16.1: [tungsten-fabric-ALPHA-1.6.0-1.16.1-SNAPSHOT.jar]
Not publishing sources jar as it was not created by the java plugin. Use java.withSourcesJar() to fix.

> Configure project :1.21.11
Fabric Loom: 1.15.5
[altoclef] Ostinato Baritone for 1.21.11: baritone-unoptimized-fabric-1.17.0-7-g9bb1b309-dirty.jar
[altoclef] Tungsten jars for 1.21.11: [tungsten-fabric-ALPHA-1.6.0-1.21compat-SNAPSHOT.jar]
Not publishing sources jar as it was not created by the java plugin. Use java.withSourcesJar() to fix.

> Task :1.16.1:prepareDestMappingsForPreprocessor UP-TO-DATE
> Task :1.16.1:prepareSourceMappingsForPreprocessor UP-TO-DATE
> Task :1.16.5:prepareDestMappingsForPreprocessor UP-TO-DATE
> Task :1.16.5:prepareSourceMappingsForPreprocessor UP-TO-DATE
> Task :1.17.1:prepareDestMappingsForPreprocessor UP-TO-DATE
> Task :1.17.1:prepareSourceMappingsForPreprocessor UP-TO-DATE
> Task :1.18:prepareDestMappingsForPreprocessor UP-TO-DATE
> Task :1.18:prepareSourceMappingsForPreprocessor UP-TO-DATE
> Task :1.18.2:prepareDestMappingsForPreprocessor UP-TO-DATE
> Task :1.18.2:prepareSourceMappingsForPreprocessor UP-TO-DATE
> Task :1.19.4:prepareDestMappingsForPreprocessor UP-TO-DATE
> Task :1.19.4:prepareSourceMappingsForPreprocessor UP-TO-DATE
> Task :1.20.1:prepareDestMappingsForPreprocessor UP-TO-DATE
> Task :1.20.1:prepareSourceMappingsForPreprocessor UP-TO-DATE
> Task :1.20.2:prepareDestMappingsForPreprocessor UP-TO-DATE
> Task :1.20.2:prepareSourceMappingsForPreprocessor UP-TO-DATE
> Task :1.20.4:prepareDestMappingsForPreprocessor UP-TO-DATE
> Task :1.20.4:prepareSourceMappingsForPreprocessor UP-TO-DATE
> Task :1.20.5:prepareDestMappingsForPreprocessor UP-TO-DATE
> Task :1.20.5:prepareSourceMappingsForPreprocessor UP-TO-DATE
> Task :1.20.6:prepareDestMappingsForPreprocessor UP-TO-DATE
> Task :1.20.6:prepareSourceMappingsForPreprocessor UP-TO-DATE
> Task :1.21:prepareDestMappingsForPreprocessor UP-TO-DATE
> Task :1.21:prepareSourceMappingsForPreprocessor UP-TO-DATE
> Task :1.21:preprocessCode UP-TO-DATE
> Task :1.20.6:preprocessCode UP-TO-DATE
> Task :1.20.5:preprocessCode UP-TO-DATE
> Task :1.20.4:preprocessCode UP-TO-DATE
> Task :1.20.2:preprocessCode UP-TO-DATE
> Task :1.20.1:preprocessCode UP-TO-DATE
> Task :1.19.4:preprocessCode UP-TO-DATE
> Task :1.18.2:preprocessCode UP-TO-DATE
> Task :1.18:preprocessCode UP-TO-DATE
> Task :1.17.1:preprocessCode UP-TO-DATE
> Task :1.16.5:preprocessCode UP-TO-DATE
> Task :1.16.1:preprocessCode UP-TO-DATE
> Task :1.16.1:compileJava UP-TO-DATE
> Task :1.21:preprocessResources UP-TO-DATE
> Task :1.20.6:preprocessResources UP-TO-DATE
> Task :1.20.5:preprocessResources UP-TO-DATE
> Task :1.20.4:preprocessResources UP-TO-DATE
> Task :1.20.2:preprocessResources UP-TO-DATE
> Task :1.20.1:preprocessResources UP-TO-DATE
> Task :1.19.4:preprocessResources UP-TO-DATE
> Task :1.18.2:preprocessResources UP-TO-DATE
> Task :1.18:preprocessResources UP-TO-DATE
> Task :1.17.1:preprocessResources UP-TO-DATE
> Task :1.16.5:preprocessResources UP-TO-DATE
> Task :1.16.1:preprocessResources UP-TO-DATE
> Task :1.16.1:processResources UP-TO-DATE
> Task :1.16.1:classes UP-TO-DATE
> Task :1.16.1:generateLog4jConfig UP-TO-DATE
> Task :1.16.1:generateRemapClasspath UP-TO-DATE
> Task :1.16.1:generateDLIConfig UP-TO-DATE
> Task :1.16.1:configureLaunch UP-TO-DATE
> Task :1.16.1:downloadAssets UP-TO-DATE
> Task :1.16.1:extractNatives UP-TO-DATE
> Task :1.16.1:configureClientLaunch UP-TO-DATE

> Task :1.16.1:runClient
2026-09-24 21:20:33,934 main ERROR Error processing element Queue ([Appenders: null]): CLASS_NOT_FOUND
2026-09-24 21:20:34,058 main ERROR Unable to locate appender "ServerGuiConsole" for logger config "root"
[34m[21:20:34][m [32m[main/INFO][m [36m(FabricLoader/GameProvider)[m [0mLoading Minecraft 1.16.1 with Fabric Loader 0.16.7
[m[34m[21:20:34][m [33m[ForkJoinPool-1-worker-6/WARN][m [36m(FabricLoader/Metadata)[m [0mMod tungsten uses the version ALPHA-1.6.0-1.16.1-SNAPSHOT which isn't compatible with Loader's extended semantic version format (Could not parse version number component 'ALPHA'!), SemVer is recommended for reliably evaluating dependencies and prioritizing newer version
[m[34m[21:20:34][m [32m[main/INFO][m [36m(FabricLoader)[m [0mLoading 46 mods:
	- altoclef 1.16.1-0.19
	- baritone 1.16.1-ostinato
	- fabric 0.18.0+build.387-1.16.1
	- fabric-api-base 0.1.3+12a8474c02
	- fabric-biomes-v1 0.2.7+059ea86602
	- fabric-blockrenderlayer-v1 1.1.4+c6a8ea8902
	- fabric-command-api-v1 1.0.8+5ce5339802
	- fabric-commands-v0 0.2.0+52d3083602
	- fabric-containers-v0 0.1.8+045df74f02
	- fabric-content-registries-v0 0.1.9+059ea86602
	- fabric-crash-report-info-v1 0.1.2+b7f9825d02
	- fabric-dimensions-v1 1.0.0+a71b305302
	- fabric-events-interaction-v0 0.4.0+e540c58402
	- fabric-events-lifecycle-v0 0.2.0+16acbe5b02
	- fabric-game-rule-api-v1 1.0.0+fe81e12502
	- fabric-item-api-v1 1.0.0+16acbe5b02
	- fabric-item-groups-v0 0.2.0+438f963602
	- fabric-key-binding-api-v1 1.0.1+f404f3be02
	- fabric-keybindings-v0 0.2.0+3fa9f7c502
	- fabric-lifecycle-events-v1 1.2.0+e83e061c02
	- fabric-loot-tables-v1 1.0.0+386eb69e02
	- fabric-mining-levels-v0 0.1.2+b764ce9902
	- fabric-models-v0 0.1.0+dfdb52d602
	- fabric-networking-blockentity-v0 0.2.5+b50ffc7b02
	- fabric-networking-v0 0.1.10+e00ecb5f02
	- fabric-object-builder-api-v1 1.5.7+2242e77202
	- fabric-object-builders-v0 0.6.1+a2d21ddd02
	- fabric-particles-v1 0.2.1+0a6f2a7002
	- fabric-registry-sync-v0 0.3.8+7dba2d6c02
	- fabric-renderer-api-v1 0.2.13+eae12eb802
	- fabric-renderer-indigo 0.3.4+34d6c87102
	- fabric-renderer-registries-v1 2.1.0+be551d3c02
	- fabric-rendering-data-attachment-v1 0.1.3+b7f9825d02
	- fabric-rendering-fluids-v1 0.1.8+b7084faa02
	- fabric-rendering-v0 1.1.0+5341049002
	- fabric-rendering-v1 1.1.2+346247d702
	- fabric-resource-loader-v0 0.2.6+f41e209802
	- fabric-screen-handler-api-v1 1.1.0+97324d1102
	- fabric-tag-extensions-v0 0.2.7+a4c57d8e02
	- fabric-textures-v0 1.0.4+eae12eb802
	- fabric-tool-attribute-api-v1 1.2.1+91fca5cd02
	- fabricloader 0.16.7
	- java 21
	- minecraft 1.16.1
	- mixinextras 0.4.1
	- tungsten ALPHA-1.6.0-1.16.1-SNAPSHOT
[m[34m[21:20:34][m [32m[main/INFO][m [36m(FabricLoader/Mixin)[m [0mSpongePowered MIXIN Subsystem Version=0.8.7 Source=file:/C:/Users/redfa/.gradle/caches/modules-2/files-2.1/net.fabricmc/sponge-mixin/0.15.3+mixin.0.8.7/51ee0a44ab05f6fddd66b09e66b3a16904f9c55d/sponge-mixin-0.15.3+mixin.0.8.7.jar Service=Knot/Fabric Env=CLIENT
[m[34m[21:20:34][m [32m[main/INFO][m [36m(FabricLoader/Mixin)[m [0mLoaded Fabric development mappings for mixin remapper!
[m[34m[21:20:34][m [32m[main/INFO][m [36m(FabricLoader/Mixin)[m [0mCompatibility level set to JAVA_17
[m[34m[21:20:34][m [32m[main/INFO][m [36m(FabricLoader/Mixin)[m [0mCompatibility level set to JAVA_21
[m[34m[21:20:35][m [33m[main/WARN][m [36m(FabricLoader/Mixin)[m [0mError loading class: me/jellysquid/mods/sodium/client/world/SodiumChunkManager (java.lang.ClassNotFoundException: me/jellysquid/mods/sodium/client/world/SodiumChunkManager)
[m[34m[21:20:35][m [33m[main/WARN][m [36m(FabricLoader/Mixin)[m [0mError loading class: me/jellysquid/mods/sodium/client/util/collections/FixedLongHashTable (java.lang.ClassNotFoundException: me/jellysquid/mods/sodium/client/util/collections/FixedLongHashTable)
[m[34m[21:20:35][m [32m[main/INFO][m [36m(FabricLoader/MixinExtras|Service)[m [0mInitializing MixinExtras via com.llamalad7.mixinextras.service.MixinExtrasServiceImpl(version=0.4.1).
[m[34m[21:20:39][m [32m[main/INFO][m [36m(FabricLoader/Mixin)[m [0maltoclef.mixins.json:AxeItemAccessor from mod altoclef->@Accessor[FIELD_GETTER]::getEffectiveMaterials()Ljava/util/Set; should be static as its target is
[m[34m[21:20:41][m [32m[main/INFO][m [36m(Minecraft)[m [0mEnvironment: authHost='https://authserver.mojang.com', accountsHost='https://api.mojang.com', sessionHost='https://sessionserver.mojang.com', name='PROD'
[m[34m[21:20:41][m [32m[main/INFO][m [36m(Minecraft)[m [0mSetting user: Player924
[m[34m[21:20:41][m [32m[main/INFO][m [36m(Indigo)[m [0m[Indigo] Registering Indigo renderer!
[m[34m[21:20:41][m [32m[main/INFO][m [36m(Minecraft)[m [0m[STDERR]: [LWJGL] [ThreadLocalUtil] Unsupported JNI version detected, this may result in a crash. Please inform LWJGL developers.
[m[34m[21:20:41][m [32m[main/INFO][m [36m(Minecraft)[m [0mBackend library: LWJGL version 3.3.2-snapshot
[m[34m[21:20:44][m [32m[main/INFO][m [36m(Minecraft)[m [0mNarrator library for x64 successfully loaded
[m[34m[21:20:44][m [32m[main/INFO][m [36m(Minecraft)[m [0m[STDOUT]: TENORCLEF: Global Init
[m[34m[21:20:44][m [32m[main/INFO][m [36m(Minecraft)[m [0m[CHAT] [Baritone] Baritone settings file not found, resetting.
[m[34m[21:20:45][m [32m[main/INFO][m [36m(Minecraft)[m [0mReloading ResourceManager: Default, Fabric Object Builder API (v1), Fabric Biomes (v1), Fabric Tool Attribute API (v1), Fabric Rendering (v1), Fabric Lifecycle Events (v1), Fabric Item API (v1), Fabric Models (v0), Fabric Containers (v0), Fabric Loader, Tungsten, Fabric Renderer Registries (v1), Fabric Loot Tables (v1), Fabric Item Groups (v0), Fabric Key Bindings (v0), Fabric Rendering (v0), Fabric Networking (v0), Fabric Key Binding API (v1), Fabric Networking Block Entity (v0), Fabric Events Interaction (v0), Alto Clef, Fabric Rendering Fluids (v1), Fabric Renderer API (v1), Fabric Mining Levels (v0), Fabric API Base, Fabric Tag Extensions (v0), Fabric API, Fabric Events Lifecycle (v0), Fabric Content Registries (v0), Fabric Object Builders (v0), Fabric Crash Report Info (v1), Fabric Renderer - Indigo, Fabric Game Rule API (v1), Fabric BlockRenderLayer Registration (v1), Fabric Rendering Data Attachment (v1), Fabric Screen Handler API (v1), Fabric Textures (v0), Fabric Registry Sync (v0), Fabric Resource Loader (v0)
[m[34m[21:20:46][m [32m[main/INFO][m [36m(Minecraft)[m [0m[STDOUT]: TENORCLEF: MIXIN OK ClientTickMixin injected into MinecraftClient.tick()
[m[34m[21:20:46][m [32m[main/INFO][m [36m(Minecraft)[m [0m[STDOUT]: TENORCLEF: HARNESS: AUTOWORLD: fresh-world create armed (firing in 3s)
[m[34m[21:20:48][m [32m[main/INFO][m [36m(Minecraft)[m [0m[STDOUT]: TENORCLEF: HARNESS: AUTOWORLD: creating fresh world 'AutoRun_20260924_212048' mode=survival difficulty=easy hardcore=false
[m[34m[21:20:49][m [33m[main/WARN][m [36m(Minecraft)[m [0mAmbiguity between arguments [teleport, destination] and [teleport, targets] with inputs: [Player, 0123, @e, dd12be42-52a9-4a91-a8a1-11c01849e498]
[m[34m[21:20:49][m [33m[main/WARN][m [36m(Minecraft)[m [0mAmbiguity between arguments [teleport, location] and [teleport, destination] with inputs: [0.1 -0.5 .9, 0 0 0]
[m[34m[21:20:49][m [33m[main/WARN][m [36m(Minecraft)[m [0mAmbiguity between arguments [teleport, location] and [teleport, targets] with inputs: [0.1 -0.5 .9, 0 0 0]
[m[34m[21:20:49][m [33m[main/WARN][m [36m(Minecraft)[m [0mAmbiguity between arguments [teleport, targets] and [teleport, destination] with inputs: [Player, 0123, dd12be42-52a9-4a91-a8a1-11c01849e498]
[m[34m[21:20:49][m [33m[main/WARN][m [36m(Minecraft)[m [0mAmbiguity between arguments [teleport, targets, location] and [teleport, targets, destination] with inputs: [0.1 -0.5 .9, 0 0 0]
[m[34m[21:20:49][m [32m[main/INFO][m [36m(Minecraft)[m [0mReloading ResourceManager: Default, Fabric Object Builder API (v1), Fabric Biomes (v1), Fabric Tool Attribute API (v1), Fabric Rendering (v1), Fabric Lifecycle Events (v1), Fabric Item API (v1), Fabric Models (v0), Fabric Containers (v0), Fabric Loader, Tungsten, Fabric Renderer Registries (v1), Fabric Loot Tables (v1), Fabric Item Groups (v0), Fabric Key Bindings (v0), Fabric Rendering (v0), Fabric Networking (v0), Fabric Key Binding API (v1), Fabric Networking Block Entity (v0), Fabric Events Interaction (v0), Alto Clef, Fabric Rendering Fluids (v1), Fabric Renderer API (v1), Fabric Mining Levels (v0), Fabric API Base, Fabric Tag Extensions (v0), Fabric API, Fabric Events Lifecycle (v0), Fabric Content Registries (v0), Fabric Object Builders (v0), Fabric Crash Report Info (v1), Fabric Renderer - Indigo, Fabric Game Rule API (v1), Fabric BlockRenderLayer Registration (v1), Fabric Rendering Data Attachment (v1), Fabric Screen Handler API (v1), Fabric Textures (v0), Fabric Registry Sync (v0), Fabric Resource Loader (v0), Fabric Tool Attribute API (v1)
[m[34m[21:20:52][m [32m[main/INFO][m [36m(Minecraft)[m [0mLoaded 7 recipes
[m[34m[21:20:52][m [32m[main/INFO][m [36m(Minecraft)[m [0mLoaded 927 advancements
[m[34m[21:20:53][m [32m[main/INFO][m [36m(Minecraft)[m [0mEnvironment: authHost='https://authserver.mojang.com', accountsHost='https://api.mojang.com', sessionHost='https://sessionserver.mojang.com', name='PROD'
[m[34m[21:20:54][m [32m[Server thread/INFO][m [36m(Minecraft)[m [0mStarting integrated minecraft server version 1.16.1
[m[34m[21:20:54][m [32m[Server thread/INFO][m [36m(Minecraft)[m [0mGenerating keypair
[m[34m[21:20:58][m [32m[Server thread/INFO][m [36m(Minecraft)[m [0mPreparing start region for dimension minecraft:overworld
[m[34m[21:20:58][m [32m[main/INFO][m [36m(Minecraft)[m [0mPreparing spawn area: 0%
[m[34m[21:20:58][m [32m[main/INFO][m [36m(Minecraft)[m [0mPreparing spawn area: 0%
[m[34m[21:20:59][m [32m[main/INFO][m [36m(Minecraft)[m [0mPreparing spawn area: 2%
[m[34m[21:20:59][m [32m[main/INFO][m [36m(Minecraft)[m [0mPreparing spawn area: 7%
[m[34m[21:21:00][m [32m[main/INFO][m [36m(Minecraft)[m [0mPreparing spawn area: 9%
[m[34m[21:21:00][m [32m[main/INFO][m [36m(Minecraft)[m [0mPreparing spawn area: 10%
[m[34m[21:21:01][m [32m[main/INFO][m [36m(Minecraft)[m [0mPreparing spawn area: 13%
[m[34m[21:21:01][m [32m[main/INFO][m [36m(Minecraft)[m [0mPreparing spawn area: 17%
[m[34m[21:21:02][m [32m[main/INFO][m [36m(Minecraft)[m [0mPreparing spawn area: 17%
[m[34m[21:21:02][m [32m[main/INFO][m [36m(Minecraft)[m [0mPreparing spawn area: 23%
[m[34m[21:21:03][m [32m[main/INFO][m [36m(Minecraft)[m [0mPreparing spawn area: 27%
[m[34m[21:21:03][m [32m[main/INFO][m [36m(Minecraft)[m [0mPreparing spawn area: 32%
[m[34m[21:21:04][m [32m[main/INFO][m [36m(Minecraft)[m [0mPreparing spawn area: 36%
[m[34m[21:21:04][m [32m[main/INFO][m [36m(Minecraft)[m [0mPreparing spawn area: 36%
[m[34m[21:21:05][m [32m[main/INFO][m [36m(Minecraft)[m [0mPreparing spawn area: 43%
[m[34m[21:21:05][m [32m[main/INFO][m [36m(Minecraft)[m [0mPreparing spawn area: 51%
[m[34m[21:21:06][m [32m[main/INFO][m [36m(Minecraft)[m [0mPreparing spawn area: 57%
[m[34m[21:21:06][m [32m[main/INFO][m [36m(Minecraft)[m [0mPreparing spawn area: 64%
[m[34m[21:21:07][m [32m[main/INFO][m [36m(Minecraft)[m [0mPreparing spawn area: 71%
[m[34m[21:21:07][m [32m[main/INFO][m [36m(Minecraft)[m [0mPreparing spawn area: 73%
[m[34m[21:21:08][m [32m[main/INFO][m [36m(Minecraft)[m [0mPreparing spawn area: 85%
[m[34m[21:21:09][m [32m[main/INFO][m [36m(Minecraft)[m [0mPreparing spawn area: 90%
[m[34m[21:21:09][m [32m[main/INFO][m [36m(Minecraft)[m [0mPreparing spawn area: 97%
[m[34m[21:21:09][m [32m[main/INFO][m [36m(Minecraft)[m [0mTime elapsed: 11082 ms
[m[34m[21:21:09][m [32m[Server thread/INFO][m [36m(Minecraft)[m [0mChanging view distance to 11, from 10
[m[34m[21:21:10][m [32m[main/INFO][m [36m(Minecraft)[m [0m[STDOUT]: TENORCLEF: HARNESS: AUTOWORLD: create call returned — waiting for join
[m[34m[21:21:10][m [32m[Server thread/INFO][m [36m(Minecraft)[m [0mPlayer924[local:E:ee03df02] logged in with entity id 163 at (-145.5, 69.0, -74.5)
[m[34m[21:21:10][m [32m[Server thread/INFO][m [36m(Minecraft)[m [0mPlayer924 joined the game
[m[34m[21:21:10][m [32m[main/INFO][m [36m(Minecraft)[m [0mOpenAL initialized.
[m[34m[21:21:10][m [32m[main/INFO][m [36m(Minecraft)[m [0mSound engine started
[m[34m[21:21:10][m [32m[main/INFO][m [36m(Minecraft)[m [0mCreated: 1024x1024x4 minecraft:textures/atlas/blocks.png-atlas
[m[34m[21:21:11][m [32m[main/INFO][m [36m(Minecraft)[m [0mCreated: 256x128x4 minecraft:textures/atlas/signs.png-atlas
[m[34m[21:21:11][m [32m[main/INFO][m [36m(Minecraft)[m [0mCreated: 1024x512x4 minecraft:textures/atlas/banner_patterns.png-atlas
[m[34m[21:21:11][m [32m[main/INFO][m [36m(Minecraft)[m [0mCreated: 1024x512x4 minecraft:textures/atlas/shield_patterns.png-atlas
[m[34m[21:21:11][m [32m[main/INFO][m [36m(Minecraft)[m [0mCreated: 256x256x4 minecraft:textures/atlas/chest.png-atlas
[m[34m[21:21:11][m [32m[main/INFO][m [36m(Minecraft)[m [0mCreated: 512x256x4 minecraft:textures/atlas/beds.png-atlas
[m[34m[21:21:11][m [32m[main/INFO][m [36m(Minecraft)[m [0mCreated: 512x256x4 minecraft:textures/atlas/shulker_boxes.png-atlas
[m[34m[21:21:11][m [32m[main/INFO][m [36m(Minecraft)[m [0mCreated: 256x256x0 minecraft:textures/atlas/particles.png-atlas
[m[34m[21:21:11][m [32m[main/INFO][m [36m(Minecraft)[m [0mCreated: 256x256x0 minecraft:textures/atlas/paintings.png-atlas
[m[34m[21:21:11][m [32m[main/INFO][m [36m(Minecraft)[m [0mCreated: 256x128x0 minecraft:textures/atlas/mob_effects.png-atlas
[m[34m[21:21:12][m [32m[main/INFO][m [36m(Minecraft)[m [0m[STDOUT]: Baritone world data dir: C:\Users\redfa\Documents\MinecraftDev\altoclef\versions\1.16.1\run\saves\AutoRun_20260924_212048\.\baritone
[m[34m[21:21:12][m [32m[main/INFO][m [36m(Minecraft)[m [0m[STDOUT]: Cached world directory: C:\Users\redfa\Documents\MinecraftDev\altoclef\versions\1.16.1\run\saves\AutoRun_20260924_212048\.\baritone\cache
[m[34m[21:21:12][m [32m[main/INFO][m [36m(Minecraft)[m [0m[STDOUT]: Would save waypoints to C:\Users\redfa\Documents\MinecraftDev\altoclef\versions\1.16.1\run\saves\AutoRun_20260924_212048\.\baritone\waypoints
[m[34m[21:21:12][m [32m[Server thread/INFO][m [36m(Minecraft)[m [0mSaving and pausing game...
[m[34m[21:21:12][m [32m[Server thread/INFO][m [36m(Minecraft)[m [0mSaving chunks for level 'ServerLevel[AutoRun_20260924_212048]'/minecraft:overworld
[m[34m[21:21:12][m [32m[main/INFO][m [36m(Minecraft)[m [0mLoaded 0 advancements
[m[34m[21:21:12][m [32m[main/INFO][m [36m(Minecraft)[m [0m[STDOUT]: TENORCLEF: HARNESS: AUTORUN: armed 'testrun2' (firing in 5s)
[m[34m[21:21:13][m [32m[Server thread/INFO][m [36m(Minecraft)[m [0mSaving chunks for level 'ServerLevel[AutoRun_20260924_212048]'/minecraft:the_nether
[m[34m[21:21:13][m [32m[Server thread/INFO][m [36m(Minecraft)[m [0mSaving chunks for level 'ServerLevel[AutoRun_20260924_212048]'/minecraft:the_end
[m[34m[21:21:16][m [32m[main/INFO][m [36m(Minecraft)[m [0m[STDOUT]: TENORCLEF: HARNESS: AUTORUN: executing 'testrun2'
[m[34m[21:21:16][m [32m[main/INFO][m [36m(Minecraft)[m [0m[CHAT] §2§l§o[TenorClef] §rAUTORUN: executing 'testrun2'
[m[34m[21:21:17][m [32m[main/INFO][m [36m(Minecraft)[m [0m[CHAT] §2§l§o[TenorClef] §rTESRUN2 start — @stop to cancel
[m[34m[21:21:17][m [32m[main/INFO][m [36m(Minecraft)[m [0m[CHAT] §2§l§o[TenorClef] §rUser Task Set: <testrun2/BOOTSTRAP> 
[m[34m[21:21:17][m [32m[main/INFO][m [36m(Minecraft)[m [0m[CHAT] §2§l§o[TenorClef] §rTESRUN2 clock 0:00.0
[m[34m[21:21:17][m [32m[main/INFO][m [36m(Minecraft)[m [0m[CHAT] §2§l§o[TenorClef] §rTungstenBridge: kaptainwutax.tungsten bound
[m[34m[21:21:17][m [32m[main/INFO][m [36m(Minecraft)[m [0m[CHAT] §2§l§o[TenorClef] §rTESRUN2 start Tungsten backend: AVAILABLE (kaptainwutax.tungsten bound; mover=BARITONE) eyes=12 rods=6 skipDiamond=true
[m[34m[21:21:17][m [32m[main/INFO][m [36m(Minecraft)[m [0m[CHAT] §2§l§o[TenorClef] §rT2 [HIST] 0:00.0 PHASE  -> BOOTSTRAP
[m[34m[21:21:17][m [32m[main/INFO][m [36m(Minecraft)[m [0m[CHAT] §2§l§o[TenorClef] §rT2 [HIST] 0:00.0 DIM  -> OVERWORLD at -146,69,-75
[m[34m[21:21:17][m [32m[main/INFO][m [36m(Minecraft)[m [0m[CHAT] §2§l§o[TenorClef] §rT2 [HIST] 0:00.0 CHILD  -> - ph=BOOTSTRAP @-146,69,-75 sky=15 wet=false ground=true pick=0 buck=0 iron=0 ore=0 rods=0 pearls=0 eyes=0
[m[34m[21:21:17][m [32m[main/INFO][m [36m(Minecraft)[m [0m[CHAT] §2§l§o[TenorClef] §rT2 [HIST] 0:00.0 WHY E95: trees~=0, walk until a log exists
[m[34m[21:21:17][m [32m[main/INFO][m [36m(Minecraft)[m [0m[CHAT] §2§l§o[TenorClef] §rT2 [HIST] 0:00.0 CHILD - -> TimeoutWanderTask ph=BOOTSTRAP @-146,69,-75 sky=15 wet=false ground=true pick=0 buck=0 iron=0 ore=0 rods=0 pearls=0 eyes=0
[m[34m[21:21:17][m [32m[main/INFO][m [36m(Minecraft)[m [0m[STDOUT]: ALTO CLEF: WARNING: T2 [S176] one client tick took 31080ms (limit 8000ms) — BOOTSTRAP @-146,69,-75 child=TimeoutWanderTask
[m[34m[21:21:17][m [32m[main/INFO][m [36m(Minecraft)[m [0m[CHAT] §2§l§o[TenorClef] §cT2 [S176] one client tick took 31080ms (limit 8000ms) — BOOTSTRAP @-146,69,-75 child=TimeoutWanderTask§r
[m[34m[21:21:17][m [32m[main/INFO][m [36m(Minecraft)[m [0m[CHAT] §2§l§o[TenorClef] §rT2 [HIST] 0:00.0 FORCE S176 one client tick took 31080ms (limit 8000ms) — BOOTSTRAP @-146,69,-75 child=TimeoutWanderTask
[m[34m[21:21:17][m [32m[main/INFO][m [36m(Minecraft)[m [0m[STDOUT]: TENORCLEF: HARNESS: DEADMAN: watchdog started (warn 30s, fatal 120s, worst-tick limit 8s)
[m[34m[21:21:17][m [32m[pool-5-thread-3/INFO][m [36m(Minecraft)[m [0m[STDOUT]: 260480 movements considered
[m[34m[21:21:17][m [32m[pool-5-thread-3/INFO][m [36m(Minecraft)[m [0m[STDOUT]: Open set size: 14805
[m[34m[21:21:17][m [32m[pool-5-thread-3/INFO][m [36m(Minecraft)[m [0m[STDOUT]: PathNode map size: 26641
[m[34m[21:21:17][m [32m[pool-5-thread-3/INFO][m [36m(Minecraft)[m [0m[STDOUT]: 23680 nodes per second
[m[34m[21:21:17][m [32m[pool-5-thread-3/INFO][m [36m(Minecraft)[m [0m[STDOUT]: Path goes for 63.198101237299845 blocks
[m[34m[21:21:17][m [32m[main/INFO][m [36m(Minecraft)[m [0m[CHAT] §2§l§o[TenorClef] §rT2 [HIST] 0:00.8 WHY wood: mine 1.16 logs only (no air)
[m[34m[21:21:17][m [32m[main/INFO][m [36m(Minecraft)[m [0m[CHAT] §2§l§o[TenorClef] §rT2 [HIST] 0:00.8 CHILD TimeoutWanderTask -> MineAndCollectTask ph=BOOTSTRAP @-145,69,-75 sky=15 wet=false ground=true pick=0 buck=0 iron=0 ore=0 rods=0 pearls=0 eyes=0
[m[34m[21:21:17][m [32m[main/INFO][m [36m(Minecraft)[m [0m[CHAT] §2§l§o[TenorClef] §rT2 [NOW] t=0:00.9 ph=BOOTSTRAP @-145,69,-75 do=<Mine And Collect: [[oak_log,birch_log,spruce_log,jungle_log,acacia_log,dark_oak_log] x 2]>  eq=air woodpick=0 stonepick=0 pick=0 iron=0 buck=0
[m[34m[21:21:18][m [32m[main/INFO][m [36m(Minecraft)[m [0m[CHAT] §2§l§o[TenorClef] §rT2 [NOW] t=0:01.9 ph=BOOTSTRAP @-147,67,-74 do=<Mine And Collect: [[oak_log,birch_log,spruce_log,jungle_log,acacia_log,dark_oak_log] x 2]>  eq=air woodpick=0 stonepick=0 pick=0 iron=0 buck=0
[m[34m[21:21:19][m [32m[main/INFO][m [36m(Minecraft)[m [0m[CHAT] §2§l§o[TenorClef] §rT2 [HIST] 0:02.3 SNAP ph=BOOTSTRAP @-147,67,-73 sky=15 wet=false ground=true pick=0 buck=0 iron=0 ore=0 rods=0 pearls=0 eyes=0 child=MineAndCollectTask dbg=<Mine And Collect: [[oak_log,birch_log,spruce_log,jungle_log,acacia_log,dark_oak_log] x 2]>  mobs=none
[m[34m[21:21:19][m [32m[main/INFO][m [36m(Minecraft)[m [0m[CHAT] §2§l§o[TenorClef] §rT2 [NOW] t=0:02.8 ph=BOOTSTRAP @-147,64,-73 do=<Mine And Collect: [[oak_log,birch_log,spruce_log,jungle_log,acacia_log,dark_oak_log] x 2]>  eq=air woodpick=0 stonepick=0 pick=0 iron=0 buck=0
[m[34m[21:21:20][m [32m[main/INFO][m [36m(Minecraft)[m [0m[CHAT] §2§l§o[TenorClef] §rT2 [NOW] t=0:03.8 ph=BOOTSTRAP @-150,63,-72 do=<Mine And Collect: [[oak_log,birch_log,spruce_log,jungle_log,acacia_log,dark_oak_log] x 2]>  eq=air woodpick=0 stonepick=0 pick=0 iron=0 buck=0
[m[34m[21:21:21][m [32m[main/INFO][m [36m(Minecraft)[m [0m[CHAT] §2§l§o[TenorClef] §rT2 [NOW] t=0:04.8 ph=BOOTSTRAP @-155,63,-70 do=<Mine And Collect: [[oak_log,birch_log,spruce_log,jungle_log,acacia_log,dark_oak_log] x 2]>  eq=air woodpick=0 stonepick=0 pick=0 iron=0 buck=0
[m[34m[21:21:21][m [32m[main/INFO][m [36m(Minecraft)[m [0m[CHAT] §2§l§o[TenorClef] §rT2 [HIST] 0:04.8 SNAP ph=BOOTSTRAP @-155,63,-70 sky=15 wet=false ground=true pick=0 buck=0 iron=0 ore=0 rods=0 pearls=0 eyes=0 child=MineAndCollectTask dbg=<Mine And Collect: [[oak_log,birch_log,spruce_log,jungle_log,acacia_log,dark_oak_log] x 2]>  mobs=none
[m[34m[21:21:22][m [32m[main/INFO][m [36m(Minecraft)[m [0m[CHAT] §2§l§o[TenorClef] §rT2 [NOW] t=0:05.8 ph=BOOTSTRAP @-155,63,-70 do=<Mine And Collect: [[oak_log,birch_log,spruce_log,jungle_log,acacia_log,dark_oak_log] x 2]>  eq=air woodpick=0 stonepick=0 pick=0 iron=0 buck=0
[m[34m[21:21:23][m [32m[main/INFO][m [36m(Minecraft)[m [0m[CHAT] §2§l§o[TenorClef] §rT2 [NOW] t=0:06.8 ph=BOOTSTRAP @-155,63,-70 do=<Mine And Collect: [[oak_log,birch_log,spruce_log,jungle_log,acacia_log,dark_oak_log] x 2]>  eq=air woodpick=0 stonepick=0 pick=0 iron=0 buck=0
[m[34m[21:21:24][m [32m[main/INFO][m [36m(Minecraft)[m [0m[CHAT] §2§l§o[TenorClef] §rT2 [HIST] 0:07.3 SNAP ph=BOOTSTRAP @-155,63,-70 sky=15 wet=false ground=true pick=0 buck=0 iron=0 ore=0 rods=0 pearls=0 eyes=0 child=MineAndCollectTask dbg=<Mine And Collect: [[oak_log,birch_log,spruce_log,jungle_log,acacia_log,dark_oak_log] x 2]>  mobs=none
[m[34m[21:21:24][m [32m[main/INFO][m [36m(Minecraft)[m [0m[CHAT] §2§l§o[TenorClef] §rT2 [NOW] t=0:07.8 ph=BOOTSTRAP @-155,63,-70 do=<Mine And Collect: [[oak_log,birch_log,spruce_log,jungle_log,acacia_log,dark_oak_log] x 2]>  eq=air woodpick=0 stonepick=0 pick=0 iron=0 buck=0
[m[34m[21:21:25][m [32m[main/INFO][m [36m(Minecraft)[m [0m[CHAT] §2§l§o[TenorClef] §rT2 [NOW] t=0:08.8 ph=BOOTSTRAP @-155,63,-70 do=<Mine And Collect: [[oak_log,birch_log,spruce_log,jungle_log,acacia_log,dark_oak_log] x 2]>  eq=air woodpick=0 stonepick=0 pick=0 iron=0 buck=0
[m[34m[21:21:26][m [32m[main/INFO][m [36m(Minecraft)[m [0m[CHAT] §2§l§o[TenorClef] §rT2 [NOW] t=0:09.8 ph=BOOTSTRAP @-155,63,-70 do=<Mine And Collect: [[oak_log,birch_log,spruce_log,jungle_log,acacia_log,dark_oak_log] x 2]>  eq=air woodpick=0 stonepick=0 pick=0 iron=0 buck=0
[m[34m[21:21:26][m [32m[main/INFO][m [36m(Minecraft)[m [0m[CHAT] §2§l§o[TenorClef] §rT2 [HIST] 0:09.8 SNAP ph=BOOTSTRAP @-155,63,-70 sky=15 wet=false ground=true pick=0 buck=0 iron=0 ore=0 rods=0 pearls=0 eyes=0 child=MineAndCollectTask dbg=<Mine And Collect: [[oak_log,birch_log,spruce_log,jungle_log,acacia_log,dark_oak_log] x 2]>  mobs=none
[m[34m[21:21:27][m [32m[main/INFO][m [36m(Minecraft)[m [0m[CHAT] §2§l§o[TenorClef] §rT2 [NOW] t=0:10.8 ph=BOOTSTRAP @-155,63,-70 do=<Mine And Collect: [[oak_log,birch_log,spruce_log,jungle_log,acacia_log,dark_oak_log] x 2]>  eq=air woodpick=0 stonepick=0 pick=0 iron=0 buck=0
[m[34m[21:21:28][m [32m[main/INFO][m [36m(Minecraft)[m [0m[CHAT] §2§l§o[TenorClef] §rT2 [NOW] t=0:11.8 ph=BOOTSTRAP @-156,63,-69 do=<Mine And Collect: [[oak_log,birch_log,spruce_log,jungle_log,acacia_log,dark_oak_log] x 2]>  eq=air woodpick=0 stonepick=0 pick=0 iron=0 buck=0
[m[34m[21:21:29][m [32m[main/INFO][m [36m(Minecraft)[m [0mLoaded 4 advancements
[m[34m[21:21:29][m [32m[main/INFO][m [36m(Minecraft)[m [0m[CHAT] §2§l§o[TenorClef] §rT2 [HIST] 0:12.2 CHILD MineAndCollectTask -> CraftInInventoryTask ph=BOOTSTRAP @-157,63,-68 sky=14 wet=false ground=true pick=0 buck=0 iron=0 ore=0 rods=0 pearls=0 eyes=0
[m[34m[21:21:29][m [32m[main/INFO][m [36m(Minecraft)[m [0m[CHAT] §2§l§o[TenorClef] §rT2 [HIST] 0:12.3 SNAP ph=BOOTSTRAP @-157,63,-68 sky=14 wet=false ground=true pick=0 buck=0 iron=0 ore=0 rods=0 pearls=0 eyes=0 child=CraftInInventoryTask dbg=<Craft 2x2 Task Recipe{crafting_table}: [[crafting_table]]> Collecting materials mobs=none
[m[34m[21:21:29][m [32m[main/INFO][m [36m(Minecraft)[m [0mLoaded 16 advancements
[m[34m[21:21:29][m [32m[main/INFO][m [36m(Minecraft)[m [0m[CHAT] §2§l§o[TenorClef] §rT2 [NOW] t=0:12.8 ph=BOOTSTRAP @-157,63,-68 do=<Craft 2x2 Task Recipe{crafting_table}: [[crafting_table]]> Crafting in inventory... for [crafting_table] eq=air woodpick=0 stonepick=0 pick=0 iron=0 buck=0
[m[34m[21:21:30][m [32m[main/INFO][m [36m(Minecraft)[m [0mLoaded 19 advancements
[m[34m[21:21:30][m [32m[main/INFO][m [36m(Minecraft)[m [0m[CHAT] §2§l§o[TenorClef] §rT2 [HIST] 0:13.0 WHY bootstrap: table exists — wooden pick, not more logs
[m[34m[21:21:30][m [32m[main/INFO][m [36m(Minecraft)[m [0m[CHAT] §2§l§o[TenorClef] §rT2 [HIST] 0:13.0 CHILD CraftInInventoryTask -> CraftInTableTask ph=BOOTSTRAP @-157,63,-68 sky=14 wet=false ground=true pick=0 buck=0 iron=0 ore=0 rods=0 pearls=0 eyes=0
[m[34m[21:21:30][m [32m[main/INFO][m [36m(Minecraft)[m [0m[CHAT] §2§l§o[TenorClef] §rT2 [NOW] t=0:13.8 ph=BOOTSTRAP @-157,63,-68 do=<Doing stuff in crafting_table container: [[wooden_pickaxe]]>  eq=air woodpick=0 stonepick=0 pick=0 iron=0 buck=0
[m[34m[21:21:31][m [32m[main/INFO][m [36m(Minecraft)[m [0m[CHAT] §2§l§o[TenorClef] §rT2 [NOW] t=0:14.8 ph=BOOTSTRAP @-157,63,-68 do=<Doing stuff in crafting_table container: [[wooden_pickaxe]]>  eq=air woodpick=0 stonepick=0 pick=0 iron=0 buck=0
[m[34m[21:21:31][m [32m[main/INFO][m [36m(Minecraft)[m [0m[CHAT] §2§l§o[TenorClef] §rT2 [HIST] 0:14.8 SNAP ph=BOOTSTRAP @-157,63,-68 sky=14 wet=false ground=true pick=0 buck=0 iron=0 ore=0 rods=0 pearls=0 eyes=0 child=CraftInTableTask dbg=<Doing stuff in crafting_table container: [[wooden_pickaxe]]>  mobs=none
[m[34m[21:21:32][m [32m[main/INFO][m [36m(Minecraft)[m [0m[CHAT] §2§l§o[TenorClef] §rT2 [NOW] t=0:15.8 ph=BOOTSTRAP @-157,63,-68 do=<Doing stuff in crafting_table container: [[wooden_pickaxe]]>  eq=air woodpick=0 stonepick=0 pick=0 iron=0 buck=0
[m[34m[21:21:33][m [32m[main/INFO][m [36m(Minecraft)[m [0m[CHAT] §2§l§o[TenorClef] §rT2 [NOW] t=0:16.8 ph=BOOTSTRAP @-158,63,-67 do=<Doing stuff in crafting_table container: [[wooden_pickaxe]]>  eq=air woodpick=0 stonepick=0 pick=0 iron=0 buck=0
[m[34m[21:21:34][m [32m[main/INFO][m [36m(Minecraft)[m [0m[CHAT] §2§l§o[TenorClef] §rT2 [HIST] 0:17.3 SNAP ph=BOOTSTRAP @-158,63,-67 sky=13 wet=false ground=true pick=0 buck=0 iron=0 ore=0 rods=0 pearls=0 eyes=0 child=CraftInTableTask dbg=<Doing stuff in crafting_table container: [[wooden_pickaxe]]>  mobs=none
[m[34m[21:21:34][m [32m[main/INFO][m [36m(Minecraft)[m [0m[CHAT] §2§l§o[TenorClef] §rT2 [NOW] t=0:17.8 ph=BOOTSTRAP @-158,63,-67 do=<Doing stuff in crafting_table container: [[wooden_pickaxe]]>  eq=wheat_seeds woodpick=0 stonepick=0 pick=0 iron=0 buck=0
[m[34m[21:21:35][m [32m[main/INFO][m [36m(Minecraft)[m [0mLoaded 28 advancements
[m[34m[21:21:35][m [32m[main/INFO][m [36m(Minecraft)[m [0m[CHAT] §2§l§o[TenorClef] §rT2 [NOW] t=0:18.8 ph=BOOTSTRAP @-158,63,-67 do=<Doing stuff in crafting_table container: [[wooden_pickaxe]]>  eq=wheat_seeds woodpick=0 stonepick=0 pick=0 iron=0 buck=0
[m[34m[21:21:36][m [32m[main/INFO][m [36m(Minecraft)[m [0m[CHAT] §2§l§o[TenorClef] §rT2 [NOW] t=0:19.8 ph=BOOTSTRAP @-158,63,-67 do=<Doing stuff in crafting_table container: [[wooden_pickaxe]]>  eq=wheat_seeds woodpick=0 stonepick=0 pick=0 iron=0 buck=0
[m[34m[21:21:36][m [32m[main/INFO][m [36m(Minecraft)[m [0m[CHAT] §2§l§o[TenorClef] §rTESRUN2 spawn biome=PlainsBiome trees~=0 villageHint=false rpHint=true surfaceLava=0 vDist=unseen rpDist=123  playable
[m[34m[21:21:36][m [32m[main/INFO][m [36m(Minecraft)[m [0m[STDOUT]: ALTO CLEF: WARNING: T2 [S159] spawn ACCEPTED biome=PlainsBiome village=false rp=true vDist=unseen rpDist=123 @-158,63,-67 probes=0 t=0:19.9
[m[34m[21:21:36][m [32m[main/INFO][m [36m(Minecraft)[m [0m[CHAT] §2§l§o[TenorClef] §cT2 [S159] spawn ACCEPTED biome=PlainsBiome village=false rp=true vDist=unseen rpDist=123 @-158,63,-67 probes=0 t=0:19.9§r
[m[34m[21:21:36][m [32m[main/INFO][m [36m(Minecraft)[m [0m[CHAT] §2§l§o[TenorClef] §rT2 [HIST] 0:19.9 FORCE S159 spawn ACCEPTED biome=PlainsBiome village=false rp=true vDist=unseen rpDist=123 @-158,63,-67 probes=0 t=0:19.9
[m[34m[21:21:36][m [32m[main/INFO][m [36m(Minecraft)[m [0m[CHAT] §2§l§o[TenorClef] §rT2 [HIST] 0:19.9 WHY bootstrap: table exists — wooden pick, not more logs
[m[34m[21:21:36][m [32m[main/INFO][m [36m(Minecraft)[m [0m[CHAT] §2§l§o[TenorClef] §rT2 [HIST] 0:19.9 SNAP ph=BOOTSTRAP @-158,63,-67 sky=13 wet=false ground=true pick=0 buck=0 iron=0 ore=0 rods=0 pearls=0 eyes=0 child=CraftInTableTask dbg=<Doing stuff in crafting_table container: [[wooden_pickaxe]]>  mobs=none
[m[34m[21:21:37][m [32m[main/INFO][m [36m(Minecraft)[m [0m[STDOUT]: ALTO CLEF: WARNING: T2 [S120] craft-gui jump @-158,63,-67 age=0s child=CraftInTableTask
[m[34m[21:21:37][m [32m[main/INFO][m [36m(Minecraft)[m [0m[CHAT] §2§l§o[TenorClef] §cT2 [S120] craft-gui jump @-158,63,-67 age=0s child=CraftInTableTask§r
[m[34m[21:21:37][m [32m[main/INFO][m [36m(Minecraft)[m [0m[CHAT] §2§l§o[TenorClef] §rT2 [HIST] 0:20.6 SOLVE S120 craft-gui jump @-158,63,-67 age=0s child=CraftInTableTask
[m[34m[21:21:37][m [32m[main/INFO][m [36m(Minecraft)[m [0m[CHAT] §2§l§o[TenorClef] §rT2 [I01] BOOTSTRAP -> IRON t=0:20.6
[m[34m[21:21:37][m [32m[main/INFO][m [36m(Minecraft)[m [0m[CHAT] §2§l§o[TenorClef] §rTESRUN2 split IRON  0:20.6
[m[34m[21:21:37][m [32m[main/INFO][m [36m(Minecraft)[m [0m[STDOUT]: ALTO CLEF: WARNING: T2 [S146] iron target locked want=8 at ingot=0 ore=0 metal=0
[m[34m[21:21:37][m [32m[main/INFO][m [36m(Minecraft)[m [0m[CHAT] §2§l§o[TenorClef] §cT2 [S146] iron target locked want=8 at ingot=0 ore=0 metal=0§r
[m[34m[21:21:37][m [32m[main/INFO][m [36m(Minecraft)[m [0m[CHAT] §2§l§o[TenorClef] §rT2 [HIST] 0:20.6 FORCE S146 iron target locked want=8 at ingot=0 ore=0 metal=0
[m[34m[21:21:37][m [32m[main/INFO][m [36m(Minecraft)[m [0m[CHAT] §2§l§o[TenorClef] §rT2 [HIST] 0:20.6 WHY iron: smelt 8 in one furnace
[m[34m[21:21:37][m [32m[main/INFO][m [36m(Minecraft)[m [0m[CHAT] §2§l§o[TenorClef] §rT2 [HIST] 0:20.6 PHASE BOOTSTRAP -> IRON
[m[34m[21:21:37][m [32m[main/INFO][m [36m(Minecraft)[m [0m[CHAT] §2§l§o[TenorClef] §rT2 [HIST] 0:20.6 CHILD CraftInTableTask -> CollectIronIngotTask ph=IRON @-158,63,-67 sky=13 wet=false ground=true pick=0 buck=0 iron=0 ore=0 rods=0 pearls=0 eyes=0
[m[34m[21:21:37][m [32m[main/INFO][m [36m(Minecraft)[m [0m[STDOUT]: ALTO CLEF: WARNING: T2 [E109] mine/collect with no pick child=CollectIronIngotTask
[m[34m[21:21:37][m [32m[main/INFO][m [36m(Minecraft)[m [0m[CHAT] §2§l§o[TenorClef] §cT2 [E109] mine/collect with no pick child=CollectIronIngotTask§r
[m[34m[21:21:37][m [32m[main/INFO][m [36m(Minecraft)[m [0m[CHAT] §2§l§o[TenorClef] §rT2 [HIST] 0:20.8 [E109] mine/collect with no pick child=CollectIronIngotTask
[m[34m[21:21:37][m [32m[main/INFO][m [36m(Minecraft)[m [0m[CHAT] §2§l§o[TenorClef] §rT2 [NOW] t=0:20.8 ph=IRON @-158,63,-67 do=<Collecting 8 iron.: [[iron_ingot] x 8]>  eq=oak_planks woodpick=0 stonepick=0 pick=0 iron=0 buck=0
[m[34m[21:21:38][m [32m[main/INFO][m [36m(Minecraft)[m [0m[CHAT] §2§l§o[TenorClef] §rTESRUN2 split BOOTSTRAP  0:21.6
[m[34m[21:21:38][m [32m[main/INFO][m [36m(Minecraft)[m [0m[CHAT] §2§l§o[TenorClef] §rT2 [HIST] 0:21.6 PHASE IRON -> BOOTSTRAP
[m[34m[21:21:38][m [32m[main/INFO][m [36m(Minecraft)[m [0m[CHAT] §2§l§o[TenorClef] §rT2 [HIST] 0:21.6 CHILD CollectIronIngotTask -> CraftInTableTask ph=BOOTSTRAP @-157,63,-68 sky=14 wet=false ground=true pick=0 buck=0 iron=0 ore=0 rods=0 pearls=0 eyes=0
[m[34m[21:21:38][m [32m[main/INFO][m [36m(Minecraft)[m [0m[STDOUT]: ALTO CLEF: WARNING: T2 [E112] ph IRON->BOOTSTRAP in 978ms
[m[34m[21:21:38][m [32m[main/INFO][m [36m(Minecraft)[m [0m[CHAT] §2§l§o[TenorClef] §cT2 [E112] ph IRON->BOOTSTRAP in 978ms§r
[m[34m[21:21:38][m [32m[main/INFO][m [36m(Minecraft)[m [0m[CHAT] §2§l§o[TenorClef] §rT2 [HIST] 0:21.6 [E112] ph IRON->BOOTSTRAP in 978ms
[m[34m[21:21:38][m [32m[main/INFO][m [36m(Minecraft)[m [0m[CHAT] §2§l§o[TenorClef] §rT2 [NOW] t=0:21.8 ph=BOOTSTRAP @-157,63,-68 do=<Doing stuff in crafting_table container: [[wooden_pickaxe]]> Picking up eq=oak_planks woodpick=0 stonepick=0 pick=0 iron=0 buck=0
[m[34m[21:21:39][m [32m[main/INFO][m [36m(Minecraft)[m [0m[CHAT] §2§l§o[TenorClef] §rT2 [HIST] 0:22.3 SNAP ph=BOOTSTRAP @-157,63,-68 sky=14 wet=false ground=true pick=0 buck=0 iron=0 ore=0 rods=0 pearls=0 eyes=0 child=CraftInTableTask dbg=<Doing stuff in crafting_table container: [[wooden_pickaxe]]> Picking up mobs=none
[m[34m[21:21:39][m [32m[main/INFO][m [36m(Minecraft)[m [0m[CHAT] §2§l§o[TenorClef] §rT2 [NOW] t=0:22.8 ph=BOOTSTRAP @-157,63,-68 do=<Doing stuff in crafting_table container: [[wooden_pickaxe]]> Picking up eq=oak_planks woodpick=1 stonepick=0 pick=0 iron=0 buck=0
[m[34m[21:21:39][m [32m[main/INFO][m [36m(Minecraft)[m [0m[CHAT] §2§l§o[TenorClef] §rTESRUN2 split IRON  0:22.8
[m[34m[21:21:39][m [32m[main/INFO][m [36m(Minecraft)[m [0m[STDOUT]: ALTO CLEF: WARNING: T2 [S146] iron target locked want=8 at ingot=0 ore=0 metal=0
[m[34m[21:21:39][m [32m[main/INFO][m [36m(Minecraft)[m [0m[CHAT] §2§l§o[TenorClef] §cT2 [S146] iron target locked want=8 at ingot=0 ore=0 metal=0§r
[m[34m[21:21:39][m [32m[main/INFO][m [36m(Minecraft)[m [0m[CHAT] §2§l§o[TenorClef] §rT2 [HIST] 0:22.8 PHASE BOOTSTRAP -> IRON
[m[34m[21:21:39][m [32m[main/INFO][m [36m(Minecraft)[m [0m[CHAT] §2§l§o[TenorClef] §rT2 [HIST] 0:22.8 CHILD CraftInTableTask -> CollectIronIngotTask ph=IRON @-157,63,-68 sky=14 wet=false ground=true pick=0 buck=0 iron=0 ore=0 rods=0 pearls=0 eyes=0
[m[34m[21:21:39][m [32m[main/INFO][m [36m(Minecraft)[m [0m[CHAT] §2§l§o[TenorClef] §rT2 [HIST] 0:22.9 [E112] ph BOOTSTRAP->IRON in 1242ms
[m[34m[21:21:40][m [32m[main/INFO][m [36m(Minecraft)[m [0m[CHAT] §2§l§o[TenorClef] §rT2 [NOW] t=0:23.8 ph=IRON @-158,63,-69 do=<Collecting 8 iron.: [[iron_ingot] x 8]>  eq=wheat_seeds woodpick=1 stonepick=0 pick=0 iron=0 buck=0
[m[34m[21:21:41][m [32m[main/INFO][m [36m(Minecraft)[m [0m[CHAT] §2§l§o[TenorClef] §rT2 [HIST] 0:24.6 WHY iron: smelt 8 in one furnace
[m[34m[21:21:41][m [32m[main/INFO][m [36m(Minecraft)[m [0m[CHAT] §2§l§o[TenorClef] §rT2 [NOW] t=0:24.8 ph=IRON @-158,62,-69 do=<Collecting 8 iron.: [[iron_ingot] x 8]>  eq=wheat_seeds woodpick=1 stonepick=0 pick=0 iron=0 buck=0
[m[34m[21:21:41][m [32m[main/INFO][m [36m(Minecraft)[m [0m[CHAT] §2§l§o[TenorClef] §rT2 [HIST] 0:24.8 SNAP ph=IRON @-158,62,-69 sky=13 wet=false ground=true pick=0 buck=0 iron=0 ore=0 rods=0 pearls=0 eyes=0 child=CollectIronIngotTask dbg=<Collecting 8 iron.: [[iron_ingot] x 8]>  mobs=none
[m[34m[21:21:42][m [32m[pool-5-thread-2/INFO][m [36m(Minecraft)[m [0m[STDOUT]: Saving region -1,0 to disk C:\Users\redfa\Documents\MinecraftDev\altoclef\versions\1.16.1\run\saves\AutoRun_20260924_212048\.\baritone\cache
[m[34m[21:21:42][m [32m[ForkJoinPool.commonPool-worker-1/INFO][m [36m(Minecraft)[m [0m[STDOUT]: Saving region 0,-1 to disk C:\Users\redfa\Documents\MinecraftDev\altoclef\versions\1.16.1\run\saves\AutoRun_20260924_212048\.\baritone\cache
[m[34m[21:21:42][m [32m[ForkJoinPool.commonPool-worker-2/INFO][m [36m(Minecraft)[m [0m[STDOUT]: Saving region 0,0 to disk C:\Users\redfa\Documents\MinecraftDev\altoclef\versions\1.16.1\run\saves\AutoRun_20260924_212048\.\baritone\cache
[m[34m[21:21:42][m [32m[ForkJoinPool.commonPool-worker-3/INFO][m [36m(Minecraft)[m [0m[STDOUT]: Saving region -1,-1 to disk C:\Users\redfa\Documents\MinecraftDev\altoclef\versions\1.16.1\run\saves\AutoRun_20260924_212048\.\baritone\cache
[m[34m[21:21:42][m [32m[ForkJoinPool.commonPool-worker-2/INFO][m [36m(Minecraft)[m [0m[STDOUT]: Saved region successfully
[m[34m[21:21:42][m [32m[ForkJoinPool.commonPool-worker-1/INFO][m [36m(Minecraft)[m [0m[STDOUT]: Saved region successfully
[m[34m[21:21:42][m [32m[pool-5-thread-2/INFO][m [36m(Minecraft)[m [0m[STDOUT]: Saved region successfully
[m[34m[21:21:42][m [32m[ForkJoinPool.commonPool-worker-3/INFO][m [36m(Minecraft)[m [0m[STDOUT]: Saved region successfully
[m[34m[21:21:42][m [32m[pool-5-thread-2/INFO][m [36m(Minecraft)[m [0m[STDOUT]: World save took 117ms
[m[34m[21:21:42][m [32m[main/INFO][m [36m(Minecraft)[m [0m[STDOUT]: ALTO CLEF: WARNING: T2 [S130] START trigger=flips=3 ph=IRON prev=CollectIronIngotTask cycle=1 pos=-158,61,-69 walls=4/4/4 sky=12 place=4 boxed=true hold=false cool=0 ban=0 startY=61 step=0
[m[34m[21:21:42][m [32m[main/INFO][m [36m(Minecraft)[m [0m[CHAT] §2§l§o[TenorClef] §cT2 [S130] START trigger=flips=3 ph=IRON prev=CollectIronIngotTask cycle=1 pos=-158,61,-69 walls=4/4/4 sky=12 place=4 boxed=true hold=false cool=0 ban=0 startY=61 step=0§r
[m[34m[21:21:42][m [32m[main/INFO][m [36m(Minecraft)[m [0m[CHAT] §2§l§o[TenorClef] §rT2 [HIST] 0:25.4 FORCE S130 START trigger=flips=3 ph=IRON prev=CollectIronIngotTask cycle=1 pos=-158,61,-69 walls=4/4/4 sky=12 place=4 boxed=true hold=false cool=0 ban=0 startY=61 step=0
[m[34m[21:21:42][m [32m[main/INFO][m [36m(Minecraft)[m [0m[CHAT] §2§l§o[TenorClef] §rT2 [HIST] 0:25.4 PILLAR START flips=3 prev=CollectIronIngotTask
[m[34m[21:21:42][m [32m[main/INFO][m [36m(Minecraft)[m [0m[CHAT] §2§l§o[TenorClef] §rT2 [HIST] 0:25.4 SOLVE S130 pillar-out @-158,61,-69 ph=IRON flips=3
[m[34m[21:21:42][m [32m[main/INFO][m [36m(Minecraft)[m [0m[CHAT] §2§l§o[TenorClef] §rT2 [HIST] 0:25.4 CHILD CollectIronIngotTask -> HolePillarTask ph=IRON @-158,61,-69 sky=12 wet=false ground=false pick=0 buck=0 iron=0 ore=0 rods=0 pearls=0 eyes=0
[m[34m[21:21:42][m [32m[main/INFO][m [36m(Minecraft)[m [0m[STDOUT]: ALTO CLEF: WARNING: T2 [S130] tick y=61 slot=1 air=true pos=-158,61,-69 walls=4/4/4 sky=12 place=4 boxed=true hold=true cool=0 ban=0 startY=61 step=1
[m[34m[21:21:42][m [32m[main/INFO][m [36m(Minecraft)[m [0m[CHAT] §2§l§o[TenorClef] §cT2 [S130] tick y=61 slot=1 air=true pos=-158,61,-69 walls=4/4/4 sky=12 place=4 boxed=true hold=true cool=0 ban=0 startY=61 step=1§r
[m[34m[21:21:42][m [32m[main/INFO][m [36m(Minecraft)[m [0m[CHAT] §2§l§o[TenorClef] §rT2 [HIST] 0:25.4 FORCE S130 tick y=61 slot=1 air=true pos=-158,61,-69 walls=4/4/4 sky=12 place=4 boxed=true hold=true cool=0 ban=0 startY=61 step=1
[m[34m[21:21:42][m [32m[main/INFO][m [36m(Minecraft)[m [0m[CHAT] §2§l§o[TenorClef] §rT2 [NOW] t=0:25.8 ph=IRON @-158,62,-69 do=<T2 pillar-out>  eq=oak_planks woodpick=1 stonepick=0 pick=0 iron=0 buck=0
[m[34m[21:21:43][m [32m[main/INFO][m [36m(Minecraft)[m [0m[STDOUT]: ALTO CLEF: WARNING: T2 [S180] marginal escape +2y free at y=63 startY=61 pos=-158,63,-69 walls=0/0/4 sky=14 place=4 boxed=false hold=true cool=0 ban=0 startY=61 step=17
[m[34m[21:21:43][m [32m[main/INFO][m [36m(Minecraft)[m [0m[CHAT] §2§l§o[TenorClef] §cT2 [S180] marginal escape +2y free at y=63 startY=61 pos=-158,63,-69 walls=0/0/4 sky=14 place=4 boxed=false hold=true cool=0 ban=0 startY=61 step=17§r
[m[34m[21:21:43][m [32m[main/INFO][m [36m(Minecraft)[m [0m[CHAT] §2§l§o[TenorClef] §rT2 [HIST] 0:26.2 FORCE S180 marginal escape +2y free at y=63 startY=61 pos=-158,63,-69 walls=0/0/4 sky=14 place=4 boxed=false hold=true cool=0 ban=0 startY=61 step=17
[m[34m[21:21:43][m [32m[main/INFO][m [36m(Minecraft)[m [0m[STDOUT]: ALTO CLEF: WARNING: T2 [S139] rise pending +2y t=1 y=63 startY=61
[m[34m[21:21:43][m [32m[main/INFO][m [36m(Minecraft)[m [0m[CHAT] §2§l§o[TenorClef] §cT2 [S139] rise pending +2y t=1 y=63 startY=61§r
[m[34m[21:21:43][m [32m[main/INFO][m [36m(Minecraft)[m [0m[CHAT] §2§l§o[TenorClef] §rT2 [HIST] 0:26.2 FORCE S139 rise pending +2y t=1 y=63 startY=61
[m[34m[21:21:43][m [32m[main/INFO][m [36m(Minecraft)[m [0m[STDOUT]: ALTO CLEF: WARNING: T2 [S130] tick y=63 slot=1 air=true pos=-158,63,-69 walls=0/0/4 sky=14 place=3 boxed=false hold=true cool=0 ban=0 startY=61 step=21
[m[34m[21:21:43][m [32m[main/INFO][m [36m(Minecraft)[m [0m[CHAT] §2§l§o[TenorClef] §cT2 [S130] tick y=63 slot=1 air=true pos=-158,63,-69 walls=0/0/4 sky=14 place=3 boxed=false hold=true cool=0 ban=0 startY=61 step=21§r
[m[34m[21:21:43][m [32m[main/INFO][m [36m(Minecraft)[m [0m[CHAT] §2§l§o[TenorClef] §rT2 [HIST] 0:26.4 FORCE S130 tick y=63 slot=1 air=true pos=-158,63,-69 walls=0/0/4 sky=14 place=3 boxed=false hold=true cool=0 ban=0 startY=61 step=21
[m[34m[21:21:43][m [32m[main/INFO][m [36m(Minecraft)[m [0m[STDOUT]: ALTO CLEF: WARNING: T2 [S139] rise confirmed +2y held 12t y=63 startY=61 pos=-158,63,-69 walls=0/0/4 sky=14 place=3 boxed=false hold=true cool=0 ban=0 startY=61 step=28
[m[34m[21:21:43][m [32m[main/INFO][m [36m(Minecraft)[m [0m[CHAT] §2§l§o[TenorClef] §cT2 [S139] rise confirmed +2y held 12t y=63 startY=61 pos=-158,63,-69 walls=0/0/4 sky=14 place=3 boxed=false hold=true cool=0 ban=0 startY=61 step=28§r
[m[34m[21:21:43][m [32m[main/INFO][m [36m(Minecraft)[m [0m[CHAT] §2§l§o[TenorClef] §rT2 [HIST] 0:26.8 FORCE S139 rise confirmed +2y held 12t y=63 startY=61 pos=-158,63,-69 walls=0/0/4 sky=14 place=3 boxed=false hold=true cool=0 ban=0 startY=61 step=28
[m[34m[21:21:43][m [32m[main/INFO][m [36m(Minecraft)[m [0m[STDOUT]: ALTO CLEF: WARNING: T2 [S133] cool arm ticks=200 reason=risen y=63 startY=61 ban=-158,63,-69 pos=-158,63,-69 walls=0/0/4 sky=14 place=3 boxed=false hold=true cool=200 ban=200 startY=61 step=28
[m[34m[21:21:43][m [32m[main/INFO][m [36m(Minecraft)[m [0m[CHAT] §2§l§o[TenorClef] §cT2 [S133] cool arm ticks=200 reason=risen y=63 startY=61 ban=-158,63,-69 pos=-158,63,-69 walls=0/0/4 sky=14 place=3 boxed=false hold=true cool=200 ban=200 startY=61 step=28§r
[m[34m[21:21:43][m [32m[main/INFO][m [36m(Minecraft)[m [0m[CHAT] §2§l§o[TenorClef] §rT2 [HIST] 0:26.8 FORCE S133 cool arm ticks=200 reason=risen y=63 startY=61 ban=-158,63,-69 pos=-158,63,-69 walls=0/0/4 sky=14 place=3 boxed=false hold=true cool=200 ban=200 startY=61 step=28
[m[34m[21:21:43][m [32m[main/INFO][m [36m(Minecraft)[m [0m[STDOUT]: ALTO CLEF: WARNING: T2 [S136] END reason=risen y=63 startY=61 roseReal=true giveUp=true pos=-158,63,-69 walls=0/0/4 sky=14 place=3 boxed=false hold=true cool=200 ban=200 startY=61 step=28
[m[34m[21:21:43][m [32m[main/INFO][m [36m(Minecraft)[m [0m[CHAT] §2§l§o[TenorClef] §cT2 [S136] END reason=risen y=63 startY=61 roseReal=true giveUp=true pos=-158,63,-69 walls=0/0/4 sky=14 place=3 boxed=false hold=true cool=200 ban=200 startY=61 step=28§r
[m[34m[21:21:43][m [32m[main/INFO][m [36m(Minecraft)[m [0m[CHAT] §2§l§o[TenorClef] §rT2 [HIST] 0:26.8 FORCE S136 END reason=risen y=63 startY=61 roseReal=true giveUp=true pos=-158,63,-69 walls=0/0/4 sky=14 place=3 boxed=false hold=true cool=200 ban=200 startY=61 step=28
[m[34m[21:21:43][m [32m[main/INFO][m [36m(Minecraft)[m [0m[CHAT] §2§l§o[TenorClef] §rT2 [HIST] 0:26.8 PILLAR END risen y=63 startY=61
[m[34m[21:21:43][m [32m[main/INFO][m [36m(Minecraft)[m [0m[CHAT] §2§l§o[TenorClef] §rT2 [NOW] t=0:26.8 ph=IRON @-158,63,-69 do=<T2 pillar-out>  eq=oak_planks woodpick=1 stonepick=0 pick=0 iron=0 buck=0
[m[34m[21:21:43][m [32m[main/INFO][m [36m(Minecraft)[m [0m[STDOUT]: ALTO CLEF: WARNING: T2 [S136] stick drop pillar -> CollectIronIngotTask finished=true hold=false cool=199 end=risen y=63 startY=61 pos=-158,63,-69 walls=0/0/4 sky=14 place=3 boxed=false hold=false cool=199 ban=199 startY=- step=0
[m[34m[21:21:43][m [32m[main/INFO][m [36m(Minecraft)[m [0m[CHAT] §2§l§o[TenorClef] §cT2 [S136] stick drop pillar -> CollectIronIngotTask finished=true hold=false cool=199 end=risen y=63 startY=61 pos=-158,63,-69 walls=0/0/4 sky=14 place=3 boxed=false hold=false cool=199 ban=199 startY=- step=0§r
[m[34m[21:21:43][m [32m[main/INFO][m [36m(Minecraft)[m [0m[CHAT] §2§l§o[TenorClef] §rT2 [HIST] 0:26.8 FORCE S136 stick drop pillar -> CollectIronIngotTask finished=true hold=false cool=199 end=risen y=63 startY=61 pos=-158,63,-69 walls=0/0/4 sky=14 place=3 boxed=false hold=false cool=199 ban=199 startY=- step=0
[m[34m[21:21:43][m [32m[main/INFO][m [36m(Minecraft)[m [0m[CHAT] §2§l§o[TenorClef] §rT2 [HIST] 0:26.8 CHILD HolePillarTask -> CollectIronIngotTask ph=IRON @-158,63,-69 sky=14 wet=false ground=true pick=0 buck=0 iron=0 ore=0 rods=0 pearls=0 eyes=0
[m[34m[21:21:43][m [32m[main/INFO][m [36m(Minecraft)[m [0m[STDOUT]: ALTO CLEF: WARNING: T2 [S136] onStop interrupt=CollectIronIngotTask finishWhy=givingUp cool=199 lastEnd=risen y=63 startY=61 pos=-158,63,-69 walls=0/0/4 sky=14 place=3 boxed=false hold=false cool=199 ban=199 startY=- step=0
[m[34m[21:21:43][m [32m[main/INFO][m [36m(Minecraft)[m [0m[CHAT] §2§l§o[TenorClef] §cT2 [S136] onStop interrupt=CollectIronIngotTask finishWhy=givingUp cool=199 lastEnd=risen y=63 startY=61 pos=-158,63,-69 walls=0/0/4 sky=14 place=3 boxed=false hold=false cool=199 ban=199 startY=- step=0§r
[m[34m[21:21:43][m [32m[main/INFO][m [36m(Minecraft)[m [0m[CHAT] §2§l§o[TenorClef] §rT2 [HIST] 0:26.8 FORCE S136 onStop interrupt=CollectIronIngotTask finishWhy=givingUp cool=199 lastEnd=risen y=63 startY=61 pos=-158,63,-69 walls=0/0/4 sky=14 place=3 boxed=false hold=false cool=199 ban=199 startY=- step=0
[m[34m[21:21:43][m [32m[main/INFO][m [36m(Minecraft)[m [0m[CHAT] §2§l§o[TenorClef] §rMineAndCollect: equip item.minecraft.wooden_pickaxe for block.minecraft.stone
[m[34m[21:21:44][m [32m[main/INFO][m [36m(Minecraft)[m [0m[CHAT] §2§l§o[TenorClef] §rMineAndCollect: equip item.minecraft.wooden_pickaxe for block.minecraft.stone
[m[34m[21:21:44][m [32m[main/INFO][m [36m(Minecraft)[m [0m[CHAT] §2§l§o[TenorClef] §rMineAndCollect: equip item.minecraft.wooden_pickaxe for block.minecraft.stone
[m[34m[21:21:44][m [32m[main/INFO][m [36m(Minecraft)[m [0m[CHAT] §2§l§o[TenorClef] §rMineAndCollect: equip item.minecraft.wooden_pickaxe for block.minecraft.stone
[m[34m[21:21:44][m [32m[main/INFO][m [36m(Minecraft)[m [0m[CHAT] §2§l§o[TenorClef] §rMineAndCollect: equip item.minecraft.wooden_pickaxe for block.minecraft.stone
[m[34m[21:21:44][m [32m[main/INFO][m [36m(Minecraft)[m [0m[STDOUT]: ALTO CLEF: WARNING: T2 [S109] equip pick for mining (was holding wheat_seeds)
[m[34m[21:21:44][m [32m[main/INFO][m [36m(Minecraft)[m [0m[CHAT] §2§l§o[TenorClef] §cT2 [S109] equip pick for mining (was holding wheat_seeds)§r
[m[34m[21:21:44][m [32m[main/INFO][m [36m(Minecraft)[m [0m[CHAT] §2§l§o[TenorClef] §rT2 [HIST] 0:27.3 SOLVE S109 equip pick for mining (was holding wheat_seeds)
[m[34m[21:21:44][m [32m[main/INFO][m [36m(Minecraft)[m [0m[CHAT] §2§l§o[TenorClef] §rMineAndCollect: equip item.minecraft.wooden_pickaxe for block.minecraft.stone
[m[34m[21:21:44][m [32m[main/INFO][m [36m(Minecraft)[m [0m[CHAT] §2§l§o[TenorClef] §rMineAndCollect: equip item.minecraft.wooden_pickaxe for block.minecraft.stone
[m[34m[21:21:44][m [32m[main/INFO][m [36m(Minecraft)[m [0m[CHAT] §2§l§o[TenorClef] §rMineAndCollect: equip item.minecraft.wooden_pickaxe for block.minecraft.stone
[m[34m[21:21:44][m [32m[main/INFO][m [36m(Minecraft)[m [0m[CHAT] §2§l§o[TenorClef] §rMineAndCollect: equip item.minecraft.wooden_pickaxe for block.minecraft.stone
[m[34m[21:21:44][m [32m[main/INFO][m [36m(Minecraft)[m [0m[CHAT] §2§l§o[TenorClef] §rMineAndCollect: equip item.minecraft.wooden_pickaxe for block.minecraft.stone
[m[34m[21:21:44][m [32m[main/INFO][m [36m(Minecraft)[m [0m[CHAT] §2§l§o[TenorClef] §rMineAndCollect: equip item.minecraft.wooden_pickaxe for block.minecraft.stone
[m[34m[21:21:44][m [32m[main/INFO][m [36m(Minecraft)[m [0m[CHAT] §2§l§o[TenorClef] §rT2 [NOW] t=0:27.8 ph=IRON @-157,63,-69 do=<Collecting 8 iron.: [[iron_ingot] x 8]>  eq=wheat_seeds woodpick=1 stonepick=0 pick=0 iron=0 buck=0
[m[34m[21:21:44][m [32m[main/INFO][m [36m(Minecraft)[m [0m[CHAT] §2§l§o[TenorClef] §rMineAndCollect: equip item.minecraft.wooden_pickaxe for block.minecraft.stone
[m[34m[21:21:44][m [32m[main/INFO][m [36m(Minecraft)[m [0m[CHAT] §2§l§o[TenorClef] §rMineAndCollect: equip item.minecraft.wooden_pickaxe for block.minecraft.stone
[m[34m[21:21:45][m [32m[main/INFO][m [36m(Minecraft)[m [0m[CHAT] §2§l§o[TenorClef] §rMineAndCollect: equip item.minecraft.wooden_pickaxe for block.minecraft.stone
[m[34m[21:21:45][m [32m[main/INFO][m [36m(Minecraft)[m [0m[CHAT] §2§l§o[TenorClef] §rT2 [HIST] 0:28.0 SNAP ph=IRON @-157,63,-69 sky=14 wet=false ground=true pick=0 buck=0 iron=0 ore=0 rods=0 pearls=0 eyes=0 child=CollectIronIngotTask dbg=<Collecting 8 iron.: [[iron_ingot] x 8]>  mobs=none
[m[34m[21:21:45][m [32m[main/INFO][m [36m(Minecraft)[m [0m[CHAT] §2§l§o[TenorClef] §rMineAndCollect: equip item.minecraft.wooden_pickaxe for block.minecraft.stone
[m[34m[21:21:45][m [32m[main/INFO][m [36m(Minecraft)[m [0m[CHAT] §2§l§o[TenorClef] §rMineAndCollect: equip item.minecraft.wooden_pickaxe for block.minecraft.stone
[m[34m[21:21:45][m [32m[main/INFO][m [36m(Minecraft)[m [0m[CHAT] §2§l§o[TenorClef] §rMineAndCollect: equip item.minecraft.wooden_pickaxe for block.minecraft.stone
[m[34m[21:21:45][m [32m[main/INFO][m [36m(Minecraft)[m [0m[CHAT] §2§l§o[TenorClef] §rMineAndCollect: equip item.minecraft.wooden_pickaxe for block.minecraft.stone
[m[34m[21:21:45][m [32m[main/INFO][m [36m(Minecraft)[m [0m[CHAT] §2§l§o[TenorClef] §rMineAndCollect: equip item.minecraft.wooden_pickaxe for block.minecraft.stone
[m[34m[21:21:45][m [32m[main/INFO][m [36m(Minecraft)[m [0m[CHAT] §2§l§o[TenorClef] §rMineAndCollect: equip item.minecraft.wooden_pickaxe for block.minecraft.stone
[m[34m[21:21:45][m [32m[main/INFO][m [36m(Minecraft)[m [0m[CHAT] §2§l§o[TenorClef] §rMineAndCollect: equip item.minecraft.wooden_pickaxe for block.minecraft.stone
[m[34m[21:21:45][m [32m[main/INFO][m [36m(Minecraft)[m [0m[CHAT] §2§l§o[TenorClef] §rT2 [HIST] 0:28.7 WHY iron: smelt 8 in one furnace
[m[34m[21:21:45][m [32m[main/INFO][m [36m(Minecraft)[m [0m[CHAT] §2§l§o[TenorClef] §rMineAndCollect: equip item.minecraft.wooden_pickaxe for block.minecraft.stone
[m[34m[21:21:45][m [32m[main/INFO][m [36m(Minecraft)[m [0m[CHAT] §2§l§o[TenorClef] §rMineAndCollect: equip item.minecraft.wooden_pickaxe for block.minecraft.stone
[m[34m[21:21:45][m [32m[main/INFO][m [36m(Minecraft)[m [0m[CHAT] §2§l§o[TenorClef] §rT2 [NOW] t=0:28.8 ph=IRON @-157,62,-69 do=<Collecting 8 iron.: [[iron_ingot] x 8]>  eq=wheat_seeds woodpick=1 stonepick=0 pick=0 iron=0 buck=0
[m[34m[21:21:46][m [32m[main/INFO][m [36m(Minecraft)[m [0m[CHAT] §2§l§o[TenorClef] §rMineAndCollect: equip item.minecraft.wooden_pickaxe for block.minecraft.stone
[m[34m[21:21:46][m [32m[main/INFO][m [36m(Minecraft)[m [0m[CHAT] §2§l§o[TenorClef] §rMineAndCollect: equip item.minecraft.wooden_pickaxe for block.minecraft.stone
[m[34m[21:21:46][m [32m[main/INFO][m [36m(Minecraft)[m [0m[CHAT] §2§l§o[TenorClef] §rMineAndCollect: equip item.minecraft.wooden_pickaxe for block.minecraft.stone
[m[34m[21:21:46][m [32m[main/INFO][m [36m(Minecraft)[m [0m[CHAT] §2§l§o[TenorClef] §rMineAndCollect: equip item.minecraft.wooden_pickaxe for block.minecraft.stone
[m[34m[21:21:46][m [32m[main/INFO][m [36m(Minecraft)[m [0m[STDOUT]: ALTO CLEF: WARNING: T2 [S135] S130 suppressed why=would-S130 but busy cool=151 flips=3 sameXz=44 child=CollectIronIngotTask cool=151 ban=151 hold=false pos=-157,61,-69 walls=4/4/4 sky=12 place=4 boxed=true hold=false cool=151 ban=151 startY=- step=0
[m[34m[21:21:46][m [32m[main/INFO][m [36m(Minecraft)[m [0m[CHAT] §2§l§o[TenorClef] §cT2 [S135] S130 suppressed why=would-S130 but busy cool=151 flips=3 sameXz=44 child=CollectIronIngotTask cool=151 ban=151 hold=false pos=-157,61,-69 walls=4/4/4 sky=12 place=4 boxed=true hold=false cool=151 ban=151 startY=- step=0§r
[m[34m[21:21:46][m [32m[main/INFO][m [36m(Minecraft)[m [0m[CHAT] §2§l§o[TenorClef] §rT2 [HIST] 0:29.2 FORCE S135 S130 suppressed why=would-S130 but busy cool=151 flips=3 sameXz=44 child=CollectIronIngotTask cool=151 ban=151 hold=false pos=-157,61,-69 walls=4/4/4 sky=12 place=4 boxed=true hold=false cool=151 ban=151 startY=- step=0
[m[34m[21:21:46][m [32m[main/INFO][m [36m(Minecraft)[m [0m[CHAT] §2§l§o[TenorClef] §rMineAndCollect: equip item.minecraft.wooden_pickaxe for block.minecraft.stone
[m[34m[21:21:46][m [32m[main/INFO][m [36m(Minecraft)[m [0m[CHAT] §2§l§o[TenorClef] §rMineAndCollect: equip item.minecraft.wooden_pickaxe for block.minecraft.stone
[m[34m[21:21:46][m [32m[main/INFO][m [36m(Minecraft)[m [0m[CHAT] §2§l§o[TenorClef] §rMineAndCollect: equip item.minecraft.wooden_pickaxe for block.minecraft.stone
[m[34m[21:21:46][m [32m[main/INFO][m [36m(Minecraft)[m [0m[CHAT] §2§l§o[TenorClef] §rMineAndCollect: equip item.minecraft.wooden_pickaxe for block.minecraft.stone
[m[34m[21:21:46][m [32m[main/INFO][m [36m(Minecraft)[m [0m[CHAT] §2§l§o[TenorClef] §rMineAndCollect: equip item.minecraft.wooden_pickaxe for block.minecraft.stone
[m[34m[21:21:46][m [32m[main/INFO][m [36m(Minecraft)[m [0m[CHAT] §2§l§o[TenorClef] §rMineAndCollect: equip item.minecraft.wooden_pickaxe for block.minecraft.stone
[m[34m[21:21:46][m [32m[main/INFO][m [36m(Minecraft)[m [0m[CHAT] §2§l§o[TenorClef] §rT2 [NOW] t=0:29.8 ph=IRON @-157,61,-69 do=<Collecting 8 iron.: [[iron_ingot] x 8]>  eq=wheat_seeds woodpick=1 stonepick=0 pick=0 iron=0 buck=0
[m[34m[21:21:46][m [32m[main/INFO][m [36m(Minecraft)[m [0m[CHAT] §2§l§o[TenorClef] §rMineAndCollect: equip item.minecraft.wooden_pickaxe for block.minecraft.stone
[m[34m[21:21:47][m [32m[main/INFO][m [36m(Minecraft)[m [0m[CHAT] §2§l§o[TenorClef] §rMineAndCollect: equip item.minecraft.wooden_pickaxe for block.minecraft.stone
[m[34m[21:21:47][m [32m[main/INFO][m [36m(Minecraft)[m [0m[CHAT] §2§l§o[TenorClef] §rMineAndCollect: equip item.minecraft.wooden_pickaxe for block.minecraft.stone
[m[34m[21:21:47][m [32m[main/INFO][m [36m(Minecraft)[m [0m[CHAT] §2§l§o[TenorClef] §rMineAndCollect: equip item.minecraft.wooden_pickaxe for block.minecraft.stone
[m[34m[21:21:47][m [32m[main/INFO][m [36m(Minecraft)[m [0m[CHAT] §2§l§o[TenorClef] §rMineAndCollect: equip item.minecraft.wooden_pickaxe for block.minecraft.stone
[m[34m[21:21:47][m [32m[main/INFO][m [36m(Minecraft)[m [0m[CHAT] §2§l§o[TenorClef] §rMineAndCollect: equip item.minecraft.wooden_pickaxe for block.minecraft.stone
[m[34m[21:21:47][m [32m[main/INFO][m [36m(Minecraft)[m [0m[STDOUT]: ALTO CLEF: WARNING: T2 [S100] stop jump-walk @-157,-69 ph=IRON child=CollectIronIngotTask esc=0
[m[34m[21:21:47][m [32m[main/INFO][m [36m(Minecraft)[m [0m[CHAT] §2§l§o[TenorClef] §cT2 [S100] stop jump-walk @-157,-69 ph=IRON child=CollectIronIngotTask esc=0§r
[m[34m[21:21:47][m [32m[main/INFO][m [36m(Minecraft)[m [0m[CHAT] §2§l§o[TenorClef] §rT2 [HIST] 0:30.5 SOLVE S100 stop jump-walk @-157,-69 ph=IRON child=CollectIronIngotTask esc=0
[m[34m[21:21:47][m [32m[main/INFO][m [36m(Minecraft)[m [0m[CHAT] §2§l§o[TenorClef] §rT2 [HIST] 0:30.5 SNAP ph=IRON @-157,60,-69 sky=11 wet=false ground=true pick=0 buck=0 iron=0 ore=0 rods=0 pearls=0 eyes=0 child=CollectIronIngotTask dbg=<Collecting 8 iron.: [[iron_ingot] x 8]>  mobs=none
[m[34m[21:21:47][m [32m[main/INFO][m [36m(Minecraft)[m [0m[CHAT] §2§l§o[TenorClef] §rT2 [NOW] t=0:30.8 ph=IRON @-157,60,-69 do=<Collecting 8 iron.: [[iron_ingot] x 8]>  eq=wooden_pickaxe woodpick=1 stonepick=0 pick=0 iron=0 buck=0
[m[34m[21:21:48][m [32m[main/INFO][m [36m(Minecraft)[m [0m[STDOUT]: ALTO CLEF: WARNING: T2 [E100] jumps=6 @-157,60,-69 ph=IRON child=CollectIronIngotTask
[m[34m[21:21:48][m [32m[main/INFO][m [36m(Minecraft)[m [0m[CHAT] §2§l§o[TenorClef] §cT2 [E100] jumps=6 @-157,60,-69 ph=IRON child=CollectIronIngotTask§r
[m[34m[21:21:48][m [32m[main/INFO][m [36m(Minecraft)[m [0m[CHAT] §2§l§o[TenorClef] §rT2 [HIST] 0:31.1 [E100] jumps=6 @-157,60,-69 ph=IRON child=CollectIronIngotTask
[m[34m[21:21:48][m [32m[main/INFO][m [36m(Minecraft)[m [0m[STDOUT]: ALTO CLEF: WARNING: T2 [S135] S130 suppressed why=would-S130 but busy cool=111 flips=0 sameXz=84 child=CollectIronIngotTask cool=111 ban=111 hold=false pos=-157,60,-69 walls=4/4/4 sky=11 place=6 boxed=true hold=false cool=111 ban=111 startY=- step=0
[m[34m[21:21:48][m [32m[main/INFO][m [36m(Minecraft)[m [0m[CHAT] §2§l§o[TenorClef] §cT2 [S135] S130 suppressed why=would-S130 but busy cool=111 flips=0 sameXz=84 child=CollectIronIngotTask cool=111 ban=111 hold=false pos=-157,60,-69 walls=4/4/4 sky=11 place=6 boxed=true hold=false cool=111 ban=111 startY=- step=0§r
[m[34m[21:21:48][m [32m[main/INFO][m [36m(Minecraft)[m [0m[CHAT] §2§l§o[TenorClef] §rT2 [HIST] 0:31.2 FORCE S135 S130 suppressed why=would-S130 but busy cool=111 flips=0 sameXz=84 child=CollectIronIngotTask cool=111 ban=111 hold=false pos=-157,60,-69 walls=4/4/4 sky=11 place=6 boxed=true hold=false cool=111 ban=111 startY=- step=0
[m[34m[21:21:48][m [32m[main/INFO][m [36m(Minecraft)[m [0m[CHAT] §2§l§o[TenorClef] §rT2 [NOW] t=0:31.8 ph=IRON @-157,60,-69 do=<Collecting 8 iron.: [[iron_ingot] x 8]>  eq=wooden_pickaxe woodpick=1 stonepick=0 pick=0 iron=0 buck=0
[m[34m[21:21:49][m [32m[Server thread/INFO][m [36m(Minecraft)[m [0mPlayer924 has made the advancement [Stone Age]
[m[34m[21:21:49][m [32m[main/INFO][m [36m(Minecraft)[m [0m[CHAT] Player924 has made the advancement [Stone Age]
[m[34m[21:21:49][m [32m[main/INFO][m [36m(Minecraft)[m [0mLoaded 43 advancements
[m[34m[21:21:49][m [32m[main/INFO][m [36m(Minecraft)[m [0m[CHAT] §2§l§o[TenorClef] §rT2 [HIST] 0:32.7 WHY iron: smelt 8 in one furnace
[m[34m[21:21:49][m [32m[main/INFO][m [36m(Minecraft)[m [0m[CHAT] §2§l§o[TenorClef] §rT2 [NOW] t=0:32.8 ph=IRON @-157,59,-69 do=<Collecting 8 iron.: [[iron_ingot] x 8]>  eq=wooden_pickaxe woodpick=1 stonepick=0 pick=0 iron=0 buck=0
[m[34m[21:21:50][m [32m[main/INFO][m [36m(Minecraft)[m [0m[CHAT] §2§l§o[TenorClef] §rT2 [HIST] 0:33.0 SNAP ph=IRON @-157,59,-69 sky=10 wet=false ground=true pick=0 buck=0 iron=0 ore=0 rods=0 pearls=0 eyes=0 child=CollectIronIngotTask dbg=<Collecting 8 iron.: [[iron_ingot] x 8]>  mobs=none
[m[34m[21:21:50][m [32m[main/INFO][m [36m(Minecraft)[m [0m[STDOUT]: ALTO CLEF: WARNING: T2 [S138] shaft ban clear left-y ban=-158,63,-69 now=-157,58,-69 manh=1 dy=5 left=61
[m[34m[21:21:50][m [32m[main/INFO][m [36m(Minecraft)[m [0m[CHAT] §2§l§o[TenorClef] §cT2 [S138] shaft ban clear left-y ban=-158,63,-69 now=-157,58,-69 manh=1 dy=5 left=61§r
[m[34m[21:21:50][m [32m[main/INFO][m [36m(Minecraft)[m [0m[CHAT] §2§l§o[TenorClef] §rT2 [HIST] 0:33.8 FORCE S138 shaft ban clear left-y ban=-158,63,-69 now=-157,58,-69 manh=1 dy=5 left=61
[m[34m[21:21:50][m [32m[main/INFO][m [36m(Minecraft)[m [0m[STDOUT]: ALTO CLEF: WARNING: T2 [S135] S130 suppressed why=would-S130 but busy cool=60 flips=3 sameXz=135 child=CollectIronIngotTask cool=60 ban=0 hold=false pos=-157,58,-69 walls=4/4/4 sky=9 place=7 boxed=true hold=false cool=60 ban=0 startY=- step=0
[m[34m[21:21:50][m [32m[main/INFO][m [36m(Minecraft)[m [0m[CHAT] §2§l§o[TenorClef] §cT2 [S135] S130 suppressed why=would-S130 but busy cool=60 flips=3 sameXz=135 child=CollectIronIngotTask cool=60 ban=0 hold=false pos=-157,58,-69 walls=4/4/4 sky=9 place=7 boxed=true hold=false cool=60 ban=0 startY=- step=0§r
[m[34m[21:21:50][m [32m[main/INFO][m [36m(Minecraft)[m [0m[CHAT] §2§l§o[TenorClef] §rT2 [HIST] 0:33.8 FORCE S135 S130 suppressed why=would-S130 but busy cool=60 flips=3 sameXz=135 child=CollectIronIngotTask cool=60 ban=0 hold=false pos=-157,58,-69 walls=4/4/4 sky=9 place=7 boxed=true hold=false cool=60 ban=0 startY=- step=0
[m[34m[21:21:50][m [32m[main/INFO][m [36m(Minecraft)[m [0m[CHAT] §2§l§o[TenorClef] §rT2 [NOW] t=0:33.8 ph=IRON @-157,58,-69 do=<Collecting 8 iron.: [[iron_ingot] x 8]>  eq=wooden_pickaxe woodpick=1 stonepick=0 pick=0 iron=0 buck=0
[m[34m[21:21:51][m [32m[main/INFO][m [36m(Minecraft)[m [0m[CHAT] §2§l§o[TenorClef] §rT2 [NOW] t=0:34.8 ph=IRON @-157,58,-69 do=<Collecting 8 iron.: [[iron_ingot] x 8]>  eq=wooden_pickaxe woodpick=1 stonepick=0 pick=0 iron=0 buck=0
[m[34m[21:21:52][m [32m[main/INFO][m [36m(Minecraft)[m [0m[CHAT] §2§l§o[TenorClef] §rT2 [HIST] 0:35.5 SNAP ph=IRON @-157,58,-69 sky=9 wet=false ground=true pick=0 buck=0 iron=0 ore=0 rods=0 pearls=0 eyes=0 child=CollectIronIngotTask dbg=<Collecting 8 iron.: [[iron_ingot] x 8]>  mobs=none
[m[34m[21:21:52][m [32m[main/INFO][m [36m(Minecraft)[m [0m[CHAT] §2§l§o[TenorClef] §rT2 [NOW] t=0:35.8 ph=IRON @-157,58,-69 do=<Collecting 8 iron.: [[iron_ingot] x 8]>  eq=wooden_pickaxe woodpick=1 stonepick=0 pick=0 iron=0 buck=0
[m[34m[21:21:53][m [32m[main/INFO][m [36m(Minecraft)[m [0m[STDOUT]: ALTO CLEF: WARNING: T2 [S109] equip pick for mining (was holding dirt)
[m[34m[21:21:53][m [32m[main/INFO][m [36m(Minecraft)[m [0m[CHAT] §2§l§o[TenorClef] §cT2 [S109] equip pick for mining (was holding dirt)§r
[m[34m[21:21:53][m [32m[main/INFO][m [36m(Minecraft)[m [0m[CHAT] §2§l§o[TenorClef] §rT2 [HIST] 0:36.5 SOLVE S109 equip pick for mining (was holding dirt)
[m[34m[21:21:53][m [32m[main/INFO][m [36m(Minecraft)[m [0m[CHAT] §2§l§o[TenorClef] §rT2 [HIST] 0:36.7 WHY iron: smelt 8 in one furnace
[m[34m[21:21:53][m [32m[main/INFO][m [36m(Minecraft)[m [0m[STDOUT]: ALTO CLEF: WARNING: T2 [E100] jumps=6 @-157,59,-69 ph=IRON child=CollectIronIngotTask
[m[34m[21:21:53][m [32m[main/INFO][m [36m(Minecraft)[m [0m[CHAT] §2§l§o[TenorClef] §cT2 [E100] jumps=6 @-157,59,-69 ph=IRON child=CollectIronIngotTask§r
[m[34m[21:21:53][m [32m[main/INFO][m [36m(Minecraft)[m [0m[CHAT] §2§l§o[TenorClef] §rT2 [HIST] 0:36.8 [E100] jumps=6 @-157,59,-69 ph=IRON child=CollectIronIngotTask
[m[34m[21:21:53][m [32m[main/INFO][m [36m(Minecraft)[m [0m[STDOUT]: ALTO CLEF: WARNING: T2 [S134] pillar cool expire after flips=3 end=risen y=63 startY=61
[m[34m[21:21:53][m [32m[main/INFO][m [36m(Minecraft)[m [0m[CHAT] §2§l§o[TenorClef] §cT2 [S134] pillar cool expire after flips=3 end=risen y=63 startY=61§r
[m[34m[21:21:53][m [32m[main/INFO][m [36m(Minecraft)[m [0m[CHAT] §2§l§o[TenorClef] §rT2 [HIST] 0:36.8 FORCE S134 pillar cool expire after flips=3 end=risen y=63 startY=61
[m[34m[21:21:53][m [32m[main/INFO][m [36m(Minecraft)[m [0m[CHAT] §2§l§o[TenorClef] §rT2 [NOW] t=0:36.8 ph=IRON @-157,59,-69 do=<Collecting 8 iron.: [[iron_ingot] x 8]>  eq=dirt woodpick=1 stonepick=0 pick=0 iron=0 buck=0
[m[34m[21:21:54][m [32m[main/INFO][m [36m(Minecraft)[m [0m[STDOUT]: ALTO CLEF: WARNING: T2 [S135] S130 suppressed why=would-S130 but busy cool=0 flips=3 sameXz=10 child=CollectIronIngotTask cool=0 ban=51 hold=false pos=-157,60,-69 walls=4/4/4 sky=11 place=7 boxed=true hold=false cool=0 ban=51 startY=- step=0
[m[34m[21:21:54][m [32m[main/INFO][m [36m(Minecraft)[m [0m[CHAT] §2§l§o[TenorClef] §cT2 [S135] S130 suppressed why=would-S130 but busy cool=0 flips=3 sameXz=10 child=CollectIronIngotTask cool=0 ban=51 hold=false pos=-157,60,-69 walls=4/4/4 sky=11 place=7 boxed=true hold=false cool=0 ban=51 startY=- step=0§r
[m[34m[21:21:54][m [32m[main/INFO][m [36m(Minecraft)[m [0m[CHAT] §2§l§o[TenorClef] §rT2 [HIST] 0:37.2 FORCE S135 S130 suppressed why=would-S130 but busy cool=0 flips=3 sameXz=10 child=CollectIronIngotTask cool=0 ban=51 hold=false pos=-157,60,-69 walls=4/4/4 sky=11 place=7 boxed=true hold=false cool=0 ban=51 startY=- step=0
[m[34m[21:21:54][m [32m[main/INFO][m [36m(Minecraft)[m [0m[CHAT] §2§l§o[TenorClef] §rT2 [NOW] t=0:37.8 ph=IRON @-157,61,-69 do=<Collecting 8 iron.: [[iron_ingot] x 8]>  eq=wheat_seeds woodpick=1 stonepick=0 pick=0 iron=0 buck=0
[m[34m[21:21:55][m [32m[main/INFO][m [36m(Minecraft)[m [0m[CHAT] §2§l§o[TenorClef] §rT2 [HIST] 0:38.0 SNAP ph=IRON @-157,61,-69 sky=12 wet=false ground=true pick=0 buck=0 iron=0 ore=0 rods=0 pearls=0 eyes=0 child=CollectIronIngotTask dbg=<Collecting 8 iron.: [[iron_ingot] x 8]>  mobs=none
[m[34m[21:21:55][m [32m[main/INFO][m [36m(Minecraft)[m [0m[STDOUT]: ALTO CLEF: WARNING: T2 [S100] stop jump-walk @-157,-69 ph=IRON child=CollectIronIngotTask esc=1
[m[34m[21:21:55][m [32m[main/INFO][m [36m(Minecraft)[m [0m[CHAT] §2§l§o[TenorClef] §cT2 [S100] stop jump-walk @-157,-69 ph=IRON child=CollectIronIngotTask esc=1§r
[m[34m[21:21:55][m [32m[main/INFO][m [36m(Minecraft)[m [0m[CHAT] §2§l§o[TenorClef] §rT2 [HIST] 0:38.8 SOLVE S100 stop jump-walk @-157,-69 ph=IRON child=CollectIronIngotTask esc=1
[m[34m[21:21:55][m [32m[main/INFO][m [36m(Minecraft)[m [0m[STDOUT]: ALTO CLEF: WARNING: T2 [S144] jump-stuck collector — replace CollectIronIngotTask with wander (esc=2)
[m[34m[21:21:55][m [32m[main/INFO][m [36m(Minecraft)[m [0m[CHAT] §2§l§o[TenorClef] §cT2 [S144] jump-stuck collector — replace CollectIronIngotTask with wander (esc=2)§r
[m[34m[21:21:55][m [32m[main/INFO][m [36m(Minecraft)[m [0m[CHAT] §2§l§o[TenorClef] §rT2 [HIST] 0:38.8 SOLVE S144 jump-stuck collector — replace CollectIronIngotTask with wander (esc=2)
[m[34m[21:21:55][m [32m[main/INFO][m [36m(Minecraft)[m [0m[CHAT] §2§l§o[TenorClef] §rT2 [HIST] 0:38.8 CHILD CollectIronIngotTask -> TimeoutWanderTask ph=IRON @-157,62,-69 sky=13 wet=false ground=false pick=0 buck=0 iron=0 ore=0 rods=0 pearls=0 eyes=0
[m[34m[21:21:55][m [32m[main/INFO][m [36m(Minecraft)[m [0m[CHAT] §2§l§o[TenorClef] §rT2 [NOW] t=0:38.8 ph=IRON @-157,62,-69 do=<Wander for Infinity blocks> Exploring. eq=wooden_pickaxe woodpick=1 stonepick=0 pick=0 iron=0 buck=0
[m[34m[21:21:55][m [32m[main/INFO][m [36m(Minecraft)[m [0m[STDOUT]: ALTO CLEF: WARNING: T2 [S138] shaft ban clear left-xz ban=-158,63,-69 now=-157,62,-68 manh=2 dy=1 left=19
[m[34m[21:21:55][m [32m[main/INFO][m [36m(Minecraft)[m [0m[CHAT] §2§l§o[TenorClef] §cT2 [S138] shaft ban clear left-xz ban=-158,63,-69 now=-157,62,-68 manh=2 dy=1 left=19§r
[m[34m[21:21:55][m [32m[main/INFO][m [36m(Minecraft)[m [0m[CHAT] §2§l§o[TenorClef] §rT2 [HIST] 0:38.9 FORCE S138 shaft ban clear left-xz ban=-158,63,-69 now=-157,62,-68 manh=2 dy=1 left=19
[m[34m[21:21:56][m [32m[main/INFO][m [36m(Minecraft)[m [0m[CHAT] §2§l§o[TenorClef] §rRefreshed inventory...
[m[34m[21:21:56][m [32m[pool-5-thread-4/INFO][m [36m(Minecraft)[m [0m[STDOUT]: 633600 movements considered
[m[34m[21:21:56][m [32m[pool-5-thread-4/INFO][m [36m(Minecraft)[m [0m[STDOUT]: Open set size: 25635
[m[34m[21:21:56][m [32m[pool-5-thread-4/INFO][m [36m(Minecraft)[m [0m[STDOUT]: PathNode map size: 54432
[m[34m[21:21:56][m [32m[pool-5-thread-4/INFO][m [36m(Minecraft)[m [0m[STDOUT]: 57485 nodes per second
[m[34m[21:21:56][m [32m[pool-5-thread-4/INFO][m [36m(Minecraft)[m [0m[STDOUT]: Path goes for 171.05262348178118 blocks
[m[34m[21:21:56][m [32m[main/INFO][m [36m(Minecraft)[m [0m[CHAT] §2§l§o[TenorClef] §rT2 [NOW] t=0:39.8 ph=IRON @-158,63,-68 do=<Wander for Infinity blocks> Exploring. eq=wooden_pickaxe woodpick=1 stonepick=0 pick=0 iron=0 buck=0
[m[34m[21:21:57][m [32m[main/INFO][m [36m(Minecraft)[m [0m[CHAT] §2§l§o[TenorClef] §rT2 [NOW] t=0:40.8 ph=IRON @-163,63,-69 do=<Wander for Infinity blocks> Exploring. eq=wooden_pickaxe woodpick=1 stonepick=0 pick=0 iron=0 buck=0
[m[34m[21:21:58][m [32m[pool-5-thread-4/INFO][m [36m(Minecraft)[m [0m[STDOUT]: 418176 movements considered
[m[34m[21:21:58][m [32m[pool-5-thread-4/INFO][m [36m(Minecraft)[m [0m[STDOUT]: Open set size: 18562
[m[34m[21:21:58][m [32m[pool-5-thread-4/INFO][m [36m(Minecraft)[m [0m[STDOUT]: PathNode map size: 37570
[m[34m[21:21:58][m [32m[pool-5-thread-4/INFO][m [36m(Minecraft)[m [0m[STDOUT]: 38016 nodes per second
[m[34m[21:21:58][m [32m[pool-5-thread-4/INFO][m [36m(Minecraft)[m [0m[STDOUT]: Path goes for 169.29855285855223 blocks
[m[34m[21:21:58][m [32m[main/INFO][m [36m(Minecraft)[m [0m[CHAT] §2§l§o[TenorClef] §rT2 [NOW] t=0:41.8 ph=IRON @-166,64,-68 do=<Wander for Infinity blocks> Exploring. eq=wooden_pickaxe woodpick=1 stonepick=0 pick=0 iron=0 buck=0
[m[34m[21:21:59][m [32m[main/INFO][m [36m(Minecraft)[m [0m[CHAT] §2§l§o[TenorClef] §rT2 [HIST] 0:42.3 SNAP ph=IRON @-166,64,-68 sky=15 wet=false ground=true pick=0 buck=0 iron=0 ore=0 rods=0 pearls=0 eyes=0 child=TimeoutWanderTask dbg=<Wander for Infinity blocks> Exploring. mobs=none
[m[34m[21:21:59][m [32m[pool-5-thread-4/INFO][m [36m(Minecraft)[m [0m[STDOUT]: 623744 movements considered
[m[34m[21:21:59][m [32m[pool-5-thread-4/INFO][m [36m(Minecraft)[m [0m[STDOUT]: Open set size: 26246
[m[34m[21:21:59][m [32m[pool-5-thread-4/INFO][m [36m(Minecraft)[m [0m[STDOUT]: PathNode map size: 54595
[m[34m[21:21:59][m [32m[pool-5-thread-4/INFO][m [36m(Minecraft)[m [0m[STDOUT]: 56704 nodes per second
[m[34m[21:21:59][m [32m[pool-5-thread-4/INFO][m [36m(Minecraft)[m [0m[STDOUT]: Path goes for 162.04937519163718 blocks
[m[34m[21:21:59][m [32m[main/INFO][m [36m(Minecraft)[m [0m[CHAT] §2§l§o[TenorClef] §rT2 [NOW] t=0:42.8 ph=IRON @-168,64,-68 do=<Wander for Infinity blocks> Exploring. eq=wooden_pickaxe woodpick=1 stonepick=0 pick=0 iron=0 buck=0
[m[34m[21:22:00][m [32m[main/INFO][m [36m(Minecraft)[m [0m[CHAT] §2§l§o[TenorClef] §rT2 [NOW] t=0:43.8 ph=IRON @-174,64,-68 do=<Wander for Infinity blocks> Exploring. eq=wooden_pickaxe woodpick=1 stonepick=0 pick=0 iron=0 buck=0
[m[34m[21:22:01][m [32m[main/INFO][m [36m(Minecraft)[m [0m[CHAT] §2§l§o[TenorClef] §rT2 [NOW] t=0:44.8 ph=IRON @-179,64,-69 do=<Wander for Infinity blocks> Exploring. eq=wooden_pickaxe woodpick=1 stonepick=0 pick=0 iron=0 buck=0
[m[34m[21:22:02][m [32m[pool-5-thread-4/INFO][m [36m(Minecraft)[m [0m[STDOUT]: 674432 movements considered
[m[34m[21:22:02][m [32m[pool-5-thread-4/INFO][m [36m(Minecraft)[m [0m[STDOUT]: Open set size: 24457
[m[34m[21:22:02][m [32m[pool-5-thread-4/INFO][m [36m(Minecraft)[m [0m[STDOUT]: PathNode map size: 55111
[m[34m[21:22:02][m [32m[pool-5-thread-4/INFO][m [36m(Minecraft)[m [0m[STDOUT]: 61312 nodes per second
[m[34m[21:22:02][m [32m[pool-5-thread-4/INFO][m [36m(Minecraft)[m [0m[STDOUT]: Path goes for 128.35497652993436 blocks
[m[34m[21:22:02][m [32m[main/INFO][m [36m(Minecraft)[m [0m[CHAT] §2§l§o[TenorClef] §rT2 [NOW] t=0:45.8 ph=IRON @-181,64,-69 do=<Wander for Infinity blocks> Exploring. eq=wooden_pickaxe woodpick=1 stonepick=0 pick=0 iron=0 buck=0
[m[34m[21:22:03][m [32m[main/INFO][m [36m(Minecraft)[m [0m[CHAT] §2§l§o[TenorClef] §rT2 [NOW] t=0:46.8 ph=IRON @-182,65,-74 do=<Wander for Infinity blocks> Exploring. eq=wooden_pickaxe woodpick=1 stonepick=0 pick=0 iron=0 buck=0
[m[34m[21:22:03][m [32m[main/INFO][m [36m(Minecraft)[m [0m[CHAT] §2§l§o[TenorClef] §rT2 [HIST] 0:46.8 WHY iron: smelt 8 in one furnace
[m[34m[21:22:03][m [32m[main/INFO][m [36m(Minecraft)[m [0m[CHAT] §2§l§o[TenorClef] §rT2 [HIST] 0:46.8 CHILD TimeoutWanderTask -> CollectIronIngotTask ph=IRON @-182,65,-74 sky=15 wet=false ground=true pick=0 buck=0 iron=0 ore=0 rods=0 pearls=0 eyes=0
[m[34m[21:22:04][m [32m[main/INFO][m [36m(Minecraft)[m [0m[CHAT] §2§l§o[TenorClef] §rT2 [HIST] 0:47.0 SNAP ph=IRON @-181,65,-74 sky=15 wet=false ground=true pick=0 buck=0 iron=0 ore=0 rods=0 pearls=0 eyes=0 child=CollectIronIngotTask dbg=<Collecting 8 iron.: [[iron_ingot] x 8]>  mobs=none
[m[34m[21:22:04][m [32m[main/INFO][m [36m(Minecraft)[m [0m[CHAT] §2§l§o[TenorClef] §rT2 [HB] t=0:47.6 ph=IRON y=65 child=CollectIronIngotTask logs=0 pick=0 woodpick=1
[m[34m[21:22:04][m [32m[main/INFO][m [36m(Minecraft)[m [0m[CHAT] §2§l§o[TenorClef] §rT2 [NOW] t=0:47.8 ph=IRON @-178,65,-72 do=<Collecting 8 iron.: [[iron_ingot] x 8]>  eq=wooden_pickaxe woodpick=1 stonepick=0 pick=0 iron=0 buck=0
[m[34m[21:22:05][m [32m[main/INFO][m [36m(Minecraft)[m [0m[CHAT] §2§l§o[TenorClef] §rT2 [NOW] t=0:48.8 ph=IRON @-174,65,-70 do=<Collecting 8 iron.: [[iron_ingot] x 8]>  eq=wooden_pickaxe woodpick=1 stonepick=0 pick=0 iron=0 buck=0
[m[34m[21:22:06][m [32m[main/INFO][m [36m(Minecraft)[m [0m[CHAT] §2§l§o[TenorClef] §rT2 [HIST] 0:49.5 SNAP ph=IRON @-171,65,-69 sky=15 wet=false ground=true pick=0 buck=0 iron=0 ore=0 rods=0 pearls=0 eyes=0 child=CollectIronIngotTask dbg=<Collecting 8 iron.: [[iron_ingot] x 8]>  mobs=none
[m[34m[21:22:06][m [32m[main/INFO][m [36m(Minecraft)[m [0m[CHAT] §2§l§o[TenorClef] §rT2 [NOW] t=0:49.8 ph=IRON @-169,64,-69 do=<Collecting 8 iron.: [[iron_ingot] x 8]>  eq=wooden_pickaxe woodpick=1 stonepick=0 pick=0 iron=0 buck=0
[m[34m[21:22:07][m [32m[main/INFO][m [36m(Minecraft)[m [0m[CHAT] §2§l§o[TenorClef] §rT2 [NOW] t=0:50.8 ph=IRON @-165,63,-68 do=<Collecting 8 iron.: [[iron_ingot] x 8]>  eq=wooden_pickaxe woodpick=1 stonepick=0 pick=0 iron=0 buck=0
[m[34m[21:22:08][m [32m[main/INFO][m [36m(Minecraft)[m [0m[CHAT] §2§l§o[TenorClef] §rT2 [NOW] t=0:51.8 ph=IRON @-160,63,-67 do=<Collecting 8 iron.: [[iron_ingot] x 8]>  eq=wooden_pickaxe woodpick=1 stonepick=0 pick=0 iron=0 buck=0
[m[34m[21:22:09][m [32m[main/INFO][m [36m(Minecraft)[m [0m[CHAT] §2§l§o[TenorClef] §rT2 [HIST] 0:52.0 SNAP ph=IRON @-159,63,-67 sky=12 wet=false ground=true pick=0 buck=0 iron=0 ore=0 rods=0 pearls=0 eyes=0 child=CollectIronIngotTask dbg=<Collecting 8 iron.: [[iron_ingot] x 8]>  mobs=none
[m[34m[21:22:09][m [32m[main/INFO][m [36m(Minecraft)[m [0m[CHAT] §2§l§o[TenorClef] §rT2 [HB] t=0:52.6 ph=IRON y=63 child=CollectIronIngotTask logs=0 pick=0 woodpick=1
[m[34m[21:22:09][m [32m[Server thread/INFO][m [36m(Minecraft)[m [0mPlayer924 has made the advancement [Getting an Upgrade]
[m[34m[21:22:09][m [32m[main/INFO][m [36m(Minecraft)[m [0m[CHAT] Player924 has made the advancement [Getting an Upgrade]
[m[34m[21:22:09][m [32m[main/INFO][m [36m(Minecraft)[m [0mLoaded 47 advancements
[m[34m[21:22:09][m [32m[main/INFO][m [36m(Minecraft)[m [0m[CHAT] §2§l§o[TenorClef] §rMineAndCollect: equip item.minecraft.stone_pickaxe for block.minecraft.iron_ore
[m[34m[21:22:09][m [32m[main/INFO][m [36m(Minecraft)[m [0m[CHAT] §2§l§o[TenorClef] §rT2 [NOW] t=0:52.8 ph=IRON @-158,63,-67 do=<Collecting 8 iron.: [[iron_ingot] x 8]>  eq=stone_pickaxe woodpick=1 stonepick=1 pick=0 iron=0 buck=0
[m[34m[21:22:10][m [32m[main/INFO][m [36m(Minecraft)[m [0m[CHAT] §2§l§o[TenorClef] §rT2 [NOW] t=0:53.8 ph=IRON @-158,63,-72 do=<Collecting 8 iron.: [[iron_ingot] x 8]>  eq=wheat_seeds woodpick=1 stonepick=1 pick=0 iron=0 buck=0
[m[34m[21:22:11][m [32m[main/INFO][m [36m(Minecraft)[m [0m[CHAT] §2§l§o[TenorClef] §rT2 [HIST] 0:54.5 SNAP ph=IRON @-158,63,-72 sky=15 wet=false ground=true pick=0 buck=0 iron=0 ore=0 rods=0 pearls=0 eyes=0 child=CollectIronIngotTask dbg=<Collecting 8 iron.: [[iron_ingot] x 8]>  mobs=none
[m[34m[21:22:11][m [32m[main/INFO][m [36m(Minecraft)[m [0m[CHAT] §2§l§o[TenorClef] §rT2 [NOW] t=0:54.8 ph=IRON @-158,63,-72 do=<Collecting 8 iron.: [[iron_ingot] x 8]>  eq=wheat_seeds woodpick=1 stonepick=1 pick=0 iron=0 buck=0
[m[34m[21:22:12][m [32m[main/INFO][m [36m(Minecraft)[m [0m[CHAT] §2§l§o[TenorClef] §rT2 [NOW] t=0:55.8 ph=IRON @-158,63,-72 do=<Collecting 8 iron.: [[iron_ingot] x 8]>  eq=stone_pickaxe woodpick=1 stonepick=1 pick=0 iron=0 buck=0
[m[34m[21:22:13][m [32m[main/INFO][m [36m(Minecraft)[m [0m[CHAT] §2§l§o[TenorClef] §rT2 [NOW] t=0:56.8 ph=IRON @-158,63,-72 do=<Collecting 8 iron.: [[iron_ingot] x 8]>  eq=stone_pickaxe woodpick=1 stonepick=1 pick=0 iron=0 buck=0
[m[34m[21:22:14][m [32m[main/INFO][m [36m(Minecraft)[m [0m[CHAT] §2§l§o[TenorClef] §rT2 [HIST] 0:57.0 SNAP ph=IRON @-158,63,-72 sky=15 wet=false ground=true pick=0 buck=0 iron=0 ore=0 rods=0 pearls=0 eyes=0 child=CollectIronIngotTask dbg=<Collecting 8 iron.: [[iron_ingot] x 8]>  mobs=none
[m[34m[21:22:14][m [32m[main/INFO][m [36m(Minecraft)[m [0m[CHAT] §2§l§o[TenorClef] §rT2 [HB] t=0:57.6 ph=IRON y=62 child=CollectIronIngotTask logs=0 pick=0 woodpick=1
[m[34m[21:22:14][m [32m[main/INFO][m [36m(Minecraft)[m [0mLoaded 49 advancements
[m[34m[21:22:14][m [32m[main/INFO][m [36m(Minecraft)[m [0m[CHAT] §2§l§o[TenorClef] §rT2 [NOW] t=0:57.8 ph=IRON @-158,61,-73 do=<Collecting 8 iron.: [[iron_ingot] x 8]>  eq=stone_pickaxe woodpick=1 stonepick=1 pick=0 iron=0 buck=0
[m[34m[21:22:15][m [32m[main/INFO][m [36m(Minecraft)[m [0m[CHAT] §2§l§o[TenorClef] §rT2 [NOW] t=0:58.8 ph=IRON @-158,60,-73 do=<Collecting 8 iron.: [[iron_ingot] x 8]>  eq=stone_pickaxe woodpick=1 stonepick=1 pick=0 iron=0 buck=0
[m[34m[21:22:16][m [32m[main/INFO][m [36m(Minecraft)[m [0m[CHAT] §2§l§o[TenorClef] §rT2 [HIST] 0:59.5 SNAP ph=IRON @-158,60,-73 sky=15 wet=false ground=true pick=0 buck=0 iron=0 ore=1 rods=0 pearls=0 eyes=0 child=CollectIronIngotTask dbg=<Collecting 8 iron.: [[iron_ingot] x 8]>  mobs=none
[m[34m[21:22:16][m [32m[main/INFO][m [36m(Minecraft)[m [0m[STDOUT]: ALTO CLEF: WARNING: T2 [S100] stop jump-walk @-158,-73 ph=IRON child=CollectIronIngotTask esc=0
[m[34m[21:22:16][m [32m[main/INFO][m [36m(Minecraft)[m [0m[CHAT] §2§l§o[TenorClef] §cT2 [S100] stop jump-walk @-158,-73 ph=IRON child=CollectIronIngotTask esc=0§r
[m[34m[21:22:16][m [32m[main/INFO][m [36m(Minecraft)[m [0m[CHAT] §2§l§o[TenorClef] §rT2 [HIST] 0:59.8 SOLVE S100 stop jump-walk @-158,-73 ph=IRON child=CollectIronIngotTask esc=0
[m[34m[21:22:16][m [32m[main/INFO][m [36m(Minecraft)[m [0m[CHAT] §2§l§o[TenorClef] §rT2 [HIST] 0:59.8 WHY iron: smelt 8 in one furnace
[m[34m[21:22:16][m [32m[main/INFO][m [36m(Minecraft)[m [0m[CHAT] §2§l§o[TenorClef] §rT2 [NOW] t=0:59.8 ph=IRON @-158,59,-73 do=<Collecting 8 iron.: [[iron_ingot] x 8]>  eq=stone_pickaxe woodpick=1 stonepick=1 pick=0 iron=0 buck=0
[m[34m[21:22:17][m [32m[main/INFO][m [36m(Minecraft)[m [0m[CHAT] §2§l§o[TenorClef] §rT2 [NOW] t=1:00.8 ph=IRON @-158,58,-73 do=<Collecting 8 iron.: [[iron_ingot] x 8]>  eq=stone_pickaxe woodpick=1 stonepick=1 pick=0 iron=0 buck=0
[m[34m[21:22:18][m [32m[main/INFO][m [36m(Minecraft)[m [0m[STDOUT]: ALTO CLEF: WARNING: T2 [E100] jumps=9 @-158,57,-73 ph=IRON child=CollectIronIngotTask
[m[34m[21:22:18][m [32m[main/INFO][m [36m(Minecraft)[m [0m[CHAT] §2§l§o[TenorClef] §cT2 [E100] jumps=9 @-158,57,-73 ph=IRON child=CollectIronIngotTask§r
[m[34m[21:22:18][m [32m[main/INFO][m [36m(Minecraft)[m [0m[CHAT] §2§l§o[TenorClef] §rT2 [HIST] 1:01.4 [E100] jumps=9 @-158,57,-73 ph=IRON child=CollectIronIngotTask
[m[34m[21:22:18][m [32m[main/INFO][m [36m(Minecraft)[m [0m[CHAT] §2§l§o[TenorClef] §rT2 [NOW] t=1:01.8 ph=IRON @-158,57,-73 do=<Collecting 8 iron.: [[iron_ingot] x 8]>  eq=stone_pickaxe woodpick=1 stonepick=1 pick=0 iron=0 buck=0
[m[34m[21:22:19][m [32m[main/INFO][m [36m(Minecraft)[m [0mLoaded 58 advancements
[m[34m[21:22:19][m [32m[main/INFO][m [36m(Minecraft)[m [0m[CHAT] §2§l§o[TenorClef] §rT2 [HIST] 1:02.0 SNAP ph=IRON @-158,57,-73 sky=15 wet=false ground=true pick=0 buck=0 iron=0 ore=1 rods=0 pearls=0 eyes=0 child=CollectIronIngotTask dbg=<Collecting 8 iron.: [[iron_ingot] x 8]>  mobs=none
[m[34m[21:22:19][m [32m[main/INFO][m [36m(Minecraft)[m [0m[STDOUT]: ALTO CLEF: WARNING: T2 [S144] jump-stuck collector — replace CollectIronIngotTask with wander (esc=2)
[m[34m[21:22:19][m [32m[main/INFO][m [36m(Minecraft)[m [0m[CHAT] §2§l§o[TenorClef] §cT2 [S144] jump-stuck collector — replace CollectIronIngotTask with wander (esc=2)§r
[m[34m[21:22:19][m [32m[main/INFO][m [36m(Minecraft)[m [0m[CHAT] §2§l§o[TenorClef] §rT2 [HIST] 1:02.5 SOLVE S144 jump-stuck collector — replace CollectIronIngotTask with wander (esc=2)
[m[34m[21:22:19][m [32m[main/INFO][m [36m(Minecraft)[m [0m[CHAT] §2§l§o[TenorClef] §rT2 [HIST] 1:02.5 CHILD CollectIronIngotTask -> TimeoutWanderTask ph=IRON @-158,56,-73 sky=15 wet=false ground=true pick=0 buck=0 iron=0 ore=1 rods=0 pearls=0 eyes=0
[m[34m[21:22:19][m [32m[main/INFO][m [36m(Minecraft)[m [0m[CHAT] §2§l§o[TenorClef] §rT2 [HB] t=1:02.6 ph=IRON y=56 child=TimeoutWanderTask logs=0 pick=0 woodpick=1
[m[34m[21:22:19][m [32m[main/INFO][m [36m(Minecraft)[m [0m[CHAT] §2§l§o[TenorClef] §rT2 [NOW] t=1:02.8 ph=IRON @-158,56,-73 do=<Wander for Infinity blocks> Exploring. eq=stone_pickaxe woodpick=1 stonepick=1 pick=0 iron=0 buck=0
[m[34m[21:22:20][m [32m[pool-5-thread-4/INFO][m [36m(Minecraft)[m [0m[STDOUT]: 847616 movements considered
[m[34m[21:22:20][m [32m[pool-5-thread-4/INFO][m [36m(Minecraft)[m [0m[STDOUT]: Open set size: 28072
[m[34m[21:22:20][m [32m[pool-5-thread-4/INFO][m [36m(Minecraft)[m [0m[STDOUT]: PathNode map size: 66596
[m[34m[21:22:20][m [32m[pool-5-thread-4/INFO][m [36m(Minecraft)[m [0m[STDOUT]: 77056 nodes per second
[m[34m[21:22:20][m [32m[pool-5-thread-4/INFO][m [36m(Minecraft)[m [0m[STDOUT]: Path goes for 125.04399225872469 blocks
[m[34m[21:22:20][m [32m[main/INFO][m [36m(Minecraft)[m [0m[CHAT] §2§l§o[TenorClef] §rT2 [NOW] t=1:03.8 ph=IRON @-156,58,-74 do=<Wander for Infinity blocks> Exploring. eq=stone_pickaxe woodpick=1 stonepick=1 pick=0 iron=0 buck=0
[m[34m[21:22:21][m [32m[main/INFO][m [36m(Minecraft)[m [0m[CHAT] §2§l§o[TenorClef] §rT2 [NOW] t=1:04.8 ph=IRON @-150,59,-74 do=<Wander for Infinity blocks> Exploring. eq=stone_pickaxe woodpick=1 stonepick=1 pick=0 iron=0 buck=0
[m[34m[21:22:22][m [32m[main/INFO][m [36m(Minecraft)[m [0m[CHAT] §2§l§o[TenorClef] §rT2 [NOW] t=1:05.8 ph=IRON @-145,59,-71 do=<Wander for Infinity blocks> Exploring. eq=stone_pickaxe woodpick=1 stonepick=1 pick=0 iron=0 buck=0
[m[34m[21:22:23][m [32m[main/INFO][m [36m(Minecraft)[m [0m[CHAT] §2§l§o[TenorClef] §rT2 [HIST] 1:06.5 SNAP ph=IRON @-143,60,-70 sky=14 wet=false ground=true pick=0 buck=0 iron=0 ore=1 rods=0 pearls=0 eyes=0 child=TimeoutWanderTask dbg=<Wander for Infinity blocks> Exploring. mobs=none
[m[34m[21:22:23][m [32m[main/INFO][m [36m(Minecraft)[m [0m[CHAT] §2§l§o[TenorClef] §rT2 [NOW] t=1:06.8 ph=IRON @-142,60,-69 do=<Wander for Infinity blocks> Exploring. eq=stone_pickaxe woodpick=1 stonepick=1 pick=0 iron=0 buck=0
[m[34m[21:22:24][m [32m[pool-5-thread-4/INFO][m [36m(Minecraft)[m [0m[STDOUT]: 784256 movements considered
[m[34m[21:22:24][m [32m[pool-5-thread-4/INFO][m [36m(Minecraft)[m [0m[STDOUT]: Open set size: 25402
[m[34m[21:22:24][m [32m[pool-5-thread-4/INFO][m [36m(Minecraft)[m [0m[STDOUT]: PathNode map size: 61045
[m[34m[21:22:24][m [32m[pool-5-thread-4/INFO][m [36m(Minecraft)[m [0m[STDOUT]: 71153 nodes per second
[m[34m[21:22:24][m [32m[pool-5-thread-4/INFO][m [36m(Minecraft)[m [0m[STDOUT]: Path goes for 111.15754585272202 blocks
[m[34m[21:22:24][m [32m[main/INFO][m [36m(Minecraft)[m [0m[CHAT] §2§l§o[TenorClef] §rT2 [NOW] t=1:07.8 ph=IRON @-143,62,-67 do=<Wander for Infinity blocks> Exploring. eq=stone_pickaxe woodpick=1 stonepick=1 pick=0 iron=0 buck=0
[m[34m[21:22:25][m [32m[main/INFO][m [36m(Minecraft)[m [0m[CHAT] §2§l§o[TenorClef] §rT2 [NOW] t=1:08.8 ph=IRON @-145,63,-66 do=<Wander for Infinity blocks> Exploring. eq=stone_pickaxe woodpick=1 stonepick=1 pick=0 iron=0 buck=0
[m[34m[21:22:26][m [32m[main/INFO][m [36m(Minecraft)[m [0m[CHAT] §2§l§o[TenorClef] §rRefreshed inventory...
[m[34m[21:22:26][m [32m[main/INFO][m [36m(Minecraft)[m [0m[CHAT] §2§l§o[TenorClef] §rT2 [NOW] t=1:09.8 ph=IRON @-149,63,-63 do=<Wander for Infinity blocks> Exploring. eq=stone_pickaxe woodpick=1 stonepick=1 pick=0 iron=0 buck=0
[m[34m[21:22:27][m [32m[main/INFO][m [36m(Minecraft)[m [0m[CHAT] §2§l§o[TenorClef] §rT2 [HIST] 1:10.6 WHY iron: smelt 8 in one furnace
[m[34m[21:22:27][m [32m[main/INFO][m [36m(Minecraft)[m [0m[CHAT] §2§l§o[TenorClef] §rT2 [HIST] 1:10.6 CHILD TimeoutWanderTask -> CollectIronIngotTask ph=IRON @-150,63,-60 sky=15 wet=false ground=true pick=0 buck=0 iron=0 ore=1 rods=0 pearls=0 eyes=0
[m[34m[21:22:27][m [32m[main/INFO][m [36m(Minecraft)[m [0m[CHAT] §2§l§o[TenorClef] §rT2 [NOW] t=1:10.8 ph=IRON @-149,63,-60 do=<Collecting 8 iron.: [[iron_ingot] x 8]>  eq=stone_pickaxe woodpick=1 stonepick=1 pick=0 iron=0 buck=0
[m[34m[21:22:28][m [32m[main/INFO][m [36m(Minecraft)[m [0m[CHAT] §2§l§o[TenorClef] §rT2 [HIST] 1:11.0 SNAP ph=IRON @-148,62,-60 sky=15 wet=false ground=false pick=0 buck=0 iron=0 ore=1 rods=0 pearls=0 eyes=0 child=CollectIronIngotTask dbg=<Collecting 8 iron.: [[iron_ingot] x 8]>  mobs=none
[m[34m[21:22:28][m [32m[main/INFO][m [36m(Minecraft)[m [0m[CHAT] §2§l§o[TenorClef] §rT2 [NOW] t=1:11.8 ph=IRON @-147,61,-58 do=<Collecting 8 iron.: [[iron_ingot] x 8]>  eq=stone_pickaxe woodpick=1 stonepick=1 pick=0 iron=0 buck=0
[m[34m[21:22:29][m [32m[main/INFO][m [36m(Minecraft)[m [0m[CHAT] §2§l§o[TenorClef] §rT2 [NOW] t=1:12.8 ph=IRON @-146,61,-58 do=<Collecting 8 iron.: [[iron_ingot] x 8]>  eq=wheat_seeds woodpick=1 stonepick=1 pick=0 iron=0 buck=0
[m[34m[21:22:30][m [32m[main/INFO][m [36m(Minecraft)[m [0m[CHAT] §2§l§o[TenorClef] §rT2 [HIST] 1:13.5 SNAP ph=IRON @-146,61,-58 sky=15 wet=false ground=true pick=0 buck=0 iron=0 ore=1 rods=0 pearls=0 eyes=0 child=CollectIronIngotTask dbg=<Collecting 8 iron.: [[iron_ingot] x 8]>  mobs=none
[m[34m[21:22:30][m [32m[main/INFO][m [36m(Minecraft)[m [0m[CHAT] §2§l§o[TenorClef] §rT2 [NOW] t=1:13.8 ph=IRON @-146,61,-58 do=<Collecting 8 iron.: [[iron_ingot] x 8]>  eq=stone_pickaxe woodpick=1 stonepick=1 pick=0 iron=0 buck=0
[m[34m[21:22:31][m [32m[main/INFO][m [36m(Minecraft)[m [0m[CHAT] §2§l§o[TenorClef] §rT2 [NOW] t=1:14.8 ph=IRON @-147,59,-58 do=<Collecting 8 iron.: [[iron_ingot] x 8]>  eq=stone_pickaxe woodpick=1 stonepick=1 pick=0 iron=0 buck=0
[m[34m[21:22:32][m [32m[main/INFO][m [36m(Minecraft)[m [0m[CHAT] §2§l§o[TenorClef] §rT2 [NOW] t=1:15.8 ph=IRON @-147,59,-58 do=<Collecting 8 iron.: [[iron_ingot] x 8]>  eq=wheat_seeds woodpick=1 stonepick=1 pick=0 iron=0 buck=0
[m[34m[21:22:33][m [32m[main/INFO][m [36m(Minecraft)[m [0m[CHAT] §2§l§o[TenorClef] §rT2 [HIST] 1:16.0 SNAP ph=IRON @-147,59,-58 sky=15 wet=false ground=true pick=0 buck=0 iron=0 ore=2 rods=0 pearls=0 eyes=0 child=CollectIronIngotTask dbg=<Collecting 8 iron.: [[iron_ingot] x 8]>  mobs=none
[m[34m[21:22:33][m [32m[main/INFO][m [36m(Minecraft)[m [0m[CHAT] §2§l§o[TenorClef] §rT2 [NOW] t=1:16.8 ph=IRON @-146,61,-58 do=<Collecting 8 iron.: [[iron_ingot] x 8]>  eq=stone_pickaxe woodpick=1 stonepick=1 pick=0 iron=0 buck=0
[m[34m[21:22:34][m [32m[main/INFO][m [36m(Minecraft)[m [0m[CHAT] §2§l§o[TenorClef] §rT2 [NOW] t=1:17.8 ph=IRON @-143,60,-59 do=<Collecting 8 iron.: [[iron_ingot] x 8]>  eq=stone_pickaxe woodpick=1 stonepick=1 pick=0 iron=0 buck=0
[m[34m[21:22:35][m [32m[main/INFO][m [36m(Minecraft)[m [0m[CHAT] §2§l§o[TenorClef] §rT2 [HIST] 1:18.5 SNAP ph=IRON @-143,60,-59 sky=15 wet=false ground=true pick=0 buck=0 iron=0 ore=2 rods=0 pearls=0 eyes=0 child=CollectIronIngotTask dbg=<Collecting 8 iron.: [[iron_ingot] x 8]>  mobs=none
[m[34m[21:22:35][m [32m[main/INFO][m [36m(Minecraft)[m [0m[CHAT] §2§l§o[TenorClef] §rT2 [NOW] t=1:18.8 ph=IRON @-143,60,-59 do=<Collecting 8 iron.: [[iron_ingot] x 8]>  eq=stone_pickaxe woodpick=1 stonepick=1 pick=0 iron=0 buck=0
[m[34m[21:22:36][m [32m[main/INFO][m [36m(Minecraft)[m [0m[CHAT] §2§l§o[TenorClef] §rT2 [NOW] t=1:19.8 ph=IRON @-143,60,-59 do=<Collecting 8 iron.: [[iron_ingot] x 8]>  eq=stone_pickaxe woodpick=1 stonepick=1 pick=0 iron=0 buck=0
[m[34m[21:22:37][m [32m[main/INFO][m [36m(Minecraft)[m [0m[CHAT] §2§l§o[TenorClef] §rT2 [NOW] t=1:20.8 ph=IRON @-143,60,-59 do=<Collecting 8 iron.: [[iron_ingot] x 8]>  eq=stone_pickaxe woodpick=1 stonepick=1 pick=0 iron=0 buck=0
[m[34m[21:22:38][m [32m[main/INFO][m [36m(Minecraft)[m [0m[CHAT] §2§l§o[TenorClef] §rT2 [HIST] 1:21.0 SNAP ph=IRON @-143,60,-59 sky=15 wet=false ground=true pick=0 buck=0 iron=0 ore=2 rods=0 pearls=0 eyes=0 child=CollectIronIngotTask dbg=<Collecting 8 iron.: [[iron_ingot] x 8]>  mobs=none
[m[34m[21:22:38][m [32m[main/INFO][m [36m(Minecraft)[m [0m[CHAT] §2§l§o[TenorClef] §rT2 [NOW] t=1:21.8 ph=IRON @-142,60,-58 do=<Collecting 8 iron.: [[iron_ingot] x 8]>  eq=stone_pickaxe woodpick=1 stonepick=1 pick=0 iron=0 buck=0
[m[34m[21:22:39][m [32m[main/INFO][m [36m(Minecraft)[m [0m[CHAT] §2§l§o[TenorClef] §rT2 [NOW] t=1:22.8 ph=IRON @-141,59,-58 do=<Collecting 8 iron.: [[iron_ingot] x 8]>  eq=stone_pickaxe woodpick=1 stonepick=1 pick=0 iron=0 buck=0
[m[34m[21:22:40][m [32m[main/INFO][m [36m(Minecraft)[m [0m[STDOUT]: ALTO CLEF: WARNING: T2 [E70] iron stall 6s @-141,-58 — clear blacklist + re-pick ore
[m[34m[21:22:40][m [32m[main/INFO][m [36m(Minecraft)[m [0m[CHAT] §2§l§o[TenorClef] §cT2 [E70] iron stall 6s @-141,-58 — clear blacklist + re-pick ore§r
[m[34m[21:22:40][m [32m[main/INFO][m [36m(Minecraft)[m [0m[CHAT] §2§l§o[TenorClef] §rT2 [HIST] 1:23.5 SNAP ph=IRON @-141,59,-58 sky=15 wet=false ground=true pick=0 buck=0 iron=0 ore=2 rods=0 pearls=0 eyes=0 child=CollectIronIngotTask dbg=<Collecting 8 iron.: [[iron_ingot] x 8]>  mobs=none
[m[34m[21:22:40][m [32m[main/INFO][m [36m(Minecraft)[m [0m[CHAT] §2§l§o[TenorClef] §rT2 [NOW] t=1:23.8 ph=IRON @-141,58,-58 do=<Collecting 8 iron.: [[iron_ingot] x 8]>  eq=stone_pickaxe woodpick=1 stonepick=1 pick=0 iron=0 buck=0
[m[34m[21:22:41][m [32m[main/INFO][m [36m(Minecraft)[m [0m[CHAT] §2§l§o[TenorClef] §rT2 [NOW] t=1:24.8 ph=IRON @-141,58,-58 do=<Collecting 8 iron.: [[iron_ingot] x 8]>  eq=stone_pickaxe woodpick=1 stonepick=1 pick=0 iron=0 buck=0
[m[34m[21:22:42][m [32m[main/INFO][m [36m(Minecraft)[m [0m[CHAT] §2§l§o[TenorClef] §rT2 [NOW] t=1:25.8 ph=IRON @-141,58,-58 do=<Collecting 8 iron.: [[iron_ingot] x 8]>  eq=stone_pickaxe woodpick=1 stonepick=1 pick=0 iron=0 buck=0
[m[34m[21:22:43][m [32m[main/INFO][m [36m(Minecraft)[m [0m[CHAT] §2§l§o[TenorClef] §rT2 [HIST] 1:26.0 SNAP ph=IRON @-141,58,-58 sky=15 wet=false ground=true pick=0 buck=0 iron=0 ore=4 rods=0 pearls=0 eyes=0 child=CollectIronIngotTask dbg=<Collecting 8 iron.: [[iron_ingot] x 8]>  mobs=none
[m[34m[21:22:43][m [32m[main/INFO][m [36m(Minecraft)[m [0m[CHAT] §2§l§o[TenorClef] §rT2 [HB] t=1:26.6 ph=IRON y=58 child=CollectIronIngotTask logs=0 pick=0 woodpick=1
[m[34m[21:22:43][m [32m[main/INFO][m [36m(Minecraft)[m [0m[CHAT] §2§l§o[TenorClef] §rT2 [NOW] t=1:26.8 ph=IRON @-141,58,-58 do=<Collecting 8 iron.: [[iron_ingot] x 8]>  eq=stone_pickaxe woodpick=1 stonepick=1 pick=0 iron=0 buck=0
[m[34m[21:22:44][m [32m[main/INFO][m [36m(Minecraft)[m [0m[CHAT] §2§l§o[TenorClef] §rT2 [NOW] t=1:27.8 ph=IRON @-141,58,-58 do=<Collecting 8 iron.: [[iron_ingot] x 8]>  eq=stone_pickaxe woodpick=1 stonepick=1 pick=0 iron=0 buck=0
[m[34m[21:22:45][m [32m[main/INFO][m [36m(Minecraft)[m [0m[CHAT] §2§l§o[TenorClef] §rT2 [HIST] 1:28.5 SNAP ph=IRON @-141,58,-59 sky=14 wet=false ground=true pick=0 buck=0 iron=0 ore=5 rods=0 pearls=0 eyes=0 child=CollectIronIngotTask dbg=<Collecting 8 iron.: [[iron_ingot] x 8]>  mobs=none
[m[34m[21:22:45][m [32m[main/INFO][m [36m(Minecraft)[m [0m[CHAT] §2§l§o[TenorClef] §rT2 [NOW] t=1:28.8 ph=IRON @-141,58,-59 do=<Collecting 8 iron.: [[iron_ingot] x 8]>  eq=stone_pickaxe woodpick=1 stonepick=1 pick=0 iron=0 buck=0
[m[34m[21:22:46][m [32m[main/INFO][m [36m(Minecraft)[m [0m[CHAT] §2§l§o[TenorClef] §rT2 [NOW] t=1:29.8 ph=IRON @-141,58,-59 do=<Collecting 8 iron.: [[iron_ingot] x 8]>  eq=stone_pickaxe woodpick=1 stonepick=1 pick=0 iron=0 buck=0
[m[34m[21:22:47][m [32m[main/INFO][m [36m(Minecraft)[m [0m[CHAT] §2§l§o[TenorClef] §rT2 [NOW] t=1:30.8 ph=IRON @-141,58,-59 do=<Collecting 8 iron.: [[iron_ingot] x 8]>  eq=stone_pickaxe woodpick=1 stonepick=1 pick=0 iron=0 buck=0
[m[34m[21:22:48][m [32m[main/INFO][m [36m(Minecraft)[m [0m[CHAT] §2§l§o[TenorClef] §rT2 [HIST] 1:31.0 SNAP ph=IRON @-141,58,-59 sky=14 wet=false ground=true pick=0 buck=0 iron=0 ore=6 rods=0 pearls=0 eyes=0 child=CollectIronIngotTask dbg=<Collecting 8 iron.: [[iron_ingot] x 8]>  mobs=none
[m[34m[21:22:48][m [32m[main/INFO][m [36m(Minecraft)[m [0m[CHAT] §2§l§o[TenorClef] §rT2 [HB] t=1:31.6 ph=IRON y=58 child=CollectIronIngotTask logs=0 pick=0 woodpick=1
[m[34m[21:22:48][m [32m[main/INFO][m [36m(Minecraft)[m [0m[CHAT] §2§l§o[TenorClef] §rT2 [NOW] t=1:31.8 ph=IRON @-141,58,-59 do=<Collecting 8 iron.: [[iron_ingot] x 8]>  eq=stone_pickaxe woodpick=1 stonepick=1 pick=0 iron=0 buck=0
[m[34m[21:22:49][m [32m[main/INFO][m [36m(Minecraft)[m [0m[CHAT] §2§l§o[TenorClef] §rT2 [NOW] t=1:32.8 ph=IRON @-141,58,-59 do=<Collecting 8 iron.: [[iron_ingot] x 8]>  eq=stone_pickaxe woodpick=1 stonepick=1 pick=0 iron=0 buck=0
[m[34m[21:22:50][m [32m[main/INFO][m [36m(Minecraft)[m [0m[CHAT] §2§l§o[TenorClef] §rT2 [HIST] 1:33.5 SNAP ph=IRON @-141,58,-59 sky=14 wet=false ground=true pick=0 buck=0 iron=0 ore=9 rods=0 pearls=0 eyes=0 child=CollectIronIngotTask dbg=<Collecting 8 iron.: [[iron_ingot] x 8]>  mobs=none
[m[34m[21:22:50][m [32m[main/INFO][m [36m(Minecraft)[m [0m[CHAT] §2§l§o[TenorClef] §rT2 [NOW] t=1:33.8 ph=IRON @-141,58,-59 do=<Collecting 8 iron.: [[iron_ingot] x 8]>  eq=stone_pickaxe woodpick=1 stonepick=1 pick=0 iron=0 buck=0
[m[34m[21:22:51][m [32m[main/INFO][m [36m(Minecraft)[m [0m[CHAT] §2§l§o[TenorClef] §rT2 [NOW] t=1:34.8 ph=IRON @-141,58,-59 do=<Collecting 8 iron.: [[iron_ingot] x 8]>  eq=stone_pickaxe woodpick=1 stonepick=1 pick=0 iron=0 buck=0
[m[34m[21:22:52][m [32m[main/INFO][m [36m(Minecraft)[m [0mLoaded 59 advancements
[m[34m[21:22:52][m [32m[main/INFO][m [36m(Minecraft)[m [0m[CHAT] §2§l§o[TenorClef] §rT2 [NOW] t=1:35.8 ph=IRON @-141,58,-58 do=<Collecting 8 iron.: [[iron_ingot] x 8]>  eq=stone_pickaxe woodpick=1 stonepick=1 pick=0 iron=0 buck=0
[m[34m[21:22:53][m [32m[main/INFO][m [36m(Minecraft)[m [0m[CHAT] §2§l§o[TenorClef] §rT2 [HIST] 1:36.0 SNAP ph=IRON @-141,58,-58 sky=15 wet=false ground=true pick=0 buck=0 iron=0 ore=9 rods=0 pearls=0 eyes=0 child=CollectIronIngotTask dbg=<Collecting 8 iron.: [[iron_ingot] x 8]>  mobs=none
[m[34m[21:22:53][m [32m[main/INFO][m [36m(Minecraft)[m [0m[CHAT] §2§l§o[TenorClef] §rT2 [HB] t=1:36.6 ph=IRON y=57 child=CollectIronIngotTask logs=0 pick=0 woodpick=1
[m[34m[21:22:53][m [32m[main/INFO][m [36m(Minecraft)[m [0m[CHAT] §2§l§o[TenorClef] §rT2 [NOW] t=1:36.8 ph=IRON @-141,57,-58 do=<Collecting 8 iron.: [[iron_ingot] x 8]>  eq=stone_pickaxe woodpick=1 stonepick=1 pick=0 iron=0 buck=0
[m[34m[21:22:54][m [32m[main/INFO][m [36m(Minecraft)[m [0m[CHAT] §2§l§o[TenorClef] §rT2 [NOW] t=1:37.8 ph=IRON @-142,58,-57 do=<Collecting 8 iron.: [[iron_ingot] x 8]>  eq=stone_pickaxe woodpick=1 stonepick=1 pick=0 iron=0 buck=0
[m[34m[21:22:55][m [32m[main/INFO][m [36m(Minecraft)[m [0m[CHAT] §2§l§o[TenorClef] §rT2 [HIST] 1:38.5 SNAP ph=IRON @-142,60,-56 sky=15 wet=false ground=false pick=0 buck=0 iron=0 ore=9 rods=0 pearls=0 eyes=0 child=CollectIronIngotTask dbg=<Collecting 8 iron.: [[iron_ingot] x 8]>  mobs=none
[m[34m[21:22:55][m [32m[main/INFO][m [36m(Minecraft)[m [0m[CHAT] §2§l§o[TenorClef] §rT2 [NOW] t=1:38.8 ph=IRON @-143,60,-56 do=<Collecting 8 iron.: [[iron_ingot] x 8]>  eq=stone_pickaxe woodpick=1 stonepick=1 pick=0 iron=0 buck=0
[m[34m[21:22:56][m [32m[main/INFO][m [36m(Minecraft)[m [0m[CHAT] §2§l§o[TenorClef] §rRefreshed inventory...
[m[34m[21:22:56][m [32m[main/INFO][m [36m(Minecraft)[m [0m[CHAT] §2§l§o[TenorClef] §rT2 [NOW] t=1:39.8 ph=IRON @-145,61,-59 do=<Collecting 8 iron.: [[iron_ingot] x 8]>  eq=stone_pickaxe woodpick=1 stonepick=1 pick=0 iron=0 buck=0
[m[34m[21:22:57][m [32m[main/INFO][m [36m(Minecraft)[m [0m[CHAT] §2§l§o[TenorClef] §rT2 [NOW] t=1:40.8 ph=IRON @-149,62,-61 do=<Collecting 8 iron.: [[iron_ingot] x 8]>  eq=stone_pickaxe woodpick=1 stonepick=1 pick=0 iron=0 buck=0
[m[34m[21:22:58][m [32m[main/INFO][m [36m(Minecraft)[m [0m[CHAT] §2§l§o[TenorClef] §rT2 [HIST] 1:41.0 SNAP ph=IRON @-149,63,-61 sky=15 wet=false ground=false pick=0 buck=0 iron=0 ore=9 rods=0 pearls=0 eyes=0 child=CollectIronIngotTask dbg=<Collecting 8 iron.: [[iron_ingot] x 8]>  mobs=none
[m[34m[21:22:58][m [32m[main/INFO][m [36m(Minecraft)[m [0m[CHAT] §2§l§o[TenorClef] §rT2 [HB] t=1:41.6 ph=IRON y=63 child=CollectIronIngotTask logs=0 pick=0 woodpick=1
[m[34m[21:22:58][m [32m[main/INFO][m [36m(Minecraft)[m [0m[CHAT] §2§l§o[TenorClef] §rT2 [NOW] t=1:41.8 ph=IRON @-152,63,-63 do=<Collecting 8 iron.: [[iron_ingot] x 8]>  eq=stone_pickaxe woodpick=1 stonepick=1 pick=0 iron=0 buck=0
[m[34m[21:22:59][m [32m[main/INFO][m [36m(Minecraft)[m [0m[CHAT] §2§l§o[TenorClef] §rPRESSED
[m[34m[21:22:59][m [32m[main/INFO][m [36m(Minecraft)[m [0m[CHAT] §2§l§o[TenorClef] §rT2 [NOW] t=1:42.8 ph=IRON @-153,63,-64 do=<Collecting 8 iron.: [[iron_ingot] x 8]>  eq=stone_pickaxe woodpick=1 stonepick=1 pick=0 iron=0 buck=0
[m[34m[21:23:00][m [32m[main/INFO][m [36m(Minecraft)[m [0m[CHAT] §2§l§o[TenorClef] §rT2 [HIST] 1:43.5 SNAP ph=IRON @-153,63,-64 sky=15 wet=false ground=true pick=0 buck=0 iron=0 ore=9 rods=0 pearls=0 eyes=0 child=CollectIronIngotTask dbg=<Collecting 8 iron.: [[iron_ingot] x 8]>  mobs=none
[m[34m[21:23:00][m [32m[main/INFO][m [36m(Minecraft)[m [0m[CHAT] §2§l§o[TenorClef] §rT2 [NOW] t=1:43.8 ph=IRON @-153,63,-64 do=<Collecting 8 iron.: [[iron_ingot] x 8]>  eq=stone_pickaxe woodpick=1 stonepick=1 pick=0 iron=0 buck=0
[m[34m[21:23:01][m [32m[main/INFO][m [36m(Minecraft)[m [0m[CHAT] §2§l§o[TenorClef] §rT2 [NOW] t=1:44.8 ph=IRON @-153,63,-64 do=<Collecting 8 iron.: [[iron_ingot] x 8]>  eq=stone_pickaxe woodpick=1 stonepick=1 pick=0 iron=0 buck=0
[m[34m[21:23:02][m [32m[main/INFO][m [36m(Minecraft)[m [0m[CHAT] §2§l§o[TenorClef] §rT2 [NOW] t=1:45.8 ph=IRON @-153,63,-64 do=<Collecting 8 iron.: [[iron_ingot] x 8]>  eq=stone_pickaxe woodpick=1 stonepick=1 pick=0 iron=0 buck=0
[m[34m[21:23:03][m [32m[main/INFO][m [36m(Minecraft)[m [0m[CHAT] §2§l§o[TenorClef] §rT2 [HIST] 1:46.0 SNAP ph=IRON @-153,63,-64 sky=15 wet=false ground=true pick=0 buck=0 iron=0 ore=9 rods=0 pearls=0 eyes=0 child=CollectIronIngotTask dbg=<Collecting 8 iron.: [[iron_ingot] x 8]>  mobs=none
[m[34m[21:23:03][m [32m[main/INFO][m [36m(Minecraft)[m [0m[CHAT] §2§l§o[TenorClef] §rT2 [HB] t=1:46.6 ph=IRON y=63 child=CollectIronIngotTask logs=0 pick=0 woodpick=1
[m[34m[21:23:03][m [32m[main/INFO][m [36m(Minecraft)[m [0m[CHAT] §2§l§o[TenorClef] §rT2 [NOW] t=1:46.8 ph=IRON @-153,63,-64 do=<Collecting 8 iron.: [[iron_ingot] x 8]>  eq=stone_pickaxe woodpick=1 stonepick=1 pick=0 iron=0 buck=0
[m[34m[21:23:04][m [32m[main/INFO][m [36m(Minecraft)[m [0m[CHAT] §2§l§o[TenorClef] §rT2 [NOW] t=1:47.8 ph=IRON @-153,63,-64 do=<Collecting 8 iron.: [[iron_ingot] x 8]>  eq=stone_pickaxe woodpick=1 stonepick=1 pick=0 iron=0 buck=0
[m[34m[21:23:05][m [32m[main/INFO][m [36m(Minecraft)[m [0m[CHAT] §2§l§o[TenorClef] §rT2 [HIST] 1:48.5 SNAP ph=IRON @-153,63,-64 sky=15 wet=false ground=true pick=0 buck=0 iron=0 ore=9 rods=0 pearls=0 eyes=0 child=CollectIronIngotTask dbg=<Collecting 8 iron.: [[iron_ingot] x 8]>  mobs=none
[m[34m[21:23:05][m [32m[main/INFO][m [36m(Minecraft)[m [0m[CHAT] §2§l§o[TenorClef] §rT2 [NOW] t=1:48.8 ph=IRON @-153,63,-64 do=<Collecting 8 iron.: [[iron_ingot] x 8]>  eq=stone_pickaxe woodpick=1 stonepick=1 pick=0 iron=0 buck=0
[m[34m[21:23:06][m [32m[main/INFO][m [36m(Minecraft)[m [0m[CHAT] §2§l§o[TenorClef] §rT2 [NOW] t=1:49.8 ph=IRON @-153,63,-64 do=<Collecting 8 iron.: [[iron_ingot] x 8]>  eq=stone_pickaxe woodpick=1 stonepick=1 pick=0 iron=0 buck=0
[m[34m[21:23:07][m [32m[main/INFO][m [36m(Minecraft)[m [0m[CHAT] §2§l§o[TenorClef] §rT2 [NOW] t=1:50.8 ph=IRON @-153,63,-64 do=<Collecting 8 iron.: [[iron_ingot] x 8]>  eq=stone_pickaxe woodpick=1 stonepick=1 pick=0 iron=0 buck=0
[m[34m[21:23:08][m [32m[main/INFO][m [36m(Minecraft)[m [0m[CHAT] §2§l§o[TenorClef] §rT2 [HIST] 1:51.0 SNAP ph=IRON @-153,63,-64 sky=15 wet=false ground=true pick=0 buck=0 iron=0 ore=9 rods=0 pearls=0 eyes=0 child=CollectIronIngotTask dbg=<Collecting 8 iron.: [[iron_ingot] x 8]>  mobs=none
[m[34m[21:23:08][m [32m[main/INFO][m [36m(Minecraft)[m [0m[CHAT] §2§l§o[TenorClef] §rT2 [HB] t=1:51.6 ph=IRON y=63 child=CollectIronIngotTask logs=0 pick=0 woodpick=1
[m[34m[21:23:08][m [32m[main/INFO][m [36m(Minecraft)[m [0m[CHAT] §2§l§o[TenorClef] §rT2 [NOW] t=1:51.8 ph=IRON @-153,63,-64 do=<Collecting 8 iron.: [[iron_ingot] x 8]>  eq=stone_pickaxe woodpick=1 stonepick=1 pick=0 iron=0 buck=0
[m[34m[21:23:09][m [32m[main/INFO][m [36m(Minecraft)[m [0m[CHAT] §2§l§o[TenorClef] §rT2 [NOW] t=1:52.8 ph=IRON @-153,63,-64 do=<Collecting 8 iron.: [[iron_ingot] x 8]>  eq=stone_pickaxe woodpick=1 stonepick=1 pick=0 iron=0 buck=0
[m[34m[21:23:10][m [32m[main/INFO][m [36m(Minecraft)[m [0m[CHAT] §2§l§o[TenorClef] §rT2 [HIST] 1:53.5 SNAP ph=IRON @-153,63,-64 sky=15 wet=false ground=true pick=0 buck=0 iron=0 ore=9 rods=0 pearls=0 eyes=0 child=CollectIronIngotTask dbg=<Collecting 8 iron.: [[iron_ingot] x 8]>  mobs=none
[m[34m[21:23:10][m [32m[main/INFO][m [36m(Minecraft)[m [0m[CHAT] §2§l§o[TenorClef] §rT2 [NOW] t=1:53.8 ph=IRON @-153,63,-64 do=<Collecting 8 iron.: [[iron_ingot] x 8]>  eq=stone_pickaxe woodpick=1 stonepick=1 pick=0 iron=0 buck=0
[m[34m[21:23:11][m [32m[main/INFO][m [36m(Minecraft)[m [0m[CHAT] §2§l§o[TenorClef] §rT2 [NOW] t=1:54.8 ph=IRON @-153,63,-64 do=<Collecting 8 iron.: [[iron_ingot] x 8]>  eq=stone_pickaxe woodpick=1 stonepick=1 pick=0 iron=0 buck=0
[m[34m[21:23:12][m [32m[main/INFO][m [36m(Minecraft)[m [0m[CHAT] §2§l§o[TenorClef] §rT2 [NOW] t=1:55.8 ph=IRON @-153,63,-64 do=<Collecting 8 iron.: [[iron_ingot] x 8]>  eq=stone_pickaxe woodpick=1 stonepick=1 pick=0 iron=1 buck=0
[m[34m[21:23:13][m [32m[main/INFO][m [36m(Minecraft)[m [0m[CHAT] §2§l§o[TenorClef] §rT2 [HIST] 1:56.0 SNAP ph=IRON @-153,63,-64 sky=15 wet=false ground=true pick=0 buck=0 iron=1 ore=8 rods=0 pearls=0 eyes=0 child=CollectIronIngotTask dbg=<Collecting 8 iron.: [[iron_ingot] x 8]>  mobs=none
[m[34m[21:23:13][m [32m[main/INFO][m [36m(Minecraft)[m [0m[CHAT] §2§l§o[TenorClef] §rT2 [NOW] t=1:56.8 ph=IRON @-153,63,-64 do=<Collecting 8 iron.: [[iron_ingot] x 8]>  eq=stone_pickaxe woodpick=1 stonepick=1 pick=0 iron=1 buck=0
[m[34m[21:23:14][m [32m[main/INFO][m [36m(Minecraft)[m [0m[CHAT] §2§l§o[TenorClef] §rT2 [NOW] t=1:57.8 ph=IRON @-153,63,-64 do=<Collecting 8 iron.: [[iron_ingot] x 8]>  eq=stone_pickaxe woodpick=1 stonepick=1 pick=0 iron=1 buck=0
[m[34m[21:23:15][m [32m[main/INFO][m [36m(Minecraft)[m [0m[CHAT] §2§l§o[TenorClef] §rT2 [HIST] 1:58.5 SNAP ph=IRON @-153,63,-64 sky=15 wet=false ground=true pick=0 buck=0 iron=1 ore=8 rods=0 pearls=0 eyes=0 child=CollectIronIngotTask dbg=<Collecting 8 iron.: [[iron_ingot] x 8]>  mobs=none
[m[34m[21:23:15][m [32m[main/INFO][m [36m(Minecraft)[m [0m[CHAT] §2§l§o[TenorClef] §rT2 [NOW] t=1:58.8 ph=IRON @-153,63,-64 do=<Collecting 8 iron.: [[iron_ingot] x 8]>  eq=stone_pickaxe woodpick=1 stonepick=1 pick=0 iron=1 buck=0
[m[34m[21:23:16][m [32m[main/INFO][m [36m(Minecraft)[m [0m[CHAT] §2§l§o[TenorClef] §rT2 [NOW] t=1:59.8 ph=IRON @-153,63,-64 do=<Collecting 8 iron.: [[iron_ingot] x 8]>  eq=stone_pickaxe woodpick=1 stonepick=1 pick=0 iron=1 buck=0
[m[34m[21:23:17][m [32m[main/INFO][m [36m(Minecraft)[m [0m[CHAT] §2§l§o[TenorClef] §rT2 [NOW] t=2:00.8 ph=IRON @-153,63,-64 do=<Collecting 8 iron.: [[iron_ingot] x 8]>  eq=stone_pickaxe woodpick=1 stonepick=1 pick=0 iron=1 buck=0
[m[34m[21:23:18][m [32m[main/INFO][m [36m(Minecraft)[m [0m[CHAT] §2§l§o[TenorClef] §rT2 [HIST] 2:01.0 SNAP ph=IRON @-153,63,-64 sky=15 wet=false ground=true pick=0 buck=0 iron=1 ore=8 rods=0 pearls=0 eyes=0 child=CollectIronIngotTask dbg=<Collecting 8 iron.: [[iron_ingot] x 8]>  mobs=none
[m[34m[21:23:18][m [32m[main/INFO][m [36m(Minecraft)[m [0m[CHAT] §2§l§o[TenorClef] §rT2 [NOW] t=2:01.8 ph=IRON @-153,63,-64 do=<Collecting 8 iron.: [[iron_ingot] x 8]>  eq=stone_pickaxe woodpick=1 stonepick=1 pick=0 iron=1 buck=0
[m[34m[21:23:19][m [32m[main/INFO][m [36m(Minecraft)[m [0m[CHAT] §2§l§o[TenorClef] §rT2 [NOW] t=2:02.8 ph=IRON @-153,63,-64 do=<Collecting 8 iron.: [[iron_ingot] x 8]>  eq=stone_pickaxe woodpick=1 stonepick=1 pick=0 iron=1 buck=0
[m[34m[21:23:20][m [32m[main/INFO][m [36m(Minecraft)[m [0m[CHAT] §2§l§o[TenorClef] §rT2 [HIST] 2:03.5 SNAP ph=IRON @-153,63,-64 sky=15 wet=false ground=true pick=0 buck=0 iron=1 ore=8 rods=0 pearls=0 eyes=0 child=CollectIronIngotTask dbg=<Collecting 8 iron.: [[iron_ingot] x 8]>  mobs=none
[m[34m[21:23:20][m [32m[main/INFO][m [36m(Minecraft)[m [0m[CHAT] §2§l§o[TenorClef] §rT2 [NOW] t=2:03.8 ph=IRON @-153,63,-64 do=<Collecting 8 iron.: [[iron_ingot] x 8]>  eq=stone_pickaxe woodpick=1 stonepick=1 pick=0 iron=1 buck=0
[m[34m[21:23:21][m [32m[main/INFO][m [36m(Minecraft)[m [0m[CHAT] §2§l§o[TenorClef] §rT2 [NOW] t=2:04.8 ph=IRON @-153,63,-64 do=<Collecting 8 iron.: [[iron_ingot] x 8]>  eq=stone_pickaxe woodpick=1 stonepick=1 pick=0 iron=1 buck=0
[m[34m[21:23:22][m [32m[main/INFO][m [36m(Minecraft)[m [0m[CHAT] §2§l§o[TenorClef] §rT2 [NOW] t=2:05.8 ph=IRON @-153,63,-64 do=<Collecting 8 iron.: [[iron_ingot] x 8]>  eq=stone_pickaxe woodpick=1 stonepick=1 pick=0 iron=1 buck=0
[m[34m[21:23:23][m [32m[main/INFO][m [36m(Minecraft)[m [0m[CHAT] §2§l§o[TenorClef] §rT2 [HIST] 2:06.0 SNAP ph=IRON @-153,63,-64 sky=15 wet=false ground=true pick=0 buck=0 iron=1 ore=7 rods=0 pearls=0 eyes=0 child=CollectIronIngotTask dbg=<Collecting 8 iron.: [[iron_ingot] x 8]>  mobs=none
[m[34m[21:23:23][m [32m[main/INFO][m [36m(Minecraft)[m [0m[CHAT] §2§l§o[TenorClef] §rT2 [NOW] t=2:06.8 ph=IRON @-153,63,-64 do=<Collecting 8 iron.: [[iron_ingot] x 8]>  eq=stone_pickaxe woodpick=1 stonepick=1 pick=0 iron=2 buck=0
[m[34m[21:23:24][m [32m[main/INFO][m [36m(Minecraft)[m [0m[CHAT] §2§l§o[TenorClef] §rT2 [NOW] t=2:07.8 ph=IRON @-153,63,-64 do=<Collecting 8 iron.: [[iron_ingot] x 8]>  eq=stone_pickaxe woodpick=1 stonepick=1 pick=0 iron=2 buck=0
[m[34m[21:23:25][m [32m[main/INFO][m [36m(Minecraft)[m [0m[CHAT] §2§l§o[TenorClef] §rT2 [HIST] 2:08.5 SNAP ph=IRON @-153,63,-64 sky=15 wet=false ground=true pick=0 buck=0 iron=2 ore=7 rods=0 pearls=0 eyes=0 child=CollectIronIngotTask dbg=<Collecting 8 iron.: [[iron_ingot] x 8]>  mobs=none
[m[34m[21:23:25][m [32m[main/INFO][m [36m(Minecraft)[m [0m[CHAT] §2§l§o[TenorClef] §rT2 [NOW] t=2:08.8 ph=IRON @-153,63,-64 do=<Collecting 8 iron.: [[iron_ingot] x 8]>  eq=stone_pickaxe woodpick=1 stonepick=1 pick=0 iron=2 buck=0
[m[34m[21:23:26][m [32m[main/INFO][m [36m(Minecraft)[m [0m[CHAT] §2§l§o[TenorClef] §rT2 [NOW] t=2:09.8 ph=IRON @-153,63,-64 do=<Collecting 8 iron.: [[iron_ingot] x 8]>  eq=stone_pickaxe woodpick=1 stonepick=1 pick=0 iron=2 buck=0
[m[34m[21:23:27][m [32m[main/INFO][m [36m(Minecraft)[m [0m[CHAT] §2§l§o[TenorClef] §rT2 [NOW] t=2:10.8 ph=IRON @-153,63,-64 do=<Collecting 8 iron.: [[iron_ingot] x 8]>  eq=stone_pickaxe woodpick=1 stonepick=1 pick=0 iron=2 buck=0
[m[34m[21:23:28][m [32m[main/INFO][m [36m(Minecraft)[m [0m[CHAT] §2§l§o[TenorClef] §rT2 [HIST] 2:11.0 SNAP ph=IRON @-153,63,-64 sky=15 wet=false ground=true pick=0 buck=0 iron=2 ore=7 rods=0 pearls=0 eyes=0 child=CollectIronIngotTask dbg=<Collecting 8 iron.: [[iron_ingot] x 8]>  mobs=none
[m[34m[21:23:28][m [32m[main/INFO][m [36m(Minecraft)[m [0m[CHAT] §2§l§o[TenorClef] §rT2 [NOW] t=2:11.8 ph=IRON @-153,63,-64 do=<Collecting 8 iron.: [[iron_ingot] x 8]>  eq=stone_pickaxe woodpick=1 stonepick=1 pick=0 iron=2 buck=0
[m[34m[21:23:29][m [32m[main/INFO][m [36m(Minecraft)[m [0m[STDOUT]: ALTO CLEF: WARNING: T2 [S184] slow GUI @-153,63,-64 age=30s child=CollectIronIngotTask
[m[34m[21:23:29][m [32m[main/INFO][m [36m(Minecraft)[m [0m[CHAT] §2§l§o[TenorClef] §cT2 [S184] slow GUI @-153,63,-64 age=30s child=CollectIronIngotTask§r
[m[34m[21:23:29][m [32m[main/INFO][m [36m(Minecraft)[m [0m[CHAT] §2§l§o[TenorClef] §rT2 [HIST] 2:12.8 SOLVE S184 slow GUI @-153,63,-64 age=30s child=CollectIronIngotTask
[m[34m[21:23:29][m [32m[main/INFO][m [36m(Minecraft)[m [0m[CHAT] §2§l§o[TenorClef] §rT2 [HIST] 2:12.8 WHY iron: smelt 8 in one furnace
[m[34m[21:23:29][m [32m[main/INFO][m [36m(Minecraft)[m [0m[CHAT] §2§l§o[TenorClef] §rT2 [NOW] t=2:12.8 ph=IRON @-153,63,-64 do=<Collecting 8 iron.: [[iron_ingot] x 8]>  eq=stone_pickaxe woodpick=1 stonepick=1 pick=0 iron=2 buck=0
[m[34m[21:23:30][m [32m[main/INFO][m [36m(Minecraft)[m [0m[CHAT] §2§l§o[TenorClef] §rT2 [HIST] 2:13.5 SNAP ph=IRON @-152,63,-68 sky=15 wet=false ground=true pick=0 buck=0 iron=2 ore=7 rods=0 pearls=0 eyes=0 child=CollectIronIngotTask dbg=<Collecting 8 iron.: [[iron_ingot] x 8]>  mobs=none
[m[34m[21:23:30][m [32m[main/INFO][m [36m(Minecraft)[m [0m[CHAT] §2§l§o[TenorClef] §rT2 [NOW] t=2:13.8 ph=IRON @-152,63,-70 do=<Collecting 8 iron.: [[iron_ingot] x 8]>  eq=stone_pickaxe woodpick=1 stonepick=1 pick=0 iron=2 buck=0
[m[34m[21:23:31][m [32m[main/INFO][m [36m(Minecraft)[m [0m[CHAT] §2§l§o[TenorClef] §rT2 [NOW] t=2:14.8 ph=IRON @-151,63,-72 do=<Collecting 8 iron.: [[iron_ingot] x 8]>  eq=stone_pickaxe woodpick=1 stonepick=1 pick=0 iron=2 buck=0
[m[34m[21:23:32][m [32m[main/INFO][m [36m(Minecraft)[m [0m[CHAT] §2§l§o[TenorClef] §rT2 [NOW] t=2:15.8 ph=IRON @-151,63,-72 do=<Collecting 8 iron.: [[iron_ingot] x 8]>  eq=stone_pickaxe woodpick=1 stonepick=1 pick=0 iron=2 buck=0
[m[34m[21:23:33][m [32m[main/INFO][m [36m(Minecraft)[m [0m[CHAT] §2§l§o[TenorClef] §rT2 [HIST] 2:16.0 SNAP ph=IRON @-151,63,-72 sky=15 wet=false ground=true pick=0 buck=0 iron=2 ore=6 rods=0 pearls=0 eyes=0 child=CollectIronIngotTask dbg=<Collecting 8 iron.: [[iron_ingot] x 8]>  mobs=none
[m[34m[21:23:33][m [32m[main/INFO][m [36m(Minecraft)[m [0m[CHAT] §2§l§o[TenorClef] §rT2 [NOW] t=2:16.8 ph=IRON @-151,63,-72 do=<Collecting 8 iron.: [[iron_ingot] x 8]>  eq=stone_pickaxe woodpick=1 stonepick=1 pick=0 iron=3 buck=0
[m[34m[21:23:34][m [32m[main/INFO][m [36m(Minecraft)[m [0m[CHAT] §2§l§o[TenorClef] §rT2 [NOW] t=2:17.8 ph=IRON @-151,63,-72 do=<Collecting 8 iron.: [[iron_ingot] x 8]>  eq=stone_pickaxe woodpick=1 stonepick=1 pick=0 iron=3 buck=0
[m[34m[21:23:35][m [32m[main/INFO][m [36m(Minecraft)[m [0m[CHAT] §2§l§o[TenorClef] §rT2 [HIST] 2:18.5 SNAP ph=IRON @-151,63,-72 sky=15 wet=false ground=true pick=0 buck=0 iron=3 ore=6 rods=0 pearls=0 eyes=0 child=CollectIronIngotTask dbg=<Collecting 8 iron.: [[iron_ingot] x 8]>  mobs=none
[m[34m[21:23:35][m [32m[main/INFO][m [36m(Minecraft)[m [0m[CHAT] §2§l§o[TenorClef] §rT2 [NOW] t=2:18.8 ph=IRON @-151,63,-72 do=<Collecting 8 iron.: [[iron_ingot] x 8]>  eq=stone_pickaxe woodpick=1 stonepick=1 pick=0 iron=3 buck=0
[m[34m[21:23:36][m [32m[main/INFO][m [36m(Minecraft)[m [0m[CHAT] §2§l§o[TenorClef] §rT2 [NOW] t=2:19.8 ph=IRON @-151,63,-72 do=<Collecting 8 iron.: [[iron_ingot] x 8]>  eq=stone_pickaxe woodpick=1 stonepick=1 pick=0 iron=3 buck=0
[m[34m[21:23:37][m [32m[main/INFO][m [36m(Minecraft)[m [0m[CHAT] §2§l§o[TenorClef] §rT2 [NOW] t=2:20.9 ph=IRON @-151,63,-72 do=<Collecting 8 iron.: [[iron_ingot] x 8]>  eq=stone_pickaxe woodpick=1 stonepick=1 pick=0 iron=3 buck=0
[m[34m[21:23:38][m [32m[main/INFO][m [36m(Minecraft)[m [0m[CHAT] §2§l§o[TenorClef] §rT2 [HIST] 2:21.0 SNAP ph=IRON @-151,63,-72 sky=15 wet=false ground=true pick=0 buck=0 iron=3 ore=6 rods=0 pearls=0 eyes=0 child=CollectIronIngotTask dbg=<Collecting 8 iron.: [[iron_ingot] x 8]>  mobs=none
[m[34m[21:23:38][m [32m[main/INFO][m [36m(Minecraft)[m [0m[CHAT] §2§l§o[TenorClef] §rT2 [NOW] t=2:21.8 ph=IRON @-151,63,-72 do=<Collecting 8 iron.: [[iron_ingot] x 8]>  eq=stone_pickaxe woodpick=1 stonepick=1 pick=0 iron=3 buck=0
[m[34m[21:23:39][m [32m[main/INFO][m [36m(Minecraft)[m [0m[CHAT] §2§l§o[TenorClef] §rT2 [NOW] t=2:22.8 ph=IRON @-151,63,-72 do=<Collecting 8 iron.: [[iron_ingot] x 8]>  eq=stone_pickaxe woodpick=1 stonepick=1 pick=0 iron=3 buck=0
[m[34m[21:23:40][m [32m[main/INFO][m [36m(Minecraft)[m [0m[CHAT] §2§l§o[TenorClef] §rT2 [HIST] 2:23.5 SNAP ph=IRON @-151,63,-72 sky=15 wet=false ground=true pick=0 buck=0 iron=3 ore=6 rods=0 pearls=0 eyes=0 child=CollectIronIngotTask dbg=<Collecting 8 iron.: [[iron_ingot] x 8]>  mobs=none
[m[34m[21:23:40][m [32m[main/INFO][m [36m(Minecraft)[m [0m[CHAT] §2§l§o[TenorClef] §rT2 [NOW] t=2:23.8 ph=IRON @-151,63,-72 do=<Collecting 8 iron.: [[iron_ingot] x 8]>  eq=stone_pickaxe woodpick=1 stonepick=1 pick=0 iron=3 buck=0
[m[34m[21:23:41][m [32m[main/INFO][m [36m(Minecraft)[m [0m[CHAT] §2§l§o[TenorClef] §rT2 [NOW] t=2:24.8 ph=IRON @-151,63,-72 do=<Collecting 8 iron.: [[iron_ingot] x 8]>  eq=stone_pickaxe woodpick=1 stonepick=1 pick=0 iron=3 buck=0
[m[34m[21:23:42][m [32m[main/INFO][m [36m(Minecraft)[m [0m[CHAT] §2§l§o[TenorClef] §rT2 [NOW] t=2:25.8 ph=IRON @-151,63,-72 do=<Collecting 8 iron.: [[iron_ingot] x 8]>  eq=stone_pickaxe woodpick=1 stonepick=1 pick=0 iron=3 buck=0
[m[34m[21:23:43][m [32m[main/INFO][m [36m(Minecraft)[m [0m[CHAT] §2§l§o[TenorClef] §rT2 [HIST] 2:26.0 SNAP ph=IRON @-151,63,-72 sky=15 wet=false ground=true pick=0 buck=0 iron=3 ore=5 rods=0 pearls=0 eyes=0 child=CollectIronIngotTask dbg=<Collecting 8 iron.: [[iron_ingot] x 8]>  mobs=none
[m[34m[21:23:43][m [32m[main/INFO][m [36m(Minecraft)[m [0m[CHAT] §2§l§o[TenorClef] §rT2 [NOW] t=2:26.8 ph=IRON @-151,63,-72 do=<Collecting 8 iron.: [[iron_ingot] x 8]>  eq=stone_pickaxe woodpick=1 stonepick=1 pick=0 iron=4 buck=0
[m[34m[21:23:44][m [32m[main/INFO][m [36m(Minecraft)[m [0m[CHAT] §2§l§o[TenorClef] §rT2 [NOW] t=2:27.8 ph=IRON @-151,63,-72 do=<Collecting 8 iron.: [[iron_ingot] x 8]>  eq=stone_pickaxe woodpick=1 stonepick=1 pick=0 iron=4 buck=0
[m[34m[21:23:45][m [32m[main/INFO][m [36m(Minecraft)[m [0m[CHAT] §2§l§o[TenorClef] §rT2 [HIST] 2:28.5 SNAP ph=IRON @-151,63,-72 sky=15 wet=false ground=true pick=0 buck=0 iron=4 ore=5 rods=0 pearls=0 eyes=0 child=CollectIronIngotTask dbg=<Collecting 8 iron.: [[iron_ingot] x 8]>  mobs=none
[m[34m[21:23:45][m [32m[main/INFO][m [36m(Minecraft)[m [0m[CHAT] §2§l§o[TenorClef] §rT2 [NOW] t=2:28.8 ph=IRON @-151,63,-72 do=<Collecting 8 iron.: [[iron_ingot] x 8]>  eq=stone_pickaxe woodpick=1 stonepick=1 pick=0 iron=4 buck=0
[m[34m[21:23:46][m [32m[main/INFO][m [36m(Minecraft)[m [0m[CHAT] §2§l§o[TenorClef] §rT2 [NOW] t=2:29.8 ph=IRON @-151,63,-72 do=<Collecting 8 iron.: [[iron_ingot] x 8]>  eq=stone_pickaxe woodpick=1 stonepick=1 pick=0 iron=4 buck=0
[m[34m[21:23:47][m [32m[main/INFO][m [36m(Minecraft)[m [0m[CHAT] §2§l§o[TenorClef] §rT2 [NOW] t=2:30.8 ph=IRON @-151,63,-72 do=<Collecting 8 iron.: [[iron_ingot] x 8]>  eq=stone_pickaxe woodpick=1 stonepick=1 pick=0 iron=4 buck=0
[m[34m[21:23:48][m [32m[main/INFO][m [36m(Minecraft)[m [0m[CHAT] §2§l§o[TenorClef] §rT2 [HIST] 2:31.0 SNAP ph=IRON @-151,63,-72 sky=15 wet=false ground=true pick=0 buck=0 iron=4 ore=5 rods=0 pearls=0 eyes=0 child=CollectIronIngotTask dbg=<Collecting 8 iron.: [[iron_ingot] x 8]>  mobs=none
[m[34m[21:23:48][m [32m[main/INFO][m [36m(Minecraft)[m [0m[CHAT] §2§l§o[TenorClef] §rT2 [NOW] t=2:31.8 ph=IRON @-151,63,-72 do=<Collecting 8 iron.: [[iron_ingot] x 8]>  eq=stone_pickaxe woodpick=1 stonepick=1 pick=0 iron=4 buck=0
[m[34m[21:23:49][m [32m[main/INFO][m [36m(Minecraft)[m [0m[CHAT] §2§l§o[TenorClef] §rT2 [NOW] t=2:32.8 ph=IRON @-151,63,-72 do=<Collecting 8 iron.: [[iron_ingot] x 8]>  eq=stone_pickaxe woodpick=1 stonepick=1 pick=0 iron=4 buck=0
[m[34m[21:23:50][m [32m[main/INFO][m [36m(Minecraft)[m [0m[CHAT] §2§l§o[TenorClef] §rT2 [HIST] 2:33.5 SNAP ph=IRON @-151,63,-72 sky=15 wet=false ground=true pick=0 buck=0 iron=4 ore=5 rods=0 pearls=0 eyes=0 child=CollectIronIngotTask dbg=<Collecting 8 iron.: [[iron_ingot] x 8]>  mobs=none
[m[34m[21:23:50][m [32m[main/INFO][m [36m(Minecraft)[m [0m[CHAT] §2§l§o[TenorClef] §rT2 [NOW] t=2:33.8 ph=IRON @-151,63,-72 do=<Collecting 8 iron.: [[iron_ingot] x 8]>  eq=stone_pickaxe woodpick=1 stonepick=1 pick=0 iron=4 buck=0
[m[34m[21:23:51][m [32m[main/INFO][m [36m(Minecraft)[m [0m[CHAT] §2§l§o[TenorClef] §rT2 [NOW] t=2:34.8 ph=IRON @-151,63,-72 do=<Collecting 8 iron.: [[iron_ingot] x 8]>  eq=stone_pickaxe woodpick=1 stonepick=1 pick=0 iron=4 buck=0
[m[34m[21:23:52][m [32m[main/INFO][m [36m(Minecraft)[m [0m[CHAT] §2§l§o[TenorClef] §rT2 [NOW] t=2:35.8 ph=IRON @-151,63,-72 do=<Collecting 8 iron.: [[iron_ingot] x 8]>  eq=stone_pickaxe woodpick=1 stonepick=1 pick=0 iron=5 buck=0
[m[34m[21:23:53][m [32m[main/INFO][m [36m(Minecraft)[m [0m[CHAT] §2§l§o[TenorClef] §rT2 [HIST] 2:36.0 SNAP ph=IRON @-151,63,-72 sky=15 wet=false ground=true pick=0 buck=0 iron=5 ore=4 rods=0 pearls=0 eyes=0 child=CollectIronIngotTask dbg=<Collecting 8 iron.: [[iron_ingot] x 8]>  mobs=none
[m[34m[21:23:53][m [32m[main/INFO][m [36m(Minecraft)[m [0m[CHAT] §2§l§o[TenorClef] §rT2 [NOW] t=2:36.8 ph=IRON @-151,63,-72 do=<Collecting 8 iron.: [[iron_ingot] x 8]>  eq=stone_pickaxe woodpick=1 stonepick=1 pick=0 iron=5 buck=0
[m[34m[21:23:54][m [32m[main/INFO][m [36m(Minecraft)[m [0m[CHAT] §2§l§o[TenorClef] §rT2 [NOW] t=2:37.8 ph=IRON @-151,63,-72 do=<Collecting 8 iron.: [[iron_ingot] x 8]>  eq=stone_pickaxe woodpick=1 stonepick=1 pick=0 iron=5 buck=0
[m[34m[21:23:55][m [32m[main/INFO][m [36m(Minecraft)[m [0m[CHAT] §2§l§o[TenorClef] §rT2 [HIST] 2:38.5 SNAP ph=IRON @-151,63,-72 sky=15 wet=false ground=true pick=0 buck=0 iron=5 ore=4 rods=0 pearls=0 eyes=0 child=CollectIronIngotTask dbg=<Collecting 8 iron.: [[iron_ingot] x 8]>  mobs=none
[m[34m[21:23:55][m [32m[main/INFO][m [36m(Minecraft)[m [0m[CHAT] §2§l§o[TenorClef] §rT2 [NOW] t=2:38.8 ph=IRON @-151,63,-72 do=<Collecting 8 iron.: [[iron_ingot] x 8]>  eq=stone_pickaxe woodpick=1 stonepick=1 pick=0 iron=5 buck=0
[m[34m[21:23:56][m [32m[main/INFO][m [36m(Minecraft)[m [0m[CHAT] §2§l§o[TenorClef] §rT2 [NOW] t=2:39.8 ph=IRON @-151,63,-72 do=<Collecting 8 iron.: [[iron_ingot] x 8]>  eq=stone_pickaxe woodpick=1 stonepick=1 pick=0 iron=5 buck=0
[m[34m[21:23:57][m [32m[main/INFO][m [36m(Minecraft)[m [0m[CHAT] §2§l§o[TenorClef] §rT2 [NOW] t=2:40.8 ph=IRON @-151,63,-72 do=<Collecting 8 iron.: [[iron_ingot] x 8]>  eq=stone_pickaxe woodpick=1 stonepick=1 pick=0 iron=5 buck=0
[m[34m[21:23:58][m [32m[main/INFO][m [36m(Minecraft)[m [0m[CHAT] §2§l§o[TenorClef] §rT2 [HIST] 2:41.0 SNAP ph=IRON @-151,63,-72 sky=15 wet=false ground=true pick=0 buck=0 iron=5 ore=4 rods=0 pearls=0 eyes=0 child=CollectIronIngotTask dbg=<Collecting 8 iron.: [[iron_ingot] x 8]>  mobs=none
[m[34m[21:23:58][m [32m[main/INFO][m [36m(Minecraft)[m [0m[CHAT] §2§l§o[TenorClef] §rT2 [NOW] t=2:41.8 ph=IRON @-151,63,-72 do=<Collecting 8 iron.: [[iron_ingot] x 8]>  eq=stone_pickaxe woodpick=1 stonepick=1 pick=0 iron=5 buck=0
[m[34m[21:23:59][m [32m[main/INFO][m [36m(Minecraft)[m [0m[CHAT] §2§l§o[TenorClef] §rT2 [NOW] t=2:42.8 ph=IRON @-151,63,-72 do=<Collecting 8 iron.: [[iron_ingot] x 8]>  eq=stone_pickaxe woodpick=1 stonepick=1 pick=0 iron=5 buck=0
[m[34m[21:23:59][m [32m[main/INFO][m [36m(Minecraft)[m [0m[STDOUT]: ALTO CLEF: WARNING: T2 [S184] slow GUI @-151,63,-72 age=30s child=CollectIronIngotTask
[m[34m[21:23:59][m [32m[main/INFO][m [36m(Minecraft)[m [0m[CHAT] §2§l§o[TenorClef] §cT2 [S184] slow GUI @-151,63,-72 age=30s child=CollectIronIngotTask§r
[m[34m[21:23:59][m [32m[main/INFO][m [36m(Minecraft)[m [0m[CHAT] §2§l§o[TenorClef] §rT2 [HIST] 2:42.8 SOLVE S184 slow GUI @-151,63,-72 age=30s child=CollectIronIngotTask
[m[34m[21:23:59][m [32m[main/INFO][m [36m(Minecraft)[m [0m[CHAT] §2§l§o[TenorClef] §rT2 [HIST] 2:42.8 WHY iron: smelt 8 in one furnace
[m[34m[21:24:00][m [32m[main/INFO][m [36m(Minecraft)[m [0m[CHAT] §2§l§o[TenorClef] §rRefreshed inventory...
[m[34m[21:24:00][m [32m[Server thread/INFO][m [36m(Minecraft)[m [0mPlayer924 has made the advancement [Acquire Hardware]
[m[34m[21:24:00][m [32m[main/INFO][m [36m(Minecraft)[m [0m[CHAT] Player924 has made the advancement [Acquire Hardware]
[m[34m[21:24:00][m [32m[main/INFO][m [36m(Minecraft)[m [0mLoaded 85 advancements
[m[34m[21:24:00][m [32m[main/INFO][m [36m(Minecraft)[m [0m[CHAT] §2§l§o[TenorClef] §rT2 [HIST] 2:43.5 SNAP ph=IRON @-150,63,-71 sky=15 wet=false ground=true pick=0 buck=0 iron=5 ore=1 rods=0 pearls=0 eyes=0 child=CollectIronIngotTask dbg=<Collecting 8 iron.: [[iron_ingot] x 8]>  mobs=none
[m[34m[21:24:00][m [32m[main/INFO][m [36m(Minecraft)[m [0m[CHAT] §2§l§o[TenorClef] §rT2 [NOW] t=2:43.8 ph=IRON @-151,63,-70 do=<Collecting 8 iron.: [[iron_ingot] x 8]>  eq=stone_pickaxe woodpick=1 stonepick=1 pick=0 iron=5 buck=0
[m[34m[21:24:01][m [32m[main/INFO][m [36m(Minecraft)[m [0m[CHAT] §2§l§o[TenorClef] §rT2 [NOW] t=2:44.8 ph=IRON @-152,63,-69 do=<Collecting 8 iron.: [[iron_ingot] x 8]>  eq=stone_pickaxe woodpick=1 stonepick=1 pick=0 iron=5 buck=0
[m[34m[21:24:02][m [32m[main/INFO][m [36m(Minecraft)[m [0m[CHAT] §2§l§o[TenorClef] §rT2 [NOW] t=2:45.8 ph=IRON @-152,63,-69 do=<Collecting 8 iron.: [[iron_ingot] x 8]>  eq=stone_pickaxe woodpick=1 stonepick=1 pick=0 iron=6 buck=0
[m[34m[21:24:03][m [32m[main/INFO][m [36m(Minecraft)[m [0m[CHAT] §2§l§o[TenorClef] §rT2 [HIST] 2:46.0 SNAP ph=IRON @-152,63,-69 sky=15 wet=false ground=true pick=0 buck=0 iron=6 ore=3 rods=0 pearls=0 eyes=0 child=CollectIronIngotTask dbg=<Collecting 8 iron.: [[iron_ingot] x 8]>  mobs=none
[m[34m[21:24:03][m [32m[main/INFO][m [36m(Minecraft)[m [0m[CHAT] §2§l§o[TenorClef] §rT2 [NOW] t=2:46.8 ph=IRON @-152,63,-69 do=<Collecting 8 iron.: [[iron_ingot] x 8]>  eq=stone_pickaxe woodpick=1 stonepick=1 pick=0 iron=6 buck=0
[m[34m[21:24:04][m [32m[main/INFO][m [36m(Minecraft)[m [0m[CHAT] §2§l§o[TenorClef] §rT2 [NOW] t=2:47.8 ph=IRON @-152,63,-69 do=<Collecting 8 iron.: [[iron_ingot] x 8]>  eq=stone_pickaxe woodpick=1 stonepick=1 pick=0 iron=6 buck=0
[m[34m[21:24:05][m [32m[main/INFO][m [36m(Minecraft)[m [0m[CHAT] §2§l§o[TenorClef] §rT2 [HIST] 2:48.5 SNAP ph=IRON @-152,63,-69 sky=15 wet=false ground=true pick=0 buck=0 iron=6 ore=3 rods=0 pearls=0 eyes=0 child=CollectIronIngotTask dbg=<Collecting 8 iron.: [[iron_ingot] x 8]>  mobs=none
[m[34m[21:24:05][m [32m[main/INFO][m [36m(Minecraft)[m [0m[CHAT] §2§l§o[TenorClef] §rT2 [NOW] t=2:48.8 ph=IRON @-152,63,-69 do=<Collecting 8 iron.: [[iron_ingot] x 8]>  eq=stone_pickaxe woodpick=1 stonepick=1 pick=0 iron=6 buck=0
[m[34m[21:24:06][m [32m[main/INFO][m [36m(Minecraft)[m [0m[CHAT] §2§l§o[TenorClef] §rT2 [NOW] t=2:49.8 ph=IRON @-152,63,-69 do=<Collecting 8 iron.: [[iron_ingot] x 8]>  eq=stone_pickaxe woodpick=1 stonepick=1 pick=0 iron=6 buck=0
[m[34m[21:24:07][m [32m[main/INFO][m [36m(Minecraft)[m [0m[CHAT] §2§l§o[TenorClef] §rT2 [NOW] t=2:50.8 ph=IRON @-152,63,-69 do=<Collecting 8 iron.: [[iron_ingot] x 8]>  eq=stone_pickaxe woodpick=1 stonepick=1 pick=0 iron=6 buck=0
[m[34m[21:24:08][m [32m[main/INFO][m [36m(Minecraft)[m [0m[CHAT] §2§l§o[TenorClef] §rT2 [HIST] 2:51.0 SNAP ph=IRON @-152,63,-69 sky=15 wet=false ground=true pick=0 buck=0 iron=6 ore=3 rods=0 pearls=0 eyes=0 child=CollectIronIngotTask dbg=<Collecting 8 iron.: [[iron_ingot] x 8]>  mobs=none
[m[34m[21:24:08][m [32m[main/INFO][m [36m(Minecraft)[m [0m[CHAT] §2§l§o[TenorClef] §rT2 [NOW] t=2:51.8 ph=IRON @-152,63,-69 do=<Collecting 8 iron.: [[iron_ingot] x 8]>  eq=stone_pickaxe woodpick=1 stonepick=1 pick=0 iron=6 buck=0
[m[34m[21:24:09][m [32m[main/INFO][m [36m(Minecraft)[m [0m[CHAT] §2§l§o[TenorClef] §rT2 [NOW] t=2:52.8 ph=IRON @-152,63,-69 do=<Collecting 8 iron.: [[iron_ingot] x 8]>  eq=stone_pickaxe woodpick=1 stonepick=1 pick=0 iron=6 buck=0
[m[34m[21:24:10][m [32m[main/INFO][m [36m(Minecraft)[m [0m[CHAT] §2§l§o[TenorClef] §rT2 [HIST] 2:53.5 SNAP ph=IRON @-152,63,-69 sky=15 wet=false ground=true pick=0 buck=0 iron=6 ore=3 rods=0 pearls=0 eyes=0 child=CollectIronIngotTask dbg=<Collecting 8 iron.: [[iron_ingot] x 8]>  mobs=none
[m[34m[21:24:10][m [32m[main/INFO][m [36m(Minecraft)[m [0m[CHAT] §2§l§o[TenorClef] §rT2 [NOW] t=2:53.8 ph=IRON @-152,63,-69 do=<Collecting 8 iron.: [[iron_ingot] x 8]>  eq=stone_pickaxe woodpick=1 stonepick=1 pick=0 iron=6 buck=0
[m[34m[21:24:11][m [32m[main/INFO][m [36m(Minecraft)[m [0m[CHAT] §2§l§o[TenorClef] §rT2 [NOW] t=2:54.8 ph=IRON @-152,63,-69 do=<Collecting 8 iron.: [[iron_ingot] x 8]>  eq=stone_pickaxe woodpick=1 stonepick=1 pick=0 iron=6 buck=0
[m[34m[21:24:12][m [32m[main/INFO][m [36m(Minecraft)[m [0m[CHAT] §2§l§o[TenorClef] §rT2 [NOW] t=2:55.8 ph=IRON @-152,63,-69 do=<Collecting 8 iron.: [[iron_ingot] x 8]>  eq=stone_pickaxe woodpick=1 stonepick=1 pick=0 iron=6 buck=0
[m[34m[21:24:13][m [32m[main/INFO][m [36m(Minecraft)[m [0m[CHAT] §2§l§o[TenorClef] §rT2 [HIST] 2:56.0 SNAP ph=IRON @-152,63,-69 sky=15 wet=false ground=true pick=0 buck=0 iron=6 ore=2 rods=0 pearls=0 eyes=0 child=CollectIronIngotTask dbg=<Collecting 8 iron.: [[iron_ingot] x 8]>  mobs=none
[m[34m[21:24:13][m [32m[main/INFO][m [36m(Minecraft)[m [0m[CHAT] §2§l§o[TenorClef] §rT2 [NOW] t=2:56.8 ph=IRON @-152,63,-69 do=<Collecting 8 iron.: [[iron_ingot] x 8]>  eq=stone_pickaxe woodpick=1 stonepick=1 pick=0 iron=7 buck=0
[m[34m[21:24:14][m [32m[main/INFO][m [36m(Minecraft)[m [0m[CHAT] §2§l§o[TenorClef] §rT2 [NOW] t=2:57.8 ph=IRON @-152,63,-69 do=<Collecting 8 iron.: [[iron_ingot] x 8]>  eq=stone_pickaxe woodpick=1 stonepick=1 pick=0 iron=7 buck=0
[m[34m[21:24:15][m [32m[main/INFO][m [36m(Minecraft)[m [0m[CHAT] §2§l§o[TenorClef] §rT2 [HIST] 2:58.5 SNAP ph=IRON @-152,63,-69 sky=15 wet=false ground=true pick=0 buck=0 iron=7 ore=2 rods=0 pearls=0 eyes=0 child=CollectIronIngotTask dbg=<Collecting 8 iron.: [[iron_ingot] x 8]>  mobs=none
[m[34m[21:24:15][m [32m[main/INFO][m [36m(Minecraft)[m [0m[CHAT] §2§l§o[TenorClef] §rT2 [NOW] t=2:58.8 ph=IRON @-152,63,-69 do=<Collecting 8 iron.: [[iron_ingot] x 8]>  eq=stone_pickaxe woodpick=1 stonepick=1 pick=0 iron=7 buck=0
[m[34m[21:24:16][m [32m[main/INFO][m [36m(Minecraft)[m [0m[CHAT] §2§l§o[TenorClef] §rT2 [NOW] t=2:59.8 ph=IRON @-152,63,-69 do=<Collecting 8 iron.: [[iron_ingot] x 8]>  eq=stone_pickaxe woodpick=1 stonepick=1 pick=0 iron=7 buck=0
[m[34m[21:24:17][m [32m[main/INFO][m [36m(Minecraft)[m [0m[CHAT] §2§l§o[TenorClef] §rT2 [NOW] t=3:00.8 ph=IRON @-152,63,-69 do=<Collecting 8 iron.: [[iron_ingot] x 8]>  eq=stone_pickaxe woodpick=1 stonepick=1 pick=0 iron=7 buck=0
[m[34m[21:24:18][m [32m[main/INFO][m [36m(Minecraft)[m [0m[CHAT] §2§l§o[TenorClef] §rT2 [HIST] 3:01.0 SNAP ph=IRON @-152,63,-69 sky=15 wet=false ground=true pick=0 buck=0 iron=7 ore=2 rods=0 pearls=0 eyes=0 child=CollectIronIngotTask dbg=<Collecting 8 iron.: [[iron_ingot] x 8]>  mobs=none
[m[34m[21:24:18][m [32m[main/INFO][m [36m(Minecraft)[m [0m[CHAT] §2§l§o[TenorClef] §rT2 [NOW] t=3:01.8 ph=IRON @-152,63,-69 do=<Collecting 8 iron.: [[iron_ingot] x 8]>  eq=stone_pickaxe woodpick=1 stonepick=1 pick=0 iron=7 buck=0
[m[34m[21:24:19][m [32m[main/INFO][m [36m(Minecraft)[m [0m[CHAT] §2§l§o[TenorClef] §rT2 [NOW] t=3:02.8 ph=IRON @-152,63,-69 do=<Collecting 8 iron.: [[iron_ingot] x 8]>  eq=stone_pickaxe woodpick=1 stonepick=1 pick=0 iron=7 buck=0
[m[34m[21:24:20][m [32m[main/INFO][m [36m(Minecraft)[m [0m[CHAT] §2§l§o[TenorClef] §rT2 [HIST] 3:03.5 SNAP ph=IRON @-152,63,-69 sky=15 wet=false ground=true pick=0 buck=0 iron=7 ore=2 rods=0 pearls=0 eyes=0 child=CollectIronIngotTask dbg=<Collecting 8 iron.: [[iron_ingot] x 8]>  mobs=none
[m[34m[21:24:20][m [32m[main/INFO][m [36m(Minecraft)[m [0m[CHAT] §2§l§o[TenorClef] §rT2 [NOW] t=3:03.8 ph=IRON @-152,63,-69 do=<Collecting 8 iron.: [[iron_ingot] x 8]>  eq=stone_pickaxe woodpick=1 stonepick=1 pick=0 iron=7 buck=0
[m[34m[21:24:21][m [32m[main/INFO][m [36m(Minecraft)[m [0m[CHAT] §2§l§o[TenorClef] §rT2 [NOW] t=3:04.8 ph=IRON @-152,63,-69 do=<Collecting 8 iron.: [[iron_ingot] x 8]>  eq=stone_pickaxe woodpick=1 stonepick=1 pick=0 iron=7 buck=0
[m[34m[21:24:22][m [32m[main/INFO][m [36m(Minecraft)[m [0m[CHAT] §2§l§o[TenorClef] §rT2 [NOW] t=3:05.8 ph=IRON @-152,63,-69 do=<Collecting 8 iron.: [[iron_ingot] x 8]>  eq=stone_pickaxe woodpick=1 stonepick=1 pick=0 iron=7 buck=0
[m[34m[21:24:23][m [32m[main/INFO][m [36m(Minecraft)[m [0m[CHAT] §2§l§o[TenorClef] §rT2 [HIST] 3:06.0 SNAP ph=IRON @-152,63,-69 sky=15 wet=false ground=true pick=0 buck=0 iron=7 ore=1 rods=0 pearls=0 eyes=0 child=CollectIronIngotTask dbg=<Collecting 8 iron.: [[iron_ingot] x 8]>  mobs=none
[m[34m[21:24:23][m [32m[main/INFO][m [36m(Minecraft)[m [0m[CHAT] §2§l§o[TenorClef] §rT2 [HIST] 3:06.3 WHY iron: lock pick craft, ignore y flicker
[m[34m[21:24:23][m [32m[main/INFO][m [36m(Minecraft)[m [0m[CHAT] §2§l§o[TenorClef] §rT2 [HIST] 3:06.3 CHILD CollectIronIngotTask -> CraftInTableTask ph=IRON @-152,63,-69 sky=15 wet=false ground=true pick=0 buck=0 iron=8 ore=1 rods=0 pearls=0 eyes=0
[m[34m[21:24:23][m [32m[main/INFO][m [36m(Minecraft)[m [0m[CHAT] §2§l§o[TenorClef] §rT2 [NOW] t=3:06.8 ph=IRON @-152,63,-67 do=<Doing stuff in crafting_table container: [[iron_pickaxe]]>  eq=stone_pickaxe woodpick=1 stonepick=1 pick=0 iron=8 buck=0
[m[34m[21:24:24][m [32m[main/INFO][m [36m(Minecraft)[m [0m[CHAT] §2§l§o[TenorClef] §rT2 [NOW] t=3:07.8 ph=IRON @-156,64,-67 do=<Doing stuff in crafting_table container: [[iron_pickaxe]]>  eq=dirt woodpick=1 stonepick=1 pick=0 iron=8 buck=0
[m[34m[21:24:25][m [32m[main/INFO][m [36m(Minecraft)[m [0m[CHAT] §2§l§o[TenorClef] §rT2 [HIST] 3:08.5 SNAP ph=IRON @-156,65,-67 sky=15 wet=false ground=true pick=0 buck=0 iron=8 ore=1 rods=0 pearls=0 eyes=0 child=CraftInTableTask dbg=<Doing stuff in crafting_table container: [[iron_pickaxe]]>  mobs=none
[m[34m[21:24:25][m [32m[main/INFO][m [36m(Minecraft)[m [0m[CHAT] §2§l§o[TenorClef] §rT2 [NOW] t=3:08.8 ph=IRON @-156,65,-67 do=<Doing stuff in crafting_table container: [[iron_pickaxe]]>  eq=wheat_seeds woodpick=1 stonepick=1 pick=0 iron=8 buck=0
[m[34m[21:24:26][m [32m[main/INFO][m [36m(Minecraft)[m [0m[CHAT] §2§l§o[TenorClef] §rT2 [NOW] t=3:09.8 ph=IRON @-157,66,-67 do=<Doing stuff in crafting_table container: [[iron_pickaxe]]>  eq=wheat_seeds woodpick=1 stonepick=1 pick=0 iron=8 buck=0
[m[34m[21:24:27][m [32m[main/INFO][m [36m(Minecraft)[m [0m[CHAT] §2§l§o[TenorClef] §rT2 [NOW] t=3:10.8 ph=IRON @-157,66,-67 do=<Doing stuff in crafting_table container: [[iron_pickaxe]]>  eq=wheat_seeds woodpick=1 stonepick=1 pick=0 iron=8 buck=0
[m[34m[21:24:28][m [32m[main/INFO][m [36m(Minecraft)[m [0m[CHAT] §2§l§o[TenorClef] §rT2 [HIST] 3:11.0 SNAP ph=IRON @-157,66,-67 sky=15 wet=false ground=true pick=0 buck=0 iron=8 ore=1 rods=0 pearls=0 eyes=0 child=CraftInTableTask dbg=<Doing stuff in crafting_table container: [[iron_pickaxe]]>  mobs=none
[m[34m[21:24:28][m [32m[main/INFO][m [36m(Minecraft)[m [0m[CHAT] §2§l§o[TenorClef] §rT2 [NOW] t=3:11.8 ph=IRON @-157,66,-67 do=<Doing stuff in crafting_table container: [[iron_pickaxe]]>  eq=wheat_seeds woodpick=1 stonepick=1 pick=0 iron=8 buck=0
[m[34m[21:24:29][m [32m[main/INFO][m [36m(Minecraft)[m [0m[CHAT] §2§l§o[TenorClef] §rT2 [NOW] t=3:12.8 ph=IRON @-157,66,-67 do=<Doing stuff in crafting_table container: [[iron_pickaxe]]>  eq=wheat_seeds woodpick=1 stonepick=1 pick=0 iron=8 buck=0
[m[34m[21:24:30][m [32m[main/INFO][m [36m(Minecraft)[m [0m[CHAT] §2§l§o[TenorClef] §rT2 [HIST] 3:13.5 SNAP ph=IRON @-157,66,-67 sky=15 wet=false ground=true pick=0 buck=0 iron=8 ore=1 rods=0 pearls=0 eyes=0 child=CraftInTableTask dbg=<Doing stuff in crafting_table container: [[iron_pickaxe]]>  mobs=none
[m[34m[21:24:30][m [32m[main/INFO][m [36m(Minecraft)[m [0m[CHAT] §2§l§o[TenorClef] §rT2 [NOW] t=3:13.8 ph=IRON @-157,66,-67 do=<Doing stuff in crafting_table container: [[iron_pickaxe]]>  eq=wheat_seeds woodpick=1 stonepick=1 pick=0 iron=8 buck=0
[m[34m[21:24:31][m [32m[main/INFO][m [36m(Minecraft)[m [0m[CHAT] §2§l§o[TenorClef] §rT2 [NOW] t=3:14.8 ph=IRON @-157,66,-67 do=<Doing stuff in crafting_table container: [[iron_pickaxe]]>  eq=wheat_seeds woodpick=1 stonepick=1 pick=0 iron=8 buck=0
[m[34m[21:24:32][m [32m[main/INFO][m [36m(Minecraft)[m [0m[CHAT] §2§l§o[TenorClef] §rT2 [NOW] t=3:15.8 ph=IRON @-157,66,-67 do=<Doing stuff in crafting_table container: [[iron_pickaxe]]>  eq=wheat_seeds woodpick=1 stonepick=1 pick=0 iron=8 buck=0
[m[34m[21:24:33][m [32m[main/INFO][m [36m(Minecraft)[m [0m[CHAT] §2§l§o[TenorClef] §rT2 [HIST] 3:16.0 SNAP ph=IRON @-157,66,-67 sky=15 wet=false ground=true pick=0 buck=0 iron=8 ore=1 rods=0 pearls=0 eyes=0 child=CraftInTableTask dbg=<Doing stuff in crafting_table container: [[iron_pickaxe]]>  mobs=none
[m[34m[21:24:33][m [32m[main/INFO][m [36m(Minecraft)[m [0m[CHAT] §2§l§o[TenorClef] §rT2 [NOW] t=3:16.8 ph=IRON @-157,66,-67 do=<Doing stuff in crafting_table container: [[iron_pickaxe]]>  eq=wheat_seeds woodpick=1 stonepick=1 pick=0 iron=8 buck=0
[m[34m[21:24:34][m [32m[main/INFO][m [36m(Minecraft)[m [0m[CHAT] §2§l§o[TenorClef] §rRefreshed inventory...
[m[34m[21:24:34][m [32m[main/INFO][m [36m(Minecraft)[m [0mLoaded 86 advancements
[m[34m[21:24:34][m [32m[main/INFO][m [36m(Minecraft)[m [0m[CHAT] §2§l§o[TenorClef] §rT2 [NOW] t=3:17.8 ph=IRON @-159,64,-67 do=<Doing stuff in crafting_table container: [[iron_pickaxe]]>  eq=wheat_seeds woodpick=1 stonepick=1 pick=0 iron=8 buck=0
[m[34m[21:24:35][m [32m[main/INFO][m [36m(Minecraft)[m [0m[CHAT] §2§l§o[TenorClef] §rT2 [HIST] 3:18.5 SNAP ph=IRON @-159,63,-67 sky=12 wet=false ground=true pick=0 buck=0 iron=8 ore=1 rods=0 pearls=0 eyes=0 child=CraftInTableTask dbg=<Doing stuff in crafting_table container: [[iron_pickaxe]]>  mobs=none
[m[34m[21:24:35][m [32m[main/INFO][m [36m(Minecraft)[m [0m[CHAT] §2§l§o[TenorClef] §rT2 [NOW] t=3:18.8 ph=IRON @-159,63,-67 do=<Doing stuff in crafting_table container: [[iron_pickaxe]]>  eq=wheat_seeds woodpick=1 stonepick=1 pick=0 iron=8 buck=0
[m[34m[21:24:36][m [32m[main/INFO][m [36m(Minecraft)[m [0m[CHAT] §2§l§o[TenorClef] §rT2 [NOW] t=3:19.8 ph=IRON @-159,63,-67 do=<Doing stuff in crafting_table container: [[iron_pickaxe]]>  eq=wheat_seeds woodpick=1 stonepick=1 pick=0 iron=8 buck=0
[m[34m[21:24:37][m [32m[main/INFO][m [36m(Minecraft)[m [0m[CHAT] §2§l§o[TenorClef] §rT2 [I01] IRON -> PORTAL t=3:20.4
[m[34m[21:24:37][m [32m[main/INFO][m [36m(Minecraft)[m [0m[CHAT] §2§l§o[TenorClef] §rTESRUN2 split PORTAL  3:20.4
[m[34m[21:24:37][m [32m[main/INFO][m [36m(Minecraft)[m [0m[CHAT] §2§l§o[TenorClef] §rT2 [HIST] 3:20.4 WHY portal: water bucket before lava cast
[m[34m[21:24:37][m [32m[main/INFO][m [36m(Minecraft)[m [0m[CHAT] §2§l§o[TenorClef] §rT2 [HIST] 3:20.4 PHASE IRON -> PORTAL
[m[34m[21:24:37][m [32m[main/INFO][m [36m(Minecraft)[m [0m[CHAT] §2§l§o[TenorClef] §rT2 [HIST] 3:20.4 CHILD CraftInTableTask -> CollectWaterBucketTask ph=PORTAL @-159,63,-67 sky=12 wet=false ground=true pick=1 buck=0 iron=5 ore=1 rods=0 pearls=0 eyes=0
[m[34m[21:24:37][m [32m[main/INFO][m [36m(Minecraft)[m [0m[CHAT] §2§l§o[TenorClef] §rT2 [NOW] t=3:20.8 ph=PORTAL @-159,63,-67 do=<Collect 1 water buckets: [[water_bucket]]> Getting bucket... eq=wheat_seeds woodpick=1 stonepick=1 pick=1 iron=5 buck=0
[m[34m[21:24:38][m [32m[pool-5-thread-4/INFO][m [36m(Minecraft)[m [0m[STDOUT]: 582912 movements considered
[m[34m[21:24:38][m [32m[pool-5-thread-4/INFO][m [36m(Minecraft)[m [0m[STDOUT]: Open set size: 26459
[m[34m[21:24:38][m [32m[pool-5-thread-4/INFO][m [36m(Minecraft)[m [0m[STDOUT]: PathNode map size: 52950
[m[34m[21:24:38][m [32m[pool-5-thread-4/INFO][m [36m(Minecraft)[m [0m[STDOUT]: 52992 nodes per second
[m[34m[21:24:38][m [32m[pool-5-thread-4/INFO][m [36m(Minecraft)[m [0m[STDOUT]: Path goes for 114.21908772179893 blocks
[m[34m[21:24:38][m [32m[main/INFO][m [36m(Minecraft)[m [0m[CHAT] §2§l§o[TenorClef] §rT2 [HIST] 3:21.0 SNAP ph=PORTAL @-160,63,-67 sky=13 wet=false ground=true pick=1 buck=0 iron=5 ore=1 rods=0 pearls=0 eyes=0 child=CollectWaterBucketTask dbg=<Collect 1 water buckets: [[water_bucket]]> Getting bucket... mobs=none
[m[34m[21:24:38][m [32m[Server thread/INFO][m [36m(Minecraft)[m [0mPlayer924 has made the advancement [Isn't It Iron Pick]
[m[34m[21:24:38][m [32m[main/INFO][m [36m(Minecraft)[m [0m[CHAT] Player924 has made the advancement [Isn't It Iron Pick]
[m[34m[21:24:38][m [32m[main/INFO][m [36m(Minecraft)[m [0mLoaded 90 advancements
[m[34m[21:24:38][m [32m[main/INFO][m [36m(Minecraft)[m [0m[CHAT] §2§l§o[TenorClef] §rT2 [NOW] t=3:21.8 ph=PORTAL @-160,63,-67 do=<Collect 1 water buckets: [[water_bucket]]> Getting bucket... eq=iron_pickaxe woodpick=1 stonepick=1 pick=1 iron=5 buck=0
[m[34m[21:24:39][m [32m[main/INFO][m [36m(Minecraft)[m [0m[CHAT] §2§l§o[TenorClef] §rT2 [NOW] t=3:22.8 ph=PORTAL @-160,63,-67 do=<Collect 1 water buckets: [[water_bucket]]> Getting bucket... eq=iron_pickaxe woodpick=1 stonepick=1 pick=1 iron=5 buck=0
[m[34m[21:24:40][m [32m[main/INFO][m [36m(Minecraft)[m [0m[CHAT] §2§l§o[TenorClef] §rT2 [HIST] 3:23.5 SNAP ph=PORTAL @-160,63,-67 sky=13 wet=false ground=true pick=1 buck=0 iron=5 ore=1 rods=0 pearls=0 eyes=0 child=CollectWaterBucketTask dbg=<Collect 1 water buckets: [[water_bucket]]> Getting bucket... mobs=none
[m[34m[21:24:40][m [32m[main/INFO][m [36m(Minecraft)[m [0m[CHAT] §2§l§o[TenorClef] §rT2 [NOW] t=3:23.8 ph=PORTAL @-160,63,-67 do=<Collect 1 water buckets: [[water_bucket]]> Getting bucket... eq=iron_pickaxe woodpick=1 stonepick=1 pick=1 iron=5 buck=0
[m[34m[21:24:41][m [32m[main/INFO][m [36m(Minecraft)[m [0m[CHAT] §2§l§o[TenorClef] §rT2 [NOW] t=3:24.8 ph=PORTAL @-160,63,-67 do=<Collect 1 water buckets: [[water_bucket]]> Getting bucket... eq=iron_pickaxe woodpick=1 stonepick=1 pick=1 iron=5 buck=0
[m[34m[21:24:42][m [32m[main/INFO][m [36m(Minecraft)[m [0m[CHAT] §2§l§o[TenorClef] §rT2 [NOW] t=3:25.8 ph=PORTAL @-160,63,-67 do=<Collect 1 water buckets: [[water_bucket]]> Getting bucket... eq=iron_pickaxe woodpick=1 stonepick=1 pick=1 iron=5 buck=0
[m[34m[21:24:43][m [32m[main/INFO][m [36m(Minecraft)[m [0m[CHAT] §2§l§o[TenorClef] §rT2 [HIST] 3:26.0 SNAP ph=PORTAL @-160,63,-67 sky=13 wet=false ground=true pick=1 buck=0 iron=5 ore=1 rods=0 pearls=0 eyes=0 child=CollectWaterBucketTask dbg=<Collect 1 water buckets: [[water_bucket]]> Getting bucket... mobs=none
[m[34m[21:24:43][m [32m[main/INFO][m [36m(Minecraft)[m [0m[CHAT] §2§l§o[TenorClef] §rT2 [NOW] t=3:26.8 ph=PORTAL @-160,63,-67 do=<Collect 1 water buckets: [[water_bucket]]> Getting bucket... eq=iron_pickaxe woodpick=1 stonepick=1 pick=1 iron=5 buck=0
[m[34m[21:24:44][m [32m[main/INFO][m [36m(Minecraft)[m [0m[CHAT] §2§l§o[TenorClef] §rT2 [NOW] t=3:27.8 ph=PORTAL @-160,63,-67 do=<Collect 1 water buckets: [[water_bucket]]> Getting bucket... eq=iron_pickaxe woodpick=1 stonepick=1 pick=1 iron=5 buck=0
[m[34m[21:24:45][m [32m[main/INFO][m [36m(Minecraft)[m [0m[CHAT] §2§l§o[TenorClef] §rT2 [HIST] 3:28.5 SNAP ph=PORTAL @-160,63,-67 sky=13 wet=false ground=true pick=1 buck=0 iron=5 ore=1 rods=0 pearls=0 eyes=0 child=CollectWaterBucketTask dbg=<Collect 1 water buckets: [[water_bucket]]> Getting bucket... mobs=none
[m[34m[21:24:45][m [32m[main/INFO][m [36m(Minecraft)[m [0m[CHAT] §2§l§o[TenorClef] §rT2 [NOW] t=3:28.8 ph=PORTAL @-160,63,-67 do=<Collect 1 water buckets: [[water_bucket]]> Getting bucket... eq=iron_pickaxe woodpick=1 stonepick=1 pick=1 iron=5 buck=0
[m[34m[21:24:46][m [32m[main/INFO][m [36m(Minecraft)[m [0m[CHAT] §2§l§o[TenorClef] §rT2 [NOW] t=3:29.8 ph=PORTAL @-160,63,-67 do=<Collect 1 water buckets: [[water_bucket]]> Getting bucket... eq=iron_pickaxe woodpick=1 stonepick=1 pick=1 iron=5 buck=0
[m[34m[21:24:47][m [32m[main/INFO][m [36m(Minecraft)[m [0m[CHAT] §2§l§o[TenorClef] §rT2 [NOW] t=3:30.8 ph=PORTAL @-160,63,-67 do=<Collect 1 water buckets: [[water_bucket]]> Getting bucket... eq=iron_pickaxe woodpick=1 stonepick=1 pick=1 iron=5 buck=0
[m[34m[21:24:48][m [32m[main/INFO][m [36m(Minecraft)[m [0m[CHAT] §2§l§o[TenorClef] §rT2 [HIST] 3:31.0 SNAP ph=PORTAL @-160,63,-67 sky=13 wet=false ground=true pick=1 buck=0 iron=5 ore=1 rods=0 pearls=0 eyes=0 child=CollectWaterBucketTask dbg=<Collect 1 water buckets: [[water_bucket]]> Getting bucket... mobs=none
[m[34m[21:24:48][m [32m[main/INFO][m [36m(Minecraft)[m [0m[CHAT] §2§l§o[TenorClef] §rtrying to wander
[m[34m[21:24:48][m [32m[pool-5-thread-4/INFO][m [36m(Minecraft)[m [0m[STDOUT]: 661760 movements considered
[m[34m[21:24:48][m [32m[pool-5-thread-4/INFO][m [36m(Minecraft)[m [0m[STDOUT]: Open set size: 28488
[m[34m[21:24:48][m [32m[pool-5-thread-4/INFO][m [36m(Minecraft)[m [0m[STDOUT]: PathNode map size: 58563
[m[34m[21:24:48][m [32m[pool-5-thread-4/INFO][m [36m(Minecraft)[m [0m[STDOUT]: 59920 nodes per second
[m[34m[21:24:48][m [32m[pool-5-thread-4/INFO][m [36m(Minecraft)[m [0m[STDOUT]: Path goes for 137.0072990756332 blocks
[m[34m[21:24:48][m [32m[main/INFO][m [36m(Minecraft)[m [0m[CHAT] §2§l§o[TenorClef] §rT2 [NOW] t=3:31.8 ph=PORTAL @-161,63,-67 do=<Collect 1 water buckets: [[water_bucket]]> Getting bucket... eq=iron_pickaxe woodpick=1 stonepick=1 pick=1 iron=5 buck=0
[m[34m[21:24:49][m [32m[main/INFO][m [36m(Minecraft)[m [0m[CHAT] §2§l§o[TenorClef] §rT2 [NOW] t=3:32.8 ph=PORTAL @-166,64,-68 do=<Collect 1 water buckets: [[water_bucket]]> Getting bucket... eq=iron_pickaxe woodpick=1 stonepick=1 pick=1 iron=5 buck=0
[m[34m[21:24:49][m [32m[main/INFO][m [36m(Minecraft)[m [0m[CHAT] §2§l§o[TenorClef] §rIncreased wander range
[m[34m[21:24:50][m [32m[main/INFO][m [36m(Minecraft)[m [0m[CHAT] §2§l§o[TenorClef] §rT2 [HIST] 3:33.5 SNAP ph=PORTAL @-164,63,-68 sky=15 wet=false ground=false pick=1 buck=0 iron=5 ore=1 rods=0 pearls=0 eyes=0 child=CollectWaterBucketTask dbg=<Collect 1 water buckets: [[water_bucket]]> Getting bucket... mobs=none
[m[34m[21:24:50][m [32m[main/INFO][m [36m(Minecraft)[m [0m[CHAT] §2§l§o[TenorClef] §rT2 [NOW] t=3:33.8 ph=PORTAL @-163,63,-68 do=<Collect 1 water buckets: [[water_bucket]]> Getting bucket... eq=iron_pickaxe woodpick=1 stonepick=1 pick=1 iron=5 buck=0
[m[34m[21:24:51][m [32m[main/INFO][m [36m(Minecraft)[m [0m[CHAT] §2§l§o[TenorClef] §rT2 [NOW] t=3:34.8 ph=PORTAL @-159,63,-67 do=<Collect 1 water buckets: [[water_bucket]]> Getting bucket... eq=iron_pickaxe woodpick=1 stonepick=1 pick=1 iron=2 buck=0
[m[34m[21:24:51][m [32m[main/INFO][m [36m(Minecraft)[m [0m[CHAT] §2§l§o[TenorClef] §rT2 [HIST] 3:34.8 WHY portal: need 8 place blocks have=5
[m[34m[21:24:51][m [32m[main/INFO][m [36m(Minecraft)[m [0m[CHAT] §2§l§o[TenorClef] §rT2 [HIST] 3:34.8 CHILD CollectWaterBucketTask -> CollectCobblestoneTask ph=PORTAL @-159,63,-67 sky=15 wet=false ground=true pick=1 buck=1 iron=2 ore=1 rods=0 pearls=0 eyes=0
[m[34m[21:24:52][m [32m[main/INFO][m [36m(Minecraft)[m [0m[CHAT] §2§l§o[TenorClef] §rMineAndCollect: equip item.minecraft.iron_pickaxe for block.minecraft.stone
[m[34m[21:24:52][m [32m[main/INFO][m [36m(Minecraft)[m [0m[CHAT] §2§l§o[TenorClef] §rMineAndCollect: equip item.minecraft.iron_pickaxe for block.minecraft.stone
[m[34m[21:24:52][m [32m[main/INFO][m [36m(Minecraft)[m [0m[CHAT] §2§l§o[TenorClef] §rMineAndCollect: equip item.minecraft.iron_pickaxe for block.minecraft.stone
[m[34m[21:24:52][m [32m[main/INFO][m [36m(Minecraft)[m [0m[CHAT] §2§l§o[TenorClef] §rMineAndCollect: equip item.minecraft.iron_pickaxe for block.minecraft.stone
[m[34m[21:24:52][m [32m[main/INFO][m [36m(Minecraft)[m [0m[CHAT] §2§l§o[TenorClef] §rMineAndCollect: equip item.minecraft.iron_pickaxe for block.minecraft.stone
[m[34m[21:24:52][m [32m[main/INFO][m [36m(Minecraft)[m [0m[CHAT] §2§l§o[TenorClef] §rMineAndCollect: equip item.minecraft.iron_pickaxe for block.minecraft.stone
[m[34m[21:24:52][m [32m[main/INFO][m [36m(Minecraft)[m [0m[CHAT] §2§l§o[TenorClef] §rMineAndCollect: equip item.minecraft.iron_pickaxe for block.minecraft.stone
[m[34m[21:24:52][m [32m[main/INFO][m [36m(Minecraft)[m [0m[CHAT] §2§l§o[TenorClef] §rMineAndCollect: equip item.minecraft.iron_pickaxe for block.minecraft.stone
[m[34m[21:24:52][m [32m[main/INFO][m [36m(Minecraft)[m [0m[CHAT] §2§l§o[TenorClef] §rMineAndCollect: equip item.minecraft.iron_pickaxe for block.minecraft.stone
[m[34m[21:24:52][m [32m[main/INFO][m [36m(Minecraft)[m [0m[CHAT] §2§l§o[TenorClef] §rT2 [NOW] t=3:35.8 ph=PORTAL @-160,63,-67 do=<Collect cobblestone: [[cobblestone] x 16]>  eq=oak_planks woodpick=1 stonepick=1 pick=1 iron=2 buck=0
[m[34m[21:24:52][m [32m[main/INFO][m [36m(Minecraft)[m [0m[CHAT] §2§l§o[TenorClef] §rMineAndCollect: equip item.minecraft.iron_pickaxe for block.minecraft.stone
[m[34m[21:24:53][m [32m[main/INFO][m [36m(Minecraft)[m [0m[CHAT] §2§l§o[TenorClef] §rMineAndCollect: equip item.minecraft.iron_pickaxe for block.minecraft.stone
[m[34m[21:24:53][m [32m[main/INFO][m [36m(Minecraft)[m [0m[CHAT] §2§l§o[TenorClef] §rT2 [HIST] 3:36.0 SNAP ph=PORTAL @-160,63,-67 sky=14 wet=false ground=true pick=1 buck=1 iron=2 ore=1 rods=0 pearls=0 eyes=0 child=CollectCobblestoneTask dbg=<Collect cobblestone: [[cobblestone] x 16]>  mobs=none
[m[34m[21:24:53][m [32m[main/INFO][m [36m(Minecraft)[m [0m[CHAT] §2§l§o[TenorClef] §rMineAndCollect: equip item.minecraft.iron_pickaxe for block.minecraft.stone
[m[34m[21:24:53][m [32m[main/INFO][m [36m(Minecraft)[m [0m[CHAT] §2§l§o[TenorClef] §rMineAndCollect: equip item.minecraft.iron_pickaxe for block.minecraft.stone
[m[34m[21:24:53][m [32m[main/INFO][m [36m(Minecraft)[m [0m[CHAT] §2§l§o[TenorClef] §rMineAndCollect: equip item.minecraft.iron_pickaxe for block.minecraft.stone
[m[34m[21:24:53][m [32m[main/INFO][m [36m(Minecraft)[m [0m[CHAT] §2§l§o[TenorClef] §rT2 [HIST] 3:36.7 WHY portal: need 8 place blocks have=6
[m[34m[21:24:53][m [32m[main/INFO][m [36m(Minecraft)[m [0m[CHAT] §2§l§o[TenorClef] §rMineAndCollect: equip item.minecraft.iron_pickaxe for block.minecraft.stone
[m[34m[21:24:53][m [32m[main/INFO][m [36m(Minecraft)[m [0m[CHAT] §2§l§o[TenorClef] §rT2 [NOW] t=3:36.8 ph=PORTAL @-160,62,-68 do=<Collect cobblestone: [[cobblestone] x 16]>  eq=oak_planks woodpick=1 stonepick=1 pick=1 iron=2 buck=0
[m[34m[21:24:53][m [32m[main/INFO][m [36m(Minecraft)[m [0m[CHAT] §2§l§o[TenorClef] §rMineAndCollect: equip item.minecraft.iron_pickaxe for block.minecraft.stone
[m[34m[21:24:54][m [32m[main/INFO][m [36m(Minecraft)[m [0m[CHAT] §2§l§o[TenorClef] §rMineAndCollect: equip item.minecraft.iron_pickaxe for block.minecraft.stone
[m[34m[21:24:54][m [32m[main/INFO][m [36m(Minecraft)[m [0m[CHAT] §2§l§o[TenorClef] §rMineAndCollect: equip item.minecraft.iron_pickaxe for block.minecraft.stone
[m[34m[21:24:54][m [32m[main/INFO][m [36m(Minecraft)[m [0m[CHAT] §2§l§o[TenorClef] §rMineAndCollect: equip item.minecraft.iron_pickaxe for block.minecraft.stone
[m[34m[21:24:54][m [32m[main/INFO][m [36m(Minecraft)[m [0m[CHAT] §2§l§o[TenorClef] §rMineAndCollect: equip item.minecraft.iron_pickaxe for block.minecraft.stone
[m[34m[21:24:54][m [32m[main/INFO][m [36m(Minecraft)[m [0m[CHAT] §2§l§o[TenorClef] §rMineAndCollect: equip item.minecraft.iron_pickaxe for block.minecraft.stone
[m[34m[21:24:54][m [32m[main/INFO][m [36m(Minecraft)[m [0m[CHAT] §2§l§o[TenorClef] §rMineAndCollect: equip item.minecraft.iron_pickaxe for block.minecraft.stone
[m[34m[21:24:54][m [32m[main/INFO][m [36m(Minecraft)[m [0m[CHAT] §2§l§o[TenorClef] §rMineAndCollect: equip item.minecraft.iron_pickaxe for block.minecraft.stone
[m[34m[21:24:54][m [32m[main/INFO][m [36m(Minecraft)[m [0m[CHAT] §2§l§o[TenorClef] §rMineAndCollect: equip item.minecraft.iron_pickaxe for block.minecraft.stone
[m[34m[21:24:54][m [32m[main/INFO][m [36m(Minecraft)[m [0m[CHAT] §2§l§o[TenorClef] §rMineAndCollect: equip item.minecraft.iron_pickaxe for block.minecraft.stone
[m[34m[21:24:54][m [32m[main/INFO][m [36m(Minecraft)[m [0m[CHAT] §2§l§o[TenorClef] §rMineAndCollect: equip item.minecraft.iron_pickaxe for block.minecraft.stone
[m[34m[21:24:54][m [32m[main/INFO][m [36m(Minecraft)[m [0m[STDOUT]: ALTO CLEF: WARNING: T2 [E116] drop 8 from 69 to 61 ph=PORTAL
[m[34m[21:24:54][m [32m[main/INFO][m [36m(Minecraft)[m [0m[CHAT] §2§l§o[TenorClef] §cT2 [E116] drop 8 from 69 to 61 ph=PORTAL§r
[m[34m[21:24:54][m [32m[main/INFO][m [36m(Minecraft)[m [0m[CHAT] §2§l§o[TenorClef] §rT2 [HIST] 3:37.8 [E116] drop 8 from 69 to 61 ph=PORTAL
[m[34m[21:24:54][m [32m[main/INFO][m [36m(Minecraft)[m [0m[CHAT] §2§l§o[TenorClef] §rMineAndCollect: equip item.minecraft.iron_pickaxe for block.minecraft.stone
[m[34m[21:24:54][m [32m[main/INFO][m [36m(Minecraft)[m [0m[CHAT] §2§l§o[TenorClef] §rT2 [NOW] t=3:37.8 ph=PORTAL @-160,61,-68 do=<Collect cobblestone: [[cobblestone] x 16]>  eq=iron_pickaxe woodpick=1 stonepick=1 pick=1 iron=2 buck=0
[m[34m[21:24:55][m [32m[main/INFO][m [36m(Minecraft)[m [0m[CHAT] §2§l§o[TenorClef] §rT2 [HIST] 3:38.2 WHY portal: need 8 place blocks have=7
[m[34m[21:24:55][m [32m[main/INFO][m [36m(Minecraft)[m [0m[CHAT] §2§l§o[TenorClef] §rT2 [HIST] 3:38.5 SNAP ph=PORTAL @-160,61,-68 sky=12 wet=false ground=true pick=1 buck=1 iron=2 ore=1 rods=0 pearls=0 eyes=0 child=CollectCobblestoneTask dbg=<Collect cobblestone: [[cobblestone] x 16]>  mobs=none
[m[34m[21:24:55][m [32m[main/INFO][m [36m(Minecraft)[m [0m[STDOUT]: ALTO CLEF: WARNING: T2 [S130] START trigger=jump-pit flips=6 ph=PORTAL prev=CollectCobblestoneTask cycle=1 pos=-160,60,-68 walls=4/4/4 sky=11 place=13 boxed=true hold=false cool=0 ban=0 startY=60 step=0
[m[34m[21:24:55][m [32m[main/INFO][m [36m(Minecraft)[m [0m[CHAT] §2§l§o[TenorClef] §cT2 [S130] START trigger=jump-pit flips=6 ph=PORTAL prev=CollectCobblestoneTask cycle=1 pos=-160,60,-68 walls=4/4/4 sky=11 place=13 boxed=true hold=false cool=0 ban=0 startY=60 step=0§r
[m[34m[21:24:55][m [32m[main/INFO][m [36m(Minecraft)[m [0m[CHAT] §2§l§o[TenorClef] §rT2 [HIST] 3:38.8 FORCE S130 START trigger=jump-pit flips=6 ph=PORTAL prev=CollectCobblestoneTask cycle=1 pos=-160,60,-68 walls=4/4/4 sky=11 place=13 boxed=true hold=false cool=0 ban=0 startY=60 step=0
[m[34m[21:24:55][m [32m[main/INFO][m [36m(Minecraft)[m [0m[CHAT] §2§l§o[TenorClef] §rT2 [HIST] 3:38.8 PILLAR START jump-pit flips=6 prev=CollectCobblestoneTask
[m[34m[21:24:55][m [32m[main/INFO][m [36m(Minecraft)[m [0m[CHAT] §2§l§o[TenorClef] §rT2 [HIST] 3:38.8 SOLVE S130 jump-pit pillar @-160,60,-68
[m[34m[21:24:55][m [32m[main/INFO][m [36m(Minecraft)[m [0m[CHAT] §2§l§o[TenorClef] §rT2 [HIST] 3:38.8 CHILD CollectCobblestoneTask -> HolePillarTask ph=PORTAL @-160,60,-68 sky=11 wet=false ground=true pick=1 buck=1 iron=2 ore=1 rods=0 pearls=0 eyes=0
[m[34m[21:24:55][m [32m[main/INFO][m [36m(Minecraft)[m [0m[STDOUT]: ALTO CLEF: WARNING: T2 [S130] tick y=60 slot=1 air=false pos=-160,60,-68 walls=4/4/4 sky=11 place=13 boxed=true hold=true cool=0 ban=0 startY=60 step=1
[m[34m[21:24:55][m [32m[main/INFO][m [36m(Minecraft)[m [0m[CHAT] §2§l§o[TenorClef] §cT2 [S130] tick y=60 slot=1 air=false pos=-160,60,-68 walls=4/4/4 sky=11 place=13 boxed=true hold=true cool=0 ban=0 startY=60 step=1§r
[m[34m[21:24:55][m [32m[main/INFO][m [36m(Minecraft)[m [0m[CHAT] §2§l§o[TenorClef] §rT2 [HIST] 3:38.8 FORCE S130 tick y=60 slot=1 air=false pos=-160,60,-68 walls=4/4/4 sky=11 place=13 boxed=true hold=true cool=0 ban=0 startY=60 step=1
[m[34m[21:24:55][m [32m[main/INFO][m [36m(Minecraft)[m [0m[CHAT] §2§l§o[TenorClef] §rT2 [NOW] t=3:38.8 ph=PORTAL @-160,60,-68 do=<T2 pillar-out>  eq=oak_planks woodpick=1 stonepick=1 pick=1 iron=2 buck=0
[m[34m[21:24:56][m [32m[main/INFO][m [36m(Minecraft)[m [0m[STDOUT]: ALTO CLEF: WARNING: T2 [S180] marginal escape +2y free at y=62 startY=60 pos=-160,62,-68 walls=4/0/4 sky=13 place=13 boxed=false hold=true cool=0 ban=0 startY=60 step=13
[m[34m[21:24:56][m [32m[main/INFO][m [36m(Minecraft)[m [0m[CHAT] §2§l§o[TenorClef] §cT2 [S180] marginal escape +2y free at y=62 startY=60 pos=-160,62,-68 walls=4/0/4 sky=13 place=13 boxed=false hold=true cool=0 ban=0 startY=60 step=13§r
[m[34m[21:24:56][m [32m[main/INFO][m [36m(Minecraft)[m [0m[CHAT] §2§l§o[TenorClef] §rT2 [HIST] 3:39.4 FORCE S180 marginal escape +2y free at y=62 startY=60 pos=-160,62,-68 walls=4/0/4 sky=13 place=13 boxed=false hold=true cool=0 ban=0 startY=60 step=13
[m[34m[21:24:56][m [32m[main/INFO][m [36m(Minecraft)[m [0m[STDOUT]: ALTO CLEF: WARNING: T2 [S139] rise pending +2y t=1 y=62 startY=60
[m[34m[21:24:56][m [32m[main/INFO][m [36m(Minecraft)[m [0m[CHAT] §2§l§o[TenorClef] §cT2 [S139] rise pending +2y t=1 y=62 startY=60§r
[m[34m[21:24:56][m [32m[main/INFO][m [36m(Minecraft)[m [0m[CHAT] §2§l§o[TenorClef] §rT2 [HIST] 3:39.4 FORCE S139 rise pending +2y t=1 y=62 startY=60
[m[34m[21:24:56][m [32m[main/INFO][m [36m(Minecraft)[m [0m[STDOUT]: ALTO CLEF: WARNING: T2 [S130] tick y=62 slot=1 air=false pos=-160,62,-68 walls=4/0/4 sky=13 place=12 boxed=false hold=true cool=0 ban=0 startY=60 step=21
[m[34m[21:24:56][m [32m[main/INFO][m [36m(Minecraft)[m [0m[CHAT] §2§l§o[TenorClef] §cT2 [S130] tick y=62 slot=1 air=false pos=-160,62,-68 walls=4/0/4 sky=13 place=12 boxed=false hold=true cool=0 ban=0 startY=60 step=21§r
[m[34m[21:24:56][m [32m[main/INFO][m [36m(Minecraft)[m [0m[CHAT] §2§l§o[TenorClef] §rT2 [HIST] 3:39.8 FORCE S130 tick y=62 slot=1 air=false pos=-160,62,-68 walls=4/0/4 sky=13 place=12 boxed=false hold=true cool=0 ban=0 startY=60 step=21
[m[34m[21:24:56][m [32m[main/INFO][m [36m(Minecraft)[m [0m[CHAT] §2§l§o[TenorClef] §rT2 [NOW] t=3:39.8 ph=PORTAL @-160,62,-68 do=<T2 pillar-out>  eq=oak_planks woodpick=1 stonepick=1 pick=1 iron=2 buck=0
[m[34m[21:24:57][m [32m[main/INFO][m [36m(Minecraft)[m [0m[STDOUT]: ALTO CLEF: WARNING: T2 [S180] marginal escape +3y free at y=63 startY=60 pos=-160,63,-68 walls=0/0/4 sky=14 place=12 boxed=false hold=true cool=0 ban=0 startY=60 step=23
[m[34m[21:24:57][m [32m[main/INFO][m [36m(Minecraft)[m [0m[CHAT] §2§l§o[TenorClef] §cT2 [S180] marginal escape +3y free at y=63 startY=60 pos=-160,63,-68 walls=0/0/4 sky=14 place=12 boxed=false hold=true cool=0 ban=0 startY=60 step=23§r
[m[34m[21:24:57][m [32m[main/INFO][m [36m(Minecraft)[m [0m[CHAT] §2§l§o[TenorClef] §rT2 [HIST] 3:39.9 FORCE S180 marginal escape +3y free at y=63 startY=60 pos=-160,63,-68 walls=0/0/4 sky=14 place=12 boxed=false hold=true cool=0 ban=0 startY=60 step=23
[m[34m[21:24:57][m [32m[main/INFO][m [36m(Minecraft)[m [0m[STDOUT]: ALTO CLEF: WARNING: T2 [S139] rise pending +3y t=1 y=63 startY=60
[m[34m[21:24:57][m [32m[main/INFO][m [36m(Minecraft)[m [0m[CHAT] §2§l§o[TenorClef] §cT2 [S139] rise pending +3y t=1 y=63 startY=60§r
[m[34m[21:24:57][m [32m[main/INFO][m [36m(Minecraft)[m [0m[CHAT] §2§l§o[TenorClef] §rT2 [HIST] 3:39.9 FORCE S139 rise pending +3y t=1 y=63 startY=60
[m[34m[21:24:57][m [32m[main/INFO][m [36m(Minecraft)[m [0m[STDOUT]: ALTO CLEF: WARNING: T2 [E100] jumps=14 @-160,63,-68 ph=PORTAL child=HolePillarTask
[m[34m[21:24:57][m [32m[main/INFO][m [36m(Minecraft)[m [0m[CHAT] §2§l§o[TenorClef] §cT2 [E100] jumps=14 @-160,63,-68 ph=PORTAL child=HolePillarTask§r
[m[34m[21:24:57][m [32m[main/INFO][m [36m(Minecraft)[m [0m[CHAT] §2§l§o[TenorClef] §rT2 [HIST] 3:40.4 [E100] jumps=14 @-160,63,-68 ph=PORTAL child=HolePillarTask
[m[34m[21:24:57][m [32m[main/INFO][m [36m(Minecraft)[m [0m[STDOUT]: ALTO CLEF: WARNING: T2 [S139] rise confirmed +3y held 12t y=63 startY=60 pos=-160,63,-68 walls=0/0/4 sky=14 place=11 boxed=false hold=true cool=0 ban=0 startY=60 step=34
[m[34m[21:24:57][m [32m[main/INFO][m [36m(Minecraft)[m [0m[CHAT] §2§l§o[TenorClef] §cT2 [S139] rise confirmed +3y held 12t y=63 startY=60 pos=-160,63,-68 walls=0/0/4 sky=14 place=11 boxed=false hold=true cool=0 ban=0 startY=60 step=34§r
[m[34m[21:24:57][m [32m[main/INFO][m [36m(Minecraft)[m [0m[CHAT] §2§l§o[TenorClef] §rT2 [HIST] 3:40.5 FORCE S139 rise confirmed +3y held 12t y=63 startY=60 pos=-160,63,-68 walls=0/0/4 sky=14 place=11 boxed=false hold=true cool=0 ban=0 startY=60 step=34
[m[34m[21:24:57][m [32m[main/INFO][m [36m(Minecraft)[m [0m[STDOUT]: ALTO CLEF: WARNING: T2 [S133] cool arm ticks=200 reason=risen y=63 startY=60 ban=-160,63,-68 pos=-160,63,-68 walls=0/0/4 sky=14 place=11 boxed=false hold=true cool=200 ban=200 startY=60 step=34
[m[34m[21:24:57][m [32m[main/INFO][m [36m(Minecraft)[m [0m[CHAT] §2§l§o[TenorClef] §cT2 [S133] cool arm ticks=200 reason=risen y=63 startY=60 ban=-160,63,-68 pos=-160,63,-68 walls=0/0/4 sky=14 place=11 boxed=false hold=true cool=200 ban=200 startY=60 step=34§r
[m[34m[21:24:57][m [32m[main/INFO][m [36m(Minecraft)[m [0m[CHAT] §2§l§o[TenorClef] §rT2 [HIST] 3:40.5 FORCE S133 cool arm ticks=200 reason=risen y=63 startY=60 ban=-160,63,-68 pos=-160,63,-68 walls=0/0/4 sky=14 place=11 boxed=false hold=true cool=200 ban=200 startY=60 step=34
[m[34m[21:24:57][m [32m[main/INFO][m [36m(Minecraft)[m [0m[STDOUT]: ALTO CLEF: WARNING: T2 [S136] END reason=risen y=63 startY=60 roseReal=true giveUp=true pos=-160,63,-68 walls=0/0/4 sky=14 place=11 boxed=false hold=true cool=200 ban=200 startY=60 step=34
[m[34m[21:24:57][m [32m[main/INFO][m [36m(Minecraft)[m [0m[CHAT] §2§l§o[TenorClef] §cT2 [S136] END reason=risen y=63 startY=60 roseReal=true giveUp=true pos=-160,63,-68 walls=0/0/4 sky=14 place=11 boxed=false hold=true cool=200 ban=200 startY=60 step=34§r
[m[34m[21:24:57][m [32m[main/INFO][m [36m(Minecraft)[m [0m[CHAT] §2§l§o[TenorClef] §rT2 [HIST] 3:40.5 FORCE S136 END reason=risen y=63 startY=60 roseReal=true giveUp=true pos=-160,63,-68 walls=0/0/4 sky=14 place=11 boxed=false hold=true cool=200 ban=200 startY=60 step=34
[m[34m[21:24:57][m [32m[main/INFO][m [36m(Minecraft)[m [0m[CHAT] §2§l§o[TenorClef] §rT2 [HIST] 3:40.5 PILLAR END risen y=63 startY=60
[m[34m[21:24:57][m [32m[main/INFO][m [36m(Minecraft)[m [0m[CHAT] §2§l§o[TenorClef] §rT2 [HIST] 3:40.5 WHY portal: 1 flint before construct
[m[34m[21:24:57][m [32m[main/INFO][m [36m(Minecraft)[m [0m[STDOUT]: ALTO CLEF: WARNING: T2 [S136] stick drop pillar -> CollectFlintTask finished=true hold=false cool=199 end=risen y=63 startY=60 pos=-160,63,-68 walls=0/0/4 sky=14 place=11 boxed=false hold=false cool=199 ban=199 startY=- step=0
[m[34m[21:24:57][m [32m[main/INFO][m [36m(Minecraft)[m [0m[CHAT] §2§l§o[TenorClef] §cT2 [S136] stick drop pillar -> CollectFlintTask finished=true hold=false cool=199 end=risen y=63 startY=60 pos=-160,63,-68 walls=0/0/4 sky=14 place=11 boxed=false hold=false cool=199 ban=199 startY=- step=0§r
[m[34m[21:24:57][m [32m[main/INFO][m [36m(Minecraft)[m [0m[CHAT] §2§l§o[TenorClef] §rT2 [HIST] 3:40.5 FORCE S136 stick drop pillar -> CollectFlintTask finished=true hold=false cool=199 end=risen y=63 startY=60 pos=-160,63,-68 walls=0/0/4 sky=14 place=11 boxed=false hold=false cool=199 ban=199 startY=- step=0
[m[34m[21:24:57][m [32m[main/INFO][m [36m(Minecraft)[m [0m[CHAT] §2§l§o[TenorClef] §rT2 [HIST] 3:40.5 CHILD HolePillarTask -> CollectFlintTask ph=PORTAL @-160,63,-68 sky=14 wet=false ground=true pick=1 buck=1 iron=2 ore=1 rods=0 pearls=0 eyes=0
[m[34m[21:24:57][m [32m[main/INFO][m [36m(Minecraft)[m [0m[STDOUT]: ALTO CLEF: WARNING: T2 [S136] onStop interrupt=CollectFlintTask finishWhy=givingUp cool=199 lastEnd=risen y=63 startY=60 pos=-160,63,-68 walls=0/0/4 sky=14 place=11 boxed=false hold=false cool=199 ban=199 startY=- step=0
[m[34m[21:24:57][m [32m[main/INFO][m [36m(Minecraft)[m [0m[CHAT] §2§l§o[TenorClef] §cT2 [S136] onStop interrupt=CollectFlintTask finishWhy=givingUp cool=199 lastEnd=risen y=63 startY=60 pos=-160,63,-68 walls=0/0/4 sky=14 place=11 boxed=false hold=false cool=199 ban=199 startY=- step=0§r
[m[34m[21:24:57][m [32m[main/INFO][m [36m(Minecraft)[m [0m[CHAT] §2§l§o[TenorClef] §rT2 [HIST] 3:40.5 FORCE S136 onStop interrupt=CollectFlintTask finishWhy=givingUp cool=199 lastEnd=risen y=63 startY=60 pos=-160,63,-68 walls=0/0/4 sky=14 place=11 boxed=false hold=false cool=199 ban=199 startY=- step=0
[m[34m[21:24:57][m [32m[main/INFO][m [36m(Minecraft)[m [0m[CHAT] §2§l§o[TenorClef] §rT2 [HB] t=3:40.7 ph=PORTAL y=63 child=CollectFlintTask logs=1 pick=1 woodpick=1
[m[34m[21:24:57][m [32m[main/INFO][m [36m(Minecraft)[m [0m[CHAT] §2§l§o[TenorClef] §rT2 [NOW] t=3:40.8 ph=PORTAL @-159,63,-67 do=<Collect 1 flint: [[flint]]>  eq=oak_log woodpick=1 stonepick=1 pick=1 iron=2 buck=0
[m[34m[21:24:57][m [32m[main/INFO][m [36m(Minecraft)[m [0m[STDOUT]: ALTO CLEF: WARNING: T2 [S138] shaft ban clear left-xz ban=-160,63,-68 now=-159,63,-67 manh=2 dy=0 left=194
[m[34m[21:24:57][m [32m[main/INFO][m [36m(Minecraft)[m [0m[CHAT] §2§l§o[TenorClef] §cT2 [S138] shaft ban clear left-xz ban=-160,63,-68 now=-159,63,-67 manh=2 dy=0 left=194§r
[m[34m[21:24:57][m [32m[main/INFO][m [36m(Minecraft)[m [0m[CHAT] §2§l§o[TenorClef] §rT2 [HIST] 3:40.8 FORCE S138 shaft ban clear left-xz ban=-160,63,-68 now=-159,63,-67 manh=2 dy=0 left=194
[m[34m[21:24:58][m [32m[main/INFO][m [36m(Minecraft)[m [0m[CHAT] §2§l§o[TenorClef] §rT2 [NOW] t=3:41.8 ph=PORTAL @-156,63,-68 do=<Collect 1 flint: [[flint]]>  eq=oak_log woodpick=1 stonepick=1 pick=1 iron=2 buck=0
[m[34m[21:24:58][m [32m[main/INFO][m [36m(Minecraft)[m [0m[CHAT] §2§l§o[TenorClef] §rT2 [HIST] 3:41.9 SNAP ph=PORTAL @-156,63,-68 sky=15 wet=false ground=true pick=1 buck=1 iron=2 ore=1 rods=0 pearls=0 eyes=0 child=CollectFlintTask dbg=<Collect 1 flint: [[flint]]>  mobs=none
[m[34m[21:24:59][m [32m[main/INFO][m [36m(Minecraft)[m [0m[CHAT] §2§l§o[TenorClef] §rT2 [NOW] t=3:42.8 ph=PORTAL @-152,63,-68 do=<Collect 1 flint: [[flint]]>  eq=air woodpick=1 stonepick=1 pick=1 iron=2 buck=0
[m[34m[21:25:00][m [32m[main/INFO][m [36m(Minecraft)[m [0m[CHAT] §2§l§o[TenorClef] §rT2 [NOW] t=3:43.8 ph=PORTAL @-152,62,-68 do=<Collect 1 flint: [[flint]]>  eq=air woodpick=1 stonepick=1 pick=1 iron=2 buck=0
[m[34m[21:25:01][m [32m[main/INFO][m [36m(Minecraft)[m [0m[CHAT] §2§l§o[TenorClef] §rT2 [HIST] 3:44.4 SNAP ph=PORTAL @-152,62,-68 sky=15 wet=false ground=true pick=1 buck=1 iron=2 ore=1 rods=0 pearls=0 eyes=0 child=CollectFlintTask dbg=<Collect 1 flint: [[flint]]>  mobs=none
[m[34m[21:25:01][m [32m[main/INFO][m [36m(Minecraft)[m [0m[CHAT] §2§l§o[TenorClef] §rT2 [HIST] 3:44.5 WHY portal: 1 flint before construct
[m[34m[21:25:01][m [32m[main/INFO][m [36m(Minecraft)[m [0m[CHAT] §2§l§o[TenorClef] §rT2 [NOW] t=3:44.8 ph=PORTAL @-152,61,-68 do=<Collect 1 flint: [[flint]]>  eq=iron_pickaxe woodpick=1 stonepick=1 pick=1 iron=2 buck=0
[m[34m[21:25:02][m [32m[main/INFO][m [36m(Minecraft)[m [0m[STDOUT]: ALTO CLEF: WARNING: T2 [S135] S130 suppressed why=jump-pit-busy child=CollectFlintTask cool=98 ban=0 hold=false pos=-152,60,-68 walls=4/4/4 sky=15 place=13 boxed=false hold=false cool=98 ban=0 startY=- step=0
[m[34m[21:25:02][m [32m[main/INFO][m [36m(Minecraft)[m [0m[CHAT] §2§l§o[TenorClef] §cT2 [S135] S130 suppressed why=jump-pit-busy child=CollectFlintTask cool=98 ban=0 hold=false pos=-152,60,-68 walls=4/4/4 sky=15 place=13 boxed=false hold=false cool=98 ban=0 startY=- step=0§r
[m[34m[21:25:02][m [32m[main/INFO][m [36m(Minecraft)[m [0m[CHAT] §2§l§o[TenorClef] §rT2 [HIST] 3:45.6 FORCE S135 S130 suppressed why=jump-pit-busy child=CollectFlintTask cool=98 ban=0 hold=false pos=-152,60,-68 walls=4/4/4 sky=15 place=13 boxed=false hold=false cool=98 ban=0 startY=- step=0
[m[34m[21:25:02][m [32m[main/INFO][m [36m(Minecraft)[m [0m[STDOUT]: ALTO CLEF: WARNING: T2 [S100] stop jump-walk @-152,-68 ph=PORTAL child=CollectFlintTask esc=0
[m[34m[21:25:02][m [32m[main/INFO][m [36m(Minecraft)[m [0m[CHAT] §2§l§o[TenorClef] §cT2 [S100] stop jump-walk @-152,-68 ph=PORTAL child=CollectFlintTask esc=0§r
[m[34m[21:25:02][m [32m[main/INFO][m [36m(Minecraft)[m [0m[CHAT] §2§l§o[TenorClef] §rT2 [HIST] 3:45.6 SOLVE S100 stop jump-walk @-152,-68 ph=PORTAL child=CollectFlintTask esc=0
[m[34m[21:25:02][m [32m[main/INFO][m [36m(Minecraft)[m [0m[CHAT] §2§l§o[TenorClef] §rT2 [HB] t=3:45.7 ph=PORTAL y=60 child=CollectFlintTask logs=1 pick=1 woodpick=1
[m[34m[21:25:02][m [32m[main/INFO][m [36m(Minecraft)[m [0m[CHAT] §2§l§o[TenorClef] §rT2 [NOW] t=3:45.8 ph=PORTAL @-152,60,-68 do=<Collect 1 flint: [[flint]]>  eq=iron_pickaxe woodpick=1 stonepick=1 pick=1 iron=2 buck=0
[m[34m[21:25:03][m [32m[main/INFO][m [36m(Minecraft)[m [0m[STDOUT]: ALTO CLEF: WARNING: T2 [E100] jumps=6 @-152,60,-68 ph=PORTAL child=CollectFlintTask
[m[34m[21:25:03][m [32m[main/INFO][m [36m(Minecraft)[m [0m[CHAT] §2§l§o[TenorClef] §cT2 [E100] jumps=6 @-152,60,-68 ph=PORTAL child=CollectFlintTask§r
[m[34m[21:25:03][m [32m[main/INFO][m [36m(Minecraft)[m [0m[CHAT] §2§l§o[TenorClef] §rT2 [HIST] 3:46.6 [E100] jumps=6 @-152,60,-68 ph=PORTAL child=CollectFlintTask
[m[34m[21:25:03][m [32m[main/INFO][m [36m(Minecraft)[m [0m[CHAT] §2§l§o[TenorClef] §rT2 [NOW] t=3:46.8 ph=PORTAL @-152,59,-68 do=<Collect 1 flint: [[flint]]> Picking up eq=iron_pickaxe woodpick=1 stonepick=1 pick=1 iron=2 buck=0
[m[34m[21:25:03][m [32m[main/INFO][m [36m(Minecraft)[m [0m[CHAT] §2§l§o[TenorClef] §rT2 [HIST] 3:46.9 SNAP ph=PORTAL @-152,59,-68 sky=15 wet=false ground=false pick=1 buck=1 iron=2 ore=1 rods=0 pearls=0 eyes=0 child=CollectFlintTask dbg=<Collect 1 flint: [[flint]]> Picking up mobs=none
[m[34m[21:25:04][m [32m[main/INFO][m [36m(Minecraft)[m [0m[CHAT] §2§l§o[TenorClef] §rT2 [HIST] 3:47.2 WHY portal: craft flint and steel
[m[34m[21:25:04][m [32m[main/INFO][m [36m(Minecraft)[m [0m[CHAT] §2§l§o[TenorClef] §rT2 [HIST] 3:47.2 CHILD CollectFlintTask -> CraftInInventoryTask ph=PORTAL @-152,59,-68 sky=15 wet=false ground=true pick=1 buck=1 iron=2 ore=1 rods=0 pearls=0 eyes=0
[m[34m[21:25:04][m [32m[main/INFO][m [36m(Minecraft)[m [0mLoaded 93 advancements
[m[34m[21:25:04][m [32m[main/INFO][m [36m(Minecraft)[m [0m[CHAT] §2§l§o[TenorClef] §rT2 [NOW] t=3:47.8 ph=PORTAL @-152,60,-68 do=<Construct Nether Portal> Getting water eq=dirt woodpick=1 stonepick=1 pick=1 iron=1 buck=0
[m[34m[21:25:05][m [32m[main/INFO][m [36m(Minecraft)[m [0m[CHAT] §2§l§o[TenorClef] §rT2 [HIST] 3:48.4 [E100] jumps=6 @-152,61,-68 ph=PORTAL child=ConstructNetherPortalBucketTask
[m[34m[21:25:05][m [32m[main/INFO][m [36m(Minecraft)[m [0m[STDOUT]: ALTO CLEF: WARNING: T2 [S135] S130 suppressed why=jump-pit-busy child=ConstructNetherPortalBucketTask cool=41 ban=0 hold=false pos=-152,61,-68 walls=4/4/4 sky=15 place=12 boxed=false hold=false cool=41 ban=0 startY=- step=0
[m[34m[21:25:05][m [32m[main/INFO][m [36m(Minecraft)[m [0m[CHAT] §2§l§o[TenorClef] §cT2 [S135] S130 suppressed why=jump-pit-busy child=ConstructNetherPortalBucketTask cool=41 ban=0 hold=false pos=-152,61,-68 walls=4/4/4 sky=15 place=12 boxed=false hold=false cool=41 ban=0 startY=- step=0§r
[m[34m[21:25:05][m [32m[main/INFO][m [36m(Minecraft)[m [0m[CHAT] §2§l§o[TenorClef] §rT2 [HIST] 3:48.4 FORCE S135 S130 suppressed why=jump-pit-busy child=ConstructNetherPortalBucketTask cool=41 ban=0 hold=false pos=-152,61,-68 walls=4/4/4 sky=15 place=12 boxed=false hold=false cool=41 ban=0 startY=- step=0
[m[34m[21:25:05][m [32m[main/INFO][m [36m(Minecraft)[m [0m[CHAT] §2§l§o[TenorClef] §rT2 [NOW] t=3:48.8 ph=PORTAL @-152,61,-68 do=<Construct Nether Portal> Getting water eq=flint_and_steel woodpick=1 stonepick=1 pick=1 iron=1 buck=0
[m[34m[21:25:06][m [32m[main/INFO][m [36m(Minecraft)[m [0m[CHAT] §2§l§o[TenorClef] §rT2 [NOW] t=3:49.8 ph=PORTAL @-152,62,-68 do=<Construct Nether Portal> Getting water eq=flint_and_steel woodpick=1 stonepick=1 pick=1 iron=1 buck=0
[m[34m[21:25:07][m [32m[main/INFO][m [36m(Minecraft)[m [0m[STDOUT]: ALTO CLEF: WARNING: T2 [S134] pillar cool expire after jump-pit flips=6 end=risen y=63 startY=60
[m[34m[21:25:07][m [32m[main/INFO][m [36m(Minecraft)[m [0m[CHAT] §2§l§o[TenorClef] §cT2 [S134] pillar cool expire after jump-pit flips=6 end=risen y=63 startY=60§r
[m[34m[21:25:07][m [32m[main/INFO][m [36m(Minecraft)[m [0m[CHAT] §2§l§o[TenorClef] §rT2 [HIST] 3:50.5 FORCE S134 pillar cool expire after jump-pit flips=6 end=risen y=63 startY=60
[m[34m[21:25:07][m [32m[main/INFO][m [36m(Minecraft)[m [0m[STDOUT]: ALTO CLEF: WARNING: T2 [S138] shaft ban clear left-xz ban=-160,63,-68 now=-154,63,-67 manh=7 dy=0 left=60
[m[34m[21:25:07][m [32m[main/INFO][m [36m(Minecraft)[m [0m[CHAT] §2§l§o[TenorClef] §cT2 [S138] shaft ban clear left-xz ban=-160,63,-68 now=-154,63,-67 manh=7 dy=0 left=60§r
[m[34m[21:25:07][m [32m[main/INFO][m [36m(Minecraft)[m [0m[CHAT] §2§l§o[TenorClef] §rT2 [HIST] 3:50.5 FORCE S138 shaft ban clear left-xz ban=-160,63,-68 now=-154,63,-67 manh=7 dy=0 left=60
[m[34m[21:25:07][m [32m[main/INFO][m [36m(Minecraft)[m [0m[CHAT] §2§l§o[TenorClef] §rRefreshed inventory...
[m[34m[21:25:07][m [32m[main/INFO][m [36m(Minecraft)[m [0mLoaded 94 advancements
[m[34m[21:25:07][m [32m[main/INFO][m [36m(Minecraft)[m [0m[CHAT] §2§l§o[TenorClef] §rT2 [NOW] t=3:50.8 ph=PORTAL @-154,63,-65 do=<Construct Nether Portal> Getting water eq=water_bucket woodpick=1 stonepick=1 pick=1 iron=1 buck=1
[m[34m[21:25:07][m [32m[main/INFO][m [36m(Minecraft)[m [0m[CHAT] §2§l§o[TenorClef] §r(Searching for lava lake with portalable spot nearby...)
[m[34m[21:25:07][m [32m[main/INFO][m [36m(Minecraft)[m [0m[CHAT] §2§l§o[TenorClef] §rFound with depth 67
[m[34m[21:25:07][m [32m[main/INFO][m [36m(Minecraft)[m [0m[CHAT] §2§l§o[TenorClef] §rFound with depth 7222
[m[34m[21:25:07][m [32m[main/INFO][m [36m(Minecraft)[m [0m[CHAT] §2§l§o[TenorClef] §rFound with depth 1
[m[34m[21:25:07][m [32m[main/INFO][m [36m(Minecraft)[m [0m[CHAT] §2§l§o[TenorClef] §rT2 [S165L] lava lake at y=41 (surface, safe)
[m[34m[21:25:07][m [32m[main/INFO][m [36m(Minecraft)[m [0m[CHAT] §2§l§o[TenorClef] §rConstruct: need iron for 2nd bucket (iron=1 empty=0 water=1 lava=0)
[m[34m[21:25:08][m [32m[main/INFO][m [36m(Minecraft)[m [0m[CHAT] §2§l§o[TenorClef] §rMineAndCollect: equip item.minecraft.iron_pickaxe for block.minecraft.iron_ore
[m[34m[21:25:08][m [32m[main/INFO][m [36m(Minecraft)[m [0m[CHAT] §2§l§o[TenorClef] §rT2 [HIST] 3:51.3 SNAP ph=PORTAL @-153,63,-64 sky=15 wet=false ground=true pick=1 buck=1 iron=1 ore=1 rods=0 pearls=0 eyes=0 child=ConstructNetherPortalBucketTask dbg=<Construct Nether Portal> Mining iron for 2nd bucket at lava mobs=none
[m[34m[21:25:08][m [32m[main/INFO][m [36m(Minecraft)[m [0m[CHAT] §2§l§o[TenorClef] §rT2 [NOW] t=3:51.8 ph=PORTAL @-151,63,-62 do=<Construct Nether Portal> Mining iron for 2nd bucket at lava eq=iron_pickaxe woodpick=1 stonepick=1 pick=1 iron=1 buck=1
[m[34m[21:25:09][m [32m[main/INFO][m [36m(Minecraft)[m [0m[CHAT] §2§l§o[TenorClef] §rT2 [NOW] t=3:52.8 ph=PORTAL @-148,61,-61 do=<Construct Nether Portal> Mining iron for 2nd bucket at lava eq=iron_pickaxe woodpick=1 stonepick=1 pick=1 iron=1 buck=1
[m[34m[21:25:10][m [32m[main/INFO][m [36m(Minecraft)[m [0m[CHAT] §2§l§o[TenorClef] §rT2 [NOW] t=3:53.8 ph=PORTAL @-149,58,-62 do=<Construct Nether Portal> Mining iron for 2nd bucket at lava eq=iron_pickaxe woodpick=1 stonepick=1 pick=1 iron=1 buck=1
[m[34m[21:25:11][m [32m[main/INFO][m [36m(Minecraft)[m [0m[CHAT] §2§l§o[TenorClef] §rT2 [NOW] t=3:54.8 ph=PORTAL @-151,57,-60 do=<Construct Nether Portal> Mining iron for 2nd bucket at lava eq=iron_pickaxe woodpick=1 stonepick=1 pick=1 iron=1 buck=1
[m[34m[21:25:12][m [32m[main/INFO][m [36m(Minecraft)[m [0m[CHAT] §2§l§o[TenorClef] §rT2 [NOW] t=3:55.8 ph=PORTAL @-151,56,-60 do=<Construct Nether Portal> Mining iron for 2nd bucket at lava eq=iron_pickaxe woodpick=1 stonepick=1 pick=1 iron=1 buck=1
[m[34m[21:25:13][m [32m[main/INFO][m [36m(Minecraft)[m [0m[CHAT] §2§l§o[TenorClef] §rT2 [HIST] 3:56.3 SNAP ph=PORTAL @-151,56,-60 sky=7 wet=false ground=true pick=1 buck=1 iron=1 ore=1 rods=0 pearls=0 eyes=0 child=ConstructNetherPortalBucketTask dbg=<Construct Nether Portal> Mining iron for 2nd bucket at lava mobs=none
[m[34m[21:25:13][m [32m[main/INFO][m [36m(Minecraft)[m [0m[STDOUT]: ALTO CLEF: WARNING: T2 [E116] drop 8 from 63 to 55 ph=PORTAL
[m[34m[21:25:13][m [32m[main/INFO][m [36m(Minecraft)[m [0m[CHAT] §2§l§o[TenorClef] §cT2 [E116] drop 8 from 63 to 55 ph=PORTAL§r
[m[34m[21:25:13][m [32m[main/INFO][m [36m(Minecraft)[m [0m[CHAT] §2§l§o[TenorClef] §rT2 [HIST] 3:56.5 [E116] drop 8 from 63 to 55 ph=PORTAL
[m[34m[21:25:13][m [32m[main/INFO][m [36m(Minecraft)[m [0m[CHAT] §2§l§o[TenorClef] §rT2 [NOW] t=3:56.8 ph=PORTAL @-151,55,-60 do=<Construct Nether Portal> Mining iron for 2nd bucket at lava eq=iron_pickaxe woodpick=1 stonepick=1 pick=1 iron=1 buck=1
[m[34m[21:25:14][m [32m[main/INFO][m [36m(Minecraft)[m [0m[CHAT] §2§l§o[TenorClef] §rT2 [NOW] t=3:57.8 ph=PORTAL @-151,54,-60 do=<Construct Nether Portal> Mining iron for 2nd bucket at lava eq=iron_pickaxe woodpick=1 stonepick=1 pick=1 iron=1 buck=1
[m[34m[21:25:15][m [32m[main/INFO][m [36m(Minecraft)[m [0m[STDOUT]: ALTO CLEF: WARNING: T2 [S130] START trigger=jump-pit flips=6 ph=PORTAL prev=ConstructNetherPortalBucketTask cycle=1 pos=-151,54,-60 walls=4/4/4 sky=5 place=14 boxed=true hold=false cool=0 ban=0 startY=54 step=0
[m[34m[21:25:15][m [32m[main/INFO][m [36m(Minecraft)[m [0m[CHAT] §2§l§o[TenorClef] §cT2 [S130] START trigger=jump-pit flips=6 ph=PORTAL prev=ConstructNetherPortalBucketTask cycle=1 pos=-151,54,-60 walls=4/4/4 sky=5 place=14 boxed=true hold=false cool=0 ban=0 startY=54 step=0§r
[m[34m[21:25:15][m [32m[main/INFO][m [36m(Minecraft)[m [0m[CHAT] §2§l§o[TenorClef] §rT2 [HIST] 3:57.9 FORCE S130 START trigger=jump-pit flips=6 ph=PORTAL prev=ConstructNetherPortalBucketTask cycle=1 pos=-151,54,-60 walls=4/4/4 sky=5 place=14 boxed=true hold=false cool=0 ban=0 startY=54 step=0
[m[34m[21:25:15][m [32m[main/INFO][m [36m(Minecraft)[m [0m[CHAT] §2§l§o[TenorClef] §rT2 [HIST] 3:57.9 PILLAR START jump-pit flips=6 prev=ConstructNetherPortalBucketTask
[m[34m[21:25:15][m [32m[main/INFO][m [36m(Minecraft)[m [0m[CHAT] §2§l§o[TenorClef] §rT2 [HIST] 3:57.9 SOLVE S130 jump-pit pillar @-151,54,-60
[m[34m[21:25:15][m [32m[main/INFO][m [36m(Minecraft)[m [0m[CHAT] §2§l§o[TenorClef] §rT2 [HIST] 3:57.9 CHILD ConstructNetherPortalBucketTask -> HolePillarTask ph=PORTAL @-151,54,-60 sky=5 wet=false ground=true pick=1 buck=1 iron=1 ore=2 rods=0 pearls=0 eyes=0
[m[34m[21:25:15][m [32m[main/INFO][m [36m(Minecraft)[m [0m[STDOUT]: ALTO CLEF: WARNING: T2 [S130] tick y=54 slot=2 air=false pos=-151,54,-60 walls=4/4/4 sky=5 place=14 boxed=true hold=true cool=0 ban=0 startY=54 step=1
[m[34m[21:25:15][m [32m[main/INFO][m [36m(Minecraft)[m [0m[CHAT] §2§l§o[TenorClef] §cT2 [S130] tick y=54 slot=2 air=false pos=-151,54,-60 walls=4/4/4 sky=5 place=14 boxed=true hold=true cool=0 ban=0 startY=54 step=1§r
[m[34m[21:25:15][m [32m[main/INFO][m [36m(Minecraft)[m [0m[CHAT] §2§l§o[TenorClef] §rT2 [HIST] 3:57.9 FORCE S130 tick y=54 slot=2 air=false pos=-151,54,-60 walls=4/4/4 sky=5 place=14 boxed=true hold=true cool=0 ban=0 startY=54 step=1
[m[34m[21:25:15][m [32m[main/INFO][m [36m(Minecraft)[m [0m[STDOUT]: ALTO CLEF: WARNING: T2 [S180] marginal escape +2y free at y=56 startY=54 pos=-151,56,-60 walls=3/2/4 sky=7 place=13 boxed=false hold=true cool=0 ban=0 startY=54 step=13
[m[34m[21:25:15][m [32m[main/INFO][m [36m(Minecraft)[m [0m[CHAT] §2§l§o[TenorClef] §cT2 [S180] marginal escape +2y free at y=56 startY=54 pos=-151,56,-60 walls=3/2/4 sky=7 place=13 boxed=false hold=true cool=0 ban=0 startY=54 step=13§r
[m[34m[21:25:15][m [32m[main/INFO][m [36m(Minecraft)[m [0m[CHAT] §2§l§o[TenorClef] §rT2 [HIST] 3:58.6 FORCE S180 marginal escape +2y free at y=56 startY=54 pos=-151,56,-60 walls=3/2/4 sky=7 place=13 boxed=false hold=true cool=0 ban=0 startY=54 step=13
[m[34m[21:25:15][m [32m[main/INFO][m [36m(Minecraft)[m [0m[STDOUT]: ALTO CLEF: WARNING: T2 [S139] rise pending +2y t=1 y=56 startY=54
[m[34m[21:25:15][m [32m[main/INFO][m [36m(Minecraft)[m [0m[CHAT] §2§l§o[TenorClef] §cT2 [S139] rise pending +2y t=1 y=56 startY=54§r
[m[34m[21:25:15][m [32m[main/INFO][m [36m(Minecraft)[m [0m[CHAT] §2§l§o[TenorClef] §rT2 [HIST] 3:58.6 FORCE S139 rise pending +2y t=1 y=56 startY=54
[m[34m[21:25:15][m [32m[main/INFO][m [36m(Minecraft)[m [0m[STDOUT]: ALTO CLEF: WARNING: T2 [E100] jumps=9 @-151,56,-60 ph=PORTAL child=HolePillarTask
[m[34m[21:25:15][m [32m[main/INFO][m [36m(Minecraft)[m [0m[CHAT] §2§l§o[TenorClef] §cT2 [E100] jumps=9 @-151,56,-60 ph=PORTAL child=HolePillarTask§r
[m[34m[21:25:15][m [32m[main/INFO][m [36m(Minecraft)[m [0m[CHAT] §2§l§o[TenorClef] §rT2 [HIST] 3:58.6 [E100] jumps=9 @-151,56,-60 ph=PORTAL child=HolePillarTask
[m[34m[21:25:15][m [32m[main/INFO][m [36m(Minecraft)[m [0m[CHAT] §2§l§o[TenorClef] §rT2 [NOW] t=3:58.8 ph=PORTAL @-151,56,-60 do=<T2 pillar-out>  eq=dirt woodpick=1 stonepick=1 pick=1 iron=1 buck=1
[m[34m[21:25:16][m [32m[main/INFO][m [36m(Minecraft)[m [0m[STDOUT]: ALTO CLEF: WARNING: T2 [S130] tick y=56 slot=4 air=false pos=-151,56,-60 walls=3/2/4 sky=7 place=12 boxed=false hold=true cool=0 ban=0 startY=54 step=21
[m[34m[21:25:16][m [32m[main/INFO][m [36m(Minecraft)[m [0m[CHAT] §2§l§o[TenorClef] §cT2 [S130] tick y=56 slot=4 air=false pos=-151,56,-60 walls=3/2/4 sky=7 place=12 boxed=false hold=true cool=0 ban=0 startY=54 step=21§r
[m[34m[21:25:16][m [32m[main/INFO][m [36m(Minecraft)[m [0m[CHAT] §2§l§o[TenorClef] §rT2 [HIST] 3:58.9 FORCE S130 tick y=56 slot=4 air=false pos=-151,56,-60 walls=3/2/4 sky=7 place=12 boxed=false hold=true cool=0 ban=0 startY=54 step=21
[m[34m[21:25:16][m [32m[main/INFO][m [36m(Minecraft)[m [0m[STDOUT]: ALTO CLEF: WARNING: T2 [S180] marginal escape +3y free at y=57 startY=54 pos=-151,57,-60 walls=2/1/3 sky=8 place=12 boxed=false hold=true cool=0 ban=0 startY=54 step=23
[m[34m[21:25:16][m [32m[main/INFO][m [36m(Minecraft)[m [0m[CHAT] §2§l§o[TenorClef] §cT2 [S180] marginal escape +3y free at y=57 startY=54 pos=-151,57,-60 walls=2/1/3 sky=8 place=12 boxed=false hold=true cool=0 ban=0 startY=54 step=23§r
[m[34m[21:25:16][m [32m[main/INFO][m [36m(Minecraft)[m [0m[CHAT] §2§l§o[TenorClef] §rT2 [HIST] 3:59.1 FORCE S180 marginal escape +3y free at y=57 startY=54 pos=-151,57,-60 walls=2/1/3 sky=8 place=12 boxed=false hold=true cool=0 ban=0 startY=54 step=23
[m[34m[21:25:16][m [32m[main/INFO][m [36m(Minecraft)[m [0m[STDOUT]: ALTO CLEF: WARNING: T2 [S139] rise pending +3y t=1 y=57 startY=54
[m[34m[21:25:16][m [32m[main/INFO][m [36m(Minecraft)[m [0m[CHAT] §2§l§o[TenorClef] §cT2 [S139] rise pending +3y t=1 y=57 startY=54§r
[m[34m[21:25:16][m [32m[main/INFO][m [36m(Minecraft)[m [0m[CHAT] §2§l§o[TenorClef] §rT2 [HIST] 3:59.1 FORCE S139 rise pending +3y t=1 y=57 startY=54
[m[34m[21:25:16][m [32m[main/INFO][m [36m(Minecraft)[m [0m[STDOUT]: ALTO CLEF: WARNING: T2 [S139] rise confirmed +4y y=58 startY=54 pos=-151,58,-60 walls=1/2/2 sky=9 place=11 boxed=false hold=true cool=0 ban=0 startY=54 step=33
[m[34m[21:25:16][m [32m[main/INFO][m [36m(Minecraft)[m [0m[CHAT] §2§l§o[TenorClef] §cT2 [S139] rise confirmed +4y y=58 startY=54 pos=-151,58,-60 walls=1/2/2 sky=9 place=11 boxed=false hold=true cool=0 ban=0 startY=54 step=33§r
[m[34m[21:25:16][m [32m[main/INFO][m [36m(Minecraft)[m [0m[CHAT] §2§l§o[TenorClef] §rT2 [HIST] 3:59.6 FORCE S139 rise confirmed +4y y=58 startY=54 pos=-151,58,-60 walls=1/2/2 sky=9 place=11 boxed=false hold=true cool=0 ban=0 startY=54 step=33
[m[34m[21:25:16][m [32m[main/INFO][m [36m(Minecraft)[m [0m[STDOUT]: ALTO CLEF: WARNING: T2 [S133] cool arm ticks=80 reason=risen y=58 startY=54 ban=-151,58,-60 pos=-151,58,-60 walls=1/2/2 sky=9 place=11 boxed=false hold=true cool=80 ban=80 startY=54 step=33
[m[34m[21:25:16][m [32m[main/INFO][m [36m(Minecraft)[m [0m[CHAT] §2§l§o[TenorClef] §cT2 [S133] cool arm ticks=80 reason=risen y=58 startY=54 ban=-151,58,-60 pos=-151,58,-60 walls=1/2/2 sky=9 place=11 boxed=false hold=true cool=80 ban=80 startY=54 step=33§r
[m[34m[21:25:16][m [32m[main/INFO][m [36m(Minecraft)[m [0m[CHAT] §2§l§o[TenorClef] §rT2 [HIST] 3:59.6 FORCE S133 cool arm ticks=80 reason=risen y=58 startY=54 ban=-151,58,-60 pos=-151,58,-60 walls=1/2/2 sky=9 place=11 boxed=false hold=true cool=80 ban=80 startY=54 step=33
[m[34m[21:25:16][m [32m[main/INFO][m [36m(Minecraft)[m [0m[STDOUT]: ALTO CLEF: WARNING: T2 [S136] END reason=risen y=58 startY=54 roseReal=true giveUp=true pos=-151,58,-60 walls=1/2/2 sky=9 place=11 boxed=false hold=true cool=80 ban=80 startY=54 step=33
[m[34m[21:25:16][m [32m[main/INFO][m [36m(Minecraft)[m [0m[CHAT] §2§l§o[TenorClef] §cT2 [S136] END reason=risen y=58 startY=54 roseReal=true giveUp=true pos=-151,58,-60 walls=1/2/2 sky=9 place=11 boxed=false hold=true cool=80 ban=80 startY=54 step=33§r
[m[34m[21:25:16][m [32m[main/INFO][m [36m(Minecraft)[m [0m[CHAT] §2§l§o[TenorClef] §rT2 [HIST] 3:59.6 FORCE S136 END reason=risen y=58 startY=54 roseReal=true giveUp=true pos=-151,58,-60 walls=1/2/2 sky=9 place=11 boxed=false hold=true cool=80 ban=80 startY=54 step=33
[m[34m[21:25:16][m [32m[main/INFO][m [36m(Minecraft)[m [0m[CHAT] §2§l§o[TenorClef] §rT2 [HIST] 3:59.6 PILLAR END risen y=58 startY=54
[m[34m[21:25:16][m [32m[main/INFO][m [36m(Minecraft)[m [0m[STDOUT]: ALTO CLEF: WARNING: T2 [S157] held HolePillarTask through 1 swap attempts - Construct/pillar ping-pong, wanted=ConstructNetherPortalBucketTask
[m[34m[21:25:16][m [32m[main/INFO][m [36m(Minecraft)[m [0m[CHAT] §2§l§o[TenorClef] §cT2 [S157] held HolePillarTask through 1 swap attempts - Construct/pillar ping-pong, wanted=ConstructNetherPortalBucketTask§r
[m[34m[21:25:16][m [32m[main/INFO][m [36m(Minecraft)[m [0m[CHAT] §2§l§o[TenorClef] §rT2 [NOW] t=3:59.8 ph=PORTAL @-151,57,-60 do=<T2 pillar-out>  eq=dirt woodpick=1 stonepick=1 pick=1 iron=1 buck=1
[m[34m[21:25:17][m [32m[main/INFO][m [36m(Minecraft)[m [0m[CHAT] §2§l§o[TenorClef] §rT2 [NOW] t=4:00.8 ph=PORTAL @-151,57,-60 do=<T2 pillar-out>  eq=dirt woodpick=1 stonepick=1 pick=1 iron=1 buck=1
[m[34m[21:25:18][m [32m[main/INFO][m [36m(Minecraft)[m [0m[CHAT] §2§l§o[TenorClef] §rT2 [HIST] 4:01.2 SNAP ph=PORTAL @-151,57,-60 sky=8 wet=false ground=true pick=1 buck=1 iron=1 ore=3 rods=0 pearls=0 eyes=0 child=HolePillarTask dbg=<T2 pillar-out>  mobs=none
[m[34m[21:25:18][m [32m[main/INFO][m [36m(Minecraft)[m [0m[CHAT] §2§l§o[TenorClef] §rT2 [NOW] t=4:01.8 ph=PORTAL @-151,57,-60 do=<T2 pillar-out>  eq=dirt woodpick=1 stonepick=1 pick=1 iron=1 buck=1
[m[34m[21:25:19][m [32m[main/INFO][m [36m(Minecraft)[m [0m[STDOUT]: ALTO CLEF: WARNING: T2 [S136] stick drop pillar -> ConstructNetherPortalBucketTask finished=true hold=false cool=19 end=risen y=58 startY=54 pos=-151,57,-60 walls=2/1/3 sky=8 place=11 boxed=false hold=false cool=19 ban=19 startY=- step=0
[m[34m[21:25:19][m [32m[main/INFO][m [36m(Minecraft)[m [0m[CHAT] §2§l§o[TenorClef] §cT2 [S136] stick drop pillar -> ConstructNetherPortalBucketTask finished=true hold=false cool=19 end=risen y=58 startY=54 pos=-151,57,-60 walls=2/1/3 sky=8 place=11 boxed=false hold=false cool=19 ban=19 startY=- step=0§r
[m[34m[21:25:19][m [32m[main/INFO][m [36m(Minecraft)[m [0m[CHAT] §2§l§o[TenorClef] §rT2 [HIST] 4:02.6 FORCE S136 stick drop pillar -> ConstructNetherPortalBucketTask finished=true hold=false cool=19 end=risen y=58 startY=54 pos=-151,57,-60 walls=2/1/3 sky=8 place=11 boxed=false hold=false cool=19 ban=19 startY=- step=0
[m[34m[21:25:19][m [32m[main/INFO][m [36m(Minecraft)[m [0m[CHAT] §2§l§o[TenorClef] §rT2 [HIST] 4:02.6 CHILD HolePillarTask -> ConstructNetherPortalBucketTask ph=PORTAL @-151,57,-60 sky=8 wet=false ground=true pick=1 buck=1 iron=1 ore=3 rods=0 pearls=0 eyes=0
[m[34m[21:25:19][m [32m[main/INFO][m [36m(Minecraft)[m [0m[STDOUT]: ALTO CLEF: WARNING: T2 [S136] onStop interrupt=ConstructNetherPortalBucketTask finishWhy=givingUp cool=19 lastEnd=risen y=58 startY=54 pos=-151,57,-60 walls=2/1/3 sky=8 place=11 boxed=false hold=false cool=19 ban=19 startY=- step=0
[m[34m[21:25:19][m [32m[main/INFO][m [36m(Minecraft)[m [0m[CHAT] §2§l§o[TenorClef] §cT2 [S136] onStop interrupt=ConstructNetherPortalBucketTask finishWhy=givingUp cool=19 lastEnd=risen y=58 startY=54 pos=-151,57,-60 walls=2/1/3 sky=8 place=11 boxed=false hold=false cool=19 ban=19 startY=- step=0§r
[m[34m[21:25:19][m [32m[main/INFO][m [36m(Minecraft)[m [0m[CHAT] §2§l§o[TenorClef] §rT2 [HIST] 4:02.6 FORCE S136 onStop interrupt=ConstructNetherPortalBucketTask finishWhy=givingUp cool=19 lastEnd=risen y=58 startY=54 pos=-151,57,-60 walls=2/1/3 sky=8 place=11 boxed=false hold=false cool=19 ban=19 startY=- step=0
[m[34m[21:25:19][m [32m[main/INFO][m [36m(Minecraft)[m [0m[CHAT] §2§l§o[TenorClef] §r(Searching for lava lake with portalable spot nearby...)
[m[34m[21:25:19][m [32m[main/INFO][m [36m(Minecraft)[m [0m[CHAT] §2§l§o[TenorClef] §rFound with depth 110
[m[34m[21:25:19][m [32m[main/INFO][m [36m(Minecraft)[m [0m[CHAT] §2§l§o[TenorClef] §rFound with depth 1
[m[34m[21:25:19][m [32m[main/INFO][m [36m(Minecraft)[m [0m[CHAT] §2§l§o[TenorClef] §rT2 [S165L] only a deep lava lake at y=8 - expect a long dark shaft
[m[34m[21:25:19][m [32m[main/INFO][m [36m(Minecraft)[m [0m[CHAT] §2§l§o[TenorClef] §rConstruct: need iron for 2nd bucket (iron=1 empty=0 water=1 lava=0)
[m[34m[21:25:19][m [32m[main/INFO][m [36m(Minecraft)[m [0m[CHAT] §2§l§o[TenorClef] §rT2 [NOW] t=4:02.8 ph=PORTAL @-151,57,-61 do=<Construct Nether Portal> Mining iron for 2nd bucket at lava eq=dirt woodpick=1 stonepick=1 pick=1 iron=1 buck=1
[m[34m[21:25:20][m [32m[main/INFO][m [36m(Minecraft)[m [0m[STDOUT]: ALTO CLEF: WARNING: T2 [S138] shaft ban clear left-xz ban=-151,58,-60 now=-150,57,-62 manh=3 dy=1 left=11
[m[34m[21:25:20][m [32m[main/INFO][m [36m(Minecraft)[m [0m[CHAT] §2§l§o[TenorClef] §cT2 [S138] shaft ban clear left-xz ban=-151,58,-60 now=-150,57,-62 manh=3 dy=1 left=11§r
[m[34m[21:25:20][m [32m[main/INFO][m [36m(Minecraft)[m [0m[CHAT] §2§l§o[TenorClef] §rT2 [HIST] 4:03.1 FORCE S138 shaft ban clear left-xz ban=-151,58,-60 now=-150,57,-62 manh=3 dy=1 left=11
[m[34m[21:25:20][m [32m[main/INFO][m [36m(Minecraft)[m [0m[STDOUT]: ALTO CLEF: WARNING: T2 [S134] pillar cool expire after jump-pit flips=6 end=risen y=58 startY=54
[m[34m[21:25:20][m [32m[main/INFO][m [36m(Minecraft)[m [0m[CHAT] §2§l§o[TenorClef] §cT2 [S134] pillar cool expire after jump-pit flips=6 end=risen y=58 startY=54§r
[m[34m[21:25:20][m [32m[main/INFO][m [36m(Minecraft)[m [0m[CHAT] §2§l§o[TenorClef] §rT2 [HIST] 4:03.6 FORCE S134 pillar cool expire after jump-pit flips=6 end=risen y=58 startY=54
[m[34m[21:25:20][m [32m[main/INFO][m [36m(Minecraft)[m [0m[STDOUT]: ALTO CLEF: WARNING: T2 [S138] shaft ban clear left-xz ban=-151,58,-60 now=-149,58,-62 manh=4 dy=0 left=60
[m[34m[21:25:20][m [32m[main/INFO][m [36m(Minecraft)[m [0m[CHAT] §2§l§o[TenorClef] §cT2 [S138] shaft ban clear left-xz ban=-151,58,-60 now=-149,58,-62 manh=4 dy=0 left=60§r
[m[34m[21:25:20][m [32m[main/INFO][m [36m(Minecraft)[m [0m[CHAT] §2§l§o[TenorClef] §rT2 [HIST] 4:03.6 FORCE S138 shaft ban clear left-xz ban=-151,58,-60 now=-149,58,-62 manh=4 dy=0 left=60
[m[34m[21:25:20][m [32m[main/INFO][m [36m(Minecraft)[m [0m[CHAT] §2§l§o[TenorClef] §rT2 [NOW] t=4:03.8 ph=PORTAL @-149,59,-62 do=<Construct Nether Portal> Mining iron for 2nd bucket at lava eq=dirt woodpick=1 stonepick=1 pick=1 iron=1 buck=1
[m[34m[21:25:21][m [32m[main/INFO][m [36m(Minecraft)[m [0m[CHAT] §2§l§o[TenorClef] §rT2 [NOW] t=4:04.8 ph=PORTAL @-146,60,-61 do=<Construct Nether Portal> Mining iron for 2nd bucket at lava eq=iron_pickaxe woodpick=1 stonepick=1 pick=1 iron=1 buck=1
[m[34m[21:25:22][m [32m[main/INFO][m [36m(Minecraft)[m [0m[CHAT] §2§l§o[TenorClef] §rT2 [NOW] t=4:05.8 ph=PORTAL @-146,59,-61 do=<Construct Nether Portal> Mining iron for 2nd bucket at lava eq=iron_pickaxe woodpick=1 stonepick=1 pick=1 iron=1 buck=1
[m[34m[21:25:23][m [32m[main/INFO][m [36m(Minecraft)[m [0m[CHAT] §2§l§o[TenorClef] §rT2 [HIST] 4:06.2 SNAP ph=PORTAL @-146,59,-61 sky=15 wet=false ground=true pick=1 buck=1 iron=1 ore=3 rods=0 pearls=0 eyes=0 child=ConstructNetherPortalBucketTask dbg=<Construct Nether Portal> Mining iron for 2nd bucket at lava mobs=none
[m[34m[21:25:23][m [32m[main/INFO][m [36m(Minecraft)[m [0m[CHAT] §2§l§o[TenorClef] §rT2 [NOW] t=4:06.8 ph=PORTAL @-146,58,-61 do=<Construct Nether Portal> Mining iron for 2nd bucket at lava eq=iron_pickaxe woodpick=1 stonepick=1 pick=1 iron=1 buck=1
[m[34m[21:25:24][m [32m[main/INFO][m [36m(Minecraft)[m [0m[CHAT] §2§l§o[TenorClef] §rT2 [NOW] t=4:07.8 ph=PORTAL @-146,57,-61 do=<Construct Nether Portal> Mining iron for 2nd bucket at lava eq=iron_pickaxe woodpick=1 stonepick=1 pick=1 iron=1 buck=1
[m[34m[21:25:24][m [32m[main/INFO][m [36m(Minecraft)[m [0m[STDOUT]: ALTO CLEF: WARNING: T2 [S100] stop jump-walk @-146,-61 ph=PORTAL child=ConstructNetherPortalBucketTask esc=0
[m[34m[21:25:24][m [32m[main/INFO][m [36m(Minecraft)[m [0m[CHAT] §2§l§o[TenorClef] §cT2 [S100] stop jump-walk @-146,-61 ph=PORTAL child=ConstructNetherPortalBucketTask esc=0§r
[m[34m[21:25:24][m [32m[main/INFO][m [36m(Minecraft)[m [0m[CHAT] §2§l§o[TenorClef] §rT2 [HIST] 4:07.9 SOLVE S100 stop jump-walk @-146,-61 ph=PORTAL child=ConstructNetherPortalBucketTask esc=0
[m[34m[21:25:25][m [32m[main/INFO][m [36m(Minecraft)[m [0m[STDOUT]: ALTO CLEF: WARNING: T2 [E100] jumps=7 @-146,56,-61 ph=PORTAL child=ConstructNetherPortalBucketTask
[m[34m[21:25:25][m [32m[main/INFO][m [36m(Minecraft)[m [0m[CHAT] §2§l§o[TenorClef] §cT2 [E100] jumps=7 @-146,56,-61 ph=PORTAL child=ConstructNetherPortalBucketTask§r
[m[34m[21:25:25][m [32m[main/INFO][m [36m(Minecraft)[m [0m[CHAT] §2§l§o[TenorClef] §rT2 [HIST] 4:08.8 [E100] jumps=7 @-146,56,-61 ph=PORTAL child=ConstructNetherPortalBucketTask
[m[34m[21:25:25][m [32m[main/INFO][m [36m(Minecraft)[m [0m[CHAT] §2§l§o[TenorClef] §rT2 [NOW] t=4:08.8 ph=PORTAL @-146,56,-61 do=<Construct Nether Portal> Mining iron for 2nd bucket at lava eq=iron_pickaxe woodpick=1 stonepick=1 pick=1 iron=1 buck=1
[m[34m[21:25:26][m [32m[main/INFO][m [36m(Minecraft)[m [0m[CHAT] §2§l§o[TenorClef] §rT2 [NOW] t=4:09.8 ph=PORTAL @-146,56,-61 do=<Construct Nether Portal> Mining iron for 2nd bucket at lava eq=iron_pickaxe woodpick=1 stonepick=1 pick=1 iron=1 buck=1
[m[34m[21:25:27][m [32m[main/INFO][m [36m(Minecraft)[m [0m[CHAT] §2§l§o[TenorClef] §rT2 [NOW] t=4:10.8 ph=PORTAL @-146,56,-61 do=<Construct Nether Portal> Mining iron for 2nd bucket at lava eq=iron_pickaxe woodpick=1 stonepick=1 pick=1 iron=1 buck=1
[m[34m[21:25:28][m [32m[main/INFO][m [36m(Minecraft)[m [0m[CHAT] §2§l§o[TenorClef] §rT2 [HIST] 4:11.2 SNAP ph=PORTAL @-146,56,-61 sky=15 wet=false ground=true pick=1 buck=1 iron=1 ore=3 rods=0 pearls=0 eyes=0 child=ConstructNetherPortalBucketTask dbg=<Construct Nether Portal> Mining iron for 2nd bucket at lava mobs=none
[m[34m[21:25:28][m [32m[main/INFO][m [36m(Minecraft)[m [0m[CHAT] §2§l§o[TenorClef] §rT2 [NOW] t=4:11.8 ph=PORTAL @-146,56,-61 do=<Construct Nether Portal> Mining iron for 2nd bucket at lava eq=iron_pickaxe woodpick=1 stonepick=1 pick=1 iron=1 buck=1
[m[34m[21:25:29][m [32m[main/INFO][m [36m(Minecraft)[m [0mLoaded 104 advancements
[m[34m[21:25:29][m [32m[main/INFO][m [36m(Minecraft)[m [0m[CHAT] §2§l§o[TenorClef] §rT2 [HIST] 4:12.2 [E100] jumps=6 @-146,56,-61 ph=PORTAL child=ConstructNetherPortalBucketTask
[m[34m[21:25:29][m [32m[main/INFO][m [36m(Minecraft)[m [0m[CHAT] §2§l§o[TenorClef] §rT2 [NOW] t=4:12.8 ph=PORTAL @-147,57,-61 do=<Construct Nether Portal> Mining iron for 2nd bucket at lava eq=iron_pickaxe woodpick=1 stonepick=1 pick=1 iron=1 buck=1
[m[34m[21:25:30][m [32m[main/INFO][m [36m(Minecraft)[m [0m[CHAT] §2§l§o[TenorClef] §rT2 [NOW] t=4:13.8 ph=PORTAL @-147,57,-61 do=<Construct Nether Portal> Mining iron for 2nd bucket at lava eq=iron_pickaxe woodpick=1 stonepick=1 pick=1 iron=1 buck=1
[m[34m[21:25:31][m [32m[main/INFO][m [36m(Minecraft)[m [0m[CHAT] §2§l§o[TenorClef] §rT2 [NOW] t=4:14.8 ph=PORTAL @-148,59,-62 do=<Construct Nether Portal> Mining iron for 2nd bucket at lava eq=iron_pickaxe woodpick=1 stonepick=1 pick=1 iron=1 buck=1
[m[34m[21:25:32][m [32m[main/INFO][m [36m(Minecraft)[m [0m[CHAT] §2§l§o[TenorClef] §rT2 [NOW] t=4:15.8 ph=PORTAL @-148,61,-61 do=<Construct Nether Portal> Mining iron for 2nd bucket at lava eq=dirt woodpick=1 stonepick=1 pick=1 iron=1 buck=1
[m[34m[21:25:33][m [32m[main/INFO][m [36m(Minecraft)[m [0m[CHAT] §2§l§o[TenorClef] §rT2 [HIST] 4:16.2 SNAP ph=PORTAL @-148,62,-61 sky=15 wet=false ground=false pick=1 buck=1 iron=1 ore=3 rods=0 pearls=0 eyes=0 child=ConstructNetherPortalBucketTask dbg=<Construct Nether Portal> Mining iron for 2nd bucket at lava mobs=none
[m[34m[21:25:33][m [32m[main/INFO][m [36m(Minecraft)[m [0m[CHAT] §2§l§o[TenorClef] §rT2 [NOW] t=4:16.8 ph=PORTAL @-150,63,-61 do=<Construct Nether Portal> Mining iron for 2nd bucket at lava eq=dirt woodpick=1 stonepick=1 pick=1 iron=1 buck=1
[m[34m[21:25:34][m [32m[main/INFO][m [36m(Minecraft)[m [0m[CHAT] §2§l§o[TenorClef] §rConstruct: need iron for 2nd bucket (iron=1 empty=0 water=1 lava=0)
[m[34m[21:25:34][m [32m[main/INFO][m [36m(Minecraft)[m [0m[CHAT] §2§l§o[TenorClef] §rT2 [NOW] t=4:17.8 ph=PORTAL @-153,63,-64 do=<Construct Nether Portal> Mining iron for 2nd bucket at lava eq=dirt woodpick=1 stonepick=1 pick=1 iron=1 buck=1
[m[34m[21:25:35][m [32m[main/INFO][m [36m(Minecraft)[m [0mLoaded 105 advancements
[m[34m[21:25:35][m [32m[main/INFO][m [36m(Minecraft)[m [0m[CHAT] §2§l§o[TenorClef] §rPRESSED
[m[34m[21:25:35][m [32m[main/INFO][m [36m(Minecraft)[m [0m[CHAT] §2§l§o[TenorClef] §rT2 [NOW] t=4:18.8 ph=PORTAL @-153,63,-64 do=<Construct Nether Portal> Mining iron for 2nd bucket at lava eq=air woodpick=1 stonepick=1 pick=1 iron=1 buck=1
[m[34m[21:25:36][m [32m[main/INFO][m [36m(Minecraft)[m [0m[CHAT] §2§l§o[TenorClef] §rT2 [NOW] t=4:19.8 ph=PORTAL @-153,63,-64 do=<Construct Nether Portal> Mining iron for 2nd bucket at lava eq=air woodpick=1 stonepick=1 pick=1 iron=1 buck=1
[m[34m[21:25:37][m [32m[main/INFO][m [36m(Minecraft)[m [0m[CHAT] §2§l§o[TenorClef] §rT2 [NOW] t=4:20.8 ph=PORTAL @-153,63,-64 do=<Construct Nether Portal> Mining iron for 2nd bucket at lava eq=air woodpick=1 stonepick=1 pick=1 iron=1 buck=1
[m[34m[21:25:38][m [32m[main/INFO][m [36m(Minecraft)[m [0m[CHAT] §2§l§o[TenorClef] §rT2 [HIST] 4:21.2 SNAP ph=PORTAL @-153,63,-64 sky=15 wet=false ground=true pick=1 buck=1 iron=1 ore=3 rods=0 pearls=0 eyes=0 child=ConstructNetherPortalBucketTask dbg=<Construct Nether Portal> Mining iron for 2nd bucket at lava mobs=none
[m[34m[21:25:38][m [32m[main/INFO][m [36m(Minecraft)[m [0m[CHAT] §2§l§o[TenorClef] §rT2 [NOW] t=4:21.8 ph=PORTAL @-153,63,-64 do=<Construct Nether Portal> Mining iron for 2nd bucket at lava eq=air woodpick=1 stonepick=1 pick=1 iron=1 buck=1
[m[34m[21:25:39][m [32m[main/INFO][m [36m(Minecraft)[m [0m[CHAT] §2§l§o[TenorClef] §rT2 [NOW] t=4:22.8 ph=PORTAL @-153,63,-64 do=<Construct Nether Portal> Mining iron for 2nd bucket at lava eq=air woodpick=1 stonepick=1 pick=1 iron=1 buck=1
[m[34m[21:25:40][m [32m[main/INFO][m [36m(Minecraft)[m [0m[CHAT] §2§l§o[TenorClef] §rT2 [NOW] t=4:23.8 ph=PORTAL @-153,63,-64 do=<Construct Nether Portal> Mining iron for 2nd bucket at lava eq=air woodpick=1 stonepick=1 pick=1 iron=1 buck=1
[m[34m[21:25:41][m [32m[main/INFO][m [36m(Minecraft)[m [0m[CHAT] §2§l§o[TenorClef] §rT2 [NOW] t=4:24.8 ph=PORTAL @-153,63,-64 do=<Construct Nether Portal> Mining iron for 2nd bucket at lava eq=air woodpick=1 stonepick=1 pick=1 iron=1 buck=1
[m[34m[21:25:42][m [32m[main/INFO][m [36m(Minecraft)[m [0m[CHAT] §2§l§o[TenorClef] §rT2 [NOW] t=4:25.8 ph=PORTAL @-153,63,-64 do=<Construct Nether Portal> Mining iron for 2nd bucket at lava eq=air woodpick=1 stonepick=1 pick=1 iron=1 buck=1
[m[34m[21:25:43][m [32m[main/INFO][m [36m(Minecraft)[m [0m[CHAT] §2§l§o[TenorClef] §rT2 [HIST] 4:26.2 SNAP ph=PORTAL @-153,63,-64 sky=15 wet=false ground=true pick=1 buck=1 iron=1 ore=3 rods=0 pearls=0 eyes=0 child=ConstructNetherPortalBucketTask dbg=<Construct Nether Portal> Mining iron for 2nd bucket at lava mobs=none
[m[34m[21:25:43][m [32m[main/INFO][m [36m(Minecraft)[m [0m[CHAT] §2§l§o[TenorClef] §rT2 [NOW] t=4:26.8 ph=PORTAL @-153,63,-64 do=<Construct Nether Portal> Mining iron for 2nd bucket at lava eq=air woodpick=1 stonepick=1 pick=1 iron=1 buck=1
[m[34m[21:25:44][m [32m[main/INFO][m [36m(Minecraft)[m [0m[CHAT] §2§l§o[TenorClef] §rT2 [NOW] t=4:27.8 ph=PORTAL @-153,63,-64 do=<Construct Nether Portal> Mining iron for 2nd bucket at lava eq=air woodpick=1 stonepick=1 pick=1 iron=1 buck=1
[m[34m[21:25:45][m [32m[main/INFO][m [36m(Minecraft)[m [0m[CHAT] §2§l§o[TenorClef] §rT2 [NOW] t=4:28.8 ph=PORTAL @-153,63,-64 do=<Construct Nether Portal> Mining iron for 2nd bucket at lava eq=air woodpick=1 stonepick=1 pick=1 iron=1 buck=1
[m[34m[21:25:46][m [32m[main/INFO][m [36m(Minecraft)[m [0m[STDOUT]: ALTO CLEF: WARNING: T2 [E62] portal jump-place @-153,63,-64
[m[34m[21:25:46][m [32m[main/INFO][m [36m(Minecraft)[m [0m[CHAT] §2§l§o[TenorClef] §cT2 [E62] portal jump-place @-153,63,-64§r
[m[34m[21:25:46][m [32m[main/INFO][m [36m(Minecraft)[m [0m[CHAT] §2§l§o[TenorClef] §rT2 [NOW] t=4:29.8 ph=PORTAL @-153,63,-65 do=<Construct Nether Portal> Mining iron for 2nd bucket at lava eq=air woodpick=1 stonepick=1 pick=1 iron=2 buck=1
[m[34m[21:25:47][m [32m[main/INFO][m [36m(Minecraft)[m [0m[CHAT] §2§l§o[TenorClef] §rT2 [NOW] t=4:30.8 ph=PORTAL @-152,63,-71 do=<Construct Nether Portal> Mining iron for 2nd bucket at lava eq=air woodpick=1 stonepick=1 pick=1 iron=2 buck=1
[m[34m[21:25:48][m [32m[main/INFO][m [36m(Minecraft)[m [0m[CHAT] §2§l§o[TenorClef] §rT2 [HIST] 4:31.2 SNAP ph=PORTAL @-152,63,-72 sky=15 wet=false ground=true pick=1 buck=1 iron=2 ore=2 rods=0 pearls=0 eyes=0 child=ConstructNetherPortalBucketTask dbg=<Construct Nether Portal> Mining iron for 2nd bucket at lava mobs=none
[m[34m[21:25:48][m [32m[main/INFO][m [36m(Minecraft)[m [0m[CHAT] §2§l§o[TenorClef] §rT2 [NOW] t=4:31.8 ph=PORTAL @-152,63,-72 do=<Construct Nether Portal> Mining iron for 2nd bucket at lava eq=air woodpick=1 stonepick=1 pick=1 iron=2 buck=1
[m[34m[21:25:49][m [32m[main/INFO][m [36m(Minecraft)[m [0m[CHAT] §2§l§o[TenorClef] §rConstruct: need iron for 2nd bucket (iron=2 empty=0 water=1 lava=0)
[m[34m[21:25:49][m [32m[main/INFO][m [36m(Minecraft)[m [0m[CHAT] §2§l§o[TenorClef] §rT2 [NOW] t=4:32.8 ph=PORTAL @-152,63,-72 do=<Construct Nether Portal> Mining iron for 2nd bucket at lava eq=air woodpick=1 stonepick=1 pick=1 iron=2 buck=1
[m[34m[21:25:50][m [32m[main/INFO][m [36m(Minecraft)[m [0m[CHAT] §2§l§o[TenorClef] §rT2 [NOW] t=4:33.8 ph=PORTAL @-152,63,-72 do=<Construct Nether Portal> Mining iron for 2nd bucket at lava eq=air woodpick=1 stonepick=1 pick=1 iron=2 buck=1
[m[34m[21:25:51][m [32m[main/INFO][m [36m(Minecraft)[m [0m[CHAT] §2§l§o[TenorClef] §rT2 [NOW] t=4:34.8 ph=PORTAL @-152,63,-72 do=<Construct Nether Portal> Mining iron for 2nd bucket at lava eq=air woodpick=1 stonepick=1 pick=1 iron=2 buck=1
[m[34m[21:25:52][m [32m[main/INFO][m [36m(Minecraft)[m [0m[CHAT] §2§l§o[TenorClef] §rT2 [NOW] t=4:35.8 ph=PORTAL @-152,63,-72 do=<Construct Nether Portal> Mining iron for 2nd bucket at lava eq=air woodpick=1 stonepick=1 pick=1 iron=2 buck=1
[m[34m[21:25:53][m [32m[main/INFO][m [36m(Minecraft)[m [0m[CHAT] §2§l§o[TenorClef] §rT2 [HIST] 4:36.2 SNAP ph=PORTAL @-152,63,-72 sky=15 wet=false ground=true pick=1 buck=1 iron=2 ore=2 rods=0 pearls=0 eyes=0 child=ConstructNetherPortalBucketTask dbg=<Construct Nether Portal> Mining iron for 2nd bucket at lava mobs=none
[m[34m[21:25:53][m [32m[main/INFO][m [36m(Minecraft)[m [0m[CHAT] §2§l§o[TenorClef] §rT2 [NOW] t=4:36.8 ph=PORTAL @-152,63,-72 do=<Construct Nether Portal> Mining iron for 2nd bucket at lava eq=air woodpick=1 stonepick=1 pick=1 iron=2 buck=1
[m[34m[21:25:54][m [32m[main/INFO][m [36m(Minecraft)[m [0m[CHAT] §2§l§o[TenorClef] §rT2 [NOW] t=4:37.8 ph=PORTAL @-152,63,-72 do=<Construct Nether Portal> Mining iron for 2nd bucket at lava eq=air woodpick=1 stonepick=1 pick=1 iron=2 buck=1
[m[34m[21:25:55][m [32m[main/INFO][m [36m(Minecraft)[m [0m[CHAT] §2§l§o[TenorClef] §rT2 [NOW] t=4:38.8 ph=PORTAL @-152,63,-72 do=<Construct Nether Portal> Mining iron for 2nd bucket at lava eq=air woodpick=1 stonepick=1 pick=1 iron=2 buck=1
[m[34m[21:25:56][m [32m[main/INFO][m [36m(Minecraft)[m [0m[CHAT] §2§l§o[TenorClef] §rT2 [NOW] t=4:39.8 ph=PORTAL @-152,63,-72 do=<Construct Nether Portal> Collecting lava eq=air woodpick=1 stonepick=1 pick=1 iron=3 buck=1
[m[34m[21:25:57][m [32m[main/INFO][m [36m(Minecraft)[m [0m[CHAT] §2§l§o[TenorClef] §rRefreshed inventory...
[m[34m[21:25:57][m [32m[main/INFO][m [36m(Minecraft)[m [0m[CHAT] §2§l§o[TenorClef] §rT2 [NOW] t=4:40.8 ph=PORTAL @-154,63,-70 do=<Construct Nether Portal> Collecting lava eq=air woodpick=1 stonepick=1 pick=1 iron=3 buck=1
[m[34m[21:25:58][m [32m[main/INFO][m [36m(Minecraft)[m [0m[CHAT] §2§l§o[TenorClef] §rT2 [HIST] 4:41.2 SNAP ph=PORTAL @-156,63,-68 sky=15 wet=false ground=true pick=1 buck=1 iron=3 ore=1 rods=0 pearls=0 eyes=0 child=ConstructNetherPortalBucketTask dbg=<Construct Nether Portal> Collecting lava mobs=none
[m[34m[21:25:58][m [32m[main/INFO][m [36m(Minecraft)[m [0m[CHAT] §2§l§o[TenorClef] §rT2 [NOW] t=4:41.8 ph=PORTAL @-157,63,-67 do=<Construct Nether Portal> Collecting lava eq=air woodpick=1 stonepick=1 pick=1 iron=3 buck=1
[m[34m[21:25:59][m [32m[pool-5-thread-4/INFO][m [36m(Minecraft)[m [0m[STDOUT]: 671616 movements considered
[m[34m[21:25:59][m [32m[pool-5-thread-4/INFO][m [36m(Minecraft)[m [0m[STDOUT]: Open set size: 12225
[m[34m[21:25:59][m [32m[pool-5-thread-4/INFO][m [36m(Minecraft)[m [0m[STDOUT]: PathNode map size: 42750
[m[34m[21:25:59][m [32m[pool-5-thread-4/INFO][m [36m(Minecraft)[m [0m[STDOUT]: 61056 nodes per second
[m[34m[21:25:59][m [32m[pool-5-thread-4/INFO][m [36m(Minecraft)[m [0m[STDOUT]: Path goes for 9.273618495495704 blocks
[m[34m[21:25:59][m [32m[main/INFO][m [36m(Minecraft)[m [0m[CHAT] §2§l§o[TenorClef] §rT2 [NOW] t=4:42.8 ph=PORTAL @-157,63,-68 do=<Construct Nether Portal> Collecting lava eq=bucket woodpick=1 stonepick=1 pick=1 iron=0 buck=1
[m[34m[21:26:00][m [32m[pool-5-thread-4/INFO][m [36m(Minecraft)[m [0m[STDOUT]: 547712 movements considered
[m[34m[21:26:00][m [32m[pool-5-thread-4/INFO][m [36m(Minecraft)[m [0m[STDOUT]: Open set size: 9535
[m[34m[21:26:00][m [32m[pool-5-thread-4/INFO][m [36m(Minecraft)[m [0m[STDOUT]: PathNode map size: 34427
[m[34m[21:26:00][m [32m[pool-5-thread-4/INFO][m [36m(Minecraft)[m [0m[STDOUT]: 49792 nodes per second
[m[34m[21:26:00][m [32m[pool-5-thread-4/INFO][m [36m(Minecraft)[m [0m[STDOUT]: Warning: cost coefficient is greater than three! Probably means that
[m[34m[21:26:00][m [32m[pool-5-thread-4/INFO][m [36m(Minecraft)[m [0m[STDOUT]: the path I found is pretty terrible (like sneak-bridging for dozens of blocks)
[m[34m[21:26:00][m [32m[pool-5-thread-4/INFO][m [36m(Minecraft)[m [0m[STDOUT]: But I'm going to do it anyway, because yolo
[m[34m[21:26:00][m [32m[pool-5-thread-4/INFO][m [36m(Minecraft)[m [0m[STDOUT]: Path goes for 32.01562118716424 blocks
[m[34m[21:26:00][m [32m[main/INFO][m [36m(Minecraft)[m [0m[CHAT] §2§l§o[TenorClef] §rT2 [NOW] t=4:43.8 ph=PORTAL @-158,63,-69 do=<Construct Nether Portal> Collecting lava eq=bucket woodpick=1 stonepick=1 pick=1 iron=0 buck=1
[m[34m[21:26:01][m [32m[pool-5-thread-4/INFO][m [36m(Minecraft)[m [0m[STDOUT]: 632192 movements considered
[m[34m[21:26:01][m [32m[pool-5-thread-4/INFO][m [36m(Minecraft)[m [0m[STDOUT]: Open set size: 10628
[m[34m[21:26:01][m [32m[pool-5-thread-4/INFO][m [36m(Minecraft)[m [0m[STDOUT]: PathNode map size: 39360
[m[34m[21:26:01][m [32m[pool-5-thread-4/INFO][m [36m(Minecraft)[m [0m[STDOUT]: 57357 nodes per second
[m[34m[21:26:01][m [32m[pool-5-thread-4/INFO][m [36m(Minecraft)[m [0m[STDOUT]: Path goes for 5.830951894845301 blocks
[m[34m[21:26:01][m [32m[main/INFO][m [36m(Minecraft)[m [0m[CHAT] §2§l§o[TenorClef] §rT2 [NOW] t=4:44.8 ph=PORTAL @-158,63,-68 do=<Construct Nether Portal> Collecting lava eq=bucket woodpick=1 stonepick=1 pick=1 iron=0 buck=1
[m[34m[21:26:02][m [32m[pool-5-thread-4/INFO][m [36m(Minecraft)[m [0m[STDOUT]: 501248 movements considered
[m[34m[21:26:02][m [32m[pool-5-thread-4/INFO][m [36m(Minecraft)[m [0m[STDOUT]: Open set size: 9031
[m[34m[21:26:02][m [32m[pool-5-thread-4/INFO][m [36m(Minecraft)[m [0m[STDOUT]: PathNode map size: 31810
[m[34m[21:26:02][m [32m[pool-5-thread-4/INFO][m [36m(Minecraft)[m [0m[STDOUT]: 45477 nodes per second
[m[34m[21:26:02][m [32m[pool-5-thread-4/INFO][m [36m(Minecraft)[m [0m[STDOUT]: Warning: cost coefficient is greater than three! Probably means that
[m[34m[21:26:02][m [32m[pool-5-thread-4/INFO][m [36m(Minecraft)[m [0m[STDOUT]: the path I found is pretty terrible (like sneak-bridging for dozens of blocks)
[m[34m[21:26:02][m [32m[pool-5-thread-4/INFO][m [36m(Minecraft)[m [0m[STDOUT]: But I'm going to do it anyway, because yolo
[m[34m[21:26:02][m [32m[pool-5-thread-4/INFO][m [36m(Minecraft)[m [0m[STDOUT]: Path goes for 27.294688127912362 blocks
[m[34m[21:26:02][m [32m[main/INFO][m [36m(Minecraft)[m [0m[CHAT] §2§l§o[TenorClef] §rT2 [NOW] t=4:45.8 ph=PORTAL @-159,63,-66 do=<Construct Nether Portal> Collecting lava eq=bucket woodpick=1 stonepick=1 pick=1 iron=0 buck=1
[m[34m[21:26:03][m [32m[main/INFO][m [36m(Minecraft)[m [0m[CHAT] §2§l§o[TenorClef] §rT2 [HIST] 4:46.2 SNAP ph=PORTAL @-160,63,-66 sky=15 wet=false ground=true pick=1 buck=2 iron=0 ore=1 rods=0 pearls=0 eyes=0 child=ConstructNetherPortalBucketTask dbg=<Construct Nether Portal> Collecting lava mobs=none
[m[34m[21:26:03][m [32m[pool-5-thread-4/INFO][m [36m(Minecraft)[m [0m[STDOUT]: 425216 movements considered
[m[34m[21:26:03][m [32m[pool-5-thread-4/INFO][m [36m(Minecraft)[m [0m[STDOUT]: Open set size: 8266
[m[34m[21:26:03][m [32m[pool-5-thread-4/INFO][m [36m(Minecraft)[m [0m[STDOUT]: PathNode map size: 27591
[m[34m[21:26:03][m [32m[pool-5-thread-4/INFO][m [36m(Minecraft)[m [0m[STDOUT]: 38656 nodes per second
[m[34m[21:26:03][m [32m[pool-5-thread-4/INFO][m [36m(Minecraft)[m [0m[STDOUT]: Path goes for 8.602325267042627 blocks
[m[34m[21:26:03][m [32m[main/INFO][m [36m(Minecraft)[m [0m[CHAT] §2§l§o[TenorClef] §rT2 [NOW] t=4:46.8 ph=PORTAL @-160,63,-67 do=<Construct Nether Portal> Collecting lava eq=bucket woodpick=1 stonepick=1 pick=1 iron=0 buck=1
[m[34m[21:26:03][m [32m[main/INFO][m [36m(Minecraft)[m [0m[CHAT] §2§l§o[TenorClef] §rDuct tape: Refreshing inventory again just in case
[m[34m[21:26:04][m [32m[pool-5-thread-4/INFO][m [36m(Minecraft)[m [0m[STDOUT]: 440704 movements considered
[m[34m[21:26:04][m [32m[pool-5-thread-4/INFO][m [36m(Minecraft)[m [0m[STDOUT]: Open set size: 8509
[m[34m[21:26:04][m [32m[pool-5-thread-4/INFO][m [36m(Minecraft)[m [0m[STDOUT]: PathNode map size: 28536
[m[34m[21:26:04][m [32m[pool-5-thread-4/INFO][m [36m(Minecraft)[m [0m[STDOUT]: 40064 nodes per second
[m[34m[21:26:04][m [32m[pool-5-thread-4/INFO][m [36m(Minecraft)[m [0m[STDOUT]: Path goes for 8.602325267042627 blocks
[m[34m[21:26:04][m [32m[main/INFO][m [36m(Minecraft)[m [0m[CHAT] §2§l§o[TenorClef] §rT2 [NOW] t=4:47.8 ph=PORTAL @-162,63,-67 do=<Construct Nether Portal> Collecting lava eq=bucket woodpick=1 stonepick=1 pick=1 iron=0 buck=1
[m[34m[21:26:05][m [32m[pool-5-thread-4/INFO][m [36m(Minecraft)[m [0m[STDOUT]: 347776 movements considered
[m[34m[21:26:05][m [32m[pool-5-thread-4/INFO][m [36m(Minecraft)[m [0m[STDOUT]: Open set size: 7483
[m[34m[21:26:05][m [32m[pool-5-thread-4/INFO][m [36m(Minecraft)[m [0m[STDOUT]: PathNode map size: 23286
[m[34m[21:26:05][m [32m[pool-5-thread-4/INFO][m [36m(Minecraft)[m [0m[STDOUT]: 31616 nodes per second
[m[34m[21:26:05][m [32m[pool-5-thread-4/INFO][m [36m(Minecraft)[m [0m[STDOUT]: Path goes for 8.12403840463596 blocks
[m[34m[21:26:05][m [32m[main/INFO][m [36m(Minecraft)[m [0m[CHAT] §2§l§o[TenorClef] §rT2 [NOW] t=4:48.8 ph=PORTAL @-163,61,-66 do=<Construct Nether Portal> Collecting lava eq=bucket woodpick=1 stonepick=1 pick=1 iron=0 buck=1
[m[34m[21:26:06][m [32m[main/INFO][m [36m(Minecraft)[m [0m[STDOUT]: ALTO CLEF: WARNING: T2 [S152] onStop interrupt=null dead=false ph=PORTAL y=59.7 -> session preserved
[m[34m[21:26:06][m [32m[main/INFO][m [36m(Minecraft)[m [0m[CHAT] §2§l§o[TenorClef] §cT2 [S152] onStop interrupt=null dead=false ph=PORTAL y=59.7 -> session preserved§r
[m[34m[21:26:06][m [32m[main/INFO][m [36m(Minecraft)[m [0m[CHAT] §2§l§o[TenorClef] §r(NEW clutch target: Mutable{x=-163, y=54, z=-66})
[m[34m[21:26:06][m [32m[main/INFO][m [36m(Minecraft)[m [0m[CHAT] §2§l§o[TenorClef] §rHIT: BlockPos{x=-163, y=55, z=-66}
[m[34m[21:26:06][m [32m[main/INFO][m [36m(Minecraft)[m [0m[STDOUT]: ALTO CLEF: WARNING: T2 [S154] falling with no clutch item - MLG chain stays inactive
[m[34m[21:26:06][m [32m[main/INFO][m [36m(Minecraft)[m [0m[CHAT] §2§l§o[TenorClef] §cT2 [S154] falling with no clutch item - MLG chain stays inactive§r
[m[34m[21:26:06][m [32m[main/INFO][m [36m(Minecraft)[m [0m[STDOUT]: ALTO CLEF: WARNING: T2 [E80] parent onStart ignored, still ph=PORTAL t=4:49.2
[m[34m[21:26:06][m [32m[main/INFO][m [36m(Minecraft)[m [0m[CHAT] §2§l§o[TenorClef] §cT2 [E80] parent onStart ignored, still ph=PORTAL t=4:49.2§r
[m[34m[21:26:06][m [32m[main/INFO][m [36m(Minecraft)[m [0m[CHAT] §2§l§o[TenorClef] §rT2 [HIST] 4:49.2 onStart swallowed — keep PORTAL
[m[34m[21:26:06][m [32m[main/INFO][m [36m(Minecraft)[m [0mLoaded 111 advancements
[m[34m[21:26:06][m [32m[main/INFO][m [36m(Minecraft)[m [0m[STDOUT]: ALTO CLEF: WARNING: T2 [E116] drop 8 from 63 to 55 ph=PORTAL
[m[34m[21:26:06][m [32m[main/INFO][m [36m(Minecraft)[m [0m[CHAT] §2§l§o[TenorClef] §cT2 [E116] drop 8 from 63 to 55 ph=PORTAL§r
[m[34m[21:26:06][m [32m[main/INFO][m [36m(Minecraft)[m [0m[CHAT] §2§l§o[TenorClef] §rT2 [HIST] 4:49.3 [E116] drop 8 from 63 to 55 ph=PORTAL
[m[34m[21:26:07][m [32m[pool-5-thread-4/INFO][m [36m(Minecraft)[m [0m[STDOUT]: 526592 movements considered
[m[34m[21:26:07][m [32m[pool-5-thread-4/INFO][m [36m(Minecraft)[m [0m[STDOUT]: Open set size: 8672
[m[34m[21:26:07][m [32m[pool-5-thread-4/INFO][m [36m(Minecraft)[m [0m[STDOUT]: PathNode map size: 32608
[m[34m[21:26:07][m [32m[pool-5-thread-4/INFO][m [36m(Minecraft)[m [0m[STDOUT]: 47681 nodes per second
[m[34m[21:26:07][m [32m[pool-5-thread-4/INFO][m [36m(Minecraft)[m [0m[STDOUT]: Warning: cost coefficient is greater than three! Probably means that
[m[34m[21:26:07][m [32m[pool-5-thread-4/INFO][m [36m(Minecraft)[m [0m[STDOUT]: the path I found is pretty terrible (like sneak-bridging for dozens of blocks)
[m[34m[21:26:07][m [32m[pool-5-thread-4/INFO][m [36m(Minecraft)[m [0m[STDOUT]: But I'm going to do it anyway, because yolo
[m[34m[21:26:07][m [32m[pool-5-thread-4/INFO][m [36m(Minecraft)[m [0m[STDOUT]: Path goes for 41.15823125451335 blocks
[m[34m[21:26:07][m [32m[main/INFO][m [36m(Minecraft)[m [0m[CHAT] §2§l§o[TenorClef] §rT2 [NOW] t=4:50.1 ph=PORTAL @-163,55,-66 do=<Construct Nether Portal> Collecting lava eq=water_bucket woodpick=1 stonepick=1 pick=1 iron=0 buck=1
[m[34m[21:26:07][m [32m[pool-5-thread-4/INFO][m [36m(Minecraft)[m [0m[STDOUT]: 544896 movements considered
[m[34m[21:26:07][m [32m[pool-5-thread-4/INFO][m [36m(Minecraft)[m [0m[STDOUT]: Open set size: 8885
[m[34m[21:26:07][m [32m[pool-5-thread-4/INFO][m [36m(Minecraft)[m [0m[STDOUT]: PathNode map size: 33652
[m[34m[21:26:07][m [32m[pool-5-thread-4/INFO][m [36m(Minecraft)[m [0m[STDOUT]: 49536 nodes per second
[m[34m[21:26:07][m [32m[pool-5-thread-4/INFO][m [36m(Minecraft)[m [0m[STDOUT]: Warning: cost coefficient is greater than three! Probably means that
[m[34m[21:26:07][m [32m[pool-5-thread-4/INFO][m [36m(Minecraft)[m [0m[STDOUT]: the path I found is pretty terrible (like sneak-bridging for dozens of blocks)
[m[34m[21:26:07][m [32m[pool-5-thread-4/INFO][m [36m(Minecraft)[m [0m[STDOUT]: But I'm going to do it anyway, because yolo
[m[34m[21:26:07][m [32m[pool-5-thread-4/INFO][m [36m(Minecraft)[m [0m[STDOUT]: Path goes for 41.20679555607303 blocks
[m[34m[21:26:08][m [32m[main/INFO][m [36m(Minecraft)[m [0m[CHAT] §2§l§o[TenorClef] §rT2 [NOW] t=4:51.1 ph=PORTAL @-165,55,-67 do=<Construct Nether Portal> Collecting lava eq=water_bucket woodpick=1 stonepick=1 pick=1 iron=0 buck=1
[m[34m[21:26:08][m [32m[main/INFO][m [36m(Minecraft)[m [0m[CHAT] §2§l§o[TenorClef] §rT2 [HIST] 4:51.4 SNAP ph=PORTAL @-165,54,-67 sky=15 wet=false ground=true pick=1 buck=2 iron=0 ore=1 rods=0 pearls=0 eyes=0 child=ConstructNetherPortalBucketTask dbg=<Construct Nether Portal> Collecting lava mobs=none
[m[34m[21:26:09][m [32m[main/INFO][m [36m(Minecraft)[m [0m[CHAT] §2§l§o[TenorClef] §rT2 [NOW] t=4:52.1 ph=PORTAL @-165,53,-67 do=<Construct Nether Portal> Collecting lava eq=iron_pickaxe woodpick=1 stonepick=1 pick=1 iron=0 buck=1
[m[34m[21:26:10][m [32m[main/INFO][m [36m(Minecraft)[m [0m[CHAT] §2§l§o[TenorClef] §rT2 [NOW] t=4:53.1 ph=PORTAL @-165,52,-67 do=<Construct Nether Portal> Collecting lava eq=iron_pickaxe woodpick=1 stonepick=1 pick=1 iron=0 buck=1
[m[34m[21:26:10][m [32m[main/INFO][m [36m(Minecraft)[m [0m[STDOUT]: ALTO CLEF: WARNING: T2 [S100] stop jump-walk @-165,-67 ph=PORTAL child=ConstructNetherPortalBucketTask esc=0
[m[34m[21:26:10][m [32m[main/INFO][m [36m(Minecraft)[m [0m[CHAT] §2§l§o[TenorClef] §cT2 [S100] stop jump-walk @-165,-67 ph=PORTAL child=ConstructNetherPortalBucketTask esc=0§r
[m[34m[21:26:10][m [32m[main/INFO][m [36m(Minecraft)[m [0m[CHAT] §2§l§o[TenorClef] §rT2 [HIST] 4:53.1 SOLVE S100 stop jump-walk @-165,-67 ph=PORTAL child=ConstructNetherPortalBucketTask esc=0
[m[34m[21:26:11][m [32m[main/INFO][m [36m(Minecraft)[m [0m[CHAT] §2§l§o[TenorClef] §rT2 [NOW] t=4:54.1 ph=PORTAL @-165,50,-67 do=<Construct Nether Portal> Collecting lava eq=iron_pickaxe woodpick=1 stonepick=1 pick=1 iron=0 buck=1
[m[34m[21:26:12][m [32m[main/INFO][m [36m(Minecraft)[m [0m[CHAT] §2§l§o[TenorClef] §rT2 [NOW] t=4:55.1 ph=PORTAL @-165,49,-67 do=<Construct Nether Portal> Collecting lava eq=iron_pickaxe woodpick=1 stonepick=1 pick=1 iron=0 buck=1
[m[34m[21:26:12][m [32m[main/INFO][m [36m(Minecraft)[m [0m[STDOUT]: ALTO CLEF: WARNING: T2 [E100] jumps=11 @-165,49,-67 ph=PORTAL child=ConstructNetherPortalBucketTask
[m[34m[21:26:12][m [32m[main/INFO][m [36m(Minecraft)[m [0m[CHAT] §2§l§o[TenorClef] §cT2 [E100] jumps=11 @-165,49,-67 ph=PORTAL child=ConstructNetherPortalBucketTask§r
[m[34m[21:26:12][m [32m[main/INFO][m [36m(Minecraft)[m [0m[CHAT] §2§l§o[TenorClef] §rT2 [HIST] 4:55.1 [E100] jumps=11 @-165,49,-67 ph=PORTAL child=ConstructNetherPortalBucketTask
[m[34m[21:26:13][m [32m[main/INFO][m [36m(Minecraft)[m [0m[CHAT] §2§l§o[TenorClef] §rT2 [NOW] t=4:56.1 ph=PORTAL @-165,48,-67 do=<Construct Nether Portal> Collecting lava eq=iron_pickaxe woodpick=1 stonepick=1 pick=1 iron=0 buck=1
[m[34m[21:26:13][m [32m[main/INFO][m [36m(Minecraft)[m [0m[CHAT] §2§l§o[TenorClef] §rT2 [HIST] 4:56.4 SNAP ph=PORTAL @-165,47,-67 sky=15 wet=false ground=false pick=1 buck=2 iron=0 ore=1 rods=0 pearls=0 eyes=0 child=ConstructNetherPortalBucketTask dbg=<Construct Nether Portal> Collecting lava mobs=none
[m[34m[21:26:13][m [32m[main/INFO][m [36m(Minecraft)[m [0m[STDOUT]: ALTO CLEF: WARNING: T2 [E116] drop 8 from 55 to 47 ph=PORTAL
[m[34m[21:26:13][m [32m[main/INFO][m [36m(Minecraft)[m [0m[CHAT] §2§l§o[TenorClef] §cT2 [E116] drop 8 from 55 to 47 ph=PORTAL§r
[m[34m[21:26:13][m [32m[main/INFO][m [36m(Minecraft)[m [0m[CHAT] §2§l§o[TenorClef] §rT2 [HIST] 4:56.4 [E116] drop 8 from 55 to 47 ph=PORTAL
[m[34m[21:26:14][m [32m[main/INFO][m [36m(Minecraft)[m [0m[CHAT] §2§l§o[TenorClef] §rT2 [NOW] t=4:57.1 ph=PORTAL @-165,47,-67 do=<Construct Nether Portal> Collecting lava eq=iron_pickaxe woodpick=1 stonepick=1 pick=1 iron=0 buck=1
[m[34m[21:26:14][m [32m[main/INFO][m [36m(Minecraft)[m [0m[CHAT] §2§l§o[TenorClef] §rT2 [HIST] 4:57.1 [E100] jumps=6 @-165,46,-67 ph=PORTAL child=ConstructNetherPortalBucketTask
[m[34m[21:26:15][m [32m[main/INFO][m [36m(Minecraft)[m [0m[CHAT] §2§l§o[TenorClef] §rT2 [NOW] t=4:58.1 ph=PORTAL @-165,45,-67 do=<Construct Nether Portal> Collecting lava eq=iron_pickaxe woodpick=1 stonepick=1 pick=1 iron=0 buck=1
[m[34m[21:26:16][m [32m[main/INFO][m [36m(Minecraft)[m [0m[CHAT] §2§l§o[TenorClef] §rT2 [NOW] t=4:59.1 ph=PORTAL @-165,44,-67 do=<Construct Nether Portal> Collecting lava eq=iron_pickaxe woodpick=1 stonepick=1 pick=1 iron=0 buck=1
[m[34m[21:26:16][m [32m[main/INFO][m [36m(Minecraft)[m [0m[CHAT] §2§l§o[TenorClef] §rT2 [HIST] 4:59.2 [E100] jumps=6 @-165,43,-67 ph=PORTAL child=ConstructNetherPortalBucketTask
[m[34m[21:26:16][m [32m[main/INFO][m [36m(Minecraft)[m [0m[STDOUT]: ALTO CLEF: WARNING: T2 [S100] stop jump-walk @-165,-67 ph=PORTAL child=ConstructNetherPortalBucketTask esc=0
[m[34m[21:26:16][m [32m[main/INFO][m [36m(Minecraft)[m [0m[CHAT] §2§l§o[TenorClef] §cT2 [S100] stop jump-walk @-165,-67 ph=PORTAL child=ConstructNetherPortalBucketTask esc=0§r
[m[34m[21:26:16][m [32m[main/INFO][m [36m(Minecraft)[m [0m[CHAT] §2§l§o[TenorClef] §rT2 [HIST] 4:59.4 SOLVE S100 stop jump-walk @-165,-67 ph=PORTAL child=ConstructNetherPortalBucketTask esc=0
[m[34m[21:26:17][m [32m[main/INFO][m [36m(Minecraft)[m [0m[CHAT] §2§l§o[TenorClef] §rT2 [NOW] t=5:00.1 ph=PORTAL @-165,42,-67 do=<Construct Nether Portal> Collecting lava eq=iron_pickaxe woodpick=1 stonepick=1 pick=1 iron=0 buck=1
[m[34m[21:26:18][m [32m[main/INFO][m [36m(Minecraft)[m [0m[CHAT] §2§l§o[TenorClef] §rT2 [NOW] t=5:01.1 ph=PORTAL @-165,41,-67 do=<Construct Nether Portal> Collecting lava eq=iron_pickaxe woodpick=1 stonepick=1 pick=1 iron=0 buck=1
[m[34m[21:26:18][m [32m[main/INFO][m [36m(Minecraft)[m [0m[STDOUT]: ALTO CLEF: WARNING: T2 [E100] jumps=6 @-165,40,-67 ph=PORTAL child=ConstructNetherPortalBucketTask
[m[34m[21:26:18][m [32m[main/INFO][m [36m(Minecraft)[m [0m[CHAT] §2§l§o[TenorClef] §cT2 [E100] jumps=6 @-165,40,-67 ph=PORTAL child=ConstructNetherPortalBucketTask§r
[m[34m[21:26:18][m [32m[main/INFO][m [36m(Minecraft)[m [0m[CHAT] §2§l§o[TenorClef] §rT2 [HIST] 5:01.3 [E100] jumps=6 @-165,40,-67 ph=PORTAL child=ConstructNetherPortalBucketTask
[m[34m[21:26:18][m [32m[main/INFO][m [36m(Minecraft)[m [0m[CHAT] §2§l§o[TenorClef] §rT2 [HIST] 5:01.4 SNAP ph=PORTAL @-165,40,-67 sky=15 wet=false ground=false pick=1 buck=2 iron=0 ore=1 rods=0 pearls=0 eyes=0 child=ConstructNetherPortalBucketTask dbg=<Construct Nether Portal> Collecting lava mobs=none
[m[34m[21:26:19][m [32m[main/INFO][m [36m(Minecraft)[m [0m[STDOUT]: ALTO CLEF: WARNING: T2 [E116] drop 8 from 47 to 39 ph=PORTAL
[m[34m[21:26:19][m [32m[main/INFO][m [36m(Minecraft)[m [0m[CHAT] §2§l§o[TenorClef] §cT2 [E116] drop 8 from 47 to 39 ph=PORTAL§r
[m[34m[21:26:19][m [32m[main/INFO][m [36m(Minecraft)[m [0m[CHAT] §2§l§o[TenorClef] §rT2 [HIST] 5:02.0 [E116] drop 8 from 47 to 39 ph=PORTAL
[m[34m[21:26:19][m [32m[main/INFO][m [36m(Minecraft)[m [0m[CHAT] §2§l§o[TenorClef] §rT2 [NOW] t=5:02.1 ph=PORTAL @-165,39,-67 do=<Construct Nether Portal> Collecting lava eq=iron_pickaxe woodpick=1 stonepick=1 pick=1 iron=0 buck=1
[m[34m[21:26:20][m [32m[main/INFO][m [36m(Minecraft)[m [0m[STDOUT]: ALTO CLEF: WARNING: T2 [E62] portal jump-place @-165,38,-67
[m[34m[21:26:20][m [32m[main/INFO][m [36m(Minecraft)[m [0m[CHAT] §2§l§o[TenorClef] §cT2 [E62] portal jump-place @-165,38,-67§r
[m[34m[21:26:20][m [32m[main/INFO][m [36m(Minecraft)[m [0m[CHAT] §2§l§o[TenorClef] §rT2 [NOW] t=5:03.1 ph=PORTAL @-165,38,-67 do=<Construct Nether Portal> Collecting lava eq=iron_pickaxe woodpick=1 stonepick=1 pick=1 iron=0 buck=1
[m[34m[21:26:21][m [32m[main/INFO][m [36m(Minecraft)[m [0m[CHAT] §2§l§o[TenorClef] §rT2 [NOW] t=5:04.1 ph=PORTAL @-165,38,-67 do=<Construct Nether Portal> Collecting lava eq=iron_pickaxe woodpick=1 stonepick=1 pick=1 iron=0 buck=1
[m[34m[21:26:22][m [32m[main/INFO][m [36m(Minecraft)[m [0m[CHAT] §2§l§o[TenorClef] §rT2 [NOW] t=5:05.1 ph=PORTAL @-165,38,-67 do=<Construct Nether Portal> Collecting lava eq=iron_pickaxe woodpick=1 stonepick=1 pick=1 iron=0 buck=1
[m[34m[21:26:22][m [32m[main/INFO][m [36m(Minecraft)[m [0m[STDOUT]: ALTO CLEF: WARNING: T2 [S152] onStop interrupt=null dead=false ph=PORTAL y=34.7 -> session preserved
[m[34m[21:26:22][m [32m[main/INFO][m [36m(Minecraft)[m [0m[CHAT] §2§l§o[TenorClef] §cT2 [S152] onStop interrupt=null dead=false ph=PORTAL y=34.7 -> session preserved§r
[m[34m[21:26:22][m [32m[main/INFO][m [36m(Minecraft)[m [0m[CHAT] §2§l§o[TenorClef] §r(NEW clutch target: Mutable{x=-166, y=31, z=-67})
[m[34m[21:26:22][m [32m[main/INFO][m [36m(Minecraft)[m [0m[CHAT] §2§l§o[TenorClef] §rHIT: BlockPos{x=-166, y=32, z=-67}
[m[34m[21:26:22][m [32m[main/INFO][m [36m(Minecraft)[m [0m[STDOUT]: ALTO CLEF: WARNING: T2 [S154] falling with no clutch item - MLG chain stays inactive
[m[34m[21:26:22][m [32m[main/INFO][m [36m(Minecraft)[m [0m[CHAT] §2§l§o[TenorClef] §cT2 [S154] falling with no clutch item - MLG chain stays inactive§r
[m[34m[21:26:22][m [32m[main/INFO][m [36m(Minecraft)[m [0m[STDOUT]: ALTO CLEF: WARNING: T2 [E80] parent onStart ignored, still ph=PORTAL t=5:05.8
[m[34m[21:26:22][m [32m[main/INFO][m [36m(Minecraft)[m [0m[CHAT] §2§l§o[TenorClef] §cT2 [E80] parent onStart ignored, still ph=PORTAL t=5:05.8§r
[m[34m[21:26:22][m [32m[main/INFO][m [36m(Minecraft)[m [0m[CHAT] §2§l§o[TenorClef] §rT2 [HIST] 5:05.8 onStart swallowed — keep PORTAL
[m[34m[21:26:23][m [32m[main/INFO][m [36m(Minecraft)[m [0m[CHAT] §2§l§o[TenorClef] §rT2 [NOW] t=5:06.2 ph=PORTAL @-166,32,-67 do=<Construct Nether Portal> Collecting lava eq=water_bucket woodpick=1 stonepick=1 pick=1 iron=0 buck=1
[m[34m[21:26:23][m [32m[main/INFO][m [36m(Minecraft)[m [0m[CHAT] §2§l§o[TenorClef] §rT2 [HIST] 5:06.5 SNAP ph=PORTAL @-165,32,-65 sky=5 wet=false ground=true pick=1 buck=2 iron=0 ore=1 rods=0 pearls=0 eyes=0 child=ConstructNetherPortalBucketTask dbg=<Construct Nether Portal> Collecting lava mobs=none
[m[34m[21:26:23][m [32m[main/INFO][m [36m(Minecraft)[m [0m[CHAT] §2§l§o[TenorClef] §rT2 [HIST] 5:06.6 [E116] drop 8 from 39 to 31 ph=PORTAL
[m[34m[21:26:24][m [32m[main/INFO][m [36m(Minecraft)[m [0m[CHAT] §2§l§o[TenorClef] §rT2 [NOW] t=5:07.2 ph=PORTAL @-165,30,-63 do=<Construct Nether Portal> Collecting lava eq=water_bucket woodpick=1 stonepick=1 pick=1 iron=0 buck=1
[m[34m[21:26:25][m [32m[main/INFO][m [36m(Minecraft)[m [0m[CHAT] §2§l§o[TenorClef] §rT2 [NOW] t=5:08.2 ph=PORTAL @-164,29,-64 do=<Construct Nether Portal> Collecting lava eq=iron_pickaxe woodpick=1 stonepick=1 pick=1 iron=0 buck=1
[m[34m[21:26:26][m [32m[main/INFO][m [36m(Minecraft)[m [0m[CHAT] §2§l§o[TenorClef] §rT2 [NOW] t=5:09.2 ph=PORTAL @-164,28,-64 do=<Construct Nether Portal> Collecting lava eq=iron_pickaxe woodpick=1 stonepick=1 pick=1 iron=0 buck=1
[m[34m[21:26:26][m [32m[main/INFO][m [36m(Minecraft)[m [0m[STDOUT]: ALTO CLEF: WARNING: T2 [S130] START trigger=jump-pit flips=6 ph=PORTAL prev=ConstructNetherPortalBucketTask cycle=1 pos=-164,27,-64 walls=4/4/4 sky=0 place=31 boxed=true hold=false cool=0 ban=0 startY=27 step=0
[m[34m[21:26:26][m [32m[main/INFO][m [36m(Minecraft)[m [0m[CHAT] §2§l§o[TenorClef] §cT2 [S130] START trigger=jump-pit flips=6 ph=PORTAL prev=ConstructNetherPortalBucketTask cycle=1 pos=-164,27,-64 walls=4/4/4 sky=0 place=31 boxed=true hold=false cool=0 ban=0 startY=27 step=0§r
[m[34m[21:26:26][m [32m[main/INFO][m [36m(Minecraft)[m [0m[CHAT] §2§l§o[TenorClef] §rT2 [HIST] 5:09.7 FORCE S130 START trigger=jump-pit flips=6 ph=PORTAL prev=ConstructNetherPortalBucketTask cycle=1 pos=-164,27,-64 walls=4/4/4 sky=0 place=31 boxed=true hold=false cool=0 ban=0 startY=27 step=0
[m[34m[21:26:26][m [32m[main/INFO][m [36m(Minecraft)[m [0m[CHAT] §2§l§o[TenorClef] §rT2 [HIST] 5:09.7 PILLAR START jump-pit flips=6 prev=ConstructNetherPortalBucketTask
[m[34m[21:26:26][m [32m[main/INFO][m [36m(Minecraft)[m [0m[CHAT] §2§l§o[TenorClef] §rT2 [HIST] 5:09.7 SOLVE S130 jump-pit pillar @-164,27,-64
[m[34m[21:26:26][m [32m[main/INFO][m [36m(Minecraft)[m [0m[STDOUT]: ALTO CLEF: WARNING: T2 [S130] START trigger=jump-pit flips=6 ph=PORTAL prev=ConstructNetherPortalBucketTask cycle=2 pos=-164,27,-64 walls=4/4/4 sky=0 place=31 boxed=true hold=false cool=0 ban=0 startY=27 step=0
[m[34m[21:26:26][m [32m[main/INFO][m [36m(Minecraft)[m [0m[CHAT] §2§l§o[TenorClef] §cT2 [S130] START trigger=jump-pit flips=6 ph=PORTAL prev=ConstructNetherPortalBucketTask cycle=2 pos=-164,27,-64 walls=4/4/4 sky=0 place=31 boxed=true hold=false cool=0 ban=0 startY=27 step=0§r
[m[34m[21:26:26][m [32m[main/INFO][m [36m(Minecraft)[m [0m[CHAT] §2§l§o[TenorClef] §rT2 [HIST] 5:09.7 FORCE S130 START trigger=jump-pit flips=6 ph=PORTAL prev=ConstructNetherPortalBucketTask cycle=2 pos=-164,27,-64 walls=4/4/4 sky=0 place=31 boxed=true hold=false cool=0 ban=0 startY=27 step=0
[m[34m[21:26:26][m [32m[main/INFO][m [36m(Minecraft)[m [0m[STDOUT]: ALTO CLEF: WARNING: T2 [S130] START trigger=jump-pit flips=6 ph=PORTAL prev=ConstructNetherPortalBucketTask cycle=3 pos=-164,27,-64 walls=4/4/4 sky=0 place=31 boxed=true hold=false cool=0 ban=0 startY=27 step=0
[m[34m[21:26:26][m [32m[main/INFO][m [36m(Minecraft)[m [0m[CHAT] §2§l§o[TenorClef] §cT2 [S130] START trigger=jump-pit flips=6 ph=PORTAL prev=ConstructNetherPortalBucketTask cycle=3 pos=-164,27,-64 walls=4/4/4 sky=0 place=31 boxed=true hold=false cool=0 ban=0 startY=27 step=0§r
[m[34m[21:26:26][m [32m[main/INFO][m [36m(Minecraft)[m [0m[CHAT] §2§l§o[TenorClef] §rT2 [HIST] 5:09.8 FORCE S130 START trigger=jump-pit flips=6 ph=PORTAL prev=ConstructNetherPortalBucketTask cycle=3 pos=-164,27,-64 walls=4/4/4 sky=0 place=31 boxed=true hold=false cool=0 ban=0 startY=27 step=0
[m[34m[21:26:26][m [32m[main/INFO][m [36m(Minecraft)[m [0m[STDOUT]: ALTO CLEF: WARNING: T2 [S158] shaft-hop n>=4 in 155ms - area ban r=14 @-164,-64 prev=-151,-60 esc=1 pos=-164,27,-64 walls=4/4/4 sky=0 place=31 boxed=true hold=false cool=400 ban=600 startY=27 step=0
[m[34m[21:26:26][m [32m[main/INFO][m [36m(Minecraft)[m [0m[CHAT] §2§l§o[TenorClef] §cT2 [S158] shaft-hop n>=4 in 155ms - area ban r=14 @-164,-64 prev=-151,-60 esc=1 pos=-164,27,-64 walls=4/4/4 sky=0 place=31 boxed=true hold=false cool=400 ban=600 startY=27 step=0§r
[m[34m[21:26:26][m [32m[main/INFO][m [36m(Minecraft)[m [0m[CHAT] §2§l§o[TenorClef] §rT2 [HIST] 5:09.8 FORCE S158 shaft-hop n>=4 in 155ms - area ban r=14 @-164,-64 prev=-151,-60 esc=1 pos=-164,27,-64 walls=4/4/4 sky=0 place=31 boxed=true hold=false cool=400 ban=600 startY=27 step=0
[m[34m[21:26:26][m [32m[main/INFO][m [36m(Minecraft)[m [0m[STDOUT]: ALTO CLEF: WARNING: T2 [E133] PILLAR_PINGPONG n=4 @-164,-64 in 162ms cycles=3 lastEnd=risen y=58 startY=54
[m[34m[21:26:26][m [32m[main/INFO][m [36m(Minecraft)[m [0m[CHAT] §2§l§o[TenorClef] §cT2 [E133] PILLAR_PINGPONG n=4 @-164,-64 in 162ms cycles=3 lastEnd=risen y=58 startY=54§r
[m[34m[21:26:26][m [32m[main/INFO][m [36m(Minecraft)[m [0m[CHAT] §2§l§o[TenorClef] §rT2 [HIST] 5:09.8 FORCE E133 PILLAR_PINGPONG n=4 @-164,-64 in 162ms cycles=3 lastEnd=risen y=58 startY=54
[m[34m[21:26:26][m [32m[main/INFO][m [36m(Minecraft)[m [0m[STDOUT]: ALTO CLEF: WARNING: T2 [S147] sticky ban arm @-164,-64 ticks=400 n=4 prevArms=0 lastEnd=risen y=58 startY=54
[m[34m[21:26:26][m [32m[main/INFO][m [36m(Minecraft)[m [0m[CHAT] §2§l§o[TenorClef] §cT2 [S147] sticky ban arm @-164,-64 ticks=400 n=4 prevArms=0 lastEnd=risen y=58 startY=54§r
[m[34m[21:26:26][m [32m[main/INFO][m [36m(Minecraft)[m [0m[CHAT] §2§l§o[TenorClef] §rT2 [HIST] 5:09.8 FORCE S147 sticky ban arm @-164,-64 ticks=400 n=4 prevArms=0 lastEnd=risen y=58 startY=54
[m[34m[21:26:26][m [32m[main/INFO][m [36m(Minecraft)[m [0m[STDOUT]: ALTO CLEF: WARNING: T2 [S130] START trigger=jump-pit flips=6 ph=PORTAL prev=ConstructNetherPortalBucketTask cycle=0 pos=-164,27,-64 walls=4/4/4 sky=0 place=31 boxed=true hold=false cool=400 ban=600 startY=27 step=0
[m[34m[21:26:26][m [32m[main/INFO][m [36m(Minecraft)[m [0m[CHAT] §2§l§o[TenorClef] §cT2 [S130] START trigger=jump-pit flips=6 ph=PORTAL prev=ConstructNetherPortalBucketTask cycle=0 pos=-164,27,-64 walls=4/4/4 sky=0 place=31 boxed=true hold=false cool=400 ban=600 startY=27 step=0§r
[m[34m[21:26:26][m [32m[main/INFO][m [36m(Minecraft)[m [0m[CHAT] §2§l§o[TenorClef] §rT2 [HIST] 5:09.9 FORCE S130 START trigger=jump-pit flips=6 ph=PORTAL prev=ConstructNetherPortalBucketTask cycle=0 pos=-164,27,-64 walls=4/4/4 sky=0 place=31 boxed=true hold=false cool=400 ban=600 startY=27 step=0
[m[34m[21:26:26][m [32m[main/INFO][m [36m(Minecraft)[m [0m[STDOUT]: ALTO CLEF: WARNING: T2 [S135] S130 suppressed why=jump-pit shaft-hop-banned -164,-64 r=14 left=899 sameXz=53 cool=399 ban=599 hold=false pos=-164,27,-64 walls=4/4/4 sky=0 place=31 boxed=true hold=false cool=399 ban=599 startY=27 step=0
[m[34m[21:26:26][m [32m[main/INFO][m [36m(Minecraft)[m [0m[CHAT] §2§l§o[TenorClef] §cT2 [S135] S130 suppressed why=jump-pit shaft-hop-banned -164,-64 r=14 left=899 sameXz=53 cool=399 ban=599 hold=false pos=-164,27,-64 walls=4/4/4 sky=0 place=31 boxed=true hold=false cool=399 ban=599 startY=27 step=0§r
[m[34m[21:26:26][m [32m[main/INFO][m [36m(Minecraft)[m [0m[CHAT] §2§l§o[TenorClef] §rT2 [HIST] 5:09.9 FORCE S135 S130 suppressed why=jump-pit shaft-hop-banned -164,-64 r=14 left=899 sameXz=53 cool=399 ban=599 hold=false pos=-164,27,-64 walls=4/4/4 sky=0 place=31 boxed=true hold=false cool=399 ban=599 startY=27 step=0
[m[34m[21:26:27][m [32m[main/INFO][m [36m(Minecraft)[m [0m[CHAT] §2§l§o[TenorClef] §rT2 [NOW] t=5:10.2 ph=PORTAL @-164,27,-64 do=<Construct Nether Portal> Collecting lava eq=iron_pickaxe woodpick=1 stonepick=1 pick=1 iron=0 buck=1
[m[34m[21:26:28][m [32m[main/INFO][m [36m(Minecraft)[m [0m[CHAT] §2§l§o[TenorClef] §rT2 [NOW] t=5:11.2 ph=PORTAL @-164,25,-64 do=<Construct Nether Portal> Collecting lava eq=iron_pickaxe woodpick=1 stonepick=1 pick=1 iron=0 buck=1
[m[34m[21:26:28][m [32m[main/INFO][m [36m(Minecraft)[m [0m[STDOUT]: ALTO CLEF: WARNING: T2 [E100] jumps=9 @-164,25,-64 ph=PORTAL child=ConstructNetherPortalBucketTask
[m[34m[21:26:28][m [32m[main/INFO][m [36m(Minecraft)[m [0m[CHAT] §2§l§o[TenorClef] §cT2 [E100] jumps=9 @-164,25,-64 ph=PORTAL child=ConstructNetherPortalBucketTask§r
[m[34m[21:26:28][m [32m[main/INFO][m [36m(Minecraft)[m [0m[CHAT] §2§l§o[TenorClef] §rT2 [HIST] 5:11.3 [E100] jumps=9 @-164,25,-64 ph=PORTAL child=ConstructNetherPortalBucketTask
[m[34m[21:26:28][m [32m[main/INFO][m [36m(Minecraft)[m [0m[CHAT] §2§l§o[TenorClef] §rT2 [HIST] 5:11.5 SNAP ph=PORTAL @-164,25,-64 sky=0 wet=false ground=true pick=1 buck=2 iron=0 ore=1 rods=0 pearls=0 eyes=0 child=ConstructNetherPortalBucketTask dbg=<Construct Nether Portal> Collecting lava mobs=none
[m[34m[21:26:29][m [32m[main/INFO][m [36m(Minecraft)[m [0m[STDOUT]: ALTO CLEF: WARNING: T2 [S135] S130 suppressed why=jump-pit shaft-hop-banned -164,-64 r=14 left=855 sameXz=44 cool=355 ban=555 hold=false pos=-164,24,-64 walls=4/4/4 sky=0 place=34 boxed=true hold=false cool=355 ban=555 startY=27 step=0
[m[34m[21:26:29][m [32m[main/INFO][m [36m(Minecraft)[m [0m[CHAT] §2§l§o[TenorClef] §cT2 [S135] S130 suppressed why=jump-pit shaft-hop-banned -164,-64 r=14 left=855 sameXz=44 cool=355 ban=555 hold=false pos=-164,24,-64 walls=4/4/4 sky=0 place=34 boxed=true hold=false cool=355 ban=555 startY=27 step=0§r
[m[34m[21:26:29][m [32m[main/INFO][m [36m(Minecraft)[m [0m[CHAT] §2§l§o[TenorClef] §rT2 [HIST] 5:12.1 FORCE S135 S130 suppressed why=jump-pit shaft-hop-banned -164,-64 r=14 left=855 sameXz=44 cool=355 ban=555 hold=false pos=-164,24,-64 walls=4/4/4 sky=0 place=34 boxed=true hold=false cool=355 ban=555 startY=27 step=0
[m[34m[21:26:29][m [32m[main/INFO][m [36m(Minecraft)[m [0m[CHAT] §2§l§o[TenorClef] §rT2 [NOW] t=5:12.2 ph=PORTAL @-164,24,-64 do=<Construct Nether Portal> Collecting lava eq=iron_pickaxe woodpick=1 stonepick=1 pick=1 iron=0 buck=1
[m[34m[21:26:29][m [32m[main/INFO][m [36m(Minecraft)[m [0m[STDOUT]: ALTO CLEF: WARNING: T2 [E116] drop 8 from 31 to 23 ph=PORTAL
[m[34m[21:26:29][m [32m[main/INFO][m [36m(Minecraft)[m [0m[CHAT] §2§l§o[TenorClef] §cT2 [E116] drop 8 from 31 to 23 ph=PORTAL§r
[m[34m[21:26:29][m [32m[main/INFO][m [36m(Minecraft)[m [0m[CHAT] §2§l§o[TenorClef] §rT2 [HIST] 5:12.6 [E116] drop 8 from 31 to 23 ph=PORTAL
[m[34m[21:26:30][m [32m[main/INFO][m [36m(Minecraft)[m [0m[CHAT] §2§l§o[TenorClef] §rT2 [NOW] t=5:13.2 ph=PORTAL @-164,23,-64 do=<Construct Nether Portal> Collecting lava eq=iron_pickaxe woodpick=1 stonepick=1 pick=1 iron=0 buck=1
[m[34m[21:26:30][m [32m[main/INFO][m [36m(Minecraft)[m [0m[CHAT] §2§l§o[TenorClef] §rT2 [HIST] 5:13.3 [E100] jumps=6 @-164,22,-64 ph=PORTAL child=ConstructNetherPortalBucketTask
[m[34m[21:26:30][m [32m[main/INFO][m [36m(Minecraft)[m [0m[STDOUT]: ALTO CLEF: WARNING: T2 [S138] shaft ban clear left-y ban=-164,27,-64 now=-164,22,-64 manh=0 dy=5 left=531
[m[34m[21:26:30][m [32m[main/INFO][m [36m(Minecraft)[m [0m[CHAT] §2§l§o[TenorClef] §cT2 [S138] shaft ban clear left-y ban=-164,27,-64 now=-164,22,-64 manh=0 dy=5 left=531§r
[m[34m[21:26:30][m [32m[main/INFO][m [36m(Minecraft)[m [0m[CHAT] §2§l§o[TenorClef] §rT2 [HIST] 5:13.3 FORCE S138 shaft ban clear left-y ban=-164,27,-64 now=-164,22,-64 manh=0 dy=5 left=531
[m[34m[21:26:31][m [32m[main/INFO][m [36m(Minecraft)[m [0m[CHAT] §2§l§o[TenorClef] §rT2 [NOW] t=5:14.2 ph=PORTAL @-164,21,-64 do=<Construct Nether Portal> Collecting lava eq=iron_pickaxe woodpick=1 stonepick=1 pick=1 iron=0 buck=1
[m[34m[21:26:31][m [32m[main/INFO][m [36m(Minecraft)[m [0m[STDOUT]: ALTO CLEF: WARNING: T2 [S135] S130 suppressed why=jump-pit shaft-hop-banned -164,-64 r=14 left=812 sameXz=43 cool=312 ban=0 hold=false pos=-164,21,-64 walls=4/4/4 sky=0 place=37 boxed=true hold=false cool=312 ban=0 startY=27 step=0
[m[34m[21:26:31][m [32m[main/INFO][m [36m(Minecraft)[m [0m[CHAT] §2§l§o[TenorClef] §cT2 [S135] S130 suppressed why=jump-pit shaft-hop-banned -164,-64 r=14 left=812 sameXz=43 cool=312 ban=0 hold=false pos=-164,21,-64 walls=4/4/4 sky=0 place=37 boxed=true hold=false cool=312 ban=0 startY=27 step=0§r
[m[34m[21:26:31][m [32m[main/INFO][m [36m(Minecraft)[m [0m[CHAT] §2§l§o[TenorClef] §rT2 [HIST] 5:14.2 FORCE S135 S130 suppressed why=jump-pit shaft-hop-banned -164,-64 r=14 left=812 sameXz=43 cool=312 ban=0 hold=false pos=-164,21,-64 walls=4/4/4 sky=0 place=37 boxed=true hold=false cool=312 ban=0 startY=27 step=0
[m[34m[21:26:32][m [32m[main/INFO][m [36m(Minecraft)[m [0m[CHAT] §2§l§o[TenorClef] §rT2 [NOW] t=5:15.2 ph=PORTAL @-164,20,-64 do=<Construct Nether Portal> Collecting lava eq=iron_pickaxe woodpick=1 stonepick=1 pick=1 iron=0 buck=1
[m[34m[21:26:32][m [32m[main/INFO][m [36m(Minecraft)[m [0m[CHAT] §2§l§o[TenorClef] §rT2 [HIST] 5:15.5 [E100] jumps=6 @-164,19,-64 ph=PORTAL child=ConstructNetherPortalBucketTask
[m[34m[21:26:33][m [32m[main/INFO][m [36m(Minecraft)[m [0m[CHAT] §2§l§o[TenorClef] §rT2 [NOW] t=5:16.2 ph=PORTAL @-164,18,-64 do=<Construct Nether Portal> Collecting lava eq=iron_pickaxe woodpick=1 stonepick=1 pick=1 iron=0 buck=1
[m[34m[21:26:33][m [32m[main/INFO][m [36m(Minecraft)[m [0m[STDOUT]: ALTO CLEF: WARNING: T2 [S135] S130 suppressed why=jump-pit shaft-hop-banned -164,-64 r=14 left=769 sameXz=43 cool=269 ban=0 hold=false pos=-164,18,-64 walls=4/4/4 sky=0 place=40 boxed=true hold=false cool=269 ban=0 startY=27 step=0
[m[34m[21:26:33][m [32m[main/INFO][m [36m(Minecraft)[m [0m[CHAT] §2§l§o[TenorClef] §cT2 [S135] S130 suppressed why=jump-pit shaft-hop-banned -164,-64 r=14 left=769 sameXz=43 cool=269 ban=0 hold=false pos=-164,18,-64 walls=4/4/4 sky=0 place=40 boxed=true hold=false cool=269 ban=0 startY=27 step=0§r
[m[34m[21:26:33][m [32m[main/INFO][m [36m(Minecraft)[m [0m[CHAT] §2§l§o[TenorClef] §rT2 [HIST] 5:16.4 FORCE S135 S130 suppressed why=jump-pit shaft-hop-banned -164,-64 r=14 left=769 sameXz=43 cool=269 ban=0 hold=false pos=-164,18,-64 walls=4/4/4 sky=0 place=40 boxed=true hold=false cool=269 ban=0 startY=27 step=0
[m[34m[21:26:33][m [32m[main/INFO][m [36m(Minecraft)[m [0m[CHAT] §2§l§o[TenorClef] §rT2 [HIST] 5:16.5 SNAP ph=PORTAL @-164,18,-64 sky=0 wet=false ground=true pick=1 buck=2 iron=0 ore=1 rods=0 pearls=0 eyes=0 child=ConstructNetherPortalBucketTask dbg=<Construct Nether Portal> Collecting lava mobs=none
[m[34m[21:26:34][m [32m[main/INFO][m [36m(Minecraft)[m [0m[CHAT] §2§l§o[TenorClef] §rT2 [NOW] t=5:17.2 ph=PORTAL @-164,17,-64 do=<Construct Nether Portal> Collecting lava eq=iron_pickaxe woodpick=1 stonepick=1 pick=1 iron=0 buck=1
[m[34m[21:26:34][m [32m[main/INFO][m [36m(Minecraft)[m [0m[STDOUT]: ALTO CLEF: WARNING: T2 [E100] jumps=6 @-164,16,-64 ph=PORTAL child=ConstructNetherPortalBucketTask
[m[34m[21:26:34][m [32m[main/INFO][m [36m(Minecraft)[m [0m[CHAT] §2§l§o[TenorClef] §cT2 [E100] jumps=6 @-164,16,-64 ph=PORTAL child=ConstructNetherPortalBucketTask§r
[m[34m[21:26:34][m [32m[main/INFO][m [36m(Minecraft)[m [0m[CHAT] §2§l§o[TenorClef] §rT2 [HIST] 5:17.6 [E100] jumps=6 @-164,16,-64 ph=PORTAL child=ConstructNetherPortalBucketTask
[m[34m[21:26:35][m [32m[main/INFO][m [36m(Minecraft)[m [0m[CHAT] §2§l§o[TenorClef] §rT2 [NOW] t=5:18.2 ph=PORTAL @-164,16,-64 do=<Construct Nether Portal> Collecting lava eq=iron_pickaxe woodpick=1 stonepick=1 pick=1 iron=0 buck=1
[m[34m[21:26:35][m [32m[main/INFO][m [36m(Minecraft)[m [0m[STDOUT]: ALTO CLEF: WARNING: T2 [E116] drop 8 from 23 to 15 ph=PORTAL
[m[34m[21:26:35][m [32m[main/INFO][m [36m(Minecraft)[m [0m[CHAT] §2§l§o[TenorClef] §cT2 [E116] drop 8 from 23 to 15 ph=PORTAL§r
[m[34m[21:26:35][m [32m[main/INFO][m [36m(Minecraft)[m [0m[CHAT] §2§l§o[TenorClef] §rT2 [HIST] 5:18.3 [E116] drop 8 from 23 to 15 ph=PORTAL
[m[34m[21:26:35][m [32m[main/INFO][m [36m(Minecraft)[m [0m[STDOUT]: ALTO CLEF: WARNING: T2 [S135] S130 suppressed why=jump-pit shaft-hop-banned -164,-64 r=14 left=726 sameXz=43 cool=226 ban=0 hold=false pos=-164,15,-64 walls=4/4/4 sky=0 place=43 boxed=true hold=false cool=226 ban=0 startY=27 step=0
[m[34m[21:26:35][m [32m[main/INFO][m [36m(Minecraft)[m [0m[CHAT] §2§l§o[TenorClef] §cT2 [S135] S130 suppressed why=jump-pit shaft-hop-banned -164,-64 r=14 left=726 sameXz=43 cool=226 ban=0 hold=false pos=-164,15,-64 walls=4/4/4 sky=0 place=43 boxed=true hold=false cool=226 ban=0 startY=27 step=0§r
[m[34m[21:26:35][m [32m[main/INFO][m [36m(Minecraft)[m [0m[CHAT] §2§l§o[TenorClef] §rT2 [HIST] 5:18.5 FORCE S135 S130 suppressed why=jump-pit shaft-hop-banned -164,-64 r=14 left=726 sameXz=43 cool=226 ban=0 hold=false pos=-164,15,-64 walls=4/4/4 sky=0 place=43 boxed=true hold=false cool=226 ban=0 startY=27 step=0
[m[34m[21:26:36][m [32m[main/INFO][m [36m(Minecraft)[m [0m[CHAT] §2§l§o[TenorClef] §rT2 [NOW] t=5:19.2 ph=PORTAL @-164,14,-64 do=<Construct Nether Portal> Collecting lava eq=iron_pickaxe woodpick=1 stonepick=1 pick=1 iron=0 buck=1
[m[34m[21:26:36][m [32m[main/INFO][m [36m(Minecraft)[m [0m[STDOUT]: ALTO CLEF: WARNING: T2 [E62] portal jump-place @-164,14,-64
[m[34m[21:26:36][m [32m[main/INFO][m [36m(Minecraft)[m [0m[CHAT] §2§l§o[TenorClef] §cT2 [E62] portal jump-place @-164,14,-64§r
[m[34m[21:26:36][m [32m[main/INFO][m [36m(Minecraft)[m [0m[CHAT] §2§l§o[TenorClef] §rT2 [HIST] 5:19.9 [E100] jumps=6 @-164,13,-64 ph=PORTAL child=ConstructNetherPortalBucketTask
[m[34m[21:26:37][m [32m[main/INFO][m [36m(Minecraft)[m [0m[CHAT] §2§l§o[TenorClef] §rT2 [NOW] t=5:20.2 ph=PORTAL @-164,13,-64 do=<Construct Nether Portal> Collecting lava eq=iron_pickaxe woodpick=1 stonepick=1 pick=1 iron=0 buck=1
[m[34m[21:26:37][m [32m[main/INFO][m [36m(Minecraft)[m [0m[STDOUT]: ALTO CLEF: WARNING: T2 [S135] S130 suppressed why=jump-pit shaft-hop-banned -164,-64 r=14 left=681 sameXz=45 cool=181 ban=0 hold=false pos=-164,12,-64 walls=4/4/3 sky=0 place=46 boxed=true hold=false cool=181 ban=0 startY=27 step=0
[m[34m[21:26:37][m [32m[main/INFO][m [36m(Minecraft)[m [0m[CHAT] §2§l§o[TenorClef] §cT2 [S135] S130 suppressed why=jump-pit shaft-hop-banned -164,-64 r=14 left=681 sameXz=45 cool=181 ban=0 hold=false pos=-164,12,-64 walls=4/4/3 sky=0 place=46 boxed=true hold=false cool=181 ban=0 startY=27 step=0§r
[m[34m[21:26:37][m [32m[main/INFO][m [36m(Minecraft)[m [0m[CHAT] §2§l§o[TenorClef] §rT2 [HIST] 5:20.8 FORCE S135 S130 suppressed why=jump-pit shaft-hop-banned -164,-64 r=14 left=681 sameXz=45 cool=181 ban=0 hold=false pos=-164,12,-64 walls=4/4/3 sky=0 place=46 boxed=true hold=false cool=181 ban=0 startY=27 step=0
[m[34m[21:26:38][m [32m[main/INFO][m [36m(Minecraft)[m [0m[CHAT] §2§l§o[TenorClef] §rT2 [NOW] t=5:21.2 ph=PORTAL @-164,12,-64 do=<Construct Nether Portal> Collecting lava eq=iron_pickaxe woodpick=1 stonepick=1 pick=1 iron=0 buck=1
[m[34m[21:26:38][m [32m[main/INFO][m [36m(Minecraft)[m [0m[CHAT] §2§l§o[TenorClef] §rT2 [HIST] 5:21.5 SNAP ph=PORTAL @-164,12,-64 sky=0 wet=false ground=true pick=1 buck=2 iron=0 ore=1 rods=0 pearls=0 eyes=0 child=ConstructNetherPortalBucketTask dbg=<Construct Nether Portal> Collecting lava mobs=none
[m[34m[21:26:39][m [32m[main/INFO][m [36m(Minecraft)[m [0m[CHAT] §2§l§o[TenorClef] §rT2 [NOW] t=5:22.2 ph=PORTAL @-164,12,-64 do=<Construct Nether Portal> Collecting lava eq=iron_pickaxe woodpick=1 stonepick=1 pick=1 iron=0 buck=1
[m[34m[21:26:40][m [32m[main/INFO][m [36m(Minecraft)[m [0m[CHAT] §2§l§o[TenorClef] §rT2 [NOW] t=5:23.2 ph=PORTAL @-165,12,-64 do=<Construct Nether Portal> Collecting lava eq=iron_pickaxe woodpick=1 stonepick=1 pick=1 iron=0 buck=1
[m[34m[21:26:40][m [32m[main/INFO][m [36m(Minecraft)[m [0m[CHAT] §2§l§o[TenorClef] §rConstruct: hardResetBuildState (portalOrigin cleared)
[m[34m[21:26:40][m [32m[main/INFO][m [36m(Minecraft)[m [0m[STDOUT]: ALTO CLEF: WARNING: T2 [S163] portal dig sank y=29 -> y=12 in the dark @-165,12,-64 - site cleared, pillar out and rebuild elsewhere
[m[34m[21:26:40][m [32m[main/INFO][m [36m(Minecraft)[m [0m[CHAT] §2§l§o[TenorClef] §cT2 [S163] portal dig sank y=29 -> y=12 in the dark @-165,12,-64 - site cleared, pillar out and rebuild elsewhere§r
[m[34m[21:26:40][m [32m[main/INFO][m [36m(Minecraft)[m [0m[CHAT] §2§l§o[TenorClef] §rT2 [HIST] 5:23.2 FORCE S163 portal dig sank y=29 -> y=12 in the dark @-165,12,-64 - site cleared, pillar out and rebuild elsewhere
[m[34m[21:26:40][m [32m[main/INFO][m [36m(Minecraft)[m [0m[CHAT] §2§l§o[TenorClef] §rT2 [HIST] 5:23.2 CHILD ConstructNetherPortalBucketTask -> HolePillarTask ph=PORTAL @-165,12,-64 sky=0 wet=false ground=true pick=1 buck=2 iron=0 ore=1 rods=0 pearls=0 eyes=0
[m[34m[21:26:41][m [32m[main/INFO][m [36m(Minecraft)[m [0m[CHAT] §2§l§o[TenorClef] §rT2 [NOW] t=5:24.2 ph=PORTAL @-165,12,-64 do=<T2 pillar-out>  eq=iron_pickaxe woodpick=1 stonepick=1 pick=1 iron=0 buck=1
[m[34m[21:26:41][m [32m[main/INFO][m [36m(Minecraft)[m [0m[CHAT] §2§l§o[TenorClef] §rT2 [HIST] 5:24.8 SNAP ph=PORTAL @-165,12,-64 sky=0 wet=false ground=true pick=1 buck=2 iron=0 ore=1 rods=0 pearls=0 eyes=0 child=HolePillarTask dbg=<T2 pillar-out>  mobs=none
[m[34m[21:26:42][m [32m[main/INFO][m [36m(Minecraft)[m [0m[CHAT] §2§l§o[TenorClef] §rT2 [NOW] t=5:25.2 ph=PORTAL @-165,12,-64 do=<T2 pillar-out>  eq=iron_pickaxe woodpick=1 stonepick=1 pick=1 iron=0 buck=1
[m[34m[21:26:43][m [32m[main/INFO][m [36m(Minecraft)[m [0m[CHAT] §2§l§o[TenorClef] §rT2 [NOW] t=5:26.2 ph=PORTAL @-165,12,-64 do=<T2 pillar-out>  eq=iron_pickaxe woodpick=1 stonepick=1 pick=1 iron=0 buck=1
[m[34m[21:26:44][m [32m[main/INFO][m [36m(Minecraft)[m [0m[CHAT] §2§l§o[TenorClef] §rT2 [NOW] t=5:27.2 ph=PORTAL @-165,12,-64 do=<T2 pillar-out>  eq=iron_pickaxe woodpick=1 stonepick=1 pick=1 iron=0 buck=1
[m[34m[21:26:44][m [32m[main/INFO][m [36m(Minecraft)[m [0m[CHAT] §2§l§o[TenorClef] §rT2 [HIST] 5:27.3 SNAP ph=PORTAL @-165,12,-64 sky=0 wet=false ground=true pick=1 buck=2 iron=0 ore=1 rods=0 pearls=0 eyes=0 child=HolePillarTask dbg=<T2 pillar-out>  mobs=none
[m[34m[21:26:45][m [32m[main/INFO][m [36m(Minecraft)[m [0m[CHAT] §2§l§o[TenorClef] §rT2 [NOW] t=5:28.2 ph=PORTAL @-165,12,-64 do=<T2 pillar-out>  eq=iron_pickaxe woodpick=1 stonepick=1 pick=1 iron=0 buck=1
[m[34m[21:26:46][m [32m[main/INFO][m [36m(Minecraft)[m [0m[CHAT] §2§l§o[TenorClef] §rT2 [NOW] t=5:29.2 ph=PORTAL @-165,12,-64 do=<T2 pillar-out>  eq=iron_pickaxe woodpick=1 stonepick=1 pick=1 iron=0 buck=1
[m[34m[21:26:46][m [32m[main/INFO][m [36m(Minecraft)[m [0m[STDOUT]: ALTO CLEF: WARNING: T2 [S134] pillar cool expire after jump-pit flips=6 end=risen y=58 startY=54
[m[34m[21:26:46][m [32m[main/INFO][m [36m(Minecraft)[m [0m[CHAT] §2§l§o[TenorClef] §cT2 [S134] pillar cool expire after jump-pit flips=6 end=risen y=58 startY=54§r
[m[34m[21:26:46][m [32m[main/INFO][m [36m(Minecraft)[m [0m[CHAT] §2§l§o[TenorClef] §rT2 [HIST] 5:29.8 FORCE S134 pillar cool expire after jump-pit flips=6 end=risen y=58 startY=54
[m[34m[21:26:46][m [32m[main/INFO][m [36m(Minecraft)[m [0m[CHAT] §2§l§o[TenorClef] §rT2 [HIST] 5:29.8 SNAP ph=PORTAL @-165,12,-64 sky=0 wet=false ground=true pick=1 buck=2 iron=0 ore=1 rods=0 pearls=0 eyes=0 child=HolePillarTask dbg=<T2 pillar-out>  mobs=none
[m[34m[21:26:46][m [32m[main/INFO][m [36m(Minecraft)[m [0m[STDOUT]: ALTO CLEF: WARNING: T2 [S138] shaft ban clear left-y ban=-164,27,-64 now=-165,12,-64 manh=1 dy=15 left=60
[m[34m[21:26:46][m [32m[main/INFO][m [36m(Minecraft)[m [0m[CHAT] §2§l§o[TenorClef] §cT2 [S138] shaft ban clear left-y ban=-164,27,-64 now=-165,12,-64 manh=1 dy=15 left=60§r
[m[34m[21:26:46][m [32m[main/INFO][m [36m(Minecraft)[m [0m[CHAT] §2§l§o[TenorClef] §rT2 [HIST] 5:29.9 FORCE S138 shaft ban clear left-y ban=-164,27,-64 now=-165,12,-64 manh=1 dy=15 left=60
[m[34m[21:26:47][m [32m[main/INFO][m [36m(Minecraft)[m [0m[CHAT] §2§l§o[TenorClef] §rRefreshed inventory...
[m[34m[21:26:47][m [32m[main/INFO][m [36m(Minecraft)[m [0m[CHAT] §2§l§o[TenorClef] §rT2 [NOW] t=5:30.2 ph=PORTAL @-165,12,-64 do=<T2 pillar-out>  eq=iron_pickaxe woodpick=1 stonepick=1 pick=1 iron=0 buck=1
[m[34m[21:26:48][m [32m[main/INFO][m [36m(Minecraft)[m [0m[CHAT] §2§l§o[TenorClef] §rT2 [NOW] t=5:31.2 ph=PORTAL @-165,12,-64 do=<T2 pillar-out>  eq=iron_pickaxe woodpick=1 stonepick=1 pick=1 iron=0 buck=1
[m[34m[21:26:49][m [32m[main/INFO][m [36m(Minecraft)[m [0m[CHAT] §2§l§o[TenorClef] §rT2 [HB] t=5:32.0 ph=PORTAL y=12 child=HolePillarTask logs=0 pick=1 woodpick=1
[m[34m[21:26:49][m [32m[main/INFO][m [36m(Minecraft)[m [0m[CHAT] §2§l§o[TenorClef] §rT2 [NOW] t=5:32.2 ph=PORTAL @-165,12,-64 do=<T2 pillar-out>  eq=iron_pickaxe woodpick=1 stonepick=1 pick=1 iron=0 buck=1
[m[34m[21:26:49][m [32m[main/INFO][m [36m(Minecraft)[m [0m[CHAT] §2§l§o[TenorClef] §rT2 [HIST] 5:32.3 SNAP ph=PORTAL @-165,12,-64 sky=0 wet=false ground=true pick=1 buck=2 iron=0 ore=1 rods=0 pearls=0 eyes=0 child=HolePillarTask dbg=<T2 pillar-out>  mobs=none
[m[34m[21:26:50][m [32m[main/INFO][m [36m(Minecraft)[m [0m[CHAT] §2§l§o[TenorClef] §rT2 [NOW] t=5:33.2 ph=PORTAL @-165,12,-64 do=<T2 pillar-out>  eq=iron_pickaxe woodpick=1 stonepick=1 pick=1 iron=0 buck=1
[m[34m[21:26:51][m [32m[main/INFO][m [36m(Minecraft)[m [0m[CHAT] §2§l§o[TenorClef] §rT2 [NOW] t=5:34.2 ph=PORTAL @-165,12,-64 do=<T2 pillar-out>  eq=iron_pickaxe woodpick=1 stonepick=1 pick=1 iron=0 buck=1
[m[34m[21:26:51][m [32m[main/INFO][m [36m(Minecraft)[m [0m[CHAT] §2§l§o[TenorClef] §rT2 [HIST] 5:34.8 SNAP ph=PORTAL @-165,12,-64 sky=0 wet=false ground=true pick=1 buck=2 iron=0 ore=1 rods=0 pearls=0 eyes=0 child=HolePillarTask dbg=<T2 pillar-out>  mobs=none
[m[34m[21:26:52][m [32m[main/INFO][m [36m(Minecraft)[m [0m[CHAT] §2§l§o[TenorClef] §rT2 [NOW] t=5:35.2 ph=PORTAL @-165,12,-64 do=<T2 pillar-out>  eq=iron_pickaxe woodpick=1 stonepick=1 pick=1 iron=0 buck=1
[m[34m[21:26:53][m [32m[main/INFO][m [36m(Minecraft)[m [0m[CHAT] §2§l§o[TenorClef] §rT2 [NOW] t=5:36.2 ph=PORTAL @-165,12,-64 do=<T2 pillar-out>  eq=iron_pickaxe woodpick=1 stonepick=1 pick=1 iron=0 buck=1
[m[34m[21:26:54][m [32m[main/INFO][m [36m(Minecraft)[m [0m[CHAT] §2§l§o[TenorClef] §rT2 [NOW] t=5:37.2 ph=PORTAL @-165,12,-64 do=<T2 pillar-out>  eq=iron_pickaxe woodpick=1 stonepick=1 pick=1 iron=0 buck=1
[m[34m[21:26:54][m [32m[main/INFO][m [36m(Minecraft)[m [0m[CHAT] §2§l§o[TenorClef] §rT2 [HIST] 5:37.3 SNAP ph=PORTAL @-165,12,-64 sky=0 wet=false ground=true pick=1 buck=2 iron=0 ore=1 rods=0 pearls=0 eyes=0 child=HolePillarTask dbg=<T2 pillar-out>  mobs=none
[m[34m[21:26:55][m [32m[main/INFO][m [36m(Minecraft)[m [0m[CHAT] §2§l§o[TenorClef] §rT2 [NOW] t=5:38.2 ph=PORTAL @-165,12,-64 do=<T2 pillar-out>  eq=iron_pickaxe woodpick=1 stonepick=1 pick=1 iron=0 buck=1
[m[34m[21:26:56][m [32m[main/INFO][m [36m(Minecraft)[m [0m[CHAT] §2§l§o[TenorClef] §rT2 [NOW] t=5:39.2 ph=PORTAL @-165,12,-64 do=<T2 pillar-out>  eq=iron_pickaxe woodpick=1 stonepick=1 pick=1 iron=0 buck=1
[m[34m[21:26:56][m [32m[main/INFO][m [36m(Minecraft)[m [0m[CHAT] §2§l§o[TenorClef] §rT2 [HIST] 5:39.8 SNAP ph=PORTAL @-165,12,-64 sky=0 wet=false ground=true pick=1 buck=2 iron=0 ore=1 rods=0 pearls=0 eyes=0 child=HolePillarTask dbg=<T2 pillar-out>  mobs=none
[m[34m[21:26:57][m [32m[main/INFO][m [36m(Minecraft)[m [0m[CHAT] §2§l§o[TenorClef] §rT2 [NOW] t=5:40.2 ph=PORTAL @-165,12,-64 do=<T2 pillar-out>  eq=iron_pickaxe woodpick=1 stonepick=1 pick=1 iron=0 buck=1
[m[34m[21:26:58][m [32m[main/INFO][m [36m(Minecraft)[m [0m[CHAT] §2§l§o[TenorClef] §rT2 [NOW] t=5:41.2 ph=PORTAL @-165,12,-64 do=<T2 pillar-out>  eq=iron_pickaxe woodpick=1 stonepick=1 pick=1 iron=0 buck=1
[m[34m[21:26:59][m [32m[main/INFO][m [36m(Minecraft)[m [0m[CHAT] §2§l§o[TenorClef] §rT2 [HB] t=5:42.0 ph=PORTAL y=12 child=HolePillarTask logs=0 pick=1 woodpick=1
[m[34m[21:26:59][m [32m[main/INFO][m [36m(Minecraft)[m [0m[CHAT] §2§l§o[TenorClef] §rT2 [NOW] t=5:42.2 ph=PORTAL @-165,12,-64 do=<T2 pillar-out>  eq=iron_pickaxe woodpick=1 stonepick=1 pick=1 iron=0 buck=1
[m[34m[21:26:59][m [32m[main/INFO][m [36m(Minecraft)[m [0m[CHAT] §2§l§o[TenorClef] §rT2 [HIST] 5:42.3 SNAP ph=PORTAL @-165,12,-64 sky=0 wet=false ground=true pick=1 buck=2 iron=0 ore=1 rods=0 pearls=0 eyes=0 child=HolePillarTask dbg=<T2 pillar-out>  mobs=none
[m[34m[21:27:00][m [32m[main/INFO][m [36m(Minecraft)[m [0m[CHAT] §2§l§o[TenorClef] §rT2 [NOW] t=5:43.2 ph=PORTAL @-165,12,-64 do=<T2 pillar-out>  eq=iron_pickaxe woodpick=1 stonepick=1 pick=1 iron=0 buck=1
[m[34m[21:27:01][m [32m[main/INFO][m [36m(Minecraft)[m [0m[CHAT] §2§l§o[TenorClef] §rT2 [NOW] t=5:44.2 ph=PORTAL @-165,12,-64 do=<T2 pillar-out>  eq=iron_pickaxe woodpick=1 stonepick=1 pick=1 iron=0 buck=1
[m[34m[21:27:01][m [32m[main/INFO][m [36m(Minecraft)[m [0m[CHAT] §2§l§o[TenorClef] §rT2 [HIST] 5:44.8 SNAP ph=PORTAL @-165,12,-64 sky=0 wet=false ground=true pick=1 buck=2 iron=0 ore=1 rods=0 pearls=0 eyes=0 child=HolePillarTask dbg=<T2 pillar-out>  mobs=none
[m[34m[21:27:02][m [32m[main/INFO][m [36m(Minecraft)[m [0m[CHAT] §2§l§o[TenorClef] §rT2 [NOW] t=5:45.2 ph=PORTAL @-165,12,-64 do=<T2 pillar-out>  eq=iron_pickaxe woodpick=1 stonepick=1 pick=1 iron=0 buck=1
[m[34m[21:27:03][m [32m[main/INFO][m [36m(Minecraft)[m [0m[CHAT] §2§l§o[TenorClef] §rT2 [NOW] t=5:46.2 ph=PORTAL @-165,12,-64 do=<T2 pillar-out>  eq=iron_pickaxe woodpick=1 stonepick=1 pick=1 iron=0 buck=1
[m[34m[21:27:04][m [32m[main/INFO][m [36m(Minecraft)[m [0m[CHAT] §2§l§o[TenorClef] §rT2 [NOW] t=5:47.2 ph=PORTAL @-165,12,-64 do=<T2 pillar-out>  eq=iron_pickaxe woodpick=1 stonepick=1 pick=1 iron=0 buck=1
[m[34m[21:27:04][m [32m[main/INFO][m [36m(Minecraft)[m [0m[CHAT] §2§l§o[TenorClef] §rT2 [HIST] 5:47.3 SNAP ph=PORTAL @-165,12,-64 sky=0 wet=false ground=true pick=1 buck=2 iron=0 ore=1 rods=0 pearls=0 eyes=0 child=HolePillarTask dbg=<T2 pillar-out>  mobs=none
[m[34m[21:27:05][m [32m[main/INFO][m [36m(Minecraft)[m [0m[CHAT] §2§l§o[TenorClef] §rT2 [NOW] t=5:48.2 ph=PORTAL @-165,12,-64 do=<T2 pillar-out>  eq=iron_pickaxe woodpick=1 stonepick=1 pick=1 iron=0 buck=1
[m[34m[21:27:06][m [32m[main/INFO][m [36m(Minecraft)[m [0m[CHAT] §2§l§o[TenorClef] §rT2 [NOW] t=5:49.2 ph=PORTAL @-165,12,-64 do=<T2 pillar-out>  eq=iron_pickaxe woodpick=1 stonepick=1 pick=1 iron=0 buck=1
[m[34m[21:27:06][m [32m[main/INFO][m [36m(Minecraft)[m [0m[CHAT] §2§l§o[TenorClef] §rT2 [HIST] 5:49.8 SNAP ph=PORTAL @-165,12,-64 sky=0 wet=false ground=true pick=1 buck=2 iron=0 ore=1 rods=0 pearls=0 eyes=0 child=HolePillarTask dbg=<T2 pillar-out>  mobs=none
[m[34m[21:27:07][m [32m[main/INFO][m [36m(Minecraft)[m [0m[CHAT] §2§l§o[TenorClef] §rT2 [NOW] t=5:50.2 ph=PORTAL @-165,12,-64 do=<T2 pillar-out>  eq=iron_pickaxe woodpick=1 stonepick=1 pick=1 iron=0 buck=1
[m[34m[21:27:08][m [32m[main/INFO][m [36m(Minecraft)[m [0m[CHAT] §2§l§o[TenorClef] §rT2 [NOW] t=5:51.2 ph=PORTAL @-165,12,-64 do=<T2 pillar-out>  eq=iron_pickaxe woodpick=1 stonepick=1 pick=1 iron=0 buck=1
[m[34m[21:27:09][m [32m[main/INFO][m [36m(Minecraft)[m [0m[CHAT] §2§l§o[TenorClef] §rT2 [HB] t=5:52.0 ph=PORTAL y=12 child=HolePillarTask logs=0 pick=1 woodpick=1
[m[34m[21:27:09][m [32m[main/INFO][m [36m(Minecraft)[m [0m[CHAT] §2§l§o[TenorClef] §rT2 [NOW] t=5:52.2 ph=PORTAL @-165,12,-64 do=<T2 pillar-out>  eq=iron_pickaxe woodpick=1 stonepick=1 pick=1 iron=0 buck=1
[m[34m[21:27:09][m [32m[main/INFO][m [36m(Minecraft)[m [0m[CHAT] §2§l§o[TenorClef] §rT2 [HIST] 5:52.3 SNAP ph=PORTAL @-165,12,-64 sky=0 wet=false ground=true pick=1 buck=2 iron=0 ore=1 rods=0 pearls=0 eyes=0 child=HolePillarTask dbg=<T2 pillar-out>  mobs=none
[m[34m[21:27:10][m [32m[main/INFO][m [36m(Minecraft)[m [0m[CHAT] §2§l§o[TenorClef] §rT2 [NOW] t=5:53.2 ph=PORTAL @-165,12,-64 do=<T2 pillar-out>  eq=iron_pickaxe woodpick=1 stonepick=1 pick=1 iron=0 buck=1
[m[34m[21:27:11][m [32m[main/INFO][m [36m(Minecraft)[m [0m[CHAT] §2§l§o[TenorClef] §rT2 [NOW] t=5:54.2 ph=PORTAL @-165,12,-64 do=<T2 pillar-out>  eq=iron_pickaxe woodpick=1 stonepick=1 pick=1 iron=0 buck=1
[m[34m[21:27:11][m [32m[main/INFO][m [36m(Minecraft)[m [0m[STDOUT]: ALTO CLEF: WARNING: T2 [S158] shaft-hop area ban lifted @-164,-64 r=14 esc=1
[m[34m[21:27:11][m [32m[main/INFO][m [36m(Minecraft)[m [0m[CHAT] §2§l§o[TenorClef] §cT2 [S158] shaft-hop area ban lifted @-164,-64 r=14 esc=1§r
[m[34m[21:27:11][m [32m[main/INFO][m [36m(Minecraft)[m [0m[CHAT] §2§l§o[TenorClef] §rT2 [HIST] 5:54.8 FORCE S158 shaft-hop area ban lifted @-164,-64 r=14 esc=1
[m[34m[21:27:12][m [32m[main/INFO][m [36m(Minecraft)[m [0m[CHAT] §2§l§o[TenorClef] §rT2 [NOW] t=5:55.2 ph=PORTAL @-165,12,-64 do=<T2 pillar-out>  eq=iron_pickaxe woodpick=1 stonepick=1 pick=1 iron=0 buck=1
[m[34m[21:27:13][m [32m[main/INFO][m [36m(Minecraft)[m [0m[STDOUT]: ALTO CLEF: WARNING: T2 [S136] stick drop pillar -> ConstructNetherPortalBucketTask finished=true hold=false cool=0 end=risen y=58 startY=54 pos=-165,12,-64 walls=3/2/3 sky=0 place=50 boxed=false hold=false cool=0 ban=0 startY=27 step=0
[m[34m[21:27:13][m [32m[main/INFO][m [36m(Minecraft)[m [0m[CHAT] §2§l§o[TenorClef] §cT2 [S136] stick drop pillar -> ConstructNetherPortalBucketTask finished=true hold=false cool=0 end=risen y=58 startY=54 pos=-165,12,-64 walls=3/2/3 sky=0 place=50 boxed=false hold=false cool=0 ban=0 startY=27 step=0§r
[m[34m[21:27:13][m [32m[main/INFO][m [36m(Minecraft)[m [0m[CHAT] §2§l§o[TenorClef] §rT2 [HIST] 5:56.0 FORCE S136 stick drop pillar -> ConstructNetherPortalBucketTask finished=true hold=false cool=0 end=risen y=58 startY=54 pos=-165,12,-64 walls=3/2/3 sky=0 place=50 boxed=false hold=false cool=0 ban=0 startY=27 step=0
[m[34m[21:27:13][m [32m[main/INFO][m [36m(Minecraft)[m [0m[CHAT] §2§l§o[TenorClef] §rT2 [HIST] 5:56.0 CHILD HolePillarTask -> ConstructNetherPortalBucketTask ph=PORTAL @-165,12,-64 sky=0 wet=false ground=true pick=1 buck=2 iron=0 ore=1 rods=0 pearls=0 eyes=0
[m[34m[21:27:13][m [32m[main/INFO][m [36m(Minecraft)[m [0m[STDOUT]: ALTO CLEF: WARNING: T2 [S136] onStop interrupt=ConstructNetherPortalBucketTask finishWhy=!boxed && !holding lastEnd=risen y=58 startY=54 pos=-165,12,-64 walls=3/2/3 sky=0 place=50 boxed=false hold=false cool=0 ban=0 startY=27 step=0
[m[34m[21:27:13][m [32m[main/INFO][m [36m(Minecraft)[m [0m[CHAT] §2§l§o[TenorClef] §cT2 [S136] onStop interrupt=ConstructNetherPortalBucketTask finishWhy=!boxed && !holding lastEnd=risen y=58 startY=54 pos=-165,12,-64 walls=3/2/3 sky=0 place=50 boxed=false hold=false cool=0 ban=0 startY=27 step=0§r
[m[34m[21:27:13][m [32m[main/INFO][m [36m(Minecraft)[m [0m[CHAT] §2§l§o[TenorClef] §rT2 [HIST] 5:56.0 FORCE S136 onStop interrupt=ConstructNetherPortalBucketTask finishWhy=!boxed && !holding lastEnd=risen y=58 startY=54 pos=-165,12,-64 walls=3/2/3 sky=0 place=50 boxed=false hold=false cool=0 ban=0 startY=27 step=0
[m[34m[21:27:13][m [32m[main/INFO][m [36m(Minecraft)[m [0m[CHAT] §2§l§o[TenorClef] §r(Searching for lava lake with portalable spot nearby...)
[m[34m[21:27:13][m [32m[main/INFO][m [36m(Minecraft)[m [0m[CHAT] §2§l§o[TenorClef] §rFound with depth 7222
[m[34m[21:27:13][m [32m[main/INFO][m [36m(Minecraft)[m [0m[CHAT] §2§l§o[TenorClef] §rT2 [S165L] only a deep lava lake at y=9 - expect a long dark shaft
[m[34m[21:27:13][m [32m[main/INFO][m [36m(Minecraft)[m [0m[CHAT] §2§l§o[TenorClef] §rT2 [NOW] t=5:56.2 ph=PORTAL @-165,12,-64 do=<Construct Nether Portal>  eq=iron_pickaxe woodpick=1 stonepick=1 pick=1 iron=0 buck=1
[m[34m[21:27:13][m [32m[main/INFO][m [36m(Minecraft)[m [0m[CHAT] §2§l§o[TenorClef] §rT2 [HIST] 5:56.5 SNAP ph=PORTAL @-164,12,-64 sky=0 wet=false ground=true pick=1 buck=2 iron=0 ore=1 rods=0 pearls=0 eyes=0 child=ConstructNetherPortalBucketTask dbg=<Construct Nether Portal>  mobs=none
[m[34m[21:27:14][m [32m[main/INFO][m [36m(Minecraft)[m [0m[CHAT] §2§l§o[TenorClef] §rT2 [NOW] t=5:57.2 ph=PORTAL @-164,12,-64 do=<Construct Nether Portal>  eq=iron_pickaxe woodpick=1 stonepick=1 pick=1 iron=0 buck=1
[m[34m[21:27:14][m [32m[main/INFO][m [36m(Minecraft)[m [0m[STDOUT]: ALTO CLEF: WARNING: T2 [E30] stall ph=PORTAL after 120s
[m[34m[21:27:14][m [32m[main/INFO][m [36m(Minecraft)[m [0m[CHAT] §2§l§o[TenorClef] §cT2 [E30] stall ph=PORTAL after 120s§r
[m[34m[21:27:14][m [32m[main/INFO][m [36m(Minecraft)[m [0m[STDOUT]: ALTO CLEF: WARNING: T2 [E40] closer=ConstructNetherPortalBucketTask
[m[34m[21:27:14][m [32m[main/INFO][m [36m(Minecraft)[m [0m[CHAT] §2§l§o[TenorClef] §cT2 [E40] closer=ConstructNetherPortalBucketTask§r
[m[34m[21:27:15][m [32m[main/INFO][m [36m(Minecraft)[m [0m[CHAT] §2§l§o[TenorClef] §rT2 [NOW] t=5:58.2 ph=PORTAL @-163,13,-64 do=<Construct Nether Portal>  eq=iron_pickaxe woodpick=1 stonepick=1 pick=1 iron=0 buck=1
[m[34m[21:27:16][m [32m[main/INFO][m [36m(Minecraft)[m [0m[CHAT] §2§l§o[TenorClef] §rT2 [NOW] t=5:59.2 ph=PORTAL @-163,13,-64 do=<Construct Nether Portal>  eq=iron_pickaxe woodpick=1 stonepick=1 pick=1 iron=0 buck=1
[m[34m[21:27:16][m [32m[main/INFO][m [36m(Minecraft)[m [0m[CHAT] §2§l§o[TenorClef] §rT2 [HIST] 5:59.6 SNAP ph=PORTAL @-162,13,-64 sky=0 wet=false ground=true pick=1 buck=2 iron=0 ore=1 rods=0 pearls=0 eyes=0 child=ConstructNetherPortalBucketTask dbg=<Construct Nether Portal>  mobs=none
[m[34m[21:27:17][m [32m[main/INFO][m [36m(Minecraft)[m [0m[CHAT] §2§l§o[TenorClef] §rT2 [NOW] t=6:00.2 ph=PORTAL @-162,13,-64 do=<Construct Nether Portal>  eq=iron_pickaxe woodpick=1 stonepick=1 pick=1 iron=0 buck=1
[m[34m[21:27:17][m [32m[main/INFO][m [36m(Minecraft)[m [0m[CHAT] §2§l§o[TenorClef] §rRefreshed inventory...
[m[34m[21:27:18][m [32m[main/INFO][m [36m(Minecraft)[m [0m[CHAT] §2§l§o[TenorClef] §rT2 [NOW] t=6:01.2 ph=PORTAL @-161,13,-64 do=<Construct Nether Portal>  eq=iron_pickaxe woodpick=1 stonepick=1 pick=1 iron=0 buck=1
[m[34m[21:27:19][m [32m[main/INFO][m [36m(Minecraft)[m [0m[CHAT] §2§l§o[TenorClef] §rT2 [HIST] 6:02.1 SNAP ph=PORTAL @-161,13,-64 sky=0 wet=false ground=true pick=1 buck=2 iron=0 ore=1 rods=0 pearls=0 eyes=0 child=ConstructNetherPortalBucketTask dbg=<Construct Nether Portal>  mobs=none
[m[34m[21:27:19][m [32m[main/INFO][m [36m(Minecraft)[m [0m[CHAT] §2§l§o[TenorClef] §rT2 [NOW] t=6:02.2 ph=PORTAL @-161,13,-64 do=<Construct Nether Portal>  eq=iron_pickaxe woodpick=1 stonepick=1 pick=1 iron=0 buck=1
[m[34m[21:27:20][m [32m[main/INFO][m [36m(Minecraft)[m [0m[CHAT] §2§l§o[TenorClef] §rT2 [NOW] t=6:03.2 ph=PORTAL @-160,14,-64 do=<Construct Nether Portal>  eq=iron_pickaxe woodpick=1 stonepick=1 pick=1 iron=0 buck=1
[m[34m[21:27:21][m [32m[main/INFO][m [36m(Minecraft)[m [0m[CHAT] §2§l§o[TenorClef] §rT2 [NOW] t=6:04.2 ph=PORTAL @-160,14,-64 do=<Construct Nether Portal>  eq=iron_pickaxe woodpick=1 stonepick=1 pick=1 iron=0 buck=1
[m[34m[21:27:21][m [32m[main/INFO][m [36m(Minecraft)[m [0m[CHAT] §2§l§o[TenorClef] §rT2 [HIST] 6:04.6 SNAP ph=PORTAL @-160,14,-64 sky=0 wet=false ground=true pick=1 buck=2 iron=0 ore=1 rods=0 pearls=0 eyes=0 child=ConstructNetherPortalBucketTask dbg=<Construct Nether Portal>  mobs=none
[m[34m[21:27:22][m [32m[main/INFO][m [36m(Minecraft)[m [0m[CHAT] §2§l§o[TenorClef] §rT2 [NOW] t=6:05.2 ph=PORTAL @-160,14,-64 do=<Construct Nether Portal>  eq=iron_pickaxe woodpick=1 stonepick=1 pick=1 iron=0 buck=1
[m[34m[21:27:23][m [32m[main/INFO][m [36m(Minecraft)[m [0m[STDOUT]: ALTO CLEF: WARNING: T2 [S152] onStop interrupt=null dead=false ph=PORTAL y=15.0 -> session preserved
[m[34m[21:27:23][m [32m[main/INFO][m [36m(Minecraft)[m [0m[CHAT] §2§l§o[TenorClef] §cT2 [S152] onStop interrupt=null dead=false ph=PORTAL y=15.0 -> session preserved§r
[m[34m[21:27:31][m [32m[T2Deadman/INFO][m [36m(Minecraft)[m [0m[STDOUT]: TENORCLEF: DEADMAN: client tick running 8s — client thread stack, innermost first:
    at knot//org.lwjgl.system.JNI.invokeV(Native Method)
    at knot//org.lwjgl.glfw.GLFW.glfwWaitEventsTimeout(GLFW.java:3509)
    at knot//com.mojang.blaze3d.systems.RenderSystem.limitDisplayFPS(RenderSystem.java:127)
    at knot//net.minecraft.client.MinecraftClient.render(MinecraftClient.java:1044)
    at knot//net.minecraft.client.MinecraftClient.run(MinecraftClient.java:654)
    at knot//net.minecraft.client.main.Main.main(Main.java:215)
    at net.fabricmc.loader.impl.game.minecraft.MinecraftGameProvider.launch(MinecraftGameProvider.java:480)
    at net.fabricmc.loader.impl.launch.knot.Knot.launch(Knot.java:74)
    at net.fabricmc.loader.impl.launch.knot.KnotClient.main(KnotClient.java:23)
    at net.fabricmc.devlaunchinjector.Main.main(Main.java:86)
[m[34m[21:27:31][m [32m[T2Deadman/INFO][m [36m(Minecraft)[m [0m[STDOUT]: TENORCLEF: HARNESS: DEADMAN: client tick running 8s — client thread stack, innermost first:
    at knot//org.lwjgl.system.JNI.invokeV(Native Method)
    at knot//org.lwjgl.glfw.GLFW.glfwWaitEventsTimeout(GLFW.java:3509)
    at knot//com.mojang.blaze3d.systems.RenderSystem.limitDisplayFPS(RenderSystem.java:127)
    at knot//net.minecraft.client.MinecraftClient.render(MinecraftClient.java:1044)
    at knot//net.minecraft.client.MinecraftClient.run(MinecraftClient.java:654)
    at knot//net.minecraft.client.main.Main.main(Main.java:215)
    at net.fabricmc.loader.impl.game.minecraft.MinecraftGameProvider.launch(MinecraftGameProvider.java:480)
    at net.fabricmc.loader.impl.launch.knot.Knot.launch(Knot.java:74)
    at net.fabricmc.loader.impl.launch.knot.KnotClient.main(KnotClient.java:23)
    at net.fabricmc.devlaunchinjector.Main.main(Main.java:86)
[m[34m[21:27:31][m [32m[T2Deadman/INFO][m [36m(Minecraft)[m [0m[STDOUT]: ALTO CLEF: WARNING: T2 [S181] DEADMAN: client tick running 8s — client thread stack, innermost first:
    at knot//org.lwjgl.system.JNI.invokeV(Native Method)
    at knot//org.lwjgl.glfw.GLFW.glfwWaitEventsTimeout(GLFW.java:3509)
    at knot//com.mojang.blaze3d.systems.RenderSystem.limitDisplayFPS(RenderSystem.java:127)
    at knot//net.minecraft.client.MinecraftClient.render(MinecraftClient.java:1044)
    at knot//net.minecraft.client.MinecraftClient.run(MinecraftClient.java:654)
    at knot//net.minecraft.client.main.Main.main(Main.java:215)
    at net.fabricmc.loader.impl.game.minecraft.MinecraftGameProvider.launch(MinecraftGameProvider.java:480)
    at net.fabricmc.loader.impl.launch.knot.Knot.launch(Knot.java:74)
    at net.fabricmc.loader.impl.launch.knot.KnotClient.main(KnotClient.java:23)
    at net.fabricmc.devlaunchinjector.Main.main(Main.java:86)
[m[34m[21:27:31][m [32m[T2Deadman/INFO][m [36m(Minecraft)[m [0m[CHAT] §2§l§o[TenorClef] §cT2 [S181] DEADMAN: client tick running 8s — client thread stack, innermost first:\n    at knot//org.lwjgl.system.JNI.invokeV(Native Method)\n    at knot//org.lwjgl.glfw.GLFW.glfwWaitEventsTimeout(GLFW.java:3509)\n    at knot//com.mojang.blaze3d.systems.RenderSystem.limitDisplayFPS(RenderSystem.java:127)\n    at knot//net.minecraft.client.MinecraftClient.render(MinecraftClient.java:1044)\n    at knot//net.minecraft.client.MinecraftClient.run(MinecraftClient.java:654)\n    at knot//net.minecraft.client.main.Main.main(Main.java:215)\n    at net.fabricmc.loader.impl.game.minecraft.MinecraftGameProvider.launch(MinecraftGameProvider.java:480)\n    at net.fabricmc.loader.impl.launch.knot.Knot.launch(Knot.java:74)\n    at net.fabricmc.loader.impl.launch.knot.KnotClient.main(KnotClient.java:23)\n    at net.fabricmc.devlaunchinjector.Main.main(Main.java:86)§r
[m[34m[21:27:31][m [32m[T2Deadman/INFO][m [36m(Minecraft)[m [0m[CHAT] §2§l§o[TenorClef] §rT2 [HIST] 6:14.3 FORCE S181 DEADMAN: client tick running 8s — client thread stack, innermost first:\n    at knot//org.lwjgl.system.JNI.invokeV(Native Method)\n    at knot//org.lwjgl.glfw.GLFW.glfwWaitEventsTimeout(GLFW.java:3509)\n    at knot//com.mojang.blaze3d.systems.RenderSystem.limitDisplayFPS(RenderSystem.java:127)\n    at knot//net.minecraft.client.MinecraftClient.render(MinecraftClient.java:1044)\n    at knot//net.minecraft.client.MinecraftClient.run(MinecraftClient.java:654)\n    at knot//net.minecraft.client.main.Main.main(Main.java:215)\n    at net.fabricmc.loader.impl.game.minecraft.MinecraftGameProvider.launch(MinecraftGameProvider.java:480)\n    at net.fabricmc.loader.impl.launch.knot.Knot.launch(Knot.java:74)\n    at net.fabricmc.loader.impl.launch.knot.KnotClient.main(KnotClient.java:23)\n    at net.fabricmc.devlaunchinjector.Main.main(Main.java:86)
[m[34m[21:27:34][m [32m[Server thread/INFO][m [36m(Minecraft)[m [0mPlayer924 has made the advancement [Monster Hunter]
[m[34m[21:27:34][m [32m[main/INFO][m [36m(Minecraft)[m [0m[CHAT] Player924 has made the advancement [Monster Hunter]
[m[34m[21:27:34][m [32m[main/INFO][m [36m(Minecraft)[m [0mLoaded 128 advancements
[m[34m[21:27:35][m [32m[main/INFO][m [36m(Minecraft)[m [0m[STDOUT]: ALTO CLEF: WARNING: T2 [E80] parent onStart ignored, still ph=PORTAL t=6:18.6
[m[34m[21:27:35][m [32m[main/INFO][m [36m(Minecraft)[m [0m[CHAT] §2§l§o[TenorClef] §cT2 [E80] parent onStart ignored, still ph=PORTAL t=6:18.6§r
[m[34m[21:27:35][m [32m[main/INFO][m [36m(Minecraft)[m [0m[CHAT] §2§l§o[TenorClef] §rT2 [HIST] 6:18.6 onStart swallowed — keep PORTAL
[m[34m[21:27:35][m [32m[main/INFO][m [36m(Minecraft)[m [0m[CHAT] §2§l§o[TenorClef] §rT2 [NOW] t=6:18.6 ph=PORTAL @-157,16,-54 do=<Construct Nether Portal>  eq=iron_pickaxe woodpick=1 stonepick=1 pick=1 iron=0 buck=1
[m[34m[21:27:35][m [32m[main/INFO][m [36m(Minecraft)[m [0m[STDOUT]: ALTO CLEF: WARNING: T2 [S176] one client tick took 12497ms (limit 8000ms) — PORTAL @-157,16,-54 child=ConstructNetherPortalBucketTask
[m[34m[21:27:35][m [32m[main/INFO][m [36m(Minecraft)[m [0m[CHAT] §2§l§o[TenorClef] §cT2 [S176] one client tick took 12497ms (limit 8000ms) — PORTAL @-157,16,-54 child=ConstructNetherPortalBucketTask§r
[m[34m[21:27:35][m [32m[main/INFO][m [36m(Minecraft)[m [0m[CHAT] §2§l§o[TenorClef] §rT2 [HIST] 6:18.6 FORCE S176 one client tick took 12497ms (limit 8000ms) — PORTAL @-157,16,-54 child=ConstructNetherPortalBucketTask
[m[34m[21:27:36][m [32m[main/INFO][m [36m(Minecraft)[m [0m[CHAT] §2§l§o[TenorClef] §rT2 [HIST] 6:19.5 SNAP ph=PORTAL @-157,16,-57 sky=0 wet=false ground=true pick=1 buck=2 iron=0 ore=1 rods=0 pearls=0 eyes=0 child=ConstructNetherPortalBucketTask dbg=<Construct Nether Portal>  mobs=none
[m[34m[21:27:36][m [32m[main/INFO][m [36m(Minecraft)[m [0m[CHAT] §2§l§o[TenorClef] §rT2 [NOW] t=6:19.6 ph=PORTAL @-157,16,-57 do=<Construct Nether Portal>  eq=rotten_flesh woodpick=1 stonepick=1 pick=1 iron=0 buck=1
[m[34m[21:27:37][m [32m[main/INFO][m [36m(Minecraft)[m [0m[CHAT] §2§l§o[TenorClef] §rT2 [HB] t=6:20.0 ph=PORTAL y=16 child=ConstructNetherPortalBucketTask logs=0 pick=1 woodpick=1
[m[34m[21:27:37][m [32m[main/INFO][m [36m(Minecraft)[m [0m[CHAT] §2§l§o[TenorClef] §rT2 [NOW] t=6:20.6 ph=PORTAL @-157,16,-58 do=<Construct Nether Portal>  eq=rotten_flesh woodpick=1 stonepick=1 pick=1 iron=0 buck=1
[m[34m[21:27:37][m [32m[main/INFO][m [36m(Minecraft)[m [0mLoaded 140 advancements
[m[34m[21:27:38][m [32m[main/INFO][m [36m(Minecraft)[m [0m[CHAT] §2§l§o[TenorClef] §rT2 [NOW] t=6:21.6 ph=PORTAL @-157,16,-63 do=<Construct Nether Portal>  eq=air woodpick=1 stonepick=1 pick=1 iron=0 buck=1
[m[34m[21:27:39][m [32m[main/INFO][m [36m(Minecraft)[m [0m[CHAT] §2§l§o[TenorClef] §rT2 [HIST] 6:22.0 SNAP ph=PORTAL @-157,16,-65 sky=0 wet=false ground=true pick=1 buck=2 iron=0 ore=1 rods=0 pearls=0 eyes=0 child=ConstructNetherPortalBucketTask dbg=<Construct Nether Portal>  mobs=none
[m[34m[21:27:39][m [32m[main/INFO][m [36m(Minecraft)[m [0m[CHAT] §2§l§o[TenorClef] §rT2 [NOW] t=6:22.6 ph=PORTAL @-157,16,-68 do=<Construct Nether Portal>  eq=air woodpick=1 stonepick=1 pick=1 iron=0 buck=1
[m[34m[21:27:40][m [32m[main/INFO][m [36m(Minecraft)[m [0m[CHAT] §2§l§o[TenorClef] §rT2 [NOW] t=6:23.6 ph=PORTAL @-157,14,-73 do=<Construct Nether Portal>  eq=air woodpick=1 stonepick=1 pick=1 iron=0 buck=1
[m[34m[21:27:41][m [32m[main/INFO][m [36m(Minecraft)[m [0m[CHAT] §2§l§o[TenorClef] §rT2 [HIST] 6:24.5 SNAP ph=PORTAL @-159,12,-76 sky=0 wet=false ground=true pick=1 buck=2 iron=0 ore=1 rods=0 pearls=0 eyes=0 child=ConstructNetherPortalBucketTask dbg=<Construct Nether Portal>  mobs=none
[m[34m[21:27:41][m [32m[main/INFO][m [36m(Minecraft)[m [0m[CHAT] §2§l§o[TenorClef] §rT2 [NOW] t=6:24.6 ph=PORTAL @-159,12,-77 do=<Construct Nether Portal>  eq=air woodpick=1 stonepick=1 pick=1 iron=0 buck=1
[m[34m[21:27:42][m [32m[main/INFO][m [36m(Minecraft)[m [0m[CHAT] §2§l§o[TenorClef] §rT2 [NOW] t=6:25.6 ph=PORTAL @-159,12,-81 do=<Construct Nether Portal>  eq=air woodpick=1 stonepick=1 pick=1 iron=0 buck=1
[m[34m[21:27:43][m [32m[main/INFO][m [36m(Minecraft)[m [0m[CHAT] §2§l§o[TenorClef] §rT2 [NOW] t=6:26.6 ph=PORTAL @-159,12,-82 do=<Construct Nether Portal>  eq=iron_pickaxe woodpick=1 stonepick=1 pick=1 iron=0 buck=1
[m[34m[21:27:44][m [32m[main/INFO][m [36m(Minecraft)[m [0m[CHAT] §2§l§o[TenorClef] §rT2 [HIST] 6:27.0 SNAP ph=PORTAL @-159,12,-82 sky=0 wet=false ground=true pick=1 buck=2 iron=0 ore=1 rods=0 pearls=0 eyes=0 child=ConstructNetherPortalBucketTask dbg=<Construct Nether Portal>  mobs=none
[m[34m[21:27:44][m [32m[main/INFO][m [36m(Minecraft)[m [0m[CHAT] §2§l§o[TenorClef] §rT2 [NOW] t=6:27.6 ph=PORTAL @-160,11,-83 do=<Construct Nether Portal>  eq=iron_pickaxe woodpick=1 stonepick=1 pick=1 iron=0 buck=1
[m[34m[21:27:45][m [32m[main/INFO][m [36m(Minecraft)[m [0m[CHAT] §2§l§o[TenorClef] §rT2 [NOW] t=6:28.6 ph=PORTAL @-160,11,-84 do=<Construct Nether Portal>  eq=iron_pickaxe woodpick=1 stonepick=1 pick=1 iron=0 buck=1
[m[34m[21:27:46][m [32m[main/INFO][m [36m(Minecraft)[m [0m[CHAT] §2§l§o[TenorClef] §rT2 [HIST] 6:29.5 SNAP ph=PORTAL @-160,11,-85 sky=0 wet=false ground=true pick=1 buck=2 iron=0 ore=1 rods=0 pearls=0 eyes=0 child=ConstructNetherPortalBucketTask dbg=<Construct Nether Portal>  mobs=none
[m[34m[21:27:46][m [32m[main/INFO][m [36m(Minecraft)[m [0m[CHAT] §2§l§o[TenorClef] §rT2 [NOW] t=6:29.6 ph=PORTAL @-160,11,-85 do=<Construct Nether Portal>  eq=iron_pickaxe woodpick=1 stonepick=1 pick=1 iron=0 buck=1
[m[34m[21:27:47][m [32m[main/INFO][m [36m(Minecraft)[m [0m[CHAT] §2§l§o[TenorClef] §rT2 [HB] t=6:30.0 ph=PORTAL y=11 child=ConstructNetherPortalBucketTask logs=0 pick=1 woodpick=1
[m[34m[21:27:47][m [32m[main/INFO][m [36m(Minecraft)[m [0m[CHAT] §2§l§o[TenorClef] §rT2 [NOW] t=6:30.6 ph=PORTAL @-160,11,-85 do=<Construct Nether Portal>  eq=iron_pickaxe woodpick=1 stonepick=1 pick=1 iron=0 buck=1
[m[34m[21:27:47][m [32m[main/INFO][m [36m(Minecraft)[m [0m[CHAT] §2§l§o[TenorClef] §rRefreshed inventory...
[m[34m[21:27:48][m [32m[main/INFO][m [36m(Minecraft)[m [0m[STDOUT]: ALTO CLEF: WARNING: T2 [S152] onStop interrupt=null dead=false ph=PORTAL y=11.0 -> session preserved
[m[34m[21:27:48][m [32m[main/INFO][m [36m(Minecraft)[m [0m[CHAT] §2§l§o[TenorClef] §cT2 [S152] onStop interrupt=null dead=false ph=PORTAL y=11.0 -> session preserved§r
[m[34m[21:27:53][m [32m[main/INFO][m [36m(Minecraft)[m [0m[STDOUT]: ALTO CLEF: WARNING: T2 [E80] parent onStart ignored, still ph=PORTAL t=6:36.6
[m[34m[21:27:53][m [32m[main/INFO][m [36m(Minecraft)[m [0m[CHAT] §2§l§o[TenorClef] §cT2 [E80] parent onStart ignored, still ph=PORTAL t=6:36.6§r
[m[34m[21:27:53][m [32m[main/INFO][m [36m(Minecraft)[m [0m[CHAT] §2§l§o[TenorClef] §rT2 [HIST] 6:36.6 onStart swallowed — keep PORTAL
[m[34m[21:27:53][m [32m[main/INFO][m [36m(Minecraft)[m [0m[CHAT] §2§l§o[TenorClef] §rT2 [NOW] t=6:36.6 ph=PORTAL @-159,11,-80 do=<Construct Nether Portal>  eq=iron_pickaxe woodpick=1 stonepick=1 pick=1 iron=0 buck=1
[m[34m[21:27:53][m [32m[main/INFO][m [36m(Minecraft)[m [0m[STDOUT]: ALTO CLEF: WARNING: T2 [S175] slow client tick 5050ms — PORTAL @-159,11,-80 child=ConstructNetherPortalBucketTask
[m[34m[21:27:53][m [32m[main/INFO][m [36m(Minecraft)[m [0m[CHAT] §2§l§o[TenorClef] §cT2 [S175] slow client tick 5050ms — PORTAL @-159,11,-80 child=ConstructNetherPortalBucketTask§r
[m[34m[21:27:54][m [32m[main/INFO][m [36m(Minecraft)[m [0m[CHAT] §2§l§o[TenorClef] §rT2 [HIST] 6:37.0 SNAP ph=PORTAL @-159,12,-82 sky=0 wet=false ground=true pick=1 buck=2 iron=0 ore=1 rods=0 pearls=0 eyes=0 child=ConstructNetherPortalBucketTask dbg=<Construct Nether Portal>  mobs=none
[m[34m[21:27:54][m [32m[main/INFO][m [36m(Minecraft)[m [0m[STDOUT]: ALTO CLEF: WARNING: T2 [S152] onStop interrupt=null dead=false ph=PORTAL y=12.0 -> session preserved
[m[34m[21:27:54][m [32m[main/INFO][m [36m(Minecraft)[m [0m[CHAT] §2§l§o[TenorClef] §cT2 [S152] onStop interrupt=null dead=false ph=PORTAL y=12.0 -> session preserved§r
[m[34m[21:27:54][m [32m[main/INFO][m [36m(Minecraft)[m [0m[CHAT] §2§l§o[TenorClef] §rT2 [NOW] t=6:37.7 ph=PORTAL @-160,11,-83 do=<Construct Nether Portal>  eq=iron_pickaxe woodpick=1 stonepick=1 pick=1 iron=0 buck=1
[m[34m[21:27:55][m [32m[main/INFO][m [36m(Minecraft)[m [0m[CHAT] §2§l§o[TenorClef] §rT2 [NOW] t=6:38.7 ph=PORTAL @-161,11,-87 do=<Construct Nether Portal>  eq=iron_pickaxe woodpick=1 stonepick=1 pick=1 iron=0 buck=1
[m[34m[21:27:56][m [32m[main/INFO][m [36m(Minecraft)[m [0m[CHAT] §2§l§o[TenorClef] §rT2 [HIST] 6:39.6 SNAP ph=PORTAL @-161,11,-87 sky=0 wet=false ground=true pick=1 buck=2 iron=0 ore=1 rods=0 pearls=0 eyes=0 child=ConstructNetherPortalBucketTask dbg=<Construct Nether Portal>  mobs=none
[m[34m[21:27:56][m [32m[main/INFO][m [36m(Minecraft)[m [0m[CHAT] §2§l§o[TenorClef] §rT2 [NOW] t=6:39.7 ph=PORTAL @-161,11,-87 do=<Construct Nether Portal>  eq=iron_pickaxe woodpick=1 stonepick=1 pick=1 iron=0 buck=1
[m[34m[21:27:57][m [32m[Server thread/INFO][m [36m(Minecraft)[m [0mPlayer924 has made the advancement [Hot Stuff]
[m[34m[21:27:57][m [32m[main/INFO][m [36m(Minecraft)[m [0m[CHAT] Player924 has made the advancement [Hot Stuff]
[m[34m[21:27:57][m [32m[main/INFO][m [36m(Minecraft)[m [0mLoaded 141 advancements
[m[34m[21:27:57][m [32m[main/INFO][m [36m(Minecraft)[m [0m[CHAT] §2§l§o[TenorClef] §rT2 [NOW] t=6:40.7 ph=PORTAL @-162,11,-88 do=<Construct Nether Portal> Collecting lava eq=iron_pickaxe woodpick=1 stonepick=1 pick=1 iron=0 buck=2
[m[34m[21:27:58][m [32m[main/INFO][m [36m(Minecraft)[m [0m[CHAT] §2§l§o[TenorClef] §rT2 [NOW] t=6:41.7 ph=PORTAL @-162,11,-88 do=<Construct Nether Portal> Collecting lava eq=iron_pickaxe woodpick=1 stonepick=1 pick=1 iron=0 buck=2
[m[34m[21:27:59][m [32m[main/INFO][m [36m(Minecraft)[m [0m[CHAT] §2§l§o[TenorClef] §rT2 [HIST] 6:42.1 SNAP ph=PORTAL @-162,11,-89 sky=0 wet=false ground=true pick=1 buck=2 iron=0 ore=1 rods=0 pearls=0 eyes=0 child=ConstructNetherPortalBucketTask dbg=<Construct Nether Portal> Collecting lava mobs=none
[m[34m[21:27:59][m [32m[main/INFO][m [36m(Minecraft)[m [0m[CHAT] §2§l§o[TenorClef] §rT2 [NOW] t=6:42.7 ph=PORTAL @-163,11,-89 do=<Construct Nether Portal> Collecting lava eq=iron_pickaxe woodpick=1 stonepick=1 pick=1 iron=0 buck=2
[m[34m[21:28:00][m [32m[main/INFO][m [36m(Minecraft)[m [0m[CHAT] §2§l§o[TenorClef] §rT2 [NOW] t=6:43.7 ph=PORTAL @-163,11,-90 do=<Construct Nether Portal> Collecting lava eq=iron_pickaxe woodpick=1 stonepick=1 pick=1 iron=0 buck=2
[m[34m[21:28:01][m [32m[main/INFO][m [36m(Minecraft)[m [0m[CHAT] §2§l§o[TenorClef] §rT2 [HIST] 6:44.6 SNAP ph=PORTAL @-164,11,-90 sky=0 wet=false ground=true pick=1 buck=2 iron=0 ore=1 rods=0 pearls=0 eyes=0 child=ConstructNetherPortalBucketTask dbg=<Construct Nether Portal> Collecting lava mobs=none
[m[34m[21:28:01][m [32m[main/INFO][m [36m(Minecraft)[m [0m[CHAT] §2§l§o[TenorClef] §rT2 [NOW] t=6:44.7 ph=PORTAL @-164,11,-90 do=<Construct Nether Portal> Collecting lava eq=iron_pickaxe woodpick=1 stonepick=1 pick=1 iron=0 buck=2
[m[34m[21:28:02][m [32m[main/INFO][m [36m(Minecraft)[m [0m[CHAT] §2§l§o[TenorClef] §rT2 [HB] t=6:45.1 ph=PORTAL y=11 child=ConstructNetherPortalBucketTask logs=0 pick=1 woodpick=1
[m[34m[21:28:02][m [32m[main/INFO][m [36m(Minecraft)[m [0m[CHAT] §2§l§o[TenorClef] §rT2 [NOW] t=6:45.7 ph=PORTAL @-164,11,-91 do=<Construct Nether Portal> Collecting lava eq=iron_pickaxe woodpick=1 stonepick=1 pick=1 iron=0 buck=2
[m[34m[21:28:03][m [32m[main/INFO][m [36m(Minecraft)[m [0m[CHAT] §2§l§o[TenorClef] §rT2 [NOW] t=6:46.7 ph=PORTAL @-164,11,-91 do=<Construct Nether Portal> Collecting lava eq=iron_pickaxe woodpick=1 stonepick=1 pick=1 iron=0 buck=2
[m[34m[21:28:04][m [32m[main/INFO][m [36m(Minecraft)[m [0m[CHAT] §2§l§o[TenorClef] §rT2 [HIST] 6:47.1 SNAP ph=PORTAL @-164,11,-92 sky=0 wet=false ground=true pick=1 buck=2 iron=0 ore=1 rods=0 pearls=0 eyes=0 child=ConstructNetherPortalBucketTask dbg=<Construct Nether Portal> Collecting lava mobs=none
[m[34m[21:28:04][m [32m[main/INFO][m [36m(Minecraft)[m [0m[CHAT] §2§l§o[TenorClef] §rT2 [NOW] t=6:47.7 ph=PORTAL @-164,11,-92 do=<Construct Nether Portal> Collecting lava eq=iron_pickaxe woodpick=1 stonepick=1 pick=1 iron=0 buck=2
[m[34m[21:28:05][m [32m[main/INFO][m [36m(Minecraft)[m [0m[CHAT] §2§l§o[TenorClef] §rT2 [NOW] t=6:48.7 ph=PORTAL @-164,11,-93 do=<Construct Nether Portal> Collecting lava eq=iron_pickaxe woodpick=1 stonepick=1 pick=1 iron=0 buck=2
[m[34m[21:28:06][m [32m[main/INFO][m [36m(Minecraft)[m [0m[CHAT] §2§l§o[TenorClef] §rT2 [HIST] 6:49.6 SNAP ph=PORTAL @-164,11,-93 sky=0 wet=false ground=true pick=1 buck=2 iron=0 ore=1 rods=0 pearls=0 eyes=0 child=ConstructNetherPortalBucketTask dbg=<Construct Nether Portal> Collecting lava mobs=none
[m[34m[21:28:06][m [32m[main/INFO][m [36m(Minecraft)[m [0m[CHAT] §2§l§o[TenorClef] §rT2 [NOW] t=6:49.7 ph=PORTAL @-164,11,-94 do=<Construct Nether Portal> Collecting lava eq=iron_pickaxe woodpick=1 stonepick=1 pick=1 iron=0 buck=2
[m[34m[21:28:07][m [32m[main/INFO][m [36m(Minecraft)[m [0m[CHAT] §2§l§o[TenorClef] §rT2 [NOW] t=6:50.7 ph=PORTAL @-164,11,-94 do=<Construct Nether Portal> Collecting lava eq=iron_pickaxe woodpick=1 stonepick=1 pick=1 iron=0 buck=2
[m[34m[21:28:07][m [32m[main/INFO][m [36m(Minecraft)[m [0mLoaded 151 advancements
[m[34m[21:28:08][m [32m[main/INFO][m [36m(Minecraft)[m [0m[CHAT] §2§l§o[TenorClef] §rT2 [NOW] t=6:51.7 ph=PORTAL @-164,11,-94 do=<Construct Nether Portal> Collecting lava eq=iron_pickaxe woodpick=1 stonepick=1 pick=1 iron=0 buck=2
[m[34m[21:28:09][m [32m[main/INFO][m [36m(Minecraft)[m [0m[CHAT] §2§l§o[TenorClef] §rT2 [HIST] 6:52.1 SNAP ph=PORTAL @-164,10,-95 sky=0 wet=false ground=false pick=1 buck=2 iron=0 ore=1 rods=0 pearls=0 eyes=0 child=ConstructNetherPortalBucketTask dbg=<Construct Nether Portal> Collecting lava mobs=none
[m[34m[21:28:09][m [32m[main/INFO][m [36m(Minecraft)[m [0m[CHAT] §2§l§o[TenorClef] §rT2 [NOW] t=6:52.7 ph=PORTAL @-164,10,-95 do=<Construct Nether Portal> Collecting lava eq=iron_pickaxe woodpick=1 stonepick=1 pick=1 iron=0 buck=2
[m[34m[21:28:10][m [32m[main/INFO][m [36m(Minecraft)[m [0m[CHAT] §2§l§o[TenorClef] §rT2 [NOW] t=6:53.7 ph=PORTAL @-164,10,-95 do=<Construct Nether Portal> Collecting lava eq=iron_pickaxe woodpick=1 stonepick=1 pick=1 iron=0 buck=2
[m[34m[21:28:11][m [32m[main/INFO][m [36m(Minecraft)[m [0m[CHAT] §2§l§o[TenorClef] §rT2 [HIST] 6:54.6 SNAP ph=PORTAL @-164,10,-95 sky=0 wet=false ground=true pick=1 buck=2 iron=0 ore=1 rods=0 pearls=0 eyes=0 child=ConstructNetherPortalBucketTask dbg=<Construct Nether Portal> Collecting lava mobs=none
[m[34m[21:28:11][m [32m[main/INFO][m [36m(Minecraft)[m [0m[CHAT] §2§l§o[TenorClef] §rT2 [NOW] t=6:54.7 ph=PORTAL @-164,10,-95 do=<Construct Nether Portal> Clearing water from cast eq=water_bucket woodpick=1 stonepick=1 pick=1 iron=0 buck=1
[m[34m[21:28:12][m [32m[main/INFO][m [36m(Minecraft)[m [0m[CHAT] §2§l§o[TenorClef] §rT2 [HB] t=6:55.1 ph=PORTAL y=11 child=ConstructNetherPortalBucketTask logs=0 pick=1 woodpick=1
[m[34m[21:28:12][m [32m[main/INFO][m [36m(Minecraft)[m [0m[CHAT] §2§l§o[TenorClef] §rT2 [NOW] t=6:55.7 ph=PORTAL @-164,11,-92 do=<Construct Nether Portal> Collecting lava eq=water_bucket woodpick=1 stonepick=1 pick=1 iron=0 buck=1
[m[34m[21:28:13][m [32m[main/INFO][m [36m(Minecraft)[m [0m[CHAT] §2§l§o[TenorClef] §rT2 [NOW] t=6:56.7 ph=PORTAL @-164,11,-91 do=<Construct Nether Portal> Collecting lava eq=iron_pickaxe woodpick=1 stonepick=1 pick=1 iron=0 buck=1
[m[34m[21:28:14][m [32m[main/INFO][m [36m(Minecraft)[m [0m[CHAT] §2§l§o[TenorClef] §rT2 [HIST] 6:57.1 SNAP ph=PORTAL @-164,11,-91 sky=0 wet=false ground=true pick=1 buck=2 iron=0 ore=1 rods=0 pearls=0 eyes=0 child=ConstructNetherPortalBucketTask dbg=<Construct Nether Portal> Collecting lava mobs=none
[m[34m[21:28:14][m [32m[main/INFO][m [36m(Minecraft)[m [0m[CHAT] §2§l§o[TenorClef] §rT2 [NOW] t=6:57.7 ph=PORTAL @-164,11,-92 do=<Construct Nether Portal> Collecting lava eq=andesite woodpick=1 stonepick=1 pick=1 iron=0 buck=2
[m[34m[21:28:15][m [32m[main/INFO][m [36m(Minecraft)[m [0m[CHAT] §2§l§o[TenorClef] §rT2 [NOW] t=6:58.7 ph=PORTAL @-164,11,-95 do=<Construct Nether Portal> Collecting lava eq=iron_pickaxe woodpick=1 stonepick=1 pick=1 iron=0 buck=2
[m[34m[21:28:16][m [32m[main/INFO][m [36m(Minecraft)[m [0m[CHAT] §2§l§o[TenorClef] §rConstruct: need iron for 2nd bucket (iron=0 empty=0 water=2 lava=0)
[m[34m[21:28:16][m [32m[main/INFO][m [36m(Minecraft)[m [0m[CHAT] §2§l§o[TenorClef] §rMineAndCollect: equip item.minecraft.iron_pickaxe for block.minecraft.iron_ore
[m[34m[21:28:16][m [32m[main/INFO][m [36m(Minecraft)[m [0m[CHAT] §2§l§o[TenorClef] §rDuct tape: Refreshing inventory again just in case
[m[34m[21:28:16][m [32m[main/INFO][m [36m(Minecraft)[m [0m[CHAT] §2§l§o[TenorClef] §rT2 [HIST] 6:59.6 SNAP ph=PORTAL @-163,11,-95 sky=0 wet=false ground=true pick=1 buck=2 iron=0 ore=1 rods=0 pearls=0 eyes=0 child=ConstructNetherPortalBucketTask dbg=<Construct Nether Portal> Collecting lava mobs=none
[m[34m[21:28:16][m [32m[main/INFO][m [36m(Minecraft)[m [0m[CHAT] §2§l§o[TenorClef] §rT2 [NOW] t=6:59.7 ph=PORTAL @-164,11,-95 do=<Construct Nether Portal> Collecting lava eq=iron_pickaxe woodpick=1 stonepick=1 pick=1 iron=0 buck=1
[m[34m[21:28:17][m [32m[main/INFO][m [36m(Minecraft)[m [0m[CHAT] §2§l§o[TenorClef] §rT2 [NOW] t=7:00.7 ph=PORTAL @-164,11,-92 do=<Construct Nether Portal> Collecting lava eq=andesite woodpick=1 stonepick=1 pick=1 iron=0 buck=2
[m[34m[21:28:17][m [32m[main/INFO][m [36m(Minecraft)[m [0m[CHAT] §2§l§o[TenorClef] §rRefreshed inventory...
[m[34m[21:28:18][m [32m[main/INFO][m [36m(Minecraft)[m [0m[CHAT] §2§l§o[TenorClef] §rT2 [NOW] t=7:01.7 ph=PORTAL @-164,11,-94 do=<Construct Nether Portal> Collecting lava eq=iron_pickaxe woodpick=1 stonepick=1 pick=1 iron=0 buck=2
[m[34m[21:28:19][m [32m[main/INFO][m [36m(Minecraft)[m [0m[CHAT] §2§l§o[TenorClef] §rT2 [HIST] 7:02.1 SNAP ph=PORTAL @-164,11,-94 sky=0 wet=false ground=true pick=1 buck=2 iron=0 ore=1 rods=0 pearls=0 eyes=0 child=ConstructNetherPortalBucketTask dbg=<Construct Nether Portal> Collecting lava mobs=none
[m[34m[21:28:19][m [32m[main/INFO][m [36m(Minecraft)[m [0m[CHAT] §2§l§o[TenorClef] §rT2 [NOW] t=7:02.7 ph=PORTAL @-164,11,-94 do=<Construct Nether Portal> Collecting lava eq=iron_pickaxe woodpick=1 stonepick=1 pick=1 iron=0 buck=2
[m[34m[21:28:20][m [32m[main/INFO][m [36m(Minecraft)[m [0m[CHAT] §2§l§o[TenorClef] §rT2 [NOW] t=7:03.7 ph=PORTAL @-164,12,-95 do=<Construct Nether Portal> Collecting lava eq=iron_pickaxe woodpick=1 stonepick=1 pick=1 iron=0 buck=2
[m[34m[21:28:21][m [32m[main/INFO][m [36m(Minecraft)[m [0m[CHAT] §2§l§o[TenorClef] §rT2 [HIST] 7:04.6 SNAP ph=PORTAL @-164,12,-95 sky=0 wet=false ground=true pick=1 buck=2 iron=0 ore=1 rods=0 pearls=0 eyes=0 child=ConstructNetherPortalBucketTask dbg=<Construct Nether Portal> Clearing water from cast mobs=none
[m[34m[21:28:21][m [32m[main/INFO][m [36m(Minecraft)[m [0m[CHAT] §2§l§o[TenorClef] §rT2 [NOW] t=7:04.7 ph=PORTAL @-164,12,-95 do=<Construct Nether Portal> Collecting lava eq=water_bucket woodpick=1 stonepick=1 pick=1 iron=0 buck=1
[m[34m[21:28:22][m [32m[main/INFO][m [36m(Minecraft)[m [0m[CHAT] §2§l§o[TenorClef] §rT2 [HB] t=7:05.1 ph=PORTAL y=11 child=ConstructNetherPortalBucketTask logs=0 pick=1 woodpick=1
[m[34m[21:28:22][m [32m[main/INFO][m [36m(Minecraft)[m [0m[CHAT] §2§l§o[TenorClef] §rT2 [NOW] t=7:05.7 ph=PORTAL @-164,11,-92 do=<Construct Nether Portal> Collecting lava eq=iron_pickaxe woodpick=1 stonepick=1 pick=1 iron=0 buck=1
[m[34m[21:28:23][m [32m[main/INFO][m [36m(Minecraft)[m [0m[CHAT] §2§l§o[TenorClef] §rT2 [NOW] t=7:06.7 ph=PORTAL @-164,11,-92 do=<Construct Nether Portal> Collecting lava eq=iron_pickaxe woodpick=1 stonepick=1 pick=1 iron=0 buck=1
[m[34m[21:28:24][m [32m[main/INFO][m [36m(Minecraft)[m [0m[CHAT] §2§l§o[TenorClef] §rT2 [HIST] 7:07.1 SNAP ph=PORTAL @-165,11,-92 sky=0 wet=false ground=true pick=1 buck=2 iron=0 ore=1 rods=0 pearls=0 eyes=0 child=ConstructNetherPortalBucketTask dbg=<Construct Nether Portal> Collecting lava mobs=none
[m[34m[21:28:24][m [32m[main/INFO][m [36m(Minecraft)[m [0m[CHAT] §2§l§o[TenorClef] §rT2 [NOW] t=7:07.7 ph=PORTAL @-165,11,-92 do=<Construct Nether Portal> Collecting lava eq=iron_pickaxe woodpick=1 stonepick=1 pick=1 iron=0 buck=1
[m[34m[21:28:25][m [32m[main/INFO][m [36m(Minecraft)[m [0m[CHAT] §2§l§o[TenorClef] §rT2 [NOW] t=7:08.7 ph=PORTAL @-164,11,-92 do=<Construct Nether Portal> Collecting lava eq=iron_pickaxe woodpick=1 stonepick=1 pick=1 iron=0 buck=2
[m[34m[21:28:26][m [32m[main/INFO][m [36m(Minecraft)[m [0m[CHAT] §2§l§o[TenorClef] §rT2 [HIST] 7:09.6 SNAP ph=PORTAL @-164,10,-92 sky=0 wet=false ground=true pick=1 buck=2 iron=0 ore=1 rods=0 pearls=0 eyes=0 child=ConstructNetherPortalBucketTask dbg=<Construct Nether Portal> Collecting lava mobs=none
[m[34m[21:28:26][m [32m[main/INFO][m [36m(Minecraft)[m [0m[CHAT] §2§l§o[TenorClef] §rT2 [NOW] t=7:09.7 ph=PORTAL @-164,10,-92 do=<Construct Nether Portal> Collecting lava eq=iron_pickaxe woodpick=1 stonepick=1 pick=1 iron=0 buck=2
[m[34m[21:28:27][m [32m[main/INFO][m [36m(Minecraft)[m [0m[CHAT] §2§l§o[TenorClef] §rT2 [NOW] t=7:10.7 ph=PORTAL @-164,10,-92 do=<Construct Nether Portal> Collecting lava eq=iron_pickaxe woodpick=1 stonepick=1 pick=1 iron=0 buck=2
[m[34m[21:28:28][m [32m[main/INFO][m [36m(Minecraft)[m [0m[CHAT] §2§l§o[TenorClef] §rT2 [NOW] t=7:11.7 ph=PORTAL @-164,10,-92 do=<Construct Nether Portal> Collecting lava eq=iron_pickaxe woodpick=1 stonepick=1 pick=1 iron=0 buck=2
[m[34m[21:28:29][m [32m[main/INFO][m [36m(Minecraft)[m [0m[CHAT] §2§l§o[TenorClef] §rT2 [HIST] 7:12.1 SNAP ph=PORTAL @-164,10,-92 sky=0 wet=false ground=false pick=1 buck=2 iron=0 ore=1 rods=0 pearls=0 eyes=0 child=ConstructNetherPortalBucketTask dbg=<Construct Nether Portal> Collecting lava mobs=none
[m[34m[21:28:29][m [32m[main/INFO][m [36m(Minecraft)[m [0m[CHAT] §2§l§o[TenorClef] §rT2 [NOW] t=7:12.7 ph=PORTAL @-164,11,-92 do=<Construct Nether Portal> Collecting lava eq=iron_pickaxe woodpick=1 stonepick=1 pick=1 iron=0 buck=2
[m[34m[21:28:30][m [32m[main/INFO][m [36m(Minecraft)[m [0m[CHAT] §2§l§o[TenorClef] §rT2 [NOW] t=7:13.7 ph=PORTAL @-164,11,-92 do=<Construct Nether Portal> Collecting lava eq=iron_pickaxe woodpick=1 stonepick=1 pick=1 iron=0 buck=2
[m[34m[21:28:31][m [32m[main/INFO][m [36m(Minecraft)[m [0m[CHAT] §2§l§o[TenorClef] §rT2 [HIST] 7:14.6 SNAP ph=PORTAL @-164,11,-92 sky=0 wet=false ground=true pick=1 buck=2 iron=0 ore=1 rods=0 pearls=0 eyes=0 child=ConstructNetherPortalBucketTask dbg=<Construct Nether Portal> Collecting lava mobs=none
[m[34m[21:28:31][m [32m[main/INFO][m [36m(Minecraft)[m [0m[CHAT] §2§l§o[TenorClef] §rT2 [NOW] t=7:14.7 ph=PORTAL @-164,11,-92 do=<Construct Nether Portal> Collecting lava eq=andesite woodpick=1 stonepick=1 pick=1 iron=0 buck=2
[m[34m[21:28:32][m [32m[main/INFO][m [36m(Minecraft)[m [0m[CHAT] [Baritone] Done building
[m[34m[21:28:32][m [32m[main/INFO][m [36m(Minecraft)[m [0m[CHAT] [Baritone] Done building
[m[34m[21:28:32][m [32m[main/INFO][m [36m(Minecraft)[m [0m[CHAT] §2§l§o[TenorClef] §rT2 [HB] t=7:15.1 ph=PORTAL y=12 child=ConstructNetherPortalBucketTask logs=0 pick=1 woodpick=1
[m[34m[21:28:32][m [32m[main/INFO][m [36m(Minecraft)[m [0m[STDOUT]: ALTO CLEF: WARNING: T2 [E60] portal still building t=180s
[m[34m[21:28:32][m [32m[main/INFO][m [36m(Minecraft)[m [0m[CHAT] §2§l§o[TenorClef] §cT2 [E60] portal still building t=180s§r
[m[34m[21:28:32][m [32m[main/INFO][m [36m(Minecraft)[m [0m[CHAT] [Baritone] Done building
[m[34m[21:28:32][m [32m[main/INFO][m [36m(Minecraft)[m [0m[STDOUT]: ALTO CLEF: WARNING: T2 [E100] jumps=6 @-164,12,-92 ph=PORTAL child=ConstructNetherPortalBucketTask
[m[34m[21:28:32][m [32m[main/INFO][m [36m(Minecraft)[m [0m[CHAT] §2§l§o[TenorClef] §cT2 [E100] jumps=6 @-164,12,-92 ph=PORTAL child=ConstructNetherPortalBucketTask§r
[m[34m[21:28:32][m [32m[main/INFO][m [36m(Minecraft)[m [0m[CHAT] §2§l§o[TenorClef] §rT2 [HIST] 7:15.1 [E100] jumps=6 @-164,12,-92 ph=PORTAL child=ConstructNetherPortalBucketTask
[m[34m[21:28:32][m [32m[main/INFO][m [36m(Minecraft)[m [0m[STDOUT]: ALTO CLEF: WARNING: T2 [S100] stop jump-walk @-164,-92 ph=PORTAL child=ConstructNetherPortalBucketTask esc=0
[m[34m[21:28:32][m [32m[main/INFO][m [36m(Minecraft)[m [0m[CHAT] §2§l§o[TenorClef] §cT2 [S100] stop jump-walk @-164,-92 ph=PORTAL child=ConstructNetherPortalBucketTask esc=0§r
[m[34m[21:28:32][m [32m[main/INFO][m [36m(Minecraft)[m [0m[CHAT] §2§l§o[TenorClef] §rT2 [HIST] 7:15.1 SOLVE S100 stop jump-walk @-164,-92 ph=PORTAL child=ConstructNetherPortalBucketTask esc=0
[m[34m[21:28:32][m [32m[main/INFO][m [36m(Minecraft)[m [0m[CHAT] §2§l§o[TenorClef] §rT2 [NOW] t=7:15.7 ph=PORTAL @-164,12,-92 do=<Construct Nether Portal> Collecting lava eq=iron_pickaxe woodpick=1 stonepick=1 pick=1 iron=0 buck=2
[m[34m[21:28:33][m [32m[main/INFO][m [36m(Minecraft)[m [0m[CHAT] §2§l§o[TenorClef] §rT2 [NOW] t=7:16.7 ph=PORTAL @-164,12,-92 do=<Construct Nether Portal> Collecting lava eq=iron_pickaxe woodpick=1 stonepick=1 pick=1 iron=0 buck=1
[m[34m[21:28:34][m [32m[main/INFO][m [36m(Minecraft)[m [0m[CHAT] §2§l§o[TenorClef] §rT2 [HIST] 7:17.1 SNAP ph=PORTAL @-164,11,-92 sky=0 wet=false ground=true pick=1 buck=2 iron=0 ore=1 rods=0 pearls=0 eyes=0 child=ConstructNetherPortalBucketTask dbg=<Construct Nether Portal> Collecting lava mobs=none
[m[34m[21:28:34][m [32m[main/INFO][m [36m(Minecraft)[m [0m[CHAT] §2§l§o[TenorClef] §rT2 [NOW] t=7:17.7 ph=PORTAL @-164,11,-93 do=<Construct Nether Portal> Collecting lava eq=iron_pickaxe woodpick=1 stonepick=1 pick=1 iron=0 buck=2
[m[34m[21:28:35][m [32m[main/INFO][m [36m(Minecraft)[m [0m[CHAT] §2§l§o[TenorClef] §rT2 [NOW] t=7:18.7 ph=PORTAL @-164,12,-94 do=<Construct Nether Portal> Collecting lava eq=andesite woodpick=1 stonepick=1 pick=1 iron=0 buck=2
[m[34m[21:28:36][m [32m[main/INFO][m [36m(Minecraft)[m [0m[CHAT] §2§l§o[TenorClef] §rT2 [HIST] 7:19.6 SNAP ph=PORTAL @-164,12,-94 sky=0 wet=false ground=true pick=1 buck=2 iron=0 ore=1 rods=0 pearls=0 eyes=0 child=ConstructNetherPortalBucketTask dbg=<Construct Nether Portal> Collecting lava mobs=none
[m[34m[21:28:36][m [32m[main/INFO][m [36m(Minecraft)[m [0m[CHAT] §2§l§o[TenorClef] §rT2 [NOW] t=7:19.7 ph=PORTAL @-164,12,-94 do=<Construct Nether Portal> Collecting lava eq=iron_pickaxe woodpick=1 stonepick=1 pick=1 iron=0 buck=2
[m[34m[21:28:37][m [32m[main/INFO][m [36m(Minecraft)[m [0m[CHAT] [Baritone] Done building
[m[34m[21:28:37][m [32m[main/INFO][m [36m(Minecraft)[m [0m[CHAT] [Baritone] Done building
[m[34m[21:28:37][m [32m[main/INFO][m [36m(Minecraft)[m [0m[CHAT] [Baritone] Done building
[m[34m[21:28:37][m [32m[main/INFO][m [36m(Minecraft)[m [0m[CHAT] §2§l§o[TenorClef] §rT2 [NOW] t=7:20.7 ph=PORTAL @-164,13,-94 do=<Construct Nether Portal> Collecting lava eq=iron_pickaxe woodpick=1 stonepick=1 pick=1 iron=0 buck=2
[m[34m[21:28:38][m [32m[main/INFO][m [36m(Minecraft)[m [0m[CHAT] §2§l§o[TenorClef] §rT2 [NOW] t=7:21.7 ph=PORTAL @-164,13,-94 do=<Construct Nether Portal> Collecting lava eq=iron_pickaxe woodpick=1 stonepick=1 pick=1 iron=0 buck=2
[m[34m[21:28:39][m [32m[main/INFO][m [36m(Minecraft)[m [0m[CHAT] §2§l§o[TenorClef] §rT2 [HIST] 7:22.1 SNAP ph=PORTAL @-164,13,-94 sky=0 wet=false ground=true pick=1 buck=2 iron=0 ore=1 rods=0 pearls=0 eyes=0 child=ConstructNetherPortalBucketTask dbg=<Construct Nether Portal> Collecting lava mobs=none
[m[34m[21:28:39][m [32m[main/INFO][m [36m(Minecraft)[m [0m[CHAT] §2§l§o[TenorClef] §rT2 [NOW] t=7:22.7 ph=PORTAL @-164,13,-94 do=<Construct Nether Portal> Collecting lava eq=iron_pickaxe woodpick=1 stonepick=1 pick=1 iron=0 buck=2
[m[34m[21:28:40][m [32m[main/INFO][m [36m(Minecraft)[m [0m[CHAT] §2§l§o[TenorClef] §rT2 [NOW] t=7:23.7 ph=PORTAL @-164,13,-94 do=<Construct Nether Portal> Collecting lava eq=iron_pickaxe woodpick=1 stonepick=1 pick=1 iron=0 buck=1
[m[34m[21:28:41][m [32m[main/INFO][m [36m(Minecraft)[m [0m[CHAT] §2§l§o[TenorClef] §rT2 [HIST] 7:24.6 SNAP ph=PORTAL @-164,11,-92 sky=0 wet=false ground=true pick=1 buck=2 iron=0 ore=1 rods=0 pearls=0 eyes=0 child=ConstructNetherPortalBucketTask dbg=<Construct Nether Portal> Collecting lava mobs=none
[m[34m[21:28:41][m [32m[main/INFO][m [36m(Minecraft)[m [0m[CHAT] §2§l§o[TenorClef] §rT2 [NOW] t=7:24.7 ph=PORTAL @-164,11,-92 do=<Construct Nether Portal> Collecting lava eq=andesite woodpick=1 stonepick=1 pick=1 iron=0 buck=2
[m[34m[21:28:42][m [32m[main/INFO][m [36m(Minecraft)[m [0m[CHAT] §2§l§o[TenorClef] §rT2 [HB] t=7:25.1 ph=PORTAL y=12 child=ConstructNetherPortalBucketTask logs=0 pick=1 woodpick=1
[m[34m[21:28:42][m [32m[main/INFO][m [36m(Minecraft)[m [0m[CHAT] §2§l§o[TenorClef] §rT2 [NOW] t=7:25.7 ph=PORTAL @-164,12,-92 do=<Construct Nether Portal> Collecting lava eq=iron_pickaxe woodpick=1 stonepick=1 pick=1 iron=0 buck=2
[m[34m[21:28:43][m [32m[main/INFO][m [36m(Minecraft)[m [0m[CHAT] §2§l§o[TenorClef] §rT2 [NOW] t=7:26.7 ph=PORTAL @-164,12,-92 do=<Construct Nether Portal> Collecting lava eq=iron_pickaxe woodpick=1 stonepick=1 pick=1 iron=0 buck=2
[m[34m[21:28:44][m [32m[main/INFO][m [36m(Minecraft)[m [0m[CHAT] §2§l§o[TenorClef] §rT2 [HIST] 7:27.1 SNAP ph=PORTAL @-164,12,-92 sky=0 wet=false ground=true pick=1 buck=2 iron=0 ore=1 rods=0 pearls=0 eyes=0 child=ConstructNetherPortalBucketTask dbg=<Construct Nether Portal> Collecting lava mobs=none
[m[34m[21:28:44][m [32m[main/INFO][m [36m(Minecraft)[m [0m[CHAT] §2§l§o[TenorClef] §rT2 [NOW] t=7:27.7 ph=PORTAL @-164,13,-93 do=<Construct Nether Portal> Collecting lava eq=iron_pickaxe woodpick=1 stonepick=1 pick=1 iron=0 buck=2
[m[34m[21:28:45][m [32m[main/INFO][m [36m(Minecraft)[m [0m[CHAT] §2§l§o[TenorClef] §rT2 [NOW] t=7:28.7 ph=PORTAL @-164,13,-93 do=<Construct Nether Portal> Collecting lava eq=iron_pickaxe woodpick=1 stonepick=1 pick=1 iron=0 buck=2
[m[34m[21:28:46][m [32m[main/INFO][m [36m(Minecraft)[m [0m[CHAT] §2§l§o[TenorClef] §rT2 [HIST] 7:29.6 SNAP ph=PORTAL @-164,13,-93 sky=0 wet=false ground=true pick=1 buck=2 iron=0 ore=1 rods=0 pearls=0 eyes=0 child=ConstructNetherPortalBucketTask dbg=<Construct Nether Portal> Collecting lava mobs=none
[m[34m[21:28:46][m [32m[main/INFO][m [36m(Minecraft)[m [0m[CHAT] §2§l§o[TenorClef] §rT2 [NOW] t=7:29.7 ph=PORTAL @-164,13,-93 do=<Construct Nether Portal> Collecting lava eq=iron_pickaxe woodpick=1 stonepick=1 pick=1 iron=0 buck=2
[m[34m[21:28:47][m [32m[main/INFO][m [36m(Minecraft)[m [0m[CHAT] §2§l§o[TenorClef] §rT2 [NOW] t=7:30.7 ph=PORTAL @-164,13,-92 do=<Construct Nether Portal> Collecting lava eq=water_bucket woodpick=1 stonepick=1 pick=1 iron=0 buck=1
[m[34m[21:28:47][m [32m[main/INFO][m [36m(Minecraft)[m [0m[CHAT] §2§l§o[TenorClef] §rRefreshed inventory...
[m[34m[21:28:48][m [32m[main/INFO][m [36m(Minecraft)[m [0m[CHAT] §2§l§o[TenorClef] §rT2 [NOW] t=7:31.7 ph=PORTAL @-164,12,-92 do=<Construct Nether Portal> Collecting lava eq=lava_bucket woodpick=1 stonepick=1 pick=1 iron=0 buck=2
[m[34m[21:28:49][m [32m[main/INFO][m [36m(Minecraft)[m [0m[CHAT] §2§l§o[TenorClef] §rT2 [HIST] 7:32.1 SNAP ph=PORTAL @-164,13,-93 sky=0 wet=false ground=true pick=1 buck=2 iron=0 ore=1 rods=0 pearls=0 eyes=0 child=ConstructNetherPortalBucketTask dbg=<Construct Nether Portal> Collecting lava mobs=none
[m[34m[21:28:49][m [32m[main/INFO][m [36m(Minecraft)[m [0m[CHAT] §2§l§o[TenorClef] §rDuct tape: Refreshing inventory again just in case
[m[34m[21:28:49][m [32m[main/INFO][m [36m(Minecraft)[m [0m[CHAT] §2§l§o[TenorClef] §rT2 [NOW] t=7:32.7 ph=PORTAL @-164,12,-94 do=<Construct Nether Portal> Collecting lava eq=iron_pickaxe woodpick=1 stonepick=1 pick=1 iron=0 buck=2
[m[34m[21:28:50][m [32m[main/INFO][m [36m(Minecraft)[m [0m[CHAT] §2§l§o[TenorClef] §rT2 [NOW] t=7:33.7 ph=PORTAL @-164,11,-94 do=<Construct Nether Portal> Collecting lava eq=iron_pickaxe woodpick=1 stonepick=1 pick=1 iron=0 buck=2
[m[34m[21:28:51][m [32m[main/INFO][m [36m(Minecraft)[m [0m[STDOUT]: ALTO CLEF: WARNING: T2 [S130] START trigger=jump-pit flips=6 ph=PORTAL prev=ConstructNetherPortalBucketTask cycle=1 pos=-164,10,-94 walls=4/4/4 sky=0 place=100 boxed=true hold=false cool=0 ban=0 startY=10 step=0
[m[34m[21:28:51][m [32m[main/INFO][m [36m(Minecraft)[m [0m[CHAT] §2§l§o[TenorClef] §cT2 [S130] START trigger=jump-pit flips=6 ph=PORTAL prev=ConstructNetherPortalBucketTask cycle=1 pos=-164,10,-94 walls=4/4/4 sky=0 place=100 boxed=true hold=false cool=0 ban=0 startY=10 step=0§r
[m[34m[21:28:51][m [32m[main/INFO][m [36m(Minecraft)[m [0m[CHAT] §2§l§o[TenorClef] §rT2 [HIST] 7:34.4 FORCE S130 START trigger=jump-pit flips=6 ph=PORTAL prev=ConstructNetherPortalBucketTask cycle=1 pos=-164,10,-94 walls=4/4/4 sky=0 place=100 boxed=true hold=false cool=0 ban=0 startY=10 step=0
[m[34m[21:28:51][m [32m[main/INFO][m [36m(Minecraft)[m [0m[CHAT] §2§l§o[TenorClef] §rT2 [HIST] 7:34.4 PILLAR START jump-pit flips=6 prev=ConstructNetherPortalBucketTask
[m[34m[21:28:51][m [32m[main/INFO][m [36m(Minecraft)[m [0m[CHAT] §2§l§o[TenorClef] §rT2 [HIST] 7:34.4 SOLVE S130 jump-pit pillar @-164,10,-94
[m[34m[21:28:51][m [32m[main/INFO][m [36m(Minecraft)[m [0m[STDOUT]: ALTO CLEF: WARNING: T2 [S130] START trigger=jump-pit flips=6 ph=PORTAL prev=ConstructNetherPortalBucketTask cycle=2 pos=-164,10,-94 walls=4/4/4 sky=0 place=101 boxed=true hold=false cool=0 ban=0 startY=10 step=0
[m[34m[21:28:51][m [32m[main/INFO][m [36m(Minecraft)[m [0m[CHAT] §2§l§o[TenorClef] §cT2 [S130] START trigger=jump-pit flips=6 ph=PORTAL prev=ConstructNetherPortalBucketTask cycle=2 pos=-164,10,-94 walls=4/4/4 sky=0 place=101 boxed=true hold=false cool=0 ban=0 startY=10 step=0§r
[m[34m[21:28:51][m [32m[main/INFO][m [36m(Minecraft)[m [0m[CHAT] §2§l§o[TenorClef] §rT2 [HIST] 7:34.5 FORCE S130 START trigger=jump-pit flips=6 ph=PORTAL prev=ConstructNetherPortalBucketTask cycle=2 pos=-164,10,-94 walls=4/4/4 sky=0 place=101 boxed=true hold=false cool=0 ban=0 startY=10 step=0
[m[34m[21:28:51][m [32m[main/INFO][m [36m(Minecraft)[m [0m[STDOUT]: ALTO CLEF: WARNING: T2 [S130] START trigger=jump-pit flips=6 ph=PORTAL prev=ConstructNetherPortalBucketTask cycle=3 pos=-164,10,-94 walls=4/4/4 sky=0 place=101 boxed=true hold=false cool=0 ban=0 startY=10 step=0
[m[34m[21:28:51][m [32m[main/INFO][m [36m(Minecraft)[m [0m[CHAT] §2§l§o[TenorClef] §cT2 [S130] START trigger=jump-pit flips=6 ph=PORTAL prev=ConstructNetherPortalBucketTask cycle=3 pos=-164,10,-94 walls=4/4/4 sky=0 place=101 boxed=true hold=false cool=0 ban=0 startY=10 step=0§r
[m[34m[21:28:51][m [32m[main/INFO][m [36m(Minecraft)[m [0m[CHAT] §2§l§o[TenorClef] §rT2 [HIST] 7:34.5 FORCE S130 START trigger=jump-pit flips=6 ph=PORTAL prev=ConstructNetherPortalBucketTask cycle=3 pos=-164,10,-94 walls=4/4/4 sky=0 place=101 boxed=true hold=false cool=0 ban=0 startY=10 step=0
[m[34m[21:28:51][m [32m[main/INFO][m [36m(Minecraft)[m [0m[STDOUT]: ALTO CLEF: WARNING: T2 [S158] shaft-hop n>=4 in 150ms - area ban r=14 @-164,-94 prev=-164,-64 esc=1 pos=-164,10,-94 walls=4/4/4 sky=0 place=101 boxed=true hold=false cool=400 ban=600 startY=10 step=0
[m[34m[21:28:51][m [32m[main/INFO][m [36m(Minecraft)[m [0m[CHAT] §2§l§o[TenorClef] §cT2 [S158] shaft-hop n>=4 in 150ms - area ban r=14 @-164,-94 prev=-164,-64 esc=1 pos=-164,10,-94 walls=4/4/4 sky=0 place=101 boxed=true hold=false cool=400 ban=600 startY=10 step=0§r
[m[34m[21:28:51][m [32m[main/INFO][m [36m(Minecraft)[m [0m[CHAT] §2§l§o[TenorClef] §rT2 [HIST] 7:34.6 FORCE S158 shaft-hop n>=4 in 150ms - area ban r=14 @-164,-94 prev=-164,-64 esc=1 pos=-164,10,-94 walls=4/4/4 sky=0 place=101 boxed=true hold=false cool=400 ban=600 startY=10 step=0
[m[34m[21:28:51][m [32m[main/INFO][m [36m(Minecraft)[m [0m[STDOUT]: ALTO CLEF: WARNING: T2 [E133] PILLAR_PINGPONG n=4 @-164,-94 in 152ms cycles=3 lastEnd=risen y=58 startY=54
[m[34m[21:28:51][m [32m[main/INFO][m [36m(Minecraft)[m [0m[CHAT] §2§l§o[TenorClef] §cT2 [E133] PILLAR_PINGPONG n=4 @-164,-94 in 152ms cycles=3 lastEnd=risen y=58 startY=54§r
[m[34m[21:28:51][m [32m[main/INFO][m [36m(Minecraft)[m [0m[CHAT] §2§l§o[TenorClef] §rT2 [HIST] 7:34.6 FORCE E133 PILLAR_PINGPONG n=4 @-164,-94 in 152ms cycles=3 lastEnd=risen y=58 startY=54
[m[34m[21:28:51][m [32m[main/INFO][m [36m(Minecraft)[m [0m[STDOUT]: ALTO CLEF: WARNING: T2 [S147] sticky ban arm @-164,-94 ticks=400 n=4 prevArms=0 lastEnd=risen y=58 startY=54
[m[34m[21:28:51][m [32m[main/INFO][m [36m(Minecraft)[m [0m[CHAT] §2§l§o[TenorClef] §cT2 [S147] sticky ban arm @-164,-94 ticks=400 n=4 prevArms=0 lastEnd=risen y=58 startY=54§r
[m[34m[21:28:51][m [32m[main/INFO][m [36m(Minecraft)[m [0m[CHAT] §2§l§o[TenorClef] §rT2 [HIST] 7:34.6 FORCE S147 sticky ban arm @-164,-94 ticks=400 n=4 prevArms=0 lastEnd=risen y=58 startY=54
[m[34m[21:28:51][m [32m[main/INFO][m [36m(Minecraft)[m [0m[STDOUT]: ALTO CLEF: WARNING: T2 [S130] START trigger=jump-pit flips=6 ph=PORTAL prev=ConstructNetherPortalBucketTask cycle=0 pos=-164,10,-94 walls=4/4/4 sky=0 place=101 boxed=true hold=false cool=400 ban=600 startY=10 step=0
[m[34m[21:28:51][m [32m[main/INFO][m [36m(Minecraft)[m [0m[CHAT] §2§l§o[TenorClef] §cT2 [S130] START trigger=jump-pit flips=6 ph=PORTAL prev=ConstructNetherPortalBucketTask cycle=0 pos=-164,10,-94 walls=4/4/4 sky=0 place=101 boxed=true hold=false cool=400 ban=600 startY=10 step=0§r
[m[34m[21:28:51][m [32m[main/INFO][m [36m(Minecraft)[m [0m[CHAT] §2§l§o[TenorClef] §rT2 [HIST] 7:34.6 FORCE S130 START trigger=jump-pit flips=6 ph=PORTAL prev=ConstructNetherPortalBucketTask cycle=0 pos=-164,10,-94 walls=4/4/4 sky=0 place=101 boxed=true hold=false cool=400 ban=600 startY=10 step=0
[m[34m[21:28:51][m [32m[main/INFO][m [36m(Minecraft)[m [0m[STDOUT]: ALTO CLEF: WARNING: T2 [S135] S130 suppressed why=jump-pit shaft-hop-banned -164,-94 r=14 left=899 sameXz=45 cool=399 ban=599 hold=false pos=-164,10,-94 walls=4/4/4 sky=0 place=101 boxed=true hold=false cool=399 ban=599 startY=10 step=0
[m[34m[21:28:51][m [32m[main/INFO][m [36m(Minecraft)[m [0m[CHAT] §2§l§o[TenorClef] §cT2 [S135] S130 suppressed why=jump-pit shaft-hop-banned -164,-94 r=14 left=899 sameXz=45 cool=399 ban=599 hold=false pos=-164,10,-94 walls=4/4/4 sky=0 place=101 boxed=true hold=false cool=399 ban=599 startY=10 step=0§r
[m[34m[21:28:51][m [32m[main/INFO][m [36m(Minecraft)[m [0m[CHAT] §2§l§o[TenorClef] §rT2 [HIST] 7:34.6 FORCE S135 S130 suppressed why=jump-pit shaft-hop-banned -164,-94 r=14 left=899 sameXz=45 cool=399 ban=599 hold=false pos=-164,10,-94 walls=4/4/4 sky=0 place=101 boxed=true hold=false cool=399 ban=599 startY=10 step=0
[m[34m[21:28:51][m [32m[main/INFO][m [36m(Minecraft)[m [0m[CHAT] §2§l§o[TenorClef] §rT2 [NOW] t=7:34.7 ph=PORTAL @-164,10,-94 do=<Construct Nether Portal> Collecting lava eq=iron_pickaxe woodpick=1 stonepick=1 pick=1 iron=0 buck=2
[m[34m[21:28:51][m [32m[main/INFO][m [36m(Minecraft)[m [0m[CHAT] §2§l§o[TenorClef] §rT2 [HIST] 7:34.7 SNAP ph=PORTAL @-164,10,-94 sky=0 wet=false ground=true pick=1 buck=2 iron=0 ore=1 rods=0 pearls=0 eyes=0 child=ConstructNetherPortalBucketTask dbg=<Construct Nether Portal> Collecting lava mobs=none
[m[34m[21:28:52][m [32m[main/INFO][m [36m(Minecraft)[m [0m[CHAT] §2§l§o[TenorClef] §rT2 [HB] t=7:35.1 ph=PORTAL y=9 child=ConstructNetherPortalBucketTask logs=0 pick=1 woodpick=1
[m[34m[21:28:52][m [32m[main/INFO][m [36m(Minecraft)[m [0m[CHAT] §2§l§o[TenorClef] §rT2 [NOW] t=7:35.7 ph=PORTAL @-164,9,-94 do=<Construct Nether Portal> Collecting lava eq=iron_pickaxe woodpick=1 stonepick=1 pick=1 iron=0 buck=2
[m[34m[21:28:53][m [32m[main/INFO][m [36m(Minecraft)[m [0m[STDOUT]: ALTO CLEF: WARNING: T2 [E100] jumps=8 @-164,9,-94 ph=PORTAL child=ConstructNetherPortalBucketTask
[m[34m[21:28:53][m [32m[main/INFO][m [36m(Minecraft)[m [0m[CHAT] §2§l§o[TenorClef] §cT2 [E100] jumps=8 @-164,9,-94 ph=PORTAL child=ConstructNetherPortalBucketTask§r
[m[34m[21:28:53][m [32m[main/INFO][m [36m(Minecraft)[m [0m[CHAT] §2§l§o[TenorClef] §rT2 [HIST] 7:36.4 [E100] jumps=8 @-164,9,-94 ph=PORTAL child=ConstructNetherPortalBucketTask
[m[34m[21:28:53][m [32m[main/INFO][m [36m(Minecraft)[m [0m[CHAT] §2§l§o[TenorClef] §rT2 [NOW] t=7:36.7 ph=PORTAL @-164,9,-94 do=<Construct Nether Portal> Collecting lava eq=iron_pickaxe woodpick=1 stonepick=1 pick=1 iron=0 buck=2
[m[34m[21:28:54][m [32m[main/INFO][m [36m(Minecraft)[m [0m[CHAT] §2§l§o[TenorClef] §rT2 [HIST] 7:37.2 SNAP ph=PORTAL @-164,9,-94 sky=0 wet=false ground=true pick=1 buck=2 iron=0 ore=1 rods=0 pearls=0 eyes=0 child=ConstructNetherPortalBucketTask dbg=<Construct Nether Portal> Collecting lava mobs=none
[m[34m[21:28:54][m [32m[main/INFO][m [36m(Minecraft)[m [0m[CHAT] §2§l§o[TenorClef] §rT2 [NOW] t=7:37.7 ph=PORTAL @-164,9,-94 do=<Construct Nether Portal> Clearing water from cast eq=water_bucket woodpick=1 stonepick=1 pick=1 iron=0 buck=1
[m[34m[21:28:55][m [32m[main/INFO][m [36m(Minecraft)[m [0m[CHAT] §2§l§o[TenorClef] §rT2 [NOW] t=7:38.7 ph=PORTAL @-164,9,-94 do=<Construct Nether Portal> Collecting lava eq=iron_pickaxe woodpick=1 stonepick=1 pick=1 iron=0 buck=1
[m[34m[21:28:56][m [32m[main/INFO][m [36m(Minecraft)[m [0m[CHAT] §2§l§o[TenorClef] §rT2 [NOW] t=7:39.7 ph=PORTAL @-165,10,-94 do=<Construct Nether Portal> Collecting lava eq=iron_pickaxe woodpick=1 stonepick=1 pick=1 iron=0 buck=1
[m[34m[21:28:56][m [32m[main/INFO][m [36m(Minecraft)[m [0m[CHAT] §2§l§o[TenorClef] §rT2 [HIST] 7:39.7 SNAP ph=PORTAL @-165,10,-94 sky=0 wet=false ground=true pick=1 buck=2 iron=0 ore=1 rods=0 pearls=0 eyes=0 child=ConstructNetherPortalBucketTask dbg=<Construct Nether Portal> Collecting lava mobs=none
[m[34m[21:28:57][m [32m[main/INFO][m [36m(Minecraft)[m [0m[CHAT] §2§l§o[TenorClef] §rT2 [NOW] t=7:40.7 ph=PORTAL @-165,10,-94 do=<Construct Nether Portal> Collecting lava eq=iron_pickaxe woodpick=1 stonepick=1 pick=1 iron=0 buck=1
[m[34m[21:28:58][m [32m[main/INFO][m [36m(Minecraft)[m [0m[STDOUT]: ALTO CLEF: WARNING: T2 [S138] shaft ban clear left-xz ban=-164,10,-94 now=-166,10,-94 manh=2 dy=0 left=468
[m[34m[21:28:58][m [32m[main/INFO][m [36m(Minecraft)[m [0m[CHAT] §2§l§o[TenorClef] §cT2 [S138] shaft ban clear left-xz ban=-164,10,-94 now=-166,10,-94 manh=2 dy=0 left=468§r
[m[34m[21:28:58][m [32m[main/INFO][m [36m(Minecraft)[m [0m[CHAT] §2§l§o[TenorClef] §rT2 [HIST] 7:41.2 FORCE S138 shaft ban clear left-xz ban=-164,10,-94 now=-166,10,-94 manh=2 dy=0 left=468
[m[34m[21:28:58][m [32m[main/INFO][m [36m(Minecraft)[m [0m[CHAT] §2§l§o[TenorClef] §rT2 [NOW] t=7:41.7 ph=PORTAL @-166,10,-94 do=<Construct Nether Portal> Collecting lava eq=iron_pickaxe woodpick=1 stonepick=1 pick=1 iron=0 buck=1
[m[34m[21:28:59][m [32m[main/INFO][m [36m(Minecraft)[m [0m[CHAT] §2§l§o[TenorClef] §rT2 [HIST] 7:42.2 SNAP ph=PORTAL @-166,10,-94 sky=0 wet=false ground=true pick=1 buck=2 iron=0 ore=1 rods=0 pearls=0 eyes=0 child=ConstructNetherPortalBucketTask dbg=<Construct Nether Portal> Collecting lava mobs=none
[m[34m[21:28:59][m [32m[main/INFO][m [36m(Minecraft)[m [0m[CHAT] §2§l§o[TenorClef] §rT2 [NOW] t=7:42.7 ph=PORTAL @-167,10,-94 do=<Construct Nether Portal> Collecting lava eq=iron_pickaxe woodpick=1 stonepick=1 pick=1 iron=0 buck=1
[m[34m[21:29:00][m [32m[main/INFO][m [36m(Minecraft)[m [0m[CHAT] §2§l§o[TenorClef] §rDuct tape: Refreshing inventory again just in case
[m[34m[21:29:00][m [32m[main/INFO][m [36m(Minecraft)[m [0m[CHAT] §2§l§o[TenorClef] §rT2 [NOW] t=7:43.7 ph=PORTAL @-166,10,-94 do=<Construct Nether Portal> Collecting lava eq=lava_bucket woodpick=1 stonepick=1 pick=1 iron=0 buck=2
[m[34m[21:29:01][m [32m[main/INFO][m [36m(Minecraft)[m [0m[CHAT] §2§l§o[TenorClef] §rT2 [NOW] t=7:44.7 ph=PORTAL @-164,9,-94 do=<Construct Nether Portal> Collecting lava eq=iron_pickaxe woodpick=1 stonepick=1 pick=1 iron=0 buck=2
[m[34m[21:29:01][m [32m[main/INFO][m [36m(Minecraft)[m [0m[CHAT] §2§l§o[TenorClef] §rT2 [HIST] 7:44.7 SNAP ph=PORTAL @-164,9,-94 sky=0 wet=false ground=true pick=1 buck=2 iron=0 ore=1 rods=0 pearls=0 eyes=0 child=ConstructNetherPortalBucketTask dbg=<Construct Nether Portal> Collecting lava mobs=none
[m[34m[21:29:02][m [32m[main/INFO][m [36m(Minecraft)[m [0m[CHAT] §2§l§o[TenorClef] §rT2 [HB] t=7:45.1 ph=PORTAL y=9 child=ConstructNetherPortalBucketTask logs=0 pick=1 woodpick=1
[m[34m[21:29:02][m [32m[main/INFO][m [36m(Minecraft)[m [0m[CHAT] §2§l§o[TenorClef] §rT2 [NOW] t=7:45.7 ph=PORTAL @-164,9,-94 do=<Construct Nether Portal> Collecting lava eq=iron_pickaxe woodpick=1 stonepick=1 pick=1 iron=0 buck=2
[m[34m[21:29:03][m [32m[main/INFO][m [36m(Minecraft)[m [0m[CHAT] §2§l§o[TenorClef] §rT2 [NOW] t=7:46.7 ph=PORTAL @-164,9,-93 do=<Construct Nether Portal> Collecting lava eq=iron_pickaxe woodpick=1 stonepick=1 pick=1 iron=0 buck=2
[m[34m[21:29:04][m [32m[main/INFO][m [36m(Minecraft)[m [0m[CHAT] §2§l§o[TenorClef] §rT2 [HIST] 7:47.2 SNAP ph=PORTAL @-164,9,-93 sky=0 wet=false ground=true pick=1 buck=2 iron=0 ore=1 rods=0 pearls=0 eyes=0 child=ConstructNetherPortalBucketTask dbg=<Construct Nether Portal> Collecting lava mobs=none
[m[34m[21:29:04][m [32m[main/INFO][m [36m(Minecraft)[m [0m[CHAT] §2§l§o[TenorClef] §rT2 [NOW] t=7:47.7 ph=PORTAL @-164,9,-93 do=<Construct Nether Portal> Collecting lava eq=iron_pickaxe woodpick=1 stonepick=1 pick=1 iron=0 buck=2
[m[34m[21:29:05][m [32m[main/INFO][m [36m(Minecraft)[m [0m[CHAT] §2§l§o[TenorClef] §rT2 [NOW] t=7:48.7 ph=PORTAL @-164,9,-93 do=<Construct Nether Portal> Clearing inside of portal eq=iron_pickaxe woodpick=1 stonepick=1 pick=1 iron=0 buck=1
[m[34m[21:29:06][m [32m[main/INFO][m [36m(Minecraft)[m [0m[CHAT] §2§l§o[TenorClef] §rT2 [NOW] t=7:49.7 ph=PORTAL @-164,9,-93 do=<Construct Nether Portal> Clearing inside of portal eq=iron_pickaxe woodpick=1 stonepick=1 pick=1 iron=0 buck=1
[m[34m[21:29:06][m [32m[main/INFO][m [36m(Minecraft)[m [0m[CHAT] §2§l§o[TenorClef] §rT2 [HIST] 7:49.7 SNAP ph=PORTAL @-164,9,-93 sky=0 wet=false ground=true pick=1 buck=2 iron=0 ore=1 rods=0 pearls=0 eyes=0 child=ConstructNetherPortalBucketTask dbg=<Construct Nether Portal> Clearing inside of portal mobs=none
[m[34m[21:29:07][m [32m[main/INFO][m [36m(Minecraft)[m [0m[CHAT] §2§l§o[TenorClef] §rT2 [NOW] t=7:50.7 ph=PORTAL @-164,9,-93 do=<Construct Nether Portal> Clearing inside of portal eq=iron_pickaxe woodpick=1 stonepick=1 pick=1 iron=0 buck=1
[m[34m[21:29:08][m [32m[main/INFO][m [36m(Minecraft)[m [0m[CHAT] §2§l§o[TenorClef] §rT2 [NOW] t=7:51.7 ph=PORTAL @-164,9,-93 do=<Construct Nether Portal> Clearing inside of portal eq=iron_pickaxe woodpick=1 stonepick=1 pick=1 iron=0 buck=1
[m[34m[21:29:09][m [32m[main/INFO][m [36m(Minecraft)[m [0m[CHAT] §2§l§o[TenorClef] §rT2 [HIST] 7:52.2 SNAP ph=PORTAL @-164,9,-93 sky=0 wet=false ground=true pick=1 buck=2 iron=0 ore=1 rods=0 pearls=0 eyes=0 child=ConstructNetherPortalBucketTask dbg=<Construct Nether Portal> Clearing inside of portal mobs=none
[m[34m[21:29:09][m [32m[main/INFO][m [36m(Minecraft)[m [0m[CHAT] §2§l§o[TenorClef] §rT2 [NOW] t=7:52.7 ph=PORTAL @-164,9,-93 do=<Construct Nether Portal> Clearing inside of portal eq=iron_pickaxe woodpick=1 stonepick=1 pick=1 iron=0 buck=1
[m[34m[21:29:10][m [32m[main/INFO][m [36m(Minecraft)[m [0m[CHAT] §2§l§o[TenorClef] §rT2 [NOW] t=7:53.7 ph=PORTAL @-164,9,-93 do=<Construct Nether Portal> Clearing inside of portal eq=iron_pickaxe woodpick=1 stonepick=1 pick=1 iron=0 buck=1
[m[34m[21:29:11][m [32m[main/INFO][m [36m(Minecraft)[m [0m[STDOUT]: ALTO CLEF: WARNING: T2 [S134] pillar cool expire after jump-pit flips=6 end=risen y=58 startY=54
[m[34m[21:29:11][m [32m[main/INFO][m [36m(Minecraft)[m [0m[CHAT] §2§l§o[TenorClef] §cT2 [S134] pillar cool expire after jump-pit flips=6 end=risen y=58 startY=54§r
[m[34m[21:29:11][m [32m[main/INFO][m [36m(Minecraft)[m [0m[CHAT] §2§l§o[TenorClef] §rT2 [HIST] 7:54.6 FORCE S134 pillar cool expire after jump-pit flips=6 end=risen y=58 startY=54
[m[34m[21:29:11][m [32m[main/INFO][m [36m(Minecraft)[m [0m[CHAT] §2§l§o[TenorClef] §rT2 [HIST] 7:54.7 WHY walk-in: portal + iron pick
[m[34m[21:29:11][m [32m[main/INFO][m [36m(Minecraft)[m [0m[CHAT] §2§l§o[TenorClef] §rT2 [NOW] t=7:54.7 ph=PORTAL @-164,9,-93 do=<Entering nether portal> Going to locked portal -163, 9, -93 eq=flint_and_steel woodpick=1 stonepick=1 pick=1 iron=0 buck=1
[m[34m[21:29:11][m [32m[main/INFO][m [36m(Minecraft)[m [0m[CHAT] §2§l§o[TenorClef] §rT2 [HIST] 7:54.8 SNAP ph=PORTAL @-164,9,-93 sky=0 wet=false ground=true pick=1 buck=2 iron=0 ore=1 rods=0 pearls=0 eyes=0 child=EnterNetherPortalTask dbg=<Entering nether portal>  mobs=none
[m[34m[21:29:11][m [32m[main/INFO][m [36m(Minecraft)[m [0m[STDOUT]: ALTO CLEF: WARNING: T2 [S138] shaft ban clear left-xz ban=-164,10,-94 now=-163,9,-93 manh=2 dy=1 left=56
[m[34m[21:29:11][m [32m[main/INFO][m [36m(Minecraft)[m [0m[CHAT] §2§l§o[TenorClef] §cT2 [S138] shaft ban clear left-xz ban=-164,10,-94 now=-163,9,-93 manh=2 dy=1 left=56§r
[m[34m[21:29:11][m [32m[main/INFO][m [36m(Minecraft)[m [0m[CHAT] §2§l§o[TenorClef] §rT2 [HIST] 7:54.8 FORCE S138 shaft ban clear left-xz ban=-164,10,-94 now=-163,9,-93 manh=2 dy=1 left=56
[m[34m[21:29:12][m [32m[main/INFO][m [36m(Minecraft)[m [0m[CHAT] §2§l§o[TenorClef] §rT2 [HB] t=7:55.1 ph=PORTAL y=9 child=EnterNetherPortalTask logs=0 pick=1 woodpick=1
[m[34m[21:29:12][m [32m[main/INFO][m [36m(Minecraft)[m [0m[CHAT] §2§l§o[TenorClef] §rT2 [NOW] t=7:55.7 ph=PORTAL @-163,9,-93 do=<Entering nether portal>  eq=flint_and_steel woodpick=1 stonepick=1 pick=1 iron=0 buck=1
[m[34m[21:29:13][m [32m[main/INFO][m [36m(Minecraft)[m [0m[CHAT] §2§l§o[TenorClef] §rT2 [NOW] t=7:56.7 ph=PORTAL @-163,9,-93 do=<Entering nether portal>  eq=flint_and_steel woodpick=1 stonepick=1 pick=1 iron=0 buck=1
[m[34m[21:29:14][m [32m[main/INFO][m [36m(Minecraft)[m [0m[CHAT] §2§l§o[TenorClef] §rT2 [NOW] t=7:57.7 ph=PORTAL @-163,9,-93 do=<Entering nether portal>  eq=flint_and_steel woodpick=1 stonepick=1 pick=1 iron=0 buck=1
[m[34m[21:29:15][m [32m[main/INFO][m [36m(Minecraft)[m [0m[CHAT] §2§l§o[TenorClef] §rT2 [HIST] 7:58.7 WHY walk-in: portal + iron pick
[m[34m[21:29:15][m [32m[main/INFO][m [36m(Minecraft)[m [0m[CHAT] §2§l§o[TenorClef] §rT2 [NOW] t=7:58.7 ph=PORTAL @-163,9,-93 do=<Entering nether portal>  eq=flint_and_steel woodpick=1 stonepick=1 pick=1 iron=0 buck=1
[m[34m[21:29:16][m [32m[pool-5-thread-4/INFO][m [36m(Minecraft)[m [0m[STDOUT]: Started saving the world in a new thread
[m[34m[21:29:16][m [32m[pool-5-thread-4/INFO][m [36m(Minecraft)[m [0m[STDOUT]: Saving region -1,0 to disk C:\Users\redfa\Documents\MinecraftDev\altoclef\versions\1.16.1\run\saves\AutoRun_20260924_212048\.\baritone\cache
[m[34m[21:29:16][m [32m[main/INFO][m [36m(Minecraft)[m [0m[STDOUT]: Baritone world data dir: C:\Users\redfa\Documents\MinecraftDev\altoclef\versions\1.16.1\run\saves\AutoRun_20260924_212048\.\baritone\DIM-1
[m[34m[21:29:16][m [32m[main/INFO][m [36m(Minecraft)[m [0m[STDOUT]: Cached world directory: C:\Users\redfa\Documents\MinecraftDev\altoclef\versions\1.16.1\run\saves\AutoRun_20260924_212048\.\baritone\DIM-1\cache
[m[34m[21:29:16][m [32m[main/INFO][m [36m(Minecraft)[m [0m[STDOUT]: Would save waypoints to C:\Users\redfa\Documents\MinecraftDev\altoclef\versions\1.16.1\run\saves\AutoRun_20260924_212048\.\baritone\DIM-1\waypoints
[m[34m[21:29:16][m [32m[ForkJoinPool.commonPool-worker-4/INFO][m [36m(Minecraft)[m [0m[STDOUT]: Saving region 0,-1 to disk C:\Users\redfa\Documents\MinecraftDev\altoclef\versions\1.16.1\run\saves\AutoRun_20260924_212048\.\baritone\cache
[m[34m[21:29:16][m [32m[ForkJoinPool.commonPool-worker-5/INFO][m [36m(Minecraft)[m [0m[STDOUT]: Saving region 0,0 to disk C:\Users\redfa\Documents\MinecraftDev\altoclef\versions\1.16.1\run\saves\AutoRun_20260924_212048\.\baritone\cache
[m[34m[21:29:16][m [32m[ForkJoinPool.commonPool-worker-6/INFO][m [36m(Minecraft)[m [0m[STDOUT]: Saving region -1,-1 to disk C:\Users\redfa\Documents\MinecraftDev\altoclef\versions\1.16.1\run\saves\AutoRun_20260924_212048\.\baritone\cache
[m[34m[21:29:16][m [32m[ForkJoinPool.commonPool-worker-5/INFO][m [36m(Minecraft)[m [0m[STDOUT]: Saved region successfully
[m[34m[21:29:16][m [32m[main/INFO][m [36m(Minecraft)[m [0m[CHAT] §2§l§o[TenorClef] §rT2 [HIST] 7:59.0 DIM OVERWORLD -> NETHER at 8,65,8
[m[34m[21:29:16][m [32m[main/INFO][m [36m(Minecraft)[m [0m[CHAT] §2§l§o[TenorClef] §rT2 [HIST] 7:59.0 JUMP -163,9,-93 -> 8,65,8
[m[34m[21:29:16][m [32m[main/INFO][m [36m(Minecraft)[m [0m[CHAT] §2§l§o[TenorClef] §rT2 [I01] PORTAL -> NETHER t=7:59.0
[m[34m[21:29:16][m [32m[main/INFO][m [36m(Minecraft)[m [0m[CHAT] §2§l§o[TenorClef] §rTESRUN2 split NETHER  7:59.0
[m[34m[21:29:16][m [32m[main/INFO][m [36m(Minecraft)[m [0m[CHAT] §2§l§o[TenorClef] §rT2 [HIST] 7:59.0 WHY nether: gold helm on head before fortress
[m[34m[21:29:16][m [32m[main/INFO][m [36m(Minecraft)[m [0m[STDOUT]: ALTO CLEF: WARNING: T2 [E96] need 5 gold for helm
[m[34m[21:29:16][m [32m[main/INFO][m [36m(Minecraft)[m [0m[CHAT] §2§l§o[TenorClef] §cT2 [E96] need 5 gold for helm§r
[m[34m[21:29:16][m [32m[main/INFO][m [36m(Minecraft)[m [0m[CHAT] §2§l§o[TenorClef] §rT2 [HIST] 7:59.0 PHASE PORTAL -> NETHER
[m[34m[21:29:16][m [32m[main/INFO][m [36m(Minecraft)[m [0m[CHAT] §2§l§o[TenorClef] §rT2 [HIST] 7:59.0 CHILD EnterNetherPortalTask -> CollectGoldIngotTask ph=NETHER @8,65,8 sky=0 wet=false ground=false pick=0 buck=0 iron=0 ore=0 rods=0 pearls=0 eyes=0
[m[34m[21:29:16][m [32m[ForkJoinPool.commonPool-worker-4/INFO][m [36m(Minecraft)[m [0m[STDOUT]: Saved region successfully
[m[34m[21:29:16][m [32m[pool-5-thread-4/INFO][m [36m(Minecraft)[m [0m[STDOUT]: Saved region successfully
[m[34m[21:29:16][m [32m[ForkJoinPool.commonPool-worker-6/INFO][m [36m(Minecraft)[m [0m[STDOUT]: Saved region successfully
[m[34m[21:29:16][m [32m[pool-5-thread-4/INFO][m [36m(Minecraft)[m [0m[STDOUT]: World save took 332ms
[m[34m[21:29:16][m [32m[main/INFO][m [36m(Minecraft)[m [0m[CHAT] §2§l§o[TenorClef] §rT2 [HIST] 7:59.3 SNAP ph=NETHER @8,65,8 sky=0 wet=false ground=false pick=0 buck=0 iron=0 ore=0 rods=0 pearls=0 eyes=0 child=CollectGoldIngotTask dbg=<Collecting 5 gold.: [[gold_ingot] x 5]>  mobs=none
[m[34m[21:29:16][m [32m[main/INFO][m [36m(Minecraft)[m [0m[CHAT] §2§l§o[TenorClef] §rT2 [NOW] t=7:59.7 ph=NETHER @8,65,8 do=<Collecting 5 gold.: [[gold_ingot] x 5]>  eq=air woodpick=0 stonepick=0 pick=0 iron=0 buck=0
[m[34m[21:29:16][m [32m[Server thread/INFO][m [36m(Minecraft)[m [0mPlayer924 has made the advancement [We Need to Go Deeper]
[m[34m[21:29:16][m [32m[main/INFO][m [36m(Minecraft)[m [0m[CHAT] Player924 has made the advancement [We Need to Go Deeper]
[m[34m[21:29:16][m [32m[main/INFO][m [36m(Minecraft)[m [0m[CHAT] §2§l§o[TenorClef] §rT2 [HIST] 7:59.9 JUMP 8,65,8 -> -14,36,0
[m[34m[21:29:16][m [32m[main/INFO][m [36m(Minecraft)[m [0m[CHAT] §2§l§o[TenorClef] §rT2 [HIST] 7:59.9 WHY nether: climb off lava before gold
[m[34m[21:29:16][m [32m[main/INFO][m [36m(Minecraft)[m [0m[CHAT] §2§l§o[TenorClef] §rT2 [HIST] 7:59.9 CHILD CollectGoldIngotTask -> GetToYTask ph=NETHER @-14,36,0 sky=0 wet=false ground=false pick=1 buck=2 iron=0 ore=1 rods=0 pearls=0 eyes=0
[m[34m[21:29:16][m [32m[pool-5-thread-4/INFO][m [36m(Minecraft)[m [0m[STDOUT]: 227 movements considered
[m[34m[21:29:16][m [32m[pool-5-thread-4/INFO][m [36m(Minecraft)[m [0m[STDOUT]: Open set size: 19
[m[34m[21:29:16][m [32m[pool-5-thread-4/INFO][m [36m(Minecraft)[m [0m[STDOUT]: PathNode map size: 33
[m[34m[21:29:16][m [32m[pool-5-thread-4/INFO][m [36m(Minecraft)[m [0m[STDOUT]: 3499 nodes per second
[m[34m[21:29:17][m [32m[main/INFO][m [36m(Minecraft)[m [0mLoaded 171 advancements
[m[34m[21:29:17][m [32m[main/INFO][m [36m(Minecraft)[m [0mLoaded 171 advancements
[m[34m[21:29:17][m [32m[pool-5-thread-4/INFO][m [36m(Minecraft)[m [0m[STDOUT]: 228 movements considered
[m[34m[21:29:17][m [32m[pool-5-thread-4/INFO][m [36m(Minecraft)[m [0m[STDOUT]: Open set size: 19
[m[34m[21:29:17][m [32m[pool-5-thread-4/INFO][m [36m(Minecraft)[m [0m[STDOUT]: PathNode map size: 33
[m[34m[21:29:17][m [32m[pool-5-thread-4/INFO][m [36m(Minecraft)[m [0m[STDOUT]: 6999 nodes per second
[m[34m[21:29:17][m [32m[pool-5-thread-4/INFO][m [36m(Minecraft)[m [0m[STDOUT]: 228 movements considered
[m[34m[21:29:17][m [32m[pool-5-thread-4/INFO][m [36m(Minecraft)[m [0m[STDOUT]: Open set size: 19
[m[34m[21:29:17][m [32m[pool-5-thread-4/INFO][m [36m(Minecraft)[m [0m[STDOUT]: PathNode map size: 33
[m[34m[21:29:17][m [32m[pool-5-thread-4/INFO][m [36m(Minecraft)[m [0m[STDOUT]: 13999 nodes per second
[m[34m[21:29:17][m [32m[pool-5-thread-4/INFO][m [36m(Minecraft)[m [0m[STDOUT]: 228 movements considered
[m[34m[21:29:17][m [32m[pool-5-thread-4/INFO][m [36m(Minecraft)[m [0m[STDOUT]: Open set size: 19
[m[34m[21:29:17][m [32m[pool-5-thread-4/INFO][m [36m(Minecraft)[m [0m[STDOUT]: PathNode map size: 33
[m[34m[21:29:17][m [32m[pool-5-thread-4/INFO][m [36m(Minecraft)[m [0m[STDOUT]: 13999 nodes per second
[m[34m[21:29:17][m [32m[pool-5-thread-4/INFO][m [36m(Minecraft)[m [0m[STDOUT]: 28097 movements considered
[m[34m[21:29:17][m [32m[pool-5-thread-4/INFO][m [36m(Minecraft)[m [0m[STDOUT]: Open set size: 1519
[m[34m[21:29:17][m [32m[pool-5-thread-4/INFO][m [36m(Minecraft)[m [0m[STDOUT]: PathNode map size: 2804
[m[34m[21:29:17][m [32m[pool-5-thread-4/INFO][m [36m(Minecraft)[m [0m[STDOUT]: 25699 nodes per second
[m[34m[21:29:17][m [32m[pool-5-thread-4/INFO][m [36m(Minecraft)[m [0m[STDOUT]: Warning: cost coefficient is greater than three! Probably means that
[m[34m[21:29:17][m [32m[pool-5-thread-4/INFO][m [36m(Minecraft)[m [0m[STDOUT]: the path I found is pretty terrible (like sneak-bridging for dozens of blocks)
[m[34m[21:29:17][m [32m[pool-5-thread-4/INFO][m [36m(Minecraft)[m [0m[STDOUT]: But I'm going to do it anyway, because yolo
[m[34m[21:29:17][m [32m[pool-5-thread-4/INFO][m [36m(Minecraft)[m [0m[STDOUT]: Path goes for 7.54983443527075 blocks
[m[34m[21:29:17][m [32m[pool-5-thread-4/INFO][m [36m(Minecraft)[m [0m[STDOUT]: 7777 movements considered
[m[34m[21:29:17][m [32m[pool-5-thread-4/INFO][m [36m(Minecraft)[m [0m[STDOUT]: Open set size: 13
[m[34m[21:29:17][m [32m[pool-5-thread-4/INFO][m [36m(Minecraft)[m [0m[STDOUT]: PathNode map size: 372
[m[34m[21:29:17][m [32m[pool-5-thread-4/INFO][m [36m(Minecraft)[m [0m[STDOUT]: 119666 nodes per second
[m[34m[21:29:17][m [32m[pool-5-thread-4/INFO][m [36m(Minecraft)[m [0m[STDOUT]: Warning: cost coefficient is greater than three! Probably means that
[m[34m[21:29:17][m [32m[pool-5-thread-4/INFO][m [36m(Minecraft)[m [0m[STDOUT]: the path I found is pretty terrible (like sneak-bridging for dozens of blocks)
[m[34m[21:29:17][m [32m[pool-5-thread-4/INFO][m [36m(Minecraft)[m [0m[STDOUT]: But I'm going to do it anyway, because yolo
[m[34m[21:29:17][m [32m[pool-5-thread-4/INFO][m [36m(Minecraft)[m [0m[STDOUT]: Path goes for 6.164414002968976 blocks
[m[34m[21:29:17][m [32m[pool-5-thread-4/INFO][m [36m(Minecraft)[m [0m[STDOUT]: 7777 movements considered
[m[34m[21:29:17][m [32m[pool-5-thread-4/INFO][m [36m(Minecraft)[m [0m[STDOUT]: Open set size: 13
[m[34m[21:29:17][m [32m[pool-5-thread-4/INFO][m [36m(Minecraft)[m [0m[STDOUT]: PathNode map size: 372
[m[34m[21:29:17][m [32m[pool-5-thread-4/INFO][m [36m(Minecraft)[m [0m[STDOUT]: 119666 nodes per second
[m[34m[21:29:17][m [32m[pool-5-thread-4/INFO][m [36m(Minecraft)[m [0m[STDOUT]: 7777 movements considered
[m[34m[21:29:17][m [32m[pool-5-thread-4/INFO][m [36m(Minecraft)[m [0m[STDOUT]: Open set size: 13
[m[34m[21:29:17][m [32m[pool-5-thread-4/INFO][m [36m(Minecraft)[m [0m[STDOUT]: PathNode map size: 372
[m[34m[21:29:17][m [32m[pool-5-thread-4/INFO][m [36m(Minecraft)[m [0m[STDOUT]: 179499 nodes per second
[m[34m[21:29:17][m [32m[pool-5-thread-4/INFO][m [36m(Minecraft)[m [0m[STDOUT]: 7838 movements considered
[m[34m[21:29:17][m [32m[pool-5-thread-4/INFO][m [36m(Minecraft)[m [0m[STDOUT]: Open set size: 11
[m[34m[21:29:17][m [32m[pool-5-thread-4/INFO][m [36m(Minecraft)[m [0m[STDOUT]: PathNode map size: 373
[m[34m[21:29:17][m [32m[pool-5-thread-4/INFO][m [36m(Minecraft)[m [0m[STDOUT]: 72400 nodes per second
[m[34m[21:29:17][m [32m[pool-5-thread-4/INFO][m [36m(Minecraft)[m [0m[STDOUT]: 7857 movements considered
[m[34m[21:29:17][m [32m[pool-5-thread-4/INFO][m [36m(Minecraft)[m [0m[STDOUT]: Open set size: 11
[m[34m[21:29:17][m [32m[pool-5-thread-4/INFO][m [36m(Minecraft)[m [0m[STDOUT]: PathNode map size: 373
[m[34m[21:29:17][m [32m[pool-5-thread-4/INFO][m [36m(Minecraft)[m [0m[STDOUT]: 120666 nodes per second
[m[34m[21:29:17][m [32m[main/INFO][m [36m(Minecraft)[m [0m[CHAT] §2§l§o[TenorClef] §rT2 [NOW] t=8:00.7 ph=NETHER @-16,36,-1 do=<Going to y=52> Completing goal. eq=flint_and_steel woodpick=1 stonepick=1 pick=1 iron=0 buck=1
[m[34m[21:29:17][m [32m[main/INFO][m [36m(Minecraft)[m [0m[CHAT] §2§l§o[TenorClef] §rRefreshed inventory...
[m[34m[21:29:18][m [32m[main/INFO][m [36m(Minecraft)[m [0m[CHAT] §2§l§o[TenorClef] §rT2 [NOW] t=8:01.7 ph=NETHER @-16,39,-3 do=<Going to y=52> Completing goal. eq=flint_and_steel woodpick=1 stonepick=1 pick=1 iron=0 buck=1
[m[34m[21:29:18][m [32m[main/INFO][m [36m(Minecraft)[m [0m[CHAT] §2§l§o[TenorClef] §rT2 [HIST] 8:01.8 SNAP ph=NETHER @-16,39,-3 sky=0 wet=false ground=false pick=1 buck=2 iron=0 ore=1 rods=0 pearls=0 eyes=0 child=GetToYTask dbg=<Going to y=52> Completing goal. mobs=none
[m[34m[21:29:19][m [32m[main/INFO][m [36m(Minecraft)[m [0m[CHAT] §2§l§o[TenorClef] §rT2 [NOW] t=8:02.7 ph=NETHER @-18,41,-3 do=<Going to y=52> Completing goal. eq=flint_and_steel woodpick=1 stonepick=1 pick=1 iron=0 buck=1
[m[34m[21:29:20][m [32m[main/INFO][m [36m(Minecraft)[m [0m[CHAT] §2§l§o[TenorClef] §rT2 [HIST] 8:03.1 WHY nether: gold helm on head before fortress
[m[34m[21:29:20][m [32m[main/INFO][m [36m(Minecraft)[m [0m[CHAT] §2§l§o[TenorClef] §rT2 [NOW] t=8:03.7 ph=NETHER @-22,41,-4 do=<Going to y=52> Completing goal. eq=flint_and_steel woodpick=1 stonepick=1 pick=1 iron=0 buck=1
[m[34m[21:29:21][m [32m[main/INFO][m [36m(Minecraft)[m [0m[CHAT] §2§l§o[TenorClef] §rT2 [HIST] 8:03.9 WHY nether: climb off lava before gold
[m[34m[21:29:21][m [32m[main/INFO][m [36m(Minecraft)[m [0m[CHAT] §2§l§o[TenorClef] §rT2 [HIST] 8:04.3 SNAP ph=NETHER @-24,42,-3 sky=0 wet=false ground=true pick=1 buck=2 iron=0 ore=1 rods=0 pearls=0 eyes=0 child=GetToYTask dbg=<Going to y=52> Completing goal. mobs=none
[m[34m[21:29:21][m [33m[main/WARN][m [36m(Minecraft)[m [0mReceived passengers for unknown entity
[m[34m[21:29:21][m [32m[main/INFO][m [36m(Minecraft)[m [0m[CHAT] §2§l§o[TenorClef] §rT2 [NOW] t=8:04.7 ph=NETHER @-24,43,-3 do=<Going to y=52> Completing goal. eq=dirt woodpick=1 stonepick=1 pick=1 iron=0 buck=1
[m[34m[21:29:22][m [32m[main/INFO][m [36m(Minecraft)[m [0m[CHAT] §2§l§o[TenorClef] §rT2 [NOW] t=8:05.7 ph=NETHER @-25,45,-3 do=<Going to y=52> Completing goal. eq=dirt woodpick=1 stonepick=1 pick=1 iron=0 buck=1
[m[34m[21:29:23][m [32m[main/INFO][m [36m(Minecraft)[m [0m[CHAT] §2§l§o[TenorClef] §rT2 [NOW] t=8:06.7 ph=NETHER @-25,45,-4 do=<Going to y=52> Completing goal. eq=iron_pickaxe woodpick=1 stonepick=1 pick=1 iron=0 buck=1
[m[34m[21:29:23][m [32m[main/INFO][m [36m(Minecraft)[m [0m[CHAT] §2§l§o[TenorClef] §rT2 [HIST] 8:06.8 SNAP ph=NETHER @-25,45,-4 sky=0 wet=false ground=true pick=1 buck=2 iron=0 ore=1 rods=0 pearls=0 eyes=0 child=GetToYTask dbg=<Going to y=52> Completing goal. mobs=none
[m[34m[21:29:24][m [32m[main/INFO][m [36m(Minecraft)[m [0m[CHAT] §2§l§o[TenorClef] §rT2 [HIST] 8:07.1 WHY nether: gold helm on head before fortress
[m[34m[21:29:24][m [32m[main/INFO][m [36m(Minecraft)[m [0m[CHAT] §2§l§o[TenorClef] §rT2 [NOW] t=8:07.7 ph=NETHER @-24,46,-4 do=<Going to y=52> Completing goal. eq=iron_pickaxe woodpick=1 stonepick=1 pick=1 iron=0 buck=1
[m[34m[21:29:24][m [32m[main/INFO][m [36m(Minecraft)[m [0mLoaded 173 advancements
[m[34m[21:29:25][m [32m[main/INFO][m [36m(Minecraft)[m [0m[CHAT] §2§l§o[TenorClef] §rT2 [HIST] 8:07.9 WHY nether: climb off lava before gold
[m[34m[21:29:25][m [32m[main/INFO][m [36m(Minecraft)[m [0m[CHAT] §2§l§o[TenorClef] §rT2 [NOW] t=8:08.7 ph=NETHER @-24,46,-4 do=<Going to y=52> Completing goal. eq=iron_pickaxe woodpick=1 stonepick=1 pick=1 iron=0 buck=1
[m[34m[21:29:26][m [32m[main/INFO][m [36m(Minecraft)[m [0m[CHAT] §2§l§o[TenorClef] §rT2 [HIST] 8:09.2 SNAP ph=NETHER @-24,47,-5 sky=0 wet=false ground=false pick=1 buck=2 iron=0 ore=1 rods=0 pearls=0 eyes=0 child=GetToYTask dbg=<Going to y=52> Completing goal. mobs=none
[m[34m[21:29:26][m [32m[main/INFO][m [36m(Minecraft)[m [0m[CHAT] §2§l§o[TenorClef] §rT2 [NOW] t=8:09.7 ph=NETHER @-24,47,-5 do=<Going to y=52> Completing goal. eq=iron_pickaxe woodpick=1 stonepick=1 pick=1 iron=0 buck=1
[m[34m[21:29:27][m [32m[main/INFO][m [36m(Minecraft)[m [0mLoaded 174 advancements
[m[34m[21:29:27][m [32m[main/INFO][m [36m(Minecraft)[m [0m[CHAT] §2§l§o[TenorClef] §rT2 [HIST] 8:10.2 CHILD GetToYTask -> CollectGoldIngotTask ph=NETHER @-24,48,-5 sky=0 wet=false ground=false pick=1 buck=2 iron=0 ore=1 rods=0 pearls=0 eyes=0
[m[34m[21:29:27][m [32m[main/INFO][m [36m(Minecraft)[m [0m[CHAT] §2§l§o[TenorClef] §rT2 [NOW] t=8:10.7 ph=NETHER @-25,48,-5 do=<Collecting 5 gold.: [[gold_ingot] x 5]>  eq=iron_pickaxe woodpick=1 stonepick=1 pick=1 iron=0 buck=1
[m[34m[21:29:28][m [32m[main/INFO][m [36m(Minecraft)[m [0m[CHAT] §2§l§o[TenorClef] §rT2 [HIST] 8:11.0 CHILD CollectGoldIngotTask -> GetToYTask ph=NETHER @-25,47,-5 sky=0 wet=false ground=false pick=1 buck=2 iron=0 ore=1 rods=0 pearls=0 eyes=0
[m[34m[21:29:28][m [32m[main/INFO][m [36m(Minecraft)[m [0m[CHAT] §2§l§o[TenorClef] §rT2 [HIST] 8:11.2 WHY nether: gold helm on head before fortress
[m[34m[21:29:28][m [32m[main/INFO][m [36m(Minecraft)[m [0m[CHAT] §2§l§o[TenorClef] §rT2 [HIST] 8:11.5 CHILD GetToYTask -> CollectGoldIngotTask ph=NETHER @-25,48,-5 sky=0 wet=false ground=false pick=1 buck=2 iron=0 ore=1 rods=0 pearls=0 eyes=0
[m[34m[21:29:28][m [32m[main/INFO][m [36m(Minecraft)[m [0m[CHAT] §2§l§o[TenorClef] §rT2 [NOW] t=8:11.7 ph=NETHER @-26,48,-5 do=<Collecting 5 gold.: [[gold_ingot] x 5]>  eq=air woodpick=1 stonepick=1 pick=1 iron=0 buck=1
[m[34m[21:29:28][m [32m[main/INFO][m [36m(Minecraft)[m [0m[CHAT] §2§l§o[TenorClef] §rMineAndCollect: equip item.minecraft.iron_pickaxe for block.minecraft.nether_gold_ore
[m[34m[21:29:28][m [32m[main/INFO][m [36m(Minecraft)[m [0m[CHAT] §2§l§o[TenorClef] §rT2 [HIST] 8:11.8 SNAP ph=NETHER @-26,48,-5 sky=0 wet=false ground=true pick=1 buck=2 iron=0 ore=1 rods=0 pearls=0 eyes=0 child=CollectGoldIngotTask dbg=<Collecting 5 gold.: [[gold_ingot] x 5]>  mobs=none
[m[34m[21:29:29][m [32m[main/INFO][m [36m(Minecraft)[m [0m[CHAT] §2§l§o[TenorClef] §rT2 [HIST] 8:12.0 WHY nether: climb off lava before gold
[m[34m[21:29:29][m [32m[main/INFO][m [36m(Minecraft)[m [0m[CHAT] §2§l§o[TenorClef] §rT2 [HIST] 8:12.0 CHILD CollectGoldIngotTask -> GetToYTask ph=NETHER @-25,47,-5 sky=0 wet=false ground=false pick=1 buck=2 iron=0 ore=1 rods=0 pearls=0 eyes=0
[m[34m[21:29:29][m [32m[main/INFO][m [36m(Minecraft)[m [0m[CHAT] §2§l§o[TenorClef] §rT2 [HIST] 8:12.5 CHILD GetToYTask -> CollectGoldIngotTask ph=NETHER @-25,48,-5 sky=0 wet=false ground=false pick=1 buck=2 iron=0 ore=1 rods=0 pearls=0 eyes=0
[m[34m[21:29:29][m [32m[main/INFO][m [36m(Minecraft)[m [0m[CHAT] §2§l§o[TenorClef] §rT2 [NOW] t=8:12.7 ph=NETHER @-25,48,-5 do=<Collecting 5 gold.: [[gold_ingot] x 5]>  eq=iron_pickaxe woodpick=1 stonepick=1 pick=1 iron=0 buck=1
[m[34m[21:29:30][m [32m[main/INFO][m [36m(Minecraft)[m [0m[CHAT] §2§l§o[TenorClef] §rT2 [HIST] 8:13.0 CHILD CollectGoldIngotTask -> GetToYTask ph=NETHER @-25,47,-5 sky=0 wet=false ground=false pick=1 buck=2 iron=0 ore=1 rods=0 pearls=0 eyes=0
[m[34m[21:29:30][m [32m[main/INFO][m [36m(Minecraft)[m [0m[CHAT] §2§l§o[TenorClef] §rT2 [HIST] 8:13.4 CHILD GetToYTask -> CollectGoldIngotTask ph=NETHER @-25,48,-5 sky=0 wet=false ground=false pick=1 buck=2 iron=0 ore=1 rods=0 pearls=0 eyes=0
[m[34m[21:29:30][m [32m[main/INFO][m [36m(Minecraft)[m [0m[CHAT] §2§l§o[TenorClef] §rMineAndCollect: equip item.minecraft.iron_pickaxe for block.minecraft.nether_gold_ore
[m[34m[21:29:30][m [32m[main/INFO][m [36m(Minecraft)[m [0m[CHAT] §2§l§o[TenorClef] §rT2 [NOW] t=8:13.7 ph=NETHER @-26,48,-5 do=<Collecting 5 gold.: [[gold_ingot] x 5]>  eq=iron_pickaxe woodpick=1 stonepick=1 pick=1 iron=0 buck=1
[m[34m[21:29:31][m [32m[main/INFO][m [36m(Minecraft)[m [0m[CHAT] §2§l§o[TenorClef] §rT2 [HIST] 8:13.9 CHILD CollectGoldIngotTask -> GetToYTask ph=NETHER @-25,47,-5 sky=0 wet=false ground=false pick=1 buck=2 iron=0 ore=1 rods=0 pearls=0 eyes=0
[m[34m[21:29:31][m [32m[main/INFO][m [36m(Minecraft)[m [0m[CHAT] §2§l§o[TenorClef] §rT2 [HIST] 8:14.3 SNAP ph=NETHER @-25,47,-5 sky=0 wet=false ground=true pick=1 buck=2 iron=0 ore=1 rods=0 pearls=0 eyes=0 child=GetToYTask dbg=<Going to y=52> Completing goal. mobs=none
[m[34m[21:29:31][m [32m[main/INFO][m [36m(Minecraft)[m [0m[CHAT] §2§l§o[TenorClef] §rT2 [HIST] 8:14.4 CHILD GetToYTask -> CollectGoldIngotTask ph=NETHER @-25,48,-5 sky=0 wet=false ground=false pick=1 buck=2 iron=0 ore=1 rods=0 pearls=0 eyes=0
[m[34m[21:29:31][m [32m[main/INFO][m [36m(Minecraft)[m [0m[CHAT] §2§l§o[TenorClef] §rT2 [NOW] t=8:14.7 ph=NETHER @-25,48,-5 do=<Collecting 5 gold.: [[gold_ingot] x 5]>  eq=iron_pickaxe woodpick=1 stonepick=1 pick=1 iron=0 buck=1
[m[34m[21:29:31][m [32m[main/INFO][m [36m(Minecraft)[m [0m[CHAT] §2§l§o[TenorClef] §rT2 [HIST] 8:14.8 CHILD CollectGoldIngotTask -> GetToYTask ph=NETHER @-25,47,-5 sky=0 wet=false ground=false pick=1 buck=2 iron=0 ore=1 rods=0 pearls=0 eyes=0
[m[34m[21:29:32][m [32m[main/INFO][m [36m(Minecraft)[m [0m[CHAT] §2§l§o[TenorClef] §rT2 [HIST] 8:15.2 WHY nether: gold helm on head before fortress
[m[34m[21:29:32][m [32m[main/INFO][m [36m(Minecraft)[m [0m[CHAT] §2§l§o[TenorClef] §rT2 [HIST] 8:15.2 CHILD GetToYTask -> CollectGoldIngotTask ph=NETHER @-25,48,-5 sky=0 wet=false ground=false pick=1 buck=2 iron=0 ore=1 rods=0 pearls=0 eyes=0
[m[34m[21:29:32][m [32m[main/INFO][m [36m(Minecraft)[m [0m[CHAT] §2§l§o[TenorClef] §rMineAndCollect: equip item.minecraft.iron_pickaxe for block.minecraft.nether_gold_ore
[m[34m[21:29:32][m [32m[main/INFO][m [36m(Minecraft)[m [0m[CHAT] §2§l§o[TenorClef] §rT2 [NOW] t=8:15.7 ph=NETHER @-25,48,-5 do=<Collecting 5 gold.: [[gold_ingot] x 5]>  eq=iron_pickaxe woodpick=1 stonepick=1 pick=1 iron=0 buck=1
[m[34m[21:29:32][m [32m[main/INFO][m [36m(Minecraft)[m [0m[CHAT] §2§l§o[TenorClef] §rT2 [HIST] 8:15.8 CHILD CollectGoldIngotTask -> GetToYTask ph=NETHER @-25,47,-5 sky=0 wet=false ground=false pick=1 buck=2 iron=0 ore=1 rods=0 pearls=0 eyes=0
[m[34m[21:29:33][m [32m[main/INFO][m [36m(Minecraft)[m [0m[CHAT] §2§l§o[TenorClef] §rT2 [HIST] 8:16.1 WHY nether: climb off lava before gold
[m[34m[21:29:33][m [32m[main/INFO][m [36m(Minecraft)[m [0m[CHAT] §2§l§o[TenorClef] §rT2 [HIST] 8:16.3 CHILD GetToYTask -> CollectGoldIngotTask ph=NETHER @-25,48,-5 sky=0 wet=false ground=false pick=1 buck=2 iron=0 ore=1 rods=0 pearls=0 eyes=0
[m[34m[21:29:33][m [32m[main/INFO][m [36m(Minecraft)[m [0m[CHAT] §2§l§o[TenorClef] §rT2 [NOW] t=8:16.7 ph=NETHER @-25,48,-5 do=<Collecting 5 gold.: [[gold_ingot] x 5]>  eq=iron_pickaxe woodpick=1 stonepick=1 pick=1 iron=0 buck=1
[m[34m[21:29:33][m [32m[main/INFO][m [36m(Minecraft)[m [0m[CHAT] §2§l§o[TenorClef] §rT2 [HIST] 8:16.7 CHILD CollectGoldIngotTask -> GetToYTask ph=NETHER @-25,47,-5 sky=0 wet=false ground=false pick=1 buck=2 iron=0 ore=1 rods=0 pearls=0 eyes=0
[m[34m[21:29:33][m [32m[main/INFO][m [36m(Minecraft)[m [0m[CHAT] §2§l§o[TenorClef] §rT2 [HIST] 8:16.7 SNAP ph=NETHER @-25,47,-5 sky=0 wet=false ground=false pick=1 buck=2 iron=0 ore=1 rods=0 pearls=0 eyes=0 child=GetToYTask dbg=<Going to y=52>  mobs=none
[m[34m[21:29:34][m [32m[main/INFO][m [36m(Minecraft)[m [0m[CHAT] §2§l§o[TenorClef] §rT2 [HIST] 8:17.2 CHILD GetToYTask -> CollectGoldIngotTask ph=NETHER @-25,48,-5 sky=0 wet=false ground=false pick=1 buck=2 iron=0 ore=1 rods=0 pearls=0 eyes=0
[m[34m[21:29:34][m [32m[main/INFO][m [36m(Minecraft)[m [0m[CHAT] §2§l§o[TenorClef] §rMineAndCollect: equip item.minecraft.iron_pickaxe for block.minecraft.nether_gold_ore
[m[34m[21:29:34][m [32m[main/INFO][m [36m(Minecraft)[m [0m[CHAT] §2§l§o[TenorClef] §rT2 [NOW] t=8:17.7 ph=NETHER @-25,47,-5 do=<Collecting 5 gold.: [[gold_ingot] x 5]>  eq=iron_pickaxe woodpick=1 stonepick=1 pick=1 iron=0 buck=1
[m[34m[21:29:34][m [32m[main/INFO][m [36m(Minecraft)[m [0m[CHAT] §2§l§o[TenorClef] §rT2 [HIST] 8:17.7 CHILD CollectGoldIngotTask -> GetToYTask ph=NETHER @-25,47,-5 sky=0 wet=false ground=false pick=1 buck=2 iron=0 ore=1 rods=0 pearls=0 eyes=0
[m[34m[21:29:35][m [32m[main/INFO][m [36m(Minecraft)[m [0m[CHAT] §2§l§o[TenorClef] §rT2 [HIST] 8:18.2 CHILD GetToYTask -> CollectGoldIngotTask ph=NETHER @-25,48,-5 sky=0 wet=false ground=false pick=1 buck=2 iron=0 ore=1 rods=0 pearls=0 eyes=0
[m[34m[21:29:35][m [32m[main/INFO][m [36m(Minecraft)[m [0m[CHAT] §2§l§o[TenorClef] §rT2 [HIST] 8:18.6 CHILD CollectGoldIngotTask -> GetToYTask ph=NETHER @-25,47,-5 sky=0 wet=false ground=false pick=1 buck=2 iron=0 ore=1 rods=0 pearls=0 eyes=0
[m[34m[21:29:35][m [32m[main/INFO][m [36m(Minecraft)[m [0m[CHAT] §2§l§o[TenorClef] §rT2 [NOW] t=8:18.7 ph=NETHER @-25,47,-5 do=<Going to y=52> Completing goal. eq=iron_pickaxe woodpick=1 stonepick=1 pick=1 iron=0 buck=1
[m[34m[21:29:36][m [32m[main/INFO][m [36m(Minecraft)[m [0m[CHAT] §2§l§o[TenorClef] §rT2 [HIST] 8:19.1 CHILD GetToYTask -> CollectGoldIngotTask ph=NETHER @-25,48,-5 sky=0 wet=false ground=false pick=1 buck=2 iron=0 ore=1 rods=0 pearls=0 eyes=0
[m[34m[21:29:36][m [32m[main/INFO][m [36m(Minecraft)[m [0m[CHAT] §2§l§o[TenorClef] §rT2 [HIST] 8:19.3 WHY nether: gold helm on head before fortress
[m[34m[21:29:36][m [32m[main/INFO][m [36m(Minecraft)[m [0m[CHAT] §2§l§o[TenorClef] §rT2 [HIST] 8:19.3 SNAP ph=NETHER @-26,48,-5 sky=0 wet=false ground=true pick=1 buck=2 iron=0 ore=1 rods=0 pearls=0 eyes=0 child=CollectGoldIngotTask dbg=<Collecting 5 gold.: [[gold_ingot] x 5]>  mobs=none
[m[34m[21:29:36][m [32m[main/INFO][m [36m(Minecraft)[m [0m[CHAT] §2§l§o[TenorClef] §rMineAndCollect: equip item.minecraft.iron_pickaxe for block.minecraft.nether_gold_ore
[m[34m[21:29:36][m [32m[main/INFO][m [36m(Minecraft)[m [0m[STDOUT]: ALTO CLEF: WARNING: T2 [S158] shaft-hop area ban lifted @-164,-94 r=14 esc=1
[m[34m[21:29:36][m [32m[main/INFO][m [36m(Minecraft)[m [0m[CHAT] §2§l§o[TenorClef] §cT2 [S158] shaft-hop area ban lifted @-164,-94 r=14 esc=1§r
[m[34m[21:29:36][m [32m[main/INFO][m [36m(Minecraft)[m [0m[CHAT] §2§l§o[TenorClef] §rT2 [HIST] 8:19.6 FORCE S158 shaft-hop area ban lifted @-164,-94 r=14 esc=1
[m[34m[21:29:36][m [32m[main/INFO][m [36m(Minecraft)[m [0m[STDOUT]: ALTO CLEF: WARNING: T2 [E96] need 5 gold for helm
[m[34m[21:29:36][m [32m[main/INFO][m [36m(Minecraft)[m [0m[CHAT] §2§l§o[TenorClef] §cT2 [E96] need 5 gold for helm§r
[m[34m[21:29:36][m [32m[main/INFO][m [36m(Minecraft)[m [0m[CHAT] §2§l§o[TenorClef] §rT2 [HIST] 8:19.6 CHILD CollectGoldIngotTask -> GetToYTask ph=NETHER @-25,47,-5 sky=0 wet=false ground=false pick=1 buck=2 iron=0 ore=1 rods=0 pearls=0 eyes=0
[m[34m[21:29:36][m [32m[main/INFO][m [36m(Minecraft)[m [0m[CHAT] §2§l§o[TenorClef] §rT2 [NOW] t=8:19.7 ph=NETHER @-25,47,-5 do=<Going to y=52> Completing goal. eq=iron_pickaxe woodpick=1 stonepick=1 pick=1 iron=0 buck=1
[m[34m[21:29:37][m [32m[main/INFO][m [36m(Minecraft)[m [0m[CHAT] §2§l§o[TenorClef] §rT2 [HIST] 8:20.1 WHY nether: climb off lava before gold
[m[34m[21:29:37][m [32m[main/INFO][m [36m(Minecraft)[m [0m[CHAT] §2§l§o[TenorClef] §rT2 [HIST] 8:20.1 CHILD GetToYTask -> CollectGoldIngotTask ph=NETHER @-25,48,-5 sky=0 wet=false ground=false pick=1 buck=2 iron=0 ore=1 rods=0 pearls=0 eyes=0
[m[34m[21:29:37][m [32m[main/INFO][m [36m(Minecraft)[m [0m[CHAT] §2§l§o[TenorClef] §rT2 [HIST] 8:20.5 CHILD CollectGoldIngotTask -> GetToYTask ph=NETHER @-25,47,-5 sky=0 wet=false ground=false pick=1 buck=2 iron=0 ore=1 rods=0 pearls=0 eyes=0
[m[34m[21:29:37][m [32m[main/INFO][m [36m(Minecraft)[m [0m[CHAT] §2§l§o[TenorClef] §rT2 [NOW] t=8:20.7 ph=NETHER @-25,47,-5 do=<Going to y=52> Completing goal. eq=iron_pickaxe woodpick=1 stonepick=1 pick=1 iron=0 buck=1
[m[34m[21:29:38][m [32m[main/INFO][m [36m(Minecraft)[m [0m[CHAT] §2§l§o[TenorClef] §rT2 [HIST] 8:21.0 CHILD GetToYTask -> CollectGoldIngotTask ph=NETHER @-25,48,-5 sky=0 wet=false ground=false pick=1 buck=2 iron=0 ore=1 rods=0 pearls=0 eyes=0
[m[34m[21:29:38][m [32m[main/INFO][m [36m(Minecraft)[m [0m[CHAT] §2§l§o[TenorClef] §rMineAndCollect: equip item.minecraft.iron_pickaxe for block.minecraft.nether_gold_ore
[m[34m[21:29:38][m [32m[main/INFO][m [36m(Minecraft)[m [0m[CHAT] §2§l§o[TenorClef] §rT2 [HIST] 8:21.5 CHILD CollectGoldIngotTask -> GetToYTask ph=NETHER @-25,47,-5 sky=0 wet=false ground=false pick=1 buck=2 iron=0 ore=1 rods=0 pearls=0 eyes=0
[m[34m[21:29:38][m [32m[main/INFO][m [36m(Minecraft)[m [0m[CHAT] §2§l§o[TenorClef] §rT2 [NOW] t=8:21.7 ph=NETHER @-25,47,-5 do=<Going to y=52> Completing goal. eq=iron_pickaxe woodpick=1 stonepick=1 pick=1 iron=0 buck=1
[m[34m[21:29:38][m [32m[main/INFO][m [36m(Minecraft)[m [0m[CHAT] §2§l§o[TenorClef] §rT2 [HIST] 8:21.7 SNAP ph=NETHER @-25,47,-5 sky=0 wet=false ground=true pick=1 buck=2 iron=0 ore=1 rods=0 pearls=0 eyes=0 child=GetToYTask dbg=<Going to y=52> Completing goal. mobs=none
[m[34m[21:29:39][m [32m[main/INFO][m [36m(Minecraft)[m [0m[CHAT] §2§l§o[TenorClef] §rT2 [HIST] 8:22.0 CHILD GetToYTask -> CollectGoldIngotTask ph=NETHER @-25,48,-5 sky=0 wet=false ground=false pick=1 buck=2 iron=0 ore=1 rods=0 pearls=0 eyes=0
[m[34m[21:29:39][m [32m[main/INFO][m [36m(Minecraft)[m [0m[CHAT] §2§l§o[TenorClef] §rT2 [HIST] 8:22.5 CHILD CollectGoldIngotTask -> GetToYTask ph=NETHER @-25,47,-5 sky=0 wet=false ground=false pick=1 buck=2 iron=0 ore=1 rods=0 pearls=0 eyes=0
[m[34m[21:29:39][m [32m[main/INFO][m [36m(Minecraft)[m [0m[CHAT] §2§l§o[TenorClef] §rT2 [NOW] t=8:22.7 ph=NETHER @-25,47,-5 do=<Going to y=52> Completing goal. eq=iron_pickaxe woodpick=1 stonepick=1 pick=1 iron=0 buck=1
[m[34m[21:29:39][m [32m[main/INFO][m [36m(Minecraft)[m [0m[CHAT] §2§l§o[TenorClef] §rT2 [HIST] 8:22.8 CHILD GetToYTask -> CollectGoldIngotTask ph=NETHER @-25,48,-5 sky=0 wet=false ground=false pick=1 buck=2 iron=0 ore=1 rods=0 pearls=0 eyes=0
[m[34m[21:29:40][m [32m[main/INFO][m [36m(Minecraft)[m [0m[CHAT] §2§l§o[TenorClef] §rMineAndCollect: equip item.minecraft.iron_pickaxe for block.minecraft.nether_gold_ore
[m[34m[21:29:40][m [32m[main/INFO][m [36m(Minecraft)[m [0m[CHAT] §2§l§o[TenorClef] §rT2 [HIST] 8:23.3 WHY nether: gold helm on head before fortress
[m[34m[21:29:40][m [32m[main/INFO][m [36m(Minecraft)[m [0m[CHAT] §2§l§o[TenorClef] §rT2 [HIST] 8:23.4 CHILD CollectGoldIngotTask -> GetToYTask ph=NETHER @-25,47,-5 sky=0 wet=false ground=false pick=1 buck=2 iron=0 ore=1 rods=0 pearls=0 eyes=0
[m[34m[21:29:40][m [32m[main/INFO][m [36m(Minecraft)[m [0m[CHAT] §2§l§o[TenorClef] §rT2 [NOW] t=8:23.7 ph=NETHER @-25,47,-5 do=<Going to y=52> Completing goal. eq=iron_pickaxe woodpick=1 stonepick=1 pick=1 iron=0 buck=1
[m[34m[21:29:41][m [32m[main/INFO][m [36m(Minecraft)[m [0m[CHAT] §2§l§o[TenorClef] §rT2 [HIST] 8:23.9 CHILD GetToYTask -> CollectGoldIngotTask ph=NETHER @-25,48,-5 sky=0 wet=false ground=false pick=1 buck=2 iron=0 ore=1 rods=0 pearls=0 eyes=0
[m[34m[21:29:41][m [32m[main/INFO][m [36m(Minecraft)[m [0m[CHAT] §2§l§o[TenorClef] §rT2 [HIST] 8:24.2 SNAP ph=NETHER @-25,48,-5 sky=0 wet=false ground=true pick=1 buck=2 iron=0 ore=1 rods=0 pearls=0 eyes=0 child=CollectGoldIngotTask dbg=<Collecting 5 gold.: [[gold_ingot] x 5]>  mobs=none
[m[34m[21:29:41][m [32m[main/INFO][m [36m(Minecraft)[m [0m[CHAT] §2§l§o[TenorClef] §rT2 [HIST] 8:24.4 WHY nether: climb off lava before gold
[m[34m[21:29:41][m [32m[main/INFO][m [36m(Minecraft)[m [0m[CHAT] §2§l§o[TenorClef] §rT2 [HIST] 8:24.4 CHILD CollectGoldIngotTask -> GetToYTask ph=NETHER @-25,47,-5 sky=0 wet=false ground=false pick=1 buck=2 iron=0 ore=1 rods=0 pearls=0 eyes=0
[m[34m[21:29:41][m [32m[main/INFO][m [36m(Minecraft)[m [0m[CHAT] §2§l§o[TenorClef] §rT2 [NOW] t=8:24.7 ph=NETHER @-25,47,-5 do=<Going to y=52> Completing goal. eq=iron_pickaxe woodpick=1 stonepick=1 pick=1 iron=0 buck=1
[m[34m[21:29:41][m [32m[main/INFO][m [36m(Minecraft)[m [0m[CHAT] §2§l§o[TenorClef] §rT2 [HIST] 8:24.8 CHILD GetToYTask -> CollectGoldIngotTask ph=NETHER @-25,48,-5 sky=0 wet=false ground=false pick=1 buck=2 iron=0 ore=1 rods=0 pearls=0 eyes=0
[m[34m[21:29:42][m [32m[main/INFO][m [36m(Minecraft)[m [0m[CHAT] §2§l§o[TenorClef] §rMineAndCollect: equip item.minecraft.iron_pickaxe for block.minecraft.nether_gold_ore
[m[34m[21:29:42][m [32m[main/INFO][m [36m(Minecraft)[m [0m[CHAT] §2§l§o[TenorClef] §rT2 [HIST] 8:25.3 CHILD CollectGoldIngotTask -> GetToYTask ph=NETHER @-25,47,-5 sky=0 wet=false ground=false pick=1 buck=2 iron=0 ore=1 rods=0 pearls=0 eyes=0
[m[34m[21:29:42][m [32m[main/INFO][m [36m(Minecraft)[m [0m[CHAT] §2§l§o[TenorClef] §rT2 [NOW] t=8:25.7 ph=NETHER @-25,47,-5 do=<Going to y=52> Completing goal. eq=iron_pickaxe woodpick=1 stonepick=1 pick=1 iron=0 buck=1
[m[34m[21:29:42][m [32m[main/INFO][m [36m(Minecraft)[m [0m[CHAT] §2§l§o[TenorClef] §rT2 [HIST] 8:25.8 CHILD GetToYTask -> CollectGoldIngotTask ph=NETHER @-25,48,-5 sky=0 wet=false ground=false pick=1 buck=2 iron=0 ore=1 rods=0 pearls=0 eyes=0
[m[34m[21:29:43][m [32m[main/INFO][m [36m(Minecraft)[m [0m[CHAT] §2§l§o[TenorClef] §rT2 [HIST] 8:26.3 CHILD CollectGoldIngotTask -> GetToYTask ph=NETHER @-25,47,-5 sky=0 wet=false ground=false pick=1 buck=2 iron=0 ore=1 rods=0 pearls=0 eyes=0
[m[34m[21:29:43][m [32m[main/INFO][m [36m(Minecraft)[m [0m[CHAT] §2§l§o[TenorClef] §rT2 [HIST] 8:26.6 CHILD GetToYTask -> CollectGoldIngotTask ph=NETHER @-25,48,-5 sky=0 wet=false ground=false pick=1 buck=2 iron=0 ore=1 rods=0 pearls=0 eyes=0
[m[34m[21:29:43][m [32m[main/INFO][m [36m(Minecraft)[m [0m[CHAT] §2§l§o[TenorClef] §rT2 [NOW] t=8:26.7 ph=NETHER @-25,48,-5 do=<Collecting 5 gold.: [[gold_ingot] x 5]>  eq=iron_pickaxe woodpick=1 stonepick=1 pick=1 iron=0 buck=1
[m[34m[21:29:43][m [32m[main/INFO][m [36m(Minecraft)[m [0m[CHAT] §2§l§o[TenorClef] §rT2 [HIST] 8:26.8 SNAP ph=NETHER @-25,48,-5 sky=0 wet=false ground=false pick=1 buck=2 iron=0 ore=1 rods=0 pearls=0 eyes=0 child=CollectGoldIngotTask dbg=<Collecting 5 gold.: [[gold_ingot] x 5]>  mobs=none
[m[34m[21:29:44][m [32m[main/INFO][m [36m(Minecraft)[m [0m[CHAT] §2§l§o[TenorClef] §rMineAndCollect: equip item.minecraft.iron_pickaxe for block.minecraft.nether_gold_ore
[m[34m[21:29:44][m [32m[main/INFO][m [36m(Minecraft)[m [0m[CHAT] §2§l§o[TenorClef] §rT2 [HIST] 8:27.2 CHILD CollectGoldIngotTask -> GetToYTask ph=NETHER @-25,47,-5 sky=0 wet=false ground=false pick=1 buck=2 iron=0 ore=1 rods=0 pearls=0 eyes=0
[m[34m[21:29:44][m [32m[main/INFO][m [36m(Minecraft)[m [0m[CHAT] §2§l§o[TenorClef] §rT2 [HIST] 8:27.4 WHY nether: gold helm on head before fortress
[m[34m[21:29:44][m [32m[main/INFO][m [36m(Minecraft)[m [0m[CHAT] §2§l§o[TenorClef] §rT2 [NOW] t=8:27.7 ph=NETHER @-25,48,-5 do=<Going to y=52> Completing goal. eq=iron_pickaxe woodpick=1 stonepick=1 pick=1 iron=0 buck=1
[m[34m[21:29:44][m [32m[main/INFO][m [36m(Minecraft)[m [0m[CHAT] §2§l§o[TenorClef] §rT2 [HIST] 8:27.7 CHILD GetToYTask -> CollectGoldIngotTask ph=NETHER @-25,48,-5 sky=0 wet=false ground=false pick=1 buck=2 iron=0 ore=1 rods=0 pearls=0 eyes=0
[m[34m[21:29:45][m [32m[main/INFO][m [36m(Minecraft)[m [0m[CHAT] §2§l§o[TenorClef] §rT2 [HIST] 8:28.2 CHILD CollectGoldIngotTask -> GetToYTask ph=NETHER @-25,47,-5 sky=0 wet=false ground=false pick=1 buck=2 iron=0 ore=1 rods=0 pearls=0 eyes=0
[m[34m[21:29:45][m [32m[main/INFO][m [36m(Minecraft)[m [0m[CHAT] §2§l§o[TenorClef] §rT2 [HIST] 8:28.4 WHY nether: climb off lava before gold
[m[34m[21:29:45][m [32m[main/INFO][m [36m(Minecraft)[m [0m[CHAT] §2§l§o[TenorClef] §rT2 [HIST] 8:28.5 CHILD GetToYTask -> CollectGoldIngotTask ph=NETHER @-25,48,-5 sky=0 wet=false ground=false pick=1 buck=2 iron=0 ore=1 rods=0 pearls=0 eyes=0
[m[34m[21:29:45][m [32m[main/INFO][m [36m(Minecraft)[m [0m[CHAT] §2§l§o[TenorClef] §rT2 [NOW] t=8:28.7 ph=NETHER @-26,48,-5 do=<Collecting 5 gold.: [[gold_ingot] x 5]>  eq=iron_pickaxe woodpick=1 stonepick=1 pick=1 iron=0 buck=1
[m[34m[21:29:45][m [32m[main/INFO][m [36m(Minecraft)[m [0m[CHAT] §2§l§o[TenorClef] §rMineAndCollect: equip item.minecraft.iron_pickaxe for block.minecraft.nether_gold_ore
[m[34m[21:29:46][m [32m[ForkJoinPool.commonPool-worker-4/INFO][m [36m(Minecraft)[m [0m[STDOUT]: Saving region 0,0 to disk C:\Users\redfa\Documents\MinecraftDev\altoclef\versions\1.16.1\run\saves\AutoRun_20260924_212048\.\baritone\DIM-1\cache
[m[34m[21:29:46][m [32m[ForkJoinPool.commonPool-worker-5/INFO][m [36m(Minecraft)[m [0m[STDOUT]: Saving region -1,-1 to disk C:\Users\redfa\Documents\MinecraftDev\altoclef\versions\1.16.1\run\saves\AutoRun_20260924_212048\.\baritone\DIM-1\cache
[m[34m[21:29:46][m [32m[ForkJoinPool.commonPool-worker-6/INFO][m [36m(Minecraft)[m [0m[STDOUT]: Saving region 0,-1 to disk C:\Users\redfa\Documents\MinecraftDev\altoclef\versions\1.16.1\run\saves\AutoRun_20260924_212048\.\baritone\DIM-1\cache
[m[34m[21:29:46][m [32m[pool-5-thread-5/INFO][m [36m(Minecraft)[m [0m[STDOUT]: Saving region -1,0 to disk C:\Users\redfa\Documents\MinecraftDev\altoclef\versions\1.16.1\run\saves\AutoRun_20260924_212048\.\baritone\DIM-1\cache
[m[34m[21:29:46][m [32m[ForkJoinPool.commonPool-worker-4/INFO][m [36m(Minecraft)[m [0m[STDOUT]: Saved region successfully
[m[34m[21:29:46][m [32m[ForkJoinPool.commonPool-worker-6/INFO][m [36m(Minecraft)[m [0m[STDOUT]: Saved region successfully
[m[34m[21:29:46][m [32m[pool-5-thread-5/INFO][m [36m(Minecraft)[m [0m[STDOUT]: Saved region successfully
[m[34m[21:29:46][m [32m[ForkJoinPool.commonPool-worker-5/INFO][m [36m(Minecraft)[m [0m[STDOUT]: Saved region successfully
[m[34m[21:29:46][m [32m[pool-5-thread-5/INFO][m [36m(Minecraft)[m [0m[STDOUT]: World save took 63ms
[m[34m[21:29:46][m [32m[main/INFO][m [36m(Minecraft)[m [0m[CHAT] §2§l§o[TenorClef] §rT2 [HIST] 8:29.1 CHILD CollectGoldIngotTask -> GetToYTask ph=NETHER @-25,47,-5 sky=0 wet=false ground=false pick=1 buck=2 iron=0 ore=1 rods=0 pearls=0 eyes=0
[m[34m[21:29:46][m [32m[main/INFO][m [36m(Minecraft)[m [0m[CHAT] §2§l§o[TenorClef] §rT2 [HIST] 8:29.3 SNAP ph=NETHER @-25,47,-5 sky=0 wet=false ground=false pick=1 buck=2 iron=0 ore=1 rods=0 pearls=0 eyes=0 child=GetToYTask dbg=<Going to y=52> Completing goal. mobs=none
[m[34m[21:29:46][m [32m[main/INFO][m [36m(Minecraft)[m [0m[CHAT] §2§l§o[TenorClef] §rT2 [HIST] 8:29.6 CHILD GetToYTask -> CollectGoldIngotTask ph=NETHER @-25,48,-5 sky=0 wet=false ground=false pick=1 buck=2 iron=0 ore=1 rods=0 pearls=0 eyes=0
[m[34m[21:29:46][m [32m[main/INFO][m [36m(Minecraft)[m [0m[CHAT] §2§l§o[TenorClef] §rT2 [NOW] t=8:29.7 ph=NETHER @-25,48,-5 do=<Collecting 5 gold.: [[gold_ingot] x 5]>  eq=iron_pickaxe woodpick=1 stonepick=1 pick=1 iron=0 buck=1
[m[34m[21:29:47][m [32m[main/INFO][m [36m(Minecraft)[m [0m[CHAT] §2§l§o[TenorClef] §rT2 [HIST] 8:30.1 CHILD CollectGoldIngotTask -> GetToYTask ph=NETHER @-25,47,-5 sky=0 wet=false ground=false pick=1 buck=2 iron=0 ore=1 rods=0 pearls=0 eyes=0
[m[34m[21:29:47][m [32m[main/INFO][m [36m(Minecraft)[m [0m[CHAT] §2§l§o[TenorClef] §rT2 [HIST] 8:30.5 CHILD GetToYTask -> CollectGoldIngotTask ph=NETHER @-25,48,-5 sky=0 wet=false ground=false pick=1 buck=2 iron=0 ore=1 rods=0 pearls=0 eyes=0
[m[34m[21:29:47][m [32m[main/INFO][m [36m(Minecraft)[m [0m[CHAT] §2§l§o[TenorClef] §rT2 [NOW] t=8:30.7 ph=NETHER @-26,48,-5 do=<Collecting 5 gold.: [[gold_ingot] x 5]>  eq=cobblestone woodpick=1 stonepick=1 pick=1 iron=0 buck=1
[m[34m[21:29:47][m [32m[main/INFO][m [36m(Minecraft)[m [0m[CHAT] §2§l§o[TenorClef] §rMineAndCollect: equip item.minecraft.iron_pickaxe for block.minecraft.nether_gold_ore
[m[34m[21:29:48][m [32m[main/INFO][m [36m(Minecraft)[m [0m[CHAT] §2§l§o[TenorClef] §rRefreshed inventory...
[m[34m[21:29:48][m [32m[main/INFO][m [36m(Minecraft)[m [0m[CHAT] §2§l§o[TenorClef] §rT2 [HIST] 8:31.0 CHILD CollectGoldIngotTask -> GetToYTask ph=NETHER @-25,47,-5 sky=0 wet=false ground=false pick=1 buck=2 iron=0 ore=1 rods=0 pearls=0 eyes=0
[m[34m[21:29:48][m [32m[main/INFO][m [36m(Minecraft)[m [0m[CHAT] §2§l§o[TenorClef] §rT2 [HIST] 8:31.4 WHY nether: gold helm on head before fortress
[m[34m[21:29:48][m [32m[main/INFO][m [36m(Minecraft)[m [0m[CHAT] §2§l§o[TenorClef] §rT2 [HIST] 8:31.5 CHILD GetToYTask -> CollectGoldIngotTask ph=NETHER @-25,48,-5 sky=0 wet=false ground=false pick=1 buck=2 iron=0 ore=1 rods=0 pearls=0 eyes=0
[m[34m[21:29:48][m [32m[main/INFO][m [36m(Minecraft)[m [0m[CHAT] §2§l§o[TenorClef] §rT2 [NOW] t=8:31.7 ph=NETHER @-25,48,-5 do=<Collecting 5 gold.: [[gold_ingot] x 5]>  eq=iron_pickaxe woodpick=1 stonepick=1 pick=1 iron=0 buck=1
[m[34m[21:29:48][m [32m[main/INFO][m [36m(Minecraft)[m [0m[CHAT] §2§l§o[TenorClef] §rT2 [HIST] 8:31.7 SNAP ph=NETHER @-26,48,-5 sky=0 wet=false ground=true pick=1 buck=2 iron=0 ore=1 rods=0 pearls=0 eyes=0 child=CollectGoldIngotTask dbg=<Collecting 5 gold.: [[gold_ingot] x 5]>  mobs=none
[m[34m[21:29:49][m [32m[main/INFO][m [36m(Minecraft)[m [0m[CHAT] §2§l§o[TenorClef] §rT2 [HIST] 8:32.0 CHILD CollectGoldIngotTask -> GetToYTask ph=NETHER @-25,47,-5 sky=0 wet=false ground=false pick=1 buck=2 iron=0 ore=1 rods=0 pearls=0 eyes=0
[m[34m[21:29:49][m [32m[main/INFO][m [36m(Minecraft)[m [0m[CHAT] §2§l§o[TenorClef] §rT2 [HIST] 8:32.3 CHILD GetToYTask -> CollectGoldIngotTask ph=NETHER @-25,48,-5 sky=0 wet=false ground=false pick=1 buck=2 iron=0 ore=1 rods=0 pearls=0 eyes=0
[m[34m[21:29:49][m [32m[main/INFO][m [36m(Minecraft)[m [0m[CHAT] §2§l§o[TenorClef] §rMineAndCollect: equip item.minecraft.iron_pickaxe for block.minecraft.nether_gold_ore
[m[34m[21:29:49][m [32m[main/INFO][m [36m(Minecraft)[m [0m[CHAT] §2§l§o[TenorClef] §rT2 [NOW] t=8:32.7 ph=NETHER @-26,48,-5 do=<Collecting 5 gold.: [[gold_ingot] x 5]>  eq=iron_pickaxe woodpick=1 stonepick=1 pick=1 iron=0 buck=1
[m[34m[21:29:50][m [32m[main/INFO][m [36m(Minecraft)[m [0m[CHAT] §2§l§o[TenorClef] §rT2 [HIST] 8:32.9 WHY nether: climb off lava before gold
[m[34m[21:29:50][m [32m[main/INFO][m [36m(Minecraft)[m [0m[CHAT] §2§l§o[TenorClef] §rT2 [HIST] 8:32.9 CHILD CollectGoldIngotTask -> GetToYTask ph=NETHER @-25,47,-5 sky=0 wet=false ground=false pick=1 buck=2 iron=0 ore=1 rods=0 pearls=0 eyes=0
[m[34m[21:29:50][m [32m[main/INFO][m [36m(Minecraft)[m [0m[CHAT] §2§l§o[TenorClef] §rT2 [HIST] 8:33.4 CHILD GetToYTask -> CollectGoldIngotTask ph=NETHER @-25,48,-5 sky=0 wet=false ground=false pick=1 buck=2 iron=0 ore=1 rods=0 pearls=0 eyes=0
[m[34m[21:29:50][m [32m[main/INFO][m [36m(Minecraft)[m [0m[CHAT] §2§l§o[TenorClef] §rT2 [NOW] t=8:33.7 ph=NETHER @-25,48,-5 do=<Collecting 5 gold.: [[gold_ingot] x 5]>  eq=iron_pickaxe woodpick=1 stonepick=1 pick=1 iron=0 buck=1
[m[34m[21:29:50][m [32m[main/INFO][m [36m(Minecraft)[m [0m[CHAT] §2§l§o[TenorClef] §rT2 [HIST] 8:33.9 CHILD CollectGoldIngotTask -> GetToYTask ph=NETHER @-25,47,-5 sky=0 wet=false ground=false pick=1 buck=2 iron=0 ore=1 rods=0 pearls=0 eyes=0
[m[34m[21:29:51][m [32m[main/INFO][m [36m(Minecraft)[m [0m[CHAT] §2§l§o[TenorClef] §rT2 [HIST] 8:34.3 CHILD GetToYTask -> CollectGoldIngotTask ph=NETHER @-25,48,-5 sky=0 wet=false ground=false pick=1 buck=2 iron=0 ore=1 rods=0 pearls=0 eyes=0
[m[34m[21:29:51][m [32m[main/INFO][m [36m(Minecraft)[m [0m[CHAT] §2§l§o[TenorClef] §rT2 [HIST] 8:34.3 SNAP ph=NETHER @-25,48,-5 sky=0 wet=false ground=false pick=1 buck=2 iron=0 ore=1 rods=0 pearls=0 eyes=0 child=CollectGoldIngotTask dbg=<Collecting 5 gold.: [[gold_ingot] x 5]>  mobs=none
[m[34m[21:29:51][m [32m[main/INFO][m [36m(Minecraft)[m [0m[CHAT] §2§l§o[TenorClef] §rMineAndCollect: equip item.minecraft.iron_pickaxe for block.minecraft.nether_gold_ore
[m[34m[21:29:51][m [32m[main/INFO][m [36m(Minecraft)[m [0m[CHAT] §2§l§o[TenorClef] §rT2 [NOW] t=8:34.7 ph=NETHER @-25,48,-5 do=<Collecting 5 gold.: [[gold_ingot] x 5]>  eq=iron_pickaxe woodpick=1 stonepick=1 pick=1 iron=0 buck=1
[m[34m[21:29:51][m [32m[main/INFO][m [36m(Minecraft)[m [0m[CHAT] §2§l§o[TenorClef] §rT2 [HIST] 8:34.8 CHILD CollectGoldIngotTask -> GetToYTask ph=NETHER @-25,47,-5 sky=0 wet=false ground=false pick=1 buck=2 iron=0 ore=1 rods=0 pearls=0 eyes=0
[m[34m[21:29:52][m [32m[main/INFO][m [36m(Minecraft)[m [0m[CHAT] §2§l§o[TenorClef] §rT2 [HIST] 8:35.3 CHILD GetToYTask -> CollectGoldIngotTask ph=NETHER @-25,48,-5 sky=0 wet=false ground=false pick=1 buck=2 iron=0 ore=1 rods=0 pearls=0 eyes=0
[m[34m[21:29:52][m [32m[main/INFO][m [36m(Minecraft)[m [0m[CHAT] §2§l§o[TenorClef] §rT2 [HIST] 8:35.4 WHY nether: gold helm on head before fortress
[m[34m[21:29:52][m [32m[main/INFO][m [36m(Minecraft)[m [0m[CHAT] §2§l§o[TenorClef] §rT2 [NOW] t=8:35.7 ph=NETHER @-25,48,-5 do=<Collecting 5 gold.: [[gold_ingot] x 5]>  eq=iron_pickaxe woodpick=1 stonepick=1 pick=1 iron=0 buck=1
[m[34m[21:29:52][m [32m[main/INFO][m [36m(Minecraft)[m [0m[CHAT] §2§l§o[TenorClef] §rT2 [HIST] 8:35.7 CHILD CollectGoldIngotTask -> GetToYTask ph=NETHER @-25,47,-5 sky=0 wet=false ground=false pick=1 buck=2 iron=0 ore=1 rods=0 pearls=0 eyes=0
[m[34m[21:29:53][m [32m[main/INFO][m [36m(Minecraft)[m [0m[CHAT] §2§l§o[TenorClef] §rT2 [HIST] 8:36.1 CHILD GetToYTask -> CollectGoldIngotTask ph=NETHER @-25,48,-5 sky=0 wet=false ground=false pick=1 buck=2 iron=0 ore=1 rods=0 pearls=0 eyes=0
[m[34m[21:29:53][m [32m[main/INFO][m [36m(Minecraft)[m [0m[CHAT] §2§l§o[TenorClef] §rMineAndCollect: equip item.minecraft.iron_pickaxe for block.minecraft.nether_gold_ore
[m[34m[21:29:53][m [32m[main/INFO][m [36m(Minecraft)[m [0m[CHAT] §2§l§o[TenorClef] §rT2 [NOW] t=8:36.7 ph=NETHER @-25,47,-5 do=<Collecting 5 gold.: [[gold_ingot] x 5]>  eq=iron_pickaxe woodpick=1 stonepick=1 pick=1 iron=0 buck=1
[m[34m[21:29:53][m [32m[main/INFO][m [36m(Minecraft)[m [0m[CHAT] §2§l§o[TenorClef] §rT2 [HIST] 8:36.7 CHILD CollectGoldIngotTask -> GetToYTask ph=NETHER @-25,47,-5 sky=0 wet=false ground=false pick=1 buck=2 iron=0 ore=1 rods=0 pearls=0 eyes=0
[m[34m[21:29:53][m [32m[main/INFO][m [36m(Minecraft)[m [0m[CHAT] §2§l§o[TenorClef] §rT2 [HIST] 8:36.8 SNAP ph=NETHER @-25,47,-5 sky=0 wet=false ground=false pick=1 buck=2 iron=0 ore=1 rods=0 pearls=0 eyes=0 child=GetToYTask dbg=<Going to y=52> Completing goal. mobs=none
[m[34m[21:29:54][m [32m[main/INFO][m [36m(Minecraft)[m [0m[CHAT] §2§l§o[TenorClef] §rT2 [HIST] 8:36.9 WHY nether: climb off lava before gold
[m[34m[21:29:54][m [32m[main/INFO][m [36m(Minecraft)[m [0m[CHAT] §2§l§o[TenorClef] §rT2 [HIST] 8:37.2 CHILD GetToYTask -> CollectGoldIngotTask ph=NETHER @-25,48,-5 sky=0 wet=false ground=false pick=1 buck=2 iron=0 ore=1 rods=0 pearls=0 eyes=0
[m[34m[21:29:54][m [32m[main/INFO][m [36m(Minecraft)[m [0m[CHAT] §2§l§o[TenorClef] §rT2 [HIST] 8:37.6 CHILD CollectGoldIngotTask -> GetToYTask ph=NETHER @-25,47,-5 sky=0 wet=false ground=false pick=1 buck=2 iron=0 ore=1 rods=0 pearls=0 eyes=0
[m[34m[21:29:54][m [32m[main/INFO][m [36m(Minecraft)[m [0m[CHAT] §2§l§o[TenorClef] §rT2 [NOW] t=8:37.7 ph=NETHER @-25,47,-5 do=<Going to y=52> Completing goal. eq=iron_pickaxe woodpick=1 stonepick=1 pick=1 iron=0 buck=1
[m[34m[21:29:55][m [32m[main/INFO][m [36m(Minecraft)[m [0m[CHAT] §2§l§o[TenorClef] §rT2 [HIST] 8:38.0 CHILD GetToYTask -> CollectGoldIngotTask ph=NETHER @-25,48,-5 sky=0 wet=false ground=false pick=1 buck=2 iron=0 ore=1 rods=0 pearls=0 eyes=0
[m[34m[21:29:55][m [32m[main/INFO][m [36m(Minecraft)[m [0m[CHAT] §2§l§o[TenorClef] §rMineAndCollect: equip item.minecraft.iron_pickaxe for block.minecraft.nether_gold_ore
[m[34m[21:29:55][m [32m[main/INFO][m [36m(Minecraft)[m [0m[CHAT] §2§l§o[TenorClef] §rT2 [HIST] 8:38.6 CHILD CollectGoldIngotTask -> GetToYTask ph=NETHER @-25,47,-5 sky=0 wet=false ground=false pick=1 buck=2 iron=0 ore=1 rods=0 pearls=0 eyes=0
[m[34m[21:29:55][m [32m[main/INFO][m [36m(Minecraft)[m [0m[CHAT] §2§l§o[TenorClef] §rT2 [NOW] t=8:38.7 ph=NETHER @-25,47,-5 do=<Going to y=52> Completing goal. eq=iron_pickaxe woodpick=1 stonepick=1 pick=1 iron=0 buck=1
[m[34m[21:29:56][m [32m[main/INFO][m [36m(Minecraft)[m [0m[CHAT] §2§l§o[TenorClef] §rT2 [HIST] 8:39.1 CHILD GetToYTask -> CollectGoldIngotTask ph=NETHER @-25,48,-5 sky=0 wet=false ground=false pick=1 buck=2 iron=0 ore=1 rods=0 pearls=0 eyes=0
[m[34m[21:29:56][m [32m[main/INFO][m [36m(Minecraft)[m [0m[CHAT] §2§l§o[TenorClef] §rT2 [HIST] 8:39.3 SNAP ph=NETHER @-25,48,-5 sky=0 wet=false ground=false pick=1 buck=2 iron=0 ore=1 rods=0 pearls=0 eyes=0 child=CollectGoldIngotTask dbg=<Collecting 5 gold.: [[gold_ingot] x 5]>  mobs=none
[m[34m[21:29:56][m [32m[main/INFO][m [36m(Minecraft)[m [0m[CHAT] §2§l§o[TenorClef] §rT2 [HIST] 8:39.4 WHY nether: gold helm on head before fortress
[m[34m[21:29:56][m [32m[main/INFO][m [36m(Minecraft)[m [0m[CHAT] §2§l§o[TenorClef] §rT2 [HIST] 8:39.6 CHILD CollectGoldIngotTask -> GetToYTask ph=NETHER @-25,47,-5 sky=0 wet=false ground=false pick=1 buck=2 iron=0 ore=1 rods=0 pearls=0 eyes=0
[m[34m[21:29:56][m [32m[main/INFO][m [36m(Minecraft)[m [0m[CHAT] §2§l§o[TenorClef] §rT2 [NOW] t=8:39.7 ph=NETHER @-25,47,-5 do=<Going to y=52> Completing goal. eq=iron_pickaxe woodpick=1 stonepick=1 pick=1 iron=0 buck=1
[m[34m[21:29:57][m [32m[main/INFO][m [36m(Minecraft)[m [0m[CHAT] §2§l§o[TenorClef] §rT2 [HIST] 8:40.0 CHILD GetToYTask -> CollectGoldIngotTask ph=NETHER @-25,48,-5 sky=0 wet=false ground=false pick=1 buck=2 iron=0 ore=1 rods=0 pearls=0 eyes=0
[m[34m[21:29:57][m [32m[main/INFO][m [36m(Minecraft)[m [0m[CHAT] §2§l§o[TenorClef] §rMineAndCollect: equip item.minecraft.iron_pickaxe for block.minecraft.nether_gold_ore
[m[34m[21:29:57][m [32m[main/INFO][m [36m(Minecraft)[m [0m[CHAT] §2§l§o[TenorClef] §rT2 [HIST] 8:40.5 CHILD CollectGoldIngotTask -> GetToYTask ph=NETHER @-25,47,-5 sky=0 wet=false ground=false pick=1 buck=2 iron=0 ore=1 rods=0 pearls=0 eyes=0
[m[34m[21:29:57][m [32m[main/INFO][m [36m(Minecraft)[m [0m[CHAT] §2§l§o[TenorClef] §rT2 [NOW] t=8:40.7 ph=NETHER @-25,47,-5 do=<Going to y=52> Completing goal. eq=iron_pickaxe woodpick=1 stonepick=1 pick=1 iron=0 buck=1
[m[34m[21:29:58][m [32m[main/INFO][m [36m(Minecraft)[m [0m[CHAT] §2§l§o[TenorClef] §rT2 [HIST] 8:40.9 WHY nether: climb off lava before gold
[m[34m[21:29:58][m [32m[main/INFO][m [36m(Minecraft)[m [0m[CHAT] §2§l§o[TenorClef] §rT2 [HIST] 8:41.0 CHILD GetToYTask -> CollectGoldIngotTask ph=NETHER @-25,48,-5 sky=0 wet=false ground=false pick=1 buck=2 iron=0 ore=1 rods=0 pearls=0 eyes=0
[m[34m[21:29:58][m [32m[main/INFO][m [36m(Minecraft)[m [0m[CHAT] §2§l§o[TenorClef] §rT2 [HIST] 8:41.4 CHILD CollectGoldIngotTask -> GetToYTask ph=NETHER @-25,47,-5 sky=0 wet=false ground=false pick=1 buck=2 iron=0 ore=1 rods=0 pearls=0 eyes=0
[m[34m[21:29:58][m [32m[main/INFO][m [36m(Minecraft)[m [0m[CHAT] §2§l§o[TenorClef] §rT2 [NOW] t=8:41.7 ph=NETHER @-25,47,-5 do=<Going to y=52> Completing goal. eq=iron_pickaxe woodpick=1 stonepick=1 pick=1 iron=0 buck=1
[m[34m[21:29:58][m [32m[main/INFO][m [36m(Minecraft)[m [0m[CHAT] §2§l§o[TenorClef] §rT2 [HIST] 8:41.8 SNAP ph=NETHER @-25,47,-5 sky=0 wet=false ground=false pick=1 buck=2 iron=0 ore=1 rods=0 pearls=0 eyes=0 child=GetToYTask dbg=<Going to y=52> Completing goal. mobs=none
[m[34m[21:29:58][m [32m[main/INFO][m [36m(Minecraft)[m [0m[CHAT] §2§l§o[TenorClef] §rT2 [HIST] 8:41.9 CHILD GetToYTask -> CollectGoldIngotTask ph=NETHER @-25,48,-5 sky=0 wet=false ground=false pick=1 buck=2 iron=0 ore=1 rods=0 pearls=0 eyes=0
[m[34m[21:29:59][m [32m[main/INFO][m [36m(Minecraft)[m [0m[CHAT] §2§l§o[TenorClef] §rMineAndCollect: equip item.minecraft.iron_pickaxe for block.minecraft.nether_gold_ore
[m[34m[21:29:59][m [32m[main/INFO][m [36m(Minecraft)[m [0m[CHAT] §2§l§o[TenorClef] §rT2 [HIST] 8:42.4 CHILD CollectGoldIngotTask -> GetToYTask ph=NETHER @-25,47,-5 sky=0 wet=false ground=false pick=1 buck=2 iron=0 ore=1 rods=0 pearls=0 eyes=0
[m[34m[21:29:59][m [32m[main/INFO][m [36m(Minecraft)[m [0m[CHAT] §2§l§o[TenorClef] §rT2 [NOW] t=8:42.7 ph=NETHER @-25,47,-5 do=<Going to y=52> Completing goal. eq=iron_pickaxe woodpick=1 stonepick=1 pick=1 iron=0 buck=1
[m[34m[21:30:00][m [32m[main/INFO][m [36m(Minecraft)[m [0m[CHAT] §2§l§o[TenorClef] §rT2 [HIST] 8:42.9 CHILD GetToYTask -> CollectGoldIngotTask ph=NETHER @-25,48,-5 sky=0 wet=false ground=false pick=1 buck=2 iron=0 ore=1 rods=0 pearls=0 eyes=0
[m[34m[21:30:00][m [32m[main/INFO][m [36m(Minecraft)[m [0m[CHAT] §2§l§o[TenorClef] §rT2 [HIST] 8:43.4 CHILD CollectGoldIngotTask -> GetToYTask ph=NETHER @-25,47,-5 sky=0 wet=false ground=false pick=1 buck=2 iron=0 ore=1 rods=0 pearls=0 eyes=0
[m[34m[21:30:00][m [32m[main/INFO][m [36m(Minecraft)[m [0m[CHAT] §2§l§o[TenorClef] §rT2 [HIST] 8:43.4 WHY nether: gold helm on head before fortress
[m[34m[21:30:00][m [32m[main/INFO][m [36m(Minecraft)[m [0m[CHAT] §2§l§o[TenorClef] §rT2 [NOW] t=8:43.7 ph=NETHER @-25,47,-5 do=<Going to y=52> Completing goal. eq=iron_pickaxe woodpick=1 stonepick=1 pick=1 iron=0 buck=1
[m[34m[21:30:00][m [32m[main/INFO][m [36m(Minecraft)[m [0m[CHAT] §2§l§o[TenorClef] §rT2 [HIST] 8:43.8 CHILD GetToYTask -> CollectGoldIngotTask ph=NETHER @-25,48,-5 sky=0 wet=false ground=false pick=1 buck=2 iron=0 ore=1 rods=0 pearls=0 eyes=0
[m[34m[21:30:01][m [32m[main/INFO][m [36m(Minecraft)[m [0m[CHAT] §2§l§o[TenorClef] §rMineAndCollect: equip item.minecraft.iron_pickaxe for block.minecraft.nether_gold_ore
[m[34m[21:30:01][m [32m[main/INFO][m [36m(Minecraft)[m [0m[CHAT] §2§l§o[TenorClef] §rT2 [HIST] 8:44.2 SNAP ph=NETHER @-25,48,-5 sky=0 wet=false ground=true pick=1 buck=2 iron=0 ore=1 rods=0 pearls=0 eyes=0 child=CollectGoldIngotTask dbg=<Collecting 5 gold.: [[gold_ingot] x 5]>  mobs=none
[m[34m[21:30:01][m [32m[main/INFO][m [36m(Minecraft)[m [0m[CHAT] §2§l§o[TenorClef] §rT2 [HIST] 8:44.3 CHILD CollectGoldIngotTask -> GetToYTask ph=NETHER @-25,47,-5 sky=0 wet=false ground=false pick=1 buck=2 iron=0 ore=1 rods=0 pearls=0 eyes=0
[m[34m[21:30:01][m [32m[main/INFO][m [36m(Minecraft)[m [0m[CHAT] §2§l§o[TenorClef] §rT2 [NOW] t=8:44.7 ph=NETHER @-25,47,-5 do=<Going to y=52> Completing goal. eq=iron_pickaxe woodpick=1 stonepick=1 pick=1 iron=0 buck=1
[m[34m[21:30:01][m [32m[main/INFO][m [36m(Minecraft)[m [0m[CHAT] §2§l§o[TenorClef] §rT2 [HIST] 8:44.8 CHILD GetToYTask -> CollectGoldIngotTask ph=NETHER @-25,48,-5 sky=0 wet=false ground=false pick=1 buck=2 iron=0 ore=1 rods=0 pearls=0 eyes=0
[m[34m[21:30:02][m [32m[main/INFO][m [36m(Minecraft)[m [0m[CHAT] §2§l§o[TenorClef] §rT2 [HIST] 8:45.3 WHY nether: climb off lava before gold
[m[34m[21:30:02][m [32m[main/INFO][m [36m(Minecraft)[m [0m[CHAT] §2§l§o[TenorClef] §rT2 [HIST] 8:45.3 CHILD CollectGoldIngotTask -> GetToYTask ph=NETHER @-25,47,-5 sky=0 wet=false ground=false pick=1 buck=2 iron=0 ore=1 rods=0 pearls=0 eyes=0
[m[34m[21:30:02][m [32m[main/INFO][m [36m(Minecraft)[m [0m[CHAT] §2§l§o[TenorClef] §rT2 [HIST] 8:45.6 CHILD GetToYTask -> CollectGoldIngotTask ph=NETHER @-25,48,-5 sky=0 wet=false ground=false pick=1 buck=2 iron=0 ore=1 rods=0 pearls=0 eyes=0
[m[34m[21:30:02][m [32m[main/INFO][m [36m(Minecraft)[m [0m[CHAT] §2§l§o[TenorClef] §rT2 [NOW] t=8:45.7 ph=NETHER @-25,48,-5 do=<Collecting 5 gold.: [[gold_ingot] x 5]>  eq=iron_pickaxe woodpick=1 stonepick=1 pick=1 iron=0 buck=1
[m[34m[21:30:03][m [32m[main/INFO][m [36m(Minecraft)[m [0m[CHAT] §2§l§o[TenorClef] §rMineAndCollect: equip item.minecraft.iron_pickaxe for block.minecraft.nether_gold_ore
[m[34m[21:30:03][m [32m[main/INFO][m [36m(Minecraft)[m [0m[CHAT] §2§l§o[TenorClef] §rT2 [HIST] 8:46.2 CHILD CollectGoldIngotTask -> GetToYTask ph=NETHER @-25,47,-5 sky=0 wet=false ground=false pick=1 buck=2 iron=0 ore=1 rods=0 pearls=0 eyes=0
[m[34m[21:30:03][m [32m[main/INFO][m [36m(Minecraft)[m [0m[CHAT] §2§l§o[TenorClef] §rT2 [NOW] t=8:46.7 ph=NETHER @-25,48,-5 do=<Going to y=52> Completing goal. eq=iron_pickaxe woodpick=1 stonepick=1 pick=1 iron=0 buck=1
[m[34m[21:30:03][m [32m[main/INFO][m [36m(Minecraft)[m [0m[CHAT] §2§l§o[TenorClef] §rT2 [HIST] 8:46.7 CHILD GetToYTask -> CollectGoldIngotTask ph=NETHER @-25,48,-5 sky=0 wet=false ground=false pick=1 buck=2 iron=0 ore=1 rods=0 pearls=0 eyes=0
[m[34m[21:30:03][m [32m[main/INFO][m [36m(Minecraft)[m [0m[CHAT] §2§l§o[TenorClef] §rT2 [HIST] 8:46.7 SNAP ph=NETHER @-25,48,-5 sky=0 wet=false ground=false pick=1 buck=2 iron=0 ore=1 rods=0 pearls=0 eyes=0 child=CollectGoldIngotTask dbg=<Collecting 5 gold.: [[gold_ingot] x 5]>  mobs=none
[m[34m[21:30:04][m [32m[main/INFO][m [36m(Minecraft)[m [0m[CHAT] §2§l§o[TenorClef] §rT2 [HIST] 8:47.1 CHILD CollectGoldIngotTask -> GetToYTask ph=NETHER @-25,47,-5 sky=0 wet=false ground=false pick=1 buck=2 iron=0 ore=1 rods=0 pearls=0 eyes=0
[m[34m[21:30:04][m [32m[main/INFO][m [36m(Minecraft)[m [0m[CHAT] §2§l§o[TenorClef] §rT2 [HIST] 8:47.4 WHY nether: gold helm on head before fortress
[m[34m[21:30:04][m [32m[main/INFO][m [36m(Minecraft)[m [0m[CHAT] §2§l§o[TenorClef] §rT2 [HIST] 8:47.5 CHILD GetToYTask -> CollectGoldIngotTask ph=NETHER @-25,48,-5 sky=0 wet=false ground=false pick=1 buck=2 iron=0 ore=1 rods=0 pearls=0 eyes=0
[m[34m[21:30:04][m [32m[main/INFO][m [36m(Minecraft)[m [0m[CHAT] §2§l§o[TenorClef] §rT2 [NOW] t=8:47.7 ph=NETHER @-26,48,-5 do=<Collecting 5 gold.: [[gold_ingot] x 5]>  eq=iron_pickaxe woodpick=1 stonepick=1 pick=1 iron=0 buck=1
[m[34m[21:30:04][m [32m[main/INFO][m [36m(Minecraft)[m [0m[CHAT] §2§l§o[TenorClef] §rMineAndCollect: equip item.minecraft.iron_pickaxe for block.minecraft.nether_gold_ore
[m[34m[21:30:05][m [32m[main/INFO][m [36m(Minecraft)[m [0m[CHAT] §2§l§o[TenorClef] §rT2 [HIST] 8:48.1 CHILD CollectGoldIngotTask -> GetToYTask ph=NETHER @-25,47,-5 sky=0 wet=false ground=false pick=1 buck=2 iron=0 ore=1 rods=0 pearls=0 eyes=0
[m[34m[21:30:05][m [32m[main/INFO][m [36m(Minecraft)[m [0m[CHAT] §2§l§o[TenorClef] §rT2 [HIST] 8:48.6 CHILD GetToYTask -> CollectGoldIngotTask ph=NETHER @-25,48,-5 sky=0 wet=false ground=false pick=1 buck=2 iron=0 ore=1 rods=0 pearls=0 eyes=0
[m[34m[21:30:05][m [32m[main/INFO][m [36m(Minecraft)[m [0m[CHAT] §2§l§o[TenorClef] §rT2 [NOW] t=8:48.7 ph=NETHER @-25,48,-5 do=<Collecting 5 gold.: [[gold_ingot] x 5]>  eq=iron_pickaxe woodpick=1 stonepick=1 pick=1 iron=0 buck=1
[m[34m[21:30:06][m [32m[main/INFO][m [36m(Minecraft)[m [0m[CHAT] §2§l§o[TenorClef] §rT2 [HIST] 8:49.0 CHILD CollectGoldIngotTask -> GetToYTask ph=NETHER @-25,47,-5 sky=0 wet=false ground=false pick=1 buck=2 iron=0 ore=1 rods=0 pearls=0 eyes=0
[m[34m[21:30:06][m [32m[main/INFO][m [36m(Minecraft)[m [0m[CHAT] §2§l§o[TenorClef] §rT2 [HIST] 8:49.3 WHY nether: climb off lava before gold
[m[34m[21:30:06][m [32m[main/INFO][m [36m(Minecraft)[m [0m[CHAT] §2§l§o[TenorClef] §rT2 [HIST] 8:49.3 SNAP ph=NETHER @-25,47,-5 sky=0 wet=false ground=true pick=1 buck=2 iron=0 ore=1 rods=0 pearls=0 eyes=0 child=GetToYTask dbg=<Going to y=52> Completing goal. mobs=none
[m[34m[21:30:06][m [32m[main/INFO][m [36m(Minecraft)[m [0m[CHAT] §2§l§o[TenorClef] §rT2 [HIST] 8:49.5 CHILD GetToYTask -> CollectGoldIngotTask ph=NETHER @-25,48,-5 sky=0 wet=false ground=false pick=1 buck=2 iron=0 ore=1 rods=0 pearls=0 eyes=0
[m[34m[21:30:06][m [32m[main/INFO][m [36m(Minecraft)[m [0m[CHAT] §2§l§o[TenorClef] §rT2 [NOW] t=8:49.7 ph=NETHER @-26,48,-5 do=<Collecting 5 gold.: [[gold_ingot] x 5]>  eq=cobblestone woodpick=1 stonepick=1 pick=1 iron=0 buck=1
[m[34m[21:30:06][m [32m[main/INFO][m [36m(Minecraft)[m [0m[CHAT] §2§l§o[TenorClef] §rMineAndCollect: equip item.minecraft.iron_pickaxe for block.minecraft.nether_gold_ore
[m[34m[21:30:07][m [32m[main/INFO][m [36m(Minecraft)[m [0m[CHAT] §2§l§o[TenorClef] §rT2 [HIST] 8:50.0 CHILD CollectGoldIngotTask -> GetToYTask ph=NETHER @-25,47,-5 sky=0 wet=false ground=false pick=1 buck=2 iron=0 ore=1 rods=0 pearls=0 eyes=0
[m[34m[21:30:07][m [32m[main/INFO][m [36m(Minecraft)[m [0m[CHAT] §2§l§o[TenorClef] §rT2 [HIST] 8:50.5 CHILD GetToYTask -> CollectGoldIngotTask ph=NETHER @-25,48,-5 sky=0 wet=false ground=false pick=1 buck=2 iron=0 ore=1 rods=0 pearls=0 eyes=0
[m[34m[21:30:07][m [32m[main/INFO][m [36m(Minecraft)[m [0m[CHAT] §2§l§o[TenorClef] §rT2 [NOW] t=8:50.7 ph=NETHER @-25,48,-5 do=<Collecting 5 gold.: [[gold_ingot] x 5]>  eq=iron_pickaxe woodpick=1 stonepick=1 pick=1 iron=0 buck=1
[m[34m[21:30:08][m [32m[main/INFO][m [36m(Minecraft)[m [0m[CHAT] §2§l§o[TenorClef] §rT2 [HIST] 8:51.0 CHILD CollectGoldIngotTask -> GetToYTask ph=NETHER @-25,47,-5 sky=0 wet=false ground=false pick=1 buck=2 iron=0 ore=1 rods=0 pearls=0 eyes=0
[m[34m[21:30:08][m [32m[main/INFO][m [36m(Minecraft)[m [0m[CHAT] §2§l§o[TenorClef] §rT2 [HIST] 8:51.4 CHILD GetToYTask -> CollectGoldIngotTask ph=NETHER @-25,48,-5 sky=0 wet=false ground=false pick=1 buck=2 iron=0 ore=1 rods=0 pearls=0 eyes=0
[m[34m[21:30:08][m [32m[main/INFO][m [36m(Minecraft)[m [0m[CHAT] §2§l§o[TenorClef] §rT2 [HIST] 8:51.4 WHY nether: gold helm on head before fortress
[m[34m[21:30:08][m [32m[main/INFO][m [36m(Minecraft)[m [0m[CHAT] §2§l§o[TenorClef] §rMineAndCollect: equip item.minecraft.iron_pickaxe for block.minecraft.nether_gold_ore
[m[34m[21:30:08][m [32m[main/INFO][m [36m(Minecraft)[m [0m[CHAT] §2§l§o[TenorClef] §rT2 [NOW] t=8:51.7 ph=NETHER @-26,48,-5 do=<Collecting 5 gold.: [[gold_ingot] x 5]>  eq=iron_pickaxe woodpick=1 stonepick=1 pick=1 iron=0 buck=1
[m[34m[21:30:08][m [32m[main/INFO][m [36m(Minecraft)[m [0m[CHAT] §2§l§o[TenorClef] §rT2 [HIST] 8:51.7 SNAP ph=NETHER @-25,48,-5 sky=0 wet=false ground=true pick=1 buck=2 iron=0 ore=1 rods=0 pearls=0 eyes=0 child=CollectGoldIngotTask dbg=<Collecting 5 gold.: [[gold_ingot] x 5]>  mobs=none
[m[34m[21:30:09][m [32m[main/INFO][m [36m(Minecraft)[m [0m[CHAT] §2§l§o[TenorClef] §rT2 [HIST] 8:51.9 CHILD CollectGoldIngotTask -> GetToYTask ph=NETHER @-25,47,-5 sky=0 wet=false ground=false pick=1 buck=2 iron=0 ore=1 rods=0 pearls=0 eyes=0
[m[34m[21:30:09][m [32m[main/INFO][m [36m(Minecraft)[m [0m[CHAT] §2§l§o[TenorClef] §rT2 [HIST] 8:52.4 CHILD GetToYTask -> CollectGoldIngotTask ph=NETHER @-25,48,-5 sky=0 wet=false ground=false pick=1 buck=2 iron=0 ore=1 rods=0 pearls=0 eyes=0
[m[34m[21:30:09][m [32m[main/INFO][m [36m(Minecraft)[m [0m[CHAT] §2§l§o[TenorClef] §rT2 [NOW] t=8:52.7 ph=NETHER @-25,48,-5 do=<Collecting 5 gold.: [[gold_ingot] x 5]>  eq=iron_pickaxe woodpick=1 stonepick=1 pick=1 iron=0 buck=1
[m[34m[21:30:09][m [32m[main/INFO][m [36m(Minecraft)[m [0m[CHAT] §2§l§o[TenorClef] §rT2 [HIST] 8:52.8 CHILD CollectGoldIngotTask -> GetToYTask ph=NETHER @-25,47,-5 sky=0 wet=false ground=false pick=1 buck=2 iron=0 ore=1 rods=0 pearls=0 eyes=0
[m[34m[21:30:10][m [32m[main/INFO][m [36m(Minecraft)[m [0m[CHAT] §2§l§o[TenorClef] §rT2 [HIST] 8:53.3 CHILD GetToYTask -> CollectGoldIngotTask ph=NETHER @-25,48,-5 sky=0 wet=false ground=false pick=1 buck=2 iron=0 ore=1 rods=0 pearls=0 eyes=0
[m[34m[21:30:10][m [32m[main/INFO][m [36m(Minecraft)[m [0m[CHAT] §2§l§o[TenorClef] §rMineAndCollect: equip item.minecraft.iron_pickaxe for block.minecraft.nether_gold_ore
[m[34m[21:30:10][m [32m[main/INFO][m [36m(Minecraft)[m [0m[CHAT] §2§l§o[TenorClef] §rT2 [NOW] t=8:53.7 ph=NETHER @-25,48,-5 do=<Collecting 5 gold.: [[gold_ingot] x 5]>  eq=iron_pickaxe woodpick=1 stonepick=1 pick=1 iron=0 buck=1
[m[34m[21:30:10][m [32m[main/INFO][m [36m(Minecraft)[m [0m[CHAT] §2§l§o[TenorClef] §rT2 [HIST] 8:53.8 WHY nether: climb off lava before gold
[m[34m[21:30:10][m [32m[main/INFO][m [36m(Minecraft)[m [0m[CHAT] §2§l§o[TenorClef] §rT2 [HIST] 8:53.8 CHILD CollectGoldIngotTask -> GetToYTask ph=NETHER @-25,47,-5 sky=0 wet=false ground=false pick=1 buck=2 iron=0 ore=1 rods=0 pearls=0 eyes=0
[m[34m[21:30:11][m [32m[main/INFO][m [36m(Minecraft)[m [0m[CHAT] §2§l§o[TenorClef] §rT2 [HIST] 8:54.3 SNAP ph=NETHER @-25,47,-5 sky=0 wet=false ground=false pick=1 buck=2 iron=0 ore=1 rods=0 pearls=0 eyes=0 child=GetToYTask dbg=<Going to y=52> Completing goal. mobs=none
[m[34m[21:30:11][m [32m[main/INFO][m [36m(Minecraft)[m [0m[CHAT] §2§l§o[TenorClef] §rT2 [HIST] 8:54.3 CHILD GetToYTask -> CollectGoldIngotTask ph=NETHER @-25,48,-5 sky=0 wet=false ground=false pick=1 buck=2 iron=0 ore=1 rods=0 pearls=0 eyes=0
[m[34m[21:30:11][m [32m[main/INFO][m [36m(Minecraft)[m [0m[CHAT] §2§l§o[TenorClef] §rT2 [NOW] t=8:54.7 ph=NETHER @-25,48,-5 do=<Collecting 5 gold.: [[gold_ingot] x 5]>  eq=iron_pickaxe woodpick=1 stonepick=1 pick=1 iron=0 buck=1
[m[34m[21:30:11][m [32m[main/INFO][m [36m(Minecraft)[m [0m[CHAT] §2§l§o[TenorClef] §rT2 [HIST] 8:54.7 CHILD CollectGoldIngotTask -> GetToYTask ph=NETHER @-25,47,-5 sky=0 wet=false ground=false pick=1 buck=2 iron=0 ore=1 rods=0 pearls=0 eyes=0
[m[34m[21:30:12][m [32m[main/INFO][m [36m(Minecraft)[m [0m[CHAT] §2§l§o[TenorClef] §rT2 [HIST] 8:55.1 CHILD GetToYTask -> CollectGoldIngotTask ph=NETHER @-25,48,-5 sky=0 wet=false ground=false pick=1 buck=2 iron=0 ore=1 rods=0 pearls=0 eyes=0
[m[34m[21:30:12][m [32m[main/INFO][m [36m(Minecraft)[m [0m[CHAT] §2§l§o[TenorClef] §rMineAndCollect: equip item.minecraft.iron_pickaxe for block.minecraft.nether_gold_ore
[m[34m[21:30:12][m [32m[main/INFO][m [36m(Minecraft)[m [0m[CHAT] §2§l§o[TenorClef] §rT2 [HIST] 8:55.5 WHY nether: gold helm on head before fortress
[m[34m[21:30:12][m [32m[main/INFO][m [36m(Minecraft)[m [0m[CHAT] §2§l§o[TenorClef] §rT2 [NOW] t=8:55.7 ph=NETHER @-25,47,-5 do=<Collecting 5 gold.: [[gold_ingot] x 5]>  eq=iron_pickaxe woodpick=1 stonepick=1 pick=1 iron=0 buck=1
[m[34m[21:30:12][m [32m[main/INFO][m [36m(Minecraft)[m [0m[CHAT] §2§l§o[TenorClef] §rT2 [HIST] 8:55.7 CHILD CollectGoldIngotTask -> GetToYTask ph=NETHER @-25,47,-5 sky=0 wet=false ground=false pick=1 buck=2 iron=0 ore=1 rods=0 pearls=0 eyes=0
[m[34m[21:30:13][m [32m[main/INFO][m [36m(Minecraft)[m [0m[CHAT] §2§l§o[TenorClef] §rT2 [HIST] 8:56.2 CHILD GetToYTask -> CollectGoldIngotTask ph=NETHER @-25,48,-5 sky=0 wet=false ground=false pick=1 buck=2 iron=0 ore=1 rods=0 pearls=0 eyes=0
[m[34m[21:30:13][m [32m[main/INFO][m [36m(Minecraft)[m [0m[CHAT] §2§l§o[TenorClef] §rT2 [HIST] 8:56.7 CHILD CollectGoldIngotTask -> GetToYTask ph=NETHER @-25,47,-5 sky=0 wet=false ground=false pick=1 buck=2 iron=0 ore=1 rods=0 pearls=0 eyes=0
[m[34m[21:30:13][m [32m[main/INFO][m [36m(Minecraft)[m [0m[CHAT] §2§l§o[TenorClef] §rT2 [NOW] t=8:56.7 ph=NETHER @-25,47,-5 do=<Going to y=52> Completing goal. eq=iron_pickaxe woodpick=1 stonepick=1 pick=1 iron=0 buck=1
[m[34m[21:30:13][m [32m[main/INFO][m [36m(Minecraft)[m [0m[CHAT] §2§l§o[TenorClef] §rT2 [HIST] 8:56.7 SNAP ph=NETHER @-25,47,-5 sky=0 wet=false ground=false pick=1 buck=2 iron=0 ore=1 rods=0 pearls=0 eyes=0 child=GetToYTask dbg=<Going to y=52> Completing goal. mobs=none
[m[34m[21:30:14][m [32m[main/INFO][m [36m(Minecraft)[m [0m[CHAT] §2§l§o[TenorClef] §rT2 [HIST] 8:57.1 CHILD GetToYTask -> CollectGoldIngotTask ph=NETHER @-25,48,-5 sky=0 wet=false ground=false pick=1 buck=2 iron=0 ore=1 rods=0 pearls=0 eyes=0
[m[34m[21:30:14][m [32m[main/INFO][m [36m(Minecraft)[m [0m[CHAT] §2§l§o[TenorClef] §rMineAndCollect: equip item.minecraft.iron_pickaxe for block.minecraft.nether_gold_ore
[m[34m[21:30:14][m [32m[main/INFO][m [36m(Minecraft)[m [0m[CHAT] §2§l§o[TenorClef] §rT2 [HIST] 8:57.6 CHILD CollectGoldIngotTask -> GetToYTask ph=NETHER @-25,47,-5 sky=0 wet=false ground=false pick=1 buck=2 iron=0 ore=1 rods=0 pearls=0 eyes=0
[m[34m[21:30:14][m [32m[main/INFO][m [36m(Minecraft)[m [0m[CHAT] §2§l§o[TenorClef] §rT2 [NOW] t=8:57.7 ph=NETHER @-25,47,-5 do=<Going to y=52> Completing goal. eq=iron_pickaxe woodpick=1 stonepick=1 pick=1 iron=0 buck=1
[m[34m[21:30:14][m [32m[main/INFO][m [36m(Minecraft)[m [0m[CHAT] §2§l§o[TenorClef] §rT2 [HIST] 8:57.9 WHY nether: climb off lava before gold
[m[34m[21:30:15][m [32m[main/INFO][m [36m(Minecraft)[m [0m[CHAT] §2§l§o[TenorClef] §rT2 [HIST] 8:58.1 CHILD GetToYTask -> CollectGoldIngotTask ph=NETHER @-25,48,-5 sky=0 wet=false ground=false pick=1 buck=2 iron=0 ore=1 rods=0 pearls=0 eyes=0
[m[34m[21:30:15][m [32m[main/INFO][m [36m(Minecraft)[m [0m[CHAT] §2§l§o[TenorClef] §rT2 [HIST] 8:58.6 CHILD CollectGoldIngotTask -> GetToYTask ph=NETHER @-25,47,-5 sky=0 wet=false ground=false pick=1 buck=2 iron=0 ore=1 rods=0 pearls=0 eyes=0
[m[34m[21:30:15][m [32m[main/INFO][m [36m(Minecraft)[m [0m[CHAT] §2§l§o[TenorClef] §rT2 [NOW] t=8:58.7 ph=NETHER @-25,47,-5 do=<Going to y=52> Completing goal. eq=iron_pickaxe woodpick=1 stonepick=1 pick=1 iron=0 buck=1
[m[34m[21:30:16][m [32m[main/INFO][m [36m(Minecraft)[m [0m[CHAT] §2§l§o[TenorClef] §rT2 [HIST] 8:58.9 CHILD GetToYTask -> CollectGoldIngotTask ph=NETHER @-25,48,-5 sky=0 wet=false ground=false pick=1 buck=2 iron=0 ore=1 rods=0 pearls=0 eyes=0
[m[34m[21:30:16][m [32m[main/INFO][m [36m(Minecraft)[m [0m[CHAT] §2§l§o[TenorClef] §rMineAndCollect: equip item.minecraft.iron_pickaxe for block.minecraft.nether_gold_ore
[m[34m[21:30:16][m [32m[main/INFO][m [36m(Minecraft)[m [0m[CHAT] §2§l§o[TenorClef] §rT2 [HIST] 8:59.2 SNAP ph=NETHER @-26,48,-5 sky=0 wet=false ground=true pick=1 buck=2 iron=0 ore=1 rods=0 pearls=0 eyes=0 child=CollectGoldIngotTask dbg=<Collecting 5 gold.: [[gold_ingot] x 5]>  mobs=none
[m[34m[21:30:16][m [32m[main/INFO][m [36m(Minecraft)[m [0m[CHAT] §2§l§o[TenorClef] §rT2 [HIST] 8:59.5 WHY nether: gold helm on head before fortress
[m[34m[21:30:16][m [32m[main/INFO][m [36m(Minecraft)[m [0m[CHAT] §2§l§o[TenorClef] §rT2 [HIST] 8:59.5 CHILD CollectGoldIngotTask -> GetToYTask ph=NETHER @-25,47,-5 sky=0 wet=false ground=false pick=1 buck=2 iron=0 ore=1 rods=0 pearls=0 eyes=0
[m[34m[21:30:16][m [32m[main/INFO][m [36m(Minecraft)[m [0m[CHAT] §2§l§o[TenorClef] §rT2 [NOW] t=8:59.7 ph=NETHER @-25,47,-5 do=<Going to y=52> Completing goal. eq=iron_pickaxe woodpick=1 stonepick=1 pick=1 iron=0 buck=1
[m[34m[21:30:17][m [32m[main/INFO][m [36m(Minecraft)[m [0m[CHAT] §2§l§o[TenorClef] §rT2 [HIST] 9:00.0 CHILD GetToYTask -> CollectGoldIngotTask ph=NETHER @-25,48,-5 sky=0 wet=false ground=false pick=1 buck=2 iron=0 ore=1 rods=0 pearls=0 eyes=0
[m[34m[21:30:17][m [32m[main/INFO][m [36m(Minecraft)[m [0m[CHAT] §2§l§o[TenorClef] §rT2 [HIST] 9:00.5 CHILD CollectGoldIngotTask -> GetToYTask ph=NETHER @-25,47,-5 sky=0 wet=false ground=false pick=1 buck=2 iron=0 ore=1 rods=0 pearls=0 eyes=0
[m[34m[21:30:17][m [32m[main/INFO][m [36m(Minecraft)[m [0m[CHAT] §2§l§o[TenorClef] §rT2 [NOW] t=9:00.7 ph=NETHER @-25,47,-5 do=<Going to y=52> Completing goal. eq=iron_pickaxe woodpick=1 stonepick=1 pick=1 iron=0 buck=1
[m[34m[21:30:17][m [32m[main/INFO][m [36m(Minecraft)[m [0m[CHAT] §2§l§o[TenorClef] §rT2 [HIST] 9:00.9 CHILD GetToYTask -> CollectGoldIngotTask ph=NETHER @-25,48,-5 sky=0 wet=false ground=false pick=1 buck=2 iron=0 ore=1 rods=0 pearls=0 eyes=0
[m[34m[21:30:18][m [32m[main/INFO][m [36m(Minecraft)[m [0m[CHAT] §2§l§o[TenorClef] §rRefreshed inventory...
[m[34m[21:30:18][m [32m[main/INFO][m [36m(Minecraft)[m [0m[CHAT] §2§l§o[TenorClef] §rMineAndCollect: equip item.minecraft.iron_pickaxe for block.minecraft.nether_gold_ore
[m[34m[21:30:18][m [32m[main/INFO][m [36m(Minecraft)[m [0m[CHAT] §2§l§o[TenorClef] §rT2 [HIST] 9:01.4 CHILD CollectGoldIngotTask -> GetToYTask ph=NETHER @-25,47,-5 sky=0 wet=false ground=false pick=1 buck=2 iron=0 ore=1 rods=0 pearls=0 eyes=0
[m[34m[21:30:18][m [32m[main/INFO][m [36m(Minecraft)[m [0m[CHAT] §2§l§o[TenorClef] §rT2 [NOW] t=9:01.7 ph=NETHER @-25,47,-5 do=<Going to y=52> Completing goal. eq=iron_pickaxe woodpick=1 stonepick=1 pick=1 iron=0 buck=1
[m[34m[21:30:18][m [32m[main/INFO][m [36m(Minecraft)[m [0m[CHAT] §2§l§o[TenorClef] §rT2 [HIST] 9:01.7 SNAP ph=NETHER @-25,47,-5 sky=0 wet=false ground=true pick=1 buck=2 iron=0 ore=1 rods=0 pearls=0 eyes=0 child=GetToYTask dbg=<Going to y=52> Completing goal. mobs=none
[m[34m[21:30:19][m [32m[main/INFO][m [36m(Minecraft)[m [0m[CHAT] §2§l§o[TenorClef] §rT2 [HIST] 9:01.9 CHILD GetToYTask -> CollectGoldIngotTask ph=NETHER @-25,48,-5 sky=0 wet=false ground=false pick=1 buck=2 iron=0 ore=1 rods=0 pearls=0 eyes=0
[m[34m[21:30:19][m [32m[main/INFO][m [36m(Minecraft)[m [0m[CHAT] §2§l§o[TenorClef] §rT2 [HIST] 9:02.3 WHY nether: climb off lava before gold
[m[34m[21:30:19][m [32m[main/INFO][m [36m(Minecraft)[m [0m[CHAT] §2§l§o[TenorClef] §rT2 [HIST] 9:02.3 CHILD CollectGoldIngotTask -> GetToYTask ph=NETHER @-25,47,-5 sky=0 wet=false ground=false pick=1 buck=2 iron=0 ore=1 rods=0 pearls=0 eyes=0
[m[34m[21:30:19][m [32m[main/INFO][m [36m(Minecraft)[m [0m[CHAT] §2§l§o[TenorClef] §rT2 [NOW] t=9:02.7 ph=NETHER @-25,47,-5 do=<Going to y=52> Completing goal. eq=iron_pickaxe woodpick=1 stonepick=1 pick=1 iron=0 buck=1
[m[34m[21:30:19][m [32m[main/INFO][m [36m(Minecraft)[m [0m[CHAT] §2§l§o[TenorClef] §rT2 [HIST] 9:02.8 CHILD GetToYTask -> CollectGoldIngotTask ph=NETHER @-25,48,-5 sky=0 wet=false ground=false pick=1 buck=2 iron=0 ore=1 rods=0 pearls=0 eyes=0
[m[34m[21:30:20][m [32m[main/INFO][m [36m(Minecraft)[m [0m[CHAT] §2§l§o[TenorClef] §rMineAndCollect: equip item.minecraft.iron_pickaxe for block.minecraft.nether_gold_ore
[m[34m[21:30:20][m [32m[main/INFO][m [36m(Minecraft)[m [0m[CHAT] §2§l§o[TenorClef] §rT2 [HIST] 9:03.3 CHILD CollectGoldIngotTask -> GetToYTask ph=NETHER @-25,47,-5 sky=0 wet=false ground=false pick=1 buck=2 iron=0 ore=1 rods=0 pearls=0 eyes=0
[m[34m[21:30:20][m [32m[main/INFO][m [36m(Minecraft)[m [0m[CHAT] §2§l§o[TenorClef] §rT2 [HIST] 9:03.5 WHY nether: gold helm on head before fortress
[m[34m[21:30:20][m [32m[main/INFO][m [36m(Minecraft)[m [0m[CHAT] §2§l§o[TenorClef] §rT2 [NOW] t=9:03.7 ph=NETHER @-25,47,-5 do=<Going to y=52> Completing goal. eq=iron_pickaxe woodpick=1 stonepick=1 pick=1 iron=0 buck=1
[m[34m[21:30:20][m [32m[main/INFO][m [36m(Minecraft)[m [0m[CHAT] §2§l§o[TenorClef] §rT2 [HIST] 9:03.8 CHILD GetToYTask -> CollectGoldIngotTask ph=NETHER @-25,48,-5 sky=0 wet=false ground=false pick=1 buck=2 iron=0 ore=1 rods=0 pearls=0 eyes=0
[m[34m[21:30:21][m [32m[main/INFO][m [36m(Minecraft)[m [0m[CHAT] §2§l§o[TenorClef] §rT2 [HIST] 9:04.3 CHILD CollectGoldIngotTask -> GetToYTask ph=NETHER @-25,47,-5 sky=0 wet=false ground=false pick=1 buck=2 iron=0 ore=1 rods=0 pearls=0 eyes=0
[m[34m[21:30:21][m [32m[main/INFO][m [36m(Minecraft)[m [0m[CHAT] §2§l§o[TenorClef] §rT2 [HIST] 9:04.3 SNAP ph=NETHER @-25,47,-5 sky=0 wet=false ground=false pick=1 buck=2 iron=0 ore=1 rods=0 pearls=0 eyes=0 child=GetToYTask dbg=<Going to y=52>  mobs=none
[m[34m[21:30:21][m [32m[main/INFO][m [36m(Minecraft)[m [0m[CHAT] §2§l§o[TenorClef] §rT2 [HIST] 9:04.7 CHILD GetToYTask -> CollectGoldIngotTask ph=NETHER @-25,48,-5 sky=0 wet=false ground=false pick=1 buck=2 iron=0 ore=1 rods=0 pearls=0 eyes=0
[m[34m[21:30:21][m [32m[main/INFO][m [36m(Minecraft)[m [0m[CHAT] §2§l§o[TenorClef] §rT2 [NOW] t=9:04.7 ph=NETHER @-25,48,-5 do=<Collecting 5 gold.: [[gold_ingot] x 5]>  eq=iron_pickaxe woodpick=1 stonepick=1 pick=1 iron=0 buck=1
[m[34m[21:30:22][m [32m[main/INFO][m [36m(Minecraft)[m [0m[CHAT] §2§l§o[TenorClef] §rMineAndCollect: equip item.minecraft.iron_pickaxe for block.minecraft.nether_gold_ore
[m[34m[21:30:22][m [32m[main/INFO][m [36m(Minecraft)[m [0m[CHAT] §2§l§o[TenorClef] §rT2 [HIST] 9:05.2 CHILD CollectGoldIngotTask -> GetToYTask ph=NETHER @-25,47,-5 sky=0 wet=false ground=false pick=1 buck=2 iron=0 ore=1 rods=0 pearls=0 eyes=0
[m[34m[21:30:22][m [32m[main/INFO][m [36m(Minecraft)[m [0m[CHAT] §2§l§o[TenorClef] §rT2 [NOW] t=9:05.7 ph=NETHER @-25,48,-5 do=<Going to y=52> Completing goal. eq=iron_pickaxe woodpick=1 stonepick=1 pick=1 iron=0 buck=1
[m[34m[21:30:22][m [32m[main/INFO][m [36m(Minecraft)[m [0m[CHAT] §2§l§o[TenorClef] §rT2 [HIST] 9:05.7 CHILD GetToYTask -> CollectGoldIngotTask ph=NETHER @-25,48,-5 sky=0 wet=false ground=false pick=1 buck=2 iron=0 ore=1 rods=0 pearls=0 eyes=0
[m[34m[21:30:23][m [32m[main/INFO][m [36m(Minecraft)[m [0m[CHAT] §2§l§o[TenorClef] §rT2 [HIST] 9:06.2 CHILD CollectGoldIngotTask -> GetToYTask ph=NETHER @-25,47,-5 sky=0 wet=false ground=false pick=1 buck=2 iron=0 ore=1 rods=0 pearls=0 eyes=0
[m[34m[21:30:23][m [32m[main/INFO][m [36m(Minecraft)[m [0m[CHAT] §2§l§o[TenorClef] §rT2 [HIST] 9:06.3 WHY nether: climb off lava before gold
[m[34m[21:30:23][m [32m[main/INFO][m [36m(Minecraft)[m [0m[CHAT] §2§l§o[TenorClef] §rT2 [HIST] 9:06.6 CHILD GetToYTask -> CollectGoldIngotTask ph=NETHER @-25,48,-5 sky=0 wet=false ground=false pick=1 buck=2 iron=0 ore=1 rods=0 pearls=0 eyes=0
[m[34m[21:30:23][m [32m[main/INFO][m [36m(Minecraft)[m [0m[CHAT] §2§l§o[TenorClef] §rT2 [NOW] t=9:06.7 ph=NETHER @-26,48,-5 do=<Collecting 5 gold.: [[gold_ingot] x 5]>  eq=iron_pickaxe woodpick=1 stonepick=1 pick=1 iron=0 buck=1
[m[34m[21:30:23][m [32m[main/INFO][m [36m(Minecraft)[m [0m[CHAT] §2§l§o[TenorClef] §rT2 [HIST] 9:06.7 SNAP ph=NETHER @-26,48,-5 sky=0 wet=false ground=true pick=1 buck=2 iron=0 ore=1 rods=0 pearls=0 eyes=0 child=CollectGoldIngotTask dbg=<Collecting 5 gold.: [[gold_ingot] x 5]>  mobs=none
[m[34m[21:30:23][m [32m[main/INFO][m [36m(Minecraft)[m [0m[CHAT] §2§l§o[TenorClef] §rMineAndCollect: equip item.minecraft.iron_pickaxe for block.minecraft.nether_gold_ore
[m[34m[21:30:24][m [32m[main/INFO][m [36m(Minecraft)[m [0m[CHAT] §2§l§o[TenorClef] §rT2 [HIST] 9:07.1 CHILD CollectGoldIngotTask -> GetToYTask ph=NETHER @-25,47,-5 sky=0 wet=false ground=false pick=1 buck=2 iron=0 ore=1 rods=0 pearls=0 eyes=0
[m[34m[21:30:24][m [32m[main/INFO][m [36m(Minecraft)[m [0m[CHAT] §2§l§o[TenorClef] §rT2 [HIST] 9:07.6 WHY nether: gold helm on head before fortress
[m[34m[21:30:24][m [32m[main/INFO][m [36m(Minecraft)[m [0m[CHAT] §2§l§o[TenorClef] §rT2 [HIST] 9:07.6 CHILD GetToYTask -> CollectGoldIngotTask ph=NETHER @-25,48,-5 sky=0 wet=false ground=false pick=1 buck=2 iron=0 ore=1 rods=0 pearls=0 eyes=0
[m[34m[21:30:24][m [32m[main/INFO][m [36m(Minecraft)[m [0m[CHAT] §2§l§o[TenorClef] §rT2 [NOW] t=9:07.7 ph=NETHER @-25,48,-5 do=<Collecting 5 gold.: [[gold_ingot] x 5]>  eq=iron_pickaxe woodpick=1 stonepick=1 pick=1 iron=0 buck=1
[m[34m[21:30:25][m [32m[main/INFO][m [36m(Minecraft)[m [0m[CHAT] §2§l§o[TenorClef] §rT2 [HIST] 9:08.1 CHILD CollectGoldIngotTask -> GetToYTask ph=NETHER @-25,47,-5 sky=0 wet=false ground=false pick=1 buck=2 iron=0 ore=1 rods=0 pearls=0 eyes=0
[m[34m[21:30:25][m [32m[main/INFO][m [36m(Minecraft)[m [0m[CHAT] §2§l§o[TenorClef] §rT2 [HIST] 9:08.4 CHILD GetToYTask -> CollectGoldIngotTask ph=NETHER @-25,48,-5 sky=0 wet=false ground=false pick=1 buck=2 iron=0 ore=1 rods=0 pearls=0 eyes=0
[m[34m[21:30:25][m [32m[main/INFO][m [36m(Minecraft)[m [0m[CHAT] §2§l§o[TenorClef] §rT2 [NOW] t=9:08.7 ph=NETHER @-26,48,-5 do=<Collecting 5 gold.: [[gold_ingot] x 5]>  eq=cobblestone woodpick=1 stonepick=1 pick=1 iron=0 buck=1
[m[34m[21:30:25][m [32m[main/INFO][m [36m(Minecraft)[m [0m[CHAT] §2§l§o[TenorClef] §rMineAndCollect: equip item.minecraft.iron_pickaxe for block.minecraft.nether_gold_ore
[m[34m[21:30:26][m [32m[main/INFO][m [36m(Minecraft)[m [0m[CHAT] §2§l§o[TenorClef] §rT2 [HIST] 9:09.0 CHILD CollectGoldIngotTask -> GetToYTask ph=NETHER @-25,47,-5 sky=0 wet=false ground=false pick=1 buck=2 iron=0 ore=1 rods=0 pearls=0 eyes=0
[m[34m[21:30:26][m [32m[main/INFO][m [36m(Minecraft)[m [0m[CHAT] §2§l§o[TenorClef] §rT2 [HIST] 9:09.3 SNAP ph=NETHER @-25,47,-5 sky=0 wet=false ground=true pick=1 buck=2 iron=0 ore=1 rods=0 pearls=0 eyes=0 child=GetToYTask dbg=<Going to y=52> Completing goal. mobs=none
[m[34m[21:30:26][m [32m[main/INFO][m [36m(Minecraft)[m [0m[CHAT] §2§l§o[TenorClef] §rT2 [HIST] 9:09.5 CHILD GetToYTask -> CollectGoldIngotTask ph=NETHER @-25,48,-5 sky=0 wet=false ground=false pick=1 buck=2 iron=0 ore=1 rods=0 pearls=0 eyes=0
[m[34m[21:30:26][m [32m[main/INFO][m [36m(Minecraft)[m [0m[CHAT] §2§l§o[TenorClef] §rT2 [NOW] t=9:09.7 ph=NETHER @-25,48,-5 do=<Collecting 5 gold.: [[gold_ingot] x 5]>  eq=iron_pickaxe woodpick=1 stonepick=1 pick=1 iron=0 buck=1
[m[34m[21:30:27][m [32m[main/INFO][m [36m(Minecraft)[m [0m[CHAT] §2§l§o[TenorClef] §rT2 [HIST] 9:10.0 CHILD CollectGoldIngotTask -> GetToYTask ph=NETHER @-25,47,-5 sky=0 wet=false ground=false pick=1 buck=2 iron=0 ore=1 rods=0 pearls=0 eyes=0
[m[34m[21:30:27][m [32m[main/INFO][m [36m(Minecraft)[m [0m[CHAT] §2§l§o[TenorClef] §rT2 [HIST] 9:10.3 CHILD GetToYTask -> CollectGoldIngotTask ph=NETHER @-25,48,-5 sky=0 wet=false ground=false pick=1 buck=2 iron=0 ore=1 rods=0 pearls=0 eyes=0
[m[34m[21:30:27][m [32m[main/INFO][m [36m(Minecraft)[m [0m[CHAT] §2§l§o[TenorClef] §rMineAndCollect: equip item.minecraft.iron_pickaxe for block.minecraft.nether_gold_ore
[m[34m[21:30:27][m [32m[main/INFO][m [36m(Minecraft)[m [0m[CHAT] §2§l§o[TenorClef] §rT2 [NOW] t=9:10.7 ph=NETHER @-26,48,-5 do=<Collecting 5 gold.: [[gold_ingot] x 5]>  eq=iron_pickaxe woodpick=1 stonepick=1 pick=1 iron=0 buck=1
[m[34m[21:30:28][m [32m[main/INFO][m [36m(Minecraft)[m [0m[CHAT] §2§l§o[TenorClef] §rT2 [HIST] 9:10.9 WHY nether: climb off lava before gold
[m[34m[21:30:28][m [32m[main/INFO][m [36m(Minecraft)[m [0m[CHAT] §2§l§o[TenorClef] §rT2 [HIST] 9:10.9 CHILD CollectGoldIngotTask -> GetToYTask ph=NETHER @-25,47,-5 sky=0 wet=false ground=false pick=1 buck=2 iron=0 ore=1 rods=0 pearls=0 eyes=0
[m[34m[21:30:28][m [32m[main/INFO][m [36m(Minecraft)[m [0m[CHAT] §2§l§o[TenorClef] §rT2 [HIST] 9:11.4 CHILD GetToYTask -> CollectGoldIngotTask ph=NETHER @-25,48,-5 sky=0 wet=false ground=false pick=1 buck=2 iron=0 ore=1 rods=0 pearls=0 eyes=0
[m[34m[21:30:28][m [32m[main/INFO][m [36m(Minecraft)[m [0m[CHAT] §2§l§o[TenorClef] §rT2 [HIST] 9:11.6 WHY nether: gold helm on head before fortress
[m[34m[21:30:28][m [32m[main/INFO][m [36m(Minecraft)[m [0m[CHAT] §2§l§o[TenorClef] §rT2 [NOW] t=9:11.7 ph=NETHER @-25,48,-5 do=<Collecting 5 gold.: [[gold_ingot] x 5]>  eq=iron_pickaxe woodpick=1 stonepick=1 pick=1 iron=0 buck=1
[m[34m[21:30:28][m [32m[main/INFO][m [36m(Minecraft)[m [0m[CHAT] §2§l§o[TenorClef] §rT2 [HIST] 9:11.8 SNAP ph=NETHER @-25,48,-5 sky=0 wet=false ground=true pick=1 buck=2 iron=0 ore=1 rods=0 pearls=0 eyes=0 child=CollectGoldIngotTask dbg=<Collecting 5 gold.: [[gold_ingot] x 5]>  mobs=none
[m[34m[21:30:28][m [32m[main/INFO][m [36m(Minecraft)[m [0m[CHAT] §2§l§o[TenorClef] §rT2 [HIST] 9:11.9 CHILD CollectGoldIngotTask -> GetToYTask ph=NETHER @-25,47,-5 sky=0 wet=false ground=false pick=1 buck=2 iron=0 ore=1 rods=0 pearls=0 eyes=0
[m[34m[21:30:29][m [32m[main/INFO][m [36m(Minecraft)[m [0m[CHAT] §2§l§o[TenorClef] §rT2 [HIST] 9:12.3 CHILD GetToYTask -> CollectGoldIngotTask ph=NETHER @-25,48,-5 sky=0 wet=false ground=false pick=1 buck=2 iron=0 ore=1 rods=0 pearls=0 eyes=0
[m[34m[21:30:29][m [32m[main/INFO][m [36m(Minecraft)[m [0m[CHAT] §2§l§o[TenorClef] §rMineAndCollect: equip item.minecraft.iron_pickaxe for block.minecraft.nether_gold_ore
[m[34m[21:30:29][m [32m[main/INFO][m [36m(Minecraft)[m [0m[CHAT] §2§l§o[TenorClef] §rT2 [NOW] t=9:12.7 ph=NETHER @-25,48,-5 do=<Collecting 5 gold.: [[gold_ingot] x 5]>  eq=iron_pickaxe woodpick=1 stonepick=1 pick=1 iron=0 buck=1
[m[34m[21:30:29][m [32m[main/INFO][m [36m(Minecraft)[m [0m[CHAT] §2§l§o[TenorClef] §rT2 [HIST] 9:12.8 CHILD CollectGoldIngotTask -> GetToYTask ph=NETHER @-25,47,-5 sky=0 wet=false ground=false pick=1 buck=2 iron=0 ore=1 rods=0 pearls=0 eyes=0
[m[34m[21:30:30][m [32m[main/INFO][m [36m(Minecraft)[m [0m[CHAT] §2§l§o[TenorClef] §rT2 [HIST] 9:13.3 CHILD GetToYTask -> CollectGoldIngotTask ph=NETHER @-25,48,-5 sky=0 wet=false ground=false pick=1 buck=2 iron=0 ore=1 rods=0 pearls=0 eyes=0
[m[34m[21:30:30][m [32m[main/INFO][m [36m(Minecraft)[m [0m[CHAT] §2§l§o[TenorClef] §rT2 [NOW] t=9:13.7 ph=NETHER @-25,48,-5 do=<Collecting 5 gold.: [[gold_ingot] x 5]>  eq=iron_pickaxe woodpick=1 stonepick=1 pick=1 iron=0 buck=1
[m[34m[21:30:30][m [32m[main/INFO][m [36m(Minecraft)[m [0m[CHAT] §2§l§o[TenorClef] §rT2 [HIST] 9:13.8 CHILD CollectGoldIngotTask -> GetToYTask ph=NETHER @-25,47,-5 sky=0 wet=false ground=false pick=1 buck=2 iron=0 ore=1 rods=0 pearls=0 eyes=0
[m[34m[21:30:31][m [32m[main/INFO][m [36m(Minecraft)[m [0m[CHAT] §2§l§o[TenorClef] §rT2 [HIST] 9:14.1 CHILD GetToYTask -> CollectGoldIngotTask ph=NETHER @-25,48,-5 sky=0 wet=false ground=false pick=1 buck=2 iron=0 ore=1 rods=0 pearls=0 eyes=0
[m[34m[21:30:31][m [32m[main/INFO][m [36m(Minecraft)[m [0m[CHAT] §2§l§o[TenorClef] §rT2 [HIST] 9:14.3 SNAP ph=NETHER @-25,48,-5 sky=0 wet=false ground=false pick=1 buck=2 iron=0 ore=1 rods=0 pearls=0 eyes=0 child=CollectGoldIngotTask dbg=<Collecting 5 gold.: [[gold_ingot] x 5]>  mobs=none
[m[34m[21:30:31][m [32m[main/INFO][m [36m(Minecraft)[m [0m[CHAT] §2§l§o[TenorClef] §rMineAndCollect: equip item.minecraft.iron_pickaxe for block.minecraft.nether_gold_ore
[m[34m[21:30:31][m [32m[main/INFO][m [36m(Minecraft)[m [0m[CHAT] §2§l§o[TenorClef] §rT2 [NOW] t=9:14.7 ph=NETHER @-25,47,-5 do=<Collecting 5 gold.: [[gold_ingot] x 5]>  eq=iron_pickaxe woodpick=1 stonepick=1 pick=1 iron=0 buck=1
[m[34m[21:30:31][m [32m[main/INFO][m [36m(Minecraft)[m [0m[CHAT] §2§l§o[TenorClef] §rT2 [HIST] 9:14.7 CHILD CollectGoldIngotTask -> GetToYTask ph=NETHER @-25,47,-5 sky=0 wet=false ground=false pick=1 buck=2 iron=0 ore=1 rods=0 pearls=0 eyes=0
[m[34m[21:30:32][m [32m[main/INFO][m [36m(Minecraft)[m [0m[CHAT] §2§l§o[TenorClef] §rT2 [HIST] 9:15.0 WHY nether: climb off lava before gold
[m[34m[21:30:32][m [32m[main/INFO][m [36m(Minecraft)[m [0m[CHAT] §2§l§o[TenorClef] §rT2 [HIST] 9:15.2 CHILD GetToYTask -> CollectGoldIngotTask ph=NETHER @-25,48,-5 sky=0 wet=false ground=false pick=1 buck=2 iron=0 ore=1 rods=0 pearls=0 eyes=0
[m[34m[21:30:32][m [32m[main/INFO][m [36m(Minecraft)[m [0m[CHAT] §2§l§o[TenorClef] §rT2 [HIST] 9:15.6 WHY nether: gold helm on head before fortress
[m[34m[21:30:32][m [32m[main/INFO][m [36m(Minecraft)[m [0m[CHAT] §2§l§o[TenorClef] §rT2 [HIST] 9:15.7 CHILD CollectGoldIngotTask -> GetToYTask ph=NETHER @-25,47,-5 sky=0 wet=false ground=false pick=1 buck=2 iron=0 ore=1 rods=0 pearls=0 eyes=0
[m[34m[21:30:32][m [32m[main/INFO][m [36m(Minecraft)[m [0m[CHAT] §2§l§o[TenorClef] §rT2 [NOW] t=9:15.7 ph=NETHER @-25,47,-5 do=<Going to y=52> Completing goal. eq=iron_pickaxe woodpick=1 stonepick=1 pick=1 iron=0 buck=1
[m[34m[21:30:33][m [32m[main/INFO][m [36m(Minecraft)[m [0m[CHAT] §2§l§o[TenorClef] §rT2 [HIST] 9:16.1 CHILD GetToYTask -> CollectGoldIngotTask ph=NETHER @-25,48,-5 sky=0 wet=false ground=false pick=1 buck=2 iron=0 ore=1 rods=0 pearls=0 eyes=0
[m[34m[21:30:33][m [32m[main/INFO][m [36m(Minecraft)[m [0m[CHAT] §2§l§o[TenorClef] §rMineAndCollect: equip item.minecraft.iron_pickaxe for block.minecraft.nether_gold_ore
[m[34m[21:30:33][m [32m[main/INFO][m [36m(Minecraft)[m [0m[CHAT] §2§l§o[TenorClef] §rT2 [HIST] 9:16.6 CHILD CollectGoldIngotTask -> GetToYTask ph=NETHER @-25,47,-5 sky=0 wet=false ground=false pick=1 buck=2 iron=0 ore=1 rods=0 pearls=0 eyes=0
[m[34m[21:30:33][m [32m[main/INFO][m [36m(Minecraft)[m [0m[CHAT] §2§l§o[TenorClef] §rT2 [NOW] t=9:16.7 ph=NETHER @-25,47,-5 do=<Going to y=52> Completing goal. eq=iron_pickaxe woodpick=1 stonepick=1 pick=1 iron=0 buck=1
[m[34m[21:30:33][m [32m[main/INFO][m [36m(Minecraft)[m [0m[CHAT] §2§l§o[TenorClef] §rT2 [HIST] 9:16.8 SNAP ph=NETHER @-25,47,-5 sky=0 wet=false ground=false pick=1 buck=2 iron=0 ore=1 rods=0 pearls=0 eyes=0 child=GetToYTask dbg=<Going to y=52> Completing goal. mobs=none
[m[34m[21:30:34][m [32m[main/INFO][m [36m(Minecraft)[m [0m[CHAT] §2§l§o[TenorClef] §rT2 [HIST] 9:17.1 CHILD GetToYTask -> CollectGoldIngotTask ph=NETHER @-25,48,-5 sky=0 wet=false ground=false pick=1 buck=2 iron=0 ore=1 rods=0 pearls=0 eyes=0
[m[34m[21:30:34][m [32m[main/INFO][m [36m(Minecraft)[m [0m[CHAT] §2§l§o[TenorClef] §rT2 [HIST] 9:17.6 CHILD CollectGoldIngotTask -> GetToYTask ph=NETHER @-25,47,-5 sky=0 wet=false ground=false pick=1 buck=2 iron=0 ore=1 rods=0 pearls=0 eyes=0
[m[34m[21:30:34][m [32m[main/INFO][m [36m(Minecraft)[m [0m[CHAT] §2§l§o[TenorClef] §rT2 [NOW] t=9:17.7 ph=NETHER @-25,47,-5 do=<Going to y=52> Completing goal. eq=iron_pickaxe woodpick=1 stonepick=1 pick=1 iron=0 buck=1
[m[34m[21:30:35][m [32m[main/INFO][m [36m(Minecraft)[m [0m[CHAT] §2§l§o[TenorClef] §rT2 [HIST] 9:18.0 CHILD GetToYTask -> CollectGoldIngotTask ph=NETHER @-25,48,-5 sky=0 wet=false ground=false pick=1 buck=2 iron=0 ore=1 rods=0 pearls=0 eyes=0
[m[34m[21:30:35][m [32m[main/INFO][m [36m(Minecraft)[m [0m[CHAT] §2§l§o[TenorClef] §rMineAndCollect: equip item.minecraft.iron_pickaxe for block.minecraft.nether_gold_ore
[m[34m[21:30:35][m [32m[main/INFO][m [36m(Minecraft)[m [0m[CHAT] §2§l§o[TenorClef] §rT2 [HIST] 9:18.5 CHILD CollectGoldIngotTask -> GetToYTask ph=NETHER @-25,47,-5 sky=0 wet=false ground=false pick=1 buck=2 iron=0 ore=1 rods=0 pearls=0 eyes=0
[m[34m[21:30:35][m [32m[main/INFO][m [36m(Minecraft)[m [0m[CHAT] §2§l§o[TenorClef] §rT2 [NOW] t=9:18.7 ph=NETHER @-25,47,-5 do=<Going to y=52> Completing goal. eq=iron_pickaxe woodpick=1 stonepick=1 pick=1 iron=0 buck=1
[m[34m[21:30:36][m [32m[main/INFO][m [36m(Minecraft)[m [0m[CHAT] §2§l§o[TenorClef] §rT2 [HIST] 9:19.0 CHILD GetToYTask -> CollectGoldIngotTask ph=NETHER @-25,48,-5 sky=0 wet=false ground=false pick=1 buck=2 iron=0 ore=1 rods=0 pearls=0 eyes=0
[m[34m[21:30:36][m [32m[main/INFO][m [36m(Minecraft)[m [0m[CHAT] §2§l§o[TenorClef] §rT2 [HIST] 9:19.3 SNAP ph=NETHER @-26,48,-5 sky=0 wet=false ground=true pick=1 buck=2 iron=0 ore=1 rods=0 pearls=0 eyes=0 child=CollectGoldIngotTask dbg=<Collecting 5 gold.: [[gold_ingot] x 5]>  mobs=none
[m[34m[21:30:36][m [32m[main/INFO][m [36m(Minecraft)[m [0m[CHAT] §2§l§o[TenorClef] §rT2 [HIST] 9:19.5 WHY nether: climb off lava before gold
[m[34m[21:30:36][m [32m[main/INFO][m [36m(Minecraft)[m [0m[CHAT] §2§l§o[TenorClef] §rT2 [HIST] 9:19.5 CHILD CollectGoldIngotTask -> GetToYTask ph=NETHER @-25,47,-5 sky=0 wet=false ground=false pick=1 buck=2 iron=0 ore=1 rods=0 pearls=0 eyes=0
[m[34m[21:30:36][m [32m[main/INFO][m [36m(Minecraft)[m [0m[CHAT] §2§l§o[TenorClef] §rT2 [HIST] 9:19.6 WHY nether: gold helm on head before fortress
[m[34m[21:30:36][m [32m[main/INFO][m [36m(Minecraft)[m [0m[CHAT] §2§l§o[TenorClef] §rT2 [NOW] t=9:19.7 ph=NETHER @-25,47,-5 do=<Going to y=52> Completing goal. eq=iron_pickaxe woodpick=1 stonepick=1 pick=1 iron=0 buck=1
[m[34m[21:30:36][m [32m[main/INFO][m [36m(Minecraft)[m [0m[CHAT] §2§l§o[TenorClef] §rT2 [HIST] 9:19.9 CHILD GetToYTask -> CollectGoldIngotTask ph=NETHER @-25,48,-5 sky=0 wet=false ground=false pick=1 buck=2 iron=0 ore=1 rods=0 pearls=0 eyes=0
[m[34m[21:30:37][m [32m[main/INFO][m [36m(Minecraft)[m [0m[CHAT] §2§l§o[TenorClef] §rMineAndCollect: equip item.minecraft.iron_pickaxe for block.minecraft.nether_gold_ore
[m[34m[21:30:37][m [32m[main/INFO][m [36m(Minecraft)[m [0m[CHAT] §2§l§o[TenorClef] §rT2 [HIST] 9:20.4 CHILD CollectGoldIngotTask -> GetToYTask ph=NETHER @-25,47,-5 sky=0 wet=false ground=false pick=1 buck=2 iron=0 ore=1 rods=0 pearls=0 eyes=0
[m[34m[21:30:37][m [32m[main/INFO][m [36m(Minecraft)[m [0m[CHAT] §2§l§o[TenorClef] §rT2 [NOW] t=9:20.7 ph=NETHER @-25,47,-5 do=<Going to y=52> Completing goal. eq=iron_pickaxe woodpick=1 stonepick=1 pick=1 iron=0 buck=1
[m[34m[21:30:38][m [32m[main/INFO][m [36m(Minecraft)[m [0m[CHAT] §2§l§o[TenorClef] §rT2 [HIST] 9:20.9 CHILD GetToYTask -> CollectGoldIngotTask ph=NETHER @-25,48,-5 sky=0 wet=false ground=false pick=1 buck=2 iron=0 ore=1 rods=0 pearls=0 eyes=0
[m[34m[21:30:38][m [32m[main/INFO][m [36m(Minecraft)[m [0m[CHAT] §2§l§o[TenorClef] §rT2 [HIST] 9:21.4 CHILD CollectGoldIngotTask -> GetToYTask ph=NETHER @-25,47,-5 sky=0 wet=false ground=false pick=1 buck=2 iron=0 ore=1 rods=0 pearls=0 eyes=0
[m[34m[21:30:38][m [32m[main/INFO][m [36m(Minecraft)[m [0m[CHAT] §2§l§o[TenorClef] §rT2 [NOW] t=9:21.7 ph=NETHER @-25,47,-5 do=<Going to y=52> Completing goal. eq=iron_pickaxe woodpick=1 stonepick=1 pick=1 iron=0 buck=1
[m[34m[21:30:38][m [32m[main/INFO][m [36m(Minecraft)[m [0m[CHAT] §2§l§o[TenorClef] §rT2 [HIST] 9:21.8 CHILD GetToYTask -> CollectGoldIngotTask ph=NETHER @-25,48,-5 sky=0 wet=false ground=false pick=1 buck=2 iron=0 ore=1 rods=0 pearls=0 eyes=0
[m[34m[21:30:38][m [32m[main/INFO][m [36m(Minecraft)[m [0m[CHAT] §2§l§o[TenorClef] §rT2 [HIST] 9:21.8 SNAP ph=NETHER @-25,48,-5 sky=0 wet=false ground=false pick=1 buck=2 iron=0 ore=1 rods=0 pearls=0 eyes=0 child=CollectGoldIngotTask dbg=<Collecting 5 gold.: [[gold_ingot] x 5]>  mobs=none
[m[34m[21:30:39][m [32m[main/INFO][m [36m(Minecraft)[m [0m[CHAT] §2§l§o[TenorClef] §rMineAndCollect: equip item.minecraft.iron_pickaxe for block.minecraft.nether_gold_ore
[m[34m[21:30:39][m [32m[main/INFO][m [36m(Minecraft)[m [0m[CHAT] §2§l§o[TenorClef] §rT2 [HIST] 9:22.3 CHILD CollectGoldIngotTask -> GetToYTask ph=NETHER @-25,47,-5 sky=0 wet=false ground=false pick=1 buck=2 iron=0 ore=1 rods=0 pearls=0 eyes=0
[m[34m[21:30:39][m [32m[main/INFO][m [36m(Minecraft)[m [0m[CHAT] §2§l§o[TenorClef] §rT2 [NOW] t=9:22.7 ph=NETHER @-25,47,-5 do=<Going to y=52> Completing goal. eq=iron_pickaxe woodpick=1 stonepick=1 pick=1 iron=0 buck=1
[m[34m[21:30:39][m [32m[main/INFO][m [36m(Minecraft)[m [0m[CHAT] §2§l§o[TenorClef] §rT2 [HIST] 9:22.8 CHILD GetToYTask -> CollectGoldIngotTask ph=NETHER @-25,48,-5 sky=0 wet=false ground=false pick=1 buck=2 iron=0 ore=1 rods=0 pearls=0 eyes=0
[m[34m[21:30:40][m [32m[main/INFO][m [36m(Minecraft)[m [0m[CHAT] §2§l§o[TenorClef] §rT2 [HIST] 9:23.2 CHILD CollectGoldIngotTask -> GetToYTask ph=NETHER @-25,47,-5 sky=0 wet=false ground=false pick=1 buck=2 iron=0 ore=1 rods=0 pearls=0 eyes=0
[m[34m[21:30:40][m [32m[main/INFO][m [36m(Minecraft)[m [0m[CHAT] §2§l§o[TenorClef] §rT2 [HIST] 9:23.5 WHY nether: climb off lava before gold
[m[34m[21:30:40][m [32m[main/INFO][m [36m(Minecraft)[m [0m[CHAT] §2§l§o[TenorClef] §rT2 [HIST] 9:23.7 WHY nether: gold helm on head before fortress
[m[34m[21:30:40][m [32m[main/INFO][m [36m(Minecraft)[m [0m[CHAT] §2§l§o[TenorClef] §rT2 [HIST] 9:23.7 CHILD GetToYTask -> CollectGoldIngotTask ph=NETHER @-25,48,-5 sky=0 wet=false ground=false pick=1 buck=2 iron=0 ore=1 rods=0 pearls=0 eyes=0
[m[34m[21:30:40][m [32m[main/INFO][m [36m(Minecraft)[m [0m[CHAT] §2§l§o[TenorClef] §rT2 [NOW] t=9:23.7 ph=NETHER @-25,48,-5 do=<Collecting 5 gold.: [[gold_ingot] x 5]>  eq=iron_pickaxe woodpick=1 stonepick=1 pick=1 iron=0 buck=1
[m[34m[21:30:41][m [32m[main/INFO][m [36m(Minecraft)[m [0m[CHAT] §2§l§o[TenorClef] §rMineAndCollect: equip item.minecraft.iron_pickaxe for block.minecraft.nether_gold_ore
[m[34m[21:30:41][m [32m[main/INFO][m [36m(Minecraft)[m [0m[CHAT] §2§l§o[TenorClef] §rT2 [HIST] 9:24.2 CHILD CollectGoldIngotTask -> GetToYTask ph=NETHER @-25,47,-5 sky=0 wet=false ground=false pick=1 buck=2 iron=0 ore=1 rods=0 pearls=0 eyes=0
[m[34m[21:30:41][m [32m[main/INFO][m [36m(Minecraft)[m [0m[CHAT] §2§l§o[TenorClef] §rT2 [HIST] 9:24.3 SNAP ph=NETHER @-25,47,-5 sky=0 wet=false ground=false pick=1 buck=2 iron=0 ore=1 rods=0 pearls=0 eyes=0 child=GetToYTask dbg=<Going to y=52> Completing goal. mobs=none
[m[34m[21:30:41][m [32m[main/INFO][m [36m(Minecraft)[m [0m[CHAT] §2§l§o[TenorClef] §rT2 [NOW] t=9:24.7 ph=NETHER @-25,48,-5 do=<Going to y=52> Completing goal. eq=iron_pickaxe woodpick=1 stonepick=1 pick=1 iron=0 buck=1
[m[34m[21:30:41][m [32m[main/INFO][m [36m(Minecraft)[m [0m[CHAT] §2§l§o[TenorClef] §rT2 [HIST] 9:24.7 CHILD GetToYTask -> CollectGoldIngotTask ph=NETHER @-25,48,-5 sky=0 wet=false ground=false pick=1 buck=2 iron=0 ore=1 rods=0 pearls=0 eyes=0
[m[34m[21:30:42][m [32m[main/INFO][m [36m(Minecraft)[m [0m[CHAT] §2§l§o[TenorClef] §rT2 [HIST] 9:25.2 CHILD CollectGoldIngotTask -> GetToYTask ph=NETHER @-25,47,-5 sky=0 wet=false ground=false pick=1 buck=2 iron=0 ore=1 rods=0 pearls=0 eyes=0
[m[34m[21:30:42][m [32m[main/INFO][m [36m(Minecraft)[m [0m[CHAT] §2§l§o[TenorClef] §rT2 [HIST] 9:25.6 CHILD GetToYTask -> CollectGoldIngotTask ph=NETHER @-25,48,-5 sky=0 wet=false ground=false pick=1 buck=2 iron=0 ore=1 rods=0 pearls=0 eyes=0
[m[34m[21:30:42][m [32m[main/INFO][m [36m(Minecraft)[m [0m[CHAT] §2§l§o[TenorClef] §rT2 [NOW] t=9:25.7 ph=NETHER @-26,48,-5 do=<Collecting 5 gold.: [[gold_ingot] x 5]>  eq=iron_pickaxe woodpick=1 stonepick=1 pick=1 iron=0 buck=1
[m[34m[21:30:42][m [32m[main/INFO][m [36m(Minecraft)[m [0m[CHAT] §2§l§o[TenorClef] §rMineAndCollect: equip item.minecraft.iron_pickaxe for block.minecraft.nether_gold_ore
[m[34m[21:30:43][m [32m[main/INFO][m [36m(Minecraft)[m [0m[CHAT] §2§l§o[TenorClef] §rT2 [HIST] 9:26.1 CHILD CollectGoldIngotTask -> GetToYTask ph=NETHER @-25,47,-5 sky=0 wet=false ground=false pick=1 buck=2 iron=0 ore=1 rods=0 pearls=0 eyes=0
[m[34m[21:30:43][m [32m[main/INFO][m [36m(Minecraft)[m [0m[CHAT] §2§l§o[TenorClef] §rT2 [HIST] 9:26.6 CHILD GetToYTask -> CollectGoldIngotTask ph=NETHER @-25,48,-5 sky=0 wet=false ground=false pick=1 buck=2 iron=0 ore=1 rods=0 pearls=0 eyes=0
[m[34m[21:30:43][m [32m[main/INFO][m [36m(Minecraft)[m [0m[CHAT] §2§l§o[TenorClef] §rT2 [NOW] t=9:26.7 ph=NETHER @-25,48,-5 do=<Collecting 5 gold.: [[gold_ingot] x 5]>  eq=iron_pickaxe woodpick=1 stonepick=1 pick=1 iron=0 buck=1
[m[34m[21:30:43][m [32m[main/INFO][m [36m(Minecraft)[m [0m[CHAT] §2§l§o[TenorClef] §rT2 [HIST] 9:26.8 SNAP ph=NETHER @-25,48,-5 sky=0 wet=false ground=false pick=1 buck=2 iron=0 ore=1 rods=0 pearls=0 eyes=0 child=CollectGoldIngotTask dbg=<Collecting 5 gold.: [[gold_ingot] x 5]>  mobs=none
[m[34m[21:30:44][m [32m[main/INFO][m [36m(Minecraft)[m [0m[CHAT] §2§l§o[TenorClef] §rT2 [HIST] 9:27.1 CHILD CollectGoldIngotTask -> GetToYTask ph=NETHER @-25,47,-5 sky=0 wet=false ground=false pick=1 buck=2 iron=0 ore=1 rods=0 pearls=0 eyes=0
[m[34m[21:30:44][m [32m[main/INFO][m [36m(Minecraft)[m [0m[CHAT] §2§l§o[TenorClef] §rT2 [HIST] 9:27.4 CHILD GetToYTask -> CollectGoldIngotTask ph=NETHER @-25,48,-5 sky=0 wet=false ground=false pick=1 buck=2 iron=0 ore=1 rods=0 pearls=0 eyes=0
[m[34m[21:30:44][m [32m[main/INFO][m [36m(Minecraft)[m [0m[CHAT] §2§l§o[TenorClef] §rT2 [NOW] t=9:27.7 ph=NETHER @-26,48,-5 do=<Collecting 5 gold.: [[gold_ingot] x 5]>  eq=cobblestone woodpick=1 stonepick=1 pick=1 iron=0 buck=1
[m[34m[21:30:44][m [32m[main/INFO][m [36m(Minecraft)[m [0m[CHAT] §2§l§o[TenorClef] §rMineAndCollect: equip item.minecraft.iron_pickaxe for block.minecraft.nether_gold_ore
[m[34m[21:30:45][m [32m[main/INFO][m [36m(Minecraft)[m [0m[CHAT] §2§l§o[TenorClef] §rT2 [HIST] 9:28.0 WHY nether: climb off lava before gold
[m[34m[21:30:45][m [32m[main/INFO][m [36m(Minecraft)[m [0m[CHAT] §2§l§o[TenorClef] §rT2 [HIST] 9:28.0 CHILD CollectGoldIngotTask -> GetToYTask ph=NETHER @-25,47,-5 sky=0 wet=false ground=false pick=1 buck=2 iron=0 ore=1 rods=0 pearls=0 eyes=0
[m[34m[21:30:45][m [32m[main/INFO][m [36m(Minecraft)[m [0m[CHAT] §2§l§o[TenorClef] §rT2 [HIST] 9:28.1 WHY nether: gold helm on head before fortress
[m[34m[21:30:45][m [32m[main/INFO][m [36m(Minecraft)[m [0m[CHAT] §2§l§o[TenorClef] §rT2 [HIST] 9:28.5 CHILD GetToYTask -> CollectGoldIngotTask ph=NETHER @-25,48,-5 sky=0 wet=false ground=false pick=1 buck=2 iron=0 ore=1 rods=0 pearls=0 eyes=0
[m[34m[21:30:45][m [32m[main/INFO][m [36m(Minecraft)[m [0m[CHAT] §2§l§o[TenorClef] §rT2 [NOW] t=9:28.7 ph=NETHER @-25,48,-5 do=<Collecting 5 gold.: [[gold_ingot] x 5]>  eq=iron_pickaxe woodpick=1 stonepick=1 pick=1 iron=0 buck=1
[m[34m[21:30:46][m [32m[main/INFO][m [36m(Minecraft)[m [0m[CHAT] §2§l§o[TenorClef] §rT2 [HIST] 9:29.0 CHILD CollectGoldIngotTask -> GetToYTask ph=NETHER @-25,47,-5 sky=0 wet=false ground=false pick=1 buck=2 iron=0 ore=1 rods=0 pearls=0 eyes=0
[m[34m[21:30:46][m [32m[main/INFO][m [36m(Minecraft)[m [0m[CHAT] §2§l§o[TenorClef] §rT2 [HIST] 9:29.3 SNAP ph=NETHER @-25,47,-5 sky=0 wet=false ground=false pick=1 buck=2 iron=0 ore=1 rods=0 pearls=0 eyes=0 child=GetToYTask dbg=<Going to y=52> Completing goal. mobs=none
[m[34m[21:30:46][m [32m[main/INFO][m [36m(Minecraft)[m [0m[CHAT] §2§l§o[TenorClef] §rT2 [HIST] 9:29.4 CHILD GetToYTask -> CollectGoldIngotTask ph=NETHER @-25,48,-5 sky=0 wet=false ground=false pick=1 buck=2 iron=0 ore=1 rods=0 pearls=0 eyes=0
[m[34m[21:30:46][m [32m[main/INFO][m [36m(Minecraft)[m [0m[CHAT] §2§l§o[TenorClef] §rMineAndCollect: equip item.minecraft.iron_pickaxe for block.minecraft.nether_gold_ore
[m[34m[21:30:46][m [32m[main/INFO][m [36m(Minecraft)[m [0m[CHAT] §2§l§o[TenorClef] §rT2 [NOW] t=9:29.7 ph=NETHER @-26,48,-5 do=<Collecting 5 gold.: [[gold_ingot] x 5]>  eq=iron_pickaxe woodpick=1 stonepick=1 pick=1 iron=0 buck=1
[m[34m[21:30:47][m [32m[main/INFO][m [36m(Minecraft)[m [0m[CHAT] §2§l§o[TenorClef] §rT2 [HIST] 9:29.9 CHILD CollectGoldIngotTask -> GetToYTask ph=NETHER @-25,47,-5 sky=0 wet=false ground=false pick=1 buck=2 iron=0 ore=1 rods=0 pearls=0 eyes=0
[m[34m[21:30:47][m [32m[main/INFO][m [36m(Minecraft)[m [0m[CHAT] §2§l§o[TenorClef] §rT2 [HIST] 9:30.4 CHILD GetToYTask -> CollectGoldIngotTask ph=NETHER @-25,48,-5 sky=0 wet=false ground=false pick=1 buck=2 iron=0 ore=1 rods=0 pearls=0 eyes=0
[m[34m[21:30:47][m [32m[main/INFO][m [36m(Minecraft)[m [0m[CHAT] §2§l§o[TenorClef] §rT2 [NOW] t=9:30.7 ph=NETHER @-25,48,-5 do=<Collecting 5 gold.: [[gold_ingot] x 5]>  eq=iron_pickaxe woodpick=1 stonepick=1 pick=1 iron=0 buck=1
[m[34m[21:30:47][m [32m[main/INFO][m [36m(Minecraft)[m [0m[CHAT] §2§l§o[TenorClef] §rT2 [HIST] 9:30.9 CHILD CollectGoldIngotTask -> GetToYTask ph=NETHER @-25,47,-5 sky=0 wet=false ground=false pick=1 buck=2 iron=0 ore=1 rods=0 pearls=0 eyes=0
[m[34m[21:30:48][m [32m[main/INFO][m [36m(Minecraft)[m [0m[CHAT] §2§l§o[TenorClef] §rRefreshed inventory...
[m[34m[21:30:48][m [32m[main/INFO][m [36m(Minecraft)[m [0m[CHAT] §2§l§o[TenorClef] §rT2 [HIST] 9:31.3 CHILD GetToYTask -> CollectGoldIngotTask ph=NETHER @-25,48,-5 sky=0 wet=false ground=false pick=1 buck=2 iron=0 ore=1 rods=0 pearls=0 eyes=0
[m[34m[21:30:48][m [32m[main/INFO][m [36m(Minecraft)[m [0m[CHAT] §2§l§o[TenorClef] §rMineAndCollect: equip item.minecraft.iron_pickaxe for block.minecraft.nether_gold_ore
[m[34m[21:30:48][m [32m[main/INFO][m [36m(Minecraft)[m [0m[CHAT] §2§l§o[TenorClef] §rT2 [NOW] t=9:31.7 ph=NETHER @-25,48,-5 do=<Collecting 5 gold.: [[gold_ingot] x 5]>  eq=iron_pickaxe woodpick=1 stonepick=1 pick=1 iron=0 buck=1
[m[34m[21:30:48][m [32m[main/INFO][m [36m(Minecraft)[m [0m[CHAT] §2§l§o[TenorClef] §rT2 [HIST] 9:31.8 SNAP ph=NETHER @-25,48,-5 sky=0 wet=false ground=true pick=1 buck=2 iron=0 ore=1 rods=0 pearls=0 eyes=0 child=CollectGoldIngotTask dbg=<Collecting 5 gold.: [[gold_ingot] x 5]>  mobs=none
[m[34m[21:30:48][m [32m[main/INFO][m [36m(Minecraft)[m [0m[CHAT] §2§l§o[TenorClef] §rT2 [HIST] 9:31.8 CHILD CollectGoldIngotTask -> GetToYTask ph=NETHER @-25,47,-5 sky=0 wet=false ground=false pick=1 buck=2 iron=0 ore=1 rods=0 pearls=0 eyes=0
[m[34m[21:30:49][m [32m[main/INFO][m [36m(Minecraft)[m [0m[CHAT] §2§l§o[TenorClef] §rT2 [HIST] 9:32.0 WHY nether: climb off lava before gold
[m[34m[21:30:49][m [32m[main/INFO][m [36m(Minecraft)[m [0m[CHAT] §2§l§o[TenorClef] §rT2 [HIST] 9:32.1 WHY nether: gold helm on head before fortress
[m[34m[21:30:49][m [32m[main/INFO][m [36m(Minecraft)[m [0m[CHAT] §2§l§o[TenorClef] §rT2 [HIST] 9:32.3 CHILD GetToYTask -> CollectGoldIngotTask ph=NETHER @-25,48,-5 sky=0 wet=false ground=false pick=1 buck=2 iron=0 ore=1 rods=0 pearls=0 eyes=0
[m[34m[21:30:49][m [32m[main/INFO][m [36m(Minecraft)[m [0m[CHAT] §2§l§o[TenorClef] §rT2 [NOW] t=9:32.7 ph=NETHER @-25,48,-5 do=<Collecting 5 gold.: [[gold_ingot] x 5]>  eq=iron_pickaxe woodpick=1 stonepick=1 pick=1 iron=0 buck=1
[m[34m[21:30:49][m [32m[main/INFO][m [36m(Minecraft)[m [0m[CHAT] §2§l§o[TenorClef] §rT2 [HIST] 9:32.8 CHILD CollectGoldIngotTask -> GetToYTask ph=NETHER @-25,47,-5 sky=0 wet=false ground=false pick=1 buck=2 iron=0 ore=1 rods=0 pearls=0 eyes=0
[m[34m[21:30:50][m [32m[main/INFO][m [36m(Minecraft)[m [0m[CHAT] §2§l§o[TenorClef] §rT2 [HIST] 9:33.1 CHILD GetToYTask -> CollectGoldIngotTask ph=NETHER @-25,48,-5 sky=0 wet=false ground=false pick=1 buck=2 iron=0 ore=1 rods=0 pearls=0 eyes=0
[m[34m[21:30:50][m [32m[main/INFO][m [36m(Minecraft)[m [0m[CHAT] §2§l§o[TenorClef] §rMineAndCollect: equip item.minecraft.iron_pickaxe for block.minecraft.nether_gold_ore
[m[34m[21:30:50][m [32m[main/INFO][m [36m(Minecraft)[m [0m[CHAT] §2§l§o[TenorClef] §rT2 [NOW] t=9:33.7 ph=NETHER @-25,47,-5 do=<Collecting 5 gold.: [[gold_ingot] x 5]>  eq=iron_pickaxe woodpick=1 stonepick=1 pick=1 iron=0 buck=1
[m[34m[21:30:50][m [32m[main/INFO][m [36m(Minecraft)[m [0m[CHAT] §2§l§o[TenorClef] §rT2 [HIST] 9:33.7 CHILD CollectGoldIngotTask -> GetToYTask ph=NETHER @-25,47,-5 sky=0 wet=false ground=false pick=1 buck=2 iron=0 ore=1 rods=0 pearls=0 eyes=0
[m[34m[21:30:51][m [32m[main/INFO][m [36m(Minecraft)[m [0m[CHAT] §2§l§o[TenorClef] §rT2 [HIST] 9:34.2 CHILD GetToYTask -> CollectGoldIngotTask ph=NETHER @-25,48,-5 sky=0 wet=false ground=false pick=1 buck=2 iron=0 ore=1 rods=0 pearls=0 eyes=0
[m[34m[21:30:51][m [32m[main/INFO][m [36m(Minecraft)[m [0m[CHAT] §2§l§o[TenorClef] §rT2 [HIST] 9:34.3 SNAP ph=NETHER @-25,48,-5 sky=0 wet=false ground=false pick=1 buck=2 iron=0 ore=1 rods=0 pearls=0 eyes=0 child=CollectGoldIngotTask dbg=<Collecting 5 gold.: [[gold_ingot] x 5]>  mobs=none
[m[34m[21:30:51][m [32m[main/INFO][m [36m(Minecraft)[m [0m[CHAT] §2§l§o[TenorClef] §rT2 [HIST] 9:34.6 CHILD CollectGoldIngotTask -> GetToYTask ph=NETHER @-25,47,-5 sky=0 wet=false ground=false pick=1 buck=2 iron=0 ore=1 rods=0 pearls=0 eyes=0
[m[34m[21:30:51][m [32m[main/INFO][m [36m(Minecraft)[m [0m[CHAT] §2§l§o[TenorClef] §rT2 [NOW] t=9:34.7 ph=NETHER @-25,47,-5 do=<Going to y=52> Completing goal. eq=iron_pickaxe woodpick=1 stonepick=1 pick=1 iron=0 buck=1
[m[34m[21:30:52][m [32m[main/INFO][m [36m(Minecraft)[m [0m[CHAT] §2§l§o[TenorClef] §rT2 [HIST] 9:35.0 CHILD GetToYTask -> CollectGoldIngotTask ph=NETHER @-25,48,-5 sky=0 wet=false ground=false pick=1 buck=2 iron=0 ore=1 rods=0 pearls=0 eyes=0
[m[34m[21:30:52][m [32m[main/INFO][m [36m(Minecraft)[m [0m[CHAT] §2§l§o[TenorClef] §rMineAndCollect: equip item.minecraft.iron_pickaxe for block.minecraft.nether_gold_ore
[m[34m[21:30:52][m [32m[main/INFO][m [36m(Minecraft)[m [0m[CHAT] §2§l§o[TenorClef] §rT2 [HIST] 9:35.6 CHILD CollectGoldIngotTask -> GetToYTask ph=NETHER @-25,47,-5 sky=0 wet=false ground=false pick=1 buck=2 iron=0 ore=1 rods=0 pearls=0 eyes=0
[m[34m[21:30:52][m [32m[main/INFO][m [36m(Minecraft)[m [0m[CHAT] §2§l§o[TenorClef] §rT2 [NOW] t=9:35.7 ph=NETHER @-25,47,-5 do=<Going to y=52> Completing goal. eq=iron_pickaxe woodpick=1 stonepick=1 pick=1 iron=0 buck=1
[m[34m[21:30:53][m [32m[main/INFO][m [36m(Minecraft)[m [0m[CHAT] §2§l§o[TenorClef] §rT2 [HIST] 9:36.0 WHY nether: climb off lava before gold
[m[34m[21:30:53][m [32m[main/INFO][m [36m(Minecraft)[m [0m[CHAT] §2§l§o[TenorClef] §rT2 [HIST] 9:36.1 WHY nether: gold helm on head before fortress
[m[34m[21:30:53][m [32m[main/INFO][m [36m(Minecraft)[m [0m[CHAT] §2§l§o[TenorClef] §rT2 [HIST] 9:36.1 CHILD GetToYTask -> CollectGoldIngotTask ph=NETHER @-25,48,-5 sky=0 wet=false ground=false pick=1 buck=2 iron=0 ore=1 rods=0 pearls=0 eyes=0
[m[34m[21:30:53][m [32m[main/INFO][m [36m(Minecraft)[m [0m[CHAT] §2§l§o[TenorClef] §rT2 [HIST] 9:36.6 CHILD CollectGoldIngotTask -> GetToYTask ph=NETHER @-25,47,-5 sky=0 wet=false ground=false pick=1 buck=2 iron=0 ore=1 rods=0 pearls=0 eyes=0
[m[34m[21:30:53][m [32m[main/INFO][m [36m(Minecraft)[m [0m[CHAT] §2§l§o[TenorClef] §rT2 [NOW] t=9:36.7 ph=NETHER @-25,47,-5 do=<Going to y=52> Completing goal. eq=iron_pickaxe woodpick=1 stonepick=1 pick=1 iron=0 buck=1
[m[34m[21:30:53][m [32m[main/INFO][m [36m(Minecraft)[m [0m[CHAT] §2§l§o[TenorClef] §rT2 [HIST] 9:36.8 SNAP ph=NETHER @-25,47,-5 sky=0 wet=false ground=true pick=1 buck=2 iron=0 ore=1 rods=0 pearls=0 eyes=0 child=GetToYTask dbg=<Going to y=52> Completing goal. mobs=none
[m[34m[21:30:54][m [32m[main/INFO][m [36m(Minecraft)[m [0m[CHAT] §2§l§o[TenorClef] §rT2 [HIST] 9:36.9 CHILD GetToYTask -> CollectGoldIngotTask ph=NETHER @-25,48,-5 sky=0 wet=false ground=false pick=1 buck=2 iron=0 ore=1 rods=0 pearls=0 eyes=0
[m[34m[21:30:54][m [32m[main/INFO][m [36m(Minecraft)[m [0m[CHAT] §2§l§o[TenorClef] §rMineAndCollect: equip item.minecraft.iron_pickaxe for block.minecraft.nether_gold_ore
[m[34m[21:30:54][m [32m[main/INFO][m [36m(Minecraft)[m [0m[CHAT] §2§l§o[TenorClef] §rT2 [HIST] 9:37.5 CHILD CollectGoldIngotTask -> GetToYTask ph=NETHER @-25,47,-5 sky=0 wet=false ground=false pick=1 buck=2 iron=0 ore=1 rods=0 pearls=0 eyes=0
[m[34m[21:30:54][m [32m[main/INFO][m [36m(Minecraft)[m [0m[CHAT] §2§l§o[TenorClef] §rT2 [NOW] t=9:37.7 ph=NETHER @-25,47,-5 do=<Going to y=52> Completing goal. eq=iron_pickaxe woodpick=1 stonepick=1 pick=1 iron=0 buck=1
[m[34m[21:30:55][m [32m[main/INFO][m [36m(Minecraft)[m [0m[CHAT] §2§l§o[TenorClef] §rT2 [HIST] 9:38.0 CHILD GetToYTask -> CollectGoldIngotTask ph=NETHER @-25,48,-5 sky=0 wet=false ground=false pick=1 buck=2 iron=0 ore=1 rods=0 pearls=0 eyes=0
[m[34m[21:30:55][m [32m[main/INFO][m [36m(Minecraft)[m [0m[CHAT] §2§l§o[TenorClef] §rT2 [HIST] 9:38.5 CHILD CollectGoldIngotTask -> GetToYTask ph=NETHER @-25,47,-5 sky=0 wet=false ground=false pick=1 buck=2 iron=0 ore=1 rods=0 pearls=0 eyes=0
[m[34m[21:30:55][m [32m[main/INFO][m [36m(Minecraft)[m [0m[CHAT] §2§l§o[TenorClef] §rT2 [NOW] t=9:38.7 ph=NETHER @-25,47,-5 do=<Going to y=52> Completing goal. eq=iron_pickaxe woodpick=1 stonepick=1 pick=1 iron=0 buck=1
[m[34m[21:30:55][m [32m[main/INFO][m [36m(Minecraft)[m [0m[CHAT] §2§l§o[TenorClef] §rT2 [HIST] 9:38.9 CHILD GetToYTask -> CollectGoldIngotTask ph=NETHER @-25,48,-5 sky=0 wet=false ground=false pick=1 buck=2 iron=0 ore=1 rods=0 pearls=0 eyes=0
[m[34m[21:30:56][m [32m[main/INFO][m [36m(Minecraft)[m [0m[CHAT] §2§l§o[TenorClef] §rMineAndCollect: equip item.minecraft.iron_pickaxe for block.minecraft.nether_gold_ore
[m[34m[21:30:56][m [32m[main/INFO][m [36m(Minecraft)[m [0m[CHAT] §2§l§o[TenorClef] §rT2 [HIST] 9:39.3 SNAP ph=NETHER @-25,48,-5 sky=0 wet=false ground=true pick=1 buck=2 iron=0 ore=1 rods=0 pearls=0 eyes=0 child=CollectGoldIngotTask dbg=<Collecting 5 gold.: [[gold_ingot] x 5]>  mobs=none
[m[34m[21:30:56][m [32m[main/INFO][m [36m(Minecraft)[m [0m[CHAT] §2§l§o[TenorClef] §rT2 [HIST] 9:39.4 CHILD CollectGoldIngotTask -> GetToYTask ph=NETHER @-25,47,-5 sky=0 wet=false ground=false pick=1 buck=2 iron=0 ore=1 rods=0 pearls=0 eyes=0
[m[34m[21:30:56][m [32m[main/INFO][m [36m(Minecraft)[m [0m[CHAT] §2§l§o[TenorClef] §rT2 [NOW] t=9:39.7 ph=NETHER @-25,47,-5 do=<Going to y=52> Completing goal. eq=iron_pickaxe woodpick=1 stonepick=1 pick=1 iron=0 buck=1
[m[34m[21:30:57][m [32m[main/INFO][m [36m(Minecraft)[m [0m[CHAT] §2§l§o[TenorClef] §rT2 [HIST] 9:39.9 CHILD GetToYTask -> CollectGoldIngotTask ph=NETHER @-25,48,-5 sky=0 wet=false ground=false pick=1 buck=2 iron=0 ore=1 rods=0 pearls=0 eyes=0
[m[34m[21:30:57][m [32m[main/INFO][m [36m(Minecraft)[m [0m[CHAT] §2§l§o[TenorClef] §rT2 [HIST] 9:40.3 WHY nether: climb off lava before gold
[m[34m[21:30:57][m [32m[main/INFO][m [36m(Minecraft)[m [0m[CHAT] §2§l§o[TenorClef] §rT2 [HIST] 9:40.4 CHILD CollectGoldIngotTask -> GetToYTask ph=NETHER @-25,47,-5 sky=0 wet=false ground=false pick=1 buck=2 iron=0 ore=1 rods=0 pearls=0 eyes=0
[m[34m[21:30:57][m [32m[main/INFO][m [36m(Minecraft)[m [0m[CHAT] §2§l§o[TenorClef] §rT2 [HIST] 9:40.4 WHY nether: gold helm on head before fortress
[m[34m[21:30:57][m [32m[main/INFO][m [36m(Minecraft)[m [0m[CHAT] §2§l§o[TenorClef] §rT2 [NOW] t=9:40.7 ph=NETHER @-25,47,-5 do=<Going to y=52> Completing goal. eq=iron_pickaxe woodpick=1 stonepick=1 pick=1 iron=0 buck=1
[m[34m[21:30:57][m [32m[main/INFO][m [36m(Minecraft)[m [0m[CHAT] §2§l§o[TenorClef] §rT2 [HIST] 9:40.8 CHILD GetToYTask -> CollectGoldIngotTask ph=NETHER @-25,48,-5 sky=0 wet=false ground=false pick=1 buck=2 iron=0 ore=1 rods=0 pearls=0 eyes=0
[m[34m[21:30:58][m [32m[main/INFO][m [36m(Minecraft)[m [0m[CHAT] §2§l§o[TenorClef] §rMineAndCollect: equip item.minecraft.iron_pickaxe for block.minecraft.nether_gold_ore
[m[34m[21:30:58][m [32m[main/INFO][m [36m(Minecraft)[m [0m[CHAT] §2§l§o[TenorClef] §rT2 [HIST] 9:41.3 CHILD CollectGoldIngotTask -> GetToYTask ph=NETHER @-25,47,-5 sky=0 wet=false ground=false pick=1 buck=2 iron=0 ore=1 rods=0 pearls=0 eyes=0
[m[34m[21:30:58][m [32m[main/INFO][m [36m(Minecraft)[m [0m[CHAT] §2§l§o[TenorClef] §rT2 [NOW] t=9:41.7 ph=NETHER @-25,47,-5 do=<Going to y=52> Completing goal. eq=iron_pickaxe woodpick=1 stonepick=1 pick=1 iron=0 buck=1
[m[34m[21:30:58][m [32m[main/INFO][m [36m(Minecraft)[m [0m[CHAT] §2§l§o[TenorClef] §rT2 [HIST] 9:41.8 SNAP ph=NETHER @-25,47,-5 sky=0 wet=false ground=false pick=1 buck=2 iron=0 ore=1 rods=0 pearls=0 eyes=0 child=GetToYTask dbg=<Going to y=52> Completing goal. mobs=none
[m[34m[21:30:58][m [32m[main/INFO][m [36m(Minecraft)[m [0m[CHAT] §2§l§o[TenorClef] §rT2 [HIST] 9:41.8 CHILD GetToYTask -> CollectGoldIngotTask ph=NETHER @-25,48,-5 sky=0 wet=false ground=false pick=1 buck=2 iron=0 ore=1 rods=0 pearls=0 eyes=0
[m[34m[21:30:59][m [32m[main/INFO][m [36m(Minecraft)[m [0m[CHAT] §2§l§o[TenorClef] §rT2 [HIST] 9:42.2 CHILD CollectGoldIngotTask -> GetToYTask ph=NETHER @-25,47,-5 sky=0 wet=false ground=false pick=1 buck=2 iron=0 ore=1 rods=0 pearls=0 eyes=0
[m[34m[21:30:59][m [32m[main/INFO][m [36m(Minecraft)[m [0m[CHAT] §2§l§o[TenorClef] §rT2 [HIST] 9:42.7 CHILD GetToYTask -> CollectGoldIngotTask ph=NETHER @-25,48,-5 sky=0 wet=false ground=false pick=1 buck=2 iron=0 ore=1 rods=0 pearls=0 eyes=0
[m[34m[21:30:59][m [32m[main/INFO][m [36m(Minecraft)[m [0m[CHAT] §2§l§o[TenorClef] §rT2 [NOW] t=9:42.7 ph=NETHER @-25,48,-5 do=<Collecting 5 gold.: [[gold_ingot] x 5]>  eq=iron_pickaxe woodpick=1 stonepick=1 pick=1 iron=0 buck=1
[m[34m[21:31:00][m [32m[main/INFO][m [36m(Minecraft)[m [0m[CHAT] §2§l§o[TenorClef] §rMineAndCollect: equip item.minecraft.iron_pickaxe for block.minecraft.nether_gold_ore
[m[34m[21:31:00][m [32m[main/INFO][m [36m(Minecraft)[m [0m[CHAT] §2§l§o[TenorClef] §rT2 [HIST] 9:43.2 CHILD CollectGoldIngotTask -> GetToYTask ph=NETHER @-25,47,-5 sky=0 wet=false ground=false pick=1 buck=2 iron=0 ore=1 rods=0 pearls=0 eyes=0
[m[34m[21:31:00][m [32m[main/INFO][m [36m(Minecraft)[m [0m[CHAT] §2§l§o[TenorClef] §rT2 [NOW] t=9:43.7 ph=NETHER @-25,48,-5 do=<Going to y=52> Completing goal. eq=iron_pickaxe woodpick=1 stonepick=1 pick=1 iron=0 buck=1
[m[34m[21:31:00][m [32m[main/INFO][m [36m(Minecraft)[m [0m[CHAT] §2§l§o[TenorClef] §rT2 [HIST] 9:43.7 CHILD GetToYTask -> CollectGoldIngotTask ph=NETHER @-25,48,-5 sky=0 wet=false ground=false pick=1 buck=2 iron=0 ore=1 rods=0 pearls=0 eyes=0
[m[34m[21:31:01][m [32m[main/INFO][m [36m(Minecraft)[m [0m[CHAT] §2§l§o[TenorClef] §rT2 [HIST] 9:44.2 CHILD CollectGoldIngotTask -> GetToYTask ph=NETHER @-25,47,-5 sky=0 wet=false ground=false pick=1 buck=2 iron=0 ore=1 rods=0 pearls=0 eyes=0
[m[34m[21:31:01][m [32m[main/INFO][m [36m(Minecraft)[m [0m[CHAT] §2§l§o[TenorClef] §rT2 [HIST] 9:44.3 SNAP ph=NETHER @-25,47,-5 sky=0 wet=false ground=false pick=1 buck=2 iron=0 ore=1 rods=0 pearls=0 eyes=0 child=GetToYTask dbg=<Going to y=52> Completing goal. mobs=none
[m[34m[21:31:01][m [32m[main/INFO][m [36m(Minecraft)[m [0m[CHAT] §2§l§o[TenorClef] §rT2 [HIST] 9:44.4 WHY nether: climb off lava before gold
[m[34m[21:31:01][m [32m[main/INFO][m [36m(Minecraft)[m [0m[CHAT] §2§l§o[TenorClef] §rT2 [HIST] 9:44.4 WHY nether: gold helm on head before fortress
[m[34m[21:31:01][m [32m[main/INFO][m [36m(Minecraft)[m [0m[CHAT] §2§l§o[TenorClef] §rT2 [HIST] 9:44.6 CHILD GetToYTask -> CollectGoldIngotTask ph=NETHER @-25,48,-5 sky=0 wet=false ground=false pick=1 buck=2 iron=0 ore=1 rods=0 pearls=0 eyes=0
[m[34m[21:31:01][m [32m[main/INFO][m [36m(Minecraft)[m [0m[CHAT] §2§l§o[TenorClef] §rT2 [NOW] t=9:44.7 ph=NETHER @-26,48,-5 do=<Collecting 5 gold.: [[gold_ingot] x 5]>  eq=iron_pickaxe woodpick=1 stonepick=1 pick=1 iron=0 buck=1
[m[34m[21:31:01][m [32m[main/INFO][m [36m(Minecraft)[m [0m[CHAT] §2§l§o[TenorClef] §rMineAndCollect: equip item.minecraft.iron_pickaxe for block.minecraft.nether_gold_ore
[m[34m[21:31:02][m [32m[main/INFO][m [36m(Minecraft)[m [0m[CHAT] §2§l§o[TenorClef] §rT2 [HIST] 9:45.1 CHILD CollectGoldIngotTask -> GetToYTask ph=NETHER @-25,47,-5 sky=0 wet=false ground=false pick=1 buck=2 iron=0 ore=1 rods=0 pearls=0 eyes=0
[m[34m[21:31:02][m [32m[main/INFO][m [36m(Minecraft)[m [0m[CHAT] §2§l§o[TenorClef] §rT2 [HIST] 9:45.6 CHILD GetToYTask -> CollectGoldIngotTask ph=NETHER @-25,48,-5 sky=0 wet=false ground=false pick=1 buck=2 iron=0 ore=1 rods=0 pearls=0 eyes=0
[m[34m[21:31:02][m [32m[main/INFO][m [36m(Minecraft)[m [0m[CHAT] §2§l§o[TenorClef] §rT2 [NOW] t=9:45.7 ph=NETHER @-25,48,-5 do=<Collecting 5 gold.: [[gold_ingot] x 5]>  eq=iron_pickaxe woodpick=1 stonepick=1 pick=1 iron=0 buck=1
[m[34m[21:31:03][m [32m[main/INFO][m [36m(Minecraft)[m [0m[CHAT] §2§l§o[TenorClef] §rT2 [HIST] 9:46.1 CHILD CollectGoldIngotTask -> GetToYTask ph=NETHER @-25,47,-5 sky=0 wet=false ground=false pick=1 buck=2 iron=0 ore=1 rods=0 pearls=0 eyes=0
[m[34m[21:31:03][m [32m[main/INFO][m [36m(Minecraft)[m [0m[CHAT] §2§l§o[TenorClef] §rT2 [HIST] 9:46.5 CHILD GetToYTask -> CollectGoldIngotTask ph=NETHER @-25,48,-5 sky=0 wet=false ground=false pick=1 buck=2 iron=0 ore=1 rods=0 pearls=0 eyes=0
[m[34m[21:31:03][m [32m[main/INFO][m [36m(Minecraft)[m [0m[CHAT] §2§l§o[TenorClef] §rT2 [NOW] t=9:46.7 ph=NETHER @-26,48,-5 do=<Collecting 5 gold.: [[gold_ingot] x 5]>  eq=cobblestone woodpick=1 stonepick=1 pick=1 iron=0 buck=1
[m[34m[21:31:03][m [32m[main/INFO][m [36m(Minecraft)[m [0m[CHAT] §2§l§o[TenorClef] §rMineAndCollect: equip item.minecraft.iron_pickaxe for block.minecraft.nether_gold_ore
[m[34m[21:31:03][m [32m[main/INFO][m [36m(Minecraft)[m [0m[CHAT] §2§l§o[TenorClef] §rT2 [HIST] 9:46.8 SNAP ph=NETHER @-26,48,-5 sky=0 wet=false ground=true pick=1 buck=2 iron=0 ore=1 rods=0 pearls=0 eyes=0 child=CollectGoldIngotTask dbg=<Collecting 5 gold.: [[gold_ingot] x 5]>  mobs=none
[m[34m[21:31:04][m [32m[main/INFO][m [36m(Minecraft)[m [0m[CHAT] §2§l§o[TenorClef] §rT2 [HIST] 9:47.0 CHILD CollectGoldIngotTask -> GetToYTask ph=NETHER @-25,47,-5 sky=0 wet=false ground=false pick=1 buck=2 iron=0 ore=1 rods=0 pearls=0 eyes=0
[m[34m[21:31:04][m [32m[main/INFO][m [36m(Minecraft)[m [0m[CHAT] §2§l§o[TenorClef] §rT2 [HIST] 9:47.5 CHILD GetToYTask -> CollectGoldIngotTask ph=NETHER @-25,48,-5 sky=0 wet=false ground=false pick=1 buck=2 iron=0 ore=1 rods=0 pearls=0 eyes=0
[m[34m[21:31:04][m [32m[main/INFO][m [36m(Minecraft)[m [0m[CHAT] §2§l§o[TenorClef] §rT2 [NOW] t=9:47.7 ph=NETHER @-25,48,-5 do=<Collecting 5 gold.: [[gold_ingot] x 5]>  eq=iron_pickaxe woodpick=1 stonepick=1 pick=1 iron=0 buck=1
[m[34m[21:31:05][m [32m[main/INFO][m [36m(Minecraft)[m [0m[CHAT] §2§l§o[TenorClef] §rT2 [HIST] 9:48.0 CHILD CollectGoldIngotTask -> GetToYTask ph=NETHER @-25,47,-5 sky=0 wet=false ground=false pick=1 buck=2 iron=0 ore=1 rods=0 pearls=0 eyes=0
[m[34m[21:31:05][m [32m[main/INFO][m [36m(Minecraft)[m [0m[CHAT] §2§l§o[TenorClef] §rT2 [HIST] 9:48.4 CHILD GetToYTask -> CollectGoldIngotTask ph=NETHER @-25,48,-5 sky=0 wet=false ground=false pick=1 buck=2 iron=0 ore=1 rods=0 pearls=0 eyes=0
[m[34m[21:31:05][m [32m[main/INFO][m [36m(Minecraft)[m [0m[CHAT] §2§l§o[TenorClef] §rMineAndCollect: equip item.minecraft.iron_pickaxe for block.minecraft.nether_gold_ore
[m[34m[21:31:05][m [32m[main/INFO][m [36m(Minecraft)[m [0m[CHAT] §2§l§o[TenorClef] §rT2 [NOW] t=9:48.7 ph=NETHER @-26,48,-5 do=<Collecting 5 gold.: [[gold_ingot] x 5]>  eq=iron_pickaxe woodpick=1 stonepick=1 pick=1 iron=0 buck=1
[m[34m[21:31:06][m [32m[main/INFO][m [36m(Minecraft)[m [0m[CHAT] §2§l§o[TenorClef] §rT2 [HIST] 9:48.9 WHY nether: climb off lava before gold
[m[34m[21:31:06][m [32m[main/INFO][m [36m(Minecraft)[m [0m[CHAT] §2§l§o[TenorClef] §rT2 [HIST] 9:48.9 CHILD CollectGoldIngotTask -> GetToYTask ph=NETHER @-25,47,-5 sky=0 wet=false ground=false pick=1 buck=2 iron=0 ore=1 rods=0 pearls=0 eyes=0
[m[34m[21:31:06][m [32m[main/INFO][m [36m(Minecraft)[m [0m[CHAT] §2§l§o[TenorClef] §rT2 [HIST] 9:49.0 WHY nether: gold helm on head before fortress
[m[34m[21:31:06][m [32m[main/INFO][m [36m(Minecraft)[m [0m[CHAT] §2§l§o[TenorClef] §rT2 [HIST] 9:49.3 SNAP ph=NETHER @-25,47,-5 sky=0 wet=false ground=true pick=1 buck=2 iron=0 ore=1 rods=0 pearls=0 eyes=0 child=GetToYTask dbg=<Going to y=52> Completing goal. mobs=none
[m[34m[21:31:06][m [32m[main/INFO][m [36m(Minecraft)[m [0m[CHAT] §2§l§o[TenorClef] §rT2 [HIST] 9:49.4 CHILD GetToYTask -> CollectGoldIngotTask ph=NETHER @-25,48,-5 sky=0 wet=false ground=false pick=1 buck=2 iron=0 ore=1 rods=0 pearls=0 eyes=0
[m[34m[21:31:06][m [32m[main/INFO][m [36m(Minecraft)[m [0m[CHAT] §2§l§o[TenorClef] §rT2 [NOW] t=9:49.7 ph=NETHER @-25,48,-5 do=<Collecting 5 gold.: [[gold_ingot] x 5]>  eq=iron_pickaxe woodpick=1 stonepick=1 pick=1 iron=0 buck=1
[m[34m[21:31:06][m [32m[main/INFO][m [36m(Minecraft)[m [0m[CHAT] §2§l§o[TenorClef] §rT2 [HIST] 9:49.9 CHILD CollectGoldIngotTask -> GetToYTask ph=NETHER @-25,47,-5 sky=0 wet=false ground=false pick=1 buck=2 iron=0 ore=1 rods=0 pearls=0 eyes=0
[m[34m[21:31:07][m [32m[main/INFO][m [36m(Minecraft)[m [0m[CHAT] §2§l§o[TenorClef] §rT2 [HIST] 9:50.3 CHILD GetToYTask -> CollectGoldIngotTask ph=NETHER @-25,48,-5 sky=0 wet=false ground=false pick=1 buck=2 iron=0 ore=1 rods=0 pearls=0 eyes=0
[m[34m[21:31:07][m [32m[main/INFO][m [36m(Minecraft)[m [0m[CHAT] §2§l§o[TenorClef] §rMineAndCollect: equip item.minecraft.iron_pickaxe for block.minecraft.nether_gold_ore
[m[34m[21:31:07][m [32m[main/INFO][m [36m(Minecraft)[m [0m[CHAT] §2§l§o[TenorClef] §rT2 [NOW] t=9:50.7 ph=NETHER @-25,48,-5 do=<Collecting 5 gold.: [[gold_ingot] x 5]>  eq=iron_pickaxe woodpick=1 stonepick=1 pick=1 iron=0 buck=1
[m[34m[21:31:07][m [32m[main/INFO][m [36m(Minecraft)[m [0m[CHAT] §2§l§o[TenorClef] §rT2 [HIST] 9:50.8 CHILD CollectGoldIngotTask -> GetToYTask ph=NETHER @-25,47,-5 sky=0 wet=false ground=false pick=1 buck=2 iron=0 ore=1 rods=0 pearls=0 eyes=0
[m[34m[21:31:08][m [32m[main/INFO][m [36m(Minecraft)[m [0m[CHAT] §2§l§o[TenorClef] §rT2 [HIST] 9:51.3 CHILD GetToYTask -> CollectGoldIngotTask ph=NETHER @-25,48,-5 sky=0 wet=false ground=false pick=1 buck=2 iron=0 ore=1 rods=0 pearls=0 eyes=0
[m[34m[21:31:08][m [32m[main/INFO][m [36m(Minecraft)[m [0m[CHAT] §2§l§o[TenorClef] §rT2 [NOW] t=9:51.7 ph=NETHER @-25,48,-5 do=<Collecting 5 gold.: [[gold_ingot] x 5]>  eq=iron_pickaxe woodpick=1 stonepick=1 pick=1 iron=0 buck=1
[m[34m[21:31:08][m [32m[main/INFO][m [36m(Minecraft)[m [0m[CHAT] §2§l§o[TenorClef] §rT2 [HIST] 9:51.8 CHILD CollectGoldIngotTask -> GetToYTask ph=NETHER @-25,47,-5 sky=0 wet=false ground=false pick=1 buck=2 iron=0 ore=1 rods=0 pearls=0 eyes=0
[m[34m[21:31:08][m [32m[main/INFO][m [36m(Minecraft)[m [0m[CHAT] §2§l§o[TenorClef] §rT2 [HIST] 9:51.8 SNAP ph=NETHER @-25,47,-5 sky=0 wet=false ground=false pick=1 buck=2 iron=0 ore=1 rods=0 pearls=0 eyes=0 child=GetToYTask dbg=<Going to y=52>  mobs=none
[m[34m[21:31:09][m [32m[main/INFO][m [36m(Minecraft)[m [0m[CHAT] §2§l§o[TenorClef] §rT2 [HIST] 9:52.1 CHILD GetToYTask -> CollectGoldIngotTask ph=NETHER @-25,48,-5 sky=0 wet=false ground=false pick=1 buck=2 iron=0 ore=1 rods=0 pearls=0 eyes=0
[m[34m[21:31:09][m [32m[main/INFO][m [36m(Minecraft)[m [0m[CHAT] §2§l§o[TenorClef] §rMineAndCollect: equip item.minecraft.iron_pickaxe for block.minecraft.nether_gold_ore
[m[34m[21:31:09][m [32m[main/INFO][m [36m(Minecraft)[m [0m[CHAT] §2§l§o[TenorClef] §rT2 [NOW] t=9:52.7 ph=NETHER @-25,47,-5 do=<Collecting 5 gold.: [[gold_ingot] x 5]>  eq=iron_pickaxe woodpick=1 stonepick=1 pick=1 iron=0 buck=1
[m[34m[21:31:09][m [32m[main/INFO][m [36m(Minecraft)[m [0m[CHAT] §2§l§o[TenorClef] §rT2 [HIST] 9:52.7 CHILD CollectGoldIngotTask -> GetToYTask ph=NETHER @-25,47,-5 sky=0 wet=false ground=false pick=1 buck=2 iron=0 ore=1 rods=0 pearls=0 eyes=0
[m[34m[21:31:10][m [32m[main/INFO][m [36m(Minecraft)[m [0m[CHAT] §2§l§o[TenorClef] §rT2 [HIST] 9:52.9 WHY nether: climb off lava before gold
[m[34m[21:31:10][m [32m[main/INFO][m [36m(Minecraft)[m [0m[CHAT] §2§l§o[TenorClef] §rT2 [HIST] 9:53.0 WHY nether: gold helm on head before fortress
[m[34m[21:31:10][m [32m[main/INFO][m [36m(Minecraft)[m [0m[CHAT] §2§l§o[TenorClef] §rT2 [HIST] 9:53.2 CHILD GetToYTask -> CollectGoldIngotTask ph=NETHER @-25,48,-5 sky=0 wet=false ground=false pick=1 buck=2 iron=0 ore=1 rods=0 pearls=0 eyes=0
[m[34m[21:31:10][m [32m[main/INFO][m [36m(Minecraft)[m [0m[CHAT] §2§l§o[TenorClef] §rT2 [HIST] 9:53.6 CHILD CollectGoldIngotTask -> GetToYTask ph=NETHER @-25,47,-5 sky=0 wet=false ground=false pick=1 buck=2 iron=0 ore=1 rods=0 pearls=0 eyes=0
[m[34m[21:31:10][m [32m[main/INFO][m [36m(Minecraft)[m [0m[CHAT] §2§l§o[TenorClef] §rT2 [NOW] t=9:53.7 ph=NETHER @-25,47,-5 do=<Going to y=52> Completing goal. eq=iron_pickaxe woodpick=1 stonepick=1 pick=1 iron=0 buck=1
[m[34m[21:31:11][m [32m[main/INFO][m [36m(Minecraft)[m [0m[CHAT] §2§l§o[TenorClef] §rT2 [HIST] 9:54.1 CHILD GetToYTask -> CollectGoldIngotTask ph=NETHER @-25,48,-5 sky=0 wet=false ground=false pick=1 buck=2 iron=0 ore=1 rods=0 pearls=0 eyes=0
[m[34m[21:31:11][m [32m[main/INFO][m [36m(Minecraft)[m [0m[CHAT] §2§l§o[TenorClef] §rT2 [HIST] 9:54.2 SNAP ph=NETHER @-26,48,-5 sky=0 wet=false ground=true pick=1 buck=2 iron=0 ore=1 rods=0 pearls=0 eyes=0 child=CollectGoldIngotTask dbg=<Collecting 5 gold.: [[gold_ingot] x 5]>  mobs=none
[m[34m[21:31:11][m [32m[main/INFO][m [36m(Minecraft)[m [0m[CHAT] §2§l§o[TenorClef] §rMineAndCollect: equip item.minecraft.iron_pickaxe for block.minecraft.nether_gold_ore
[m[34m[21:31:11][m [32m[main/INFO][m [36m(Minecraft)[m [0m[CHAT] §2§l§o[TenorClef] §rT2 [HIST] 9:54.6 CHILD CollectGoldIngotTask -> GetToYTask ph=NETHER @-25,47,-5 sky=0 wet=false ground=false pick=1 buck=2 iron=0 ore=1 rods=0 pearls=0 eyes=0
[m[34m[21:31:11][m [32m[main/INFO][m [36m(Minecraft)[m [0m[CHAT] §2§l§o[TenorClef] §rT2 [NOW] t=9:54.7 ph=NETHER @-25,47,-5 do=<Going to y=52> Completing goal. eq=iron_pickaxe woodpick=1 stonepick=1 pick=1 iron=0 buck=1
[m[34m[21:31:12][m [32m[main/INFO][m [36m(Minecraft)[m [0m[CHAT] §2§l§o[TenorClef] §rT2 [HIST] 9:55.1 CHILD GetToYTask -> CollectGoldIngotTask ph=NETHER @-25,48,-5 sky=0 wet=false ground=false pick=1 buck=2 iron=0 ore=1 rods=0 pearls=0 eyes=0
[m[34m[21:31:12][m [32m[main/INFO][m [36m(Minecraft)[m [0m[CHAT] §2§l§o[TenorClef] §rT2 [HIST] 9:55.6 CHILD CollectGoldIngotTask -> GetToYTask ph=NETHER @-25,47,-5 sky=0 wet=false ground=false pick=1 buck=2 iron=0 ore=1 rods=0 pearls=0 eyes=0
[m[34m[21:31:12][m [32m[main/INFO][m [36m(Minecraft)[m [0m[CHAT] §2§l§o[TenorClef] §rT2 [NOW] t=9:55.7 ph=NETHER @-25,47,-5 do=<Going to y=52> Completing goal. eq=iron_pickaxe woodpick=1 stonepick=1 pick=1 iron=0 buck=1
[m[34m[21:31:13][m [32m[main/INFO][m [36m(Minecraft)[m [0m[CHAT] §2§l§o[TenorClef] §rT2 [HIST] 9:56.0 CHILD GetToYTask -> CollectGoldIngotTask ph=NETHER @-25,48,-5 sky=0 wet=false ground=false pick=1 buck=2 iron=0 ore=1 rods=0 pearls=0 eyes=0
[m[34m[21:31:13][m [32m[main/INFO][m [36m(Minecraft)[m [0m[CHAT] §2§l§o[TenorClef] §rMineAndCollect: equip item.minecraft.iron_pickaxe for block.minecraft.nether_gold_ore
[m[34m[21:31:13][m [32m[main/INFO][m [36m(Minecraft)[m [0m[CHAT] §2§l§o[TenorClef] §rT2 [HIST] 9:56.5 CHILD CollectGoldIngotTask -> GetToYTask ph=NETHER @-25,47,-5 sky=0 wet=false ground=false pick=1 buck=2 iron=0 ore=1 rods=0 pearls=0 eyes=0
[m[34m[21:31:13][m [32m[main/INFO][m [36m(Minecraft)[m [0m[CHAT] §2§l§o[TenorClef] §rT2 [NOW] t=9:56.7 ph=NETHER @-25,47,-5 do=<Going to y=52> Completing goal. eq=iron_pickaxe woodpick=1 stonepick=1 pick=1 iron=0 buck=1
[m[34m[21:31:13][m [32m[main/INFO][m [36m(Minecraft)[m [0m[CHAT] §2§l§o[TenorClef] §rT2 [HIST] 9:56.8 SNAP ph=NETHER @-25,47,-5 sky=0 wet=false ground=true pick=1 buck=2 iron=0 ore=1 rods=0 pearls=0 eyes=0 child=GetToYTask dbg=<Going to y=52> Completing goal. mobs=none
[m[34m[21:31:14][m [32m[main/INFO][m [36m(Minecraft)[m [0m[CHAT] §2§l§o[TenorClef] §rT2 [HIST] 9:57.0 WHY nether: climb off lava before gold
[m[34m[21:31:14][m [32m[main/INFO][m [36m(Minecraft)[m [0m[CHAT] §2§l§o[TenorClef] §rT2 [HIST] 9:57.0 WHY nether: gold helm on head before fortress
[m[34m[21:31:14][m [32m[main/INFO][m [36m(Minecraft)[m [0m[CHAT] §2§l§o[TenorClef] §rT2 [HIST] 9:57.0 CHILD GetToYTask -> CollectGoldIngotTask ph=NETHER @-25,48,-5 sky=0 wet=false ground=false pick=1 buck=2 iron=0 ore=1 rods=0 pearls=0 eyes=0
[m[34m[21:31:14][m [32m[main/INFO][m [36m(Minecraft)[m [0m[CHAT] §2§l§o[TenorClef] §rT2 [HIST] 9:57.5 CHILD CollectGoldIngotTask -> GetToYTask ph=NETHER @-25,47,-5 sky=0 wet=false ground=false pick=1 buck=2 iron=0 ore=1 rods=0 pearls=0 eyes=0
[m[34m[21:31:14][m [32m[main/INFO][m [36m(Minecraft)[m [0m[CHAT] §2§l§o[TenorClef] §rT2 [NOW] t=9:57.7 ph=NETHER @-25,47,-5 do=<Going to y=52> Completing goal. eq=iron_pickaxe woodpick=1 stonepick=1 pick=1 iron=0 buck=1
[m[34m[21:31:14][m [32m[main/INFO][m [36m(Minecraft)[m [0m[CHAT] §2§l§o[TenorClef] §rT2 [HIST] 9:57.8 CHILD GetToYTask -> CollectGoldIngotTask ph=NETHER @-25,48,-5 sky=0 wet=false ground=false pick=1 buck=2 iron=0 ore=1 rods=0 pearls=0 eyes=0
[m[34m[21:31:15][m [32m[main/INFO][m [36m(Minecraft)[m [0m[CHAT] §2§l§o[TenorClef] §rMineAndCollect: equip item.minecraft.iron_pickaxe for block.minecraft.nether_gold_ore
[m[34m[21:31:15][m [32m[main/INFO][m [36m(Minecraft)[m [0m[CHAT] §2§l§o[TenorClef] §rT2 [HIST] 9:58.4 CHILD CollectGoldIngotTask -> GetToYTask ph=NETHER @-25,47,-5 sky=0 wet=false ground=false pick=1 buck=2 iron=0 ore=1 rods=0 pearls=0 eyes=0
[m[34m[21:31:15][m [32m[main/INFO][m [36m(Minecraft)[m [0m[CHAT] §2§l§o[TenorClef] §rT2 [NOW] t=9:58.7 ph=NETHER @-25,47,-5 do=<Going to y=52> Completing goal. eq=iron_pickaxe woodpick=1 stonepick=1 pick=1 iron=0 buck=1
[m[34m[21:31:16][m [32m[main/INFO][m [36m(Minecraft)[m [0m[CHAT] §2§l§o[TenorClef] §rT2 [HIST] 9:58.9 CHILD GetToYTask -> CollectGoldIngotTask ph=NETHER @-25,48,-5 sky=0 wet=false ground=false pick=1 buck=2 iron=0 ore=1 rods=0 pearls=0 eyes=0
[m[34m[21:31:16][m [32m[main/INFO][m [36m(Minecraft)[m [0m[CHAT] §2§l§o[TenorClef] §rT2 [HIST] 9:59.3 SNAP ph=NETHER @-25,48,-5 sky=0 wet=false ground=true pick=1 buck=2 iron=0 ore=1 rods=0 pearls=0 eyes=0 child=CollectGoldIngotTask dbg=<Collecting 5 gold.: [[gold_ingot] x 5]>  mobs=none
[m[34m[21:31:16][m [32m[main/INFO][m [36m(Minecraft)[m [0m[CHAT] §2§l§o[TenorClef] §rT2 [HIST] 9:59.4 CHILD CollectGoldIngotTask -> GetToYTask ph=NETHER @-25,47,-5 sky=0 wet=false ground=false pick=1 buck=2 iron=0 ore=1 rods=0 pearls=0 eyes=0
[m[34m[21:31:16][m [32m[main/INFO][m [36m(Minecraft)[m [0m[CHAT] §2§l§o[TenorClef] §rT2 [NOW] t=9:59.7 ph=NETHER @-25,47,-5 do=<Going to y=52> Completing goal. eq=iron_pickaxe woodpick=1 stonepick=1 pick=1 iron=0 buck=1
[m[34m[21:31:16][m [32m[main/INFO][m [36m(Minecraft)[m [0m[CHAT] §2§l§o[TenorClef] §rT2 [HIST] 9:59.8 CHILD GetToYTask -> CollectGoldIngotTask ph=NETHER @-25,48,-5 sky=0 wet=false ground=false pick=1 buck=2 iron=0 ore=1 rods=0 pearls=0 eyes=0
[m[34m[21:31:17][m [32m[main/INFO][m [36m(Minecraft)[m [0m[CHAT] §2§l§o[TenorClef] §rMineAndCollect: equip item.minecraft.iron_pickaxe for block.minecraft.nether_gold_ore
[m[34m[21:31:17][m [32m[main/INFO][m [36m(Minecraft)[m [0m[CHAT] §2§l§o[TenorClef] §rT2 [HIST] 10:00.3 CHILD CollectGoldIngotTask -> GetToYTask ph=NETHER @-25,47,-5 sky=0 wet=false ground=false pick=1 buck=2 iron=0 ore=1 rods=0 pearls=0 eyes=0
[m[34m[21:31:17][m [32m[main/INFO][m [36m(Minecraft)[m [0m[CHAT] §2§l§o[TenorClef] §rT2 [NOW] t=10:00.7 ph=NETHER @-25,47,-5 do=<Going to y=52> Completing goal. eq=iron_pickaxe woodpick=1 stonepick=1 pick=1 iron=0 buck=1
[m[34m[21:31:17][m [32m[main/INFO][m [36m(Minecraft)[m [0m[CHAT] §2§l§o[TenorClef] §rT2 [HIST] 10:00.8 CHILD GetToYTask -> CollectGoldIngotTask ph=NETHER @-25,48,-5 sky=0 wet=false ground=false pick=1 buck=2 iron=0 ore=1 rods=0 pearls=0 eyes=0
[m[34m[21:31:18][m [32m[main/INFO][m [36m(Minecraft)[m [0m[CHAT] §2§l§o[TenorClef] §rRefreshed inventory...
[m[34m[21:31:18][m [32m[main/INFO][m [36m(Minecraft)[m [0m[CHAT] §2§l§o[TenorClef] §rT2 [HIST] 10:01.3 WHY nether: climb off lava before gold
[m[34m[21:31:18][m [32m[main/INFO][m [36m(Minecraft)[m [0m[CHAT] §2§l§o[TenorClef] §rT2 [HIST] 10:01.3 CHILD CollectGoldIngotTask -> GetToYTask ph=NETHER @-25,47,-5 sky=0 wet=false ground=false pick=1 buck=2 iron=0 ore=1 rods=0 pearls=0 eyes=0
[m[34m[21:31:18][m [32m[main/INFO][m [36m(Minecraft)[m [0m[CHAT] §2§l§o[TenorClef] §rT2 [HIST] 10:01.3 WHY nether: gold helm on head before fortress
[m[34m[21:31:18][m [32m[main/INFO][m [36m(Minecraft)[m [0m[CHAT] §2§l§o[TenorClef] §rT2 [HIST] 10:01.7 CHILD GetToYTask -> CollectGoldIngotTask ph=NETHER @-25,48,-5 sky=0 wet=false ground=false pick=1 buck=2 iron=0 ore=1 rods=0 pearls=0 eyes=0
[m[34m[21:31:18][m [32m[main/INFO][m [36m(Minecraft)[m [0m[CHAT] §2§l§o[TenorClef] §rT2 [NOW] t=10:01.7 ph=NETHER @-25,48,-5 do=<Collecting 5 gold.: [[gold_ingot] x 5]>  eq=iron_pickaxe woodpick=1 stonepick=1 pick=1 iron=0 buck=1
[m[34m[21:31:18][m [32m[main/INFO][m [36m(Minecraft)[m [0m[CHAT] §2§l§o[TenorClef] §rT2 [HIST] 10:01.8 SNAP ph=NETHER @-25,48,-5 sky=0 wet=false ground=false pick=1 buck=2 iron=0 ore=1 rods=0 pearls=0 eyes=0 child=CollectGoldIngotTask dbg=<Collecting 5 gold.: [[gold_ingot] x 5]>  mobs=none
[m[34m[21:31:19][m [32m[main/INFO][m [36m(Minecraft)[m [0m[CHAT] §2§l§o[TenorClef] §rMineAndCollect: equip item.minecraft.iron_pickaxe for block.minecraft.nether_gold_ore
[m[34m[21:31:19][m [32m[main/INFO][m [36m(Minecraft)[m [0m[CHAT] §2§l§o[TenorClef] §rT2 [HIST] 10:02.2 CHILD CollectGoldIngotTask -> GetToYTask ph=NETHER @-25,47,-5 sky=0 wet=false ground=false pick=1 buck=2 iron=0 ore=1 rods=0 pearls=0 eyes=0
[m[34m[21:31:19][m [32m[main/INFO][m [36m(Minecraft)[m [0m[CHAT] §2§l§o[TenorClef] §rT2 [NOW] t=10:02.7 ph=NETHER @-25,48,-5 do=<Going to y=52> Completing goal. eq=iron_pickaxe woodpick=1 stonepick=1 pick=1 iron=0 buck=1
[m[34m[21:31:19][m [32m[main/INFO][m [36m(Minecraft)[m [0m[CHAT] §2§l§o[TenorClef] §rT2 [HIST] 10:02.7 CHILD GetToYTask -> CollectGoldIngotTask ph=NETHER @-25,48,-5 sky=0 wet=false ground=false pick=1 buck=2 iron=0 ore=1 rods=0 pearls=0 eyes=0
[m[34m[21:31:20][m [32m[main/INFO][m [36m(Minecraft)[m [0m[CHAT] §2§l§o[TenorClef] §rT2 [HIST] 10:03.1 CHILD CollectGoldIngotTask -> GetToYTask ph=NETHER @-25,47,-5 sky=0 wet=false ground=false pick=1 buck=2 iron=0 ore=1 rods=0 pearls=0 eyes=0
[m[34m[21:31:20][m [32m[main/INFO][m [36m(Minecraft)[m [0m[CHAT] §2§l§o[TenorClef] §rT2 [HIST] 10:03.6 CHILD GetToYTask -> CollectGoldIngotTask ph=NETHER @-25,48,-5 sky=0 wet=false ground=false pick=1 buck=2 iron=0 ore=1 rods=0 pearls=0 eyes=0
[m[34m[21:31:20][m [32m[main/INFO][m [36m(Minecraft)[m [0m[CHAT] §2§l§o[TenorClef] §rT2 [NOW] t=10:03.7 ph=NETHER @-26,48,-5 do=<Collecting 5 gold.: [[gold_ingot] x 5]>  eq=iron_pickaxe woodpick=1 stonepick=1 pick=1 iron=0 buck=1
[m[34m[21:31:20][m [32m[main/INFO][m [36m(Minecraft)[m [0m[CHAT] §2§l§o[TenorClef] §rMineAndCollect: equip item.minecraft.iron_pickaxe for block.minecraft.nether_gold_ore
[m[34m[21:31:21][m [32m[main/INFO][m [36m(Minecraft)[m [0m[CHAT] §2§l§o[TenorClef] §rT2 [HIST] 10:04.1 CHILD CollectGoldIngotTask -> GetToYTask ph=NETHER @-25,47,-5 sky=0 wet=false ground=false pick=1 buck=2 iron=0 ore=1 rods=0 pearls=0 eyes=0
[m[34m[21:31:21][m [32m[main/INFO][m [36m(Minecraft)[m [0m[CHAT] §2§l§o[TenorClef] §rT2 [HIST] 10:04.3 SNAP ph=NETHER @-25,47,-5 sky=0 wet=false ground=false pick=1 buck=2 iron=0 ore=1 rods=0 pearls=0 eyes=0 child=GetToYTask dbg=<Going to y=52> Completing goal. mobs=none
[m[34m[21:31:21][m [32m[main/INFO][m [36m(Minecraft)[m [0m[CHAT] §2§l§o[TenorClef] §rT2 [HIST] 10:04.6 CHILD GetToYTask -> CollectGoldIngotTask ph=NETHER @-25,48,-5 sky=0 wet=false ground=false pick=1 buck=2 iron=0 ore=1 rods=0 pearls=0 eyes=0
[m[34m[21:31:21][m [32m[main/INFO][m [36m(Minecraft)[m [0m[CHAT] §2§l§o[TenorClef] §rT2 [NOW] t=10:04.7 ph=NETHER @-25,48,-5 do=<Collecting 5 gold.: [[gold_ingot] x 5]>  eq=iron_pickaxe woodpick=1 stonepick=1 pick=1 iron=0 buck=1
[m[34m[21:31:22][m [32m[main/INFO][m [36m(Minecraft)[m [0m[CHAT] §2§l§o[TenorClef] §rT2 [HIST] 10:05.0 CHILD CollectGoldIngotTask -> GetToYTask ph=NETHER @-25,47,-5 sky=0 wet=false ground=false pick=1 buck=2 iron=0 ore=1 rods=0 pearls=0 eyes=0
[m[34m[21:31:22][m [32m[main/INFO][m [36m(Minecraft)[m [0m[CHAT] §2§l§o[TenorClef] §rT2 [HIST] 10:05.3 WHY nether: climb off lava before gold
[m[34m[21:31:22][m [32m[main/INFO][m [36m(Minecraft)[m [0m[CHAT] §2§l§o[TenorClef] §rT2 [HIST] 10:05.4 WHY nether: gold helm on head before fortress
[m[34m[21:31:22][m [32m[main/INFO][m [36m(Minecraft)[m [0m[CHAT] §2§l§o[TenorClef] §rT2 [HIST] 10:05.4 CHILD GetToYTask -> CollectGoldIngotTask ph=NETHER @-25,48,-5 sky=0 wet=false ground=false pick=1 buck=2 iron=0 ore=1 rods=0 pearls=0 eyes=0
[m[34m[21:31:22][m [32m[main/INFO][m [36m(Minecraft)[m [0m[CHAT] §2§l§o[TenorClef] §rT2 [NOW] t=10:05.7 ph=NETHER @-26,48,-5 do=<Collecting 5 gold.: [[gold_ingot] x 5]>  eq=cobblestone woodpick=1 stonepick=1 pick=1 iron=0 buck=1
[m[34m[21:31:22][m [32m[main/INFO][m [36m(Minecraft)[m [0m[CHAT] §2§l§o[TenorClef] §rMineAndCollect: equip item.minecraft.iron_pickaxe for block.minecraft.nether_gold_ore
[m[34m[21:31:23][m [32m[main/INFO][m [36m(Minecraft)[m [0m[CHAT] §2§l§o[TenorClef] §rT2 [HIST] 10:06.0 CHILD CollectGoldIngotTask -> GetToYTask ph=NETHER @-25,47,-5 sky=0 wet=false ground=false pick=1 buck=2 iron=0 ore=1 rods=0 pearls=0 eyes=0
[m[34m[21:31:23][m [32m[main/INFO][m [36m(Minecraft)[m [0m[CHAT] §2§l§o[TenorClef] §rT2 [HIST] 10:06.5 CHILD GetToYTask -> CollectGoldIngotTask ph=NETHER @-25,48,-5 sky=0 wet=false ground=false pick=1 buck=2 iron=0 ore=1 rods=0 pearls=0 eyes=0
[m[34m[21:31:23][m [32m[main/INFO][m [36m(Minecraft)[m [0m[CHAT] §2§l§o[TenorClef] §rT2 [NOW] t=10:06.7 ph=NETHER @-25,48,-5 do=<Collecting 5 gold.: [[gold_ingot] x 5]>  eq=iron_pickaxe woodpick=1 stonepick=1 pick=1 iron=0 buck=1
[m[34m[21:31:23][m [32m[main/INFO][m [36m(Minecraft)[m [0m[CHAT] §2§l§o[TenorClef] §rT2 [HIST] 10:06.8 SNAP ph=NETHER @-26,48,-5 sky=0 wet=false ground=true pick=1 buck=2 iron=0 ore=1 rods=0 pearls=0 eyes=0 child=CollectGoldIngotTask dbg=<Collecting 5 gold.: [[gold_ingot] x 5]>  mobs=none
[m[34m[21:31:24][m [32m[main/INFO][m [36m(Minecraft)[m [0m[CHAT] §2§l§o[TenorClef] §rT2 [HIST] 10:07.0 CHILD CollectGoldIngotTask -> GetToYTask ph=NETHER @-25,47,-5 sky=0 wet=false ground=false pick=1 buck=2 iron=0 ore=1 rods=0 pearls=0 eyes=0
[m[34m[21:31:24][m [32m[main/INFO][m [36m(Minecraft)[m [0m[CHAT] §2§l§o[TenorClef] §rT2 [HIST] 10:07.3 CHILD GetToYTask -> CollectGoldIngotTask ph=NETHER @-25,48,-5 sky=0 wet=false ground=false pick=1 buck=2 iron=0 ore=1 rods=0 pearls=0 eyes=0
[m[34m[21:31:24][m [32m[main/INFO][m [36m(Minecraft)[m [0m[CHAT] §2§l§o[TenorClef] §rMineAndCollect: equip item.minecraft.iron_pickaxe for block.minecraft.nether_gold_ore
[m[34m[21:31:24][m [32m[main/INFO][m [36m(Minecraft)[m [0m[CHAT] §2§l§o[TenorClef] §rT2 [NOW] t=10:07.7 ph=NETHER @-26,48,-5 do=<Collecting 5 gold.: [[gold_ingot] x 5]>  eq=iron_pickaxe woodpick=1 stonepick=1 pick=1 iron=0 buck=1
[m[34m[21:31:25][m [32m[main/INFO][m [36m(Minecraft)[m [0m[CHAT] §2§l§o[TenorClef] §rT2 [HIST] 10:07.9 CHILD CollectGoldIngotTask -> GetToYTask ph=NETHER @-25,47,-5 sky=0 wet=false ground=false pick=1 buck=2 iron=0 ore=1 rods=0 pearls=0 eyes=0
[m[34m[21:31:25][m [32m[main/INFO][m [36m(Minecraft)[m [0m[CHAT] §2§l§o[TenorClef] §rT2 [HIST] 10:08.4 CHILD GetToYTask -> CollectGoldIngotTask ph=NETHER @-25,48,-5 sky=0 wet=false ground=false pick=1 buck=2 iron=0 ore=1 rods=0 pearls=0 eyes=0
[m[34m[21:31:25][m [32m[main/INFO][m [36m(Minecraft)[m [0m[CHAT] §2§l§o[TenorClef] §rT2 [NOW] t=10:08.7 ph=NETHER @-25,48,-5 do=<Collecting 5 gold.: [[gold_ingot] x 5]>  eq=iron_pickaxe woodpick=1 stonepick=1 pick=1 iron=0 buck=1
[m[34m[21:31:25][m [32m[main/INFO][m [36m(Minecraft)[m [0m[CHAT] §2§l§o[TenorClef] §rT2 [HIST] 10:08.8 CHILD CollectGoldIngotTask -> GetToYTask ph=NETHER @-25,47,-5 sky=0 wet=false ground=false pick=1 buck=2 iron=0 ore=1 rods=0 pearls=0 eyes=0
[m[34m[21:31:26][m [32m[main/INFO][m [36m(Minecraft)[m [0m[CHAT] §2§l§o[TenorClef] §rT2 [HIST] 10:09.3 CHILD GetToYTask -> CollectGoldIngotTask ph=NETHER @-25,48,-5 sky=0 wet=false ground=false pick=1 buck=2 iron=0 ore=1 rods=0 pearls=0 eyes=0
[m[34m[21:31:26][m [32m[main/INFO][m [36m(Minecraft)[m [0m[CHAT] §2§l§o[TenorClef] §rT2 [HIST] 10:09.3 SNAP ph=NETHER @-25,48,-5 sky=0 wet=false ground=false pick=1 buck=2 iron=0 ore=1 rods=0 pearls=0 eyes=0 child=CollectGoldIngotTask dbg=<Collecting 5 gold.: [[gold_ingot] x 5]>  mobs=none
[m[34m[21:31:26][m [32m[main/INFO][m [36m(Minecraft)[m [0m[CHAT] §2§l§o[TenorClef] §rMineAndCollect: equip item.minecraft.iron_pickaxe for block.minecraft.nether_gold_ore
[m[34m[21:31:26][m [32m[main/INFO][m [36m(Minecraft)[m [0m[CHAT] §2§l§o[TenorClef] §rT2 [NOW] t=10:09.7 ph=NETHER @-25,48,-5 do=<Collecting 5 gold.: [[gold_ingot] x 5]>  eq=iron_pickaxe woodpick=1 stonepick=1 pick=1 iron=0 buck=1
[m[34m[21:31:26][m [32m[main/INFO][m [36m(Minecraft)[m [0m[CHAT] §2§l§o[TenorClef] §rT2 [HIST] 10:09.8 WHY nether: climb off lava before gold
[m[34m[21:31:26][m [32m[main/INFO][m [36m(Minecraft)[m [0m[CHAT] §2§l§o[TenorClef] §rT2 [HIST] 10:09.8 CHILD CollectGoldIngotTask -> GetToYTask ph=NETHER @-25,47,-5 sky=0 wet=false ground=false pick=1 buck=2 iron=0 ore=1 rods=0 pearls=0 eyes=0
[m[34m[21:31:26][m [32m[main/INFO][m [36m(Minecraft)[m [0m[CHAT] §2§l§o[TenorClef] §rT2 [HIST] 10:09.9 WHY nether: gold helm on head before fortress
[m[34m[21:31:27][m [32m[main/INFO][m [36m(Minecraft)[m [0m[CHAT] §2§l§o[TenorClef] §rT2 [HIST] 10:10.3 CHILD GetToYTask -> CollectGoldIngotTask ph=NETHER @-25,48,-5 sky=0 wet=false ground=false pick=1 buck=2 iron=0 ore=1 rods=0 pearls=0 eyes=0
[m[34m[21:31:27][m [32m[main/INFO][m [36m(Minecraft)[m [0m[CHAT] §2§l§o[TenorClef] §rT2 [NOW] t=10:10.7 ph=NETHER @-25,48,-5 do=<Collecting 5 gold.: [[gold_ingot] x 5]>  eq=iron_pickaxe woodpick=1 stonepick=1 pick=1 iron=0 buck=1
[m[34m[21:31:27][m [32m[main/INFO][m [36m(Minecraft)[m [0m[CHAT] §2§l§o[TenorClef] §rT2 [HIST] 10:10.7 CHILD CollectGoldIngotTask -> GetToYTask ph=NETHER @-25,47,-5 sky=0 wet=false ground=false pick=1 buck=2 iron=0 ore=1 rods=0 pearls=0 eyes=0
[m[34m[21:31:28][m [32m[main/INFO][m [36m(Minecraft)[m [0m[CHAT] §2§l§o[TenorClef] §rT2 [HIST] 10:11.2 CHILD GetToYTask -> CollectGoldIngotTask ph=NETHER @-25,48,-5 sky=0 wet=false ground=false pick=1 buck=2 iron=0 ore=1 rods=0 pearls=0 eyes=0
[m[34m[21:31:28][m [32m[main/INFO][m [36m(Minecraft)[m [0m[CHAT] §2§l§o[TenorClef] §rMineAndCollect: equip item.minecraft.iron_pickaxe for block.minecraft.nether_gold_ore
[m[34m[21:31:28][m [32m[main/INFO][m [36m(Minecraft)[m [0m[CHAT] §2§l§o[TenorClef] §rT2 [NOW] t=10:11.7 ph=NETHER @-25,47,-5 do=<Collecting 5 gold.: [[gold_ingot] x 5]>  eq=iron_pickaxe woodpick=1 stonepick=1 pick=1 iron=0 buck=1
[m[34m[21:31:28][m [32m[main/INFO][m [36m(Minecraft)[m [0m[CHAT] §2§l§o[TenorClef] §rT2 [HIST] 10:11.7 CHILD CollectGoldIngotTask -> GetToYTask ph=NETHER @-25,47,-5 sky=0 wet=false ground=false pick=1 buck=2 iron=0 ore=1 rods=0 pearls=0 eyes=0
[m[34m[21:31:28][m [32m[main/INFO][m [36m(Minecraft)[m [0m[CHAT] §2§l§o[TenorClef] §rT2 [HIST] 10:11.8 SNAP ph=NETHER @-25,47,-5 sky=0 wet=false ground=false pick=1 buck=2 iron=0 ore=1 rods=0 pearls=0 eyes=0 child=GetToYTask dbg=<Going to y=52> Completing goal. mobs=none
[m[34m[21:31:29][m [32m[main/INFO][m [36m(Minecraft)[m [0m[CHAT] §2§l§o[TenorClef] §rT2 [HIST] 10:12.2 CHILD GetToYTask -> CollectGoldIngotTask ph=NETHER @-25,48,-5 sky=0 wet=false ground=false pick=1 buck=2 iron=0 ore=1 rods=0 pearls=0 eyes=0
[m[34m[21:31:29][m [32m[main/INFO][m [36m(Minecraft)[m [0m[CHAT] §2§l§o[TenorClef] §rT2 [HIST] 10:12.7 CHILD CollectGoldIngotTask -> GetToYTask ph=NETHER @-25,47,-5 sky=0 wet=false ground=false pick=1 buck=2 iron=0 ore=1 rods=0 pearls=0 eyes=0
[m[34m[21:31:29][m [32m[main/INFO][m [36m(Minecraft)[m [0m[CHAT] §2§l§o[TenorClef] §rT2 [NOW] t=10:12.7 ph=NETHER @-25,47,-5 do=<Going to y=52> Completing goal. eq=iron_pickaxe woodpick=1 stonepick=1 pick=1 iron=0 buck=1
[m[34m[21:31:30][m [32m[main/INFO][m [36m(Minecraft)[m [0m[CHAT] §2§l§o[TenorClef] §rT2 [HIST] 10:13.1 CHILD GetToYTask -> CollectGoldIngotTask ph=NETHER @-25,48,-5 sky=0 wet=false ground=false pick=1 buck=2 iron=0 ore=1 rods=0 pearls=0 eyes=0
[m[34m[21:31:30][m [32m[main/INFO][m [36m(Minecraft)[m [0m[CHAT] §2§l§o[TenorClef] §rMineAndCollect: equip item.minecraft.iron_pickaxe for block.minecraft.nether_gold_ore
[m[34m[21:31:30][m [32m[main/INFO][m [36m(Minecraft)[m [0m[CHAT] §2§l§o[TenorClef] §rT2 [HIST] 10:13.6 CHILD CollectGoldIngotTask -> GetToYTask ph=NETHER @-25,47,-5 sky=0 wet=false ground=false pick=1 buck=2 iron=0 ore=1 rods=0 pearls=0 eyes=0
[m[34m[21:31:30][m [32m[main/INFO][m [36m(Minecraft)[m [0m[CHAT] §2§l§o[TenorClef] §rT2 [NOW] t=10:13.7 ph=NETHER @-25,47,-5 do=<Going to y=52> Completing goal. eq=iron_pickaxe woodpick=1 stonepick=1 pick=1 iron=0 buck=1
[m[34m[21:31:30][m [32m[main/INFO][m [36m(Minecraft)[m [0m[CHAT] §2§l§o[TenorClef] §rT2 [HIST] 10:13.9 WHY nether: climb off lava before gold
[m[34m[21:31:31][m [32m[main/INFO][m [36m(Minecraft)[m [0m[CHAT] §2§l§o[TenorClef] §rT2 [HIST] 10:13.9 WHY nether: gold helm on head before fortress
[m[34m[21:31:31][m [32m[main/INFO][m [36m(Minecraft)[m [0m[CHAT] §2§l§o[TenorClef] §rT2 [HIST] 10:14.1 CHILD GetToYTask -> CollectGoldIngotTask ph=NETHER @-25,48,-5 sky=0 wet=false ground=false pick=1 buck=2 iron=0 ore=1 rods=0 pearls=0 eyes=0
[m[34m[21:31:31][m [32m[main/INFO][m [36m(Minecraft)[m [0m[CHAT] §2§l§o[TenorClef] §rT2 [HIST] 10:14.3 SNAP ph=NETHER @-25,48,-5 sky=0 wet=false ground=false pick=1 buck=2 iron=0 ore=1 rods=0 pearls=0 eyes=0 child=CollectGoldIngotTask dbg=<Collecting 5 gold.: [[gold_ingot] x 5]>  mobs=none
[m[34m[21:31:31][m [32m[main/INFO][m [36m(Minecraft)[m [0m[CHAT] §2§l§o[TenorClef] §rT2 [HIST] 10:14.5 CHILD CollectGoldIngotTask -> GetToYTask ph=NETHER @-25,47,-5 sky=0 wet=false ground=false pick=1 buck=2 iron=0 ore=1 rods=0 pearls=0 eyes=0
[m[34m[21:31:31][m [32m[main/INFO][m [36m(Minecraft)[m [0m[CHAT] §2§l§o[TenorClef] §rT2 [NOW] t=10:14.7 ph=NETHER @-25,47,-5 do=<Going to y=52> Completing goal. eq=iron_pickaxe woodpick=1 stonepick=1 pick=1 iron=0 buck=1
[m[34m[21:31:32][m [32m[main/INFO][m [36m(Minecraft)[m [0m[CHAT] §2§l§o[TenorClef] §rT2 [HIST] 10:15.0 CHILD GetToYTask -> CollectGoldIngotTask ph=NETHER @-25,48,-5 sky=0 wet=false ground=false pick=1 buck=2 iron=0 ore=1 rods=0 pearls=0 eyes=0
[m[34m[21:31:32][m [32m[main/INFO][m [36m(Minecraft)[m [0m[CHAT] §2§l§o[TenorClef] §rMineAndCollect: equip item.minecraft.iron_pickaxe for block.minecraft.nether_gold_ore
[m[34m[21:31:32][m [32m[main/INFO][m [36m(Minecraft)[m [0m[CHAT] §2§l§o[TenorClef] §rT2 [HIST] 10:15.5 CHILD CollectGoldIngotTask -> GetToYTask ph=NETHER @-25,47,-5 sky=0 wet=false ground=false pick=1 buck=2 iron=0 ore=1 rods=0 pearls=0 eyes=0
[m[34m[21:31:32][m [32m[main/INFO][m [36m(Minecraft)[m [0m[CHAT] §2§l§o[TenorClef] §rT2 [NOW] t=10:15.7 ph=NETHER @-25,47,-5 do=<Going to y=52> Completing goal. eq=iron_pickaxe woodpick=1 stonepick=1 pick=1 iron=0 buck=1
[m[34m[21:31:33][m [32m[main/INFO][m [36m(Minecraft)[m [0m[CHAT] §2§l§o[TenorClef] §rT2 [HIST] 10:16.0 CHILD GetToYTask -> CollectGoldIngotTask ph=NETHER @-25,48,-5 sky=0 wet=false ground=false pick=1 buck=2 iron=0 ore=1 rods=0 pearls=0 eyes=0
[m[34m[21:31:33][m [32m[main/INFO][m [36m(Minecraft)[m [0m[CHAT] §2§l§o[TenorClef] §rT2 [HIST] 10:16.5 CHILD CollectGoldIngotTask -> GetToYTask ph=NETHER @-25,47,-5 sky=0 wet=false ground=false pick=1 buck=2 iron=0 ore=1 rods=0 pearls=0 eyes=0
[m[34m[21:31:33][m [32m[main/INFO][m [36m(Minecraft)[m [0m[CHAT] §2§l§o[TenorClef] §rT2 [NOW] t=10:16.7 ph=NETHER @-25,47,-5 do=<Going to y=52> Completing goal. eq=iron_pickaxe woodpick=1 stonepick=1 pick=1 iron=0 buck=1
[m[34m[21:31:33][m [32m[main/INFO][m [36m(Minecraft)[m [0m[CHAT] §2§l§o[TenorClef] §rT2 [HIST] 10:16.7 SNAP ph=NETHER @-25,47,-5 sky=0 wet=false ground=false pick=1 buck=2 iron=0 ore=1 rods=0 pearls=0 eyes=0 child=GetToYTask dbg=<Going to y=52> Completing goal. mobs=none
[m[34m[21:31:33][m [32m[main/INFO][m [36m(Minecraft)[m [0m[CHAT] §2§l§o[TenorClef] §rT2 [HIST] 10:16.9 CHILD GetToYTask -> CollectGoldIngotTask ph=NETHER @-25,48,-5 sky=0 wet=false ground=false pick=1 buck=2 iron=0 ore=1 rods=0 pearls=0 eyes=0
[m[34m[21:31:34][m [32m[main/INFO][m [36m(Minecraft)[m [0m[CHAT] §2§l§o[TenorClef] §rMineAndCollect: equip item.minecraft.iron_pickaxe for block.minecraft.nether_gold_ore
[m[34m[21:31:34][m [32m[main/INFO][m [36m(Minecraft)[m [0m[CHAT] §2§l§o[TenorClef] §rT2 [HIST] 10:17.4 CHILD CollectGoldIngotTask -> GetToYTask ph=NETHER @-25,47,-5 sky=0 wet=false ground=false pick=1 buck=2 iron=0 ore=1 rods=0 pearls=0 eyes=0
[m[34m[21:31:34][m [32m[main/INFO][m [36m(Minecraft)[m [0m[CHAT] §2§l§o[TenorClef] §rT2 [NOW] t=10:17.7 ph=NETHER @-25,47,-5 do=<Going to y=52> Completing goal. eq=iron_pickaxe woodpick=1 stonepick=1 pick=1 iron=0 buck=1
[m[34m[21:31:34][m [32m[main/INFO][m [36m(Minecraft)[m [0m[CHAT] §2§l§o[TenorClef] §rT2 [HIST] 10:17.9 WHY nether: climb off lava before gold
[m[34m[21:31:35][m [32m[main/INFO][m [36m(Minecraft)[m [0m[CHAT] §2§l§o[TenorClef] §rT2 [HIST] 10:17.9 WHY nether: gold helm on head before fortress
[m[34m[21:31:35][m [32m[main/INFO][m [36m(Minecraft)[m [0m[CHAT] §2§l§o[TenorClef] §rT2 [HIST] 10:17.9 CHILD GetToYTask -> CollectGoldIngotTask ph=NETHER @-25,48,-5 sky=0 wet=false ground=false pick=1 buck=2 iron=0 ore=1 rods=0 pearls=0 eyes=0
[m[34m[21:31:35][m [32m[main/INFO][m [36m(Minecraft)[m [0m[CHAT] §2§l§o[TenorClef] §rT2 [HIST] 10:18.4 CHILD CollectGoldIngotTask -> GetToYTask ph=NETHER @-25,47,-5 sky=0 wet=false ground=false pick=1 buck=2 iron=0 ore=1 rods=0 pearls=0 eyes=0
[m[34m[21:31:35][m [32m[main/INFO][m [36m(Minecraft)[m [0m[CHAT] §2§l§o[TenorClef] §rT2 [NOW] t=10:18.7 ph=NETHER @-25,47,-5 do=<Going to y=52> Completing goal. eq=iron_pickaxe woodpick=1 stonepick=1 pick=1 iron=0 buck=1
[m[34m[21:31:35][m [32m[main/INFO][m [36m(Minecraft)[m [0m[CHAT] §2§l§o[TenorClef] §rT2 [HIST] 10:18.8 CHILD GetToYTask -> CollectGoldIngotTask ph=NETHER @-25,48,-5 sky=0 wet=false ground=false pick=1 buck=2 iron=0 ore=1 rods=0 pearls=0 eyes=0
[m[34m[21:31:36][m [32m[main/INFO][m [36m(Minecraft)[m [0m[CHAT] §2§l§o[TenorClef] §rMineAndCollect: equip item.minecraft.iron_pickaxe for block.minecraft.nether_gold_ore
[m[34m[21:31:36][m [32m[main/INFO][m [36m(Minecraft)[m [0m[CHAT] §2§l§o[TenorClef] §rT2 [HIST] 10:19.3 SNAP ph=NETHER @-25,48,-5 sky=0 wet=false ground=true pick=1 buck=2 iron=0 ore=1 rods=0 pearls=0 eyes=0 child=CollectGoldIngotTask dbg=<Collecting 5 gold.: [[gold_ingot] x 5]>  mobs=none
[m[34m[21:31:36][m [32m[main/INFO][m [36m(Minecraft)[m [0m[CHAT] §2§l§o[TenorClef] §rT2 [HIST] 10:19.3 CHILD CollectGoldIngotTask -> GetToYTask ph=NETHER @-25,47,-5 sky=0 wet=false ground=false pick=1 buck=2 iron=0 ore=1 rods=0 pearls=0 eyes=0
[m[34m[21:31:36][m [32m[main/INFO][m [36m(Minecraft)[m [0m[CHAT] §2§l§o[TenorClef] §rT2 [NOW] t=10:19.7 ph=NETHER @-25,47,-5 do=<Going to y=52> Completing goal. eq=iron_pickaxe woodpick=1 stonepick=1 pick=1 iron=0 buck=1
[m[34m[21:31:36][m [32m[main/INFO][m [36m(Minecraft)[m [0m[CHAT] §2§l§o[TenorClef] §rT2 [HIST] 10:19.8 CHILD GetToYTask -> CollectGoldIngotTask ph=NETHER @-25,48,-5 sky=0 wet=false ground=false pick=1 buck=2 iron=0 ore=1 rods=0 pearls=0 eyes=0
[m[34m[21:31:37][m [32m[main/INFO][m [36m(Minecraft)[m [0m[CHAT] §2§l§o[TenorClef] §rT2 [HIST] 10:20.3 CHILD CollectGoldIngotTask -> GetToYTask ph=NETHER @-25,47,-5 sky=0 wet=false ground=false pick=1 buck=2 iron=0 ore=1 rods=0 pearls=0 eyes=0
[m[34m[21:31:37][m [32m[main/INFO][m [36m(Minecraft)[m [0m[CHAT] §2§l§o[TenorClef] §rT2 [HIST] 10:20.6 CHILD GetToYTask -> CollectGoldIngotTask ph=NETHER @-25,48,-5 sky=0 wet=false ground=false pick=1 buck=2 iron=0 ore=1 rods=0 pearls=0 eyes=0
[m[34m[21:31:37][m [32m[main/INFO][m [36m(Minecraft)[m [0m[CHAT] §2§l§o[TenorClef] §rT2 [NOW] t=10:20.7 ph=NETHER @-25,48,-5 do=<Collecting 5 gold.: [[gold_ingot] x 5]>  eq=iron_pickaxe woodpick=1 stonepick=1 pick=1 iron=0 buck=1
[m[34m[21:31:38][m [32m[main/INFO][m [36m(Minecraft)[m [0m[CHAT] §2§l§o[TenorClef] §rMineAndCollect: equip item.minecraft.iron_pickaxe for block.minecraft.nether_gold_ore
[m[34m[21:31:38][m [32m[main/INFO][m [36m(Minecraft)[m [0m[CHAT] §2§l§o[TenorClef] §rT2 [HIST] 10:21.2 CHILD CollectGoldIngotTask -> GetToYTask ph=NETHER @-25,47,-5 sky=0 wet=false ground=false pick=1 buck=2 iron=0 ore=1 rods=0 pearls=0 eyes=0
[m[34m[21:31:38][m [32m[main/INFO][m [36m(Minecraft)[m [0m[CHAT] §2§l§o[TenorClef] §rT2 [NOW] t=10:21.7 ph=NETHER @-25,48,-5 do=<Going to y=52> Completing goal. eq=iron_pickaxe woodpick=1 stonepick=1 pick=1 iron=0 buck=1
[m[34m[21:31:38][m [32m[main/INFO][m [36m(Minecraft)[m [0m[CHAT] §2§l§o[TenorClef] §rT2 [HIST] 10:21.7 CHILD GetToYTask -> CollectGoldIngotTask ph=NETHER @-25,48,-5 sky=0 wet=false ground=false pick=1 buck=2 iron=0 ore=1 rods=0 pearls=0 eyes=0
[m[34m[21:31:38][m [32m[main/INFO][m [36m(Minecraft)[m [0m[CHAT] §2§l§o[TenorClef] §rT2 [HIST] 10:21.8 SNAP ph=NETHER @-25,48,-5 sky=0 wet=false ground=false pick=1 buck=2 iron=0 ore=1 rods=0 pearls=0 eyes=0 child=CollectGoldIngotTask dbg=<Collecting 5 gold.: [[gold_ingot] x 5]>  mobs=none
[m[34m[21:31:39][m [32m[main/INFO][m [36m(Minecraft)[m [0m[CHAT] §2§l§o[TenorClef] §rT2 [HIST] 10:22.2 WHY nether: climb off lava before gold
[m[34m[21:31:39][m [32m[main/INFO][m [36m(Minecraft)[m [0m[CHAT] §2§l§o[TenorClef] §rT2 [HIST] 10:22.2 CHILD CollectGoldIngotTask -> GetToYTask ph=NETHER @-25,47,-5 sky=0 wet=false ground=false pick=1 buck=2 iron=0 ore=1 rods=0 pearls=0 eyes=0
[m[34m[21:31:39][m [32m[main/INFO][m [36m(Minecraft)[m [0m[CHAT] §2§l§o[TenorClef] §rT2 [HIST] 10:22.2 WHY nether: gold helm on head before fortress
[m[34m[21:31:39][m [32m[main/INFO][m [36m(Minecraft)[m [0m[CHAT] §2§l§o[TenorClef] §rT2 [HIST] 10:22.6 CHILD GetToYTask -> CollectGoldIngotTask ph=NETHER @-25,48,-5 sky=0 wet=false ground=false pick=1 buck=2 iron=0 ore=1 rods=0 pearls=0 eyes=0
[m[34m[21:31:39][m [32m[main/INFO][m [36m(Minecraft)[m [0m[CHAT] §2§l§o[TenorClef] §rT2 [NOW] t=10:22.7 ph=NETHER @-26,48,-5 do=<Collecting 5 gold.: [[gold_ingot] x 5]>  eq=iron_pickaxe woodpick=1 stonepick=1 pick=1 iron=0 buck=1
[m[34m[21:31:39][m [32m[main/INFO][m [36m(Minecraft)[m [0m[CHAT] §2§l§o[TenorClef] §rMineAndCollect: equip item.minecraft.iron_pickaxe for block.minecraft.nether_gold_ore
[m[34m[21:31:40][m [32m[main/INFO][m [36m(Minecraft)[m [0m[CHAT] §2§l§o[TenorClef] §rT2 [HIST] 10:23.1 CHILD CollectGoldIngotTask -> GetToYTask ph=NETHER @-25,47,-5 sky=0 wet=false ground=false pick=1 buck=2 iron=0 ore=1 rods=0 pearls=0 eyes=0
[m[34m[21:31:40][m [32m[main/INFO][m [36m(Minecraft)[m [0m[CHAT] §2§l§o[TenorClef] §rT2 [HIST] 10:23.6 CHILD GetToYTask -> CollectGoldIngotTask ph=NETHER @-25,48,-5 sky=0 wet=false ground=false pick=1 buck=2 iron=0 ore=1 rods=0 pearls=0 eyes=0
[m[34m[21:31:40][m [32m[main/INFO][m [36m(Minecraft)[m [0m[CHAT] §2§l§o[TenorClef] §rT2 [NOW] t=10:23.7 ph=NETHER @-25,48,-5 do=<Collecting 5 gold.: [[gold_ingot] x 5]>  eq=iron_pickaxe woodpick=1 stonepick=1 pick=1 iron=0 buck=1
[m[34m[21:31:41][m [32m[main/INFO][m [36m(Minecraft)[m [0m[CHAT] §2§l§o[TenorClef] §rT2 [HIST] 10:24.0 CHILD CollectGoldIngotTask -> GetToYTask ph=NETHER @-25,47,-5 sky=0 wet=false ground=false pick=1 buck=2 iron=0 ore=1 rods=0 pearls=0 eyes=0
[m[34m[21:31:41][m [32m[main/INFO][m [36m(Minecraft)[m [0m[CHAT] §2§l§o[TenorClef] §rT2 [HIST] 10:24.3 SNAP ph=NETHER @-25,47,-5 sky=0 wet=false ground=true pick=1 buck=2 iron=0 ore=1 rods=0 pearls=0 eyes=0 child=GetToYTask dbg=<Going to y=52> Completing goal. mobs=none
[m[34m[21:31:41][m [32m[main/INFO][m [36m(Minecraft)[m [0m[CHAT] §2§l§o[TenorClef] §rT2 [HIST] 10:24.5 CHILD GetToYTask -> CollectGoldIngotTask ph=NETHER @-25,48,-5 sky=0 wet=false ground=false pick=1 buck=2 iron=0 ore=1 rods=0 pearls=0 eyes=0
[m[34m[21:31:41][m [32m[main/INFO][m [36m(Minecraft)[m [0m[CHAT] §2§l§o[TenorClef] §rT2 [NOW] t=10:24.7 ph=NETHER @-26,48,-5 do=<Collecting 5 gold.: [[gold_ingot] x 5]>  eq=cobblestone woodpick=1 stonepick=1 pick=1 iron=0 buck=1
[m[34m[21:31:41][m [32m[main/INFO][m [36m(Minecraft)[m [0m[CHAT] §2§l§o[TenorClef] §rMineAndCollect: equip item.minecraft.iron_pickaxe for block.minecraft.nether_gold_ore
[m[34m[21:31:42][m [32m[main/INFO][m [36m(Minecraft)[m [0m[CHAT] §2§l§o[TenorClef] §rT2 [HIST] 10:25.0 CHILD CollectGoldIngotTask -> GetToYTask ph=NETHER @-25,47,-5 sky=0 wet=false ground=false pick=1 buck=2 iron=0 ore=1 rods=0 pearls=0 eyes=0
[m[34m[21:31:42][m [32m[pool-5-thread-2/INFO][m [36m(Minecraft)[m [0m[STDOUT]: World save took 0ms
[m[34m[21:31:42][m [32m[main/INFO][m [36m(Minecraft)[m [0m[CHAT] §2§l§o[TenorClef] §rT2 [HIST] 10:25.5 CHILD GetToYTask -> CollectGoldIngotTask ph=NETHER @-25,48,-5 sky=0 wet=false ground=false pick=1 buck=2 iron=0 ore=1 rods=0 pearls=0 eyes=0
[m[34m[21:31:42][m [32m[main/INFO][m [36m(Minecraft)[m [0m[CHAT] §2§l§o[TenorClef] §rT2 [NOW] t=10:25.7 ph=NETHER @-25,48,-5 do=<Collecting 5 gold.: [[gold_ingot] x 5]>  eq=iron_pickaxe woodpick=1 stonepick=1 pick=1 iron=0 buck=1
[m[34m[21:31:43][m [32m[main/INFO][m [36m(Minecraft)[m [0m[CHAT] §2§l§o[TenorClef] §rT2 [HIST] 10:26.0 CHILD CollectGoldIngotTask -> GetToYTask ph=NETHER @-25,47,-5 sky=0 wet=false ground=false pick=1 buck=2 iron=0 ore=1 rods=0 pearls=0 eyes=0
[m[34m[21:31:43][m [32m[main/INFO][m [36m(Minecraft)[m [0m[CHAT] §2§l§o[TenorClef] §rT2 [HIST] 10:26.2 WHY nether: climb off lava before gold
[m[34m[21:31:43][m [32m[main/INFO][m [36m(Minecraft)[m [0m[CHAT] §2§l§o[TenorClef] §rT2 [HIST] 10:26.3 WHY nether: gold helm on head before fortress
[m[34m[21:31:43][m [32m[main/INFO][m [36m(Minecraft)[m [0m[CHAT] §2§l§o[TenorClef] §rT2 [HIST] 10:26.4 CHILD GetToYTask -> CollectGoldIngotTask ph=NETHER @-25,48,-5 sky=0 wet=false ground=false pick=1 buck=2 iron=0 ore=1 rods=0 pearls=0 eyes=0
[m[34m[21:31:43][m [32m[main/INFO][m [36m(Minecraft)[m [0m[CHAT] §2§l§o[TenorClef] §rMineAndCollect: equip item.minecraft.iron_pickaxe for block.minecraft.nether_gold_ore
[m[34m[21:31:43][m [32m[main/INFO][m [36m(Minecraft)[m [0m[CHAT] §2§l§o[TenorClef] §rT2 [NOW] t=10:26.7 ph=NETHER @-26,48,-5 do=<Collecting 5 gold.: [[gold_ingot] x 5]>  eq=iron_pickaxe woodpick=1 stonepick=1 pick=1 iron=0 buck=1
[m[34m[21:31:43][m [32m[main/INFO][m [36m(Minecraft)[m [0m[CHAT] §2§l§o[TenorClef] §rT2 [HIST] 10:26.8 SNAP ph=NETHER @-25,48,-5 sky=0 wet=false ground=true pick=1 buck=2 iron=0 ore=1 rods=0 pearls=0 eyes=0 child=CollectGoldIngotTask dbg=<Collecting 5 gold.: [[gold_ingot] x 5]>  mobs=none
[m[34m[21:31:44][m [32m[main/INFO][m [36m(Minecraft)[m [0m[CHAT] §2§l§o[TenorClef] §rT2 [HIST] 10:26.9 CHILD CollectGoldIngotTask -> GetToYTask ph=NETHER @-25,47,-5 sky=0 wet=false ground=false pick=1 buck=2 iron=0 ore=1 rods=0 pearls=0 eyes=0
[m[34m[21:31:44][m [32m[main/INFO][m [36m(Minecraft)[m [0m[CHAT] §2§l§o[TenorClef] §rT2 [HIST] 10:27.4 CHILD GetToYTask -> CollectGoldIngotTask ph=NETHER @-25,48,-5 sky=0 wet=false ground=false pick=1 buck=2 iron=0 ore=1 rods=0 pearls=0 eyes=0
[m[34m[21:31:44][m [32m[main/INFO][m [36m(Minecraft)[m [0m[CHAT] §2§l§o[TenorClef] §rT2 [NOW] t=10:27.7 ph=NETHER @-25,48,-5 do=<Collecting 5 gold.: [[gold_ingot] x 5]>  eq=iron_pickaxe woodpick=1 stonepick=1 pick=1 iron=0 buck=1
[m[34m[21:31:44][m [32m[main/INFO][m [36m(Minecraft)[m [0m[CHAT] §2§l§o[TenorClef] §rT2 [HIST] 10:27.9 CHILD CollectGoldIngotTask -> GetToYTask ph=NETHER @-25,47,-5 sky=0 wet=false ground=false pick=1 buck=2 iron=0 ore=1 rods=0 pearls=0 eyes=0
[m[34m[21:31:45][m [32m[main/INFO][m [36m(Minecraft)[m [0m[CHAT] §2§l§o[TenorClef] §rT2 [HIST] 10:28.3 CHILD GetToYTask -> CollectGoldIngotTask ph=NETHER @-25,48,-5 sky=0 wet=false ground=false pick=1 buck=2 iron=0 ore=1 rods=0 pearls=0 eyes=0
[m[34m[21:31:45][m [32m[main/INFO][m [36m(Minecraft)[m [0m[CHAT] §2§l§o[TenorClef] §rMineAndCollect: equip item.minecraft.iron_pickaxe for block.minecraft.nether_gold_ore
[m[34m[21:31:45][m [32m[main/INFO][m [36m(Minecraft)[m [0m[CHAT] §2§l§o[TenorClef] §rT2 [NOW] t=10:28.7 ph=NETHER @-25,48,-5 do=<Collecting 5 gold.: [[gold_ingot] x 5]>  eq=iron_pickaxe woodpick=1 stonepick=1 pick=1 iron=0 buck=1
[m[34m[21:31:45][m [32m[main/INFO][m [36m(Minecraft)[m [0m[CHAT] §2§l§o[TenorClef] §rT2 [HIST] 10:28.8 CHILD CollectGoldIngotTask -> GetToYTask ph=NETHER @-25,47,-5 sky=0 wet=false ground=false pick=1 buck=2 iron=0 ore=1 rods=0 pearls=0 eyes=0
[m[34m[21:31:46][m [32m[main/INFO][m [36m(Minecraft)[m [0m[CHAT] §2§l§o[TenorClef] §rT2 [HIST] 10:29.3 SNAP ph=NETHER @-25,47,-5 sky=0 wet=false ground=false pick=1 buck=2 iron=0 ore=1 rods=0 pearls=0 eyes=0 child=GetToYTask dbg=<Going to y=52> Completing goal. mobs=none
[m[34m[21:31:46][m [32m[main/INFO][m [36m(Minecraft)[m [0m[CHAT] §2§l§o[TenorClef] §rT2 [HIST] 10:29.3 CHILD GetToYTask -> CollectGoldIngotTask ph=NETHER @-25,48,-5 sky=0 wet=false ground=false pick=1 buck=2 iron=0 ore=1 rods=0 pearls=0 eyes=0
[m[34m[21:31:46][m [32m[main/INFO][m [36m(Minecraft)[m [0m[CHAT] §2§l§o[TenorClef] §rT2 [NOW] t=10:29.7 ph=NETHER @-25,48,-5 do=<Collecting 5 gold.: [[gold_ingot] x 5]>  eq=iron_pickaxe woodpick=1 stonepick=1 pick=1 iron=0 buck=1
[m[34m[21:31:46][m [32m[main/INFO][m [36m(Minecraft)[m [0m[CHAT] §2§l§o[TenorClef] §rT2 [HIST] 10:29.8 CHILD CollectGoldIngotTask -> GetToYTask ph=NETHER @-25,47,-5 sky=0 wet=false ground=false pick=1 buck=2 iron=0 ore=1 rods=0 pearls=0 eyes=0
[m[34m[21:31:47][m [32m[main/INFO][m [36m(Minecraft)[m [0m[CHAT] §2§l§o[TenorClef] §rT2 [HIST] 10:30.2 CHILD GetToYTask -> CollectGoldIngotTask ph=NETHER @-25,48,-5 sky=0 wet=false ground=false pick=1 buck=2 iron=0 ore=1 rods=0 pearls=0 eyes=0
[m[34m[21:31:47][m [32m[main/INFO][m [36m(Minecraft)[m [0m[CHAT] §2§l§o[TenorClef] §rMineAndCollect: equip item.minecraft.iron_pickaxe for block.minecraft.nether_gold_ore
[m[34m[21:31:47][m [32m[main/INFO][m [36m(Minecraft)[m [0m[CHAT] §2§l§o[TenorClef] §rT2 [NOW] t=10:30.7 ph=NETHER @-25,47,-5 do=<Collecting 5 gold.: [[gold_ingot] x 5]>  eq=iron_pickaxe woodpick=1 stonepick=1 pick=1 iron=0 buck=1
[m[34m[21:31:47][m [32m[main/INFO][m [36m(Minecraft)[m [0m[CHAT] §2§l§o[TenorClef] §rT2 [HIST] 10:30.7 WHY nether: climb off lava before gold
[m[34m[21:31:47][m [32m[main/INFO][m [36m(Minecraft)[m [0m[CHAT] §2§l§o[TenorClef] §rT2 [HIST] 10:30.7 CHILD CollectGoldIngotTask -> GetToYTask ph=NETHER @-25,47,-5 sky=0 wet=false ground=false pick=1 buck=2 iron=0 ore=1 rods=0 pearls=0 eyes=0
[m[34m[21:31:47][m [32m[main/INFO][m [36m(Minecraft)[m [0m[CHAT] §2§l§o[TenorClef] §rT2 [HIST] 10:30.7 WHY nether: gold helm on head before fortress
[m[34m[21:31:48][m [32m[main/INFO][m [36m(Minecraft)[m [0m[CHAT] §2§l§o[TenorClef] §rRefreshed inventory...
[m[34m[21:31:48][m [32m[main/INFO][m [36m(Minecraft)[m [0m[CHAT] §2§l§o[TenorClef] §rT2 [HIST] 10:31.2 CHILD GetToYTask -> CollectGoldIngotTask ph=NETHER @-25,48,-5 sky=0 wet=false ground=false pick=1 buck=2 iron=0 ore=1 rods=0 pearls=0 eyes=0
[m[34m[21:31:48][m [32m[main/INFO][m [36m(Minecraft)[m [0m[CHAT] §2§l§o[TenorClef] §rT2 [HIST] 10:31.7 CHILD CollectGoldIngotTask -> GetToYTask ph=NETHER @-25,47,-5 sky=0 wet=false ground=false pick=1 buck=2 iron=0 ore=1 rods=0 pearls=0 eyes=0
[m[34m[21:31:48][m [32m[main/INFO][m [36m(Minecraft)[m [0m[CHAT] §2§l§o[TenorClef] §rT2 [NOW] t=10:31.7 ph=NETHER @-25,47,-5 do=<Going to y=52> Completing goal. eq=iron_pickaxe woodpick=1 stonepick=1 pick=1 iron=0 buck=1
[m[34m[21:31:48][m [32m[main/INFO][m [36m(Minecraft)[m [0m[CHAT] §2§l§o[TenorClef] §rT2 [HIST] 10:31.8 SNAP ph=NETHER @-25,47,-5 sky=0 wet=false ground=false pick=1 buck=2 iron=0 ore=1 rods=0 pearls=0 eyes=0 child=GetToYTask dbg=<Going to y=52> Completing goal. mobs=none
[m[34m[21:31:49][m [32m[main/INFO][m [36m(Minecraft)[m [0m[CHAT] §2§l§o[TenorClef] §rT2 [HIST] 10:32.1 CHILD GetToYTask -> CollectGoldIngotTask ph=NETHER @-25,48,-5 sky=0 wet=false ground=false pick=1 buck=2 iron=0 ore=1 rods=0 pearls=0 eyes=0
[m[34m[21:31:49][m [32m[main/INFO][m [36m(Minecraft)[m [0m[CHAT] §2§l§o[TenorClef] §rMineAndCollect: equip item.minecraft.iron_pickaxe for block.minecraft.nether_gold_ore
[m[34m[21:31:49][m [32m[main/INFO][m [36m(Minecraft)[m [0m[CHAT] §2§l§o[TenorClef] §rT2 [HIST] 10:32.6 CHILD CollectGoldIngotTask -> GetToYTask ph=NETHER @-25,47,-5 sky=0 wet=false ground=false pick=1 buck=2 iron=0 ore=1 rods=0 pearls=0 eyes=0
[m[34m[21:31:49][m [32m[main/INFO][m [36m(Minecraft)[m [0m[CHAT] §2§l§o[TenorClef] §rT2 [NOW] t=10:32.7 ph=NETHER @-25,47,-5 do=<Going to y=52> Completing goal. eq=iron_pickaxe woodpick=1 stonepick=1 pick=1 iron=0 buck=1
[m[34m[21:31:50][m [32m[main/INFO][m [36m(Minecraft)[m [0m[CHAT] §2§l§o[TenorClef] §rT2 [HIST] 10:33.1 CHILD GetToYTask -> CollectGoldIngotTask ph=NETHER @-25,48,-5 sky=0 wet=false ground=false pick=1 buck=2 iron=0 ore=1 rods=0 pearls=0 eyes=0
[m[34m[21:31:50][m [32m[main/INFO][m [36m(Minecraft)[m [0m[CHAT] §2§l§o[TenorClef] §rT2 [HIST] 10:33.6 CHILD CollectGoldIngotTask -> GetToYTask ph=NETHER @-25,47,-5 sky=0 wet=false ground=false pick=1 buck=2 iron=0 ore=1 rods=0 pearls=0 eyes=0
[m[34m[21:31:50][m [32m[main/INFO][m [36m(Minecraft)[m [0m[CHAT] §2§l§o[TenorClef] §rT2 [NOW] t=10:33.7 ph=NETHER @-25,47,-5 do=<Going to y=52> Completing goal. eq=iron_pickaxe woodpick=1 stonepick=1 pick=1 iron=0 buck=1
[m[34m[21:31:51][m [32m[main/INFO][m [36m(Minecraft)[m [0m[CHAT] §2§l§o[TenorClef] §rT2 [HIST] 10:34.0 CHILD GetToYTask -> CollectGoldIngotTask ph=NETHER @-25,48,-5 sky=0 wet=false ground=false pick=1 buck=2 iron=0 ore=1 rods=0 pearls=0 eyes=0
[m[34m[21:31:51][m [32m[main/INFO][m [36m(Minecraft)[m [0m[CHAT] §2§l§o[TenorClef] §rMineAndCollect: equip item.minecraft.iron_pickaxe for block.minecraft.nether_gold_ore
[m[34m[21:31:51][m [32m[main/INFO][m [36m(Minecraft)[m [0m[CHAT] §2§l§o[TenorClef] §rT2 [HIST] 10:34.3 SNAP ph=NETHER @-26,48,-5 sky=0 wet=false ground=true pick=1 buck=2 iron=0 ore=1 rods=0 pearls=0 eyes=0 child=CollectGoldIngotTask dbg=<Collecting 5 gold.: [[gold_ingot] x 5]>  mobs=none
[m[34m[21:31:51][m [32m[main/INFO][m [36m(Minecraft)[m [0m[CHAT] §2§l§o[TenorClef] §rT2 [HIST] 10:34.5 CHILD CollectGoldIngotTask -> GetToYTask ph=NETHER @-25,47,-5 sky=0 wet=false ground=false pick=1 buck=2 iron=0 ore=1 rods=0 pearls=0 eyes=0
[m[34m[21:31:51][m [32m[main/INFO][m [36m(Minecraft)[m [0m[CHAT] §2§l§o[TenorClef] §rT2 [NOW] t=10:34.7 ph=NETHER @-25,47,-5 do=<Going to y=52> Completing goal. eq=iron_pickaxe woodpick=1 stonepick=1 pick=1 iron=0 buck=1
[m[34m[21:31:51][m [32m[main/INFO][m [36m(Minecraft)[m [0m[CHAT] §2§l§o[TenorClef] §rT2 [HIST] 10:34.7 WHY nether: climb off lava before gold
[m[34m[21:31:51][m [32m[main/INFO][m [36m(Minecraft)[m [0m[CHAT] §2§l§o[TenorClef] §rT2 [HIST] 10:34.8 WHY nether: gold helm on head before fortress
[m[34m[21:31:52][m [32m[main/INFO][m [36m(Minecraft)[m [0m[CHAT] §2§l§o[TenorClef] §rT2 [HIST] 10:35.0 CHILD GetToYTask -> CollectGoldIngotTask ph=NETHER @-25,48,-5 sky=0 wet=false ground=false pick=1 buck=2 iron=0 ore=1 rods=0 pearls=0 eyes=0
[m[34m[21:31:52][m [32m[main/INFO][m [36m(Minecraft)[m [0m[CHAT] §2§l§o[TenorClef] §rT2 [HIST] 10:35.4 CHILD CollectGoldIngotTask -> GetToYTask ph=NETHER @-25,47,-5 sky=0 wet=false ground=false pick=1 buck=2 iron=0 ore=1 rods=0 pearls=0 eyes=0
[m[34m[21:31:52][m [32m[main/INFO][m [36m(Minecraft)[m [0m[CHAT] §2§l§o[TenorClef] §rT2 [NOW] t=10:35.7 ph=NETHER @-25,47,-5 do=<Going to y=52> Completing goal. eq=iron_pickaxe woodpick=1 stonepick=1 pick=1 iron=0 buck=1
[m[34m[21:31:52][m [32m[main/INFO][m [36m(Minecraft)[m [0m[CHAT] §2§l§o[TenorClef] §rT2 [HIST] 10:35.9 CHILD GetToYTask -> CollectGoldIngotTask ph=NETHER @-25,48,-5 sky=0 wet=false ground=false pick=1 buck=2 iron=0 ore=1 rods=0 pearls=0 eyes=0
[m[34m[21:31:53][m [32m[main/INFO][m [36m(Minecraft)[m [0m[CHAT] §2§l§o[TenorClef] §rMineAndCollect: equip item.minecraft.iron_pickaxe for block.minecraft.nether_gold_ore
[m[34m[21:31:53][m [32m[main/INFO][m [36m(Minecraft)[m [0m[CHAT] §2§l§o[TenorClef] §rT2 [HIST] 10:36.4 CHILD CollectGoldIngotTask -> GetToYTask ph=NETHER @-25,47,-5 sky=0 wet=false ground=false pick=1 buck=2 iron=0 ore=1 rods=0 pearls=0 eyes=0
[m[34m[21:31:53][m [32m[main/INFO][m [36m(Minecraft)[m [0m[CHAT] §2§l§o[TenorClef] §rT2 [NOW] t=10:36.7 ph=NETHER @-25,47,-5 do=<Going to y=52> Completing goal. eq=iron_pickaxe woodpick=1 stonepick=1 pick=1 iron=0 buck=1
[m[34m[21:31:53][m [32m[main/INFO][m [36m(Minecraft)[m [0m[CHAT] §2§l§o[TenorClef] §rT2 [HIST] 10:36.8 SNAP ph=NETHER @-25,47,-5 sky=0 wet=false ground=true pick=1 buck=2 iron=0 ore=1 rods=0 pearls=0 eyes=0 child=GetToYTask dbg=<Going to y=52> Completing goal. mobs=none
[m[34m[21:31:54][m [32m[main/INFO][m [36m(Minecraft)[m [0m[CHAT] §2§l§o[TenorClef] §rT2 [HIST] 10:36.9 CHILD GetToYTask -> CollectGoldIngotTask ph=NETHER @-25,48,-5 sky=0 wet=false ground=false pick=1 buck=2 iron=0 ore=1 rods=0 pearls=0 eyes=0
[m[34m[21:31:54][m [32m[main/INFO][m [36m(Minecraft)[m [0m[CHAT] §2§l§o[TenorClef] §rT2 [HIST] 10:37.3 CHILD CollectGoldIngotTask -> GetToYTask ph=NETHER @-25,47,-5 sky=0 wet=false ground=false pick=1 buck=2 iron=0 ore=1 rods=0 pearls=0 eyes=0
[m[34m[21:31:54][m [32m[main/INFO][m [36m(Minecraft)[m [0m[CHAT] §2§l§o[TenorClef] §rT2 [NOW] t=10:37.7 ph=NETHER @-25,47,-5 do=<Going to y=52> Completing goal. eq=iron_pickaxe woodpick=1 stonepick=1 pick=1 iron=0 buck=1
[m[34m[21:31:54][m [32m[main/INFO][m [36m(Minecraft)[m [0m[CHAT] §2§l§o[TenorClef] §rT2 [HIST] 10:37.8 CHILD GetToYTask -> CollectGoldIngotTask ph=NETHER @-25,48,-5 sky=0 wet=false ground=false pick=1 buck=2 iron=0 ore=1 rods=0 pearls=0 eyes=0
[m[34m[21:31:55][m [32m[main/INFO][m [36m(Minecraft)[m [0m[CHAT] §2§l§o[TenorClef] §rMineAndCollect: equip item.minecraft.iron_pickaxe for block.minecraft.nether_gold_ore
[m[34m[21:31:55][m [32m[main/INFO][m [36m(Minecraft)[m [0m[CHAT] §2§l§o[TenorClef] §rT2 [HIST] 10:38.3 CHILD CollectGoldIngotTask -> GetToYTask ph=NETHER @-25,47,-5 sky=0 wet=false ground=false pick=1 buck=2 iron=0 ore=1 rods=0 pearls=0 eyes=0
[m[34m[21:31:55][m [32m[main/INFO][m [36m(Minecraft)[m [0m[CHAT] §2§l§o[TenorClef] §rT2 [NOW] t=10:38.7 ph=NETHER @-25,47,-5 do=<Going to y=52> Completing goal. eq=iron_pickaxe woodpick=1 stonepick=1 pick=1 iron=0 buck=1
[m[34m[21:31:55][m [32m[main/INFO][m [36m(Minecraft)[m [0m[CHAT] §2§l§o[TenorClef] §rT2 [HIST] 10:38.7 WHY nether: climb off lava before gold
[m
> Task :1.16.1:runClient FAILED

[Incubating] Problems report is available at: file:///C:/Users/redfa/Documents/MinecraftDev/altoclef/build/reports/problems/problems-report.html
56 actionable tasks: 1 executed, 55 up-to-date
