To honour the JVM settings for this build a single-use Daemon process will be forked. For more on this, please refer to https://docs.gradle.org/9.4.1/userguide/gradle_daemon.html#sec:disabling_the_daemon in the Gradle documentation.
Daemon will be stopped at the end of the build 
[tenorclef] gradle.properties.local sets org.gradle.java.home — Gradle selects the daemon JDK from JAVA_HOME or ~/.gradle/gradle.properties; export JAVA_HOME="C:/Program Files/Eclipse Adoptium/jdk-21.0.12.101-hotspot" if this pin is required.
[tenorclef] Loaded 4 entries from gradle.properties.local

> Configure project :1.16.1
Fabric Loom: 1.15.5

> Configure project :1.21.1
Fabric Loom: 1.15.5
[altoclef] Tungsten jars for 1.21.1: [tungsten-fabric-ALPHA-1.6.0-1.21compat-SNAPSHOT.jar]
Build file 'C:\Users\redfa\Documents\MinecraftDev\altoclef\build.gradle': line 335
Properties should be assigned using the 'propName = value' syntax. Setting a property via the Gradle-generated 'propName value' or 'propName(value)' syntax in Groovy DSL has been deprecated. This is scheduled to be removed in Gradle 10. Use assignment ('duplicatesStrategy = <value>') instead. Consult the upgrading guide for further information: https://docs.gradle.org/9.4.1/userguide/upgrading_version_8.html#groovy_space_assignment_syntax
	at build_dsk7s0l5lw6a69ogktr7fgsy9$_run_closure13$_closure39.doCall$original(C:\Users\redfa\Documents\MinecraftDev\altoclef\build.gradle:335)
	(Run with --stacktrace to get the full stack trace of this deprecation warning.)
	at build_dsk7s0l5lw6a69ogktr7fgsy9$_run_closure13.doCall$original(C:\Users\redfa\Documents\MinecraftDev\altoclef\build.gradle:334)
	(Run with --stacktrace to get the full stack trace of this deprecation warning.)
Not publishing sources jar as it was not created by the java plugin. Use java.withSourcesJar() to fix.

> Configure project :1.16.5
Fabric Loom: 1.15.5

> Configure project :1.21
Fabric Loom: 1.15.5
[altoclef] Tungsten jars for 1.21: [tungsten-fabric-ALPHA-1.6.0-1.21compat-SNAPSHOT.jar]
Not publishing sources jar as it was not created by the java plugin. Use java.withSourcesJar() to fix.

> Configure project :1.17.1
Fabric Loom: 1.15.5

> Configure project :1.20.6
Fabric Loom: 1.15.5
Not publishing sources jar as it was not created by the java plugin. Use java.withSourcesJar() to fix.

> Configure project :1.18
Fabric Loom: 1.15.5

> Configure project :1.20.5
Fabric Loom: 1.15.5
Not publishing sources jar as it was not created by the java plugin. Use java.withSourcesJar() to fix.

> Configure project :1.18.2
Fabric Loom: 1.15.5

> Configure project :1.20.4
Fabric Loom: 1.15.5
Not publishing sources jar as it was not created by the java plugin. Use java.withSourcesJar() to fix.

> Configure project :1.19.4
Fabric Loom: 1.15.5

> Configure project :1.20.2
Fabric Loom: 1.15.5
Not publishing sources jar as it was not created by the java plugin. Use java.withSourcesJar() to fix.

> Configure project :1.20.1
Fabric Loom: 1.15.5
Not publishing sources jar as it was not created by the java plugin. Use java.withSourcesJar() to fix.

> Configure project :1.19.4
Not publishing sources jar as it was not created by the java plugin. Use java.withSourcesJar() to fix.

> Configure project :1.18.2
Not publishing sources jar as it was not created by the java plugin. Use java.withSourcesJar() to fix.

> Configure project :1.18
Not publishing sources jar as it was not created by the java plugin. Use java.withSourcesJar() to fix.

> Configure project :1.17.1
Not publishing sources jar as it was not created by the java plugin. Use java.withSourcesJar() to fix.

> Configure project :1.16.5
Not publishing sources jar as it was not created by the java plugin. Use java.withSourcesJar() to fix.

> Configure project :1.16.1
[altoclef] Ostinato Baritone for 1.16.1: baritone-unoptimized-fabric-1.16.1.jar
[altoclef] Tungsten jars for 1.16.1: [tungsten-fabric-ALPHA-1.6.0-1.16.1-SNAPSHOT.jar]
Not publishing sources jar as it was not created by the java plugin. Use java.withSourcesJar() to fix.

> Configure project :1.21.11
Fabric Loom: 1.15.5
[altoclef] Ostinato Baritone for 1.21.11: baritone-unoptimized-fabric-1.17.0-7-g9bb1b309-dirty.jar
[altoclef] Tungsten jars for 1.21.11: [tungsten-fabric-ALPHA-1.6.0-1.21compat-SNAPSHOT.jar]
Not publishing sources jar as it was not created by the java plugin. Use java.withSourcesJar() to fix.

> Task :1.16.1:prepareDestMappingsForPreprocessor UP-TO-DATE
> Task :1.16.1:prepareSourceMappingsForPreprocessor UP-TO-DATE
> Task :1.16.5:prepareDestMappingsForPreprocessor UP-TO-DATE
> Task :1.16.5:prepareSourceMappingsForPreprocessor UP-TO-DATE
> Task :1.17.1:prepareDestMappingsForPreprocessor UP-TO-DATE
> Task :1.17.1:prepareSourceMappingsForPreprocessor UP-TO-DATE
> Task :1.18:prepareDestMappingsForPreprocessor UP-TO-DATE
> Task :1.18:prepareSourceMappingsForPreprocessor UP-TO-DATE
> Task :1.18.2:prepareDestMappingsForPreprocessor UP-TO-DATE
> Task :1.18.2:prepareSourceMappingsForPreprocessor UP-TO-DATE
> Task :1.19.4:prepareDestMappingsForPreprocessor UP-TO-DATE
> Task :1.19.4:prepareSourceMappingsForPreprocessor UP-TO-DATE
> Task :1.20.1:prepareDestMappingsForPreprocessor UP-TO-DATE
> Task :1.20.1:prepareSourceMappingsForPreprocessor UP-TO-DATE
> Task :1.20.2:prepareDestMappingsForPreprocessor UP-TO-DATE
> Task :1.20.2:prepareSourceMappingsForPreprocessor UP-TO-DATE
> Task :1.20.4:prepareDestMappingsForPreprocessor UP-TO-DATE
> Task :1.20.4:prepareSourceMappingsForPreprocessor UP-TO-DATE
> Task :1.20.5:prepareDestMappingsForPreprocessor UP-TO-DATE
> Task :1.20.5:prepareSourceMappingsForPreprocessor UP-TO-DATE
> Task :1.20.6:prepareDestMappingsForPreprocessor UP-TO-DATE
> Task :1.20.6:prepareSourceMappingsForPreprocessor UP-TO-DATE
> Task :1.21:prepareDestMappingsForPreprocessor UP-TO-DATE
> Task :1.21:prepareSourceMappingsForPreprocessor UP-TO-DATE
> Task :1.21:preprocessCode UP-TO-DATE
> Task :1.20.6:preprocessCode UP-TO-DATE
> Task :1.20.5:preprocessCode UP-TO-DATE
> Task :1.20.4:preprocessCode UP-TO-DATE
> Task :1.20.2:preprocessCode UP-TO-DATE
> Task :1.20.1:preprocessCode UP-TO-DATE
> Task :1.19.4:preprocessCode UP-TO-DATE
> Task :1.18.2:preprocessCode UP-TO-DATE
> Task :1.18:preprocessCode UP-TO-DATE
> Task :1.17.1:preprocessCode UP-TO-DATE
> Task :1.16.5:preprocessCode UP-TO-DATE
> Task :1.16.1:preprocessCode UP-TO-DATE
> Task :1.16.1:compileJava UP-TO-DATE
> Task :1.21:preprocessResources UP-TO-DATE
> Task :1.20.6:preprocessResources UP-TO-DATE
> Task :1.20.5:preprocessResources UP-TO-DATE
> Task :1.20.4:preprocessResources UP-TO-DATE
> Task :1.20.2:preprocessResources UP-TO-DATE
> Task :1.20.1:preprocessResources UP-TO-DATE
> Task :1.19.4:preprocessResources UP-TO-DATE
> Task :1.18.2:preprocessResources UP-TO-DATE
> Task :1.18:preprocessResources UP-TO-DATE
> Task :1.17.1:preprocessResources UP-TO-DATE
> Task :1.16.5:preprocessResources UP-TO-DATE
> Task :1.16.1:preprocessResources UP-TO-DATE
> Task :1.16.1:processResources UP-TO-DATE
> Task :1.16.1:classes UP-TO-DATE
> Task :1.16.1:generateLog4jConfig UP-TO-DATE
> Task :1.16.1:generateRemapClasspath UP-TO-DATE
> Task :1.16.1:generateDLIConfig UP-TO-DATE
> Task :1.16.1:configureLaunch UP-TO-DATE
> Task :1.16.1:downloadAssets UP-TO-DATE
> Task :1.16.1:extractNatives UP-TO-DATE
> Task :1.16.1:configureClientLaunch UP-TO-DATE

> Task :1.16.1:runClient
2026-09-24 04:33:24,116 main ERROR Error processing element Queue ([Appenders: null]): CLASS_NOT_FOUND
2026-09-24 04:33:25,138 main ERROR Unable to locate appender "ServerGuiConsole" for logger config "root"
[04:33:25] [main/INFO] (FabricLoader/GameProvider) Loading Minecraft 1.16.1 with Fabric Loader 0.16.7
[04:33:25] [ForkJoinPool-1-worker-2/WARN] (FabricLoader/Metadata) Mod tungsten uses the version ALPHA-1.6.0-1.16.1-SNAPSHOT which isn't compatible with Loader's extended semantic version format (Could not parse version number component 'ALPHA'!), SemVer is recommended for reliably evaluating dependencies and prioritizing newer version
[04:33:25] [main/INFO] (FabricLoader) Loading 46 mods:
	- altoclef 1.16.1-0.19
	- baritone 1.16.1-ostinato
	- fabric 0.18.0+build.387-1.16.1
	- fabric-api-base 0.1.3+12a8474c02
	- fabric-biomes-v1 0.2.7+059ea86602
	- fabric-blockrenderlayer-v1 1.1.4+c6a8ea8902
	- fabric-command-api-v1 1.0.8+5ce5339802
	- fabric-commands-v0 0.2.0+52d3083602
	- fabric-containers-v0 0.1.8+045df74f02
	- fabric-content-registries-v0 0.1.9+059ea86602
	- fabric-crash-report-info-v1 0.1.2+b7f9825d02
	- fabric-dimensions-v1 1.0.0+a71b305302
	- fabric-events-interaction-v0 0.4.0+e540c58402
	- fabric-events-lifecycle-v0 0.2.0+16acbe5b02
	- fabric-game-rule-api-v1 1.0.0+fe81e12502
	- fabric-item-api-v1 1.0.0+16acbe5b02
	- fabric-item-groups-v0 0.2.0+438f963602
	- fabric-key-binding-api-v1 1.0.1+f404f3be02
	- fabric-keybindings-v0 0.2.0+3fa9f7c502
	- fabric-lifecycle-events-v1 1.2.0+e83e061c02
	- fabric-loot-tables-v1 1.0.0+386eb69e02
	- fabric-mining-levels-v0 0.1.2+b764ce9902
	- fabric-models-v0 0.1.0+dfdb52d602
	- fabric-networking-blockentity-v0 0.2.5+b50ffc7b02
	- fabric-networking-v0 0.1.10+e00ecb5f02
	- fabric-object-builder-api-v1 1.5.7+2242e77202
	- fabric-object-builders-v0 0.6.1+a2d21ddd02
	- fabric-particles-v1 0.2.1+0a6f2a7002
	- fabric-registry-sync-v0 0.3.8+7dba2d6c02
	- fabric-renderer-api-v1 0.2.13+eae12eb802
	- fabric-renderer-indigo 0.3.4+34d6c87102
	- fabric-renderer-registries-v1 2.1.0+be551d3c02
	- fabric-rendering-data-attachment-v1 0.1.3+b7f9825d02
	- fabric-rendering-fluids-v1 0.1.8+b7084faa02
	- fabric-rendering-v0 1.1.0+5341049002
	- fabric-rendering-v1 1.1.2+346247d702
	- fabric-resource-loader-v0 0.2.6+f41e209802
	- fabric-screen-handler-api-v1 1.1.0+97324d1102
	- fabric-tag-extensions-v0 0.2.7+a4c57d8e02
	- fabric-textures-v0 1.0.4+eae12eb802
	- fabric-tool-attribute-api-v1 1.2.1+91fca5cd02
	- fabricloader 0.16.7
	- java 21
	- minecraft 1.16.1
	- mixinextras 0.4.1
	- tungsten ALPHA-1.6.0-1.16.1-SNAPSHOT
[04:33:25] [main/INFO] (FabricLoader/Mixin) SpongePowered MIXIN Subsystem Version=0.8.7 Source=file:/C:/Users/redfa/.gradle/caches/modules-2/files-2.1/net.fabricmc/sponge-mixin/0.15.3+mixin.0.8.7/51ee0a44ab05f6fddd66b09e66b3a16904f9c55d/sponge-mixin-0.15.3+mixin.0.8.7.jar Service=Knot/Fabric Env=CLIENT
[04:33:25] [main/INFO] (FabricLoader/Mixin) Loaded Fabric development mappings for mixin remapper!
[04:33:25] [main/INFO] (FabricLoader/Mixin) Compatibility level set to JAVA_21
[04:33:26] [main/WARN] (FabricLoader/Mixin) Error loading class: me/jellysquid/mods/sodium/client/world/SodiumChunkManager (java.lang.ClassNotFoundException: me/jellysquid/mods/sodium/client/world/SodiumChunkManager)
[04:33:26] [main/WARN] (FabricLoader/Mixin) Error loading class: me/jellysquid/mods/sodium/client/util/collections/FixedLongHashTable (java.lang.ClassNotFoundException: me/jellysquid/mods/sodium/client/util/collections/FixedLongHashTable)
[04:33:26] [main/INFO] (FabricLoader/MixinExtras|Service) Initializing MixinExtras via com.llamalad7.mixinextras.service.MixinExtrasServiceImpl(version=0.4.1).
[04:33:29] [main/INFO] (FabricLoader/Mixin) altoclef.mixins.json:AxeItemAccessor from mod altoclef->@Accessor[FIELD_GETTER]::getEffectiveMaterials()Ljava/util/Set; should be static as its target is
[04:33:32] [main/INFO] (Minecraft) Environment: authHost='https://authserver.mojang.com', accountsHost='https://api.mojang.com', sessionHost='https://sessionserver.mojang.com', name='PROD'
[04:33:32] [main/INFO] (Minecraft) Setting user: Player113
[04:33:32] [main/INFO] (Indigo) [Indigo] Registering Indigo renderer!
[04:33:33] [main/INFO] (Minecraft) [STDERR]: [LWJGL] [ThreadLocalUtil] Unsupported JNI version detected, this may result in a crash. Please inform LWJGL developers.
[04:33:33] [main/INFO] (Minecraft) Backend library: LWJGL version 3.3.2-snapshot
[04:33:38] [main/INFO] (Minecraft) Narrator library for x64 successfully loaded
[04:33:39] [main/INFO] (Minecraft) [STDOUT]: TENORCLEF: Global Init
[04:33:39] [main/INFO] (Minecraft) [CHAT] [Baritone] Baritone settings file not found, resetting.
[04:33:42] [main/INFO] (Minecraft) Reloading ResourceManager: Default, Fabric Resource Loader (v0), Fabric Renderer Registries (v1), Fabric Screen Handler API (v1), Fabric Registry Sync (v0), Fabric Rendering Fluids (v1), Fabric Events Lifecycle (v0), Fabric Loot Tables (v1), Fabric Rendering Data Attachment (v1), Fabric Object Builder API (v1), Fabric Object Builders (v0), Fabric Textures (v0), Fabric Networking Block Entity (v0), Fabric Content Registries (v0), Fabric Containers (v0), Fabric Lifecycle Events (v1), Fabric Item API (v1), Fabric Networking (v0), Fabric Loader, Alto Clef, Tungsten, Fabric Mining Levels (v0), Fabric Tag Extensions (v0), Fabric Models (v0), Fabric Events Interaction (v0), Fabric Crash Report Info (v1), Fabric Renderer API (v1), Fabric Item Groups (v0), Fabric Tool Attribute API (v1), Fabric Biomes (v1), Fabric Renderer - Indigo, Fabric Game Rule API (v1), Fabric API, Fabric Rendering (v0), Fabric BlockRenderLayer Registration (v1), Fabric Rendering (v1), Fabric Key Binding API (v1), Fabric Key Bindings (v0), Fabric API Base
[04:33:42] [main/INFO] (Minecraft) [STDOUT]: TENORCLEF: MIXIN OK ClientTickMixin injected into MinecraftClient.tick()
[04:33:42] [main/INFO] (Minecraft) [STDOUT]: TENORCLEF: HARNESS: AUTOWORLD: fresh-world create armed (firing in 3s)
[04:33:45] [main/INFO] (Minecraft) [STDOUT]: TENORCLEF: HARNESS: AUTOWORLD: creating fresh world 'AutoRun_20260924_043345' mode=survival difficulty=easy hardcore=false
[04:33:45] [main/WARN] (Minecraft) Ambiguity between arguments [teleport, destination] and [teleport, targets] with inputs: [Player, 0123, @e, dd12be42-52a9-4a91-a8a1-11c01849e498]
[04:33:45] [main/WARN] (Minecraft) Ambiguity between arguments [teleport, location] and [teleport, destination] with inputs: [0.1 -0.5 .9, 0 0 0]
[04:33:45] [main/WARN] (Minecraft) Ambiguity between arguments [teleport, location] and [teleport, targets] with inputs: [0.1 -0.5 .9, 0 0 0]
[04:33:45] [main/WARN] (Minecraft) Ambiguity between arguments [teleport, targets] and [teleport, destination] with inputs: [Player, 0123, dd12be42-52a9-4a91-a8a1-11c01849e498]
[04:33:45] [main/WARN] (Minecraft) Ambiguity between arguments [teleport, targets, location] and [teleport, targets, destination] with inputs: [0.1 -0.5 .9, 0 0 0]
[04:33:45] [main/INFO] (Minecraft) Reloading ResourceManager: Default, Fabric Resource Loader (v0), Fabric Renderer Registries (v1), Fabric Screen Handler API (v1), Fabric Registry Sync (v0), Fabric Rendering Fluids (v1), Fabric Events Lifecycle (v0), Fabric Loot Tables (v1), Fabric Rendering Data Attachment (v1), Fabric Object Builder API (v1), Fabric Object Builders (v0), Fabric Textures (v0), Fabric Networking Block Entity (v0), Fabric Content Registries (v0), Fabric Containers (v0), Fabric Lifecycle Events (v1), Fabric Item API (v1), Fabric Networking (v0), Fabric Loader, Alto Clef, Tungsten, Fabric Mining Levels (v0), Fabric Tag Extensions (v0), Fabric Models (v0), Fabric Events Interaction (v0), Fabric Crash Report Info (v1), Fabric Renderer API (v1), Fabric Item Groups (v0), Fabric Tool Attribute API (v1), Fabric Biomes (v1), Fabric Renderer - Indigo, Fabric Game Rule API (v1), Fabric API, Fabric Rendering (v0), Fabric BlockRenderLayer Registration (v1), Fabric Rendering (v1), Fabric Key Binding API (v1), Fabric Key Bindings (v0), Fabric API Base, Fabric Tool Attribute API (v1)
[04:33:46] [main/INFO] (Minecraft) Loaded 7 recipes
[04:33:46] [main/INFO] (Minecraft) Loaded 927 advancements
[04:33:47] [main/INFO] (Minecraft) Environment: authHost='https://authserver.mojang.com', accountsHost='https://api.mojang.com', sessionHost='https://sessionserver.mojang.com', name='PROD'
[04:33:47] [Server thread/INFO] (Minecraft) Starting integrated minecraft server version 1.16.1
[04:33:47] [Server thread/INFO] (Minecraft) Generating keypair
[04:33:50] [Server thread/INFO] (Minecraft) Preparing start region for dimension minecraft:overworld
[04:33:50] [main/INFO] (Minecraft) Preparing spawn area: 0%
[04:33:50] [main/INFO] (Minecraft) Preparing spawn area: 0%
[04:33:51] [main/INFO] (Minecraft) Preparing spawn area: 3%
[04:33:51] [main/INFO] (Minecraft) Preparing spawn area: 7%
[04:33:52] [main/INFO] (Minecraft) Preparing spawn area: 10%
[04:33:52] [main/INFO] (Minecraft) Preparing spawn area: 14%
[04:33:53] [main/INFO] (Minecraft) Preparing spawn area: 16%
[04:33:53] [main/INFO] (Minecraft) Preparing spawn area: 22%
[04:33:54] [main/INFO] (Minecraft) Preparing spawn area: 24%
[04:33:54] [main/INFO] (Minecraft) Preparing spawn area: 24%
[04:33:55] [main/INFO] (Minecraft) Preparing spawn area: 32%
[04:33:55] [main/INFO] (Minecraft) Preparing spawn area: 42%
[04:33:56] [main/INFO] (Minecraft) Preparing spawn area: 49%
[04:33:56] [main/INFO] (Minecraft) Preparing spawn area: 57%
[04:33:57] [main/INFO] (Minecraft) Preparing spawn area: 65%
[04:33:57] [main/INFO] (Minecraft) Preparing spawn area: 76%
[04:33:58] [main/INFO] (Minecraft) Preparing spawn area: 85%
[04:33:58] [main/INFO] (Minecraft) Preparing spawn area: 94%
[04:33:58] [main/INFO] (Minecraft) Time elapsed: 8750 ms
[04:33:59] [Server thread/INFO] (Minecraft) Changing view distance to 11, from 10
[04:34:00] [main/INFO] (Minecraft) [STDOUT]: TENORCLEF: HARNESS: AUTOWORLD: create call returned — waiting for join
[04:34:00] [Server thread/INFO] (Minecraft) Player113[local:E:e3bb0301] logged in with entity id 256 at (96.5, 74.0, 54.5)
[04:34:00] [Server thread/INFO] (Minecraft) Player113 joined the game
[04:34:00] [main/INFO] (Minecraft) OpenAL initialized.
[04:34:00] [main/INFO] (Minecraft) Sound engine started
[04:34:01] [main/INFO] (Minecraft) Created: 1024x1024x4 minecraft:textures/atlas/blocks.png-atlas
[04:34:01] [main/INFO] (Minecraft) Created: 256x128x4 minecraft:textures/atlas/signs.png-atlas
[04:34:01] [main/INFO] (Minecraft) Created: 1024x512x4 minecraft:textures/atlas/banner_patterns.png-atlas
[04:34:01] [main/INFO] (Minecraft) Created: 1024x512x4 minecraft:textures/atlas/shield_patterns.png-atlas
[04:34:01] [main/INFO] (Minecraft) Created: 256x256x4 minecraft:textures/atlas/chest.png-atlas
[04:34:01] [main/INFO] (Minecraft) Created: 512x256x4 minecraft:textures/atlas/beds.png-atlas
[04:34:01] [main/INFO] (Minecraft) Created: 512x256x4 minecraft:textures/atlas/shulker_boxes.png-atlas
[04:34:02] [main/INFO] (Minecraft) Created: 256x256x0 minecraft:textures/atlas/particles.png-atlas
[04:34:02] [main/INFO] (Minecraft) Created: 256x256x0 minecraft:textures/atlas/paintings.png-atlas
[04:34:02] [main/INFO] (Minecraft) Created: 256x128x0 minecraft:textures/atlas/mob_effects.png-atlas
[04:34:03] [main/INFO] (Minecraft) [STDOUT]: Baritone world data dir: C:\Users\redfa\Documents\MinecraftDev\altoclef\versions\1.16.1\run\saves\AutoRun_20260924_043345\.\baritone
[04:34:03] [main/INFO] (Minecraft) [STDOUT]: Cached world directory: C:\Users\redfa\Documents\MinecraftDev\altoclef\versions\1.16.1\run\saves\AutoRun_20260924_043345\.\baritone\cache
[04:34:03] [main/INFO] (Minecraft) [STDOUT]: Would save waypoints to C:\Users\redfa\Documents\MinecraftDev\altoclef\versions\1.16.1\run\saves\AutoRun_20260924_043345\.\baritone\waypoints
[04:34:03] [Server thread/INFO] (Minecraft) Saving and pausing game...
[04:34:03] [main/INFO] (Minecraft) Loaded 0 advancements
[04:34:03] [main/INFO] (Minecraft) [STDOUT]: TENORCLEF: HARNESS: AUTORUN: armed 'testrun2' (firing in 5s)
[04:34:03] [Server thread/INFO] (Minecraft) Saving chunks for level 'ServerLevel[AutoRun_20260924_043345]'/minecraft:overworld
[04:34:04] [Server thread/INFO] (Minecraft) Saving chunks for level 'ServerLevel[AutoRun_20260924_043345]'/minecraft:the_nether
[04:34:05] [Server thread/INFO] (Minecraft) Saving chunks for level 'ServerLevel[AutoRun_20260924_043345]'/minecraft:the_end
[04:34:08] [Server thread/WARN] (Minecraft) Can't keep up! Is the server overloaded? Running 5063ms or 101 ticks behind
[04:34:08] [main/INFO] (Minecraft) [STDOUT]: TENORCLEF: HARNESS: AUTORUN: executing 'testrun2'
[04:34:08] [main/INFO] (Minecraft) [CHAT] §2§l§o[TenorClef] §rAUTORUN: executing 'testrun2'
[04:34:08] [main/INFO] (Minecraft) [CHAT] §2§l§o[TenorClef] §rTESRUN2 start — @stop to cancel
[04:34:08] [main/INFO] (Minecraft) [CHAT] §2§l§o[TenorClef] §rUser Task Set: <testrun2/BOOTSTRAP> 
[04:34:08] [main/INFO] (Minecraft) [CHAT] §2§l§o[TenorClef] §rTESRUN2 clock 0:00.0
[04:34:08] [main/INFO] (Minecraft) [CHAT] §2§l§o[TenorClef] §rTungstenBridge: kaptainwutax.tungsten bound
[04:34:08] [main/INFO] (Minecraft) [CHAT] §2§l§o[TenorClef] §rTESRUN2 start Tungsten backend: AVAILABLE (kaptainwutax.tungsten bound; mover=BARITONE) eyes=12 rods=6 skipDiamond=true
[04:34:08] [main/INFO] (Minecraft) [CHAT] §2§l§o[TenorClef] §rT2 [HIST] 0:00.0 PHASE  -> BOOTSTRAP
[04:34:08] [main/INFO] (Minecraft) [CHAT] §2§l§o[TenorClef] §rT2 [HIST] 0:00.0 DIM  -> OVERWORLD at 96,74,54
[04:34:08] [main/INFO] (Minecraft) [CHAT] §2§l§o[TenorClef] §rT2 [HIST] 0:00.0 CHILD  -> - ph=BOOTSTRAP @96,74,54 sky=15 wet=false ground=true pick=0 buck=0 iron=0 ore=0 rods=0 pearls=0 eyes=0
[04:34:08] [main/INFO] (Minecraft) [CHAT] §2§l§o[TenorClef] §rT2 [HIST] 0:00.0 WHY wood: mine 1.16 logs only (no air)
[04:34:08] [main/INFO] (Minecraft) [CHAT] §2§l§o[TenorClef] §rT2 [HIST] 0:00.1 CHILD - -> MineAndCollectTask ph=BOOTSTRAP @96,74,54 sky=15 wet=false ground=true pick=0 buck=0 iron=0 ore=0 rods=0 pearls=0 eyes=0
[04:34:08] [main/INFO] (Minecraft) [STDOUT]: ALTO CLEF: WARNING: T2 [S176] one client tick took 25868ms (limit 8000ms) — BOOTSTRAP @96,74,54 child=MineAndCollectTask
[04:34:08] [main/INFO] (Minecraft) [CHAT] §2§l§o[TenorClef] §cT2 [S176] one client tick took 25868ms (limit 8000ms) — BOOTSTRAP @96,74,54 child=MineAndCollectTask§r
[04:34:08] [main/INFO] (Minecraft) [CHAT] §2§l§o[TenorClef] §rT2 [HIST] 0:00.1 FORCE S176 one client tick took 25868ms (limit 8000ms) — BOOTSTRAP @96,74,54 child=MineAndCollectTask
[04:34:08] [main/INFO] (Minecraft) [STDOUT]: TENORCLEF: HARNESS: DEADMAN: watchdog started (warn 30s, fatal 120s, worst-tick limit 8s)
[04:34:09] [main/INFO] (Minecraft) [CHAT] §2§l§o[TenorClef] §rT2 [NOW] t=0:00.9 ph=BOOTSTRAP @96,74,54 do=<Mine And Collect: [[oak_log,birch_log,spruce_log,jungle_log,acacia_log,dark_oak_log] x 2]>  eq=air woodpick=0 stonepick=0 pick=0 iron=0 buck=0
[04:34:10] [main/INFO] (Minecraft) [CHAT] §2§l§o[TenorClef] §rT2 [NOW] t=0:01.8 ph=BOOTSTRAP @96,74,54 do=<Mine And Collect: [[oak_log,birch_log,spruce_log,jungle_log,acacia_log,dark_oak_log] x 2]>  eq=air woodpick=0 stonepick=0 pick=0 iron=0 buck=0
[04:34:10] [main/INFO] (Minecraft) [CHAT] §2§l§o[TenorClef] §rT2 [HIST] 0:02.3 SNAP ph=BOOTSTRAP @96,74,54 sky=15 wet=false ground=true pick=0 buck=0 iron=0 ore=0 rods=0 pearls=0 eyes=0 child=MineAndCollectTask dbg=<Mine And Collect: [[oak_log,birch_log,spruce_log,jungle_log,acacia_log,dark_oak_log] x 2]>  mobs=none
[04:34:11] [main/INFO] (Minecraft) [CHAT] §2§l§o[TenorClef] §rT2 [NOW] t=0:02.8 ph=BOOTSTRAP @96,74,54 do=<Mine And Collect: [[oak_log,birch_log,spruce_log,jungle_log,acacia_log,dark_oak_log] x 2]>  eq=air woodpick=0 stonepick=0 pick=0 iron=0 buck=0
[04:34:12] [main/INFO] (Minecraft) [CHAT] §2§l§o[TenorClef] §rT2 [NOW] t=0:03.8 ph=BOOTSTRAP @96,74,54 do=<Mine And Collect: [[oak_log,birch_log,spruce_log,jungle_log,acacia_log,dark_oak_log] x 2]>  eq=air woodpick=0 stonepick=0 pick=0 iron=0 buck=0
[04:34:12] [main/INFO] (Minecraft) [CHAT] §2§l§o[TenorClef] §rT2 [HIST] 0:04.1 WHY wood: mine 1.16 logs only (no air)
[04:34:13] [main/INFO] (Minecraft) [CHAT] §2§l§o[TenorClef] §rT2 [NOW] t=0:04.8 ph=BOOTSTRAP @96,74,54 do=<Mine And Collect: [[oak_log,birch_log,spruce_log,jungle_log,acacia_log,dark_oak_log] x 2]>  eq=air woodpick=0 stonepick=0 pick=0 iron=0 buck=0
[04:34:13] [main/INFO] (Minecraft) [CHAT] §2§l§o[TenorClef] §rT2 [HIST] 0:04.8 SNAP ph=BOOTSTRAP @96,74,54 sky=15 wet=false ground=true pick=0 buck=0 iron=0 ore=0 rods=0 pearls=0 eyes=0 child=MineAndCollectTask dbg=<Mine And Collect: [[oak_log,birch_log,spruce_log,jungle_log,acacia_log,dark_oak_log] x 2]>  mobs=none
[04:34:14] [main/INFO] (Minecraft) [CHAT] §2§l§o[TenorClef] §rT2 [NOW] t=0:05.8 ph=BOOTSTRAP @96,74,54 do=<Mine And Collect: [[oak_log,birch_log,spruce_log,jungle_log,acacia_log,dark_oak_log] x 2]>  eq=air woodpick=0 stonepick=0 pick=0 iron=0 buck=0
[04:34:15] [main/INFO] (Minecraft) [CHAT] §2§l§o[TenorClef] §rT2 [NOW] t=0:06.8 ph=BOOTSTRAP @96,74,54 do=<Mine And Collect: [[oak_log,birch_log,spruce_log,jungle_log,acacia_log,dark_oak_log] x 2]>  eq=air woodpick=0 stonepick=0 pick=0 iron=0 buck=0
[04:34:15] [main/INFO] (Minecraft) [CHAT] §2§l§o[TenorClef] §rT2 [HIST] 0:07.3 SNAP ph=BOOTSTRAP @97,74,54 sky=14 wet=false ground=true pick=0 buck=0 iron=0 ore=0 rods=0 pearls=0 eyes=0 child=MineAndCollectTask dbg=<Mine And Collect: [[oak_log,birch_log,spruce_log,jungle_log,acacia_log,dark_oak_log] x 2]>  mobs=none
[04:34:16] [main/INFO] (Minecraft) [CHAT] §2§l§o[TenorClef] §rT2 [NOW] t=0:07.8 ph=BOOTSTRAP @97,73,54 do=<Mine And Collect: [[oak_log,birch_log,spruce_log,jungle_log,acacia_log,dark_oak_log] x 2]>  eq=air woodpick=0 stonepick=0 pick=0 iron=0 buck=0
[04:34:16] [main/INFO] (Minecraft) [STDOUT]: ALTO CLEF: WARNING: T2 [S179] wood oscillation — pinned in a 2x1 box for 8s @97,54 box[96..97,54..54] — retarget nearest log churn=1
[04:34:16] [main/INFO] (Minecraft) [CHAT] §2§l§o[TenorClef] §cT2 [S179] wood oscillation — pinned in a 2x1 box for 8s @97,54 box[96..97,54..54] — retarget nearest log churn=1§r
[04:34:16] [main/INFO] (Minecraft) [CHAT] §2§l§o[TenorClef] §rBlacklist RESET: BlockPos{x=94, y=72, z=51}
[04:34:16] [main/INFO] (Minecraft) [CHAT] §2§l§o[TenorClef] §rBlacklist: BlockPos{x=94, y=72, z=51}: Try 1 / 0
[04:34:16] [main/INFO] (Minecraft) [CHAT] §2§l§o[TenorClef] §rBlacklist RESET: BlockPos{x=94, y=73, z=51}
[04:34:16] [main/INFO] (Minecraft) [CHAT] §2§l§o[TenorClef] §rBlacklist: BlockPos{x=94, y=73, z=51}: Try 1 / 0
[04:34:16] [main/INFO] (Minecraft) [CHAT] §2§l§o[TenorClef] §rBlacklist RESET: BlockPos{x=94, y=74, z=51}
[04:34:16] [main/INFO] (Minecraft) [CHAT] §2§l§o[TenorClef] §rBlacklist: BlockPos{x=94, y=74, z=51}: Try 1 / 0
[04:34:16] [main/INFO] (Minecraft) [CHAT] §2§l§o[TenorClef] §rBlacklist RESET: BlockPos{x=94, y=75, z=51}
[04:34:16] [main/INFO] (Minecraft) [CHAT] §2§l§o[TenorClef] §rBlacklist: BlockPos{x=94, y=75, z=51}: Try 1 / 0
[04:34:16] [main/INFO] (Minecraft) [CHAT] §2§l§o[TenorClef] §rBlacklist RESET: BlockPos{x=99, y=72, z=54}
[04:34:16] [main/INFO] (Minecraft) [CHAT] §2§l§o[TenorClef] §rBlacklist: BlockPos{x=99, y=72, z=54}: Try 1 / 0
[04:34:16] [main/INFO] (Minecraft) [CHAT] §2§l§o[TenorClef] §rBlacklist RESET: BlockPos{x=99, y=75, z=54}
[04:34:16] [main/INFO] (Minecraft) [CHAT] §2§l§o[TenorClef] §rBlacklist: BlockPos{x=99, y=75, z=54}: Try 1 / 0
[04:34:16] [main/INFO] (Minecraft) [CHAT] §2§l§o[TenorClef] §rBlacklist RESET: BlockPos{x=99, y=76, z=54}
[04:34:16] [main/INFO] (Minecraft) [CHAT] §2§l§o[TenorClef] §rBlacklist: BlockPos{x=99, y=76, z=54}: Try 1 / 0
[04:34:16] [main/INFO] (Minecraft) [CHAT] §2§l§o[TenorClef] §rBlacklist RESET: BlockPos{x=99, y=77, z=54}
[04:34:16] [main/INFO] (Minecraft) [CHAT] §2§l§o[TenorClef] §rBlacklist: BlockPos{x=99, y=77, z=54}: Try 1 / 0
[04:34:16] [main/INFO] (Minecraft) [CHAT] §2§l§o[TenorClef] §rT2 [HIST] 0:08.3 CHILD MineAndCollectTask -> CraftInInventoryTask ph=BOOTSTRAP @98,73,54 sky=12 wet=false ground=true pick=0 buck=0 iron=0 ore=0 rods=0 pearls=0 eyes=0
[04:34:16] [main/INFO] (Minecraft) Loaded 4 advancements
[04:34:17] [main/INFO] (Minecraft) [CHAT] §2§l§o[TenorClef] §rT2 [NOW] t=0:08.8 ph=BOOTSTRAP @98,73,55 do=<Craft 2x2 Task Recipe{crafting_table}: [[crafting_table]]> Crafting in inventory... for [crafting_table] eq=air woodpick=0 stonepick=0 pick=0 iron=0 buck=0
[04:34:17] [main/INFO] (Minecraft) Loaded 16 advancements
[04:34:18] [main/INFO] (Minecraft) [CHAT] §2§l§o[TenorClef] §rT2 [NOW] t=0:09.8 ph=BOOTSTRAP @99,73,56 do=<Craft 2x2 Task Recipe{crafting_table}: [[crafting_table]]> Crafting in inventory... for [crafting_table] eq=air woodpick=0 stonepick=0 pick=0 iron=0 buck=0
[04:34:18] [main/INFO] (Minecraft) [CHAT] §2§l§o[TenorClef] §rT2 [HIST] 0:09.8 SNAP ph=BOOTSTRAP @99,73,56 sky=14 wet=false ground=false pick=0 buck=0 iron=0 ore=0 rods=0 pearls=0 eyes=0 child=CraftInInventoryTask dbg=<Craft 2x2 Task Recipe{crafting_table}: [[crafting_table]]> Crafting in inventory... for [crafting_table] mobs=none
[04:34:18] [main/INFO] (Minecraft) [CHAT] §2§l§o[TenorClef] §rT2 [HIST] 0:09.8 WHY bootstrap: table exists — wooden pick, not more logs
[04:34:18] [main/INFO] (Minecraft) [CHAT] §2§l§o[TenorClef] §rT2 [HIST] 0:09.9 CHILD CraftInInventoryTask -> CraftInTableTask ph=BOOTSTRAP @99,73,57 sky=15 wet=false ground=true pick=0 buck=0 iron=0 ore=0 rods=0 pearls=0 eyes=0
[04:34:18] [main/INFO] (Minecraft) Loaded 19 advancements
[04:34:19] [main/INFO] (Minecraft) [CHAT] §2§l§o[TenorClef] §rT2 [NOW] t=0:10.8 ph=BOOTSTRAP @99,73,57 do=<Doing stuff in crafting_table container: [[wooden_pickaxe]]>  eq=air woodpick=0 stonepick=0 pick=0 iron=0 buck=0
[04:34:19] [main/INFO] (Minecraft) Loaded 28 advancements
[04:34:20] [main/INFO] (Minecraft) [CHAT] §2§l§o[TenorClef] §rT2 [NOW] t=0:11.8 ph=BOOTSTRAP @99,73,57 do=<Doing stuff in crafting_table container: [[wooden_pickaxe]]>  eq=air woodpick=0 stonepick=0 pick=0 iron=0 buck=0
[04:34:20] [main/INFO] (Minecraft) [CHAT] §2§l§o[TenorClef] §rT2 [HIST] 0:12.3 SNAP ph=BOOTSTRAP @99,73,57 sky=15 wet=false ground=true pick=0 buck=0 iron=0 ore=0 rods=0 pearls=0 eyes=0 child=CraftInTableTask dbg=<Doing stuff in crafting_table container: [[wooden_pickaxe]]>  mobs=none
[04:34:21] [main/INFO] (Minecraft) [CHAT] §2§l§o[TenorClef] §rT2 [NOW] t=0:12.8 ph=BOOTSTRAP @101,72,57 do=<Doing stuff in crafting_table container: [[wooden_pickaxe]]>  eq=air woodpick=0 stonepick=0 pick=0 iron=0 buck=0
[04:34:22] [main/INFO] (Minecraft) [CHAT] §2§l§o[TenorClef] §rT2 [NOW] t=0:13.8 ph=BOOTSTRAP @102,72,57 do=<Doing stuff in crafting_table container: [[wooden_pickaxe]]>  eq=air woodpick=0 stonepick=0 pick=0 iron=0 buck=0
[04:34:23] [main/INFO] (Minecraft) [CHAT] §2§l§o[TenorClef] §rT2 [NOW] t=0:14.8 ph=BOOTSTRAP @102,72,57 do=<Doing stuff in crafting_table container: [[wooden_pickaxe]]>  eq=air woodpick=0 stonepick=0 pick=0 iron=0 buck=0
[04:34:23] [main/INFO] (Minecraft) [CHAT] §2§l§o[TenorClef] §rT2 [HIST] 0:14.8 SNAP ph=BOOTSTRAP @102,72,57 sky=15 wet=false ground=true pick=0 buck=0 iron=0 ore=0 rods=0 pearls=0 eyes=0 child=CraftInTableTask dbg=<Doing stuff in crafting_table container: [[wooden_pickaxe]]>  mobs=none
[04:34:24] [main/INFO] (Minecraft) [CHAT] §2§l§o[TenorClef] §rT2 [NOW] t=0:15.8 ph=BOOTSTRAP @102,72,57 do=<Doing stuff in crafting_table container: [[wooden_pickaxe]]>  eq=air woodpick=0 stonepick=0 pick=0 iron=0 buck=0
[04:34:25] [main/INFO] (Minecraft) [CHAT] §2§l§o[TenorClef] §rT2 [NOW] t=0:16.8 ph=BOOTSTRAP @102,72,57 do=<Doing stuff in crafting_table container: [[wooden_pickaxe]]>  eq=air woodpick=0 stonepick=0 pick=0 iron=0 buck=0
[04:34:25] [main/INFO] (Minecraft) [CHAT] §2§l§o[TenorClef] §rT2 [HIST] 0:17.3 SNAP ph=BOOTSTRAP @102,72,57 sky=15 wet=false ground=true pick=0 buck=0 iron=0 ore=0 rods=0 pearls=0 eyes=0 child=CraftInTableTask dbg=<Doing stuff in crafting_table container: [[wooden_pickaxe]]>  mobs=none
[04:34:26] [main/INFO] (Minecraft) [CHAT] §2§l§o[TenorClef] §rT2 [NOW] t=0:17.8 ph=BOOTSTRAP @102,72,57 do=<Doing stuff in crafting_table container: [[wooden_pickaxe]]>  eq=air woodpick=0 stonepick=0 pick=0 iron=0 buck=0
[04:34:27] [main/INFO] (Minecraft) [CHAT] §2§l§o[TenorClef] §rT2 [NOW] t=0:18.8 ph=BOOTSTRAP @102,72,57 do=<Doing stuff in crafting_table container: [[wooden_pickaxe]]>  eq=air woodpick=0 stonepick=0 pick=0 iron=0 buck=0
[04:34:28] [main/INFO] (Minecraft) [CHAT] §2§l§o[TenorClef] §rT2 [NOW] t=0:19.8 ph=BOOTSTRAP @102,72,57 do=<Doing stuff in crafting_table container: [[wooden_pickaxe]]>  eq=air woodpick=0 stonepick=0 pick=0 iron=0 buck=0
[04:34:28] [main/INFO] (Minecraft) [CHAT] §2§l§o[TenorClef] §rTESRUN2 spawn biome=ForestBiome trees~=5 villageHint=false rpHint=true surfaceLava=0 vDist=unseen rpDist=67  playable
[04:34:28] [main/INFO] (Minecraft) [STDOUT]: ALTO CLEF: WARNING: T2 [S159] spawn ACCEPTED biome=ForestBiome village=false rp=true vDist=unseen rpDist=67 @102,72,57 probes=0 t=0:19.8
[04:34:28] [main/INFO] (Minecraft) [CHAT] §2§l§o[TenorClef] §cT2 [S159] spawn ACCEPTED biome=ForestBiome village=false rp=true vDist=unseen rpDist=67 @102,72,57 probes=0 t=0:19.8§r
[04:34:28] [main/INFO] (Minecraft) [CHAT] §2§l§o[TenorClef] §rT2 [HIST] 0:19.8 FORCE S159 spawn ACCEPTED biome=ForestBiome village=false rp=true vDist=unseen rpDist=67 @102,72,57 probes=0 t=0:19.8
[04:34:28] [main/INFO] (Minecraft) [CHAT] §2§l§o[TenorClef] §rT2 [HIST] 0:19.8 WHY bootstrap: table exists — wooden pick, not more logs
[04:34:28] [main/INFO] (Minecraft) [CHAT] §2§l§o[TenorClef] §rT2 [HIST] 0:19.8 SNAP ph=BOOTSTRAP @102,72,57 sky=15 wet=false ground=true pick=0 buck=0 iron=0 ore=0 rods=0 pearls=0 eyes=0 child=CraftInTableTask dbg=<Doing stuff in crafting_table container: [[wooden_pickaxe]]>  mobs=none
[04:34:29] [main/INFO] (Minecraft) [CHAT] §2§l§o[TenorClef] §rT2 [NOW] t=0:20.8 ph=BOOTSTRAP @102,72,57 do=<Doing stuff in crafting_table container: [[wooden_pickaxe]]>  eq=air woodpick=0 stonepick=0 pick=0 iron=0 buck=0
[04:34:30] [main/INFO] (Minecraft) [CHAT] §2§l§o[TenorClef] §rT2 [NOW] t=0:21.8 ph=BOOTSTRAP @102,72,57 do=<Doing stuff in crafting_table container: [[wooden_pickaxe]]>  eq=air woodpick=0 stonepick=0 pick=0 iron=0 buck=0
[04:34:30] [main/INFO] (Minecraft) [CHAT] §2§l§o[TenorClef] §rT2 [HIST] 0:22.3 SNAP ph=BOOTSTRAP @102,72,57 sky=15 wet=false ground=true pick=0 buck=0 iron=0 ore=0 rods=0 pearls=0 eyes=0 child=CraftInTableTask dbg=<Doing stuff in crafting_table container: [[wooden_pickaxe]]>  mobs=none
[04:34:31] [main/INFO] (Minecraft) [CHAT] §2§l§o[TenorClef] §rT2 [NOW] t=0:22.8 ph=BOOTSTRAP @102,72,57 do=<Doing stuff in crafting_table container: [[wooden_pickaxe]]>  eq=air woodpick=0 stonepick=0 pick=0 iron=0 buck=0
[04:34:32] [main/INFO] (Minecraft) [CHAT] §2§l§o[TenorClef] §rT2 [NOW] t=0:23.8 ph=BOOTSTRAP @103,71,57 do=<Doing stuff in crafting_table container: [[wooden_pickaxe]]>  eq=air woodpick=0 stonepick=0 pick=0 iron=0 buck=0
[04:34:33] [pool-5-thread-2/INFO] (Minecraft) [STDOUT]: Saving region -1,0 to disk C:\Users\redfa\Documents\MinecraftDev\altoclef\versions\1.16.1\run\saves\AutoRun_20260924_043345\.\baritone\cache
[04:34:33] [ForkJoinPool.commonPool-worker-2/INFO] (Minecraft) [STDOUT]: Saving region 0,0 to disk C:\Users\redfa\Documents\MinecraftDev\altoclef\versions\1.16.1\run\saves\AutoRun_20260924_043345\.\baritone\cache
[04:34:33] [ForkJoinPool.commonPool-worker-1/INFO] (Minecraft) [STDOUT]: Saving region 0,-1 to disk C:\Users\redfa\Documents\MinecraftDev\altoclef\versions\1.16.1\run\saves\AutoRun_20260924_043345\.\baritone\cache
[04:34:33] [ForkJoinPool.commonPool-worker-3/INFO] (Minecraft) [STDOUT]: Saving region -1,-1 to disk C:\Users\redfa\Documents\MinecraftDev\altoclef\versions\1.16.1\run\saves\AutoRun_20260924_043345\.\baritone\cache
[04:34:33] [main/INFO] (Minecraft) [CHAT] §2§l§o[TenorClef] §rT2 [NOW] t=0:24.8 ph=BOOTSTRAP @103,71,57 do=<Doing stuff in crafting_table container: [[wooden_pickaxe]]>  eq=air woodpick=0 stonepick=0 pick=0 iron=0 buck=0
[04:34:33] [main/INFO] (Minecraft) [CHAT] §2§l§o[TenorClef] §rT2 [HIST] 0:24.8 SNAP ph=BOOTSTRAP @103,71,57 sky=15 wet=false ground=true pick=0 buck=0 iron=0 ore=0 rods=0 pearls=0 eyes=0 child=CraftInTableTask dbg=<Doing stuff in crafting_table container: [[wooden_pickaxe]]>  mobs=none
[04:34:33] [ForkJoinPool.commonPool-worker-3/INFO] (Minecraft) [STDOUT]: Saved region successfully
[04:34:33] [pool-5-thread-2/INFO] (Minecraft) [STDOUT]: Saved region successfully
[04:34:33] [ForkJoinPool.commonPool-worker-2/INFO] (Minecraft) [STDOUT]: Saved region successfully
[04:34:33] [ForkJoinPool.commonPool-worker-1/INFO] (Minecraft) [STDOUT]: Saved region successfully
[04:34:33] [pool-5-thread-2/INFO] (Minecraft) [STDOUT]: World save took 651ms
[04:34:34] [main/INFO] (Minecraft) [CHAT] §2§l§o[TenorClef] §rT2 [NOW] t=0:25.8 ph=BOOTSTRAP @103,71,57 do=<Doing stuff in crafting_table container: [[wooden_pickaxe]]>  eq=air woodpick=0 stonepick=0 pick=0 iron=0 buck=0
[04:34:35] [main/INFO] (Minecraft) [CHAT] §2§l§o[TenorClef] §rT2 [NOW] t=0:26.8 ph=BOOTSTRAP @103,71,57 do=<Doing stuff in crafting_table container: [[wooden_pickaxe]]>  eq=air woodpick=0 stonepick=0 pick=0 iron=0 buck=0
[04:34:35] [main/INFO] (Minecraft) [CHAT] §2§l§o[TenorClef] §rT2 [HIST] 0:27.3 SNAP ph=BOOTSTRAP @103,71,57 sky=15 wet=false ground=true pick=0 buck=0 iron=0 ore=0 rods=0 pearls=0 eyes=0 child=CraftInTableTask dbg=<Doing stuff in crafting_table container: [[wooden_pickaxe]]>  mobs=none
[04:34:36] [main/INFO] (Minecraft) [CHAT] §2§l§o[TenorClef] §rT2 [NOW] t=0:27.8 ph=BOOTSTRAP @103,71,57 do=<Doing stuff in crafting_table container: [[wooden_pickaxe]]>  eq=air woodpick=0 stonepick=0 pick=0 iron=0 buck=0
[04:34:37] [main/INFO] (Minecraft) [CHAT] §2§l§o[TenorClef] §rT2 [NOW] t=0:28.8 ph=BOOTSTRAP @103,71,57 do=<Doing stuff in crafting_table container: [[wooden_pickaxe]]>  eq=air woodpick=0 stonepick=0 pick=0 iron=0 buck=0
[04:34:38] [main/INFO] (Minecraft) [CHAT] §2§l§o[TenorClef] §rT2 [NOW] t=0:29.8 ph=BOOTSTRAP @103,71,57 do=<Doing stuff in crafting_table container: [[wooden_pickaxe]]>  eq=air woodpick=0 stonepick=0 pick=0 iron=0 buck=0
[04:34:38] [main/INFO] (Minecraft) [CHAT] §2§l§o[TenorClef] §rT2 [HIST] 0:29.8 SNAP ph=BOOTSTRAP @103,71,57 sky=15 wet=false ground=true pick=0 buck=0 iron=0 ore=0 rods=0 pearls=0 eyes=0 child=CraftInTableTask dbg=<Doing stuff in crafting_table container: [[wooden_pickaxe]]>  mobs=none
[04:34:38] [main/INFO] (Minecraft) [CHAT] §2§l§o[TenorClef] §rRefreshed inventory...
[04:34:38] [main/INFO] (Minecraft) Loaded 30 advancements
[04:34:39] [main/INFO] (Minecraft) [CHAT] §2§l§o[TenorClef] §rT2 [NOW] t=0:30.8 ph=BOOTSTRAP @105,70,57 do=<Doing stuff in crafting_table container: [[wooden_pickaxe]]>  eq=crafting_table woodpick=0 stonepick=0 pick=0 iron=0 buck=0
[04:34:39] [main/INFO] (Minecraft) Loaded 39 advancements
[04:34:39] [main/INFO] (Minecraft) [CHAT] §2§l§o[TenorClef] §rT2 [I01] BOOTSTRAP -> IRON t=0:31.5
[04:34:39] [main/INFO] (Minecraft) [CHAT] §2§l§o[TenorClef] §rTESRUN2 split IRON  0:31.5
[04:34:39] [main/INFO] (Minecraft) [STDOUT]: ALTO CLEF: WARNING: T2 [S146] iron target locked want=8 at ingot=0 ore=0 metal=0
[04:34:39] [main/INFO] (Minecraft) [CHAT] §2§l§o[TenorClef] §cT2 [S146] iron target locked want=8 at ingot=0 ore=0 metal=0§r
[04:34:39] [main/INFO] (Minecraft) [CHAT] §2§l§o[TenorClef] §rT2 [HIST] 0:31.5 FORCE S146 iron target locked want=8 at ingot=0 ore=0 metal=0
[04:34:39] [main/INFO] (Minecraft) [CHAT] §2§l§o[TenorClef] §rT2 [HIST] 0:31.5 WHY iron: smelt 8 in one furnace
[04:34:39] [main/INFO] (Minecraft) [CHAT] §2§l§o[TenorClef] §rT2 [HIST] 0:31.5 PHASE BOOTSTRAP -> IRON
[04:34:39] [main/INFO] (Minecraft) [CHAT] §2§l§o[TenorClef] §rT2 [HIST] 0:31.5 CHILD CraftInTableTask -> CollectIronIngotTask ph=IRON @105,70,57 sky=12 wet=false ground=true pick=0 buck=0 iron=0 ore=0 rods=0 pearls=0 eyes=0
[04:34:40] [main/INFO] (Minecraft) [STDOUT]: ALTO CLEF: WARNING: T2 [E109] mine/collect with no pick child=CollectIronIngotTask
[04:34:40] [main/INFO] (Minecraft) [CHAT] §2§l§o[TenorClef] §cT2 [E109] mine/collect with no pick child=CollectIronIngotTask§r
[04:34:40] [main/INFO] (Minecraft) [CHAT] §2§l§o[TenorClef] §rT2 [HIST] 0:31.7 [E109] mine/collect with no pick child=CollectIronIngotTask
[04:34:40] [main/INFO] (Minecraft) [CHAT] §2§l§o[TenorClef] §rT2 [NOW] t=0:31.8 ph=IRON @105,70,58 do=<Collecting 8 iron.: [[iron_ingot] x 8]>  eq=birch_planks woodpick=0 stonepick=0 pick=0 iron=0 buck=0
[04:34:40] [main/INFO] (Minecraft) [CHAT] §2§l§o[TenorClef] §rT2 [HIST] 0:32.3 SNAP ph=IRON @105,70,58 sky=12 wet=false ground=true pick=0 buck=0 iron=0 ore=0 rods=0 pearls=0 eyes=0 child=CollectIronIngotTask dbg=<Collecting 8 iron.: [[iron_ingot] x 8]>  mobs=none
[04:34:40] [main/INFO] (Minecraft) [CHAT] §2§l§o[TenorClef] §rTESRUN2 split BOOTSTRAP  0:32.5
[04:34:40] [main/INFO] (Minecraft) [CHAT] §2§l§o[TenorClef] §rT2 [HIST] 0:32.5 WHY bootstrap: table exists — wooden pick, not more logs
[04:34:40] [main/INFO] (Minecraft) [CHAT] §2§l§o[TenorClef] §rT2 [HIST] 0:32.5 PHASE IRON -> BOOTSTRAP
[04:34:40] [main/INFO] (Minecraft) [CHAT] §2§l§o[TenorClef] §rT2 [HIST] 0:32.5 CHILD CollectIronIngotTask -> CraftInTableTask ph=BOOTSTRAP @105,70,58 sky=12 wet=false ground=true pick=0 buck=0 iron=0 ore=0 rods=0 pearls=0 eyes=0
[04:34:40] [main/INFO] (Minecraft) [STDOUT]: ALTO CLEF: WARNING: T2 [E112] ph IRON->BOOTSTRAP in 982ms
[04:34:40] [main/INFO] (Minecraft) [CHAT] §2§l§o[TenorClef] §cT2 [E112] ph IRON->BOOTSTRAP in 982ms§r
[04:34:40] [main/INFO] (Minecraft) [CHAT] §2§l§o[TenorClef] §rT2 [HIST] 0:32.5 [E112] ph IRON->BOOTSTRAP in 982ms
[04:34:41] [main/INFO] (Minecraft) [CHAT] §2§l§o[TenorClef] §rT2 [NOW] t=0:32.8 ph=BOOTSTRAP @105,70,58 do=<Doing stuff in crafting_table container: [[wooden_pickaxe]]> Picking up eq=birch_planks woodpick=0 stonepick=0 pick=0 iron=0 buck=0
[04:34:42] [main/INFO] (Minecraft) [CHAT] §2§l§o[TenorClef] §rTESRUN2 split IRON  0:33.7
[04:34:42] [main/INFO] (Minecraft) [STDOUT]: ALTO CLEF: WARNING: T2 [S146] iron target locked want=8 at ingot=0 ore=0 metal=0
[04:34:42] [main/INFO] (Minecraft) [CHAT] §2§l§o[TenorClef] §cT2 [S146] iron target locked want=8 at ingot=0 ore=0 metal=0§r
[04:34:42] [main/INFO] (Minecraft) [CHAT] §2§l§o[TenorClef] §rT2 [HIST] 0:33.7 PHASE BOOTSTRAP -> IRON
[04:34:42] [main/INFO] (Minecraft) [CHAT] §2§l§o[TenorClef] §rT2 [HIST] 0:33.7 CHILD CraftInTableTask -> CollectIronIngotTask ph=IRON @105,70,58 sky=12 wet=false ground=true pick=0 buck=0 iron=0 ore=0 rods=0 pearls=0 eyes=0
[04:34:42] [main/INFO] (Minecraft) [CHAT] §2§l§o[TenorClef] §rT2 [HIST] 0:33.7 [E112] ph BOOTSTRAP->IRON in 1202ms
[04:34:42] [main/INFO] (Minecraft) [CHAT] §2§l§o[TenorClef] §rT2 [NOW] t=0:33.8 ph=IRON @105,70,58 do=<Collecting 8 iron.: [[iron_ingot] x 8]>  eq=birch_log woodpick=1 stonepick=0 pick=0 iron=0 buck=0
[04:34:43] [main/INFO] (Minecraft) [CHAT] §2§l§o[TenorClef] §rT2 [NOW] t=0:34.8 ph=IRON @105,70,58 do=<Collecting 8 iron.: [[iron_ingot] x 8]>  eq=birch_log woodpick=1 stonepick=0 pick=0 iron=0 buck=0
[04:34:43] [main/INFO] (Minecraft) [CHAT] §2§l§o[TenorClef] §rT2 [HIST] 0:34.8 SNAP ph=IRON @105,70,58 sky=12 wet=false ground=true pick=0 buck=0 iron=0 ore=0 rods=0 pearls=0 eyes=0 child=CollectIronIngotTask dbg=<Collecting 8 iron.: [[iron_ingot] x 8]>  mobs=none
[04:34:43] [main/INFO] (Minecraft) [CHAT] §2§l§o[TenorClef] §rT2 [HIST] 0:35.5 WHY iron: smelt 8 in one furnace
[04:34:44] [main/INFO] (Minecraft) [CHAT] §2§l§o[TenorClef] §rT2 [NOW] t=0:35.8 ph=IRON @105,69,58 do=<Collecting 8 iron.: [[iron_ingot] x 8]>  eq=birch_log woodpick=1 stonepick=0 pick=0 iron=0 buck=0
[04:34:45] [main/INFO] (Minecraft) [CHAT] §2§l§o[TenorClef] §rT2 [NOW] t=0:36.8 ph=IRON @105,68,58 do=<Collecting 8 iron.: [[iron_ingot] x 8]>  eq=birch_log woodpick=1 stonepick=0 pick=0 iron=0 buck=0
[04:34:45] [main/INFO] (Minecraft) [CHAT] §2§l§o[TenorClef] §rT2 [HIST] 0:37.3 SNAP ph=IRON @105,68,58 sky=11 wet=false ground=true pick=0 buck=0 iron=0 ore=0 rods=0 pearls=0 eyes=0 child=CollectIronIngotTask dbg=<Collecting 8 iron.: [[iron_ingot] x 8]>  mobs=none
[04:34:46] [main/INFO] (Minecraft) [CHAT] §2§l§o[TenorClef] §rT2 [NOW] t=0:37.8 ph=IRON @105,68,58 do=<Collecting 8 iron.: [[iron_ingot] x 8]>  eq=wooden_pickaxe woodpick=1 stonepick=0 pick=0 iron=0 buck=0
[04:34:47] [main/INFO] (Minecraft) [CHAT] §2§l§o[TenorClef] §rT2 [HB] t=0:38.7 ph=IRON y=68 child=CollectIronIngotTask logs=1 pick=0 woodpick=1
[04:34:47] [main/INFO] (Minecraft) [CHAT] §2§l§o[TenorClef] §rT2 [NOW] t=0:38.8 ph=IRON @105,68,58 do=<Collecting 8 iron.: [[iron_ingot] x 8]>  eq=wooden_pickaxe woodpick=1 stonepick=0 pick=0 iron=0 buck=0
[04:34:47] [Server thread/INFO] (Minecraft) Player113 has made the advancement [Stone Age]
[04:34:47] [main/INFO] (Minecraft) [CHAT] Player113 has made the advancement [Stone Age]
[04:34:47] [main/INFO] (Minecraft) Loaded 54 advancements
[04:34:47] [main/INFO] (Minecraft) [STDOUT]: ALTO CLEF: WARNING: T2 [E70] iron stall 6s @104,58 — clear blacklist + re-pick ore
[04:34:47] [main/INFO] (Minecraft) [CHAT] §2§l§o[TenorClef] §cT2 [E70] iron stall 6s @104,58 — clear blacklist + re-pick ore§r
[04:34:48] [main/INFO] (Minecraft) [CHAT] §2§l§o[TenorClef] §rT2 [NOW] t=0:39.8 ph=IRON @104,68,58 do=<Collecting 8 iron.: [[iron_ingot] x 8]>  eq=wooden_pickaxe woodpick=1 stonepick=0 pick=0 iron=0 buck=0
[04:34:48] [main/INFO] (Minecraft) [CHAT] §2§l§o[TenorClef] §rT2 [HIST] 0:39.8 SNAP ph=IRON @104,68,58 sky=10 wet=false ground=true pick=0 buck=0 iron=0 ore=0 rods=0 pearls=0 eyes=0 child=CollectIronIngotTask dbg=<Collecting 8 iron.: [[iron_ingot] x 8]>  mobs=none
[04:34:49] [main/INFO] (Minecraft) [CHAT] §2§l§o[TenorClef] §rT2 [NOW] t=0:40.8 ph=IRON @104,68,58 do=<Collecting 8 iron.: [[iron_ingot] x 8]>  eq=wooden_pickaxe woodpick=1 stonepick=0 pick=0 iron=0 buck=0
[04:34:50] [main/INFO] (Minecraft) [CHAT] §2§l§o[TenorClef] §rT2 [NOW] t=0:41.8 ph=IRON @104,67,58 do=<Collecting 8 iron.: [[iron_ingot] x 8]>  eq=wooden_pickaxe woodpick=1 stonepick=0 pick=0 iron=0 buck=0
[04:34:50] [main/INFO] (Minecraft) [CHAT] §2§l§o[TenorClef] §rT2 [HIST] 0:42.3 SNAP ph=IRON @104,67,58 sky=11 wet=false ground=true pick=0 buck=0 iron=0 ore=0 rods=0 pearls=0 eyes=0 child=CollectIronIngotTask dbg=<Collecting 8 iron.: [[iron_ingot] x 8]>  mobs=none
[04:34:51] [main/INFO] (Minecraft) [CHAT] §2§l§o[TenorClef] §rT2 [NOW] t=0:42.8 ph=IRON @104,66,58 do=<Collecting 8 iron.: [[iron_ingot] x 8]>  eq=wooden_pickaxe woodpick=1 stonepick=0 pick=0 iron=0 buck=0
[04:34:51] [main/INFO] (Minecraft) [STDOUT]: ALTO CLEF: WARNING: T2 [S120] craft-gui jump @104,66,58 child=CollectIronIngotTask
[04:34:51] [main/INFO] (Minecraft) [CHAT] §2§l§o[TenorClef] §cT2 [S120] craft-gui jump @104,66,58 child=CollectIronIngotTask§r
[04:34:51] [main/INFO] (Minecraft) [CHAT] §2§l§o[TenorClef] §rT2 [HIST] 0:43.1 SOLVE S120 craft-gui jump @104,66,58 child=CollectIronIngotTask
[04:34:51] [main/INFO] (Minecraft) [CHAT] §2§l§o[TenorClef] §rT2 [HIST] 0:43.1 WHY iron: smelt 8 in one furnace
[04:34:51] [Server thread/INFO] (Minecraft) Player113 has made the advancement [Getting an Upgrade]
[04:34:51] [main/INFO] (Minecraft) [CHAT] Player113 has made the advancement [Getting an Upgrade]
[04:34:51] [main/INFO] (Minecraft) Loaded 58 advancements
[04:34:51] [main/INFO] (Minecraft) [CHAT] §2§l§o[TenorClef] §rMineAndCollect: equip item.minecraft.stone_pickaxe for block.minecraft.iron_ore
[04:34:52] [main/INFO] (Minecraft) [CHAT] §2§l§o[TenorClef] §rT2 [NOW] t=0:43.8 ph=IRON @104,65,57 do=<Collecting 8 iron.: [[iron_ingot] x 8]>  eq=stone_pickaxe woodpick=1 stonepick=1 pick=0 iron=0 buck=0
[04:34:53] [main/INFO] (Minecraft) [CHAT] §2§l§o[TenorClef] §rT2 [NOW] t=0:44.8 ph=IRON @103,63,54 do=<Collecting 8 iron.: [[iron_ingot] x 8]>  eq=stone_pickaxe woodpick=1 stonepick=1 pick=0 iron=0 buck=0
[04:34:53] [main/INFO] (Minecraft) [CHAT] §2§l§o[TenorClef] §rT2 [HIST] 0:44.8 SNAP ph=IRON @103,63,54 sky=15 wet=false ground=true pick=0 buck=0 iron=0 ore=0 rods=0 pearls=0 eyes=0 child=CollectIronIngotTask dbg=<Collecting 8 iron.: [[iron_ingot] x 8]>  mobs=none
[04:34:54] [main/INFO] (Minecraft) [CHAT] §2§l§o[TenorClef] §rT2 [NOW] t=0:45.8 ph=IRON @103,62,54 do=<Collecting 8 iron.: [[iron_ingot] x 8]>  eq=stone_pickaxe woodpick=1 stonepick=1 pick=0 iron=0 buck=0
[04:34:55] [main/INFO] (Minecraft) [CHAT] §2§l§o[TenorClef] §rT2 [NOW] t=0:46.8 ph=IRON @103,61,54 do=<Collecting 8 iron.: [[iron_ingot] x 8]>  eq=stone_pickaxe woodpick=1 stonepick=1 pick=0 iron=0 buck=0
[04:34:55] [main/INFO] (Minecraft) [CHAT] §2§l§o[TenorClef] §rT2 [HIST] 0:47.3 SNAP ph=IRON @103,60,54 sky=15 wet=false ground=false pick=0 buck=0 iron=0 ore=0 rods=0 pearls=0 eyes=0 child=CollectIronIngotTask dbg=<Collecting 8 iron.: [[iron_ingot] x 8]>  mobs=none
[04:34:55] [main/INFO] (Minecraft) [STDOUT]: ALTO CLEF: WARNING: T2 [S100] stop jump-walk @103,54 ph=IRON child=CollectIronIngotTask esc=0
[04:34:55] [main/INFO] (Minecraft) [CHAT] §2§l§o[TenorClef] §cT2 [S100] stop jump-walk @103,54 ph=IRON child=CollectIronIngotTask esc=0§r
[04:34:55] [main/INFO] (Minecraft) [CHAT] §2§l§o[TenorClef] §rT2 [HIST] 0:47.4 SOLVE S100 stop jump-walk @103,54 ph=IRON child=CollectIronIngotTask esc=0
[04:34:55] [main/INFO] (Minecraft) [CHAT] §2§l§o[TenorClef] §rT2 [HIST] 0:47.4 WHY iron: smelt 8 in one furnace
[04:34:56] [main/INFO] (Minecraft) [CHAT] §2§l§o[TenorClef] §rT2 [NOW] t=0:47.8 ph=IRON @103,60,54 do=<Collecting 8 iron.: [[iron_ingot] x 8]>  eq=stone_pickaxe woodpick=1 stonepick=1 pick=0 iron=0 buck=0
[04:34:56] [main/INFO] (Minecraft) [STDOUT]: ALTO CLEF: WARNING: T2 [E100] jumps=6 @103,60,54 ph=IRON child=CollectIronIngotTask
[04:34:56] [main/INFO] (Minecraft) [CHAT] §2§l§o[TenorClef] §cT2 [E100] jumps=6 @103,60,54 ph=IRON child=CollectIronIngotTask§r
[04:34:56] [main/INFO] (Minecraft) [CHAT] §2§l§o[TenorClef] §rT2 [HIST] 0:48.6 [E100] jumps=6 @103,60,54 ph=IRON child=CollectIronIngotTask
[04:34:57] [main/INFO] (Minecraft) [CHAT] §2§l§o[TenorClef] §rT2 [NOW] t=0:48.8 ph=IRON @103,60,54 do=<Collecting 8 iron.: [[iron_ingot] x 8]>  eq=stone_pickaxe woodpick=1 stonepick=1 pick=0 iron=0 buck=0
[04:34:57] [main/INFO] (Minecraft) Loaded 60 advancements
[04:34:58] [main/INFO] (Minecraft) [CHAT] §2§l§o[TenorClef] §rT2 [NOW] t=0:49.8 ph=IRON @103,59,54 do=<Collecting 8 iron.: [[iron_ingot] x 8]>  eq=stone_pickaxe woodpick=1 stonepick=1 pick=0 iron=0 buck=0
[04:34:58] [main/INFO] (Minecraft) [CHAT] §2§l§o[TenorClef] §rT2 [HIST] 0:49.8 SNAP ph=IRON @103,59,54 sky=15 wet=false ground=true pick=0 buck=0 iron=0 ore=1 rods=0 pearls=0 eyes=0 child=CollectIronIngotTask dbg=<Collecting 8 iron.: [[iron_ingot] x 8]>  mobs=none
[04:34:59] [main/INFO] (Minecraft) [CHAT] §2§l§o[TenorClef] §rT2 [NOW] t=0:50.8 ph=IRON @103,58,54 do=<Collecting 8 iron.: [[iron_ingot] x 8]>  eq=stone_pickaxe woodpick=1 stonepick=1 pick=0 iron=0 buck=0
[04:34:59] [main/INFO] (Minecraft) [CHAT] §2§l§o[TenorClef] §rT2 [HIST] 0:51.5 WHY iron: smelt 8 in one furnace
[04:35:00] [main/INFO] (Minecraft) [CHAT] §2§l§o[TenorClef] §rT2 [NOW] t=0:51.8 ph=IRON @103,58,54 do=<Collecting 8 iron.: [[iron_ingot] x 8]>  eq=stone_pickaxe woodpick=1 stonepick=1 pick=0 iron=0 buck=0
[04:35:00] [main/INFO] (Minecraft) [CHAT] §2§l§o[TenorClef] §rT2 [HIST] 0:52.3 SNAP ph=IRON @103,58,54 sky=15 wet=false ground=true pick=0 buck=0 iron=0 ore=2 rods=0 pearls=0 eyes=0 child=CollectIronIngotTask dbg=<Collecting 8 iron.: [[iron_ingot] x 8]>  mobs=none
[04:35:01] [main/INFO] (Minecraft) [CHAT] §2§l§o[TenorClef] §rT2 [NOW] t=0:52.8 ph=IRON @103,58,54 do=<Collecting 8 iron.: [[iron_ingot] x 8]>  eq=stone_pickaxe woodpick=1 stonepick=1 pick=0 iron=0 buck=0
[04:35:02] [main/INFO] (Minecraft) [CHAT] §2§l§o[TenorClef] §rT2 [NOW] t=0:53.8 ph=IRON @103,58,54 do=<Collecting 8 iron.: [[iron_ingot] x 8]>  eq=stone_pickaxe woodpick=1 stonepick=1 pick=0 iron=0 buck=0
[04:35:03] [main/INFO] (Minecraft) [CHAT] §2§l§o[TenorClef] §rT2 [NOW] t=0:54.8 ph=IRON @103,58,54 do=<Collecting 8 iron.: [[iron_ingot] x 8]>  eq=stone_pickaxe woodpick=1 stonepick=1 pick=0 iron=0 buck=0
[04:35:03] [main/INFO] (Minecraft) [CHAT] §2§l§o[TenorClef] §rT2 [HIST] 0:54.8 SNAP ph=IRON @103,58,54 sky=15 wet=false ground=true pick=0 buck=0 iron=0 ore=4 rods=0 pearls=0 eyes=0 child=CollectIronIngotTask dbg=<Collecting 8 iron.: [[iron_ingot] x 8]>  mobs=none
[04:35:04] [main/INFO] (Minecraft) [CHAT] §2§l§o[TenorClef] §rT2 [NOW] t=0:55.8 ph=IRON @103,58,54 do=<Collecting 8 iron.: [[iron_ingot] x 8]>  eq=stone_pickaxe woodpick=1 stonepick=1 pick=0 iron=0 buck=0
[04:35:05] [main/INFO] (Minecraft) [CHAT] §2§l§o[TenorClef] §rT2 [NOW] t=0:56.8 ph=IRON @103,59,54 do=<Collecting 8 iron.: [[iron_ingot] x 8]>  eq=stone_pickaxe woodpick=1 stonepick=1 pick=0 iron=0 buck=0
[04:35:05] [main/INFO] (Minecraft) [STDOUT]: ALTO CLEF: WARNING: T2 [E100] jumps=6 @103,59,54 ph=IRON child=CollectIronIngotTask
[04:35:05] [main/INFO] (Minecraft) [CHAT] §2§l§o[TenorClef] §cT2 [E100] jumps=6 @103,59,54 ph=IRON child=CollectIronIngotTask§r
[04:35:05] [main/INFO] (Minecraft) [CHAT] §2§l§o[TenorClef] §rT2 [HIST] 0:56.8 [E100] jumps=6 @103,59,54 ph=IRON child=CollectIronIngotTask
[04:35:05] [main/INFO] (Minecraft) [STDOUT]: ALTO CLEF: WARNING: T2 [S100] stop jump-walk @103,54 ph=IRON child=CollectIronIngotTask esc=1
[04:35:05] [main/INFO] (Minecraft) [CHAT] §2§l§o[TenorClef] §cT2 [S100] stop jump-walk @103,54 ph=IRON child=CollectIronIngotTask esc=1§r
[04:35:05] [main/INFO] (Minecraft) [CHAT] §2§l§o[TenorClef] §rT2 [HIST] 0:56.8 SOLVE S100 stop jump-walk @103,54 ph=IRON child=CollectIronIngotTask esc=1
[04:35:05] [main/INFO] (Minecraft) [STDOUT]: ALTO CLEF: WARNING: T2 [S144] jump-stuck collector — replace CollectIronIngotTask with wander (esc=2)
[04:35:05] [main/INFO] (Minecraft) [CHAT] §2§l§o[TenorClef] §cT2 [S144] jump-stuck collector — replace CollectIronIngotTask with wander (esc=2)§r
[04:35:05] [main/INFO] (Minecraft) [CHAT] §2§l§o[TenorClef] §rT2 [HIST] 0:56.8 SOLVE S144 jump-stuck collector — replace CollectIronIngotTask with wander (esc=2)
[04:35:05] [main/INFO] (Minecraft) [CHAT] §2§l§o[TenorClef] §rT2 [HIST] 0:56.8 CHILD CollectIronIngotTask -> TimeoutWanderTask ph=IRON @103,59,54 sky=15 wet=false ground=true pick=0 buck=0 iron=0 ore=5 rods=0 pearls=0 eyes=0
[04:35:05] [pool-5-thread-4/INFO] (Minecraft) [STDOUT]: 522368 movements considered
[04:35:05] [pool-5-thread-4/INFO] (Minecraft) [STDOUT]: Open set size: 19195
[04:35:05] [pool-5-thread-4/INFO] (Minecraft) [STDOUT]: PathNode map size: 42937
[04:35:05] [pool-5-thread-4/INFO] (Minecraft) [STDOUT]: 47488 nodes per second
[04:35:05] [pool-5-thread-4/INFO] (Minecraft) [STDOUT]: Path goes for 73.65459931328118 blocks
[04:35:06] [main/INFO] (Minecraft) [CHAT] §2§l§o[TenorClef] §rT2 [NOW] t=0:57.8 ph=IRON @103,59,54 do=<Wander for Infinity blocks> Exploring. eq=stone_pickaxe woodpick=1 stonepick=1 pick=0 iron=0 buck=0
[04:35:06] [main/INFO] (Minecraft) [CHAT] §2§l§o[TenorClef] §rT2 [HIST] 0:57.8 SNAP ph=IRON @103,59,54 sky=15 wet=false ground=true pick=0 buck=0 iron=0 ore=5 rods=0 pearls=0 eyes=0 child=TimeoutWanderTask dbg=<Wander for Infinity blocks> Exploring. mobs=none
[04:35:07] [main/INFO] (Minecraft) [CHAT] §2§l§o[TenorClef] §rT2 [NOW] t=0:58.8 ph=IRON @103,59,54 do=<Wander for Infinity blocks> Exploring. eq=dirt woodpick=1 stonepick=1 pick=0 iron=0 buck=0
[04:35:08] [main/INFO] (Minecraft) [CHAT] §2§l§o[TenorClef] §rT2 [NOW] t=0:59.8 ph=IRON @103,60,54 do=<Wander for Infinity blocks> Exploring. eq=dirt woodpick=1 stonepick=1 pick=0 iron=0 buck=0
[04:35:08] [main/INFO] (Minecraft) [CHAT] §2§l§o[TenorClef] §rRefreshed inventory...
[04:35:08] [main/INFO] (Minecraft) [CHAT] §2§l§o[TenorClef] §rT2 [HB] t=1:00.6 ph=IRON y=61 child=TimeoutWanderTask logs=1 pick=0 woodpick=1
[04:35:09] [main/INFO] (Minecraft) [CHAT] §2§l§o[TenorClef] §rT2 [NOW] t=1:00.8 ph=IRON @103,61,54 do=<Wander for Infinity blocks> Exploring. eq=stone_pickaxe woodpick=1 stonepick=1 pick=0 iron=0 buck=0
[04:35:10] [main/INFO] (Minecraft) [CHAT] §2§l§o[TenorClef] §rT2 [NOW] t=1:01.8 ph=IRON @103,63,53 do=<Wander for Infinity blocks> Exploring. eq=stone_pickaxe woodpick=1 stonepick=1 pick=0 iron=0 buck=0
[04:35:11] [main/INFO] (Minecraft) [CHAT] §2§l§o[TenorClef] §rT2 [NOW] t=1:02.8 ph=IRON @104,64,51 do=<Wander for Infinity blocks> Exploring. eq=stone_pickaxe woodpick=1 stonepick=1 pick=0 iron=0 buck=0
[04:35:11] [main/INFO] (Minecraft) [CHAT] §2§l§o[TenorClef] §rT2 [HIST] 1:02.8 SNAP ph=IRON @104,64,51 sky=15 wet=false ground=true pick=0 buck=0 iron=0 ore=5 rods=0 pearls=0 eyes=0 child=TimeoutWanderTask dbg=<Wander for Infinity blocks> Exploring. mobs=none
[04:35:12] [main/INFO] (Minecraft) [CHAT] §2§l§o[TenorClef] §rT2 [NOW] t=1:03.8 ph=IRON @106,66,50 do=<Wander for Infinity blocks> Exploring. eq=stone_pickaxe woodpick=1 stonepick=1 pick=0 iron=0 buck=0
[04:35:13] [main/INFO] (Minecraft) [CHAT] §2§l§o[TenorClef] §rT2 [NOW] t=1:04.8 ph=IRON @105,65,46 do=<Wander for Infinity blocks> Exploring. eq=stone_pickaxe woodpick=1 stonepick=1 pick=0 iron=0 buck=0
[04:35:13] [main/INFO] (Minecraft) [CHAT] §2§l§o[TenorClef] §rT2 [HIST] 1:04.8 WHY iron: smelt 8 in one furnace
[04:35:13] [main/INFO] (Minecraft) [CHAT] §2§l§o[TenorClef] §rT2 [HIST] 1:04.8 CHILD TimeoutWanderTask -> CollectIronIngotTask ph=IRON @105,65,45 sky=15 wet=false ground=false pick=0 buck=0 iron=0 ore=5 rods=0 pearls=0 eyes=0
[04:35:14] [main/INFO] (Minecraft) [CHAT] §2§l§o[TenorClef] §rT2 [NOW] t=1:05.8 ph=IRON @106,65,41 do=<Collecting 8 iron.: [[iron_ingot] x 8]>  eq=birch_log woodpick=1 stonepick=1 pick=0 iron=0 buck=0
[04:35:14] [main/INFO] (Minecraft) [CHAT] §2§l§o[TenorClef] §rT2 [HIST] 1:06.3 SNAP ph=IRON @106,65,41 sky=15 wet=false ground=true pick=0 buck=0 iron=0 ore=5 rods=0 pearls=0 eyes=0 child=CollectIronIngotTask dbg=<Collecting 8 iron.: [[iron_ingot] x 8]>  mobs=none
[04:35:15] [main/INFO] (Minecraft) [CHAT] §2§l§o[TenorClef] §rT2 [NOW] t=1:06.8 ph=IRON @106,65,41 do=<Collecting 8 iron.: [[iron_ingot] x 8]>  eq=birch_log woodpick=1 stonepick=1 pick=0 iron=0 buck=0
[04:35:16] [main/INFO] (Minecraft) [CHAT] §2§l§o[TenorClef] §rT2 [HB] t=1:07.7 ph=IRON y=64 child=CollectIronIngotTask logs=1 pick=0 woodpick=1
[04:35:16] [main/INFO] (Minecraft) [CHAT] §2§l§o[TenorClef] §rT2 [NOW] t=1:07.8 ph=IRON @106,64,41 do=<Collecting 8 iron.: [[iron_ingot] x 8]>  eq=birch_log woodpick=1 stonepick=1 pick=0 iron=0 buck=0
[04:35:17] [main/INFO] (Minecraft) [CHAT] §2§l§o[TenorClef] §rT2 [NOW] t=1:08.8 ph=IRON @106,63,41 do=<Collecting 8 iron.: [[iron_ingot] x 8]>  eq=stone_pickaxe woodpick=1 stonepick=1 pick=0 iron=0 buck=0
[04:35:17] [main/INFO] (Minecraft) [CHAT] §2§l§o[TenorClef] §rT2 [HIST] 1:08.8 SNAP ph=IRON @106,63,41 sky=15 wet=false ground=true pick=0 buck=0 iron=0 ore=5 rods=0 pearls=0 eyes=0 child=CollectIronIngotTask dbg=<Collecting 8 iron.: [[iron_ingot] x 8]>  mobs=none
[04:35:17] [main/INFO] (Minecraft) [STDOUT]: ALTO CLEF: WARNING: T2 [S100] stop jump-walk @106,41 ph=IRON child=CollectIronIngotTask esc=0
[04:35:17] [main/INFO] (Minecraft) [CHAT] §2§l§o[TenorClef] §cT2 [S100] stop jump-walk @106,41 ph=IRON child=CollectIronIngotTask esc=0§r
[04:35:17] [main/INFO] (Minecraft) [CHAT] §2§l§o[TenorClef] §rT2 [HIST] 1:09.1 SOLVE S100 stop jump-walk @106,41 ph=IRON child=CollectIronIngotTask esc=0
[04:35:17] [main/INFO] (Minecraft) [CHAT] §2§l§o[TenorClef] §rT2 [HIST] 1:09.1 WHY iron: smelt 8 in one furnace
[04:35:18] [main/INFO] (Minecraft) [CHAT] §2§l§o[TenorClef] §rT2 [NOW] t=1:09.8 ph=IRON @106,62,41 do=<Collecting 8 iron.: [[iron_ingot] x 8]>  eq=stone_pickaxe woodpick=1 stonepick=1 pick=0 iron=0 buck=0
[04:35:18] [main/INFO] (Minecraft) [STDOUT]: ALTO CLEF: WARNING: T2 [E100] jumps=6 @106,62,41 ph=IRON child=CollectIronIngotTask
[04:35:18] [main/INFO] (Minecraft) [CHAT] §2§l§o[TenorClef] §cT2 [E100] jumps=6 @106,62,41 ph=IRON child=CollectIronIngotTask§r
[04:35:18] [main/INFO] (Minecraft) [CHAT] §2§l§o[TenorClef] §rT2 [HIST] 1:09.8 [E100] jumps=6 @106,62,41 ph=IRON child=CollectIronIngotTask
[04:35:19] [main/INFO] (Minecraft) [CHAT] §2§l§o[TenorClef] §rT2 [NOW] t=1:10.8 ph=IRON @106,60,41 do=<Collecting 8 iron.: [[iron_ingot] x 8]>  eq=stone_pickaxe woodpick=1 stonepick=1 pick=0 iron=0 buck=0
[04:35:19] [main/INFO] (Minecraft) [STDOUT]: ALTO CLEF: WARNING: T2 [E70] iron stall 6s @106,41 — clear blacklist + re-pick ore
[04:35:19] [main/INFO] (Minecraft) [CHAT] §2§l§o[TenorClef] §cT2 [E70] iron stall 6s @106,41 — clear blacklist + re-pick ore§r
[04:35:19] [main/INFO] (Minecraft) [CHAT] §2§l§o[TenorClef] §rT2 [HIST] 1:11.3 SNAP ph=IRON @106,60,41 sky=15 wet=false ground=true pick=0 buck=0 iron=0 ore=5 rods=0 pearls=0 eyes=0 child=CollectIronIngotTask dbg=<Collecting 8 iron.: [[iron_ingot] x 8]>  mobs=none
[04:35:20] [main/INFO] (Minecraft) [CHAT] §2§l§o[TenorClef] §rT2 [NOW] t=1:11.8 ph=IRON @106,59,41 do=<Collecting 8 iron.: [[iron_ingot] x 8]>  eq=stone_pickaxe woodpick=1 stonepick=1 pick=0 iron=0 buck=0
[04:35:20] [main/INFO] (Minecraft) [CHAT] §2§l§o[TenorClef] §rT2 [HIST] 1:11.8 [E100] jumps=6 @106,59,41 ph=IRON child=CollectIronIngotTask
[04:35:20] [main/INFO] (Minecraft) [STDOUT]: ALTO CLEF: WARNING: T2 [S144] jump-stuck collector — replace CollectIronIngotTask with wander (esc=2)
[04:35:20] [main/INFO] (Minecraft) [CHAT] §2§l§o[TenorClef] §cT2 [S144] jump-stuck collector — replace CollectIronIngotTask with wander (esc=2)§r
[04:35:20] [main/INFO] (Minecraft) [CHAT] §2§l§o[TenorClef] §rT2 [HIST] 1:11.8 SOLVE S144 jump-stuck collector — replace CollectIronIngotTask with wander (esc=2)
[04:35:20] [main/INFO] (Minecraft) [CHAT] §2§l§o[TenorClef] §rT2 [HIST] 1:11.8 CHILD CollectIronIngotTask -> TimeoutWanderTask ph=IRON @106,59,41 sky=15 wet=false ground=true pick=0 buck=0 iron=0 ore=5 rods=0 pearls=0 eyes=0
[04:35:20] [pool-5-thread-4/INFO] (Minecraft) [STDOUT]: 620928 movements considered
[04:35:20] [pool-5-thread-4/INFO] (Minecraft) [STDOUT]: Open set size: 20473
[04:35:20] [pool-5-thread-4/INFO] (Minecraft) [STDOUT]: PathNode map size: 48696
[04:35:20] [pool-5-thread-4/INFO] (Minecraft) [STDOUT]: 56335 nodes per second
[04:35:20] [pool-5-thread-4/INFO] (Minecraft) [STDOUT]: Path goes for 104.88565202161828 blocks
[04:35:21] [main/INFO] (Minecraft) [CHAT] §2§l§o[TenorClef] §rT2 [NOW] t=1:12.8 ph=IRON @106,60,41 do=<Wander for Infinity blocks> Exploring. eq=dirt woodpick=1 stonepick=1 pick=0 iron=0 buck=0
[04:35:22] [main/INFO] (Minecraft) [CHAT] §2§l§o[TenorClef] §rT2 [HB] t=1:13.7 ph=IRON y=62 child=TimeoutWanderTask logs=1 pick=0 woodpick=1
[04:35:22] [main/INFO] (Minecraft) [CHAT] §2§l§o[TenorClef] §rT2 [HIST] 1:13.7 [E100] jumps=6 @106,62,41 ph=IRON child=TimeoutWanderTask
[04:35:22] [main/INFO] (Minecraft) [CHAT] §2§l§o[TenorClef] §rT2 [NOW] t=1:13.8 ph=IRON @106,62,41 do=<Wander for Infinity blocks> Exploring. eq=birch_log woodpick=1 stonepick=1 pick=0 iron=0 buck=0
[04:35:23] [main/INFO] (Minecraft) [CHAT] §2§l§o[TenorClef] §rT2 [NOW] t=1:14.8 ph=IRON @106,63,41 do=<Wander for Infinity blocks> Exploring. eq=birch_log woodpick=1 stonepick=1 pick=0 iron=0 buck=0
[04:35:24] [main/INFO] (Minecraft) [CHAT] §2§l§o[TenorClef] §rT2 [HIST] 1:15.7 SNAP ph=IRON @104,64,40 sky=15 wet=false ground=true pick=0 buck=0 iron=0 ore=5 rods=0 pearls=0 eyes=0 child=TimeoutWanderTask dbg=<Wander for Infinity blocks> Exploring. mobs=none
[04:35:24] [main/INFO] (Minecraft) [CHAT] §2§l§o[TenorClef] §rT2 [NOW] t=1:15.8 ph=IRON @104,64,40 do=<Wander for Infinity blocks> Exploring. eq=birch_log woodpick=1 stonepick=1 pick=0 iron=0 buck=0
[04:35:25] [main/INFO] (Minecraft) [CHAT] §2§l§o[TenorClef] §rT2 [NOW] t=1:16.8 ph=IRON @100,64,38 do=<Wander for Infinity blocks> Exploring. eq=birch_log woodpick=1 stonepick=1 pick=0 iron=0 buck=0
[04:35:26] [main/INFO] (Minecraft) [CHAT] §2§l§o[TenorClef] §rT2 [NOW] t=1:17.8 ph=IRON @95,64,38 do=<Wander for Infinity blocks> Exploring. eq=birch_log woodpick=1 stonepick=1 pick=0 iron=0 buck=0
[04:35:26] [pool-5-thread-4/INFO] (Minecraft) [STDOUT]: 530816 movements considered
[04:35:26] [pool-5-thread-4/INFO] (Minecraft) [STDOUT]: Open set size: 17556
[04:35:26] [pool-5-thread-4/INFO] (Minecraft) [STDOUT]: PathNode map size: 41683
[04:35:26] [pool-5-thread-4/INFO] (Minecraft) [STDOUT]: 48063 nodes per second
[04:35:26] [pool-5-thread-4/INFO] (Minecraft) [STDOUT]: Path goes for 83.19254774317228 blocks
[04:35:27] [main/INFO] (Minecraft) [CHAT] §2§l§o[TenorClef] §rT2 [NOW] t=1:18.8 ph=IRON @94,64,38 do=<Wander for Infinity blocks> Exploring. eq=birch_log woodpick=1 stonepick=1 pick=0 iron=0 buck=0
[04:35:27] [pool-5-thread-4/INFO] (Minecraft) [STDOUT]: 567424 movements considered
[04:35:27] [pool-5-thread-4/INFO] (Minecraft) [STDOUT]: Open set size: 19176
[04:35:27] [pool-5-thread-4/INFO] (Minecraft) [STDOUT]: PathNode map size: 44966
[04:35:27] [pool-5-thread-4/INFO] (Minecraft) [STDOUT]: 51481 nodes per second
[04:35:27] [pool-5-thread-4/INFO] (Minecraft) [STDOUT]: Path goes for 112.16059914247963 blocks
[04:35:28] [main/INFO] (Minecraft) [CHAT] §2§l§o[TenorClef] §rT2 [NOW] t=1:19.8 ph=IRON @95,63,35 do=<Wander for Infinity blocks> Exploring. eq=birch_log woodpick=1 stonepick=1 pick=0 iron=0 buck=0
[04:35:28] [main/INFO] (Minecraft) [CHAT] §2§l§o[TenorClef] §rT2 [HIST] 1:19.9 WHY iron: smelt 8 in one furnace
[04:35:28] [main/INFO] (Minecraft) [CHAT] §2§l§o[TenorClef] §rT2 [HIST] 1:19.9 CHILD TimeoutWanderTask -> CollectIronIngotTask ph=IRON @95,63,34 sky=15 wet=false ground=true pick=0 buck=0 iron=0 ore=5 rods=0 pearls=0 eyes=0
[04:35:28] [main/INFO] (Minecraft) [CHAT] §2§l§o[TenorClef] §rT2 [HIST] 1:20.3 SNAP ph=IRON @96,63,36 sky=15 wet=false ground=true pick=0 buck=0 iron=0 ore=5 rods=0 pearls=0 eyes=0 child=CollectIronIngotTask dbg=<Collecting 8 iron.: [[iron_ingot] x 8]>  mobs=none
[04:35:29] [main/INFO] (Minecraft) [CHAT] §2§l§o[TenorClef] §rT2 [NOW] t=1:20.8 ph=IRON @96,64,37 do=<Collecting 8 iron.: [[iron_ingot] x 8]>  eq=stone_pickaxe woodpick=1 stonepick=1 pick=0 iron=0 buck=0
[04:35:30] [main/INFO] (Minecraft) [CHAT] §2§l§o[TenorClef] §rT2 [NOW] t=1:21.8 ph=IRON @96,64,38 do=<Collecting 8 iron.: [[iron_ingot] x 8]>  eq=birch_log woodpick=1 stonepick=1 pick=0 iron=0 buck=0
[04:35:30] [main/INFO] (Minecraft) [CHAT] §2§l§o[TenorClef] §rT2 [HB] t=1:21.8 ph=IRON y=64 child=CollectIronIngotTask logs=1 pick=0 woodpick=1
[04:35:31] [main/INFO] (Minecraft) [CHAT] §2§l§o[TenorClef] §rT2 [NOW] t=1:22.8 ph=IRON @96,63,38 do=<Collecting 8 iron.: [[iron_ingot] x 8]>  eq=birch_log woodpick=1 stonepick=1 pick=0 iron=0 buck=0
[04:35:31] [main/INFO] (Minecraft) [CHAT] §2§l§o[TenorClef] §rT2 [HIST] 1:22.8 SNAP ph=IRON @96,63,38 sky=15 wet=false ground=true pick=0 buck=0 iron=0 ore=5 rods=0 pearls=0 eyes=0 child=CollectIronIngotTask dbg=<Collecting 8 iron.: [[iron_ingot] x 8]>  mobs=none
[04:35:32] [main/INFO] (Minecraft) [CHAT] §2§l§o[TenorClef] §rT2 [NOW] t=1:23.8 ph=IRON @96,62,38 do=<Collecting 8 iron.: [[iron_ingot] x 8]>  eq=birch_log woodpick=1 stonepick=1 pick=0 iron=0 buck=0
[04:35:32] [main/INFO] (Minecraft) [STDOUT]: ALTO CLEF: WARNING: T2 [S100] stop jump-walk @96,38 ph=IRON child=CollectIronIngotTask esc=0
[04:35:32] [main/INFO] (Minecraft) [CHAT] §2§l§o[TenorClef] §cT2 [S100] stop jump-walk @96,38 ph=IRON child=CollectIronIngotTask esc=0§r
[04:35:32] [main/INFO] (Minecraft) [CHAT] §2§l§o[TenorClef] §rT2 [HIST] 1:24.3 SOLVE S100 stop jump-walk @96,38 ph=IRON child=CollectIronIngotTask esc=0
[04:35:32] [main/INFO] (Minecraft) [CHAT] §2§l§o[TenorClef] §rT2 [HIST] 1:24.3 WHY iron: smelt 8 in one furnace
[04:35:33] [main/INFO] (Minecraft) [CHAT] §2§l§o[TenorClef] §rT2 [NOW] t=1:24.8 ph=IRON @96,61,38 do=<Collecting 8 iron.: [[iron_ingot] x 8]>  eq=stone_pickaxe woodpick=1 stonepick=1 pick=0 iron=0 buck=0
[04:35:33] [main/INFO] (Minecraft) [STDOUT]: ALTO CLEF: WARNING: T2 [E100] jumps=6 @96,61,38 ph=IRON child=CollectIronIngotTask
[04:35:33] [main/INFO] (Minecraft) [CHAT] §2§l§o[TenorClef] §cT2 [E100] jumps=6 @96,61,38 ph=IRON child=CollectIronIngotTask§r
[04:35:33] [main/INFO] (Minecraft) [CHAT] §2§l§o[TenorClef] §rT2 [HIST] 1:24.9 [E100] jumps=6 @96,61,38 ph=IRON child=CollectIronIngotTask
[04:35:33] [main/INFO] (Minecraft) [CHAT] §2§l§o[TenorClef] §rT2 [HIST] 1:25.3 SNAP ph=IRON @96,60,38 sky=15 wet=false ground=false pick=0 buck=0 iron=0 ore=5 rods=0 pearls=0 eyes=0 child=CollectIronIngotTask dbg=<Collecting 8 iron.: [[iron_ingot] x 8]>  mobs=none
[04:35:34] [main/INFO] (Minecraft) [CHAT] §2§l§o[TenorClef] §rT2 [NOW] t=1:25.8 ph=IRON @96,60,38 do=<Collecting 8 iron.: [[iron_ingot] x 8]>  eq=stone_pickaxe woodpick=1 stonepick=1 pick=0 iron=0 buck=0
[04:35:34] [main/INFO] (Minecraft) [STDOUT]: ALTO CLEF: WARNING: T2 [E70] iron stall 6s @96,38 — clear blacklist + re-pick ore
[04:35:34] [main/INFO] (Minecraft) [CHAT] §2§l§o[TenorClef] §cT2 [E70] iron stall 6s @96,38 — clear blacklist + re-pick ore§r
[04:35:35] [main/INFO] (Minecraft) [CHAT] §2§l§o[TenorClef] §rT2 [NOW] t=1:26.8 ph=IRON @96,59,38 do=<Collecting 8 iron.: [[iron_ingot] x 8]>  eq=stone_pickaxe woodpick=1 stonepick=1 pick=0 iron=0 buck=0
[04:35:35] [main/INFO] (Minecraft) [CHAT] §2§l§o[TenorClef] §rT2 [HIST] 1:27.2 [E100] jumps=6 @96,58,38 ph=IRON child=CollectIronIngotTask
[04:35:35] [main/INFO] (Minecraft) [STDOUT]: ALTO CLEF: WARNING: T2 [S144] jump-stuck collector — replace CollectIronIngotTask with wander (esc=2)
[04:35:35] [main/INFO] (Minecraft) [CHAT] §2§l§o[TenorClef] §cT2 [S144] jump-stuck collector — replace CollectIronIngotTask with wander (esc=2)§r
[04:35:35] [main/INFO] (Minecraft) [CHAT] §2§l§o[TenorClef] §rT2 [HIST] 1:27.2 SOLVE S144 jump-stuck collector — replace CollectIronIngotTask with wander (esc=2)
[04:35:35] [main/INFO] (Minecraft) [CHAT] §2§l§o[TenorClef] §rT2 [HIST] 1:27.2 CHILD CollectIronIngotTask -> TimeoutWanderTask ph=IRON @96,58,38 sky=15 wet=false ground=true pick=0 buck=0 iron=0 ore=5 rods=0 pearls=0 eyes=0
[04:35:36] [pool-5-thread-4/INFO] (Minecraft) [STDOUT]: 781440 movements considered
[04:35:36] [pool-5-thread-4/INFO] (Minecraft) [STDOUT]: Open set size: 24296
[04:35:36] [pool-5-thread-4/INFO] (Minecraft) [STDOUT]: PathNode map size: 59815
[04:35:36] [pool-5-thread-4/INFO] (Minecraft) [STDOUT]: 70898 nodes per second
[04:35:36] [pool-5-thread-4/INFO] (Minecraft) [STDOUT]: Path goes for 117.22201158485551 blocks
[04:35:36] [main/INFO] (Minecraft) [CHAT] §2§l§o[TenorClef] §rT2 [NOW] t=1:27.8 ph=IRON @96,58,38 do=<Wander for Infinity blocks> Exploring. eq=stone_pickaxe woodpick=1 stonepick=1 pick=0 iron=0 buck=0
[04:35:36] [main/INFO] (Minecraft) [CHAT] §2§l§o[TenorClef] §rT2 [HIST] 1:28.3 SNAP ph=IRON @96,59,38 sky=15 wet=false ground=false pick=0 buck=0 iron=0 ore=5 rods=0 pearls=0 eyes=0 child=TimeoutWanderTask dbg=<Wander for Infinity blocks> Exploring. mobs=none
[04:35:37] [main/INFO] (Minecraft) [CHAT] §2§l§o[TenorClef] §rT2 [NOW] t=1:28.8 ph=IRON @96,60,38 do=<Wander for Infinity blocks> Exploring. eq=dirt woodpick=1 stonepick=1 pick=0 iron=0 buck=0
[04:35:37] [main/INFO] (Minecraft) [CHAT] §2§l§o[TenorClef] §rT2 [HIST] 1:29.2 [E100] jumps=6 @96,61,38 ph=IRON child=TimeoutWanderTask
[04:35:38] [main/INFO] (Minecraft) [CHAT] §2§l§o[TenorClef] §rT2 [NOW] t=1:29.8 ph=IRON @96,61,38 do=<Wander for Infinity blocks> Exploring. eq=birch_log woodpick=1 stonepick=1 pick=0 iron=0 buck=0
[04:35:39] [main/INFO] (Minecraft) [CHAT] §2§l§o[TenorClef] §rT2 [NOW] t=1:30.8 ph=IRON @96,61,38 do=<Wander for Infinity blocks> Exploring. eq=birch_log woodpick=1 stonepick=1 pick=0 iron=0 buck=0
[04:35:39] [main/INFO] (Minecraft) [CHAT] §2§l§o[TenorClef] §rRefreshed inventory...
[04:35:40] [main/INFO] (Minecraft) [CHAT] §2§l§o[TenorClef] §rT2 [NOW] t=1:31.8 ph=IRON @96,63,37 do=<Wander for Infinity blocks> Exploring. eq=birch_log woodpick=1 stonepick=1 pick=0 iron=0 buck=0
[04:35:41] [main/INFO] (Minecraft) [CHAT] §2§l§o[TenorClef] §rT2 [NOW] t=1:32.8 ph=IRON @95,63,32 do=<Wander for Infinity blocks> Exploring. eq=birch_log woodpick=1 stonepick=1 pick=0 iron=0 buck=0
[04:35:41] [main/INFO] (Minecraft) [CHAT] §2§l§o[TenorClef] §rT2 [HIST] 1:33.3 SNAP ph=IRON @95,65,31 sky=15 wet=false ground=false pick=0 buck=0 iron=0 ore=5 rods=0 pearls=0 eyes=0 child=TimeoutWanderTask dbg=<Wander for Infinity blocks> Exploring. mobs=none
[04:35:42] [main/INFO] (Minecraft) [CHAT] §2§l§o[TenorClef] §rT2 [NOW] t=1:33.8 ph=IRON @95,65,30 do=<Wander for Infinity blocks> Exploring. eq=birch_log woodpick=1 stonepick=1 pick=0 iron=0 buck=0
[04:35:42] [pool-5-thread-4/INFO] (Minecraft) [STDOUT]: 608256 movements considered
[04:35:42] [pool-5-thread-4/INFO] (Minecraft) [STDOUT]: Open set size: 20117
[04:35:42] [pool-5-thread-4/INFO] (Minecraft) [STDOUT]: PathNode map size: 47764
[04:35:42] [pool-5-thread-4/INFO] (Minecraft) [STDOUT]: 55296 nodes per second
[04:35:42] [pool-5-thread-4/INFO] (Minecraft) [STDOUT]: Path goes for 112.00892821556681 blocks
[04:35:43] [main/INFO] (Minecraft) [CHAT] §2§l§o[TenorClef] §rT2 [NOW] t=1:34.8 ph=IRON @95,66,30 do=<Wander for Infinity blocks> Exploring. eq=birch_log woodpick=1 stonepick=1 pick=0 iron=0 buck=0
[04:35:43] [pool-5-thread-4/INFO] (Minecraft) [STDOUT]: 767360 movements considered
[04:35:43] [pool-5-thread-4/INFO] (Minecraft) [STDOUT]: Open set size: 22538
[04:35:43] [pool-5-thread-4/INFO] (Minecraft) [STDOUT]: PathNode map size: 57417
[04:35:43] [pool-5-thread-4/INFO] (Minecraft) [STDOUT]: 69760 nodes per second
[04:35:43] [pool-5-thread-4/INFO] (Minecraft) [STDOUT]: Path goes for 111.02252023801297 blocks
[04:35:43] [main/INFO] (Minecraft) [CHAT] §2§l§o[TenorClef] §rT2 [HIST] 1:35.3 WHY iron: smelt 8 in one furnace
[04:35:43] [main/INFO] (Minecraft) [CHAT] §2§l§o[TenorClef] §rT2 [HIST] 1:35.3 CHILD TimeoutWanderTask -> CollectIronIngotTask ph=IRON @95,67,29 sky=14 wet=false ground=false pick=0 buck=0 iron=0 ore=5 rods=0 pearls=0 eyes=0
[04:35:44] [main/INFO] (Minecraft) [CHAT] §2§l§o[TenorClef] §rT2 [NOW] t=1:35.8 ph=IRON @95,66,29 do=<Collecting 8 iron.: [[iron_ingot] x 8]>  eq=stone_pickaxe woodpick=1 stonepick=1 pick=0 iron=0 buck=0
[04:35:44] [main/INFO] (Minecraft) [CHAT] §2§l§o[TenorClef] §rT2 [HB] t=1:35.8 ph=IRON y=66 child=CollectIronIngotTask logs=1 pick=0 woodpick=1
[04:35:45] [main/INFO] (Minecraft) [CHAT] §2§l§o[TenorClef] §rT2 [NOW] t=1:36.8 ph=IRON @96,68,28 do=<Collecting 8 iron.: [[iron_ingot] x 8]>  eq=stone_pickaxe woodpick=1 stonepick=1 pick=0 iron=0 buck=0
[04:35:45] [main/INFO] (Minecraft) [CHAT] §2§l§o[TenorClef] §rT2 [HIST] 1:36.8 SNAP ph=IRON @96,68,28 sky=13 wet=false ground=false pick=0 buck=0 iron=0 ore=5 rods=0 pearls=0 eyes=0 child=CollectIronIngotTask dbg=<Collecting 8 iron.: [[iron_ingot] x 8]>  mobs=none
[04:35:46] [main/INFO] (Minecraft) [CHAT] §2§l§o[TenorClef] §rT2 [NOW] t=1:37.8 ph=IRON @97,68,25 do=<Collecting 8 iron.: [[iron_ingot] x 8]>  eq=birch_log woodpick=1 stonepick=1 pick=0 iron=0 buck=0
[04:35:47] [main/INFO] (Minecraft) [CHAT] §2§l§o[TenorClef] §rT2 [NOW] t=1:38.8 ph=IRON @97,69,24 do=<Collecting 8 iron.: [[iron_ingot] x 8]>  eq=stone_pickaxe woodpick=1 stonepick=1 pick=0 iron=0 buck=0
[04:35:47] [main/INFO] (Minecraft) [CHAT] §2§l§o[TenorClef] §rT2 [HIST] 1:39.3 SNAP ph=IRON @97,69,21 sky=15 wet=false ground=true pick=0 buck=0 iron=0 ore=5 rods=0 pearls=0 eyes=0 child=CollectIronIngotTask dbg=<Collecting 8 iron.: [[iron_ingot] x 8]>  mobs=none
[04:35:48] [main/INFO] (Minecraft) [CHAT] §2§l§o[TenorClef] §rT2 [NOW] t=1:39.8 ph=IRON @96,69,19 do=<Collecting 8 iron.: [[iron_ingot] x 8]>  eq=birch_log woodpick=1 stonepick=1 pick=0 iron=0 buck=0
[04:35:49] [main/INFO] (Minecraft) [CHAT] §2§l§o[TenorClef] §rT2 [NOW] t=1:40.8 ph=IRON @96,69,19 do=<Collecting 8 iron.: [[iron_ingot] x 8]>  eq=birch_log woodpick=1 stonepick=1 pick=0 iron=0 buck=0
[04:35:49] [main/INFO] (Minecraft) [CHAT] §2§l§o[TenorClef] §rT2 [HB] t=1:40.8 ph=IRON y=69 child=CollectIronIngotTask logs=1 pick=0 woodpick=1
[04:35:50] [main/INFO] (Minecraft) [CHAT] §2§l§o[TenorClef] §rT2 [NOW] t=1:41.8 ph=IRON @96,68,19 do=<Collecting 8 iron.: [[iron_ingot] x 8]>  eq=birch_log woodpick=1 stonepick=1 pick=0 iron=0 buck=0
[04:35:50] [main/INFO] (Minecraft) [CHAT] §2§l§o[TenorClef] §rT2 [HIST] 1:41.8 SNAP ph=IRON @96,68,19 sky=15 wet=false ground=true pick=0 buck=0 iron=0 ore=5 rods=0 pearls=0 eyes=0 child=CollectIronIngotTask dbg=<Collecting 8 iron.: [[iron_ingot] x 8]>  mobs=none
[04:35:51] [main/INFO] (Minecraft) [CHAT] §2§l§o[TenorClef] §rT2 [NOW] t=1:42.8 ph=IRON @96,67,19 do=<Collecting 8 iron.: [[iron_ingot] x 8]>  eq=birch_log woodpick=1 stonepick=1 pick=0 iron=0 buck=0
[04:35:51] [main/INFO] (Minecraft) [STDOUT]: ALTO CLEF: WARNING: T2 [S100] stop jump-walk @96,19 ph=IRON child=CollectIronIngotTask esc=0
[04:35:51] [main/INFO] (Minecraft) [CHAT] §2§l§o[TenorClef] §cT2 [S100] stop jump-walk @96,19 ph=IRON child=CollectIronIngotTask esc=0§r
[04:35:51] [main/INFO] (Minecraft) [CHAT] §2§l§o[TenorClef] §rT2 [HIST] 1:43.2 SOLVE S100 stop jump-walk @96,19 ph=IRON child=CollectIronIngotTask esc=0
[04:35:51] [main/INFO] (Minecraft) [CHAT] §2§l§o[TenorClef] §rT2 [HIST] 1:43.2 WHY iron: smelt 8 in one furnace
[04:35:51] [main/INFO] (Minecraft) [STDOUT]: ALTO CLEF: WARNING: T2 [E100] jumps=6 @96,66,19 ph=IRON child=CollectIronIngotTask
[04:35:51] [main/INFO] (Minecraft) [CHAT] §2§l§o[TenorClef] §cT2 [E100] jumps=6 @96,66,19 ph=IRON child=CollectIronIngotTask§r
[04:35:51] [main/INFO] (Minecraft) [CHAT] §2§l§o[TenorClef] §rT2 [HIST] 1:43.6 [E100] jumps=6 @96,66,19 ph=IRON child=CollectIronIngotTask
[04:35:52] [main/INFO] (Minecraft) [CHAT] §2§l§o[TenorClef] §rT2 [NOW] t=1:43.8 ph=IRON @96,66,19 do=<Collecting 8 iron.: [[iron_ingot] x 8]>  eq=stone_pickaxe woodpick=1 stonepick=1 pick=0 iron=0 buck=0
[04:35:52] [main/INFO] (Minecraft) [CHAT] §2§l§o[TenorClef] §rT2 [HIST] 1:44.3 SNAP ph=IRON @96,65,19 sky=15 wet=false ground=true pick=0 buck=0 iron=0 ore=5 rods=0 pearls=0 eyes=0 child=CollectIronIngotTask dbg=<Collecting 8 iron.: [[iron_ingot] x 8]>  mobs=none
[04:35:53] [main/INFO] (Minecraft) [CHAT] §2§l§o[TenorClef] §rT2 [NOW] t=1:44.8 ph=IRON @96,65,19 do=<Collecting 8 iron.: [[iron_ingot] x 8]>  eq=stone_pickaxe woodpick=1 stonepick=1 pick=0 iron=0 buck=0
[04:35:53] [main/INFO] (Minecraft) [STDOUT]: ALTO CLEF: WARNING: T2 [E70] iron stall 6s @96,19 — clear blacklist + re-pick ore
[04:35:53] [main/INFO] (Minecraft) [CHAT] §2§l§o[TenorClef] §cT2 [E70] iron stall 6s @96,19 — clear blacklist + re-pick ore§r
[04:35:54] [main/INFO] (Minecraft) [CHAT] §2§l§o[TenorClef] §rT2 [NOW] t=1:45.8 ph=IRON @96,64,19 do=<Collecting 8 iron.: [[iron_ingot] x 8]>  eq=stone_pickaxe woodpick=1 stonepick=1 pick=0 iron=0 buck=0
[04:35:55] [main/INFO] (Minecraft) [CHAT] §2§l§o[TenorClef] §rT2 [HIST] 1:46.7 [E100] jumps=6 @96,63,19 ph=IRON child=CollectIronIngotTask
[04:35:55] [main/INFO] (Minecraft) [STDOUT]: ALTO CLEF: WARNING: T2 [S144] jump-stuck collector — replace CollectIronIngotTask with wander (esc=2)
[04:35:55] [main/INFO] (Minecraft) [CHAT] §2§l§o[TenorClef] §cT2 [S144] jump-stuck collector — replace CollectIronIngotTask with wander (esc=2)§r
[04:35:55] [main/INFO] (Minecraft) [CHAT] §2§l§o[TenorClef] §rT2 [HIST] 1:46.7 SOLVE S144 jump-stuck collector — replace CollectIronIngotTask with wander (esc=2)
[04:35:55] [main/INFO] (Minecraft) [CHAT] §2§l§o[TenorClef] §rT2 [HIST] 1:46.7 CHILD CollectIronIngotTask -> TimeoutWanderTask ph=IRON @96,63,19 sky=15 wet=false ground=true pick=0 buck=0 iron=0 ore=5 rods=0 pearls=0 eyes=0
[04:35:55] [main/INFO] (Minecraft) [CHAT] §2§l§o[TenorClef] §rT2 [NOW] t=1:46.8 ph=IRON @96,63,19 do=<Wander for Infinity blocks> Exploring. eq=stone_pickaxe woodpick=1 stonepick=1 pick=0 iron=0 buck=0
[04:35:55] [main/INFO] (Minecraft) [CHAT] §2§l§o[TenorClef] §rT2 [HIST] 1:46.9 SNAP ph=IRON @96,63,19 sky=15 wet=false ground=true pick=0 buck=0 iron=0 ore=5 rods=0 pearls=0 eyes=0 child=TimeoutWanderTask dbg=<Wander for Infinity blocks> Exploring. mobs=none
[04:35:55] [pool-5-thread-4/INFO] (Minecraft) [STDOUT]: 742016 movements considered
[04:35:55] [pool-5-thread-4/INFO] (Minecraft) [STDOUT]: Open set size: 19888
[04:35:55] [pool-5-thread-4/INFO] (Minecraft) [STDOUT]: PathNode map size: 53614
[04:35:55] [pool-5-thread-4/INFO] (Minecraft) [STDOUT]: 67321 nodes per second
[04:35:55] [pool-5-thread-4/INFO] (Minecraft) [STDOUT]: Path goes for 99.05049217444606 blocks
[04:35:56] [main/INFO] (Minecraft) [CHAT] §2§l§o[TenorClef] §rT2 [NOW] t=1:47.8 ph=IRON @96,64,19 do=<Wander for Infinity blocks> Exploring. eq=dirt woodpick=1 stonepick=1 pick=0 iron=0 buck=0
[04:35:57] [main/INFO] (Minecraft) [STDOUT]: ALTO CLEF: WARNING: T2 [E100] jumps=6 @96,66,19 ph=IRON child=TimeoutWanderTask
[04:35:57] [main/INFO] (Minecraft) [CHAT] §2§l§o[TenorClef] §cT2 [E100] jumps=6 @96,66,19 ph=IRON child=TimeoutWanderTask§r
[04:35:57] [main/INFO] (Minecraft) [CHAT] §2§l§o[TenorClef] §rT2 [HIST] 1:48.7 [E100] jumps=6 @96,66,19 ph=IRON child=TimeoutWanderTask
[04:35:57] [main/INFO] (Minecraft) [CHAT] §2§l§o[TenorClef] §rT2 [NOW] t=1:48.8 ph=IRON @96,66,19 do=<Wander for Infinity blocks> Exploring. eq=dirt woodpick=1 stonepick=1 pick=0 iron=0 buck=0
[04:35:58] [main/INFO] (Minecraft) [CHAT] §2§l§o[TenorClef] §rT2 [NOW] t=1:49.8 ph=IRON @96,67,19 do=<Wander for Infinity blocks> Exploring. eq=birch_log woodpick=1 stonepick=1 pick=0 iron=0 buck=0
[04:35:59] [main/INFO] (Minecraft) [CHAT] §2§l§o[TenorClef] §rT2 [NOW] t=1:50.8 ph=IRON @96,69,18 do=<Wander for Infinity blocks> Exploring. eq=birch_log woodpick=1 stonepick=1 pick=0 iron=0 buck=0
[04:36:00] [main/INFO] (Minecraft) [CHAT] §2§l§o[TenorClef] §rT2 [NOW] t=1:51.8 ph=IRON @94,69,15 do=<Wander for Infinity blocks> Exploring. eq=birch_log woodpick=1 stonepick=1 pick=0 iron=0 buck=0
[04:36:00] [main/INFO] (Minecraft) [CHAT] §2§l§o[TenorClef] §rT2 [HIST] 1:51.9 SNAP ph=IRON @94,69,14 sky=14 wet=false ground=true pick=0 buck=0 iron=0 ore=6 rods=0 pearls=0 eyes=0 child=TimeoutWanderTask dbg=<Wander for Infinity blocks> Exploring. mobs=none
[04:36:00] [pool-5-thread-4/INFO] (Minecraft) [STDOUT]: 613888 movements considered
[04:36:00] [pool-5-thread-4/INFO] (Minecraft) [STDOUT]: Open set size: 17312
[04:36:00] [pool-5-thread-4/INFO] (Minecraft) [STDOUT]: PathNode map size: 45212
[04:36:00] [pool-5-thread-4/INFO] (Minecraft) [STDOUT]: 55808 nodes per second
[04:36:00] [pool-5-thread-4/INFO] (Minecraft) [STDOUT]: Path goes for 94.13819628609845 blocks
[04:36:01] [main/INFO] (Minecraft) [CHAT] §2§l§o[TenorClef] §rT2 [NOW] t=1:52.8 ph=IRON @94,69,13 do=<Wander for Infinity blocks> Exploring. eq=birch_log woodpick=1 stonepick=1 pick=0 iron=0 buck=0
[04:36:01] [pool-5-thread-4/INFO] (Minecraft) [STDOUT]: 665984 movements considered
[04:36:01] [pool-5-thread-4/INFO] (Minecraft) [STDOUT]: Open set size: 19534
[04:36:01] [pool-5-thread-4/INFO] (Minecraft) [STDOUT]: PathNode map size: 49804
[04:36:01] [pool-5-thread-4/INFO] (Minecraft) [STDOUT]: 60544 nodes per second
[04:36:01] [pool-5-thread-4/INFO] (Minecraft) [STDOUT]: Path goes for 81.96340646898469 blocks
[04:36:02] [main/INFO] (Minecraft) [CHAT] §2§l§o[TenorClef] §rT2 [NOW] t=1:53.8 ph=IRON @92,69,12 do=<Wander for Infinity blocks> Exploring. eq=birch_log woodpick=1 stonepick=1 pick=0 iron=0 buck=0
[04:36:03] [main/INFO] (Minecraft) [CHAT] §2§l§o[TenorClef] §rT2 [HIST] 1:54.7 WHY iron: smelt 8 in one furnace
[04:36:03] [main/INFO] (Minecraft) [CHAT] §2§l§o[TenorClef] §rT2 [HIST] 1:54.7 CHILD TimeoutWanderTask -> CollectIronIngotTask ph=IRON @87,68,12 sky=15 wet=false ground=true pick=0 buck=0 iron=0 ore=6 rods=0 pearls=0 eyes=0
[04:36:03] [main/INFO] (Minecraft) [CHAT] §2§l§o[TenorClef] §rT2 [NOW] t=1:54.8 ph=IRON @87,68,12 do=<Collecting 8 iron.: [[iron_ingot] x 8]>  eq=birch_log woodpick=1 stonepick=1 pick=0 iron=0 buck=0
[04:36:03] [main/INFO] (Minecraft) [CHAT] §2§l§o[TenorClef] §rT2 [HB] t=1:54.9 ph=IRON y=68 child=CollectIronIngotTask logs=1 pick=0 woodpick=1
[04:36:04] [main/INFO] (Minecraft) [CHAT] §2§l§o[TenorClef] §rT2 [NOW] t=1:55.8 ph=IRON @89,68,15 do=<Collecting 8 iron.: [[iron_ingot] x 8]>  eq=birch_log woodpick=1 stonepick=1 pick=0 iron=0 buck=0
[04:36:04] [main/INFO] (Minecraft) [CHAT] §2§l§o[TenorClef] §rT2 [HIST] 1:55.8 SNAP ph=IRON @89,68,15 sky=13 wet=false ground=true pick=0 buck=0 iron=0 ore=6 rods=0 pearls=0 eyes=0 child=CollectIronIngotTask dbg=<Collecting 8 iron.: [[iron_ingot] x 8]>  mobs=none
[04:36:05] [main/INFO] (Minecraft) [CHAT] §2§l§o[TenorClef] §rT2 [NOW] t=1:56.8 ph=IRON @89,67,15 do=<Collecting 8 iron.: [[iron_ingot] x 8]>  eq=birch_log woodpick=1 stonepick=1 pick=0 iron=0 buck=0
[04:36:06] [main/INFO] (Minecraft) [STDOUT]: ALTO CLEF: WARNING: T2 [S130] START trigger=flips=3 ph=IRON prev=CollectIronIngotTask cycle=1 pos=89,66,15 walls=4/4/4 sky=11 place=23 boxed=true hold=false cool=0 ban=0 startY=66 step=0
[04:36:06] [main/INFO] (Minecraft) [CHAT] §2§l§o[TenorClef] §cT2 [S130] START trigger=flips=3 ph=IRON prev=CollectIronIngotTask cycle=1 pos=89,66,15 walls=4/4/4 sky=11 place=23 boxed=true hold=false cool=0 ban=0 startY=66 step=0§r
[04:36:06] [main/INFO] (Minecraft) [CHAT] §2§l§o[TenorClef] §rT2 [HIST] 1:57.7 FORCE S130 START trigger=flips=3 ph=IRON prev=CollectIronIngotTask cycle=1 pos=89,66,15 walls=4/4/4 sky=11 place=23 boxed=true hold=false cool=0 ban=0 startY=66 step=0
[04:36:06] [main/INFO] (Minecraft) [CHAT] §2§l§o[TenorClef] §rT2 [HIST] 1:57.7 PILLAR START flips=3 prev=CollectIronIngotTask
[04:36:06] [main/INFO] (Minecraft) [CHAT] §2§l§o[TenorClef] §rT2 [HIST] 1:57.7 SOLVE S130 pillar-out @89,66,15 ph=IRON flips=3
[04:36:06] [main/INFO] (Minecraft) [CHAT] §2§l§o[TenorClef] §rT2 [HIST] 1:57.7 CHILD CollectIronIngotTask -> HolePillarTask ph=IRON @89,66,15 sky=11 wet=false ground=false pick=0 buck=0 iron=0 ore=6 rods=0 pearls=0 eyes=0
[04:36:06] [main/INFO] (Minecraft) [STDOUT]: ALTO CLEF: WARNING: T2 [S130] tick y=66 slot=0 air=true pos=89,66,15 walls=4/4/4 sky=11 place=23 boxed=true hold=true cool=0 ban=0 startY=66 step=1
[04:36:06] [main/INFO] (Minecraft) [CHAT] §2§l§o[TenorClef] §cT2 [S130] tick y=66 slot=0 air=true pos=89,66,15 walls=4/4/4 sky=11 place=23 boxed=true hold=true cool=0 ban=0 startY=66 step=1§r
[04:36:06] [main/INFO] (Minecraft) [CHAT] §2§l§o[TenorClef] §rT2 [HIST] 1:57.7 FORCE S130 tick y=66 slot=0 air=true pos=89,66,15 walls=4/4/4 sky=11 place=23 boxed=true hold=true cool=0 ban=0 startY=66 step=1
[04:36:06] [main/INFO] (Minecraft) [CHAT] §2§l§o[TenorClef] §rT2 [NOW] t=1:57.8 ph=IRON @89,66,15 do=<T2 pillar-out>  eq=birch_log woodpick=1 stonepick=1 pick=0 iron=0 buck=0
[04:36:06] [main/INFO] (Minecraft) [STDOUT]: ALTO CLEF: WARNING: T2 [S180] marginal escape +2y free at y=68 startY=66 pos=89,68,15 walls=1/1/4 sky=13 place=23 boxed=false hold=true cool=0 ban=0 startY=66 step=17
[04:36:06] [main/INFO] (Minecraft) [CHAT] §2§l§o[TenorClef] §cT2 [S180] marginal escape +2y free at y=68 startY=66 pos=89,68,15 walls=1/1/4 sky=13 place=23 boxed=false hold=true cool=0 ban=0 startY=66 step=17§r
[04:36:06] [main/INFO] (Minecraft) [CHAT] §2§l§o[TenorClef] §rT2 [HIST] 1:58.5 FORCE S180 marginal escape +2y free at y=68 startY=66 pos=89,68,15 walls=1/1/4 sky=13 place=23 boxed=false hold=true cool=0 ban=0 startY=66 step=17
[04:36:06] [main/INFO] (Minecraft) [STDOUT]: ALTO CLEF: WARNING: T2 [S139] rise pending +2y t=1 y=68 startY=66
[04:36:06] [main/INFO] (Minecraft) [CHAT] §2§l§o[TenorClef] §cT2 [S139] rise pending +2y t=1 y=68 startY=66§r
[04:36:06] [main/INFO] (Minecraft) [CHAT] §2§l§o[TenorClef] §rT2 [HIST] 1:58.5 FORCE S139 rise pending +2y t=1 y=68 startY=66
[04:36:07] [main/INFO] (Minecraft) [STDOUT]: ALTO CLEF: WARNING: T2 [S130] tick y=68 slot=1 air=true pos=89,68,15 walls=1/1/4 sky=13 place=22 boxed=false hold=true cool=0 ban=0 startY=66 step=21
[04:36:07] [main/INFO] (Minecraft) [CHAT] §2§l§o[TenorClef] §cT2 [S130] tick y=68 slot=1 air=true pos=89,68,15 walls=1/1/4 sky=13 place=22 boxed=false hold=true cool=0 ban=0 startY=66 step=21§r
[04:36:07] [main/INFO] (Minecraft) [CHAT] §2§l§o[TenorClef] §rT2 [HIST] 1:58.7 FORCE S130 tick y=68 slot=1 air=true pos=89,68,15 walls=1/1/4 sky=13 place=22 boxed=false hold=true cool=0 ban=0 startY=66 step=21
[04:36:07] [main/INFO] (Minecraft) [CHAT] §2§l§o[TenorClef] §rT2 [NOW] t=1:58.8 ph=IRON @89,68,15 do=<T2 pillar-out>  eq=birch_planks woodpick=1 stonepick=1 pick=0 iron=0 buck=0
[04:36:07] [main/INFO] (Minecraft) [CHAT] §2§l§o[TenorClef] §rT2 [HIST] 1:58.9 SNAP ph=IRON @89,68,15 sky=13 wet=false ground=true pick=0 buck=0 iron=0 ore=6 rods=0 pearls=0 eyes=0 child=HolePillarTask dbg=<T2 pillar-out>  mobs=none
[04:36:07] [main/INFO] (Minecraft) [STDOUT]: ALTO CLEF: WARNING: T2 [S139] rise confirmed +2y held 12t y=68 startY=66 pos=89,68,15 walls=1/1/4 sky=13 place=22 boxed=false hold=true cool=0 ban=0 startY=66 step=28
[04:36:07] [main/INFO] (Minecraft) [CHAT] §2§l§o[TenorClef] §cT2 [S139] rise confirmed +2y held 12t y=68 startY=66 pos=89,68,15 walls=1/1/4 sky=13 place=22 boxed=false hold=true cool=0 ban=0 startY=66 step=28§r
[04:36:07] [main/INFO] (Minecraft) [CHAT] §2§l§o[TenorClef] §rT2 [HIST] 1:59.1 FORCE S139 rise confirmed +2y held 12t y=68 startY=66 pos=89,68,15 walls=1/1/4 sky=13 place=22 boxed=false hold=true cool=0 ban=0 startY=66 step=28
[04:36:07] [main/INFO] (Minecraft) [STDOUT]: ALTO CLEF: WARNING: T2 [S133] cool arm ticks=200 reason=risen y=68 startY=66 ban=89,68,15 pos=89,68,15 walls=1/1/4 sky=13 place=22 boxed=false hold=true cool=200 ban=200 startY=66 step=28
[04:36:07] [main/INFO] (Minecraft) [CHAT] §2§l§o[TenorClef] §cT2 [S133] cool arm ticks=200 reason=risen y=68 startY=66 ban=89,68,15 pos=89,68,15 walls=1/1/4 sky=13 place=22 boxed=false hold=true cool=200 ban=200 startY=66 step=28§r
[04:36:07] [main/INFO] (Minecraft) [CHAT] §2§l§o[TenorClef] §rT2 [HIST] 1:59.1 FORCE S133 cool arm ticks=200 reason=risen y=68 startY=66 ban=89,68,15 pos=89,68,15 walls=1/1/4 sky=13 place=22 boxed=false hold=true cool=200 ban=200 startY=66 step=28
[04:36:07] [main/INFO] (Minecraft) [STDOUT]: ALTO CLEF: WARNING: T2 [S136] END reason=risen y=68 startY=66 roseReal=true giveUp=true pos=89,68,15 walls=1/1/4 sky=13 place=22 boxed=false hold=true cool=200 ban=200 startY=66 step=28
[04:36:07] [main/INFO] (Minecraft) [CHAT] §2§l§o[TenorClef] §cT2 [S136] END reason=risen y=68 startY=66 roseReal=true giveUp=true pos=89,68,15 walls=1/1/4 sky=13 place=22 boxed=false hold=true cool=200 ban=200 startY=66 step=28§r
[04:36:07] [main/INFO] (Minecraft) [CHAT] §2§l§o[TenorClef] §rT2 [HIST] 1:59.1 FORCE S136 END reason=risen y=68 startY=66 roseReal=true giveUp=true pos=89,68,15 walls=1/1/4 sky=13 place=22 boxed=false hold=true cool=200 ban=200 startY=66 step=28
[04:36:07] [main/INFO] (Minecraft) [CHAT] §2§l§o[TenorClef] §rT2 [HIST] 1:59.1 PILLAR END risen y=68 startY=66
[04:36:07] [main/INFO] (Minecraft) [CHAT] §2§l§o[TenorClef] §rT2 [HIST] 1:59.1 WHY iron: smelt 8 in one furnace
[04:36:07] [main/INFO] (Minecraft) [STDOUT]: ALTO CLEF: WARNING: T2 [S136] stick drop pillar -> CollectIronIngotTask finished=true hold=false cool=199 end=risen y=68 startY=66 pos=89,68,15 walls=1/1/4 sky=13 place=22 boxed=false hold=false cool=199 ban=199 startY=- step=0
[04:36:07] [main/INFO] (Minecraft) [CHAT] §2§l§o[TenorClef] §cT2 [S136] stick drop pillar -> CollectIronIngotTask finished=true hold=false cool=199 end=risen y=68 startY=66 pos=89,68,15 walls=1/1/4 sky=13 place=22 boxed=false hold=false cool=199 ban=199 startY=- step=0§r
[04:36:07] [main/INFO] (Minecraft) [CHAT] §2§l§o[TenorClef] §rT2 [HIST] 1:59.1 FORCE S136 stick drop pillar -> CollectIronIngotTask finished=true hold=false cool=199 end=risen y=68 startY=66 pos=89,68,15 walls=1/1/4 sky=13 place=22 boxed=false hold=false cool=199 ban=199 startY=- step=0
[04:36:07] [main/INFO] (Minecraft) [CHAT] §2§l§o[TenorClef] §rT2 [HIST] 1:59.1 CHILD HolePillarTask -> CollectIronIngotTask ph=IRON @89,68,15 sky=13 wet=false ground=true pick=0 buck=0 iron=0 ore=6 rods=0 pearls=0 eyes=0
[04:36:07] [main/INFO] (Minecraft) [STDOUT]: ALTO CLEF: WARNING: T2 [S136] onStop interrupt=CollectIronIngotTask finishWhy=givingUp cool=199 lastEnd=risen y=68 startY=66 pos=89,68,15 walls=1/1/4 sky=13 place=22 boxed=false hold=false cool=199 ban=199 startY=- step=0
[04:36:07] [main/INFO] (Minecraft) [CHAT] §2§l§o[TenorClef] §cT2 [S136] onStop interrupt=CollectIronIngotTask finishWhy=givingUp cool=199 lastEnd=risen y=68 startY=66 pos=89,68,15 walls=1/1/4 sky=13 place=22 boxed=false hold=false cool=199 ban=199 startY=- step=0§r
[04:36:07] [main/INFO] (Minecraft) [CHAT] §2§l§o[TenorClef] §rT2 [HIST] 1:59.1 FORCE S136 onStop interrupt=CollectIronIngotTask finishWhy=givingUp cool=199 lastEnd=risen y=68 startY=66 pos=89,68,15 walls=1/1/4 sky=13 place=22 boxed=false hold=false cool=199 ban=199 startY=- step=0
[04:36:07] [main/INFO] (Minecraft) [CHAT] §2§l§o[TenorClef] §rMineAndCollect: equip item.minecraft.stone_pickaxe for block.minecraft.iron_ore
[04:36:07] [main/INFO] (Minecraft) [CHAT] §2§l§o[TenorClef] §rMineAndCollect: equip item.minecraft.stone_pickaxe for block.minecraft.iron_ore
[04:36:07] [main/INFO] (Minecraft) [CHAT] §2§l§o[TenorClef] §rMineAndCollect: equip item.minecraft.stone_pickaxe for block.minecraft.iron_ore
[04:36:07] [main/INFO] (Minecraft) [CHAT] §2§l§o[TenorClef] §rMineAndCollect: equip item.minecraft.stone_pickaxe for block.minecraft.iron_ore
[04:36:07] [main/INFO] (Minecraft) [STDOUT]: ALTO CLEF: WARNING: T2 [S109] equip pick for mining (was holding empty)
[04:36:07] [main/INFO] (Minecraft) [CHAT] §2§l§o[TenorClef] §cT2 [S109] equip pick for mining (was holding empty)§r
[04:36:07] [main/INFO] (Minecraft) [CHAT] §2§l§o[TenorClef] §rT2 [HIST] 1:59.6 SOLVE S109 equip pick for mining (was holding empty)
[04:36:08] [main/INFO] (Minecraft) [CHAT] §2§l§o[TenorClef] §rMineAndCollect: equip item.minecraft.stone_pickaxe for block.minecraft.iron_ore
[04:36:08] [main/INFO] (Minecraft) [CHAT] §2§l§o[TenorClef] §rT2 [NOW] t=1:59.8 ph=IRON @88,68,15 do=<Collecting 8 iron.: [[iron_ingot] x 8]>  eq=air woodpick=1 stonepick=1 pick=0 iron=0 buck=0
[04:36:08] [main/INFO] (Minecraft) [CHAT] §2§l§o[TenorClef] §rMineAndCollect: equip item.minecraft.stone_pickaxe for block.minecraft.iron_ore
[04:36:08] [main/INFO] (Minecraft) [CHAT] §2§l§o[TenorClef] §rMineAndCollect: equip item.minecraft.stone_pickaxe for block.minecraft.iron_ore
[04:36:08] [main/INFO] (Minecraft) [CHAT] §2§l§o[TenorClef] §rMineAndCollect: equip item.minecraft.stone_pickaxe for block.minecraft.iron_ore
[04:36:08] [main/INFO] (Minecraft) [CHAT] §2§l§o[TenorClef] §rMineAndCollect: equip item.minecraft.stone_pickaxe for block.minecraft.iron_ore
[04:36:08] [main/INFO] (Minecraft) [CHAT] §2§l§o[TenorClef] §rMineAndCollect: equip item.minecraft.stone_pickaxe for block.minecraft.iron_ore
[04:36:08] [main/INFO] (Minecraft) [CHAT] §2§l§o[TenorClef] §rMineAndCollect: equip item.minecraft.stone_pickaxe for block.minecraft.iron_ore
[04:36:08] [main/INFO] (Minecraft) [CHAT] §2§l§o[TenorClef] §rMineAndCollect: equip item.minecraft.stone_pickaxe for block.minecraft.iron_ore
[04:36:08] [main/INFO] (Minecraft) [CHAT] §2§l§o[TenorClef] §rMineAndCollect: equip item.minecraft.stone_pickaxe for block.minecraft.iron_ore
[04:36:08] [main/INFO] (Minecraft) [CHAT] §2§l§o[TenorClef] §rMineAndCollect: equip item.minecraft.stone_pickaxe for block.minecraft.iron_ore
[04:36:09] [main/INFO] (Minecraft) [CHAT] §2§l§o[TenorClef] §rMineAndCollect: equip item.minecraft.stone_pickaxe for block.minecraft.iron_ore
[04:36:09] [main/INFO] (Minecraft) [CHAT] §2§l§o[TenorClef] §rT2 [NOW] t=2:00.8 ph=IRON @88,67,15 do=<Collecting 8 iron.: [[iron_ingot] x 8]>  eq=air woodpick=1 stonepick=1 pick=0 iron=0 buck=0
[04:36:09] [main/INFO] (Minecraft) [CHAT] §2§l§o[TenorClef] §rMineAndCollect: equip item.minecraft.stone_pickaxe for block.minecraft.iron_ore
[04:36:09] [main/INFO] (Minecraft) [CHAT] §2§l§o[TenorClef] §rMineAndCollect: equip item.minecraft.stone_pickaxe for block.minecraft.iron_ore
[04:36:09] [main/INFO] (Minecraft) [CHAT] §2§l§o[TenorClef] §rMineAndCollect: equip item.minecraft.stone_pickaxe for block.minecraft.iron_ore
[04:36:09] [main/INFO] (Minecraft) [CHAT] §2§l§o[TenorClef] §rMineAndCollect: equip item.minecraft.stone_pickaxe for block.minecraft.iron_ore
[04:36:09] [main/INFO] (Minecraft) [CHAT] §2§l§o[TenorClef] §rMineAndCollect: equip item.minecraft.stone_pickaxe for block.minecraft.iron_ore
[04:36:09] [main/INFO] (Minecraft) [CHAT] §2§l§o[TenorClef] §rMineAndCollect: equip item.minecraft.stone_pickaxe for block.minecraft.iron_ore
[04:36:09] [main/INFO] (Minecraft) [CHAT] §2§l§o[TenorClef] §rMineAndCollect: equip item.minecraft.stone_pickaxe for block.minecraft.iron_ore
[04:36:09] [main/INFO] (Minecraft) [CHAT] §2§l§o[TenorClef] §rT2 [HIST] 2:01.5 SNAP ph=IRON @88,67,15 sky=13 wet=false ground=true pick=0 buck=0 iron=0 ore=6 rods=0 pearls=0 eyes=0 child=CollectIronIngotTask dbg=<Collecting 8 iron.: [[iron_ingot] x 8]>  mobs=none
[04:36:09] [main/INFO] (Minecraft) [CHAT] §2§l§o[TenorClef] §rMineAndCollect: equip item.minecraft.stone_pickaxe for block.minecraft.iron_ore
[04:36:09] [main/INFO] (Minecraft) [STDOUT]: ALTO CLEF: WARNING: T2 [S135] S130 suppressed why=would-S130 but busy cool=151 flips=3 sameXz=44 child=CollectIronIngotTask cool=151 ban=151 hold=false pos=88,66,15 walls=4/4/4 sky=12 place=23 boxed=true hold=false cool=151 ban=151 startY=- step=0
[04:36:09] [main/INFO] (Minecraft) [CHAT] §2§l§o[TenorClef] §cT2 [S135] S130 suppressed why=would-S130 but busy cool=151 flips=3 sameXz=44 child=CollectIronIngotTask cool=151 ban=151 hold=false pos=88,66,15 walls=4/4/4 sky=12 place=23 boxed=true hold=false cool=151 ban=151 startY=- step=0§r
[04:36:09] [main/INFO] (Minecraft) [CHAT] §2§l§o[TenorClef] §rT2 [HIST] 2:01.5 FORCE S135 S130 suppressed why=would-S130 but busy cool=151 flips=3 sameXz=44 child=CollectIronIngotTask cool=151 ban=151 hold=false pos=88,66,15 walls=4/4/4 sky=12 place=23 boxed=true hold=false cool=151 ban=151 startY=- step=0
[04:36:09] [main/INFO] (Minecraft) [CHAT] §2§l§o[TenorClef] §rMineAndCollect: equip item.minecraft.stone_pickaxe for block.minecraft.iron_ore
[04:36:09] [main/INFO] (Minecraft) [CHAT] §2§l§o[TenorClef] §rMineAndCollect: equip item.minecraft.stone_pickaxe for block.minecraft.iron_ore
[04:36:10] [main/INFO] (Minecraft) [CHAT] §2§l§o[TenorClef] §rMineAndCollect: equip item.minecraft.stone_pickaxe for block.minecraft.iron_ore
[04:36:10] [main/INFO] (Minecraft) [CHAT] §2§l§o[TenorClef] §rT2 [NOW] t=2:01.8 ph=IRON @88,66,15 do=<Collecting 8 iron.: [[iron_ingot] x 8]>  eq=air woodpick=1 stonepick=1 pick=0 iron=0 buck=0
[04:36:10] [main/INFO] (Minecraft) [CHAT] §2§l§o[TenorClef] §rMineAndCollect: equip item.minecraft.stone_pickaxe for block.minecraft.iron_ore
[04:36:10] [main/INFO] (Minecraft) [CHAT] §2§l§o[TenorClef] §rMineAndCollect: equip item.minecraft.stone_pickaxe for block.minecraft.iron_ore
[04:36:10] [main/INFO] (Minecraft) [CHAT] §2§l§o[TenorClef] §rMineAndCollect: equip item.minecraft.stone_pickaxe for block.minecraft.iron_ore
[04:36:10] [main/INFO] (Minecraft) [CHAT] §2§l§o[TenorClef] §rMineAndCollect: equip item.minecraft.stone_pickaxe for block.minecraft.iron_ore
[04:36:10] [main/INFO] (Minecraft) [CHAT] §2§l§o[TenorClef] §rMineAndCollect: equip item.minecraft.stone_pickaxe for block.minecraft.iron_ore
[04:36:10] [main/INFO] (Minecraft) [CHAT] §2§l§o[TenorClef] §rMineAndCollect: equip item.minecraft.stone_pickaxe for block.minecraft.iron_ore
[04:36:10] [main/INFO] (Minecraft) [CHAT] §2§l§o[TenorClef] §rMineAndCollect: equip item.minecraft.stone_pickaxe for block.minecraft.iron_ore
[04:36:10] [main/INFO] (Minecraft) [CHAT] §2§l§o[TenorClef] §rMineAndCollect: equip item.minecraft.stone_pickaxe for block.minecraft.iron_ore
[04:36:10] [main/INFO] (Minecraft) [CHAT] §2§l§o[TenorClef] §rMineAndCollect: equip item.minecraft.stone_pickaxe for block.minecraft.iron_ore
[04:36:11] [main/INFO] (Minecraft) [CHAT] §2§l§o[TenorClef] §rT2 [NOW] t=2:02.8 ph=IRON @88,65,15 do=<Collecting 8 iron.: [[iron_ingot] x 8]>  eq=stone_pickaxe woodpick=1 stonepick=1 pick=0 iron=0 buck=0
[04:36:11] [main/INFO] (Minecraft) [STDOUT]: ALTO CLEF: WARNING: T2 [S100] stop jump-walk @88,15 ph=IRON child=CollectIronIngotTask esc=0
[04:36:11] [main/INFO] (Minecraft) [CHAT] §2§l§o[TenorClef] §cT2 [S100] stop jump-walk @88,15 ph=IRON child=CollectIronIngotTask esc=0§r
[04:36:11] [main/INFO] (Minecraft) [CHAT] §2§l§o[TenorClef] §rT2 [HIST] 2:02.8 SOLVE S100 stop jump-walk @88,15 ph=IRON child=CollectIronIngotTask esc=0
[04:36:11] [main/INFO] (Minecraft) [CHAT] §2§l§o[TenorClef] §rT2 [HIST] 2:03.2 WHY iron: smelt 8 in one furnace
[04:36:11] [main/INFO] (Minecraft) [STDOUT]: ALTO CLEF: WARNING: T2 [E100] jumps=6 @88,65,15 ph=IRON child=CollectIronIngotTask
[04:36:11] [main/INFO] (Minecraft) [CHAT] §2§l§o[TenorClef] §cT2 [E100] jumps=6 @88,65,15 ph=IRON child=CollectIronIngotTask§r
[04:36:11] [main/INFO] (Minecraft) [CHAT] §2§l§o[TenorClef] §rT2 [HIST] 2:03.4 [E100] jumps=6 @88,65,15 ph=IRON child=CollectIronIngotTask
[04:36:11] [main/INFO] (Minecraft) [STDOUT]: ALTO CLEF: WARNING: T2 [S135] S130 suppressed why=would-S130 but busy cool=111 flips=1 sameXz=84 child=CollectIronIngotTask cool=111 ban=111 hold=false pos=88,64,15 walls=4/4/4 sky=10 place=25 boxed=true hold=false cool=111 ban=111 startY=- step=0
[04:36:11] [main/INFO] (Minecraft) [CHAT] §2§l§o[TenorClef] §cT2 [S135] S130 suppressed why=would-S130 but busy cool=111 flips=1 sameXz=84 child=CollectIronIngotTask cool=111 ban=111 hold=false pos=88,64,15 walls=4/4/4 sky=10 place=25 boxed=true hold=false cool=111 ban=111 startY=- step=0§r
[04:36:11] [main/INFO] (Minecraft) [CHAT] §2§l§o[TenorClef] §rT2 [HIST] 2:03.5 FORCE S135 S130 suppressed why=would-S130 but busy cool=111 flips=1 sameXz=84 child=CollectIronIngotTask cool=111 ban=111 hold=false pos=88,64,15 walls=4/4/4 sky=10 place=25 boxed=true hold=false cool=111 ban=111 startY=- step=0
[04:36:12] [main/INFO] (Minecraft) [CHAT] §2§l§o[TenorClef] §rT2 [NOW] t=2:03.8 ph=IRON @88,64,15 do=<Collecting 8 iron.: [[iron_ingot] x 8]>  eq=stone_pickaxe woodpick=1 stonepick=1 pick=0 iron=0 buck=0
[04:36:12] [main/WARN] (Minecraft) Received passengers for unknown entity
[04:36:12] [main/INFO] (Minecraft) [CHAT] §2§l§o[TenorClef] §rT2 [HIST] 2:04.0 SNAP ph=IRON @88,64,15 sky=10 wet=false ground=true pick=0 buck=0 iron=0 ore=6 rods=0 pearls=0 eyes=0 child=CollectIronIngotTask dbg=<Collecting 8 iron.: [[iron_ingot] x 8]>  mobs=none
[04:36:12] [main/INFO] (Minecraft) [STDOUT]: ALTO CLEF: WARNING: T2 [S138] shaft ban clear left-y ban=89,68,15 now=88,63,15 manh=1 dy=5 left=94
[04:36:12] [main/INFO] (Minecraft) [CHAT] §2§l§o[TenorClef] §cT2 [S138] shaft ban clear left-y ban=89,68,15 now=88,63,15 manh=1 dy=5 left=94§r
[04:36:12] [main/INFO] (Minecraft) [CHAT] §2§l§o[TenorClef] §rT2 [HIST] 2:04.4 FORCE S138 shaft ban clear left-y ban=89,68,15 now=88,63,15 manh=1 dy=5 left=94
[04:36:13] [main/INFO] (Minecraft) [CHAT] §2§l§o[TenorClef] §rT2 [NOW] t=2:04.8 ph=IRON @88,63,15 do=<Collecting 8 iron.: [[iron_ingot] x 8]>  eq=stone_pickaxe woodpick=1 stonepick=1 pick=0 iron=0 buck=0
[04:36:13] [main/INFO] (Minecraft) [CHAT] §2§l§o[TenorClef] §rT2 [HIST] 2:05.5 [E100] jumps=6 @88,62,15 ph=IRON child=CollectIronIngotTask
[04:36:13] [main/INFO] (Minecraft) [STDOUT]: ALTO CLEF: WARNING: T2 [S135] S130 suppressed why=would-S130 but busy cool=71 flips=6 sameXz=124 child=CollectIronIngotTask cool=71 ban=0 hold=false pos=88,62,15 walls=4/4/3 sky=8 place=27 boxed=true hold=false cool=71 ban=0 startY=- step=0
[04:36:13] [main/INFO] (Minecraft) [CHAT] §2§l§o[TenorClef] §cT2 [S135] S130 suppressed why=would-S130 but busy cool=71 flips=6 sameXz=124 child=CollectIronIngotTask cool=71 ban=0 hold=false pos=88,62,15 walls=4/4/3 sky=8 place=27 boxed=true hold=false cool=71 ban=0 startY=- step=0§r
[04:36:13] [main/INFO] (Minecraft) [CHAT] §2§l§o[TenorClef] §rT2 [HIST] 2:05.5 FORCE S135 S130 suppressed why=would-S130 but busy cool=71 flips=6 sameXz=124 child=CollectIronIngotTask cool=71 ban=0 hold=false pos=88,62,15 walls=4/4/3 sky=8 place=27 boxed=true hold=false cool=71 ban=0 startY=- step=0
[04:36:13] [main/INFO] (Minecraft) [STDOUT]: ALTO CLEF: WARNING: T2 [S144] jump-stuck collector — replace CollectIronIngotTask with wander (esc=2)
[04:36:13] [main/INFO] (Minecraft) [CHAT] §2§l§o[TenorClef] §cT2 [S144] jump-stuck collector — replace CollectIronIngotTask with wander (esc=2)§r
[04:36:13] [main/INFO] (Minecraft) [CHAT] §2§l§o[TenorClef] §rT2 [HIST] 2:05.5 SOLVE S144 jump-stuck collector — replace CollectIronIngotTask with wander (esc=2)
[04:36:13] [main/INFO] (Minecraft) [CHAT] §2§l§o[TenorClef] §rT2 [HIST] 2:05.5 CHILD CollectIronIngotTask -> TimeoutWanderTask ph=IRON @88,62,15 sky=8 wet=false ground=true pick=0 buck=0 iron=0 ore=6 rods=0 pearls=0 eyes=0
[04:36:14] [main/INFO] (Minecraft) [CHAT] §2§l§o[TenorClef] §rT2 [HB] t=2:05.7 ph=IRON y=62 child=TimeoutWanderTask logs=0 pick=0 woodpick=1
[04:36:14] [main/INFO] (Minecraft) [CHAT] §2§l§o[TenorClef] §rT2 [NOW] t=2:05.8 ph=IRON @88,62,15 do=<Wander for Infinity blocks> Exploring. eq=stone_pickaxe woodpick=1 stonepick=1 pick=0 iron=0 buck=0
[04:36:14] [pool-5-thread-4/INFO] (Minecraft) [STDOUT]: 630784 movements considered
[04:36:14] [pool-5-thread-4/INFO] (Minecraft) [STDOUT]: Open set size: 16521
[04:36:14] [pool-5-thread-4/INFO] (Minecraft) [STDOUT]: PathNode map size: 45192
[04:36:14] [pool-5-thread-4/INFO] (Minecraft) [STDOUT]: 57229 nodes per second
[04:36:14] [pool-5-thread-4/INFO] (Minecraft) [STDOUT]: Path goes for 86.98275691193054 blocks
[04:36:15] [main/INFO] (Minecraft) [CHAT] §2§l§o[TenorClef] §rT2 [NOW] t=2:06.8 ph=IRON @88,64,15 do=<Wander for Infinity blocks> Exploring. eq=dirt woodpick=1 stonepick=1 pick=0 iron=0 buck=0
[04:36:15] [main/INFO] (Minecraft) [CHAT] §2§l§o[TenorClef] §rT2 [HIST] 2:07.4 SNAP ph=IRON @88,65,15 sky=11 wet=false ground=false pick=0 buck=0 iron=0 ore=6 rods=0 pearls=0 eyes=0 child=TimeoutWanderTask dbg=<Wander for Infinity blocks> Exploring. mobs=none
[04:36:15] [main/INFO] (Minecraft) [CHAT] §2§l§o[TenorClef] §rT2 [HIST] 2:07.5 [E100] jumps=6 @88,65,15 ph=IRON child=TimeoutWanderTask
[04:36:16] [main/INFO] (Minecraft) [CHAT] §2§l§o[TenorClef] §rT2 [NOW] t=2:07.8 ph=IRON @88,66,15 do=<Wander for Infinity blocks> Exploring. eq=dirt woodpick=1 stonepick=1 pick=0 iron=0 buck=0
[04:36:17] [main/INFO] (Minecraft) [CHAT] §2§l§o[TenorClef] §rT2 [NOW] t=2:08.8 ph=IRON @88,66,15 do=<Wander for Infinity blocks> Exploring. eq=air woodpick=1 stonepick=1 pick=0 iron=0 buck=0
[04:36:17] [main/INFO] (Minecraft) [STDOUT]: ALTO CLEF: WARNING: T2 [S134] pillar cool expire after flips=3 end=risen y=68 startY=66
[04:36:17] [main/INFO] (Minecraft) [CHAT] §2§l§o[TenorClef] §cT2 [S134] pillar cool expire after flips=3 end=risen y=68 startY=66§r
[04:36:17] [main/INFO] (Minecraft) [CHAT] §2§l§o[TenorClef] §rT2 [HIST] 2:09.1 FORCE S134 pillar cool expire after flips=3 end=risen y=68 startY=66
[04:36:17] [main/INFO] (Minecraft) [STDOUT]: ALTO CLEF: WARNING: T2 [S138] shaft ban clear left-xz ban=89,68,15 now=87,67,15 manh=2 dy=1 left=56
[04:36:17] [main/INFO] (Minecraft) [CHAT] §2§l§o[TenorClef] §cT2 [S138] shaft ban clear left-xz ban=89,68,15 now=87,67,15 manh=2 dy=1 left=56§r
[04:36:17] [main/INFO] (Minecraft) [CHAT] §2§l§o[TenorClef] §rT2 [HIST] 2:09.3 FORCE S138 shaft ban clear left-xz ban=89,68,15 now=87,67,15 manh=2 dy=1 left=56
[04:36:17] [main/INFO] (Minecraft) [CHAT] §2§l§o[TenorClef] §rRefreshed inventory...
[04:36:18] [main/INFO] (Minecraft) [CHAT] §2§l§o[TenorClef] §rT2 [NOW] t=2:09.8 ph=IRON @87,68,15 do=<Wander for Infinity blocks> Exploring. eq=air woodpick=1 stonepick=1 pick=0 iron=0 buck=0
[04:36:19] [main/INFO] (Minecraft) [CHAT] §2§l§o[TenorClef] §rT2 [NOW] t=2:10.8 ph=IRON @81,68,15 do=<Wander for Infinity blocks> Exploring. eq=air woodpick=1 stonepick=1 pick=0 iron=0 buck=0
[04:36:20] [main/INFO] (Minecraft) [CHAT] §2§l§o[TenorClef] §rT2 [NOW] t=2:11.8 ph=IRON @77,68,14 do=<Wander for Infinity blocks> Exploring. eq=air woodpick=1 stonepick=1 pick=0 iron=0 buck=0
[04:36:20] [pool-5-thread-4/INFO] (Minecraft) [STDOUT]: 563200 movements considered
[04:36:20] [pool-5-thread-4/INFO] (Minecraft) [STDOUT]: Open set size: 14931
[04:36:20] [pool-5-thread-4/INFO] (Minecraft) [STDOUT]: PathNode map size: 40530
[04:36:20] [pool-5-thread-4/INFO] (Minecraft) [STDOUT]: 50592 nodes per second
[04:36:20] [pool-5-thread-4/INFO] (Minecraft) [STDOUT]: Path goes for 65.95452979136459 blocks
[04:36:20] [main/INFO] (Minecraft) [CHAT] §2§l§o[TenorClef] §rT2 [HIST] 2:12.4 SNAP ph=IRON @77,68,14 sky=14 wet=false ground=true pick=0 buck=0 iron=0 ore=6 rods=0 pearls=0 eyes=0 child=TimeoutWanderTask dbg=<Wander for Infinity blocks> Exploring. mobs=none
[04:36:20] [pool-5-thread-4/INFO] (Minecraft) [STDOUT]: 702592 movements considered
[04:36:20] [pool-5-thread-4/INFO] (Minecraft) [STDOUT]: Open set size: 17321
[04:36:20] [pool-5-thread-4/INFO] (Minecraft) [STDOUT]: PathNode map size: 49256
[04:36:20] [pool-5-thread-4/INFO] (Minecraft) [STDOUT]: 62742 nodes per second
[04:36:20] [pool-5-thread-4/INFO] (Minecraft) [STDOUT]: Path goes for 64.96922348312314 blocks
[04:36:21] [main/INFO] (Minecraft) [CHAT] §2§l§o[TenorClef] §rT2 [NOW] t=2:12.8 ph=IRON @76,68,14 do=<Wander for Infinity blocks> Exploring. eq=air woodpick=1 stonepick=1 pick=0 iron=0 buck=0
[04:36:21] [main/INFO] (Minecraft) [CHAT] §2§l§o[TenorClef] §rT2 [HIST] 2:13.6 WHY iron: smelt 8 in one furnace
[04:36:21] [main/INFO] (Minecraft) [CHAT] §2§l§o[TenorClef] §rT2 [HIST] 2:13.6 CHILD TimeoutWanderTask -> CollectIronIngotTask ph=IRON @72,68,14 sky=15 wet=false ground=true pick=0 buck=0 iron=0 ore=6 rods=0 pearls=0 eyes=0
[04:36:22] [main/INFO] (Minecraft) [CHAT] §2§l§o[TenorClef] §rT2 [NOW] t=2:13.8 ph=IRON @71,68,14 do=<Collecting 8 iron.: [[iron_ingot] x 8]>  eq=stone_pickaxe woodpick=1 stonepick=1 pick=0 iron=0 buck=0
[04:36:22] [main/INFO] (Minecraft) [CHAT] §2§l§o[TenorClef] §rT2 [HB] t=2:14.6 ph=IRON y=68 child=CollectIronIngotTask logs=0 pick=0 woodpick=1
[04:36:23] [main/INFO] (Minecraft) [CHAT] §2§l§o[TenorClef] §rT2 [NOW] t=2:14.8 ph=IRON @69,68,16 do=<Collecting 8 iron.: [[iron_ingot] x 8]>  eq=stone_pickaxe woodpick=1 stonepick=1 pick=0 iron=0 buck=0
[04:36:23] [main/INFO] (Minecraft) [CHAT] §2§l§o[TenorClef] §rT2 [HIST] 2:15.5 SNAP ph=IRON @70,68,16 sky=15 wet=false ground=true pick=0 buck=0 iron=0 ore=6 rods=0 pearls=0 eyes=0 child=CollectIronIngotTask dbg=<Collecting 8 iron.: [[iron_ingot] x 8]>  mobs=none
[04:36:24] [main/INFO] (Minecraft) [CHAT] §2§l§o[TenorClef] §rT2 [NOW] t=2:15.8 ph=IRON @69,68,16 do=<Collecting 8 iron.: [[iron_ingot] x 8]>  eq=stone_pickaxe woodpick=1 stonepick=1 pick=0 iron=0 buck=0
[04:36:25] [main/INFO] (Minecraft) [CHAT] §2§l§o[TenorClef] §rT2 [NOW] t=2:16.8 ph=IRON @69,68,16 do=<Collecting 8 iron.: [[iron_ingot] x 8]>  eq=stone_pickaxe woodpick=1 stonepick=1 pick=0 iron=0 buck=0
[04:36:26] [main/INFO] (Minecraft) [CHAT] §2§l§o[TenorClef] §rT2 [NOW] t=2:17.8 ph=IRON @70,68,16 do=<Collecting 8 iron.: [[iron_ingot] x 8]>  eq=stone_pickaxe woodpick=1 stonepick=1 pick=0 iron=0 buck=0
[04:36:26] [main/INFO] (Minecraft) [CHAT] §2§l§o[TenorClef] §rT2 [HIST] 2:18.0 SNAP ph=IRON @71,68,15 sky=15 wet=false ground=true pick=0 buck=0 iron=0 ore=6 rods=0 pearls=0 eyes=0 child=CollectIronIngotTask dbg=<Collecting 8 iron.: [[iron_ingot] x 8]>  mobs=none
[04:36:27] [main/INFO] (Minecraft) [CHAT] §2§l§o[TenorClef] §rT2 [NOW] t=2:18.8 ph=IRON @70,68,15 do=<Collecting 8 iron.: [[iron_ingot] x 8]>  eq=stone_pickaxe woodpick=1 stonepick=1 pick=0 iron=0 buck=0
[04:36:27] [main/INFO] (Minecraft) [CHAT] §2§l§o[TenorClef] §rT2 [HB] t=2:19.6 ph=IRON y=68 child=CollectIronIngotTask logs=0 pick=0 woodpick=1
[04:36:28] [main/INFO] (Minecraft) [CHAT] §2§l§o[TenorClef] §rT2 [NOW] t=2:19.8 ph=IRON @70,68,15 do=<Collecting 8 iron.: [[iron_ingot] x 8]>  eq=stone_pickaxe woodpick=1 stonepick=1 pick=0 iron=0 buck=0
[04:36:28] [main/INFO] (Minecraft) [CHAT] §2§l§o[TenorClef] §rT2 [HIST] 2:20.5 SNAP ph=IRON @70,68,16 sky=15 wet=false ground=true pick=0 buck=0 iron=0 ore=6 rods=0 pearls=0 eyes=0 child=CollectIronIngotTask dbg=<Collecting 8 iron.: [[iron_ingot] x 8]>  mobs=none
[04:36:29] [main/INFO] (Minecraft) [CHAT] §2§l§o[TenorClef] §rT2 [NOW] t=2:20.8 ph=IRON @71,68,15 do=<Collecting 8 iron.: [[iron_ingot] x 8]>  eq=stone_pickaxe woodpick=1 stonepick=1 pick=0 iron=0 buck=0
[04:36:30] [main/INFO] (Minecraft) [CHAT] §2§l§o[TenorClef] §rT2 [NOW] t=2:21.8 ph=IRON @71,68,15 do=<Collecting 8 iron.: [[iron_ingot] x 8]>  eq=stone_pickaxe woodpick=1 stonepick=1 pick=0 iron=0 buck=0
[04:36:31] [main/INFO] (Minecraft) [CHAT] §2§l§o[TenorClef] §rT2 [NOW] t=2:22.8 ph=IRON @70,68,16 do=<Collecting 8 iron.: [[iron_ingot] x 8]>  eq=stone_pickaxe woodpick=1 stonepick=1 pick=0 iron=0 buck=0
[04:36:31] [main/INFO] (Minecraft) [CHAT] §2§l§o[TenorClef] §rT2 [HIST] 2:23.0 SNAP ph=IRON @70,68,16 sky=15 wet=false ground=true pick=0 buck=0 iron=0 ore=6 rods=0 pearls=0 eyes=0 child=CollectIronIngotTask dbg=<Collecting 8 iron.: [[iron_ingot] x 8]>  mobs=none
[04:36:32] [main/INFO] (Minecraft) [CHAT] §2§l§o[TenorClef] §rT2 [NOW] t=2:23.8 ph=IRON @70,68,16 do=<Collecting 8 iron.: [[iron_ingot] x 8]>  eq=stone_pickaxe woodpick=1 stonepick=1 pick=0 iron=0 buck=0
[04:36:32] [main/INFO] (Minecraft) [CHAT] §2§l§o[TenorClef] §rT2 [HB] t=2:24.6 ph=IRON y=68 child=CollectIronIngotTask logs=0 pick=0 woodpick=1
[04:36:33] [main/INFO] (Minecraft) [CHAT] §2§l§o[TenorClef] §rT2 [NOW] t=2:24.8 ph=IRON @70,68,16 do=<Collecting 8 iron.: [[iron_ingot] x 8]>  eq=stone_pickaxe woodpick=1 stonepick=1 pick=0 iron=0 buck=0
[04:36:33] [main/INFO] (Minecraft) [CHAT] §2§l§o[TenorClef] §rT2 [HIST] 2:25.5 SNAP ph=IRON @70,68,15 sky=15 wet=false ground=true pick=0 buck=0 iron=0 ore=6 rods=0 pearls=0 eyes=0 child=CollectIronIngotTask dbg=<Collecting 8 iron.: [[iron_ingot] x 8]>  mobs=none
[04:36:34] [main/INFO] (Minecraft) [CHAT] §2§l§o[TenorClef] §rT2 [NOW] t=2:25.8 ph=IRON @69,68,16 do=<Collecting 8 iron.: [[iron_ingot] x 8]>  eq=stone_pickaxe woodpick=1 stonepick=1 pick=0 iron=0 buck=0
[04:36:35] [main/INFO] (Minecraft) [CHAT] §2§l§o[TenorClef] §rT2 [NOW] t=2:26.8 ph=IRON @69,68,16 do=<Collecting 8 iron.: [[iron_ingot] x 8]>  eq=stone_pickaxe woodpick=1 stonepick=1 pick=0 iron=0 buck=0
[04:36:36] [main/INFO] (Minecraft) [CHAT] §2§l§o[TenorClef] §rT2 [NOW] t=2:27.8 ph=IRON @69,68,16 do=<Collecting 8 iron.: [[iron_ingot] x 8]>  eq=stone_pickaxe woodpick=1 stonepick=1 pick=0 iron=0 buck=0
[04:36:36] [main/INFO] (Minecraft) [CHAT] §2§l§o[TenorClef] §rT2 [HIST] 2:28.0 SNAP ph=IRON @70,68,16 sky=15 wet=false ground=true pick=0 buck=0 iron=0 ore=6 rods=0 pearls=0 eyes=0 child=CollectIronIngotTask dbg=<Collecting 8 iron.: [[iron_ingot] x 8]>  mobs=none
[04:36:37] [main/INFO] (Minecraft) [CHAT] §2§l§o[TenorClef] §rT2 [NOW] t=2:28.8 ph=IRON @70,68,16 do=<Collecting 8 iron.: [[iron_ingot] x 8]>  eq=stone_pickaxe woodpick=1 stonepick=1 pick=0 iron=0 buck=0
[04:36:37] [main/INFO] (Minecraft) [CHAT] §2§l§o[TenorClef] §rT2 [HB] t=2:29.6 ph=IRON y=68 child=CollectIronIngotTask logs=0 pick=0 woodpick=1
[04:36:38] [main/INFO] (Minecraft) [CHAT] §2§l§o[TenorClef] §rT2 [NOW] t=2:29.8 ph=IRON @70,68,16 do=<Collecting 8 iron.: [[iron_ingot] x 8]>  eq=stone_pickaxe woodpick=1 stonepick=1 pick=0 iron=0 buck=0
[04:36:38] [main/INFO] (Minecraft) [CHAT] §2§l§o[TenorClef] §rT2 [HIST] 2:30.5 SNAP ph=IRON @70,68,16 sky=15 wet=false ground=true pick=0 buck=0 iron=0 ore=6 rods=0 pearls=0 eyes=0 child=CollectIronIngotTask dbg=<Collecting 8 iron.: [[iron_ingot] x 8]>  mobs=none
[04:36:39] [main/INFO] (Minecraft) [CHAT] §2§l§o[TenorClef] §rT2 [NOW] t=2:30.8 ph=IRON @71,68,15 do=<Collecting 8 iron.: [[iron_ingot] x 8]>  eq=stone_pickaxe woodpick=1 stonepick=1 pick=0 iron=0 buck=0
[04:36:40] [main/INFO] (Minecraft) [CHAT] §2§l§o[TenorClef] §rT2 [NOW] t=2:31.8 ph=IRON @71,68,15 do=<Collecting 8 iron.: [[iron_ingot] x 8]>  eq=stone_pickaxe woodpick=1 stonepick=1 pick=0 iron=0 buck=0
[04:36:41] [main/INFO] (Minecraft) [CHAT] §2§l§o[TenorClef] §rT2 [NOW] t=2:32.8 ph=IRON @71,68,15 do=<Collecting 8 iron.: [[iron_ingot] x 8]>  eq=stone_pickaxe woodpick=1 stonepick=1 pick=0 iron=0 buck=0
[04:36:41] [main/INFO] (Minecraft) [CHAT] §2§l§o[TenorClef] §rT2 [HIST] 2:33.0 SNAP ph=IRON @70,68,16 sky=15 wet=false ground=true pick=0 buck=0 iron=0 ore=6 rods=0 pearls=0 eyes=0 child=CollectIronIngotTask dbg=<Collecting 8 iron.: [[iron_ingot] x 8]>  mobs=none
[04:36:42] [main/INFO] (Minecraft) [CHAT] §2§l§o[TenorClef] §rT2 [NOW] t=2:33.8 ph=IRON @70,68,16 do=<Collecting 8 iron.: [[iron_ingot] x 8]>  eq=stone_pickaxe woodpick=1 stonepick=1 pick=0 iron=0 buck=0
[04:36:42] [main/INFO] (Minecraft) [CHAT] §2§l§o[TenorClef] §rT2 [HB] t=2:34.6 ph=IRON y=68 child=CollectIronIngotTask logs=0 pick=0 woodpick=1
[04:36:43] [main/INFO] (Minecraft) [CHAT] §2§l§o[TenorClef] §rT2 [NOW] t=2:34.8 ph=IRON @70,68,16 do=<Collecting 8 iron.: [[iron_ingot] x 8]>  eq=stone_pickaxe woodpick=1 stonepick=1 pick=0 iron=0 buck=0
[04:36:43] [main/INFO] (Minecraft) [CHAT] §2§l§o[TenorClef] §rT2 [HIST] 2:35.5 SNAP ph=IRON @71,68,15 sky=15 wet=false ground=true pick=0 buck=0 iron=0 ore=6 rods=0 pearls=0 eyes=0 child=CollectIronIngotTask dbg=<Collecting 8 iron.: [[iron_ingot] x 8]>  mobs=none
[04:36:44] [main/INFO] (Minecraft) [CHAT] §2§l§o[TenorClef] §rT2 [NOW] t=2:35.8 ph=IRON @70,68,16 do=<Collecting 8 iron.: [[iron_ingot] x 8]>  eq=stone_pickaxe woodpick=1 stonepick=1 pick=0 iron=0 buck=0
[04:36:45] [main/INFO] (Minecraft) [CHAT] §2§l§o[TenorClef] §rT2 [NOW] t=2:36.8 ph=IRON @69,68,16 do=<Collecting 8 iron.: [[iron_ingot] x 8]>  eq=stone_pickaxe woodpick=1 stonepick=1 pick=0 iron=0 buck=0
[04:36:46] [main/INFO] (Minecraft) [CHAT] §2§l§o[TenorClef] §rT2 [NOW] t=2:37.8 ph=IRON @69,68,16 do=<Collecting 8 iron.: [[iron_ingot] x 8]>  eq=stone_pickaxe woodpick=1 stonepick=1 pick=0 iron=0 buck=0
[04:36:46] [main/INFO] (Minecraft) [CHAT] §2§l§o[TenorClef] §rT2 [HIST] 2:38.0 SNAP ph=IRON @70,68,16 sky=15 wet=false ground=true pick=0 buck=0 iron=0 ore=6 rods=0 pearls=0 eyes=0 child=CollectIronIngotTask dbg=<Collecting 8 iron.: [[iron_ingot] x 8]>  mobs=none
[04:36:47] [main/INFO] (Minecraft) [CHAT] §2§l§o[TenorClef] §rT2 [NOW] t=2:38.8 ph=IRON @70,68,16 do=<Collecting 8 iron.: [[iron_ingot] x 8]>  eq=stone_pickaxe woodpick=1 stonepick=1 pick=0 iron=0 buck=0
[04:36:47] [main/INFO] (Minecraft) [CHAT] §2§l§o[TenorClef] §rRefreshed inventory...
[04:36:47] [main/INFO] (Minecraft) [CHAT] §2§l§o[TenorClef] §rT2 [HB] t=2:39.6 ph=IRON y=68 child=CollectIronIngotTask logs=0 pick=0 woodpick=1
[04:36:48] [main/INFO] (Minecraft) [CHAT] §2§l§o[TenorClef] §rT2 [NOW] t=2:39.8 ph=IRON @70,68,16 do=<Collecting 8 iron.: [[iron_ingot] x 8]>  eq=stone_pickaxe woodpick=1 stonepick=1 pick=0 iron=0 buck=0
[04:36:48] [main/INFO] (Minecraft) [CHAT] §2§l§o[TenorClef] §rT2 [HIST] 2:40.5 SNAP ph=IRON @69,68,16 sky=15 wet=false ground=true pick=0 buck=0 iron=0 ore=6 rods=0 pearls=0 eyes=0 child=CollectIronIngotTask dbg=<Collecting 8 iron.: [[iron_ingot] x 8]>  mobs=none
[04:36:49] [main/INFO] (Minecraft) [CHAT] §2§l§o[TenorClef] §rT2 [NOW] t=2:40.8 ph=IRON @70,68,15 do=<Collecting 8 iron.: [[iron_ingot] x 8]>  eq=stone_pickaxe woodpick=1 stonepick=1 pick=0 iron=0 buck=0
[04:36:50] [main/INFO] (Minecraft) [CHAT] §2§l§o[TenorClef] §rT2 [NOW] t=2:41.8 ph=IRON @71,68,15 do=<Collecting 8 iron.: [[iron_ingot] x 8]>  eq=stone_pickaxe woodpick=1 stonepick=1 pick=0 iron=0 buck=0
[04:36:51] [main/INFO] (Minecraft) [CHAT] §2§l§o[TenorClef] §rT2 [NOW] t=2:42.8 ph=IRON @71,68,15 do=<Collecting 8 iron.: [[iron_ingot] x 8]>  eq=stone_pickaxe woodpick=1 stonepick=1 pick=0 iron=0 buck=0
[04:36:51] [main/INFO] (Minecraft) [CHAT] §2§l§o[TenorClef] §rT2 [HIST] 2:43.0 SNAP ph=IRON @70,68,16 sky=15 wet=false ground=true pick=0 buck=0 iron=0 ore=6 rods=0 pearls=0 eyes=0 child=CollectIronIngotTask dbg=<Collecting 8 iron.: [[iron_ingot] x 8]>  mobs=none
[04:36:52] [main/INFO] (Minecraft) [CHAT] §2§l§o[TenorClef] §rT2 [NOW] t=2:43.8 ph=IRON @71,68,15 do=<Collecting 8 iron.: [[iron_ingot] x 8]>  eq=stone_pickaxe woodpick=1 stonepick=1 pick=0 iron=0 buck=0
[04:36:52] [main/INFO] (Minecraft) [CHAT] §2§l§o[TenorClef] §rT2 [HB] t=2:44.6 ph=IRON y=68 child=CollectIronIngotTask logs=0 pick=0 woodpick=1
[04:36:53] [main/INFO] (Minecraft) [CHAT] §2§l§o[TenorClef] §rT2 [NOW] t=2:44.8 ph=IRON @70,68,16 do=<Collecting 8 iron.: [[iron_ingot] x 8]>  eq=stone_pickaxe woodpick=1 stonepick=1 pick=0 iron=0 buck=0
[04:36:53] [main/INFO] (Minecraft) [CHAT] §2§l§o[TenorClef] §rT2 [HIST] 2:45.5 SNAP ph=IRON @71,68,15 sky=15 wet=false ground=true pick=0 buck=0 iron=0 ore=6 rods=0 pearls=0 eyes=0 child=CollectIronIngotTask dbg=<Collecting 8 iron.: [[iron_ingot] x 8]>  mobs=none
[04:36:54] [main/INFO] (Minecraft) [CHAT] §2§l§o[TenorClef] §rT2 [NOW] t=2:45.8 ph=IRON @70,68,16 do=<Collecting 8 iron.: [[iron_ingot] x 8]>  eq=stone_pickaxe woodpick=1 stonepick=1 pick=0 iron=0 buck=0
[04:36:55] [main/INFO] (Minecraft) [CHAT] §2§l§o[TenorClef] §rT2 [NOW] t=2:46.8 ph=IRON @69,68,16 do=<Collecting 8 iron.: [[iron_ingot] x 8]>  eq=stone_pickaxe woodpick=1 stonepick=1 pick=0 iron=0 buck=0
[04:36:56] [main/INFO] (Minecraft) [CHAT] §2§l§o[TenorClef] §rT2 [NOW] t=2:47.8 ph=IRON @69,68,16 do=<Collecting 8 iron.: [[iron_ingot] x 8]>  eq=stone_pickaxe woodpick=1 stonepick=1 pick=0 iron=0 buck=0
[04:36:56] [main/INFO] (Minecraft) [CHAT] §2§l§o[TenorClef] §rT2 [HIST] 2:48.0 SNAP ph=IRON @70,68,16 sky=15 wet=false ground=true pick=0 buck=0 iron=0 ore=6 rods=0 pearls=0 eyes=0 child=CollectIronIngotTask dbg=<Collecting 8 iron.: [[iron_ingot] x 8]>  mobs=none
[04:36:57] [main/INFO] (Minecraft) [CHAT] §2§l§o[TenorClef] §rT2 [NOW] t=2:48.8 ph=IRON @69,68,16 do=<Collecting 8 iron.: [[iron_ingot] x 8]>  eq=stone_pickaxe woodpick=1 stonepick=1 pick=0 iron=0 buck=0
[04:36:57] [main/INFO] (Minecraft) [CHAT] §2§l§o[TenorClef] §rT2 [HB] t=2:49.6 ph=IRON y=68 child=CollectIronIngotTask logs=0 pick=0 woodpick=1
[04:36:58] [main/INFO] (Minecraft) [CHAT] §2§l§o[TenorClef] §rT2 [NOW] t=2:49.8 ph=IRON @69,68,16 do=<Collecting 8 iron.: [[iron_ingot] x 8]>  eq=stone_pickaxe woodpick=1 stonepick=1 pick=0 iron=0 buck=0
[04:36:58] [main/INFO] (Minecraft) [CHAT] §2§l§o[TenorClef] §rT2 [HIST] 2:50.5 SNAP ph=IRON @70,68,16 sky=15 wet=false ground=true pick=0 buck=0 iron=0 ore=6 rods=0 pearls=0 eyes=0 child=CollectIronIngotTask dbg=<Collecting 8 iron.: [[iron_ingot] x 8]>  mobs=none
[04:36:59] [main/INFO] (Minecraft) [CHAT] §2§l§o[TenorClef] §rT2 [NOW] t=2:50.8 ph=IRON @70,68,16 do=<Collecting 8 iron.: [[iron_ingot] x 8]>  eq=stone_pickaxe woodpick=1 stonepick=1 pick=0 iron=0 buck=0
[04:37:00] [main/INFO] (Minecraft) [CHAT] §2§l§o[TenorClef] §rT2 [NOW] t=2:51.8 ph=IRON @70,68,16 do=<Collecting 8 iron.: [[iron_ingot] x 8]>  eq=stone_pickaxe woodpick=1 stonepick=1 pick=0 iron=0 buck=0
[04:37:01] [main/INFO] (Minecraft) [CHAT] §2§l§o[TenorClef] §rT2 [NOW] t=2:52.8 ph=IRON @70,68,16 do=<Collecting 8 iron.: [[iron_ingot] x 8]>  eq=stone_pickaxe woodpick=1 stonepick=1 pick=0 iron=0 buck=0
[04:37:01] [main/INFO] (Minecraft) [CHAT] §2§l§o[TenorClef] §rT2 [HIST] 2:53.0 SNAP ph=IRON @71,68,15 sky=15 wet=false ground=true pick=0 buck=0 iron=0 ore=6 rods=0 pearls=0 eyes=0 child=CollectIronIngotTask dbg=<Collecting 8 iron.: [[iron_ingot] x 8]>  mobs=none
[04:37:02] [main/INFO] (Minecraft) [CHAT] §2§l§o[TenorClef] §rT2 [NOW] t=2:53.8 ph=IRON @71,68,15 do=<Collecting 8 iron.: [[iron_ingot] x 8]>  eq=stone_pickaxe woodpick=1 stonepick=1 pick=0 iron=0 buck=0
[04:37:02] [main/INFO] (Minecraft) [CHAT] §2§l§o[TenorClef] §rT2 [HB] t=2:54.6 ph=IRON y=68 child=CollectIronIngotTask logs=0 pick=0 woodpick=1
[04:37:03] [main/INFO] (Minecraft) [CHAT] §2§l§o[TenorClef] §rT2 [NOW] t=2:54.8 ph=IRON @71,68,15 do=<Collecting 8 iron.: [[iron_ingot] x 8]>  eq=stone_pickaxe woodpick=1 stonepick=1 pick=0 iron=0 buck=0
[04:37:03] [main/INFO] (Minecraft) [CHAT] §2§l§o[TenorClef] §rT2 [HIST] 2:55.5 SNAP ph=IRON @70,68,16 sky=15 wet=false ground=true pick=0 buck=0 iron=0 ore=6 rods=0 pearls=0 eyes=0 child=CollectIronIngotTask dbg=<Collecting 8 iron.: [[iron_ingot] x 8]>  mobs=none
[04:37:04] [main/INFO] (Minecraft) [CHAT] §2§l§o[TenorClef] §rT2 [NOW] t=2:55.8 ph=IRON @71,68,15 do=<Collecting 8 iron.: [[iron_ingot] x 8]>  eq=stone_pickaxe woodpick=1 stonepick=1 pick=0 iron=0 buck=0
[04:37:05] [main/INFO] (Minecraft) [CHAT] §2§l§o[TenorClef] §rT2 [NOW] t=2:56.8 ph=IRON @70,68,16 do=<Collecting 8 iron.: [[iron_ingot] x 8]>  eq=stone_pickaxe woodpick=1 stonepick=1 pick=0 iron=0 buck=0
[04:37:06] [main/INFO] (Minecraft) [CHAT] §2§l§o[TenorClef] §rT2 [NOW] t=2:57.8 ph=IRON @70,68,16 do=<Collecting 8 iron.: [[iron_ingot] x 8]>  eq=stone_pickaxe woodpick=1 stonepick=1 pick=0 iron=0 buck=0
[04:37:06] [main/INFO] (Minecraft) [CHAT] §2§l§o[TenorClef] §rT2 [HIST] 2:58.0 SNAP ph=IRON @70,68,16 sky=15 wet=false ground=true pick=0 buck=0 iron=0 ore=6 rods=0 pearls=0 eyes=0 child=CollectIronIngotTask dbg=<Collecting 8 iron.: [[iron_ingot] x 8]>  mobs=none
[04:37:07] [main/INFO] (Minecraft) [CHAT] §2§l§o[TenorClef] §rT2 [NOW] t=2:58.8 ph=IRON @70,68,16 do=<Collecting 8 iron.: [[iron_ingot] x 8]>  eq=stone_pickaxe woodpick=1 stonepick=1 pick=0 iron=0 buck=0
[04:37:07] [main/INFO] (Minecraft) [CHAT] §2§l§o[TenorClef] §rT2 [HB] t=2:59.6 ph=IRON y=68 child=CollectIronIngotTask logs=0 pick=0 woodpick=1
[04:37:08] [main/INFO] (Minecraft) [CHAT] §2§l§o[TenorClef] §rT2 [NOW] t=2:59.8 ph=IRON @70,68,16 do=<Collecting 8 iron.: [[iron_ingot] x 8]>  eq=stone_pickaxe woodpick=1 stonepick=1 pick=0 iron=0 buck=0
[04:37:08] [main/INFO] (Minecraft) [CHAT] §2§l§o[TenorClef] §rT2 [HIST] 3:00.5 SNAP ph=IRON @71,68,15 sky=15 wet=false ground=true pick=0 buck=0 iron=0 ore=6 rods=0 pearls=0 eyes=0 child=CollectIronIngotTask dbg=<Collecting 8 iron.: [[iron_ingot] x 8]>  mobs=none
[04:37:09] [main/INFO] (Minecraft) [CHAT] §2§l§o[TenorClef] §rT2 [NOW] t=3:00.8 ph=IRON @70,68,16 do=<Collecting 8 iron.: [[iron_ingot] x 8]>  eq=stone_pickaxe woodpick=1 stonepick=1 pick=0 iron=0 buck=0
[04:37:10] [main/INFO] (Minecraft) [CHAT] §2§l§o[TenorClef] §rT2 [NOW] t=3:01.8 ph=IRON @69,68,16 do=<Collecting 8 iron.: [[iron_ingot] x 8]>  eq=stone_pickaxe woodpick=1 stonepick=1 pick=0 iron=0 buck=0
[04:37:11] [main/INFO] (Minecraft) [CHAT] §2§l§o[TenorClef] §rT2 [NOW] t=3:02.8 ph=IRON @69,68,16 do=<Collecting 8 iron.: [[iron_ingot] x 8]>  eq=stone_pickaxe woodpick=1 stonepick=1 pick=0 iron=0 buck=0
[04:37:11] [main/INFO] (Minecraft) [CHAT] §2§l§o[TenorClef] §rT2 [HIST] 3:03.0 SNAP ph=IRON @70,68,16 sky=15 wet=false ground=true pick=0 buck=0 iron=0 ore=6 rods=0 pearls=0 eyes=0 child=CollectIronIngotTask dbg=<Collecting 8 iron.: [[iron_ingot] x 8]>  mobs=none
[04:37:12] [main/INFO] (Minecraft) [CHAT] §2§l§o[TenorClef] §rT2 [NOW] t=3:03.8 ph=IRON @70,68,16 do=<Collecting 8 iron.: [[iron_ingot] x 8]>  eq=stone_pickaxe woodpick=1 stonepick=1 pick=0 iron=0 buck=0
[04:37:12] [main/INFO] (Minecraft) [CHAT] §2§l§o[TenorClef] §rT2 [HB] t=3:04.6 ph=IRON y=68 child=CollectIronIngotTask logs=0 pick=0 woodpick=1
[04:37:13] [main/INFO] (Minecraft) [CHAT] §2§l§o[TenorClef] §rT2 [NOW] t=3:04.8 ph=IRON @70,68,16 do=<Collecting 8 iron.: [[iron_ingot] x 8]>  eq=stone_pickaxe woodpick=1 stonepick=1 pick=0 iron=0 buck=0
[04:37:13] [main/INFO] (Minecraft) [CHAT] §2§l§o[TenorClef] §rT2 [HIST] 3:05.5 SNAP ph=IRON @69,67,16 sky=15 wet=false ground=false pick=0 buck=0 iron=0 ore=6 rods=0 pearls=0 eyes=0 child=CollectIronIngotTask dbg=<Collecting 8 iron.: [[iron_ingot] x 8]>  mobs=none
[04:37:14] [main/INFO] (Minecraft) [CHAT] §2§l§o[TenorClef] §rT2 [NOW] t=3:05.8 ph=IRON @69,65,16 do=<Collecting 8 iron.: [[iron_ingot] x 8]>  eq=stone_pickaxe woodpick=1 stonepick=1 pick=0 iron=0 buck=0
[04:37:15] [main/INFO] (Minecraft) [CHAT] §2§l§o[TenorClef] §rT2 [NOW] t=3:06.8 ph=IRON @69,63,12 do=<Collecting 8 iron.: [[iron_ingot] x 8]>  eq=stone_pickaxe woodpick=1 stonepick=1 pick=0 iron=0 buck=0
[04:37:16] [main/INFO] (Minecraft) [CHAT] §2§l§o[TenorClef] §rT2 [NOW] t=3:07.8 ph=IRON @69,63,12 do=<Collecting 8 iron.: [[iron_ingot] x 8]>  eq=air woodpick=1 stonepick=1 pick=0 iron=0 buck=0
[04:37:16] [main/INFO] (Minecraft) [CHAT] §2§l§o[TenorClef] §rT2 [HIST] 3:08.0 SNAP ph=IRON @69,63,12 sky=11 wet=false ground=true pick=0 buck=0 iron=0 ore=6 rods=0 pearls=0 eyes=0 child=CollectIronIngotTask dbg=<Collecting 8 iron.: [[iron_ingot] x 8]>  mobs=none
[04:37:17] [main/INFO] (Minecraft) [CHAT] §2§l§o[TenorClef] §rT2 [NOW] t=3:08.8 ph=IRON @69,63,12 do=<Collecting 8 iron.: [[iron_ingot] x 8]>  eq=stone_pickaxe woodpick=1 stonepick=1 pick=0 iron=0 buck=0
[04:37:17] [main/INFO] (Minecraft) [CHAT] §2§l§o[TenorClef] §rT2 [HB] t=3:09.6 ph=IRON y=62 child=CollectIronIngotTask logs=0 pick=0 woodpick=1
[04:37:18] [main/INFO] (Minecraft) [CHAT] §2§l§o[TenorClef] §rT2 [NOW] t=3:09.8 ph=IRON @69,62,11 do=<Collecting 8 iron.: [[iron_ingot] x 8]>  eq=stone_pickaxe woodpick=1 stonepick=1 pick=0 iron=0 buck=0
[04:37:18] [main/INFO] (Minecraft) [CHAT] §2§l§o[TenorClef] §rT2 [HIST] 3:10.5 SNAP ph=IRON @69,62,11 sky=9 wet=false ground=true pick=0 buck=0 iron=0 ore=6 rods=0 pearls=0 eyes=0 child=CollectIronIngotTask dbg=<Collecting 8 iron.: [[iron_ingot] x 8]>  mobs=none
[04:37:19] [main/INFO] (Minecraft) [CHAT] §2§l§o[TenorClef] §rT2 [NOW] t=3:10.8 ph=IRON @69,62,11 do=<Collecting 8 iron.: [[iron_ingot] x 8]>  eq=stone_pickaxe woodpick=1 stonepick=1 pick=0 iron=0 buck=0
[04:37:19] [main/INFO] (Minecraft) [CHAT] §2§l§o[TenorClef] §rRefreshed inventory...
[04:37:20] [main/INFO] (Minecraft) [CHAT] §2§l§o[TenorClef] §rT2 [NOW] t=3:11.8 ph=IRON @69,62,10 do=<Collecting 8 iron.: [[iron_ingot] x 8]>  eq=stone_pickaxe woodpick=1 stonepick=1 pick=0 iron=0 buck=0
[04:37:21] [main/INFO] (Minecraft) [CHAT] §2§l§o[TenorClef] §rT2 [NOW] t=3:12.8 ph=IRON @69,62,10 do=<Collecting 8 iron.: [[iron_ingot] x 8]>  eq=stone_pickaxe woodpick=1 stonepick=1 pick=0 iron=0 buck=0
[04:37:21] [main/INFO] (Minecraft) [CHAT] §2§l§o[TenorClef] §rT2 [HIST] 3:13.0 SNAP ph=IRON @69,62,9 sky=7 wet=false ground=true pick=0 buck=0 iron=0 ore=6 rods=0 pearls=0 eyes=0 child=CollectIronIngotTask dbg=<Collecting 8 iron.: [[iron_ingot] x 8]>  mobs=none
[04:37:22] [main/INFO] (Minecraft) [CHAT] §2§l§o[TenorClef] §rT2 [NOW] t=3:13.8 ph=IRON @69,62,9 do=<Collecting 8 iron.: [[iron_ingot] x 8]>  eq=stone_pickaxe woodpick=1 stonepick=1 pick=0 iron=0 buck=0
[04:37:22] [main/INFO] (Minecraft) [CHAT] §2§l§o[TenorClef] §rT2 [HB] t=3:14.6 ph=IRON y=62 child=CollectIronIngotTask logs=0 pick=0 woodpick=1
[04:37:23] [main/INFO] (Minecraft) [CHAT] §2§l§o[TenorClef] §rT2 [NOW] t=3:14.8 ph=IRON @69,62,9 do=<Collecting 8 iron.: [[iron_ingot] x 8]>  eq=stone_pickaxe woodpick=1 stonepick=1 pick=0 iron=0 buck=0
[04:37:23] [main/INFO] (Minecraft) [STDOUT]: ALTO CLEF: WARNING: T2 [E70] iron stall 6s @69,9 — clear blacklist + re-pick ore
[04:37:23] [main/INFO] (Minecraft) [CHAT] §2§l§o[TenorClef] §cT2 [E70] iron stall 6s @69,9 — clear blacklist + re-pick ore§r
[04:37:23] [main/INFO] (Minecraft) [CHAT] §2§l§o[TenorClef] §rT2 [HIST] 3:15.5 SNAP ph=IRON @69,62,9 sky=7 wet=false ground=true pick=0 buck=0 iron=0 ore=6 rods=0 pearls=0 eyes=0 child=CollectIronIngotTask dbg=<Collecting 8 iron.: [[iron_ingot] x 8]>  mobs=none
[04:37:24] [main/INFO] (Minecraft) [CHAT] §2§l§o[TenorClef] §rT2 [NOW] t=3:15.8 ph=IRON @69,62,9 do=<Collecting 8 iron.: [[iron_ingot] x 8]>  eq=stone_pickaxe woodpick=1 stonepick=1 pick=0 iron=0 buck=0
[04:37:25] [main/INFO] (Minecraft) [CHAT] §2§l§o[TenorClef] §rT2 [NOW] t=3:16.8 ph=IRON @68,61,9 do=<Collecting 8 iron.: [[iron_ingot] x 8]>  eq=stone_pickaxe woodpick=1 stonepick=1 pick=0 iron=0 buck=0
[04:37:26] [main/INFO] (Minecraft) [CHAT] §2§l§o[TenorClef] §rT2 [NOW] t=3:17.8 ph=IRON @68,61,9 do=<Collecting 8 iron.: [[iron_ingot] x 8]>  eq=stone_pickaxe woodpick=1 stonepick=1 pick=0 iron=0 buck=0
[04:37:26] [main/INFO] (Minecraft) [CHAT] §2§l§o[TenorClef] §rT2 [HIST] 3:18.0 SNAP ph=IRON @68,61,9 sky=5 wet=false ground=true pick=0 buck=0 iron=0 ore=6 rods=0 pearls=0 eyes=0 child=CollectIronIngotTask dbg=<Collecting 8 iron.: [[iron_ingot] x 8]>  mobs=none
[04:37:27] [main/INFO] (Minecraft) [CHAT] §2§l§o[TenorClef] §rT2 [NOW] t=3:18.8 ph=IRON @68,61,9 do=<Collecting 8 iron.: [[iron_ingot] x 8]>  eq=stone_pickaxe woodpick=1 stonepick=1 pick=0 iron=0 buck=0
[04:37:28] [main/INFO] (Minecraft) [CHAT] §2§l§o[TenorClef] §rT2 [NOW] t=3:19.8 ph=IRON @68,61,9 do=<Collecting 8 iron.: [[iron_ingot] x 8]>  eq=stone_pickaxe woodpick=1 stonepick=1 pick=0 iron=0 buck=0
[04:37:28] [main/INFO] (Minecraft) [CHAT] §2§l§o[TenorClef] §rT2 [HIST] 3:20.5 SNAP ph=IRON @68,61,9 sky=5 wet=false ground=true pick=0 buck=0 iron=0 ore=7 rods=0 pearls=0 eyes=0 child=CollectIronIngotTask dbg=<Collecting 8 iron.: [[iron_ingot] x 8]>  mobs=none
[04:37:29] [main/INFO] (Minecraft) [CHAT] §2§l§o[TenorClef] §rT2 [NOW] t=3:20.8 ph=IRON @68,61,9 do=<Collecting 8 iron.: [[iron_ingot] x 8]>  eq=stone_pickaxe woodpick=1 stonepick=1 pick=0 iron=0 buck=0
[04:37:30] [main/INFO] (Minecraft) [CHAT] §2§l§o[TenorClef] §rT2 [NOW] t=3:21.8 ph=IRON @67,61,8 do=<Collecting 8 iron.: [[iron_ingot] x 8]>  eq=stone_pickaxe woodpick=1 stonepick=1 pick=0 iron=0 buck=0
[04:37:31] [main/INFO] (Minecraft) [CHAT] §2§l§o[TenorClef] §rT2 [NOW] t=3:22.8 ph=IRON @67,60,8 do=<Collecting 8 iron.: [[iron_ingot] x 8]>  eq=stone_pickaxe woodpick=1 stonepick=1 pick=0 iron=0 buck=0
[04:37:31] [main/INFO] (Minecraft) [CHAT] §2§l§o[TenorClef] §rT2 [HIST] 3:23.0 SNAP ph=IRON @67,60,8 sky=2 wet=false ground=true pick=0 buck=0 iron=0 ore=8 rods=0 pearls=0 eyes=0 child=CollectIronIngotTask dbg=<Collecting 8 iron.: [[iron_ingot] x 8]>  mobs=none
[04:37:31] [main/INFO] (Minecraft) [STDOUT]: ALTO CLEF: WARNING: T2 [S130] START trigger=flips=3 ph=IRON prev=CollectIronIngotTask cycle=1 pos=67,59,8 walls=4/4/4 sky=1 place=37 boxed=true hold=false cool=0 ban=0 startY=59 step=0
[04:37:31] [main/INFO] (Minecraft) [CHAT] §2§l§o[TenorClef] §cT2 [S130] START trigger=flips=3 ph=IRON prev=CollectIronIngotTask cycle=1 pos=67,59,8 walls=4/4/4 sky=1 place=37 boxed=true hold=false cool=0 ban=0 startY=59 step=0§r
[04:37:31] [main/INFO] (Minecraft) [CHAT] §2§l§o[TenorClef] §rT2 [HIST] 3:23.1 FORCE S130 START trigger=flips=3 ph=IRON prev=CollectIronIngotTask cycle=1 pos=67,59,8 walls=4/4/4 sky=1 place=37 boxed=true hold=false cool=0 ban=0 startY=59 step=0
[04:37:31] [main/INFO] (Minecraft) [CHAT] §2§l§o[TenorClef] §rT2 [HIST] 3:23.1 PILLAR START flips=3 prev=CollectIronIngotTask
[04:37:31] [main/INFO] (Minecraft) [CHAT] §2§l§o[TenorClef] §rT2 [HIST] 3:23.1 SOLVE S130 pillar-out @67,59,8 ph=IRON flips=3
[04:37:31] [main/INFO] (Minecraft) [CHAT] §2§l§o[TenorClef] §rT2 [HIST] 3:23.1 CHILD CollectIronIngotTask -> HolePillarTask ph=IRON @67,59,8 sky=1 wet=false ground=false pick=0 buck=0 iron=0 ore=8 rods=0 pearls=0 eyes=0
[04:37:31] [main/INFO] (Minecraft) [STDOUT]: ALTO CLEF: WARNING: T2 [S130] tick y=59 slot=1 air=true pos=67,59,8 walls=4/4/4 sky=1 place=37 boxed=true hold=true cool=0 ban=0 startY=59 step=1
[04:37:31] [main/INFO] (Minecraft) [CHAT] §2§l§o[TenorClef] §cT2 [S130] tick y=59 slot=1 air=true pos=67,59,8 walls=4/4/4 sky=1 place=37 boxed=true hold=true cool=0 ban=0 startY=59 step=1§r
[04:37:31] [main/INFO] (Minecraft) [CHAT] §2§l§o[TenorClef] §rT2 [HIST] 3:23.1 FORCE S130 tick y=59 slot=1 air=true pos=67,59,8 walls=4/4/4 sky=1 place=37 boxed=true hold=true cool=0 ban=0 startY=59 step=1
[04:37:32] [main/INFO] (Minecraft) [CHAT] §2§l§o[TenorClef] §rT2 [NOW] t=3:23.8 ph=IRON @67,60,8 do=<T2 pillar-out>  eq=oak_planks woodpick=1 stonepick=1 pick=0 iron=0 buck=0
[04:37:32] [main/INFO] (Minecraft) [STDOUT]: ALTO CLEF: WARNING: T2 [S180] marginal escape +2y free at y=61 startY=59 pos=67,61,8 walls=3/3/4 sky=3 place=37 boxed=false hold=true cool=0 ban=0 startY=59 step=17
[04:37:32] [main/INFO] (Minecraft) [CHAT] §2§l§o[TenorClef] §cT2 [S180] marginal escape +2y free at y=61 startY=59 pos=67,61,8 walls=3/3/4 sky=3 place=37 boxed=false hold=true cool=0 ban=0 startY=59 step=17§r
[04:37:32] [main/INFO] (Minecraft) [CHAT] §2§l§o[TenorClef] §rT2 [HIST] 3:23.9 FORCE S180 marginal escape +2y free at y=61 startY=59 pos=67,61,8 walls=3/3/4 sky=3 place=37 boxed=false hold=true cool=0 ban=0 startY=59 step=17
[04:37:32] [main/INFO] (Minecraft) [STDOUT]: ALTO CLEF: WARNING: T2 [S139] rise pending +2y t=1 y=61 startY=59
[04:37:32] [main/INFO] (Minecraft) [CHAT] §2§l§o[TenorClef] §cT2 [S139] rise pending +2y t=1 y=61 startY=59§r
[04:37:32] [main/INFO] (Minecraft) [CHAT] §2§l§o[TenorClef] §rT2 [HIST] 3:23.9 FORCE S139 rise pending +2y t=1 y=61 startY=59
[04:37:32] [main/INFO] (Minecraft) [STDOUT]: ALTO CLEF: WARNING: T2 [S130] tick y=61 slot=3 air=true pos=67,61,8 walls=3/3/4 sky=3 place=36 boxed=false hold=true cool=0 ban=0 startY=59 step=21
[04:37:32] [main/INFO] (Minecraft) [CHAT] §2§l§o[TenorClef] §cT2 [S130] tick y=61 slot=3 air=true pos=67,61,8 walls=3/3/4 sky=3 place=36 boxed=false hold=true cool=0 ban=0 startY=59 step=21§r
[04:37:32] [main/INFO] (Minecraft) [CHAT] §2§l§o[TenorClef] §rT2 [HIST] 3:24.1 FORCE S130 tick y=61 slot=3 air=true pos=67,61,8 walls=3/3/4 sky=3 place=36 boxed=false hold=true cool=0 ban=0 startY=59 step=21
[04:37:32] [main/INFO] (Minecraft) [STDOUT]: ALTO CLEF: WARNING: T2 [S139] rise confirmed +2y held 12t y=61 startY=59 pos=67,61,8 walls=3/3/4 sky=3 place=36 boxed=false hold=true cool=0 ban=0 startY=59 step=28
[04:37:32] [main/INFO] (Minecraft) [CHAT] §2§l§o[TenorClef] §cT2 [S139] rise confirmed +2y held 12t y=61 startY=59 pos=67,61,8 walls=3/3/4 sky=3 place=36 boxed=false hold=true cool=0 ban=0 startY=59 step=28§r
[04:37:32] [main/INFO] (Minecraft) [CHAT] §2§l§o[TenorClef] §rT2 [HIST] 3:24.5 FORCE S139 rise confirmed +2y held 12t y=61 startY=59 pos=67,61,8 walls=3/3/4 sky=3 place=36 boxed=false hold=true cool=0 ban=0 startY=59 step=28
[04:37:32] [main/INFO] (Minecraft) [STDOUT]: ALTO CLEF: WARNING: T2 [S133] cool arm ticks=200 reason=risen y=61 startY=59 ban=67,61,8 pos=67,61,8 walls=3/3/4 sky=3 place=36 boxed=false hold=true cool=200 ban=200 startY=59 step=28
[04:37:32] [main/INFO] (Minecraft) [CHAT] §2§l§o[TenorClef] §cT2 [S133] cool arm ticks=200 reason=risen y=61 startY=59 ban=67,61,8 pos=67,61,8 walls=3/3/4 sky=3 place=36 boxed=false hold=true cool=200 ban=200 startY=59 step=28§r
[04:37:32] [main/INFO] (Minecraft) [CHAT] §2§l§o[TenorClef] §rT2 [HIST] 3:24.5 FORCE S133 cool arm ticks=200 reason=risen y=61 startY=59 ban=67,61,8 pos=67,61,8 walls=3/3/4 sky=3 place=36 boxed=false hold=true cool=200 ban=200 startY=59 step=28
[04:37:32] [main/INFO] (Minecraft) [STDOUT]: ALTO CLEF: WARNING: T2 [S136] END reason=risen y=61 startY=59 roseReal=true giveUp=true pos=67,61,8 walls=3/3/4 sky=3 place=36 boxed=false hold=true cool=200 ban=200 startY=59 step=28
[04:37:32] [main/INFO] (Minecraft) [CHAT] §2§l§o[TenorClef] §cT2 [S136] END reason=risen y=61 startY=59 roseReal=true giveUp=true pos=67,61,8 walls=3/3/4 sky=3 place=36 boxed=false hold=true cool=200 ban=200 startY=59 step=28§r
[04:37:32] [main/INFO] (Minecraft) [CHAT] §2§l§o[TenorClef] §rT2 [HIST] 3:24.5 FORCE S136 END reason=risen y=61 startY=59 roseReal=true giveUp=true pos=67,61,8 walls=3/3/4 sky=3 place=36 boxed=false hold=true cool=200 ban=200 startY=59 step=28
[04:37:32] [main/INFO] (Minecraft) [CHAT] §2§l§o[TenorClef] §rT2 [HIST] 3:24.5 PILLAR END risen y=61 startY=59
[04:37:32] [main/INFO] (Minecraft) [CHAT] §2§l§o[TenorClef] §rT2 [HIST] 3:24.5 WHY iron: smelt 8 in one furnace
[04:37:32] [main/INFO] (Minecraft) [STDOUT]: ALTO CLEF: WARNING: T2 [S136] stick drop pillar -> CollectIronIngotTask finished=true hold=false cool=199 end=risen y=61 startY=59 pos=67,61,8 walls=3/3/4 sky=3 place=36 boxed=false hold=false cool=199 ban=199 startY=- step=0
[04:37:32] [main/INFO] (Minecraft) [CHAT] §2§l§o[TenorClef] §cT2 [S136] stick drop pillar -> CollectIronIngotTask finished=true hold=false cool=199 end=risen y=61 startY=59 pos=67,61,8 walls=3/3/4 sky=3 place=36 boxed=false hold=false cool=199 ban=199 startY=- step=0§r
[04:37:32] [main/INFO] (Minecraft) [CHAT] §2§l§o[TenorClef] §rT2 [HIST] 3:24.5 FORCE S136 stick drop pillar -> CollectIronIngotTask finished=true hold=false cool=199 end=risen y=61 startY=59 pos=67,61,8 walls=3/3/4 sky=3 place=36 boxed=false hold=false cool=199 ban=199 startY=- step=0
[04:37:32] [main/INFO] (Minecraft) [CHAT] §2§l§o[TenorClef] §rT2 [HIST] 3:24.5 CHILD HolePillarTask -> CollectIronIngotTask ph=IRON @67,61,8 sky=3 wet=false ground=true pick=0 buck=0 iron=0 ore=8 rods=0 pearls=0 eyes=0
[04:37:32] [main/INFO] (Minecraft) [STDOUT]: ALTO CLEF: WARNING: T2 [S136] onStop interrupt=CollectIronIngotTask finishWhy=givingUp cool=199 lastEnd=risen y=61 startY=59 pos=67,61,8 walls=3/3/4 sky=3 place=36 boxed=false hold=false cool=199 ban=199 startY=- step=0
[04:37:32] [main/INFO] (Minecraft) [CHAT] §2§l§o[TenorClef] §cT2 [S136] onStop interrupt=CollectIronIngotTask finishWhy=givingUp cool=199 lastEnd=risen y=61 startY=59 pos=67,61,8 walls=3/3/4 sky=3 place=36 boxed=false hold=false cool=199 ban=199 startY=- step=0§r
[04:37:32] [main/INFO] (Minecraft) [CHAT] §2§l§o[TenorClef] §rT2 [HIST] 3:24.5 FORCE S136 onStop interrupt=CollectIronIngotTask finishWhy=givingUp cool=199 lastEnd=risen y=61 startY=59 pos=67,61,8 walls=3/3/4 sky=3 place=36 boxed=false hold=false cool=199 ban=199 startY=- step=0
[04:37:32] [main/INFO] (Minecraft) [CHAT] §2§l§o[TenorClef] §rMineAndCollect: equip item.minecraft.stone_pickaxe for block.minecraft.coal_ore
[04:37:33] [main/INFO] (Minecraft) [CHAT] §2§l§o[TenorClef] §rT2 [NOW] t=3:24.8 ph=IRON @67,61,8 do=<Collecting 8 iron.: [[iron_ingot] x 8]>  eq=stone_pickaxe woodpick=1 stonepick=1 pick=0 iron=0 buck=0
[04:37:33] [main/INFO] (Minecraft) [CHAT] §2§l§o[TenorClef] §rT2 [HB] t=3:25.4 ph=IRON y=61 child=CollectIronIngotTask logs=0 pick=0 woodpick=1
[04:37:33] [main/INFO] (Minecraft) [STDOUT]: ALTO CLEF: WARNING: T2 [E100] jumps=10 @67,61,8 ph=IRON child=CollectIronIngotTask
[04:37:33] [main/INFO] (Minecraft) [CHAT] §2§l§o[TenorClef] §cT2 [E100] jumps=10 @67,61,8 ph=IRON child=CollectIronIngotTask§r
[04:37:33] [main/INFO] (Minecraft) [CHAT] §2§l§o[TenorClef] §rT2 [HIST] 3:25.6 [E100] jumps=10 @67,61,8 ph=IRON child=CollectIronIngotTask
[04:37:34] [main/INFO] (Minecraft) [CHAT] §2§l§o[TenorClef] §rT2 [NOW] t=3:25.8 ph=IRON @67,61,8 do=<Collecting 8 iron.: [[iron_ingot] x 8]>  eq=stone_pickaxe woodpick=1 stonepick=1 pick=0 iron=0 buck=0
[04:37:34] [main/INFO] (Minecraft) [CHAT] §2§l§o[TenorClef] §rT2 [HIST] 3:26.2 SNAP ph=IRON @67,61,8 sky=3 wet=false ground=true pick=0 buck=0 iron=0 ore=8 rods=0 pearls=0 eyes=0 child=CollectIronIngotTask dbg=<Collecting 8 iron.: [[iron_ingot] x 8]>  mobs=none
[04:37:35] [main/INFO] (Minecraft) [CHAT] §2§l§o[TenorClef] §rT2 [NOW] t=3:26.8 ph=IRON @67,61,8 do=<Collecting 8 iron.: [[iron_ingot] x 8]>  eq=stone_pickaxe woodpick=1 stonepick=1 pick=0 iron=0 buck=0
[04:37:36] [main/INFO] (Minecraft) [CHAT] §2§l§o[TenorClef] §rT2 [NOW] t=3:27.8 ph=IRON @67,61,8 do=<Collecting 8 iron.: [[iron_ingot] x 8]>  eq=stone_pickaxe woodpick=1 stonepick=1 pick=0 iron=0 buck=0
[04:37:36] [main/INFO] (Minecraft) [CHAT] §2§l§o[TenorClef] §rT2 [HIST] 3:28.6 WHY iron: smelt 8 in one furnace
[04:37:37] [main/INFO] (Minecraft) [CHAT] §2§l§o[TenorClef] §rT2 [HIST] 3:28.7 SNAP ph=IRON @67,61,7 sky=2 wet=false ground=true pick=0 buck=0 iron=0 ore=10 rods=0 pearls=0 eyes=0 child=CollectIronIngotTask dbg=<Collecting 8 iron.: [[iron_ingot] x 8]>  mobs=none
[04:37:37] [main/INFO] (Minecraft) [CHAT] §2§l§o[TenorClef] §rT2 [NOW] t=3:28.8 ph=IRON @67,60,7 do=<Collecting 8 iron.: [[iron_ingot] x 8]>  eq=stone_pickaxe woodpick=1 stonepick=1 pick=0 iron=0 buck=0
[04:37:38] [main/INFO] (Minecraft) [CHAT] §2§l§o[TenorClef] §rT2 [NOW] t=3:29.8 ph=IRON @67,59,7 do=<Collecting 8 iron.: [[iron_ingot] x 8]>  eq=stone_pickaxe woodpick=1 stonepick=1 pick=0 iron=0 buck=0
[04:37:38] [main/INFO] (Minecraft) [STDOUT]: ALTO CLEF: WARNING: T2 [S135] S130 suppressed why=would-S130 but busy cool=94 flips=3 sameXz=24 child=CollectIronIngotTask cool=94 ban=94 hold=false pos=67,59,7 walls=4/4/4 sky=0 place=37 boxed=true hold=false cool=94 ban=94 startY=- step=0
[04:37:38] [main/INFO] (Minecraft) [CHAT] §2§l§o[TenorClef] §cT2 [S135] S130 suppressed why=would-S130 but busy cool=94 flips=3 sameXz=24 child=CollectIronIngotTask cool=94 ban=94 hold=false pos=67,59,7 walls=4/4/4 sky=0 place=37 boxed=true hold=false cool=94 ban=94 startY=- step=0§r
[04:37:38] [main/INFO] (Minecraft) [CHAT] §2§l§o[TenorClef] §rT2 [HIST] 3:29.8 FORCE S135 S130 suppressed why=would-S130 but busy cool=94 flips=3 sameXz=24 child=CollectIronIngotTask cool=94 ban=94 hold=false pos=67,59,7 walls=4/4/4 sky=0 place=37 boxed=true hold=false cool=94 ban=94 startY=- step=0
[04:37:38] [main/INFO] (Minecraft) [CHAT] §2§l§o[TenorClef] §rT2 [HB] t=3:30.4 ph=IRON y=59 child=CollectIronIngotTask logs=0 pick=0 woodpick=1
[04:37:39] [main/INFO] (Minecraft) [CHAT] §2§l§o[TenorClef] §rT2 [NOW] t=3:30.8 ph=IRON @67,58,7 do=<Collecting 8 iron.: [[iron_ingot] x 8]>  eq=stone_pickaxe woodpick=1 stonepick=1 pick=0 iron=0 buck=0
[04:37:39] [main/INFO] (Minecraft) [STDOUT]: ALTO CLEF: WARNING: T2 [S100] stop jump-walk @67,7 ph=IRON child=CollectIronIngotTask esc=0
[04:37:39] [main/INFO] (Minecraft) [CHAT] §2§l§o[TenorClef] §cT2 [S100] stop jump-walk @67,7 ph=IRON child=CollectIronIngotTask esc=0§r
[04:37:39] [main/INFO] (Minecraft) [CHAT] §2§l§o[TenorClef] §rT2 [HIST] 3:30.9 SOLVE S100 stop jump-walk @67,7 ph=IRON child=CollectIronIngotTask esc=0
[04:37:39] [main/INFO] (Minecraft) Loaded 70 advancements
[04:37:39] [main/INFO] (Minecraft) [CHAT] §2§l§o[TenorClef] §rT2 [HIST] 3:31.2 SNAP ph=IRON @67,58,7 sky=0 wet=false ground=true pick=0 buck=0 iron=0 ore=10 rods=0 pearls=0 eyes=0 child=CollectIronIngotTask dbg=<Collecting 8 iron.: [[iron_ingot] x 8]>  mobs=none
[04:37:40] [main/INFO] (Minecraft) [CHAT] §2§l§o[TenorClef] §rT2 [NOW] t=3:31.8 ph=IRON @67,58,7 do=<Collecting 8 iron.: [[iron_ingot] x 8]>  eq=stone_pickaxe woodpick=1 stonepick=1 pick=0 iron=0 buck=0
[04:37:40] [main/INFO] (Minecraft) [CHAT] §2§l§o[TenorClef] §rT2 [HIST] 3:32.6 WHY iron: smelt 8 in one furnace
[04:37:40] [main/INFO] (Minecraft) [STDOUT]: ALTO CLEF: WARNING: T2 [E100] jumps=6 @67,58,7 ph=IRON child=CollectIronIngotTask
[04:37:40] [main/INFO] (Minecraft) [CHAT] §2§l§o[TenorClef] §cT2 [E100] jumps=6 @67,58,7 ph=IRON child=CollectIronIngotTask§r
[04:37:40] [main/INFO] (Minecraft) [CHAT] §2§l§o[TenorClef] §rT2 [HIST] 3:32.6 [E100] jumps=6 @67,58,7 ph=IRON child=CollectIronIngotTask
[04:37:41] [main/INFO] (Minecraft) [CHAT] §2§l§o[TenorClef] §rT2 [NOW] t=3:32.8 ph=IRON @67,58,7 do=<Collecting 8 iron.: [[iron_ingot] x 8]>  eq=stone_pickaxe woodpick=1 stonepick=1 pick=0 iron=0 buck=0
[04:37:41] [main/INFO] (Minecraft) [STDOUT]: ALTO CLEF: WARNING: T2 [S138] shaft ban clear left-xz ban=67,61,8 now=67,58,6 manh=2 dy=3 left=18
[04:37:41] [main/INFO] (Minecraft) [CHAT] §2§l§o[TenorClef] §cT2 [S138] shaft ban clear left-xz ban=67,61,8 now=67,58,6 manh=2 dy=3 left=18§r
[04:37:41] [main/INFO] (Minecraft) [CHAT] §2§l§o[TenorClef] §rT2 [HIST] 3:33.6 FORCE S138 shaft ban clear left-xz ban=67,61,8 now=67,58,6 manh=2 dy=3 left=18
[04:37:42] [main/INFO] (Minecraft) [CHAT] §2§l§o[TenorClef] §rT2 [HIST] 3:33.7 SNAP ph=IRON @67,58,6 sky=0 wet=false ground=true pick=0 buck=0 iron=0 ore=10 rods=0 pearls=0 eyes=0 child=CollectIronIngotTask dbg=<Collecting 8 iron.: [[iron_ingot] x 8]>  mobs=none
[04:37:42] [main/INFO] (Minecraft) [CHAT] §2§l§o[TenorClef] §rT2 [NOW] t=3:33.8 ph=IRON @67,57,6 do=<Collecting 8 iron.: [[iron_ingot] x 8]>  eq=stone_pickaxe woodpick=1 stonepick=1 pick=0 iron=0 buck=0
[04:37:42] [main/INFO] (Minecraft) [STDOUT]: ALTO CLEF: WARNING: T2 [S134] pillar cool expire after flips=3 end=risen y=61 startY=59
[04:37:42] [main/INFO] (Minecraft) [CHAT] §2§l§o[TenorClef] §cT2 [S134] pillar cool expire after flips=3 end=risen y=61 startY=59§r
[04:37:42] [main/INFO] (Minecraft) [CHAT] §2§l§o[TenorClef] §rT2 [HIST] 3:34.5 FORCE S134 pillar cool expire after flips=3 end=risen y=61 startY=59
[04:37:42] [main/INFO] (Minecraft) [STDOUT]: ALTO CLEF: WARNING: T2 [S138] shaft ban clear left-xz ban=67,61,8 now=67,57,6 manh=2 dy=4 left=60
[04:37:42] [main/INFO] (Minecraft) [CHAT] §2§l§o[TenorClef] §cT2 [S138] shaft ban clear left-xz ban=67,61,8 now=67,57,6 manh=2 dy=4 left=60§r
[04:37:42] [main/INFO] (Minecraft) [CHAT] §2§l§o[TenorClef] §rT2 [HIST] 3:34.5 FORCE S138 shaft ban clear left-xz ban=67,61,8 now=67,57,6 manh=2 dy=4 left=60
[04:37:43] [main/INFO] (Minecraft) [CHAT] §2§l§o[TenorClef] §rT2 [NOW] t=3:34.8 ph=IRON @67,57,6 do=<Collecting 8 iron.: [[iron_ingot] x 8]>  eq=stone_pickaxe woodpick=1 stonepick=1 pick=0 iron=0 buck=0
[04:37:43] [main/INFO] (Minecraft) [CHAT] §2§l§o[TenorClef] §rT2 [HB] t=3:35.4 ph=IRON y=57 child=CollectIronIngotTask logs=0 pick=0 woodpick=1
[04:37:44] [main/INFO] (Minecraft) [CHAT] §2§l§o[TenorClef] §rT2 [NOW] t=3:35.8 ph=IRON @67,57,6 do=<Collecting 8 iron.: [[iron_ingot] x 8]>  eq=stone_pickaxe woodpick=1 stonepick=1 pick=0 iron=0 buck=0
[04:37:44] [main/INFO] (Minecraft) [CHAT] §2§l§o[TenorClef] §rT2 [HIST] 3:36.2 SNAP ph=IRON @67,57,6 sky=0 wet=false ground=true pick=0 buck=0 iron=0 ore=10 rods=0 pearls=0 eyes=0 child=CollectIronIngotTask dbg=<Collecting 8 iron.: [[iron_ingot] x 8]>  mobs=none
[04:37:44] [main/INFO] (Minecraft) [CHAT] §2§l§o[TenorClef] §rT2 [HIST] 3:36.6 WHY iron: smelt 8 in one furnace
[04:37:45] [main/INFO] (Minecraft) [CHAT] §2§l§o[TenorClef] §rT2 [NOW] t=3:36.8 ph=IRON @67,57,6 do=<Collecting 8 iron.: [[iron_ingot] x 8]>  eq=stone_pickaxe woodpick=1 stonepick=1 pick=0 iron=0 buck=0
[04:37:46] [main/INFO] (Minecraft) [CHAT] §2§l§o[TenorClef] §rT2 [NOW] t=3:37.8 ph=IRON @67,57,6 do=<Collecting 8 iron.: [[iron_ingot] x 8]>  eq=stone_pickaxe woodpick=1 stonepick=1 pick=0 iron=0 buck=0
[04:37:47] [main/INFO] (Minecraft) [CHAT] §2§l§o[TenorClef] §rT2 [HIST] 3:38.7 SNAP ph=IRON @67,57,6 sky=0 wet=false ground=true pick=0 buck=0 iron=0 ore=10 rods=0 pearls=0 eyes=0 child=CollectIronIngotTask dbg=<Collecting 8 iron.: [[iron_ingot] x 8]>  mobs=none
[04:37:47] [main/INFO] (Minecraft) [CHAT] §2§l§o[TenorClef] §rT2 [NOW] t=3:38.8 ph=IRON @67,57,6 do=<Collecting 8 iron.: [[iron_ingot] x 8]>  eq=stone_pickaxe woodpick=1 stonepick=1 pick=0 iron=0 buck=0
[04:37:48] [main/INFO] (Minecraft) [CHAT] §2§l§o[TenorClef] §rT2 [NOW] t=3:39.8 ph=IRON @67,57,6 do=<Collecting 8 iron.: [[iron_ingot] x 8]>  eq=stone_pickaxe woodpick=1 stonepick=1 pick=0 iron=0 buck=0
[04:37:48] [main/INFO] (Minecraft) [CHAT] §2§l§o[TenorClef] §rT2 [HB] t=3:40.4 ph=IRON y=57 child=CollectIronIngotTask logs=0 pick=0 woodpick=1
[04:37:48] [main/INFO] (Minecraft) [STDOUT]: ALTO CLEF: WARNING: T2 [E70] iron stall 6s @67,6 — clear blacklist + re-pick ore
[04:37:48] [main/INFO] (Minecraft) [CHAT] §2§l§o[TenorClef] §cT2 [E70] iron stall 6s @67,6 — clear blacklist + re-pick ore§r
[04:37:49] [main/INFO] (Minecraft) [CHAT] §2§l§o[TenorClef] §rT2 [NOW] t=3:40.8 ph=IRON @67,57,6 do=<Collecting 8 iron.: [[iron_ingot] x 8]>  eq=stone_pickaxe woodpick=1 stonepick=1 pick=0 iron=0 buck=0
[04:37:49] [main/INFO] (Minecraft) [CHAT] §2§l§o[TenorClef] §rT2 [HIST] 3:41.2 SNAP ph=IRON @67,57,6 sky=0 wet=false ground=true pick=0 buck=0 iron=0 ore=10 rods=0 pearls=0 eyes=0 child=CollectIronIngotTask dbg=<Collecting 8 iron.: [[iron_ingot] x 8]>  mobs=none
[04:37:50] [main/INFO] (Minecraft) [CHAT] §2§l§o[TenorClef] §rT2 [NOW] t=3:41.8 ph=IRON @67,57,6 do=<Collecting 8 iron.: [[iron_ingot] x 8]>  eq=stone_pickaxe woodpick=1 stonepick=1 pick=0 iron=0 buck=0
[04:37:50] [main/INFO] (Minecraft) [CHAT] §2§l§o[TenorClef] §rRefreshed inventory...
[04:37:51] [main/INFO] (Minecraft) [CHAT] §2§l§o[TenorClef] §rT2 [NOW] t=3:42.8 ph=IRON @67,56,5 do=<Collecting 8 iron.: [[iron_ingot] x 8]>  eq=stone_pickaxe woodpick=1 stonepick=1 pick=0 iron=0 buck=0
[04:37:51] [main/INFO] (Minecraft) Loaded 71 advancements
[04:37:52] [main/INFO] (Minecraft) [CHAT] §2§l§o[TenorClef] §rT2 [HIST] 3:43.7 SNAP ph=IRON @67,57,5 sky=0 wet=false ground=false pick=0 buck=0 iron=0 ore=10 rods=0 pearls=0 eyes=0 child=CollectIronIngotTask dbg=<Collecting 8 iron.: [[iron_ingot] x 8]>  mobs=none
[04:37:52] [main/INFO] (Minecraft) [CHAT] §2§l§o[TenorClef] §rT2 [NOW] t=3:43.8 ph=IRON @67,57,6 do=<Collecting 8 iron.: [[iron_ingot] x 8]>  eq=stone_pickaxe woodpick=1 stonepick=1 pick=0 iron=0 buck=0
[04:37:53] [main/INFO] (Minecraft) [CHAT] §2§l§o[TenorClef] §rT2 [NOW] t=3:44.8 ph=IRON @67,59,7 do=<Collecting 8 iron.: [[iron_ingot] x 8]>  eq=dirt woodpick=1 stonepick=1 pick=0 iron=0 buck=0
[04:37:54] [main/INFO] (Minecraft) [CHAT] §2§l§o[TenorClef] §rT2 [NOW] t=3:45.8 ph=IRON @67,61,9 do=<Collecting 8 iron.: [[iron_ingot] x 8]>  eq=stone_pickaxe woodpick=1 stonepick=1 pick=0 iron=0 buck=0
[04:37:54] [main/INFO] (Minecraft) [CHAT] §2§l§o[TenorClef] §rT2 [HIST] 3:46.2 SNAP ph=IRON @68,61,9 sky=5 wet=false ground=false pick=0 buck=0 iron=0 ore=10 rods=0 pearls=0 eyes=0 child=CollectIronIngotTask dbg=<Collecting 8 iron.: [[iron_ingot] x 8]>  mobs=none
[04:37:55] [main/INFO] (Minecraft) [CHAT] §2§l§o[TenorClef] §rT2 [NOW] t=3:46.8 ph=IRON @69,62,10 do=<Collecting 8 iron.: [[iron_ingot] x 8]>  eq=stone_pickaxe woodpick=1 stonepick=1 pick=0 iron=0 buck=0
[04:37:56] [main/INFO] (Minecraft) [CHAT] §2§l§o[TenorClef] §rT2 [NOW] t=3:47.8 ph=IRON @69,64,13 do=<Collecting 8 iron.: [[iron_ingot] x 8]>  eq=stone_pickaxe woodpick=1 stonepick=1 pick=0 iron=0 buck=0
[04:37:57] [main/INFO] (Minecraft) [CHAT] §2§l§o[TenorClef] §rT2 [HIST] 3:48.7 SNAP ph=IRON @69,65,17 sky=15 wet=false ground=true pick=0 buck=0 iron=0 ore=10 rods=0 pearls=0 eyes=0 child=CollectIronIngotTask dbg=<Collecting 8 iron.: [[iron_ingot] x 8]>  mobs=none
[04:37:57] [main/INFO] (Minecraft) [CHAT] §2§l§o[TenorClef] §rT2 [NOW] t=3:48.8 ph=IRON @69,65,17 do=<Collecting 8 iron.: [[iron_ingot] x 8]>  eq=dirt woodpick=1 stonepick=1 pick=0 iron=0 buck=0
[04:37:58] [main/INFO] (Minecraft) [CHAT] §2§l§o[TenorClef] §rT2 [NOW] t=3:49.8 ph=IRON @69,67,19 do=<Collecting 8 iron.: [[iron_ingot] x 8]>  eq=stone_pickaxe woodpick=1 stonepick=1 pick=0 iron=0 buck=0
[04:37:59] [main/INFO] (Minecraft) [CHAT] §2§l§o[TenorClef] §rT2 [NOW] t=3:50.8 ph=IRON @69,67,19 do=<Collecting 8 iron.: [[iron_ingot] x 8]>  eq=stone_pickaxe woodpick=1 stonepick=1 pick=0 iron=0 buck=0
[04:37:59] [main/INFO] (Minecraft) [CHAT] §2§l§o[TenorClef] §rT2 [HIST] 3:51.2 SNAP ph=IRON @69,67,19 sky=15 wet=false ground=true pick=0 buck=0 iron=0 ore=10 rods=0 pearls=0 eyes=0 child=CollectIronIngotTask dbg=<Collecting 8 iron.: [[iron_ingot] x 8]>  mobs=none
[04:38:00] [main/INFO] (Minecraft) [CHAT] §2§l§o[TenorClef] §rT2 [NOW] t=3:51.8 ph=IRON @69,67,19 do=<Collecting 8 iron.: [[iron_ingot] x 8]>  eq=stone_pickaxe woodpick=1 stonepick=1 pick=0 iron=0 buck=0
[04:38:01] [main/INFO] (Minecraft) [CHAT] §2§l§o[TenorClef] §rT2 [NOW] t=3:52.8 ph=IRON @69,67,19 do=<Collecting 8 iron.: [[iron_ingot] x 8]>  eq=stone_pickaxe woodpick=1 stonepick=1 pick=0 iron=0 buck=0
[04:38:02] [main/INFO] (Minecraft) [CHAT] §2§l§o[TenorClef] §rT2 [HIST] 3:53.7 SNAP ph=IRON @69,68,19 sky=15 wet=false ground=false pick=0 buck=0 iron=0 ore=10 rods=0 pearls=0 eyes=0 child=CollectIronIngotTask dbg=<Collecting 8 iron.: [[iron_ingot] x 8]>  mobs=none
[04:38:02] [main/INFO] (Minecraft) [CHAT] §2§l§o[TenorClef] §rT2 [NOW] t=3:53.8 ph=IRON @69,68,19 do=<Collecting 8 iron.: [[iron_ingot] x 8]>  eq=stone_pickaxe woodpick=1 stonepick=1 pick=0 iron=0 buck=0
[04:38:03] [main/INFO] (Minecraft) [CHAT] §2§l§o[TenorClef] §rT2 [NOW] t=3:54.8 ph=IRON @69,68,20 do=<Collecting 8 iron.: [[iron_ingot] x 8]>  eq=stone_pickaxe woodpick=1 stonepick=1 pick=0 iron=0 buck=0
[04:38:04] [main/INFO] (Minecraft) [CHAT] §2§l§o[TenorClef] §rT2 [NOW] t=3:55.8 ph=IRON @69,68,20 do=<Collecting 8 iron.: [[iron_ingot] x 8]>  eq=stone_pickaxe woodpick=1 stonepick=1 pick=0 iron=0 buck=0
[04:38:04] [main/INFO] (Minecraft) [CHAT] §2§l§o[TenorClef] §rT2 [HIST] 3:56.2 SNAP ph=IRON @69,68,20 sky=15 wet=false ground=true pick=0 buck=0 iron=0 ore=10 rods=0 pearls=0 eyes=0 child=CollectIronIngotTask dbg=<Collecting 8 iron.: [[iron_ingot] x 8]>  mobs=none
[04:38:05] [main/INFO] (Minecraft) [CHAT] §2§l§o[TenorClef] §rT2 [NOW] t=3:56.8 ph=IRON @69,68,20 do=<Collecting 8 iron.: [[iron_ingot] x 8]>  eq=stone_pickaxe woodpick=1 stonepick=1 pick=0 iron=0 buck=0
[04:38:06] [main/INFO] (Minecraft) [CHAT] §2§l§o[TenorClef] §rT2 [NOW] t=3:57.8 ph=IRON @70,68,21 do=<Collecting 8 iron.: [[iron_ingot] x 8]>  eq=stone_pickaxe woodpick=1 stonepick=1 pick=0 iron=0 buck=0
[04:38:07] [main/INFO] (Minecraft) [CHAT] §2§l§o[TenorClef] §rT2 [HIST] 3:58.7 SNAP ph=IRON @70,68,21 sky=14 wet=false ground=true pick=0 buck=0 iron=0 ore=10 rods=0 pearls=0 eyes=0 child=CollectIronIngotTask dbg=<Collecting 8 iron.: [[iron_ingot] x 8]>  mobs=none
[04:38:07] [main/INFO] (Minecraft) [CHAT] [Baritone] Done building
[04:38:07] [main/INFO] (Minecraft) [CHAT] §2§l§o[TenorClef] §rT2 [NOW] t=3:58.8 ph=IRON @70,68,21 do=<Collecting 8 iron.: [[iron_ingot] x 8]>  eq=stone_pickaxe woodpick=1 stonepick=1 pick=0 iron=0 buck=0
[04:38:07] [main/INFO] (Minecraft) [CHAT] [Baritone] Done building
[04:38:07] [main/INFO] (Minecraft) [CHAT] [Baritone] Done building
[04:38:07] [main/INFO] (Minecraft) [CHAT] [Baritone] Done building
[04:38:07] [main/INFO] (Minecraft) [CHAT] [Baritone] Done building
[04:38:07] [main/INFO] (Minecraft) [CHAT] [Baritone] Done building
[04:38:07] [main/INFO] (Minecraft) [CHAT] [Baritone] Done building
[04:38:07] [main/INFO] (Minecraft) [CHAT] [Baritone] Done building
[04:38:07] [main/INFO] (Minecraft) [CHAT] [Baritone] Done building
[04:38:07] [main/INFO] (Minecraft) [CHAT] [Baritone] Done building
[04:38:07] [main/INFO] (Minecraft) [CHAT] [Baritone] Done building
[04:38:07] [main/INFO] (Minecraft) [CHAT] [Baritone] Done building
[04:38:07] [main/INFO] (Minecraft) [CHAT] [Baritone] Done building
[04:38:07] [main/INFO] (Minecraft) [CHAT] [Baritone] Done building
[04:38:07] [main/INFO] (Minecraft) [CHAT] [Baritone] Done building
[04:38:07] [main/INFO] (Minecraft) [CHAT] [Baritone] Done building
[04:38:07] [main/INFO] (Minecraft) [CHAT] [Baritone] Done building
[04:38:07] [main/INFO] (Minecraft) [CHAT] [Baritone] Done building
[04:38:07] [main/INFO] (Minecraft) [CHAT] [Baritone] Done building
[04:38:08] [main/INFO] (Minecraft) Loaded 72 advancements
[04:38:08] [main/INFO] (Minecraft) [CHAT] §2§l§o[TenorClef] §rT2 [NOW] t=3:59.8 ph=IRON @70,68,21 do=<Collecting 8 iron.: [[iron_ingot] x 8]>  eq=stone_pickaxe woodpick=1 stonepick=1 pick=0 iron=0 buck=0
[04:38:08] [main/INFO] (Minecraft) [STDOUT]: ALTO CLEF: WARNING: T2 [E70] iron stall 6s @70,21 — clear blacklist + re-pick ore
[04:38:08] [main/INFO] (Minecraft) [CHAT] §2§l§o[TenorClef] §cT2 [E70] iron stall 6s @70,21 — clear blacklist + re-pick ore§r
[04:38:08] [main/INFO] (Minecraft) [CHAT] §2§l§o[TenorClef] §rT2 [HB] t=4:00.4 ph=IRON y=68 child=CollectIronIngotTask logs=0 pick=0 woodpick=1
[04:38:09] [main/INFO] (Minecraft) [CHAT] §2§l§o[TenorClef] §rT2 [NOW] t=4:00.8 ph=IRON @70,68,21 do=<Collecting 8 iron.: [[iron_ingot] x 8]>  eq=stone_pickaxe woodpick=1 stonepick=1 pick=0 iron=0 buck=0
[04:38:09] [main/INFO] (Minecraft) [CHAT] §2§l§o[TenorClef] §rT2 [HIST] 4:01.2 SNAP ph=IRON @70,68,21 sky=14 wet=false ground=true pick=0 buck=0 iron=0 ore=10 rods=0 pearls=0 eyes=0 child=CollectIronIngotTask dbg=<Collecting 8 iron.: [[iron_ingot] x 8]>  mobs=none
[04:38:09] [main/INFO] (Minecraft) [STDOUT]: ALTO CLEF: WARNING: T2 [S120] craft-gui jump @70,68,21 child=CollectIronIngotTask
[04:38:09] [main/INFO] (Minecraft) [CHAT] §2§l§o[TenorClef] §cT2 [S120] craft-gui jump @70,68,21 child=CollectIronIngotTask§r
[04:38:09] [main/INFO] (Minecraft) [CHAT] §2§l§o[TenorClef] §rT2 [HIST] 4:01.3 SOLVE S120 craft-gui jump @70,68,21 child=CollectIronIngotTask
[04:38:09] [main/INFO] (Minecraft) [CHAT] §2§l§o[TenorClef] §rT2 [HIST] 4:01.3 WHY iron: smelt 8 in one furnace
[04:38:10] [main/INFO] (Minecraft) [CHAT] §2§l§o[TenorClef] §rT2 [NOW] t=4:01.8 ph=IRON @70,68,21 do=<Collecting 8 iron.: [[iron_ingot] x 8]>  eq=stone_pickaxe woodpick=1 stonepick=1 pick=0 iron=0 buck=0
[04:38:11] [main/INFO] (Minecraft) [CHAT] §2§l§o[TenorClef] §rT2 [NOW] t=4:02.8 ph=IRON @70,68,21 do=<Collecting 8 iron.: [[iron_ingot] x 8]>  eq=stone_pickaxe woodpick=1 stonepick=1 pick=0 iron=0 buck=0
[04:38:12] [main/INFO] (Minecraft) [CHAT] §2§l§o[TenorClef] §rT2 [HIST] 4:03.7 SNAP ph=IRON @70,68,20 sky=15 wet=false ground=true pick=0 buck=0 iron=0 ore=10 rods=0 pearls=0 eyes=0 child=CollectIronIngotTask dbg=<Collecting 8 iron.: [[iron_ingot] x 8]>  mobs=none
[04:38:12] [main/INFO] (Minecraft) [CHAT] §2§l§o[TenorClef] §rT2 [NOW] t=4:03.8 ph=IRON @70,68,20 do=<Collecting 8 iron.: [[iron_ingot] x 8]>  eq=stone_pickaxe woodpick=1 stonepick=1 pick=0 iron=0 buck=0
[04:38:13] [main/INFO] (Minecraft) [CHAT] §2§l§o[TenorClef] §rT2 [NOW] t=4:04.8 ph=IRON @70,68,20 do=<Collecting 8 iron.: [[iron_ingot] x 8]>  eq=stone_pickaxe woodpick=1 stonepick=1 pick=0 iron=0 buck=0
[04:38:13] [main/INFO] (Minecraft) [CHAT] §2§l§o[TenorClef] §rT2 [HB] t=4:05.4 ph=IRON y=68 child=CollectIronIngotTask logs=0 pick=0 woodpick=1
[04:38:14] [main/INFO] (Minecraft) [CHAT] §2§l§o[TenorClef] §rT2 [NOW] t=4:05.8 ph=IRON @70,68,20 do=<Collecting 8 iron.: [[iron_ingot] x 8]>  eq=stone_pickaxe woodpick=1 stonepick=1 pick=0 iron=0 buck=0
[04:38:14] [main/INFO] (Minecraft) [CHAT] §2§l§o[TenorClef] §rT2 [HIST] 4:06.2 SNAP ph=IRON @70,68,20 sky=15 wet=false ground=true pick=0 buck=0 iron=0 ore=10 rods=0 pearls=0 eyes=0 child=CollectIronIngotTask dbg=<Collecting 8 iron.: [[iron_ingot] x 8]>  mobs=none
[04:38:15] [main/INFO] (Minecraft) [CHAT] §2§l§o[TenorClef] §rT2 [NOW] t=4:06.8 ph=IRON @70,68,20 do=<Collecting 8 iron.: [[iron_ingot] x 8]>  eq=stone_pickaxe woodpick=1 stonepick=1 pick=0 iron=0 buck=0
[04:38:15] [main/INFO] (Minecraft) [STDOUT]: ALTO CLEF: WARNING: T2 [S120] craft-gui jump @70,68,20 child=CollectIronIngotTask
[04:38:15] [main/INFO] (Minecraft) [CHAT] §2§l§o[TenorClef] §cT2 [S120] craft-gui jump @70,68,20 child=CollectIronIngotTask§r
[04:38:15] [main/INFO] (Minecraft) [CHAT] §2§l§o[TenorClef] §rT2 [HIST] 4:07.3 SOLVE S120 craft-gui jump @70,68,20 child=CollectIronIngotTask
[04:38:15] [main/INFO] (Minecraft) [CHAT] §2§l§o[TenorClef] §rT2 [HIST] 4:07.3 WHY iron: smelt 8 in one furnace
[04:38:16] [main/INFO] (Minecraft) [CHAT] §2§l§o[TenorClef] §rT2 [NOW] t=4:07.8 ph=IRON @69,68,19 do=<Collecting 8 iron.: [[iron_ingot] x 8]>  eq=stone_pickaxe woodpick=1 stonepick=1 pick=0 iron=0 buck=0
[04:38:17] [main/INFO] (Minecraft) [CHAT] §2§l§o[TenorClef] §rT2 [HIST] 4:08.7 SNAP ph=IRON @69,65,16 sky=15 wet=false ground=true pick=0 buck=0 iron=0 ore=10 rods=0 pearls=0 eyes=0 child=CollectIronIngotTask dbg=<Collecting 8 iron.: [[iron_ingot] x 8]>  mobs=none
[04:38:17] [main/INFO] (Minecraft) [CHAT] §2§l§o[TenorClef] §rT2 [NOW] t=4:08.8 ph=IRON @69,65,16 do=<Collecting 8 iron.: [[iron_ingot] x 8]>  eq=stone_pickaxe woodpick=1 stonepick=1 pick=0 iron=0 buck=0
[04:38:18] [main/INFO] (Minecraft) [CHAT] §2§l§o[TenorClef] §rT2 [NOW] t=4:09.8 ph=IRON @69,66,18 do=<Collecting 8 iron.: [[iron_ingot] x 8]>  eq=stone_pickaxe woodpick=1 stonepick=1 pick=0 iron=0 buck=0
[04:38:18] [main/INFO] (Minecraft) [CHAT] §2§l§o[TenorClef] §rT2 [HB] t=4:10.4 ph=IRON y=66 child=CollectIronIngotTask logs=0 pick=0 woodpick=1
[04:38:19] [main/INFO] (Minecraft) [CHAT] §2§l§o[TenorClef] §rT2 [NOW] t=4:10.8 ph=IRON @69,66,18 do=<Collecting 8 iron.: [[iron_ingot] x 8]>  eq=stone_pickaxe woodpick=1 stonepick=1 pick=0 iron=0 buck=0
[04:38:19] [main/INFO] (Minecraft) [CHAT] §2§l§o[TenorClef] §rT2 [HIST] 4:11.2 SNAP ph=IRON @69,66,18 sky=15 wet=false ground=true pick=0 buck=0 iron=0 ore=10 rods=0 pearls=0 eyes=0 child=CollectIronIngotTask dbg=<Collecting 8 iron.: [[iron_ingot] x 8]>  mobs=none
[04:38:20] [main/INFO] (Minecraft) [CHAT] §2§l§o[TenorClef] §rT2 [NOW] t=4:11.8 ph=IRON @69,66,18 do=<Collecting 8 iron.: [[iron_ingot] x 8]>  eq=stone_pickaxe woodpick=1 stonepick=1 pick=0 iron=0 buck=0
[04:38:21] [main/INFO] (Minecraft) [CHAT] §2§l§o[TenorClef] §rT2 [NOW] t=4:12.8 ph=IRON @69,66,18 do=<Collecting 8 iron.: [[iron_ingot] x 8]>  eq=stone_pickaxe woodpick=1 stonepick=1 pick=0 iron=0 buck=0
[04:38:21] [main/INFO] (Minecraft) [STDOUT]: ALTO CLEF: WARNING: T2 [S120] craft-gui jump @69,66,18 child=CollectIronIngotTask
[04:38:21] [main/INFO] (Minecraft) [CHAT] §2§l§o[TenorClef] §cT2 [S120] craft-gui jump @69,66,18 child=CollectIronIngotTask§r
[04:38:21] [main/INFO] (Minecraft) [CHAT] §2§l§o[TenorClef] §rT2 [HIST] 4:13.4 SOLVE S120 craft-gui jump @69,66,18 child=CollectIronIngotTask
[04:38:21] [main/INFO] (Minecraft) [CHAT] §2§l§o[TenorClef] §rT2 [HIST] 4:13.4 WHY iron: smelt 8 in one furnace
[04:38:22] [main/INFO] (Minecraft) [CHAT] §2§l§o[TenorClef] §rT2 [HIST] 4:13.7 SNAP ph=IRON @69,66,18 sky=15 wet=false ground=true pick=0 buck=0 iron=0 ore=10 rods=0 pearls=0 eyes=0 child=CollectIronIngotTask dbg=<Collecting 8 iron.: [[iron_ingot] x 8]>  mobs=none
[04:38:22] [main/INFO] (Minecraft) [CHAT] §2§l§o[TenorClef] §rT2 [NOW] t=4:13.8 ph=IRON @69,66,18 do=<Collecting 8 iron.: [[iron_ingot] x 8]>  eq=stone_pickaxe woodpick=1 stonepick=1 pick=0 iron=0 buck=0
[04:38:23] [main/INFO] (Minecraft) [CHAT] §2§l§o[TenorClef] §rT2 [NOW] t=4:14.8 ph=IRON @69,66,18 do=<Collecting 8 iron.: [[iron_ingot] x 8]>  eq=stone_pickaxe woodpick=1 stonepick=1 pick=0 iron=0 buck=0
[04:38:24] [main/INFO] (Minecraft) [CHAT] §2§l§o[TenorClef] §rT2 [NOW] t=4:15.8 ph=IRON @69,66,18 do=<Collecting 8 iron.: [[iron_ingot] x 8]>  eq=stone_pickaxe woodpick=1 stonepick=1 pick=0 iron=1 buck=0
[04:38:24] [main/INFO] (Minecraft) [CHAT] §2§l§o[TenorClef] §rT2 [HIST] 4:16.2 SNAP ph=IRON @69,66,18 sky=15 wet=false ground=true pick=0 buck=0 iron=1 ore=9 rods=0 pearls=0 eyes=0 child=CollectIronIngotTask dbg=<Collecting 8 iron.: [[iron_ingot] x 8]>  mobs=none
[04:38:25] [main/INFO] (Minecraft) [CHAT] §2§l§o[TenorClef] §rT2 [NOW] t=4:16.8 ph=IRON @69,66,18 do=<Collecting 8 iron.: [[iron_ingot] x 8]>  eq=stone_pickaxe woodpick=1 stonepick=1 pick=0 iron=1 buck=0
[04:38:26] [main/INFO] (Minecraft) [CHAT] §2§l§o[TenorClef] §rT2 [NOW] t=4:17.8 ph=IRON @69,66,18 do=<Collecting 8 iron.: [[iron_ingot] x 8]>  eq=stone_pickaxe woodpick=1 stonepick=1 pick=0 iron=1 buck=0
[04:38:26] [main/INFO] (Minecraft) [STDOUT]: ALTO CLEF: WARNING: T2 [E104] FurnaceScreen open 8s ph=IRON
[04:38:26] [main/INFO] (Minecraft) [CHAT] §2§l§o[TenorClef] §cT2 [E104] FurnaceScreen open 8s ph=IRON§r
[04:38:26] [main/INFO] (Minecraft) [CHAT] §2§l§o[TenorClef] §rT2 [HIST] 4:17.8 [E104] FurnaceScreen open 8s ph=IRON
[04:38:26] [main/INFO] (Minecraft) [CHAT] §2§l§o[TenorClef] §rT2 [HIST] 4:17.8 WHY iron: smelt 8 in one furnace
[04:38:27] [main/INFO] (Minecraft) [CHAT] §2§l§o[TenorClef] §rT2 [HIST] 4:18.7 SNAP ph=IRON @69,66,18 sky=15 wet=false ground=true pick=0 buck=0 iron=1 ore=9 rods=0 pearls=0 eyes=0 child=CollectIronIngotTask dbg=<Collecting 8 iron.: [[iron_ingot] x 8]>  mobs=none
[04:38:27] [main/INFO] (Minecraft) [CHAT] §2§l§o[TenorClef] §rT2 [NOW] t=4:18.8 ph=IRON @69,66,18 do=<Collecting 8 iron.: [[iron_ingot] x 8]>  eq=stone_pickaxe woodpick=1 stonepick=1 pick=0 iron=1 buck=0
[04:38:27] [main/INFO] (Minecraft) [STDOUT]: ALTO CLEF: WARNING: T2 [S120] craft-gui jump @69,66,18 child=CollectIronIngotTask
[04:38:27] [main/INFO] (Minecraft) [CHAT] §2§l§o[TenorClef] §cT2 [S120] craft-gui jump @69,66,18 child=CollectIronIngotTask§r
[04:38:27] [main/INFO] (Minecraft) [CHAT] §2§l§o[TenorClef] §rT2 [HIST] 4:19.4 SOLVE S120 craft-gui jump @69,66,18 child=CollectIronIngotTask
[04:38:28] [main/INFO] (Minecraft) [CHAT] §2§l§o[TenorClef] §rT2 [NOW] t=4:19.8 ph=IRON @69,66,18 do=<Collecting 8 iron.: [[iron_ingot] x 8]>  eq=stone_pickaxe woodpick=1 stonepick=1 pick=0 iron=1 buck=0
[04:38:29] [main/INFO] (Minecraft) [CHAT] §2§l§o[TenorClef] §rT2 [NOW] t=4:20.8 ph=IRON @69,66,18 do=<Collecting 8 iron.: [[iron_ingot] x 8]>  eq=stone_pickaxe woodpick=1 stonepick=1 pick=0 iron=1 buck=0
[04:38:29] [main/INFO] (Minecraft) [STDOUT]: ALTO CLEF: WARNING: T2 [E70] iron stall 6s @69,18 — clear blacklist + re-pick ore
[04:38:29] [main/INFO] (Minecraft) [CHAT] §2§l§o[TenorClef] §cT2 [E70] iron stall 6s @69,18 — clear blacklist + re-pick ore§r
[04:38:29] [main/INFO] (Minecraft) [CHAT] §2§l§o[TenorClef] §rT2 [HIST] 4:21.2 SNAP ph=IRON @69,66,18 sky=15 wet=false ground=true pick=0 buck=0 iron=1 ore=9 rods=0 pearls=0 eyes=0 child=CollectIronIngotTask dbg=<Collecting 8 iron.: [[iron_ingot] x 8]>  mobs=none
[04:38:30] [main/INFO] (Minecraft) [CHAT] §2§l§o[TenorClef] §rT2 [NOW] t=4:21.8 ph=IRON @69,66,18 do=<Collecting 8 iron.: [[iron_ingot] x 8]>  eq=stone_pickaxe woodpick=1 stonepick=1 pick=0 iron=1 buck=0
[04:38:30] [main/INFO] (Minecraft) [CHAT] §2§l§o[TenorClef] §rT2 [HIST] 4:21.9 [E104] FurnaceScreen open 8s ph=IRON
[04:38:30] [main/INFO] (Minecraft) [CHAT] §2§l§o[TenorClef] §rT2 [HIST] 4:21.9 WHY iron: smelt 8 in one furnace
[04:38:31] [main/INFO] (Minecraft) [CHAT] §2§l§o[TenorClef] §rT2 [NOW] t=4:22.8 ph=IRON @69,66,18 do=<Collecting 8 iron.: [[iron_ingot] x 8]>  eq=stone_pickaxe woodpick=1 stonepick=1 pick=0 iron=1 buck=0
[04:38:32] [main/INFO] (Minecraft) [CHAT] §2§l§o[TenorClef] §rT2 [HIST] 4:23.7 SNAP ph=IRON @69,66,18 sky=15 wet=false ground=true pick=0 buck=0 iron=1 ore=9 rods=0 pearls=0 eyes=0 child=CollectIronIngotTask dbg=<Collecting 8 iron.: [[iron_ingot] x 8]>  mobs=none
[04:38:32] [main/INFO] (Minecraft) [CHAT] §2§l§o[TenorClef] §rT2 [NOW] t=4:23.8 ph=IRON @69,66,18 do=<Collecting 8 iron.: [[iron_ingot] x 8]>  eq=stone_pickaxe woodpick=1 stonepick=1 pick=0 iron=1 buck=0
[04:38:33] [main/INFO] (Minecraft) [CHAT] §2§l§o[TenorClef] §rT2 [NOW] t=4:24.8 ph=IRON @69,66,18 do=<Collecting 8 iron.: [[iron_ingot] x 8]>  eq=stone_pickaxe woodpick=1 stonepick=1 pick=0 iron=1 buck=0
[04:38:33] [main/INFO] (Minecraft) [CHAT] §2§l§o[TenorClef] §rT2 [HB] t=4:24.9 ph=IRON y=66 child=CollectIronIngotTask logs=0 pick=0 woodpick=1
[04:38:33] [main/INFO] (Minecraft) [STDOUT]: ALTO CLEF: WARNING: T2 [S120] craft-gui jump @69,66,18 child=CollectIronIngotTask
[04:38:33] [main/INFO] (Minecraft) [CHAT] §2§l§o[TenorClef] §cT2 [S120] craft-gui jump @69,66,18 child=CollectIronIngotTask§r
[04:38:33] [main/INFO] (Minecraft) [CHAT] §2§l§o[TenorClef] §rT2 [HIST] 4:25.4 SOLVE S120 craft-gui jump @69,66,18 child=CollectIronIngotTask
[04:38:34] [main/INFO] (Minecraft) [CHAT] §2§l§o[TenorClef] §rT2 [NOW] t=4:25.8 ph=IRON @69,66,18 do=<Collecting 8 iron.: [[iron_ingot] x 8]>  eq=stone_pickaxe woodpick=1 stonepick=1 pick=0 iron=2 buck=0
[04:38:34] [main/INFO] (Minecraft) [CHAT] §2§l§o[TenorClef] §rT2 [HIST] 4:25.9 WHY iron: smelt 8 in one furnace
[04:38:34] [main/INFO] (Minecraft) [STDOUT]: ALTO CLEF: WARNING: T2 [E104] FurnaceScreen open 8s ph=IRON
[04:38:34] [main/INFO] (Minecraft) [CHAT] §2§l§o[TenorClef] §cT2 [E104] FurnaceScreen open 8s ph=IRON§r
[04:38:34] [main/INFO] (Minecraft) [CHAT] §2§l§o[TenorClef] §rT2 [HIST] 4:25.9 [E104] FurnaceScreen open 8s ph=IRON
[04:38:34] [main/INFO] (Minecraft) [CHAT] §2§l§o[TenorClef] §rT2 [HIST] 4:26.2 SNAP ph=IRON @69,66,18 sky=15 wet=false ground=true pick=0 buck=0 iron=2 ore=8 rods=0 pearls=0 eyes=0 child=CollectIronIngotTask dbg=<Collecting 8 iron.: [[iron_ingot] x 8]>  mobs=none
[04:38:35] [main/INFO] (Minecraft) [CHAT] §2§l§o[TenorClef] §rT2 [NOW] t=4:26.8 ph=IRON @69,66,18 do=<Collecting 8 iron.: [[iron_ingot] x 8]>  eq=stone_pickaxe woodpick=1 stonepick=1 pick=0 iron=2 buck=0
[04:38:36] [main/INFO] (Minecraft) [CHAT] §2§l§o[TenorClef] §rT2 [NOW] t=4:27.8 ph=IRON @69,66,18 do=<Collecting 8 iron.: [[iron_ingot] x 8]>  eq=stone_pickaxe woodpick=1 stonepick=1 pick=0 iron=2 buck=0
[04:38:37] [main/INFO] (Minecraft) [CHAT] §2§l§o[TenorClef] §rT2 [HIST] 4:28.7 SNAP ph=IRON @69,66,18 sky=15 wet=false ground=true pick=0 buck=0 iron=2 ore=8 rods=0 pearls=0 eyes=0 child=CollectIronIngotTask dbg=<Collecting 8 iron.: [[iron_ingot] x 8]>  mobs=none
[04:38:37] [main/INFO] (Minecraft) [CHAT] §2§l§o[TenorClef] §rT2 [NOW] t=4:28.8 ph=IRON @69,66,18 do=<Collecting 8 iron.: [[iron_ingot] x 8]>  eq=stone_pickaxe woodpick=1 stonepick=1 pick=0 iron=2 buck=0
[04:38:38] [main/INFO] (Minecraft) [CHAT] §2§l§o[TenorClef] §rT2 [NOW] t=4:29.8 ph=IRON @69,66,18 do=<Collecting 8 iron.: [[iron_ingot] x 8]>  eq=stone_pickaxe woodpick=1 stonepick=1 pick=0 iron=2 buck=0
[04:38:38] [main/INFO] (Minecraft) [CHAT] §2§l§o[TenorClef] §rT2 [HIST] 4:29.9 WHY iron: smelt 8 in one furnace
[04:38:38] [main/INFO] (Minecraft) [CHAT] §2§l§o[TenorClef] §rT2 [HIST] 4:30.0 [E104] FurnaceScreen open 8s ph=IRON
[04:38:39] [main/INFO] (Minecraft) [CHAT] §2§l§o[TenorClef] §rT2 [NOW] t=4:30.8 ph=IRON @69,66,18 do=<Collecting 8 iron.: [[iron_ingot] x 8]>  eq=stone_pickaxe woodpick=1 stonepick=1 pick=0 iron=2 buck=0
[04:38:39] [main/INFO] (Minecraft) [CHAT] §2§l§o[TenorClef] §rT2 [HIST] 4:31.2 SNAP ph=IRON @69,66,18 sky=15 wet=false ground=true pick=0 buck=0 iron=2 ore=8 rods=0 pearls=0 eyes=0 child=CollectIronIngotTask dbg=<Collecting 8 iron.: [[iron_ingot] x 8]>  mobs=none
[04:38:39] [main/INFO] (Minecraft) [STDOUT]: ALTO CLEF: WARNING: T2 [E70] iron stall 6s @69,18 — clear blacklist + re-pick ore
[04:38:39] [main/INFO] (Minecraft) [CHAT] §2§l§o[TenorClef] §cT2 [E70] iron stall 6s @69,18 — clear blacklist + re-pick ore§r
[04:38:39] [main/INFO] (Minecraft) [STDOUT]: ALTO CLEF: WARNING: T2 [S120] craft-gui jump @69,66,18 child=CollectIronIngotTask
[04:38:39] [main/INFO] (Minecraft) [CHAT] §2§l§o[TenorClef] §cT2 [S120] craft-gui jump @69,66,18 child=CollectIronIngotTask§r
[04:38:39] [main/INFO] (Minecraft) [CHAT] §2§l§o[TenorClef] §rT2 [HIST] 4:31.4 SOLVE S120 craft-gui jump @69,66,18 child=CollectIronIngotTask
[04:38:40] [main/INFO] (Minecraft) [CHAT] §2§l§o[TenorClef] §rT2 [NOW] t=4:31.8 ph=IRON @69,66,18 do=<Collecting 8 iron.: [[iron_ingot] x 8]>  eq=stone_pickaxe woodpick=1 stonepick=1 pick=0 iron=2 buck=0
[04:38:41] [main/INFO] (Minecraft) [CHAT] §2§l§o[TenorClef] §rT2 [NOW] t=4:32.8 ph=IRON @69,66,18 do=<Collecting 8 iron.: [[iron_ingot] x 8]>  eq=stone_pickaxe woodpick=1 stonepick=1 pick=0 iron=2 buck=0
[04:38:42] [main/INFO] (Minecraft) [CHAT] §2§l§o[TenorClef] §rT2 [HIST] 4:33.7 SNAP ph=IRON @69,66,18 sky=15 wet=false ground=true pick=0 buck=0 iron=2 ore=8 rods=0 pearls=0 eyes=0 child=CollectIronIngotTask dbg=<Collecting 8 iron.: [[iron_ingot] x 8]>  mobs=none
[04:38:42] [main/INFO] (Minecraft) [CHAT] §2§l§o[TenorClef] §rT2 [NOW] t=4:33.8 ph=IRON @69,66,18 do=<Collecting 8 iron.: [[iron_ingot] x 8]>  eq=stone_pickaxe woodpick=1 stonepick=1 pick=0 iron=2 buck=0
[04:38:42] [main/INFO] (Minecraft) [CHAT] §2§l§o[TenorClef] §rT2 [HIST] 4:33.9 WHY iron: smelt 8 in one furnace
[04:38:42] [main/INFO] (Minecraft) [STDOUT]: ALTO CLEF: WARNING: T2 [E104] FurnaceScreen open 8s ph=IRON
[04:38:42] [main/INFO] (Minecraft) [CHAT] §2§l§o[TenorClef] §cT2 [E104] FurnaceScreen open 8s ph=IRON§r
[04:38:42] [main/INFO] (Minecraft) [CHAT] §2§l§o[TenorClef] §rT2 [HIST] 4:34.0 [E104] FurnaceScreen open 8s ph=IRON
[04:38:43] [main/INFO] (Minecraft) [CHAT] §2§l§o[TenorClef] §rT2 [NOW] t=4:34.8 ph=IRON @69,66,18 do=<Collecting 8 iron.: [[iron_ingot] x 8]>  eq=stone_pickaxe woodpick=1 stonepick=1 pick=0 iron=2 buck=0
[04:38:44] [main/INFO] (Minecraft) [CHAT] §2§l§o[TenorClef] §rT2 [NOW] t=4:35.8 ph=IRON @69,66,18 do=<Collecting 8 iron.: [[iron_ingot] x 8]>  eq=stone_pickaxe woodpick=1 stonepick=1 pick=0 iron=3 buck=0
[04:38:44] [main/INFO] (Minecraft) [CHAT] §2§l§o[TenorClef] §rT2 [HIST] 4:36.2 SNAP ph=IRON @69,66,18 sky=15 wet=false ground=true pick=0 buck=0 iron=3 ore=7 rods=0 pearls=0 eyes=0 child=CollectIronIngotTask dbg=<Collecting 8 iron.: [[iron_ingot] x 8]>  mobs=none
[04:38:45] [main/INFO] (Minecraft) [CHAT] §2§l§o[TenorClef] §rT2 [NOW] t=4:36.8 ph=IRON @69,66,18 do=<Collecting 8 iron.: [[iron_ingot] x 8]>  eq=stone_pickaxe woodpick=1 stonepick=1 pick=0 iron=3 buck=0
[04:38:45] [main/INFO] (Minecraft) [STDOUT]: ALTO CLEF: WARNING: T2 [S120] craft-gui jump @69,66,18 child=CollectIronIngotTask
[04:38:45] [main/INFO] (Minecraft) [CHAT] §2§l§o[TenorClef] §cT2 [S120] craft-gui jump @69,66,18 child=CollectIronIngotTask§r
[04:38:45] [main/INFO] (Minecraft) [CHAT] §2§l§o[TenorClef] §rT2 [HIST] 4:37.4 SOLVE S120 craft-gui jump @69,66,18 child=CollectIronIngotTask
[04:38:46] [main/INFO] (Minecraft) [CHAT] §2§l§o[TenorClef] §rT2 [NOW] t=4:37.8 ph=IRON @69,66,18 do=<Collecting 8 iron.: [[iron_ingot] x 8]>  eq=stone_pickaxe woodpick=1 stonepick=1 pick=0 iron=3 buck=0
[04:38:46] [main/INFO] (Minecraft) [CHAT] §2§l§o[TenorClef] §rT2 [HIST] 4:38.0 WHY iron: smelt 8 in one furnace
[04:38:46] [main/INFO] (Minecraft) [CHAT] §2§l§o[TenorClef] §rT2 [HIST] 4:38.1 [E104] FurnaceScreen open 8s ph=IRON
[04:38:47] [main/INFO] (Minecraft) [CHAT] §2§l§o[TenorClef] §rT2 [HIST] 4:38.7 SNAP ph=IRON @69,66,18 sky=15 wet=false ground=true pick=0 buck=0 iron=3 ore=7 rods=0 pearls=0 eyes=0 child=CollectIronIngotTask dbg=<Collecting 8 iron.: [[iron_ingot] x 8]>  mobs=none
[04:38:47] [main/INFO] (Minecraft) [CHAT] §2§l§o[TenorClef] §rT2 [NOW] t=4:38.8 ph=IRON @69,66,18 do=<Collecting 8 iron.: [[iron_ingot] x 8]>  eq=stone_pickaxe woodpick=1 stonepick=1 pick=0 iron=3 buck=0
[04:38:48] [main/INFO] (Minecraft) [CHAT] §2§l§o[TenorClef] §rT2 [NOW] t=4:39.8 ph=IRON @69,66,18 do=<Collecting 8 iron.: [[iron_ingot] x 8]>  eq=stone_pickaxe woodpick=1 stonepick=1 pick=0 iron=3 buck=0
[04:38:49] [main/INFO] (Minecraft) [CHAT] §2§l§o[TenorClef] §rT2 [NOW] t=4:40.8 ph=IRON @69,66,18 do=<Collecting 8 iron.: [[iron_ingot] x 8]>  eq=stone_pickaxe woodpick=1 stonepick=1 pick=0 iron=3 buck=0
[04:38:49] [main/INFO] (Minecraft) [CHAT] §2§l§o[TenorClef] §rT2 [HIST] 4:41.2 SNAP ph=IRON @69,66,18 sky=15 wet=false ground=true pick=0 buck=0 iron=3 ore=7 rods=0 pearls=0 eyes=0 child=CollectIronIngotTask dbg=<Collecting 8 iron.: [[iron_ingot] x 8]>  mobs=none
[04:38:49] [main/INFO] (Minecraft) [STDOUT]: ALTO CLEF: WARNING: T2 [E70] iron stall 6s @69,18 — clear blacklist + re-pick ore
[04:38:49] [main/INFO] (Minecraft) [CHAT] §2§l§o[TenorClef] §cT2 [E70] iron stall 6s @69,18 — clear blacklist + re-pick ore§r
[04:38:50] [main/INFO] (Minecraft) [CHAT] §2§l§o[TenorClef] §rT2 [NOW] t=4:41.8 ph=IRON @69,66,18 do=<Collecting 8 iron.: [[iron_ingot] x 8]>  eq=stone_pickaxe woodpick=1 stonepick=1 pick=0 iron=3 buck=0
[04:38:50] [main/INFO] (Minecraft) [CHAT] §2§l§o[TenorClef] §rT2 [HIST] 4:42.0 WHY iron: smelt 8 in one furnace
[04:38:50] [main/INFO] (Minecraft) [STDOUT]: ALTO CLEF: WARNING: T2 [E104] FurnaceScreen open 8s ph=IRON
[04:38:50] [main/INFO] (Minecraft) [CHAT] §2§l§o[TenorClef] §cT2 [E104] FurnaceScreen open 8s ph=IRON§r
[04:38:50] [main/INFO] (Minecraft) [CHAT] §2§l§o[TenorClef] §rT2 [HIST] 4:42.1 [E104] FurnaceScreen open 8s ph=IRON
[04:38:51] [main/INFO] (Minecraft) [CHAT] §2§l§o[TenorClef] §rT2 [NOW] t=4:42.8 ph=IRON @69,66,18 do=<Collecting 8 iron.: [[iron_ingot] x 8]>  eq=stone_pickaxe woodpick=1 stonepick=1 pick=0 iron=3 buck=0
[04:38:51] [main/INFO] (Minecraft) [STDOUT]: ALTO CLEF: WARNING: T2 [S120] craft-gui jump @69,66,18 child=CollectIronIngotTask
[04:38:51] [main/INFO] (Minecraft) [CHAT] §2§l§o[TenorClef] §cT2 [S120] craft-gui jump @69,66,18 child=CollectIronIngotTask§r
[04:38:51] [main/INFO] (Minecraft) [CHAT] §2§l§o[TenorClef] §rT2 [HIST] 4:43.4 SOLVE S120 craft-gui jump @69,66,18 child=CollectIronIngotTask
[04:38:52] [main/INFO] (Minecraft) [CHAT] §2§l§o[TenorClef] §rT2 [HIST] 4:43.7 SNAP ph=IRON @69,66,18 sky=15 wet=false ground=true pick=0 buck=0 iron=3 ore=7 rods=0 pearls=0 eyes=0 child=CollectIronIngotTask dbg=<Collecting 8 iron.: [[iron_ingot] x 8]>  mobs=none
[04:38:52] [main/INFO] (Minecraft) [CHAT] §2§l§o[TenorClef] §rT2 [NOW] t=4:43.8 ph=IRON @69,66,18 do=<Collecting 8 iron.: [[iron_ingot] x 8]>  eq=stone_pickaxe woodpick=1 stonepick=1 pick=0 iron=3 buck=0
[04:38:53] [main/INFO] (Minecraft) [CHAT] §2§l§o[TenorClef] §rT2 [NOW] t=4:44.8 ph=IRON @69,66,18 do=<Collecting 8 iron.: [[iron_ingot] x 8]>  eq=stone_pickaxe woodpick=1 stonepick=1 pick=0 iron=3 buck=0
[04:38:54] [main/INFO] (Minecraft) [CHAT] §2§l§o[TenorClef] §rT2 [NOW] t=4:45.8 ph=IRON @69,66,18 do=<Collecting 8 iron.: [[iron_ingot] x 8]>  eq=stone_pickaxe woodpick=1 stonepick=1 pick=0 iron=4 buck=0
[04:38:54] [main/INFO] (Minecraft) [CHAT] §2§l§o[TenorClef] §rT2 [HIST] 4:46.0 WHY iron: smelt 8 in one furnace
[04:38:54] [main/INFO] (Minecraft) [CHAT] §2§l§o[TenorClef] §rT2 [HIST] 4:46.2 [E104] FurnaceScreen open 8s ph=IRON
[04:38:54] [main/INFO] (Minecraft) [CHAT] §2§l§o[TenorClef] §rT2 [HIST] 4:46.2 SNAP ph=IRON @69,66,18 sky=15 wet=false ground=true pick=0 buck=0 iron=4 ore=6 rods=0 pearls=0 eyes=0 child=CollectIronIngotTask dbg=<Collecting 8 iron.: [[iron_ingot] x 8]>  mobs=none
[04:38:55] [main/INFO] (Minecraft) [CHAT] §2§l§o[TenorClef] §rT2 [NOW] t=4:46.8 ph=IRON @69,66,18 do=<Collecting 8 iron.: [[iron_ingot] x 8]>  eq=stone_pickaxe woodpick=1 stonepick=1 pick=0 iron=4 buck=0
[04:38:56] [main/INFO] (Minecraft) [CHAT] §2§l§o[TenorClef] §rT2 [NOW] t=4:47.8 ph=IRON @69,66,18 do=<Collecting 8 iron.: [[iron_ingot] x 8]>  eq=stone_pickaxe woodpick=1 stonepick=1 pick=0 iron=4 buck=0
[04:38:57] [main/INFO] (Minecraft) [CHAT] §2§l§o[TenorClef] §rT2 [HIST] 4:48.7 SNAP ph=IRON @69,66,18 sky=15 wet=false ground=true pick=0 buck=0 iron=4 ore=6 rods=0 pearls=0 eyes=0 child=CollectIronIngotTask dbg=<Collecting 8 iron.: [[iron_ingot] x 8]>  mobs=none
[04:38:57] [main/INFO] (Minecraft) [CHAT] §2§l§o[TenorClef] §rT2 [NOW] t=4:48.8 ph=IRON @69,66,18 do=<Collecting 8 iron.: [[iron_ingot] x 8]>  eq=stone_pickaxe woodpick=1 stonepick=1 pick=0 iron=4 buck=0
[04:38:57] [main/INFO] (Minecraft) [CHAT] §2§l§o[TenorClef] §rT2 [HIST] 4:49.4 SOLVE S120 craft-gui jump @69,66,18 child=CollectIronIngotTask
[04:38:58] [main/INFO] (Minecraft) [CHAT] §2§l§o[TenorClef] §rT2 [NOW] t=4:49.8 ph=IRON @69,66,18 do=<Collecting 8 iron.: [[iron_ingot] x 8]>  eq=stone_pickaxe woodpick=1 stonepick=1 pick=0 iron=4 buck=0
[04:38:58] [main/INFO] (Minecraft) [CHAT] §2§l§o[TenorClef] §rT2 [HIST] 4:50.1 WHY iron: smelt 8 in one furnace
[04:38:58] [main/INFO] (Minecraft) [STDOUT]: ALTO CLEF: WARNING: T2 [E104] FurnaceScreen open 8s ph=IRON
[04:38:58] [main/INFO] (Minecraft) [CHAT] §2§l§o[TenorClef] §cT2 [E104] FurnaceScreen open 8s ph=IRON§r
[04:38:58] [main/INFO] (Minecraft) [CHAT] §2§l§o[TenorClef] §rT2 [HIST] 4:50.2 [E104] FurnaceScreen open 8s ph=IRON
[04:38:59] [main/INFO] (Minecraft) [CHAT] §2§l§o[TenorClef] §rT2 [NOW] t=4:50.8 ph=IRON @69,66,18 do=<Collecting 8 iron.: [[iron_ingot] x 8]>  eq=stone_pickaxe woodpick=1 stonepick=1 pick=0 iron=4 buck=0
[04:38:59] [main/INFO] (Minecraft) [CHAT] §2§l§o[TenorClef] §rT2 [HIST] 4:51.2 SNAP ph=IRON @69,66,18 sky=15 wet=false ground=true pick=0 buck=0 iron=4 ore=6 rods=0 pearls=0 eyes=0 child=CollectIronIngotTask dbg=<Collecting 8 iron.: [[iron_ingot] x 8]>  mobs=none
[04:38:59] [main/INFO] (Minecraft) [STDOUT]: ALTO CLEF: WARNING: T2 [E70] iron stall 6s @69,18 — clear blacklist + re-pick ore
[04:38:59] [main/INFO] (Minecraft) [CHAT] §2§l§o[TenorClef] §cT2 [E70] iron stall 6s @69,18 — clear blacklist + re-pick ore§r
[04:39:00] [main/INFO] (Minecraft) [CHAT] §2§l§o[TenorClef] §rT2 [NOW] t=4:51.8 ph=IRON @69,66,18 do=<Collecting 8 iron.: [[iron_ingot] x 8]>  eq=stone_pickaxe woodpick=1 stonepick=1 pick=0 iron=4 buck=0
[04:39:01] [main/INFO] (Minecraft) [CHAT] §2§l§o[TenorClef] §rT2 [NOW] t=4:52.8 ph=IRON @69,66,18 do=<Collecting 8 iron.: [[iron_ingot] x 8]>  eq=stone_pickaxe woodpick=1 stonepick=1 pick=0 iron=4 buck=0
[04:39:02] [main/INFO] (Minecraft) [CHAT] §2§l§o[TenorClef] §rT2 [HIST] 4:53.7 SNAP ph=IRON @69,66,18 sky=15 wet=false ground=true pick=0 buck=0 iron=4 ore=6 rods=0 pearls=0 eyes=0 child=CollectIronIngotTask dbg=<Collecting 8 iron.: [[iron_ingot] x 8]>  mobs=none
[04:39:02] [main/INFO] (Minecraft) [CHAT] §2§l§o[TenorClef] §rT2 [NOW] t=4:53.8 ph=IRON @69,66,18 do=<Collecting 8 iron.: [[iron_ingot] x 8]>  eq=stone_pickaxe woodpick=1 stonepick=1 pick=0 iron=4 buck=0
[04:39:02] [main/INFO] (Minecraft) [CHAT] §2§l§o[TenorClef] §rT2 [HIST] 4:54.1 WHY iron: smelt 8 in one furnace
[04:39:02] [main/INFO] (Minecraft) [CHAT] §2§l§o[TenorClef] §rT2 [HIST] 4:54.3 [E104] FurnaceScreen open 8s ph=IRON
[04:39:03] [main/INFO] (Minecraft) [CHAT] §2§l§o[TenorClef] §rT2 [NOW] t=4:54.8 ph=IRON @69,66,18 do=<Collecting 8 iron.: [[iron_ingot] x 8]>  eq=stone_pickaxe woodpick=1 stonepick=1 pick=0 iron=4 buck=0
[04:39:03] [main/INFO] (Minecraft) [STDOUT]: ALTO CLEF: WARNING: T2 [S120] craft-gui jump @69,66,18 child=CollectIronIngotTask
[04:39:03] [main/INFO] (Minecraft) [CHAT] §2§l§o[TenorClef] §cT2 [S120] craft-gui jump @69,66,18 child=CollectIronIngotTask§r
[04:39:03] [main/INFO] (Minecraft) [CHAT] §2§l§o[TenorClef] §rT2 [HIST] 4:55.4 SOLVE S120 craft-gui jump @69,66,18 child=CollectIronIngotTask
[04:39:04] [main/INFO] (Minecraft) [CHAT] §2§l§o[TenorClef] §rT2 [NOW] t=4:55.8 ph=IRON @69,66,18 do=<Collecting 8 iron.: [[iron_ingot] x 8]>  eq=stone_pickaxe woodpick=1 stonepick=1 pick=0 iron=5 buck=0
[04:39:04] [main/INFO] (Minecraft) [CHAT] §2§l§o[TenorClef] §rT2 [HIST] 4:56.2 SNAP ph=IRON @69,66,18 sky=15 wet=false ground=true pick=0 buck=0 iron=5 ore=5 rods=0 pearls=0 eyes=0 child=CollectIronIngotTask dbg=<Collecting 8 iron.: [[iron_ingot] x 8]>  mobs=none
[04:39:05] [main/INFO] (Minecraft) [CHAT] §2§l§o[TenorClef] §rT2 [NOW] t=4:56.8 ph=IRON @69,66,18 do=<Collecting 8 iron.: [[iron_ingot] x 8]>  eq=stone_pickaxe woodpick=1 stonepick=1 pick=0 iron=5 buck=0
[04:39:06] [main/INFO] (Minecraft) [CHAT] §2§l§o[TenorClef] §rT2 [NOW] t=4:57.8 ph=IRON @69,66,18 do=<Collecting 8 iron.: [[iron_ingot] x 8]>  eq=stone_pickaxe woodpick=1 stonepick=1 pick=0 iron=5 buck=0
[04:39:06] [main/INFO] (Minecraft) [CHAT] §2§l§o[TenorClef] §rT2 [HIST] 4:58.1 WHY iron: smelt 8 in one furnace
[04:39:06] [main/INFO] (Minecraft) [STDOUT]: ALTO CLEF: WARNING: T2 [E104] FurnaceScreen open 8s ph=IRON
[04:39:06] [main/INFO] (Minecraft) [CHAT] §2§l§o[TenorClef] §cT2 [E104] FurnaceScreen open 8s ph=IRON§r
[04:39:06] [main/INFO] (Minecraft) [CHAT] §2§l§o[TenorClef] §rT2 [HIST] 4:58.3 [E104] FurnaceScreen open 8s ph=IRON
[04:39:07] [main/INFO] (Minecraft) [CHAT] §2§l§o[TenorClef] §rT2 [HIST] 4:58.7 SNAP ph=IRON @69,66,18 sky=15 wet=false ground=true pick=0 buck=0 iron=5 ore=5 rods=0 pearls=0 eyes=0 child=CollectIronIngotTask dbg=<Collecting 8 iron.: [[iron_ingot] x 8]>  mobs=none
[04:39:07] [main/INFO] (Minecraft) [CHAT] §2§l§o[TenorClef] §rT2 [NOW] t=4:58.8 ph=IRON @69,66,18 do=<Collecting 8 iron.: [[iron_ingot] x 8]>  eq=stone_pickaxe woodpick=1 stonepick=1 pick=0 iron=5 buck=0
[04:39:08] [main/INFO] (Minecraft) [CHAT] §2§l§o[TenorClef] §rT2 [NOW] t=4:59.8 ph=IRON @69,66,18 do=<Collecting 8 iron.: [[iron_ingot] x 8]>  eq=stone_pickaxe woodpick=1 stonepick=1 pick=0 iron=5 buck=0
[04:39:09] [main/INFO] (Minecraft) [CHAT] §2§l§o[TenorClef] §rT2 [NOW] t=5:00.8 ph=IRON @69,66,18 do=<Collecting 8 iron.: [[iron_ingot] x 8]>  eq=stone_pickaxe woodpick=1 stonepick=1 pick=0 iron=5 buck=0
[04:39:09] [main/INFO] (Minecraft) [CHAT] §2§l§o[TenorClef] §rT2 [HIST] 5:01.2 SNAP ph=IRON @69,66,18 sky=15 wet=false ground=true pick=0 buck=0 iron=5 ore=5 rods=0 pearls=0 eyes=0 child=CollectIronIngotTask dbg=<Collecting 8 iron.: [[iron_ingot] x 8]>  mobs=none
[04:39:09] [main/INFO] (Minecraft) [STDOUT]: ALTO CLEF: WARNING: T2 [E70] iron stall 6s @69,18 — clear blacklist + re-pick ore
[04:39:09] [main/INFO] (Minecraft) [CHAT] §2§l§o[TenorClef] §cT2 [E70] iron stall 6s @69,18 — clear blacklist + re-pick ore§r
[04:39:09] [main/INFO] (Minecraft) [STDOUT]: ALTO CLEF: WARNING: T2 [S120] craft-gui jump @69,66,18 child=CollectIronIngotTask
[04:39:09] [main/INFO] (Minecraft) [CHAT] §2§l§o[TenorClef] §cT2 [S120] craft-gui jump @69,66,18 child=CollectIronIngotTask§r
[04:39:09] [main/INFO] (Minecraft) [CHAT] §2§l§o[TenorClef] §rT2 [HIST] 5:01.4 SOLVE S120 craft-gui jump @69,66,18 child=CollectIronIngotTask
[04:39:10] [main/INFO] (Minecraft) [CHAT] §2§l§o[TenorClef] §rT2 [NOW] t=5:01.8 ph=IRON @69,66,18 do=<Collecting 8 iron.: [[iron_ingot] x 8]>  eq=stone_pickaxe woodpick=1 stonepick=1 pick=0 iron=5 buck=0
[04:39:10] [main/INFO] (Minecraft) [CHAT] §2§l§o[TenorClef] §rT2 [HIST] 5:02.2 WHY iron: smelt 8 in one furnace
[04:39:10] [main/INFO] (Minecraft) [CHAT] §2§l§o[TenorClef] §rT2 [HIST] 5:02.4 [E104] FurnaceScreen open 8s ph=IRON
[04:39:11] [main/INFO] (Minecraft) [CHAT] §2§l§o[TenorClef] §rT2 [NOW] t=5:02.8 ph=IRON @69,66,18 do=<Collecting 8 iron.: [[iron_ingot] x 8]>  eq=stone_pickaxe woodpick=1 stonepick=1 pick=0 iron=5 buck=0
[04:39:12] [main/INFO] (Minecraft) [CHAT] §2§l§o[TenorClef] §rT2 [HIST] 5:03.7 SNAP ph=IRON @69,66,18 sky=15 wet=false ground=true pick=0 buck=0 iron=5 ore=5 rods=0 pearls=0 eyes=0 child=CollectIronIngotTask dbg=<Collecting 8 iron.: [[iron_ingot] x 8]>  mobs=none
[04:39:12] [main/INFO] (Minecraft) [CHAT] §2§l§o[TenorClef] §rT2 [NOW] t=5:03.8 ph=IRON @69,66,18 do=<Collecting 8 iron.: [[iron_ingot] x 8]>  eq=stone_pickaxe woodpick=1 stonepick=1 pick=0 iron=5 buck=0
[04:39:13] [main/INFO] (Minecraft) [CHAT] §2§l§o[TenorClef] §rT2 [NOW] t=5:04.8 ph=IRON @69,66,18 do=<Collecting 8 iron.: [[iron_ingot] x 8]>  eq=stone_pickaxe woodpick=1 stonepick=1 pick=0 iron=5 buck=0
[04:39:14] [main/INFO] (Minecraft) [CHAT] §2§l§o[TenorClef] §rT2 [NOW] t=5:05.8 ph=IRON @69,66,18 do=<Collecting 8 iron.: [[iron_ingot] x 8]>  eq=stone_pickaxe woodpick=1 stonepick=1 pick=0 iron=6 buck=0
[04:39:14] [main/INFO] (Minecraft) [CHAT] §2§l§o[TenorClef] §rT2 [HIST] 5:06.2 WHY iron: smelt 8 in one furnace
[04:39:14] [main/INFO] (Minecraft) [CHAT] §2§l§o[TenorClef] §rT2 [HIST] 5:06.2 SNAP ph=IRON @69,66,18 sky=15 wet=false ground=true pick=0 buck=0 iron=6 ore=4 rods=0 pearls=0 eyes=0 child=CollectIronIngotTask dbg=<Collecting 8 iron.: [[iron_ingot] x 8]>  mobs=none
[04:39:14] [main/INFO] (Minecraft) [STDOUT]: ALTO CLEF: WARNING: T2 [E104] FurnaceScreen open 8s ph=IRON
[04:39:14] [main/INFO] (Minecraft) [CHAT] §2§l§o[TenorClef] §cT2 [E104] FurnaceScreen open 8s ph=IRON§r
[04:39:14] [main/INFO] (Minecraft) [CHAT] §2§l§o[TenorClef] §rT2 [HIST] 5:06.4 [E104] FurnaceScreen open 8s ph=IRON
[04:39:15] [main/INFO] (Minecraft) [CHAT] §2§l§o[TenorClef] §rT2 [NOW] t=5:06.8 ph=IRON @69,66,18 do=<Collecting 8 iron.: [[iron_ingot] x 8]>  eq=stone_pickaxe woodpick=1 stonepick=1 pick=0 iron=6 buck=0
[04:39:15] [main/INFO] (Minecraft) [STDOUT]: ALTO CLEF: WARNING: T2 [S120] craft-gui jump @69,66,18 child=CollectIronIngotTask
[04:39:15] [main/INFO] (Minecraft) [CHAT] §2§l§o[TenorClef] §cT2 [S120] craft-gui jump @69,66,18 child=CollectIronIngotTask§r
[04:39:15] [main/INFO] (Minecraft) [CHAT] §2§l§o[TenorClef] §rT2 [HIST] 5:07.4 SOLVE S120 craft-gui jump @69,66,18 child=CollectIronIngotTask
[04:39:16] [main/INFO] (Minecraft) [CHAT] §2§l§o[TenorClef] §rT2 [NOW] t=5:07.8 ph=IRON @69,66,18 do=<Collecting 8 iron.: [[iron_ingot] x 8]>  eq=stone_pickaxe woodpick=1 stonepick=1 pick=0 iron=6 buck=0
[04:39:17] [main/INFO] (Minecraft) [CHAT] §2§l§o[TenorClef] §rT2 [HIST] 5:08.7 SNAP ph=IRON @69,66,18 sky=15 wet=false ground=true pick=0 buck=0 iron=6 ore=4 rods=0 pearls=0 eyes=0 child=CollectIronIngotTask dbg=<Collecting 8 iron.: [[iron_ingot] x 8]>  mobs=none
[04:39:17] [main/INFO] (Minecraft) [CHAT] §2§l§o[TenorClef] §rT2 [NOW] t=5:08.8 ph=IRON @69,66,18 do=<Collecting 8 iron.: [[iron_ingot] x 8]>  eq=stone_pickaxe woodpick=1 stonepick=1 pick=0 iron=6 buck=0
[04:39:18] [main/INFO] (Minecraft) [CHAT] §2§l§o[TenorClef] §rT2 [NOW] t=5:09.8 ph=IRON @69,66,18 do=<Collecting 8 iron.: [[iron_ingot] x 8]>  eq=stone_pickaxe woodpick=1 stonepick=1 pick=0 iron=6 buck=0
[04:39:18] [main/INFO] (Minecraft) [CHAT] §2§l§o[TenorClef] §rT2 [HIST] 5:10.2 WHY iron: smelt 8 in one furnace
[04:39:18] [main/INFO] (Minecraft) [CHAT] §2§l§o[TenorClef] §rT2 [HIST] 5:10.5 [E104] FurnaceScreen open 8s ph=IRON
[04:39:19] [main/INFO] (Minecraft) [CHAT] §2§l§o[TenorClef] §rT2 [NOW] t=5:10.8 ph=IRON @69,66,18 do=<Collecting 8 iron.: [[iron_ingot] x 8]>  eq=stone_pickaxe woodpick=1 stonepick=1 pick=0 iron=6 buck=0
[04:39:19] [main/INFO] (Minecraft) [CHAT] §2§l§o[TenorClef] §rT2 [HIST] 5:11.2 SNAP ph=IRON @69,66,18 sky=15 wet=false ground=true pick=0 buck=0 iron=6 ore=4 rods=0 pearls=0 eyes=0 child=CollectIronIngotTask dbg=<Collecting 8 iron.: [[iron_ingot] x 8]>  mobs=none
[04:39:19] [main/INFO] (Minecraft) [STDOUT]: ALTO CLEF: WARNING: T2 [E70] iron stall 6s @69,18 — clear blacklist + re-pick ore
[04:39:19] [main/INFO] (Minecraft) [CHAT] §2§l§o[TenorClef] §cT2 [E70] iron stall 6s @69,18 — clear blacklist + re-pick ore§r
[04:39:20] [main/INFO] (Minecraft) [CHAT] §2§l§o[TenorClef] §rT2 [NOW] t=5:11.8 ph=IRON @69,66,18 do=<Collecting 8 iron.: [[iron_ingot] x 8]>  eq=stone_pickaxe woodpick=1 stonepick=1 pick=0 iron=6 buck=0
[04:39:21] [main/INFO] (Minecraft) [CHAT] §2§l§o[TenorClef] §rT2 [NOW] t=5:12.8 ph=IRON @69,66,18 do=<Collecting 8 iron.: [[iron_ingot] x 8]>  eq=stone_pickaxe woodpick=1 stonepick=1 pick=0 iron=6 buck=0
[04:39:21] [main/INFO] (Minecraft) [STDOUT]: ALTO CLEF: WARNING: T2 [S120] craft-gui jump @69,66,18 child=CollectIronIngotTask
[04:39:21] [main/INFO] (Minecraft) [CHAT] §2§l§o[TenorClef] §cT2 [S120] craft-gui jump @69,66,18 child=CollectIronIngotTask§r
[04:39:21] [main/INFO] (Minecraft) [CHAT] §2§l§o[TenorClef] §rT2 [HIST] 5:13.4 SOLVE S120 craft-gui jump @69,66,18 child=CollectIronIngotTask
[04:39:22] [main/INFO] (Minecraft) [CHAT] §2§l§o[TenorClef] §rT2 [HIST] 5:13.7 SNAP ph=IRON @69,66,18 sky=15 wet=false ground=true pick=0 buck=0 iron=6 ore=4 rods=0 pearls=0 eyes=0 child=CollectIronIngotTask dbg=<Collecting 8 iron.: [[iron_ingot] x 8]>  mobs=none
[04:39:22] [main/INFO] (Minecraft) [CHAT] §2§l§o[TenorClef] §rT2 [NOW] t=5:13.8 ph=IRON @69,66,18 do=<Collecting 8 iron.: [[iron_ingot] x 8]>  eq=stone_pickaxe woodpick=1 stonepick=1 pick=0 iron=6 buck=0
[04:39:22] [main/INFO] (Minecraft) [CHAT] §2§l§o[TenorClef] §rT2 [HIST] 5:14.2 WHY iron: smelt 8 in one furnace
[04:39:22] [main/INFO] (Minecraft) [STDOUT]: ALTO CLEF: WARNING: T2 [E104] FurnaceScreen open 8s ph=IRON
[04:39:22] [main/INFO] (Minecraft) [CHAT] §2§l§o[TenorClef] §cT2 [E104] FurnaceScreen open 8s ph=IRON§r
[04:39:22] [main/INFO] (Minecraft) [CHAT] §2§l§o[TenorClef] §rT2 [HIST] 5:14.5 [E104] FurnaceScreen open 8s ph=IRON
[04:39:23] [main/INFO] (Minecraft) [CHAT] §2§l§o[TenorClef] §rT2 [NOW] t=5:14.8 ph=IRON @69,66,18 do=<Collecting 8 iron.: [[iron_ingot] x 8]>  eq=stone_pickaxe woodpick=1 stonepick=1 pick=0 iron=6 buck=0
[04:39:24] [main/INFO] (Minecraft) [CHAT] §2§l§o[TenorClef] §rT2 [NOW] t=5:15.8 ph=IRON @69,66,18 do=<Collecting 8 iron.: [[iron_ingot] x 8]>  eq=stone_pickaxe woodpick=1 stonepick=1 pick=0 iron=7 buck=0
[04:39:24] [main/INFO] (Minecraft) [CHAT] §2§l§o[TenorClef] §rT2 [HIST] 5:16.2 SNAP ph=IRON @69,66,18 sky=15 wet=false ground=true pick=0 buck=0 iron=7 ore=3 rods=0 pearls=0 eyes=0 child=CollectIronIngotTask dbg=<Collecting 8 iron.: [[iron_ingot] x 8]>  mobs=none
[04:39:25] [main/INFO] (Minecraft) [CHAT] §2§l§o[TenorClef] §rT2 [NOW] t=5:16.8 ph=IRON @69,66,18 do=<Collecting 8 iron.: [[iron_ingot] x 8]>  eq=stone_pickaxe woodpick=1 stonepick=1 pick=0 iron=7 buck=0
[04:39:26] [main/INFO] (Minecraft) [CHAT] §2§l§o[TenorClef] §rT2 [NOW] t=5:17.8 ph=IRON @69,66,18 do=<Collecting 8 iron.: [[iron_ingot] x 8]>  eq=stone_pickaxe woodpick=1 stonepick=1 pick=0 iron=7 buck=0
[04:39:26] [main/INFO] (Minecraft) [CHAT] §2§l§o[TenorClef] §rT2 [HIST] 5:18.3 WHY iron: smelt 8 in one furnace
[04:39:26] [main/INFO] (Minecraft) [CHAT] §2§l§o[TenorClef] §rT2 [HIST] 5:18.6 [E104] FurnaceScreen open 8s ph=IRON
[04:39:27] [main/INFO] (Minecraft) [CHAT] §2§l§o[TenorClef] §rT2 [HIST] 5:18.7 SNAP ph=IRON @69,66,18 sky=15 wet=false ground=true pick=0 buck=0 iron=7 ore=3 rods=0 pearls=0 eyes=0 child=CollectIronIngotTask dbg=<Collecting 8 iron.: [[iron_ingot] x 8]>  mobs=none
[04:39:27] [main/INFO] (Minecraft) [CHAT] §2§l§o[TenorClef] §rT2 [NOW] t=5:18.8 ph=IRON @69,66,18 do=<Collecting 8 iron.: [[iron_ingot] x 8]>  eq=stone_pickaxe woodpick=1 stonepick=1 pick=0 iron=7 buck=0
[04:39:27] [main/INFO] (Minecraft) [STDOUT]: ALTO CLEF: WARNING: T2 [S120] craft-gui jump @69,66,18 child=CollectIronIngotTask
[04:39:27] [main/INFO] (Minecraft) [CHAT] §2§l§o[TenorClef] §cT2 [S120] craft-gui jump @69,66,18 child=CollectIronIngotTask§r
[04:39:27] [main/INFO] (Minecraft) [CHAT] §2§l§o[TenorClef] §rT2 [HIST] 5:19.4 SOLVE S120 craft-gui jump @69,66,18 child=CollectIronIngotTask
[04:39:28] [main/INFO] (Minecraft) [CHAT] §2§l§o[TenorClef] §rT2 [NOW] t=5:19.8 ph=IRON @69,66,18 do=<Collecting 8 iron.: [[iron_ingot] x 8]>  eq=stone_pickaxe woodpick=1 stonepick=1 pick=0 iron=7 buck=0
[04:39:29] [main/INFO] (Minecraft) [CHAT] §2§l§o[TenorClef] §rT2 [NOW] t=5:20.8 ph=IRON @69,66,18 do=<Collecting 8 iron.: [[iron_ingot] x 8]>  eq=stone_pickaxe woodpick=1 stonepick=1 pick=0 iron=7 buck=0
[04:39:29] [main/INFO] (Minecraft) [CHAT] §2§l§o[TenorClef] §rT2 [HIST] 5:21.2 SNAP ph=IRON @69,66,18 sky=15 wet=false ground=true pick=0 buck=0 iron=7 ore=3 rods=0 pearls=0 eyes=0 child=CollectIronIngotTask dbg=<Collecting 8 iron.: [[iron_ingot] x 8]>  mobs=none
[04:39:29] [main/INFO] (Minecraft) [STDOUT]: ALTO CLEF: WARNING: T2 [E70] iron stall 6s @69,18 — clear blacklist + re-pick ore
[04:39:29] [main/INFO] (Minecraft) [CHAT] §2§l§o[TenorClef] §cT2 [E70] iron stall 6s @69,18 — clear blacklist + re-pick ore§r
[04:39:30] [main/INFO] (Minecraft) [CHAT] §2§l§o[TenorClef] §rT2 [NOW] t=5:21.8 ph=IRON @69,66,18 do=<Collecting 8 iron.: [[iron_ingot] x 8]>  eq=stone_pickaxe woodpick=1 stonepick=1 pick=0 iron=7 buck=0
[04:39:30] [main/INFO] (Minecraft) [CHAT] §2§l§o[TenorClef] §rT2 [HIST] 5:22.3 WHY iron: smelt 8 in one furnace
[04:39:30] [main/INFO] (Minecraft) [STDOUT]: ALTO CLEF: WARNING: T2 [E104] FurnaceScreen open 8s ph=IRON
[04:39:30] [main/INFO] (Minecraft) [CHAT] §2§l§o[TenorClef] §cT2 [E104] FurnaceScreen open 8s ph=IRON§r
[04:39:30] [main/INFO] (Minecraft) [CHAT] §2§l§o[TenorClef] §rT2 [HIST] 5:22.6 [E104] FurnaceScreen open 8s ph=IRON
[04:39:31] [main/INFO] (Minecraft) [CHAT] §2§l§o[TenorClef] §rT2 [NOW] t=5:22.8 ph=IRON @69,66,18 do=<Collecting 8 iron.: [[iron_ingot] x 8]>  eq=stone_pickaxe woodpick=1 stonepick=1 pick=0 iron=7 buck=0
[04:39:32] [main/INFO] (Minecraft) [CHAT] §2§l§o[TenorClef] §rT2 [HIST] 5:23.7 SNAP ph=IRON @69,66,18 sky=15 wet=false ground=true pick=0 buck=0 iron=7 ore=3 rods=0 pearls=0 eyes=0 child=CollectIronIngotTask dbg=<Collecting 8 iron.: [[iron_ingot] x 8]>  mobs=none
[04:39:32] [main/INFO] (Minecraft) [CHAT] §2§l§o[TenorClef] §rT2 [NOW] t=5:23.8 ph=IRON @69,66,18 do=<Collecting 8 iron.: [[iron_ingot] x 8]>  eq=stone_pickaxe woodpick=1 stonepick=1 pick=0 iron=7 buck=0
[04:39:33] [main/INFO] (Minecraft) [CHAT] §2§l§o[TenorClef] §rT2 [NOW] t=5:24.8 ph=IRON @69,66,18 do=<Collecting 8 iron.: [[iron_ingot] x 8]>  eq=stone_pickaxe woodpick=1 stonepick=1 pick=0 iron=7 buck=0
[04:39:33] [main/INFO] (Minecraft) [STDOUT]: ALTO CLEF: WARNING: T2 [E93] iron pick missing sticks fuel=0 latch=0
[04:39:33] [main/INFO] (Minecraft) [CHAT] §2§l§o[TenorClef] §cT2 [E93] iron pick missing sticks fuel=0 latch=0§r
[04:39:33] [main/INFO] (Minecraft) [CHAT] §2§l§o[TenorClef] §rT2 [HIST] 5:25.2 WHY iron: 1 log for sticks before pick table
[04:39:33] [main/INFO] (Minecraft) [CHAT] §2§l§o[TenorClef] §rT2 [HIST] 5:25.2 WHY wood: mine 1.16 logs only (no air)
[04:39:33] [main/INFO] (Minecraft) [STDOUT]: ALTO CLEF: WARNING: T2 [S143] wood latched MineAndCollectTask for 60s logs=0 fp=0
[04:39:33] [main/INFO] (Minecraft) [CHAT] §2§l§o[TenorClef] §cT2 [S143] wood latched MineAndCollectTask for 60s logs=0 fp=0§r
[04:39:33] [main/INFO] (Minecraft) [CHAT] §2§l§o[TenorClef] §rT2 [HIST] 5:25.2 FORCE S143 wood latched MineAndCollectTask for 60s logs=0 fp=0
[04:39:33] [main/INFO] (Minecraft) [CHAT] §2§l§o[TenorClef] §rT2 [HIST] 5:25.2 CHILD CollectIronIngotTask -> MineAndCollectTask ph=IRON @69,66,18 sky=15 wet=false ground=true pick=0 buck=0 iron=8 ore=2 rods=0 pearls=0 eyes=0
[04:39:33] [main/INFO] (Minecraft) [STDOUT]: ALTO CLEF: WARNING: T2 [S120] craft-gui jump @69,66,18 child=MineAndCollectTask
[04:39:33] [main/INFO] (Minecraft) [CHAT] §2§l§o[TenorClef] §cT2 [S120] craft-gui jump @69,66,18 child=MineAndCollectTask§r
[04:39:33] [main/INFO] (Minecraft) [CHAT] §2§l§o[TenorClef] §rT2 [HIST] 5:25.4 SOLVE S120 craft-gui jump @69,66,18 child=MineAndCollectTask
[04:39:34] [main/INFO] (Minecraft) [CHAT] §2§l§o[TenorClef] §rT2 [NOW] t=5:25.8 ph=IRON @69,66,18 do=<Mine And Collect: [[oak_log,birch_log,spruce_log,jungle_log,acacia_log,dark_oak_log]]>  eq=stone_pickaxe woodpick=1 stonepick=1 pick=0 iron=8 buck=0
[04:39:34] [main/INFO] (Minecraft) [CHAT] §2§l§o[TenorClef] §rT2 [HIST] 5:26.2 SNAP ph=IRON @69,66,18 sky=15 wet=false ground=true pick=0 buck=0 iron=8 ore=2 rods=0 pearls=0 eyes=0 child=MineAndCollectTask dbg=<Mine And Collect: [[oak_log,birch_log,spruce_log,jungle_log,acacia_log,dark_oak_log]]>  mobs=none
[04:39:35] [main/INFO] (Minecraft) [CHAT] §2§l§o[TenorClef] §rT2 [HIST] 5:26.7 [E104] FurnaceScreen open 8s ph=IRON
[04:39:35] [main/INFO] (Minecraft) [CHAT] §2§l§o[TenorClef] §rT2 [NOW] t=5:26.8 ph=IRON @69,66,18 do=<Mine And Collect: [[oak_log,birch_log,spruce_log,jungle_log,acacia_log,dark_oak_log]]>  eq=stone_pickaxe woodpick=1 stonepick=1 pick=0 iron=8 buck=0
[04:39:36] [main/INFO] (Minecraft) [CHAT] §2§l§o[TenorClef] §rT2 [NOW] t=5:27.8 ph=IRON @69,66,18 do=<Mine And Collect: [[oak_log,birch_log,spruce_log,jungle_log,acacia_log,dark_oak_log]]>  eq=stone_pickaxe woodpick=1 stonepick=1 pick=0 iron=8 buck=0
[04:39:37] [main/INFO] (Minecraft) [CHAT] §2§l§o[TenorClef] §rT2 [HIST] 5:28.7 SNAP ph=IRON @69,66,18 sky=15 wet=false ground=true pick=0 buck=0 iron=8 ore=2 rods=0 pearls=0 eyes=0 child=MineAndCollectTask dbg=<Mine And Collect: [[oak_log,birch_log,spruce_log,jungle_log,acacia_log,dark_oak_log]]>  mobs=none
[04:39:37] [main/INFO] (Minecraft) [CHAT] §2§l§o[TenorClef] §rT2 [NOW] t=5:28.8 ph=IRON @69,66,18 do=<Mine And Collect: [[oak_log,birch_log,spruce_log,jungle_log,acacia_log,dark_oak_log]]>  eq=stone_pickaxe woodpick=1 stonepick=1 pick=0 iron=8 buck=0
[04:39:38] [main/INFO] (Minecraft) [CHAT] §2§l§o[TenorClef] §rT2 [NOW] t=5:29.8 ph=IRON @69,66,18 do=<Mine And Collect: [[oak_log,birch_log,spruce_log,jungle_log,acacia_log,dark_oak_log]]>  eq=stone_pickaxe woodpick=1 stonepick=1 pick=0 iron=8 buck=0
[04:39:39] [main/INFO] (Minecraft) [STDOUT]: ALTO CLEF: WARNING: T2 [E104] FurnaceScreen open 8s ph=IRON
[04:39:39] [main/INFO] (Minecraft) [CHAT] §2§l§o[TenorClef] §cT2 [E104] FurnaceScreen open 8s ph=IRON§r
[04:39:39] [main/INFO] (Minecraft) [CHAT] §2§l§o[TenorClef] §rT2 [NOW] t=5:30.8 ph=IRON @69,66,18 do=<Mine And Collect: [[oak_log,birch_log,spruce_log,jungle_log,acacia_log,dark_oak_log]]>  eq=stone_pickaxe woodpick=1 stonepick=1 pick=0 iron=8 buck=0
[04:39:39] [main/INFO] (Minecraft) [CHAT] §2§l§o[TenorClef] §rT2 [HIST] 5:31.2 SNAP ph=IRON @69,66,18 sky=15 wet=false ground=true pick=0 buck=0 iron=8 ore=2 rods=0 pearls=0 eyes=0 child=MineAndCollectTask dbg=<Mine And Collect: [[oak_log,birch_log,spruce_log,jungle_log,acacia_log,dark_oak_log]]>  mobs=none
[04:39:39] [main/INFO] (Minecraft) [STDOUT]: ALTO CLEF: WARNING: T2 [E70] iron stall 6s @69,18 — clear blacklist + re-pick ore
[04:39:39] [main/INFO] (Minecraft) [CHAT] §2§l§o[TenorClef] §cT2 [E70] iron stall 6s @69,18 — clear blacklist + re-pick ore§r
[04:39:39] [main/INFO] (Minecraft) [STDOUT]: ALTO CLEF: WARNING: T2 [S120] craft-gui jump @69,66,18 child=MineAndCollectTask
[04:39:39] [main/INFO] (Minecraft) [CHAT] §2§l§o[TenorClef] §cT2 [S120] craft-gui jump @69,66,18 child=MineAndCollectTask§r
[04:39:39] [main/INFO] (Minecraft) [CHAT] §2§l§o[TenorClef] §rT2 [HIST] 5:31.4 SOLVE S120 craft-gui jump @69,66,18 child=MineAndCollectTask
[04:39:40] [main/INFO] (Minecraft) [CHAT] §2§l§o[TenorClef] §rT2 [NOW] t=5:31.8 ph=IRON @69,66,18 do=<Mine And Collect: [[oak_log,birch_log,spruce_log,jungle_log,acacia_log,dark_oak_log]]>  eq=stone_pickaxe woodpick=1 stonepick=1 pick=0 iron=8 buck=0
[04:39:41] [main/INFO] (Minecraft) [CHAT] §2§l§o[TenorClef] §rT2 [NOW] t=5:32.8 ph=IRON @69,66,18 do=<Mine And Collect: [[oak_log,birch_log,spruce_log,jungle_log,acacia_log,dark_oak_log]]>  eq=stone_pickaxe woodpick=1 stonepick=1 pick=0 iron=8 buck=0
[04:39:42] [main/INFO] (Minecraft) [CHAT] §2§l§o[TenorClef] §rT2 [HIST] 5:33.7 SNAP ph=IRON @69,66,18 sky=15 wet=false ground=true pick=0 buck=0 iron=8 ore=2 rods=0 pearls=0 eyes=0 child=MineAndCollectTask dbg=<Mine And Collect: [[oak_log,birch_log,spruce_log,jungle_log,acacia_log,dark_oak_log]]>  mobs=none
[04:39:42] [main/INFO] (Minecraft) [CHAT] §2§l§o[TenorClef] §rT2 [NOW] t=5:33.8 ph=IRON @69,66,18 do=<Mine And Collect: [[oak_log,birch_log,spruce_log,jungle_log,acacia_log,dark_oak_log]]>  eq=stone_pickaxe woodpick=1 stonepick=1 pick=0 iron=8 buck=0
[04:39:43] [main/INFO] (Minecraft) [CHAT] §2§l§o[TenorClef] §rT2 [NOW] t=5:34.8 ph=IRON @69,66,18 do=<Mine And Collect: [[oak_log,birch_log,spruce_log,jungle_log,acacia_log,dark_oak_log]]>  eq=stone_pickaxe woodpick=1 stonepick=1 pick=0 iron=8 buck=0
[04:39:43] [main/INFO] (Minecraft) [CHAT] §2§l§o[TenorClef] §rT2 [HIST] 5:34.8 [E104] FurnaceScreen open 8s ph=IRON
[04:39:43] [main/INFO] (Minecraft) [CHAT] §2§l§o[TenorClef] §rT2 [HB] t=5:35.3 ph=IRON y=66 child=MineAndCollectTask logs=0 pick=0 woodpick=1
[04:39:44] [main/INFO] (Minecraft) [CHAT] §2§l§o[TenorClef] §rT2 [NOW] t=5:35.8 ph=IRON @69,66,18 do=<Mine And Collect: [[oak_log,birch_log,spruce_log,jungle_log,acacia_log,dark_oak_log]]>  eq=stone_pickaxe woodpick=1 stonepick=1 pick=0 iron=8 buck=0
[04:39:44] [main/INFO] (Minecraft) [CHAT] §2§l§o[TenorClef] §rT2 [HIST] 5:36.2 SNAP ph=IRON @69,66,18 sky=15 wet=false ground=true pick=0 buck=0 iron=8 ore=2 rods=0 pearls=0 eyes=0 child=MineAndCollectTask dbg=<Mine And Collect: [[oak_log,birch_log,spruce_log,jungle_log,acacia_log,dark_oak_log]]>  mobs=none
[04:39:45] [main/INFO] (Minecraft) [CHAT] §2§l§o[TenorClef] §rT2 [NOW] t=5:36.8 ph=IRON @69,66,18 do=<Mine And Collect: [[oak_log,birch_log,spruce_log,jungle_log,acacia_log,dark_oak_log]]>  eq=stone_pickaxe woodpick=1 stonepick=1 pick=0 iron=8 buck=0
[04:39:45] [main/INFO] (Minecraft) [STDOUT]: ALTO CLEF: WARNING: T2 [E70] iron stall 6s @69,18 — clear blacklist + re-pick ore
[04:39:45] [main/INFO] (Minecraft) [CHAT] §2§l§o[TenorClef] §cT2 [E70] iron stall 6s @69,18 — clear blacklist + re-pick ore§r
[04:39:45] [main/INFO] (Minecraft) [CHAT] §2§l§o[TenorClef] §r[]
[04:39:45] [main/INFO] (Minecraft) [CHAT] §2§l§o[TenorClef] §rFailed to pick up drop, suggesting it's unreachable.
[04:39:45] [main/INFO] (Minecraft) [CHAT] §2§l§o[TenorClef] §rBlacklist RESET: ItemEntity['Oak Log'/2321, l='ClientLevel', x=72.47, y=68.00, z=22.89]
[04:39:45] [main/INFO] (Minecraft) [CHAT] §2§l§o[TenorClef] §rBlacklist: ItemEntity['Oak Log'/2321, l='ClientLevel', x=72.47, y=68.00, z=22.89]: Try 1 / 3
[04:39:45] [main/INFO] (Minecraft) [STDOUT]: ALTO CLEF: WARNING: T2 [S120] craft-gui jump @69,66,18 child=MineAndCollectTask
[04:39:45] [main/INFO] (Minecraft) [CHAT] §2§l§o[TenorClef] §cT2 [S120] craft-gui jump @69,66,18 child=MineAndCollectTask§r
[04:39:45] [main/INFO] (Minecraft) [CHAT] §2§l§o[TenorClef] §rT2 [HIST] 5:37.4 SOLVE S120 craft-gui jump @69,66,18 child=MineAndCollectTask
[04:39:46] [main/INFO] (Minecraft) [CHAT] §2§l§o[TenorClef] §rT2 [NOW] t=5:37.8 ph=IRON @69,66,18 do=<Mine And Collect: [[oak_log,birch_log,spruce_log,jungle_log,acacia_log,dark_oak_log]]>  eq=stone_pickaxe woodpick=1 stonepick=1 pick=0 iron=8 buck=0
[04:39:47] [main/INFO] (Minecraft) [CHAT] §2§l§o[TenorClef] §rT2 [HIST] 5:38.7 SNAP ph=IRON @69,66,18 sky=15 wet=false ground=true pick=0 buck=0 iron=8 ore=2 rods=0 pearls=0 eyes=0 child=MineAndCollectTask dbg=<Mine And Collect: [[oak_log,birch_log,spruce_log,jungle_log,acacia_log,dark_oak_log]]>  mobs=none
[04:39:47] [main/INFO] (Minecraft) [CHAT] §2§l§o[TenorClef] §rT2 [NOW] t=5:38.8 ph=IRON @69,66,18 do=<Mine And Collect: [[oak_log,birch_log,spruce_log,jungle_log,acacia_log,dark_oak_log]]>  eq=stone_pickaxe woodpick=1 stonepick=1 pick=0 iron=8 buck=0
[04:39:47] [main/INFO] (Minecraft) [STDOUT]: ALTO CLEF: WARNING: T2 [E104] FurnaceScreen open 8s ph=IRON
[04:39:47] [main/INFO] (Minecraft) [CHAT] §2§l§o[TenorClef] §cT2 [E104] FurnaceScreen open 8s ph=IRON§r
[04:39:47] [main/INFO] (Minecraft) [CHAT] §2§l§o[TenorClef] §rT2 [HIST] 5:38.8 [E104] FurnaceScreen open 8s ph=IRON
[04:39:48] [main/INFO] (Minecraft) [CHAT] §2§l§o[TenorClef] §rT2 [NOW] t=5:39.8 ph=IRON @69,66,18 do=<Mine And Collect: [[oak_log,birch_log,spruce_log,jungle_log,acacia_log,dark_oak_log]]>  eq=stone_pickaxe woodpick=1 stonepick=1 pick=0 iron=8 buck=0
[04:39:49] [main/INFO] (Minecraft) [CHAT] §2§l§o[TenorClef] §rT2 [NOW] t=5:40.8 ph=IRON @69,66,18 do=<Mine And Collect: [[oak_log,birch_log,spruce_log,jungle_log,acacia_log,dark_oak_log]]>  eq=stone_pickaxe woodpick=1 stonepick=1 pick=0 iron=8 buck=0
[04:39:49] [main/INFO] (Minecraft) [CHAT] §2§l§o[TenorClef] §rT2 [HIST] 5:41.2 SNAP ph=IRON @69,66,18 sky=15 wet=false ground=true pick=0 buck=0 iron=8 ore=2 rods=0 pearls=0 eyes=0 child=MineAndCollectTask dbg=<Mine And Collect: [[oak_log,birch_log,spruce_log,jungle_log,acacia_log,dark_oak_log]]>  mobs=none
[04:39:50] [main/INFO] (Minecraft) [CHAT] §2§l§o[TenorClef] §rT2 [NOW] t=5:41.8 ph=IRON @69,66,18 do=<Mine And Collect: [[oak_log,birch_log,spruce_log,jungle_log,acacia_log,dark_oak_log]]>  eq=stone_pickaxe woodpick=1 stonepick=1 pick=0 iron=8 buck=0
[04:39:51] [main/INFO] (Minecraft) [CHAT] §2§l§o[TenorClef] §rT2 [NOW] t=5:42.8 ph=IRON @69,66,18 do=<Mine And Collect: [[oak_log,birch_log,spruce_log,jungle_log,acacia_log,dark_oak_log]]>  eq=stone_pickaxe woodpick=1 stonepick=1 pick=0 iron=8 buck=0
[04:39:51] [main/INFO] (Minecraft) [STDOUT]: ALTO CLEF: WARNING: T2 [E70] iron stall 6s @69,18 — clear blacklist + re-pick ore
[04:39:51] [main/INFO] (Minecraft) [CHAT] §2§l§o[TenorClef] §cT2 [E70] iron stall 6s @69,18 — clear blacklist + re-pick ore§r
[04:39:51] [main/INFO] (Minecraft) [STDOUT]: ALTO CLEF: WARNING: T2 [S120] craft-gui jump @69,66,18 child=MineAndCollectTask
[04:39:51] [main/INFO] (Minecraft) [CHAT] §2§l§o[TenorClef] §cT2 [S120] craft-gui jump @69,66,18 child=MineAndCollectTask§r
[04:39:51] [main/INFO] (Minecraft) [CHAT] §2§l§o[TenorClef] §rT2 [HIST] 5:43.4 SOLVE S120 craft-gui jump @69,66,18 child=MineAndCollectTask
[04:39:52] [main/INFO] (Minecraft) [CHAT] §2§l§o[TenorClef] §rT2 [HIST] 5:43.7 SNAP ph=IRON @69,66,18 sky=15 wet=false ground=true pick=0 buck=0 iron=8 ore=2 rods=0 pearls=0 eyes=0 child=MineAndCollectTask dbg=<Mine And Collect: [[oak_log,birch_log,spruce_log,jungle_log,acacia_log,dark_oak_log]]>  mobs=none
[04:39:52] [main/INFO] (Minecraft) [CHAT] §2§l§o[TenorClef] §rT2 [NOW] t=5:43.8 ph=IRON @69,66,18 do=<Mine And Collect: [[oak_log,birch_log,spruce_log,jungle_log,acacia_log,dark_oak_log]]>  eq=stone_pickaxe woodpick=1 stonepick=1 pick=0 iron=8 buck=0
[04:39:53] [main/INFO] (Minecraft) [CHAT] §2§l§o[TenorClef] §rT2 [NOW] t=5:44.8 ph=IRON @69,66,18 do=<Mine And Collect: [[oak_log,birch_log,spruce_log,jungle_log,acacia_log,dark_oak_log]]>  eq=stone_pickaxe woodpick=1 stonepick=1 pick=0 iron=8 buck=0
[04:39:53] [main/INFO] (Minecraft) [CHAT] §2§l§o[TenorClef] §rT2 [HB] t=5:45.3 ph=IRON y=66 child=MineAndCollectTask logs=0 pick=0 woodpick=1
[04:39:54] [main/INFO] (Minecraft) [CHAT] §2§l§o[TenorClef] §rT2 [NOW] t=5:45.8 ph=IRON @69,66,18 do=<Mine And Collect: [[oak_log,birch_log,spruce_log,jungle_log,acacia_log,dark_oak_log]]>  eq=stone_pickaxe woodpick=1 stonepick=1 pick=0 iron=8 buck=0
[04:39:54] [main/INFO] (Minecraft) [CHAT] §2§l§o[TenorClef] §rT2 [HIST] 5:46.2 SNAP ph=IRON @69,66,18 sky=15 wet=false ground=true pick=0 buck=0 iron=8 ore=2 rods=0 pearls=0 eyes=0 child=MineAndCollectTask dbg=<Mine And Collect: [[oak_log,birch_log,spruce_log,jungle_log,acacia_log,dark_oak_log]]>  mobs=none
[04:39:55] [main/INFO] (Minecraft) [CHAT] §2§l§o[TenorClef] §rT2 [NOW] t=5:46.8 ph=IRON @69,66,18 do=<Mine And Collect: [[oak_log,birch_log,spruce_log,jungle_log,acacia_log,dark_oak_log]]>  eq=stone_pickaxe woodpick=1 stonepick=1 pick=0 iron=8 buck=0
[04:39:55] [main/INFO] (Minecraft) [STDOUT]: ALTO CLEF: WARNING: T2 [E104] FurnaceScreen open 8s ph=IRON
[04:39:55] [main/INFO] (Minecraft) [CHAT] §2§l§o[TenorClef] §cT2 [E104] FurnaceScreen open 8s ph=IRON§r
[04:39:55] [main/INFO] (Minecraft) [CHAT] §2§l§o[TenorClef] §rT2 [HIST] 5:46.9 [E104] FurnaceScreen open 8s ph=IRON
[04:39:56] [main/INFO] (Minecraft) [CHAT] §2§l§o[TenorClef] §rT2 [NOW] t=5:47.8 ph=IRON @69,66,18 do=<Mine And Collect: [[oak_log,birch_log,spruce_log,jungle_log,acacia_log,dark_oak_log]]>  eq=stone_pickaxe woodpick=1 stonepick=1 pick=0 iron=8 buck=0
[04:39:57] [main/INFO] (Minecraft) [CHAT] §2§l§o[TenorClef] §rT2 [HIST] 5:48.7 SNAP ph=IRON @69,66,18 sky=15 wet=false ground=true pick=0 buck=0 iron=8 ore=2 rods=0 pearls=0 eyes=0 child=MineAndCollectTask dbg=<Mine And Collect: [[oak_log,birch_log,spruce_log,jungle_log,acacia_log,dark_oak_log]]>  mobs=none
[04:39:57] [main/INFO] (Minecraft) [CHAT] §2§l§o[TenorClef] §rT2 [NOW] t=5:48.8 ph=IRON @69,66,18 do=<Mine And Collect: [[oak_log,birch_log,spruce_log,jungle_log,acacia_log,dark_oak_log]]>  eq=stone_pickaxe woodpick=1 stonepick=1 pick=0 iron=8 buck=0
[04:39:57] [main/INFO] (Minecraft) [STDOUT]: ALTO CLEF: WARNING: T2 [E70] iron stall 6s @69,18 — clear blacklist + re-pick ore
[04:39:57] [main/INFO] (Minecraft) [CHAT] §2§l§o[TenorClef] §cT2 [E70] iron stall 6s @69,18 — clear blacklist + re-pick ore§r
[04:39:57] [main/INFO] (Minecraft) [STDOUT]: ALTO CLEF: WARNING: T2 [S120] craft-gui jump @69,66,18 child=MineAndCollectTask
[04:39:57] [main/INFO] (Minecraft) [CHAT] §2§l§o[TenorClef] §cT2 [S120] craft-gui jump @69,66,18 child=MineAndCollectTask§r
[04:39:57] [main/INFO] (Minecraft) [CHAT] §2§l§o[TenorClef] §rT2 [HIST] 5:49.4 SOLVE S120 craft-gui jump @69,66,18 child=MineAndCollectTask
[04:39:57] [main/INFO] (Minecraft) [CHAT] §2§l§o[TenorClef] §rFailed exploring.
[04:39:58] [main/INFO] (Minecraft) [CHAT] §2§l§o[TenorClef] §rT2 [NOW] t=5:49.8 ph=IRON @69,66,18 do=<Mine And Collect: [[oak_log,birch_log,spruce_log,jungle_log,acacia_log,dark_oak_log]]>  eq=stone_pickaxe woodpick=1 stonepick=1 pick=0 iron=8 buck=0
[04:39:59] [main/INFO] (Minecraft) [CHAT] §2§l§o[TenorClef] §rT2 [NOW] t=5:50.8 ph=IRON @69,66,18 do=<Mine And Collect: [[oak_log,birch_log,spruce_log,jungle_log,acacia_log,dark_oak_log]]>  eq=stone_pickaxe woodpick=1 stonepick=1 pick=0 iron=8 buck=0
[04:39:59] [main/INFO] (Minecraft) [CHAT] §2§l§o[TenorClef] §rT2 [HIST] 5:51.0 [E104] FurnaceScreen open 8s ph=IRON
[04:39:59] [main/INFO] (Minecraft) [CHAT] §2§l§o[TenorClef] §rT2 [HIST] 5:51.2 SNAP ph=IRON @69,66,18 sky=15 wet=false ground=true pick=0 buck=0 iron=8 ore=2 rods=0 pearls=0 eyes=0 child=MineAndCollectTask dbg=<Mine And Collect: [[oak_log,birch_log,spruce_log,jungle_log,acacia_log,dark_oak_log]]>  mobs=none
[04:40:00] [main/INFO] (Minecraft) [CHAT] §2§l§o[TenorClef] §rT2 [NOW] t=5:51.8 ph=IRON @69,66,18 do=<Mine And Collect: [[oak_log,birch_log,spruce_log,jungle_log,acacia_log,dark_oak_log]]>  eq=stone_pickaxe woodpick=1 stonepick=1 pick=0 iron=8 buck=0
[04:40:01] [main/INFO] (Minecraft) [CHAT] §2§l§o[TenorClef] §rT2 [NOW] t=5:52.8 ph=IRON @69,66,18 do=<Mine And Collect: [[oak_log,birch_log,spruce_log,jungle_log,acacia_log,dark_oak_log]]>  eq=stone_pickaxe woodpick=1 stonepick=1 pick=0 iron=8 buck=0
[04:40:02] [main/INFO] (Minecraft) [CHAT] §2§l§o[TenorClef] §rT2 [HIST] 5:53.7 SNAP ph=IRON @69,66,18 sky=15 wet=false ground=true pick=0 buck=0 iron=8 ore=2 rods=0 pearls=0 eyes=0 child=MineAndCollectTask dbg=<Mine And Collect: [[oak_log,birch_log,spruce_log,jungle_log,acacia_log,dark_oak_log]]>  mobs=none
[04:40:02] [main/INFO] (Minecraft) [CHAT] §2§l§o[TenorClef] §rT2 [NOW] t=5:53.8 ph=IRON @69,66,18 do=<Mine And Collect: [[oak_log,birch_log,spruce_log,jungle_log,acacia_log,dark_oak_log]]>  eq=stone_pickaxe woodpick=1 stonepick=1 pick=0 iron=8 buck=0
[04:40:03] [main/INFO] (Minecraft) [CHAT] §2§l§o[TenorClef] §rT2 [NOW] t=5:54.8 ph=IRON @69,66,18 do=<Mine And Collect: [[oak_log,birch_log,spruce_log,jungle_log,acacia_log,dark_oak_log]]>  eq=stone_pickaxe woodpick=1 stonepick=1 pick=0 iron=8 buck=0
[04:40:03] [main/INFO] (Minecraft) [STDOUT]: ALTO CLEF: WARNING: T2 [E104] FurnaceScreen open 8s ph=IRON
[04:40:03] [main/INFO] (Minecraft) [CHAT] §2§l§o[TenorClef] §cT2 [E104] FurnaceScreen open 8s ph=IRON§r
[04:40:03] [main/INFO] (Minecraft) [STDOUT]: ALTO CLEF: WARNING: T2 [E70] iron stall 6s @69,18 — clear blacklist + re-pick ore
[04:40:03] [main/INFO] (Minecraft) [CHAT] §2§l§o[TenorClef] §cT2 [E70] iron stall 6s @69,18 — clear blacklist + re-pick ore§r
[04:40:03] [main/INFO] (Minecraft) [CHAT] §2§l§o[TenorClef] §rT2 [HB] t=5:55.4 ph=IRON y=66 child=MineAndCollectTask logs=0 pick=0 woodpick=1
[04:40:03] [main/INFO] (Minecraft) [STDOUT]: ALTO CLEF: WARNING: T2 [S120] craft-gui jump @69,66,18 child=MineAndCollectTask
[04:40:03] [main/INFO] (Minecraft) [CHAT] §2§l§o[TenorClef] §cT2 [S120] craft-gui jump @69,66,18 child=MineAndCollectTask§r
[04:40:03] [main/INFO] (Minecraft) [CHAT] §2§l§o[TenorClef] §rT2 [HIST] 5:55.4 SOLVE S120 craft-gui jump @69,66,18 child=MineAndCollectTask
[04:40:04] [main/INFO] (Minecraft) [CHAT] §2§l§o[TenorClef] §rT2 [NOW] t=5:55.8 ph=IRON @69,66,18 do=<Mine And Collect: [[oak_log,birch_log,spruce_log,jungle_log,acacia_log,dark_oak_log]]>  eq=stone_pickaxe woodpick=1 stonepick=1 pick=0 iron=8 buck=0
[04:40:04] [main/INFO] (Minecraft) [CHAT] §2§l§o[TenorClef] §rT2 [HIST] 5:56.2 SNAP ph=IRON @69,66,18 sky=15 wet=false ground=true pick=0 buck=0 iron=8 ore=2 rods=0 pearls=0 eyes=0 child=MineAndCollectTask dbg=<Mine And Collect: [[oak_log,birch_log,spruce_log,jungle_log,acacia_log,dark_oak_log]]>  mobs=none
[04:40:05] [main/INFO] (Minecraft) [CHAT] §2§l§o[TenorClef] §rT2 [NOW] t=5:56.8 ph=IRON @69,66,18 do=<Mine And Collect: [[oak_log,birch_log,spruce_log,jungle_log,acacia_log,dark_oak_log]]>  eq=stone_pickaxe woodpick=1 stonepick=1 pick=0 iron=8 buck=0
[04:40:06] [main/INFO] (Minecraft) [CHAT] §2§l§o[TenorClef] §rT2 [NOW] t=5:57.8 ph=IRON @69,66,18 do=<Mine And Collect: [[oak_log,birch_log,spruce_log,jungle_log,acacia_log,dark_oak_log]]>  eq=stone_pickaxe woodpick=1 stonepick=1 pick=0 iron=8 buck=0
[04:40:07] [main/INFO] (Minecraft) [CHAT] §2§l§o[TenorClef] §rT2 [HIST] 5:58.7 SNAP ph=IRON @69,66,18 sky=15 wet=false ground=true pick=0 buck=0 iron=8 ore=2 rods=0 pearls=0 eyes=0 child=MineAndCollectTask dbg=<Mine And Collect: [[oak_log,birch_log,spruce_log,jungle_log,acacia_log,dark_oak_log]]>  mobs=none
[04:40:07] [main/INFO] (Minecraft) [CHAT] §2§l§o[TenorClef] §rT2 [NOW] t=5:58.8 ph=IRON @69,66,18 do=<Mine And Collect: [[oak_log,birch_log,spruce_log,jungle_log,acacia_log,dark_oak_log]]>  eq=stone_pickaxe woodpick=1 stonepick=1 pick=0 iron=8 buck=0
[04:40:07] [main/INFO] (Minecraft) [CHAT] §2§l§o[TenorClef] §rT2 [HIST] 5:59.1 [E104] FurnaceScreen open 8s ph=IRON
[04:40:08] [main/INFO] (Minecraft) [CHAT] §2§l§o[TenorClef] §rT2 [NOW] t=5:59.8 ph=IRON @69,66,18 do=<Mine And Collect: [[oak_log,birch_log,spruce_log,jungle_log,acacia_log,dark_oak_log]]>  eq=stone_pickaxe woodpick=1 stonepick=1 pick=0 iron=8 buck=0
[04:40:08] [main/INFO] (Minecraft) [CHAT] §2§l§o[TenorClef] §rT2 [HB] t=6:00.4 ph=IRON y=66 child=MineAndCollectTask logs=0 pick=0 woodpick=1
[04:40:09] [main/INFO] (Minecraft) [CHAT] §2§l§o[TenorClef] §rT2 [NOW] t=6:00.8 ph=IRON @69,66,18 do=<Mine And Collect: [[oak_log,birch_log,spruce_log,jungle_log,acacia_log,dark_oak_log]]>  eq=stone_pickaxe woodpick=1 stonepick=1 pick=0 iron=8 buck=0
[04:40:09] [main/INFO] (Minecraft) [CHAT] §2§l§o[TenorClef] §rT2 [HIST] 6:01.2 SNAP ph=IRON @69,66,18 sky=15 wet=false ground=true pick=0 buck=0 iron=8 ore=2 rods=0 pearls=0 eyes=0 child=MineAndCollectTask dbg=<Mine And Collect: [[oak_log,birch_log,spruce_log,jungle_log,acacia_log,dark_oak_log]]>  mobs=none
[04:40:09] [main/INFO] (Minecraft) [STDOUT]: ALTO CLEF: WARNING: T2 [E70] iron stall 6s @69,18 — clear blacklist + re-pick ore
[04:40:09] [main/INFO] (Minecraft) [CHAT] §2§l§o[TenorClef] §cT2 [E70] iron stall 6s @69,18 — clear blacklist + re-pick ore§r
[04:40:09] [main/INFO] (Minecraft) [STDOUT]: ALTO CLEF: WARNING: T2 [S120] craft-gui jump @69,66,18 child=MineAndCollectTask
[04:40:09] [main/INFO] (Minecraft) [CHAT] §2§l§o[TenorClef] §cT2 [S120] craft-gui jump @69,66,18 child=MineAndCollectTask§r
[04:40:09] [main/INFO] (Minecraft) [CHAT] §2§l§o[TenorClef] §rT2 [HIST] 6:01.4 SOLVE S120 craft-gui jump @69,66,18 child=MineAndCollectTask
[04:40:09] [main/INFO] (Minecraft) [CHAT] §2§l§o[TenorClef] §rFailed exploring.
[04:40:10] [main/INFO] (Minecraft) [CHAT] §2§l§o[TenorClef] §rT2 [NOW] t=6:01.8 ph=IRON @69,66,18 do=<Mine And Collect: [[oak_log,birch_log,spruce_log,jungle_log,acacia_log,dark_oak_log]]>  eq=stone_pickaxe woodpick=1 stonepick=1 pick=0 iron=8 buck=0
[04:40:11] [main/INFO] (Minecraft) [CHAT] §2§l§o[TenorClef] §rT2 [NOW] t=6:02.8 ph=IRON @69,66,18 do=<Mine And Collect: [[oak_log,birch_log,spruce_log,jungle_log,acacia_log,dark_oak_log]]>  eq=stone_pickaxe woodpick=1 stonepick=1 pick=0 iron=8 buck=0
[04:40:11] [main/INFO] (Minecraft) [STDOUT]: ALTO CLEF: WARNING: T2 [E104] FurnaceScreen open 8s ph=IRON
[04:40:11] [main/INFO] (Minecraft) [CHAT] §2§l§o[TenorClef] §cT2 [E104] FurnaceScreen open 8s ph=IRON§r
[04:40:11] [main/INFO] (Minecraft) [CHAT] §2§l§o[TenorClef] §rT2 [HIST] 6:03.1 [E104] FurnaceScreen open 8s ph=IRON
[04:40:12] [main/INFO] (Minecraft) [CHAT] §2§l§o[TenorClef] §rT2 [HIST] 6:03.7 SNAP ph=IRON @69,66,18 sky=15 wet=false ground=true pick=0 buck=0 iron=8 ore=2 rods=0 pearls=0 eyes=0 child=MineAndCollectTask dbg=<Mine And Collect: [[oak_log,birch_log,spruce_log,jungle_log,acacia_log,dark_oak_log]]>  mobs=none
[04:40:12] [main/INFO] (Minecraft) [CHAT] §2§l§o[TenorClef] §rT2 [NOW] t=6:03.8 ph=IRON @69,66,18 do=<Mine And Collect: [[oak_log,birch_log,spruce_log,jungle_log,acacia_log,dark_oak_log]]>  eq=stone_pickaxe woodpick=1 stonepick=1 pick=0 iron=8 buck=0
